PC1,PC2,PC3,PC4,PC5,PC6,PC7,PC8
0.7297759256076806,0.3360942880072064,0.035440668655163876,0.5048596963619925,0.11596222907815712,0.2983772061796083,0.5619231588486335,0.4588040030521128
0.5433942340291418,0.31408655584359696,0.22729536512948154,0.7760306400456376,0.46140175866811384,0.2630061766267888,0.7893453522485266,0.6473135255911475
0.748535917934943,0.347954355527443,0.032007890170966724,0.5024427677695649,0.12629124725292845,0.2819400751992802,0.5602956603446855,0.4602935441537558
0.7491565751146992,0.3481758201480508,0.03193068966663615,0.5021497525283558,0.12599563902717303,0.2825381921350244,0.561043161498985,0.4608451587864816
0.7484495284255895,0.34783502033363656,0.031984390937054685,0.5024175859117788,0.12627951511761423,0.28200320749411867,0.5602599523575522,0.4602431673795572
0.7689300139149675,0.362005752758775,0.029906565231903326,0.502045983363097,0.13902988224796076,0.263687082168361,0.5599857049389048,0.4630949938427487
0.7289824894092174,0.3356341529989857,0.035470870691670486,0.5051023478876294,0.11623437303328418,0.2979053538335411,0.5611042417200675,0.4581516348709898
0.7531657219924952,0.3540318475280697,0.033144251614400044,0.5035553530382642,0.12673004990575956,0.2790825189252303,0.5624548102784985,0.46308819018004854
0.7714791727230819,0.36514316113681955,0.03136391316225562,0.5040958929329548,0.14137381990254327,0.2617283525217728,0.5619269545241546,0.4650353471658516
0.7496749121708202,0.3488918313108895,0.03207168507010799,0.5023008436750723,0.1260660318390581,0.28215939836599374,0.5612574094217846,0.46114741943167314
0.5606865995248629,0.3522798336343472,0.24154488944359087,0.7907373272746324,0.4583464798227803,0.2519492045636006,0.8062712541010647,0.6671115489883273
0.7680381863988509,0.3605218313270158,0.02865400760416409,0.5000052408454632,0.13653112199139295,0.2654863412126321,0.5592204523535536,0.46231077644275476
0.7312724796892716,0.33841355579561083,0.036857720920286885,0.507076711884129,0.11854311428192418,0.29613602107146814,0.5629383673439176,0.4599408578714969
0.7502564110970584,0.35026502043234486,0.033362842950012406,0.5044880938133107,0.12871259620850362,0.2800610808538506,0.561648911429986,0.46165582951530426
0.5284207860635244,0.3073251589083899,0.23353204610741818,0.7826389481567011,0.45596236694574954,0.27543278973690377,0.7938221848716089,0.6487500623093957
0.5302847892573914,0.3103498843857019,0.23238819100577013,0.7803316244459091,0.4520300619428984,0.2747881207953924,0.7930629512875201,0.6490241745928447
0.7376726004063832,0.34732039910851586,0.037711696128966576,0.5073984804722743,0.11722458604588162,0.2920805797020844,0.564941667049144,0.46331398928461653
0.7597665541508957,0.36346793072228234,0.03506279057952322,0.5057164092817549,0.12781642484377148,0.273732876870283,0.5649376986720099,0.46684252479957333
0.7741718415629482,0.3689946300872742,0.03032245321191418,0.5017931527482746,0.13736410359869952,0.2610039482791028,0.5617557194400153,0.4658875274108551
0.7489678654817103,0.3485510314964753,0.03212538634052653,0.5025686770584953,0.12634990792949932,0.28162441372508806,0.5604742002803518,0.4605454280247488
0.6728391917346099,0.5903941096506815,0.04626791265475089,0.08143018722530271,0.3942719640899513,0.6127975192936925,0.5984641884004286,0.4430973984851458
0.7102887174940632,0.6133810277613108,0.03913716131073014,0.07610185993694979,0.41454053513122513,0.5810264326274881,0.595671028649766,0.44622508112756887
0.7099431594566492,0.612903686986085,0.03904316437508226,0.07600113250580545,0.4144936065899684,0.5812789618068419,0.5955281967012329,0.4460235740307745
0.6720616861504287,0.5893200929064234,0.04605641954954315,0.08120355050522801,0.3941663748721237,0.6133657099472385,0.5981428165162291,0.44264400751735844
0.7116709496437189,0.6152903908622142,0.039513149053321706,0.076504769661527,0.41472824929625196,0.5800163159100731,0.5962423564438981,0.44703110951474645
0.673184749772024,0.5908714504259074,0.04636190959039871,0.08153091465644699,0.394318892631208,0.6125449901143388,0.5986070203489616,0.4432989055819402
0.7293590384112038,0.6253518275918514,0.0356657825743677,0.07353842372391764,0.4247217491931187,0.5648883601150322,0.5944172807229676,0.44799042954557483
0.6912183965769227,0.6014102279307704,0.04260854004709258,0.07866529614998194,0.4043593210693315,0.5971645051399441,0.5969247765765642,0.44445973270956296
0.7302229335047385,0.626545179529916,0.03590077491348742,0.07379024230177841,0.4248390705462605,0.5642570371666478,0.5947743605943003,0.4484941972875608
0.46830223439428315,0.5573616563234807,0.2417198822506495,0.3551943325058779,0.7294646004523359,0.5934216946573321,0.8277638362142026,0.6304700173419276
0.6905625099496306,0.6008221548452406,0.04255314336360999,0.07871107633944213,0.4044601966409525,0.5971179758514259,0.5964081940508814,0.44398241829640567
0.7287031517839118,0.6247637545063216,0.035610385890885055,0.07358420391337786,0.42482262476473975,0.564841830826514,0.5939006981972847,0.44751311513241754
0.6906488994589841,0.6009414900390471,0.04257664259752192,0.07873625819722824,0.4044719287762667,0.5970548435565874,0.5964439020380146,0.4440327950706043
0.7290487098213256,0.6252410952815475,0.03570438282653299,0.07368493134452214,0.42486955330599646,0.5645893016471601,0.5940435301458179,0.44771462222921193
0.46695523169216324,0.5558189016874993,0.2414764916958711,0.3550386578330495,0.7294716189414434,0.5938802237275213,0.8269615897914537,0.6295896887351816
0.690821678477691,0.60118016042666,0.042623641065345885,0.07878662191280036,0.404495393046895,0.5969285789669105,0.5965153180122812,0.4441335486190015
0.7307765000083952,0.6276277991576766,0.036174367504772376,0.07418856850024369,0.42510419601228,0.5633266557503913,0.5947576898884832,0.4487221577131839
0.7287895412932651,0.6248830897001281,0.03563388512479704,0.07360938577116394,0.4248343569000539,0.5647786985316754,0.5939364061844181,0.44756349190661615
0.44762574224696233,0.5434900962755393,0.24487737273049764,0.3575265484727234,0.7192552084736072,0.6102076931244926,0.8281082137568521,0.6276732099945799
0.6909080679870445,0.6012994956204665,0.04264714029925787,0.07881180377058647,0.4045071251822092,0.5968654466720721,0.5965510259994145,0.44418392539320006
0.790811024679746,0.37325756306403485,0.02198745825653442,0.49687565287491864,0.12445826763076598,0.2879477281752989,0.6359412184227793,0.5014831812919047
0.8485997917574187,0.30780280454673764,0.24190593571292554,0.5885435987028937,0.041107632366834235,0.6573451230349905,0.5306906981467657,0.3781263247167674
0.7907246351703923,0.3731382278702284,0.021963959022622437,0.49685047101713253,0.12444653549545182,0.28801086047013735,0.6359055104356459,0.5014328045177061
0.7527567723548183,0.34943529859676026,0.02895371496317134,0.502027707158769,0.10410757164229295,0.3201607409053724,0.6384844222635091,0.4980028612300914
0.7531023303922322,0.3499126393719861,0.029047711898819217,0.5021284345899133,0.10415450018354969,0.31990821172601863,0.6386272542120421,0.4982043683268858
0.790811024679746,0.37325756306403485,0.02198745825653442,0.49687565287491864,0.12445826763076598,0.2879477281752989,0.6359412184227793,0.5014831812919047
0.5287175465505835,0.30383536946998657,0.2277595671258726,0.7782293793634459,0.42906033326621307,0.31723865025566,0.868859278068415,0.6833582477978744
0.07661387839148798,0.10866160771792718,0.2927883518963214,0.26504211166453134,0.2547622133384138,0.5360265049673055,0.6712595097549006,0.4702264032775183
0.7748050049224726,0.5182790306600845,0.22121233974732557,0.1314945547178655,0.3629317754983135,0.9119547274964694,0.5306907663156412,0.29382261890528244
0.8213531968485355,0.581450851812868,0.24705420527172628,0.16220379272185845,0.3496431989470739,0.9225432297283365,0.5313471670948937,0.3476324338768552
0.6875952616049756,0.5993692842110656,0.04110993097880139,0.08089859536928509,0.3922299291945646,0.617676696944344,0.641768539797616,0.4640633650223116
0.6686113301971887,0.5875178195743316,0.044604808949075814,0.08348721344010332,0.3820604472679852,0.6337516371619616,0.6430579957115476,0.46234839337850425
0.6697343938187839,0.5890691770938156,0.044910298989931485,0.08381457759132233,0.3822129650270695,0.6329309173290618,0.64352219954428,0.46300329144308605
0.6877680406236826,0.5996079545986785,0.0411569294466253,0.08094895908485725,0.392253393465193,0.6175504323546672,0.6418399557718826,0.46416411857070883
0.7066655825221162,0.6113400840416061,0.03763855224243895,0.07833515915625294,0.4024111432564582,0.6015386244318881,0.6405147918708178,0.46582871344031757
0.725513499095489,0.6230302170413972,0.03410957627726097,0.07572067626123405,0.4125665454969394,0.5855096940527422,0.6391836807114817,0.4674687757471115
0.668561704872128,0.587475823131195,0.04459421018808424,0.0834865304736887,0.38205809971720106,0.6337345147055948,0.6430520484532762,0.4623238608156895
0.9213454057846118,0.15106353896447114,0.6198691976058793,0.13026014434068775,0.24418759324539413,0.48926306616210824,0.47495904948527795,0.36647438719265724
0.9197903478534015,0.1528287355388794,0.6167679184835364,0.13128312043596593,0.24474288642203756,0.48578904856752425,0.47725739179006044,0.36986033898183246
0.9196936833802019,0.1528558044019871,0.6167226413312974,0.1312360101038738,0.2448716256941315,0.48549477687989373,0.47717052594991183,0.3698868871700778
0.05550391503771407,0.09831734176757836,0.30211397470393325,0.26709401393249865,0.3293815214836053,0.40584458825890946,0.4072892734659162,0.3401555334026589
0.05550311462924534,0.09831666440559231,0.30211380375617536,0.2670940029169113,0.32938148361988295,0.4058443120902584,0.4072891775423957,0.3401551377161619
0.055502314220776616,0.09831598704360622,0.3021136328084174,0.267093991901324,0.32938144575616063,0.40584403592160734,0.4072890816188752,0.3401547420296649
0.05550191401654225,0.09831564836261317,0.30211354733453843,0.2670939863935303,0.32938142682429944,0.40584389783728175,0.40728903365711494,0.3401545441864164
0.05550111360807353,0.09831497100062711,0.30211337638678054,0.267093975377943,0.3293813889605771,0.4058436216686307,0.4072889377335944,0.3401541484999194
0.055500313199604856,0.09831429363864103,0.3021132054390226,0.26709396436235566,0.3293813510968548,0.40584334549997964,0.40728884181007396,0.34015375281342236
0.055499112586901767,0.09831327759566194,0.3021129490173857,0.26709394783897467,0.32938129430127133,0.405842931247003,0.40728869792479316,0.34015315928367684
0.05549791197419868,0.0983122615526828,0.3021126925957488,0.26709393131559367,0.3293812375056878,0.4058425169940264,0.4072885540395124,0.3401525657539313
0.05549711156572995,0.09831158419069674,0.30211252164799085,0.26709392030000634,0.3293811996419655,0.40584224082537534,0.4072884581159919,0.3401521700674343
0.055496311157261224,0.09831090682871066,0.30211235070023296,0.26709390928441895,0.32938116177824317,0.40584196465672423,0.4072883621924714,0.3401517743809373
0.0554955107487925,0.0983102294667246,0.302112179752475,0.2670938982688317,0.32938112391452085,0.40584168848807317,0.40728826626895087,0.3401513786944403
0.055495110544558135,0.09830989078573155,0.30211209427859603,0.267093892761038,0.3293811049826597,0.40584155040374764,0.40728821830719064,0.3401511808511918
0.05549110850221456,0.09830650397580118,0.3021112395398064,0.2670938376831013,0.3293809156640481,0.40584016956049224,0.4072877386895881,0.3401492024187067
0.05547830196671505,0.098295666184024,0.3021085043756796,0.267093661433704,0.32938030984449085,0.405835750862075,0.40728620391326,0.3401428714347545
0.05547790176248063,0.09829532750303094,0.3021084189018006,0.26709365592591033,0.3293802909126297,0.4058356127777495,0.40728615595149975,0.340142673591506
0.05547710135401196,0.09829465014104485,0.3021082479540427,0.267093644910323,0.3293802530489074,0.4058353366090984,0.40728606002797924,0.340142277905009
0.05547630094554329,0.0982939727790588,0.3021080770062847,0.26709363389473567,0.32938021518518507,0.4058350604404473,0.4072859641044587,0.340141882218512
0.05547550053707451,0.09829329541707271,0.3021079060585268,0.26709362287914834,0.32938017732146274,0.40583478427179626,0.4072858681809382,0.340141486532015
0.05547470012860578,0.09829261805508666,0.3021077351107689,0.267093611863561,0.3293801394577404,0.40583450810314514,0.40728577225741774,0.34014109084551797
0.05547389972013711,0.09829194069310057,0.30210756416301093,0.2670936008479737,0.3293801015940181,0.4058342319344941,0.40728567633389723,0.34014069515902096
0.1130661801901432,0.9961755599563082,0.43666224879013316,0.18905332238653866,0.3736974862056013,0.48576137479392884,0.7006245047866895,0.19158456252303555
0.1130365650768006,0.9961504975628236,0.4366559237230898,0.18905291480980735,0.37369608524787523,0.485751156553839,0.7006209556164307,0.1915699221226461
0.06648677272395659,0.932977321394528,0.41081371709546866,0.1583436548274969,0.38698458619081244,0.4751621025636568,0.6999643632980812,0.13775931562246146
0.0664855721112535,0.9329763053515487,0.4108134606738318,0.1583436383041159,0.386984529395229,0.4751616883106802,0.6999642194128004,0.13775872209271595
0.06648517190701914,0.9329759666705557,0.4108133751999528,0.15834363279632224,0.38698451046336785,0.47516155022635465,0.6999641714510402,0.13775852424946744
0.06864541668126756,0.10567837000075234,0.29800358097987273,0.26610365966897875,0.2921942240297015,0.47182798560906225,0.5395843684669264,0.406469629255185
0.11302896119634775,0.9961440626239558,0.4366542997193895,0.1890528101617277,0.3736957255425131,0.48574853295165377,0.7006200443429857,0.1915661631009245
0.11302816078787903,0.9961433852619699,0.43665412877163157,0.18905279914614037,0.3736956876787908,0.48574825678300265,0.7006199484194653,0.19156576741442743
0.06647916884350374,0.9329708864556603,0.41081209309176836,0.15834355017941723,0.3869842264854504,0.4751594789614716,0.6999634520246364,0.13775555660073985
0.06864021402622084,0.10567396714784286,0.2980024698194462,0.2661035880676611,0.29219397791550644,0.47182619051283026,0.539583744964043,0.4064670572929544
0.11302655997094158,0.9961420305379978,0.4366537868761157,0.1890527771149657,0.3736956119513462,0.4857477044457005,0.7006197565724243,0.19156497604143344
0.11302135731589497,0.9961376276850881,0.43665267571568916,0.18905270551364806,0.3736953658371511,0.48574590934946854,0.700619133069541,0.19156240407920286
0.11302055690742618,0.9961369503231021,0.43665250476793127,0.18905269449806072,0.37369532797342875,0.4857456331808174,0.7006190371460205,0.19156200839270582
0.06647076455458217,0.9329637741548066,0.4108102981403101,0.15834343451575025,0.38698382891636596,0.47515657919063525,0.699962444827671,0.13775140189252122
0.06647036435034787,0.9329634354738136,0.41081021266643114,0.15834342900795662,0.3869838099845048,0.4751564411063097,0.6999623968659108,0.1377512040492727
0.06863140953306496,0.10566651616599607,0.298000589394109,0.26610346689620046,0.2921935614145609,0.47182315265766844,0.5395826898053175,0.40646270474148727
0.11301455384391079,0.9961318701082067,0.43665122265974676,0.1890526118811557,0.37369504399551134,0.4857435619159344,0.7006183177196167,0.19155904074397823
0.06646556189953551,0.9329593713018969,0.41080918697988356,0.1583433629144326,0.3869835828021709,0.47515478409440326,0.6999618213247878,0.1377488299302906
0.11301215261850461,0.9961298380222483,0.436650709816473,0.18905257883439375,0.3736949304043443,0.4857427334099811,0.7006180299490552,0.1915578536844872
0.0664623602656606,0.9329566618539528,0.41080850318885187,0.15834331885208328,0.3869834313472816,0.47515367941979897,0.6999614376307057,0.1377472471843026
0.5047503154890304,0.5792831605733544,0.23443973728749828,0.3498110579758409,0.749787118523974,0.5618566078819631,0.824311261989324,0.6329188784743991
0.46755995825763763,0.5566542480441445,0.24164098633325493,0.35521493083755207,0.7295537438886427,0.5934382976636522,0.8272115457013864,0.6299423261545718
0.5052686525451513,0.5799991717361932,0.2345807326909701,0.34996214912255735,0.749857511335859,0.5614778141129324,0.8245255099121237,0.6332211391195907
0.7302581629522743,0.6269117879948378,0.03603337210130053,0.07403747735352723,0.42503380320039497,0.5637054495194219,0.5945434419656836,0.4484198970679923
0.6912536260244585,0.6017768363956922,0.0427411372349058,0.07891253120173075,0.4045540537234659,0.5966129174927184,0.5966938579479475,0.44438543248999446
0.7291350993306791,0.625360430475354,0.035727882060444915,0.07371011320230822,0.42488128544131065,0.5645261693523217,0.5940792381329512,0.44776499900341055
0.44883519537791106,0.5451607889888298,0.24520636200526527,0.3578790944817285,0.7194194583680058,0.6093238409967544,0.8286081255767179,0.6283784848333602
0.5090624939317504,0.5851738812924501,0.23649966708390324,0.352611839753169,0.7525604315389745,0.5580836446913803,0.8267357526886225,0.6357924670619054
0.7100647784135385,0.6133896306448134,0.03919926079680741,0.0762735494153404,0.414700071379417,0.5806642418647776,0.5953329860597494,0.4459996505854046
0.7303445524616279,0.6270311231886443,0.03605687133521257,0.0740626592113133,0.4250455353357091,0.5636423172245835,0.5945791499528168,0.44847027384219085
0.7104103364509526,0.6138669714200392,0.03929325773245523,0.07637427684648468,0.4147469999206737,0.5804117126854239,0.5954758180082824,0.446201157682199
0.7966437001322924,0.18020442972633285,0.3976742736492821,0.043470789599890425,0.25101512033477497,0.22771240522041478,0.682339285036867,0.5402786753092106
0.672183305107318,0.5898060365651517,0.04621251597126824,0.0814759674147629,0.3943728396615723,0.6127509900051743,0.5979476058747457,0.44262008407198855
0.7306037209896883,0.6273891287700637,0.036127369036948465,0.07413820478467154,0.4250807317416516,0.5634529203400682,0.5946862739142167,0.4486214041647867
0.6731335897102062,0.5911187236970228,0.04647100754429989,0.08175296785040975,0.39450189315002826,0.6120565347619514,0.5983403937332117,0.4431742285881731
0.6914264050431654,0.6020155067833053,0.04278813570272971,0.0789628949173029,0.4045775179940943,0.5964866529030415,0.596765273922214,0.4444861860383917
0.5051822630357978,0.5798798365423867,0.23455723345705812,0.3499369672647713,0.7498457792005448,0.5615409464077709,0.8244898019249904,0.633170762345392
0.48860994086495413,0.5712937183610062,0.23959505807767412,0.3547723662416239,0.742191503312054,0.5752318339212512,0.8274181728212886,0.6332210902567219
0.4857663840812433,0.5674316959366204,0.2379346152577727,0.3523996760466591,0.7396176365973945,0.5779315480995806,0.8256007179032556,0.6312039068305917
0.6913400155338121,0.6018961715894987,0.04276463646881773,0.07893771305951683,0.4045657858587801,0.5965497851978798,0.5967295659350808,0.44443580926419307
0.06597485382538548,0.10341835173421496,0.2974332137855449,0.26606690616184514,0.29206789172016545,0.4709065489047444,0.5392643196407552,0.40514942125790226
0.06597325300844809,0.10341699701024282,0.297432871890029,0.2660668841306704,0.2920678159927208,0.47090599656744225,0.5392641277937141,0.4051486298849083
0.0659724525999793,0.10341631964825673,0.2974327009422711,0.2660668731150831,0.2920677781289985,0.4709057203987912,0.5392640318701937,0.40514823419841123
0.0659708517830419,0.10341496492428459,0.29743235904675525,0.26606685108390843,0.29206770240155383,0.470905168061489,0.5392638400231526,0.40514744282541726
0.06457353481610362,0.10151896872457555,0.29665688062309364,0.26514546777611175,0.29246633266653654,0.4705872744877617,0.5392440658779154,0.40353256497426393
0.06596845055763578,0.10341293283832637,0.29743184620348145,0.26606681803714644,0.29206758881038686,0.4709043395555358,0.5392635522525911,0.4051462557659262
0.06596684974069833,0.1034115781143542,0.2974315043079656,0.2660667960059718,0.2920675130829422,0.4709037872182336,0.5392633604055501,0.40514546439293214
0.06596524892376082,0.10341022339038206,0.2974311624124497,0.2660667739747971,0.29206743735549756,0.4709032348809315,0.5392631685585091,0.4051446730199381
0.06596364810682342,0.10340886866640991,0.29743082051693387,0.26606675194362245,0.2920673616280529,0.4709026825436293,0.5392629767114681,0.4051438816469441
0.06502981192454127,0.10214289630047857,0.2969133334653073,0.2654524327797768,0.2923330112785989,0.4706899840818122,0.5392495274093114,0.40406611184669383
0.06595924586024543,0.10340514317548649,0.29742988030426526,0.2660666913578921,0.29206715337758016,0.4709011636160484,0.5392624491321053,0.4051417053712105
0.06595764504330803,0.10340378845151435,0.2974295384087494,0.26606666932671746,0.29206707765013545,0.4709006112787463,0.5392622572850643,0.4051409139982165
0.06595604422637058,0.10340243372754221,0.2974291965132336,0.2660666472955428,0.2920670019226908,0.4709000589414441,0.5392620654380232,0.4051401226252225
0.06595404320519882,0.10340074032257701,0.29742876914383876,0.2660666197565745,0.292066907263385,0.4708993685198164,0.539261825629222,0.40513913340897995
0.06595244238826137,0.10339938559860487,0.29742842724832286,0.2660665977253998,0.2920668315359404,0.4708988161825143,0.539261633782181,0.4051383420359859
0.06594964095862083,0.10339701483165359,0.29742782893117015,0.26606655917084415,0.2920666990129122,0.47089784959223546,0.5392612980498592,0.4051369571332464
0.06594643932474598,0.1033943053837093,0.2974271451401384,0.2660665151084948,0.2920665475580229,0.47089674491763117,0.5392609143557772,0.40513537438725833
0.06594483850780852,0.10339295065973717,0.29742680324462256,0.26606649307732017,0.29206647183057827,0.470896192580329,0.5392607225087361,0.4051345830142643
0.06594323769087113,0.10339159593576502,0.2974264613491067,0.2660664710461455,0.2920663961031336,0.4708956402430269,0.5392605306616952,0.4051337916412703
0.06594123666969925,0.10338990253079983,0.2974260339797119,0.2660664435071772,0.29206630144382784,0.4708949498213992,0.539260290852894,0.40513280242502775
0.0577536221607205,0.09946915519479996,0.30121103766962104,0.26689073270698654,0.32192615245216494,0.4189106399569807,0.43370292064091853,0.35323119286007715
0.057752821752251826,0.0994684778328139,0.30121086672186315,0.2668907216913992,0.32192611458844267,0.41891036378832963,0.433702824717398,0.35323079717358014
0.06161955515832507,0.8740807707732874,0.6651036606880949,0.333572004403877,0.0814816229500114,0.16557426151897753,0.74723378405925,0.29893869133704615
0.07048803413703741,0.10498158130778074,0.29424686012083545,0.2654262904420966,0.2695960123175308,0.5093332268721749,0.618237298811226,0.4432710494007521
0.06803678320158446,0.10290716022542773,0.29372333261218,0.26539255520589194,0.26948005466791164,0.5084874603782521,0.6179435330296738,0.4420592595036509
0.07264833659411085,0.10680978130819568,0.29470824811948404,0.265456021512306,0.26969820650408494,0.5100786060614313,0.6184961963930741,0.44433900725618924
0.11700746865089517,0.997254814390824,0.433353752952384,0.1884048360296413,0.3511985531733656,0.523990730260165,0.7795289466017581,0.22942347266376983
0.07290526771256978,0.10702721450572558,0.294763122349779,0.2654595575158396,0.2697103607589511,0.510167256198427,0.6185269878431567,0.44446602262173035
0.06956362003849165,0.9333250248840832,0.4073205976791569,0.1576832716362809,0.3644447603384663,0.51309319588673,0.7787652077110023,0.17517088434642208
0.1722302007063286,0.8448326997163131,0.873049102368646,0.41511654144653887,0.033683662565730466,0.4746387806577815,0.6348181815429801,0.1817900592524917
0.17222980097895085,0.8448323586380285,0.8730490171823053,0.4151165342764278,0.03368363962673737,0.47463862537082446,0.6348181307101999,0.18178986430523747
0.1722293999944039,0.8448320205401152,0.8730489301238353,0.41511652866291976,0.03368362045659168,0.47463848612852483,0.6348180821325514,0.18178966677322456
0.07127747796975825,0.10640171134168386,0.29579888579200153,0.26567139785270877,0.2771951499026376,0.4973157875422424,0.5921878732435883,0.43169781157249093
0.1241823991378575,0.7810610650358321,0.8482524096175375,0.38459376710793947,0.054457542124727754,0.4513607939935347,0.6078079131480333,0.11528543625358229
0.059651191612073495,0.873167050084171,0.6660666858593189,0.3337791576083364,0.08895030107984878,0.1526052831017598,0.7208538540017059,0.2860021156833279
0.059509119108875796,0.8730468183316427,0.6660363426322866,0.3337772023415849,0.08894358026913618,0.1525562631661937,0.7208368275768159,0.28593188133010816
0.17133364761069403,0.8452012343625696,0.8742789383295406,0.41555188343133764,0.041275409469871294,0.4612343539673125,0.6087926313516648,0.1694669543245661
0.22628353706221918,0.9675482687013057,0.6423777022451231,0.2701379799162109,0.3108934311924834,0.8204215084335924,0.6407785500749549,0.099662557201258
0.17056339344120103,0.8442180785725599,0.8740842293362558,0.415352013429911,0.04117462343404349,0.4616825522895925,0.6085007183528857,0.16900893033112682
0.012034400165158443,0.8091371304877485,0.640001642746435,0.3030792060224664,0.10219597253423043,0.14155513779053747,0.7200947438774392,0.23167170171514662
0.8872116342392413,0.14083747899481383,0.6148166857146942,0.13029701041754746,0.2640923778320664,0.4330641921589219,0.3518925496275227,0.31355253243544423
0.7746756609745855,0.17012619209923183,0.40617652142250577,0.047848851896878625,0.31376774172603594,0.11917649584260276,0.46310620656989815,0.43102528742217466
0.753392609417883,0.35358356441568833,0.03558408552984432,0.5018305584691927,0.18935198203036308,0.17447285576306543,0.3728826017039557,0.3707675195026891
0.734408678010096,0.34173209977895425,0.0390789635001188,0.5044191765400108,0.17918250010378364,0.19054779598068297,0.3741720576178873,0.36905254785888175
0.8872064996910072,0.1407393640979294,0.6149922851572056,0.1300989823104693,0.26420218200130335,0.4328769600604107,0.35183010515855107,0.3135552672076787
0.8870712719972531,0.14086650511970863,0.6147686830901903,0.13020860652651287,0.2642888732509855,0.43261994127115394,0.351763517276625,0.31359356160090684
0.8872018524332439,0.14083910504696362,0.6148133988615102,0.1302910779300154,0.26410554293177235,0.43303427521180915,0.35188385276493517,0.31355509493000144
0.8872018477513683,0.14083910854544213,0.6148133893539646,0.130291077295729,0.26410554150206494,0.4330342682639644,0.35188384906960546,0.3135550967974152
0.7746752607703513,0.1701258534182388,0.4061764359486268,0.04784884638908493,0.3137677227941748,0.11917635775827723,0.4631061586081379,0.43102508957892616
0.7533922092136487,0.3535832257346953,0.035584000055965403,0.501830552961399,0.1893519630985019,0.1744727176787399,0.3728825537421955,0.37076732165944054
0.7723761406214358,0.36543469037142934,0.03208912208569098,0.4992419348905808,0.19952144502508135,0.15839777746112238,0.37159309782826394,0.3724822933032479
0.8279551851144963,0.30049346845992475,0.2513895197312141,0.5892579195166261,0.1194474395206104,0.5203230623317829,0.2641853641587114,0.24986735815732988
0.8278199589813674,0.3006206083155445,0.25116592083338074,0.5893675439440986,0.11953413124686171,0.5200660458584744,0.26411877750856194,0.2499056519280868
0.8279714456939665,0.3005827020956289,0.25122876464872296,0.5894529307537921,0.1193281287377349,0.520538276443099,0.2642486221489374,0.2498548179452926
0.7154239461938403,0.32987995778023416,0.04257367052263533,0.5070077835952418,0.16901298031348186,0.2066224600296494,0.3754614176082983,0.3673371805285774
0.7344078776016273,0.3417314224169682,0.03907879255236091,0.5044191655244236,0.17918246224006132,0.19054751981203188,0.3741719616943668,0.36905215217238474
0.5287046185392156,0.3836232116051083,0.18731142724805386,0.6409685763000204,0.2970757438504726,0.194311267032079,0.4837020225239976,0.49066022283083444
0.8870704766608163,0.14086582396770417,0.6147685224422734,0.1302085961980691,0.2642888369361129,0.4326196726293346,0.3517634253563784,0.31359316389137826
0.8870704715887845,0.14086582775772255,0.6147685121424324,0.13020859551092553,0.26428883538726317,0.4326196651025029,0.35176342135310457,0.31359316591440983
0.7746744603618825,0.1701251760562527,0.40617626500086884,0.047848835373497545,0.3137676849304525,0.11917608158962611,0.4631060626846174,0.43102469389242914
0.9217493346637464,0.14832891470801784,0.6232547460008901,0.13135988096205303,0.24579926089253606,0.4914952552267722,0.4729588469876378,0.3621736881942384
0.9040577126268742,0.13526820863652336,0.6292991720620463,0.13480250232204727,0.23647997875675864,0.509981536424862,0.47318328495220463,0.3579076563526525
0.921747733846809,0.1483275599840457,0.6232544041053742,0.13135985893087834,0.24579918516509142,0.49149470288947006,0.4729586551405968,0.36217289682124437
0.7833520839753882,0.1737085564930895,0.40111249563084206,0.046797047179426426,0.2763692214971444,0.1836192863727234,0.5948661922117607,0.49513204615111567
0.783351683771154,0.17370821781209647,0.4011124101569631,0.04679704167163279,0.2763692025652832,0.18361914828839787,0.5948661442500005,0.49513184830786716
0.783350483158451,0.17370720176911736,0.40111215373532616,0.046797025148251764,0.27636914576969973,0.18361873403542128,0.5948660003647197,0.4951312547781217
0.8023340143620036,0.18555832772485836,0.3976171902911728,0.044208401569639844,0.286538608764418,0.16754365573347818,0.593576496489028,0.4968460285786805
0.8403006765648746,0.20926024095534737,0.39062717792898705,0.03903114890462245,0.3068775158219934,0.1353933610452665,0.5909974407758841,0.5002753783365497
0.7833484821372791,0.1737055083641522,0.4011117263659314,0.046796997609283436,0.2763690511103939,0.18361804361379358,0.5948657605559184,0.49513026556187917
0.7833460809118731,0.17370347627819394,0.4011112135226576,0.04679696456252144,0.2763689375192269,0.18361721510784035,0.594865472785357,0.4951290785023881
0.8023296121154255,0.18555460223393497,0.3976162500785042,0.04420834098390952,0.28653840051394525,0.16754213680589725,0.5935759689096651,0.4968438523029469
0.8402962743182967,0.20925651546442398,0.39062623771631844,0.039031088318892126,0.30687730757152065,0.13539184211768557,0.5909969131965213,0.500273202060816
0.913926496822703,0.12525296937457037,0.6505559135027889,0.14151868185154784,0.24532814265406766,0.5269958360193356,0.46301206030691644,0.33641834004072907
0.23351196871253713,0.13069245382632025,0.5492487175194546,0.383949280150089,0.2381144072559918,0.8059895976189355,0.41949165625199003,0.32506481565377765
0.8402930726844218,0.20925380601647967,0.39062555392528675,0.0390310442565428,0.3068771561166313,0.13539073744308122,0.5909965295024393,0.500271619314828
0.8402926724801874,0.2092534673354866,0.3906254684514077,0.03903103874874908,0.30687713718477017,0.1353905993587557,0.590996481540679,0.5002714214715795
0.9027497952908194,0.13646424151255532,0.626746290489885,0.13394828422891827,0.23562904062337126,0.5075648101556938,0.47424643239291947,0.3604510006637393
0.23488291537565528,0.1294188653635923,0.5519240409074818,0.3848536484647215,0.23897153391893222,0.8085809752682269,0.41839918523717273,0.32238984947811045
0.23172071906578756,0.1324432212169133,0.5455248551785088,0.3827486189248128,0.2366714366155219,0.8028200113975146,0.42119335084016246,0.32881026745781716
0.2348797137417804,0.129416155915648,0.5519233571164501,0.38485360440237215,0.23897138246404293,0.8085798705936227,0.41839880154309067,0.3223882667321224
0.06017470046104567,0.10189244510102663,0.30241928436729315,0.2670397149987283,0.3258217856119941,0.4136020495627967,0.4209214206100292,0.3484439625520238
0.0601662961721241,0.10188533280017284,0.3024174894158349,0.26703959933506133,0.32582138804290967,0.41359914979196044,0.42092041341306385,0.3484398078438051
0.06015937035473823,0.10188109220176356,0.302416556746999,0.2670409630754646,0.325820853847059,0.41359579402784497,0.4209192157023732,0.34843873626969085
0.0601585699462695,0.10188041483977747,0.30241638579924107,0.26704095205987727,0.3258208159833367,0.4135955178591939,0.42091911977885266,0.34843834058319384
0.06015469024932768,0.10187551105137474,0.3024150106733449,0.267039439609045,0.325820839018936,0.4135951453465198,0.4209190225220165,0.34843407038959845
0.06015348963662459,0.10187449500839565,0.30241475425170805,0.26703942308566403,0.3258207822233525,0.4135947310935432,0.42091887863673577,0.34843347685985293
0.06014908739004665,0.10187076951747226,0.30241381403903944,0.2670393624999337,0.3258205739728797,0.4135932121659623,0.42091835105737296,0.34843130058411936
0.060145885756171746,0.10186806006952795,0.30241313024800776,0.2670393184375844,0.3258204225179904,0.413592107491358,0.4209179673632909,0.3484297178381313
0.06014348453076562,0.1018660279835697,0.30241261740473396,0.2670392853908224,0.32582030892682345,0.41359127898540476,0.4209176795927294,0.3484285307786403
0.06012907717832866,0.10185383546782037,0.30240954034509127,0.2670390871102504,0.32581962737982156,0.4135863079496854,0.4209159529693603,0.34842140842169406
0.06012615340328642,0.10185298167934145,0.30240946241504496,0.2670405059285903,0.3258192825025825,0.4135843330288253,0.42091523487627214,0.34842231528006484
0.06012535299481764,0.1018523043173554,0.30240929146728707,0.26704049491300297,0.3258192446388602,0.41358405686017424,0.4209151389527516,0.3484219195935678
0.06012415238211455,0.10185128827437628,0.30240903504565014,0.26704047838962197,0.32581918784327674,0.4135836426071976,0.4209149950674709,0.34842132606382226
0.060122951769411515,0.10185027223139717,0.3024087786240133,0.267040461866241,0.3258191310476932,0.413583228354221,0.42091485118219013,0.34842073253407674
0.060120550544005336,0.10184824014543897,0.3024082657807395,0.267040428819479,0.32581901745652625,0.4135823998482678,0.4209145634116286,0.3484195454745857
0.06011894972706794,0.10184688542146678,0.30240792388522364,0.2670404067883043,0.3258189417290816,0.4135818475109656,0.42091437156458755,0.3484187541015917
0.06011627064282915,0.10184299767604318,0.30240680518096436,0.2670389108608531,0.3258190215602644,0.41358188925126815,0.4209144181930322,0.34841507743774186
0.060113346867786854,0.1018421438875643,0.3024067272509181,0.267040329679193,0.32581867668302533,0.4135799143304081,0.42091370009994405,0.3484159842961126
0.06011146819201685,0.10183893350412676,0.3024057794944168,0.2670388447673291,0.32581879437793043,0.4135802322393617,0.4209138426519091,0.3484127033187598
0.060112146255083765,0.10184112784458516,0.30240647082928124,0.267040313155812,0.3258186198874419,0.41357950007743144,0.42091355621466325,0.3484153907663671
0.7443996385994913,0.6384553253361325,0.037093432129573944,0.0729488058894038,0.5079533785633816,0.42340080161495103,0.37222983857837066,0.3415934016215256
0.6493935920512027,0.5790786669586557,0.05454432274703419,0.08586671438570886,0.4570942367951702,0.5038386349978772,0.3786414101608951,0.3329681666282904
0.7457368418014505,0.11740447215322913,0.3763870950447262,0.014231104262235728,0.33731572281136557,0.09209369652188171,0.46104491157702754,0.37794247356462873
0.783704162130819,0.1411067285027157,0.3693971511270702,0.00905366812590297,0.3576546882592879,0.059943756393395886,0.45846598325526206,0.3813718382825554
0.7063441856618607,0.6146320448258787,0.044059432414573996,0.07810084364987319,0.487602625779325,0.4556134000920479,0.37477289853381973,0.33811248802996685
0.8686856537888213,0.2286136933857285,0.38850784944424804,0.03489324232778446,0.36457211923851124,0.03848792908256626,0.4565499099191844,0.43915044793735647
0.695901058168762,0.5726354392165716,0.010193914576828333,0.04098589456638502,0.5217616825229794,0.4124512388966676,0.371511247437529,0.28557964107209216
0.6940389886634788,0.5701082360186114,0.009160137107880773,0.03975733334780501,0.5222932468701276,0.4120277751535909,0.37148502029785935,0.2834268712770706
0.7443112480689662,0.6383342967373609,0.037069505526267144,0.0729235964926494,0.5079415517687615,0.4234632434881618,0.37219389078243614,0.3415420356310845
0.7253273166611791,0.6264828321006267,0.04056438349654162,0.07551221456346763,0.49777206984218214,0.4395381837057793,0.3734833466963677,0.3398270639872772
0.6019111108454211,0.5146392063714627,0.02818444141781201,0.05454199585710551,0.47064860520770707,0.49303804331395423,0.37797179715633744,0.2780784951854607
0.6019119645372484,0.5146412118293939,0.028185056437181277,0.05454316277852114,0.4706484820479593,0.49303757296750556,0.37797160834919025,0.27808077954409793
0.7063429850491577,0.6146310287828997,0.04405917599293707,0.07810082712649216,0.48760256898374155,0.45561298583907134,0.37477275464853893,0.33811189450022133
0.6977622561245908,0.5751617979310513,0.011227469846403992,0.04221434752592634,0.5212300905754211,0.4128744656666308,0.37153739438760713,0.2877318248173969
0.6954324283019401,0.5719975296065314,0.00993363358437499,0.040675582833985424,0.5218948693036944,0.4123463706472126,0.37150510608178144,0.2850348661321972
0.6954347759544653,0.5720030446158425,0.00993532488764054,0.04067879186787832,0.521894530614388,0.4123450771944787,0.3715045868621266,0.2850411481184496
0.7253265162527103,0.6264821547386408,0.04056421254878373,0.0755122035478803,0.4977720319784598,0.4395379075371283,0.37348325077284716,0.3398266683007801
0.6683747220293492,0.5909277608284385,0.051048846459607,0.08327805776033498,0.46726358619872155,0.48776272818998084,0.3773516185146418,0.3346817533693581
0.8031519300281902,0.15358905258069885,0.3661605207869013,0.006772600416292296,0.36769113825486904,0.04397381531000166,0.4571827735147665,0.3836248697933645
0.8497001215640968,0.21676087402502228,0.3920023855190066,0.03748183836742808,0.35440256158448713,0.05456231696288161,0.457839173986075,0.43743468492055515
0.7251365408986763,0.1263126840406243,0.8041386794393457,0.40344825842798376,0.541616186452867,0.5203325171488846,0.7964952242225616,0.604186571073869
0.7244630308213225,0.1269519641293613,0.803011138013593,0.40401818244636756,0.5420392831010832,0.519079607402728,0.7961203586602765,0.6043310655177438
0.7244630304311663,0.12695196442090118,0.8030111372212976,0.40401818239351034,0.5420392829819409,0.519079606823741,0.7961203583523323,0.6043310656733616
0.7304894900458775,0.33643479377998575,0.034439600868214015,0.505032802750992,0.1087897425192065,0.31015750805281006,0.5875810093113107,0.47090615089755616
0.5336629596879894,0.3284254507022457,0.24064771171318672,0.7891667601582832,0.4374381267670924,0.28734874452898895,0.8292038810631952,0.672130221337897
0.7340168658794621,0.3411754587835959,0.03717300566021753,0.5091486366962696,0.11364417256567105,0.3063363870671124,0.5903232194690451,0.4736810983948517
0.6657241089154258,0.5864266543005424,0.04665012929380541,0.08376518512331863,0.39688496656234906,0.6083677805446677,0.5907604715447973,0.43711646586742176
0.6847080403232126,0.5982781189372766,0.04315525132353093,0.08117656705250043,0.40705444848892847,0.5922928403270502,0.5894710156308657,0.4388314375112291
0.7605885377700192,0.6456372395071736,0.029163944047136126,0.07082133469370161,0.4477297635984059,0.5279740238196556,0.5843065732522246,0.44566402171816455
0.6846528121388711,0.5982313809602373,0.043143455928233876,0.08117580697697449,0.4070518358920881,0.5922737846901258,0.5894643969079507,0.4388041351429352
0.7036367435466582,0.6100828455969713,0.0396485779579594,0.07858718890615629,0.41722131781866756,0.5761988444725082,0.5881749409940192,0.44051910678674255
0.7416046063622322,0.6337857748704395,0.032658822017410605,0.07340995276451981,0.4375602816718264,0.5440489640372732,0.5855960291661562,0.44394905007435725
0.6676485424212601,0.5890485868098245,0.04806378437928999,0.08588529666489675,0.3993388993270264,0.6062803336777984,0.5922142278685827,0.4386025791832721
0.07328025908016478,0.10734455859620146,0.2948432113743685,0.2654647183185047,0.2697280999128602,0.5102966412114565,0.6185719280125143,0.44465140174558077
0.07281456385137997,0.10671233999297572,0.29458463887809627,0.26515733490523147,0.26986101665792805,0.5101908732645307,0.6185654105624192,0.44411273338877594
0.06257396412316413,0.09281456074063205,0.2888994265666396,0.25840131788100584,0.27278450767080786,0.5078613915266974,0.6184209882210175,0.43227459351157493
0.06536685495813205,0.09660486417308939,0.29044993901521865,0.2602438679785219,0.27198719194002247,0.5084967047279246,0.6184603761323089,0.43550317711444797
0.071418118433896,0.10481718827674705,0.29380938265380674,0.2642360598564734,0.2702596745233208,0.509873216663917,0.6185457166067735,0.4424984415873394
0.06769426398727202,0.09976345036680387,0.2917420327223679,0.2617793263931186,0.27132276216436796,0.509026132395614,0.6184931993917183,0.43819366345017546
0.06815974579310002,0.10039516760554679,0.29200045146379777,0.262086418076038,0.27118987620923707,0.509132017929152,0.6184997640436003,0.43873176071732095
0.22940795016256807,0.12003894975263743,0.5677073844565707,0.38924127254508767,0.2845257554312391,0.7455130240785688,0.2683228721823163,0.24105382611053966
0.22934843119224468,0.12005085559188919,0.5676809755503228,0.38921363582876356,0.2845997569789591,0.7453421755163452,0.2682724191923972,0.24106716791713187
0.8110824476132044,0.19288405237667855,0.399545067471042,0.04276725287290217,0.33781375436624805,0.08034307764349524,0.4472681928358577,0.42770175184020837
0.8300627771828823,0.20473246888447527,0.39604942023585693,0.04017858523194101,0.347983065906077,0.0642668946669478,0.4459783052660839,0.42941494289477916
0.792088110895324,0.18102378203412556,0.40303772312046343,0.04535572774108507,0.32764378021127843,0.09641442766864872,0.44855640174402267,0.42598163627193986
0.7920865100783867,0.1810224273101534,0.4030373812249476,0.045355705709910404,0.3276437044838338,0.09641387533134654,0.44855620989698164,0.42598084489894583
0.8110680402607675,0.19287185986092925,0.3995419904113993,0.04276705459233021,0.3378130728192462,0.08033810660777585,0.4472664662124886,0.42769462948326215
0.22938019487254155,0.12001651780285902,0.5677012232826102,0.38924043595061486,0.2845257442729739,0.745500899142644,0.26831881123178786,0.24104083053380507
0.22937659303443234,0.12001346967392168,0.5677004540176995,0.38924038638047187,0.28452557388622346,0.7454996563837142,0.2683183795759455,0.24103904994456848
0.7730869707054596,0.1691577541146909,0.4065289257139424,0.047944108976775646,0.317473484214669,0.11248343026026814,0.4498437953022633,0.42425815736844674
0.7730833688673503,0.16915470598575355,0.40652815644903173,0.04794405940663268,0.31747331382791855,0.11248218750133826,0.449843363646421,0.4242563767792102
0.8300311610483679,0.20470571308602534,0.39604266779941877,0.04017815011624137,0.3479815702890452,0.06425598600523025,0.4459745162870239,0.4293993132781471
0.830025558189087,0.2047009715521228,0.3960414711651133,0.040178073007129944,0.3479813052429889,0.06425405282467278,0.44597384482238034,0.4293965434726681
0.8300251579848524,0.20470063287112977,0.3960413856912343,0.04017806749933639,0.3479812863111278,0.0642539147403472,0.4459737968606201,0.42939634562941953
0.8110368243304875,0.19284544274347235,0.39953532344884013,0.042766624984424295,0.3378115961340756,0.08032733603038383,0.44726272519518884,0.4276791977098786
0.22935418159730817,0.11999450353831159,0.5676956674804775,0.3892400779440266,0.2845245137019984,0.7454919236614841,0.26831569371737135,0.24102797072265214
0.8110332224923782,0.192842394614535,0.39953455418392947,0.04276657541428125,0.3378114257473251,0.08032609327145401,0.44726229353934654,0.42767741712064206
0.057186894384478215,0.10011762090111676,0.30316512795590195,0.26723429722561576,0.33324203193724017,0.4002803620378514,0.3944189495883532,0.3350057719054702
0.057184493159072036,0.10011558881515853,0.30316461511262816,0.26723426417885376,0.3332419183460732,0.40027953353189816,0.39441866181779167,0.33500458484597917
0.05718209193366591,0.1001135567292003,0.30316410226935436,0.26723423113209177,0.3332418047549062,0.4002787050259449,0.3944183740472302,0.33500339778648813
0.9057542071421311,0.145203172535718,0.6114607710156271,0.13086700986304958,0.19867302280616958,0.5563791436223169,0.59853612765622,0.42934543986608836
0.9057525005451057,0.1452035303960128,0.6114601872180179,0.13086593211504507,0.19867541964287136,0.5563737280203838,0.5985345544569187,0.42934594208521915
0.6860450505300837,0.5987371892014492,0.041680311253222524,0.08129593902655921,0.3962624606842874,0.610612939310427,0.6278376203948192,0.4570704681661478
0.8104190560457045,0.18901624716882387,0.39311856969732445,0.043265579353900685,0.25289300922217595,0.22563748682050602,0.7121935915698072,0.5546786826291713
0.8015994051932249,0.1493448237641323,0.36023583564504974,0.007375811600516147,0.28650922849274163,0.18281653030571893,0.708929598138004,0.5041805005269886
0.8946130048718411,0.10697211225117137,0.5754386899771322,0.09295597571036854,0.23960801618388533,0.4922166647684272,0.5485662591308487,0.35984399496626307
0.9411617907917168,0.17014581299670267,0.601281103894115,0.12366666186742334,0.2263193887204336,0.5028042593077576,0.5492218069176127,0.4136557237080424
0.9408674397065577,0.17042645429388706,0.6007857016663034,0.1239020401174857,0.22649965778814823,0.5022416622740549,0.5491113817025931,0.41377273892037697
0.9408128254805015,0.17043790815563928,0.6007670138044456,0.12386755175848405,0.22657635560946654,0.5020683583802998,0.5490610368613998,0.41378881117750577
0.9407176944414273,0.1704527262005075,0.6007436840238591,0.12379696006240112,0.22671526081316148,0.5017570614196839,0.5489716495586892,0.4138182388158679
0.9406384471837356,0.1704686638355552,0.6007177958836444,0.12374552042457579,0.22682726207811416,0.5015043357277335,0.5488983724591086,0.4138417496137591
0.9405888456091869,0.17048456596676423,0.6006909491222087,0.12372547085879493,0.2268912441539169,0.501357028361965,0.5488544626385476,0.4138548104926373
0.9397376905296619,0.1706585296929976,0.6004079229987448,0.12317869769186943,0.22809135925517143,0.4986477683053988,0.5480683575324372,0.4141065376949502
0.9397736829471666,0.1706556847481094,0.6004117629417981,0.12321106040890356,0.22803591096810982,0.49877058545739894,0.5481030790810403,0.41409464562794734
0.9399556993569478,0.1704779743637417,0.6007263131018189,0.12306740895657312,0.2279316159991266,0.49912260183583124,0.5481361845453713,0.41398846572896114
0.9393965727417596,0.17070941989299243,0.6003282695968277,0.12292096834984717,0.22859171593971414,0.49752738393057294,0.547747086641697,0.41421269761074153
0.9393588127048864,0.17074281555893592,0.6002696397099747,0.12294932534290365,0.2286184961106959,0.49745442052397715,0.547720703263214,0.4142166740404766
0.9393588063756751,0.1707428039606393,0.6002696214105986,0.12294931067007728,0.22861846095594116,0.49745426784926194,0.5477206722885065,0.4142167012544943
0.9393343001426225,0.1707459656586213,0.6002647875812466,0.12292978145315464,0.22865491878287553,0.4973728743719243,0.5476974293735927,0.41422446537940094
0.939479292439992,0.17070786426970028,0.600328427338706,0.12300553222466237,0.2284595550514454,0.4978193086937052,0.5478286454566218,0.4141838342581518
0.42327723421714797,0.5591005089029302,0.1657281013405653,0.20015368832085645,0.4943987435673495,0.6871225090878491,0.78300092191205,0.5833752378852319
0.4992129598482961,0.6065063674498663,0.15174858945946756,0.18979921603758354,0.5350766712736672,0.6228227482173789,0.7778430982563238,0.5902351244604613
0.4802290284405091,0.5946549028131323,0.155243467429742,0.19238783410840177,0.5249071893470878,0.6388976884349965,0.7791325541702553,0.5885201528166539
0.726941525971809,0.6234144224316894,0.032549196269114844,0.07569052234375931,0.40161637891950364,0.6040531812935961,0.6778977530079658,0.48587519561821163
0.688973663156235,0.5997114931582213,0.0395389522096638,0.08086775848539576,0.38127741506634477,0.6362030617288312,0.6804766648358289,0.482445252330597
0.707957594564022,0.6115629577949553,0.03604407423938932,0.07827914041457751,0.39144689699292423,0.6201281215112137,0.6791872089218974,0.4841602239744043
0.9433767170631933,0.17288053753975144,0.5955006638752365,0.12177202674563886,0.2002942133023966,0.5444836399322598,0.6511488182009193,0.4648455779818838
0.7540635373481273,0.34971688364616227,0.027367436369699127,0.5019958843798134,0.09315166871092506,0.33866238859558817,0.6771839621466365,0.5163493345968941
0.7350796059403402,0.3378654190094282,0.030862314339973607,0.5045845024506317,0.08298218678434557,0.35473732881320574,0.678473418060568,0.5146343629530868
0.7920314001637012,0.37341981291963033,0.020377680429150224,0.496818648238177,0.1134906325640839,0.3065125081603531,0.6746050503187735,0.5197792778845088
0.7733066372839746,0.36192635386431565,0.023943056101160598,0.49948281188235344,0.10335634704344701,0.32239805149345535,0.6760016301941048,0.5182154365632973
0.5855286563913776,0.1730059542393465,0.5101572867474724,0.1569448477451929,0.37136397735777416,0.2699659691051213,0.8647671419013576,0.6843686830617077
0.42318678806018273,0.5590239669985038,0.16570878424391938,0.2001524435594879,0.4943944649667268,0.6870913020302774,0.7829900825542326,0.5833305253110695
0.8512002726679342,0.21359594027306933,0.38396283823607513,0.037658576426524926,0.2582414750813774,0.21903796051792,0.7622399111960009,0.5834264312256653
0.7942468776276357,0.178040191638895,0.3944471302513826,0.045424408607804945,0.22773295357419443,0.26726222883347045,0.7661080870907545,0.5782807249212493
0.8321863259425701,0.2017190745618575,0.38745130566542724,0.04024678141281818,0.24807057326521081,0.2351025444111221,0.7635257699779134,0.58169662133822
0.7349675487547195,0.33777058833137774,0.030838381653863656,0.5045829602684051,0.0829768858632201,0.35469866520205495,0.6784599887676971,0.514578966843505
0.7729354115702936,0.3614735176048459,0.023848625713314753,0.49940572412676876,0.10331584971637903,0.32254878476681986,0.675881076939834,0.5180089101311197
0.813174380238378,0.18984390225561082,0.3909402004641742,0.04283501393807981,0.23789976610835,0.25116781872595195,0.7648118685686272,0.5799678006670173
0.7355442610237887,0.3385822270185104,0.03099689311971998,0.504758847727351,0.08305768558013799,0.35424707323539817,0.6787065873544122,0.5149177552354998
0.06568110391736548,0.10316975988532562,0.29737047595838517,0.2660628634412942,0.2920539957340723,0.4708051950097992,0.5392291157087292,0.40500420431349865
0.06568030350889681,0.10316908252333956,0.2973703050106272,0.2660628524257069,0.29205395787035,0.4708049188411481,0.5392290197852087,0.40500380862700164
0.06567950310042808,0.1031684051613535,0.29737013406286933,0.26606284141011954,0.29205392000662767,0.47080464267249705,0.5392289238616882,0.4050034129405046
0.065678302487725,0.10316738911837436,0.2973698776412324,0.26606282488673855,0.2920538632110442,0.4708042284195204,0.5392287799764074,0.4050028194107591
0.06567670167078754,0.10316603439440222,0.29736953574571656,0.2660628028555639,0.29205378748359956,0.4708036760822183,0.5392285881293664,0.4050020280377651
0.06567590126231881,0.10316535703241614,0.2973693647979586,0.26606279183997655,0.29205374961987723,0.47080339991356723,0.5392284922058459,0.40500163235126807
0.06567470064961578,0.10316434098943705,0.29736910837632174,0.26606277531659556,0.2920536928242937,0.4708029856605906,0.5392283483205651,0.40500103882152255
0.065673900241147,0.10316366362745094,0.29736893742856385,0.2660627643010082,0.2920536549605714,0.47080270949193953,0.5392282523970446,0.40500064313502554
0.06567309983267833,0.10316298626546488,0.2973687664808059,0.2660627532854209,0.29205361709684907,0.4708024333232884,0.5392281564735241,0.4050002474485285
0.06567149901574088,0.10316163154149274,0.29736842458529006,0.26606273125424623,0.2920535413694044,0.4708018809859863,0.539227964626483,0.4049994560755345
0.06567069860727215,0.10316095417950666,0.2973682536375321,0.2660627202386589,0.2920535035056821,0.47080160481733524,0.5392278687029626,0.4049990603890375
0.06566989819880342,0.10316027681752057,0.29736808268977416,0.26606270922307157,0.2920534656419598,0.4708013286486841,0.5392277727794421,0.4049986647025405
0.0656690977903347,0.10315959945553452,0.29736791174201627,0.26606269820748424,0.29205342777823745,0.47080105248003307,0.5392276768559215,0.40499826901604347
0.06566829738186603,0.10315892209354846,0.2973677407942583,0.2660626871918969,0.2920533899145151,0.47080077631138195,0.5392275809324011,0.40499787332954645
0.06426977980222459,0.10126190985086028,0.29659200594895985,0.26514128736071924,0.2924519633839143,0.470482468484678,0.539207662901883,0.40338240194864766
0.06566549595222548,0.10315655132659718,0.29736714247710555,0.26606264863734125,0.292053257391487,0.47079980972110325,0.5392272452000793,0.4049964884268069
0.06566469554375676,0.1031558739646111,0.29736697152934766,0.2660626376217539,0.29205321952776464,0.47079953355245213,0.5392271492765588,0.4049960927403099
0.06566349493105367,0.10315485792163201,0.29736671510771073,0.2660626210983729,0.2920531627321812,0.47079911929947554,0.539227005391278,0.4049954992105644
0.06566189411411621,0.10315350319765987,0.2973663732121949,0.26606259906719826,0.29205308700473653,0.47079856696217337,0.539226813544237,0.40499470783757036
0.06566109370564754,0.10315282583567376,0.297366202264437,0.2660625880516109,0.2920530491410142,0.4707982907935223,0.5392267176207165,0.40499431215107334
0.06321804935705638,0.10296546748127272,0.3003029767141036,0.26661457256724264,0.3108419610839941,0.4392307938520491,0.47357384771546535,0.37387781948990456
0.07509418918712013,0.7695174085223039,0.6296078967150085,0.34063242626394047,0.16485507043534953,0.21049970808861193,0.23096931259986048,0.903703441490362
0.05170782222733589,0.8698290237117405,0.6705955642063206,0.3347239295830334,0.12260260250094235,0.09456033386597262,0.6022537373840564,0.2282394981428083
0.05169621630453952,0.8698192019629424,0.6705930854638307,0.3347237698570171,0.12260205347696862,0.09455632942053199,0.602252346493009,0.22823376068860163
0.0516958161003051,0.8698188632819494,0.6705929999899518,0.3347237643492234,0.12260203454510743,0.09455619133620646,0.6022522985312488,0.22823356284535312
0.05169541589607074,0.8698185246009564,0.6705929145160727,0.33472375884142974,0.1226020156132463,0.09455605325188093,0.6022522505694885,0.22823336500210464
0.16274666794602022,0.8408620340785111,0.8786127979184373,0.41624711052616786,0.07481912013080472,0.40388934504919943,0.4898587220298819,0.11131341028601227
0.06316322137694907,0.10291906818522661,0.30029126679268553,0.2666138179995104,0.31083936741901486,0.43921187629945035,0.47356727695431067,0.37385071496485917
0.05163498505668246,0.8697673837710077,0.6705800079603492,0.3347229271645862,0.12259915690221079,0.0945352025187246,0.6022450083436903,0.2282034906715802
0.10752195322949903,0.9933637625868618,0.4389366861517065,0.18956262700905202,0.3923396951564344,0.45312386241385844,0.6345999792012343,0.15893498252919125
0.051641032430739975,0.8698076166193126,0.6705958613833494,0.3347262666176609,0.12259757665928714,0.0945134837738475,0.6022510953225574,0.22818796899280613
0.05162097790847986,0.8697555299362515,0.6705770163745853,0.3347227343918079,0.12259849428707012,0.0945303695673308,0.6022433296820814,0.22819656615788247
0.051617376070370646,0.8697524818073141,0.6705762471096748,0.33472268482166484,0.12259832390031966,0.09452912680840098,0.6022428980262391,0.22819478556864586
0.1626898392481972,0.8408139431917119,0.8786006619246771,0.4162463301874991,0.07481643605193611,0.4038697554355786,0.4898519149468342,0.11128531333749442
0.16268543895240073,0.840810216243089,0.8785997256734859,0.41624626986605473,0.07481622839717478,0.4038682394029329,0.4898513889071921,0.11128313628367187
0.1626986872282274,0.8408565392585804,0.8786171092689146,0.41624970117585947,0.07481497146951696,0.40384893041754494,0.4898583240183342,0.11127118923476187
0.16268178127858585,0.8408072016728864,0.878598840298999,0.41624620582377714,0.07481602434883855,0.4038668421433927,0.48985090019153726,0.11128139030984924
0.21858472429021605,0.9644523383783065,0.6469733510935327,0.2710893722975774,0.34455543194735294,0.7624371201833633,0.5222130957910711,0.04200233753784427
0.16267503169152592,0.8408014119949694,0.8785974993911554,0.41624612639913344,0.07481573557307314,0.4038646463155337,0.4898501403617048,0.11127799313729975
0.16267142785927985,0.8407983571922643,0.8785967233534431,0.41624606965114885,0.07481554796637216,0.40386332895620736,0.4898496941423412,0.1112762256882186
0.952688385059817,0.17293441907050003,0.6114206656006476,0.12445585228042963,0.2204274469275418,0.5243709599780741,0.5607524306442457,0.41962760375434066
0.95157361151635,0.17324567592189982,0.6093030602926396,0.12364121103228429,0.2208848478750044,0.5212512677258463,0.5620213215171836,0.4209362942513488
0.9515995401102273,0.17323893617129305,0.6093134242857952,0.12361265378511108,0.22084119309471562,0.5212811176554725,0.562186292377708,0.4210743542498587
0.951605578082237,0.1732141669750796,0.6093559962677917,0.12360849255731324,0.2208615126766884,0.5213094591466508,0.5620424239138312,0.4209347202614024
0.9531922390984907,0.17247375990605898,0.6122281185301133,0.12404440562066146,0.22008254544674402,0.5253207513614204,0.5610996467220656,0.4195793042483323
0.9527733484751248,0.17287496629679816,0.6115235446474268,0.12438175509688426,0.22034234825323323,0.5245144233237911,0.5609585332424651,0.4197595819468083
0.9515940901247086,0.17324422763851097,0.6093019586766975,0.12361589533390677,0.22084112693720787,0.5212735817497509,0.5621825106643196,0.4210755541569458
0.9518260768716771,0.17297532002420735,0.6097747356952781,0.1234340429950091,0.22076110595118825,0.5217595806124284,0.5618988441320838,0.42063448027112366
0.9516131450129102,0.17318968980613125,0.6094009164050783,0.12360899611735249,0.22088372161247272,0.5213409523583122,0.5619003503457549,0.4207934343179447
0.9514639246599247,0.17336311432348386,0.6090957613988502,0.12372379650277301,0.22093384271222039,0.5210257965344701,0.5620928974561402,0.42108730005426637
0.953005356067747,0.1726629879968053,0.6118957553846192,0.12419313391028045,0.22018443730285414,0.524951387635433,0.5611185010739682,0.41973707147004496
0.9526642421629092,0.17297554417079983,0.6113479293490844,0.12447314123046435,0.22041732400633335,0.5243095713832149,0.560883662305579,0.4197695587080742
0.951704789957236,0.17312493501410894,0.6095134908841037,0.12353146184478953,0.22079391320369413,0.5214980668114773,0.5621113504508202,0.42092439304694573
0.9515167087237748,0.17331511589668544,0.6091790962412205,0.12368056833601926,0.22089618583579537,0.5211265397537731,0.5621293092790027,0.4210824443824549
0.9514879703041184,0.1733408823301263,0.6091325371207836,0.12370180772697831,0.22091412074443068,0.5210728106663612,0.562109249683213,0.4210858400874739
0.9514916990157882,0.17333753545288613,0.6091398742102269,0.12370012404016992,0.22091385613665632,0.5210785218443387,0.5621119309105597,0.4210849465629592
0.9530093395903864,0.17267843991872878,0.6118696246311328,0.12418888649090296,0.22015758292143014,0.5249415343727717,0.5612692285273935,0.41987575275012196
0.9527837348139053,0.17286580794357337,0.6115409584047543,0.12437511721014127,0.22033708551648445,0.5245332850678801,0.5609658871572191,0.4197580078212406
0.9516631632948003,0.17316288363608232,0.6094462171386834,0.12356459231230355,0.220821305375235,0.5214201373954332,0.5620825814522799,0.4209286819904108
0.9516967995487573,0.17311302034230586,0.6095345191367771,0.1235396374234676,0.2208253843513897,0.5214990739846634,0.56195788776759,0.4207857465160253
0.7555100667815431,0.6411733174673496,0.030760569179454356,0.0716414402629714,0.41793936120058783,0.5812355886575139,0.6615865933076372,0.4840818881322634
0.8780006509931267,0.3207808896468312,0.24150107279747363,0.5862938785003925,0.04133496165193423,0.6653396472968963,0.5483129726059395,0.38730879656617123
0.07803048083983938,0.10948441287546212,0.2923991938369302,0.26494448623335787,0.251048330149481,0.5426601942896586,0.6845012974656265,0.47690846073438853
0.8556799282196115,0.593268931426743,0.24844756815772745,0.1633785141462771,0.34267688117151257,0.946777637999709,0.5534202455746368,0.3550534946166294
0.9350522286646176,0.11838096131151923,0.5760462656789497,0.09378587970159696,0.21079167901975332,0.5559839469479231,0.6386649795034702,0.3978289576625777
0.9820738952261111,0.18224902433495546,0.6021489418516616,0.12485660348534891,0.1973787680453467,0.5666360599360293,0.6392767569614235,0.4522335016515694
0.9806696702176497,0.1834031429125719,0.6001225875623846,0.1257081015416639,0.19845584993681287,0.563732976690934,0.6383400155304382,0.4524836009369382
0.9797448132160568,0.18353854455568447,0.5999113258926981,0.1250040685188038,0.19981521775022704,0.5606906815823952,0.6374681426518465,0.4527721117254424
0.9796376143843943,0.18363371151527969,0.5997441201657263,0.12508534927404413,0.19989070716886592,0.5604838938219715,0.6373933003197512,0.4527833634076908
0.9785589711600947,0.18377317573310975,0.5995308664148669,0.12422643006941225,0.201495168004853,0.5569018610849712,0.6363703647764465,0.4531250000154207
0.9783558724909864,0.18390254476019352,0.5993055472205513,0.12427603193008266,0.20169079062825934,0.5564166124430536,0.6362117673474557,0.45316053847505194
0.9746132592628342,0.18468737447251607,0.5980252050697461,0.12191256804510528,0.20694708454082675,0.5445401111320383,0.6327617096238493,0.454261909491503
0.9746129551047742,0.18468765304077567,0.5980247153009028,0.12191281618588781,0.2069472899007,0.5445395400951117,0.6327615000915915,0.45426193902940026
0.9743544056554597,0.1847418688754361,0.5979362699631108,0.12174953736320579,0.20731041066101769,0.5437190764022498,0.6325231603974513,0.4543380252277197
0.9743536398844465,0.18474196764205553,0.5979361190049806,0.12174892708178411,0.20731154998300216,0.5437165329284563,0.6325224340948532,0.4543382678371708
0.9721982635990047,0.185166095169415,0.5956498250474764,0.12010134113534388,0.20934345944466903,0.5371536614509461,0.6326555996341999,0.4558382519653445
0.971635160863503,0.18536848189817104,0.5953057945893747,0.11991852637427813,0.21004724443089579,0.5355214626842069,0.632164322636145,0.45598042309526854
0.9711975062540441,0.18546019290025625,0.5951561914432919,0.11964201260370394,0.21066197394853264,0.5341325251155443,0.6317608573124255,0.4561092338022099
0.9707953928460965,0.18551212262359845,0.5950768054071554,0.11932168679331204,0.2112601782781766,0.5327970428366966,0.6313794912308428,0.4562366107079771
0.9707471396943955,0.18555450769102444,0.5950023507558146,0.11935734431567663,0.21129462064506632,0.5327031348595569,0.6313456532909991,0.4562418026525181
0.05664837860670091,0.09890984384984797,0.3016666944068464,0.26699264320163224,0.32565476462908205,0.41238438023989643,0.4204984471796698,0.34670305745054486
0.05664677778976346,0.09890848912587583,0.30166635251133056,0.2669926211704576,0.3256546889016374,0.4123838279025943,0.42049825533262875,0.34670226607755084
0.056645176972826006,0.09890713440190368,0.3016660106158147,0.2669925991392829,0.32565461317419275,0.41238327556529214,0.4204980634855877,0.3467014747045568
0.05664357615588861,0.09890577967793154,0.3016656687202988,0.26699257710810825,0.3256545374467481,0.41238272322798997,0.4204978716385467,0.3467006833315628
0.056641975338951156,0.0989044249539594,0.301665326824783,0.2669925550769336,0.32565446171930346,0.41238217089068785,0.4204976797915057,0.34669989195856876
0.0566403745220137,0.09890307022998723,0.30166498492926713,0.26699253304575893,0.3256543859918588,0.4123816185533857,0.4204974879444647,0.34669910058557474
0.056638773705076306,0.09890171550601509,0.3016646430337513,0.26699251101458427,0.32565431026441416,0.4123810662160835,0.4204972960974237,0.3466983092125807
0.056637172888138854,0.09890036078204292,0.3016643011382354,0.2669924889834096,0.3256542345369695,0.4123805138787814,0.42049710425038267,0.3466975178395867
0.0566355720712014,0.09889900605807078,0.30166395924271955,0.26699246695223494,0.32565415880952486,0.4123799615414792,0.42049691240334164,0.34669672646659266
0.056633571050029585,0.09889731265310561,0.30166353187332473,0.2669924394132666,0.3256540641502191,0.4123792711198515,0.4204966725945404,0.34669573725035013
0.05663197023309213,0.09889595792913347,0.3016631899778089,0.2669924173820919,0.32565398842277443,0.4123787187825494,0.42049648074749935,0.3466949458773561
0.056630369416154736,0.0988946032051613,0.30166284808229304,0.26699239535091723,0.3256539126953298,0.4123781664452472,0.42049628890045837,0.3466941545043621
0.05662876859921728,0.09889324848118916,0.30166250618677715,0.26699237331974257,0.32565383696788514,0.41237761410794505,0.42049609705341734,0.34669336313136806
0.05662476655687365,0.0988898616712588,0.3016616514479875,0.2669923182418059,0.3256536476492735,0.4123762332646897,0.4204956174358148,0.346691384698883
0.056623165739936254,0.09888850694728665,0.30166130955247167,0.26699229621063125,0.32565357192182887,0.4123756809273875,0.4204954255887738,0.3466905933258889
0.05662116471876444,0.09888681354232146,0.30166088218307685,0.2669922686716629,0.32565347726252303,0.4123749905057598,0.4204951857799725,0.34668960410964644
0.05661916369759262,0.09888512013735629,0.30166045481368203,0.2669922411326946,0.32565338260321725,0.4123743000841322,0.42049494597117126,0.34668861489340386
0.05661556185948341,0.09888207200841895,0.3016596855487713,0.2669921915625516,0.32565321221646676,0.4123730573252023,0.42049451431532897,0.34668683430416736
0.05661396104254596,0.0988807172844468,0.3016593436532555,0.26699216953137694,0.3256531364890221,0.4123725049879001,0.42049432246828794,0.34668604293117333
0.05661236022560856,0.09887936256047461,0.30165900175773963,0.2669921475002023,0.32565306076157746,0.412371952650598,0.42049413062124696,0.34668525155817925
0.8202465531898973,0.5676096201474555,0.25814098025493665,0.17450438281294217,0.3121004572682601,0.9999477957661289,0.5696276583881107,0.35312839045476574
0.8202513911986936,0.5676037567907699,0.2581513008595122,0.174500715989729,0.31209916863154896,0.999958250276997,0.569619455685235,0.3531170057433705
0.8202465508489594,0.5676096218966947,0.2581409755011638,0.17450438249579897,0.3121004565534064,0.9999477922922064,0.5696276565404459,0.35312839138847263
0.8202678124934109,0.5675838422522939,0.25818633418671355,0.17448824500622914,0.3120947787361435,0.9999937541584751,0.5695915444466574,0.3530783088668623
0.8202572050805629,0.5675967145821018,0.25816370238166675,0.17449631692244583,0.31209762479331205,0.9999708079645644,0.5696096189702,0.3531033407905985
0.8202465547505224,0.567609618981296,0.2581409834241185,0.17450438302437093,0.3121004577448292,0.9999477980820772,0.5696276596198873,0.3531283898322945
0.8202572667252577,0.5675966685188016,0.25816382756435047,0.17449632527388276,0.31209764361779296,0.9999708994445196,0.569609667625374,0.35310331620298363
0.8202571754286844,0.5675967367391324,0.2581636421672112,0.17449631290529893,0.31209761573849837,0.999970763961548,0.5696095955664453,0.35310335261755255
0.8202571465571185,0.5675967583130831,0.25816358353734664,0.17449630899386642,0.31209760692196936,0.9999707211165056,0.569609572778579,0.35310336413327087
0.8202466351227193,0.5676095589240817,0.2581411466369847,0.1745043939129533,0.31210048228813986,0.9999479173534109,0.56962772305638,0.35312835777502444
0.8202466191263111,0.5676095708772166,0.25814111415287055,0.17450439174580823,0.31210047740330615,0.9999478936149415,0.5696277104306702,0.3531283641553549
0.8202465399245831,0.5676096300598112,0.2581409533168908,0.1745043810157975,0.3121004532174224,0.9999477760805688,0.5696276479180099,0.3531283957457715
0.8202465738681809,0.5676096046958421,0.2581410222465964,0.17450438561437354,0.3121004635828012,0.9999478264524431,0.5696276747091501,0.35312838220702153
0.8202571980577495,0.5675967198298195,0.2581636881203483,0.17449631597101628,0.3120976226487509,0.9999707975427974,0.5696096134272055,0.35310334359171924
0.820246522757706,0.5676096428875659,0.2581409184558902,0.1745043786900809,0.3121004479751619,0.9999477506051384,0.5696276343684678,0.35312840259295536
0.8202116856396549,0.5676168433313664,0.25812917485514697,0.17448211820142,0.31214943688891644,0.9998370172901208,0.5695955177113007,0.3531387284591596
0.8202115105846565,0.5676170036584223,0.25812889297379843,0.17448226101625888,0.3121495550816492,0.9998366886357746,0.5695953971171956,0.3531387454593882
0.8202119930590047,0.5676164183139893,0.2581299223404514,0.1744818941542231,0.31214942581289434,0.9998377321183054,0.5695945757998979,0.3531376075173493
0.8202115125354379,0.5676170022007229,0.25812889693527574,0.17448226128054486,0.31214955567736064,0.99983669153071,0.5695953986569162,0.3531387446812992
0.8202119926688485,0.5676164186055292,0.2581299215481559,0.1744818941013659,0.3121494256937521,0.9998377315393183,0.5695945754919538,0.3531376076729671
0.75339140880518,0.3535825483727092,0.035583829108207454,0.5018305419458117,0.1893519252347796,0.17447244151008878,0.37288245781867496,0.3707669259729436
0.7541689143893613,0.3546565651169673,0.03579532221341525,0.5020571786658863,0.18945751445260717,0.17390425085654287,0.37320382970287436,0.37122031694073093
0.8872052990783041,0.14073834805495028,0.6149920287355686,0.1300989657870883,0.26420212520571984,0.4328765458074341,0.3518299612732703,0.31355467367793316
0.8870700780172072,0.14086548412055164,0.6147684401375763,0.13020859090170422,0.26428881848082086,0.4326195368609573,0.3517633786263947,0.31359296542565845
0.8872251636270105,0.14083131495978193,0.6148244984724391,0.13030322235636596,0.26407280612289424,0.4331086109797942,0.35190576791873196,0.31354773147388515
0.7746740601576482,0.17012483737525969,0.4061761795269899,0.04784882986570396,0.3137676659985913,0.11917594350530059,0.4631060147228572,0.43102449604918064
0.5292653932873573,0.307862945371136,0.23436609656311777,0.7780070267849089,0.5142929357915244,0.17161334507088932,0.6032215576746874,0.5560717379232794
0.05888484040958453,0.10117851879675685,0.3028360580334225,0.2671405437733895,0.3295414578467044,0.40701112464105804,0.4076944544165373,0.34182691316604036
0.8870696778129729,0.1408651454395586,0.6147683546636974,0.13020858539391053,0.2642887995489597,0.43261939877663175,0.35176333066463444,0.31359276758240995
0.887178040481571,0.14084242597547758,0.6148054131351535,0.13027702154648127,0.2641365985121209,0.43296328023558955,0.35186322389315794,0.31356087915748787
0.8872117043608745,0.14083509628846672,0.614817435220538,0.13029777695262215,0.26408965435885773,0.433069596070441,0.35189413560016614,0.3135510012417545
0.7746736599534139,0.17012449869426666,0.40617609405311095,0.04784882435791027,0.31376764706673016,0.11917580542097506,0.4631059667610969,0.4310242982059322
0.7154227455811373,0.329878941737255,0.04257341410099841,0.5070077670718607,0.16901292351789837,0.2066220457766728,0.3754612737230175,0.36733658699883187
0.5102810616753359,0.29601114205340895,0.23786088905951328,0.7805956393479334,0.5041234349330838,0.18768814720418137,0.6045109656268587,0.5543565684362235
0.7344066769889241,0.34173040637398905,0.039078536130723984,0.5044191490010426,0.17918240544447783,0.19054710555905527,0.37417181780908604,0.3690515586426392
0.8870692709760815,0.14086481171474347,0.6147682557207954,0.13020857898754454,0.2642887785916797,0.43261925084952624,0.35176327746782377,0.3135925723846643
0.887228973553112,0.14081580241045574,0.6148507702188686,0.13028124174875866,0.2640811745472479,0.4331019085725853,0.3518931782880275,0.31353740255998014
0.887209233013835,0.14083544690885563,0.6148161728714203,0.13029697737078547,0.26409226424089943,0.4330633636529687,0.3518922618569611,0.3135513453759532
0.7746732597491794,0.1701241600132736,0.406176008579232,0.047848818850116576,0.31376762813486897,0.11917566733664953,0.46310591879933666,0.4310241003626836
0.7723741396002639,0.36543299696646414,0.03208869471629616,0.49924190735161245,0.19952135036577553,0.15839708703949462,0.3715928580194627,0.37248130408700536
0.17706658906073214,0.8462121581207498,0.8692203722361307,0.41433599593475917,0.007440381073657187,0.5194385628290435,0.7268711609635218,0.2260641055180229
0.1722305810826789,0.8447869118763601,0.8730439991332779,0.4150925429690793,0.03367601176183793,0.47473174888311515,0.6347928192615272,0.18178264723783388
0.07303653470143973,0.10713830187144177,0.29479115778207926,0.2654613640721621,0.2697165704094124,0.5102125478572035,0.61854271930052,0.4445309152072404
0.07719417633542947,0.10877505262154197,0.2922200330427886,0.2649315175717002,0.2510089749138627,0.5423726063798646,0.6844014397474631,0.47649267658390004
0.07708439802981315,0.10868377100792212,0.2921971335870589,0.2649314658091313,0.2510035752296933,0.5423337629440858,0.6843879158643873,0.4764407592949196
0.07708199680440703,0.1086817389219639,0.29219662074378516,0.2649314327623693,0.2510034616385263,0.5423329344381326,0.6843876280938258,0.47643957223542854
0.07707919537476654,0.10867936815501261,0.2921960224266324,0.26493139420781364,0.25100332911549816,0.5423319678478538,0.6843872923615041,0.476438187332689
0.07707679414936036,0.10867733606905441,0.2921955095833586,0.26493136116105165,0.25100321552433125,0.5423311393419006,0.6843870045909426,0.47643700027319796
0.07702729116970147,0.10863382264744545,0.29218439043526057,0.2649292208217415,0.25100108032775803,0.5423150252161151,0.6843814396934375,0.4764101759492729
0.07702448974006099,0.1086314518804942,0.2921837921181078,0.26492918226718576,0.25100094780472987,0.5423140586258364,0.6843811039611157,0.47640879104653333
0.07702128810618608,0.10862874243254991,0.29218310832707606,0.26492913820483643,0.25100079634984057,0.542312953951232,0.6843807202670337,0.4764072083005453
0.07701848667654554,0.10862637166559863,0.29218251000992335,0.2649290996502808,0.25100066382681246,0.5423119873609532,0.6843803845347118,0.47640582339780574
0.07698807115473427,0.10860063191012778,0.29217601399512205,0.2649286810579622,0.2509992250053641,0.5423014929522123,0.6843767394409326,0.4763907873109193
0.0769856699293281,0.10859859982416956,0.29217550115184826,0.2649286480112002,0.2509991114141971,0.5423006644462591,0.6843764516703711,0.47638960025142824
0.07698286849968755,0.1085962290572183,0.2921749028346955,0.26492860945664454,0.250998978891169,0.5422996978559803,0.6843761159380494,0.4763882153486887
0.07698046727428143,0.10859419697126008,0.29217438999142176,0.26492857640988254,0.25099886530000204,0.5422988693500271,0.6843758281674878,0.47638702828919766
0.0654693173906905,0.8754585928182141,0.6624673269229873,0.33303937978298154,0.06275925649901704,0.19762712486471826,0.8130552395517919,0.3307506030167147
0.06544330411545712,0.8754365785536669,0.6624617711208547,0.3330390217763933,0.06275802592804147,0.19761814938355826,0.8130521220373754,0.3307377432055618
0.07694484909742338,0.10856405436287977,0.2921667828161939,0.26492808621624625,0.2509971803643586,0.5422865798450541,0.6843715595708253,0.47636942024008055
0.06543890186887913,0.8754328530627434,0.662460830908186,0.3330389611906629,0.06275781767756872,0.19761663045597733,0.8130515944580127,0.3307355669298282
0.7748109936701874,0.3627309699607049,0.02356254306915112,0.4993384083092844,0.0996313242255025,0.3292478983014108,0.6892032250364891,0.5249255364265479
0.08021563453983221,0.11020557310498785,0.2907907599171804,0.2646231952323142,0.2398090111109462,0.5618488852212653,0.7239792258766566,0.49593395978595506
0.7857200065843349,0.50914793354329,0.24187268706317236,0.13676882765850834,0.3623685137903775,0.9463236504230936,0.5685317672677568,0.2960879951945451
0.8297768255502287,0.5753252679537197,0.2624283413514723,0.1693744025905882,0.3497692922880501,0.9515405464352484,0.5732932071355832,0.3556458260104013
0.8297768286714791,0.5753252656214007,0.26242834768983603,0.16937440301344578,0.3497692932411884,0.9515405510671449,0.5732932095991363,0.3556458247654588
0.829776825940385,0.5753252676621798,0.26242834214376776,0.1693744026434454,0.3497692924071924,0.9515405470142353,0.5732932074435273,0.3556458258547835
0.7095987115878492,0.6125757629895842,0.035702867026096985,0.07818460485565074,0.38774363457810346,0.6268392761401939,0.6924559031801254,0.49095327149368656
0.7285826429956362,0.6244272276263182,0.03220798905582256,0.07559598678483248,0.3979131165046829,0.6107643359225763,0.6911664472661939,0.4926682431374939
0.690787559198769,0.6009629687404631,0.039244743464195375,0.08082358664204109,0.3775976169221524,0.6427879517681345,0.6938167750683235,0.48933905339827644
0.7286690325049896,0.6245465628201247,0.032231488289734544,0.07562116864261856,0.39792484863999705,0.6107012036277378,0.6912021552533272,0.49271861991169247
0.6906147801800621,0.6007242983528501,0.03919774499637141,0.08077322292646893,0.37757415265152405,0.6429142163578114,0.693745359094057,0.4892382998498792
0.4856458752929678,0.5670951690566169,0.23453221842271024,0.35441145891811376,0.7127081283373378,0.623854053195643,0.9228664669721647,0.6763590348356681
0.4475916229680403,0.5432729045893424,0.24149847512934713,0.3595635132019641,0.6923574323488647,0.6560670659257166,0.9254096708128945,0.6728787147738549
0.7099442696252629,0.61305310376481,0.03579686396174492,0.07828533228679502,0.38779056311936017,0.62658674696084,0.6925987351286584,0.49115477859048096
0.7287554220143432,0.6246658980139311,0.03225498752364653,0.07564635050040466,0.39793658077531124,0.6106380713328994,0.6912378632404604,0.4927689966858911
0.810732794164305,0.5634667587749311,0.2659270154399709,0.17193683992125364,0.3397037942135404,0.9674318623153655,0.5745125314537406,0.3539176642461969
0.8907087120602141,0.08786044712636965,0.5961741732942596,0.10108905104599972,0.20874248196616063,0.5766076660371091,0.6543451904745472,0.39258214967496774
0.9348361764443381,0.15395568998333384,0.616874813005758,0.13364116662831677,0.1961205322207642,0.5819736479136419,0.6590147111800705,0.4519996533855163
0.934831581818258,0.15395628258305052,0.616873907256976,0.13363750493978666,0.19612736815267112,0.5819583870708813,0.6590103533644822,0.4520011090422229
0.9347751553692878,0.1539639735274383,0.6168620416694172,0.13359338284052044,0.19621089323573693,0.581771727520923,0.6589569714925098,0.45201887053283957
0.8867125634589477,0.14143542618134178,0.6151411400126834,0.12981155724644808,0.2686663186491128,0.4249153175876738,0.3386215602633386,0.3081023346359915
0.8867075967463909,0.14143696214030224,0.6151385529932663,0.12980943413579227,0.26867278351179835,0.4249004639654561,0.3386171448886648,0.308103658184733
0.8864798408481269,0.14148045340913487,0.61506831556259,0.12965685842526764,0.26899707923806343,0.4241698955949031,0.33840578703475643,0.30817186922256445
0.8864737132295681,0.14148606333341868,0.6150584476260426,0.12966185512373885,0.2690012116191525,0.42415837375319193,0.338401562446223,0.30817246759341355
0.8865281990702403,0.1414340433446833,0.6151501979233631,0.129618184991833,0.26896780972924766,0.42426264980658046,0.3384215490538065,0.3081504138177125
0.886414324640558,0.141498273620422,0.6150385626265086,0.12962384725675963,0.2690848621354031,0.4239694734144853,0.33834673550000655,0.30819001437489135
0.886413974530561,0.14149859427453376,0.6150379988638115,0.12962413288643737,0.2690850985208687,0.42396881610579285,0.3383464943117962,0.3081900483753486
0.8864591356530535,0.14148615871771,0.6150587788327364,0.1296465732090161,0.26902474241728247,0.42410669835406345,0.3383871497642912,0.3081775834366389
0.8864241925146521,0.14149465916089693,0.6150447132326069,0.12962691193729411,0.2690725989610852,0.42399795180251226,0.3383553223231769,0.30818754188594505
0.886416621953598,0.14149797732056363,0.6150390155008996,0.1296256781010247,0.2690814441694496,0.4239771038358656,0.3383489144078007,0.30818928654653804
0.8863356025478616,0.14151373027430206,0.6150135201303395,0.1295719791744177,0.2691965088221574,0.4237177336855736,0.3382738201827415,0.30821347417209677
0.7749048686461706,0.17054429772576601,0.40681230556383513,0.04781834921491121,0.3173969964227897,0.11330265238244341,0.4503982178302878,0.425279240201933
0.6505308631305496,0.5802652397583914,0.055374047119733205,0.08584870888756976,0.4607664478849012,0.49827810487236446,0.3660422466552997,0.3276710257389095
0.7074826573539108,0.6158196336685935,0.04488941320890988,0.07808285467511508,0.4912748936646395,0.4500532842195119,0.36217387891350517,0.3328159406703315
0.6257816600017772,0.2720867220131204,0.44776797418547404,0.8635753454246479,0.4594711909780039,0.49094429764703046,0.48146679686157356,0.4334417244509219
0.737135577572479,0.34560449108700797,0.04039460142119505,0.50511884308576,0.18315162701928642,0.18284049236802363,0.36249868923169676,0.36476366806867766
0.7156463503934412,0.33029230582988667,0.043208001608022295,0.5069771872807821,0.1726419131685958,0.20074626913595592,0.36275261351876364,0.36158776997311104
0.7725981446168022,0.3658466997400889,0.03272336769719897,0.49921133306832743,0.20315035894833414,0.15252144848310328,0.358884245776969,0.36673268490453304
0.2171024711851153,0.1355411271786642,0.5376693745062054,0.37992596750881436,0.27136016544958674,0.7228963280432502,0.2834512465610871,0.27244337021458154
0.8654116810088739,0.3248493240607573,0.24454745551285373,0.5838110899937989,0.14420942997361155,0.48028398591161814,0.2484179328799193,0.2478139552748111
0.916359186038924,0.15155846307333745,0.6176175080681432,0.13130606626290744,0.25571195982851697,0.46571732810114,0.43782321967578236,0.35089960128678266
0.9177235186161523,0.14990703200592206,0.6205217341065672,0.13026804035804573,0.25534135188277374,0.46866452885329524,0.43553106208874215,0.3477103835262036
0.9163352936805714,0.1515634731174645,0.6176093349016145,0.13129097779084442,0.2557455155423417,0.4656415096740768,0.43780119488556474,0.35090663235461417
0.916334527909558,0.15156357188408395,0.6176091839434841,0.13129036750942275,0.2557466548643262,0.4656389662002834,0.4378004685829667,0.35090687496406525
0.9163329088400322,0.1515638495808508,0.6176087410865492,0.13128921835399882,0.25574899260466155,0.46563371492552347,0.437798955680718,0.35090736868308176
0.9163243103038867,0.15156509634072066,0.6176067986657672,0.13128264807319917,0.2557616433392237,0.4656054080594496,0.4377908457580344,0.3509100543872726
0.91632164090437,0.15156633599982278,0.6176046645207409,0.13128235580680842,0.2557646902359558,0.4655981848586122,0.43778860929115465,0.3509106501076607
0.916317374411807,0.15156723065055977,0.617603205026718,0.13127966143679717,0.2557706823277102,0.4655846458537795,0.4377846762929016,0.35091190565548774
0.9163122546207314,0.15156830423144416,0.6176014536338904,0.13127642819278365,0.25577787283781556,0.46556839904798025,0.43777995669499775,0.3509134123128802
0.8004189985202036,0.18506577716563277,0.39928331907922343,0.04453341033140812,0.29779070680923736,0.14844817172161,0.5541309422661688,0.4779540737198557
0.6570610615967958,0.5829352545615241,0.05133993860539593,0.0851523880748849,0.4309906763447694,0.5494985644291486,0.4710644270051123,0.3786308876130249
0.6760449930045827,0.5947867191982581,0.047845060635121506,0.0825637700040667,0.4411601582713489,0.5334236242115311,0.46977497109118077,0.38034585925683223
0.8571051192773305,0.3113300418369065,0.2539736733514423,0.5904528954582672,0.11090356196076046,0.5531883573511849,0.3502145035382782,0.2872532072523837
0.760152015555714,0.3566716848453552,0.03218576115683647,0.5011037349745404,0.16320546518698503,0.2198194718596902,0.46519679331415786,0.41598133415656274
0.7221841527401399,0.3329687555718871,0.039175517097385315,0.5062809711161769,0.14286650133382614,0.25196935229492523,0.467775705142021,0.4125513908689481
0.7412544736572805,0.3449395554024276,0.03570413836102282,0.5037175349031446,0.15304771539571976,0.23583127978246932,0.4665219572152227,0.414316739286954
0.8761060245517187,0.32315957053276234,0.250523445411717,0.587886213464452,0.12110158589749515,0.5371406179554087,0.3489052330888479,0.288922454072042
0.7601496143303078,0.356669652759397,0.03218524831356262,0.5011037019277784,0.16320535159581803,0.219818643353737,0.4651965055435964,0.4159801470970717
0.7411656829225208,0.3448181881226629,0.0356801262838371,0.5036923199985966,0.15303586966923863,0.2358935835713545,0.4664859614575279,0.4142651754532644
0.7412520724318743,0.3449375233164694,0.03570362551774908,0.5037175018563826,0.1530476018045528,0.23583045127651606,0.46652166944466117,0.41431555222746297
0.6881661231514218,0.5997004978478367,0.04112697422184175,0.0807556733223572,0.3920944497233036,0.6180656483081416,0.6421735134806908,0.4644679682934521
0.07682478602299558,0.10884009260125779,0.29283339663053554,0.26504501427179333,0.25477219042924637,0.5360992754068643,0.6712847856025541,0.47033066666948115
0.07077350617791789,0.10062764802483165,0.2894739206558681,0.2610526920633543,0.2564997042714,0.5347228709180999,0.6711995712209834,0.46333530352397734
0.6882397061252757,0.599808995249866,0.04114773829162688,0.08078067893074595,0.39210557603906054,0.617998097314886,0.642207686691496,0.46451201408369847
0.7262075689408498,0.6235119245233341,0.03415798235107803,0.07560344278910949,0.4124445398922194,0.5858482168796508,0.6396287748636329,0.46794195737131317
0.764175431756424,0.6472148537968022,0.027168226410529128,0.07042620664747304,0.43278350374537833,0.5536983364444158,0.6370498630357699,0.47137190065892787
0.6691693852081353,0.5878381954193255,0.04461911702798932,0.0833441151437781,0.38192436197716695,0.6341361698273419,0.6434614346182943,0.46274666566569256
0.6881533166159223,0.5996896600560596,0.041124239057714895,0.08075549707295987,0.3920938439037464,0.6180612296097243,0.6421719787043627,0.4644616373094999
0.7640890422470703,0.6470955186029957,0.027144727176617145,0.07040102478968696,0.4327717716100642,0.5537614687392542,0.6370141550486366,0.47132152388472925
0.7451915003486369,0.6353633891600682,0.030663104380803607,0.07301482471829127,0.42261402181879887,0.5697732766620334,0.6383393189497014,0.4696569290151205
0.7071372480237094,0.6115411246927936,0.03762936108744053,0.07816687900214164,0.40226332583032587,0.6019862893921069,0.6408825227904312,0.46617660895330726
0.07213313280584077,0.10249164108970091,0.2902413132832929,0.26197346039509506,0.25609930467478037,0.535027823760764,0.6712148526946857,0.46493139374655124
0.7659782755818996,0.12684239931643512,0.36672549869800936,0.01203988060793243,0.26202057410159757,0.22240404078911746,0.7258968017314403,0.508267283591357
0.8125264671178061,0.19001422076075858,0.3925673634301146,0.04274911855906821,0.24873199743121566,0.2329925424419975,0.7265532022027488,0.5620770987185476
0.7071363930099723,0.611586627430118,0.037634227015738264,0.07819086016090851,0.4022709308199066,0.6018930547143011,0.6409077751138292,0.4661838558993314
0.7070500035006191,0.6114672922363116,0.03761072778182628,0.07816567830312246,0.4022591986845924,0.6019561870091394,0.640872067126696,0.46613347912513287
0.76400179772398,0.6470216861465137,0.027126093871002954,0.07039982409066778,0.4327676444643308,0.5537313663562868,0.6370036993849013,0.4712783940565549
0.7450178663161929,0.6351702215097796,0.030620971841277433,0.07298844216148598,0.42259816253775134,0.5698063065739044,0.6382931552988329,0.4695634224127475
0.7451042558255465,0.6352895567035861,0.030644471075189417,0.07301362401927208,0.4226098946730655,0.569743174279066,0.6383288632859662,0.4696137991869461
0.4449565253714566,0.5420450986422634,0.24338283665116445,0.3595194047916498,0.7068612643200395,0.6312471090895007,0.8737901267723317,0.6480085456311024
0.06472541620571465,0.10236098967395274,0.29716636433541876,0.26604971083001966,0.29200878644961675,0.47047544964041343,0.539114583025244,0.40453175463606555
0.06472461579724592,0.10236031231196666,0.2971661933876608,0.2660496998144323,0.29200874858589443,0.4704751734717624,0.5391144871017234,0.40453135894956854
0.06471741212102744,0.102354216054092,0.2971646548578395,0.26604960067414635,0.2920084078123935,0.4704726879539027,0.5391136237900389,0.40452779777109543
0.06471661171255871,0.10235353869210592,0.29716448391008154,0.266049589658559,0.2920083699486712,0.4704724117852516,0.5391135278665183,0.4045274020845984
0.06471541109985562,0.10235252264912681,0.2971642274884446,0.266049573135178,0.2920083131530877,0.470471997532275,0.5391133839812376,0.4045268085548529
0.0647146106913869,0.10235184528714072,0.2971640565406867,0.2660495621195907,0.29200827528936535,0.4704717213636239,0.5391132880577171,0.4045264128683559
0.06471341007868386,0.10235082924416161,0.29716380011904986,0.2660495455962097,0.2920082184937819,0.47047130711064733,0.5391131441724364,0.40452581933861037
0.06471260967021514,0.10235015188217553,0.2971636291712919,0.26604953458062236,0.29200818063005957,0.47047103094199627,0.5391130482489158,0.40452542365211336
0.06471180926174636,0.10234947452018947,0.29716345822353396,0.26604952356503503,0.29200814276633724,0.47047075477334516,0.5391129523253954,0.40452502796561635
0.06471100885327769,0.10234879715820339,0.29716328727577607,0.2660495125494477,0.29200810490261486,0.4704704786046941,0.5391128564018748,0.40452463227911933
0.06470940803634023,0.10234744243423124,0.29716294538026017,0.26604949051827304,0.2920080291751702,0.4704699262673919,0.5391126645548338,0.4045238409061253
0.0647086076278715,0.10234676507224519,0.2971627744325023,0.2660494795026857,0.2920079913114479,0.47046965009874087,0.5391125686313133,0.4045234452196283
0.06470780721940284,0.1023460877102591,0.2971626034847443,0.2660494684870984,0.29200795344772557,0.4704693739300898,0.5391124727077928,0.4045230495331313
0.06470660660669975,0.10234507166727999,0.2971623470631074,0.2660494519637174,0.2920078966521421,0.47046895967711316,0.539112328822512,0.40452245600338577
0.06470580619823096,0.1023443943052939,0.2971621761153495,0.26604944094813004,0.2920078587884198,0.4704686835084621,0.5391122328989916,0.40452206031688875
0.0647050057897623,0.10234371694330785,0.2971620051675916,0.2660494299325427,0.29200782092469746,0.470468407339811,0.539112136975471,0.40452166463039174
0.06470420538129357,0.10234303958132177,0.29716183421983366,0.2660494189169554,0.29200778306097513,0.47046813117115993,0.5391120410519505,0.40452126894389473
0.06470340497282484,0.10234236221933568,0.2971616632720757,0.26604940790136805,0.2920077451972528,0.4704678550025089,0.53911194512843,0.4045208732573977
0.06470260456435611,0.10234168485734962,0.29716149232431777,0.2660493968857807,0.2920077073335305,0.4704675788338578,0.5391118492049095,0.4045204775709007
0.06470180415588744,0.10234100749536354,0.2971613213765599,0.2660493858701934,0.29200766946980816,0.4704673026652067,0.5391117532813889,0.4045200818844037
0.8874865535647727,0.14180090151521635,0.6147870541481941,0.12987230557362223,0.2651108710044501,0.4312001601070259,0.35137013402162653,0.31423461457349544
0.8875118336800194,0.14174071038890318,0.614894204765529,0.12978320119696082,0.26513324400287286,0.4311888425368483,0.35134984694240623,0.3142164247111233
0.887147906586612,0.14185194865907097,0.6147070615000096,0.12961752515617792,0.2656071027689833,0.4300888833683315,0.35105137211984216,0.3143398461497019
0.8868718285257116,0.14193005187545185,0.6145763232461889,0.1294846019216793,0.2659739686025518,0.4292498861024238,0.35080354108496414,0.3144154474610483
0.8868691811026747,0.14193066882942199,0.614575306609101,0.12948305670709195,0.26597762295397087,0.42924159837235104,0.35080112098895966,0.31441620928985886
0.6512689490934122,0.580665726092028,0.054944853343860234,0.08589252390682803,0.4571829514965768,0.5044856981473502,0.3788661589694427,0.333895260090791
0.8881173254273992,0.1415735153809946,0.6151728679160428,0.1300842441685028,0.2643233855930822,0.43303835497446563,0.3518952004575162,0.31404903823413866
0.8879540019298748,0.14170048067099944,0.6149505636243959,0.1301637013596335,0.26445582298763265,0.4326810320190052,0.35180071237514127,0.3140972900134404
0.8874910980966153,0.14179964958039484,0.6147884381857941,0.12987567612468093,0.26510377975521643,0.4312159401741534,0.35137468506366487,0.31423292707308303
0.8874427450187949,0.14180657474608035,0.6147776693749716,0.12983855275073092,0.26517500868191846,0.43105660152723013,0.3513290513320605,0.3142480538601947
0.8874033837832369,0.14181550840152043,0.6147629835813478,0.1298150889022434,0.2652295875677386,0.43093294288483147,0.35129299108020373,0.31425944729189553
0.8868981677832835,0.14190642856517302,0.6146171306027621,0.1294652516399327,0.26595465127319895,0.42930216119154413,0.350822311279545,0.3144123163659781
0.8868697217244521,0.1419300710547536,0.6145756539747008,0.12948351866588112,0.2659763465073924,0.4292443324161652,0.35080191992390264,0.3144157518369306
0.7756425544047987,0.17094444537840978,0.4063830263140832,0.04786215872637578,0.3138134811026041,0.11951010757310354,0.46322208218267047,0.431503276710566
0.8985205279106194,0.11395574916588028,0.5788462837992352,0.09160914649711868,0.30812038911134126,0.37422489458440744,0.3473703842826529,0.2653839401951216
0.9449349328850052,0.17725038195102963,0.6044722853520171,0.12242067529631193,0.2949206601182674,0.38455354692184257,0.3479601976555749,0.31923274544190033
0.9444923824118858,0.17731042225567786,0.6043797258943508,0.12207405456072337,0.2955760327591325,0.38308907036976897,0.34754143349363614,0.3193721261622996
0.944437547379665,0.17735461806343242,0.6043022492896128,0.12210644034558021,0.2956192789204661,0.3829750632855222,0.3475016703563114,0.3193791338184204
0.9444600050168763,0.1772952042181453,0.6044081013885111,0.12201593356917034,0.2956454244630407,0.3829551293309256,0.3474788425869815,0.31936172278508745
0.9440955747349533,0.17740630076434868,0.6042212299868843,0.12184943302470744,0.29612024526203645,0.3818531196701348,0.34717982235297706,0.31948536133277416
0.9087224617782175,0.3464602255695175,0.22766885433913278,0.5785533884306376,0.0528571935007453,0.6398215263967231,0.603538812252483,0.4226932139726524
0.9087224645093116,0.34646022352873834,0.22766885988520102,0.578553388800638,0.052857194334741286,0.6398215304496324,0.6035388144080919,0.42269321288332773
0.9087224641191554,0.3464602238202782,0.22766885909290555,0.5785533887477808,0.052857194215599035,0.6398215298706453,0.6035388141001478,0.4226932130389455
0.9087224602175923,0.34646022673567695,0.22766885116995092,0.5785533882192089,0.05285719302417613,0.6398215240807749,0.6035388110207064,0.4226932145951237
0.9087224625585302,0.3464602249864377,0.2276688559237237,0.5785533885363521,0.05285719373902986,0.6398215275546971,0.6035388128683712,0.4226932136614168
0.9087224648994678,0.3464602232371985,0.22766886067749648,0.5785533888534953,0.052857194453883594,0.6398215310286195,0.603538814716036,0.42269321272770993
0.9087224652896242,0.3464602229456586,0.22766886146979196,0.5785533889063523,0.0528571945730259,0.6398215316076066,0.6035388150239801,0.4226932125720921
0.908722463728999,0.3464602241118181,0.22766885830061012,0.5785533886949237,0.05285719409645673,0.6398215292916583,0.6035388137922035,0.4226932131945634
0.9087224613880611,0.34646022586105735,0.22766885354683733,0.5785533883777805,0.052857193381602996,0.639821525817736,0.6035388119445387,0.42269321412827027
0.7964484332909822,0.3757259674477318,0.019036163841779585,0.49622651637322385,0.10203192497283312,0.32685524352232154,0.7150235739308836,0.5401529084872876
0.7778612199824269,0.36410457031510807,0.022515940793800815,0.49869380868122365,0.09172637106869017,0.3431661099129727,0.716722488409098,0.5387641209340417
0.7774645018831952,0.3638745028109977,0.022531041812054065,0.498815134444042,0.09186244304625371,0.3429301837399391,0.716313029844815,0.5384379368434803
0.7584805704754082,0.3520230381742636,0.026025919782328544,0.5014037525148604,0.08169296111967428,0.3590051239575566,0.7176024857587466,0.5367229651996729
0.7967587618808604,0.37583669975803563,0.018997563589614352,0.4960800087526194,0.10188412085995541,0.3271543019901936,0.7153973245080333,0.5404287158036505
0.7591012276551644,0.35224450279487146,0.025948719277997967,0.5011107372736513,0.08139735289391886,0.35960324089330076,0.7183499869130461,0.5372745798323987
0.7313237413307007,0.6256911117133965,0.031200243454274412,0.07509791130075727,0.3901560242563318,0.6243839033192428,0.7183121039469338,0.5062316138583703
0.08231646568765683,0.11123139720279959,0.2898560265998935,0.2644178651075584,0.23234659942715352,0.5748635695502362,0.7503750312768447,0.5089360215549289
0.7901079944928799,0.14089811353671636,0.36027920689797466,0.008946138625493205,0.24990294135001534,0.2448750052511816,0.8032942240710685,0.548286552122611
0.8366561860287867,0.2040699349810398,0.3861210716300799,0.03965537657662904,0.23661436467963345,0.25546350690406167,0.8039506245423769,0.6020963672498016
0.7502500433287399,0.6374938062871333,0.027693057245429142,0.07250850010765111,0.40032277999490384,0.6082890789587476,0.7170157415395259,0.5079180960743928
0.06197541520936961,0.10191386299789215,0.3000375803199199,0.2665974708679095,0.3107831776550851,0.43880204202125234,0.47342492644987844,0.3732635162032924
0.06197381439243216,0.10191250827392001,0.30003723842440405,0.26659744883673486,0.31078310192764047,0.43880148968395016,0.4734247346028374,0.3732627248302984
0.06197301398396343,0.1019118309119339,0.3000370674766461,0.26659743782114753,0.31078306406391815,0.4388012135152991,0.47342463867931694,0.37326232914380136
0.06197141316702598,0.10191047618796176,0.30003672558113026,0.26659741578997287,0.3107829883364735,0.43880066117799693,0.4734244468322759,0.37326153777080734
0.06197061275855731,0.10190979882597567,0.3000365546333723,0.26659740477438554,0.3107829504727512,0.4388003850093459,0.4734243509087554,0.3732611420843103
0.0619690119416198,0.10190844410200353,0.30003621273785647,0.2665973827432109,0.3107828747453065,0.4387998326720437,0.4734241590617144,0.3732603507113163
0.06196821153315113,0.10190776674001745,0.3000360417900985,0.26659737172762354,0.3107828368815842,0.43879955650339264,0.4734240631381939,0.3732599550248193
0.06196661071621368,0.1019064120160453,0.3000356998945827,0.2665973496964489,0.31078276115413955,0.4387990041660905,0.4734238712911529,0.37325916365182527
0.06196581030774495,0.10190573465405925,0.3000355289468247,0.2665973386808615,0.31078272329041723,0.4387987279974394,0.47342377536763236,0.37325876796532825
0.0619642094908075,0.10190437993008711,0.3000351870513089,0.26659731664968683,0.3107826475629726,0.4387981756601373,0.47342358352059133,0.37325797659233423
0.06196340908233883,0.10190370256810102,0.300035016103551,0.2665973056340995,0.31078260969925026,0.4387978994914862,0.47342348759707087,0.3732575809058372
0.061961808265401375,0.10190234784412888,0.3000346742080351,0.26659728360292484,0.3107825339718056,0.43879734715418406,0.47342329575002984,0.3732567895328432
0.06196100785693265,0.10190167048214277,0.3000345032602772,0.2665972725873375,0.3107824961080833,0.43879707098553294,0.4734231998265093,0.3732563938463462
0.06195900683576089,0.1018999770771776,0.3000340758908824,0.2665972450483692,0.3107824014487775,0.43879638056390524,0.47342296001770806,0.37325540463010365
0.061958206427292106,0.10189929971519154,0.30003390494312443,0.26659723403278185,0.3107823635850552,0.4387961043952542,0.47342286409418755,0.37325500894360664
0.06195420438494853,0.10189591290526115,0.3000330502043348,0.2665971789548452,0.31078217426644356,0.4387947235519988,0.473422384476585,0.3732530305111216
0.061953403976479804,0.10189523554327509,0.30003287925657685,0.26659716793925786,0.31078213640272123,0.4387944473833477,0.4734222885530645,0.37325263482462456
0.06195180315954241,0.10189388081930292,0.300032537361061,0.2665971459080832,0.3107820606752766,0.4387938950460456,0.4734220967060235,0.37325184345163054
0.061950202342604954,0.10189252609533078,0.30003219546554516,0.26659712387690854,0.31078198494783194,0.43879334270874343,0.4734219048589825,0.3732510520786365
0.0619486015256675,0.10189117137135864,0.30003185357002926,0.2665971018457339,0.3107819092203873,0.43879279037144125,0.47342171301194147,0.3732502607056425
0.7269823697019226,0.105747405968494,0.37993105205087535,0.0168230727857272,0.32715706831460745,0.108247680666958,0.4623618181117264,0.37634124682865505
0.773996114184643,0.16955111177305462,0.4060313867760246,0.04783949966323359,0.3137355954257824,0.11894202865783854,0.46302476750098787,0.43068934958621097
0.6975275498800172,0.5747251653823022,0.011018267029908213,0.04191023935304966,0.5213739207410674,0.41284833318000325,0.37155853513924936,0.2873075023782
0.6979931739678163,0.5753572168640337,0.011276788274566352,0.04221752552287161,0.5212410142593118,0.4129541403224664,0.3715650683232734,0.28784598037178505
0.6965966574093467,0.5734618980263108,0.010501480798662644,0.04129615323066227,0.5216396823880168,0.4126365229173901,0.3715453901015566,0.2862314982071288
0.744541365503723,0.6385290383083572,0.037118653006671554,0.0729267634740074,0.5079524375889299,0.42354264197534636,0.37222146879458184,0.3416557954989756
0.706573502688149,0.614826109034889,0.0441084089472204,0.07810399961564385,0.4876134737357711,0.45569252241058145,0.3748003806224449,0.338225852211361
0.8309471079995354,0.2051048283212707,0.39554658191744335,0.04007363443519163,0.3442440033417984,0.07071693183633487,0.45915630383567274,0.43583386883113595
0.697526349267314,0.5747241493393231,0.011018010608271345,0.04191022282966872,0.5213738639454839,0.41284791892702666,0.3715583912539686,0.28730690884845445
0.8214331922351314,0.1643681432000649,0.3621968423080104,0.00357101558417372,0.3781374642462638,0.027767148338915193,0.45590803302603533,0.38437340166312806
0.8218985584006676,0.1650001902437919,0.36245538058201776,0.0038784907331045892,0.37800451830602244,0.027872739005977976,0.4559144867804412,0.3849120625399042
0.7265122368008283,0.10510897280394862,0.3796707024503259,0.01651341421851843,0.3272900885928305,0.10814184762711349,0.46235532680967506,0.375796815215056
0.05727080838443693,0.09933413698877622,0.30217236021498484,0.26651436056954614,0.32977528483870056,0.4065653923314254,0.40760011901290333,0.34040884961585777
0.7459615610158308,0.11759314853238226,0.3764345847898645,0.01423284924954521,0.33732654406743356,0.09217212481900883,0.46107218228481556,0.3780513920717095
0.7829968506187592,0.14002946358196885,0.3689270346151371,0.008439771095604287,0.3579314353753025,0.05981100155650809,0.4584803606682203,0.38040170680704855
0.7644790679273499,0.1288118843253988,0.37268101462717407,0.0113369339933177,0.3476288946120462,0.0759911012902772,0.45977609726333946,0.37922749003543477
0.40279548352795713,0.5496535935728896,0.17727493989728874,0.20408015675350616,0.579691637738553,0.5347804551516077,0.46911517171797884,0.4268681580995043
0.8499270373649788,0.2169529061480744,0.3920508492083793,0.037484961286436747,0.35441329594976617,0.054640610775461895,0.4578663683041386,0.43754686204245824
0.8499266371607445,0.21695256746708136,0.3920507637345003,0.037484955778643025,0.35441327701790504,0.05464047269113642,0.4578663203423784,0.43754666419920973
0.8033780454206034,0.15378040734176485,0.3662088135285161,0.006775712319713634,0.3677018347564257,0.04405183295393089,0.45720987190930973,0.3837366512287706
0.059843209009594056,0.10161353421726413,0.30234903238261734,0.2670366119184684,0.3258058976767408,0.4134867074106696,0.42088132591177296,0.34828244010337084
0.05984280880535975,0.10161319553627113,0.30234894690873837,0.2670366064106747,0.3258058787448796,0.4134865693263441,0.4208812779500127,0.34828224226012233
0.07172014924812659,0.7681661526202814,0.63165412333128,0.34105447663075356,0.17981904489181852,0.18475589781588347,0.1782768867196885,0.8781084577903252
0.05984200839689102,0.10161251817428504,0.3023487759609804,0.2670365953950874,0.32580584088115727,0.41348629315769303,0.4208811820264922,0.3482818465736253
0.05984160819265666,0.10161217949329199,0.30234869048710145,0.26703658988729373,0.32580582194929614,0.4134861550733675,0.42088113406473193,0.3482816487303768
0.0717189486354235,0.7681651365773023,0.6316538669096432,0.34105446010737256,0.17981898809623503,0.18475548356290686,0.1782767428344078,0.8781078642605797
0.059841207988422296,0.10161184081229896,0.30234860501322247,0.26703658437950006,0.32580580301743495,0.41348601698904197,0.4208810861029717,0.3482814508871283
0.059840007375719206,0.10161082476931985,0.3023483485915856,0.26703656785611907,0.3258057462218515,0.4134856027360653,0.42088094221769096,0.3482808573573828
0.0717173478184861,0.7681637818533301,0.6316535250141273,0.3410544380761979,0.17981891236879038,0.18475493122560474,0.17827655098736678,0.8781070728875857
0.21746623915506258,0.1358488602421079,0.5362157696701735,0.37926951788006985,0.2647355222615124,0.7334165562780735,0.3091469977261242,0.2851839926917432
0.059838406558781754,0.1016094700453477,0.30234800669606976,0.2670365458249444,0.32580567049440684,0.41348505039876315,0.4208807503706499,0.34828006598438876
0.07171574700154865,0.7681624271293581,0.6316531831186114,0.34105441604502323,0.17981883664134574,0.1847543788883026,0.17827635914032575,0.8781062815145917
0.18279258663228237,0.7392276251148435,0.8396784830434572,0.42257811159445724,0.1320371325558051,0.49409641652445413,0.0658858702921698,0.7611990081920159
0.21746303752118767,0.1358461507941636,0.5362150858791418,0.3792694738177205,0.2647353708066231,0.7334154516034692,0.30914661403204213,0.28518240994575517
0.059835204924906904,0.1016067605974034,0.302347322905038,0.2670365017625951,0.32580551903951754,0.41348394572415886,0.4208803666765679,0.3482784832384007
0.0717125453676738,0.7681597176814137,0.6316524993275797,0.3410543719826739,0.17981868518645644,0.18475327421369825,0.17827597544624374,0.8781046987686036
0.18279058561111056,0.7392259317098784,0.8396780556740624,0.4225780840554889,0.1320370378964993,0.49409572610282637,0.06588563048336854,0.7611980189757734
0.23868230395379575,0.862826413763992,0.6080356533843748,0.27741784291061455,0.40177778736799075,0.8526859654256009,0.09824113561752101,0.6919319058051538
0.23868190374956139,0.862826075082999,0.6080355679104958,0.2774178374028209,0.40177776843612956,0.8526858273412754,0.09824108765576073,0.6919317079619054
0.18278778418147007,0.739223560942927,0.8396774573569096,0.42257804550093325,0.13203690537347118,0.49409475951254767,0.06588529475104676,0.7611966340730338
0.9285799557131365,0.1653094863804776,0.608488355123278,0.12518290245935088,0.2825415473998691,0.40604257889813733,0.3520327944483487,0.3180649972373258
0.9282931621559263,0.1653552231315293,0.6084161107307304,0.12497226988981297,0.2829592085528163,0.4051060587815199,0.35176366778737533,0.3181534161542408
0.9281869834359652,0.16539584727986598,0.6083468731538745,0.12494284121143032,0.28308945296791543,0.40480290368127725,0.35167186649134485,0.3181795095255757
0.9283879813457155,0.16516250238682134,0.6087592591222162,0.12471643791651041,0.2830117194398943,0.4051365885452683,0.35166354827615576,0.31803987378219445
0.9281527449053855,0.16540549906298468,0.6083306858236741,0.12492628687825094,0.28313493341386026,0.4046987324810984,0.35164110603773535,0.31818891235783625
0.9281503953160479,0.16540704086972893,0.6083279789886348,0.12492695562199688,0.2831371214704871,0.4046931650356179,0.3516392780765274,0.31818932054777316
0.9276756135035702,0.16549238274379113,0.6081910940370535,0.12459798499422206,0.28381861194972785,0.40316043572484206,0.3511969186012581,0.31833300906942147
0.9276553954315598,0.16551089993566567,0.6081585383258867,0.12461448021382518,0.2838322634486505,0.4031224773058251,0.35118299059799885,0.31833497228459
0.9276865521962677,0.16550227774902063,0.6081730157718829,0.12462985890430861,0.28379076291129895,0.4032176694012658,0.35121105480253123,0.3183263508642485
0.927707078270777,0.16549851948656302,0.6081790001135837,0.12464395362653391,0.28376128709996823,0.4032836787153331,0.35123012993347547,0.318320187923154
0.9273037750324982,0.1655527386568663,0.6080955291850858,0.1243270574686374,0.2843590340184652,0.4019481415197401,0.35084833442370345,0.3184473524847608
0.9272248509888664,0.16560031688393567,0.608012809115611,0.12434081015909978,0.28443783554678337,0.40175462943920487,0.35078581471762915,0.3184619150343232
0.9272284231571352,0.1656000672997914,0.6080131557799959,0.12434408349488002,0.2844323346373335,0.4017669342169196,0.3507892829824243,0.318460712791077
0.9272271263254267,0.16560064328920931,0.6080121444820636,0.12434389395156137,0.284433810126143,0.40176332438982043,0.35078817725454803,0.3184610210975475
0.9272253337615275,0.16560108014687255,0.6080114229129621,0.1243428878224051,0.2844362665357803,0.4017577467766625,0.35078654498997075,0.31846153119432136
0.9271932620394527,0.16560755621450288,0.6080009016517437,0.1243221254563566,0.28448157111992883,0.40165551285950996,0.35075689816295447,0.31847103795678944
0.9272145515346397,0.16560192134250581,0.608010295791166,0.12433316635350275,0.2844528931577299,0.40172095121924084,0.3507761425727346,0.3184650945201533
0.8148895210861641,0.194970394447139,0.39914206140113334,0.041948633674230185,0.33340053179392287,0.08876148405153717,0.46247926128182365,0.4361775253277622
0.6715315841627563,0.5928398718430303,0.05119868092730584,0.08256761141770694,0.46660050132945496,0.4898118767590758,0.37941274602076713,0.3368543392209314
0.7094994469783303,0.6165428011164984,0.04420892498675705,0.07739037527607051,0.4869394651826139,0.4576619963238407,0.37683383419290406,0.34028428250854603
0.9132409944702646,0.12454615608833719,0.650517580840851,0.14155671378842338,0.24530413262313533,0.526902041326685,0.46289010154849364,0.33591956566086284
0.23274891965515634,0.13004565271693685,0.5490859807239908,0.38393923323856327,0.23807700881831567,0.8057288667696223,0.4194009441483694,0.32468687328269935
0.9589401412737373,0.17137318903734625,0.6160992616791139,0.12617240513611255,0.26610016369287814,0.45907981099083006,0.4702875443945453,0.3652187645970771
0.9399546090490127,0.15952036967664004,0.6195937977538724,0.1287610011757561,0.25593060603885404,0.47515419887114546,0.4715768084614358,0.3635030015802757
0.7825720859226213,0.17304846723765996,0.4009459070407409,0.04678631248957127,0.27633232329973906,0.18335016002224908,0.5947727147410268,0.4947464496597769
0.9701847846089385,0.16009377637867864,0.6400312374524484,0.1337907494200954,0.2758121997656504,0.4786744589873216,0.45902077457149393,0.3410605237273147
0.9589337380059875,0.17136777014145765,0.6160978940970503,0.1261723170114139,0.26609986078309955,0.4590776016416215,0.4702867770063812,0.365215599105101
0.24401919113440393,0.11875511192131713,0.5730307359850118,0.3915720281379078,0.24774991120657872,0.8254114035123781,0.40816004727805855,0.30051877824668977
0.7825668832675747,0.17304406438475048,0.4009447958803144,0.046786240888253616,0.2763320771855439,0.18334836492601708,0.5947720912381435,0.49474387769754624
0.8015492138584244,0.18489417429751237,0.3974495760145241,0.04419760078626073,0.28650148338467873,0.1672728723710974,0.5934824434771709,0.49645805796835957
0.9399430031262164,0.159510547927842,0.6195913190113824,0.12876084144973982,0.2559300570148803,0.47515019442570483,0.47157541757038846,0.36349726412606903
0.24401278786665417,0.11874969302542851,0.5730293684029484,0.39157194001320916,0.2477496082968001,0.8254091941631694,0.4081592798898944,0.3005156127547136
0.782560479999825,0.1730386454888619,0.4009434282982509,0.04678615276355494,0.27633177427576533,0.18334615557680844,0.5947713238499794,0.4947407122055702
0.9019703378598298,0.13580355448245743,0.6265800492653837,0.13393801149785228,0.2355908659793875,0.5072984178490335,0.4741537538571285,0.36006494671947226
0.24397875543368647,0.11875370886152684,0.5730147939638038,0.3915573737341805,0.24778834441222497,0.8253184056460687,0.4081323997401887,0.3005213122127423
0.9032585047708579,0.134591862693428,0.6291284807257549,0.1347915032580961,0.23644217183001748,0.5097057820267618,0.4730875053169785,0.35751256338538534
0.9019655354090175,0.13579949031054098,0.6265790235788362,0.13393794540432827,0.23559063879705355,0.5072967608371269,0.4741531783160054,0.3600625726004902
0.7825528761193721,0.17303221054999418,0.4009418042945506,0.04678604811547529,0.2763314145704032,0.18334353197462322,0.5947704125765346,0.4947369531838486
0.23401427492482588,0.1288146561113043,0.551629540173261,0.3847924110545682,0.23892723555285944,0.8081283601407948,0.418331961787885,0.3221232128834476
0.8395014687088582,0.208583895012252,0.3904564865926956,0.039020149840671314,0.3068397088952523,0.13511760664716627,0.590901661140658,0.49988028536928253
0.8348988241435378,0.2073932224122867,0.3947973947997618,0.039592220026956226,0.3365441799734632,0.08475420431775499,0.48644704484117934,0.449995715378744
0.06153436799748424,0.10266618879988723,0.3020178367766566,0.266939714815669,0.3221049368731329,0.4202177797052381,0.4341590195296389,0.3550981025473875
0.7968905407002933,0.18365608635852182,0.40177851787853525,0.0447688998814324,0.31620330400232693,0.11689013823611072,0.4890211125312568,0.4465457899230302
0.7566123520172416,0.3552525109704392,0.03467856668753733,0.5013390703063421,0.18161753228796204,0.18825757201307583,0.4000856206499588,0.3845675107487791
0.9225177842774751,0.3425513754507795,0.2381148999101131,0.5884694006425231,0.046970447091347844,0.6640877264055095,0.5632121770486628,0.39237641209300134
0.9225165983693484,0.3425545279078434,0.2381093122615773,0.5884726798798854,0.046968826582029055,0.66408688458618,0.5632186799994148,0.39238273659239736
0.9225156318600268,0.34255569976286887,0.2381072503590895,0.5884734133925282,0.04696908464296973,0.6640847953051702,0.5632203214022334,0.3923850130989465
0.9268529903496457,0.3416461618187963,0.23959106051346968,0.5912125358471301,0.04087755685787681,0.6778486123283296,0.5672186061017928,0.3911085697346183
0.9255235637520336,0.3419249256591603,0.2391363075293665,0.5903729718430533,0.0427446964611064,0.6736298769500444,0.565993093700327,0.39149979345775804
0.925523582869692,0.3419249113737064,0.23913634635184441,0.5903729744330559,0.04274470229907834,0.6736299053204102,0.5659931087895897,0.39149978583248507
0.9255235715551595,0.3419249198283628,0.23913632337527582,0.5903729729001972,0.0427446988439521,0.6736298885297856,0.5659930998592098,0.3914997903454017
0.9255235504867194,0.34192493557151604,0.2391362805913206,0.5903729700459086,0.042744692410268736,0.6736298572644844,0.5659930832302262,0.3914997987487638
0.7945520710906477,0.3751431363903724,0.020903883259829836,0.4960589682491051,0.11629925252227838,0.30202356701812594,0.6643431654540849,0.5159464140064675
0.7564978187657202,0.35132087192309785,0.0278701399664667,0.5012110225329555,0.09594855653380532,0.3342365797481994,0.6668863692948147,0.5124660939446543
0.7370819398111658,0.33887273131733153,0.031247521767181263,0.5036737313148433,0.08572041393065502,0.3506271814400092,0.66799728527308,0.5104992384298539
0.7561522607283063,0.350843531147872,0.027776143030818823,0.5011102951018112,0.09590162799254864,0.3344891089275532,0.6667435373462817,0.5122645868478598
0.5327177614895459,0.3060789483777435,0.22674648983090387,0.7774882403109906,0.420936514563668,0.33112509221397174,0.8973683490611204,0.6979726108350329
0.7578448214678402,0.3528636265590792,0.028113530521245156,0.5013666972057839,0.09594153804469774,0.33377805067801025,0.6676886157175637,0.5133464225514003
0.7945168416431121,0.37477652792545046,0.020771286072016615,0.4958117331973563,0.11610451986814396,0.3025751546653518,0.6645740840827017,0.516020714226036
0.7375650474197508,0.33922213401524837,0.03125591998283994,0.503577587409811,0.08559607408840561,0.3507999753182044,0.6684424518244962,0.510875799294614
0.947118201978329,0.16929674375165396,0.605662488597952,0.12653499876900137,0.21270619121766804,0.538931665123201,0.6216083052531106,0.44391480064770494
0.947118186372077,0.16929675541324898,0.6056624569061333,0.12653499665471354,0.21270618645197664,0.5389316419637187,0.621608292935345,0.4439148068724176
0.9471181910539526,0.16929675191477048,0.6056624664136789,0.1265349972889999,0.21270618788168405,0.5389316489115633,0.6216082966306746,0.44391480500500374
0.9471181941752029,0.16929674958245147,0.6056624727520427,0.12653499771185744,0.21270618883482234,0.5389316535434598,0.6216082990942279,0.44391480376006126
0.9471181848114518,0.16929675657940849,0.6056624537369515,0.12653499644328478,0.21270618597540752,0.5389316396477704,0.6216082917035685,0.4439148074948888
0.9471173330735645,0.16929693434339638,0.6056621650073287,0.1265344577807113,0.21270738487032753,0.5389289341627521,0.6216075063356944,0.443915057981983
0.9471173307326267,0.16929693609263563,0.6056621602535559,0.12653445746356812,0.21270738415547386,0.5389289306888297,0.6216075044880296,0.4439150589156899
0.9471089212971063,0.16929801203001413,0.6056605282367592,0.12652774627078867,0.21271992098642542,0.5389009733206362,0.6215995262454401,0.4439177220174107
0.9471079421080504,0.1692989060734962,0.6056589446129326,0.12652852953240018,0.21272056604247985,0.5388991414042754,0.6215988500442078,0.4439178220546163
0.9471079428883631,0.16929890549041646,0.6056589461975235,0.1265285296381146,0.2127205662807644,0.5388991425622496,0.6215988506600961,0.4439178217433806
0.9471079460096132,0.16929890315809745,0.6056589525358873,0.12652853006097214,0.2127205672339027,0.538899147194146,0.6215988531236493,0.44391782049843814
0.9471079456194571,0.16929890344963733,0.6056589517435917,0.12652853000811495,0.2127205671147604,0.5388991466151589,0.6215988528157051,0.44391782065405594
0.9471079467899259,0.16929890257501773,0.6056589541204782,0.12652853016668655,0.21272056747218726,0.5388991483521202,0.6215988537395375,0.4439178201872025
0.9471079444489883,0.16929890432425695,0.6056589493667054,0.12652852984954338,0.21272056675733358,0.5388991448781978,0.6215988518918727,0.4439178211209094
0.9471079553733643,0.16929889616114047,0.6056589715509784,0.12652853132954486,0.21272057009331755,0.5388991610898355,0.6215988605143086,0.44391781676361053
0.9471079436686756,0.16929890490733673,0.6056589477821145,0.12652852974382897,0.212720566519049,0.5388991437202237,0.6215988512759844,0.44391782143214503
0.9471079569339897,0.16929889499498094,0.6056589747201603,0.12652853154097363,0.21272057056988664,0.5388991634057837,0.6215988617460851,0.4439178161411393
0.9471079662977409,0.16929888799802395,0.6056589937352516,0.12652853280954635,0.2127205734293015,0.5388991773014731,0.6215988691367444,0.4439178124063117
0.9471079475702386,0.16929890199193798,0.6056589557050691,0.12652853027240094,0.21272056771047185,0.5388991495100943,0.6215988543554258,0.44391781987596685
0.9471079538127394,0.16929889732729997,0.6056589683817967,0.12652853111811607,0.2127205696167484,0.5388991587738872,0.621598859282532,0.4439178173860818
0.06435991431749094,0.10181377556197488,0.29692926281211585,0.2657438988520655,0.29214641563335053,0.4704041243837976,0.5391200245473543,0.40404292781782686
0.06482466685583582,0.10244498256022597,0.29718756185740186,0.26605107676284884,0.292013481551185,0.470509694553147,0.5391264775417868,0.40458081976169513
0.0648238664473671,0.10244430519823988,0.29718739090964397,0.2660510657472615,0.2920134436874627,0.4705094183844959,0.5391263816182663,0.4045804240751981
0.06482306603889837,0.10244362783625383,0.297187219961886,0.2660510547316742,0.29201340582374036,0.47050914221584483,0.5391262856947457,0.4045800283887011
0.06482186542619528,0.10244261179327471,0.2971869635402491,0.2660510382082932,0.29201334902815684,0.47050872796286825,0.539126141809465,0.4045794348589556
0.06481586236267989,0.10243753157837915,0.2971856814320647,0.2660509555913882,0.2920130650502394,0.47050665669798514,0.5391254223830613,0.404576467210228
0.0648146617499768,0.10243651553540004,0.2971854250104278,0.2660509390680072,0.2920130082546559,0.47050624244500855,0.5391252784977805,0.4045758736804825
0.06481386134150813,0.10243583817341398,0.2971852540626698,0.26605092805241987,0.2920129703909336,0.47050596627635743,0.53912518257426,0.40457547799398547
0.0648130609330394,0.1024351608114279,0.2971850831149119,0.26605091703683253,0.2920129325272113,0.4705056901077064,0.5391250866507394,0.40457508230748845
0.06481226052457068,0.10243448344944181,0.297184912167154,0.2660509060212452,0.29201289466348895,0.4705054139390553,0.539124990727219,0.40457468662099144
0.06481025950339886,0.10243279004447661,0.29718448479775916,0.2660508784822769,0.29201280000418317,0.4705047235174276,0.5391247509184177,0.4045736974047489
0.06480945909493019,0.10243211268249056,0.2971843138500012,0.26605086746668954,0.2920127621404608,0.47050444734877656,0.5391246549948971,0.4045733017182519
0.0648086586864614,0.10243143532050447,0.2971841429022433,0.2660508564511022,0.2920127242767385,0.47050417118012544,0.5391245590713767,0.4045729060317549
0.06480785827799274,0.10243075795851841,0.29718397195448537,0.2660508454355149,0.29201268641301614,0.4705038950114744,0.5391244631478561,0.4045725103452579
0.06480705786952401,0.10243008059653233,0.2971838010067275,0.26605083441992755,0.2920126485492938,0.4705036188428233,0.5391243672243357,0.40457211465876086
0.06480625746105528,0.10242940323454627,0.29718363005896953,0.2660508234043402,0.2920126106855715,0.4705033426741722,0.5391242713008152,0.40457171897226385
0.06480225541871171,0.1024260164246159,0.2971827753201799,0.26605076832640356,0.2920124213669599,0.47050196183091686,0.5391237916832126,0.4045697405397788
0.0647990537848368,0.10242330697667157,0.29718209152914815,0.26605072426405424,0.2920122699120706,0.47050085715631257,0.5391234079891306,0.4045681577937907
0.0647974529678994,0.10242195225269943,0.2971817496336323,0.2660507022328795,0.29201219418462593,0.4705003048190104,0.5391232161420896,0.4045673664207967
0.06479585215096195,0.10242059752872729,0.29718140773811647,0.26605068020170486,0.2920121184571813,0.4704997524817082,0.5391230242950485,0.40456657504780263
0.2414260123024898,0.8636794402594328,0.6058692665944804,0.2769903672577969,0.38678211444857247,0.878188422396645,0.15086334647352168,0.7171968186921679
0.2201873989950173,0.1366471995541147,0.5340305638831904,0.37883851309831384,0.24974072833096922,0.7589353886941237,0.361761349869309,0.31045599521425515
0.18551494708494015,0.7400269804698294,0.837493533678111,0.4221471233360823,0.11704239542084535,0.519615663193481,0.11850036632063538,0.7864716042442734
0.24142120985167748,0.8636753760875163,0.6058682409079328,0.27699030116427287,0.3867818872662385,0.8781867653847385,0.15086277093239858,0.7171944445731858
0.2414043620353241,0.8636259950623811,0.6058500899900418,0.2769868136879127,0.3867829578977605,0.8782047633796579,0.15085539298927847,0.7172046224612185
0.2201818366158656,0.13664306550097005,0.5340287222263433,0.3788383927626616,0.24974037236758778,0.7589330597718245,0.36176044244192906,0.3104535667316507
0.22018023579892818,0.13664171077699788,0.5340283803308276,0.37883837073148696,0.24974029664014313,0.7589325074345222,0.3617602505948881,0.3104527753586567
0.13032282139441503,0.8925566571046116,0.39782397037546974,0.19546306578782563,0.43456446577796115,0.568861219268235,0.2632453863617876,0.83410948120418
0.13032122057747758,0.8925553023806395,0.3978236284799539,0.19546304375665097,0.4345643900505165,0.5688606669309328,0.2632451945147467,0.834108689831186
0.13031801894360268,0.8925525929326952,0.3978229446889222,0.19546299969430164,0.4345642385956272,0.5688595622563286,0.26324481082066464,0.834107107085198
0.24139362089678523,0.8636168025714899,0.6058479129240617,0.27698667369892105,0.38678246639598607,0.8782011306357329,0.15085414883253467,0.7171992550165693
0.13033046958541,0.8925982446768886,0.3978401656939857,0.19546642727207503,0.4345629612624822,0.56884005286066,0.2632516651876958,0.8340947508984
0.13031361669702474,0.8925488674417719,0.3978220044762536,0.19546293910857132,0.43456403034515445,0.5688580433287477,0.26324428324130184,0.8341049308094644
0.07443429671520313,0.7689940761981948,0.6294815216034122,0.3406266007483548,0.16482198757545177,0.21024821702603885,0.23089559120966585,0.9033587086460733
0.2201637869451901,0.13662721737552547,0.5340255209243315,0.3788381881384876,0.24973961135116066,0.758927241718917,0.36175852012545406,0.3104443224625933
0.1303012103657596,0.8925383683309877,0.3978193547860057,0.1954627683669677,0.4345634434574584,0.5688537627146559,0.263242796426734,0.8340987976687607
0.24137641211470776,0.8636022392887891,0.6058442375472662,0.27698643686379343,0.3867816523259561,0.8781951930097347,0.15085208647684373,0.7171907477568835
0.24139159473833488,0.8636503136940317,0.6058619158408894,0.2769898935875416,0.38678048630851253,0.8781765471446487,0.1508592217621399,0.7171798041727964
0.1854777280911447,0.739995483137477,0.8374855846073672,0.4221466111112713,0.11704063475775728,0.5196028213512058,0.11849590587693187,0.7864532048221624
0.1302904048514319,0.8925292239441756,0.3978170469912736,0.1954626196565387,0.434562932297207,0.5688500344378664,0.2632415014592071,0.8340934559010511
0.058384864779587486,0.1003793806786365,0.3020375655676719,0.2670165415183493,0.3257369099746653,0.41298352812840766,0.42070655325740947,0.3475614993058138
0.058383263962650034,0.10037802595466436,0.302037223672156,0.26701651948717464,0.32573683424722066,0.4129829757911055,0.42070636141036843,0.3475607079328198
0.05838166314571264,0.10037667123069222,0.3020368817766402,0.267016497456,0.325736758519776,0.4129824234538033,0.4207061695633274,0.34755991655982577
0.058380062328775184,0.10037531650672007,0.30203653988112433,0.26701647542482526,0.32573668279233137,0.4129818711165012,0.4207059777162864,0.34755912518683174
0.058377661103369005,0.10037328442076182,0.30203602703785054,0.26701644237806327,0.3257365692011644,0.41298104261054797,0.4207056899457249,0.3475579381273407
0.05837606028643155,0.10037192969678968,0.3020356851423347,0.2670164203468886,0.32573649347371975,0.4129804902732458,0.42070549809868385,0.3475571467543467
0.058374459469494155,0.10037057497281754,0.3020353432468188,0.26701639831571394,0.3257364177462751,0.4129799379359437,0.4207053062516428,0.34755635538135266
0.0583728586525567,0.1003692202488454,0.302035001351303,0.2670163762845393,0.32573634201883045,0.4129793855986415,0.42070511440460184,0.34755556400835863
0.05836885661021307,0.10036583343891503,0.3020341466125134,0.2670163212066026,0.32573615270021883,0.4129780047553861,0.42070463478699927,0.3475535855758735
0.058367255793275674,0.10036447871494286,0.3020338047169975,0.26701629917542796,0.3257360769727742,0.412977452418084,0.4207044429399583,0.34755279420287954
0.05836565497633822,0.10036312399097072,0.30203346282148164,0.2670162771442533,0.32573600124532953,0.4129769000807818,0.42070425109291726,0.3475520028298855
0.05836405415940077,0.10036176926699855,0.3020331209259658,0.26701625511307864,0.3257359255178849,0.41297634774347963,0.4207040592458763,0.34755121145689144
0.05836245334246337,0.10036041454302641,0.3020327790304499,0.267016233081904,0.32573584979044024,0.4129757954061775,0.42070386739883525,0.34755042008389747
0.05836085252552592,0.10035905981905427,0.30203243713493405,0.2670162110507293,0.3257357740629956,0.41297524306887534,0.4207036755517942,0.3475496287109034
0.05835925170858847,0.10035770509508213,0.3020320952394182,0.26701618901955465,0.32573569833555094,0.41297469073157317,0.4207034837047532,0.34754883733790937
0.058357650891651014,0.10035635037110999,0.30203175334390236,0.26701616698838,0.3257356226081063,0.41297413839427105,0.4207032918577122,0.34754804596491534
0.05835605007471356,0.10035499564713782,0.3020314114483865,0.2670161449572053,0.32573554688066164,0.4129735860569689,0.4207031000106712,0.3475472545919213
0.05835204803237004,0.10035160883720742,0.30203055670959683,0.26701608987926867,0.32573535756205,0.4129722052137135,0.42070262039306866,0.34754527615943626
0.05835044721543259,0.10035025411323531,0.302030214814081,0.267016067848094,0.3257352818346054,0.41297165287641135,0.42070242854602763,0.34754448478644223
0.05834884639849508,0.10034889938926314,0.30202987291856515,0.26701604581691935,0.3257352061071607,0.4129711005391092,0.42070223669898665,0.3475436934134482
0.0700147516494607,0.10382900925837704,0.2927623588140511,0.2651855341884806,0.26201183090274216,0.5214597528192827,0.6443246141694638,0.45500058339533334
0.07001275062828893,0.10382731585341184,0.2927619314446563,0.2651855066495123,0.2620117362434363,0.521459062397655,0.6443243743606626,0.4549995941790908
0.07001114981135148,0.1038259611294397,0.29276158954914044,0.26518548461833763,0.2620116605159917,0.5214585100603529,0.6443241825136217,0.4549988028060968
0.07001034940288275,0.10382528376745365,0.2927614186013825,0.2651854736027503,0.26201162265226935,0.5214582338917018,0.6443240865901011,0.45499840711959977
0.07000914879017966,0.1038242677244745,0.2927611621797456,0.2651854570793693,0.2620115658566859,0.5214578196387252,0.6443239427048204,0.45499781358985425
0.07000794817747663,0.10382325168149542,0.2927609057581087,0.2651854405559883,0.2620115090611024,0.5214574053857486,0.6443237988195396,0.45499722006010873
0.07000674756477354,0.10382223563851631,0.29276064933647183,0.2651854240326073,0.2620114522655189,0.521456991132772,0.6443236549342588,0.4549966265303632
0.07000514674783609,0.10382088091454414,0.292760307440956,0.26518540200143265,0.26201137653807427,0.5214564387954699,0.6443234630872178,0.4549958351573692
0.07000314572666427,0.10381918750957897,0.2927598800715612,0.2651853744624643,0.26201128187876843,0.5214557483738421,0.6443232232784165,0.4549948459411266
0.07000234531819555,0.10381851014759289,0.2927597091238032,0.265185363446877,0.2620112440150461,0.5214554722051911,0.644323127354896,0.45499445025462965
0.07000034429702379,0.10381681674262769,0.2927592817544084,0.26518533590790866,0.2620111493557403,0.5214547817835633,0.6443228875460948,0.4549934610383871
0.06999834327585197,0.10381512333766252,0.2927588543850136,0.26518530836894033,0.2620110546964345,0.5214540913619357,0.6443226477372935,0.45499247182214453
0.06999674245891452,0.10381376861369038,0.29275851248949775,0.26518528633776567,0.26201097896898984,0.5214535390246335,0.6443224558902525,0.45499168044915056
0.06999474143774276,0.10381207520872518,0.29275808512010293,0.26518525879879734,0.26201088430968406,0.5214528486030058,0.6443222160814512,0.45499069123290803
0.06999354082503967,0.10381105916574607,0.292757828698466,0.26518524227541634,0.26201082751410054,0.5214524343500292,0.6443220721961704,0.45499009770316245
0.06998593694458682,0.10380462422687836,0.2927562046947657,0.2651851376273367,0.2620104678087385,0.5214498107478439,0.6443211609227256,0.4549863386814409
0.06998433612764937,0.10380326950290622,0.2927558627992498,0.26518511559616204,0.26201039208129384,0.5214492584105418,0.6443209690756846,0.45498554730844687
0.06998233510647756,0.10380157609794102,0.29275543542985505,0.2651850880571937,0.262010297421988,0.5214485679889141,0.6443207292668833,0.4549845580922043
0.06997393081755604,0.10379446379708723,0.29275364047839675,0.2651849723935267,0.26200989985290357,0.5214456682180778,0.644319722069918,0.45498040338398565
0.06997072918368114,0.10379175434914295,0.29275295668736506,0.26518492833117735,0.2620097483980143,0.5214445635434735,0.644319338375836,0.45497882063799766
0.9050170357451222,0.148670470279003,0.604540836965918,0.12757101044334745,0.18988760757857712,0.560818810875436,0.6156988760423395,0.442671805825127
0.9050120504901897,0.1486744080171477,0.6045338764806152,0.1275738062611352,0.18989153229916056,0.5608081557291631,0.6156952054233492,0.44267249763307104
0.905011109664178,0.14867466711082303,0.6045334436411364,0.1275733387945524,0.18989278981387786,0.5608052836010234,0.615694358526646,0.44267275724275074
0.9050102563656655,0.14867484604097042,0.6045331517423317,0.12757279992055015,0.18989398823222875,0.5608025758000569,0.6156935719269954,0.44267300835231616
0.9049309075371761,0.1486914867395961,0.6045060233059809,0.12752269089386573,0.1900054560196715,0.5605508158137523,0.6156204341632063,0.44269634911908884
0.904892611053327,0.14869642487565074,0.6044984572469885,0.12749217056725667,0.19006240723808518,0.5604235766204976,0.615584103029585,0.4427084920144547
0.9048851715943118,0.14870082811852559,0.6044908063807535,0.12749329981254154,0.19006991934434303,0.5604051863666678,0.6155781829665634,0.44270988745797435
0.9048465329336471,0.14870608710361002,0.6044826947115405,0.12746307137113513,0.19012712182903288,0.5602773553683044,0.615541626648451,0.4427220519309869
0.9048191834282847,0.14871305827859066,0.6044711189339171,0.12744833329945623,0.19016425630688735,0.5601928347958457,0.6155168227178804,0.4427297552202353
0.9048157043047951,0.14871564211457627,0.6044665988148841,0.12744993664803692,0.19016722761623017,0.5601851971796855,0.6155142272066523,0.4427302613332298
0.9048148510062826,0.14871582104472367,0.6044663069160796,0.12744939777403466,0.19016842603458106,0.560182489378719,0.6155134406070016,0.4427305124427952
0.9048139977077698,0.14871599997487106,0.604466015017275,0.1274488589000324,0.19016962445293195,0.5601797815777524,0.615512654007351,0.44273076355236063
0.9047431801303809,0.1487308567496859,0.6044418034093026,0.12740414183229096,0.19026911583284511,0.5599551328484021,0.6154473873662198,0.4427515877427262
0.904740876618185,0.14873114747696312,0.6044413345421027,0.12740230151358056,0.19027251114200872,0.5599474036761493,0.6154451873285548,0.44275233347464305
0.7930529702284161,0.17785411462952955,0.3960575124787227,0.045457784584574334,0.23869419529041014,0.2487995209230565,0.7274220724240185,0.5599900433505254
0.6876628961205824,0.599426521298889,0.041124376064346324,0.08089952618641466,0.3922331286791011,0.61770003319536,0.6417766453350989,0.4640968005313092
0.7066468275283695,0.611277985935623,0.0376294980940719,0.07831090811559643,0.4024026106056805,0.6016250929777425,0.6404871894211674,0.4658117721751165
0.7257171484455098,0.6232487857661635,0.034158119357709404,0.07574747190256428,0.41258382466757415,0.5854870204652866,0.6392334414943691,0.46757712059312245
0.8485397962442667,0.307842728906444,0.24188228952779456,0.5884893857995268,0.04122978063395749,0.6570809203332835,0.5306144858957216,0.3781645329566459
0.8485396215794245,0.30784288894196,0.2418820084387415,0.5884895286672229,0.041229898945832566,0.6570805922579241,0.5306143656095605,0.3781645498012567
0.9707461113408844,0.18555484694822771,0.5950017769756615,0.11935694825651322,0.21129593725615003,0.5327000984042441,0.6313447460972433,0.45624207076231216
0.9707452580423719,0.18555502587837513,0.595001485076857,0.11935640938251099,0.2112971356745009,0.5326973906032776,0.6313439594975927,0.4562423218718775
0.9707444047438594,0.1855552048085225,0.5950011931780523,0.11935587050850874,0.2112983340928518,0.532694682802311,0.6313431728979421,0.45624257298144294
0.9703074283779146,0.1856468972075162,0.5948516000494257,0.11908003842677567,0.21191198338487055,0.5313081243802689,0.6309403735797681,0.4563711495790475
0.9702775629299738,0.185653159762675,0.5948413835912649,0.1190611778366969,0.21195392802715146,0.5312133513464399,0.6309128425919961,0.4563799384138369
0.9702630568552598,0.1856562015751807,0.5948364213115868,0.11905201697865864,0.21197430113911647,0.5311673187300087,0.6308994703979354,0.45638420727644885
0.7313615461209899,0.6254767683186757,0.03319856251929115,0.07357313933282286,0.40678751294159077,0.5963601662239459,0.6576683842042792,0.47805506761798783
0.6939120203615367,0.6024898502080464,0.0403293138633119,0.07890146662117578,0.38651894190031694,0.6281312528901504,0.6604615439549418,0.47492738497556475
0.6953733449955917,0.6044425095315289,0.04161376894062169,0.08087124709156335,0.3889050944499496,0.6264416554292361,0.6617076710788425,0.4761385400145174
0.9207415318342194,0.3433077196048686,0.23626596705533914,0.5844727537622548,0.054634816913330664,0.6490676075302226,0.5500766658232987,0.3889842513660044
0.9207184927743797,0.34331255071884825,0.23625808578761512,0.584458204164194,0.054667174208804625,0.648994496904126,0.5500554276327317,0.3889910313242705
0.7964798348135217,0.37550620515712235,0.021033115324732954,0.4947016562805908,0.11866311074831351,0.2988292970778162,0.6543790868000647,0.511973196754929
0.7966526138322286,0.37574487554473524,0.02108011379255692,0.4947520199961629,0.11868657501894189,0.29870303248813934,0.6544505027743313,0.5120739503033261
0.7964798348135217,0.37550620515712235,0.021033115324732954,0.4947016562805908,0.11866311074831351,0.2988292970778162,0.6543790868000647,0.511973196754929
0.797257340397703,0.3765802219013804,0.021244608429940692,0.4949282930006655,0.11876869996614112,0.2982611064242703,0.6547004586842641,0.5124265877227163
0.8832002812432019,0.31949547078778806,0.24340407689957505,0.589931023266764,0.033669388883536044,0.6826244701066919,0.5530639284660576,0.3854139302525656
0.8831764764123486,0.31950040066838714,0.24339604467372067,0.5899158633872814,0.03370288550099432,0.6825488160068018,0.5530419639728925,0.38542095282028277
0.7584931623989326,0.3517873578769815,0.02801885399297055,0.499878633555925,0.09832325709768003,0.33097268754975095,0.6569557444251959,0.5085339548346345
0.7586659414176395,0.3520260282645944,0.02806585246079446,0.4999289972714971,0.09834672136830838,0.33084642296007405,0.6570271603994624,0.5086347083830317
0.76649819866899,0.36258137501607285,0.033744155150009225,0.5083873018821271,0.108161170679065,0.3226359903351327,0.6628329525991307,0.51463799434541
0.057737250884886626,0.09949385953670303,0.30211391531023457,0.26622259732884046,0.32995190159305243,0.40677939568646665,0.40770460840969813,0.340335489501955
0.05680621613224501,0.09823025793772297,0.30159702657576076,0.2656083167195505,0.3302176837666265,0.40656766381492826,0.40769149483986333,0.33925910460444425
0.05727176907905862,0.09886214229796014,0.3018554965688047,0.26591550564592115,0.3300847875481833,0.4066735101529288,0.40769804375781626,0.33979739223480954
0.0544788071031051,0.09507167174400849,0.3003049328686115,0.26407285830495375,0.33088211354228103,0.4060382361472389,0.4076586715804538,0.33656861826871676
0.05540969957377545,0.09633493910000002,0.3008217190998571,0.26468694442734114,0.33061635189533156,0.406250046409852,0.40767181661814655,0.337644622439788
0.053082148262664275,0.09317601866329697,0.29952952288947965,0.2631512915258418,0.3312808021976107,0.40572069713323744,0.407639024826595,0.33495375537762095
0.7264847073069473,0.6274622975324904,0.040811573954505964,0.07552814310274988,0.4978268207846635,0.4399375235752364,0.3736220521070206,0.34039922666195743
0.8128904498027596,0.19403808754540391,0.39923950286527776,0.04267501406393409,0.334118386537532,0.08711181343622482,0.4605568871481115,0.43457729999411776
0.6794700912747728,0.5636577472444494,0.014711017029984674,0.0445116079662049,0.5112482660730787,0.4292429386112423,0.3729590225281676,0.2860505378546848
0.6799356442215864,0.5642896316046866,0.014969487023028638,0.04481879689257551,0.5111153698546355,0.4293487849492428,0.3729655714461206,0.28658882548505005
0.6505481812673304,0.5800557616235681,0.054790914887845765,0.08588260437043543,0.45714885521462345,0.5042370082770555,0.3787797798392263,0.33353894440023113
0.6989192465661247,0.5761409246819219,0.011474574830489415,0.042230270557414906,0.5212848225860414,0.4132736674517623,0.3716760518364999,0.2883037896488287
0.7454674381020312,0.6393127461262453,0.03731643956259462,0.07293950850855063,0.5079962459156595,0.4238621691046423,0.3723324523078083,0.34211360477601926
0.650547781063096,0.5800554229425752,0.05479082941396679,0.08588259886264177,0.45714883628276226,0.50423687019273,0.378779731877466,0.33353874655698257
0.6609505833420819,0.5524373180464677,0.018464159823280313,0.04740749568346403,0.5009458208691602,0.4454232717183463,0.37425486774084243,0.28487345067471703
0.7264827062857754,0.6274606041275252,0.04081114658511115,0.07552811556378156,0.4978267261253577,0.43993683315360876,0.37362181229821934,0.3403982374457149
0.7853237884492339,0.14271569865185627,0.3699022473196243,0.009377124995218089,0.35757633154332635,0.06044754305977412,0.45861074299230997,0.38248126945124344
0.7283714517396671,0.10716063181767252,0.3803866932533404,0.017142779212976522,0.3270678873583515,0.10867230401937594,0.46247909424020217,0.3773357759501334
0.7279059699338393,0.1065289145789296,0.38012827451191056,0.01683568753005721,0.3272007733134824,0.10856641848583803,0.4624725295883203,0.3767976786829879
0.7074975742652853,0.615608123447812,0.0443057681337487,0.07811671711121879,0.48765718740319475,0.45601135911824964,0.3749111243268701,0.3386826722721621
0.9217717461008705,0.14834788084362793,0.6232595325381121,0.1313601893984983,0.24580032107676114,0.4915029879490024,0.472961532846212,0.3621847674161548
0.942130226009885,0.15892880514657137,0.6224407472207756,0.12967598921245557,0.25682710005303144,0.4780206681396062,0.47058003757330547,0.36122655347353144
0.9407540766917202,0.16019799075638985,0.6197643126723218,0.12877154929650542,0.25596972727589595,0.47542749539408263,0.47167188508523944,0.36389894768696807
0.9139581129572174,0.1252797251730203,0.650562665939227,0.14151911696724745,0.2453296382710995,0.5270067446810531,0.46301584928597644,0.33643396965736105
0.9217685444669959,0.14834517139568365,0.6232588487470805,0.13136014533614898,0.24580016962187184,0.49150188327439803,0.47296114915212994,0.3621831846701667
0.9709867938945952,0.16077249308872524,0.6402025271058926,0.13380178703860218,0.2758501392154197,0.4789511799757006,0.4591168899390419,0.3414570015973214
0.9027830122422713,0.13649235203497745,0.626753384821839,0.13394874137579255,0.23563061196784774,0.5075762711547134,0.4742504132190205,0.36046742165336537
0.24471388311118542,0.11950251859089664,0.5730637253867332,0.3915200247637195,0.2478147019939414,0.8254293227950862,0.408260305756883,0.30104461915542335
0.7833708935744033,0.17372447449976225,0.40111651290315337,0.04679730604572879,0.27637011129461897,0.18362577633602373,0.5948684464144927,0.49514134478379546
0.902779410404162,0.1364893039060401,0.6267526155569283,0.13394869180564956,0.23563044158109728,0.5075750283957836,0.4742499815631782,0.3604656410641288
0.8403194861638894,0.20927615896202012,0.39063119520129835,0.039031407770924786,0.30687840561946805,0.13539985100856677,0.590999694978616,0.5002846769692294
0.783367291736294,0.17372142637082494,0.4011157436382427,0.04679725647558575,0.27636994090786854,0.18362453357709388,0.5948680147586504,0.49513956419455896
0.8403178853469521,0.20927480423804795,0.3906308533057825,0.03903138573975007,0.3068783298920234,0.13539929867126466,0.590999503131575,0.5002838855962354
0.8403162845300147,0.2092734495140758,0.3906305114102666,0.039031363708575406,0.30687825416457876,0.13539874633396248,0.590999311284534,0.5002830942232415
0.8403158843257803,0.20927311083308275,0.3906304259363877,0.039031358200781796,0.30687823523271757,0.13539860824963695,0.5909992633227737,0.5002828963799929
0.840312282487671,0.20927006270414544,0.390629656671477,0.03903130863063875,0.30687806484596714,0.13539736549070713,0.5909988316669315,0.5002811157907563
0.7833600880600755,0.17371533011295026,0.40111420510842133,0.046797157335299794,0.2763696001343676,0.18362204805923418,0.5948671514469658,0.49513600301608585
0.9597203991131953,0.17203455342943025,0.616265673851373,0.1261826888827659,0.2661383762005842,0.45934647946614143,0.4703803188538568,0.36560521422784115
0.8023408178339877,0.18556408530174,0.39761864334711516,0.044208495202132214,0.2865389306060578,0.16754600316701235,0.5935773118389522,0.4968493919139051
0.9710848043997924,0.1608688463108233,0.640235814241727,0.13384122673897164,0.2758220750510839,0.4789711034757325,0.4591767922173066,0.34149059969157497
0.7253329195204601,0.6264875736345292,0.0405655801308471,0.07551229167257895,0.49777233488823835,0.4395401168863369,0.37348401816101123,0.3398298337927563
0.7443168509282472,0.6383390382712634,0.03707070216057262,0.07292367360176075,0.5079418168148179,0.42346517666871936,0.3721945622470797,0.34154480543656357
0.7063489881126731,0.6146361089977952,0.04406045810112158,0.07810090974339715,0.48760285296165895,0.4556150571039544,0.37477347407494277,0.3381148621489489
0.6588685790690488,0.5501985089370616,0.017701055392908283,0.04677631599721346,0.5011573057701894,0.4448151166461218,0.37410408514525745,0.28322637028558156
0.7841738594019474,0.14174233391587177,0.36965657836213206,0.009361106617112869,0.35752196083283166,0.06005090518357703,0.4584729803229597,0.3819124850718453
0.6963699462473695,0.5732685422453179,0.010452556008329339,0.04129168542671646,0.5216291485046937,0.4125591920953099,0.3715185599437788,0.2861172495298944
0.6940433909100567,0.5701119615095347,0.009161077320549382,0.039757393933535334,0.5222934551206004,0.41202929408117184,0.3714855478772221,0.2834290475528042
0.6954376309569869,0.5720019324594409,0.009934744744801494,0.04067565443530308,0.5218951154178895,0.4123481657434446,0.3715057295846647,0.2850374380944277
0.4442543093708077,0.5452128993607679,0.24983231054882282,0.35945461970854353,0.7922048618015225,0.48490556493133896,0.6076913898352978,0.519989335125173
0.8212093179285263,0.16417964725641954,0.3621493527264385,0.0035688009029887224,0.3781267511023409,0.02768933027245163,0.45588098487317275,0.38426412486969397
0.7253313187035226,0.6264862189105571,0.0405652382353312,0.07551226964140428,0.4977722591607937,0.4395395645490347,0.3734838263139702,0.3398290424197622
0.6588669071111257,0.5501969870915951,0.017700662245778265,0.04677619672258748,0.501157240306057,0.444814603504357,0.3741039090321454,0.28322538854936774
0.7443148499070754,0.6383373448662981,0.037070274791177804,0.07292364606279236,0.507941722155512,0.42346448624709165,0.37219432243827844,0.34154381622032104
0.7832404412815266,0.14047553925648248,0.36913878396438715,0.008745734298683971,0.3577877801753967,0.05983905212564783,0.4584598479793021,0.38083321480592297
0.7443144497028409,0.6383370061853051,0.037070189317298885,0.07292364055499873,0.5079417032236508,0.4234643481627661,0.37219427447651815,0.3415436183770726
0.7837060208700196,0.14110808766469232,0.3693974759932368,0.00905350117796877,0.3576548034452184,0.05994452520609844,0.4584662545319212,0.3813724467723584
0.7063461866830325,0.614633738230844,0.04405985978396881,0.07810087118884151,0.48760272043863084,0.45561409051367563,0.374773138342621,0.3381134772462094
0.7443136492943723,0.638336328823319,0.037070018369540936,0.0729236295394114,0.5079416653599286,0.42346407199411507,0.37219417855299763,0.3415432226905756
0.6954375062431202,0.5720052482612994,0.009935871953179243,0.04067873317898263,0.5218946734007284,0.41234608298029485,0.37150493832837733,0.2850423426579694
0.6949692499388533,0.5713670132842799,0.009675454398799077,0.04036784900146262,0.5220279596250397,0.4122417260727152,0.37149898729972386,0.28449682122525277
0.9111738107201417,0.14576008323370226,0.6246228138482315,0.13448209504555197,0.2023070269953224,0.5582007555989907,0.5521415643072987,0.4067072292399463
0.910784333558772,0.14622904449726468,0.6237981092735423,0.1347790859437932,0.20241637380477126,0.5573618413137487,0.5527758193540597,0.4075985957878965
0.9111262155437316,0.14581113368493426,0.6245285371479792,0.1345011286122093,0.20231143489675069,0.5581066170201042,0.5521819072933101,0.40678663312116026
0.9107787965265665,0.14623529888588602,0.6237843660565567,0.1347747868401887,0.20240835067239255,0.5573548021023956,0.5527809491330397,0.40761031678736964
0.9107795456638388,0.1462343990414147,0.6237829515145924,0.13476234434605888,0.20239648253977366,0.5573585958872178,0.5527868779977613,0.4076189996595878
0.910774397976772,0.14624000723821182,0.623773651526188,0.13476968279333748,0.20240117601388513,0.5573488396149157,0.5527858299849646,0.40762089301132115
0.9107961741633879,0.1462202467966068,0.6238105331844082,0.13475425809051314,0.20238945891212703,0.5573887484765794,0.5527991437976462,0.40761614234744137
0.9107739753398962,0.14624034931866997,0.6237728903895645,0.13476926015598895,0.20240087571548626,0.5573480337159433,0.5527860385820498,0.4076216387620183
0.9107798456301284,0.14623367294176323,0.6237847349815199,0.1347651183365223,0.2023990897494077,0.5573602307844724,0.552779375033889,0.4076108176703193
0.9107741861567864,0.14624014670151783,0.6237733478562789,0.13476949062470664,0.2024011383031325,0.5573483681652406,0.5527858590463934,0.4076211883621804
0.9111337268606718,0.14580429293178987,0.6245404699082104,0.13449844322314258,0.2023067039234342,0.5581252136006156,0.5521750533905261,0.4067736218663123
0.9107809128778879,0.14623369056027333,0.623786991668113,0.13477391176131664,0.20240600327394193,0.5573606500497048,0.5527798089760025,0.4076074414634226
0.9126538583785822,0.14396924496736244,0.6277706314788352,0.13335254872906474,0.20189862533464062,0.5614014681497794,0.5496551014693281,0.40324878650691365
0.9107815485395923,0.14623288328622394,0.6237897422965586,0.13477748592259461,0.20241081454094825,0.5573596669398813,0.5527792776359484,0.4076051740533093
0.9107814567203737,0.1462329666566905,0.6237895926406343,0.13477755674858488,0.20241087232674954,0.5573594962438505,0.5527792139515103,0.40760518426521963
0.9107805603667792,0.14623315482488514,0.6237892853545939,0.1347769908780253,0.20241213054687568,0.5573566524738486,0.552778387713933,0.4076054480858811
0.9137801049793791,0.1426478587627634,0.6300998256565935,0.13250854825269417,0.20155493162981397,0.5637919508538702,0.5480829353843059,0.40091237101390803
0.9108006913121502,0.14621557344861608,0.6238248143386331,0.13478177613791162,0.20241586779400428,0.557393996421497,0.5527777114205772,0.4075833117565871
0.9109875233437716,0.1460431345287002,0.6241280402550025,0.13462663621881213,0.20229109254842137,0.5577423286446209,0.552905981346723,0.4075655379511919
0.9096648667736539,0.1465228818296686,0.6217088987774445,0.13395904185869623,0.20289908539979168,0.5542463037184006,0.553896262603793,0.40877439781284586
0.06769573203313206,0.10487468000427505,0.2978007514650908,0.2660905896746092,0.29214929872316336,0.4715003115045596,0.539470555209845,0.4060001472264795
0.0655326858292431,0.9321699059071272,0.41060994736801815,0.15833052424739702,0.38693945263380153,0.4748329095315732,0.699850022461637,0.1372876573180224
0.06769172999078843,0.10487129319434466,0.29779989672630114,0.26609053459667253,0.29214910940455174,0.4714989306613042,0.5394700755922425,0.4059981687939944
0.06769092958231976,0.10487061583235857,0.2977997257785432,0.2660905235810852,0.2921490715408294,0.47149865449265316,0.5394699796687219,0.4059977731074974
0.0676893287653823,0.10486926110838643,0.29779938388302735,0.26609050154991054,0.29214899581338477,0.471498102155351,0.5394697878216809,0.4059969817345034
0.1121616640152222,0.9954563210113546,0.43647411469972985,0.18906486694720756,0.37366234305267754,0.4853563457090573,0.7005414594554351,0.1911450794139325
0.11207167266775941,0.9953339376886109,0.4364498462009072,0.1890396355192785,0.3736504405306129,0.48541823524496586,0.7005053198124596,0.19109292205049733
0.056177901022958776,0.8717318012958751,0.6680917149536074,0.3341998420423203,0.10390958043474952,0.1268272279162979,0.6681495336049912,0.2603580668576616
0.11207007185082202,0.9953325829646388,0.43644950430539137,0.1890396134881038,0.37365036480316827,0.4854176829076637,0.7005051279654186,0.1910921306775033
0.11206967164658765,0.9953322442836458,0.4364494188315124,0.18903960798031014,0.3736503458713071,0.48541754482333815,0.7005050800036583,0.19109193283425482
0.06760288465076064,0.10479610601389039,0.2977809215251711,0.26608931186647866,0.2921449065313737,0.4714682759410347,0.5394594280814662,0.405954247592826
0.0676000832211201,0.10479373524693911,0.29778032320801834,0.266089273311923,0.2921447740083456,0.4714673093507559,0.5394590923491445,0.40595286269008646
0.06753645074785691,0.10473988496904621,0.29776673286126304,0.26608839757273006,0.2921417638424208,0.4714453539429953,0.5394514664292641,0.405921405613574
0.11185916421931441,0.995154098081308,0.4364044595711773,0.18903671088084179,0.37364038771233576,0.48534491246810496,0.700479852117765,0.19098786728554046
0.1118587640150801,0.9951537594003151,0.43640437409729826,0.18903670537304812,0.3736403687804746,0.4853447743837794,0.7004798041560047,0.19098766944229198
0.11185716319814265,0.9951524046763428,0.4364040322017824,0.18903668334187346,0.3736402930530299,0.48534422204647726,0.7004796123089637,0.19098687806929796
0.11185636278967398,0.9951517273143569,0.4364038612540245,0.18903667232628613,0.3736402551893076,0.48534394587782614,0.7004795163854433,0.19098648238280094
0.11185116013462726,0.9951473244614474,0.43640275009359797,0.18903660072496847,0.37364000907511247,0.4853421507815942,0.7004788928825599,0.19098391042057036
0.16746139282045558,0.8432023454734143,0.8761871562901995,0.41584639735939977,0.056175987653182435,0.4357763475087279,0.5559108656076127,0.14359092636915166
0.22508288903942003,0.138909999406946,0.5316175614793841,0.37832027954940983,0.2310678290460577,0.7913490576976905,0.42770812482223114,0.3427848736365379
0.06498915079615764,0.10258418044836426,0.29722269162165615,0.2660533404660456,0.2920212625461227,0.4705664472109433,0.539146189825251,0.4046621333368312
0.06498835038768891,0.1025835030863782,0.2972225206738982,0.2660533294504583,0.2920212246824004,0.4705661710422922,0.5391460939017304,0.4046617376503342
0.06498754997922024,0.10258282572439212,0.29722234972614026,0.26605331843487096,0.29202118681867806,0.47056589487364114,0.53914599797821,0.4046613419638372
0.06498674957075146,0.10258214836240603,0.29722217877838236,0.26605330741928357,0.29202114895495573,0.47056561870499003,0.5391459020546895,0.40466094627734017
0.06498594916228279,0.10258147100041998,0.2972220078306244,0.2660532964036963,0.2920211110912334,0.47056534253633897,0.5391458061311689,0.40466055059084316
0.06498514875381406,0.10258079363843389,0.2972218368828665,0.2660532853881089,0.2920210732275111,0.4705650663676879,0.5391457102076485,0.40466015490434615
0.06498434834534533,0.10258011627644784,0.29722166593510857,0.26605327437252163,0.29202103536378876,0.47056479019903685,0.5391456142841279,0.40465975921784914
0.0649835479368766,0.10257943891446175,0.2972214949873506,0.26605326335693424,0.29202099750006644,0.47056451403038574,0.5391455183606074,0.4046593635313521
0.06498274752840794,0.1025787615524757,0.2972213240395927,0.2660532523413469,0.2920209596363441,0.4705642378617347,0.5391454224370869,0.4046589678448551
0.06498194711993915,0.10257808419048961,0.2972211530918348,0.2660532413257596,0.2920209217726218,0.4705639616930836,0.5391453265135664,0.4046585721583581
0.06498114671147048,0.10257740682850353,0.29722098214407683,0.26605323031017225,0.29202088390889946,0.4705636855244325,0.5391452305900459,0.4046581764718611
0.06498034630300176,0.10257672946651747,0.29722081119631893,0.2660532192945849,0.29202084604517714,0.47056340935578145,0.5391451346665254,0.4046577807853641
0.06497954589453298,0.10257605210453138,0.297220640248561,0.2660532082789976,0.2920208081814548,0.4705631331871304,0.5391450387430049,0.40465738509886706
0.0649787454860643,0.10257537474254533,0.2972204693008031,0.26605319726341026,0.2920207703177325,0.4705628570184793,0.5391449428194843,0.40465698941237005
0.06497794507759558,0.10257469738055922,0.29722029835304514,0.2660531862478229,0.29202073245401017,0.4705625808498282,0.5391448468959639,0.40465659372587304
0.06497714466912685,0.10257402001857316,0.2972201274052872,0.2660531752322356,0.29202069459028784,0.47056230468117716,0.5391447509724433,0.404656198039376
0.06497634426065813,0.10257334265658707,0.2972199564575293,0.26605316421664826,0.2920206567265655,0.47056202851252604,0.5391446550489228,0.404655802352879
0.06497554385218945,0.10257266529460099,0.29721978550977135,0.26605315320106093,0.2920206188628432,0.470561752343875,0.5391445591254024,0.404655406666382
0.06497474344372067,0.10257198793261493,0.2972196145620134,0.2660531421854736,0.29202058099912087,0.4705614761752239,0.5391444632018818,0.404655010979885
0.064973943035252,0.10257131057062885,0.2972194436142555,0.26605313116988627,0.29202054313539855,0.4705612000065728,0.5391443672783613,0.404654615293388
0.0487370926009183,0.08626969868346362,0.2960018851810283,0.259366434200777,0.3291531896614003,0.41102288536328685,0.4207808863384398,0.3350921656890617
0.05804672871747818,0.09890404345832152,0.3011702600096253,0.2655082678591639,0.3264954705587823,0.4131405960340445,0.42091217937607767,0.3458541110319717
0.056950943827783984,0.1006698831093642,0.3044981182975477,0.2674651964254042,0.3407926763573615,0.38790918986142686,0.3682466617248752,0.32292546931131605
0.059907526469072714,0.10143006349180828,0.3022037298053219,0.26673671531091164,0.32596385967936287,0.413563684719682,0.42093827836439557,0.34800609693402795
0.05990745532808711,0.101429896370314,0.3022036785537078,0.26673661806746035,0.32596386994267523,0.4135637239152194,0.4209382940983245,0.34800590657080815
0.060372794851943856,0.10206127936606832,0.30246199479190944,0.2670435152634771,0.32583100451416896,0.41366968783983205,0.42094489021806425,0.34854362311151416
0.0589764917164311,0.10016646189282821,0.3016868410708481,0.26612243470162167,0.326229641852937,0.41335195284814363,0.4209251647945607,0.3469297120365172
0.06037293713391506,0.10206161360905688,0.3024620972951376,0.26704370975037967,0.3258309839875443,0.4136696094487573,0.4209448587502064,0.3485440038379537
0.058045528104775146,0.09890302741534243,0.3011700035879884,0.26550825133578293,0.3264954137631988,0.4131401817810679,0.4209120354907969,0.34585351750222615
0.057580046298947085,0.09827131017659949,0.30091158484655856,0.2652011596528636,0.3266282997183297,0.41303429624753,0.42090547083891505,0.34531542023508066
0.05758011743993269,0.09827147729809377,0.3009116360981727,0.2652012568963149,0.3266282894550174,0.4130342570519926,0.4209054551049861,0.34531561059830046
0.05711463563410474,0.09763976005935088,0.30065321735674283,0.26489416521339554,0.32676117541014826,0.41292837151845474,0.4208988904531042,0.3447775133311549
0.055252637269807114,0.09511272398288506,0.29961949113940933,0.2636657012382669,0.3272927294939842,0.4125048685798406,0.42087264757950554,0.34262493389935317
0.054787155463979165,0.09448100674414212,0.29936107239797943,0.2633586095553475,0.3274256154491151,0.41239898304630274,0.4208660829276237,0.3420868366322077
0.05478722660496477,0.09448117386563645,0.29936112364959355,0.2633587067987988,0.32742560518580277,0.4123989438507653,0.42086606719369474,0.3420870269954274
0.05432167365815116,0.09384928950539928,0.2991026536565496,0.26305151787242814,0.327558501404246,0.41229309751276483,0.42085951827574175,0.3415487393650622
0.056183600881463125,0.09637615846037084,0.300136328622269,0.26427988460410556,0.3270269575837224,0.41271663964691635,0.42088577688326934,0.3437011284336442
0.052459746434839194,0.09132242055042764,0.2980689786908302,0.2618231511407508,0.3280900452247696,0.4118695553786133,0.42083325966821417,0.3393963502964802
0.05385626299330881,0.09321773938815067,0.29884428616673386,0.2627445234329601,0.3276913770960646,0.41218717278368955,0.42085293788993094,0.34101083246113645
0.7826809280919607,0.564256746478551,0.31718956809504284,0.2959825628387008,0.5723015323127714,0.7497583602036427,0.18700298371349888,0.07829602076599551
0.9351765086619154,0.1677428375138889,0.6046100107963291,0.12518271649354942,0.2519952938777889,0.4587849215594618,0.45707998767406666,0.36847306633717003
0.9352320177867693,0.1677275506955043,0.604635549117878,0.12521029707479295,0.25192110062861156,0.45895437769868896,0.4571299548875005,0.3684577492104491
0.9352268521903895,0.1677322794040605,0.6046272299441566,0.12521450818593605,0.2519245827113857,0.4589446622979081,0.4571263929506572,0.3684582543912764
0.9352268541411709,0.16773227794636114,0.6046272339056339,0.12521450845022203,0.2519245833070971,0.4589446651928433,0.4571263944903779,0.36845825361318735
0.9352268528840018,0.16773228092673256,0.6046272320335047,0.125214510006825,0.2519245870759445,0.4589446812375007,0.4571263967455096,0.3684582510284286
0.9351961334439363,0.16773872088936667,0.6046167215871912,0.125195108721855,0.25196772577201754,0.45884718146311254,0.4570980753632346,0.3684672943356312
0.9351961342242487,0.16773872030628695,0.6046167231717821,0.1251951088275694,0.25196772601030204,0.4588471826210867,0.4570980759791229,0.36846729402439554
0.9351961350045616,0.1677387197232072,0.6046167247563731,0.12519510893328378,0.25196772624858665,0.4588471837790608,0.45709807659501117,0.3684672937131599
0.9351157286580027,0.16774909050978967,0.6046008733603943,0.12513102933114992,0.2520873549378153,0.4585801184517647,0.45702181451427276,0.36849276786114393
0.9351065371001144,0.16775750855484306,0.6045860722127088,0.12513852695161864,0.25209355969886027,0.45856286236162574,0.4570154823999187,0.3684936608399993
0.9351065382705833,0.16775750768022343,0.6045860745895952,0.12513852711019022,0.25209356005628714,0.45856286409858693,0.4570154833237511,0.36849366037314585
0.9351065393543521,0.16775750891135563,0.6045860774712388,0.12513852898393643,0.2520935645399882,0.45856288361716663,0.45701548742654763,0.3684936568546803
0.9348461749555739,0.1677910892054572,0.6045347464484006,0.12493103126824659,0.2524809291735852,0.4576980812718632,0.45676853951658475,0.36857614805337563
0.9349102788323751,0.16779866219720382,0.6045189362799476,0.12501458598395812,0.2523691960387058,0.4579400687183084,0.45683456478821843,0.3685514158844259
0.9349563565618987,0.16778900026078442,0.6045346980231002,0.12504368512722247,0.25230448132861577,0.4580862893915146,0.4568770408614082,0.3685378561235116
0.9349572992519919,0.1677887418151615,0.6045351353288135,0.1250441545732659,0.2523032285358841,0.458089182196208,0.4568778924767962,0.36853759268413067
0.934957210640724,0.16778882074755727,0.6045349915064957,0.12504422410693913,0.25230328314854944,0.4580889983504552,0.4568778280769471,0.3685376047027105
0.9349623296514868,0.16778774774975266,0.6045367413147323,0.12504745724523822,0.2522960924001596,0.45810524399828034,0.45688254705896253,0.3685360983565537
0.9349648895470246,0.16778721095931048,0.6045376170111461,0.12504907386724498,0.25229249714510693,0.4581133674011799,0.4568849068579145,0.36853534502785745
0.934964889937181,0.1677872106677706,0.6045376178034416,0.1250490739201022,0.25229249726424924,0.458113367980167,0.4568849071658586,0.36853534487223966
0.9449122100081079,0.1723424677229271,0.6152300517896522,0.12674573494121485,0.3165745626259691,0.3621124878218691,0.2908347858959934,0.2852140464163106
0.9461300199370939,0.1708664639420603,0.6178258766763081,0.12581558015183067,0.316245857099908,0.36473984529493986,0.2887871892066453,0.2823668834700724
0.9449066525795362,0.17234394212145118,0.6152275956934533,0.12674285873429852,0.3165820486179064,0.36209541938020423,0.2908297648128267,0.28521559557427456
0.9449048584550118,0.1723443801452739,0.6152268709551698,0.12674185239371344,0.3165845045509746,0.362089839451098,0.29082813131647284,0.28521610629351973
0.8294732377652815,0.20536162977418895,0.39799863851103684,0.040521835806331175,0.359297866275066,0.045628745941262816,0.4066916003931842,0.4111782448750073
0.8996585755397661,0.10767305842690622,0.5920194185152957,0.0951446688998352,0.32943129851246933,0.3543867194861996,0.28820018599529607,0.2285355826615145
0.9449747788388067,0.17232904853808279,0.6152512849459647,0.12678574892442662,0.31648597892887537,0.3623123983547214,0.29089282571427444,0.2851952834654503
0.9449701622362469,0.17233026384293154,0.6152492616892445,0.1267833401840931,0.3164922074060954,0.3622982020411961,0.2908886515278109,0.2851965730137346
0.9449176078384632,0.1723410368579582,0.6152317277260568,0.1267496443662758,0.3165662729583846,0.3621309756899631,0.29084012353768235,0.2852121078063329
0.9449088997983388,0.17234298648648802,0.6152285268566623,0.12674439844109217,0.3165783753346262,0.3621035690259514,0.2908321369470709,0.2852146359022156
0.9449078714448278,0.1723433257436913,0.6152279530765092,0.1267440023819288,0.3165796919457099,0.3621005325706387,0.2908312297533151,0.28521490401200955
0.9449053115492899,0.17234386253413347,0.6152270773800954,0.12674238575992203,0.3165832872007625,0.36209240916773905,0.2908288699543632,0.2852156573407058
0.9449036049522648,0.1723442203944283,0.6152264935824863,0.12674130801191752,0.3165856840374643,0.362086993565806,0.2908272967550619,0.28521615955983665
0.7050988320454263,0.6150822331258212,0.046560294593055995,0.07855218997119609,0.5026672988053164,0.4306040603468584,0.3223355812564359,0.31356983256873533
0.946202882841852,0.17084370581977468,0.6178599870298666,0.12585294416740822,0.31614514173564706,0.3649687841452243,0.28885465163262025,0.28234492841429326
0.9449675704990601,0.17232850887752993,0.6152489652430679,0.12678255954886422,0.3164931338760413,0.3622952968001213,0.2908878060105168,0.2851958094067146
0.944924249684816,0.172334440625859,0.6152398068843987,0.12674874082634716,0.31655723138900443,0.36215204063182416,0.29084683157976354,0.2852094380365481
0.9449098087827017,0.1723404356369689,0.6152295389463784,0.12674570189445286,0.31657444903480214,0.3621116593159159,0.2908344981254319,0.28521285935681956
0.9461276167609063,0.17086443331380147,0.617825359871557,0.12581554684078267,0.3162457429130296,0.36473901389405133,0.2887868998963631,0.28236569718867044
0.9449042513541299,0.17234191003549296,0.6152270828501795,0.12674282568753653,0.3165819350267394,0.362094590874251,0.29082947704226514,0.2852144085147835
0.641588272369586,0.5400276343844843,0.021719149854510844,0.049690028283479515,0.4909133725700696,0.46142250717646804,0.3755482461344852,0.282663130865499
0.7455538822166528,0.6393859012207415,0.03733490192045086,0.07294069819198251,0.5080003351976705,0.4238919953189586,0.37234281204802305,0.34215633891769665
0.7265699508088659,0.6275344365840074,0.04082977989072534,0.07552931626280077,0.4978308532710911,0.4399669355365761,0.3736322679619546,0.3404413672738893
0.6605718747141243,0.5518789274617196,0.01822423766197151,0.04710150194831891,0.5010828253014756,0.4453473896789876,0.37425872652486447,0.2843780950292776
0.8233788957878985,0.16649246038180654,0.3629311246846896,0.004201089552600845,0.3779194225422186,0.02832776500750639,0.45604228682818215,0.38595434256703254
0.8229132717000991,0.16586040890007508,0.36267260344003155,0.0038938033827789487,0.3780523290239741,0.028221957865043334,0.4560357536441581,0.38541586457344745
0.8224477898942713,0.16522869166133217,0.36241418469860165,0.003586711699859524,0.37818521497910507,0.02811607233150548,0.4560291889922762,0.38487776730630197
0.7265691504003972,0.6275337592220213,0.040829608942967444,0.07552930524721344,0.49783081540736873,0.43996665936792506,0.3736321720384341,0.3404409715873923
0.7279931433159441,0.10660257991391747,0.38014685656591063,0.016836790985625072,0.3272049107225281,0.10859656006434282,0.46248300098598444,0.3768406181479425
0.7284588385447288,0.10723479851714321,0.3804054290621828,0.01714417439889826,0.32707199397746023,0.10870232801126856,0.46248951843607955,0.37737928650474734
0.7455526816039499,0.6393848851777623,0.03733464549881399,0.07294068166860151,0.5080002784020871,0.42389158106598196,0.3723426681627423,0.3421557453879511
0.7849445373350707,0.14215663514312657,0.3696621371812084,0.009070931265376725,0.35771333757040524,0.06037160132716468,0.4586145852824296,0.38198533523611605
0.784944679617042,0.14215696938611513,0.36966223968443657,0.009071125752279308,0.3577133170437806,0.06037152293608994,0.4586145538145717,0.38198571596255554
0.7854102325638557,0.1427888537463523,0.36992070967748053,0.009378314678649968,0.3575804208253374,0.06047736927409042,0.4586211027325247,0.3825240035929208
0.7455522813997154,0.6393845464967692,0.03733456002493507,0.07294067616080782,0.5080002594702259,0.42389144298165643,0.372342620200982,0.3421555475447026
0.8229120710873961,0.16585939285709594,0.3626723470183946,0.003893786859397952,0.37805227222839066,0.028221543612066635,0.4560356097588773,0.38541527104370193
0.8699258867111019,0.22966326578315083,0.38877273299515797,0.03491031098035563,0.36463078907625324,0.0389158524074098,0.45669854341420985,0.4397635641644776
0.05921660971986864,0.10145928533998469,0.3029069158790838,0.2671451097343387,0.329557152359608,0.40712559654692937,0.40773421471578736,0.3419909252190521
0.6415855420809311,0.5400254307390273,0.021718602788972252,0.04969008697237512,0.4909132297837292,0.4614215013906519,0.37554789466823446,0.28266193632597925
0.6885992865636512,0.6038291365435879,0.04781893751412142,0.08070651384988153,0.4774917568949041,0.4721158493815324,0.3762108440574959,0.3370100390835351
0.13041326755138033,0.8926331990090383,0.3978432874721156,0.19546431054919416,0.43456874437858384,0.5688924263258067,0.26325622571960494,0.8341541937783425
0.13042851962282814,0.8926812215201827,0.39786110679433195,0.1954677766815232,0.4345675995684669,0.5688738835204169,0.26326341581895785,0.8341432224942842
0.13041006591750542,0.8926304895610938,0.39784260368108393,0.19546426648684484,0.43456859292369454,0.5688913216512024,0.2632558420255229,0.8341526110323545
0.13042531798895318,0.8926785120722386,0.39786042300330027,0.19546773261917388,0.4345674481135776,0.5688727788458127,0.2632630321248759,0.8341416397482961
0.13040686428363052,0.8926277801131495,0.39784191989005224,0.19546422242449552,0.43456844146880524,0.5688902169765981,0.2632554583314409,0.8341510282863664
0.24149884947314326,0.8637410802001655,0.6058848228404519,0.2769913696762441,0.386785560047304,0.8782135537438931,0.15087207551388776,0.717232826163396
0.22026003406470937,0.13670899051250276,0.53404570972011,0.3788394881367336,0.2497441122139974,0.7589602201260757,0.3617699193946109,0.31049208329551187
0.18558778425559358,0.7400886204105621,0.8375090899240825,0.4221481257545294,0.11704584101957691,0.519640794540729,0.11850909536100157,0.7865076117155017
0.18560276282747784,0.7401368472911594,0.8375263538471764,0.42215155483396416,0.11704461269071853,0.5196218458654117,0.11851606959151267,0.7864967495195321
0.24147910317435706,0.8636887632006031,0.6058666037451068,0.2769878792075758,0.38678657179749176,0.8782308969371521,0.150864553149282,0.7172413003903979
0.24149404819279982,0.8637370151536294,0.6058837995307906,0.2769913037412917,0.38678533322239694,0.8782118984689478,0.15087150089659718,0.7172304515775605
0.22025543371485845,0.13670477532293102,0.5340450944426143,0.3788394494232371,0.24974394674736683,0.7589588630294652,0.36176950336855207,0.31048962856650125
0.1855979603766656,0.7401327831192428,0.837525328160629,0.4221514887404402,0.11704438550838459,0.5196201888535052,0.11851549405038969,0.78649437540055
0.22025223208098357,0.1367020658749867,0.5340444106515826,0.3788394053608878,0.24974379529247753,0.758957758354861,0.36176911967447006,0.3104880458205132
0.24147239207328966,0.863683574329676,0.6058646110419199,0.27698774937854964,0.38678617488445066,0.8782282307671547,0.15086354279319186,0.7172382576808785
0.22024835674331072,0.13669922211550184,0.5340430859875497,0.3788393187378505,0.24974354138698562,0.7589561097260036,0.361768472149786,0.3104863743193655
0.13040610818570397,0.8926622553845727,0.39785632025711,0.19546746824507788,0.43456653938424183,0.5688661507981867,0.2632607299603837,0.8341321432723677
0.13040450736876652,0.8926609006606004,0.39785597836159414,0.19546744621390325,0.4345664636567972,0.5688655984608846,0.2632605381133427,0.8341313518993737
0.2202426271793589,0.13669393753115383,0.5340423592784874,0.3788392731738398,0.24974334092780964,0.7589544443310481,0.361767968592224,0.31048329758254906
0.0626141411674076,0.10245439786277954,0.3001739966307467,0.26660626130660053,0.3108133929055002,0.43902242460481167,0.4735014734192429,0.37357927402790847
0.054817861283587954,0.09702313904121257,0.30149052710283575,0.2661823483053104,0.3298136981655884,0.4057721870056406,0.4073549407579937,0.33889226104360204
0.05621347714523378,0.09891782316823336,0.3022655198913367,0.2671037792506686,0.329415087673446,0.4060894117680891,0.40737430966684557,0.3405063094822606
0.056212676736765,0.0989171458062473,0.3022653489435788,0.26710376823508125,0.3294150498097237,0.406089135599438,0.40737421374332505,0.3405059137957636
0.05621187632829633,0.09891646844426122,0.30226517799582087,0.2671037572194939,0.32941501194600137,0.40608885943078693,0.40737411781980454,0.3405055181092666
0.05620587326478094,0.09891138822936565,0.3022638958876364,0.2671036746025889,0.32941472796808396,0.4060867881659039,0.40737339839340075,0.340502550460539
0.05620507285631221,0.0989107108673796,0.30226372493987846,0.26710366358700155,0.32941469010436164,0.40608651199725276,0.40737330246988024,0.340502154774042
0.05620467265207785,0.09891037218638654,0.30226363946599955,0.2671036580792079,0.32941467117250045,0.40608637391292723,0.40737325450812,0.3405019569307935
0.05620387224360912,0.09890969482440046,0.3022634685182416,0.26710364706362055,0.3294146333087781,0.4060860977442762,0.4073731585845995,0.3405015612442965
0.056203071835140395,0.0989090174624144,0.30226329757048365,0.2671036360480332,0.3294145954450558,0.40608582157562506,0.407373062661079,0.34050116555779947
0.05620227142667167,0.09890834010042832,0.3022631266227257,0.2671036250324459,0.3294145575813335,0.406085545406974,0.40737296673755846,0.34050076987130246
0.05620147101820294,0.09890766273844226,0.3022629556749678,0.26710361401685856,0.32941451971761115,0.40608526923832294,0.40737287081403795,0.34050037418480544
0.05480465454385408,0.09701196256844236,0.3014877064648299,0.26618216654811944,0.32981307341417004,0.40576763022289786,0.40735335801990535,0.33888573221640134
0.056200670609734216,0.09890698537645617,0.30226278472720985,0.26710360300127123,0.32941448185388883,0.40608499306967183,0.4073727748905175,0.34049997849830843
0.056199469997031126,0.09890596933347709,0.302262528305573,0.26710358647789023,0.32941442505830537,0.40608457881669524,0.4073726310052367,0.3404993849685629
0.0561986695885624,0.09890529197149098,0.30226235735781504,0.2671035754623029,0.32941438719458305,0.4060843026480442,0.4073725350817162,0.3404989892820659
0.054801853114213595,0.0970095918014911,0.3014871081476772,0.2661821279935638,0.32981294089114194,0.40576666363261904,0.40735302228758363,0.3388843473136618
0.056197468975859366,0.09890427592851189,0.30226210093617817,0.2671035589389219,0.32941433039899953,0.40608388839506754,0.4073723911964354,0.3404983957523204
0.05619666856739064,0.09890359856652581,0.3022619299884202,0.26710354792333457,0.3294142925352772,0.4060836122264165,0.4073722952729149,0.34049800006582337
0.05619586815892191,0.09890292120453972,0.3022617590406623,0.26710353690774724,0.3294142546715549,0.40608333605776537,0.4073721993493944,0.34049760437932636
0.05619506775045319,0.09890224384255367,0.3022615880929044,0.2671035258921599,0.32941421680783256,0.4060830598891143,0.40737210342587393,0.34049720869282935
0.9505278477446824,0.17346708709459252,0.6073394920432326,0.12275328624178322,0.22132255594385392,0.5182673093525791,0.5631870346015067,0.4221024597607808
0.9520795462311096,0.172796707830092,0.6100901301202859,0.12321495891993028,0.2205183568707469,0.5221783730067813,0.56251604705911,0.4210287856606004
0.9515065671384009,0.17330140700624036,0.6092030403704747,0.1236824649683288,0.22093238969024606,0.52111696984789,0.5619730993786546,0.420945191738024
0.9505375061803243,0.17347765839467807,0.6073205754641997,0.12274392390883404,0.22128937989720718,0.518270008429225,0.5633416921207479,0.4222409784882605
0.9518893958473835,0.17293400943345555,0.6098526560065991,0.1233799152513897,0.22070333262615488,0.5218526416739189,0.5620899069646632,0.4207666092591008
0.9503948365209409,0.17359068127687557,0.6071232723513313,0.12286639539494082,0.2214123596461542,0.5180197305361248,0.5630960601285115,0.4221144782639744
0.9504825165073139,0.17352753620909925,0.6072335321765597,0.12278832029779624,0.22132801751414882,0.5181652641255123,0.5633036891290185,0.4222462317967975
0.952054092465547,0.17282044616985712,0.6100489090328067,0.1232370365591407,0.2205359494027337,0.5221308696181041,0.5624986878576773,0.42103095070610974
0.9514466524341367,0.17337530237634569,0.6090739505587095,0.12373001112928853,0.22094842580054586,0.5209872101352779,0.5620797688889929,0.4210901739387761
0.9505176964691302,0.1734409848039392,0.607386497709927,0.12277206041165273,0.2213801014562233,0.5182848566712395,0.5628852026976935,0.4218233683171968
0.9525159861200037,0.1723257879934887,0.6109178356000539,0.12287697773165773,0.22032150290537922,0.5230726586832475,0.5622267436227433,0.4204272356840078
0.9503371245905368,0.1736631287142702,0.6069976634490122,0.12291411283132928,0.2214278475794163,0.5178942218311151,0.5632044941861659,0.42225875070682234
0.9503515983504636,0.17364981180917366,0.6070203656558104,0.1229015825684445,0.22141699923261737,0.5179219769477602,0.5632144008202438,0.422257613281992
0.9519163998199367,0.1729473661152621,0.6098249542435732,0.12335038855208241,0.22062683616784654,0.5218745881735548,0.5624040497333767,0.4210443708112469
0.9516003511759059,0.1732358846598995,0.6093180888955906,0.12360660704487189,0.2208417733767704,0.5212791505080561,0.5621860385249331,0.4210751982957266
0.9515113418102854,0.17331727720231901,0.6091762516865915,0.12368001537674997,0.2209040132590222,0.5211105820783035,0.5621247562957079,0.42108343466784365
0.9520195831902908,0.1728551313104499,0.6099865491434902,0.12327045078965013,0.22055405557685956,0.5220729391982991,0.5624758500021112,0.42103388752617893
0.9516105999111873,0.17322881676501353,0.6093303474134176,0.12360282670504089,0.22083231889733346,0.5213030376885287,0.5621938978126784,0.42107356729321244
0.950704780718524,0.17321540093043059,0.607783325504884,0.12263157792200668,0.22132860888378997,0.5186903677428031,0.5625713565730056,0.42138593016909154
0.9525051481439515,0.17231838958646245,0.6109340613777903,0.12289407539731778,0.2203580500514662,0.5230687024004319,0.5620721474011197,0.42028720278179654
0.23535183957339173,0.14155625664181473,0.5288446173241098,0.3792608911556555,0.1975347818554889,0.8517607253676827,0.5355569594697097,0.3933288237217677
0.23533138011505064,0.14157439220222084,0.5288127547142674,0.3792763475436059,0.19754921785991303,0.8517212082799369,0.5355426663302796,0.39333097885693713
0.2353279669210003,0.14157510792281042,0.528811587119049,0.3792741920475969,0.19755401153331653,0.8517103770760708,0.535539519931677,0.3933319832951988
0.23517454824373274,0.1416071550222855,0.5287593272155705,0.37917705191235285,0.19776960864374277,0.8512233015564397,0.5353980525886692,0.3933771660167441
0.23469335381207182,0.1417062035100197,0.5285980488135937,0.37886936813049366,0.19844733895770178,0.8496929082236044,0.5349538594983408,0.3935192901369028
0.23462528734096272,0.1417173242326232,0.5285804253895913,0.3788199220619113,0.19854619060284057,0.8494711258272777,0.5348900736777193,0.3935402009441332
0.07490674094529348,0.10796259681624285,0.2938052489256367,0.26524605903744014,0.26224354214065204,0.5231530121526409,0.6449156059786922,0.4574117624853126
0.07487603248422753,0.10794296728080022,0.2938006100218288,0.2652524373581423,0.2622417962202807,0.5231370631215979,0.6449072056712625,0.45740378533493964
0.7494594103095983,0.6057764193783577,0.08086301481997454,0.2082123768992094,0.557291563232354,0.5475365566978988,0.5695293593879613,0.33631017472731234
0.873523087235341,0.19594474503542836,0.4323398735162417,0.17032852484715533,0.41406991588312025,0.1622620457401056,0.6535115799857997,0.433642581873973
0.966196841104874,0.349780632555499,0.27095502673538985,0.7076847084363289,0.23810251080958866,0.5358709297819959,0.4533578857770688,0.2554381635369999
0.9661862506558866,0.34978792168537975,0.2709423020048808,0.7076884083487134,0.23811215038503686,0.5358466237499337,0.45334979502015416,0.2554398649846344
0.9282274187572768,0.32605952654780634,0.27793783922996057,0.7128852997056636,0.21772779144750737,0.5680887288816682,0.45595510078659496,0.25198965000126505
0.9010402269808018,0.5997010040393349,0.2831057878381518,0.28657956775765686,0.5261881794806433,0.8334594454669288,0.4566617645571331,0.22148261577701364
0.23946875556182393,0.1401257468033188,0.5327293088194324,0.38264713161049785,0.19536260897444638,0.8606873231372361,0.524821240187175,0.3846169569432926
0.7246190551840843,0.6226418983559306,0.035469279967099754,0.07530583807778482,0.4230545003976078,0.5677262644802448,0.601543234118515,0.44969331947933316
0.6676672609607232,0.5870875044457284,0.04595391387792308,0.0830716922902395,0.3925460546178695,0.6159510851330974,0.6054116018603095,0.44454840454791117
0.8466824802090721,0.3075307919293413,0.24293703300212727,0.5875363024562469,0.05291523313585966,0.6365616048109787,0.4921607026316556,0.3605687478008641
0.8466783887715076,0.3075315262530224,0.2429358553894528,0.5875334652713967,0.05292110703488129,0.6365483944604922,0.49215689022750764,0.3605699863484626
0.7327895516955987,0.33712032809410547,0.03378932142215452,0.5042002643159441,0.10442184174320387,0.318421596830223,0.6021227840736977,0.4784685121173374
0.23856704513430016,0.8627288736379974,0.6080110369072331,0.2774162566660387,0.401772334991976,0.8526461971398458,0.09822732263056794,0.6918749269495841
0.04821212020109705,0.8683748087878348,0.6726158067633872,0.335144305580572,0.137560821671618,0.06877454595828053,0.5495467311287674,0.20258437009522567
0.12748825676333836,0.8916619431812035,0.39998541578058505,0.1958925406605006,0.449553960383277,0.5433035466663324,0.21061761293443737,0.8087811902031299
0.04821091958839396,0.8683737927448557,0.6726155503417502,0.335144289057191,0.1375607648760345,0.06877413170530389,0.5495465872434867,0.20258377656548018
0.23856424370465965,0.8627265028710461,0.6080104385900804,0.27741621811148304,0.40177220246894785,0.8526452305495671,0.09822698689824627,0.6918735420468445
0.04820931877145651,0.8683724380208834,0.6726152084462345,0.33514426702601635,0.13756068914858982,0.06877357936800171,0.5495463953964457,0.20258298519248613
0.12748545533369782,0.8916595724142521,0.39998481746343234,0.19589250210594494,0.44955382786024883,0.5433025800760536,0.21061727720211565,0.8087798053003903
0.05971394304189592,0.10150414025651311,0.3023214243197119,0.2670348329011143,0.32579978268558535,0.41344210617352073,0.4208658342632111,0.3482185367341033
0.04820731775028475,0.8683707446159183,0.6726147810768397,0.335144239487048,0.13756059448928404,0.06877288894637407,0.5495461555876444,0.20258199597624366
0.127483454312526,0.8916578790092871,0.3999843900940375,0.19589247456697662,0.449553733200943,0.5433018896544259,0.21061703739331433,0.8087788160841478
0.04820651734181597,0.8683700672539323,0.6726146101290815,0.3351442284714607,0.13756055662556171,0.06877261277772301,0.549546059664124,0.2025816002897466
0.05971194202072411,0.10150244685154794,0.30232099695031706,0.26703480536214597,0.32579968802627957,0.413441415751893,0.42086559445440985,0.34821754751786077
0.05971074140802102,0.10150143080856883,0.3023207405286802,0.26703478883876497,0.32579963123069605,0.41344100149891644,0.42086545056912905,0.34821695398811525
0.12748105308711982,0.8916558469233288,0.39998387725076373,0.19589244152021462,0.449553619609776,0.5433010611484728,0.21061674962275284,0.8087776290246569
0.23855904104961298,0.8627221000181367,0.6080093274296537,0.2774161465101654,0.40177195635475277,0.852643435453335,0.09822636339536289,0.691870970084614
0.048204116116409845,0.868368035167974,0.6726140972858079,0.3351441954246987,0.13756044303439474,0.06877178427176978,0.5495457718935624,0.20258041323025555
0.04820371591217548,0.868367696486981,0.6726140118119288,0.33514418991690503,0.13756042410253358,0.06877164618744419,0.5495457239318021,0.20258021538700705
0.05970874038684926,0.10149973740360366,0.30232031315928537,0.26703476129979664,0.32579953657139027,0.41344031107728874,0.4208652107603278,0.3482159647718727
0.1826641218533655,0.7391189079329987,0.8396510475129007,0.4225763436984048,0.1320310556666566,0.49405209261393046,0.06587047518301675,0.7611355001980098
0.18266372164913114,0.7391185692520058,0.8396509620390217,0.42257633819061113,0.1320310367347954,0.4940519545296049,0.06587042722125647,0.7611353023547613
0.7456259189788377,0.6394468637994881,0.0373502872186644,0.07294168959484243,0.5080037429326798,0.4239168504975555,0.3723514451648687,0.3421919507024278
0.4608346326560735,0.5861281837411739,0.16702253851561105,0.19632926721644217,0.6102515213850693,0.48693080961124297,0.46537711607879284,0.432550613137118
0.6796265711304074,0.5637901715127269,0.014744437316659642,0.044513761513528316,0.5112556684307931,0.4292969295825278,0.37297777557642675,0.28612789456485077
0.7076564553463262,0.6157425798020478,0.04433970126369746,0.0781189037053042,0.48766470335207623,0.4560661785954884,0.3749301651456908,0.3387612160418191
0.650704661122965,0.5801881858918456,0.05482433517452079,0.08588475791775887,0.4571562575723379,0.504290999248341,0.37879853288748533,0.3336163011103971
0.6990729249921187,0.5762709781832482,0.011507396800011616,0.04223238555018266,0.5212920924207277,0.41332669183276904,0.3716944691524372,0.2883797614562551
0.6800885933800974,0.5644191748655212,0.015002189296407065,0.04482099811320722,0.5111225915622871,0.42940149396606103,0.37298387710460845,0.28666459196919925
0.05928544484817855,0.10151753847078712,0.30292161738626566,0.2671460570748493,0.3295604086397279,0.407149347050922,0.407742464138551,0.3420249542577952
0.6231339977270958,0.5288624101883677,0.025486224890077624,0.052586813771106244,0.48061401325952063,0.4776253480286349,0.3768519091140813,0.2815182921350377
0.6800853917462224,0.5644164654175767,0.015001505505375379,0.04482095405085795,0.5111224401073978,0.42940038929145674,0.37298349341052645,0.2866630092232112
0.6990685227455407,0.5762672526923247,0.011506456587343061,0.04223232496445234,0.521291884170255,0.4133251729051881,0.3716939415730744,0.28837758518052153
0.6976719350460856,0.5743717667331076,0.010731097859825178,0.04131085542879176,0.5216905625622722,0.41300759469564924,0.37167427908528655,0.28676291265264553
0.7456167142814474,0.6394390741366482,0.03734832131944826,0.07294156291558809,0.508003307499873,0.4239136745580681,0.37235034204438283,0.34218740030771216
0.6886649200580862,0.6038846802264461,0.047832955230271534,0.08070741712804277,0.47749486172013467,0.4721384952109207,0.37621870978617744,0.3370424853762901
0.7076488514658733,0.6157361448631802,0.04433807725999711,0.07811879905722455,0.4876643436467142,0.4560635549933032,0.3749292538722459,0.33875745702009746
0.6506966570382778,0.5801814122719849,0.05482262569694146,0.08588464776188554,0.45715587893511467,0.5042882375618303,0.3787975736522803,0.33361234424542696
0.6032154297285578,0.5157442958237162,0.02846344486096758,0.05456110166249148,0.4707101431197649,0.4934873136157842,0.3781278198023357,0.278725155004483
0.6036809115343859,0.5163760130624591,0.02872186360239748,0.05486819334541082,0.47057725716463394,0.4935931991493221,0.3781343844542176,0.27926325227162857
0.6036808403934003,0.5163758459409649,0.028721812350783305,0.05486809610195953,0.47057726742794626,0.49359323834485946,0.37813440018814654,0.27926306190840877
0.68866251883268,0.6038826481404879,0.0478324423869978,0.08070738408128075,0.47749474812896775,0.4721376667049675,0.37621842201561595,0.3370412983167991
0.05545749134652833,0.09827805477238605,0.3021040597339734,0.2670933750284334,0.3293793253877104,0.405828570477147,0.4072837099017268,0.3401325835858322
0.055456690938059605,0.09827737741039996,0.3021038887862155,0.26709336401284606,0.3293792875239881,0.40582829430849593,0.40728361397820634,0.3401321878993352
0.05545629073382524,0.09827703872940693,0.30210380331233655,0.2670933585050524,0.32937926859212696,0.4058281562241704,0.40728356601644605,0.3401319900560867
0.053128510647820426,0.09511790408192125,0.3008117166193389,0.26555772767047453,0.33004359419894763,0.40529874614166955,0.40725092391854967,0.33744115355339155
0.05545509012112215,0.09827602268642782,0.3021035468906996,0.2670933419816714,0.32937921179654345,0.40582774197119376,0.4072834221311653,0.34013139652634117
0.055454289712653426,0.09827534532444177,0.30210337594294173,0.26709333096608406,0.3293791739328211,0.4058274658025427,0.4072833262076448,0.34013100083984416
0.055453489304184755,0.09827466796245568,0.3021032049951838,0.26709331995049673,0.3293791360690988,0.40582718963389164,0.4072832302841243,0.34013060515334714
0.055452288691481666,0.09827365191947657,0.3021029485735469,0.2670933034271157,0.32937907927351534,0.405826775380915,0.40728308639884353,0.3401300116236016
0.05545148828301294,0.09827297455749048,0.30210277762578897,0.2670932924115284,0.329379041409793,0.40582649921226394,0.407282990475323,0.3401296159371046
0.05545028767030985,0.0982719585145114,0.30210252120415204,0.2670932758881474,0.3293789846142095,0.4058260849592873,0.40728284659004227,0.3401290224073591
0.055449487261841124,0.09827128115252531,0.30210235025639415,0.26709326487256,0.3293789467504872,0.40582580879063623,0.40728275066652175,0.3401286267208621
0.05544868685337245,0.09827060379053926,0.3021021793086362,0.2670932538569727,0.32937890888676485,0.4058255326219852,0.40728265474300124,0.34012823103436507
0.055448286649138034,0.0982702651095462,0.3021020938347573,0.267093248349179,0.3293788899549037,0.40582539453765964,0.407282606781241,0.34012803319111656
0.055447486240669364,0.09826958774756012,0.30210192288699933,0.2670932373335917,0.3293788520911814,0.40582511836900853,0.4072825108577205,0.34012763750461955
0.055446285627966274,0.098268571704581,0.3021016664653624,0.2670932208102107,0.3293787952955979,0.40582470411603194,0.40728236697243975,0.34012704397487403
0.05544588542373191,0.09826823302358798,0.30210158099148343,0.26709321530241703,0.32937877636373675,0.4058245660317064,0.40728231901067946,0.3401268461316255
0.055445085015263185,0.09826755566160189,0.30210141004372554,0.2670932042868297,0.3293787385000144,0.4058242898630553,0.40728222308715895,0.3401264504451285
0.05544428460679446,0.09826687829961583,0.3021012390959676,0.26709319327124237,0.3293787006362921,0.40582401369440424,0.40728212716363843,0.3401260547586315
0.05544348419832573,0.09826620093762975,0.3021010681482097,0.26709318225565504,0.3293786627725698,0.4058237375257532,0.40728203124011797,0.3401256590721345
0.05544268378985706,0.09826552357564369,0.30210089720045175,0.2670931712400677,0.32937862490884745,0.40582346135710207,0.40728193531659745,0.3401252633856375
0.05985373666508925,0.10162082294461078,0.3023507343163639,0.26703529774820817,0.32580660225934194,0.4134913059337149,0.42088295527830594,0.3482852922667217
0.2387035147782168,0.862844363856623,0.6080401834999598,0.27741813482367883,0.40177879075663236,0.8526932838948544,0.09824367759081437,0.6919423914973247
0.05985441472815617,0.10162301728506917,0.3023514256512283,0.2670367661366911,0.3258064277688533,0.4134905737717847,0.42088266884106007,0.348287979714329
0.12762472640725497,0.8917774333998291,0.40001456237331184,0.19589441881814074,0.4495604161479333,0.543350633421341,0.2106339678946838,0.8088486547508706
0.0598536143196875,0.10162233992308312,0.30235125470347035,0.2670367551211037,0.325806389905131,0.41349029760313366,0.42088257291753955,0.348287584027832
0.1828089950058911,0.7392415110355581,0.8396819874724948,0.42257833741399753,0.13203790876211277,0.49410207798180117,0.06588783672434018,0.7612071197652047
0.2174794458947964,0.13586003671487812,0.5362185903081793,0.37926969963726087,0.2647361470129308,0.7334211130608163,0.30914858046421256,0.2851905215189439
0.05985161329851563,0.10162064651811795,0.3023508273340756,0.2670367275821354,0.32580629524582516,0.41348960718150596,0.4208823331087383,0.34828659481158947
0.05985121309428132,0.10162030783712489,0.3023507418601966,0.2670367220743417,0.325806276313964,0.41348946909718043,0.420882285146978,0.34828639696834096
0.12762152477338007,0.891774723951885,0.40001387858228016,0.1958943747557914,0.449560264693044,0.5433495287467367,0.21063358420060174,0.8088470720048826
0.05984853401004253,0.1016164200917013,0.3023496231559374,0.26703522614689046,0.3258063561451468,0.4134895108374829,0.42088233177542267,0.34828272030449114
0.0717269527201107,0.7681719101971631,0.6316555763872225,0.34105457026324587,0.17981936673345827,0.18475824524941764,0.17827770206961285,0.8781118211255499
0.05984773360157386,0.10161574272971521,0.30234945220817944,0.2670352151313031,0.3258063182814245,0.41348923466883186,0.4208822358519021,0.34828232461799413
0.23869631110199832,0.8628382675987483,0.6080386449701385,0.27741803568339285,0.40177844998313145,0.8526907983769947,0.09824281427912984,0.6919388303188516
0.05984533237616768,0.10161371064375699,0.30234893936490564,0.26703518208454113,0.3258062046902575,0.41348840616287863,0.4208819480813406,0.3482811375585031
0.07172335088200149,0.7681688620682257,0.6316548071223118,0.3410545206931029,0.17981919634670782,0.18475700249048782,0.17827727041377062,0.8781100405363133
0.05984373155923023,0.10161235591978485,0.3023485974693898,0.26703516005336647,0.32580612896281286,0.41348785382557646,0.4208817562342996,0.34828034618550907
0.059843331354995866,0.10161201723879179,0.3023485119955108,0.2670351545455728,0.3258061100309517,0.4134877157412509,0.42088170827253935,0.34828014834226056
0.21747098932493117,0.1358529634803676,0.5362166891891286,0.3792695768907296,0.26473573347878027,0.7334181357057141,0.30914753200273254,0.28518638766351256
0.05984400941806284,0.10161421157925024,0.30234920333037524,0.2670366229340557,0.3258059355404631,0.41348698357932073,0.4208814218352935,0.34828283578986785
0.2168446696981583,0.13532292772626434,0.5360829225685496,0.3792609571936422,0.26470610511606124,0.7332020337362466,0.3090724718479359,0.2848767629796002
0.12698680085768566,0.8912375758969279,0.39987831701024296,0.19588563939503703,0.4495302387612406,0.5431305270064328,0.21055751684883978,0.8085332926127515
0.07109262900865065,0.767635100823199,0.6315201002890642,0.3410458404102852,0.179789359733516,0.18453938159343927,0.17820168267961117,0.8777982395766672
0.12698399942804517,0.8912352051299766,0.39987771869309024,0.19588560084048137,0.44953010623821243,0.543129560416154,0.2105571811165181,0.8085319077100119
0.23805923746152882,0.8622990489745695,0.6079026751378291,0.27740927425302636,0.40174832618694256,0.8524710445570292,0.0981664998054328,0.6916238433256778
0.21683671711410216,0.13531611562314008,0.5360813176739719,0.37926085401491877,0.26470574220561954,0.7331993484760275,0.30907155326135727,0.2848727855730784
0.0710862257409009,0.7676296819273105,0.6315187327070009,0.34104575228558653,0.17978905682373744,0.18453717224423066,0.1782009152914471,0.8777950740846912
0.07108582553666654,0.7676293432463175,0.6315186472331219,0.34104574677779287,0.17978903789187625,0.18453703415990513,0.17820086732968687,0.8777948762414427
0.12697759616029536,0.8912297862340879,0.3998763511110268,0.1958855127157827,0.44952980332843384,0.5431273510669454,0.21055641372835404,0.8085287422180358
0.07108302410702605,0.7676269724793663,0.6315180489159692,0.3410457082232372,0.17978890536884812,0.18453606756962634,0.17820053159736504,0.8777934913387032
0.07108262390279163,0.767626633798373,0.6315179634420902,0.34104570271544354,0.17978888643698693,0.1845359294853008,0.1782004836356048,0.8777932934954547
0.12697399432218615,0.8912267381051505,0.3998755818461161,0.1958854631456397,0.44952963294168335,0.5431261083080154,0.2105559820725117,0.8085269616287993
0.12697119289254566,0.8912243673381994,0.3998749835289634,0.19588542459108405,0.44952950041865525,0.5431251417177367,0.21055564634018997,0.8085255767260597
0.1269707926883113,0.8912240286572064,0.3998748980550844,0.19588541908329038,0.4495294814867941,0.5431250036334112,0.2105555983784297,0.8085253788828113
0.07107662083927624,0.7676215535834776,0.6315166813339057,0.34104562009853856,0.17978860245906952,0.18453385822041773,0.17819976420920097,0.877790325846727
0.18215345968969737,0.7386867521520428,0.8395419796741606,0.4225693155422582,0.13200689813524433,0.49387589469859516,0.0658092747451568,0.760883052835387
0.18215185887275992,0.7386853974280707,0.8395416377786447,0.42256929351108347,0.13200682240779968,0.49387534236129293,0.06580908289811582,0.760882261462393
0.21682230976166525,0.13530392310739076,0.5360782406143293,0.3792606557343468,0.2647050606586177,0.733194377440308,0.30906982663798815,0.28486566321613216
0.07107021757152648,0.7676161346875889,0.6315153137518423,0.34104553197383985,0.17978829954929093,0.18453164887120913,0.17819899682103696,0.8777871603547509
0.07106981736729218,0.7676157960065959,0.6315152282779632,0.3410455264660462,0.17978828061742977,0.18453151078688357,0.17819894885927667,0.8777869625115025
0.06586159602706171,0.10332250501318543,0.297409024677798,0.2660653474562376,0.2920625340034565,0.47086747104061705,0.5392507464626035,0.40509343161857503
0.06585999521012426,0.10332115028921326,0.29740868278228216,0.26606532542506295,0.29206245827601185,0.4708669187033149,0.5392505546155625,0.405092640245581
0.06585919480165553,0.10332047292722721,0.2974085118345242,0.2660653144094756,0.2920624204122895,0.4708666425346638,0.5392504586920419,0.405092244559084
0.06585759398471808,0.10331911820325507,0.29740816993900837,0.26606529237830095,0.2920623446848449,0.47086609019736164,0.5392502668450009,0.40509145318608997
0.0658567935762494,0.10331844084126898,0.2974079989912504,0.2660652813627136,0.29206230682112255,0.4708658140287106,0.5392501709214804,0.4050910574995929
0.06585519275931195,0.10331708611729684,0.2974076570957346,0.26606525933153896,0.2920622310936779,0.4708652616914084,0.5392499790744394,0.40509026612659893
0.06585439235084323,0.10331640875531076,0.29740748614797663,0.26606524831595163,0.2920621932299556,0.47086498552275735,0.5392498831509189,0.40508987044010186
0.06585279153390577,0.10331505403133859,0.2974071442524608,0.26606522628477697,0.29206211750251093,0.4708644331854552,0.5392496913038779,0.40508907906710784
0.06585119071696838,0.10331369930736645,0.29740680235694494,0.2660652042536023,0.2920620417750663,0.47086388084815306,0.5392494994568369,0.40508828769411387
0.06584958990003092,0.1033123445833943,0.2974064604614291,0.26606518222242764,0.29206196604762164,0.4708633285108509,0.5392493076097958,0.4050874963211198
0.06584798908309347,0.10331098985942216,0.2974061185659132,0.266065160191253,0.292061890320177,0.4708627761735487,0.5392491157627548,0.40508670494812576
0.06491535351351446,0.10204603353646993,0.29688888793592355,0.2654508575507883,0.2923275967663065,0.4706504919647082,0.539235810345879,0.40400952867762097
0.06584478744921862,0.10330828041147785,0.2974054347748815,0.26606511612890366,0.2920617388652877,0.4708616714989444,0.5392487320686729,0.4050851222021377
0.06584318663228117,0.10330692568750571,0.2974050928793657,0.266065094097729,0.29206166313784304,0.47086111916164225,0.5392485402216318,0.4050843308291437
0.06537643307276447,0.10267402528428943,0.2971463664646848,0.26575788864797734,0.2921945025607028,0.4707548585706652,0.5392418474183981,0.40454544966903294
0.06537483225582708,0.10267267056031726,0.29714602456916894,0.2657578666168027,0.29219442683325814,0.470754306233363,0.5392416555713571,0.4045446582960389
0.06537323143888957,0.10267131583634512,0.2971456826736531,0.265757844585628,0.2921943511058135,0.47075375389606083,0.539241463724316,0.4045438669230449
0.06537163062195217,0.10266996111237298,0.29714534077813726,0.26575782255445335,0.29219427537836884,0.4707532015587587,0.539241271877275,0.40454307555005087
0.06443899505237316,0.10140500478942077,0.2966281101481476,0.26514351991398866,0.2924599818244983,0.4705409173499182,0.5392279664603992,0.40346589927954607
0.06583398193489087,0.10329913602466584,0.2974031269801495,0.26606496741847463,0.29206122770503634,0.4708579432221549,0.539247437101146,0.40507978043442805
0.060545885684236855,0.10070409449076317,0.2997322676242599,0.2665777970289343,0.31071555304701337,0.4383088048104291,0.47325360704225317,0.3725568201196278
0.06054508527576813,0.10070341712877706,0.29973209667650197,0.266577786013347,0.31071551518329105,0.43830852864177805,0.47325351111873265,0.3725564244331308
0.060543884663065095,0.10070240108579798,0.2997318402548651,0.266577769489966,0.3107154583877076,0.4383081143888014,0.4732533672334519,0.3725558309033853
0.0605378815995497,0.10069732087090241,0.2997305581466806,0.266577686873061,0.31071517440979013,0.43830604312391835,0.4732526478070481,0.3725528632546577
0.06053708119108098,0.10069664350891636,0.2997303871989227,0.26657767585747366,0.3107151365460678,0.4383057669552673,0.4732525518835276,0.3725524675681607
0.06053588057837789,0.10069562746593722,0.2997301307772858,0.26657765933409266,0.31071507975048435,0.43830535270229065,0.47325240799824686,0.37255187403841517
0.0605346799656748,0.10069461142295813,0.2997298743556489,0.26657764281071167,0.31071502295490083,0.43830493844931406,0.47325226411296606,0.37255128050866965
0.06053387955720607,0.10069393406097205,0.29972970340789096,0.26657763179512434,0.3107149850911785,0.43830466228066295,0.47325216818944554,0.37255088482217263
0.060532278740268675,0.1006925793369999,0.2997293615123751,0.2665776097639497,0.31071490936373386,0.43830410994336083,0.47325197634240457,0.3725500934491786
0.06053147833179989,0.10069190197501382,0.29972919056461717,0.26657759874836234,0.31071487150001154,0.4383038337747097,0.47325188041888405,0.3725496977626816
0.06053067792333122,0.10069122461302774,0.29972901961685927,0.266577587732775,0.3107148336362892,0.43830355760605866,0.47325178449536354,0.3725493020761846
0.060529877514862496,0.10069054725104165,0.2997288486691013,0.2665775767171877,0.3107147957725669,0.4383032814374076,0.473251688571843,0.3725489063896876
0.06052907710639377,0.1006898698890556,0.2997286777213434,0.26657756570160035,0.31071475790884456,0.4383030052687565,0.4732515926483225,0.37254851070319056
0.06052827669792504,0.10068919252706954,0.2997285067735855,0.266577554686013,0.31071472004512224,0.4383027291001054,0.47325149672480205,0.37254811501669355
0.06052667588098759,0.10068783780309737,0.29972816487806964,0.26657753265483836,0.3107146443176776,0.43830217676280325,0.473251304877761,0.37254732364369947
0.060525875472518864,0.10068716044111131,0.2997279939303117,0.266577521639251,0.31071460645395527,0.4383019005941522,0.4732512089542405,0.3725469279572025
0.06052507506405019,0.10068648307912523,0.29972782298255374,0.2665775106236637,0.31071456859023294,0.43830162442550114,0.47325111303072,0.3725465322707055
0.06052427465558147,0.10068580571713917,0.2997276520347958,0.26657749960807636,0.3107145307265106,0.43830134825685,0.47325101710719947,0.37254613658420843
0.06052347424711274,0.10068512835515309,0.2997274810870379,0.26657748859248903,0.3107144928627883,0.43830107208819896,0.47325092118367895,0.3725457408977115
0.06052107302170656,0.10068309626919489,0.2997269682437641,0.26657745554572704,0.3107143792716213,0.43830024358224573,0.47325063341311746,0.37254455383822044
0.23815518510295738,0.1441323986281781,0.524956412463343,0.37717638078315024,0.17829298726062467,0.8831018357775067,0.6124768204058015,0.43244010281358886
0.23814773814660073,0.14413742192067688,0.5249476762154264,0.37717877184590354,0.17829991294469924,0.8830846031808945,0.6124711083896386,0.4324413140287606
0.23817417592135273,0.14413187774161573,0.5249566929521121,0.3771954680707014,0.17826274094331823,0.8831684518828751,0.6124954685610742,0.43243354775215836
0.08002593773274569,0.11004503831428822,0.2907502452985514,0.2646205845381165,0.23980003740875527,0.56178343325096,0.7239564920022965,0.49584018208616304
0.07998791833048152,0.11001286361994966,0.29074212528004983,0.2646200612977182,0.23979823888194485,0.5617703152400338,0.7239519356350724,0.49582138697755496
0.6949996454127823,0.5708696903246977,0.007014590485096339,0.0430014905358686,0.45117114156034144,0.5330569062633327,0.5842597056607453,0.3898663814515863
0.17610069790525518,0.07294406510973139,0.5110348948122614,0.3498291904503181,0.2669584684273143,0.7446332491895582,0.3372812437414052,0.2434077705004439
0.2223605436339148,0.1363881458644578,0.5363972957704168,0.38077108474805305,0.25385207495853357,0.7546728073697218,0.3378060846405796,0.29730945564884215
0.22235713043986444,0.1363888615850474,0.5363961281751985,0.38076892925204403,0.2538568686319371,0.7546619761658555,0.33780293824197705,0.29731046008710377
0.22231746342568873,0.13639445982733509,0.5363874427258324,0.38073830475147424,0.2539153877277106,0.7545311087121793,0.33776547473010887,0.29732289266991035
0.22229523371140192,0.1364003574214314,0.5363776183410366,0.38072679992380887,0.2539453316954598,0.7544628349455198,0.33774539039744206,0.29732908930176627
0.22227906461420244,0.13640492234096796,0.5363699781885471,0.3807189958067398,0.2539668276383864,0.7544136801127994,0.3377308725593823,0.29733351966655003
0.22154541072802725,0.13655381537895298,0.5361278995414197,0.380245541530661,0.25500232920220256,0.7520764654694585,0.33705293336983877,0.2975507999590615
0.22153798406921646,0.1365606398409104,0.5361159531543153,0.3802516302159178,0.25500739794521066,0.7520626963194624,0.3370478509959991,0.2975514863504147
0.22132431375505301,0.1365881904133732,0.5360737880044291,0.3800813416932337,0.25532522108245664,0.751352858049612,0.3368451641525209,0.2976192133067568
0.22111917162361494,0.13663386495985966,0.5359988394375509,0.37995723794773806,0.25561058895702027,0.750706750953064,0.33665693386171147,0.29767884066910877
0.22114232774579662,0.1366403935281982,0.5359863583362353,0.37999518021270096,0.2555663715521899,0.7508012309042823,0.336682056226225,0.29766882519117155
0.22113776842599991,0.13664455159951402,0.5359790079526149,0.37999887851425623,0.25556940893191876,0.7507925309006165,0.33667888857300643,0.29766929503360434
0.22113774526731478,0.1366427648138054,0.5359822163665733,0.3799951908656572,0.2555712899157767,0.7507891706697891,0.336678276156803,0.297669802481457
0.22105044699337253,0.1366564348654232,0.5359606780486386,0.37993055916895224,0.255698683706894,0.7505036371014537,0.336596272474178,0.2976967870250794
0.9539021423614011,0.16568667966637407,0.6137207451504721,0.131168593085561,0.20666951373934697,0.5658133950798372,0.6574740803742782,0.4533919120321894
0.9539021419712449,0.16568667995791395,0.6137207443581767,0.13116859303270378,0.2066695136202047,0.5658133945008501,0.6574740800663341,0.4533919121878072
0.6906199828351087,0.6007287012057596,0.03919885615679802,0.08077329452778659,0.3775743987657192,0.6429160114540433,0.6937459825969403,0.4892408718121098
0.6717224409366753,0.588996571762832,0.042717233360984375,0.08338709445639089,0.36741664897445386,0.6589278193768224,0.695071146498005,0.48757627694250105
0.7096039142428958,0.6125801658424936,0.035703978186523544,0.07818467645696839,0.3877438806922986,0.6268410712364259,0.6924565266830087,0.49095584345591714
0.7960100569429426,0.1791562945364002,0.3941319925711743,0.045331552925946234,0.2240354653770282,0.2740154991817398,0.7793914096858598,0.5851341146313259
0.9137998857434901,0.3372605802730341,0.24667337103286574,0.5878413883547964,0.07184398218048904,0.6377127802405825,0.5686977638159986,0.39137691043753464
0.9138007390420029,0.3372604013428867,0.2466736629316703,0.5878419272287987,0.07184278376213815,0.6377154880415491,0.5686985504156492,0.3913766593279692
0.9138016806483273,0.3372601416661316,0.2466740973557401,0.587842394801096,0.07184152648570541,0.6377183613276629,0.5686993979282408,0.3913763994070539
0.9138015923405154,0.3372602224127393,0.24667395483047488,0.587842466102801,0.07184158534378726,0.6377181958425157,0.5686993370152998,0.3913764082184038
0.9138024456390279,0.3372600434825919,0.24667424672927946,0.5878430049768032,0.07184038692543637,0.6377209036434822,0.5687001236149505,0.3913761571088384
0.9138146802787447,0.3372566723494138,0.24667988156545945,0.5878490825709518,0.07182404042553459,0.6377582470991684,0.5687111363515336,0.39137278062682396
0.9138135385196916,0.3372577173906758,0.24667804141373922,0.5878500103388324,0.07182480748687484,0.6377561050560472,0.5687103494104087,0.39137289268448805
0.9138144805161723,0.33725745742238084,0.2466784766301045,0.5878504779639868,0.0718235503295844,0.6377589789211481,0.5687111972309443,0.3913726326079549
0.9138143918182042,0.3372575384605284,0.2466783333125438,0.5878505492128347,0.07182360906852395,0.6377588128570137,0.5687111360100593,0.39137264157492263
0.9138186583107673,0.3372566438097914,0.24667979280656682,0.5878532435828461,0.07181761697676958,0.6377723518618464,0.5687150690083124,0.3913713860270956
0.9138524592298782,0.3372286458346762,0.24674222170448934,0.5878874375715974,0.07184388961761234,0.6378354537758527,0.5686968764992272,0.3913101754815365
0.9138524604003473,0.33722864496005656,0.24674222408137575,0.587887437730169,0.07184388997503921,0.6378354555128138,0.5686968774230596,0.39131017501468307
0.7937109367940269,0.3744651314895907,0.020044678708238506,0.4967246414274421,0.10978918760793471,0.31323691888458494,0.6878783489059859,0.5265913183556477
0.755743073978453,0.35076220221612264,0.02703443464878741,0.5019018775690786,0.08945022375477588,0.34538679931982,0.6904572607338488,0.523161375068033
0.16521725921194175,0.8418245990269464,0.8770654915495519,0.41592975385792536,0.06359331512889282,0.42317657282201804,0.5293709100059533,0.13047994415841357
0.16521645958378567,0.8418239210818806,0.8770653221863849,0.4159297429480524,0.06359327750345511,0.42317629781134103,0.529370814698321,0.1304795481606809
0.1652160593795513,0.8418235824008876,0.877065236712506,0.41592973744025874,0.06359325857159398,0.4231761597270155,0.5293707667365608,0.1304793503174324
0.16520845354831692,0.8418171489197193,0.8770636087473285,0.4159296325278931,0.06359289827052045,0.42317353322989504,0.5293698539233953,0.13047559207379983
0.16520765509062973,0.8418164701000337,0.8770634417610477,0.41592962177659176,0.06359286100250955,0.4231732599561792,0.5293697595395954,0.13047519560921378
0.16520725527655167,0.8418161311275009,0.8770633570794644,0.41592961632165526,0.06359284218979067,0.4231731224508407,0.5293697118857793,0.13047499761034748
0.1652000512101769,0.8418100351611661,0.8770618177573475,0.4159295171285121,0.0635925012971475,0.42317063635399393,0.5293688482661506,0.13047143658749216
0.16519965139609877,0.8418096961886332,0.877061733075764,0.4159295116735756,0.06359248248442856,0.4231704988486555,0.5293688006123345,0.13047123858862586
0.16519925080170816,0.8418093577991799,0.8770616468095895,0.4159295061129248,0.06359246343342517,0.42317036018534293,0.5293687523426301,0.13047104090099515
0.16518364127594293,0.841796150406611,0.877058310159128,0.415929291097543,0.06359172461427065,0.4231649725806987,0.5293668806022037,0.13046332563677465
0.16518324185202116,0.8417958111425383,0.8770582262698401,0.4159292856954637,0.06359170592069407,0.42316483565434726,0.5293668332563317,0.13046312748229055
0.16518284281825568,0.8417954715869256,0.8770581431728475,0.41592928034624166,0.06359168734625975,0.4231646993069829,0.5293667862184038,0.1304629291721886
0.2232160475767047,0.13808240679855496,0.5326020354880417,0.3785288193303951,0.23854128869221444,0.7784150138203119,0.4013402843512294,0.32989859267821875
0.05408267273441514,0.8707107187319658,0.6690276449051998,0.3344052492761875,0.11137225716459848,0.11381447676788448,0.6417543996694468,0.24735877489416683
0.054082272530180775,0.8707103800509729,0.6690275594313209,0.3344052437683938,0.11137223823273729,0.113814338683559,0.6417543517076865,0.24735857705091832
0.16515722935710042,0.841773796294911,0.8770526720522982,0.41592892779458984,0.06359047558800307,0.4231558613311614,0.5293637163578035,0.13045026735990195
0.16515682876270976,0.841773457905458,0.8770525857861238,0.41592892223393896,0.06359045653699963,0.42315572266784884,0.5293636680880991,0.1304500696722713
0.16511880858013295,0.841741283794199,0.8770444641830313,0.4159283988878263,0.06358865777190464,0.4231426034989485,0.5293591111049868,0.13043127487489886
0.16511840954636758,0.8417409442385866,0.8770443810860387,0.4159283935386042,0.06358863919747032,0.4231424671515841,0.5293590640670589,0.13043107656479686
0.16511801012244576,0.8417406049745136,0.8770442971967507,0.41592838813652494,0.06358862050389374,0.42314233022523273,0.5293590167211869,0.1304308784103127
0.8399100226268714,0.20897586840545346,0.3905487922991737,0.039049765472358555,0.3068666811788021,0.1351656322343862,0.5909759783447953,0.5000899259585287
0.9592321499472766,0.17162136261792485,0.6161613957190366,0.1261759693744933,0.2661152793299662,0.45917801658898455,0.47032180550634756,0.36536384546466344
0.9606931523336463,0.17047010937386128,0.6188611183346386,0.12710557783849216,0.2669843281734482,0.461707600235232,0.46926552494528884,0.3627410109754918
0.913558371501159,0.12478192639530925,0.6505926707863022,0.14157517958536764,0.2452788002654134,0.5270905935462668,0.4629509386244588,0.33605393922277665
0.9705085649075826,0.16033496558153928,0.640107694979963,0.1338093033417383,0.27578717031770705,0.4788652205561119,0.45908237903562316,0.3411980627812046
0.23303452506094605,0.13028840740162684,0.5491467471818503,0.3839427093522454,0.2380918215456252,0.805824863018568,0.4194344378720077,0.3248287886583096
0.24431254083818957,0.11900336508921341,0.5730933883382925,0.391576065350665,0.2477637882608107,0.8255126193229976,0.40819520324832426,0.3006637973478449
0.9574380988708864,0.17336975924156664,0.6124369350609382,0.12497526959466146,0.26467217616646815,0.45600746377728485,0.4720231643621982,0.3691079123659634
0.9592225450456521,0.17161323427409195,0.6161593443459414,0.12617583718744532,0.2661148249652983,0.4591747025651716,0.4703206544241015,0.36535909722669924
0.8398120271947214,0.20884671146284892,0.3905228143227718,0.0390244238885562,0.30685440001951425,0.13522476008378403,0.5909388794666146,0.5000338117301234
0.8018429637664444,0.18514276614640168,0.3975123138416838,0.044201643506811605,0.28651537937077187,0.16737422626604254,0.593517647409197,0.49660327491276324
0.80184256356221,0.18514242746540865,0.3975122283678048,0.044201637999017995,0.2865153604389107,0.167374088181717,0.5935175994474367,0.49660307706951473
0.8398092257650809,0.20884434069589763,0.39052221600561904,0.039024385334000544,0.3068542674964861,0.13522379349350533,0.5909385437342929,0.5000324268273839
0.8398084253566123,0.20884366333391158,0.3905220450578611,0.03902437431841321,0.30685422963276376,0.13522351732485421,0.5909384478107723,0.5000320311408869
0.9605930915045356,0.17033930713037096,0.6188345822600898,0.12708019999428413,0.26697193269637753,0.4617659421301376,0.4692281354475239,0.3626839332077836
0.2330241197508527,0.13027960169580788,0.5491445248609972,0.3839425661496101,0.23809132931723498,0.805821272826104,0.4194331908662411,0.32482364473384845
0.9592161417779023,0.17160781537820335,0.6161579767638781,0.12617574906274664,0.2661145220555197,0.45917249321596304,0.4703198870359374,0.3653559317347232
0.9324970647574164,0.1366279238003366,0.6470808251082721,0.1389718410172981,0.2554864882153052,0.5109209984504335,0.4616332596315344,0.3377690707136545
0.9212450773284534,0.14790217665679095,0.6231470489133952,0.13135294114203377,0.24577540674747156,0.4913212689765938,0.4728984151697184,0.36192440570112044
0.24427090452476904,0.119000945986444,0.5730771898954476,0.3915613944235567,0.24780216467087346,0.8254192072037119,0.40816741182517374,0.30066573778415195
0.0584681072603343,0.10044982632518826,0.3020553441344964,0.2670176871394318,0.3257408478017871,0.4130122496681196,0.42071652930354214,0.3476026507015031
0.05846650644339685,0.10044847160121612,0.30205500223898063,0.26701766510825714,0.32574077207434243,0.4130116973308175,0.42071633745650117,0.34760185932850907
0.058464905626459396,0.10044711687724392,0.30205466034346473,0.2670176430770825,0.3257406963468978,0.4130111449935153,0.42071614560946013,0.34760106795551504
0.05846330480952194,0.1004457621532718,0.3020543184479489,0.2670176210459078,0.32574062061945314,0.41301059265621315,0.4207159537624191,0.347600276582521
0.058461703992584546,0.10044440742929964,0.30205397655243305,0.26701759901473315,0.3257405448920085,0.41301004031891103,0.4207157619153781,0.347599485209527
0.05846010317564709,0.1004430527053275,0.30205363465691715,0.2670175769835585,0.32574046916456384,0.41300948798160886,0.42071557006833704,0.34759869383653297
0.05845850235870964,0.10044169798135535,0.3020532927614013,0.26701755495238383,0.3257403934371192,0.41300893564430674,0.42071537822129607,0.34759790246353894
0.058456901541772244,0.10044034325738321,0.30205295086588546,0.26701753292120917,0.32574031770967454,0.41300838330700457,0.42071518637425503,0.3475971110905449
0.05845530072483479,0.10043898853341107,0.30205260897036956,0.2670175108900345,0.3257402419822299,0.4130078309697024,0.42071499452721406,0.3475963197175509
0.05845369990789734,0.1004376338094389,0.3020522670748538,0.26701748885885984,0.32574016625478525,0.4130072786324003,0.42071480268017303,0.34759552834455687
0.05845209909095994,0.10043627908546673,0.3020519251793379,0.2670174668276852,0.3257400905273406,0.4130067262950981,0.420714610833132,0.34759473697156285
0.05845049827402249,0.10043492436149459,0.30205158328382203,0.2670174447965105,0.32574001479989595,0.41300617395779593,0.42071441898609097,0.3475939455985688
0.058448897457085036,0.10043356963752245,0.3020512413883062,0.26701742276533585,0.3257399390724513,0.4130056216204938,0.42071422713905,0.3475931542255748
0.058447296640147584,0.10043221491355031,0.3020508994927903,0.2670174007341612,0.32573986334500665,0.41300506928319164,0.42071403529200896,0.34759236285258077
0.05844569582321013,0.10043086018957817,0.30205055759727445,0.26701737870298653,0.325739787617562,0.41300451694588947,0.420713843444968,0.34759157147958675
0.058442894393569644,0.10042848942262689,0.3020499592801217,0.26701734014843087,0.32573965509453384,0.4130035503556107,0.42071350771264615,0.3475901865768472
0.05844129357663219,0.10042713469865475,0.30204961738460584,0.2670173181172562,0.3257395793670892,0.4130029980183086,0.4207133158656052,0.3475893952038532
0.05843969275969474,0.1004257799746826,0.30204927548909,0.26701729608608155,0.32573950363964455,0.4130024456810064,0.42071312401856414,0.34758860383085916
0.05843809194275734,0.10042442525071046,0.30204893359357415,0.2670172740549069,0.3257394279121999,0.41300189334370424,0.42071293217152317,0.34758781245786513
0.05843649112581989,0.10042307052673832,0.3020485916980583,0.2670172520237322,0.32573935218475525,0.4130013410064021,0.42071274032448214,0.3475870210848711
0.7531732974974539,0.3533979672315039,0.035537245844172005,0.5018275401982637,0.1893416073704461,0.17439718555267036,0.3728563186593369,0.37065910140250763
0.8467202048060886,0.31215967459346744,0.24784788754914627,0.5866662886826726,0.12960656571913406,0.5041725899880959,0.2628696731619213,0.25147410954420424
0.9439385817897048,0.1761078221429541,0.6044607260868309,0.12233010431929195,0.29470023418926355,0.3845763311128375,0.34793540641037735,0.31859156619567075
0.8314073428690489,0.20549431146326352,0.39564487687825217,0.04007996839790756,0.344265774982135,0.07087572881070398,0.45921145985996414,0.43606138856691823
0.7721564284967724,0.3652487545062519,0.03204219692613963,0.4992389111118581,0.19951105143330325,0.1583219691664018,0.37156676682188483,0.3723736773598179
0.9059847383922948,0.15249948819007184,0.6112794921688544,0.12770981995170538,0.2742386802751379,0.41694240316336983,0.35058532803581455,0.31515586509432536
0.7531720968847508,0.3533969511885248,0.03553698942253508,0.5018275236748826,0.18934155057486263,0.17439677129969378,0.3728561747740561,0.3706585078727621
0.9058346908719082,0.15253135652927918,0.6112267090126066,0.12761695366138465,0.2744479237220645,0.4164689165901648,0.35044763443279386,0.3151995216147872
0.5290460813669283,0.30767734818695164,0.23431925687744543,0.7780040085139799,0.5142825611316074,0.17153767486049426,0.6031952746300685,0.5559633198230979
0.8466588067291418,0.31221680277376274,0.24765621422269143,0.5868544399185358,0.129514673519911,0.5042958385078559,0.26291251040799923,0.25144992401227595
0.9247622001153073,0.1643350621898171,0.6077197926944211,0.12502755989023184,0.2846147382816389,0.40037451632542626,0.34915142114571696,0.3168865947150523
0.8123661822557484,0.19359441544452513,0.3991275320838347,0.04266779885423155,0.3340935857994094,0.08693092296976956,0.46049405724217946,0.4343181253385745
0.9247617999110731,0.16433472350882408,0.6077197072205421,0.12502755438243815,0.2846147193497777,0.4003743782411007,0.3491513731839567,0.31688639687180375
0.8123657820515142,0.19359407676353207,0.39912744660995575,0.04266779334643789,0.3340935668675482,0.08693078488544398,0.4604940092804192,0.434317927495326
0.8655104853345621,0.32408882787081944,0.24411694179455068,0.584186491588595,0.1398599768690848,0.4878204805124729,0.26150663218411707,0.253198487821455
0.753114467475003,0.35334818112552746,0.03552468118396429,0.5018267305525947,0.18933882438685526,0.1743768871568162,0.3728492682805796,0.37063001844497717
0.2177001966608613,0.13482513190701356,0.53726177264764,0.38029951208420615,0.26655241331905866,0.7314187081823245,0.29711182644212086,0.2780243568396315
0.772097198270087,0.36519862971928235,0.03202954679205294,0.4992380959583955,0.19950824951785123,0.1583015326862221,0.3715596684813673,0.372344396559039
0.8692831587107204,0.22911934410833307,0.3886354619455415,0.034901465463727965,0.3646003845072266,0.03869408898059512,0.4566215168272428,0.4394458279073764
0.6499526773666032,0.5795518043059287,0.05466372975594713,0.08587440877346034,0.45712068460521393,0.5040315388006543,0.37870841273996914,0.33324455364645367
0.8228945332420698,0.1658446580148966,0.3626686374193343,0.0038936417599279016,0.3780514289631872,0.02821542870620558,0.4560334837074973,0.38540675630398746
0.8699082777247901,0.22964836381945722,0.3887689721444835,0.03491006863743429,0.3646299560743621,0.03890977669708612,0.45669643309675867,0.4397548590615433
0.7075664093935952,0.6156663765786143,0.044320469640930504,0.07811766445172932,0.4876604436833147,0.45603510962224225,0.3749193737496337,0.33871670131090514
0.6795361249734421,0.5637136296083005,0.014725120220013765,0.04451251675215978,0.5112513898301704,0.4292657225249561,0.37296693621860944,0.2860831819906884
0.6795361961144277,0.5637137967297948,0.014725171471627885,0.04451261399561102,0.5112513795668581,0.4292656833294187,0.3729669204846805,0.2860833723539081
0.6800017490612413,0.564345681090032,0.014983641464671849,0.04481980292198168,0.5111184833484148,0.4293715296674192,0.37297346940263343,0.28662165998427336
0.7075660091893609,0.6156660378976214,0.044320384167051585,0.07811765894393566,0.48766042475145355,0.4560349715379167,0.37491932578787346,0.33871650346765664
0.7853914229648407,0.14277293573967956,0.3699166924051692,0.009378055812347685,0.3575795310278628,0.06047087931079009,0.4586188485297928,0.38251470496024104
0.8319396145007474,0.205944757184003,0.3957585571372745,0.04008729376348347,0.34429095435748086,0.0710593809636701,0.4592752490011012,0.4363245200874316
0.6800009486527725,0.564345003728046,0.0149834705169139,0.0448197919063944,0.5111184454846925,0.42937125349876815,0.37297337347911297,0.2866212642977764
0.7265491401886792,0.6275168251723694,0.04082533524901921,0.07552902985753013,0.4978298688143107,0.43995975515164815,0.3736297739504214,0.340431079424967
0.7849249984685729,0.14214020689596205,0.36965800021275325,0.009070758626938402,0.35771239964589596,0.060364795999675924,0.4586122194222483,0.381975831280159
0.6885808771688706,0.6038135572179083,0.04781500571568914,0.08070626049137289,0.47749088602929063,0.47210949750255765,0.37620863781652425,0.3370009382941038
0.6989840085111053,0.5761956238812996,0.011488370347267463,0.04223106557653755,0.521287899810862,0.41329607630803694,0.37168383737558985,0.28833564989186694
0.7455322711879975,0.6393676124471174,0.03733028633098684,0.07294040077112454,0.5079993128771678,0.4238845387653795,0.37234022211296935,0.3421456553822773
0.7075644083724233,0.6156646831736492,0.04432004227153569,0.07811763691276102,0.4876603490240089,0.4560344192006146,0.3749191339408324,0.3387157120946626
0.8043737535556903,0.15462304565244148,0.3664214725393789,0.006789415710354796,0.3677489372269976,0.0443953867558704,0.4573292007688202,0.38422888523105436
0.8509219450915968,0.21779486709676493,0.3922633372714842,0.03749865366149058,0.3544603605566157,0.05498388840875046,0.4579856012401287,0.43803870035824494
0.7075640081681891,0.6156643444926562,0.04431995679765677,0.07811763140496733,0.48766033009214776,0.456034281116289,0.3749190859790722,0.3387155142514141
0.7853894219436688,0.14277124233471442,0.3699162650357744,0.009378028273379357,0.357579436368557,0.060470188889162446,0.45861860872099147,0.3825137157439985
0.07270768916619791,0.10685838911669282,0.2947203778664642,0.265455379292873,0.26970122077374786,0.5101000508721922,0.6185036770943579,0.44436599629585793
0.0726668683342932,0.10682384365540304,0.2947116595308099,0.26545481749791905,0.26969928972390933,0.5100859662709873,0.6184987849948121,0.44434581628451025
0.07261191800878414,0.10677896133782927,0.2947004699964983,0.2654555203030824,0.26969648370471916,0.5100660403878072,0.618491831872891,0.4443210035205752
0.06103605738462875,0.8735869738854389,0.6649790397725652,0.3335639740407119,0.08145402029643675,0.16537293457234248,0.7471638558128004,0.2986502358807239
0.013990357380144869,0.8100403520660807,0.6390359678849631,0.3028718820764034,0.09472670751669704,0.1545198355936635,0.7464731871204155,0.2446021442281612
0.07195278163479374,0.10622115374229696,0.29455969451784436,0.2654464489669144,0.26966530292938484,0.5098386155036455,0.6184128388537536,0.44399515569028525
0.01355218834878924,0.8096233162793945,0.6389373371114417,0.30284185886798487,0.09469833427542118,0.15446159176635366,0.7463953207460194,0.24437786323852556
0.06979407999465775,0.10439430846585418,0.2940986484147116,0.2654167399278797,0.26956318447027533,0.5090937886516913,0.6181541331189466,0.44292798920784215
0.07281442135137012,0.10695033392030612,0.2947437197792542,0.2654583072466774,0.2697060632264673,0.5101359110565298,0.6185161005235793,0.4444211122043194
0.07281161992172963,0.10694796315335486,0.2947431214621014,0.26545826869212175,0.2697059307034391,0.510134944466251,0.6185157647912575,0.44441972730157986
0.07275691428702408,0.10690004687883642,0.2947308911535768,0.2654560567514939,0.2697035493926708,0.5101170352442335,0.6185095763908691,0.4443903310154242
0.07275451306161795,0.10689801479287822,0.294730378310303,0.2654560237047319,0.26970343580150385,0.5101162067382803,0.6185092886203076,0.44438914395593315
0.07271929508899433,0.10686821086549092,0.2947228566089542,0.2654555390188893,0.2697017697977216,0.5101040553176328,0.6185050679854053,0.4443717337500646
0.0727152930466507,0.10686482405556053,0.29472200187016456,0.26545548394095264,0.26970158047910997,0.5101026744743775,0.6185045883678028,0.44436975531757955
0.07267927466555829,0.1068343427661872,0.2947143092210578,0.2654549882395227,0.2696998766116053,0.510090246885079,0.6185002718093799,0.44435194942521394
0.07267407201051168,0.10682993991327772,0.29471319806063123,0.26545491663820503,0.26969963049741025,0.5100884517888471,0.6184996483064966,0.44434937746298336
0.07262072250194002,0.10678641231967609,0.2947023504218355,0.26545564147454304,0.2696969002056647,0.5100690782429691,0.6184928870316166,0.4443253560720423
0.07261952188923698,0.10678539627669698,0.29470209400019864,0.26545562495116204,0.26969684341008127,0.5100686639899925,0.6184927431463358,0.4443247625422968
0.06104126003967536,0.8735913767383486,0.6649801509329917,0.33356404564202957,0.08145426641063186,0.16537472966857453,0.7471644793156837,0.29865280784295456
0.061038458610034874,0.8735890059713973,0.6649795526158389,0.3335640070874739,0.08145413388760372,0.16537376307829577,0.747164143583362,0.29865142294021496
0.8775213510322084,0.3245729380368827,0.24814897969597893,0.5883246154792499,0.12544939488708817,0.5210058032078806,0.28212866606109654,0.258732204785318
0.8776340937950968,0.32454921649115126,0.24818774303301994,0.5883958623461918,0.12529133555430605,0.5213634030550479,0.2822324089868719,0.25869883234467583
0.8777683164183177,0.3245011635491909,0.24826930882392154,0.5884504763730058,0.12512518153706048,0.5217657952591421,0.2823134565667048,0.25862790675439035
0.8781982249403557,0.3243274035244958,0.24856607232544284,0.588592930171326,0.12461467990568206,0.5230285817240511,0.2825379401051205,0.2583770954799205
0.8783028173426681,0.3243648880601338,0.2484956357844359,0.5887496373842249,0.12440180031774517,0.5234304770981744,0.2827616621657425,0.25843982061699144
0.8782540714433027,0.32441884864239257,0.2484007097771211,0.5887876146855906,0.12442188718743949,0.5233300328952053,0.2828030658614974,0.2585154916586496
0.8782540718334589,0.3244188483508527,0.24840071056941654,0.5887876147384479,0.12442188730658177,0.5233300334741923,0.2828030661694415,0.25851549150303177
0.8782532181447902,0.32441902757254,0.24840041787831652,0.5887870758115884,0.12442308560579038,0.5233273250942387,0.28280227926184676,0.25851574276821504
0.7572602840384804,0.35556930185679747,0.035089143507296805,0.5008619947866685,0.18477914186379488,0.18310415601984342,0.3884374925886732,0.37939564611953785
0.7665903510486566,0.3684575027878947,0.03762706076978983,0.5035816354275648,0.18604621247772601,0.17628586817729186,0.39229395519906585,0.38483633773298626
0.7685554186889243,0.3709740953317614,0.04082244745218416,0.5087858848207174,0.19287617033782695,0.17298478005002527,0.3950325129310368,0.3870592531722835
0.7734151222875816,0.37788498309860474,0.03948350024883568,0.5055710021926649,0.186973051167546,0.1712984168850551,0.3951148861825938,0.3888161028946754
0.7598519693190848,0.3591493576709911,0.03579412052465597,0.5016174505202509,0.1851311059232202,0.18121018717469023,0.3895087322026712,0.38090694934549574
0.7651789307991843,0.36624398380208234,0.0407909454304235,0.5093454812550846,0.19460532330986569,0.1748305911000636,0.39427899277547473,0.3854493088561148
0.7594991142567169,0.35859597792453807,0.03658509168981433,0.5030584119771307,0.18727088363125513,0.18084636790538317,0.3900049915967734,0.38106019212627784
0.7592399457286564,0.3582379723431187,0.036514593988078436,0.5029828664037725,0.1872356872253126,0.18103576478989847,0.3898978676353736,0.3809090618036821
0.75932633523801,0.35835730753692513,0.03653809322199042,0.5030080482615586,0.18724741936062678,0.18097263249506002,0.38993357562250686,0.38095943857788067
0.7615797595061546,0.36153606154712026,0.036264105202895414,0.5021210876759723,0.18536574862950372,0.1799475412779214,0.3902228919453365,0.38191448482946766
0.7760931970775394,0.3815843741066049,0.04021197650010683,0.5063516397840333,0.18733674736228548,0.1693413157450634,0.396221833783725,0.3903777828948319
0.7582105686413687,0.35688198898866846,0.035347635080328454,0.5011389952223153,0.18490819535225084,0.1824097007766206,0.3888302804471392,0.37994979063572243
0.5647507048002549,0.5164627338390902,0.5209947795479011,0.5756285628790744,0.8868365364274393,0.7766211705950259,0.46778082860001796,0.28234498834956334
0.5648390691351154,0.5163939308694133,0.5211463585499141,0.5757113052632573,0.8868860345317624,0.7767958192759183,0.4677466434304426,0.2821997836132331
0.56483696886529,0.516395854502544,0.5211429767660268,0.5757130190941809,0.8868874529636983,0.7767918760027506,0.46774519660912467,0.28219998746035857
0.5647658796306572,0.516441543296692,0.5210317101468375,0.5756119005638197,0.8868341053188402,0.776651887525283,0.46774756838334136,0.2823037314197868
0.5647498666047256,0.5164635405176805,0.5209929599808849,0.5756276416913472,0.8868354876257043,0.7766198403246686,0.4677815507459172,0.2823467879258833
0.5648287313635179,0.5163967724451856,0.521141620292215,0.5757061646637051,0.8868998706487787,0.7767642426570067,0.46773733649708726,0.2822026348067933
0.5648412369184781,0.5163949586856476,0.5211444394292317,0.5757157136756209,0.886881461348513,0.7768054173235315,0.46774913083915437,0.28219873129006023
0.564842155996944,0.5163939791577294,0.5211464480461375,0.5757164297080228,0.8868823965483916,0.7768070313714734,0.467747871469565,0.28219642670164313
0.5648421789149589,0.5163946987173526,0.521144874645597,0.5757161813007754,0.8868802041912225,0.7768082911886323,0.46774997865969004,0.28219847121352715
0.564841892797905,0.516394927274677,0.5211443304265301,0.575716225803882,0.8868802026441662,0.7768078321570466,0.4677497616190704,0.28219855892310963
0.5648429346550209,0.5163939684122719,0.52114656357178,0.5757171745830656,0.8868813136381737,0.7768094646586483,0.467749200220012,0.28219667811428983
0.5648432024228232,0.5163936559153439,0.5211471321311982,0.575716994746337,0.8868812571054716,0.7768100257710338,0.46774881050156464,0.28219609856125893
0.5648432149272011,0.5163942708459699,0.521145562383408,0.5757165288151803,0.8868789232671515,0.7768114338828056,0.4677503084090709,0.2821976744756146
0.5648437071911803,0.5163938498308787,0.5211466914654229,0.5757177025156283,0.8868800905573702,0.7768120526092939,0.4677499230752257,0.2821964592176123
0.5648432569315922,0.5163942542182594,0.5211456844848288,0.5757166177711888,0.8868790219187563,0.7768114617793357,0.4677503503494726,0.28219763131061404
0.5648430133534803,0.5163945486397151,0.5211451650477295,0.5757168008850635,0.8868790858382802,0.776810936564148,0.4677507591604566,0.28219820121534045
0.5648436311107025,0.5163939066811543,0.5211465369678069,0.5757176922084751,0.8868800673246244,0.7768119397068176,0.46774986302611854,0.2821964895630864
0.5648440048998107,0.516394251645856,0.5211457008856191,0.5757172752230818,0.8868778438120599,0.776813883960605,0.46775164608989794,0.28219792137534466
0.56484379954511,0.5163944198544262,0.5211453206717137,0.5757173306676281,0.8868778669274564,0.7768135447793405,0.4677514927937152,0.2821979768720393
0.5648448758565632,0.5163933228359385,0.5211476485836928,0.5757180680014797,0.8868788501416758,0.7768153921590668,0.46775035752561406,0.28219560956964246
0.7677654478530672,0.3595191686785507,0.027386755595075807,0.49990085109738586,0.1292278780764818,0.27794867073975826,0.584481198399342,0.473840973879648
0.9051488828202057,0.14820847567549356,0.608243065227591,0.12964961902130478,0.20169982764349426,0.5413186543579882,0.5658472339120291,0.416888913078884
0.9048626072034759,0.1485178775136908,0.6076965043054303,0.12996044849260702,0.20183980049127742,0.5408457008777539,0.5657295430321275,0.4169693716906212
0.7296075972367088,0.33556300573476916,0.03432583769100522,0.5050274866883225,0.1088646358826646,0.31021887813867205,0.5869866318972476,0.4703017697839504
0.7485915286444957,0.3474144703715032,0.0308309597207308,0.5024388686175043,0.11903411780924406,0.29414393792105453,0.585697175983316,0.47201674142775774
0.941627097193117,0.16972157163038928,0.6008656498463935,0.12406182683064787,0.2217109236797692,0.510562098603858,0.5627009646966559,0.41937769764541766
0.8269779426188453,0.19973221226023077,0.3909812300548077,0.04074137963524338,0.273980784166642,0.19048917428880885,0.672121287108437,0.5375096921348917
0.7295863864122876,0.33554505564213816,0.03432130757542018,0.5050271947752583,0.108863632494023,0.31021155966941855,0.5869840899239542,0.47029128409177956
0.9041065513720576,0.1458897073967332,0.6080624748220557,0.12946388605874787,0.20076697272264754,0.5440922719738118,0.5656867596738703,0.4158202576176944
0.903718050312402,0.1462558991058836,0.607417283260284,0.12978269198035636,0.20101375609836858,0.5433593292692995,0.565486390762239,0.41592100904313856
0.7890048771482245,0.1760248801338532,0.39796987483493007,0.04591854417556221,0.253641574199288,0.22263725962781192,0.6746995754334169,0.5340771768850464
0.7486515046743815,0.3475114526197692,0.03084881767863118,0.5024636869609084,0.1190446004417215,0.2940716920607306,0.5857297184942727,0.4720540605475549
0.7256869970243213,0.21525495797195923,0.7555221535819687,0.2671484584435901,0.3355979892682982,0.5158561227048679,0.6767662899889371,0.5463646774314608
0.6129001715516925,0.24470374155329844,0.5466072261800022,0.184765089564022,0.3855269739609547,0.20137932600532382,0.7877357352280214,0.6638576234333853
0.7703606803665127,0.36314845272099217,0.02809753875340132,0.5006803485754654,0.1295876553759607,0.27596298614438014,0.5855782179161008,0.4753617003273637
0.9499542688049358,0.18139590315075926,0.6031175208062703,0.12648591806851994,0.2229738788593334,0.5040927828197788,0.5661161360909406,0.42431259514466124
0.9496679931882064,0.18170530498895654,0.6025709598841098,0.12679674753982217,0.22311385170711662,0.5036198293395445,0.565998445211039,0.42439305375639846
0.7485178910653736,0.34735215306878436,0.030815232527001413,0.5024378551834697,0.1190306343467902,0.29411853040515545,0.5856883510194295,0.4719803382700326
0.9602101823255625,0.18184380078548137,0.5967843373870517,0.12176138462501118,0.23208319104015,0.4938408413363592,0.561241189817307,0.42115496658098317
0.7485062851425771,0.34734233131998626,0.030812753784511426,0.5024376954574534,0.11903008532281648,0.2941145259597149,0.5856869601283822,0.4719746008158259
0.8511357913850452,0.21383775000893807,0.3850178496505652,0.03743959621557286,0.26531276422706723,0.20730184049970232,0.7370978279090822,0.5717982344581545
0.7457457172772115,0.6354101566782975,0.030084713236188887,0.07288133781741321,0.4188516976157582,0.5762023527720059,0.6514524008201626,0.47590499163893835
0.8685743467322273,0.3200362350802455,0.2379085715273548,0.5856594403370887,0.0476722188349063,0.6475684285735961,0.5427498051590899,0.38642087697590494
0.8685743471223837,0.3200362347887056,0.2379085723196503,0.585659440389946,0.047672218954048606,0.6475684291525832,0.542749805467034,0.3864208768202871
0.8685718743641888,0.3200366917071597,0.2379078367716153,0.5856577523076625,0.047675754993592556,0.6475604694978696,0.5427475056571907,0.38642162180448686
0.8685717872268459,0.3200367715791478,0.2379076966232365,0.5856578237679393,0.047675814209101275,0.6475603057496835,0.5427474456680822,0.38642163014898334
0.7728365127232497,0.36168620077531344,0.024896286374213927,0.4991862702455614,0.11038551072200886,0.31080078949660594,0.6507348689415335,0.5063636988442374
0.7742187448729054,0.3635955638762167,0.025272274116805493,0.49958917997013863,0.11057322488703575,0.3097906727791909,0.6513061967356657,0.507169727231415
0.7540253603341696,0.3500734065261923,0.028438162812312262,0.5018252520319517,0.10023949306605778,0.3267494651245466,0.6520957408297317,0.5047494807488272
0.9200767789671052,0.1203018581921903,0.5695452091425035,0.09051049950777304,0.22520811296232027,0.5194975763011884,0.6277446679987382,0.3994736664905782
0.9666252451437198,0.1834757009018521,0.5953876164021638,0.1212219241148664,0.21191959626491153,0.5300842752283521,0.6283989529114934,0.4532851371249308
0.9661871153204488,0.18388965384049685,0.5946581279962251,0.12157885511572736,0.21219593668769954,0.5292550284112537,0.6281880253688953,0.4534134843140807
0.9661868351809176,0.18388990745037503,0.5946576695209063,0.12157906695941184,0.21219610861539592,0.5292545093753167,0.6281878306202512,0.4534135168172253
0.9661808617011732,0.1838911602529467,0.5946556254369786,0.12157529478853887,0.21220449742470981,0.5292355541895639,0.6281823241147527,0.453415274739801
0.9661620895240526,0.1838950964246495,0.594649204455573,0.12156343961334656,0.21223086274757155,0.5291759831472871,0.628165019230383,0.45342079899462223
0.9661620891338961,0.18389509671618937,0.5946492036632776,0.12156343956048937,0.21223086262842927,0.5291759825683,0.6281650189224389,0.45342079915024003
0.9660195882822938,0.18392497805080416,0.5946004565629102,0.12147344760211345,0.2124309984930268,0.5287237798068877,0.628033656780784,0.4534627344476636
0.9659835970446662,0.1839296200819185,0.5945933615307853,0.12144476437529436,0.21248454662629762,0.5286042365385969,0.6279995205586761,0.4534741370918656
0.9659568818298584,0.1839378180640716,0.5945795607547417,0.12143321388884973,0.2125193859691602,0.5285242241712291,0.6279757498919005,0.4534812740549325
0.9647955950436768,0.18417044870869273,0.594201852123197,0.12067753988535526,0.21416160605910356,0.5248190986426055,0.6269016467979345,0.4538260553243956
0.07118534903496271,0.10481965116301092,0.29301236991002133,0.26520164448495387,0.2620672065966419,0.5218636494714826,0.6444649023182052,0.45557927489721434
0.07117094168252575,0.10480745864726157,0.2930092928503786,0.2652014462043819,0.26206652504964006,0.5218586784357632,0.6444631756948361,0.45557215254026806
0.07116613923171344,0.10480339447534515,0.293008267163831,0.2652013801108579,0.2620662978673061,0.5218570214238568,0.644462600153713,0.455569778421286
0.07116213718936987,0.10480000766541475,0.29300741242504136,0.26520132503292126,0.2620661085486945,0.5218556405806014,0.6444621205361105,0.4555677999888009
0.07115173187927654,0.10479120195959579,0.2930051901041883,0.2652011818302859,0.2620656163203043,0.5218520503881374,0.6444608735303439,0.45556265606433977
0.07114612901999545,0.10478646042569328,0.2930039934698828,0.2652011047211746,0.262065351274248,0.5218501172075798,0.6444602020657004,0.4555598862588607
0.07114012595648006,0.10478138021079772,0.2930027113616983,0.2652010221042696,0.26206506729633056,0.5218480459426967,0.6444594826392966,0.45555691861013314
0.07113292228026158,0.10477528395292304,0.293001172831877,0.2652009229639836,0.26206472652282964,0.5218455604248371,0.6444586193276121,0.45555335743166
0.07112331737863697,0.10476715560909017,0.2929991214587819,0.26520079077693565,0.26206427215816175,0.5218422464010242,0.6444574682453659,0.45554860919369583
0.07111611370241849,0.10476105935121549,0.2929975829289605,0.26520069163664967,0.26206393138466083,0.5218397608831644,0.6444566049336813,0.4555450480152227
0.07111371247701231,0.10475902726525727,0.2929970700856867,0.2652006585898876,0.26206381779349386,0.5218389323772112,0.6444563171631199,0.4555438609557317
0.07111131125160619,0.10475699517929904,0.2929965572424129,0.2652006255431256,0.2620637042023269,0.5218381038712581,0.6444560293925583,0.45554267389624065
0.07110610859655953,0.10475259232638956,0.29299544608198635,0.26520055394180797,0.2620634580881318,0.521836308775026,0.644455405889675,0.45554010193401007
0.07110090594151286,0.10474818947348008,0.29299433492155985,0.2652004823404903,0.26206321197393667,0.521834513678794,0.6444547823867917,0.4555375299717795
0.07109370226529438,0.1047420932156054,0.2929927963917385,0.26520038320020434,0.26206287120043575,0.5218320281609343,0.6444539190751072,0.4555339687933064
0.07109010042718511,0.10473904508666806,0.2929920271268278,0.26520033363006135,0.26206270081368527,0.5218307854020044,0.6444534874192649,0.4555321882040698
0.07108609838484153,0.1047356582767377,0.2929911723880382,0.2652002785521247,0.26206251149507365,0.521829404558749,0.6444530078016624,0.45553020977158476
0.07107329184934202,0.10472482048496051,0.2929884372239113,0.2652001023027274,0.26206190567551646,0.5218249858603319,0.6444514730253342,0.45552387878763256
0.07106528776465482,0.10471804686509975,0.29298672774633205,0.2651999921468541,0.2620615270382932,0.5218222241738211,0.6444505137901292,0.45551992192266244
0.07105208102492094,0.10470687039232954,0.2929839071083262,0.26519981038966306,0.26206090228687484,0.5218176673910784,0.6444489310520408,0.45551339309546174
0.06020851351467171,0.1004185864136328,0.29966021314429314,0.2665731539588738,0.31069959348805354,0.4381923997240002,0.47321317527835954,0.372390038261137
0.060032423651553424,0.10026956677669638,0.29962260463754886,0.2665707305296608,0.31069126346914216,0.4381316426207633,0.473192072103848,0.37230298723179417
0.0586445153667941,0.09909502109284332,0.2993261812253012,0.26655162950122685,0.3106256077746313,0.4376527661797961,0.4730257407192891,0.3716168668459743
0.17251907310073383,0.8449959564020472,0.8730910323009222,0.41509325577214135,0.03369152251859314,0.474855081479951,0.6348220235157707,0.18194378590480745
0.07274918806116953,0.10689512891844105,0.294729787536983,0.26545740947630986,0.26970297733309784,0.5101134033114669,0.6185082827566579,0.44438886375481285
0.06113370721781247,0.8736696120477401,0.6649998953990324,0.33356531794236643,0.08145863967056038,0.16540662714777388,0.7471755584823023,0.2986985096333595
0.06113210640087502,0.873668257323768,0.6649995535035166,0.3335652959111918,0.08145856394311574,0.1654060748104717,0.7471753666352613,0.29869771826036545
0.17106874184230897,0.843768571883615,0.872781293691109,0.41507329845878566,0.03362292032028763,0.47435469498252053,0.6346482203582915,0.18122679534139863
0.06443578888132001,0.10249191019281062,0.2977962168379731,0.2661628462081568,0.29577598175958264,0.4642306057787765,0.5260078556313917,0.3984068237669891
0.06442058112041432,0.10247904031507521,0.29779296883057244,0.2661626369119975,0.2957752623488584,0.46422535857440606,0.5260060330845021,0.39839930572354587
0.06441297723996153,0.1024726053762075,0.29779134482687214,0.2661625322639178,0.2957749026434964,0.46422273497222083,0.5260051218110573,0.39839554670182425
0.06425049432081148,0.10233510089303441,0.29775664243201266,0.2661602960996894,0.29576721630786446,0.4641666727360522,0.5259856493363944,0.3983152223429307
0.06418446062214217,0.10227921852918326,0.2977425392419836,0.2661593873137345,0.2957640925507727,0.4641438888223384,0.5259777356459525,0.39828257820692714
0.06270290454654265,0.10102542149295946,0.29742611494205823,0.2661389974615827,0.2956940068007498,0.4636327006491952,0.5258001812094943,0.39755016250095676
0.06265648085535697,0.10098613449776714,0.2974161999720984,0.26613835855751744,0.295691810704855,0.46361668286743274,0.5257946176453049,0.39752721268413
0.06261245838957741,0.10094887958853302,0.29740679784541235,0.26613775270021417,0.2956897282001271,0.4636014935916235,0.525789341851677,0.3975054499267943
0.06256243286028246,0.10090654446440339,0.2973961136105418,0.2661370642260059,0.29568736171748183,0.4635842330509312,0.5257833466316454,0.397480719520731
0.06253601938081471,0.10088419151886294,0.2973904723345302,0.266136700711624,0.29568611221464514,0.46357511948544566,0.5257801811554687,0.3974676618663296
0.06249159671080079,0.10084659792863582,0.2973809847339651,0.26613608934652705,0.2956840107780561,0.4635597921253109,0.5257748574000805,0.3974457012657454
0.06240675341311652,0.10077479755811192,0.2973628642716247,0.26613492169426983,0.2956799972234897,0.4635305182482968,0.5257646895069068,0.39740375849706205
0.9061850724800609,0.1526542897367787,0.6113476019481454,0.12768769364503016,0.27426235622797984,0.41699187319308817,0.3505930354642149,0.3152458754246303
0.9061662267235912,0.15267311802290537,0.6113144536222133,0.12770271783572243,0.27427286091508163,0.41695500049455564,0.3505927374008813,0.31525972545856956
0.9061850526075788,0.15266792915244168,0.6113231294268819,0.1277120684359515,0.2742477134801508,0.41701245695303835,0.350609682725605,0.31525452953014765
0.9061842573193888,0.1526692625423498,0.6113207727678076,0.1277139660066392,0.27424764230102605,0.41701206396023666,0.35060933507518965,0.31525443416489485
0.9061841553561065,0.1526693534928531,0.611320602512201,0.1277140354583424,0.27424769698912793,0.4170118782105424,0.3506092633842039,0.31525444842286837
0.7936387817621859,0.18196004532432794,0.4026771988105252,0.0452599474207897,0.323936239195835,0.10309437524005721,0.4618142566444335,0.4327299712170597
0.5292461834841081,0.30784668868347026,0.2343619938169275,0.7780067624108129,0.5142920270621886,0.17160671702326347,0.6032192555101953,0.5560622414473511
0.5585318572638445,0.3960916986111177,0.17810846962583135,0.6334239701368094,0.31631094039104074,0.16808891809538035,0.47776416181759496,0.48934485718135573
0.7723557302054833,0.36541741764078445,0.032084762917863774,0.4992416539931038,0.19952047950016208,0.15839073516051988,0.37159065177849104,0.3724722032975741
0.9061696208687638,0.15257321703148563,0.6114929633375205,0.1275100778872376,0.27437067959024464,0.4167948400368523,0.3505381555410305,0.3152599508469459
0.906185620514808,0.1526536864228527,0.6113479643673592,0.12768815660810603,0.2742610820451048,0.4169946182376564,0.35059384025009643,0.3152454150149636
0.9061760618097887,0.15267063538708225,0.6113178622187393,0.12770917823452663,0.2742584596524447,0.416987349652971,0.3506021252475431,0.31525651601233207
0.906185502062723,0.15266802054405915,0.6113222555817563,0.12771385723464487,0.27424589427493923,0.41701611841130637,0.3506106194659947,0.31525390715487406
0.7936383815579515,0.1819597066433349,0.40267711333664624,0.045259941912996066,0.32393622026397384,0.10309423715573168,0.4618142086826732,0.4327297733738112
0.5292457832798738,0.30784635000247723,0.23436190834304854,0.7780067569030193,0.5142920081303274,0.17160657893893794,0.603219207548435,0.5560620436041026
0.7154035357778881,0.32986268504958927,0.042569311354808126,0.5070075026977647,0.1690120147885626,0.20661541772904696,0.37545897155852537,0.3673270905229036
0.539547525651823,0.3842398952933906,0.1816032621222268,0.636012582699834,0.30614143953260015,0.1841637202286724,0.4790535697697662,0.4876296876942999
0.9060339925806192,0.15270001966381172,0.6112692750043307,0.12761969654263033,0.27445735178892333,0.4165376825842829,0.3504715193894001,0.31529804755254337
0.9061842720715922,0.1526536123747926,0.6113474310003875,0.12768768262944283,0.2742623183642575,0.4169915970244371,0.35059293954069437,0.31524547973813327
0.9061654216332469,0.15267244415939782,0.6113142731669097,0.12770270618584875,0.2742728216216519,0.41695471737805995,0.35059263778203115,0.31525933163948633
0.7534266267778036,0.35361235230009647,0.03559135080955628,0.5018310266316542,0.18935359123856188,0.1744845929307362,0.37288667845357726,0.3707843361788121
0.7724105581855907,0.3654638169368305,0.03209647283928191,0.499242408560836,0.1995230731651413,0.15840965271311863,0.3715972225396457,0.3724993078226195
0.8659476937635109,0.32432634232719115,0.24422646734818768,0.5842700187864913,0.13969858152469614,0.48832611854629865,0.2616596013553808,0.25331565221144514
0.8659622006185375,0.3243232999316057,0.2442314312124567,0.5842791797502438,0.13967820865101568,0.48837215232070397,0.26167297416532975,0.2533113830375975
0.8659640955358752,0.3243227718318993,0.2442323238294603,0.5842801164805542,0.1396756976724188,0.48837791626254323,0.26167467842883696,0.25331085852723234
0.7534262265735693,0.3536120136191035,0.03559126533567736,0.5018310211238606,0.1893535723067007,0.17448445484641062,0.37288663049181703,0.3707841383355636
0.7344422951657823,0.3417605489823694,0.03908614330595184,0.5044196391946788,0.17918409038012126,0.1905593950640282,0.37417608640574856,0.36906916669175627
0.7724101579813563,0.3654634782558375,0.032096387365402934,0.49924240305304235,0.19952305423328015,0.1584095146287931,0.3715971745778855,0.3724991099793709
0.8469437155941673,0.31247867437302945,0.2477145012177015,0.5868462142534494,0.1295566181487035,0.5043386083914175,0.2629309357770974,0.2516063031287597
0.8469894812088608,0.3124628750363229,0.24774129131424383,0.5868647093323017,0.1294991605378622,0.5044752365623513,0.2629633026657917,0.2515865980763443
0.8469821347187665,0.3124706025462214,0.24772768161828423,0.5868704865775654,0.1295027154625361,0.5044604923008545,0.26296631449986596,0.2515949583139503
0.753425826369335,0.3536116749381104,0.03559117986179838,0.5018310156160669,0.18935355337483956,0.1744843167620851,0.3728865825300568,0.3707839404923151
0.7154579635537608,0.3299087456646423,0.042580935802347286,0.5070082517577034,0.16901458952168066,0.20663419719732018,0.37546549435791987,0.3673539972047004
0.4913323482401726,0.2841894813440622,0.24136328873113655,0.7831847421045943,0.49395561901028656,0.20377523884244622,0.6058046421756925,0.5526590069982847
0.8468375059842155,0.3125005233218532,0.24767821949975738,0.5867793883165195,0.12970520297320964,0.5040027024082538,0.26283334915071516,0.25163724302723994
0.8469680868103624,0.3124731229575683,0.2477229360633728,0.5868618597728792,0.12952187277313876,0.5044170369278962,0.2629536849469694,0.2515987762007167
0.8469851480987387,0.3124695478530989,0.24772876453191908,0.5868726366186379,0.12949790297641367,0.5044711859993822,0.2629694132446523,0.2515937558768223
0.7344414947573136,0.34175987162038335,0.03908597235819389,0.5044196281790915,0.17918405251639893,0.19055911889537713,0.37417599048222805,0.36906877100525926
0.5292998108515123,0.3078920719365372,0.2343734473167087,0.7780075004551642,0.5142945639315843,0.17162522032288563,0.6032256823860692,0.5560887524426509
0.7724093575728876,0.3654628008938514,0.032096216417644985,0.499242392037455,0.19952301636955783,0.15840923846014204,0.371597078654365,0.37249871429287396
0.7344270874048765,0.34174767910463394,0.03908289529855119,0.5044194298985195,0.1791833709693971,0.19055414785965774,0.37417426385885894,0.36906164864831303
0.7154431559970895,0.3298962144678999,0.042577773268825614,0.5070080479693377,0.16901388904281764,0.20662908807727526,0.37546371977279047,0.3673466770045057
0.8658066364679883,0.324339451805667,0.24418019246498418,0.584190567355908,0.1398739864463449,0.48792266291337133,0.26154212388670467,0.2533448918253497
0.8659262012195191,0.3243047001037883,0.24423847904238769,0.5842475375120502,0.1397162896821902,0.4882858997589042,0.26164472564889124,0.2533078762421865
0.8659132921494049,0.3243170904934206,0.24421666634653555,0.5842579257076169,0.13972418212706564,0.488261128191409,0.2616404436079828,0.2533135057751762
0.7534106186084293,0.353598805060375,0.035587931854397736,0.5018308063199076,0.1893528339641154,0.17447906955771464,0.37288475998316717,0.3707764224488719
0.7154427557928552,0.3298958757869069,0.04257768779494664,0.5070080424615441,0.1690138701109565,0.20662894999294973,0.37546367181103024,0.3673464791612572
0.7344266872006423,0.34174734042364097,0.03908280982467216,0.5044194243907258,0.17918335203753594,0.19055400977533218,0.37417421589709865,0.36906145080506453
0.8658062296310969,0.3243391180808518,0.2441800935220823,0.5841905609495419,0.1398739654890649,0.4879225149862659,0.261542070689894,0.25334469662760406
0.8659368104572439,0.3243117177165669,0.24422481008569774,0.5842730324059017,0.13969063528899403,0.4883368495059081,0.26166240648614825,0.2533062298010808
0.7534102184041949,0.35359846637938197,0.03558784638051882,0.501830800812114,0.1893528150322542,0.1744789314733891,0.3728847120214069,0.3707762246056234
0.7547924505538506,0.35550782948028525,0.03596383412311033,0.5022337105366912,0.18954052919728104,0.1734688147559741,0.37345603981553915,0.3715822529928009
0.7154423555886209,0.32989553710591385,0.04257760232106761,0.5070080369537504,0.16901385117909531,0.20662881190862417,0.37546362384926996,0.36734628131800867
0.8658058360595196,0.3243387744436809,0.24418002151722623,0.5841905563403206,0.1398739485826226,0.48792238674472027,0.26154202796318415,0.2533444961388527
0.8659551680918237,0.324292631204515,0.24425773120478114,0.584258074061978,0.13968017064725521,0.4883734192139549,0.2616625959827248,0.25329219057962515
0.8659457914646161,0.3243094145939709,0.24422792519882824,0.5842789538249893,0.13967743220642348,0.48836648970538277,0.2616710071172711,0.2533032717756444
0.8659466447631288,0.3243092356638235,0.24422821709763282,0.5842794926989915,0.1396762337880726,0.48836919750634933,0.26167179371692173,0.25330302066607896
0.7534098181999606,0.35359812769838894,0.03558776090663984,0.5018307953043203,0.18935279610039307,0.17447879338906352,0.37288466405964665,0.37077602676237487
0.7344258867921735,0.34174666306165485,0.039082638876914266,0.5044194133751385,0.1791833141738136,0.19055373360668115,0.3741741199735782,0.3690610551185675
0.7154419553843865,0.3298951984249208,0.042577516847188746,0.5070080314459567,0.16901383224723418,0.20662867382429867,0.3754635758875097,0.36734608347476017
0.06203584604875789,0.10196500382784077,0.3000504868756435,0.2665983025447531,0.3107860363661207,0.43882289275440867,0.4734321686756767,0.3732933905338168
0.062034245231820495,0.1019636491038686,0.3000501449801276,0.2665982805135784,0.31078596063867603,0.4388223404171065,0.4734319768286357,0.3732925991608228
0.06203264441488304,0.10196229437989646,0.30004980308461177,0.26659825848240376,0.3107858849112314,0.4388217880798043,0.4734317849815947,0.3732918077878288
0.06203104359794559,0.10196093965592432,0.3000494611890959,0.2665982364512291,0.31078580918378673,0.4388212357425022,0.4734315931345537,0.37329101641483475
0.06202944278100819,0.10195958493195217,0.30004911929358,0.26659821442005444,0.3107857334563421,0.43882068340520003,0.47343140128751265,0.37329022504184073
0.062027841964070685,0.10195823020798,0.3000487773980642,0.2665981923888798,0.31078565772889744,0.43882013106789786,0.4734312094404717,0.3732894336688467
0.062027041555602014,0.10195755284599392,0.3000486064503063,0.26659818137329244,0.3107856198651751,0.4388198548992468,0.47343111351695116,0.3732890379823497
0.06202544073866456,0.10195619812202178,0.3000482645547904,0.2665981593421178,0.3107855441377304,0.4388193025619446,0.47343092166991013,0.37328824660935567
0.062024640330195835,0.10195552076003572,0.3000480936070325,0.26659814832653045,0.3107855062740081,0.43881902639329357,0.4734308257463896,0.37328785092285865
0.06202303951325838,0.10195416603606355,0.30004775171151665,0.2665981262953558,0.31078543054656343,0.4388184740559914,0.4734306338993486,0.37328705954986463
0.06202223910478971,0.1019534886740775,0.3000475807637587,0.26659811527976846,0.3107853926828411,0.43881819788734033,0.4734305379758281,0.3732866638633676
0.06202063828785226,0.10195213395010536,0.3000472388682428,0.2665980932485938,0.31078531695539646,0.43881764555003816,0.4734303461287871,0.3732858724903736
0.06201903747091475,0.10195077922613319,0.300046896972727,0.26659807121741913,0.3107852412279518,0.43881709321273604,0.47343015428174606,0.37328508111737957
0.062017436653977354,0.10194942450216105,0.3000465550772111,0.2665980491862444,0.31078516550050717,0.43881654087543387,0.4734299624347051,0.37328428974438554
0.0620158358370399,0.10194806977818888,0.3000462131816953,0.26659802715506975,0.3107850897730625,0.4388159885381317,0.47342977058766406,0.3732834983713915
0.06201423502010245,0.10194671505421674,0.30004587128617943,0.2665980051238951,0.31078501404561787,0.4388154362008296,0.473429578740623,0.3732827069983975
0.06201343461163378,0.10194603769223068,0.3000457003384215,0.26659799410830776,0.31078497618189554,0.43881516003217846,0.4734294828171025,0.3732823113119005
0.062011833794696325,0.10194468296825851,0.30004535844290564,0.2665979720771331,0.3107849004544509,0.43881460769487635,0.47342929097006153,0.37328151993890646
0.0620110333862276,0.10194400560627245,0.3000451874951477,0.26659796106154576,0.31078486259072857,0.4388143315262253,0.473429195046541,0.37328112425240945
0.062009432569290146,0.10194265088230031,0.30004484559963185,0.2665979390303711,0.3107847868632839,0.4388137791889231,0.4734290031995,0.3732803328794154
0.06071076982879303,0.1008436310598945,0.29976748286239313,0.26658006623992475,0.31072335297381226,0.43836569555255095,0.4732733672874776,0.3726383315380124
0.06070996942032436,0.10084295369790844,0.2997673119146352,0.2665800552243374,0.31072331511008994,0.4383654193838999,0.4732732713639571,0.3726379358515154
0.060709169011855635,0.10084227633592235,0.2997671409668773,0.2665800442087501,0.3107232772463676,0.4383651432152488,0.47327317544043657,0.3726375401650184
0.06070836860338691,0.1008415989739363,0.29976697001911934,0.26658003319316276,0.3107232393826453,0.4383648670465977,0.47327307951691605,0.37263714447852136
0.060706767786449456,0.10084024424996413,0.2997666281236035,0.2665800111619881,0.31072316365520064,0.43836431470929554,0.473272887669875,0.37263635310552734
0.06070596737798073,0.10083956688797807,0.29976645717584555,0.26658000014640076,0.3107231257914783,0.4383640385406445,0.47327279174635456,0.37263595741903033
0.060705166969512,0.10083888952599199,0.29976628622808765,0.26657998913081343,0.310723087927756,0.4383637623719934,0.47327269582283404,0.3726355617325333
0.06070436656104333,0.1008382121640059,0.2997661152803297,0.2665799781152261,0.31072305006403367,0.4383634862033423,0.47327259989931353,0.3726351660460363
0.06070356615257455,0.10083753480201982,0.29976594433257175,0.26657996709963877,0.31072301220031134,0.43836321003469125,0.473272503975793,0.3726347703595393
0.06070276574410588,0.10083685744003373,0.29976577338481386,0.26657995608405144,0.310722974336589,0.4383629338660402,0.4732724080522725,0.3726343746730423
0.06070116492716843,0.10083550271606162,0.299765431489298,0.2665799340528768,0.31072289860914437,0.438362381528738,0.4732722162052315,0.37263358330004825
0.0607003645186997,0.10083482535407554,0.29976526054154007,0.26657992303728945,0.31072286074542205,0.43836210536008696,0.473272120281711,0.37263318761355124
0.06069956411023103,0.10083414799208945,0.2997650895937821,0.2665799120217021,0.3107228228816997,0.43836182919143585,0.4732720243581905,0.37263279192705423
0.06069876370176225,0.10083347063010337,0.29976491864602417,0.2665799010061148,0.3107227850179774,0.4383615530227848,0.47327192843467,0.3726323962405572
0.06069796329329352,0.10083279326811731,0.2997647476982663,0.26657988999052745,0.3107227471542551,0.43836127685413373,0.47327183251114946,0.3726320005540602
0.06069716288482485,0.10083211590613125,0.2997645767505084,0.2665798789749401,0.31072270929053275,0.4383610006854826,0.47327173658762894,0.3726316048675632
0.060692760638246857,0.10082839041520783,0.2997636365378398,0.26657981838920974,0.31072250104005994,0.43835948175790174,0.4732712090082662,0.3726294285918296
0.06069196022977813,0.10082771305322177,0.2997634655900818,0.26657980737362247,0.3107224631763376,0.4383592055892506,0.4732711130847457,0.3726290329053326
0.06069115982130946,0.10082703569123569,0.2997632946423239,0.2665797963580351,0.3107224253126153,0.43835892942059956,0.47327101716122516,0.3726286372188356
0.06069035941284073,0.1008263583292496,0.2997631236945659,0.26657978534244775,0.31072238744889297,0.4383586532519485,0.47327092123770464,0.3726282415323386
0.834476086644643,0.295566250811221,0.30598313146058403,0.7203875260904566,0.27286233986542385,0.4753702784162803,0.23178926572722713,0.12114810112233554
0.8344771727100037,0.29556514650423643,0.3059854791799497,0.7203882647457385,0.27286332605820035,0.4753721402706831,0.23178813815772942,0.12114572992949324
0.834475815095861,0.2955664537229741,0.3059825800229391,0.7203874893018485,0.2728622569423938,0.475369875441288,0.23178905139810607,0.12114820943233529
0.8344987610022362,0.2955611211188915,0.30599173782815603,0.7204013868949596,0.27283119189013183,0.4754415700604705,0.23180950189607907,0.1211409046409202
0.8345022377917628,0.2955603578773023,0.30599303456753546,0.7204035510066915,0.27282641763692067,0.4754524956392271,0.23181269848957636,0.1211398748369546
0.834502655278222,0.2955599779792711,0.30599397499531045,0.7204046313111265,0.27282747626758236,0.4754530378342724,0.23181224534802175,0.1211387158158494
0.8345027606204218,0.2955598992635048,0.3059941889150865,0.7204046455825694,0.2728275084359991,0.475453194160778,0.23181232849293942,0.12113867379903914
0.8345026135314982,0.2955600091740377,0.3059938902196955,0.7204046256554066,0.2728274635193579,0.4754529758826572,0.23181221239799882,0.12113873246695561
0.8345024730752317,0.2955601141283927,0.3059936049933274,0.720404606626816,0.2728274206281355,0.47545276744731635,0.2318121015381086,0.12113878848936932
0.834502764642568,0.2955597838475324,0.3059942218827691,0.7204044300143764,0.27282737136311275,0.47545336387791226,0.23181173060425375,0.12113819944365162
0.7000725444580649,0.31639636585475484,0.09306496189118574,0.6369743775519618,0.3065687660538582,0.17431402485245656,0.3481764768545157,0.24457741578597675
0.757024338681426,0.351950759764957,0.08258032798036241,0.6292085233395073,0.3370772118335965,0.12608920419960395,0.3443081091127211,0.24972233071739874
0.8154791572657378,0.2837169807195894,0.309473955091667,0.7229680828706178,0.26271087687880756,0.49140476287138307,0.23306703389175915,0.11943661782435017
0.8154926071606653,0.2837142694379662,0.3094782134788977,0.722976677368912,0.2626916402312055,0.4914477866135777,0.23307945935521662,0.11943268099256776
0.8154926083311341,0.28371426856334653,0.30947821585578406,0.7229766775274835,0.2626916405886323,0.49144778835053887,0.23307946027904908,0.11943268052571432
0.8154929794903549,0.28371387880835164,0.309478994373501,0.7229765116979119,0.2626916156286357,0.49144850289449454,0.23307915216579866,0.11943205973396215
0.815492474897681,0.2837143682699838,0.30947794489073444,0.7229766594503226,0.26269159984197105,0.49144759033696506,0.23307935496215332,0.1194327337470073
0.8120962455710843,0.28231681386217694,0.3115231759891536,0.723414030983802,0.27761728374134687,0.4657689581886019,0.18040435699834728,0.09380590862219973
0.8155190263643828,0.2837081082657884,0.3094887535644603,0.7229937623452757,0.26265673100186904,0.4915303242795266,0.23310232103340578,0.11942335528770504
0.8155194462931405,0.2837076820683091,0.3094896311191106,0.7229936031228535,0.26265672093465786,0.4915311111968645,0.23310205141317286,0.11942271504372592
0.9157838650099065,0.15553378721420386,0.6082404257492761,0.12711867899968188,0.2420798687981972,0.4737763609962123,0.458498914133874,0.36690133713656253
0.915482058312256,0.15582059589536632,0.6077345314794156,0.1273638679945867,0.24226717436285328,0.47320153815025073,0.45836861727145883,0.36700458596664703
0.9154820552777059,0.1558205961219335,0.6077345246362945,0.12736386585655454,0.2422671692834408,0.47320151573673574,0.4583686116289416,0.3670045902632017
0.915027948159066,0.15591291363373105,0.6075843999822138,0.12707113442148968,0.2429079425277868,0.47175515057382694,0.45794904188597013,0.3671390364388371
0.9147106738124817,0.15598234868363786,0.6074706489092366,0.12687672381137688,0.24335053959178177,0.4707536642419696,0.45765752585271813,0.3672315931547151
0.9146487327409035,0.15599509022182576,0.607449903266903,0.12683710032667764,0.24343778762678842,0.4705566515011176,0.4576003449584885,0.3672498903081507
0.9146483826309066,0.15599541087593752,0.6074493395042058,0.12683738595635535,0.243438024012254,0.47055599419242505,0.45760010377027815,0.3672499243086079
0.9145340406302196,0.15601938751568833,0.6074102250643901,0.12676517684005376,0.2435986120712724,0.4701931488629086,0.45749469941709403,0.3672835729903729
0.9138296028728004,0.15616382111996835,0.6071751568331982,0.1263135916218442,0.24459137414797621,0.467951714804028,0.4568442454241067,0.3674917857236998
0.9138249526008083,0.15616807824160558,0.6071676640008931,0.12631737468221538,0.24459450280026906,0.46794298867322787,0.45684104074993953,0.3674922407426745
0.9138249502598704,0.15616807999084484,0.6071676592471202,0.12631737436507223,0.24459450208541536,0.4679429851993055,0.4568410389022747,0.3674922416763814
0.6767107527215399,0.5946703292132622,0.04708578308818956,0.0821542541227906,0.4370857873684574,0.5401822154860082,0.4835998950038176,0.38690152253379706
0.6577268213137528,0.5828188645765282,0.05058066105846398,0.08474287219360879,0.426916305441878,0.5562571557036257,0.48488935091774915,0.3851865508899897
0.9390625674271222,0.18889981471271025,0.6144915424400479,0.13402683810357058,0.24603607043845127,0.4543945273292611,0.46775233875415806,0.3809393640841411
0.9401447101512839,0.18879320548889722,0.6146832241977958,0.1351031771813267,0.24453807536195166,0.45801810495024214,0.46871043897728243,0.38046756110674174
0.8254409970155614,0.21859717030015502,0.4051496288611623,0.05122510123669441,0.29702453301888754,0.13740152267108935,0.5780248470857429,0.49871321751534564
0.9260561949614555,0.1851049308301443,0.6195032801352414,0.13813008966135737,0.2366017734655138,0.4663324522655621,0.471727799987326,0.3828353803030228
0.9268384587422187,0.18506624176796793,0.619578883947892,0.1390073412106789,0.23550224774603035,0.4690134743578005,0.47243099085692036,0.3824752606224111
0.9268382832970641,0.18506640238656366,0.6195786012742479,0.13900748397266058,0.23550236581962086,0.46901314512446723,0.47243086995487105,0.3824752777782575
0.9272734651483282,0.18497514830293255,0.6197274688722956,0.13928230966095137,0.234891172341528,0.4703941230384161,0.47283203546874714,0.3823472120555159
0.06488229626558362,0.10249375262322333,0.2971998700959727,0.26605186988513674,0.29201620773919235,0.4705295786960245,0.5391333840352633,0.40460930918948
0.06488149585711489,0.10249307526123727,0.29719969914821476,0.2660518588695494,0.29201616987547,0.47052930252737346,0.5391332881117428,0.404608913502983
0.06488069544864616,0.10249239789925119,0.29719952820045686,0.2660518478539621,0.2920161320117477,0.4705290263587224,0.5391331921882223,0.404608517816486
0.0648798950401775,0.1024917205372651,0.2971993572526989,0.26605183683837474,0.2920160941480254,0.4705287501900713,0.5391330962647017,0.404608122129989
0.06487909463170871,0.10249104317527905,0.297199186304941,0.2660518258227874,0.29201605628430305,0.47052847402142023,0.5391330003411813,0.40460772644349197
0.06487829422324004,0.10249036581329296,0.29719901535718307,0.2660518148072001,0.2920160184205807,0.4705281978527691,0.5391329044176608,0.40460733075699495
0.06487749381477131,0.1024896884513069,0.2971988444094251,0.26605180379161275,0.2920159805568584,0.47052792168411806,0.5391328084941402,0.40460693507049794
0.06487629320206822,0.10248867240832776,0.29719858798778825,0.26605178726823175,0.29201592376127494,0.47052750743114147,0.5391326646088596,0.4046063415407524
0.0648754927935995,0.1024879950463417,0.2971984170400303,0.2660517762526444,0.2920158858975526,0.4705272312624904,0.539132568685339,0.4046059458542554
0.06487469238513077,0.10248731768435562,0.2971982460922724,0.2660517652370571,0.2920158480338303,0.4705269550938393,0.5391324727618185,0.4046055501677584
0.0648738919766621,0.10248664032236957,0.29719807514451446,0.26605175422146976,0.29201581017010797,0.47052667892518824,0.539132376838298,0.4046051544812614
0.06487309156819332,0.10248596296038348,0.2971979041967565,0.26605174320588243,0.29201577230638565,0.4705264027565371,0.5391322809147775,0.4046047587947644
0.06487229115972465,0.1024852855983974,0.29719773324899856,0.2660517321902951,0.2920157344426633,0.47052612658788606,0.5391321849912569,0.40460436310826736
0.06487149075125592,0.10248460823641134,0.29719756230124067,0.26605172117470777,0.292015696578941,0.470525850419235,0.5391320890677365,0.40460396742177035
0.06487069034278714,0.10248393087442526,0.2971973913534828,0.26605171015912044,0.2920156587152187,0.47052557425058394,0.539131993144216,0.40460357173527334
0.06486988993431847,0.1024832535124392,0.2971972204057248,0.2660516991435331,0.29201562085149635,0.47052529808193283,0.5391318972206954,0.4046031760487763
0.06486908952584974,0.10248257615045311,0.2971970494579669,0.2660516881279458,0.292015582987774,0.47052502191328177,0.539131801297175,0.4046027803622793
0.06486828911738102,0.10248189878846706,0.29719687851020893,0.26605167711235844,0.2920155451240517,0.47052474574463066,0.5391317053736544,0.4046023846757823
0.06486708850467793,0.10248088274548792,0.29719662208857206,0.26605166058897745,0.2920154883284682,0.47052433149165407,0.5391315614883737,0.4046017911460368
0.0648662880962092,0.10248020538350186,0.29719645114081417,0.2660516495733901,0.29201545046474586,0.470524055323003,0.5391314655648531,0.40460139545953977
0.783616304198576,0.14079372783043873,0.3692190951883486,0.008751003360387699,0.3578055469297158,0.05996867411179091,0.45850486833825116,0.3810191799794902
0.8310963841789515,0.20523115633167355,0.395578463674297,0.04007568884222906,0.34425106492601193,0.07076843728976068,0.45917419357224726,0.4359076643628288
0.8310959839747172,0.20523081765068055,0.395578378200418,0.0400756833344354,0.34425104599415074,0.07076829920543509,0.45917414561048703,0.4359074665195803
0.8225147837049303,0.16576108099634487,0.36274653532839185,0.0041891009826245384,0.3778785589172815,0.02802968014420637,0.4559387531217239,0.3855270086302876
0.8215829664014469,0.16449564106092773,0.36222908282616284,0.0035737506953703035,0.37814445398729113,0.027818379423579287,0.4559258126251073,0.3844485297373593
0.7067211780506275,0.6149510823213198,0.044139948808558205,0.07810603199150662,0.48762045959253997,0.45574347552670513,0.37481807851197846,0.3382988563700598
0.8225139832964614,0.1657604036343588,0.36274636438063396,0.004189089967037207,0.37787852105355924,0.02802940397555531,0.45593865719820337,0.3855266129437906
0.744688240457733,0.6386533342328018,0.03715002192025141,0.07292878483428283,0.5079593855819765,0.423593318922819,0.37223907076059487,0.3417284039711775
0.668751714418116,0.5912467983238796,0.05112936285359121,0.08328324610196838,0.4672814200119364,0.48789280362463805,0.3773967984928005,0.3348681217094511
0.7741401877090124,0.16967303693054803,0.4060621573724517,0.04784148246895342,0.3137424108958008,0.11899173901503235,0.46304203373467906,0.43076057315567323
0.8007317274075985,0.15011008130292783,0.36468823527545446,0.004931521378085613,0.3685066020772928,0.04346951463655019,0.4571889716238923,0.38057462935523917
0.7067175762125183,0.6149480341923825,0.044139179543647544,0.0781059824213636,0.4876202892057895,0.45574223276777526,0.37481764685613617,0.33829707578082324
0.7451780414860698,0.11645534695129536,0.37594952623349753,0.013621465191592297,0.33759918186424337,0.09201071713510661,0.4610765290756333,0.3770493289153785
0.7465750560314386,0.11835183563947826,0.37672519247069997,0.014543518187960736,0.33720044189235215,0.09232806017142114,0.4610960971598475,0.3786651436225732
0.7433165411086714,0.11392948072528944,0.3749161587774628,0.012393681920622734,0.33813066410489306,0.09158693982773075,0.4610501760645321,0.37489808202611513
0.7931233187083306,0.181523824205296,0.40256710845441934,0.045252853382547836,0.32391185495865793,0.10291652262876372,0.46175248189722706,0.43247514911298357
0.744685038823858,0.6386506247848576,0.03714933812921972,0.07292874077193348,0.5079592341270872,0.4235922142482147,0.37223868706651286,0.3417268212251894
0.8690586441352445,0.22892934407123916,0.3885875110994426,0.03489837559148129,0.3645897637331145,0.038616623673968065,0.45659461027974063,0.4393348378449644
0.8206479828898203,0.16322998074796258,0.36171178342451077,0.002960570913971894,0.3784098858187835,0.027604520193685755,0.4559119347070022,0.3833720550795037
0.8183197913098387,0.16006955621781102,0.36041912594960634,0.001424042821410787,0.37907442849087347,0.02707552367690763,0.455879284520811,0.3806794747483588
0.15661585878108036,0.8379298543434441,0.8814536580241998,0.41686545983785417,0.09721446762579233,0.3649044894638221,0.41069187229504117,0.07239210723648448
0.1565350109797829,0.8378614436332766,0.881436378326869,0.4168643446497867,0.09721063723814455,0.3648765688056649,0.4106821756054555,0.07235214859740119
0.126734799676475,0.7820945149731308,0.8467207006497685,0.3842774157855122,0.04323535302727205,0.4706751259878531,0.6473292236172321,0.13449332644394624
0.06220453320767716,0.8741997968272909,0.6645368879082161,0.3334629337774655,0.07772839935358333,0.17192101161286183,0.7603759072321692,0.30520963052352024
0.1732773856220065,0.8452615969243307,0.8725613632014999,0.4149865762575363,0.029946510476837884,0.4812616904072662,0.6479849504682881,0.1883003728549825
0.12671839130286627,0.782080629052416,0.8467171962207309,0.38427718996597193,0.04323457682096438,0.470669464530506,0.6473272571850618,0.13448521487075749
0.06218812483406838,0.8741859109065764,0.6645333834791787,0.3334627079579252,0.07772762314727566,0.17191535015551473,0.760373940799999,0.3052015189503315
0.17326097724839773,0.8452477110036162,0.8725578587724625,0.414986350437996,0.029945734270530266,0.4812560289499191,0.6479829840361176,0.18829226128179372
0.17319094454193495,0.8451884416032674,0.8725429076867648,0.4149853887121366,0.02994242627423932,0.4812318866064649,0.6479745963705905,0.18825763441675045
0.17318533864810381,0.8451837002959323,0.8725417042093382,0.4149853094649931,0.02994215614877055,0.4812299310123923,0.6479739192634297,0.188254868907826
0.17296882854747153,0.8450004735871592,0.8724954636331141,0.414982329801477,0.029931914131023973,0.48115522797126314,0.6479479722590769,0.1881478355547663
0.17294601720956904,0.844981170584768,0.8724905929190658,0.4149820176252698,0.02993083926035428,0.48114737552531295,0.6479452419256506,0.18813655528237153
0.1729412140651444,0.8449771048901795,0.8724895651431701,0.4149819497108568,0.02993060771346151,0.4811456995738139,0.6479446625896752,0.18813418452623717
0.17290879791231756,0.8449496714382035,0.8724826425512695,0.41498150363242703,0.02992907435184966,0.4811345153224324,0.6479407779950388,0.18811815906749035
0.17290439566573962,0.8449459459472802,0.8724817023386009,0.4149814430466967,0.02992886610137685,0.4811329963948514,0.647940250415676,0.18811598279175676
0.1728943909500369,0.8449374786309144,0.8724795662839222,0.41498130540471223,0.029928392923990133,0.4811295448657001,0.6479390516796139,0.1881110365549263
0.17287758159188116,0.8449232546122866,0.8724759747964148,0.4149810739716639,0.029927597547536766,0.4811237441660533,0.6479370366697949,0.1881027274497247
0.23091038718650916,0.14120984424258776,0.5280197817080494,0.3775806024082143,0.20487716782109222,0.8363738684081754,0.5199104779198561,0.3875382019561071
0.06177231263456867,0.8738340213548107,0.6644445761189348,0.33345698536030616,0.077707952943528,0.17177188054128034,0.7603241085310956,0.3049959598151334
0.06173389302807014,0.8738015079794791,0.6644363706265544,0.3334564566121142,0.07770613548485641,0.17175862444602863,0.7603195042021113,0.3049769668632768
0.6075911880265961,0.25344031877386564,0.5144469511040867,0.9998623250486762,0.6035301774248667,0.46923923368957504,0.4131671645923763,0.2889526041617761
0.6111386662526572,0.2547095687468351,0.5126726767926155,0.9995333231143511,0.5886755319558188,0.49522201678671796,0.4657431224846979,0.31430307502979954
0.6111106278729826,0.2547440922085299,0.5126116052138436,0.9995554332777475,0.5886819829214878,0.4951626827066398,0.4657908726217164,0.31436905473415055
0.6111125569648925,0.25474309464435096,0.5126140449377401,0.9995560346316075,0.5886810271941771,0.4951670214089971,0.465792499540925,0.31436840094454355
0.6111146689876954,0.25474335120924485,0.5126125702275764,0.9995580138488682,0.5886758361812547,0.4951759216910253,0.4657946189458223,0.3143679154916974
0.6111146126726998,0.2547434080495828,0.5126124926705395,0.9995580894848634,0.588675904809004,0.49517580368281683,0.46579458328430084,0.3143679115423865
0.6076928474754623,0.2533512868173116,0.5146490701119585,0.9999795194579058,0.6036376988242657,0.46941586737409713,0.4130966381860536,0.2887490672936644
0.6111147867091009,0.25474373669035794,0.5126114051829362,0.9995585363344877,0.5886744989639356,0.4951775034673156,0.4657948337532046,0.3143679313634383
0.611121436938765,0.2547409870210842,0.5126175213501194,0.9995611373190947,0.5886688056720645,0.49519475209545855,0.4658006042620885,0.3143658570933747
0.6111193263110711,0.2547426379617084,0.5126134192837861,0.9995612677045359,0.5886685902717804,0.49519144776308877,0.4657989823123554,0.31436656688314024
0.6111376891875442,0.2547385489477751,0.5126204499986283,0.9995726441572149,0.5886435589511894,0.495248969891671,0.46581585103750517,0.3143611166448101
0.6111376946497322,0.25473854486621683,0.512620461090765,0.9995726448972156,0.5886435606191813,0.4952489779974898,0.4658158553487231,0.31436111446616066
0.6111384998025597,0.25473765046794233,0.5126222383573944,0.9995733454953164,0.5886444610295131,0.49525042298121086,0.46581450605944497,0.3143588553181457
0.6111389159787446,0.2547374518954693,0.5126230586919296,0.9995736179907092,0.5886447264186399,0.49525087683313795,0.4658154356039689,0.3143591620731457
0.6111387985416994,0.2547375396489717,0.512622820210994,0.9995736020806933,0.5886446905568123,0.49525070255803355,0.4658153429127829,0.3143592089141082
0.6111397527508872,0.25473746566093514,0.5126231995979712,0.9995733469942387,0.588642730112205,0.495253473710491,0.46581759287987656,0.3143603828087802
0.6111389106638325,0.2547378021440133,0.5126216317931396,0.9995738244292585,0.5886431275038115,0.4952524742108538,0.4658149434504414,0.3143587806791834
0.6111392243494945,0.25473756774595374,0.512622268798695,0.999573866926444,0.5886432232942083,0.4952529397164483,0.46581519103752955,0.3143586555624595
0.6111388148151514,0.2547381665227949,0.5126212949196689,0.9995732199255398,0.5886424436941531,0.49525208182560393,0.46581685258216515,0.3143607569140093
0.6111388163757766,0.2547381653566354,0.5126212980888507,0.9995732201369687,0.5886424441707223,0.4952520841415521,0.4658168538139417,0.31436075629153803
0.8992416816261245,0.1263150328544252,0.6453322296173696,0.13924847783440014,0.2820685785781738,0.44729384533402794,0.3231490640001514,0.27673459940629164
0.9561898740113762,0.16186637863569,0.6348468264416356,0.1314825740518025,0.31257685397116164,0.3990677819222455,0.31928026460251446,0.2818777337484771
0.9182216109915678,0.13816311068122888,0.6418364969083055,0.13665980468564526,0.2922378711861416,0.431217524273155,0.3218591284686173,0.27844759261761387
0.8992340777456718,0.12630859791555746,0.6453306056136692,0.13924837318632047,0.2820682188728117,0.4472912217318427,0.32314815272670655,0.27673084038457
0.8992336775414372,0.12630825923456443,0.6453305201397903,0.1392483676785268,0.28206819994095056,0.4472910836475172,0.3231481047649463,0.2767306425413215
0.9561826703351578,0.16186028237781533,0.6348452879118143,0.1314824749115165,0.3125765131976607,0.3990652964043858,0.31927940129082993,0.28187417257000397
0.9561822701309234,0.1618599436968223,0.6348452024379353,0.13148246940372282,0.3125764942657996,0.3990651583200603,0.31927935332906965,0.28187397472675546
0.9182124062941777,0.138155321018389,0.6418345310090893,0.13665967800639095,0.2922374357533349,0.4312143483336676,0.3218580253481315,0.27844304222289823
0.2299870464699991,0.12052902056648251,0.5678310667440227,0.3892492424282369,0.2845531500726255,0.7457128332555971,0.2683922734652913,0.24134010497989267
0.22998464524459294,0.12052698848052432,0.5678305539007489,0.3892492093814749,0.2845530364814585,0.7457120047496437,0.2683919856947298,0.24133891792040166
0.7736948809374519,0.16967221054311443,0.40665876053608896,0.04795247531535443,0.31750224171177455,0.11269318035076098,0.4499166492160883,0.42455868126292784
0.9182028013925531,0.13814719267455614,0.6418324796359942,0.13665954581934298,0.292236981388667,0.4312110343098547,0.3218568742658854,0.2784382939849341
0.22997744156837446,0.12052089222264967,0.5678290153709276,0.3892491102411889,0.2845526957079576,0.7457095192317841,0.2683911223830453,0.24133535674192852
0.7926716086690204,0.18151757892197382,0.40316234403599316,0.045363758104250196,0.3276713828648531,0.09661575461528371,0.4486263299904722,0.4262700917282621
0.7926712084647862,0.18151724024098076,0.4031622585621142,0.04536375259645656,0.3276713639329919,0.09661561653095818,0.4486262820287119,0.4262698938850136
0.8306370702591885,0.20521847610948368,0.3961720752521705,0.040186488915851803,0.3480102331268449,0.06446504567409544,0.4460471303920476,0.4296988479563857
0.8992107250923794,0.1262898911651626,0.645325385444673,0.13924759723043517,0.2820684160841616,0.44728061630248583,0.32314461966348507,0.27672002092795117
0.9181942559057759,0.1381410174124435,0.641830421208224,0.1366589735989661,0.2922378789597376,0.4312055374215557,0.3218551154798491,0.2784347948841278
0.9561553152493656,0.16183818910902997,0.6348392122117328,0.13148164382483732,0.31257652097125677,0.39905330955278645,0.3192753883020617,0.28186137483651785
0.9561549150451314,0.16183785042803694,0.6348391267378538,0.13148163831704365,0.3125765020393956,0.399053171468461,0.3192753403403015,0.2818611769932694
0.18288223238077894,0.7393034896572839,0.8396976291923451,0.42257934534023844,0.1320413732927055,0.4941273474133747,0.06589661372646655,0.7612433250796815
0.05992497301880523,0.10168110816137141,0.30236594866681954,0.2670362781354807,0.3258099721306288,0.41351588494366076,0.42089149247163105,0.3483205083649558
0.18288183217654458,0.7393031509762908,0.8396975437184662,0.4225793398324448,0.1320413543608443,0.4941272093290492,0.06589656576470637,0.7612431272364328
0.059924572814570864,0.10168076948037835,0.30236586319294056,0.26703627262768703,0.32580995319876765,0.41351574685933523,0.42089144450987076,0.3483203105217073
0.05992377240610214,0.10168009211839227,0.3023656922451826,0.2670362616120997,0.32580991533504533,0.4135154706906842,0.42089134858635024,0.3483199148352103
0.18288063156384143,0.7393021349333118,0.8396972872968294,0.4225793233090638,0.13204129756526084,0.4941267950760725,0.06589642187942557,0.7612425337066874
0.059923372201867775,0.10167975343739927,0.30236560677130364,0.26703625610430604,0.32580989640318414,0.4135153326063586,0.42089130062459,0.3483197169919618
0.07180179091193595,0.768235243542861,0.6316715600025888,0.34105560022066145,0.1798229069914956,0.1847840670182933,0.1782866709187802,0.8781488178130206
0.059922571793399104,0.10167907607541318,0.3023654358235457,0.2670362450887187,0.3258098585394618,0.41351505643770753,0.4208912047010695,0.3483193213054648
0.05992324985646602,0.1016812704158716,0.30236612715841016,0.2670377134772016,0.32580968404897326,0.41351432427577733,0.42089091826382363,0.3483220087530721
0.07180059029923286,0.7682342274998819,0.6316713035809518,0.34105558369728045,0.17982285019591213,0.18478365276531675,0.1782865270334995,0.878148224283275
0.21754948163580937,0.13591930588865964,0.5362335482369981,0.3792706635011524,0.2647394600886342,0.7334452778177855,0.3091569737722569,0.28522514408743255
0.059921649039528624,0.10167991569189944,0.30236578526289426,0.26703769144602696,0.3258096083215286,0.41351377193847516,0.42089072641678266,0.3483212173800781
0.0717989894822954,0.7682328727759098,0.631670961685436,0.3410555616661058,0.17982277446846748,0.18478310042801457,0.17828633518645848,0.878147432910281
0.05992124883529426,0.10167957701090641,0.30236569978901534,0.2670376859382333,0.3258095893896674,0.41351363385414963,0.42089067845502237,0.3483210195368296
0.0717985892780611,0.7682325340949168,0.631670876211557,0.3410555561583121,0.17982275553660634,0.18478296234368904,0.17828628722469825,0.8781472350670325
0.05992084863105984,0.10167923832991338,0.30236561431513637,0.26703768043043963,0.3258095704578063,0.4135134957698241,0.42089063049326214,0.3483208216935811
0.05992004822259117,0.10167856096792732,0.3023654433673784,0.2670376694148523,0.32580953259408396,0.41351321960117304,0.4208905345697416,0.34832042600708407
0.07179738866535801,0.7682315180519377,0.6316706197899201,0.3410555396349311,0.17982269874102283,0.18478254809071243,0.17828614333941745,0.8781466415372869
0.2175462800019345,0.13591659644071533,0.5362328644459664,0.3792706194388031,0.2647393086337449,0.7334441731431811,0.30915659007817486,0.2852235613414445
0.06484067502521024,0.10245852979994746,0.29719098081256046,0.2660512970745955,0.2920142388256315,0.4705152179261685,0.539128396012197,0.4045887334916354
0.06483987461674146,0.1024578524379614,0.2971908098648025,0.26605128605900813,0.29201420096190916,0.47051494175751746,0.5391283000886764,0.40458833780513836
0.06483907420827278,0.10245717507597532,0.29719063891704456,0.26605127504342085,0.29201416309818684,0.4705146655888664,0.5391282041651559,0.40458794211864135
0.06483827379980406,0.10245649771398926,0.29719046796928666,0.26605126402783347,0.2920141252344645,0.4705143894202153,0.5391281082416354,0.40458754643214434
0.06483747339133533,0.10245582035200318,0.2971902970215287,0.26605125301224614,0.2920140873707422,0.4705141132515642,0.5391280123181149,0.40458715074564733
0.0648366729828666,0.10245514299001707,0.2971901260737708,0.2660512419966588,0.29201404950701987,0.47051383708291317,0.5391279163945943,0.4045867550591503
0.06483547237016352,0.10245412694703798,0.2971898696521339,0.2660512254732778,0.29201399271143635,0.4705134228299365,0.5391277725093137,0.4045861615294048
0.06483467196169485,0.1024534495850519,0.29718969870437595,0.2660512144576905,0.29201395484771403,0.47051314666128546,0.5391276765857931,0.4045857658429078
0.06483387155322606,0.10245277222306584,0.29718952775661805,0.26605120344210315,0.2920139169839917,0.47051287049263435,0.5391275806622726,0.4045853701564108
0.06483307114475739,0.10245209486107976,0.2971893568088601,0.2660511924265158,0.2920138791202694,0.4705125943239833,0.5391274847387522,0.40458497446991376
0.06483227073628867,0.1024514174990937,0.2971891858611022,0.2660511814109285,0.29201384125654706,0.47051231815533223,0.5391273888152316,0.40458457878341675
0.06483147032781994,0.10245074013710762,0.29718901491334426,0.26605117039534115,0.29201380339282473,0.4705120419866812,0.5391272928917111,0.40458418309691974
0.06483066991935121,0.10245006277512153,0.2971888439655863,0.2660511593797538,0.2920137655291024,0.47051176581803006,0.5391271969681906,0.4045837874104227
0.06482986951088254,0.10244938541313545,0.2971886730178284,0.2660511483641665,0.2920137276653801,0.470511489649379,0.5391271010446701,0.4045833917239257
0.06482906910241376,0.10244870805114936,0.29718850207007047,0.26605113734857916,0.29201368980165776,0.47051121348072794,0.5391270051211496,0.4045829960374287
0.06482826869394509,0.1024480306891633,0.2971883311223126,0.2660511263329918,0.29201365193793544,0.4705109373120768,0.5391269091976291,0.4045826003509317
0.06482746828547636,0.10244735332717722,0.2971881601745546,0.2660511153174045,0.2920136140742131,0.47051066114342577,0.5391268132741086,0.4045822046644347
0.06482666787700758,0.10244667596519116,0.2971879892267967,0.26605110430181717,0.2920135762104908,0.4705103849747747,0.539126717350588,0.40458180897793766
0.06482586746853891,0.10244599860320508,0.29718781827903873,0.26605109328622983,0.29201353834676846,0.4705101088061236,0.5391266214270676,0.40458141329144065
0.06482506706007019,0.10244532124121902,0.29718764733128084,0.2660510822706425,0.29201350048304614,0.47050983263747254,0.539126525503547,0.40458101760494364
0.7701783271699221,0.3432425102020657,0.05150873885949653,0.5715703374654095,0.16571281380576613,0.32483455347982504,0.6557520945331572,0.4554472238648639
0.5835022376157869,0.32051016399211496,0.2431603404442651,0.8424185005239476,0.5109224143356459,0.2902045084587467,0.8832980826002672,0.6438799163008713
0.8080598004761426,0.36682610428172735,0.04449548368503564,0.5663679194659871,0.18604004552361084,0.29274780533942835,0.6531374747181609,0.45882679037828
0.8263526158091018,0.37772288736800974,0.04081261184346546,0.5635778465328802,0.19611567036767685,0.2771779234805184,0.6515623549071632,0.46013874782849856
0.5834158481064334,0.3203908287983085,0.24313684121035312,0.8423933186661615,0.5109106822003316,0.29026764075358513,0.8832623746131341,0.6438295395266727
0.6076913002347617,0.35392401825792263,0.24974012593961747,0.8494694207040491,0.5142074122236154,0.27252746590398336,0.8932963189975816,0.6579854130764784
0.7899397641618904,0.35616799158305784,0.04822535399442984,0.5692083561146661,0.17598788495017317,0.3081914226086615,0.654784010503425,0.4576155864764586
0.5839341851625544,0.32110683996114725,0.24327783661382496,0.8425444098128779,0.5109810750122168,0.2898888469845544,0.8834766225359336,0.6441318001718643
0.8078870214574356,0.3665874338941144,0.044448485217211675,0.5663175557504149,0.18601658125298248,0.29287406992910525,0.6530660587438943,0.4587260368298828
0.7702647166792754,0.34336184539587217,0.05153223809340851,0.5715955193231956,0.1657245459410803,0.3247714211849866,0.6557878025202906,0.4554976006390625
0.8073686844013147,0.3658714227312757,0.044307489813739886,0.5661664646036983,0.18594618844109742,0.2932528636981359,0.6528518108210948,0.4584237761846912
0.8268709528652227,0.3784388985308485,0.04095360724693731,0.5637289376795966,0.19618606317956194,0.2767991297114877,0.6517766028299629,0.4604410084736901
0.7886439215215881,0.354377963675961,0.04787286548575026,0.5688306282478749,0.1758119029204605,0.3091384070312381,0.6542483906964262,0.45685993486347964
0.5458799328376268,0.29728457549387266,0.2502440933204618,0.8476964640967284,0.4906303790237437,0.322101859714628,0.8860198263766634,0.640651480110051
0.8269573423745762,0.37855823372465497,0.040977106480849235,0.5637541195373827,0.19619779531487608,0.2767359974166493,0.6518123108170961,0.46049138524788874
0.5455343748002128,0.2968072347186469,0.250150096384814,0.8475957366655841,0.49058345048248697,0.3223543888939817,0.8858769944281304,0.6404499730132567
0.5653822013015347,0.30985205129344545,0.24689021075365924,0.8452589371726266,0.5008702537622082,0.30564812572797984,0.8849446183855314,0.64266871239905
0.5507177453614217,0.3039673463470342,0.25156005041953233,0.8491066481327486,0.4912873786013376,0.3185664512036753,0.8880194736561263,0.6434725794651723
0.5812778710225753,0.3318097269538334,0.2512140697934623,0.8498923990052647,0.5030289666600167,0.29403178347770675,0.8915148880180523,0.6519380388515916
0.7756208662591912,0.3507606274118724,0.05298919059595081,0.5731567945059325,0.16645193833055927,0.3208572189050033,0.6580016977225529,0.45862096063937546
0.05697214383229787,0.0991838367732151,0.30173584277492843,0.2669970990067081,0.32567008050476237,0.41249609045925706,0.4205372482437148,0.3468631126385865
0.05697174362806351,0.09918349809222207,0.30173575730104946,0.26699709349891443,0.32567006157290124,0.4124959523749315,0.4205372002819545,0.346862914795338
0.05697094321959478,0.09918282073023599,0.3017355863532915,0.2669970824833271,0.3256700237091789,0.4124956762062804,0.42053710435843406,0.3468625191088409
0.056968141789954296,0.09918044996328473,0.30173498803613874,0.26699704392877144,0.32566989118615075,0.41249470961600165,0.4205367686261123,0.34686113420610143
0.056966540973016844,0.09917909523931259,0.30173464614062295,0.2669970218975968,0.3256698154587061,0.4124941572786995,0.42053657677907125,0.3468603428331074
0.05696494015607945,0.09917774051534045,0.30173430424510705,0.2669969998664221,0.32566973973126145,0.41249360494139736,0.4205363849320302,0.3468595514601134
0.05696333933914194,0.09917638579136825,0.3017339623495912,0.26699697783524745,0.3256696640038168,0.4124930526040952,0.42053619308498924,0.34685876008711936
0.05696013770526709,0.09917367634342397,0.30173327855855947,0.26699693377289807,0.3256695125489275,0.4124919479294909,0.4205358093909072,0.3468571773411313
0.056957736479860965,0.09917164425746575,0.30173276571528573,0.2669969007261361,0.32566939895776054,0.41249111942353767,0.4205355216203457,0.34685599028164027
0.05695613566292351,0.0991702895334936,0.30173242381976983,0.2669968786949614,0.3256693232303159,0.4124905670862355,0.42053532977330466,0.3468551989086462
0.0569541346417517,0.09916859612852841,0.301731996450375,0.2669968511559931,0.32566922857101005,0.4124898766646078,0.4205350899645034,0.34685420969240366
0.056952533824814244,0.09916724140455627,0.3017316545548592,0.2669968291248184,0.3256691528435654,0.4124893243273057,0.42053489811746236,0.34685341831940963
0.05694853178247061,0.0991638545946259,0.30173079981606954,0.26699677404688177,0.3256689635249538,0.41248794348405027,0.42053441849985984,0.3468514398869246
0.056946930965533216,0.09916249987065376,0.30173045792055364,0.2669967520157071,0.32566888779750913,0.4124873911467481,0.4205342266528188,0.34685064851393055
0.05694533014859576,0.09916114514668162,0.3017301160250378,0.26699672998453244,0.3256688120700645,0.412486838809446,0.42053403480577783,0.3468498571409365
0.05694372933165831,0.09915979042270945,0.30172977412952195,0.2669967079533578,0.32566873634261984,0.4124862864721438,0.4205338429587368,0.3468490657679425
0.05694212851472091,0.09915843569873731,0.3017294322340061,0.2669966859221831,0.3256686606151752,0.41248573413484163,0.4205336511116958,0.3468482743949485
0.0569401274935491,0.09915674229377214,0.3017290048646113,0.2669966583832148,0.3256685659558694,0.412485043713214,0.4205334113028945,0.34684728517870594
0.0569385266766117,0.09915538756979997,0.3017286629690954,0.26699663635204013,0.32566849022842476,0.4124844913759118,0.42053321945585354,0.3468464938057119
0.05693692585967425,0.0991540328458278,0.30172832107357955,0.26699661432086547,0.3256684145009801,0.41248393903860964,0.4205330276088125,0.3468457024327179
0.5079733667718157,0.2932266583239365,0.2339560668257573,0.7820436730647891,0.434409044464373,0.30588383212416786,0.8174836862790213,0.6567546828578855
0.5486193043773477,0.32062897860540474,0.22769478713647956,0.777647074514521,0.4551117045122714,0.2717768505489411,0.8160117220522893,0.6617463061456567
0.5068503031502205,0.2916753008044526,0.23365057678490164,0.7817163089135701,0.43425652670528875,0.3067045519570676,0.8170194824462889,0.6560997847933037
0.5708860371405671,0.33701518060678415,0.22509288005486008,0.7760153670395737,0.46572700758078955,0.25330288312746285,0.8160791696494221,0.6653755952090107
0.7682526652045549,0.36014281284804917,0.027690474044267666,0.5001611275627541,0.1295606039873283,0.27791868823541394,0.583815758903587,0.47382170409374536
0.7318398135573436,0.33858791706309727,0.0351032161952321,0.5057916371445399,0.10943281856982459,0.3089321873635571,0.5870374144998488,0.4712985427417054
0.772053803616108,0.36539356137553325,0.028724440336394486,0.5012691293053415,0.13007681794115206,0.27514086726252257,0.5853869103374506,0.47603828215848354
0.513588684879792,0.3009834459213562,0.2354835170300355,0.7836804938208841,0.4351716332597945,0.30178023295966927,0.8198047054426836,0.6600291731807942
0.774731878406066,0.36909295238353335,0.029452916587665634,0.5020497668967099,0.13044051413589153,0.2731837661225309,0.5864938579385819,0.47759996215864003
0.7310623079731622,0.33751390031883916,0.03489172309002436,0.5055650004244653,0.10932722935199701,0.30950037801710306,0.5867160426156495,0.470845151773918
0.787409375631049,0.3722329478723961,0.02424259454181721,0.49762287320750803,0.13975355018453606,0.2617174834281195,0.582597718963922,0.4756374292859499
0.5337820694185278,0.31450560327138055,0.23231762833452868,0.781444421759071,0.44550536508077243,0.2848214406143135,0.8190151613486176,0.6624494196633819
0.7509101344744841,0.35055871689363777,0.03163183745886966,0.5032282009315079,0.11961403263171821,0.29279411485110113,0.5857836665730505,0.4730638911597113
0.5142798009546199,0.3019381274718078,0.2356715109013313,0.7838819486831727,0.43526549034230794,0.3012751746009617,0.8200903693397497,0.660432187374383
0.7714490770506338,0.364558215018888,0.028559945699010714,0.501092856300839,0.12999469299395283,0.2755827933263917,0.5851369544275178,0.4756856447390934
0.7692893393167967,0.3615748351737266,0.027972464851211354,0.500463309856187,0.1297013896110984,0.27716110069735267,0.5842442547491862,0.4744262253841285
0.7333084352163527,0.340616615357807,0.035502703171735595,0.5062197287269032,0.10963226487016559,0.3078589383513036,0.5876444502811143,0.47215494790308155
0.7882732707245839,0.37342629981046066,0.02447758688093693,0.4978746917853688,0.13987087153767783,0.2610861604797351,0.5829547988352546,0.4761411970279358
0.5441270498909667,0.314423548527469,0.22647282697305698,0.7763376179096451,0.4545016334759342,0.27505972988054,0.8141549067213596,0.6591267138873296
0.5513837686766592,0.3244477048072113,0.2284467626216627,0.7784528939636755,0.45548713284232506,0.26975661711411103,0.8171543776405539,0.6633583629200117
0.7081157826095216,0.11840446365438445,0.8690669312509935,0.5350740864291557,0.7536671944116304,0.37582747307874986,0.5507815281123141,0.38146878971881
0.7081157923634289,0.11840445636588759,0.8690669510583804,0.5350740877505855,0.7536671973901874,0.37582748755342626,0.5507815358109176,0.3814687858283646
0.7081157880717097,0.11840445957282619,0.8690669423431303,0.5350740871691564,0.7536671960796224,0.37582748118456866,0.550781532423532,0.38146878754016056
0.7081157908028038,0.11840445753204706,0.8690669478891984,0.5350740875391568,0.7536671969136184,0.375827485237478,0.550781534579141,0.3814687864508358
0.708115789632335,0.11840445840666669,0.8690669455123121,0.5350740873805852,0.7536671965561915,0.37582748350051687,0.5507815336553086,0.3814687869176893
0.7081166444914726,0.1184042783103598,0.8690672405802986,0.5350746264660161,0.7536659986144099,0.37583019361743164,0.5507823214867358,0.3814685351856526
0.7081166429308475,0.1184042794765193,0.8690672374111166,0.5350746262545873,0.7536659981378406,0.37583019130148343,0.5507823202549592,0.3814685358081239
0.7081166495635045,0.11840427452034141,0.8690672508801396,0.5350746271531597,0.7536660001632595,0.37583020114426335,0.5507823254900096,0.381468533162621
0.7081166409800661,0.11840428093421868,0.8690672334496394,0.5350746259903014,0.7536659975421292,0.37583018840654814,0.5507823187152385,0.381468536586213
0.7081166480028793,0.11840427568650091,0.8690672477109576,0.535074626941731,0.7536659996866903,0.37583019882831514,0.550782324258233,0.38146853378509227
0.7081166464422542,0.11840427685266044,0.869067244541776,0.5350746267303021,0.7536659992101211,0.37583019651236693,0.5507823230264565,0.38146853440756356
0.708116644881629,0.11840427801881992,0.869067241372594,0.5350746265188734,0.7536659987335521,0.37583019419641867,0.5507823217946799,0.3814685350300348
0.4839603736271256,0.5713987560237066,0.2997506084461705,0.48494765790396704,0.966031628708339,0.4017641048639385,0.5275875400605193,0.3851808487960243
0.43043064385088114,0.5372362597346915,0.3081992726061979,0.4922921226848485,0.9205614802954711,0.4757493059085841,0.5841540890937161,0.4056546587544597
0.6736265800816099,0.594926323885812,0.10594554094104619,0.2135521961249255,0.6058016648687589,0.46247019175100207,0.35256119334914526,0.22211499737888138
0.4874688275835957,0.5729099888387,0.29773813792928655,0.4845514503301799,0.9510816582105237,0.4274613529608931,0.5803214293390548,0.4108499504600803
0.6546426486738228,0.583074859249078,0.10944041891132056,0.2161408141957437,0.5956321829421795,0.4785451319686196,0.35385064926307674,0.22040002573507403
0.46839850666645516,0.5609391890081595,0.301209516665649,0.4871148865432121,0.9409004441486299,0.443599425473349,0.5815751772658531,0.4090846020420744
0.43068981237894155,0.5375942653161108,0.3082697703079338,0.49236766825820677,0.9205966767014138,0.4755599090240688,0.584261213055116,0.4058057890770555
0.6545562591644694,0.5829555240552715,0.10941691967740863,0.21611563233795766,0.5956204508068652,0.47860826426345804,0.3538149412759435,0.22034964896087544
0.8579822479969651,0.3065352093617775,0.24600343857825768,0.5935405573284436,0.02712198253547099,0.6893070955845872,0.5493833938606036,0.3814649358953069
0.8579822483871213,0.3065352090702376,0.24600343937055313,0.5935405573813008,0.02712198265461324,0.6893070961635743,0.5493833941685479,0.3814649357396891
0.8579822694688104,0.30653518880852243,0.24600348511722453,0.5935405804281726,0.02712200891337785,0.689307129608504,0.5493833762149821,0.3814648906997053
0.8580377760355068,0.3065235178255114,0.24602255003286605,0.5935756533320624,0.02704416423809969,0.6894832035611886,0.5494344692851417,0.381448478497986
0.8580659559681112,0.30651759286893215,0.2460322284400891,0.5935934592210086,0.027004642691285163,0.6895725944380142,0.5494604091200468,0.3814401468423437
0.8580659770498003,0.30651757260721696,0.24603227418676052,0.5935934822678803,0.02700466895004977,0.6895726278829439,0.5494603911664812,0.38144010180235993
0.8581214836164966,0.3065059016242059,0.246051339102402,0.5936285551717702,0.02692682427477161,0.6897487018356285,0.5495114842366406,0.38142368960064066
0.8581875110428966,0.3064822996058331,0.24609138477836323,0.5936554732985229,0.026845020334832825,0.6899467305573331,0.549551366043665,0.38138879816702265
0.858176990183193,0.30649423064119485,0.24607040401804353,0.59366362807566,0.026848979599493394,0.6899247757883132,0.5495625773068002,0.3814072773989214
0.8581770112648819,0.30649421037947966,0.24607044976471498,0.5936636511225317,0.026849005858258057,0.689924809233243,0.5495625593532346,0.3814072323589376
0.8582325178315784,0.3064825393964686,0.24608951468035647,0.5936987240264215,0.02677116118297984,0.6901008831859275,0.5496136524233942,0.3813908201572183
0.8582325389132675,0.3064825191347534,0.24608956042702795,0.5936987470732933,0.026771187441744393,0.6901009166308574,0.5496136344698285,0.3813907751172345
0.8582888776967872,0.30647068948331013,0.2461088714948026,0.5937343358043137,0.02669211808935079,0.6902796649395788,0.5496655320932043,0.3813741568459336
0.858296859215066,0.3064610113299906,0.24612590099895248,0.593728305574738,0.02669001129451759,0.6902969152672798,0.5496519620962834,0.381355335917925
0.8582969017686004,0.3064609705150203,0.2461259932845908,0.5937283517213385,0.026690063931189112,0.6902969827361263,0.5496519264970964,0.3813552456823396
0.8583452586436853,0.3064588193084365,0.24612827405592014,0.5937699706290775,0.02661310125448635,0.6904584801381597,0.5497173938094488,0.3813574484946652
0.8583805671862121,0.3064433948371452,0.24615469086078393,0.5937812074673028,0.02657267145033171,0.6905624141207068,0.5497289773557267,0.38133054686496176
0.8584280914543172,0.3064414025905335,0.24615672468768457,0.593822310495054,0.02649693333160219,0.6907212365877162,0.5497936398069186,0.3813329559024868
0.8584281340078516,0.30644136177556325,0.24615681697332292,0.5938223566416547,0.026496985968273767,0.6907213040565627,0.5497936042077315,0.3813328656669014
0.8584836194928589,0.3064297110542674,0.246175836142293,0.5938574064986728,0.026419115034230944,0.6908973445643176,0.5498447152314567,0.3813164985051659
0.24172532583128054,0.8638976172187971,0.605918640040971,0.2769912309384329,0.3867981412504127,0.8783155070087397,0.15089385832100172,0.7173632927465206
0.13066063807875672,0.8928776564961443,0.3979106816441312,0.19547097120184953,0.43457858004794103,0.5689539724292292,0.2632912336399049,0.8342579715784177
0.07475161436250821,0.769227497592264,0.6295347310746151,0.3406277115925623,0.16483886476219461,0.210381507905951,0.23092825733308348,0.9035340876696405
0.1306405835564966,0.8928255698130831,0.3978918366353673,0.1954674389759965,0.43457949767572407,0.5689708582227125,0.2632834679994289,0.834266568743494
0.07476286439161245,0.7692721332934782,0.6295516956580418,0.34063112264695466,0.16483753063346604,0.2103615842573059,0.2309349678148339,0.903521137953097
0.24173256874600932,0.8639388699000994,0.6059347395857669,0.2769945862277451,0.3867966162542228,0.8782941949900075,0.1509000851818758,0.7173483666205237
0.1306538346067726,0.8928718989192628,0.3979092285881888,0.19547087756935722,0.4345782582063013,0.5689516249956951,0.26329041828998057,0.8342546082431932
0.13063578110568425,0.8928215056411667,0.39789081094881973,0.1954673728824725,0.43457927049339007,0.5689692012108061,0.26328289245830583,0.8342641946245121
0.18583368067070338,0.7403322662241418,0.8375756722753389,0.42215473283090954,0.11705553637460919,0.5197015205212473,0.11854374352717895,0.7866109050739202
0.13062617620405964,0.8928133772973339,0.39788875957572456,0.19546724069542454,0.43457881612872223,0.5689658871869931,0.26328174137605975,0.8342594463865478
0.220481589587401,0.13689673756475493,0.5340927421616876,0.3788425181001175,0.24975455233159838,0.7590364849316527,0.3617963658003589,0.31060175132478196
0.07474645601800373,0.7692582473727638,0.6295481912290042,0.3406308968274144,0.16483675442715837,0.21035592279995882,0.23093300138266354,0.9035130263799083
0.07473040353808719,0.769209547499633,0.62953020095903,0.340627419679498,0.16483786137355297,0.2103741894366975,0.23092571535979006,0.9035236019774697
0.07484649678186756,0.7694242503537427,0.6295891678896167,0.3406595227863548,0.164847266024911,0.2102736953624285,0.23097570762210873,0.9035516404970545
0.07474405479259755,0.7692562152868057,0.6295476783857304,0.3406308637806524,0.1648366408359914,0.2103550942940056,0.23093271361210205,0.9035118393204171
0.13062097354901298,0.8928089744444245,0.39788764841529806,0.19546716909410686,0.43457857001452704,0.5689640920907612,0.26328111787317643,0.8342568744243173
0.1306362256204608,0.892856996955569,0.3979054677375144,0.1954706352264359,0.4345774252044101,0.5689455492853713,0.26328830797252945,0.8342459031402589
0.24171095771735387,0.8639205811264752,0.6059301239963029,0.27699428880688715,0.38679559393372004,0.8782867384364283,0.1508974952468221,0.7173376830851044
0.24169497000338253,0.8638718328577253,0.6059122652473761,0.2769908204332653,0.38679672065773385,0.8783051011850186,0.15089026034267577,0.7173482328501084
0.1306318233738828,0.8928532714646457,0.3979045275248458,0.19547057464070555,0.43457721695393736,0.5689440303577905,0.26328778039316664,0.8342437268645253
0.1303056569228797,0.8925772464553203,0.39783486631348997,0.19546608578886773,0.43456178748709007,0.5688314916324766,0.26324869155856007,0.8340824846169927
0.18555931514968588,0.740110754159367,0.8375080581547316,0.4221717268755334,0.11705213971073752,0.519538032044461,0.11853103832294204,0.786501207477379
0.07440948405267284,0.7689730779766265,0.6294762222229164,0.34062625926514756,0.16482081380005975,0.2102396557978555,0.23089261758053015,0.903346442364666
0.1302856024006196,0.8925251597722592,0.3978160213047261,0.19546255356301467,0.4345627051148731,0.56884837742596,0.2632409259180841,0.834091081782069
0.1854847025783417,0.7400369363982133,0.8375011390528821,0.4221499300348327,0.11703902779167566,0.5195811109893779,0.11850192087223793,0.7864383857612227
0.1302824007667447,0.8925224503243149,0.39781533751369436,0.19546250950066535,0.43456255365998375,0.5688472727513556,0.26324054222400206,0.834089499036081
0.2201370141317736,0.13660513293821003,0.5340191499441949,0.37883777594262824,0.24973825211827988,0.7589175949063511,0.36175507103272486,0.31043140813220016
0.13029605202125505,0.8925691181114875,0.39783281494039485,0.19546595360181973,0.4345613331224222,0.5688281776086637,0.26324754047631405,0.8340777363790285
0.24137278513931995,0.8636343956873588,0.6058578985685781,0.2769896347212393,0.3867795965110379,0.8781700571813484,0.15085696755940792,0.7171705055401165
0.24136918330121074,0.8636313475584214,0.6058571293036674,0.2769895851510963,0.38677942612428745,0.8781688144224186,0.15085653590356568,0.71716872495088
0.24135280006488052,0.8635822571101999,0.6058391945884074,0.27698611190396716,0.38678053534614754,0.878187046034528,0.15084925673298882,0.7171790750052216
0.1302896487535053,0.8925636992155987,0.3978314473583314,0.19546586547712108,0.4345610302126436,0.5688259682594551,0.2632467730881499,0.8340745708870525
0.13027239566088572,0.892513983299489,0.39781320066672027,0.1954623718058237,0.43456208036345473,0.5688438206432171,0.26323934317999576,0.8340845529548684
0.13027079484394827,0.8925126285755169,0.3978128587712044,0.19546234977464905,0.4345620046360101,0.568843268305915,0.2632391513329547,0.8340837615818743
0.13026919402701082,0.8925112738515447,0.3978125168756885,0.19546232774347438,0.43456192890856543,0.5688427159686129,0.2632389594859137,0.8340829702088802
0.13028444609845863,0.8925592963626894,0.39783033619790487,0.19546579387580343,0.4345607840984485,0.5688241731632231,0.26324614958526665,0.8340719989248218
0.13028284528152118,0.8925579416387174,0.397829994302389,0.19546577184462877,0.43456070837100386,0.568823620825921,0.2632459577382257,0.8340712075518278
0.2413595783995861,0.8636232192145886,0.6058550779305724,0.2769894529640483,0.38677897175961956,0.8781655003986057,0.15085538482131955,0.7171639767129159
0.1855365035083274,0.7400914493427638,0.8375031861436307,0.42217141293129445,0.11705106059465126,0.5195301612379053,0.1185283045026076,0.786489930412214
0.13026279075926106,0.8925058549556562,0.39781114929362515,0.19546223961877573,0.4345616259987868,0.5688405066194042,0.2632381920977497,0.8340798047169041
0.06283765283224008,0.10076343142979616,0.2967631840483448,0.26602373056729683,0.2919194848605141,0.46982410587684875,0.5388883474021284,0.4035985280328612
0.06283445119836523,0.10076072198185185,0.2967625002573131,0.2660236865049475,0.2919193334056248,0.46982300120224446,0.5388879637080465,0.4035969452868732
0.06283204997295905,0.10075868989589362,0.2967619874140393,0.2660236534581855,0.29191921981445784,0.46982217269629123,0.538887675937485,0.40359575822738214
0.8748005389117133,0.22792222257243733,0.3791690096701542,0.03448056937199928,0.2569616774835649,0.22337452165638902,0.8013928638507856,0.6056135594100076
0.07826319341844928,0.10566105343415672,0.28755930826717957,0.26165586916763484,0.23354900866461079,0.573957584234821,0.7503322984393583,0.5041603799642408
0.6744743993913356,0.5902234201374119,0.04170675867811258,0.08286517550839045,0.359652425033051,0.6726440735594332,0.7221927498993533,0.5011373467985659
0.9215942035774305,0.12343284059080617,0.5656437414492814,0.088567138642965,0.2107701167021205,0.5421011370371029,0.6905982968070632,0.43254235531765045
0.9681424787787184,0.18660527778483538,0.5914857714546816,0.11927704272770373,0.19748155830165098,0.5526890895152614,0.6912540528035807,0.4863526747715261
0.9680029491782907,0.1867405690064639,0.5912473749996094,0.11938877118492724,0.1975646144930814,0.5524200594323235,0.6912191724491401,0.4864244376112827
0.9680232477854697,0.18672490699062494,0.5912820639958681,0.11940859817661481,0.19757633029350286,0.5524603865875266,0.691210965479786,0.4863905021655623
0.9680232473953134,0.18672490728216484,0.5912820632035727,0.11940859812375765,0.19757633017436055,0.5524603860085396,0.6912109651718419,0.4863905023211801
0.9680242022669518,0.18672463769305397,0.5912825245656884,0.11940906749319949,0.19757507694876553,0.5524632789802133,0.6912118231545341,0.486390237109259
0.9680241053757015,0.18672472485353891,0.5912823646099229,0.11940913763204625,0.1975751331857171,0.5524631007573508,0.691211755466822,0.4863902493442009
0.9680241010839822,0.18672472806047757,0.5912823558946727,0.11940913705061706,0.19757513187515197,0.5524630943884932,0.6912117520794365,0.48639025105599687
0.9680198345914193,0.1867256227112145,0.5912808964006497,0.11940644268060582,0.19758112396690636,0.5524495553836605,0.6912078190811834,0.4863915066038239
0.9680113016062936,0.18672741201268847,0.5912779774126038,0.11940105394058331,0.1975931081504152,0.5524224773739951,0.6911999530846772,0.48639401769947804
0.9680113027767624,0.18672741113806884,0.5912779797894901,0.11940105409915494,0.19759310850784206,0.5524224791109562,0.6911999540085095,0.4863940172326246
0.9679635137683382,0.18673743443326155,0.5912616247411828,0.11937087657359971,0.1976602186249264,0.5522708358879723,0.6911559010406889,0.4864080810800836
0.9677873864352665,0.18676015075573582,0.5912269043712096,0.11923051184661271,0.19792226268135799,0.5516858369154858,0.6909888514431394,0.4864638812538381
0.9676644436279156,0.18679983809735717,0.5911598729641415,0.11918137476171245,0.19808056798425455,0.551321219384582,0.6908801060485814,0.48649617803697115
0.06613133368102009,0.10355077600249252,0.29746663407221985,0.26606905970916855,0.2920752940778799,0.4709605398760299,0.5392830726890143,0.4052267779680683
0.06612933265984833,0.10354908259752732,0.29746620670282503,0.2660690321702002,0.2920751994185741,0.4709598494544022,0.5392828328802131,0.40522578875182574
0.06612853225137966,0.10354840523554124,0.29746603575506714,0.2660690211546129,0.2920751615548518,0.47095957328575117,0.5392827369566925,0.40522539306532873
0.06612693143444215,0.1035470505115691,0.29746569385955124,0.26606899912343823,0.29207508582740715,0.470959020948449,0.5392825451096515,0.4052246016923347
0.06612613102597348,0.10354637314958304,0.2974655229117933,0.2660689881078509,0.29207504796368483,0.47095874477979793,0.539282449186131,0.4052242060058377
0.06612453020903603,0.10354501842561087,0.2974651810162775,0.26606896607667624,0.2920749722362402,0.47095819244249576,0.53928225733909,0.40522341463284367
0.0661237298005673,0.10354434106362481,0.29746501006851955,0.2660689550610889,0.29207493437251786,0.4709579162738447,0.5392821614155695,0.40522301894634666
0.06612212898362985,0.10354298633965267,0.29746466817300365,0.2660689330299142,0.2920748586450732,0.47095736393654253,0.5392819695685285,0.40522222757335263
0.06612132857516118,0.10354230897766659,0.29746449722524576,0.2660689220143269,0.2920748207813509,0.47095708776789147,0.5392818736450079,0.4052218318868556
0.06611972775822372,0.10354095425369444,0.2974641553297299,0.2660688999831522,0.2920747450539062,0.4709565354305893,0.5392816817979669,0.4052210405138616
0.066118927349755,0.10354027689170836,0.29746398438197197,0.26606888896756486,0.2920747071901839,0.47095625926193824,0.5392815858744464,0.4052206448273646
0.06611732653281754,0.10353892216773619,0.2974636424864561,0.2660688669363902,0.29207463146273926,0.47095570692463606,0.5392813940274054,0.40521985345437056
0.06611652612434882,0.10353824480575011,0.2974634715386982,0.26606885592080287,0.29207459359901694,0.470955430755985,0.5392812981038849,0.40521945776787355
0.06611492530741137,0.103536890081778,0.29746312964318233,0.2660688338896282,0.2920745178715723,0.4709548784186829,0.5392811062568439,0.4052186663948795
0.06471760834047308,0.10164089388206896,0.29668765121952073,0.26514745058183153,0.29247314813655495,0.47063698484495553,0.5392613321116067,0.40360378854372625
0.06611252408200524,0.10353485799581977,0.29746261679990854,0.2660688008428662,0.2920744042804053,0.4709540499127296,0.5392808184862824,0.4052174793353885
0.06611172367353652,0.10353418063383368,0.29746244585215065,0.2660687898272789,0.29207436641668294,0.47095377374407854,0.5392807225627618,0.4052170836488915
0.06610892224389597,0.10353180986688243,0.2974618475349979,0.2660687512727232,0.29207423389365483,0.4709528071537998,0.5392803868304401,0.40521569874615193
0.0661081218354273,0.10353113250489634,0.29746167658723993,0.2660687402571359,0.2920741960299325,0.4709525309851487,0.5392802909069195,0.4052153030596549
0.0661065210184898,0.1035297777809242,0.2974613346917241,0.26606871822596123,0.29207412030248786,0.47095197864784655,0.5392800990598785,0.4052145116866609
0.9398878919754206,0.17157450679601924,0.59972446549558,0.12250660474455902,0.22580782346422812,0.5019449127097223,0.5599958836138382,0.4208174102538359
0.9398298791075451,0.17162853846919562,0.5996291393941859,0.12254236639241606,0.22584329361779915,0.501821441348122,0.5600013103234117,0.42086916793378243
0.9398102096672157,0.1716314886158496,0.5996245197968824,0.12252753780139058,0.22587213124560968,0.5017568685402478,0.5599827909761451,0.42087528417074593
0.9398058116941941,0.17163370884037854,0.5996206843463088,0.12252742073519188,0.2258769675243567,0.5017452942667125,0.559979164939089,0.42087621600184255
0.9397889207789407,0.17163712711627052,0.5996151282515654,0.12251650044030801,0.22590081769864157,0.5016914669017281,0.5599635535401816,0.42088122119292215
0.7039075115050704,0.6104638780885576,0.039811286282380676,0.07874169384316393,0.417396610993953,0.576100284445318,0.5878708308927574,0.44053056786721084
0.940594811096465,0.17136546700724894,0.6000528398560617,0.12286403958530331,0.22484521697967375,0.5041376627743541,0.5606422198883632,0.42061248035478715
0.23275403224050267,0.14166337617938865,0.5296177807293008,0.3783323632440786,0.2072943618145095,0.8340939685885176,0.5077127314315945,0.3812419356839123
0.8812093631654521,0.33122386897233946,0.23624517741320428,0.5821154935301418,0.08016589291075638,0.5913408145959091,0.47295832226990375,0.3569757085032056
0.07386324044198078,0.10782934148110221,0.2949654019797105,0.265462275333593,0.26975545287762387,0.510506887859316,0.6186520956552826,0.44493231522492116
0.18687067647301164,0.07831065030771442,0.5040975994933895,0.3479469324137933,0.21973138814607687,0.8255001434634635,0.5076104909452106,0.3272271270983909
0.2334190007822407,0.14148344892004916,0.5299397265070279,0.37865722748999464,0.20644284046925154,0.8360877735999377,0.5082658686630463,0.3810377425701036
0.23324153142365717,0.1416519949379158,0.5296428698224496,0.378800200678926,0.2065535659286718,0.835748902742472,0.5081928488713365,0.38110184315796514
0.2332406781251446,0.1416521738680632,0.5296425779236449,0.37879966180492375,0.20655476434702263,0.8357461949415055,0.5081920622716859,0.38110209426753056
0.23306676057761386,0.14167467405420706,0.5296081694873884,0.3786611993296212,0.20681344953386718,0.8351686620632262,0.508027131284878,0.3811571751130461
0.23251747807678383,0.1417830553126767,0.5294324792445495,0.3783003820420094,0.20759191295339208,0.8334131284191851,0.5075185411895013,0.38132071686581664
0.2324378257979346,0.141820474846484,0.5293680767392386,0.3782925274065311,0.20768245858271225,0.8331985005952385,0.507451972610052,0.38133834649048154
0.23215797524357984,0.14187309085998612,0.5292831945686701,0.37810337444241005,0.20808169524208797,0.8322992048350311,0.5071919745215914,0.38142241852752695
0.23219547497472234,0.141871283135093,0.5292851428286911,0.37813946974474694,0.20802276773048856,0.8324293030846659,0.5072285379967194,0.3814096949850443
0.2321953874472231,0.14187136329862093,0.5292850018880167,0.37813954115216636,0.20802282682685497,0.8324291387574927,0.5072284776996667,0.3814097034851586
0.06479385112979014,0.10241890412376209,0.29718098036872165,0.26605065266273653,0.2920120237978755,0.4704990620600805,0.5391227844862473,0.4045655858315601
0.06479225031285268,0.10241754939978995,0.29718063847320575,0.26605063063156187,0.29201194807043085,0.4704985097227784,0.5391225926392063,0.4045647944585661
0.06479064949591523,0.1024161946758178,0.2971802965776899,0.2660506086003872,0.2920118723429862,0.47049795738547623,0.5391224007921652,0.40456400308557205
0.06478904867897783,0.10241483995184567,0.29717995468217406,0.26605058656921254,0.29201179661554155,0.47049740504817406,0.5391222089451242,0.40456321171257803
0.06478744786204038,0.10241348522787352,0.29717961278665816,0.2660505645380379,0.2920117208880969,0.47049685271087194,0.5391220170980833,0.404562420339584
0.06478584704510293,0.10241213050390136,0.2971792708911424,0.2660505425068632,0.29201164516065226,0.47049630037356976,0.5391218252510422,0.40456162896659
0.06478424622816553,0.10241077577992921,0.2971789289956265,0.26605052047568856,0.2920115694332076,0.4704957480362676,0.5391216334040012,0.40456083759359596
0.06478264541122802,0.10240942105595707,0.29717858710011064,0.2660504984445139,0.29201149370576296,0.4704951956989655,0.5391214415569602,0.40456004622060193
0.06478104459429063,0.1024080663319849,0.2971782452045948,0.26605047641333923,0.2920114179783183,0.4704946433616633,0.5391212497099191,0.4045592548476079
0.06477944377735317,0.10240671160801276,0.2971779033090789,0.26605045438216457,0.29201134225087366,0.4704940910243611,0.5391210578628782,0.4045584634746139
0.06477664234771263,0.10240434084106151,0.2971773049919262,0.2660504158276089,0.2920112097278455,0.4704931244340824,0.5391207221305564,0.40455707857187434
0.06477504153077523,0.10240298611708934,0.2971769630964103,0.26605039379643425,0.29201113400040085,0.47049257209678025,0.5391205302835154,0.4045562871988803
0.06477344071383778,0.1024016313931172,0.29717662120089444,0.2660503717652596,0.2920110582729562,0.4704920197594781,0.5391203384364743,0.4045554958258863
0.06477183989690033,0.10240027666914506,0.2971762793053786,0.2660503497340849,0.29201098254551155,0.4704914674221759,0.5391201465894333,0.40455470445289227
0.06477023907996293,0.10239892194517292,0.29717593740986276,0.26605032770291026,0.2920109068180669,0.4704909150848738,0.5391199547423924,0.40455391307989824
0.06476463622068185,0.10239418041127041,0.2971747407755572,0.26605025059379894,0.29201064177201064,0.47048898190431626,0.5391192832777488,0.40455114327441916
0.06476263519951009,0.10239248700630521,0.2971743134061624,0.2660502230548306,0.2920105471127048,0.47048829148268856,0.5391190434689476,0.4045501540581766
0.06289903601827507,0.0998640962058672,0.29614024529331306,0.26482173704852724,0.2925420254690961,0.47006423620677223,0.5390926087483079,0.40239678325338085
0.06475943356563524,0.10238977755836093,0.2971736296151307,0.2660501789924813,0.2920103956578155,0.4704871868080842,0.5391186597748655,0.4045485713121886
0.0647554315232916,0.10238639074843053,0.2971727748763411,0.26605012391454463,0.2920102063392039,0.47048580596482886,0.539118180157263,0.4045465928797035
0.727727858955268,0.3354040887025237,0.036209258671008604,0.5056545379651185,0.12044337147368445,0.2907515974006172,0.5468721858451444,0.4511824653767017
0.07117754745245014,0.10669316665124137,0.2964692529131849,0.2657871439250436,0.28097131891479443,0.4911363956509107,0.5791038797240963,0.4256666584032065
0.8151619240833259,0.158653122253127,0.35953367436962247,0.005161738585141407,0.31879794759316654,0.12819962991454875,0.62928214677757,0.46758498271642013
0.7181793996771176,0.6194557507057288,0.03738516016007626,0.07643959056418184,0.43868587618768834,0.5399647888646443,0.5468006160135555,0.4219708581883827
0.7371633310849046,0.6313072153424628,0.03389028218980189,0.07385097249336359,0.4488553581142678,0.5238898486470267,0.545511160099624,0.42368582983219005
0.6612276054537565,0.5839013567955267,0.04786979407089964,0.08420544477663652,0.40817743040795,0.5881896095174969,0.5506689837553501,0.4168259432569607
0.9150048956795689,0.32697433626201844,0.267626060017801,0.5973411081204636,0.110933000240718,0.5994901857713761,0.4570240438279238,0.3235293127901656
0.7868596042235751,0.37167523998934215,0.024115079680009033,0.49756732115030244,0.13971225210069282,0.26171367258313927,0.5824811230114967,0.4753503073974597
0.7421843153269911,0.11283388633424352,0.3722694991297427,0.015459128897416519,0.26722694410803033,0.21175669142071568,0.6732867040453923,0.47987258548628814
0.0727294357717147,0.10687819930679368,0.29472549681368554,0.2654569451075176,0.2697020701985255,0.5101067155705904,0.6185059640982634,0.4443787887091965
0.07272957805368585,0.10687853354978222,0.2947255993169138,0.26545713959442024,0.26970204967190087,0.5101066371795155,0.6185059326304055,0.44437916943563605
0.959227124864277,0.14906064050552448,0.6445772619107296,0.13714996269559832,0.24423311101836537,0.5379420006649606,0.5380060855160438,0.3742105015386356
0.9542997427374625,0.15479561394203808,0.6344974842391715,0.14059249635316226,0.2458329011118704,0.5270821148143368,0.5456441684793242,0.3852153818257106
0.9541962530114213,0.15481688227532459,0.6344628591697308,0.1405262538729516,0.2459786944761134,0.5267529133866306,0.5455486254013157,0.3852459576918905
0.9541457545638203,0.1548317980899449,0.6344378145846925,0.14050323094419478,0.2460451489760072,0.5266006048342519,0.545503501425802,0.3852596103972931
0.9541246843050835,0.15483844151004608,0.6344266108455221,0.14049448525724703,0.2460724432305661,0.5265378252357221,0.5454848121392456,0.3852651897022817
0.9539491037350674,0.15486246480322083,0.6343895245364544,0.14035737952291372,0.2463322512483722,0.5259571701411535,0.5453187355084387,0.385320432049969
0.9538992823957211,0.15488459398574994,0.634351502695637,0.14034985943909853,0.24639015877730597,0.5258205080677384,0.5452766619791253,0.38533183184462344
0.8263978152772957,0.1994525942212989,0.3910569896688022,0.040986966814904324,0.2742630188037686,0.19009092088825355,0.6713279335980861,0.5369627744052227
0.7210077411694621,0.6210250008906584,0.03612385325442591,0.07642870841674462,0.42780195219245953,0.5589914331605571,0.5856825065091665,0.4410695315860065
0.7366648888510744,0.3392528200583351,0.03150337771448031,0.504264284737643,0.08623401083070042,0.34934969333978144,0.6670897538850675,0.5099719008502233
0.7750646992134158,0.36355242530083554,0.02463111794349132,0.4992129578849369,0.10663163536043022,0.31688415143035414,0.6646893819928708,0.5136537280088309
0.584544603038332,0.3642545513709668,0.232554672864038,0.7851851909106118,0.4361364654862509,0.28946673038332693,0.9089189368054835,0.7185553029656693
0.79422140963991,0.3756425603251825,0.021183238441040808,0.49667470352969084,0.11682458155763797,0.3006829466230597,0.6634713420532057,0.5154694532010354
0.7374423944352557,0.3403268368025933,0.031714870819688046,0.5044909214577177,0.08633960004852803,0.3487815026862355,0.6674111257692669,0.5104252918180107
0.7752374782321227,0.3637910956884484,0.024678116411315232,0.49926332160050907,0.10665509963105854,0.31675788684067724,0.6647607979671373,0.5137544815572281
0.7559079887869219,0.35146229027648856,0.028078997445941833,0.501751212240183,0.09643868916322237,0.33308535623764857,0.6659074219325357,0.5118380028166264
0.736405720323014,0.3388948144769158,0.03143288001274436,0.5041887391642847,0.08619881442475791,0.34953909022429674,0.6669826299236676,0.5098207705276275
0.7749783097040625,0.36343309010702907,0.024607618709579282,0.4991877760271508,0.10661990322511603,0.3169472837251926,0.6646536740057374,0.5136033512346323
0.8086702183519203,0.4099738156915469,0.03377231993524876,0.5090087005637208,0.111195435997645,0.29232568873820086,0.6785797889877108,0.533250293172085
0.7364921098323675,0.33901414967072224,0.031456379246656396,0.5042139210220709,0.08621054656007202,0.34947595792945835,0.667018337910801,0.509871147301826
0.7849131032797128,0.3771566373947715,0.027310030609456193,0.5020836896725497,0.10796909878624636,0.3096870698187719,0.6687600925260629,0.519396680267471
0.5531205822836436,0.33521881882610305,0.23266566115098836,0.7841476214602349,0.42427755607443,0.31463272105767986,0.9050664425722248,0.7095860758372641
0.7760149838163042,0.36486511243270653,0.02488960951652297,0.49948995832058374,0.10676068884888615,0.31618969618713133,0.6650821698513366,0.5142078725250155
0.7943295597992424,0.3901641735196752,0.02987144710586126,0.504828512171232,0.10924790153549166,0.30280564968138196,0.6726522631235888,0.524887748655118
0.543553107395386,0.3363748903142727,0.23872195561766782,0.7894810620297354,0.41538687689709586,0.3238262411379074,0.9102480690836823,0.7133621725811037
0.5332509951323428,0.30777172425061816,0.22726083735123462,0.7783557941694372,0.4215791649521693,0.32915314887052116,0.8968536055315739,0.6979994177715869
0.755735209768215,0.3512236198888757,0.028031998978117867,0.5017008485246108,0.09641522489259408,0.33321162082732547,0.6658360059582692,0.5117372492682293
0.5323007105294545,0.30645903711874717,0.2270023457782029,0.7780787937337903,0.42145011146371336,0.32984760411374403,0.896460817673108,0.6974452732554024
0.5303355124643033,0.31811660566188493,0.23512657282913602,0.7856282377884657,0.4135918601940268,0.3334854822481888,0.9047847470522928,0.7056545261287184
0.0720677993717258,0.105566442752658,0.29320083981313727,0.26521378916998756,0.26210895135050477,0.5221681254092948,0.644570657999564,0.4560155192601708
0.07206659875902272,0.10556542670967889,0.29320058339150035,0.26521377264660656,0.2621088945549213,0.5221677111563182,0.6445705141142832,0.45601492573042524
0.0720645977378509,0.10556373330471369,0.2932001560221056,0.26521374510763823,0.2621087998956155,0.5221670207346905,0.644570274305482,0.4560139365141827
0.07206219651244472,0.1055617012187555,0.2931996431788318,0.26521371206087624,0.2621086863044485,0.5221661922287373,0.6445699865349205,0.45601274945469167
0.07206019549127296,0.1055600078137903,0.293199215809437,0.26521368452190786,0.2621085916451427,0.5221655018071096,0.6445697467261192,0.45601176023844914
0.07205899487856987,0.10555899177081118,0.29319895938780005,0.26521366799852686,0.2621085348495592,0.522165087554133,0.6445696028408384,0.4560111667087036
0.07205779426586678,0.10555797572783207,0.2931987029661631,0.26521365147514586,0.26210847805397575,0.5221646733011563,0.6445694589555577,0.4560105731789581
0.07205579324469502,0.10555628232286687,0.29319827559676837,0.26521362393617753,0.2621083833946699,0.5221639828795286,0.6445692191467565,0.45600958396271557
0.0720537922235232,0.1055545889179017,0.2931978482273735,0.2652135963972092,0.2621082887353641,0.5221632924579009,0.6445689793379552,0.45600859474647304
0.07204979018117963,0.10555120210797131,0.29319699348858386,0.26521354131927255,0.2621080994167525,0.5221619116146455,0.6445684997203527,0.456006616313988
0.07204738895577345,0.10554917002201311,0.2931964806453101,0.26521350827251056,0.26210798582558553,0.5221610831086924,0.6445682119497911,0.45600542925449694
0.07204538793460163,0.10554747661704794,0.29319605327591525,0.26521348073354223,0.2621078911662797,0.5221603926870646,0.6445679721409898,0.4560044400382544
0.07204178609649242,0.1055444284881106,0.2931952840110046,0.26521343116339924,0.26210772077952926,0.5221591499281348,0.6445675404851475,0.45600265944901786
0.0720397850753206,0.1055427350831454,0.29319485664160977,0.2652134036244309,0.2621076261202234,0.5221584595065071,0.6445673006763463,0.4560016702327753
0.07203698364568012,0.10554036431619412,0.293194258324457,0.26521336506987525,0.2621074935971953,0.5221574929162284,0.6445669649440245,0.4560002853300358
0.07203378201180521,0.10553765486824984,0.2931935745334253,0.2652133210075259,0.262107342142306,0.522156388241624,0.6445665812499425,0.45599870258404773
0.07203258139910212,0.1055366388252707,0.2931933181117884,0.26521330448414493,0.2621072853467225,0.5221559739886474,0.6445664373646618,0.4559981090543022
0.0720317809906334,0.10553596146328464,0.2931931471640305,0.2652132934685576,0.2621072474830002,0.5221556978199964,0.6445663414411412,0.4559977133678052
0.07202777894828982,0.10553257465335428,0.29319229242524086,0.26521323839062094,0.26210705816438856,0.522154316976741,0.6445658618235387,0.45599573493532014
0.07202617813135243,0.10553121992938214,0.293191950529725,0.2652132163594463,0.2621069824369439,0.5221537646394389,0.6445656699764977,0.4559949435623261
0.0007294517779606324,0.8044121672247694,0.6465743605239005,0.304422206931226,0.15080519244618587,0.05786361740526835,0.5487783399472672,0.14831259098277286
0.05878346819700969,0.10071670694770157,0.3021226975511202,0.2670220272808407,0.32575576610838297,0.4131210601166439,0.42075432317062184,0.3477585511813261
0.058783067992775384,0.10071636826670854,0.3021226120772412,0.267022021773047,0.32575574717652184,0.41312092203231837,0.4207542752088616,0.3477583533380776
0.047276442701164156,0.8675829726261137,0.6724159688343689,0.3351314283589808,0.13751655898022053,0.06845170480517171,0.5494345965332949,0.2021218125802179
0.0007278509610231798,0.8044108125007973,0.6465740186283847,0.30442218490005135,0.15080511671874122,0.05786306506796618,0.5487781481002262,0.1483117996097788
0.058781867380072295,0.10071535222372943,0.30212235565560436,0.267022005249666,0.3257556903809383,0.41312050777934173,0.42075413132358086,0.34775775980833207
0.05878026656313484,0.10071399749975726,0.3021220137600885,0.26702198321849135,0.3257556146534937,0.4131199554420396,0.42075393947653983,0.34775696843533804
0.0007250495313827487,0.804408441733846,0.646573420311232,0.3044221463454957,0.15080498419571312,0.05786209847768736,0.5487778123679043,0.14831041470703926
0.05877906595043175,0.10071298145677815,0.3021217573384516,0.26702196669511036,0.3257555578579102,0.41311954118906297,0.4207537955912591,0.3477563749055925
0.0587774651334943,0.10071162673280601,0.30212141544293575,0.2670219446639357,0.32575548213046557,0.41311898885176085,0.42075360374421805,0.3477555835325985
0.0587758643165569,0.10071027200883387,0.3021210735474199,0.26702192263276103,0.3257554064030209,0.4131184365144587,0.4207534118971771,0.3477547921596045
0.05877426349961945,0.10070891728486173,0.302120731651904,0.26702190060158637,0.32575533067557627,0.4131178841771565,0.42075322005013605,0.34775400078661045
0.058772662682682,0.10070756256088959,0.30212038975638816,0.2670218785704117,0.3257552549481316,0.4131173318398544,0.420753028203095,0.3477532094136164
0.0587710618657446,0.10070620783691742,0.3021200478608723,0.26702185653923705,0.325755179220687,0.4131167795025522,0.420752836356054,0.3477524180406224
0.05876946104880709,0.10070485311294528,0.3021197059653565,0.2670218345080624,0.3257551034932423,0.4131162271652501,0.42075264450901295,0.3477516266676284
0.058767860231869695,0.10070349838897313,0.30211936406984063,0.2670218124768877,0.3257550277657977,0.4131156748279479,0.420752452661972,0.34775083529463435
0.05876625941493224,0.10070214366500096,0.30211902217432474,0.26702179044571306,0.32575495203835303,0.41311512249064575,0.42075226081493095,0.34775004392164033
0.05876465859799479,0.10070078894102882,0.3021186802788089,0.2670217684145384,0.3257548763109084,0.41311457015334363,0.42075206896788997,0.3477492525486463
0.05876305778105739,0.10069943421705668,0.30211833838329305,0.26702174638336373,0.32575480058346373,0.41311401781604146,0.42075187712084894,0.3477484611756523
0.05876145696411994,0.10069807949308454,0.30211799648777715,0.26702172435218907,0.3257547248560191,0.4131134654787393,0.4207516852738079,0.34774766980265825
0.07021565417510928,0.10399902711688172,0.29280526670129114,0.265188299100901,0.26202133469704564,0.521529071150703,0.6443486909731111,0.4550999007060835
0.07021405335817182,0.10399767239290958,0.29280492480577525,0.26518827706972636,0.262021258969601,0.5215285188134009,0.6443484991260701,0.4550991093330895
0.0702132529497031,0.10399699503092352,0.29280475385801735,0.26518826605413903,0.26202122110587867,0.5215282426447498,0.6443484032025496,0.45509871364659243
0.07021205233700001,0.10399597898794438,0.29280449743638043,0.265188249530758,0.26202116431029515,0.5215278283917731,0.6443482593172688,0.4550981201168469
0.07021125192853134,0.10399530162595833,0.29280432648862253,0.2651882385151707,0.2620211264465728,0.5215275522231221,0.6443481633937483,0.4550977244303499
0.07020925090735952,0.10399360822099313,0.29280389911922766,0.2651882109762023,0.26202103178726704,0.5215268618014944,0.6443479235849471,0.45509673521410743
0.0702084504988908,0.10399293085900704,0.29280372817146977,0.265188199960615,0.2620209939235447,0.5215265856328434,0.6443478276614266,0.45509633952761036
0.07020765009042207,0.10399225349702099,0.2928035572237119,0.26518818894502766,0.2620209560598224,0.5215263094641922,0.644347731737906,0.45509594384111335
0.07020684968195334,0.1039915761350349,0.2928033862759539,0.2651881779294403,0.26202091819610007,0.5215260332955411,0.6443476358143856,0.4550955481546164
0.07020564906925025,0.10399056009205582,0.292803129854317,0.26518816140605933,0.26202086140051656,0.5215256190425646,0.6443474919291048,0.4550949546248708
0.07020404825231286,0.10398920536808365,0.29280278795880116,0.26518813937488467,0.2620207856730719,0.5215250667052624,0.6443473000820638,0.4550941632518768
0.07020324784384407,0.10398852800609756,0.29280261701104326,0.26518812835929734,0.2620207478093496,0.5215247905366114,0.6443472041585433,0.4550937675653798
0.07020204723114098,0.10398751196311848,0.29280236058940634,0.26518811183591634,0.2620206910137661,0.5215243762836347,0.6443470602732625,0.4550931740356343
0.07020084661843795,0.10398649592013934,0.2928021041677695,0.26518809531253534,0.2620206342181826,0.5215239620306581,0.6443469163879818,0.45509258050588874
0.07020004620996922,0.10398581855815328,0.2928019332200115,0.265188084296948,0.2620205963544603,0.521523685862007,0.6443468204644612,0.45509218481939173
0.07019924580150055,0.1039851411961672,0.29280176227225363,0.2651880732813607,0.26202055849073796,0.521523409693356,0.6443467245409408,0.4550917891328947
0.0701976449845631,0.10398378647219506,0.29280142037673773,0.265188051250186,0.2620204827632933,0.5215228573560537,0.6443465326938997,0.4550909977599007
0.07019564396339129,0.10398209306722986,0.2928009930073429,0.2651880237112177,0.26202038810398753,0.5215221669344261,0.6443462928850985,0.4550900085436582
0.07019404314645383,0.10398073834325772,0.29280065111182707,0.26518800168004303,0.2620203123765429,0.521521614597124,0.6443461010380575,0.45508921717066414
0.0701932427379851,0.10398006098127163,0.2928004801640691,0.2651879906644557,0.26202027451282056,0.5215213384284729,0.644346005114537,0.4550888214841671
0.8550135912508969,0.30719058087616496,0.24497827401252514,0.5916464957445794,0.03132455165383108,0.6798102129662681,0.5466294334744526,0.38236726038734664
0.8550497843176892,0.3071749496329743,0.24500504906254714,0.5916582958779657,0.03128295278778964,0.6799169032483751,0.546641793673363,0.3823400585620308
0.8550972988318868,0.3071729646748595,0.2450070630820611,0.591699397584287,0.031207211690502945,0.6800757112407081,0.5467064484259516,0.3823424714900012
0.855125478374335,0.30716704000982015,0.24501674069698873,0.5917172034203759,0.031167690024546113,0.6801651015385466,0.5467323879529126,0.3823341399899767
0.8551519536606957,0.30716147145583633,0.24502583926807991,0.5917339318256034,0.031130565910144847,0.6802490797083743,0.546756756128237,0.3823263097753761
0.8551519958240739,0.3071614309324059,0.24502593076142276,0.591733977919347,0.03113061842767406,0.6802491465982338,0.5467567202211058,0.38232621969540853
0.8552083385091567,0.3071495983655639,0.24504524975215214,0.5917695671789394,0.0310515502667032,0.6804279006968258,0.546808620923923,0.38230959986792945
0.8552356628023108,0.30714385408837136,0.24505463150679774,0.5917868338767398,0.03101322642338583,0.6805145802987626,0.5468337723115125,0.38230152025555947
0.8552436411993392,0.30713417826737077,0.2450716546725839,0.5917808032243066,0.031011118675414395,0.6805318259945672,0.5468201998510387,0.3822827005724933
0.8552393565392975,0.3071428799478017,0.2450562613323467,0.5917887977745048,0.031008280766509466,0.6805259332971813,0.5468370791841541,0.38230044652191364
0.855310656433399,0.3071162566527003,0.2451015502810333,0.5918151187875476,0.03092104934587514,0.6807371784061782,0.5468811893828721,0.3822645385672916
0.8553051423274689,0.30712123422007287,0.2450928094188245,0.5918196713459412,0.030924911449586867,0.6807268885779344,0.5468767814731311,0.38226448540821456
0.8553526669857302,0.3071192416819213,0.24509484403802065,0.5918607744265496,0.0308491734499996,0.6808857116239309,0.5469414442322673,0.3822668942901218
0.8555851917805686,0.3070606446351983,0.2451920847217237,0.5919930520772926,0.030533973952597993,0.6816119011062407,0.5471344926317414,0.3821826388534198
0.8555747580582078,0.30707249579857193,0.2451712441097828,0.592001135394153,0.030537874001749843,0.6815901100854067,0.5471457638839852,0.38220110974082205
0.8556020885938628,0.30706674685674135,0.24518063854115596,0.5920184029376688,0.030499552064709112,0.6816767989511363,0.547170920198681,0.38219302763856694
0.8556710067686752,0.3070404976927073,0.2452253400131411,0.5920429649367236,0.030415798659532867,0.6818802539434763,0.5472127936561054,0.38215785476747005
0.8556655954195891,0.3070453792079348,0.24521677395384595,0.5920474683417114,0.03041962613850857,0.6818701532025295,0.5472084234706892,0.38215775040256217
0.8557265312958102,0.30702880878030003,0.24524444433709028,0.5920780604646275,0.030337979289881023,0.6820563567091942,0.5472638663091463,0.3821413987707095
0.8557211043272233,0.30703370647568445,0.24523584362326026,0.5920825415627444,0.030341782178084087,0.6820462306291365,0.5472595183885136,0.382141337267136
0.7255018057073599,0.626630497013591,0.04060165010776995,0.07551461596150602,0.4977803241336489,0.4395983884717141,0.3735042580238382,0.3399133236436259
0.42172778858951177,0.5614613683615218,0.17376903579662792,0.20149082817730501,0.5898586774550425,0.5186877020559957,0.4678195287369746,0.42855760796425435
0.7273910225064717,0.10633103050622564,0.3801773335014923,0.017129382361945944,0.32702149403519154,0.10833395822626946,0.4623615721936523,0.37685125035451267
0.7739392851833637,0.16950301907204335,0.4060192494852117,0.04783871755653302,0.3137329071014973,0.11892242068361203,0.46301795693103187,0.43066125584492304
0.8688581418138304,0.22875966489372754,0.38854468868608155,0.034895616186854606,0.3645802788706722,0.03854744342687333,0.4565705814378537,0.4392357183774627
0.744570525807563,0.6385999421201594,0.037129929475891665,0.07295115771729924,0.5079614624680979,0.4234597636219559,0.3722503182499989,0.3416778806886378
0.8688565409968928,0.2287583101697554,0.3885443467905657,0.03489559415567994,0.36458020314322753,0.038546891089571156,0.45657038959081264,0.4392349270044687
0.7445083044546947,0.11564874314069132,0.3756467984547648,0.013309733431709658,0.337722664368699,0.09183556756373118,0.4610459467559527,0.37640730822006463
0.7431108630634122,0.11375125172354272,0.3748708247078777,0.01238709697463336,0.3381214659204642,0.09151845970064093,0.461026473075312,0.3747903513335513
0.6496488677474559,0.5793409255315238,0.05460389195786902,0.08589422053242202,0.45711395817589484,0.5038337742884159,0.3786973580108553,0.33310203325335863
0.6789484115164066,0.5634542727163581,0.014758674215238132,0.044805306409052614,0.5110686546898356,0.42900809172260207,0.3728472340496464,0.28610093655420477
0.6756868375312582,0.5590247315779153,0.012947436702594295,0.042651288673308696,0.5119993182248064,0.4282686567870195,0.37280198951327514,0.2823256893392965
0.7444805344601002,0.6384775587974155,0.03710566097706902,0.07292592628937011,0.5079495599460333,0.42352165315786455,0.3722141786070233,0.3416257233252027
0.5365836183761221,0.11100034995975586,0.4918567169218565,0.1269579835548008,0.4803824581202991,0.09076086874999922,0.5489266700551045,0.4747035597099759
0.7929180139361042,0.1813500808558679,0.40252326035451075,0.045250027884397165,0.3239021429138817,0.10284568536976252,0.461727877514217,0.4323736555264998
0.7739336823240828,0.1694982775381408,0.4060180528509062,0.047838640447421726,0.31373264205544105,0.1189204875030545,0.4630172854663883,0.43065848603944396
0.7250554050432625,0.10316218333129298,0.3788823688861212,0.01559082678345397,0.32768595799561046,0.10780367435535604,0.462328517259636,0.37415189511024466
0.7445653231525162,0.6385955392672499,0.037128818315465106,0.07295108611598153,0.5079612163539028,0.423457968525724,0.37224969474711556,0.3416753087264073
0.820907830860173,0.1636877830777786,0.36192631984376716,0.0032649288343981064,0.3782672586237028,0.027639391188359563,0.4558938312801849,0.38380865128013675
0.8688525389545492,0.228754923359825,0.3885434920517761,0.03489553907774323,0.3645800138246159,0.038545510246315806,0.4565699099732101,0.43923294857198364
0.8546573203927393,0.3121977856276947,0.31057923608827614,0.7209298123248771,0.27369300994648654,0.48305163816813657,0.23423516963081903,0.1306201322433368
0.8546572661610142,0.31219782615173736,0.3105791259592063,0.7209298049777269,0.27369299338570896,0.4830515576889355,0.23423512682658365,0.13062015387421322
0.8512352001532724,0.31080592969670984,0.3126150925408203,0.7213511941978712,0.28865469554226936,0.45729117498119426,0.18153694430340483,0.10500142960682707
0.8546574046664993,0.31219772265508167,0.31057940722409705,0.7209298237420314,0.27369303568122,0.483051763229341,0.23423523614675318,0.13062009862988866
0.7389090071154975,0.34504843983209355,0.09381010116080751,0.6346589790937425,0.3176773818852551,0.16508889568749768,0.34926621201971625,0.25610659961518883
0.7578929385232844,0.3568999044688276,0.09031522319053309,0.6320703610229241,0.3278468638118345,0.14901395546988017,0.3479767561057847,0.2578215712589962
0.7389953966248509,0.34516777502589996,0.09383360039471955,0.6346841609515285,0.31768911402056926,0.16502576339265929,0.34930192000684945,0.25615697638938745
0.7199250757077104,0.33319697519535946,0.09730497913108199,0.6372475971645606,0.3075078999586756,0.18116383590511526,0.3505556679336478,0.2543916279713815
0.835681632519413,0.30034219314721516,0.3140818474955392,0.7235249817119775,0.26351831422170896,0.4991496173140895,0.23552804052050275,0.12889774401323695
0.835681429638139,0.3003423447479502,0.31408143550189643,0.7235249542262356,0.26351825226772096,0.49914931624081943,0.2355278803895502,0.12889782493450114
0.8356814358806397,0.30034234008331223,0.3140814481786239,0.7235249550719508,0.26351825417399755,0.49914932550461233,0.23552788531665642,0.12889782244461606
0.8356814374412649,0.3003423389171527,0.31408145134780574,0.7235249552833796,0.26351825465056666,0.49914932782056054,0.23552788654843299,0.12889782182214482
0.8356814343200145,0.3003423412494717,0.314081445009442,0.723524954860522,0.26351825369742843,0.4991493231886641,0.23552788408487985,0.12889782306708736
0.8356815697042492,0.30034224008513505,0.314081719935969,0.7235249732019691,0.2635182950398011,0.4991495240971732,0.2355279909414963,0.12889776906770534
0.720097454522183,0.33343530690197937,0.09735189212502693,0.637297955372339,0.3075313452974428,0.18103743323111288,0.350627035946154,0.25449218367653015
0.7769628592361906,0.368870365618375,0.08684375898029167,0.6295069193020983,0.338028058941867,0.13287574487309867,0.34672296021722615,0.25958672183375364
0.7578925383190502,0.3568995657878345,0.09031513771665417,0.6320703555151305,0.3278468448799733,0.14901381738555464,0.3479767081440245,0.2578213734157477
0.7389086069112631,0.34504810115110046,0.0938100156869286,0.6346589735859487,0.3176773629533939,0.16508875760317215,0.34926616405795596,0.25610640177194033
0.670271449188896,0.0949824222948211,0.8759415247804894,0.5401483331556964,0.733321825185952,0.40779656275794396,0.5534034062379276,0.3783201934144566
0.6702724431773708,0.09498138679124704,0.8759436855181248,0.5401490593366798,0.7333227832611494,0.407798287971401,0.553402205993613,0.3783178589474188
0.06720738025660583,0.09996523239993502,0.2924887592227874,0.2621904325478641,0.27492572035711815,0.5026585064244233,0.6053136119747683,0.43227920142871806
0.07093144630737397,0.10501945828849787,0.2945562593161708,0.2646474432604075,0.273862601528962,0.5035054850446952,0.6053660959983582,0.4365845396919178
0.06813834386826179,0.10122866687742083,0.29300559670564713,0.2628046159137028,0.2746599484468564,0.5028702774914992,0.6053267412785321,0.4333553959630091
0.06069083930390756,0.09112162549270147,0.2888710326331233,0.2578913683115207,0.27678609095315376,0.5011760510611853,0.6052217296982427,0.4247463559602224
0.06860403545942134,0.1018608587089202,0.2932641620161239,0.2631119703646455,0.27452703090744446,0.5029760693155867,0.6053332867492703,0.4338940423925667
0.07228947393717206,0.10688211001525813,0.2953233136409775,0.2655682040421389,0.2734621266020697,0.5038098736114762,0.6053811716146981,0.43817984950512123
0.035050783965921595,0.056343660046773075,0.2746495268947724,0.24099971091536854,0.28409297123878113,0.4953399860149179,0.60485712028987,0.3951311910435941
0.06856547720857686,0.10182803786232641,0.29325586120631053,0.2631112760918815,0.27452523476974156,0.5029628677342479,0.6053286858675008,0.43387469064151774
0.049013035993247245,0.07529073306880218,0.2824006852662194,0.25021041086227863,0.2801067630479212,0.49851689038731606,0.6050534582402581,0.41126870416159383
0.6609534192942671,0.5252602793603238,-0.007533076957274232,0.02012050320968073,0.4577717616770942,0.5358954987562684,0.5966002595105097,0.35555870731064204
0.6893551208697374,0.5638464132369471,0.008244160153021707,0.038907954105903475,0.4496672002159666,0.5423095997315657,0.5969481878534898,0.3884251334066189
0.7019233897173003,0.5809046928614383,0.015221979956000886,0.047201500351361225,0.4460793362230294,0.5451668019200193,0.59712342997832,0.4029553274177207
0.7014576944885156,0.5802724742582126,0.014963407459728684,0.04689411693808801,0.4462122529680973,0.5450610339730937,0.597116912528225,0.4024166590609159
0.6772524677982593,0.547421906186581,0.001525291580093624,0.03092397371558009,0.4531222849035633,0.5395561203943096,0.5967768816109131,0.37443455962510885
0.7009922126826875,0.5796407570194697,0.014704988718298784,0.04658702525516861,0.44634513892322814,0.5449551484395557,0.597110347876343,0.4018785617937704
0.6814419477369096,0.5531084188184574,0.0038513440918817032,0.0336889428739115,0.4519263426839738,0.5405081470482591,0.5968348566624482,0.37927830115568195
0.6949409492069236,0.5714284329158121,0.011345545079710806,0.042594833377217145,0.4480726563399299,0.5435786365035633,0.5970250074018784,0.3948832973208789
0.6972683582360636,0.5745870191095266,0.012637638786860028,0.044130291791813825,0.44740822656427537,0.5441080641712527,0.5970578306612879,0.3975737836566064
0.7019231762943435,0.5809041914969555,0.015221826201158584,0.04720120862100732,0.44607936701296635,0.5451669195066315,0.5971234771801068,0.40295475632806144
0.7009922349230246,0.5796402077954892,0.014704854090277886,0.046586263985162635,0.4463450921832511,0.5449558579948205,0.5971112410897071,0.401878218921053
0.061194483656166976,0.8737672716579921,0.6650179243046908,0.3335901473013579,0.08146916016676017,0.16533465745610104,0.7472081969167794,0.29873622443965364
0.07264673577717345,0.10680842658422354,0.29470790622396814,0.26545599948113136,0.2696981307766403,0.5100780537241292,0.618496004546033,0.4443382158831952
0.06111249639339145,0.8736516619551091,0.6649953652834473,0.33356502602930216,0.08145763628191874,0.16539930867852032,0.7471730165090089,0.29868802394118865
0.06133821158157027,0.8738426780351822,0.6650435725511832,0.3335681324249298,0.0814683138516143,0.16547718823812402,0.7472000669417918,0.2987996075333462
0.061376976787034965,0.8739217101908171,0.6650569003934983,0.3335926588552696,0.0814777930954502,0.1653976239085465,0.747230067479455,0.29882644096097255
0.17226531697443004,0.8447801771167021,0.8730383089325195,0.4150900268811587,0.03368012511004598,0.4747701633165749,0.6347924488027328,0.1818173465270483
0.17209563128942967,0.8446365818182902,0.8730020718989968,0.4150876968807397,0.033672110737162586,0.4747116706443634,0.63477212347711,0.1817334513679918
0.1723183530107512,0.8449635987076344,0.8730646708518472,0.41516257681791685,0.03370518952000634,0.47450800054990494,0.6348745586358588,0.18186687622735823
0.17205040769073515,0.8445983051319014,0.8729924102518114,0.4150870692488172,0.033669958819744106,0.47469601261274785,0.6347666936454208,0.18171110454698258
0.08427474898193421,0.7731503854095717,0.6239598324199152,0.3394704383457562,0.12369950237407507,0.28126135567885807,0.375861733139071,0.9740411750695788
0.060890783247556146,0.8734640326849666,0.6649480127545012,0.33356197471161114,0.08144714803083486,0.16532280996217208,0.7471464456938286,0.29857841878151614
0.11671171772170336,0.9970045291369694,0.43329058775582946,0.1884007657701221,0.3511845625279667,0.5238886859435921,0.7794935028609308,0.22927726650312366
0.1712158971279784,0.8439381578595008,0.8728191061867681,0.41509940435340403,0.033637712572566036,0.4743133483665114,0.6346916995972575,0.1813065584705204
0.1710498669759874,0.8437514251480799,0.8727785976509421,0.4150731264446784,0.03362221299688056,0.4743490018805677,0.6346464472198338,0.18121681088986907
0.07139049468551845,0.10574530694707968,0.2944396037178997,0.26543871051681356,0.2696387036644518,0.509644607026264,0.6183454525805976,0.4437171859261339
0.07085782284958575,0.1052945225453471,0.29432583798499834,0.26543137964344404,0.26961350535724476,0.5094608167889724,0.6182816154777002,0.44345385656237196
0.06961799013153952,0.10424528882891781,0.2940610399079674,0.2654143164986666,0.26955485445136396,0.5090330315484544,0.6181330299444351,0.4428409381784994
0.07280921869632351,0.10694593106739664,0.2947426086188276,0.26545823564535975,0.26970581711227215,0.5101341159602978,0.618515477020696,0.4444185402420888
0.07275211183621177,0.10689598270691997,0.2947298654670293,0.26545599065796993,0.2697033222103369,0.510115378232327,0.6185090008497461,0.4443879568964421
0.07274650897693075,0.10689124117301746,0.29472866883272375,0.2654559135488586,0.2697030571642806,0.5101134450517695,0.6185083293851026,0.44438518709096303
0.6602478247065462,0.5518425942226943,0.018314067691819202,0.04739782399778639,0.5009125765209592,0.44518079564270086,0.37417064688983737,0.2845260379303399
0.6583839055356372,0.549311045865883,0.01727895768090476,0.046166734449472696,0.5014444077142277,0.44475835098359623,0.3741448288323199,0.2823683186916043
0.657916840770499,0.548676812928717,0.017019804223961765,0.04585856207300171,0.5015773687020717,0.44465262043231857,0.3741383413301358,0.2818277317425443
0.6569846677620874,0.5474105373858285,0.01650209546366216,0.045242725568490905,0.501843315088643,0.4444415156893784,0.3741254795031639,0.28074830103351717
0.6588487292149677,0.5499424199856283,0.01753730797780484,0.04647400960370732,0.5013114633687499,0.4448638819574082,0.37415126609282345,0.2829064009986923
0.7257791472417712,0.6268652029417657,0.04066088350589214,0.07551843286251661,0.4977934439134344,0.4396940809093122,0.3735374955236938,0.3400504290148408
0.8198818488174523,0.16215226293891852,0.36123519805584003,0.0023726489334777723,0.3786911005091472,0.027356681359577084,0.45594391389538136,0.3823850145961186
0.8208111050454538,0.16341168650054166,0.3617508054999611,0.002984498456485296,0.37842557491838114,0.0275693931195502,0.45595742081343954,0.3834566404131351
0.7067948156297499,0.6150133996240387,0.04415567600228765,0.07810704542554117,0.4876239430549938,0.4557688830426042,0.37482690347586506,0.338335259527785
0.8311684209411363,0.20529211891042026,0.39559384897251054,0.04007668024508898,0.34425447266102116,0.07079329246835753,0.4591828266890929,0.43594327614755995
0.7804293546927736,0.1364318296925093,0.3674253100678319,0.006602055744664603,0.35873916820871704,0.05925231005790932,0.45846754813195006,0.377287341961295
0.744761878036855,0.6387156515355208,0.037165749113980795,0.07292979826831736,0.5079628690444303,0.42361872643871806,0.37224789572448147,0.3417648071289026
0.8311676205326676,0.2052914415484342,0.3955936780247526,0.040076669229501594,0.3442544347972988,0.07079301629970647,0.45918273076557237,0.4359428804610629
0.8691350831440072,0.2289940321409093,0.38860383661032477,0.034899427580071474,0.3645933797185965,0.038642997780145905,0.456603770975949,0.43937262590542914
0.6878092834050252,0.6031605802633324,0.04765021207704617,0.08069564146518471,0.4774543854009697,0.47184327092291956,0.3761161675427556,0.3366194965109836
0.5653606658219248,0.16382456480784713,0.5217711368253037,0.1608756342880768,0.456671714108129,0.11773217328010199,0.5509189937273252,0.528016712382809
0.8036009591791418,0.15396905265488658,0.3662564224790991,0.006778780160785591,0.3677123798030931,0.044128745923255774,0.45723658660977085,0.3838468499181886
0.8008045112948934,0.15017039314771533,0.36470334744981453,0.0049313678907045855,0.36851020869949447,0.043495392498897945,0.4571979853949262,0.38060874815432705
0.6688233509760664,0.5913074222216332,0.05114466267792578,0.08328423199703461,0.4672848088150845,0.4879175207189094,0.3774053836478859,0.3349035356509337
0.4258001937640446,0.5338560284581255,0.2534453928109015,0.3620745222725298,0.7820680885124252,0.5010703702868146,0.6090696953667234,0.5185439505749093
0.7455422762938565,0.6393760794719433,0.03733242317796093,0.07294053846596621,0.5079997861736969,0.423887990873518,0.3723414211569757,0.34215060146348997
0.05920693367725843,0.10145098987465753,0.30290481325437457,0.2671448803038394,0.3295567082582524,0.4071223217186538,0.4077330793674702,0.34198598661786817
0.7279824800835875,0.10659376977009402,0.38014465127440683,0.016836836762098684,0.3272043790356521,0.1085927533964785,0.46248167455059974,0.3768356571066724
0.7284480330304011,0.1072256541303312,0.3804031212674508,0.017144025688469344,0.3270714828172089,0.10869859973447904,0.46248822346855273,0.37737394473703767
0.7749962245663077,0.17039747557465465,0.40624498599955605,0.047853263639605126,0.31378290614682697,0.11928710138735898,0.46314462393986117,0.43118375986422824
0.6885900818662609,0.6038213468807481,0.04781697161490528,0.0807063871706272,0.4774913214620974,0.47211267344204505,0.3762097409370101,0.33700548868881947
0.6980621073148684,0.5749396448236652,0.010973396260395674,0.04161681440305054,0.5215541276805551,0.4130875595715233,0.3716718426601697,0.287263625025852
0.6985276602616819,0.5755715291839023,0.011231866253439693,0.0419240033294212,0.521421231462112,0.41319340590952375,0.3716783915781227,0.2878019126562173
0.7455414758853878,0.6393754021099572,0.03733225223020298,0.07294052745037888,0.5079997483099745,0.4238877147048669,0.3723413252334552,0.34215020577699296
0.7075736130698136,0.6156724728364891,0.04432200817075188,0.07811776359201533,0.4876607844568156,0.45603759514010195,0.3749202370613183,0.33872026248937825
0.660559326100888,0.5518680941079469,0.018221485468495446,0.0471011367198127,0.5010822589404043,0.4453431874559707,0.37425727117815444,0.28437158116213435
0.7075732128655794,0.615672134155496,0.044321922696872906,0.07811775808422167,0.4876607655249545,0.4560374570557764,0.37492018909955804,0.33872006464612975
0.6415751367708378,0.5400166250332084,0.021716380468119134,0.049689943769739814,0.49091273755533904,0.46141791119818787,0.3755466476624679,0.28265679240151803
0.6885888812535579,0.603820330837769,0.047816715193268355,0.08070637064724623,0.4774912646665139,0.4721122591890684,0.3762095970517293,0.33700489515907395
0.7853982264368249,0.1427786933165612,0.3699181454611116,0.00937814944484,0.35757985286950256,0.06047322674432426,0.4586196638797171,0.38251806829546564
0.7849326023490255,0.14214664183482975,0.36965962421645354,0.009070863275018104,0.35771275935125807,0.060367419601861205,0.4586131306956931,0.3819795903018806
0.8319464179727314,0.20595051476088466,0.3957600101932169,0.04008738739597578,0.34429127619912064,0.07106172839720426,0.4592760643510256,0.43632788342265627
0.6506206182337495,0.5801170628833079,0.05480638565993823,0.08588360128108899,0.4571522818814938,0.5042620015399779,0.37878846091783214,0.33357475402821074
0.7075724124571106,0.61567145679351,0.04432175174911501,0.07811774706863431,0.48766072766123214,0.4560371808871253,0.3749200931760375,0.33871966895963274
0.8699138805840712,0.22965310535335975,0.38877016877878906,0.03491014574654566,0.3646302211204184,0.03891170987764364,0.4566971045614022,0.4397576288670224
0.7390765834791577,0.34528270736679695,0.09385598846820498,0.6347092712079969,0.3177006000416883,0.16496083600158884,0.3493370044910995,0.2562047812013555
0.7606522001675493,0.36071422781772466,0.09106608751528972,0.6328761088707608,0.32822204602769306,0.14699192693881813,0.34911878819116593,0.2594310560711207
0.5423146819806443,0.3229904214821771,0.2914228891161812,0.910739783689319,0.6539491285823489,0.13990310482976864,0.5818503711468673,0.44811130973601093
0.7579741253775913,0.3570148368097245,0.09033761126401857,0.6320954712793926,0.3278583498329536,0.14894902807880978,0.34801184059003465,0.2578693760709642
0.6892541911854002,0.10683350155241764,0.8724448547974117,0.5375593157192001,0.743489001905439,0.3917225800280884,0.5521153121048238,0.38003612155145106
0.6893225579943549,0.10677164136818967,0.872583850166013,0.5376316898428084,0.7435605882849066,0.3918391645180058,0.5520661725455402,0.3798994941646031
0.6893242642012238,0.10677128379943474,0.8725844331713266,0.5376327675379556,0.7435581913290625,0.39184457954095187,0.5520677454368973,0.3798989921010901
0.689254186893681,0.10683350475935627,0.8724448460821617,0.537559315137771,0.743489000594874,0.3917225736592308,0.5521153087174383,0.38003612326324704
0.6892644874218841,0.10682938019481711,0.8724531108433085,0.5375668596966989,0.7434813078573846,0.39175112679755364,0.5521202967549674,0.38002844857842905
0.6892644006746975,0.10682945977526528,0.8724529714872249,0.5375669312098328,0.7434813671920356,0.3917509636283546,0.5521202370738031,0.38002845676730773
0.6892652535830537,0.10682928113665782,0.872453262593734,0.5375674700309778,0.7434801686545425,0.3917536708503341,0.5521210233655096,0.3800282058133601
0.6893296373241584,0.1067693376064256,0.8725881469388208,0.5376361696662938,0.7435530725370783,0.39185995048246713,0.5520711417995711,0.37989590914233295
0.6893302276500171,0.10676939945840189,0.872588015223307,0.5376369227096971,0.7435520512886843,0.39186216472292723,0.5520717472001198,0.37989568368872834
0.6893302299909547,0.10676939770916269,0.8725880199770799,0.5376369230268403,0.7435520520035379,0.3918621681968496,0.5520717490477846,0.37989568275502145
0.68933023155158,0.10676939654300316,0.8725880231462617,0.5376369232382691,0.7435520524801071,0.3918621705127978,0.5520717502795611,0.37989568213255015
0.6893302284303295,0.10676939887532216,0.8725880168078979,0.5376369228154114,0.7435520515269689,0.3918621658809014,0.5520717478160081,0.3798956833774927
0.6893302280401733,0.10676939916686204,0.8725880160156025,0.5376369227625544,0.7435520514078267,0.3918621653019143,0.5520717475080639,0.3798956835331105
0.6893310797780607,0.10676922140287418,0.8725883047452252,0.5376374614251278,0.7435508525129065,0.39186487078693266,0.5520725328759379,0.37989543304601636
0.6893319334667296,0.10676904218118688,0.8725885974363252,0.5376380003519872,0.7435496542136979,0.39186757916688625,0.5520733197835327,0.37989518178083315
0.6893319315159482,0.10676904363888623,0.8725885934748481,0.5376380000877012,0.7435496536179865,0.3918675762719509,0.552073318243812,0.3798951825589222
0.857491137945224,0.306638539662724,0.2458345911311398,0.5932301977988277,0.027810495513549638,0.687749374819359,0.5489314943478808,0.38161031461944356
0.857491180108602,0.30663849913929353,0.24583468262448266,0.5932302438925712,0.027810548031078852,0.6877494417092186,0.5489314584407495,0.381610224539476
0.8575466655936093,0.3066268484179977,0.24585370179345278,0.5932652937495893,0.027732677097036085,0.6879254822169735,0.5489825694644748,0.38159385737774054
0.8575466659837657,0.3066268481264578,0.24585370258574823,0.5932652938024464,0.027732677216178336,0.6879254827959606,0.5489825697724188,0.3815938572221227
0.8575739922277013,0.30662110239156587,0.2458630883018712,0.593282560764533,0.02769435396857245,0.6880121652928326,0.5490077226997292,0.3815857768316636
0.8576128012390414,0.30660314626592167,0.24589393336446425,0.5932921634629371,0.0276508402003533,0.6881237081317939,0.5490224933070418,0.38155891255964225
0.8576400403456339,0.30659748040301776,0.2459031789322084,0.5933095018853003,0.027612576168255965,0.6882102268804798,0.5490475862452436,0.3815508405136796
0.857649277222335,0.30660397017965757,0.24589128859324044,0.5933274735135339,0.027590127742995962,0.6882485873813797,0.5490765826470906,0.38156386778668655
0.85764746022654,0.3066056333520291,0.24588837458575202,0.5933289961162137,0.02759139502545488,0.688245169955674,0.5490752984554206,0.3815640012491031
0.8577086349989976,0.30658877200141715,0.24591655489855008,0.5933594044909687,0.02750968282759625,0.6884318917296819,0.549130328787564,0.3815470815799379
0.8577311467258408,0.3065880374124389,0.2459171179086166,0.5933818749090496,0.027474028803362138,0.6885106347851842,0.5491523313604852,0.3815392573917415
0.8577311678075299,0.30658801715072365,0.245917163655288,0.5933818979559213,0.0274740550621268,0.6885106682301139,0.5491523134069196,0.3815392123517577
0.8577923425799875,0.3065711558001117,0.24594534396808604,0.5934123063306764,0.02739234286426806,0.6886973900041218,0.5492073437390629,0.38152229268259247
0.8577946352009722,0.3065666879845684,0.24595321312070348,0.5934109176362209,0.027394077452393084,0.688703959644557,0.5491898547416681,0.3815040241063958
0.8578565306439565,0.30654983995078233,0.2459813573363253,0.5934419999554483,0.02731119863295911,0.6888930652503689,0.5492461246755977,0.3814873687585865
0.8578808813430745,0.30654681948430046,0.24598595186181837,0.5934616948226528,0.027274884780953024,0.6889741612023417,0.5492692278110642,0.3814795772163959
0.857870360873527,0.30655875022812235,0.24596497189379407,0.5934698496526472,0.027278844164755955,0.6889522070123087,0.5492804393821438,0.38149805629267686
0.857870381955216,0.30655872996640715,0.24596501764046552,0.5934698726995189,0.027278870423520507,0.6889522404572386,0.5492804214285781,0.38149801125269306
0.8579258885219125,0.30654705898339607,0.24598408255610704,0.5935049456034087,0.02720102574824229,0.6891283144099232,0.5493315144987376,0.3814815990509738
0.8579259096036016,0.3065470387216809,0.24598412830277844,0.5935049686502805,0.027201052007006954,0.6891283478548529,0.549331496545172,0.38148155401099
0.7267991574691837,0.13016507716446876,0.8653767663778471,0.5323842201678165,0.7638113329975025,0.3594414229951273,0.5494820783392671,0.3832394010166396
0.7268009415627568,0.13016400760218483,0.8653790290841834,0.53238560950927,0.76381112583337,0.3594456329204561,0.5494822070933448,0.3832373398076084
0.7268008540352577,0.13016408776571275,0.8653788881435092,0.5323856809166896,0.7638111849297364,0.35944546859328297,0.5494821467962923,0.3832373483077226
0.7268008536451014,0.13016408805725266,0.8653788873512136,0.5323856808638323,0.7638111848105942,0.35944546801429594,0.5494821464883481,0.38323734846334045
0.7268008544254139,0.1301640874741729,0.8653788889358045,0.5323856809695466,0.7638111850488787,0.35944546917227005,0.5494821471042364,0.3832373481521048
0.7268017991529887,0.1301638254650988,0.8653793296982379,0.5323861489647015,0.7638099287255842,0.3594483470902803,0.549482997080381,0.383237086986247
0.7268064173161737,0.13016260899409057,0.8653813561241399,0.5323885579164638,0.7638037007249334,0.3594625457197537,0.5494871724986211,0.3832357968154914
0.7268097422024122,0.1301619740201087,0.8653823811940933,0.5323907847141778,0.7637989659096117,0.3594732114384726,0.5494902579842827,0.38323480118857967
0.7268093909219464,0.13016229554884007,0.8653818150545096,0.532391070185284,0.7637992019376504,0.35947255239281894,0.54949001587224,0.38323483565589034
0.7268093905317902,0.13016229584037997,0.8653818142622143,0.5323910701324268,0.763799201818508,0.35947255181383186,0.5494900155642958,0.3832348358115082
0.7268093897514776,0.13016229642345975,0.8653818126776234,0.5323910700267124,0.7637992015802235,0.3594725506558578,0.5494900149484075,0.38323483612274384
0.7268093901416339,0.13016229613191982,0.8653818134699187,0.5323910700795697,0.7637992016993658,0.3594725512348449,0.5494900152563517,0.38323483596712604
0.7268093913121028,0.13016229525730022,0.8653818158468052,0.5323910702381413,0.7637992020567927,0.359472552971806,0.5494900161801841,0.38323483550027254
0.726808543362666,0.13016310922438729,0.8653799764724022,0.5323901477289841,0.7637981502765006,0.35947120822677225,0.5494907306274799,0.3832366389670379
0.7268085449232911,0.1301631080582278,0.8653799796415842,0.5323901479404128,0.7637981507530696,0.35947121054272047,0.5494907318592565,0.3832366383445666
0.7268085441429786,0.13016310864130753,0.8653799780569933,0.5323901478346984,0.7637981505147851,0.35947120938474636,0.5494907312433681,0.38323663865580226
0.723387424813593,0.12877094871950664,0.867416389362518,0.5328120053142836,0.7787585969437624,0.33371370748995066,0.4967934002360546,0.3576176524444692
0.7268094009528978,0.13016292708730126,0.8653802770864569,0.5323906871844154,0.7637969531687148,0.35947392239659637,0.549491520614516,0.3832363861456765
0.7268094005627415,0.1301629273788412,0.8653802762941616,0.5323906871315582,0.7637969530495724,0.3594739218176094,0.5494915203065719,0.3832363863012943
0.7268093986119599,0.13016292883654054,0.8653802723326842,0.5323906868672723,0.763796952453861,0.35947391892267405,0.5494915187668512,0.3832363870793834
0.23266033410181974,0.12997174067313702,0.5490668291050188,0.3839375595651676,0.23807412025543842,0.8056957541741897,0.4193895936261707,0.3246438052209562
0.8014727748496615,0.1848294862278423,0.3974332505036419,0.04419654879767054,0.28649786739919675,0.16724649826491955,0.5934732827809626,0.4964202699078949
0.820454705236277,0.19667925745961115,0.3939379451639726,0.04160790318788399,0.29666725466647037,0.15117086762567428,0.5921835870582297,0.4981342523354597
0.8394382364398295,0.20853038341535213,0.3904429817198193,0.039019279609272095,0.30683671766118864,0.13509578932373123,0.590894083182538,0.49984902613601856
0.839435435010189,0.2085280126484009,0.3904423834026665,0.039019241054716436,0.3068365851381605,0.1350948227334524,0.5908937474502162,0.49984764123327896
0.2326519298128982,0.12996462837228326,0.5490650341535606,0.38393744390150064,0.23807372268635402,0.8056928544033534,0.4193885864292054,0.3246396505127376
0.970015850921019,0.16007750574477733,0.6398870833827977,0.1337409583437428,0.2757957902730012,0.47847344364494765,0.45904033497177565,0.34113690277162
0.23264952858749205,0.129962596286325,0.5490645213102867,0.38393741085473865,0.23807360909518704,0.8056920258974002,0.41938829865864385,0.32463846345324654
0.9700126492871441,0.16007479629683302,0.6398863995917661,0.13374091428139345,0.2757956388181119,0.4784723389703434,0.4590399512776936,0.3411353200256319
0.7824756367021406,0.172966845118338,0.4009253078359105,0.04678498511129775,0.2763277607211989,0.18331688169979432,0.5947611559568057,0.49469876943688684
0.2326431253197423,0.1299571773904364,0.5490631537282233,0.38393732273004,0.23807330618540845,0.8056898165481915,0.4193875312704798,0.32463529796127044
0.06659797181828353,0.10394567804037391,0.29756629661509204,0.2660754817965832,0.2920973686279952,0.4711215461996077,0.5393389961014698,0.40545746319582665
0.06659637100134608,0.10394432331640177,0.29756595471957625,0.26607545976540853,0.29209729290055053,0.47112099386230555,0.5393388042544288,0.4054566718228326
0.06659557059287735,0.10394364595441569,0.2975657837718183,0.26607544874982114,0.2920972550368282,0.4711207176936545,0.5393387083309082,0.4054562761363356
0.0665939697759399,0.10394229123044355,0.2975654418763024,0.2660754267186465,0.29209717930938356,0.47112016535635237,0.5393385164838672,0.4054554847633416
0.06659316936747117,0.10394161386845749,0.2975652709285445,0.26607541570305915,0.29209714144566123,0.47111988918770126,0.5393384205603468,0.4054550890768446
0.06659156855053372,0.10394025914448529,0.29756492903302867,0.2660753936718845,0.2920970657182166,0.4711193368503991,0.5393382287133057,0.40545429770385055
0.06659076814206505,0.10393958178249924,0.2975647580852707,0.26607538265629715,0.29209702785449426,0.471119060681748,0.5393381327897853,0.40545390201735354
0.0665891673251276,0.1039382270585271,0.2975644161897549,0.2660753606251225,0.2920969521270496,0.4711185083444459,0.5393379409427442,0.4054531106443595
0.06658836691665887,0.10393754969654101,0.2975642452419969,0.26607534960953516,0.2920969142633273,0.4711182321757948,0.5393378450192237,0.4054527149578625
0.01390957073007243,0.8099257584061768,0.6390136652853567,0.3028467773277287,0.09471524042743912,0.15458490106905948,0.7464381505979258,0.2445545372594417
0.01390596889196316,0.8099227102772394,0.639012896020446,0.3028467277575857,0.09471507004068866,0.15458365831012966,0.7464377189420836,0.2445527566702051
0.013905568687728853,0.8099223715962464,0.6390128105465671,0.30284672224979203,0.09471505110882747,0.15458352022580407,0.7464376709803233,0.24455255882695662
0.013904768279260071,0.8099216942342604,0.6390126395988092,0.3028467112342047,0.09471501324510515,0.154583244057153,0.7464375750568027,0.2445521631404596
0.013564194475820024,0.8096334767091856,0.6389399013278106,0.3028420241017949,0.09469890223125602,0.15446573429611982,0.746396759598827,0.24438379853598072
0.013560192433476448,0.8096300898992552,0.638939046589021,0.30284196902385824,0.09469871291264445,0.1544643534528644,0.7463962799812245,0.24438182010349568
0.013559792229242085,0.8096297512182622,0.6389389611151419,0.30284196351606457,0.09469869398078326,0.15446421536853888,0.7463962320194644,0.2443816222602472
0.013558991820773358,0.8096290738562762,0.638938790167384,0.30284195250047724,0.09469865611706094,0.15446393919988777,0.7463961360959438,0.24438122657375014
0.0698016838751106,0.10440074340472189,0.29410027241841197,0.2654168445759593,0.26956354417563744,0.5090964122538766,0.6181550443923913,0.44293174822956377
0.173152717655633,0.8455319998508758,0.87322658435997,0.4151019927632772,0.033721532834337764,0.4750738668138717,0.6348980459318433,0.1822569203184401
0.2281754502851755,0.9683973097754085,0.6413983285864484,0.26992977319030276,0.30342113362203776,0.8333640959540076,0.6671493105059105,0.11256134930742823
0.11618064670270811,0.9965550994592091,0.433177163918444,0.18839345692792725,0.3511594399482043,0.5237054480436025,0.7794298576050744,0.2290147285123558
0.07360722593963664,0.10762126096751287,0.29491304353348213,0.2654692181859299,0.2697435672434298,0.5104094561054213,0.6186111127706413,0.44481303967961044
0.07274050591341535,0.1068861609581219,0.2947273867245393,0.26545583093195363,0.26970277318636315,0.5101113737868864,0.6185076099586988,0.44438221944223544
0.07266166567924648,0.10681944080249356,0.29471054837038335,0.2654547458966014,0.2696990436097142,0.5100841711747554,0.6184981614919288,0.4443432443222797
0.07260671535373747,0.10677455848491979,0.2946993588360718,0.26545544870176474,0.269696237590524,0.5100642452915753,0.6184912083700077,0.4443184315583446
0.061024451461832274,0.8735771521366409,0.6649765610300752,0.3335638143146956,0.08145347127246305,0.1653689301269019,0.7471624649217532,0.29864449842651725
0.060441353892370264,0.8730836939297857,0.6648520255884244,0.3335557894593242,0.08142588755074959,0.16516774126459244,0.7470925846370639,0.29835624081344353
0.13272763044995545,0.7845322857967776,0.8431605013065986,0.3835401660356037,0.017052835239835862,0.5157584046093809,0.7395522267657516,0.17932727236277474
0.06819634762400623,0.8766383271123124,0.660974624635355,0.33272554633456175,0.051545571200495965,0.21700278197310388,0.8525981081862053,0.3500439818267588
0.06117412784548282,0.8737038188280368,0.6650085282608078,0.3335658742295267,0.08146055178853776,0.16542057366465324,0.7471804026200879,0.2987184918014586
0.3525993731917823,0.5587885317176461,0.992876746325003,0.23190664980693387,0.16005039246436245,0.44835861318249387,0.7515221473516305,0.21015701492886069
0.3567460145514263,0.5645160101693906,0.9940053201424954,0.23311540813955361,0.1606135923462996,0.4453285117201657,0.7532363324341933,0.21257478619789838
0.17237220547299315,0.8448716570440968,0.8730596789457135,0.41509123713132723,0.033684580915524176,0.4748044333148509,0.6348044305796604,0.18187117142425496
0.17237180496530274,0.8448713165488918,0.8730595921747817,0.41509122985550173,0.03368455773824652,0.47480427686991983,0.6348043791309919,0.1818709767882364
0.07275479092045056,0.10689987045234356,0.2947309841712885,0.2654574865854212,0.2697032423791541,0.5101153364920246,0.6185089542213015,0.444391633560292
0.17219411458870315,0.8447209440021952,0.8730216430695743,0.4150887861631458,0.033676156237306965,0.4747429857899863,0.6347830875963476,0.18178313117866968
0.1721937148613253,0.8447206029239105,0.8730215578832337,0.41508877899303476,0.03367613329831387,0.47474283050302934,0.6347830367635674,0.18178293623141545
0.17218250827575038,0.8447111225449371,0.873019163534789,0.4150886263842723,0.03367560709419093,0.4747389807655587,0.634781696397356,0.18177739388008082
0.013740684543172677,0.8097828350271151,0.6389775953084338,0.3028444530388016,0.0947072511820286,0.1545266294836823,0.7464179107350989,0.24447104740857203
0.17236900735052502,0.8448689449722937,0.8730590022853411,0.41509119354469265,0.03368443053291542,0.4748033338511302,0.6348040496570756,0.18186958727770663
0.07319621619094929,0.10727343558766364,0.29482526185978597,0.2654635616818348,0.26972412422201614,0.5102676435030934,0.6185618560428611,0.4446098546633944
0.1724174547786479,0.8449099063573866,0.8730693900730755,0.415091861338269,0.03368672407209433,0.4748200578541512,0.6348098677118622,0.18189352033655465
0.12585285447897626,0.7817241992838886,0.8472240201196373,0.38438239751473574,0.04697452441702632,0.46422589416493704,0.6341515005004392,0.12807559379179312
0.061322603616430216,0.8738294694764536,0.6650402390699035,0.3335679176209768,0.081467575509029,0.16547180294942804,0.747198196433142,0.2987918916466545
0.061090084956267277,0.8736326958194992,0.6649905787462254,0.33356471759285683,0.08145657609769369,0.16539157595629023,0.7471703306504347,0.2986769447192723
0.046717143658824734,0.8679079278127918,0.6736849844094814,0.3353819666792925,0.14505953904651347,0.05587596278902002,0.5232488880805217,0.18988948563701163
0.04662315026901842,0.8677821576801178,0.6736598611718692,0.3353566801734268,0.14504744720583723,0.0559364714816733,0.5232122688199436,0.18983534984109146
0.058112566778552144,0.10090099003801187,0.30336282903794604,0.2672470367523654,0.33328582133210854,0.40059975108282175,0.39452988513981946,0.33546338333926534
0.05811176637008342,0.10090031267602578,0.3033626580901881,0.26724702573677805,0.3332857834683862,0.4005994749141707,0.3945297892162989,0.33546298765276833
0.10590071066705325,0.9928945035810376,0.43950056583342434,0.18970627948462077,0.3960159029879746,0.44606248568610085,0.6214141003944482,0.15187409157331264
0.23027071414033043,0.5831701747384817,0.7909379695387365,0.15167586473402547,0.25264626220725145,0.06108565235292429,0.7057695919518338,0.24948032760385108
0.10589350699083477,0.9928884073231629,0.43949902730360296,0.18970618034433476,0.39601556221447365,0.44606000016824116,0.6214132370827636,0.15187053039483953
0.10588990515272556,0.9928853591942255,0.43949825803869225,0.18970613077419177,0.3960153918277232,0.4460587574093113,0.6214128054269215,0.15186874980560297
0.23034629813535623,0.5832803655454761,0.7909591609779164,0.15170089788138258,0.2526574831823143,0.06101879178129632,0.7058040049714402,0.24952536261033997
0.10588150086380399,0.9928782468933717,0.439496463087234,0.18970601511052476,0.39601499425863884,0.446055857638475,0.6214117982299561,0.15186459509738434
0.34132866389597766,0.5542188769736038,0.9989598163996749,0.23319933925226416,0.20486374708904842,0.37042153671083744,0.5933770534533801,0.13256343019873812
0.34132506244802474,0.5542158285531266,0.9989590479270596,0.23319928973497836,0.2048635768214402,0.37042029453089476,0.5933766221054819,0.13256164945388377
0.06123956016366394,0.10166715420951353,0.30057212944742917,0.26670446505610895,0.31452926393985503,0.43240323413664006,0.46026472169334365,0.36691799011213144
0.23031067995849822,0.5832502229370957,0.7909515538026887,0.1517004076877463,0.25265579824667084,0.06100650227632343,0.7057997363747777,0.24950775456122293
0.06122315179005522,0.101653268288799,0.30056862501839166,0.26670423923656866,0.3145284877335474,0.43239757267929296,0.4602627552611732,0.36690987853894264
0.21691821355843288,0.9639096563699392,0.6475129993275208,0.27122914545057775,0.3482313644611383,0.7553839287786058,0.5090164291370247,0.034937579933621676
0.21690780824833958,0.9639008506641203,0.6475107770066678,0.27122900224794244,0.34823087223274807,0.7553803385861418,0.5090151821312581,0.03493243600916052
0.2188320949014058,0.13587616244365594,0.5344329357208835,0.3789369903133559,0.25345752858713283,0.752322925859352,0.34852695327429384,0.3038041810081421
0.21690100477635543,0.9638950930872386,0.6475093239507255,0.27122890861545007,0.3482305503911083,0.7553779911526077,0.5090143667813338,0.03492907267393597
0.23019347472309903,0.5831048093068254,0.7909214730800964,0.15167480172984793,0.25264260835804714,0.06105900207809539,0.7057603353321048,0.24944214385688934
0.10580786328468184,0.9928159295906529,0.4394807358935046,0.1897050016764902,0.39601151079618496,0.4460304501225759,0.6214029732660695,0.15182819193965919
0.2188048814036256,0.13585313184458955,0.5344271242894093,0.37893661583624383,0.25345624133971606,0.7523135367042024,0.34852369218254076,0.30379072751162584
0.06108668214613855,0.1015377780701733,0.30053947842566486,0.26670236107892853,0.31452203196889106,0.4323504859242844,0.46024640030092684,0.366842413991202
0.06105386539892105,0.10151000622874426,0.3005324695675898,0.2667019094398479,0.31452047955627577,0.43233916300959024,0.46024246743658603,0.3668261908448245
0.6626275198655466,0.5850860629091709,0.04816878169951627,0.08422471103888038,0.40824365405829577,0.5886726284882302,0.5508367539927167,0.41751799894023583
0.7195793140889077,0.6206404568193731,0.037684147788692945,0.0764588568264257,0.43875209983803415,0.5404478078353776,0.546968386250922,0.42266291387165783
0.8439533196045286,0.2109195147867477,0.38912240623279487,0.03842849715376717,0.2953826483759226,0.15547235534545656,0.6313243574259101,0.5202711283346814
0.8414931096100304,0.30554933076982016,0.2451154858679982,0.5886057895110448,0.06883751282753023,0.6088085008656051,0.43744807270369396,0.3335674684593065
0.7657120705567152,0.3588170742971134,0.029013236668893327,0.5001759698138373,0.14045813999073278,0.25899132656956325,0.5449683529135981,0.4548652799917976
0.7467177338388349,0.3469568039545604,0.03250589231831469,0.5027644446820201,0.13028816583576316,0.2750626765947168,0.5462565618217631,0.4531451644235291
0.07056600264372109,0.10617542114834347,0.29633858415396874,0.26577846735534677,0.28094238388184234,0.4909256176959443,0.5790308463402168,0.42536415657426424
0.759387239723753,0.12400242894482646,0.37025961320636797,0.01289580687005959,0.2883298947105003,0.1770164735871193,0.633240873562433,0.4630066395138127
0.7485219526954527,0.3476593694783076,0.031025857756394992,0.5027394680905914,0.11935579520781997,0.2937359631015768,0.5850157181728856,0.47173755694822517
0.0684565974434278,0.10326243658712378,0.2938129947112134,0.26539833288144765,0.2694999141902709,0.5086323108357419,0.6179938449161796,0.44226679707133404
0.1751552586379485,0.07261692585818705,0.5115079893324112,0.3498899427919154,0.2708231503623843,0.7379216769764503,0.32401411234030986,0.23701771391757548
0.22143327838136245,0.13604158149008888,0.5369044093542225,0.38081740693617966,0.2577080858036745,0.7479978306206674,0.32452941302459554,0.2908968824308787
0.22193940272496165,0.1359133845501902,0.537117258271249,0.3810857011255814,0.25701910661924465,0.7495558329233203,0.32500971689563163,0.29077559710571166
0.2216804561853325,0.13598845170522728,0.5369913814262564,0.3809647369119049,0.2573613375347421,0.748772220533152,0.3247778617799435,0.2908460016172132
0.22151347112410344,0.13603051349453302,0.5369216048093435,0.3808737245413059,0.25758858349707414,0.7482552518575725,0.3246262535802331,0.29089317479027943
0.221346027205738,0.13606877749261026,0.5368586641632779,0.380774441385267,0.2578204953167792,0.7477296811871339,0.32447293789728127,0.2909415702231023
0.22085452877616588,0.1361621986295088,0.536707846816145,0.38044428841850314,0.25852073994734404,0.7461522980539486,0.32401667724431316,0.291088901067994
0.22104303576351944,0.13597058978170073,0.5370460966019908,0.3802710401472965,0.25841737926612685,0.74649401837614,0.3240759775793043,0.29100970846162905
0.22073447551154896,0.13619200860370775,0.5366584537245632,0.38037797373266113,0.25868456181549143,0.7457798359874144,0.3239075372118356,0.29112293614876644
0.2206289294569054,0.13621154479440067,0.5366270101858948,0.38030599874875687,0.2588354773170158,0.7454401392049683,0.3238093849327639,0.29115472116833824
0.8397359883901931,0.20878236207417183,0.39050657428576857,0.03902337740775963,0.3068508029658934,0.13519852406193178,0.5909297667321665,0.49999622151290724
0.9514421914275175,0.14841373266023955,0.6435849653311707,0.13639678680706133,0.2656137884277282,0.49491171540266854,0.4603619548269425,0.339442335428205
0.8207504561654686,0.19692954271346563,0.39400111036052715,0.04161197344740325,0.2966812453118693,0.15127291194224718,0.592219030799057,0.49828045849610586
0.23295008196749614,0.13021694571209597,0.5491287121933889,0.38394154720778184,0.2380878269229199,0.8057957272258796,0.4194243179405942,0.32478704373287476
0.8017629229195724,0.18507502994779423,0.39749521906589097,0.044200541948078376,0.2865115929985394,0.16734660940093488,0.5935080550571463,0.49656370626306195
0.7827757898779104,0.17322085586311592,0.40098941324513365,0.046789115956547306,0.27634195961707064,0.1834204449439481,0.5947971272769957,0.4948471518732666
0.839692366128648,0.2087454458459308,0.3904972576329615,0.039022777058250024,0.3068487393930267,0.13518347287044813,0.5909245389002988,0.49997465659882
0.9685241369324854,0.16203569596976955,0.6362439848146535,0.13256367554012288,0.2743238528048857,0.47550485314913044,0.4607993173543943,0.3449927201656297
0.23290539951079098,0.1301780769852144,0.5491194010106658,0.38394138678588674,0.23808441117603013,0.8057828577409077,0.4194196971966285,0.32476422999286536
0.8396863630651326,0.20874036563103524,0.39049597552477705,0.03902269444134504,0.3068484554151093,0.13518140160556502,0.590923819473895,0.4999716889500925
0.8397711517575486,0.20885834610086954,0.3905191328631732,0.03904785426795643,0.3068601118229788,0.1351177169734244,0.5909593356139873,0.5000212743512971
0.23290139746844737,0.13017469017528402,0.5491185462718762,0.3839413317079501,0.2380842218574185,0.8057814768976523,0.419419217579026,0.3247622515603803
0.9211247562714541,0.14779929722222535,0.6231215831675481,0.13135173974713577,0.24576841287882206,0.4912823015540953,0.4728847296530649,0.36186419958714333
0.8017120969818087,0.18503201746167852,0.3974843638832625,0.044199842458282845,0.2865091886521718,0.16732907269159147,0.593501963913594,0.4965385801705017
0.9702587748912754,0.16028308510755093,0.639938966027329,0.1337443015744981,0.27580728191272674,0.4785572608305495,0.4590694477602495,0.3412569936234633
0.2328933933837602,0.13016791655542329,0.5491168367942969,0.3839412215520767,0.23808384322019527,0.8057787152111415,0.4194182583438209,0.3247582946954101
0.7827213621020375,0.17317479524806284,0.40097778879759455,0.04678836689660873,0.2763393848839526,0.18340166547567488,0.5947906044776012,0.4948202451914697
0.24413963753589904,0.11888985862072779,0.5730491544631473,0.3915595878672342,0.2477959550204122,0.8253739155449353,0.40815168036781063,0.30060084519864183
0.839751541750065,0.2088417507322107,0.39051494464310393,0.03904758438606676,0.3068591841617818,0.135110950841473,0.5909569854877349,0.5000115800321202
0.8396647520364771,0.2087220768574112,0.390491359935313,0.0390223970204871,0.3068474330946065,0.13517394505198593,0.5909212295388414,0.4999610054146731
0.07176804640019041,0.1053127706888731,0.2931368198777931,0.26520966383253164,0.26209477138649423,0.5220647002494665,0.6445347346411342,0.45586733466703955
0.07176404435784678,0.10530938387894276,0.2931359651390035,0.265209608754595,0.2620945820678826,0.5220633194062112,0.6445342550235317,0.4558653562345545
0.07176324394937811,0.10530870651695667,0.2931357941912455,0.26520959773900765,0.2620945442041603,0.5220630432375601,0.6445341591000112,0.4558649605480575
0.07176044251973757,0.10530633575000539,0.29313519587409276,0.265209559184452,0.2620944116811321,0.5220620766472813,0.6445338233676894,0.45586357564531793
0.07175403925198781,0.10530091685411683,0.2931338282920294,0.26520947105975334,0.26209410877135353,0.5220598672980727,0.6445330559795254,0.4558604101533418
0.07175083761811296,0.10529820740617254,0.29313314450099764,0.265209426997404,0.26209395731646423,0.5220587626234684,0.6445326722854433,0.4558588274073538
0.07174803618847242,0.10529583663922126,0.2931325461838449,0.26520938844284836,0.2620938247934361,0.5220577960331896,0.6445323365531216,0.45585744250461424
0.07174683557576933,0.10529482059624215,0.293132289762208,0.26520937191946736,0.2620937679978526,0.522057381780213,0.6445321926678408,0.45585684897486867
0.07174563496306624,0.10529380455326304,0.29313203334057114,0.26520935539608637,0.26209371120226915,0.5220569675272364,0.64453204878256,0.4558562554451232
0.07174443435036315,0.10529278851028392,0.2931317769189342,0.26520933887270537,0.26209365440668564,0.5220565532742598,0.6445319048972793,0.45585566191537763
0.07174323373766006,0.10529177246730484,0.29313152049729735,0.2652093223493244,0.2620935976111022,0.5220561390212832,0.6445317610119985,0.45585506838563217
0.07174083251225394,0.10528974038134659,0.29313100765402356,0.2652092893025624,0.2620934840199352,0.5220553105153299,0.644531473241437,0.45585388132614113
0.07174003210378521,0.1052890630193605,0.2931308367062656,0.26520927828697505,0.2620934461562129,0.5220550343466789,0.6445313773179165,0.4558534856396441
0.07173683046991036,0.10528635357141622,0.2931301529152339,0.2652092342246257,0.2620932947013236,0.5220539296720745,0.6445309936238345,0.45585190289365607
0.07173603006144158,0.10528567620943013,0.29312998196747597,0.2652092232090384,0.26209325683760126,0.5220536535034235,0.6445308977003139,0.45585150720715906
0.07173242822333237,0.1052826280804928,0.2931292127025653,0.2652091736388954,0.2620930864508508,0.5220524107444936,0.6445304660444717,0.45584972661792245
0.07172922658945752,0.10527991863254851,0.29312852891153357,0.2652091295765461,0.2620929349959615,0.5220513060698894,0.6445300823503897,0.4558481438719344
0.07172522454711389,0.10527653182261815,0.29312767417274393,0.2652090744986094,0.26209274567734986,0.522049925226634,0.6445296027327871,0.45584616543944934
0.07172082230053595,0.10527280633169475,0.2931267339600753,0.26520901391287904,0.2620925374268771,0.522048406299053,0.6445290751534243,0.4558439891637158
0.07171802087089546,0.10527043556474347,0.2931261356429226,0.2652089753583234,0.26209240490384894,0.5220474397087742,0.6445287394211026,0.4558426042609762
0.650574594746798,0.5800781145691085,0.054796556163857424,0.08588296788481739,0.45715010471746015,0.504246121842541,0.37878294531540296,0.33355200205463253
0.6695585261545851,0.5919295792058427,0.051301678193583,0.08329434981399919,0.4673195866440396,0.4881711816249235,0.3774934894014714,0.3352669736984399
0.8228540414734139,0.16581028411310555,0.3626599533059448,0.00389298822931633,0.37804952710852213,0.028201521384863593,0.45602865530364056,0.38538658377266855
0.8698678570971198,0.22961415703916044,0.38876033928270814,0.03490951235027406,0.3646280439563847,0.03889583018020676,0.4566915889589731,0.43973487689344415
0.726509920173712,0.6274836344350517,0.0408169588088807,0.07552849009375084,0.49782801349191674,0.4399462228877454,0.3736250736979166,0.3404116907866134
0.6505741945425638,0.5800777758881155,0.05479647068997845,0.08588296237702372,0.457150085785599,0.5042459837582155,0.37878289735364273,0.33355180421138403
0.7659018470458185,0.13025555152191035,0.37314450174288916,0.011658836933977346,0.3475410623969227,0.07642620395339067,0.45989697508367494,0.38024147099799804
0.8129156626695242,0.19405942444796526,0.3992448877196525,0.04267536105493508,0.3341195792447852,0.08712051274873378,0.46055990873900743,0.43458976411877365
0.7454934513772646,0.6393347603907927,0.0373219953647273,0.07293986651513892,0.5079974764866351,0.4238711445858023,0.37233556982222477,0.3421264645871722
0.6980135403205396,0.5748983301805191,0.010962951417812838,0.041615953473114364,0.5215518574519791,0.4130709297592079,0.37166607075503694,0.2872393052663432
0.698944788496138,0.5761624331439821,0.01147999390712895,0.04223052581275827,0.5212860444884682,0.4132825440441341,0.371679137123085,0.28831626125351334
0.7454930511730302,0.6393344217097998,0.037321909890848326,0.07293986100734526,0.5079974575547739,0.42387100650147674,0.37233552186046454,0.3421262667439237
0.7659010466373498,0.1302548741599243,0.3731443307951312,0.011658825918390014,0.34754102453320035,0.07642592778473956,0.4598968791601544,0.38024107531150103
0.8129148622610556,0.1940587470859792,0.3992447167718946,0.04267535003934769,0.3341195413810629,0.08712023658008272,0.4605598128154869,0.4345893684322767
0.6794945748740543,0.5636785739065189,0.014716282188215635,0.044512041185069795,0.5112494106532972,0.4292513225595627,0.37296193246161413,0.2860627966560635
0.6790288796452695,0.5630463553032932,0.014457709691943432,0.04420465777179655,0.5113823273983651,0.429145554612637,0.3729554150115191,0.28552412829925866
0.6794944325920831,0.5636782396635305,0.014716179684987396,0.04451184669816716,0.5112494311799218,0.42925140095063746,0.372961963929472,0.2860624159296239
0.7265083193567745,0.6274822797110796,0.040816616913364856,0.07552846806257618,0.4978279377644721,0.4399456705504432,0.37362488185087556,0.34041089941361935
0.765434764423053,0.12962247955919529,0.37288574110594347,0.011351723219883314,0.3476738726246089,0.0763197660825507,0.45989021858475204,0.3797025823578585
0.7659002462288811,0.1302541967979382,0.3731441598473733,0.011658814902802683,0.347540986669478,0.07642565161608855,0.45989678323663397,0.380240679625004
0.060442632991772105,0.10061671479455955,0.29971021536348713,0.26657637601816847,0.3107106686268335,0.4382731790544402,0.47324123290810777,0.3725057765615132
0.06043983156213156,0.1006143440276083,0.2997096170463344,0.2665763374636128,0.3107105361038054,0.4382722124641614,0.473240897175786,0.37250439165877364
0.060438230745194166,0.10061298930363613,0.2997092751508185,0.26657631543243815,0.31071046037636074,0.4382716601268593,0.47324070532874496,0.3725036002857796
0.06043662992825671,0.10061163457966402,0.2997089332553027,0.2665762934012635,0.3107103846489161,0.43827110778955713,0.473240513481704,0.3725028089127856
0.0604346289070849,0.10060994117469885,0.29970850588590786,0.26657626586229516,0.31071028998961026,0.43827041736792943,0.4732402736729027,0.37250181969654306
0.060433028090147445,0.10060858645072665,0.299708163990392,0.2665762438311205,0.3107102142621656,0.43826986503062726,0.4732400818258617,0.37250102832354903
0.06043142727320999,0.10060723172675451,0.2997078220948761,0.26657622179994583,0.31071013853472096,0.43826931269332514,0.47323988997882066,0.372500236950555
0.060429826456272595,0.10060587700278237,0.2997074801993603,0.26657619976877117,0.3107100628072763,0.43826876035602297,0.4732396981317797,0.372499445577561
0.06042822563933514,0.10060452227881023,0.29970713830384443,0.2665761777375965,0.31070998707983166,0.4382682080187208,0.47323950628473865,0.37249865420456696
0.06042662482239769,0.10060316755483809,0.2997067964083286,0.26657615570642185,0.310709911352387,0.4382676556814187,0.4732393144376976,0.37249786283157293
0.06042502400546029,0.10060181283086592,0.29970645451281275,0.2665761336752472,0.31070983562494237,0.4382671033441165,0.47323912259065665,0.3724970714585789
0.06042342318852284,0.1006004581068938,0.29970611261729685,0.2665761116440725,0.3107097598974977,0.4382665510068144,0.4732389307436156,0.3724962800855849
0.06042182237158539,0.1005991033829216,0.299705770721781,0.26657608961289786,0.31070968417005307,0.4382659986695122,0.4732387388965746,0.37249548871259086
0.06042022155464799,0.10059774865894947,0.29970542882626516,0.2665760675817232,0.3107096084426084,0.43826544633221004,0.4732385470495336,0.37249469733959684
0.06041862073771048,0.10059639393497732,0.29970508693074926,0.26657604555054853,0.31070953271516377,0.43826489399490787,0.4732383552024926,0.3724939059666028
0.06041701992077303,0.10059503921100518,0.2997047450352334,0.2665760235193739,0.3107094569877191,0.43826434165760575,0.47323816335545155,0.3724931145936088
0.06041541910383563,0.10059368448703304,0.2997044031397176,0.2665760014881992,0.3107093812602745,0.4382637893203036,0.47323797150841057,0.37249232322061476
0.06041381828689818,0.10059232976306087,0.29970406124420174,0.26657597945702455,0.3107093055328298,0.43826323698300146,0.47323777966136954,0.37249153184762074
0.06041181726572642,0.10059063635809568,0.2997036338748069,0.2665759519180562,0.310709210873524,0.43826254656137376,0.4732375398525683,0.3724905426313782
0.06041021644878897,0.10058928163412356,0.299703291979291,0.26657592988688156,0.31070913514607934,0.4382619942240716,0.47323734800552725,0.3724897512583842
0.08092027365525778,0.11042586477590957,0.29024954382711193,0.2645157714362088,0.2360614481410056,0.5682369225284856,0.7371356896158918,0.5022640541037325
0.9264005006513537,0.1154791834306643,0.581640126042265,0.09353038419724247,0.22259656837449684,0.5449617138255887,0.6682561257836268,0.40970481231695727
0.9712518948280497,0.18069209930055669,0.6038929339031026,0.12552095098586358,0.20978470546454642,0.551882065680734,0.671701115511954,0.4674257094484368
0.9711508994465268,0.18071228830179692,0.6038601610973398,0.12545514358688256,0.20992757012479007,0.551559758799519,0.67160768830672,0.46745570659445723
0.9711408850832259,0.1807154456642871,0.6038548629029354,0.12545097830029295,0.20994058172245977,0.5515299865577702,0.6715988186981349,0.46745834413287324
0.9710882369470509,0.18072388290480035,0.6038415003050475,0.1254124039772257,0.21001717251029722,0.55135807410539,0.671549414159587,0.4674745784185709
0.9727520843282278,0.17870529459280562,0.6073915800373679,0.12414207597152438,0.20957083902767906,0.5549499206413298,0.6687354061785631,0.46356897744426284
0.9710712581258786,0.1807297920012204,0.6038314741785513,0.12540649547512808,0.2100385928658345,0.5513085048573467,0.6715345372771786,0.467478919175961
0.9710693607832313,0.1807309363605324,0.6038295064797073,0.12540682124942976,0.2100405189710978,0.5513039060995568,0.6715330450638037,0.46747925743494667
0.9710670571843351,0.18073122919356144,0.6038290381172645,0.12540498264589395,0.21004391840653563,0.5512961947089223,0.6715308482051028,0.46748000011525137
0.9710652630598107,0.18073166721738418,0.603828313378981,0.1254039763053089,0.2100463743396038,0.5512906147798162,0.671529214708749,0.4674805108344965
0.971102748137152,0.18072084543374362,0.6038464756958909,0.12542157243596314,0.209996817571421,0.5514041859541141,0.671562803380722,0.4674702951708609
0.9710865079951261,0.18072727412722728,0.6038354699084216,0.1254175195627846,0.2100164729771981,0.5513581454768066,0.6715488194029622,0.4674742415954755
0.9710864204676268,0.1807273542907552,0.6038353289677474,0.12541759097020402,0.21001653207356452,0.5513579811496335,0.6715487591059095,0.46747425009558985
0.9710621344247379,0.18073151974225793,0.6038286861137236,0.12540035363884502,0.21005159817859503,0.5512792120282342,0.6715260655721795,0.46748165588083757
0.8540554887975268,0.2152601780427562,0.3831892231806357,0.03746362849282964,0.2508147499558757,0.23231293380053084,0.7887261245142667,0.5968014275180735
0.691713620466332,0.6012781908019135,0.03874072067708273,0.08067122430712462,0.37384523756482835,0.649438266725687,0.7069490651671417,0.49576326976743545
0.8740372081496788,0.31674035340355067,0.24728077019755912,0.58986258381969,0.04468063164166719,0.671500111145529,0.5866415352927983,0.4003044865659224
0.7464889297075967,0.3513913757892368,0.03242050221339099,0.5069065726432869,0.07672466163569516,0.36166979873495836,0.7085202621989866,0.5330050938966715
0.7378499787722486,0.3394578564085912,0.030070578822193772,0.5043883868646791,0.07555144810427744,0.3679830282188024,0.7049494634856601,0.5279674164768118
0.24157846327090518,0.5877708086735913,0.7848632071745676,0.15038369986380587,0.2078346877452638,0.13903563523888823,0.8639192500677173,0.32709204735005515
0.2416628517590869,0.5878884504624327,0.7848862790390847,0.15040885418262365,0.2078463252212722,0.13897181252242213,0.8639547182460494,0.32714143490801123
0.07177349013780066,0.10606942465741631,0.2945214022200684,0.265443981475352,0.2696568214555841,0.5097767537258043,0.61839135198516,0.44390652191495444
0.07398717887971473,0.10719075679526452,0.2936107725366494,0.26524020454840996,0.26219974855663924,0.5228303778345771,0.6448006826017396,0.4569643754800071
0.0739063376243741,0.10712234323467101,0.29359350681309865,0.26523909197408946,0.26219592432068445,0.5228024848008183,0.6447909943261683,0.45692441114380883
0.07389673272274944,0.10711421489083814,0.2935914554400035,0.26523895978704143,0.26219546995601656,0.5227991707770053,0.6447898432439223,0.4569196629058447
0.07387632230679708,0.10709694216019322,0.29358709627217633,0.2652386788895645,0.26219450443109726,0.5227921284764029,0.6447873971941493,0.45690957290017087
0.0738547112781417,0.10707865338656922,0.29358248068271225,0.2652383814687065,0.2621934821105945,0.5227846719228239,0.6447848072590956,0.45689888936475154
0.07385271025696988,0.10707695998160402,0.29358205331331744,0.26523835392973816,0.2621933874512887,0.5227839815011961,0.6447845674502943,0.45689790014850895
0.07385070923579806,0.10707526657663885,0.2935816259439226,0.26523832639076983,0.2621932927919829,0.5227832910795684,0.6447843276414931,0.4568969109322665
0.07384950862309497,0.10707425053365971,0.29358136952228575,0.26523830986738883,0.2621932359963994,0.5227828768265919,0.6447841837562124,0.4568963174025209
0.0738487082146263,0.10707357317167365,0.2935811985745278,0.2652382988518015,0.26219319813267705,0.5227826006579408,0.6447840878326918,0.4568959217160239
0.07384750760192321,0.10707255712869454,0.2935809421528909,0.2652382823284205,0.2621931413370936,0.5227821864049642,0.6447839439474111,0.4568953281862784
0.07384470617228267,0.10707018636174329,0.29358034383573817,0.26523824377386485,0.26219300881406543,0.5227812198146854,0.6447836082150893,0.45689394328353883
0.07384350555957964,0.10706917031876417,0.29358008741410124,0.26523822725048385,0.262192952018482,0.5227808055617088,0.6447834643298086,0.4568933497537933
0.07384270515111091,0.10706849295677809,0.29357991646634335,0.2652382162348965,0.26219291415475965,0.5227805293930576,0.644783368406288,0.45689295406729635
0.07383870310876733,0.10706510614684775,0.29357906172755366,0.26523816115695986,0.26219272483614803,0.5227791485498023,0.6447828887886855,0.45689097563481124
0.07383750249606424,0.10706409010386861,0.2935788053059168,0.26523814463357887,0.2621926680405645,0.5227787342968256,0.6447827449034047,0.4568903821050657
0.07383109922831449,0.10705867120798002,0.29357743772385336,0.2652380565088802,0.2621923651307859,0.5227765249476171,0.6447819775152407,0.4568872166130896
0.07382669698173655,0.10705494571705662,0.29357649751118475,0.2652379959231499,0.26219215688031317,0.5227750060200361,0.6447814499358779,0.4568850403373561
0.05687393467320895,0.09985277236456161,0.30309828738255196,0.26722999013096893,0.33322722722181125,0.40017238009528033,0.394381443491835,0.33485105848513824
0.0568707330393341,0.09985006291661733,0.3030976035915202,0.26722994606861955,0.3332270757669219,0.40017127542067604,0.394381059797753,0.3348494757391502
0.05686753140545925,0.09984735346867304,0.30309691980048853,0.2672299020062702,0.3332269243120326,0.40017017074607175,0.394380676103671,0.33484789299316214
0.05683671567941351,0.0998212750322092,0.3030903383118083,0.267229477906158,0.33322546655872315,0.40015953825300526,0.39437698304813146,0.33483265906302717
0.05683431445400733,0.09981924294625097,0.3030898254685345,0.267229444859396,0.3332253529675562,0.40015870974705203,0.3943766952775699,0.33483147200353613
0.056831913228601205,0.09981721086029274,0.30308931262526073,0.267229411812634,0.3332252393763892,0.40015788124109886,0.3943764075070084,0.3348302849440451
0.056829512003195026,0.09981517877433449,0.30308879978198694,0.26722937876587194,0.33322512578522223,0.40015705273514557,0.39437611973644693,0.33482909788455406
0.0568271107777889,0.09981314668837626,0.30308828693871315,0.26722934571910995,0.33322501219405526,0.4001562242291924,0.3943758319658854,0.334827910825063
0.05682190812274224,0.09980874383546678,0.30308717577828664,0.2672292741177923,0.3332247660798601,0.4001544291329604,0.3943752084630021,0.33482533886283244
0.056817906080398606,0.09980535702553642,0.30308632103949695,0.26722921903985564,0.3332245767612485,0.400153048289705,0.39437472884539954,0.3348233604303474
0.05681630526346115,0.09980400230156428,0.3030859791439811,0.267229197008681,0.33322450103380385,0.4001524959524028,0.39437453699835856,0.33482256905735336
0.05681230322111763,0.09980061549163394,0.3030851244051915,0.2672291419307443,0.33322431171519223,0.40015111510914747,0.39437405738075604,0.3348205906248683
0.05680670036183655,0.09979587395773137,0.303083927770886,0.267229064821633,0.33322404666913596,0.4001491819285899,0.3943733859161125,0.3348178208193892
0.05680509954489915,0.09979451923375923,0.3030835858753701,0.26722904279045834,0.3332239709416913,0.4001486295912878,0.39437319406907145,0.3348170294463952
0.05680269831949297,0.099792487147801,0.30308307303209636,0.26722900974369634,0.33322385735052434,0.40014780108533454,0.3943729062985099,0.33481584238690415
0.056800297094086794,0.09979045506184281,0.30308256018882257,0.26722897669693435,0.33322374375935737,0.4001469725793813,0.3943726185279484,0.3348146553274131
0.056787490558587284,0.09977961727006557,0.3030798250246957,0.26722880044753705,0.3332231379398002,0.4001425538809641,0.3943710837516203,0.33480832434346086
0.05678428892471238,0.09977690782212129,0.303079141233664,0.2672287563851877,0.3332229864849109,0.40014144920635975,0.39437070005753827,0.3348067415974728
0.05678108729083753,0.099774198374177,0.3030784574426323,0.2672287123228384,0.3332228350300216,0.40014034453175545,0.3943703163634562,0.33480515885148476
0.05677788565696268,0.09977148892623272,0.30307777365160055,0.267228668260489,0.3332226835751323,0.40013923985715116,0.3943699326693742,0.3348035761054967
0.73442188474983,0.34174327625172446,0.03908178413812463,0.5044193582972019,0.179183124855202,0.19055235276342572,0.37417364035597567,0.36905907668608245
0.8659366548740385,0.3242079128871561,0.24440266990254994,0.5840808706399744,0.1397870470570488,0.4881778767636162,0.26160808303069705,0.25330402811539376
0.8658014271802845,0.32433505390893536,0.24417906783553472,0.5841904948560179,0.13987373830673094,0.4879208579743594,0.261541495148771,0.253342322508622
0.8659413892180381,0.32430568910304747,0.2442269849861596,0.5842788932392589,0.13967722395595067,0.48836497077780183,0.26167047953790834,0.25330109549991087
0.8659422425165508,0.3243055101729001,0.2442272768849642,0.584279432113261,0.13967602553759978,0.4883676785787684,0.2616712661375589,0.2533008443903454
0.8659430958150633,0.32430533124275274,0.2442275687837688,0.5842799709872633,0.13967482711924892,0.4883703863797349,0.26167205273720956,0.25330059328078003
0.5295389691678547,0.30823314346830477,0.23443967132449642,0.7780827706388391,0.5143288137444687,0.17142891922209347,0.6033304082594564,0.5562299906028214
0.7723893473611696,0.36544586684419955,0.03209194272369681,0.49924211664777174,0.1995220697764997,0.15840233424386513,0.3715946805663523,0.3724888221304486
0.7156103321565155,0.3301301433216103,0.04262357510234405,0.5070583345757985,0.16903708826738972,0.20650089030704086,0.37553446428241344,0.3674446607474238
0.9060680165731967,0.15272880259204202,0.6112765537530657,0.12762016560366427,0.27445896302254097,0.4165494295947336,0.350475601374072,0.3153148615831635
0.906217348605501,0.15268265935287612,0.6113542634406206,0.12768768332532163,0.27426518508717357,0.41700046206396824,0.3505961693936127,0.31526255602393605
0.9061985856946548,0.1527014109739534,0.611321246547817,0.1277026354743081,0.2742756292482016,0.41696374674476416,0.3505959279320021,0.31527639942517477
0.9062156516649067,0.15269783237100548,0.611327084523909,0.12771341295435312,0.2742516608811839,0.41701790276409495,0.35061165992501464,0.31527137723386656
0.7936719987136378,0.18198815584675004,0.4026842931424792,0.045260404567664,0.32393781054031145,0.10310583623907693,0.4618182374705345,0.43274639220668576
0.52927940043556,0.30787479920589234,0.23436908814888155,0.7780072195576873,0.514293598406665,0.17161817802228319,0.6032232363362963,0.5560786624369771
0.7154371529335741,0.32989113425300437,0.04257649116064116,0.5070079653524328,0.1690136050649002,0.20662701681239218,0.3754630003463867,0.3673437093557781
0.9060676163689625,0.152728463911049,0.6112764682791867,0.1276201600958706,0.2744589440906798,0.4165492915104081,0.35047555341231174,0.315314663739915
0.9061895495385843,0.15269260547044802,0.6113366586174511,0.12767769890457178,0.2742986043389008,0.41691932246360863,0.35057903103799265,0.3152759892835575
0.9062050118785212,0.1526996408517812,0.611323496264375,0.12770694095853247,0.27426602296953334,0.4169852710681709,0.3506021727674468,0.315274192705403
0.7936715985094034,0.181987817165757,0.40268420766860025,0.045260399059870365,0.32393779160845027,0.10310569815475135,0.46181818950877424,0.4327461943634372
0.058705828575543906,0.10065100283505235,0.3021061156186012,0.26702095876886944,0.32575209332731747,0.4130942717574895,0.4207450185891327,0.34772016959111585
0.05870422775860651,0.10064964811108021,0.30210577372308534,0.2670209367376948,0.3257520175998728,0.4130937194201873,0.4207448267420917,0.3477193782181218
0.058702626941669056,0.10064829338710807,0.30210543182756944,0.2670209147065201,0.3257519418724282,0.4130931670828851,0.42074463489505065,0.3477185868451278
0.0587010261247316,0.10064693866313593,0.3021050899320536,0.26702089267534546,0.3257518661449835,0.413092614745583,0.4207444430480096,0.3477177954721338
0.058699425307794206,0.10064558393916379,0.30210474803653775,0.2670208706441708,0.3257517904175389,0.41309206240828084,0.42074425120096864,0.34771700409913975
0.058697824490856754,0.10064422921519159,0.3021044061410219,0.26702084861299613,0.32575171469009423,0.41309151007097866,0.4207440593539276,0.3477162127261457
0.0586962236739193,0.10064287449121945,0.302104064245506,0.26702082658182147,0.3257516389626496,0.41309095773367654,0.42074386750688664,0.3477154213531517
0.058694622856981904,0.1006415197672473,0.30210372234999017,0.2670208045506468,0.32575156323520493,0.41309040539637437,0.4207436756598456,0.3477146299801577
0.058693022040044396,0.10064016504327516,0.3021033804544743,0.26702078251947214,0.3257514875077603,0.4130898530590722,0.4207434838128046,0.34771383860716365
0.05868861979346651,0.10063643955235174,0.3021024402418057,0.2670207219337418,0.32575127925728753,0.4130883341314913,0.42074295623344177,0.3477116623314301
0.058686618772294696,0.10063474614738654,0.3021020128724109,0.2670206943947735,0.3257511845979817,0.4130876437098636,0.4207427164246405,0.34771067311518755
0.058685017955357244,0.1006333914234144,0.30210167097689505,0.26702067236359883,0.32575110887053704,0.41308709137256144,0.42074252457759953,0.3477098817421935
0.05868341713841979,0.10063203669944226,0.30210132908137916,0.26702065033242417,0.3257510331430924,0.4130865390352593,0.4207423327305585,0.3477090903691995
0.058681816321482394,0.10063068197547012,0.3021009871858633,0.2670206283012495,0.32575095741564775,0.41308598669795715,0.42074214088351747,0.3477082989962055
0.058679415096076215,0.1006286498895119,0.3021004743425895,0.2670205952544875,0.3257508438244808,0.4130851581920039,0.420741853112956,0.34770711193671444
0.05867781427913876,0.10062729516553975,0.3021001324470737,0.26702057322331285,0.3257507680970361,0.41308460585470175,0.42074166126591495,0.3477063205637204
0.05867621346220131,0.10062594044156761,0.30209979055155783,0.2670205511921382,0.3257506923695915,0.41308405351739963,0.4207414694188739,0.3477055291907264
0.05867461264526391,0.10062458571759547,0.302099448656042,0.2670205291609635,0.32575061664214683,0.41308350118009746,0.42074127757183294,0.34770473781773237
0.05867021039868592,0.10062086022667205,0.3020985084433734,0.2670204685752332,0.3257504083916741,0.4130819822525165,0.42074074999247013,0.3477025615419988
0.05866860958174852,0.10061950550269991,0.3020981665478575,0.26702044654405854,0.3257503326642294,0.4130814299152144,0.4207405581454291,0.3477017701690048
0.8119435665842645,0.19323676831587783,0.3990372716676486,0.04266198262412024,0.33407359375402196,0.08678510592200095,0.46044340962335184,0.4341092028681518
0.058186083816392564,0.10058718178291384,0.3026868206407511,0.26713092716564857,0.329508402817115,0.40677002940866797,0.40761071318313474,0.3414814788541483
0.7739749033602219,0.16953316168042365,0.40602685666043953,0.04783920775016931,0.31373459203714077,0.11893471018858498,0.4630222255276944,0.4306788638940401
0.821879046175849,0.16498442604459995,0.3624514656493683,0.0038788960475804046,0.37800349986977816,0.02786556042093935,0.455911978554926,0.38490350292001724
0.8214140623569202,0.164353878656317,0.36219340566923725,0.0035724850688201304,0.3781363139817228,0.027759400518639732,0.4559053037655416,0.3843667381954101
0.8688933597864539,0.22878946882111478,0.38855221038743043,0.03489610087269718,0.3645819448744545,0.038559594847520695,0.45657480207275597,0.43925312858333126
0.7464090424151648,0.11821145014886209,0.37668977206254395,0.01454132969704064,0.33719257490665744,0.09227071598078529,0.4610761772954134,0.37858322903766284
0.7459432760453945,0.1175790644241421,0.3764311483146577,0.01423384904031616,0.33732550191503763,0.09216498722939698,0.4610696755792472,0.3780443703176382
0.6496856865370171,0.5793720841828833,0.05461175555473369,0.0858947272494393,0.45711569990712175,0.5038464780463655,0.37870177049279863,0.3331202348322212
0.6495992970276636,0.5792527489890769,0.05458825632082176,0.0858695453916532,0.4571039677718076,0.503909610341204,0.37866606250566537,0.3330698580580226
0.8688917589695164,0.22878811409714267,0.3885518684919146,0.034896078841522515,0.36458186914700985,0.03855904251021852,0.45657461022571494,0.43925233721033724
0.7256202115554622,0.6267769266868404,0.04063198725199907,0.07554023844278537,0.4977935708178561,0.4395463029229187,0.3735438029517917,0.339979527877705
0.6030493623928483,0.5160792385777927,0.028745947189972365,0.055160090922440175,0.4703924892413695,0.49332063474209653,0.3780095016551738,0.27925887083139844
0.05818208177404893,0.10058379497298348,0.30268596590196145,0.2671308720877119,0.3295082134985034,0.40676864856541256,0.4076102335655322,0.34147950042166325
0.8688901581525791,0.2287867593731705,0.38855152659639874,0.03489605681034785,0.3645817934195652,0.038558490172916404,0.4565744183786739,0.4392515458373432
0.8688897579483448,0.22878642069217747,0.38855144112251977,0.03489605130255419,0.364581774487704,0.03855835208859082,0.4565743704169137,0.4392513479940947
0.7440739053707502,0.11504012277954218,0.37539393649686564,0.013000181592125626,0.33785742956767595,0.09174231889533463,0.46104383494803974,0.375879921045952
0.7929536321129622,0.1813802234642482,0.40253086752973855,0.04525051807803346,0.3239038278495251,0.10285797487473547,0.4617321461108796,0.43239126357561686
0.7445396983822001,0.11567317255223483,0.3756527822805576,0.013308240201764243,0.3377244220475607,0.09184767438917307,0.4610501942988721,0.3764197241020467
0.7929532319087278,0.18137988478325517,0.40253078205585957,0.045250512570239765,0.32390380891766396,0.10285783679040994,0.4617320981491193,0.43239106573236835
0.05618491713445811,0.09637684469836588,0.30013646551132844,0.264279517661475,0.3270270743644163,0.41271734876636806,0.42088603166602606,0.34370115835375914
0.0496681007118806,0.08753263623447108,0.29651855187969645,0.2599801368571529,0.32888748799956125,0.4112349904923751,0.4207941422736085,0.33616760625050235
0.06037368062139992,0.10206093610337139,0.30246181698548874,0.2670425358978082,0.32583118208039274,0.4136706560096699,0.4209452674250377,0.3485424889250633
0.05385743696433254,0.09321809138315712,0.29884432055256505,0.262743962003427,0.3276915144033831,0.41218796029421606,0.42085322414054555,0.34101048165481185
0.059908700440096496,0.10143041548681475,0.3022037641911531,0.2667361538813785,0.32596399698668144,0.41356447223020854,0.42093856461501017,0.34800574612770335
0.05013365365869421,0.08816452059470822,0.29677702187274035,0.2602873257835235,0.32875459178111804,0.4113408368303756,0.42080069119156144,0.33670589388086763
0.050599135464522216,0.08879623783345114,0.2970354406141702,0.26059441746644285,0.3286217058259871,0.4114467223639135,0.42080725584344336,0.3372439911480131
0.048271726435382245,0.08563765163973666,0.295743346907021,0.2590589590518461,0.3292861356016416,0.41091729469622407,0.4207744325840339,0.33455350481228563
0.043151355430288696,0.07868859489207053,0.2929006894996785,0.255680853296282,0.3307478913713938,0.4097525930228448,0.42070223714726196,0.32863424451046536
0.04873713710022465,0.08626920175698527,0.2960017143968367,0.25936595349131414,0.329153259909823,0.41102321942529935,0.4207810129698447,0.3350914117162114
0.049668171852866205,0.08753280335596536,0.2965186031313105,0.25998023410060417,0.32888747773624893,0.41123495129683774,0.42079412653967957,0.33616779661372215
0.04687520987691268,0.08374233280201371,0.2949680394311173,0.2581375867596368,0.32968480373034664,0.4105996772911478,0.42075475436231713,0.33293902264762937
0.03989298278949277,0.07426657422087027,0.2910917583096696,0.25353121151584657,0.3316780930573101,0.40901139428807964,0.4206562845840887,0.32486756364044683
0.04175498115379034,0.07679361029733614,0.29212548452700304,0.2547596754909752,0.33114653897347424,0.40943489722669374,0.42068252745768736,0.32702014307224864
0.055719364187644504,0.09574496033812871,0.2998779955182845,0.2639723287351044,0.32715997058285956,0.4126115024283676,0.42087948274807313,0.34316287072339385
0.034772754066370426,0.06731785171619267,0.2882492034055553,0.250153300247185,0.3331398283004377,0.40784661422362556,0.42058405767945894,0.3189486840650661
0.04873720824121025,0.08626936887847955,0.2960017656484508,0.2593660507347655,0.3291532496465107,0.411023180229762,0.4207809972359158,0.3350916020794311
0.0371001630955104,0.07047643790990715,0.2895412971127046,0.25168875866178175,0.3324753985247832,0.40837604189131493,0.4206168809388684,0.3216391704007936
0.03523816473121283,0.06794940183344128,0.28850757089537105,0.2504602946866531,0.3330069526086191,0.4079525389527008,0.42059063806526975,0.31948659096899185
0.04128942820697673,0.07616172593709897,0.29186701453395913,0.2544524865646046,0.33127943519191744,0.40932905088869326,0.4206759785397344,0.32648185544188335
0.7186537559551665,0.32689508157578345,0.0329472564171181,0.5037338646515473,0.16331362054747867,0.20969145166132608,0.4245720072814653,0.3851910199668131
0.23903248307348596,0.1342083778659038,0.5450132470220034,0.382940670738596,0.2149480657400178,0.8441823361941198,0.49946585561401136,0.3653769328463865
0.23734171757896627,0.13624534974351069,0.5414310852071748,0.38422202565994207,0.21541938908787717,0.8405309296291892,0.5022526294521982,0.3692800937052612
0.2372453388000032,0.13626432343990222,0.5414003356581318,0.3841586270012946,0.2155560252709008,0.8402228190614993,0.5021633764334277,0.36930880130299737
0.2372357554848865,0.13626707470371144,0.5413957253819947,0.3841540951503053,0.2155687186108064,0.8401937691257564,0.5021547868722904,0.36931141440002313
0.23722737557827933,0.1362693263832615,0.5413919707673591,0.38414981654364044,0.21557997714689553,0.8401680842996726,0.502147225099014,0.36931374238702624
0.23885278677915264,0.13425786569748505,0.5449305783554782,0.3828513865478809,0.21518825565386196,0.8436337798170109,0.49930410275443804,0.3654265146211286
0.23718223828461135,0.13627872951754547,0.5413766410713898,0.38412118481410173,0.21564343422312598,0.840024735175619,0.5021055956145833,0.3693270426938787
0.23718215075711213,0.1362788096810734,0.5413765001307156,0.38412125622152116,0.21564349331949234,0.840024570848446,0.5021055353175308,0.369327051193993
0.23717873864683042,0.13627952663279513,0.5413753354171408,0.38411910259925836,0.21564829147659698,0.8400137591631593,0.5021023930217248,0.36932805211378905
0.2371754994240099,0.13628008079519666,0.5413744468216274,0.3841168024146643,0.21565296247356663,0.8400032370950599,0.5020993631144309,0.3693290430702877
0.23717370529948548,0.1362805188190194,0.5413737220833439,0.3841157960740792,0.21565541840663482,0.8399976571659535,0.5020977296180771,0.3693295537895328
0.2371705546879328,0.13628099404902513,0.5413729773101483,0.3841134263558119,0.21566003479093915,0.8399873189436069,0.5020947641106324,0.36933053272745153
0.23715741125604753,0.1362839960964616,0.541368048246867,0.38410563143634563,0.21567825348421876,0.8399460716658277,0.5020827320337329,0.36933432782989273
0.07361202839044895,0.10762532513942932,0.2949140692200297,0.2654692842794539,0.26974379442576374,0.5104111131173278,0.6186116883117644,0.4448154137985925
0.07133406588847374,0.10569755292706143,0.2944275519009657,0.26543793391790665,0.2696360342720279,0.5096251371363631,0.6183386899724018,0.4436892900280945
0.07034956347194893,0.10486439768418987,0.2942172861587139,0.26542438474548813,0.26958946189356864,0.5092854496955386,0.6182207040421783,0.44320259563676895
0.0680519909624901,0.10292003010316314,0.2937265806195806,0.2653927645020513,0.2694807740786358,0.5084927075826225,0.6179453555765634,0.4420667775470941
0.22210432190094587,0.13629468981971046,0.5365610050013097,0.3802605430289613,0.25431236914656935,0.7536095882226723,0.3375209462058345,0.2974410267930596
0.22187017529220723,0.1365135621255582,0.5361754550276397,0.3804469877954881,0.25446268723853965,0.7531626281924884,0.33740587752252454,0.297508629826448
0.773285349235551,0.5023335580666005,0.2318595864667633,0.14349214531292923,0.3244058203634006,0.992166182388315,0.5698614253473291,0.29741246708681235
0.7742162782897669,0.5035967382126861,0.2323763556845664,0.14410605353662756,0.32414004090687065,0.992378180288428,0.5698748208472023,0.2984884533122551
0.8212323105219896,0.56740099155141,0.2584816047517451,0.1751242336008194,0.3107181559712811,1.0030740259975282,0.5705313021917808,0.35283431962846734
0.8212303689199079,0.5674033416753381,0.2584774635162692,0.1751256994632467,0.31071866947203214,1.003069834697793,0.5705345782226472,0.35283887606515757
0.8212308513942561,0.5674027563309052,0.2584784928829222,0.17512533260121088,0.3107185402032772,1.003070878180324,0.5705337569053496,0.35283773812311864
0.8212303685297515,0.567403341966878,0.25847746272397376,0.17512569941038947,0.31071866935288983,1.0030698341188062,0.5705345779147031,0.3528388762207754
0.821252122792615,0.5673769693980074,0.2585238713758586,0.17510919643307093,0.3107128653645715,1.0031168545212692,0.5704976525101646,0.3527876517110629
0.8202643481888857,0.5675845961646071,0.25818506280078896,0.17448608258592746,0.31209955680190776,0.9999828471073045,0.5695883577073726,0.3530793336910578
0.8202643649656064,0.5675845836283925,0.2581850968694941,0.17448608485878692,0.312099561925026,0.999982872003748,0.5695883709489706,0.35307932699949174
0.8202617320349748,0.5675877875711606,0.25817947734456254,0.17448810540141504,0.31210027921771893,0.9999771635361425,0.569592904515147,0.35308557743296176
0.8202431189274069,0.5676103516111983,0.25813976987576304,0.17450222446264457,0.3121052445079803,0.9999369332969616,0.5696244953605246,0.3531294032963894
0.8202474713406047,0.5676050759312647,0.25814905477532185,0.17449892407860967,0.31210408418688573,0.9999463396934025,0.5696171115113935,0.35311915777197567
0.820243103321155,0.5676103632727934,0.25813973818394437,0.17450222234835672,0.3121052397422889,0.9999369101374793,0.569624483042759,0.35312940952110206
0.8202124841167915,0.567615826555679,0.2581309691376046,0.1744815284550456,0.31214929916526973,0.9998387883385513,0.5695937612573714,0.3531364661517184
0.8202115090240314,0.5676170048245817,0.25812888980461657,0.1744822608048301,0.3121495546050801,0.9998366863198263,0.5695953958854191,0.35313874608185947
0.8202231391287075,0.5676029186580064,0.2581536976026984,0.17447346298740685,0.31214646764345994,0.9998618051688835,0.5695757243030137,0.35311141524260864
0.8202465360230202,0.56760963297521,0.2581409453939361,0.17450438048722552,0.31210045202599956,0.9999477702906983,0.5696276448385685,0.35312839730194967
0.8202547396475653,0.5675996809536898,0.2581584477962184,0.17449814404404607,0.3120982549337357,0.9999655118096704,0.5696136836762852,0.35310905166481626
0.8202465492883342,0.5676096230628542,0.25814097233198197,0.1745043822843702,0.31210045607683723,0.9999477899762583,0.5696276553086692,0.3531283920109439
0.8202547345755336,0.5675996847437081,0.25815843749637735,0.17449814335690253,0.31209825338488606,0.9999655042828386,0.5696136796730114,0.35310905368784784
0.9674754281896061,0.18683978160295134,0.5910946610018412,0.11906264080288376,0.19834571427905864,0.5507219754720719,0.6907059669643622,0.48655171528464497
0.9674711605265743,0.18684067712830793,0.5910931991309317,0.11905994627430092,0.1983517060133862,0.5507084347302781,0.6907020330422766,0.4865529712993255
0.9673834249935556,0.1868523373405653,0.5910752852007041,0.1189907312293263,0.1984818842014495,0.5504176570819627,0.690618933060837,0.4865806712773232
0.9674388421105754,0.1868431938815195,0.5910898799287089,0.11903079778524867,0.1984016235796835,0.5505982153743851,0.6906708708311833,0.48656362839981804
0.9674327620935078,0.18684872898494065,0.5910800636847251,0.11903569694419963,0.19840563483917595,0.5505865836867837,0.6906666360579983,0.486564271229769
0.9674327652147581,0.18684872665262164,0.5910800700230888,0.11903569736705719,0.19840563579231424,0.5505865883186802,0.6906666385215514,0.48656426998482644
0.9674243386123608,0.18684981541775464,0.5910784031452916,0.11902898384856114,0.1984181673810053,0.5505586054750561,0.69065864672942,0.4865669399337311
0.9674226115994812,0.18685079481702194,0.5910767050089261,0.11902915926018198,0.19841995723958927,0.5505542567183066,0.69065725839102,0.48656727542196837
0.9674225240719819,0.1868508749805499,0.5910765640682517,0.1190292306676014,0.1984200163359557,0.5505540923911334,0.6906571980939673,0.48656728392208265
0.967422526803076,0.18685087293977073,0.5910765696143201,0.11902923103760177,0.19842001716995167,0.550554096444043,0.6906572002495763,0.48656728283275796
0.9674244080649433,0.18685035504395997,0.5910774345009824,0.11903016591791021,0.19841750202137481,0.5505598401213352,0.6906588937350386,0.4865667637690163
0.9674242291083819,0.18685051828641458,0.591077144696679,0.11903030820417712,0.1984176190226848,0.5505595056771183,0.6906587700614921,0.48656678232542305
0.9674242302788508,0.18685051741179495,0.5910771470735655,0.11903030836274872,0.19841761938011165,0.5505595074140794,0.6906587709853245,0.4865667818585696
0.9674242349607264,0.18685051391331645,0.5910771565811112,0.11903030899703507,0.19841762080981906,0.5505595143619242,0.6906587746806542,0.48656677999115583
0.9674226991269804,0.186850714653494,0.5910768459496003,0.11902908785276253,0.19841989814322292,0.5505544210454797,0.6906573186880726,0.48656726692185404
0.9674225236818256,0.18685087527208974,0.5910765632759563,0.11902923061474421,0.19842001621681343,0.5505540918121464,0.6906571977860232,0.48656728407770045
0.9674225271932323,0.18685087264823086,0.5910765704066154,0.11902923109045896,0.19842001728909398,0.5505540970230299,0.6906572005575206,0.4865672826771401
0.9674174027202811,0.18685194972759375,0.5910748095062424,0.11902599721215912,0.19842720636949185,0.550537843269386,0.690652477264287,0.4865687912019464
0.967417411693876,0.18685194302217661,0.5910748277290381,0.11902599842787462,0.1984272091097644,0.5505378565860883,0.6906524843470023,0.4865687876227366
0.9674174070120004,0.18685194652065512,0.5910748182214924,0.11902599779358827,0.198427207680057,0.5505378496382436,0.6906524806516726,0.48656878949015037
0.061681506179678824,0.10241718358364349,0.30135822820072994,0.2668276686810676,0.31833106669202565,0.4264108084220874,0.44724566839723473,0.3611547167013246
0.061680305566975735,0.10241616754066435,0.30135797177909307,0.2668276521576866,0.31833100989644214,0.42641039416911075,0.447245524511954,0.3611541231715791
0.061679104954272646,0.10241515149768524,0.30135771535745615,0.2668276356343056,0.3183309531008587,0.42640997991613416,0.4472453806266732,0.36115352964183356
0.061677904341569556,0.10241413545470615,0.3013574589358193,0.2668276191109246,0.31833089630527517,0.4264095656631575,0.44724523674139244,0.36115293611208804
0.05016847762031784,0.86927836904716,0.6716502173757941,0.33493698714230274,0.13009157558594572,0.0817393818457321,0.575925222333504,0.2155150104514888
0.06163760605930102,0.10237841169593703,0.3013483056869374,0.26682560545086875,0.3183291965415087,0.4263966274768594,0.4472407749643732,0.3611306621828786
0.05012805699264755,0.8692441622668633,0.6716415845140189,0.33493643085514246,0.13008966346796835,0.08172543532885268,0.5759203781957184,0.2154950282833897
0.06162960197461381,0.10237163807607627,0.3013465962093581,0.26682549529499544,0.31832881790428547,0.42639386579034866,0.44723981572916816,0.36112670531790847
0.06162840136191078,0.10237062203309716,0.30134633978772124,0.26682547877161444,0.31832876110870195,0.42639345153737207,0.44723967184388735,0.36112611178816295
0.06162720074920769,0.10236960599011807,0.3013460833660843,0.26682546224823345,0.3183287043131185,0.4263930372843954,0.4472395279586066,0.36112551825841743
0.0616260001365046,0.10236858994713896,0.30134582694444745,0.26682544572485245,0.318328647517535,0.42639262303141884,0.44723938407332586,0.3611249247286719
0.06162399911533284,0.10236689654217379,0.30134539957505263,0.2668254181858841,0.3183285528582292,0.42639193260979114,0.4472391442645246,0.3611239355124294
0.06162279850262975,0.10236588049919465,0.30134514315341576,0.2668254016625031,0.3183284960626457,0.4263915183568145,0.44723900037924386,0.36112334198268387
0.0616211976856923,0.10236452577522251,0.30134480125789986,0.26682537963132846,0.31832842033520103,0.4263909660195124,0.4472388085322028,0.36112255060968984
0.06161999707298921,0.1023635097322434,0.30134454483626294,0.26682536310794747,0.3183283635396176,0.42639055176653573,0.4472386646469221,0.3611219570799443
0.061598386044333764,0.10234522095861937,0.3013399292467989,0.2668250656870895,0.3183273412191148,0.42638309521295664,0.4472360747118684,0.361111273544525
0.06159078216388092,0.10233878601975166,0.30133830524309857,0.2668249610390098,0.3183269815137527,0.4263804716107714,0.44723516343842357,0.3611075145228033
0.06158958155117783,0.10233776997677257,0.3013380488214617,0.2668249445156288,0.3183269247181692,0.42638005735779483,0.4472350195531428,0.3611069209930578
0.06158838093847474,0.10233675393379346,0.30133779239982483,0.26682492799224783,0.31832686792258574,0.4263796431048182,0.447234875667862,0.3611063274633123
0.06158718032577171,0.10233573789081435,0.3013375359781879,0.26682491146886683,0.31832681112700223,0.4263792288518416,0.4472347317825813,0.36110573393356676
0.8852301784576065,0.14049482528594423,0.6168234158116499,0.13014335587166767,0.2790649094565352,0.40757052163619345,0.30019835728958877,0.28923727154773726
0.8852201794814734,0.14049735466226113,0.6168192183400795,0.13013792810957894,0.2790785057329597,0.4075395855353497,0.30018928261406375,0.2892400932537569
0.8850598707571845,0.14051823737631072,0.6167872452688201,0.1300105935147056,0.2793168013168163,0.40700750653100565,0.3000373044799154,0.2892908241293811
0.8851163118252584,0.140434793448414,0.6169352442210556,0.12991294937805,0.27931396774387507,0.40707142807514995,0.30002013557856205,0.2892474823746579
0.884444881243527,0.1406596815121306,0.6165544460894004,0.12964780601185513,0.2801676316284472,0.4050788517654562,0.2994745047198534,0.289468317848258
0.8844217986091474,0.14066334737937417,0.6165486588968783,0.12963082192482062,0.2802012629296613,0.4050034477537159,0.29945283897398434,0.2894754385234831
0.8844162847551154,0.1406659870246343,0.6165441087254773,0.12963038020687798,0.2802074749158584,0.4049886726976948,0.2994482454461197,0.28947664696448805
0.8843959806458117,0.14067012102111587,0.6165373850355156,0.1296173044159851,0.2802361187635468,0.40492401412884405,0.2994294876486098,0.28948265659382927
0.6485941766723586,0.5794505708259488,0.0568257898277158,0.08587186239929492,0.4716925520667996,0.4795591124537512,0.3272672149615333,0.3090131470989578
0.7263891749260272,0.10653172891253612,0.3824156020510322,0.01713184067538831,0.3416102195217605,0.08398452581788363,0.41096309260967345,0.3527963125046557
0.7729373664619338,0.1697035503568596,0.40825746678313746,0.04784107862652409,0.3283216428513786,0.09457302747076368,0.4116194930809819,0.4066061276318463
0.8445176294030741,0.3121503479627192,0.24957783843013476,0.5864593963341775,0.14504386531777544,0.4776477619193266,0.21088735464418157,0.22736235865925372
0.7944072348457027,0.18268260878918333,0.4033232737584568,0.045086087576194867,0.32742851880429585,0.0975985744819779,0.4495074526088378,0.42737289765132647
0.058983411192518764,0.10163795987886085,0.30354882019857204,0.2672590217113827,0.33332701706199774,0.40090022257519337,0.3946342499301309,0.3358938902480151
0.05892818300817715,0.10159122190182171,0.303537024803275,0.2672582616358568,0.3333244044651574,0.40088116693826903,0.39462763120721595,0.33586658787972123
0.6015892803224974,0.5134888242329718,0.02796198305308628,0.053151047728524414,0.47470874169417765,0.48738463077254135,0.36573147874556955,0.2709521038610585
0.7078822314880511,0.6160058918403447,0.044869873631753654,0.07793757529249809,0.491131311356801,0.450383135491979,0.3625583249631914,0.33313586703111125
0.8868066661861072,0.141357360524575,0.6152782817462984,0.12975654929142452,0.268595571758981,0.425112738118266,0.33867221026254357,0.308073582458543
0.8867232187021152,0.14143350090706533,0.6151442299937718,0.1298189196455745,0.2686510346923833,0.42494969736437327,0.33863148457353387,0.3080991127122127
0.8867198055080648,0.1414342166276549,0.6151430623985534,0.12981676414956547,0.26865582836578683,0.4249388661605071,0.3386283381749313,0.30810011715047436
0.062071464225615935,0.10199514643622107,0.30005809405087125,0.2665987927383894,0.3107877213017641,0.43883518225938156,0.47343643727233925,0.37331099858293393
0.06206986340867848,0.1019937917122489,0.30005775215535546,0.2665987707072147,0.3107876455743194,0.4388346299220794,0.4734362454252983,0.3733102072099399
0.06206826259174103,0.10199243698827676,0.30005741025983956,0.26659874867604005,0.3107875698468748,0.43883407758477727,0.47343605357825724,0.3733094158369459
0.06206666177480363,0.10199108226430462,0.3000570683643237,0.2665987266448654,0.31078749411943013,0.4388335252474751,0.4734358617312162,0.37330862446395185
0.06206506095786618,0.10198972754033248,0.3000567264688079,0.26659870461369073,0.3107874183919855,0.4388329729101729,0.47343566988417524,0.37330783309095783
0.06206346014092873,0.10198837281636033,0.300056384573292,0.26659868258251607,0.31078734266454083,0.4388324205728708,0.4734354780371342,0.3733070417179638
0.06206185932399133,0.10198701809238819,0.30005604267777614,0.2665986605513414,0.3107872669370962,0.43883186823556863,0.4734352861900932,0.3733062503449698
0.06206025850705382,0.10198566336841605,0.3000557007822603,0.2665986385201667,0.31078719120965154,0.4388313158982665,0.4734350943430522,0.37330545897197576
0.06205625646471025,0.10198227655848566,0.30005484604347066,0.26659858344223003,0.3107870018910399,0.4388299350550111,0.4734346147254496,0.3733034805394907
0.06205465564777285,0.10198092183451349,0.3000545041479548,0.26659856141105537,0.31078692616359527,0.43882938271770894,0.47343442287840865,0.37330268916649667
0.0620530548308354,0.10197956711054135,0.3000541622524389,0.2665985393798807,0.3107868504361506,0.4388288303804068,0.4734342310313676,0.37330189779350265
0.06205145401389789,0.1019782123865692,0.3000538203569231,0.26659851734870604,0.31078677470870597,0.43882827804310465,0.4734340391843266,0.3733011064205086
0.06204865258425746,0.10197584161961795,0.3000532220397703,0.2665984787941504,0.31078664218567786,0.4388273114528259,0.4734337034520048,0.373299721517769
0.062047051767320005,0.10197448689564581,0.30005288014425446,0.2665984567629757,0.3107865664582332,0.4388267591155237,0.47343351160496383,0.37329893014477505
0.0620454509503825,0.10197313217167364,0.3000525382487386,0.26659843473180106,0.31078649073078857,0.43882620677822154,0.4734333197579228,0.37329813877178103
0.0620438501334451,0.1019717774477015,0.3000521963532228,0.2665984127006264,0.3107864150033439,0.4388256544409194,0.47343312791088177,0.37329734739878695
0.06204224931650765,0.10197042272372936,0.3000518544577069,0.26659839066945173,0.31078633927589927,0.43882510210361725,0.4734329360638408,0.373296556025793
0.062040648499570195,0.10196906799975719,0.30005151256219104,0.2665983686382771,0.3107862635484546,0.43882454976631513,0.47343274421679976,0.3732957646527989
0.0620390476826328,0.10196771327578505,0.3000511706666752,0.2665983466071024,0.31078618782101,0.43882399742901296,0.47343255236975873,0.3732949732798049
0.062037446865695345,0.10196635855181291,0.3000508287711593,0.26659832457592775,0.3107861120935653,0.4388234450917108,0.47343236052271775,0.3732941819068109
0.6567965997231338,0.04899034124900553,0.8404777947264629,0.5011893682275838,0.7682689218618525,0.3639187828028977,0.5500721099304562,0.3224362538396219
0.6515126080527051,0.045071574672847003,0.8414800895115395,0.5003823909274796,0.7837621683155056,0.33773486027695326,0.4973476700315263,0.2946651398811824
0.6526070500477249,0.04330438473583664,0.838151872298752,0.4984252513509557,0.7694649262479676,0.362965930587669,0.550013075265306,0.31759280734565304
0.6554000120236785,0.047094855289788295,0.8397024359989451,0.5002678986919231,0.7686676002538699,0.3636012045933589,0.5500524474426683,0.3208215813117458
0.652141710523868,0.04267300174008232,0.8378935560605503,0.498118354154939,0.7695977916764738,0.3628599666630563,0.5500064791455661,0.3170550908049471
0.6558654226885208,0.04772640540703693,0.8399608034887609,0.5005748931313911,0.7685347245620513,0.36370712932243415,0.5500590278284792,0.3213594882156715
0.6577273499118328,0.05025327436200849,0.8409944784544803,0.5018032598630686,0.7680031807415276,0.36413067145658573,0.5500852864360067,0.32351187728425357
0.6605200984648295,0.0540432435514773,0.8425448883998311,0.503645615473682,0.7672058855373669,0.3647660630488877,0.5501247058151559,0.326740080160687
0.6484175003723162,0.037618428222667755,0.835825949871041,0.4956611344743277,0.7706609306340826,0.36201307837244023,0.5499540406001557,0.31274936085168425
0.6479521608484593,0.03698704522691343,0.8355676336328393,0.49535423727831096,0.7707937960625889,0.3619071144478276,0.5499474444804159,0.31221164431097825
0.6454609177310273,0.036858247840223624,0.8381203383632667,0.4963896155888202,0.7854897473120812,0.3363585835141851,0.4972624239606353,0.2876687332289723
0.6553999408826927,0.04709468816829404,0.839702384747331,0.5002678014484718,0.7686676105171821,0.36360124378889624,0.5500524631765973,0.3208213909485261
0.6498139457898001,0.039513579938896426,0.8366012060953305,0.49658240952308574,0.7702622727686899,0.3623307349730539,0.5499737345558013,0.3143636526531207
0.6563309044943488,0.04835812264577982,0.8402192222301907,0.5008819848143105,0.7684018386069204,0.363813014855972,0.5500655924803611,0.32189758548281705
0.6535377290954383,0.044567150727345295,0.8386685047751551,0.49903904574298924,0.769199195390955,0.3631778584368943,0.5500262675047854,0.31866824042706493
0.6567963151591912,0.0489896727630284,0.8404775897200064,0.5011889792537786,0.7682689629151018,0.3639189395850473,0.5500721728661719,0.32243549238674274
0.6563308333533632,0.04835795552428551,0.8402191709785767,0.5008818875708592,0.7684018488702327,0.36381305405150943,0.55006560821429,0.3218973951195973
0.6549344590768648,0.04646297092955115,0.8394439660059011,0.4999607097655525,0.7688004964723131,0.3634953582553584,0.5500458985247154,0.3202832936813806
0.6530725318535527,0.04393610197457953,0.8384102910401817,0.4987323430338751,0.7693320402928366,0.36307181612120687,0.5500196399171878,0.3181309046127986
0.6535382270823376,0.04456832057780524,0.8386688635364539,0.49903972644714834,0.7691991235477688,0.36317758406813255,0.5500261573672829,0.31866957296960335
0.6097767459099447,0.25365758259321625,0.5120882586278945,0.9993058815024659,0.5884965415126888,0.49486070703334084,0.46561408772040264,0.3139890419616469
0.6097775980379885,0.2536574045376885,0.5120885481498128,0.9993064202178966,0.5884953427369111,0.49486341309734627,0.4656148733962208,0.313988791318935
0.6097775972576759,0.2536574051207682,0.5120885465652218,0.9993064201121822,0.5884953424986265,0.4948634119393721,0.4656148727803326,0.31398879163017057
0.6097776003789261,0.2536574027884492,0.5120885529035855,0.9993064205350397,0.5884953434517647,0.4948634165712686,0.4656148752438857,0.31398879038522803
0.6097775984281447,0.2536574042461486,0.5120885489421081,0.9993064202707538,0.5884953428560533,0.4948634136763333,0.465614873704165,0.3139887911633171
0.6097776007690825,0.2536574024969093,0.512088553695881,0.9993064205878969,0.588495343570907,0.49486341715025567,0.4656148755518298,0.31398879022961024
0.4944444234618486,0.2862847569330449,0.2957928806296429,0.913381445947744,0.6323771833120828,0.17793028253312304,0.5807070689842838,0.4390190978930022
0.5136011338883425,0.29837489195739186,0.2923450011271924,0.9108431915924979,0.6425701295092906,0.16172907772582856,0.5794890290446189,0.4408348230852067
0.49453081297120205,0.2864040921268513,0.29581637986355486,0.9134066278055301,0.632388915447397,0.1778671502382846,0.5807427769714171,0.43906947466720075
0.5324986757867761,0.3101070214003194,0.288826623923006,0.9082293916638936,0.6527278793005558,0.14571726980304944,0.578163865143554,0.44249941795481545
0.5514826071945631,0.32195848603705346,0.28533174595273153,0.9056407735930754,0.6628973612271354,0.12964232958543193,0.5768744092296224,0.44421438959862275
0.5513962176852096,0.32183915084324705,0.2853082467188196,0.9056155917352893,0.6628856290918211,0.12970546188027038,0.5768387012424891,0.4441640128244242
0.7376403596925774,0.3439748210841655,0.09353914896449117,0.634641519387821,0.31761736788537054,0.16465116837554095,0.34911417323971283,0.2554794365174238
0.7756946120175048,0.36779708555144003,0.08657289225785425,0.6294894651039706,0.33796806387384365,0.13243815564546746,0.346570969398983,0.2589597565792371
0.7757810015268585,0.3679164207452465,0.08659639149176618,0.6295146469617565,0.3379797960091578,0.132375023350629,0.3466066773861163,0.25901013335343565
0.7187428177941437,0.33224269164123793,0.09705752616867758,0.6372553193164252,0.30745961809410527,0.18066297629832007,0.35043933714077763,0.2538148416478151
0.7218528401308691,0.3365387586182703,0.09790349858950859,0.6381618661967241,0.30788197496541564,0.1783902136841362,0.35172482467757515,0.25562840551896454
0.5220673058049837,0.31006974095042455,0.2946479260505658,0.9133110136555335,0.64371987877008,0.15554211283166142,0.5829884117836788,0.44577174695666916
0.7533750056719548,0.3546730584873255,0.09212723921283661,0.6325246544641481,0.34277201671570784,0.12268958317645356,0.2951979520086455,0.2316764368197709
0.8909196908232837,0.33505962507516135,0.30282526451892244,0.7153727088572457,0.29408642609714764,0.44937746552604557,0.23143534831267815,0.13389757852040574
0.05687089216100488,0.09909815048197668,0.30171421788355046,0.2669957055349106,0.32566529074388834,0.4124611551248958,0.42052511391837066,0.3468130582967144
0.056869291344067485,0.09909679575800451,0.3017138759880346,0.2669956835037359,0.3256652150164437,0.41246060278759367,0.42052492207132963,0.34681226692372036
0.05686769052713003,0.09909544103403237,0.3017135340925188,0.26699566147256126,0.32566513928899904,0.4124600504502915,0.42052473022428866,0.34681147555072633
0.056866089710192524,0.09909408631006023,0.3017131921970029,0.26699563944138655,0.3256650635615544,0.4124594981129894,0.4205245383772476,0.3468106841777323
0.05686448889325513,0.09909273158608808,0.30171285030148703,0.2669956174102119,0.32566498783410974,0.4124589457756872,0.4205243465302066,0.3468098928047383
0.056860887055145914,0.09908968345715075,0.3017120810365764,0.2669955678400689,0.32566481744735926,0.4124577030167573,0.42052391487436436,0.34680811221550173
0.05685928623820846,0.0990883287331786,0.30171173914106053,0.26699554580889423,0.3256647417199146,0.4124571506794552,0.4205237230273233,0.3468073208425077
0.05685768542127101,0.09908697400920646,0.30171139724554463,0.26699552377771957,0.32566466599246996,0.41245659834215304,0.4205235311802823,0.3468065294695136
0.05685608460433361,0.09908561928523432,0.3017110553500288,0.2669955017465449,0.3256645902650253,0.4124560460048509,0.4205233393332413,0.3468057380965196
0.056854483787396104,0.09908426456126215,0.30171071345451295,0.26699547971537024,0.32566451453758066,0.41245549366754874,0.4205231474862003,0.34680494672352563
0.05685288297045871,0.09908290983728998,0.3017103715589971,0.2669954576841956,0.325664438810136,0.41245494133024657,0.42052295563915926,0.34680415535053155
0.056851282153521254,0.09908155511331784,0.30171002966348126,0.2669954356530209,0.32566436308269137,0.41245438899294445,0.4205227637921183,0.3468033639775375
0.0568496813365838,0.0990802003893457,0.30170968776796536,0.26699541362184626,0.3256642873552467,0.4124538366556423,0.42052257194507725,0.3468025726045435
0.05684808051964635,0.09907884566537356,0.3017093458724495,0.2669953915906716,0.32566421162780207,0.4124532843183401,0.4205223800980362,0.3468017812315495
0.05684607949847459,0.09907715226040836,0.3017089185030547,0.26699536405170327,0.32566411696849623,0.4124525938967124,0.42052214028923496,0.346800792015307
0.056844478681537136,0.09907579753643622,0.30170857660753886,0.2669953420205286,0.3256640412410516,0.4124520415594103,0.4205219484421939,0.3468000006423129
0.05684287786459974,0.09907444281246408,0.301708234712023,0.26699531998935394,0.32566396551360693,0.4124514892221081,0.42052175659515295,0.34679920926931895
0.056841277047662286,0.09907308808849191,0.3017078928165071,0.2669952979581793,0.3256638897861623,0.41245093688480594,0.4205215647481119,0.3467984178963249
0.05683967623072478,0.09907173336451977,0.3017075509209913,0.2669952759270046,0.32566381405871764,0.4124503845475038,0.4205213729010709,0.34679762652333085
0.05683807541378738,0.09907037864054763,0.30170720902547543,0.26699525389582995,0.325663738331273,0.41244983221020165,0.4205211810540299,0.3467968351503369
0.611150280442354,0.2547359081772838,0.5126244304396459,0.9995804829447412,0.5886253807896369,0.49528944165434385,0.4658268846219671,0.3143569603020332
0.6111515459887953,0.2547350749225027,0.5126269756014126,0.9995808705102495,0.5886259055515173,0.4952911559610959,0.46582848456088266,0.3143569282770482
0.6111520433083052,0.2547344105491896,0.5126281277469187,0.9995815294040226,0.5886267119585864,0.49529214412402833,0.46582689230367846,0.3143547919114899
0.6111516701983031,0.2547348017618839,0.5126273452677244,0.9995816949693084,0.5886267363228717,0.49529142668513737,0.4658271988772081,0.3143554134813311
0.6111512484201247,0.2547351848668537,0.5126263961246993,0.9995806140834441,0.5886256763816449,0.4952908781212344,0.4658276486313772,0.3143565742142323
0.6111512597346572,0.25473517641219734,0.5126264191012677,0.9995806156163027,0.588625679836771,0.49529089491185907,0.4658276575617572,0.31435656970131565
0.495554826396392,0.2873631369866544,0.2960451812719356,0.9134687065982299,0.6324526477867176,0.1780345910090279,0.5809162076097427,0.4395910408051709
0.49624594247121984,0.2883178185371061,0.2962331751432314,0.9136701614605185,0.632546504869231,0.1775295326503204,0.5812018715068088,0.43999405499875965
0.5229185402114668,0.3107901154226147,0.2948297289911225,0.9133227287326611,0.6437601468387721,0.15583581819208164,0.5830904264477378,0.4461925595462421
0.5146251473135325,0.2993339368171949,0.29257380253557314,0.9109052703851978,0.6426338618486112,0.16189651849657194,0.5796624596829444,0.4413563892231768
0.5608864030270408,0.3344930446960828,0.2878399730505736,0.9081454925910247,0.6640991106919312,0.12368593775684655,0.5805115146198747,0.4496225028338568
0.5202404654215088,0.30709072441461455,0.2941012527398513,0.9125420911412928,0.6433964506440328,0.1577929193320733,0.5819834788466066,0.4446308795460856
0.4972826165834616,0.28974984086278355,0.296515165950175,0.9139723437539514,0.632687290493001,0.17677194511225908,0.5816303673524079,0.44059857628914284
0.49806012216764295,0.29082385760704166,0.2967266590553828,0.9141989804740261,0.6327928797108286,0.1762037544587131,0.5819517392366074,0.4410519672569302
0.5382741122264075,0.3176295019194776,0.29034788319654525,0.9096764726348276,0.6534368790821561,0.14241243435767859,0.5803012350742092,0.4457917066737084
0.5118941989412437,0.2988967207464596,0.29479776615766484,0.9115281146790596,0.6576894215642541,0.13563107974607136,0.5272499422886082,0.41614067852690817
0.5162665479912487,0.3016013054995176,0.2930202879799006,0.9113837256831332,0.6428567724195806,0.16069700489464156,0.5803409114384764,0.4423135479329502
0.5522474520916927,0.3225595253154372,0.28549004965937635,0.905627306812417,0.6629258971605134,0.1299991672406906,0.5769407159065483,0.44458482541399713
0.4952956578683316,0.28700513140523504,0.2959746835701997,0.9133931610248717,0.632417451380775,0.1782239878935432,0.5808090836483428,0.43943991048257514
0.514711536822886,0.29945327201100136,0.29259730176948506,0.9109304522429839,0.6426455939839254,0.1618333862017335,0.5796981676700776,0.44140676599737544
0.05986361942554641,0.10163080694790905,0.3023533915504445,0.2670368928159454,0.3258068632016601,0.4134937497112721,0.4208837719615459,0.34829253010904465
0.0717409598683133,0.7681837640319193,0.6316585679729863,0.3410547630360242,0.17982002934859895,0.18476307820081148,0.17827938073122174,0.8781187456392476
0.059862418812843377,0.10162979090492993,0.30235313512880757,0.2670368762925644,0.32580680640607657,0.4134933354582955,0.4208836280762651,0.34829193657929913
0.05986201860860901,0.10162945222393688,0.30235304965492865,0.26703687078477073,0.32580678747421543,0.41349319737396995,0.4208835801145049,0.3482917387360506
0.12763233028770782,0.8917838683386967,0.4000161863770122,0.19589452346622038,0.44956077585329535,0.5433532570235262,0.21063487916812856,0.8088524137725922
0.18281659888634394,0.7392479459744257,0.839683611476195,0.4225784420620772,0.13203826846747485,0.4941047015839864,0.06588874799778505,0.7612108787869264
0.05985961738320289,0.10162742013797865,0.30235253681165486,0.26703683773800874,0.3258066738830484,0.4134923688680167,0.42088329234394334,0.3482905516765596
0.05985921717896847,0.10162708145698565,0.3023524513377759,0.26703683223021507,0.32580665495118727,0.4134922307836912,0.4208832443821831,0.3482903538333111
0.05985881697473411,0.1016267427759926,0.3023523658638969,0.2670368267224214,0.32580663601932613,0.41349209269936565,0.4208831964204228,0.3482901559900626
0.0598584167704998,0.10162640409499957,0.30235228039001794,0.26703682121462774,0.32580661708746494,0.41349195461504007,0.4208831484586626,0.34828995814681407
0.05985801656626538,0.10162606541400654,0.30235219491613896,0.2670368157068341,0.32580659815560375,0.41349181653071454,0.42088310049690236,0.34828976030356557
0.12762832824536424,0.8917804815287664,0.4000153316382225,0.19589446838828373,0.4495605865346838,0.5433518761802708,0.21063439955052604,0.8088504353401071
0.23870631620785732,0.8628467346235743,0.6080407818171125,0.2774181733782345,0.40177892327966047,0.8526942504851331,0.0982440133231362,0.6919437764000642
0.059856137890495376,0.101622855030569,0.3023512471596377,0.26703533079497016,0.3258067158505089,0.41349213443966815,0.4208832430488675,0.34828647932621276
0.05985573768626101,0.10162251634957598,0.3023511616857587,0.26703532528717644,0.3258066969186477,0.4134919963553426,0.4208831950871072,0.34828628148296426
0.05985533748202665,0.10162217766858292,0.30235107621187973,0.26703531977938283,0.3258066779867866,0.4134918582710171,0.4208831471253469,0.34828608363971575
0.18281219663976594,0.7392442204835024,0.8396826712635265,0.42257838147634685,0.13203806021700207,0.4941031826564055,0.06588822041842224,0.7612087025111929
0.05985493727779234,0.10162183898758989,0.30235099073800076,0.26703531427158916,0.3258066590549254,0.41349172018669156,0.4208830991635867,0.34828588579646724
0.07173335598786046,0.7681773290930516,0.631656943969286,0.3410546583879445,0.17981966964323687,0.18476045459862625,0.17827846945777692,0.878114986617526
0.05985561534085926,0.10162403332804831,0.3023516820728652,0.2670367826600721,0.3258064845644368,0.4134909880247613,0.4208828127263408,0.34828857324407453
0.02630614558226424,0.052656509000671814,0.2796830500205321,0.24200851060718642,0.32149440866929846,0.43090127352098917,0.47309871383619195,0.3309218325832487
0.01792839791017331,0.041287771282725316,0.27503217894577825,0.23648212447950506,0.3238862224385945,0.4289948243753212,0.47298034556124174,0.32123855649648675
0.03374844776060587,0.06275128358699306,0.28381385476073734,0.2469145870315973,0.31936901339894025,0.43259842091843687,0.4732049440449012,0.3395169212528741
0.023964508356002334,0.04946449850810186,0.27838070599056086,0.24045360350232994,0.3221608911074166,0.4303796849607777,0.47306903736256917,0.32819327360356687
0.017439866425007777,0.040601906679836486,0.27475715468137674,0.2361435259183649,0.3240224337069165,0.42890163819589766,0.47297887870233424,0.32063878154613523
0.01744562884484213,0.04061544352087293,0.2747613060621196,0.2361514026379201,0.32402160237861877,0.4288984633573691,0.47297760425409063,0.32065420096693675
0.017895246210879123,0.04120989266639197,0.27500829569360297,0.2364368090311998,0.3238910051421348,0.4290130894957449,0.4729876775721247,0.32114984723607315
0.023029134003238583,0.04819070249797086,0.27786069090762633,0.2398333910425107,0.32242729934304215,0.43017034401702015,0.4730568835623992,0.32710527654965
0.02256564414500767,0.04756366466106776,0.27760370721139155,0.23952902217622773,0.3225598979254281,0.43006336100843534,0.4730498783605072,0.32657250945265814
0.032060154939914653,0.04743543846448428,0.26713088193526435,0.23507361020968032,0.2639096973144519,0.5321543428970846,0.6837844971627732,0.42419273108815253
0.0397992843904561,0.07096260496168505,0.2871729908896407,0.250906195448841,0.31764155756211243,0.4339751680276537,0.4732903789229394,0.3465110435464469
0.04352662474537494,0.07602453182484778,0.2892428521501709,0.2533676938413094,0.3165779670187617,0.43482033171462464,0.47334212517547686,0.35082514948137977
0.01743360601827404,0.04058719998834004,0.274752644539335,0.2361349684946506,0.32402333687840057,0.428905087403188,0.47298026328808035,0.3206220295827953
0.02580559127053067,0.051942400865250093,0.279399364233346,0.24165347790277678,0.3216323544374023,0.4308147113873845,0.47309990601127416,0.33028988624875577
0.017899443529030168,0.04121975283455437,0.27501131953883545,0.23644254639482642,0.32389039960670807,0.4290107769590389,0.4729867492703176,0.32116107866603966
0.017431685211662606,0.040582687707994614,0.27475126074575407,0.2361323429214655,0.32402361398783314,0.4289061456826975,0.47298068810416155,0.32061688977586145
0.0285874552527291,0.05570680046609447,0.28094193268173806,0.24348095526534153,0.32083662952002623,0.4314560998969072,0.4731417326815502,0.33348896355256413
0.017428555008295765,0.04057533436224636,0.27474900567473326,0.23612806420960838,0.32402406557357516,0.42890787028634264,0.47298138039703463,0.32060851379419153
0.017906130781677465,0.04123546225501645,0.2750161371905618,0.23645168727924853,0.32388943485535016,0.42900709257852426,0.47298527028099785,0.3211789728086982
0.03327201024299392,0.0620938296381314,0.28354754327073456,0.24659251985717792,0.31950347990416816,0.432498571497657,0.47320080241807505,0.3389495080498837
0.9060443978907124,0.15270882536963068,0.6112714973251838,0.12761983974526564,0.27445784401731355,0.4165412727767469,0.35047276639516667,0.31530319147700453
0.9061510605949425,0.15268645880966655,0.6113079854680535,0.1276871990484042,0.2743080418425954,0.41687974847655157,0.35057109165943934,0.3152718026257104
0.9061886264210293,0.15267856591300588,0.6113208739698317,0.12771093249851784,0.2742553375747789,0.416998924585022,0.3506056837825572,0.3152607089204663
0.7533814036993209,0.35357408134788326,0.035581692261233366,0.50183040425097,0.18935145193825054,0.17446898940195038,0.3728812587746686,0.37076197989173093
0.772365335107108,0.3654255459846173,0.03208681429095889,0.4992417861801518,0.19952093386482997,0.15839404918433286,0.3715918028607371,0.3724769515355382
0.715413540883747,0.3298711520744152,0.04257144820178227,0.5070076403926065,0.16901248808509164,0.20661886983718544,0.3754601706025317,0.36733203660411623
0.8657770213546456,0.3243143894121822,0.24417386739794084,0.5841901597791767,0.1398725854886189,0.48791244467328154,0.2615385747164459,0.25333025142496024
0.8659263533869498,0.3242682461730163,0.24425157708549572,0.584257677500834,0.13967880755325152,0.48836347714251616,0.26165914273598656,0.2532779458657327
0.8659075904761038,0.3242869977940936,0.24421856019269228,0.5842726296498205,0.13968925171427948,0.488326761823312,0.26165890127437597,0.25329178926697143
0.7343970720872997,0.3417222780301562,0.039076484757628815,0.5044190168139946,0.17918195107980991,0.19054379153524237,0.3741706667268399,0.3690468104046751
0.5292553881814983,0.30785447834631013,0.23436395971614368,0.7780068890900672,0.5142924624949953,0.17160989296275092,0.6032203586306811,0.5560667918420668
0.906178825566154,0.15258100669432548,0.6114949292367367,0.12751020456649192,0.2743711150230514,0.4167980159763397,0.35053925866151636,0.3152645012416615
0.9060436041149009,0.15270814305146677,0.6112713398464488,0.12761982962825064,0.27445780817901005,0.4165410064508758,0.35047267570669655,0.31530279314500465
0.9061502597963174,0.15268578173922034,0.6113078137280001,0.1276871879799597,0.2743080038597308,0.41687947172891343,0.35057099542797465,0.31527140709483115
0.9061886797012293,0.15267770932933256,0.6113209957131738,0.12771146040978995,0.2742541014118479,0.41700135679632455,0.3506063747666314,0.3152600619687861
0.7936475862553418,0.18196749630617476,0.4026790792358624,0.0452600685922504,0.32393665569678054,0.10309741309521908,0.46181531180315905,0.43273432376852683
0.7343966718830652,0.3417219393491632,0.039076399283749896,0.5044190113062008,0.17918193214794878,0.1905436534509168,0.3741706187650797,0.36904661256142657
0.7723645346986394,0.36542486862263124,0.03208664334320099,0.49924177516456447,0.19952089600110764,0.15839377301568175,0.3715917069372166,0.3724765558490412
0.9060431972780095,0.1527078093266516,0.611271240903547,0.12761982322188467,0.2744577872217301,0.41654085852377026,0.3504726225098859,0.315302597947259
0.9061925359429707,0.1526616611313078,0.6113489640601247,0.12768734184211433,0.2742640113117815,0.41699190083578486,0.350593195764477,0.31525028974252867
0.06456333349079896,0.10222382387177267,0.29713174741443826,0.2660474801735849,0.292001119045846,0.4704195254885704,0.5390951585123414,0.40445162812042046
0.06455973165268974,0.10222077574283533,0.2971309781495276,0.26604743060344194,0.29200094865909554,0.4704182827296406,0.5390947268564991,0.4044498475311839
0.06455813083575229,0.1022194210188632,0.2971306362540117,0.2660474085722673,0.2920008729316509,0.4704177303923384,0.539094535009458,0.4044490561581899
0.06455653001881484,0.10221806629489105,0.2971302943584959,0.2660473865410926,0.29200079720420624,0.47041717805503624,0.539094343162417,0.40444826478519585
0.06455492920187744,0.10221671157091888,0.29712995246298,0.26604736450991795,0.2920007214767616,0.4704166257177341,0.539094151315376,0.40444747341220183
0.06455332838493999,0.10221535684694671,0.2971296105674642,0.26604734247874323,0.29200064574931694,0.47041607338043195,0.5390939594683349,0.4044466820392078
0.06455172756800254,0.10221400212297457,0.29712926867194833,0.26604732044756857,0.2920005700218723,0.4704155210431298,0.5390937676212939,0.4044458906662138
0.06455012675106508,0.10221264739900243,0.29712892677643243,0.2660472984163939,0.29200049429442765,0.47041496870582766,0.539093575774253,0.40444509929321976
0.06454852593412763,0.10221129267503029,0.2971285848809166,0.26604727638521924,0.292000418566983,0.4704144163685255,0.539093383927212,0.40444430792022573
0.06454692511719018,0.10220993795105815,0.29712824298540075,0.2660472543540446,0.29200034283953835,0.4704138640312233,0.5390931920801709,0.4044435165472317
0.06454492409601842,0.10220824454609295,0.29712781561600593,0.26604722681507625,0.2920002481802325,0.47041317360959567,0.5390929522713697,0.4044425273309892
0.06454332327908097,0.10220688982212081,0.2971274737204901,0.2660472047839016,0.29200017245278787,0.4704126212722935,0.5390927604243286,0.40444173595799515
0.06314520590367395,0.10031021626042569,0.29635182434907054,0.2651258104605176,0.29239876485404825,0.4700944515299151,0.5390728903555709,0.40282646242034487
0.06454012164520612,0.1022041803741765,0.29712678992945835,0.26604716072155227,0.29200002099789857,0.4704115165976892,0.5390923767302466,0.4044401532120071
0.06453852082826866,0.10220282565020436,0.2971264480339425,0.2660471386903776,0.2919999452704539,0.47041096426038703,0.5390921848832055,0.4044393618390131
0.06314040345286165,0.10030615208850927,0.296350798662523,0.2651257443669936,0.2923985376717143,0.4700927945180086,0.5390723148144478,0.4028240883013628
0.06453531919439376,0.10220011620226005,0.29712576424291076,0.2660470946280283,0.2919997938155646,0.47040985958578274,0.5390918011891236,0.40443777909302503
0.06453371837745636,0.10219876147828791,0.2971254223473949,0.2660470725968536,0.29199971808812,0.47040930724848057,0.5390916093420826,0.404436987720031
0.06453211756051891,0.10219740675431577,0.2971250804518791,0.26604705056567896,0.2919996423606753,0.4704087549111784,0.5390914174950415,0.404436196347037
0.06453051674358146,0.1021960520303436,0.29712473855636323,0.2660470285345043,0.2919995666332307,0.4704082025738763,0.5390912256480005,0.40443540497404296
0.0649379246541596,0.10254082928125549,0.29721175096514874,0.26605263546845637,0.2920188392678939,0.4705487724172744,0.5391400507199385,0.4046368094010224
0.0649367240414565,0.1025398132382764,0.2972114945435118,0.26605261894507537,0.29201878247231045,0.47054835816429774,0.5391399068346577,0.4046362158712769
0.06493592363298784,0.10253913587629035,0.2972113235957539,0.26605260792948804,0.2920187446085881,0.4705480819956467,0.5391398109111373,0.4046358201847799
0.06493512322451911,0.10253845851430424,0.29721115264799597,0.26605259691390065,0.2920187067448658,0.4705478058269956,0.5391397149876167,0.4046354244982829
0.06493432281605038,0.10253778115231815,0.297210981700238,0.2660525858983134,0.2920186688811435,0.4705475296583445,0.5391396190640962,0.40463502881178587
0.06493352240758166,0.1025371037903321,0.2972108107524801,0.266052574882726,0.29201863101742115,0.47054725348969345,0.5391395231405758,0.40463463312528886
0.06493272199911293,0.10253642642834601,0.2972106398047222,0.26605256386713866,0.2920185931536988,0.4705469773210424,0.5391394272170552,0.40463423743879184
0.0649319215906442,0.10253574906635995,0.2972104688569643,0.2660525528515513,0.2920185552899765,0.4705467011523913,0.5391393312935348,0.40463384175229483
0.06493112118217553,0.10253507170437387,0.29721029790920633,0.266052541835964,0.2920185174262542,0.4705464249837402,0.5391392353700142,0.4046334460657978
0.0649303207737068,0.10253439434238781,0.2972101269614484,0.26605253082037666,0.29201847956253185,0.47054614881508916,0.5391391394464937,0.4046330503793008
0.06492952036523802,0.10253371698040173,0.2972099560136905,0.26605251980478933,0.2920184416988095,0.4705458726464381,0.5391390435229733,0.4046326546928038
0.06492831975253499,0.10253270093742262,0.29720969959205357,0.26605250328140834,0.292018384903226,0.47054545839346146,0.5391388996376925,0.4046320611630583
0.06492751934406626,0.10253202357543653,0.2972095286442957,0.266052492265821,0.2920183470395037,0.4705451822248104,0.5391388037141719,0.40463166547656126
0.06492671893559754,0.10253134621345045,0.2972093576965377,0.2660524812502337,0.29201830917578137,0.4705449060561593,0.5391387077906514,0.40463126979006425
0.06492591852712881,0.10253066885146439,0.29720918674877983,0.26605247023464634,0.29201827131205904,0.4705446298875082,0.539138611867131,0.40463087410356724
0.06492471791442572,0.10252965280848528,0.2972089303271429,0.26605245371126535,0.2920182145164756,0.4705442156345316,0.5391384679818502,0.4046302805738217
0.064923917505957,0.10252897544649922,0.29720875937938496,0.266052442695678,0.29201817665275326,0.4705439394658805,0.5391383720583297,0.4046298848873247
0.06492311709748833,0.10252829808451311,0.29720858843162706,0.2660524316800907,0.29201813878903093,0.47054366329722946,0.5391382761348091,0.40462948920082764
0.0649223166890196,0.10252762072252705,0.2972084174838691,0.26605242066450335,0.2920181009253086,0.47054338712857835,0.5391381802112887,0.4046290935143307
0.06492111607631651,0.10252660467954794,0.29720816106223225,0.26605240414112236,0.2920180441297251,0.47054297287560176,0.5391380363260079,0.4046284999845851
0.8415703345041957,0.07840270997965026,0.5893312596055743,0.09937502274074803,0.2776120190590476,0.42245026757456217,0.3512389438714885,0.2602398166366936
0.8879847394785815,0.14169734276479964,0.6149572611583562,0.13018655153994127,0.2644122900659737,0.4327789199119973,0.35182875724441054,0.3140886218834723
0.8875414232344488,0.14175748183606732,0.6148645507425597,0.12983932052293107,0.2650688020288233,0.4313118998861303,0.3514092667798738,0.3142282452133227
0.8874865006747288,0.14180175780734983,0.6147869331971474,0.1298717777152073,0.2651121072865233,0.43119772847471044,0.35136944334549647,0.3142352613695578
0.887507929958429,0.14174268321926595,0.6148922115158926,0.12978087487963405,0.2651395694401816,0.43117475806480104,0.35134570838241064,0.31421811844601893
0.8871435872040052,0.1418536996019414,0.61470548105494,0.12961430292775175,0.26561433114281097,0.4300729127311833,0.3510467484454589,0.3143417484935913
0.8868726289341802,0.14193072923743794,0.6145764941939469,0.12948461293726662,0.2659740064662741,0.4292501622710749,0.3508036370084847,0.31441584314754534
0.8868699815111434,0.14193134619140807,0.6145754775568588,0.12948306772267928,0.26597766081769314,0.4292418745410021,0.35080121691248023,0.3144166049763559
0.6512697495018809,0.5806664034540142,0.05494502429161813,0.08589253492241536,0.4571829893602991,0.5044859743160013,0.3788662548929632,0.333895655777288
0.9260859886514419,0.16527712201644879,0.6081832829232517,0.12490701904245369,0.2846623873099634,0.4008887507078816,0.3493163845531736,0.31747937720825037
0.9259226651539174,0.16540408730645365,0.6079609786316049,0.12498647623358439,0.28479482470451384,0.4005314277524212,0.3492218964707987,0.3175276289875521
0.9254597613206581,0.16550325621584905,0.6077988531930032,0.1246984509986318,0.2854427814720976,0.3990663359075694,0.3487958691593223,0.31766326604719475
0.9254114082428377,0.16551018138153456,0.6077880843821807,0.1246613276246818,0.2855140103987997,0.39890699726064616,0.34875023542771794,0.31767839283430643
0.9253720470072797,0.16551911503697464,0.6077733985885568,0.12463786377619426,0.2855685892846198,0.3987833386182475,0.3487141751758612,0.31768978626600725
0.9248668310073263,0.1656100352006272,0.6076275456099711,0.12428802651388354,0.28629365299008014,0.3971525569249601,0.3482434953752024,0.31784265534008976
0.9248383849484949,0.16563367769020781,0.6075860689819099,0.12430629353983197,0.2863153482242736,0.3970947281495812,0.34822310401956014,0.3178460908110423
0.8136112176288413,0.19464805201386395,0.39939344132129223,0.04268493360032666,0.3341524828194853,0.08736050330651951,0.4606432662783279,0.43493361568467764
0.841569534095727,0.07840203261766418,0.5893310886578165,0.0993750117251607,0.27761198119532526,0.4224499914059111,0.351238847947968,0.2602394209501966
0.8879839390701127,0.14169666540281356,0.6149570902105984,0.13018654052435394,0.2644122522022514,0.43277864374334624,0.35182866132089,0.3140882261969753
0.8875413885969934,0.1417567057074618,0.6148645307529321,0.12983991978876538,0.2650676248431165,0.4313141671912727,0.35140989715895127,0.31422760691737456
0.9125011922540662,0.14313089725121494,0.6276792919256603,0.13181490869230927,0.20209147980293868,0.5603330495464116,0.549441689529394,0.4024315343027168
0.9109316890472168,0.14606207731356693,0.624095177776268,0.1346729715629071,0.20237276770636659,0.5576608014927584,0.5526285781920238,0.40734631378253977
0.9096690655416899,0.14651457007875515,0.6217280582794535,0.1339647776066042,0.20291800919974906,0.5542440878009605,0.5538837235471298,0.4087564626706802
0.9096682781843531,0.14651529125896676,0.6217267906056805,0.13396542032623626,0.2029185411861889,0.5542426094353894,0.5538831811816006,0.4087565390160911
0.9096682820425712,0.1465152985807871,0.6217268018447168,0.13396542948353848,0.20291856312812503,0.5542427047123396,0.5538832004638068,0.4087565220462345
0.9097829863130477,0.14637727142957116,0.621969566318396,0.13387766133829718,0.20288595429777967,0.5544897514425332,0.5536969083919656,0.40849456543092627
0.9096695849386083,0.1465137104012632,0.6217293974885139,0.1339638120721701,0.20291752886727538,0.554245635363571,0.5538811823644113,0.40875386131399183
0.910728240711742,0.14533597475716023,0.623802108579949,0.13314953365770815,0.20249418841386538,0.5564388689483307,0.5529146198780656,0.40704399274030856
0.9096740513850976,0.1465122591524284,0.6217331963834078,0.13397018574409142,0.20291685703295076,0.5542570831421146,0.5538842036172371,0.408750373968529
0.9098707169499005,0.1463305467945343,0.622048770132239,0.1337904808948941,0.2027697842524779,0.5546269450113404,0.5540273510863928,0.4087443325241244
0.909663257745871,0.14652118371832845,0.6217133167476708,0.13395923999871268,0.20290851569910734,0.5542368745601083,0.5538900253054181,0.40876993453113597
0.9096632136582097,0.14652121666233436,0.621713227218283,0.13395923402584953,0.2029085022360292,0.5542368091345707,0.5538899905077304,0.4087699521159492
0.9098631840713796,0.14627951880539353,0.6221425968781122,0.13382134425900138,0.20286964141581293,0.554662628256702,0.5535543696888341,0.40829833310895847
0.9087498611607538,0.14656738540682035,0.6200652748767015,0.13300260682063716,0.20335432305860368,0.5515586288025462,0.5546709451437658,0.40946399282835994
0.9087486708249539,0.14656849581805795,0.6200629690502223,0.13300227760269734,0.20335381714871126,0.5515566059941103,0.5546711263424434,0.4094654579162159
0.9087338620299893,0.14663806968615323,0.6199365466700206,0.13298508397762598,0.20327099923144556,0.5514743815727658,0.555130925994588,0.40991704665794065
0.908589445864288,0.14676318557933055,0.6197223309007682,0.13311214285067824,0.20338810179538086,0.5512083222125862,0.5549640314895818,0.40986409802108376
0.908551033761745,0.14680615260087704,0.6196410711710636,0.1331341394844212,0.20339372149007884,0.551130280139783,0.5550105711354433,0.40994008127462706
0.908545760779328,0.14681096688580716,0.619632607433137,0.13313841045773706,0.20339729723252148,0.5511203528143717,0.5550069336472968,0.4099405975592244
0.90854336650418,0.14681221066312458,0.6196304564044284,0.13313841862021666,0.2033998938978209,0.5511141161017719,0.555004971188216,0.4099410950581616
0.7268964774123277,0.1300933432498426,0.8655349164910071,0.5324772141712839,0.763855666124081,0.35964185443220364,0.5494506556382808,0.3830849324989974
0.7268973210700453,0.13009253248969416,0.8655367471501598,0.532478136099012,0.763856716593808,0.35964319280837986,0.5494499378035995,0.38308313074402806
0.7268973214602016,0.13009253219815425,0.8655367479424554,0.5324781361518691,0.7638567167129503,0.3596431933873669,0.5494499381115436,0.38308313058841026
0.7268964785827965,0.130093342375223,0.8655349188678936,0.5324772143298556,0.7638556664815077,0.35964185616916483,0.5494506565621132,0.383084932032144
0.7268964789729527,0.1300933420836831,0.8655349196601891,0.5324772143827128,0.7638556666006501,0.3596418567481519,0.5494506568700573,0.3830849318765262
0.6114787564564856,0.16278848690379,0.6490885413914196,0.44646809421657674,0.8076796930481482,0.04254616075304146,0.6645830588183752,0.5082628423019206
0.7113167557638066,0.6183480284508018,0.09889142925244038,0.20834714540013058,0.626119847156968,0.43031743930299804,0.34992364781274776,0.22539999481951142
0.6543649615404454,0.5827936345405997,0.1093760631632637,0.21611299961258526,0.5956114013772297,0.47854225995585065,0.3537920155545423,0.2202550798880894
0.44922327763464426,0.5489258348567537,0.30466353812177854,0.4897008718886579,0.9307219127924149,0.45960836138335914,0.5828417074583835,0.407275061325481
0.4682072090424313,0.5607772994934878,0.3011686601515041,0.4871122538178397,0.9408913947189943,0.4435334211657416,0.581552251544452,0.4089900329692884
0.6733488929482325,0.5946450991773338,0.10588118519298934,0.21352438154176706,0.6057808833038091,0.4624673197382331,0.35250255964061084,0.22197005153189678
0.654278572031092,0.5826742993467933,0.10935256392935178,0.21608781775479916,0.5955996692419154,0.4786053922506891,0.35375630756740906,0.22020470311389082
0.43015295671750375,0.5369550350262132,0.30813491685814104,0.49226430810169003,0.9205406987305214,0.47574643389581517,0.5840954553851818,0.4055097129074751
0.46812081953307777,0.5606579642996813,0.3011451609175922,0.4870870719600536,0.9408796625836804,0.4435965534605801,0.5815165435573187,0.40893965619508976
0.6888243703995495,0.6049853309990745,0.10439877773959882,0.21133197104473592,0.6309003357282039,0.420695131423661,0.29847921444814374,0.1980159215116481
0.7051230176016219,0.11497339027106818,0.8151710126514848,0.40339110664889505,0.6112596627707014,0.40823113410079337,0.5872252638153574,0.49951522170982743
0.7047048925774093,0.11584119667975964,0.8137291576698877,0.40449149650713134,0.611307800943649,0.40752290108240885,0.588937134185989,0.5012071619412589
0.7047117336166278,0.11585275481747209,0.8137493777242751,0.40465642042432165,0.6114386981872799,0.40750535684932565,0.5889433566624261,0.5011551844106793
0.7047130021860003,0.11585279806635684,0.8137492560262174,0.4046578551565661,0.611436596713268,0.407509950236406,0.5889446280685202,0.5011547248477378
0.7047130014056877,0.1158527986494366,0.8137492544416265,0.4046578550508517,0.6114365964749834,0.4075099490784319,0.588944627452632,0.5011547251589734
0.963549188668881,0.17929038642152756,0.6044998420201757,0.12292006183874626,0.23906068326686242,0.4921794888883104,0.5288649923881074,0.40182149158068936
0.6642828754435387,0.5858995912185769,0.04763095480737417,0.08387680028004887,0.4042313873546649,0.5955867852814544,0.5648309838322974,0.42457821383579925
0.7591161429731204,0.6450375792084406,0.030133065722089958,0.07090852806817166,0.45506706485224796,0.5152752164882051,0.5583479962755064,0.43310269528063733
0.23731857804071446,0.13891424652325451,0.5343302777438053,0.38321761485970973,0.2056989824759855,0.8430956773370633,0.48573277456670727,0.3652390272068725
0.7257589600769825,0.6257807988258319,0.03853140566023411,0.07757810333404691,0.43641065618538677,0.5464870075671906,0.564975499547121,0.4332978904674341
0.723174571821332,0.6222767819828656,0.036941460542068594,0.07528095871244037,0.43387198587666986,0.5489973248610046,0.5632651685904878,0.4314318373638997
0.6851203194964046,0.5984545175155911,0.04390771724870551,0.08043301299629074,0.4135212898881968,0.5812103375910781,0.5658083724312175,0.4279515173020864
0.49896256699839037,0.576438182468479,0.23570031423694593,0.3514322672015452,0.7588012832299615,0.5462014988009691,0.7935686084211272,0.6166864703832854
0.741682245983698,0.6338514789830887,0.03267540394992963,0.07341102127649102,0.4375639544528919,0.5440757523964277,0.5856053337476453,0.44398743166456744
0.7606661773914851,0.6457029436198227,0.029180525979655147,0.07082240320567282,0.44773343637947133,0.5280008121788101,0.5843158778337137,0.4457024033083748
0.722698660174877,0.6220465331266581,0.03617540427013871,0.07602363702945714,0.4274021343114767,0.560057872189216,0.5869201858702556,0.4422803004965299
0.7415962020733107,0.6337786625695857,0.032657027065952304,0.07340983710085283,0.437559884102742,0.5440460642664369,0.5855950219691909,0.4439448953661386
0.7608393020091582,0.6459881327877391,0.02923264679741383,0.07089676460339284,0.44776456243526397,0.527781727164304,0.5844126900166591,0.4458109973325417
0.7036283392577367,0.6100757332961175,0.03964678300650115,0.07858707324248929,0.4172209202495831,0.576195944701672,0.588173933797054,0.4405149520785239
0.07247128661900287,0.10618425470009774,0.2943523921729787,0.26485211758628285,0.26999965630408884,0.5101270250592073,0.6185734427795567,0.4436353590388644
0.07336510237784899,0.10741635896672536,0.2948613318367089,0.26546588597076193,0.26973211346742665,0.5103259150884706,0.618582095905688,0.4446933445142641
0.07289954943103538,0.10678447460648818,0.2946028618436649,0.26515869704439127,0.26986500968586985,0.5102200687504701,0.618575546987735,0.44415505688389884
0.07103762220772342,0.10425760565151662,0.2935691868779455,0.2639303303127139,0.27039655350639347,0.5097965266163186,0.6185492883802075,0.44200266781531683
0.07331420529909977,0.10737317935911533,0.2948504254024663,0.26546508923751505,0.26972971938437135,0.5103084175746646,0.6185760204960647,0.44466802805848404
0.04445425149119542,0.06820610819321327,0.27882830175341844,0.2464247532440778,0.27796863072974676,0.5037440517314566,0.6181696425438569,0.4113055041324015
0.25139733135385645,0.8679464981555327,0.6003755273694047,0.27583600590372703,0.3456658199657958,0.9492467146239152,0.2958451718985297,0.7879439798579349
0.17236755678417603,0.8450065315518064,0.8730736808898159,0.4151631401477594,0.03370727184052219,0.474523898332931,0.6348798792779314,0.18189195908867414
0.06100804308822355,0.8735632662159264,0.6649730566010377,0.3335635884951553,0.0814526950661554,0.16536326866955486,0.7471604984895828,0.2986363868533285
0.06099203491884919,0.8735497189762048,0.6649696376458791,0.33356336818340865,0.0814519377917089,0.1653577452965333,0.7471585800191727,0.29862847312338825
0.061241998749519355,0.8738999348947846,0.6650381694483989,0.33363878707751254,0.08148669876484468,0.1651651724725306,0.7472646008600866,0.2987750530512684
0.2279537351885588,0.9682096819629651,0.6413509720960249,0.26992672160832576,0.30341064477524243,0.833287594342724,0.6671227381510094,0.11245174492584481
0.0843463855398846,0.7732110093073253,0.6239751322442498,0.33947142424082244,0.1237028911772231,0.28128607277312945,0.3758703182941564,0.9740765890110614
0.11682737674543336,0.9971024079439572,0.43331528970685007,0.1884023575224916,0.35119003383584263,0.5239285923136726,0.7795073638096439,0.229334443201942
0.06125194925011013,0.8739545820189207,0.6650453431714287,0.3336629169467084,0.08149481491467692,0.1650756660715143,0.7472911481510114,0.2987876417650023
0.22988066089417544,0.14071463427422098,0.5284913466045088,0.37768353743727495,0.20860932106651853,0.8298735265636428,0.5067149734606679,0.38104750731768317
0.11645198517360394,0.9967847251724884,0.43323511520838176,0.18839719121203283,0.35117227575007237,0.5237990692163176,0.7794623756785264,0.22914886623484307
0.11627989735282929,0.9966390923454822,0.4331983614404271,0.18839482286075643,0.35116413504977256,0.523739692956336,0.7794417521216173,0.22906379363798537
0.21155450859437772,0.12520575424106037,0.5245773267389818,0.3774313245497186,0.20774239328017413,0.8235503691285877,0.5045187085351425,0.37198786928208155
0.1724266594760382,0.8449176960202264,0.8730713559722916,0.41509198801752334,0.03368715950490103,0.47482323379363855,0.634810970832348,0.18189807073127026
0.12587758989055997,0.7817452552303521,0.8472291626256305,0.3843827285322182,0.046975674602246054,0.4642343407536829,0.6341544131566353,0.12808789088552808
0.06134741627896051,0.873850467698022,0.6650455384503993,0.33356825910418414,0.08146874928442102,0.16548036417761142,0.7472011700622776,0.29880415792806186
0.17242025581813208,0.8449122774158777,0.8730699875979329,0.41509189983996747,0.03368685647598024,0.47482102386544284,0.6348102031362399,0.18189490539491202
0.12587118662281016,0.7817398363344634,0.8472277950435672,0.38438264040751957,0.04697537169246746,0.46423213140447434,0.6341536457684713,0.12808472539355192
0.061341013011210754,0.8738450488021333,0.6650441708683359,0.33356817097948543,0.08146844637464243,0.16547815482840278,0.7472004026741137,0.29880099243608577
0.1724102511024294,0.8449038100995119,0.8730678515432542,0.41509176219798305,0.033686383298593414,0.4748175723362915,0.6348090044001777,0.1818899591580815
0.05976677000083136,0.10154884614759405,0.3023327068717352,0.2670355599298782,0.3258022816912588,0.4134603333044918,0.4208721652155646,0.3482446520429061
0.07164411044359825,0.7681018032316043,0.6316378832942768,0.34105343014995704,0.17981544783819767,0.1847296617940312,0.17826777398524035,0.878070867573109
0.18272214405437803,0.7391680222162469,0.8396634261717366,0.42257714132419966,0.1320337985228217,0.4940721038403794,0.06587742378731487,0.7611641904257818
0.05976596959236269,0.10154816878560796,0.30233253592397724,0.2670355489142909,0.3258022438275365,0.4134600571358407,0.420872069292044,0.3482442563564091
0.05976516918389396,0.1015474914236219,0.3023323649762193,0.26703553789870355,0.32580220596381415,0.41345978096718966,0.42087197336852356,0.3482438606699121
0.059764368775425236,0.10154681406163582,0.30233219402846134,0.2670355268831162,0.3258021681000918,0.41345950479853855,0.42087187744500304,0.3482434649834151
0.05976356836695651,0.10154613669964976,0.30233202308070345,0.2670355158675289,0.3258021302363695,0.4134592286298875,0.4208717815214825,0.34824306929691806
0.18271774922076967,0.7391642911860659,0.8396625010126818,0.4225770817427561,0.13203359253605235,0.4940705959135526,0.06587690205889069,0.7611620111933097
0.21738659851242498,0.13578146272449348,0.5361987603682596,0.37926842182913034,0.26473175482114114,0.7333890774972913,0.30913745333583376,0.28514462188529044
0.07163690676737977,0.7680957069737298,0.6316363447644555,0.341053331009671,0.17981510706469675,0.1847271762761715,0.17826691067355582,0.8780673063946359
0.07163570615467668,0.7680946909307506,0.6316360883428186,0.34105331448629,0.17981505026911326,0.18472676202319493,0.17826676678827508,0.8780667128648905
0.07163530595044232,0.7680943522497575,0.6316360028689396,0.34105330897849634,0.17981503133725213,0.18472662393886938,0.17826671882651485,0.8780665150216419
0.12752507555289938,0.8916931018325629,0.3999932793774498,0.1958930473775179,0.4495557021145039,0.5433162504242819,0.2106220254163807,0.8087993917819924
0.12752467534866502,0.8916927631515699,0.3999931939035708,0.19589304186972423,0.4495556831826427,0.5433161123399564,0.2106219774546204,0.808799193938744
0.18270814353883247,0.7391561634253127,0.8396604480549957,0.4225769494499937,0.13203313793309987,0.4940672807317654,0.06587575036075632,0.7611572632665812
0.23859986188151766,0.8627566454794264,0.6080180457653082,0.27741670830511933,0.4017738874045913,0.8526575200545399,0.09823125549490874,0.6918911500959616
0.2385994616772833,0.8627563067984334,0.6080179602914292,0.27741670279732566,0.40177386847273017,0.8526573819702145,0.09823120753314846,0.691890952252713
0.18270534210919198,0.7391537926583613,0.8396598497378429,0.42257691089543803,0.1320330054100717,0.4940663141414867,0.06587541462843455,0.7611558783638416
0.07162650145728644,0.7680869012679108,0.6316341224436024,0.3410531878070357,0.17981461483630654,0.1847235860837075,0.17826566366778923,0.8780621624701748
0.07162530084458335,0.7680858852249316,0.6316338660219656,0.3410531712836547,0.17981455804072305,0.1847231718307309,0.17826551978250849,0.8780615689404292
0.6299927374095987,0.2666881457858765,0.5089057641143888,0.996858006304333,0.5987366278138826,0.47892093299101934,0.4645803988004334,0.3162916774500759
0.6300943119790798,0.26659427237933353,0.5091169290148662,0.9969672678415614,0.5988501543503195,0.4790902188917712,0.46450212957341985,0.3160831682587626
0.6300938729207579,0.26659461522028893,0.5091160742159763,0.9969672916246474,0.5988501060994875,0.4790895328972589,0.46450179181869755,0.3160833169705289
0.6300963062225019,0.26659296289367507,0.5091197168802075,0.9969686360711413,0.5988500447080454,0.4790948355502435,0.4645018407061311,0.31608049765596646
0.6300984228065911,0.2665934497687588,0.5091179619901715,0.9969696913264003,0.598843857248937,0.47910363020399727,0.46450591334671315,0.3160820540328911
0.6300981788191068,0.2665936911240246,0.5091176137318414,0.9969699913332354,0.5988441260411039,0.4791031303797845,0.46450575591930876,0.31608204570530246
0.6300984960161754,0.2665934541021061,0.509118257868056,0.9969700343061355,0.5988442229037813,0.47910360109626254,0.46450600627789423,0.3160819191880182
0.6301010551314007,0.2665929178947437,0.5091191319798788,0.996971650822428,0.5988406274104441,0.47911172334118807,0.4645083654609578,0.3160811661705576
0.6301020742730321,0.26659307372770885,0.5091183197528754,0.9969726354360534,0.598838020645037,0.47911611876792515,0.46450939606268526,0.31608093815001814
0.630121531954765,0.26658862532044547,0.5091261327974163,0.9969845834813388,0.5988118646551691,0.47917670709046273,0.464527242004908,0.3160751404746947
0.6301208403282351,0.26658902972007037,0.5091247531022814,0.9969842736687657,0.5988115151515894,0.47917584447367273,0.4645260950518217,0.3160749435858727
0.6301217206606446,0.26658819155517366,0.509126658237208,0.99698520056507,0.5988125768206912,0.47917723727463235,0.46452540616388943,0.3160731272028286
0.6301226502632927,0.2665876772665898,0.5091284285609522,0.9969845188732972,0.5988120678526473,0.4791785303946342,0.4645275236046848,0.31607422167482535
0.6301230392491198,0.2665873866013343,0.5091292184795327,0.9969845715719214,0.5988121866375049,0.4791791076447309,0.4645278306249919,0.3160740665238631
0.6301216441900105,0.26658824869698916,0.5091265029472966,0.9969851902050596,0.5988125534688035,0.479177123793169,0.46452534580683813,0.3160731577039205
0.6301273687425613,0.26658677658702823,0.5091293104270331,0.9969883884319093,0.5988053426374536,0.4791942420589459,0.46453110864860236,0.31607198822684646
0.6301269058581724,0.26658724944652873,0.5091284250193207,0.996987635038622,0.5988046134423818,0.4791934947441003,0.46453156110631955,0.31607305971089483
0.6301266654013109,0.2665875415356655,0.5091279119205852,0.9969878185753541,0.5988046783150438,0.47919297416080897,0.4645319723808567,0.31607362837067865
0.6301266669619361,0.266587540369506,0.509127915089767,0.996987818786783,0.5988046787916129,0.4791929764767572,0.46453197361263326,0.3160736277482074
0.6301275956931027,0.26658729031356676,0.5091283233680864,0.9969882846147927,0.5988034175834848,0.47919583065629806,0.46453281096306814,0.31607337296268
0.0736173901671664,0.10687781555769812,0.2935317946724865,0.2652351153470625,0.26218225551692526,0.5227027879177796,0.6447563659352653,0.4567815683183873
0.07361658975869767,0.10687713819571207,0.2935316237247286,0.2652351043314752,0.26218221765320293,0.5227025117491285,0.6447562700117448,0.4567811726318902
0.07361498894176027,0.10687578347173993,0.29353128182921273,0.2652350823003005,0.2621821419257583,0.5227019594118263,0.6447560781647038,0.4567803812588962
0.07361418853329149,0.10687510610975384,0.2935311108814548,0.2652350712847132,0.26218210406203596,0.5227016832431752,0.6447559822411834,0.4567799855723992
0.07361298792058846,0.10687409006677473,0.2935308544598179,0.2652350547613322,0.26218204726645244,0.5227012689901986,0.6447558383559026,0.4567793920426537
0.07361178730788537,0.10687307402379562,0.293530598038181,0.2652350382379512,0.262181990470869,0.522700854737222,0.6447556944706218,0.45677879851290815
0.07361098689941664,0.10687239666180956,0.2935304270904231,0.26523502722236386,0.26218195260714666,0.522700578568571,0.6447555985471013,0.45677840282641113
0.07360978628671355,0.10687138061883042,0.2935301706687862,0.26523501069898286,0.26218189581156315,0.5227001643155943,0.6447554546618205,0.4567778092966656
0.07360898587824488,0.10687070325684436,0.2935299997210283,0.26523499968339553,0.2621818579478408,0.5226998881469432,0.6447553587383,0.4567774136101686
0.07360738506130743,0.1068693485328722,0.29352965782551244,0.26523497765222087,0.2621817822203962,0.5226993358096411,0.644755166891259,0.45677662223717463
0.0736065846528387,0.10686867117088614,0.2935294868777545,0.26523496663663354,0.26218174435667385,0.5226990596409901,0.6447550709677385,0.4567762265506776
0.07360578424436998,0.10686799380890008,0.29352931592999654,0.2652349556210462,0.2621817064929515,0.522698783472339,0.644754975044218,0.4567758308641806
0.07360258261049507,0.10686528436095577,0.29352863213896485,0.2652349115586969,0.26218155503806223,0.5226976787977347,0.644754591350136,0.45677424811819256
0.0735969797512141,0.10686054282705323,0.2935274355046593,0.26523483444958557,0.26218128999200596,0.5226957456171771,0.6447539198854925,0.4567714783127135
0.07359577913851101,0.10685952678407415,0.29352717908302245,0.26523481792620457,0.2621812331964225,0.5226953313642005,0.6447537760002117,0.4567708847829679
0.07359497873004228,0.10685884942208804,0.2935270081352645,0.26523480691061724,0.2621811953327002,0.5226950551955494,0.6447536800766912,0.4567704890964709
0.07359377811733919,0.10685783337910895,0.29352675171362763,0.26523479038723624,0.26218113853711666,0.5226946409425728,0.6447535361914104,0.45676989556672537
0.07359097668769865,0.10685546261215767,0.29352615339647486,0.2652347518326806,0.26218100601408856,0.5226936743522941,0.6447532004590887,0.4567685106639858
0.0735893758707612,0.10685410788818553,0.293525811500959,0.2652347298015059,0.2621809302866439,0.5226931220149919,0.6447530086120477,0.4567677192909918
0.07358857546229253,0.10685343052619947,0.2935256405532011,0.2652347187859186,0.2621808924229216,0.5226928458463408,0.6447529126885271,0.4567673236044948
0.6723875945807141,0.5894331968280564,0.04352875565372005,0.08267101350013242,0.3739030981632798,0.647839627425436,0.6714641633777556,0.4768290362989356
0.7300305048789031,0.6259422722887102,0.03323211561419254,0.07510661414996633,0.40450540102553156,0.5991097484138759,0.6678814595330271,0.48237696542394637
0.6723012050713606,0.5893138616342499,0.04350525641980807,0.08264583164234632,0.3738913660279657,0.6479027597202744,0.6714284553906223,0.476778659524737
0.6914579154978546,0.6014039966585969,0.04005737691735756,0.08010757728710025,0.3840843122251735,0.6317015549129801,0.6702104154509574,0.47859438471694155
0.7118240790552974,0.6151648243962344,0.0369384866896747,0.07792186894085926,0.3944415083167797,0.6146164979779475,0.6694922873311581,0.4811153847479265
0.46724591067491283,0.5555653971442104,0.2388162306122349,0.35625888577620507,0.7090136095784652,0.6289057288529445,0.9005138552815968,0.6638490177363272
0.7109601839617625,0.6139714724581697,0.03670349435055498,0.07767005036299848,0.39432418696363797,0.6152478209263319,0.6691352074598254,0.48061161700594046
0.7107169460479839,0.6129995851407131,0.03639130150710468,0.07712521654392868,0.39391125738474075,0.6164772608104604,0.6695256287427922,0.4806594638966803
0.6913362965409653,0.6009180529998686,0.03990128049563241,0.07983516037756536,0.3838778474357249,0.6323162748550444,0.6704056260924408,0.47861830816231143
0.48619461263516406,0.5670502533160225,0.2351887554541473,0.353423032653638,0.7189883588509103,0.6133823762825528,0.899455317996282,0.6656382895997031
0.467210681227377,0.5551987886792885,0.2386836334244217,0.35601165072445623,0.7088188769243309,0.6294573165001703,0.9007447739102136,0.6639233179558958
0.8848198919928607,0.317400584401434,0.2457999596945693,0.5953420372370655,0.02442408238250915,0.7015399096240749,0.565922543608153,0.3870239950421905
0.8848201328398786,0.31740029202075737,0.2458004735856003,0.5953418537531903,0.02442401762898949,0.7015404307863531,0.56592213264156,0.3870234262267888
0.8848198951141113,0.317400582069115,0.24579996603293303,0.595342037659923,0.024424083335647495,0.7015399142559713,0.5659225460717061,0.38702399379724794
0.884827992940817,0.3173916174332152,0.24581571348514603,0.5953370746076753,0.02442094814967677,0.7015582852956541,0.5659110187628308,0.38700667060035976
0.8848270166775879,0.3173927965767376,0.24581363177527155,0.5953378067988881,0.024421203232060262,0.7015561815399678,0.5659126524670461,0.38700895099735433
0.8848214768060216,0.3173995216238396,0.24580181148926267,0.5953420268751579,0.02442269244387163,0.7015441942285787,0.56592210439074,0.3870220339072103
0.8848207445110607,0.31740040605436637,0.24580025000878297,0.5953425760053532,0.024422883725873756,0.7015426162670673,0.5659233295919154,0.38702374424386066
0.8848231701481161,0.3173974694198457,0.24580542378009368,0.595340743492319,0.024422241432936975,0.7015478533652812,0.5659192334755279,0.3870180492426602
0.8848236846152806,0.3173968601691429,0.2458065181149749,0.5953403809645734,0.02442212193384946,0.7015489443247509,0.5659184374096498,0.38701689853996035
0.06570231474178656,0.1031877099779566,0.29737500607397027,0.26606315535435854,0.29205499912271393,0.47081251347905273,0.5392316576820226,0.4050146900056695
0.06570071392484916,0.10318635525398445,0.29737466417845443,0.2660631333231839,0.2920549233952693,0.4708119611417506,0.5392314658349816,0.40501389863267545
0.06569991351638038,0.1031856778919984,0.2973744932306965,0.26606312230759654,0.29205488553154696,0.4708116849730995,0.539231369911461,0.40501350294617844
0.06569911310791171,0.10318500053001231,0.2973743222829386,0.2660631112920092,0.29205484766782464,0.47081140880444844,0.5392312739879406,0.4050131072596814
0.06569831269944298,0.10318432316802623,0.29737415133518064,0.2660631002764219,0.2920548098041023,0.4708111326357974,0.5392311780644201,0.4050127115731844
0.0656971120867399,0.10318330712504711,0.2973738949135437,0.2660630837530409,0.2920547530085188,0.47081071838282074,0.5392310341791393,0.4050121180434389
0.06569551126980244,0.10318195240107497,0.29737355301802787,0.2660630617218662,0.29205467728107415,0.4708101660455186,0.5392308423320983,0.40501132667044487
0.06569391045286499,0.10318059767710283,0.297373211122512,0.2660630396906915,0.2920546015536295,0.47080961370821645,0.5392306504850573,0.40501053529745085
0.06569311004439632,0.10317992031511675,0.2973730401747541,0.26606302867510423,0.2920545636899072,0.4708093375395654,0.5392305545615368,0.40501013961095383
0.06569230963592759,0.10317924295313066,0.2973728692269962,0.26606301765951684,0.29205452582618485,0.4708090613709143,0.5392304586380162,0.4050097439244568
0.06569070881899014,0.10317788822915855,0.29737252733148034,0.2660629956283422,0.2920544500987402,0.47080850903361215,0.5392302667909753,0.4050089525514628
0.06568990841052141,0.10317721086717246,0.2973723563837224,0.26606298461275485,0.2920544122350179,0.47080823286496104,0.5392301708674547,0.4050085568649658
0.06568910800205269,0.10317653350518638,0.29737218543596444,0.2660629735971675,0.29205437437129556,0.47080795669631,0.5392300749439343,0.4050081611784688
0.06568830759358396,0.10317585614320032,0.2973720144882065,0.2660629625815802,0.29205433650757323,0.47080768052765887,0.5392299790204137,0.40500776549197176
0.06568750718511529,0.10317517878121424,0.2973718435404486,0.26606295156599286,0.2920542986438509,0.4708074043590078,0.5392298830968932,0.40500736980547475
0.06568590636817784,0.10317382405724207,0.29737150164493276,0.2660629295348182,0.29205422291640626,0.4708068520217057,0.5392296912498522,0.4050065784324807
0.06568510595970911,0.10317314669525599,0.2973713306971748,0.26606291851923086,0.29205418505268393,0.4708065758530546,0.5392295953263317,0.4050061827459837
0.06568430555124039,0.10317246933326993,0.29737115974941686,0.26606290750364353,0.2920541471889616,0.4708062996844035,0.5392294994028112,0.4050057870594867
0.06568350514277166,0.10317179197128384,0.29737098880165896,0.2660628964880562,0.2920541093252393,0.47080602351575246,0.5392294034792907,0.4050053913729897
0.06568270473430293,0.10317111460929779,0.29737081785390107,0.26606288547246887,0.29205407146151696,0.47080574734710134,0.5392293075557701,0.4050049956864927
0.22379846951952526,0.134365574758848,0.5426778963388226,0.3827335899277997,0.26129020478250037,0.752274733390855,0.33290723089969065,0.29149891732339483
0.22382203260910125,0.13436749463470105,0.5426736359773572,0.3827625322374444,0.2612500261634861,0.7523620973123336,0.332931215313228,0.29149006756303153
0.2237923338084495,0.13437421146979214,0.5426626121277053,0.38274478534589973,0.26129125345460147,0.7522687555082518,0.33290400250569496,0.2914986647909342
0.22378542830055917,0.13437510846751105,0.5426612252694338,0.38273928924792816,0.2613014990562077,0.7522458261979454,0.3328974518253036,0.2915008567742299
0.22378072417050004,0.13437640393588773,0.5426590610720394,0.38273695191501406,0.2613077866297941,0.7522314655572471,0.33289321734178756,0.2915021548226284
0.22376164544618568,0.13437941564297815,0.5426543105515176,0.38272287642024916,0.2613356031283529,0.7521691075688202,0.3328753037030139,0.29150804545036946
0.7797950318325855,0.5545046824585977,0.26195158974610455,0.16934479609869577,0.35337996301822117,0.9225804724577844,0.47469405004052223,0.3127272644410258
0.6843337386435728,0.5984170272676795,0.04338994624566589,0.08162375125530347,0.40752419504643844,0.5915877402202578,0.588416478707929,0.4382792155208128
0.7223016014591469,0.6221199565411477,0.03640019030511704,0.07644651511366701,0.4278631588995973,0.5594378597850228,0.5858375668800659,0.4417091588084274
0.6842849137269809,0.598375708186529,0.04337951843243226,0.08162307930447621,0.4075218853593766,0.5915708939325423,0.5884106273731781,0.438255078644495
0.703268845134768,0.6102271728232631,0.03988464046215784,0.07903446123365798,0.417691367285956,0.5754959537149247,0.5871211714592465,0.43997005028830233
0.8829613641311229,0.3280951708590327,0.24298253517495355,0.5854217045390584,0.08561434415859256,0.5931916751012049,0.46880101870546587,0.3498524771442196
0.07721978760230852,0.10917437074138556,0.29291775934907316,0.2650504504641418,0.25479087617621354,0.5362355646361707,0.6713321238599242,0.47052593795575687
0.07349563668922476,0.10411845093574601,0.2908498237753068,0.26259135657084604,0.25585389907822353,0.5353904263565548,0.6712818903272809,0.4662193727479478
0.07721977487062004,0.10917427704034335,0.2929177341987892,0.2650503490959848,0.2547908733960095,0.536235648206237,0.6713322219321751,0.47052586121039175
0.8297754424956365,0.554408130636439,0.2108556478608947,0.12210871556385366,0.3976537247566429,0.8560709008571477,0.5225982806893378,0.2985391123308918
0.7638637868508615,0.6472086708035087,0.027306375873364264,0.07069948173103807,0.4330860845146479,0.5532997791171421,0.6363140401134675,0.47096537838152774
0.7638541819492369,0.6472005424596758,0.02730432450026915,0.0706993495439901,0.4330856301499801,0.5532964650933292,0.6363128890312214,0.4709606301435636
0.7448702505414498,0.6353490778229418,0.030799202470543574,0.07328796761480832,0.4229161482234006,0.5693714053109467,0.6376023449451529,0.4692456584997563
0.07720578045410592,0.10916251690662923,0.29291476776330944,0.2650502576913634,0.2547902135610729,0.5362307316847769,0.6713304451983154,0.47051901344205915
0.7380176746440718,0.6272902106309064,0.034575253281569074,0.06833633200567654,0.4232883876046244,0.5694666608876244,0.5934963629689309,0.45035083531329534
0.7579678212690288,0.6398404806634741,0.031097171742612062,0.06555542612479359,0.4332091898467051,0.5537373084263972,0.593097240157832,0.45281892868662277
0.6807555518308325,0.5916250844104003,0.045098487444557744,0.07624869383873573,0.39292774593776375,0.6173924230726049,0.5969909801335758,0.4449301130655104
0.7566912774619806,0.6390309429573364,0.03111897556345994,0.06589422155546285,0.43360567364408154,0.5530926622021348,0.5918331564778496,0.45178999964073974
0.4983882725004451,0.5731890869825483,0.23819403135448936,0.34871182713142984,0.7399604604826002,0.5816210885073959,0.8281874680173344,0.6367086487352638
0.6814625985199422,0.5919658842248146,0.04504478617413915,0.0759808604553128,0.39264386984732247,0.6179274077135106,0.5977741892750086,0.44553210447243474
0.7577086527409684,0.6394824750820546,0.031026674040876112,0.06547988055143542,0.4331739934407625,0.5539267053109125,0.5929901161964322,0.45266779836402693
0.7196544004160409,0.6156602106147802,0.037992930747512976,0.07063193483528571,0.4128232974522895,0.586139718040986,0.595533320037162,0.4491874783022137
0.6818593166191738,0.5921959517289249,0.04502968515588579,0.07585953469249432,0.3925077978697589,0.6181633338865442,0.5981836478392917,0.44585828856299625
0.70129112618801,0.6040302105986538,0.041410608213456934,0.0729275376648949,0.40235820729995464,0.6028127751943477,0.5975702771053931,0.4480241212911321
0.7036515753631357,0.6075428303251229,0.04306265281769961,0.07539637176489208,0.4050564138568634,0.5999402671378231,0.5989425654720099,0.4496647438525022
0.7004465299277292,0.6038173488615486,0.04154990820386473,0.07339224238449454,0.402813351773902,0.601852467495893,0.5964847333610771,0.4472470761162421
0.9308581126391525,0.10739439896498928,0.5853607027902833,0.081250874800669,0.24199589072411004,0.5176838801039837,0.5557510435802672,0.35213018967682513
0.9416730486622962,0.12349927301493796,0.5912394339259183,0.08942961933170884,0.2392393067556497,0.51916725573345,0.5550419126842081,0.3662152381152164
0.9379467540109954,0.1184389824894928,0.5891701205820336,0.08696847077303713,0.24030268707721042,0.5183225001946247,0.5549911598838178,0.3619033816288966
0.9370161956267942,0.11717603518344538,0.5886534586226891,0.08635422957192815,0.2405683668885136,0.5181110636264132,0.5549786349689503,0.36082796049234095
0.9882212401982028,0.18667109445926142,0.6170812986580234,0.1201388572828446,0.22595073008526778,0.5297557573863301,0.5556983131555165,0.42002505324240696
0.9881158422615087,0.18675128319165984,0.6168706674199297,0.12013298636648184,0.2259266465659524,0.5295942955177411,0.5556161064941393,0.4200650518283582
0.9882722835699447,0.18658911292236321,0.6171560312621749,0.1200078607661515,0.22584702283287308,0.5299044705463227,0.5555760432056027,0.4199102798569824
0.9881164643886122,0.18674985473303307,0.6168732112182929,0.12013071891522056,0.22592711328840806,0.5295938877719992,0.5556162518277414,0.42006523115708855
0.06112538141558965,0.10119450456868109,0.299856033801,0.2665857723141628,0.3107429663819764,0.43850875091380875,0.47332305567110017,0.372843297143465
0.061123780598652255,0.1011931498447089,0.2998556919054841,0.26658575028298814,0.31074289065453176,0.4385081985765066,0.47332286382405914,0.37284250577047096
0.061122980190183474,0.10119247248272284,0.2998555209577262,0.2665857392674008,0.31074285279080943,0.4385079224078555,0.4733227679005386,0.37284211008397394
0.0611221797817148,0.10119179512073675,0.2998553500099683,0.2665857282518135,0.3107428149270871,0.43850764623920446,0.4733226719770181,0.37284171439747693
0.061121379373246076,0.1011911177587507,0.2998551790622104,0.26658571723622615,0.3107427770633648,0.43850737007055335,0.4733225760534976,0.3728413187109799
0.06112057896477735,0.10119044039676461,0.2998550081144524,0.2665857062206388,0.31074273919964246,0.4385070939019023,0.47332248012997713,0.3728409230244829
0.06111897814783995,0.10118908567279247,0.2998546662189366,0.26658568418946416,0.3107426634721978,0.4385065415646001,0.4733222882829361,0.3728401316514889
0.06111817773937117,0.10118840831080639,0.2998544952711787,0.2665856731738768,0.3107426256084755,0.43850626539594906,0.4733221923594156,0.37283973596499187
0.0611173773309025,0.10118773094882033,0.29985432432342074,0.2665856621582895,0.31074258774475316,0.438505989227298,0.47332209643589507,0.37283934027849486
0.061116576922433774,0.10118705358683425,0.2998541533756628,0.26658565114270216,0.31074254988103084,0.4385057130586469,0.47332200051237455,0.37283894459199785
0.06111577651396499,0.10118637622484816,0.29985398242790484,0.26658564012711483,0.3107425120173085,0.4385054368899958,0.4733219045888541,0.37283854890550083
0.06111177447162147,0.10118298941491782,0.2998531276891152,0.2665855850491781,0.3107423226986969,0.4385040560467404,0.4733214249712515,0.37283657047301577
0.06111057385891838,0.10118197337193868,0.29985287126747834,0.2665855685257971,0.3107422659031134,0.43850364179376383,0.47332128108597077,0.3728359769432702
0.0611097734504496,0.10118129600995263,0.2998527003197204,0.2665855575102098,0.31074222803939106,0.4385033656251127,0.47332118516245025,0.37283558125677324
0.06110897304198093,0.10118061864796654,0.2998525293719625,0.26658554649462246,0.31074219017566873,0.43850308945646166,0.47332108923892974,0.37283518557027623
0.06110737222504348,0.1011792639239944,0.2998521874764466,0.2665855244634478,0.3107421144482241,0.43850253711915954,0.47332089739188876,0.3728343941972822
0.06110657181657475,0.10117858656200832,0.2998520165286887,0.26658551344786047,0.31074207658450176,0.4385022609505084,0.47332080146836825,0.3728339985107852
0.06110577140810608,0.10117790920002226,0.29985184558093075,0.26658550243227314,0.31074203872077943,0.43850198478185737,0.47332070554484773,0.3728336028242881
0.0611049709996373,0.10117723183803615,0.2998516746331728,0.2665854914166858,0.3107420008570571,0.4385017086132063,0.4733206096213272,0.3728332071377911
0.06110417059116857,0.10117655447605009,0.2998515036854149,0.2665854804010985,0.3107419629933348,0.4385014324445552,0.4733205136978067,0.37283281145129415
0.7371829243922697,0.21061650130340268,0.7446526438528784,0.2546997019807142,0.3758412754810128,0.4543661656198134,0.5847534428584226,0.5000298148816384
0.6594273619665058,0.5842719769549929,0.04982067858725303,0.08507351935570773,0.4198363809042335,0.5678203605530023,0.5108176125244828,0.3978226338246256
0.8398888664077184,0.20891173821351205,0.39053922530753293,0.03902548138494005,0.3068580349368574,0.13525127227428746,0.5909480881245833,0.5000717976338367
0.7780579730078488,0.5459624509360195,0.2752452026619413,0.1719982628877602,0.378991103041023,0.8923376651819827,0.3898777278272087,0.262693341293923
0.9023451888098819,0.1361218350285947,0.6266598763982522,0.13394271584952186,0.23560990051173616,0.5074252069025744,0.4741979430533032,0.36025098113949944
0.7155124596666915,0.6186306481601791,0.039100454020157216,0.07705580801083661,0.4502273728078019,0.5202258962582553,0.5065918291790337,0.4024623961113221
0.84022962199432,0.20938501481682148,0.3906321965566332,0.03912614272256043,0.30690473629578013,0.13499708608302724,0.5910903445319934,0.500270930611649
0.960672080075402,0.17058327456890557,0.618747520547312,0.12705599721388627,0.26698010783084025,0.46154735217642573,0.46929983369343486,0.36289343205810487
0.959292721204208,0.17167156699221206,0.6161745641664813,0.12617725750233236,0.26611684266256214,0.4592014632816294,0.47032979870532854,0.36539306449901116
0.6585554627882838,0.5830718513970676,0.049583976770553984,0.08482159062197364,0.4197186809138685,0.5684489218148759,0.510459573417945,0.39731490921766954
0.6966093149089769,0.6068937771833491,0.042617634590038145,0.07966953083032963,0.4400693579704804,0.5362357710004769,0.507916321615455,0.4007950314362343
0.8019933859532953,0.1853162902990941,0.39754948889623,0.04422770661158426,0.286530140603872,0.1673331874632903,0.5935610292779708,0.49668530660672283
0.8398740588510472,0.20889920701676967,0.3905360627740112,0.039025277596574426,0.3068573344579944,0.13524616315424254,0.5909463135394539,0.5000644774336419
0.8399588475434632,0.209017187486604,0.39055922011240735,0.03905043742318587,0.3068689908658639,0.1351824785221019,0.5909818296795462,0.5001140628348465
0.9607443784756444,0.17051346054097005,0.6188720589911461,0.1271062828360814,0.266986751451677,0.46172527502890093,0.4692716640506013,0.3627663349113006
0.8019033946058326,0.18519390697635033,0.39752522039740734,0.04420247518365522,0.2865182380818074,0.16739507699919887,0.5935248896349953,0.4966331492432877
0.8398696566044692,0.20889548152584625,0.39053512256134265,0.039025217010844104,0.3068571262075216,0.1352446442266616,0.5909457859600912,0.5000623011579083
0.7830038516862272,0.17346008412845754,0.40104317023219893,0.0468162475732912,0.27636039363123627,0.18340619450035023,0.5948498137272588,0.49496756515743645
0.8399520440714792,0.20901142990972232,0.39055776705646494,0.0390503437906935,0.30686866902422416,0.13518013108856775,0.5909810143296218,0.5001106994996218
0.7829134601345302,0.1733373621247207,0.4010188162594973,0.046791010637568436,0.2763484721773105,0.18346794595193333,0.594813626122523,0.4949152099507528
0.05638996721258638,0.09906718148616278,0.3023032138719599,0.2671062081876753,0.3294234366242186,0.4061503069556515,0.40739546080311734,0.34059355835485194
0.05638916680411765,0.09906650412417672,0.30230304292420196,0.26710619717208794,0.3294233987604963,0.40615003078700046,0.4073953648795968,0.34059316266835493
0.056388366395648926,0.09906582676219064,0.30230287197644407,0.2671061861565006,0.32942336089677393,0.40614975461834935,0.4073952689560763,0.3405927669818579
0.05638796619141456,0.09906548808119758,0.3023027865025651,0.26710618064870695,0.3294233419649128,0.4061496165340238,0.4073952209943161,0.3405925691386094
0.0563875659871802,0.09906514940020456,0.3023027010286861,0.2671061751409133,0.32942332303305166,0.4061494784496983,0.4073951730325558,0.3405923712953609
0.056387165782945836,0.09906481071921153,0.3023026155548072,0.2671061696331196,0.3294233041011905,0.40614934036537276,0.40739512507079556,0.3405921734521124
0.05638676557871147,0.0990644720382185,0.3023025300809282,0.26710616412532595,0.3294232851693293,0.40614920228104723,0.40739507710903533,0.3405919756088639
0.05638596517024275,0.09906379467623241,0.3023023591331703,0.2671061531097386,0.329423247305607,0.40614892611239617,0.4073949811855148,0.3405915799223669
0.05638516476177402,0.09906311731424636,0.3023021881854123,0.2671061420941513,0.32942320944188463,0.40614864994374505,0.4073948852619943,0.34059118423586987
0.05638436435330535,0.09906243995226027,0.30230201723765443,0.26710613107856396,0.3294231715781623,0.406148373775094,0.4073947893384738,0.34059078854937286
0.05638396414907093,0.09906210127126722,0.30230193176377546,0.2671061255707703,0.3294231526463012,0.40614823569076847,0.40739474137671355,0.34059059070612435
0.05638316374060226,0.09906142390928116,0.30230176081601756,0.26710611455518296,0.32942311478257885,0.40614795952211735,0.40739464545319304,0.34059019501962734
0.056382363332133534,0.09906074654729508,0.3023015898682596,0.26710610353959563,0.32942307691885653,0.4061476833534663,0.4073945495296725,0.3405897993331303
0.05638156292366481,0.09906006918530902,0.30230141892050166,0.2671060925240083,0.3294230390551342,0.40614740718481523,0.407394453606152,0.3405894036466333
0.05638076251519608,0.09905939182332293,0.3023012479727437,0.26710608150842097,0.3294230011914119,0.4061471310161641,0.4073943576826315,0.3405890079601363
0.056379962106727355,0.09905871446133685,0.3023010770249858,0.26710607049283364,0.32942296332768956,0.40614685484751306,0.407394261759111,0.3405886122736393
0.05637916169825863,0.09905803709935079,0.30230090607722787,0.2671060594772463,0.32942292546396723,0.406146578678862,0.40739416583559046,0.3405882165871423
0.05637836128978996,0.09905735973736471,0.30230073512947,0.267106048461659,0.3294228876002449,0.4061463025102109,0.40739406991207,0.34058782090064527
0.056377560881321176,0.09905668237537865,0.30230056418171203,0.26710603744607164,0.3294228497365226,0.40614602634155983,0.4073939739885495,0.34058742521414825
0.056376760472852505,0.09905600501339254,0.3023003932339541,0.2671060264304843,0.32942281187280026,0.40614575017290877,0.40739387806502897,0.34058702952765124
0.787323670842387,0.5593726427905317,0.25212119693036467,0.16683688202706076,0.31434315019736925,0.9807591258936046,0.5869022732961584,0.3700771620787677
0.7105104875542342,0.61289170323283,0.03558296352341095,0.0777448176197412,0.3872993135101346,0.6277298234961841,0.6935748527470825,0.4917711969668469
0.7295808084713746,0.6248625030633705,0.03211158478704845,0.07518138140670905,0.3974805275720281,0.6115917509837281,0.6923211048202843,0.4935365453848528
0.9684369751527322,0.1852211980041548,0.5930054221769518,0.12092370143693049,0.20173946757838862,0.5469640342798326,0.6672167575101235,0.47287104243181677
0.8538404101812368,0.21499851816742616,0.3835203608257109,0.0371254543307078,0.25409801874432114,0.22666976488585786,0.7766380106849213,0.5910805340462822
0.7567080225027395,0.3511693671307529,0.02693093604805924,0.5014868150440808,0.08901606347764462,0.3462027533819522,0.6916079374618382,0.5240132563257659
0.7756055644011731,0.36290149657368054,0.023412558843872777,0.49887301511547655,0.0991738132689099,0.3301909454591731,0.6902827735607735,0.5256778511953746
0.8522739573133944,0.3094126185778653,0.23990151236274176,0.5878729331721202,0.026420884252963406,0.6827605136478948,0.5834769248727354,0.4040268160270185
0.737637701585599,0.33919856730021236,0.03040231478442168,0.504050251257113,0.078834849415751,0.3623408258944082,0.6928616853886365,0.52224790790776
0.7945894958089601,0.37475296121041457,0.019917680873598353,0.49628439704465827,0.10934329519548935,0.3141160052415556,0.6889933176468419,0.527392822839182
0.7757783434198801,0.3631401669612934,0.0234595573116968,0.49892337883104865,0.09919727753953825,0.33006468086949625,0.69035418953504,0.5257786047437718
0.0638327630610328,0.10348568148657789,0.3004342645921926,0.2666230325383137,0.31087104042273944,0.4394428913760761,0.47364751697921464,0.37418170671961026
0.6276612093311623,0.5308129097037587,0.02299440797847746,0.05206274634312749,0.4619236773993577,0.5099126208822999,0.44275530641377414,0.3136645713623772
0.6742094972641386,0.5939854405988301,0.04883646313416162,0.08277275179602314,0.44863512177909215,0.5205004897903921,0.4434109643380408,0.36747496756161807
0.0637859391656127,0.10344605581039254,0.30042426414835377,0.2666223881264548,0.31086882539498345,0.4394267355099881,0.473641905453265,0.374158559059535
0.7985554884833543,0.1842407908966921,0.40026873840673605,0.04474200657780797,0.3052643450866993,0.13551537139768333,0.527763578189811,0.46506933299724607
0.2298403466898606,0.12974725663357053,0.5508505875552533,0.3844401337355269,0.2551125752531421,0.775398579893922,0.3550368268614883,0.29442039675421944
0.9560006470240213,0.17105468069381966,0.6178491856418344,0.12667089063407627,0.2831279168282175,0.42873796932276603,0.40592619427535975,0.334947221283164
0.9541490613846523,0.17315182738323948,0.6141641302450861,0.12790930458658134,0.2837980069094858,0.4246308572651329,0.40855738089561333,0.3388740285654822
0.9540606233611211,0.17317859284572104,0.6141191142429938,0.1278703031131632,0.28391372437779633,0.424365299664119,0.4084785674190628,0.3388977589415716
0.07346051010729743,0.10674505260842757,0.2934982889119326,0.26523295629194543,0.2621748342273496,0.5226486588621685,0.644737564925246,0.45670401376497277
0.0734553074522507,0.10674064975551809,0.293497177751506,0.2652328846906278,0.2621745881131545,0.5226468637659365,0.6447369414223627,0.4567014418027422
0.0734517056141415,0.10673760162658072,0.29349640848659536,0.2652328351204848,0.26217441772640404,0.5226456210070066,0.6447365097665205,0.45669966121350564
0.07344770357179792,0.10673421481665035,0.29349555374780567,0.26523278004254813,0.2621742284077924,0.5226442401637512,0.6447360301489179,0.4566976827810206
0.07344170050828253,0.10672913460175479,0.2934942716396213,0.26523269742564315,0.262173944429875,0.5226421688988682,0.6447353107225141,0.456694715132293
0.07343449683206404,0.10672303834388014,0.2934927331097999,0.26523259828535717,0.2621736036563741,0.5226396833810085,0.6447344474108295,0.4566911539538199
0.07343289601512659,0.106721683619908,0.29349239121428405,0.2652325762541825,0.26217352792892945,0.5226391310437064,0.6447342555637885,0.45669036258082585
0.07343089499395483,0.1067199902149428,0.2934919638448892,0.2652325487152142,0.2621734332696236,0.5226384406220786,0.6447340157549872,0.4566893733645833
0.07342969438125174,0.10671897417196366,0.2934917074232523,0.2652325321918331,0.26217337647404015,0.5226380263691021,0.6447338718697064,0.4566887798348378
0.07342809356431429,0.10671761944799152,0.29349136552773647,0.26523251016065846,0.2621733007465955,0.5226374740317999,0.6447336800226655,0.4566879884618438
0.07342729315584556,0.10671694208600543,0.2934911945799785,0.26523249914507113,0.2621732628828731,0.5226371978631488,0.644733584099145,0.45668759277534676
0.07342609254314247,0.10671592604302635,0.29349093815834165,0.26523248262169014,0.26217320608728967,0.5226367836101722,0.6447334402138643,0.45668699924560124
0.0734252921346738,0.10671524868104026,0.2934907672105837,0.2652324716061028,0.26217316822356734,0.5226365074415211,0.6447333442903438,0.45668660355910423
0.07342369131773635,0.10671389395706815,0.29349042531506786,0.26523244957492814,0.2621730924961227,0.522635955104219,0.6447331524433026,0.4566858121861102
0.07342289090926762,0.10671321659508204,0.2934902543673099,0.2652324385593408,0.26217305463240037,0.522635678935568,0.6447330565197822,0.4566854164996132
0.07342088988809581,0.10671152319011687,0.2934898269979151,0.2652324110203725,0.26217295997309453,0.5226349885139402,0.6447328167109809,0.45668442728337066
0.07342008947962708,0.10671084582813078,0.2934896560501572,0.26523240000478515,0.26217292210937226,0.5226347123452891,0.6447327207874605,0.45668403159687365
0.07341888886692405,0.10670982978515167,0.2934893996285203,0.26523238348140415,0.26217286531378875,0.5226342980923125,0.6447325769021797,0.45668343806712813
0.0734160874372835,0.10670745901820039,0.29348880131136756,0.2652323449268485,0.2621727327907606,0.5226333315020337,0.644732241169858,0.4566820531643886
0.07341488682458042,0.1067064429752213,0.29348854488973064,0.2652323284034675,0.26217267599517713,0.5226329172490571,0.6447320972845771,0.45668145963464307
0.06690132662792814,0.10420239823309616,0.2976310858153469,0.26607965670418204,0.2921117189787562,0.47122621411836585,0.5393753511157419,0.4056074283781944
0.11128767257264888,0.9946704616232509,0.4362824028720164,0.18902884575148665,0.373613353014596,0.48514772805123607,0.7004113627241231,0.19070534712667345
0.11128727236841451,0.9946701229422579,0.43628231739813744,0.18902884024369299,0.3736133340827348,0.48514758996691054,0.7004113147623628,0.19070514928342494
0.05539350072361382,0.8710679865495223,0.6679241861508377,0.3341890467667348,0.10387247398687141,0.1265565826382426,0.6680555285548945,0.25997029409058925
0.06689892540252196,0.10420036614713793,0.2976305729720731,0.26607962365742005,0.29211160538758923,0.4712253856124126,0.5393750633451804,0.4056062413187034
0.05539189990667637,0.87106663182555,0.6679238442553219,0.3341890247355601,0.10387239825942676,0.12655603030094043,0.6680553367078534,0.2599695027175952
0.0668973245855845,0.10419901142316576,0.2976302310765573,0.2660796016262454,0.2921115296601446,0.47122483327511044,0.5393748714981393,0.40560544994570935
0.11128367053030525,0.9946670748133205,0.4362815481332268,0.18902879067355,0.37361316369598435,0.4851463472079807,0.7004108831065206,0.1907033686941884
0.06473467858592996,0.931494576007011,0.4104395124533636,0.15831954170682688,0.3869017025026439,0.4745575693864496,0.6997543867116915,0.13689315788050077
0.06473427838169565,0.931494237326018,0.4104394269794846,0.15831953619903322,0.38690168357078275,0.4745574313021241,0.6997543387499313,0.13689296003725224
0.06473387817746123,0.931493898645025,0.4104393415056057,0.15831953069123955,0.38690166463892156,0.47455729321779855,0.6997542907881711,0.13689276219400376
0.06473347797322687,0.9314935599640319,0.4104392560317267,0.15831952518344586,0.3869016457070604,0.474557155133473,0.6997542428264109,0.13689256435075525
0.06473267756475815,0.9314928826020459,0.41043908508396876,0.15831951416785853,0.38690160784333805,0.4745568789648219,0.6997541469028903,0.13689216866425827
0.06473227736052378,0.9314925439210529,0.4104389996100898,0.1583195086600649,0.3869015889114769,0.4745567408804964,0.69975409894113,0.13689197082100973
0.06473187715628947,0.9314922052400596,0.4104389141362108,0.15831950315227122,0.3869015699796158,0.47455660279617085,0.6997540509793698,0.13689177297776123
0.06473147695205511,0.9314918665590667,0.4104388286623319,0.15831949764447756,0.3869015510477546,0.4745564647118453,0.6997540030176096,0.1368915751345127
0.06473107674782069,0.9314915278780737,0.4104387431884529,0.1583194921366839,0.38690153211589345,0.47455632662751973,0.6997539550558494,0.13689137729126422
0.06473067654358639,0.9314911891970806,0.41043865771457394,0.15831948662889023,0.38690151318403226,0.4745561885431942,0.699753907094089,0.1368911794480157
0.06473027633935202,0.9314908505160876,0.41043857224069497,0.15831948112109656,0.38690149425217113,0.4745560504588687,0.6997538591323288,0.1368909816047672
0.0647298761351176,0.9314905118350946,0.410438486766816,0.1583194756133029,0.38690147532030994,0.47455591237454314,0.6997538111705686,0.1368907837615187
0.7048035396024801,0.11578374088589985,0.8139020433428588,0.4047457753905675,0.6114860269164615,0.40769149459151544,0.5889099408394737,0.5010053566935044
0.70480359227358,0.1157837015280167,0.8139021503027468,0.40474578252628896,0.6114860430006699,0.40769157275476825,0.5889099824119325,0.5010053356850993
0.7048038362418483,0.11578340681502111,0.8139026705321415,0.40474559946527144,0.6114859792002885,0.4076920985489431,0.5889095739088926,0.5010047656247552
0.7048036727663604,0.11578352897022878,0.8139023385603409,0.40474557731810634,0.6114859292796713,0.4076918559533659,0.5889094448802982,0.5010048308286199
0.7048028891927123,0.11578429483323649,0.81390062991469,0.4047446635303865,0.6114848971578559,0.40769060674119656,0.588910210138377,0.5010066086184457
0.7048039025684185,0.11578335725324235,0.8139028052223709,0.4047456084509947,0.6114859994544768,0.4076921969767429,0.5889096262593964,0.5010047391697264
0.7013806080882681,0.11439267151725388,0.8159361348967739,0.40516623972298094,0.6264466719313267,0.3819297410843228,0.5362124589061043,0.4753884428956854
0.7048028845108367,0.11578429833171497,0.8139006204071445,0.40474466289610017,0.6114848957281485,0.4076905997933519,0.5889102064430473,0.5010066104858595
0.7048037710857468,0.11578345550218025,0.8139025382187985,0.4047455906381197,0.6114859593035269,0.4076920018581044,0.5889095224822214,0.5010047916129303
0.7048030261375722,0.11578419250274033,0.8139009080103989,0.4047446820832623,0.6114849389767978,0.4076908099656539,0.58891031822677,0.5010065539965923
0.7048030850511728,0.11578414848021915,0.8139010276470144,0.4047446900646988,0.6114849569672827,0.40769089739269965,0.588910364726335,0.5010065304983021
0.70480412573782,0.11578319049243377,0.813903258415378,0.4047456386853107,0.6114860676038636,0.40769252815734003,0.5889098024034441,0.5010046501563359
0.7048029188445908,0.11578427267620597,0.8139006901291455,0.4047446675475334,0.6114849062126695,0.407690650744213,0.5889102335421316,0.5010065967914917
0.7048034912230995,0.11578377703684439,0.8139019450982209,0.4047457688362752,0.6114860121428182,0.40769142279712034,0.5889099026544004,0.5010053759901136
0.7048028676135328,0.11578442336850328,0.8139005612937115,0.4047448767200057,0.6114850288693395,0.4076904109696448,0.5889107941695764,0.5010070899766349
0.7048036275082299,0.11578356278885432,0.8139022466540667,0.40474557118667165,0.6114859154591662,0.40769178879086715,0.588909409158778,0.5010048488802865
0.7048031962457173,0.1157840653913548,0.8139012534512224,0.4047447051289997,0.6114849909228339,0.40769106240401115,0.5889104524904147,0.5010064861472247
0.7048029746369411,0.1157842309860038,0.8139008034273972,0.40474467510611245,0.6114849232500162,0.4076907335393623,0.5889102775781435,0.501006574538144
0.7048036472856178,0.11578366042089436,0.8139022620164076,0.40474578997915356,0.611486059799732,0.4076916543919435,0.5889100258320561,0.5010053137429873
0.704802943034281,0.11578425460073372,0.8139007392514644,0.4047446708246796,0.6114849135994912,0.40769068664141056,0.5889102526346682,0.5010065871431871
0.6111396571892878,0.254737995755764,0.5126215646342004,0.9995737573195406,0.5886412419398184,0.49525477341493285,0.4658176305593799,0.3143605101617427
0.611139259620022,0.25473829283489674,0.5126207572851196,0.9995737034580581,0.5886411205338303,0.49525418342712085,0.46581731676430177,0.314360668736297
0.6111387543676186,0.25473867037903497,0.51261973126249,0.9995736350079895,0.5886409662445719,0.4952534336388809,0.4658169179766411,0.3143608702613684
0.6111406290686213,0.25473726952993514,0.5126235382422083,0.9995738889868155,0.5886415387232491,0.4952562156716939,0.4658183976482314,0.31436012251776363
0.6111396544581936,0.25473799779654316,0.5126215590881321,0.9995737569495403,0.5886412411058223,0.49525476936202345,0.46581762840377094,0.3143605112510674
0.6111403309892111,0.2547374922663997,0.5126229329284717,0.999573848603918,0.5886414476985437,0.49525577332558174,0.46581816237890883,0.3143602414097749
0.6111396525074122,0.2547379992542425,0.5126215551266547,0.9995737566852543,0.5886412405101109,0.4952547664670881,0.46581762686405026,0.3143605120291565
0.6111415883331857,0.25473625997340993,0.5126256284655473,0.9995746104635086,0.5886424861947831,0.4952578893553029,0.4658171699968884,0.3143578019007115
0.6111392444039264,0.25473830420495186,0.5126207263855964,0.9995737013966274,0.5886411158872813,0.4952541608466256,0.4658173047544803,0.31436067480539176
0.6077185767163498,0.253345362871012,0.5146595325541637,0.9999952800569618,0.6036032450497893,0.46949585322849974,0.4131202259030975,0.288741392803754
0.6111399557794374,0.25473766022718586,0.5126221957849605,0.9995735816585305,0.5886411948193566,0.49525538026729576,0.46581726516851957,0.3143599183149043
0.6111436119993798,0.25473594318411297,0.5126266771047794,0.9995750563832764,0.5886394458167219,0.49526355977436554,0.4658209694503783,0.3143591376310339
0.6111417724197603,0.2547371522022815,0.5126230956815168,0.9995756980594998,0.5886397627291964,0.4952608818224725,0.4658181425662843,0.3143583797015071
0.6111413985102233,0.2547376119484203,0.5126222189461062,0.9995748397718356,0.5886388557067799,0.495260240546714,0.46581923116570956,0.31435999409262627
0.6111413739303766,0.25473763031543245,0.5126221690314917,0.9995748364418323,0.5886388482008159,0.4952602040705294,0.4658192117652288,0.31436000389654867
0.6111413758811581,0.2547376288577331,0.512622172992969,0.9995748367061182,0.5886388487965273,0.4952602069654647,0.46581921330494946,0.3143600031184596
0.6111413793925646,0.2547376262338742,0.5126221801236283,0.9995748371818329,0.588638849868808,0.4952602121763482,0.4658192160764467,0.3143600017178993
0.6111416781225198,0.2547371102543576,0.5126229289907418,0.9995754691712935,0.5886395956324542,0.49526090563486813,0.4658174670756755,0.31435794456180916
0.6111416474299401,0.25473742594598003,0.512622724430614,0.9995748734947265,0.5886389317195573,0.49526060994045695,0.4658194276340706,0.3143598948084598
0.6111423731206509,0.25473688368181235,0.5126241981001823,0.9995749718091108,0.5886391533242066,0.4952616868563846,0.4658200004101701,0.3143596053593225
0.11109357351898441,0.994506201341628,0.4362409480407188,0.18902617447155862,0.3736041710619322,0.48508075715335,0.7003881012704002,0.1906093931511479
0.06670602696156058,0.10403712190849398,0.2975893745624124,0.266076968900873,0.292102480230509,0.4711588289675031,0.5393519457767382,0.40551088087292336
0.11109237290628132,0.9945051852986487,0.4362406916190819,0.18902615794817762,0.37360411426634876,0.48508034290037333,0.7003879573851194,0.19060879962140237
0.008650409725574126,0.8077312274615897,0.6420406956396769,0.3034771265200837,0.11715183084086725,0.11590083391882539,0.6673757707063426,0.20606412930137608
0.06454298075767173,0.9313323478113462,0.41039857046533973,0.15831690347366084,0.38689263414114716,0.4744914269945167,0.6997314130285301,0.13679839096446625
0.05519780085301196,0.8709023715439269,0.6678823894240242,0.3341863534556321,0.10386321630676304,0.12648905940305427,0.6680320752541306,0.2598735487420697
0.055197400648777595,0.8709020328629339,0.6678823039501453,0.3341863479478384,0.10386319737490185,0.12648892131872874,0.6680320272923702,0.25987335089882113
0.11108957147664084,0.9945028145316974,0.4362400933019292,0.18902611939362196,0.3736039817433206,0.4850793763100946,0.7003876216527977,0.19060741471866277
0.008647608295933584,0.8077288566946385,0.6420400973225241,0.30347708796552797,0.11715169831783909,0.11589986732854657,0.6673754349740207,0.20606274439863653
0.008647208091699221,0.8077285180136454,0.6420400118486451,0.3034770824577343,0.11715167938597795,0.11589972924422104,0.6673753870122605,0.20606254655538803
0.11108797065970338,0.9945014598077253,0.4362397514064133,0.1890260973624473,0.37360390601587595,0.4850788239727924,0.7003874298057566,0.1906066233456688
0.11108757045546902,0.9945011211267323,0.4362396659325344,0.18902609185465363,0.3736038870840148,0.48507868588846687,0.7003873818439964,0.1906064255024203
0.11108677004700035,0.9945004437647462,0.43623949498477643,0.1890260808390663,0.3736038492202925,0.4850784097198158,0.7003872859204759,0.19060602981592328
0.11108636984276593,0.9945001050837533,0.43623940951089746,0.18902607533127264,0.3736038302884313,0.4850782716354903,0.7003872379587156,0.19060583197267475
0.11108596963853157,0.9944997664027603,0.4362393240370185,0.18902606982347897,0.37360381135657017,0.48507813355116475,0.7003871899969554,0.19060563412942624
0.0666984230811078,0.10403068696962628,0.29758775055871206,0.26607686425279337,0.2921021205251469,0.4711562053653179,0.5393510345032935,0.40550712185120175
0.11108436882159417,0.9944984116787879,0.43623898214150264,0.1890260477923043,0.3736037356291255,0.4850775812138626,0.7003869981499143,0.19060484275643222
0.06453537687721883,0.9313259128724785,0.41039694646163943,0.15831679882558117,0.38689227443578506,0.4744888033923315,0.6997305017550854,0.13679463194274463
0.06669642205993598,0.10402899356466108,0.29758732318931724,0.26607683671382504,0.2921020258658411,0.4711555149436902,0.5393507946944921,0.4055061326349592
0.06669562165146725,0.104028316202675,0.2975871522415593,0.2660768256982377,0.2921019880021188,0.4711552387750391,0.5393506987709716,0.4055057369484622
0.9154902344272005,0.14924158558514342,0.6073292260067373,0.1310611335701768,0.1732397956070477,0.5957003596951522,0.6482526560423737,0.4544835608251423
0.915490277344393,0.14924155351575716,0.6073293131592388,0.13106113938446834,0.17323980871269898,0.5957004233837286,0.6482526899162291,0.4544835437071826
0.9154790926965282,0.14925687117937625,0.6073023064214815,0.13107197596919784,0.17324077603254967,0.5956779529156017,0.6482765313532777,0.454513761588662
0.9154784091134098,0.14925763427828498,0.6073009415849264,0.13107248038946576,0.1732410113852301,0.5956765242049732,0.6482772082652487,0.4545149300089354
0.9151986365637472,0.14929318468881742,0.6072467551368835,0.13084875285281078,0.1736578792050573,0.594746681754543,0.6480105737466102,0.4546025802788176
0.9151661244868672,0.14932310580291844,0.607194152575582,0.13087525557035928,0.17367963941190595,0.5946855026324686,0.6479893306538791,0.4546068270840424
0.9151661018578022,0.1493231227122312,0.6071941066224449,0.1308752525046419,0.17367963250165344,0.5946854690512191,0.647989312793119,0.4546068361098757
0.9151661034184273,0.14932312154607172,0.6071941097916267,0.1308752527160707,0.1736796329782226,0.5946854713671674,0.6479893140248956,0.4546068354874044
0.9151680061388909,0.14932258761556777,0.6071950182545397,0.13087619050352492,0.17367712438247138,0.5946912468887477,0.6479910244472855,0.4546063078646829
0.9151697567368773,0.1493221989170189,0.6071956920862939,0.13087727593956713,0.173674745135122,0.5946967456978369,0.6479926356232386,0.4546057850091268
0.9151695376809177,0.14932239008232887,0.6071953201708002,0.13087741106636827,0.17367484573850242,0.5946963338363347,0.6479924770524815,0.4546058226457807
0.9151703683503651,0.1493222280614942,0.6071955661164679,0.13087794687465318,0.17367364040989902,0.5946990080560518,0.6479932457913722,0.45460558056204864
0.9151839650271261,0.14930577311243864,0.6072245658569355,0.1308676865776632,0.1736700475726341,0.5947283552600156,0.6479703178865255,0.4545736833265673
0.9151839431783735,0.14930578943867162,0.6072245214883893,0.13086768361766024,0.17367004090066615,0.5947283228367404,0.6479703006416536,0.45457369204116493
0.9151802766315373,0.14931021538132366,0.6072167037861497,0.1308704285814935,0.17367099576182676,0.5947204255023512,0.6479764226442568,0.45458224574744843
0.9151703901991176,0.14932221173526122,0.607195610485014,0.13087794983465614,0.17367364708186697,0.5946990404793271,0.6479932630362439,0.45460557184745093
0.9151704073659948,0.1493221989075067,0.6071956453460146,0.13087795216037276,0.1736736523241275,0.5946990659547576,0.6479932765857861,0.45460556500026705
0.915170874234091,0.14932162522466874,0.6071966430208489,0.13087758318404913,0.17367351828968122,0.5947000862778061,0.6479924429507229,0.4546044332829407
0.9151838784124284,0.14930583783429088,0.6072243899673417,0.13086767484336576,0.17367002112304694,0.5947282267248888,0.6479702495229265,0.45457371787372236
0.9151839377161853,0.14930579352022988,0.6072245103962528,0.13086768287765949,0.17367003923267418,0.5947283147309215,0.6479702963304357,0.4545736942198144
0.06033962138187088,0.10128158621398964,0.3010716342845631,0.2668092010489053,0.31826758816154843,0.42594781167855705,0.44708485261510494,0.36049134828908286
0.0488313952733222,0.8681468358494226,0.6713646491461749,0.3349185856036644,0.13002832423780242,0.08127804211410822,0.5757649820924973,0.2148540161582292
0.060155127229831074,0.10112545427619951,0.30103223082636066,0.26680666195602526,0.31825886057355257,0.4258841548044838,0.4470627422436281,0.3604001425515215
0.05997423491590048,0.10097237046734667,0.30099359663306885,0.2668041724332882,0.31825030337230725,0.4258217406893405,0.44704106352799355,0.3603107174031966
0.059773332390251954,0.10080235260884199,0.3009506887458288,0.26680140752086784,0.3182407995780038,0.4257524223579202,0.4470169867243463,0.3602114000924464
0.059745318093846755,0.10077864493932936,0.3009447055743013,0.2668010219753112,0.3182394743477224,0.4257427564551325,0.4470136294011286,0.36019755106505097
0.059601244569477296,0.10065671978183599,0.3009139349778742,0.2667990391695914,0.31823265887770397,0.4256930460979387,0.44699636316743735,0.3601263274955887
0.059056966810748124,0.10019611363130534,0.30079769050248295,0.2667915485702056,0.3182069115465232,0.42550525141520645,0.44693113517349264,0.3598572606776201
0.05883245223527239,0.1000061135942115,0.3007497396563841,0.2667884586979589,0.3181962907724112,0.4254277861085794,0.4469042286259905,0.35974627061520803
0.05873080035974504,0.09992008862198001,0.3007280292911272,0.26678705971836775,0.31819148207967596,0.4253927126898926,0.44689204633888613,0.35969601843008747
0.05864475644935768,0.099847272208477,0.30070965240714986,0.26678587554272953,0.318187411729526,0.4253630245599019,0.4468817345604316,0.3596534821316586
0.05849788149534768,0.09972297628403234,0.30067828349357006,0.2667838541824541,0.31818046373647946,0.42531234761242925,0.4468641325944186,0.35958087365945673
0.05832179163222945,0.09957395664709598,0.3006406749868258,0.266781430753241,0.31817213371756803,0.42525159050919237,0.4468430294199071,0.359493822630114
0.05693388334747013,0.09839941096324287,0.3003442515745781,0.2667623297248071,0.3181064780230572,0.42477271406822514,0.4466766980353482,0.35880770224429404
0.06899263350910018,0.8769361767306395,0.6604529820635694,0.3326193838232059,0.047802343626761556,0.2234224405908725,0.8657655551685385,0.3564193822484442
0.06899223330486581,0.8769358380496465,0.6604528965896903,0.3326193783154122,0.04780232469490037,0.22342230250654696,0.8657655072067783,0.35641918440519577
0.06899183310063145,0.8769354993686536,0.6604528111158114,0.33261937280761855,0.04780230576303918,0.22342216442222143,0.8657654592450179,0.3564189865619472
0.06899143289639709,0.8769351606876605,0.6604527256419324,0.3326193672998249,0.0478022868311781,0.2234220263378959,0.8657654112832576,0.3564187887186987
0.17995460633129046,0.8479041793934606,0.8684537343469476,0.4141414975258566,1.5203595079338328e-05,0.5327248358668664,0.7533612948283628,0.23945533118152135
0.17995420213879293,0.8479038457336183,0.8684536414548711,0.4141414932046656,1.5187598069565933e-05,0.5327247097742888,0.7533612469661253,0.23945513184283887
0.7344370925107355,0.3417561461294599,0.03908503214552522,0.5044195675933612,0.17918384426592618,0.1905575999677962,0.37417546290286524,0.3690665947295257
0.7724049553263097,0.365459075402928,0.032095276204976375,0.4992423314517247,0.19952280811908502,0.1584077195325611,0.37159655107500217,0.3724965380171404
0.8658166349411902,0.32434792378667077,0.24418231584293537,0.5841907041521772,0.13987445771745513,0.48792610517872986,0.26154331769566064,0.2533498405520652
0.8659472106953053,0.3243205272124043,0.2442270221067097,0.5842731749213934,0.13969112596853456,0.48834043217154033,0.26166364948864107,0.25331137574857354
0.8659575742172183,0.3243176663950002,0.24423181265590954,0.5842783190095207,0.139677297714909,0.48837204700359776,0.2616729767463095,0.2533085142842375
0.8659574502774565,0.3243183800506355,0.24423052489236485,0.5842796414094205,0.13967674494832397,0.48837292578313884,0.26167308868444855,0.2533083624337886
0.7534206237142882,0.35360727208520093,0.03559006870137188,0.5018309440147493,0.18935330726064442,0.1744825216658531,0.3728859590271735,0.37078136853008453
0.548278939808487,0.31973947240135486,0.2308775436598867,0.775418816290822,0.5244638186758297,0.15554862309336165,0.6019356509310146,0.5578013499674762
0.7535070132236417,0.3537266072790074,0.03561356793528381,0.5018561258725354,0.1893650393959586,0.1744193893710147,0.37292166701430673,0.37083174530428314
0.7724045551220753,0.36545873672193496,0.0320951907310974,0.49924232594393103,0.19952278918722385,0.15840758144823558,0.37159650311324194,0.3724963401738918
0.8659381745392349,0.3243117217088989,0.24424243417634367,0.5842482383516572,0.13971410105923376,0.48829600789038485,0.26164675259463166,0.25331096560695626
0.8659246083299302,0.32432485747848017,0.2442193110247855,0.5842591362769558,0.13972224108473916,0.4882698647649997,0.2616431715848598,0.2533177499265957
0.8659698782049615,0.3243096533985624,0.24424504481662895,0.5842779964206992,0.13966490869181505,0.4884054297678426,0.26167634932075096,0.253299188107225
0.8659664363568605,0.3243160731380212,0.24423365030533642,0.5842855635156516,0.13966354341460308,0.48840257350944527,0.2616816933188453,0.2533054023853206
0.7344362921022668,0.34175546876747387,0.03908486119776733,0.5044195565777738,0.17918380640220383,0.1905573237991451,0.3741753669793447,0.3690661990430287
0.7154523606944798,0.3299040041307398,0.04257973916804181,0.507008174648592,0.16901432447562437,0.20663226401676263,0.3754648228932763,0.3673512273992213
0.5292946081964657,0.30788766908362775,0.23437233615628217,0.7780074288538465,0.5142943178173892,0.17162342522665364,0.6032250588831859,0.5560861804804204
0.8468319097575916,0.31249577683177276,0.2476770363344748,0.5867793121059806,0.1297049399525722,0.5040007790704762,0.26283268292112205,0.251634470576258
0.8469916057019649,0.3124467724836629,0.24775953736352502,0.5868519739686222,0.12949733388272153,0.5044834269507553,0.26296257850627536,0.2515793033970766
0.8469718651626881,0.3124664169820628,0.24772494001607678,0.586867709590649,0.12950842357637307,0.5044448820311387,0.262961662075209,0.2515932462130497
0.8170231571518698,0.15935666780615781,0.35806047169027067,0.005112349265380511,0.3078606340926506,0.14698653508085352,0.6680238256038562,0.48619687601304057
0.8170234267507256,0.15935793905956813,0.3580608256963389,0.005113557433852778,0.30786064136806646,0.14698562098911555,0.6680228134134902,0.4861980241931314
0.7580951546694449,0.6439828319794445,0.028946054780155883,0.07123935512904284,0.4480992659510613,0.5265377672091376,0.5829980788087459,0.44406421972690724
0.20161380535654222,0.06057606769910176,0.5400354771866782,0.35887688703227105,0.2368715247613583,0.8503143962731559,0.48873588080953867,0.29001393199242875
0.9361455558019856,0.14110096699470573,0.6398442370236008,0.13702277648963893,0.2311711638961626,0.546486571498752,0.5428767743968844,0.38076004239432415
0.9321857037237744,0.14578620749684768,0.6316075576342655,0.13988993546095374,0.23236968165902105,0.5378293401662211,0.5492333479216144,0.38978005186355347
0.9359348107753371,0.14115900397798076,0.6397472809803337,0.1369180639750874,0.23145284719283377,0.5458432147954675,0.5426870695353643,0.38081819496258024
0.9320908996829581,0.14580855956373645,0.6315706868352028,0.13983513223949015,0.23250027627722153,0.5375330323758762,0.5491467698768937,0.3898072605916246
0.9320831324688457,0.14581025009859094,0.6315679188052872,0.13983035378088932,0.2325111211387459,0.5375084978400043,0.5491396301829855,0.38980952907782757
0.9319859439659096,0.14583056797186592,0.6315347832822377,0.1397688507372133,0.23264768173438022,0.5371999728569917,0.5490500181198665,0.3898381470681701
0.931971175308698,0.14583385027495546,0.6315293981805368,0.13975990410143332,0.23266823213544444,0.5371534472590411,0.5490364650346481,0.389842441431125
0.6830386777411849,0.5973210555742111,0.04311335277333783,0.08160592803500011,0.40746293154371716,0.5911408993428156,0.5882612744517488,0.4376389947686463
0.0804277427840428,0.11038507403129758,0.2908360610730314,0.26462611436295724,0.23981904499736223,0.5619220699138006,0.724004645609591,0.49603881670766337
0.7667358003717187,0.6482869661995625,0.025257807521234077,0.07042130075166342,0.41826084580955997,0.5786783885300655,0.6886097417333281,0.496189787849167
0.7011808657866666,0.5732443753019019,0.0029059487483023005,0.042300366927106925,0.4213788614372761,0.5841569562882474,0.6892400633556168,0.4406537240130042
0.7097611945069991,0.6127132674727573,0.03573756942095646,0.07818684101987913,0.3877513209137354,0.6268953383763625,0.6924753756547883,0.4910335958525801
0.08037251459970113,0.11033833605425847,0.29082426567773434,0.26462535428743134,0.23981643240052183,0.5619030142768763,0.7239980268866759,0.4960115143393695
0.23850921926302576,0.14435661939560512,0.525227689666012,0.37711134942963465,0.1785006142412443,0.8836839771098892,0.6121035654200822,0.43222593224422656
0.6821028863838052,0.5613133206318042,0.0063807403570201315,0.04488769066641363,0.4112049305233236,0.6001994466893633,0.6905182482558888,0.4388922592057979
0.6906832151041375,0.6007822128026594,0.03921236102967429,0.08077416475918586,0.3775773899997828,0.6429378287774785,0.6937535605550603,0.4892721310453738
0.11983214871739467,0.9985171868472232,0.4318819062912189,0.18809234648287604,0.3399894872489682,0.543400079943982,0.8190835179056732,0.2487651252264495
0.11977812114575609,0.9984714649131631,0.4318703673175588,0.18809160293073113,0.3399869314477113,0.5433814385600343,0.819077043068039,0.24873841638790115
0.11969207723536879,0.9983986484996601,0.43185199043358147,0.18809041875509294,0.3399828610975614,0.5433517504300436,0.8190667312895846,0.2486958800894723
0.11966806498130717,0.9983783276400778,0.4318468620008436,0.18809008828747298,0.33998172518589165,0.5433434653705113,0.8190638535839694,0.24868400949456193
0.11960403230380967,0.9983241386811921,0.4318331861802093,0.1880892070404864,0.33997869608810566,0.5433213718784251,0.8190561797023288,0.24865235457480092
0.11956201085920187,0.998288577176923,0.4318242114229181,0.18808862872215146,0.3399767082426836,0.5433068730242435,0.8190511437175021,0.24863158103370775
0.11955720840838957,0.9982845130050065,0.4318231857363705,0.18808856262862744,0.33997648106034967,0.5433052160123371,0.8190505681763792,0.24862920691472565
0.11950838349179771,0.9982431939238561,0.4318127579231369,0.18808789067780018,0.3399741713732879,0.5432883697246214,0.8190447168416283,0.24860507003840787
0.1191878199000756,0.9979719104484331,0.4317442933460866,0.1880834789350737,0.33995900695249687,0.5431777641798652,0.8190062994716653,0.24844659759635432
0.11904974943922153,0.9978550655058352,0.43171480485784397,0.18808157874625892,0.33995247546039586,0.5431301250875544,0.8189897526643779,0.24837834167561965
0.11889206897088384,0.9977216251945789,0.4316811281495321,0.18807940867555445,0.33994501630709795,0.5430757198632923,0.8189708557308379,0.24830039143570815
0.11868716440289162,0.9975482205261436,0.4316373655235024,0.18807658868519744,0.33993532319418285,0.5430050206886166,0.8189462993095882,0.24819909569247292
0.2304557543789503,0.14120131886121548,0.5286141725685802,0.3776914521367731,0.20863652615100875,0.8300719537394415,0.506783894510152,0.38133180806578676
0.06131780116561791,0.8738254053045371,0.6650392133833559,0.33356785152745283,0.08146734832669503,0.16547014593752157,0.7471976208920189,0.2987895175276724
0.23039092129298402,0.14114645254034344,0.5286003258001881,0.3776905598741992,0.2086334591895005,0.8300495840787043,0.506776124704991,0.3812997574595287
0.2282026622223305,0.9684203415406345,0.6414041368487406,0.26993014745598604,0.3034224203928854,0.8333734827932089,0.667152570365887,0.11257480342641574
0.25149137934893095,0.8680260881888965,0.6003956137309612,0.27583730023523856,0.345670268953169,0.9492791644404168,0.29585644291218927,0.7879904730213337
0.061425237683587874,0.8741012308889059,0.6650823533610202,0.33366530182136583,0.08150301241056018,0.16513545658447248,0.7473119155932012,0.2988733078916055
0.061056067596346686,0.8736039079350909,0.6649833134665134,0.3335642494303952,0.08145496688949488,0.16537983878861945,0.7471662539008133,0.2986601280431493
0.22801776786605635,0.9682638709218512,0.6413646479166593,0.2699276028553123,0.3034136738730284,0.8333096878348103,0.66713041203265,0.11248339984560579
0.7455290695541226,0.6393649029991731,0.0373296025399551,0.07294035670877522,0.5079991614222785,0.4238834340907752,0.37233983841888735,0.34214407263628926
0.679530993459381,0.5637093938768853,0.014724060311201326,0.04451254239429342,0.511251133452663,0.42926388823318673,0.37296629698179723,0.28608080039167755
0.7265447379421011,0.627513099681446,0.04082439503635055,0.07552896927179978,0.4978296605638379,0.4399582362240672,0.37362924637105865,0.3404289031492334
0.7474183574942199,0.11906560361330196,0.37690533718529157,0.014555220352666487,0.33724032106050883,0.09261896464979319,0.4611971368547726,0.37908218971039576
0.7939665490301264,0.1822374250576254,0.4027472019173968,0.04526445830380227,0.3239517443901269,0.10320746630267319,0.46185353732608103,0.4328920048375864
0.661011814589939,0.5524891362384023,0.018477237326761875,0.04740833837589489,0.500948717443918,0.44544439862015367,0.37426220589016124,0.28490372069173847
0.7455278689414195,0.639363886956194,0.037329346118318174,0.07294034018539422,0.507999104626695,0.4238830198377986,0.3723396945336066,0.34214347910654375
0.4987056460469325,0.609749152214327,0.16001209789635285,0.19115069818873853,0.630585903727827,0.45474751276922754,0.4627865975049484,0.4359326783585942
0.7469520041389375,0.11843304189107873,0.37664669624448965,0.014248020410708495,0.3373731794152297,0.0925128421431416,0.4611904920132991,0.37854350639353346
0.7474174859447655,0.11906475912982162,0.37690511498591955,0.014555112093627864,0.3372402934600988,0.0926187276766795,0.461197056665181,0.379081603660679
0.6506078116982499,0.5801062250915306,0.05480365049581143,0.08588342503169169,0.45715167606193663,0.5042575828415607,0.378786926141504,0.33356842304425854
0.6885756745138241,0.6038091543649988,0.047813894555262526,0.08070618889005524,0.47749063991509555,0.47210770240632566,0.3762080143136409,0.33699836633187324
0.679529321501458,0.5637078720314189,0.014723667164071419,0.04451242311966741,0.5112510679885307,0.42926337509142193,0.37296612086868514,0.2860798186554637
0.7265431371251638,0.6275117449574739,0.040824053140834704,0.07552894724062512,0.4978295848363932,0.43995768388676504,0.3736290545240176,0.3404281117762394
0.7455270685329507,0.6393632095942079,0.03732917517056028,0.07294032916980689,0.5079990667629727,0.4238827436691475,0.3723395986100861,0.34214308342004673
0.823352411167445,0.1664699403147718,0.36292543215706385,0.004200628794767625,0.3779181833026942,0.028318690637558264,0.45603913708593435,0.38594109454941133
0.7265427369209294,0.6275114062764808,0.04082396766695573,0.07552894173283145,0.4978295659045321,0.4399575458024395,0.3736290065622574,0.3404279139329909
0.6799941451807885,0.5643392461511643,0.014982017460971553,0.04481969827390203,0.5111181236430528,0.429368906065234,0.3729725581291886,0.2866179009625518
0.6795285210929892,0.5637071946694329,0.01472349621631347,0.044512412104080135,0.5112510301248083,0.42926309892277087,0.3729660249451646,0.2860794229689667
0.650606611085547,0.5801052090485515,0.05480339407417456,0.0858834085083107,0.45715161926635317,0.5042571685885842,0.37878678225622325,0.333567829514513
0.756063158819317,0.35168605870040787,0.028122235063091305,0.5018013336128337,0.09646132043195962,0.33295301593764803,0.6659767275893511,0.5119300512620893
0.7758245958112854,0.3646115400814,0.02483885019802462,0.49943935226209024,0.10673639157636663,0.3163098850664845,0.665008643559619,0.514098413873684
0.7370792274115301,0.3398345940636738,0.03161711303336573,0.5043899516836521,0.08629183850538016,0.34902795615526555,0.6672661835032827,0.5102150796182819
0.737252006430237,0.3400732644512867,0.031664111501189696,0.5044403153992242,0.08631530277600852,0.34890169156558865,0.6673375994775491,0.5103158331666792
0.7932535160507098,0.3743149712296178,0.02092098601733472,0.4963974607511227,0.11669469506729085,0.3013713261559589,0.6630764438772887,0.5149066035819166
0.7743559741522762,0.36258284178669026,0.02443936322152107,0.49901126067972695,0.10653694527602564,0.31738313407873797,0.6644016077783534,0.5132420087123079
0.7940310216348911,0.37538898797387593,0.021132479122542458,0.4966240974711974,0.11680028428511846,0.30080313550241294,0.663397815761488,0.515359994549704
0.5511806434415762,0.31817626459798115,0.22348020772334207,0.7754647514622648,0.4316070282530875,0.3138297204806412,0.895133543454592,0.6991011630220767
0.7938582426161842,0.37515031758626305,0.02108548065471849,0.4965737337556252,0.11677682001449013,0.30092940009208985,0.6633263997872215,0.5152592410013068
0.7558039902912566,0.35132805311898846,0.028051737361355356,0.5017257880394757,0.09642612402601708,0.33314241282216334,0.6658696036279513,0.5117789209394935
0.7369928379021764,0.3397152588698673,0.0315936137994538,0.504364769825866,0.086280106370066,0.34909108845010395,0.6672304755161493,0.5101647028440834
0.7371656169208834,0.33995392925748025,0.03164061226727777,0.5044151335414381,0.08630357064069433,0.3489648238604271,0.6673018914904159,0.5102654563924806
0.5147677917943648,0.29662136881302925,0.23089294987430647,0.7810952610440505,0.4114792428355838,0.3448432196087844,0.8983551990508539,0.6965780016700368
0.7748743112083971,0.36329885294952896,0.024580358624992915,0.4991623518264435,0.1066073380879107,0.31700434030970737,0.664615855701153,0.5135442693574994
0.5316783749776683,0.3056087887984083,0.22683409029014467,0.7779022783863665,0.421367153514623,0.3302834544672894,0.896208751445724,0.6970839307330778
0.7557176007819031,0.351208717925182,0.028028238127443483,0.5017006061816895,0.09641439189070289,0.3332055451170018,0.6658338956408181,0.5117285441652949
0.7944629691816585,0.3759856639429082,0.02124997529210232,0.49675000676012776,0.11685894496168936,0.30048747402822074,0.6635763556971543,0.515611878420697
0.5506623063854554,0.3174602534351424,0.22333921231987025,0.7753136603155484,0.43153663544120247,0.3142085142496719,0.8949192955317925,0.6987989023768852
0.0783413189886551,0.10937144244923519,0.291773871449961,0.264831642768285,0.24728213822815673,0.548912356620549,0.6976105668327721,0.4830438772956358
0.7746821766036887,0.5042315208140945,0.23263559719957302,0.14441646140639647,0.32400724590412944,0.9924813318869392,0.5698781771354504,0.2990290612492026
0.5816239648353378,0.26602799260019333,0.3668625632442207,0.7050778828648934,0.2500378292764931,0.5312647333499374,0.3518534146126804,0.33550407514456365
0.468156139333213,0.295674064144137,0.15761187298056437,0.6223621256530742,0.30085013841362435,0.21470815682289626,0.4622903691671644,0.4532362595527016
0.9256628234789606,0.15959045662323623,0.6007920462166338,0.12253086201599828,0.2925459182964856,0.38080083324645947,0.3464713020695709,0.3088321964671624
0.19946880043073922,0.11826054953587556,0.5337781669443582,0.38029765156389334,0.264522630898895,0.7274489224349728,0.2955843660910733,0.26829892025004515
0.1994679996321142,0.11825987246542935,0.5337779952043047,0.38029764049544884,0.2645225929160304,0.7274486456873347,0.2955842698596086,0.268298524719166
0.1994649372453136,0.11825622743644326,0.5337775709281076,0.3802980527255234,0.26452114572527463,0.7274501352352578,0.29558463621487696,0.2682962871438546
0.19946173561143865,0.11825351798849898,0.5337768871370758,0.3802980086631741,0.26452099427038533,0.7274490305606536,0.2955842525207949,0.2682947043978666
0.7742148692475397,0.16552216332726621,0.3985287240949995,0.04499262665520737,0.3230173813143224,0.09639245250005013,0.45948643261053285,0.42312764915080525
0.7931971998383892,0.17737227324002813,0.39503350422920924,0.04240398655321448,0.33318678751345715,0.08031695994513044,0.4581967848495603,0.4248418294216185
0.8121787300207701,0.18922170579080394,0.391538113415661,0.03981533543563426,0.34335615584886964,0.06424119122155963,0.4569070411650672,0.42655561400593484
0.19945198990211466,0.11824632639186738,0.5337745730799643,0.3802974199722734,0.26452183516501476,0.7274431199983649,0.29558235015742196,0.268290611611697
0.19944958867670848,0.11824429430590916,0.5337740602366905,0.3802973869255114,0.2645217215738478,0.7274422914924117,0.29558206238686047,0.26828942455220595
0.7931887955494676,0.17736516093917437,0.395031709277751,0.0424038708895475,0.3331863899443727,0.0803140601742941,0.45819577765259495,0.4248376747133999
0.7552185315084874,0.15366019957974805,0.4020209523750261,0.04758107398442196,0.3128473125000469,0.11246311210357601,0.46077440170989653,0.42140654436629416
0.7931859941198272,0.1773627901722231,0.39503111096059823,0.04240383233499184,0.3331862574213446,0.0803130935840154,0.45819544192027317,0.42483628981066035
0.7931855939155928,0.17736245149123006,0.3950310254867193,0.04240382682719818,0.3331862384894834,0.08031295549968975,0.45819539395851294,0.42483609196741184
0.8679617451118498,0.12421352797809873,0.6109347340410693,0.12993731866002536,0.26299625894384104,0.4268151532742063,0.3496903586556037,0.30387694758577116
0.19871991649122384,0.11843835348193327,0.5334363063318492,0.37993825950325943,0.26548143625785,0.7252385598941926,0.29493510289707175,0.26848878414332444
0.2301420457541888,0.1409332035673311,0.5285501745232587,0.37768733584558867,0.20862211241198786,0.8299655953011074,0.5067474047865032,0.38117524854451407
0.6047708784330246,0.15687424457295104,0.5912909576952501,0.31923666492400515,0.6015532433857537,0.18516287575261886,0.9036276360662352,0.7241908519051192
0.0645145085742071,0.10218250479062213,0.29712131960120464,0.26604680822275767,0.2919988093587842,0.4704026792008547,0.5390893071775904,0.4044274912441027
0.06451290775726964,0.10218115006664999,0.2971209777056888,0.266046786191583,0.29199873363133955,0.47040212686355254,0.5390891153305494,0.4044266998711087
0.06451210734880097,0.1021804727046639,0.29712080675793084,0.2660467751759956,0.2919986957676172,0.4704018506949015,0.5390890194070289,0.4044263041846117
0.06451130694033219,0.10217979534267785,0.2971206358101729,0.26604676416040834,0.2919986579038949,0.4704015745262504,0.5390889234835083,0.40442590849811466
0.0645097061233948,0.10217844061870568,0.2971202939146571,0.2660467421292336,0.29199858217645025,0.47040102218894825,0.5390887316364673,0.40442511712512064
0.0645085055106917,0.10217742457572657,0.2971200374930202,0.26604672560585263,0.2919985253808668,0.47040060793597166,0.5390885877511866,0.4044245235953751
0.06450770510222298,0.10217674721374051,0.29711986654526223,0.2660467145902653,0.2919984875171444,0.47040033176732055,0.539088491827666,0.4044241279088781
0.06450650448951989,0.10217573117076137,0.29711961012362537,0.2660466980668843,0.29199843072156095,0.47039991751434396,0.5390883479423854,0.4044235343791326
0.06450570408105116,0.10217505380877531,0.2971194391758674,0.26604668705129697,0.29199839285783863,0.4703996413456929,0.5390882520188648,0.4044231386926356
0.06450490367258249,0.10217437644678923,0.2971192682281095,0.26604667603570964,0.2919983549941163,0.4703993651770418,0.5390881560953443,0.40442274300613856
0.0645037030598794,0.10217336040381012,0.2971190118064726,0.26604665951232864,0.2919982981985328,0.4703989509240652,0.5390880122100635,0.40442214947639304
0.06450290265141062,0.10217268304182403,0.29711884085871465,0.2660466484967413,0.29199826033481047,0.4703986747554141,0.5390879162865431,0.40442175378989603
0.06450210224294195,0.10217200567983797,0.29711866991095676,0.266046637481154,0.29199822247108814,0.470398398586763,0.5390878203630225,0.404421358103399
0.06450090163023886,0.10217098963685886,0.2971184134893199,0.266046620957773,0.2919981656755047,0.47039798433378643,0.5390876764777418,0.4044207645736535
0.06450010122177013,0.1021703122748728,0.29711824254156194,0.26604660994218565,0.29199812781178236,0.4703977081651354,0.5390875805542212,0.4044203688871565
0.0644989006090671,0.10216929623189366,0.297117986119925,0.26604659341880466,0.29199807101619885,0.47039729391215873,0.5390874366689405,0.40441977535741097
0.06449810020059832,0.10216861886990761,0.2971178151721671,0.2660465824032173,0.2919980331524765,0.4703970177435077,0.53908734074542,0.40441937967091396
0.06449689958789523,0.10216760282692847,0.2971175587505302,0.2660465658798363,0.29199797635689306,0.47039660349053103,0.5390871968601393,0.40441878614116844
0.06449609917942656,0.10216692546494241,0.2971173878027723,0.266046554864249,0.29199793849317074,0.47039632732187997,0.5390871009366187,0.40441839045467143
0.06449529877095783,0.10216624810295633,0.29711721685501435,0.26604654384866167,0.2919979006294484,0.4703960511532289,0.5390870050130983,0.4044179947681744
0.9647797455435021,0.18418496355496777,0.5941763275998345,0.12069046367684283,0.21417230035686055,0.5247893450025033,0.6268907274884218,0.4538275966462053
0.9650766825064065,0.1839021435009168,0.5946752383927694,0.12045248085615401,0.21398948093434866,0.5253568250958562,0.6270049933716594,0.4537124368224362
0.9645220493927003,0.18423900045948077,0.594088174160847,0.12052772372816306,0.21453422269882738,0.5239715891106079,0.6266531743939322,0.4539034317349593
0.9645116567320304,0.18424068524317336,0.5940855070017815,0.12052014710677833,0.21454932936645768,0.5239377023154279,0.6266434309748947,0.4539066281583952
0.9645092534697733,0.18424168991930012,0.5940838056207617,0.1205196480073997,0.21455221667061025,0.5239310490124545,0.6266413911944706,0.4539071846158138
0.9645092499150113,0.18424168441169167,0.5940837956787781,0.12051964061812931,0.2145521989740906,0.5239309720961098,0.6266413753991728,0.45390719837844046
0.9645515941083567,0.18423001994858385,0.5941032877166457,0.12054067756578568,0.21449561295637404,0.5240602282841617,0.6266794912938118,0.4538955131417326
0.9648190222583332,0.18417670959107368,0.594189808614472,0.1207152754563901,0.21411720056290737,0.5249139430817646,0.6269268961982264,0.45381599901003444
0.9648165479395132,0.1841771676756873,0.5941890698972552,0.12071358716267794,0.21412073612588217,0.5249059811111028,0.6269245951566064,0.45381674461670546
0.964368132308423,0.1842353484234066,0.5941000507261702,0.12035692930380484,0.21478753437292658,0.5234172244111515,0.6264994051117688,0.45395871442426355
0.9642782245096868,0.18428696053073226,0.5940104653297695,0.12036729266198881,0.21487997478301277,0.5231920331601034,0.6264273310917157,0.4539760260726805
0.9642594515639901,0.18429330765097504,0.5939997144649901,0.12036037781930611,0.2149038510716182,0.523136883982954,0.6264108207129536,0.45398087754931576
0.9641244344512914,0.18432236287758336,0.593952197946221,0.1202766333637321,0.21509271639280475,0.5227098068237092,0.6262866051059705,0.4540204002339913
0.964000465560948,0.18434792553440732,0.5939105673054702,0.12019745790746744,0.21526727179746896,0.522315618172806,0.626172183636347,0.45405700272974114
0.9631661677571594,0.18445642451110364,0.5937444897492747,0.11953439814338324,0.21650761788565093,0.5195461629137353,0.6253811784451981,0.45432107583249687
0.9630830293698537,0.18453980554971572,0.5935976383676285,0.11961706168115205,0.21655630523005798,0.5194033758383841,0.6253262981298128,0.45432712043420853
0.726685747064896,0.6234943426528863,0.033563351169460076,0.07546890940743489,0.4086786186355579,0.5922510569677711,0.652732743999646,0.47415242977791483
0.6697339528415349,0.5879399487426842,0.04404798508028346,0.08323476361988957,0.37817017285581955,0.6404758776206237,0.6566011117414405,0.46900751484649283
0.7267721365742497,0.6236136778466927,0.03358685040337206,0.07549409126522097,0.40869035077087207,0.5921879246729327,0.6527684519867792,0.47420280655211344
0.8878547298676935,0.3317714478361606,0.23454804414806818,0.5832900152256328,0.057406891235752044,0.632524463152889,0.5417391266084015,0.3879887693571254
0.06550301303307543,0.10301904684342406,0.29733244008224613,0.26606041247311285,0.2920455710558551,0.47074374748493464,0.5392077727254164,0.4049161640679133
0.06550221262460676,0.103018369481438,0.2973322691344882,0.26606040145752546,0.2920455331921328,0.4707434713162835,0.5392076768018959,0.4049157683814163
0.0655006118076693,0.10301701475746586,0.29733192723897234,0.2660603794263508,0.29204545746468813,0.4707429189789814,0.5392074849548548,0.40491497700842227
0.06549981139920058,0.10301633739547977,0.2973317562912144,0.26606036841076347,0.2920454196009658,0.4707426428103303,0.5392073890313344,0.40491458132192526
0.06549861078649749,0.10301532135250066,0.2973314998695775,0.2660603518873825,0.2920453628053823,0.4707422285573537,0.5392072451460536,0.40491398779217974
0.06549700996956004,0.10301396662852849,0.2973311579740617,0.2660603298562078,0.29204528707793764,0.47074167622005153,0.5392070532990125,0.4049131964191857
0.06549540915262264,0.10301261190455638,0.29733081607854583,0.26606030782503315,0.292045211350493,0.4707411238827494,0.5392068614519716,0.4049124050461917
0.06549460874415386,0.1030119345425703,0.2973306451307879,0.2660602968094458,0.29204517348677067,0.4707408477140983,0.539206765528451,0.4049120093596947
0.06549380833568519,0.10301125718058421,0.29733047418302994,0.2660602857938585,0.29204513562304835,0.47074057154544724,0.5392066696049306,0.40491161367319767
0.06549100690604465,0.10300888641363296,0.2973298758658772,0.2660602472393028,0.29204500310002024,0.4707396049551685,0.5392063338726087,0.4049102287704581
0.06549020649757598,0.10300820905164687,0.2973297049181193,0.2660602362237155,0.2920449652362979,0.47073932878651736,0.5392062379490883,0.4049098330839611
0.06548900588487289,0.10300719300866776,0.2973294484964824,0.2660602197003345,0.2920449084407144,0.4707389145335408,0.5392060940638075,0.4049092395542156
0.06362620711210654,0.10047947957021583,0.29629555133139096,0.2648317447096185,0.292576424660828,0.47031513542627557,0.5391797552666884,0.40275626443591683
0.06548620445523234,0.10300482224171653,0.29732885017932964,0.26606018114577884,0.2920447759176863,0.470737947943262,0.5392057583314858,0.40490785465147605
0.06548540404676362,0.10300414487973045,0.2973286792315717,0.2660601701301915,0.29204473805396397,0.4707376717746109,0.5392056624079652,0.40490745896497904
0.06548420343406058,0.10300312883675133,0.2973284228099348,0.2660601536068105,0.29204468125838046,0.4707372575216343,0.5392055185226845,0.4049068654352335
0.06548340302559186,0.10300245147476525,0.2973282518621769,0.2660601425912232,0.29204464339465813,0.47073698135298325,0.5392054225991639,0.4049064697487365
0.06548100180018568,0.10300041938880702,0.2973277390189031,0.2660601095444612,0.29204452980349116,0.47073615284703,0.5392051348286024,0.40490528268924547
0.06548020139171695,0.10299974202682097,0.2973275680711452,0.26606009852887386,0.29204449193976884,0.4707358766783789,0.539205038905082,0.40490488700274846
0.06547900077901386,0.10299872598384183,0.29732731164950826,0.26606008200549286,0.2920444351441854,0.4707354624254023,0.5392048950198012,0.40490429347300294
0.7740089207201424,0.1695619495648318,0.4060341219401514,0.04783967591263094,0.3137362012453396,0.11894644735625576,0.46302630227731595,0.43069568057016316
0.8499430455343531,0.21696645338779588,0.39205426816353783,0.037485181598183315,0.3544140532242127,0.05464613414848346,0.45786828677454877,0.4375547757723985
0.7427148923700186,0.1131769697601488,0.3746267830981621,0.012079710498532403,0.3382578173062198,0.09143738655038391,0.4610285542343109,0.3742845997562859
0.7455099885755405,0.11697245395892877,0.3761788843467786,0.013925275143038762,0.3374601834127525,0.09207148468995208,0.4610674543938053,0.3775190846189718
0.7445525712222849,0.6385385213761623,0.03712104627528251,0.07292691769223003,0.5079529676810425,0.42354650833646146,0.37222281172386895,0.3416613351099338
0.055887285142744325,0.0974494932593406,0.30139971962224466,0.2655928783041739,0.3301746085087609,0.4062524492957041,0.40758207073106173,0.33880032518874287
0.8001340979898715,0.14936941821186298,0.36440256657815256,0.004625210157473192,0.36863286874950174,0.04331631257444746,0.45716591496624437,0.37997539440677786
0.8499414447174157,0.2169650986638237,0.392053926268022,0.03748515956700871,0.35441397749676806,0.05464558181118129,0.4578680949275078,0.43755398439940446
0.6591030987503836,0.5503969759989814,0.017751143085981247,0.04677954356430178,0.5011683998408305,0.4448960340608873,0.37413219073676596,0.28334230642920627
0.6595684382742404,0.5510283589947358,0.018009459324182908,0.047086440760318565,0.5010355344123242,0.44500199798549994,0.37413878685650576,0.2838800229699122
0.6581729176895694,0.5491353798579327,0.017234869370876815,0.046166429876427384,0.5014340588546568,0.4446838318429002,0.3741188883597839,0.28226820589033275
0.8195823817317689,0.16185175116585507,0.36116590217928524,0.0023437644896446286,0.37866939766205443,0.027346804441853778,0.45588286408498496,0.382228060151205
0.8689241755124996,0.2288155472575787,0.3885587918761107,0.034896524972809484,0.364583402627764,0.03857022734058718,0.4565784951282955,0.43926836251346624
0.8024562510806061,0.15252227345672267,0.3656931050532639,0.006159441064923998,0.36796835388312227,0.043844691661004576,0.4571983994534382,0.38266142010813453
0.7066654950567833,0.6149501857625981,0.04413310481543786,0.07812925858254124,0.4876254709171415,0.4556313232963005,0.37483676007422173,0.3382789987910386
0.6780819876427222,0.5622432110513436,0.014254863638511195,0.04418998971669158,0.511337765886748,0.42881992767552535,0.37284234884883205,0.2850533885283021
0.820043932636239,0.16248024871616187,0.3614235174335395,0.0026508983380786333,0.3785363121249996,0.027451269936598854,0.4558889333853354,0.38276436934908514
0.868920173470156,0.2288121604476483,0.38855793713732106,0.03489646989487283,0.36458321330915233,0.03856884649733178,0.45657801551069294,0.4392663840809812
0.7241927694994423,0.10195881813102423,0.3783808818249448,0.014979605331634782,0.3279546759971277,0.10761414026436,0.46232306715732696,0.3731127380260694
0.7740001162269865,0.16955449858298502,0.40603224151481426,0.0478395547411703,0.313735784744394,0.11894340950109389,0.4630252471185904,0.43069132801869603
0.0649551334362371,0.1025553925639561,0.2972154263419442,0.266052872303584,0.2920196533379239,0.47055471004327254,0.5391421130756294,0.4046453166607082
0.06495433302776832,0.10255471520197004,0.29721525539418625,0.26605286128799666,0.2920196154742016,0.4705544338746214,0.5391420171521089,0.4046449209742112
0.06495353261929965,0.10255403783998396,0.2972150844464283,0.2660528502724093,0.29201957761047925,0.47055415770597037,0.5391419212285884,0.40464452528771416
0.06495273221083092,0.1025533604779979,0.2972149134986704,0.266052839256822,0.29201953974675693,0.4705538815373193,0.5391418253050679,0.40464412960121715
0.0649519318023622,0.10255268311601182,0.29721474255091246,0.26605282824123466,0.2920195018830346,0.4705536053686682,0.5391417293815474,0.40464373391472014
0.06495113139389347,0.10255200575402573,0.29721457160315456,0.26605281722564733,0.2920194640193123,0.47055332920001713,0.5391416334580269,0.4046433382282231
0.06495033098542474,0.10255132839203968,0.2972144006553966,0.26605280621006,0.29201942615558996,0.4705530530313661,0.5391415375345063,0.4046429425417261
0.06494953057695602,0.10255065103005359,0.29721422970763867,0.26605279519447267,0.29201938829186763,0.470552776862715,0.5391414416109859,0.4046425468552291
0.06494873016848735,0.10254997366806753,0.2972140587598808,0.26605278417888534,0.2920193504281453,0.4705525006940639,0.5391413456874654,0.4046421511687321
0.06494792976001862,0.10254929630608142,0.2972138878121228,0.266052773163298,0.292019312564423,0.47055222452541284,0.5391412497639448,0.4046417554822351
0.06494712935154989,0.10254861894409537,0.29721371686436493,0.2660527621477107,0.29201927470070066,0.47055194835676173,0.5391411538404244,0.40464135979573806
0.06494632894308117,0.10254794158210928,0.297213545916607,0.26605275113212334,0.29201923683697834,0.47055167218811067,0.5391410579169038,0.40464096410924105
0.06494552853461244,0.1025472642201232,0.29721337496884903,0.266052740116536,0.292019198973256,0.4705513960194596,0.5391409619933833,0.40464056842274404
0.06494472812614371,0.10254658685813714,0.2972132040210911,0.2660527291009487,0.2920191611095337,0.47055111985080855,0.5391408660698629,0.40464017273624703
0.06494392771767499,0.10254590949615106,0.2972130330733332,0.26605271808536135,0.29201912324581136,0.47055084368215744,0.5391407701463423,0.40463977704975
0.06494312730920632,0.102545232134165,0.29721286212557524,0.266052707069774,0.29201908538208904,0.4705505675135064,0.5391406742228219,0.404639381363253
0.06494232690073759,0.10254455477217891,0.29721269117781735,0.2660526960541867,0.2920190475183667,0.47055029134485526,0.5391405782993013,0.404638985676756
0.06494152649226881,0.10254387741019286,0.2972125202300594,0.26605268503859936,0.2920190096546444,0.4705500151762042,0.5391404823757808,0.404638589990259
0.06494032587956577,0.10254286136721372,0.2972122638084225,0.26605266851521836,0.2920189528590609,0.4705496009232276,0.5391403384905,0.40463799646051346
0.06493872506262832,0.10254150664324158,0.2972119219129067,0.2660526464840437,0.29201887713161623,0.47054904858592544,0.539140146643459,0.40463720508751944
0.5707367843669375,0.3295346043800962,0.2196476359364538,0.7720889509753914,0.44109247789800654,0.29946366713112405,0.8950560638490075,0.7015272311164147
0.7568945368649518,0.3515509394272082,0.027855038948213395,0.501089696770137,0.09581248455624178,0.33447250592123307,0.6672958278590977,0.5127922780352157
0.8840079258467344,0.08072265996872804,0.5907031149347075,0.10713369577341053,0.16735496505724323,0.6313745449035111,0.6593803255736002,0.39510149573545855
0.9310263192145546,0.14456058003954592,0.6168126331064162,0.13818713650937767,0.15393450734006886,0.6420383778816046,0.6600074645809935,0.44947762151490944
0.9290753026144443,0.14634377736751136,0.6136641811961845,0.1397642703553086,0.15523484040925348,0.6383853513059133,0.6586481466020088,0.4496594969934007
0.9289120935301687,0.14629664116250946,0.6137541335851213,0.13953709249624405,0.15555503262967785,0.6377707068245685,0.6583248388755732,0.44958080561088853
0.9286377323955701,0.14634797581101308,0.613670990773305,0.139353054365922,0.15594649026292348,0.6368918721884406,0.6580621112057677,0.4496554910959197
0.9306502940556087,0.14539154221029088,0.6153145691505009,0.1398189268992008,0.15371567699131305,0.6426602702426668,0.6587403704835034,0.4481892981784815
0.9299876583721196,0.14615876367072134,0.6139645369950726,0.1403490904206227,0.15394560500242996,0.6412877904327849,0.6595045113528457,0.4494029963160914
0.9300030849456787,0.1461401544787155,0.6139974263297845,0.14033756524081242,0.15394160285402994,0.6413209994189215,0.6594788203132358,0.4493670599498244
0.9300050274486562,0.14613769127113388,0.6140015941945793,0.14033588338733466,0.15394095132725422,0.6413253558038943,0.6594749439301306,0.4493620304026892
0.9299905625819602,0.14615524460716642,0.6139707322100816,0.14034689051698074,0.1539448322493155,0.6412940652236593,0.6594995908397192,0.4493961649290301
0.929987673198059,0.14615875259220606,0.6139645671023003,0.14034909242919616,0.15394560952983674,0.6412878124342932,0.659504523054723,0.4494029904026144
0.9299881431874057,0.1461581765770491,0.6139655711154983,0.14034872387573014,0.15394547644852877,0.6412888373892381,0.6595036918832129,0.44940185744034555
0.9299886280026916,0.14615758948337687,0.6139666052359242,0.14034835733083753,0.1539453478946276,0.6412898843456913,0.6595028724135801,0.4494007185645997
0.9299886596053516,0.14615756586864698,0.613966669411857,0.14034836161227038,0.15394535754515265,0.641289931243643,0.6595028973570554,0.4494007059595566
0.9299876708571211,0.14615875434144532,0.6139645623485275,0.140349092112053,0.15394560881498306,0.6412878089603709,0.659504521207058,0.4494029913363213
0.9299924846762273,0.14615290906023198,0.6139748338307841,0.14034542201169373,0.15394431279145027,0.6412982275740414,0.6594962994116458,0.4493916162732306
0.9299881517708442,0.14615817016317184,0.6139655885459986,0.14034872503858842,0.15394547906965902,0.6412888501269534,0.6595036986579839,0.4494018540167536
0.9299881455283434,0.14615817482780982,0.613965575869271,0.14034872419287328,0.1539454771633825,0.6412888408631605,0.6595036937308777,0.4494018565066386
0.517097642413412,0.29919387396439057,0.23447982432725292,0.7798935956421296,0.47798726819915505,0.23296155085020342,0.6968573640156956,0.5996063173071549
0.7222393263192133,0.33306167364823663,0.03919234936873811,0.5063057233660571,0.14287675678396966,0.2518954494226948,0.4678076721118545,0.4125863358697632
0.8380848521481878,0.29945323366359994,0.25746013296632997,0.593037850677166,0.10073979385911569,0.5692362801856112,0.35149549883700626,0.2855243104925853
0.7601207996254339,0.35664526772789834,0.032179094194277225,0.5011033053666344,0.16320398850181436,0.2198087012822982,0.46519305229685814,0.41596590238317926
0.7411368682176469,0.34479380309116425,0.03567397216455165,0.5036919234374527,0.15303450657523493,0.23588364149991572,0.4664825082107897,0.4142509307393719
0.7791047310332211,0.3684967323646324,0.028684216224002856,0.4985146872958162,0.17337347042839382,0.20373376106468064,0.46390359638292655,0.4176808740269866
0.7415688157644142,0.34539047906019654,0.035791468334111565,0.503817832726383,0.1530931672518058,0.23556798002572354,0.466661048146456,0.4145028146103649
0.7602071891347875,0.35676460292170475,0.03220259342818921,0.5011284872244205,0.16321572063712853,0.21974556898745976,0.4652287602839914,0.4160162791573779
0.06561343082136972,0.10424056078995989,0.2994311521717344,0.266413296178625,0.3033934832500169,0.4523471082446163,0.5000049529712,0.3870254938897791
0.7730105739829909,0.549387318962342,0.2696922730279135,0.1719536837072873,0.3888674147666515,0.8668796281992286,0.3547808296990936,0.25153723207961465
0.7139804392771738,0.6184622153112902,0.04084838131037655,0.07738608773114328,0.4614975886437536,0.5012625589459274,0.4671921743607372,0.38375977724131793
0.6949965078693867,0.6066107506745562,0.04434325928065097,0.0799747058019615,0.45132810671717416,0.5173374991635449,0.46848163027466866,0.3820448055975106
0.4329030297402243,0.537188557080508,0.25011536814998914,0.36132843229048883,0.755930172352621,0.5466284212439061,0.7013996899203045,0.5639198721034802
0.18153772859811557,0.07071904253824163,0.5177722896515566,0.3531863068785914,0.2613346844375539,0.7695915627797464,0.38368206397171056,0.2599550393257609
0.9195444682515346,0.1146293350571557,0.5815858429151342,0.0931659763991449,0.24387182281062086,0.5035875446175893,0.5905508513406905,0.37422874382848953
0.9647220308923946,0.1794563415938279,0.6045168408537269,0.12491866972003762,0.2309607859151417,0.5112190975320313,0.5934789300046717,0.4312131236725586
0.9647188802808421,0.17945681682383363,0.6045160960805314,0.12491630000177034,0.23096540229944607,0.5112087593096846,0.5934759644972268,0.4312141026104774
0.9646858642213487,0.1794635546089982,0.604505134849175,0.12489506969342426,0.2310119633260313,0.5111036480535087,0.5934454680020101,0.43122387038318544
0.964669257865073,0.17946610968917437,0.6045011190843927,0.12488268222808549,0.2310362436659039,0.5110492491408083,0.5934298538651358,0.43122901618234455
0.9646307415203177,0.17947547902145522,0.6044856359167339,0.12486101376697323,0.2310890249749404,0.510929400874777,0.5933947777990635,0.43123998389782187
0.8468359117999351,0.31249916364170316,0.24767789107326443,0.5867793671839172,0.1297051292711838,0.5040021599137317,0.2628331625387246,0.25163644900874305
0.8469852438322392,0.31245302040253725,0.24775560076081934,0.5868468849055746,0.12951135133581645,0.5044531923829663,0.2629537305582652,0.2515841434495155
0.8469758672050317,0.3124698037919932,0.24772579475486642,0.5868677646685857,0.1295086128949847,0.5044462628743942,0.2629621416928115,0.25159522464553474
0.8469767205035443,0.31246962486184576,0.24772608665367102,0.5868683035425879,0.1295074144766338,0.5044489706753608,0.26296292829246215,0.2515949735359694
0.7534238253481631,0.35360998153314527,0.03559075249240351,0.5018309880770986,0.18935345871553372,0.1744836263404574,0.37288634272125554,0.3707829512760726
0.715455962532589,0.3299070522596771,0.04258050843295247,0.507008224218735,0.16901449486237485,0.20663350677569253,0.3754652545491186,0.3673530079884579
0.8659687750357918,0.32430414635827826,0.24426063731666592,0.5842582613269627,0.13968081433053472,0.48837811408102316,0.26166422668257344,0.25329891725007436
0.8659593987987406,0.3243209294561943,0.2442308321030085,0.584279141142831,0.13967807600884527,0.4883711851514381,0.26167263812506386,0.2533099982904758
0.7534234251439287,0.3536096428521522,0.03559066701852465,0.5018309825693049,0.18935343978367256,0.17448348825613186,0.37288629475949525,0.3707827534328241
0.7724073565517158,0.3654611074888862,0.03209578904825017,0.4992423644984867,0.199522921710252,0.15840854803851434,0.3715968388455637,0.37249772507663137
0.8468351047588094,0.31249849123589496,0.2476777066564836,0.5867793552697576,0.12970508938204264,0.5040018739023007,0.26283306138015367,0.2516360559677489
0.5292974096261062,0.307890039850579,0.23437293447343494,0.7780074674084022,0.5142944503404173,0.1716243918169324,0.6032253946155077,0.5560875653831598
0.7154551621241203,0.32990637489769103,0.04258033748519452,0.5070082132031477,0.16901445699865253,0.20663323060704145,0.37546515862559804,0.36735261230196087
0.846834704554575,0.3124981525549019,0.24767762118260464,0.5867793497619638,0.12970507045018148,0.5040017358179751,0.2628330134183934,0.2516358581245004
0.8469746669824849,0.3124687874574742,0.247725539125525,0.586867748198062,0.1295085562185435,0.5044458492004046,0.26296199811547494,0.25159463096017143
0.7344386933276731,0.3417575008534321,0.03908537404104112,0.5044195896245358,0.17918391999337083,0.19055815230509837,0.3741756547499063,0.3690673861025197
0.5292970094218719,0.307889701169586,0.23437284899955596,0.7780074619006085,0.5142944314085561,0.17162425373260687,0.6032253466537475,0.5560873675399114
0.7724065561432472,0.36546043012690016,0.032095618100492274,0.49924235348289936,0.19952288384652966,0.15840827186986328,0.3715967429220432,0.37249732939013436
0.8468343043503406,0.31249781387390885,0.2476775357087257,0.5867793442541702,0.12970505151832032,0.5040015977336495,0.26283296545663315,0.2516356602812519
0.8469409674447268,0.3124754470224049,0.2477140246438909,0.5868467036101659,0.12955524946274447,0.5043400740124413,0.2629312910288499,0.25160427127433993
0.06449249734131729,0.10216387733600507,0.29711661853786164,0.266046505294106,0.29199776810642025,0.4703950845629501,0.5390866692807764,0.4044166098654349
0.06449089652437984,0.10216252261203293,0.29711627664234574,0.26604648326293134,0.2919976923789756,0.470394532225648,0.5390864774337354,0.40441581849244085
0.06448929570744244,0.10216116788806076,0.2971159347468299,0.2660464612317567,0.29199761665153096,0.4703939798883458,0.5390862855866945,0.4044150271194468
0.0640149382674729,0.1015218325459768,0.2968555843284487,0.2657391511339254,0.29213009636902865,0.47028509569518345,0.5390786815100159,0.4038723869376144
0.06447889039734905,0.1021523621822418,0.29711371242597684,0.2660463180291214,0.29199712442314074,0.4703903896958818,0.5390850385809278,0.40440988319498566
0.06447728958041166,0.10215100745826966,0.29711337053046094,0.2660462959979467,0.2919970486956961,0.47038983735857964,0.5390848467338868,0.40440909182199164
0.0644756887634742,0.10214965273429752,0.29711302863494515,0.26604627396677205,0.29199697296825144,0.4703892850212775,0.5390846548868458,0.4044083004489976
0.06447408794653675,0.10214829801032538,0.29711268673942925,0.2660462519355974,0.2919968972408068,0.47038873268397535,0.5390844630398048,0.4044075090760036
0.06446928549572445,0.10214423383840893,0.29711166105288167,0.2660461858420734,0.29199667005847285,0.4703870756720689,0.5390838874986817,0.4044051349570215
0.059347242532707845,0.09519365524527634,0.29426861049840924,0.2626679608118833,0.29345836036409273,0.46922186085692486,0.5390115159487978,0.3984848929189874
0.06446608386184954,0.10214152439046462,0.29711097726185,0.2660461417797241,0.29199651860358355,0.4703859709974646,0.5390835038045997,0.40440355221103347
0.06446448304491209,0.10214016966649248,0.29711063536633414,0.2660461197485494,0.2919964428761389,0.4703854186601624,0.5390833119575587,0.40440276083803944
0.0644628822279747,0.10213881494252033,0.2971102934708183,0.26604609771737475,0.29199636714869426,0.47038486632286025,0.5390831201105177,0.4044019694650454
0.06446128141103724,0.10213746021854817,0.2971099515753024,0.2660460756862001,0.2919962914212496,0.47038431398555813,0.5390829282634767,0.4044011780920514
0.06445968059409979,0.10213610549457602,0.29710960967978656,0.2660460536550254,0.29199621569380496,0.47038376164825596,0.5390827364164357,0.40440038671905737
0.06445807977716239,0.10213475077060388,0.2971092677842707,0.2660460316238507,0.2919961399663603,0.4703832093109538,0.5390825445693946,0.40439959534606335
0.06259448059592737,0.09960635997016587,0.2960751996714213,0.2648175456175474,0.2925276183227516,0.4699591540350375,0.539056109848755,0.4022462245412675
0.06445487814328749,0.10213204132265957,0.297108583993239,0.2660459875615014,0.291995988511471,0.4703821046363495,0.5390821608753126,0.4043980126000753
0.06445327732635009,0.10213068659868743,0.29710824209772313,0.2660459655303267,0.29199591278402637,0.4703815522990473,0.5390819690282715,0.40439722122708127
0.06445167650941264,0.10212933187471526,0.2971079002022073,0.26604594349915206,0.2919958370565817,0.4703809999617452,0.5390817771812306,0.4043964298540872
0.2444489479080393,0.11927831177350595,0.5730071416788589,0.3915163786043126,0.24780216910185196,0.8253379109715797,0.40822855507159517,0.3009136469249122
0.8400577525946183,0.20905466159257377,0.3905752952844558,0.039027805673867155,0.3068660241822679,0.1353095438596647,0.5909683279874103,0.5001552874847063
0.783104757758554,0.1734992516393925,0.4010596727736422,0.046793643362940784,0.27635752160694604,0.18353395025954067,0.5948365518439241,0.4950097790235388
0.7831043575543197,0.17349891295839948,0.40105958729976326,0.04679363785514715,0.2763575026750849,0.1835338121752151,0.5948365038821638,0.49500958118029026
0.8020838867155288,0.18534665210421009,0.3975637691168202,0.04420495919859857,0.28652677635119156,0.1674573530300167,0.5935465203888695,0.49672237654836404
0.8020834865112945,0.18534631342321706,0.39756368364294126,0.044204953690804905,0.2865267574193304,0.16745721494569116,0.5935464724271093,0.49672217870511554
0.8210670177148471,0.19719743937895812,0.3940687201987878,0.04161633011219307,0.2966962204140487,0.15138213664374806,0.5922569685514175,0.4984369525056744
0.93865658827325,0.16216610159420441,0.6158319081547419,0.13015311658113013,0.256452837488436,0.47140051337752886,0.4746877903131688,0.3680086213830276
0.715676543402779,0.6187695073673245,0.039135498310532535,0.0770580662062397,0.45023513487087846,0.520282510831726,0.5066114935007376,0.40254351184320974
0.8020814854901226,0.1853446200182519,0.3975632562735464,0.04420492615183663,0.2865266627600246,0.16745652452406345,0.5935462326183081,0.496721189488873
0.960834879237878,0.17054382234608606,0.6188863392117363,0.12708353542309578,0.26698338719899656,0.4618494405956273,0.4692571551615,0.3628034048529418
0.9594586655439242,0.1718130560599839,0.6162097739345305,0.12617908678570827,0.26612599476338406,0.4592561723172393,0.470348951862651,0.365475824743318
0.9197047557366472,0.14986529703001836,0.6194767786945601,0.13015573330338623,0.24434430638395038,0.48823826162728545,0.4746301817815698,0.3657939052219734
0.2332642411209996,0.13048281116624982,0.5491958068114893,0.3839458706672381,0.23810268807650548,0.805904121684466,0.41946196699856075,0.3249423511498057
0.8400461466718219,0.2090448398437757,0.3905728165419658,0.03902764594785085,0.30686547515829415,0.13530553941422402,0.5909669370963629,0.5001495500304997
0.8462541578839685,0.5703166296967497,0.288579599973511,0.17177974494071047,0.4191942074826911,0.8636601651529425,0.37475774528997535,0.24383138847881117
0.7156705403392636,0.6187644271524289,0.03913421620234803,0.07705798358933472,0.450234850892961,0.520280439566843,0.5066107740743339,0.4025405441944821
0.9006823221899262,0.13845775342484773,0.6228202965132273,0.13533026459806793,0.2361135707254985,0.5035481844635553,0.4772659347528678,0.36457551260343685
0.7156701401350293,0.6187640884714358,0.03913413072846911,0.07705797808154105,0.4502348319610999,0.5202803014825175,0.5066107261125736,0.4025403463512336
0.8401301349557692,0.2091621429516239,0.390595802932604,0.03905279475887491,0.3068770937024414,0.1352415786134324,0.5910023573129346,0.5001987397452072
0.7579745255818258,0.35701517549071754,0.09033769673789749,0.6320954767871863,0.3278583687648147,0.1489491661631353,0.34801188855179493,0.2578695739142127
0.7772176255176731,0.369224645708871,0.08691331646935896,0.6295824042897262,0.33806304709733676,0.13268482906100243,0.3468295565992632,0.25973567588061586
0.7389905941740386,0.3451637108539835,0.09383257470817197,0.6346840948580045,0.3176888868382353,0.16502410638075282,0.34930134446572647,0.2561546022704054
0.7771312360083197,0.3691053105150645,0.08688981723544703,0.6295572224319401,0.3380513149620225,0.13274796135584094,0.3467938486121299,0.25968529910641724
0.7200066627662516,0.3333122462172495,0.09732745267844639,0.6372727129288227,0.30751940491165586,0.1810990465983704,0.35059080037965795,0.254439630626598
0.8921984521052913,0.3361271080581214,0.30309870081419565,0.7153988858346065,0.29412360996565856,0.44986107653063007,0.23160173644965548,0.13451984696961145
0.8921984552265416,0.3361271057258024,0.3030987071525594,0.7153988862574643,0.29412361091879685,0.44986108116252654,0.23160173891320862,0.1345198457246689
0.8921993498816215,0.3361268958924283,0.30309908303468347,0.7153994307343292,0.29412242512952813,0.4498638503361212,0.23160255815493802,0.134519578119615
0.8921993487111527,0.3361268967670479,0.30309908065779706,0.7153994305757576,0.29412242477210127,0.44986384859916,0.23160255723110562,0.13451957858646846
0.8921993494914653,0.3361268961839681,0.30309908224238796,0.7153994306814719,0.2941224250103859,0.4498638497571341,0.2316025578469939,0.13451957827523287
0.8922003195791992,0.3361266152248022,0.3030995745040269,0.7153999021123445,0.2941211764313399,0.4498667653093031,0.23160342783950755,0.13451930699421694
0.8922020097896599,0.3361262696091821,0.3031001250252265,0.7154009776403467,0.29411877459066216,0.44987215659377977,0.231604988105155,0.13451881131103438
0.8922019218720045,0.33612635006424996,0.30309998329225674,0.7154010489949091,0.2941188335678863,0.44987199168761965,0.23160492750015826,0.13451881996676646
0.8922019234326296,0.33612634889809045,0.3030999864614386,0.7154010492063378,0.2941188340444555,0.4498719940035678,0.23160492873193478,0.13451881934429522
0.8922019249932549,0.33612634773193095,0.30309998963062046,0.7154010494177665,0.2941188345210246,0.449871996319516,0.23160492996371135,0.13451881872182397
0.892202725203818,0.3361257497836471,0.303101614628623,0.7154011578278753,0.2941190788818502,0.4498731838219718,0.23160556155714151,0.1345184995496838
0.8922019320160681,0.3361263424842132,0.30310000389193886,0.7154010503691961,0.2941188366655857,0.44987200674128314,0.23160493550670586,0.13451881592070325
0.8922028724519238,0.33612608368207775,0.3031004359391223,0.7154015177829218,0.29411757903172614,0.4498748782904357,0.23160578209546495,0.13451855646664135
0.8922035178983371,0.3361253233822081,0.30310192569041605,0.7154022800098606,0.2941185164971016,0.44987605183437795,0.23160431553946842,0.13451633460803664
0.8922033726396119,0.33612554433561526,0.3031016059117745,0.7154024764437487,0.29411861044048104,0.4498756725239288,0.23160480195237554,0.13451686529707346
0.05699895751599998,0.09920652839974858,0.301741569524819,0.2669974680288837,0.32567134893946026,0.4125053421090681,0.42054046168165177,0.3468763681362364
0.05699735669906253,0.09920517367577644,0.30174122762930317,0.266997445997709,0.3256712732120156,0.41250478977176597,0.42054026983461074,0.3468755767632424
0.05699575588212513,0.0992038189518043,0.3017408857337873,0.26699742396653436,0.32567119748457096,0.4125042374344638,0.42054007798756976,0.34687478539024835
0.05699415506518768,0.09920246422783213,0.3017405438382714,0.2669974019353597,0.3256711217571263,0.4125036850971616,0.42053988614052873,0.34687399401725433
0.05699255424825017,0.09920110950385999,0.3017402019427556,0.26699737990418504,0.32567104602968167,0.4125031327598595,0.4205396942934877,0.3468732026442603
0.05699055322707841,0.09919941609889482,0.30173977457336076,0.2669973523652167,0.3256709513703758,0.4125024423382318,0.42053945448468644,0.3468722134280178
0.05698895241014096,0.09919806137492268,0.30173943267784487,0.26699733033404205,0.3256708756429312,0.4125018900009296,0.42053926263764546,0.34687142205502375
0.05698735159320356,0.09919670665095051,0.3017390907823291,0.2669973083028674,0.32567079991548653,0.4125013376636275,0.42053907079060443,0.3468706306820297
0.05698575077626611,0.09919535192697834,0.3017387488868132,0.2669972862716927,0.3256707241880419,0.41250078532632534,0.4205388789435634,0.3468698393090357
0.056984149959328656,0.0991939972030062,0.30173840699129734,0.26699726424051806,0.32567064846059723,0.41250023298902316,0.4205386870965224,0.3468690479360417
0.05698254914239126,0.09919264247903406,0.3017380650957815,0.2669972422093434,0.3256705727331526,0.41249968065172105,0.4205384952494814,0.34686825656304765
0.05698094832545375,0.09919128775506192,0.3017377232002656,0.26699722017816874,0.32567049700570794,0.4124991283144189,0.42053830340244036,0.3468674651900536
0.056978146895813264,0.09918891698811066,0.3017371248831129,0.2669971816236131,0.32567036448267983,0.4124981617241401,0.4205379676701186,0.346866080287314
0.05697734648734454,0.09918823962612458,0.30173695393535493,0.26699717060802575,0.3256703266189575,0.41249788555548905,0.42053787174659807,0.34686568460081707
0.056976946283110175,0.09918790094513155,0.30173686846147596,0.2669971651002321,0.3256703076870963,0.41249774747116347,0.42053782378483784,0.34686548675756856
0.05697614587464145,0.0991872235831455,0.30173669751371807,0.26699715408464475,0.325670269823374,0.4124974713025124,0.4205377278613173,0.34686509107107155
0.05697534546617278,0.09918654622115938,0.3017365265659601,0.2669971430690574,0.32567023195965167,0.41249719513386135,0.4205376319377968,0.34686469538457454
0.05697494526193836,0.09918620754016635,0.30173644109208114,0.26699713756126375,0.32567021302779053,0.4124970570495358,0.4205375839760366,0.346864497541326
0.05697334444500096,0.09918485281619421,0.3017360991965653,0.2669971155300891,0.3256701373003459,0.41249650471223365,0.42053739212899555,0.34686370616833195
0.0569729442407666,0.09918451413520116,0.3017360137226863,0.2669971100222954,0.3256701183684847,0.4124963666279081,0.4205373441672353,0.3468635083250835
0.9087156300786112,0.34646294355627283,0.22766338875066908,0.5785482878085817,0.052862255740351194,0.6398025641827583,0.6035355435060101,0.4226983705805278
0.9087156347604868,0.3464629400577944,0.2276633982582147,0.578548288442868,0.05286225717005866,0.6398025711306029,0.6035355472013398,0.42269836871311395
0.9087156359309556,0.3464629391831747,0.2276634006351011,0.5785482886014396,0.05286225752748552,0.639802572867564,0.6035355481251722,0.4226983682462605
0.9087156374915807,0.3464629380170152,0.2276634038042829,0.5785482888128683,0.052862258004054585,0.6398025751835124,0.6035355493569488,0.42269836762378926
0.9087156367112681,0.34646293860009497,0.22766340221969197,0.578548288707154,0.05286225776577003,0.6398025740255382,0.6035355487410605,0.4226983679350249
0.9087165783175926,0.3464626789233399,0.2276638366437618,0.5785487562794511,0.05286100048933734,0.6398054473116519,0.603536396253652,0.42269810801410956
0.9087225357783221,0.34645542726745804,0.22767659427160264,0.5785442640068656,0.052859467840471186,0.6398183495392767,0.6035260459938188,0.42268384999987385
0.9087165071899068,0.3464627423236311,0.22766373194221334,0.578548850099456,0.05286108441476095,0.6398053094815639,0.603536314307704,0.4226980733416539
0.908716511481626,0.34646273911669245,0.2276637406574635,0.5785488506808851,0.05286108572532605,0.6398053158504216,0.6035363176950896,0.4226980716298579
0.908716509921001,0.346462740282852,0.22766373748828164,0.5785488504694565,0.05286108524875688,0.6398053135344733,0.6035363164633131,0.42269807225232914
0.9087165122619386,0.3464627385336127,0.22766374224205443,0.5785488507865996,0.052861085963610666,0.6398053170083956,0.6035363183109779,0.42269807131862225
0.9087173577573253,0.34646256543426285,0.22766401829494967,0.5785493886034578,0.05285988516241402,0.639808013229621,0.6035370987517458,0.42269782332141315
0.9087173659506075,0.34646255931192543,0.2276640349331545,0.578549389713459,0.05285988766440203,0.6398080253883492,0.6035371052185727,0.42269782005343903
0.7964484332909822,0.3757259674477318,0.019036163841779585,0.49622651637322385,0.10203192497283312,0.32685524352232154,0.7150235739308836,0.5401529084872876
0.7394966390676211,0.3401715735375296,0.029520797752602967,0.5039923705856786,0.07152347919309479,0.37508006417517414,0.7188919416726781,0.5350079935558656
0.7584805704754082,0.3520230381742636,0.026025919782328544,0.5014037525148604,0.08169296111967428,0.3590051239575566,0.7176024857587466,0.5367229651996729
0.7587908990652863,0.35213377048456757,0.025987319530163255,0.5012572448942558,0.08154515700679657,0.35930418242542866,0.7179762363358964,0.5369987725160358
0.7774645018831952,0.3638745028109977,0.022531041812054065,0.498815134444042,0.09186244304625371,0.3429301837399391,0.716313029844815,0.5384379368434803
0.7777748304730734,0.3639852351213016,0.022492441559888776,0.49866862682343754,0.091714638933376,0.34322924220781115,0.7166867804219648,0.5387137441598431
0.7591012276551644,0.35224450279487146,0.025948719277997967,0.5011107372736513,0.08139735289391886,0.35960324089330076,0.7183499869130461,0.5372745798323987
0.07337670830064547,0.10742618071552343,0.2948638105791988,0.26546604569677823,0.2697326624914003,0.5103299195339112,0.6185834867967354,0.4446990819684708
0.07337670830064547,0.10742618071552343,0.2948638105791988,0.26546604569677823,0.2697326624914003,0.5103299195339112,0.6185834867967354,0.4446990819684708
0.07298650917214478,0.10709596674731214,0.29478047354720877,0.26546067559795383,0.2697142039267671,0.5101952873165112,0.6185367240804882,0.4445061848011771
0.07348316262698518,0.10751626985967133,0.2948865466310033,0.2654675107698934,0.2697376983664695,0.5103666499645044,0.6185962446249628,0.4447517082725735
0.07349556895825027,0.10752676897045546,0.29488919632125116,0.2654676815114971,0.26973828525416554,0.5103709305785962,0.6185977314395306,0.4447578414132772
0.07348756487356312,0.10751999535059473,0.2948874868436719,0.2654675713556237,0.2697379066169423,0.5103681688920854,0.6185967722043255,0.444753884548307
0.07348676446509439,0.10751931798860864,0.29488731589591394,0.26546756034003643,0.26973786875322,0.5103678927234343,0.6185966762808051,0.44475348886181004
0.07278960868883982,0.1069293356987378,0.2947384203987584,0.26545796576347014,0.26970488945107524,0.5101273498283463,0.6185131268944436,0.444408845922912
0.07278960868883982,0.1069293356987378,0.2947384203987584,0.26545796576347014,0.26970488945107524,0.5101273498283463,0.6185131268944436,0.444408845922912
0.0717514789049109,0.10605079720279925,0.29451670115672535,0.26544367854670037,0.2696557802032202,0.5097691590878997,0.6183887140883462,0.4438956405362866
0.0717514789049109,0.10605079720279925,0.29451670115672535,0.26544367854670037,0.2696557802032202,0.5097691590878997,0.6183887140883462,0.4438956405362866
0.07329266541142992,0.10735505770698561,0.29484586106461635,0.26546488906010834,0.2697286868005562,0.5103009218255481,0.6185734148270822,0.44465753488628446
0.07329266541142992,0.10735505770698561,0.29484586106461635,0.26546488906010834,0.2697286868005562,0.5103009218255481,0.6185734148270822,0.44465753488628446
0.07329266541142992,0.10735505770698561,0.29484586106461635,0.26546488906010834,0.2697286868005562,0.5103009218255481,0.6185734148270822,0.44465753488628446
0.0728980640363513,0.1070211182478509,0.29476158381995765,0.2654594583755536,0.2697100199854502,0.5101647706805673,0.6185261245314723,0.44446246144325724
0.07275158928657571,0.10689716100439928,0.29473030038025677,0.26545744252307185,0.2697030909242648,0.5101142318174202,0.6185085705272195,0.4443900508143039
0.072954492833396,0.10706887226786915,0.29477363563689163,0.26546023497446053,0.26971268937787407,0.5101842405704682,0.618532887139668,0.4444903573412966
0.07241661834241664,0.1066136850132271,0.2946587587435638,0.26545283249977336,0.26968724495647195,0.5099986552369445,0.6184684265338873,0.44422445601530414
0.07292727894545958,0.10704584196034261,0.2947678234131221,0.26545986044449127,0.26971140201131505,0.5101748508363315,0.6185296257399707,0.4444769040003982
0.06939467616876682,0.10405630483480302,0.2940133454835054,0.2654112431498009,0.26954429047283535,0.508955980494804,0.6181062672822136,0.44273054164583286
0.921120548367786,0.15112546235287616,0.6197657489704291,0.13014841982739395,0.2444881392628245,0.4885766275367288,0.47475664117320965,0.36653643390610896
0.8035502350302226,0.1865875792626985,0.3978769454093449,0.044225139754591025,0.2865961426904903,0.16796329399878945,0.5937222522784381,0.49744727421089124
0.7253069849612374,0.33448344536809904,0.03776734847604862,0.5059725848756929,0.13167153964599462,0.27148157480126844,0.507366007957325,0.432040436651765
0.06736175771688735,0.1038785592030659,0.297252377137837,0.2651838405745832,0.2925982309432543,0.47154930798378786,0.5395782154616011,0.4049109388866075
0.06643072296424574,0.10261495760408584,0.29673548840336317,0.26456955996529324,0.2928640131168284,0.47133757611224947,0.5395651018917662,0.40383455398909673
0.06782723952271535,0.1045102764418088,0.2975107958792668,0.2654909322575026,0.29246534498812343,0.47165519351732577,0.539584780113483,0.405449036153753
0.06596531229940339,0.10198340748683721,0.2964771209135474,0.26426256552582517,0.29299688880864705,0.47123165138317424,0.5395585215059554,0.403296647085171
0.06596524115841779,0.10198324036534293,0.2964770696619333,0.2642624682823739,0.29299689907195936,0.4712316905787116,0.5395585372398843,0.40329645672195125
0.06549975935258978,0.10135152312660003,0.2962186509205035,0.26395537659945456,0.29312978502709025,0.4711258050451737,0.5395519725880025,0.40275835945480576
0.0673616865759018,0.10387839208157162,0.29725232588622286,0.2651837433311319,0.29259824120656663,0.47154934717932523,0.5395782311955301,0.40491074852338776
0.06503420640577617,0.10071963876636289,0.2959601809274595,0.2636481876730839,0.29326268124553345,0.4710199587071732,0.5395454236700494,0.4022200718244405
0.06503413526479063,0.10071947164486861,0.2959601296758454,0.2636480904296326,0.29326269150884576,0.4710199979027106,0.5395454394039785,0.40221988146122073
0.06643058068227459,0.10261462336109728,0.29673538590013493,0.26456936547839066,0.2928640336434531,0.47133765450332427,0.5395651333596241,0.4038341732626572
0.06410331393510582,0.09945637141037136,0.29544339469621395,0.2630341015506965,0.2935284428924829,0.4708081484445601,0.5395322786323568,0.40114406765336924
0.06549968821160418,0.10135135600510575,0.29621859966888936,0.26395527935600327,0.29312979529040256,0.4711258442407111,0.5395519883219314,0.40275816909158596
0.06503434868774738,0.10071997300935143,0.2959602834306877,0.2636483821599865,0.29326266071890883,0.4710198803160984,0.5395453922021917,0.40222045255088
0.7859923288167157,0.5217859886074487,0.23200090847040866,0.13289382265439068,0.4218484642540413,0.8281575914113266,0.38975090576065374,0.22075337813859172
0.7845958833992317,0.5198908368912202,0.2312256522461191,0.13197254760563262,0.42224712211943405,0.827839934810713,0.3897312118050081,0.21913908633715526
0.7855268470108876,0.521154271368706,0.23174248972897882,0.13258673097147133,0.42198135020917227,0.8280517058777888,0.3897443411087719,0.22021528087144623
0.7841304015934037,0.5192591196524772,0.23096723350468926,0.13166545592271328,0.42238000807456494,0.8277340492771752,0.38972464715312616,0.21860098907000974
0.9858870391179272,0.18732421661157797,0.6127206777023645,0.1184829637721081,0.22689982231200082,0.5233711903823163,0.5578549356094666,0.4224074506321513
0.9847647376057421,0.18762270014361335,0.6106243903770721,0.11767426080408627,0.22738686531706676,0.520253574187086,0.5589704369666741,0.4235780173110998
0.9848184074903525,0.18757201577805957,0.6107135748302395,0.11762733436302172,0.22735223125320253,0.520351568586812,0.5590069129655051,0.42357322401216896
0.9847617739470419,0.18762387788724066,0.6106223775690518,0.11767352934215539,0.22739045315115908,0.5202451903500632,0.5589678884640918,0.42357873414152025
0.9836538349790496,0.1879064352096127,0.6085544561301608,0.11684756045256126,0.2278710682130916,0.5171494561225595,0.5600924180816165,0.42474857442266767
0.9836454187342979,0.1879140682220372,0.6085407782587752,0.11685413974865769,0.22787642169716352,0.5171335130930017,0.5600865470019449,0.42474951830013474
0.98376711212927,0.18782274701680385,0.6087857945229683,0.11686575611417008,0.22790932131742156,0.5173217303439758,0.5601826676779603,0.424701454228194
0.9836472449736489,0.18791244937983406,0.6085437883581167,0.11685289896698914,0.2278753980577729,0.5171368791215321,0.5600878330850368,0.42474926751706243
0.983645003513033,0.18791446579755544,0.6085400837345174,0.11685451213135109,0.2278766917022378,0.5171327786707399,0.5600862692844698,0.4247495510045015
0.9836450450941902,0.18791445561991588,0.6085400954478142,0.11685453720130504,0.2278766272976192,0.5171328945422086,0.5600863045116559,0.4247495419674888
0.9848506170087954,0.18753922582023796,0.6107723276987448,0.11759473666155365,0.22733540076930817,0.5204062457989882,0.5590282269244293,0.42357060596844004
0.9847566989884294,0.187624944983882,0.6106206465344517,0.1176703267893344,0.22739759270774895,0.5202291179714716,0.5589632164017636,0.42358022120650335
0.9847570808052228,0.18762486200305134,0.6106207721256266,0.11767056553514305,0.22739704445208894,0.5202302974447472,0.5589635621660134,0.42358011524413003
0.9847571021376856,0.18762485752979766,0.6106207794230967,0.1176705790069931,0.2273970144916302,0.5202303651397714,0.5589635818310046,0.4235801089663909
0.9847572087999996,0.18762483516352924,0.6106208159104473,0.11767064636624336,0.22739686468933631,0.5202307036148922,0.5589636801559609,0.4235800775776952
0.9836412244613822,0.18791483647143864,0.6085395432680853,0.11685126295789122,0.22788242725729352,0.5171199990969839,0.5600826438784214,0.42475078365871255
0.9836386552258406,0.18791563791156193,0.6085381926307978,0.11685017883886803,0.22788576434410424,0.5171123281190093,0.5600803621218476,0.42475146639132927
0.9836877389004948,0.18787126046437158,0.6086169062475804,0.11681144415576475,0.22785311399554492,0.5172062612658894,0.5601145873196895,0.4247462119013721
0.9836389013448995,0.18791574391697713,0.608537993776421,0.11685065730848881,0.22788525590974557,0.5171133983752495,0.5600806409941713,0.42475134995635977
0.9836710434852213,0.18788664411389433,0.6085895037933183,0.11682517370191356,0.22786375222963146,0.5171747855947797,0.5601030141407752,0.4247479657636367
0.7343894682068468,0.34171584309128844,0.03907486075392852,0.504418912165915,0.17918159137444784,0.19054116793305712,0.3741697554533951,0.36904305138295346
0.906171221295545,0.15257457204699765,0.6114933044407408,0.1275100998655551,0.274370755198547,0.41679539179516734,0.3505383470801274,0.31526074237555773
0.9060360006246043,0.15270170782105916,0.611269716635044,0.1276197250330282,0.27445744859279025,0.4165383834276776,0.3504717647411959,0.31529903396766523
0.9061674277264505,0.15267413377434463,0.6113147108361456,0.12770273441196062,0.2742729178298074,0.41695541532651936,0.35059288159410623,0.31526031883269723
0.906167423044575,0.15267413727282314,0.6113147013286,0.12770273377767427,0.2742729164001,0.4169554083786746,0.3505928778987766,0.315260320700111
0.7936399823748891,0.18196106136730705,0.4026774552321621,0.04525996394417073,0.3239362959914185,0.10309478949303386,0.46181440052971423,0.4327305647468052
0.7154051365948253,0.3298640397735614,0.042569653250324024,0.5070075247289395,0.16901209051600724,0.20661597006634913,0.3754591634055664,0.3673278818958976
0.5102634526890242,0.2959962400897153,0.23785712820883884,0.7805953970050121,0.5041226019311926,0.18768207149385766,0.6045088553094076,0.5543478633332892
0.9061708210913104,0.15257423336600462,0.6114932189668618,0.12751009435776142,0.27437073626668584,0.4167952537108418,0.35053829911836715,0.31526054453230923
0.9060356004203698,0.15270136914006613,0.611269631161165,0.12761971952523452,0.2744574296609291,0.41653824534335204,0.35047171677943567,0.3152988361244167
0.9061944694898589,0.15266616330311747,0.6113274985868179,0.127716306842233,0.2742364792237703,0.4170388034480025,0.3506175183541157,0.31525252928352165
0.7936395821706546,0.18196072268631402,0.4026773697582831,0.04525995843637709,0.3239362770595573,0.10309465140870833,0.461814352567954,0.4327303669035567
0.5292469838925768,0.3078473660454563,0.23436216476468544,0.7780067734264002,0.5142920649259108,0.17160699319191458,0.6032193514337157,0.5560626371338481
0.9060351931933222,0.15270103570679083,0.6112695314259676,0.12761971306601133,0.27445740858450685,0.4165380968372595,0.3504716632746808,0.3152986410822889
0.906185477756327,0.15265462462775334,0.6113476977218655,0.12768769983996736,0.2742623767086907,0.41699201880424547,0.35059308742924894,0.3152460712448472
0.90616662224595,0.15267346020237693,0.6113145295885466,0.12770272270922975,0.27427287841723536,0.41695513163103654,0.3505927816673119,0.31525992516923185
0.7533721990019306,0.35356629168504344,0.03557972636201723,0.5018302775717156,0.18935101650544378,0.17446581346246298,0.3728801556541828,0.37075742949701523
0.7723561304097177,0.3654177563217775,0.03208484839174275,0.4992416595008975,0.19952049843202324,0.1583908732448454,0.3715906997402513,0.3724724011408226
0.7343882675941437,0.34171482704830936,0.03907460433229165,0.504418895642534,0.17918153457886435,0.1905407536800805,0.37416961156811435,0.3690424578532079
0.906034792989088,0.15270069702579778,0.6112694459520887,0.12761970755821767,0.27445738965264566,0.4165379587529339,0.3504716153129206,0.3152984432390404
0.554700203917492,0.324062808265911,0.22618258796685198,0.7785945035126438,0.43830916302562184,0.3031675608725012,0.8841305313169623,0.695501778719176
0.773390577166765,0.36233999434791164,0.025034815200802085,0.4992898672372057,0.11044230276293118,0.31062020225085774,0.6509026889671586,0.5066682822735036
0.7547522037963919,0.35096587048640343,0.028623690106724498,0.5019792127391682,0.1003197493776084,0.3264426132891215,0.6523349768296233,0.5051548177264906
0.7550113723244523,0.3513238760678228,0.028694187808460392,0.5020547583125264,0.10035494578355095,0.32625321640460614,0.652442100791023,0.5053059480490865
0.7559616569273406,0.35263656319969383,0.02895267938149204,0.5023317587481733,0.10048399927200691,0.3255587611613833,0.6528348886494889,0.505860092565271
0.7355954933698978,0.33887573546205646,0.0320715696091749,0.5045174670944144,0.09012680318040062,0.34264381809641586,0.6535530167692882,0.5033390925342861
0.5301946409360361,0.30464993019679104,0.22728854686595387,0.7780297937971288,0.4252021181896435,0.3238993164084397,0.8824955847117296,0.690207943649082
0.7739089142228859,0.3630560055107504,0.02517581060427393,0.49944095838392216,0.11051269557481624,0.310241408481827,0.6511169368899582,0.5069705429186951
0.7765005995034904,0.3666360613249441,0.025880787621633095,0.5001964141175045,0.11086465963424155,0.3083474396366738,0.6521881765039562,0.508481846144653
0.7759822624473693,0.3659200501621053,0.02573979221816125,0.500045322970788,0.11079426682235649,0.3087262334057045,0.6519739285811565,0.5081795854994614
0.7752047568631881,0.36484603341784727,0.025528299112953512,0.49981868625071335,0.11068867760452888,0.30929442405925045,0.6516525566969572,0.5077261945316741
0.5508990655059387,0.3188120597384269,0.22514862167472519,0.7774865017700563,0.43779294907179805,0.30594538184539255,0.8825593798830986,0.6932852006544377
0.8224380578295636,0.41572010642929236,0.029717670631894233,0.5054645356759422,0.12469456777884419,0.27257522342946294,0.6620396125756033,0.5259143713384224
0.7542338667402709,0.35024985932356467,0.028482694703252653,0.5018281215924518,0.10024935656572334,0.32682140705815216,0.6521207289068236,0.5048525570812991
0.773217798148058,0.36210132396029876,0.024987816732978174,0.4992395035216336,0.1104188384923028,0.3107464668405346,0.6508312729928921,0.5065675287251064
0.7544066457589779,0.3504885297111776,0.028529693171076564,0.5018784853080239,0.10027282083635172,0.32669514246847525,0.6521921448810901,0.5049533106296963
0.53485237741617,0.3110179916911124,0.2294424735980067,0.7809313030056011,0.42802235974590064,0.3198738240385032,0.8850629073595612,0.6932830393333826
0.7791786742934481,0.3703354523329442,0.0266092638729043,0.5009770517088729,0.11122835582898102,0.3063903384966822,0.6532951241050874,0.5100435261448095
0.7548385933057453,0.35108520568020984,0.028647189340636425,0.5020043945969543,0.10033148151292262,0.32637948099428304,0.6523706848167565,0.5052051945006892
0.5111243200188956,0.29267913036625054,0.23075992560231634,0.7805932300101609,0.41502090412774983,0.34003738892089574,0.883749332638528,0.688442595231076
0.36156792561824297,0.4468746724775061,0.27356649224423213,0.449030149300642,0.9546478825272182,0.4343988333830513,0.5308801805104763,0.30371131944858193
0.38407467296332176,0.47416680976565756,0.2821256396404459,0.4611994216253108,0.9342378659970341,0.4645005598454348,0.583847528262965,0.35139184192818507
0.3570767993662838,0.43752737704006395,0.26713740388912877,0.44338820125943995,0.9419452411313138,0.4583591597047003,0.5834667627198863,0.32018239079696587
0.366851846147686,0.45079327193217045,0.27256414620754144,0.44983702935729497,0.9391546463368774,0.4605827951045332,0.583604636143335,0.3314822430438016
0.363127991701062,0.4457395340222273,0.2704967962761027,0.4473802958939401,0.9402177339779245,0.45973571083623016,0.5835521189282799,0.32717746490663757
0.3631279205600764,0.445739366900733,0.27049674502448856,0.44738019865048884,0.9402177442412367,0.45973575003176753,0.5835521346622088,0.32717727454341783
0.36592088253603,0.44952983745468467,0.27204730872468175,0.44922284599145623,0.9394204182471391,0.46037102403745744,0.5835915068395712,0.3304060485095106
0.35521480100198616,0.4350003409635981,0.2661036776717952,0.44215973728431124,0.9424767952151498,0.45793565676608616,0.5834405198462876,0.31802981136516406
0.37429962618191953,0.460900914873551,0.2766988973220332,0.4547505935274558,0.9370284607914705,0.4622769244456019,0.5837096548395164,0.34009198968134935
0.34869805572039425,0.42615629962119755,0.26248581529177734,0.4378604537234404,0.9443371985869824,0.45645325929655584,0.5833486147199411,0.31049644962512707
0.3770924458759019,0.46469105118451415,0.2782493585189982,0.45659304638152054,0.9362311553239975,0.4629122768423666,0.5837490584847367,0.34332038292100253
0.3836091911574938,0.4735350925269147,0.28186722089901606,0.46089232994239143,0.9343707519521649,0.4643946743118969,0.5838409636110832,0.3508537446610396
0.37569600045841794,0.4627958994682855,0.2774741022947086,0.45567177133276254,0.9366298131893902,0.46259462024175296,0.583729364529091,0.34170609111956607
0.3738341443760915,0.46026919763480817,0.2764404785806033,0.4544435018445364,0.9371613467466016,0.462171038912064,0.5837030901876344,0.33955389241420386
0.3794198549050419,0.4678496373782286,0.2795414522261474,0.45812850479611733,0.9355667255483431,0.463441704510056,0.5837818817441461,0.3460108692567301
0.35986961906026604,0.44131751335102704,0.2686878650860937,0.4452306541135047,0.9411479356638408,0.45899451210146497,0.5835061663651067,0.32341078403661905
0.38174733507516745,0.47100839069343736,0.28083359718491074,0.45966406045416536,0.9349022855093763,0.463971092982208,0.5838146892696267,0.34870154595567737
0.37476510798774754,0.46153263211229395,0.276957316063463,0.45505768521037515,0.9368955748363397,0.4623828099791398,0.5837162194913983,0.34063008694849484
0.37290318076443557,0.45900576315732233,0.2759236410977436,0.45382931847869773,0.9374271186568632,0.46195926784498825,0.5836899608838707,0.33847769787991283
0.3733685914292779,0.4596373132745709,0.27618200858755937,0.4541363129181658,0.9372942429650448,0.46206519257406353,0.5836965412696815,0.3390156047838386
0.06438524260650891,0.10207311082987111,0.2970937115382992,0.2660450292054035,0.29199269436762876,0.4703580779637058,0.5390738155290286,0.4043635878748352
0.06438444219804018,0.10207243346788503,0.29709354059054127,0.2660450181898162,0.29199265650390643,0.4703578017950547,0.539073719605508,0.40436319218833816
0.06438364178957146,0.10207175610589897,0.2970933696427833,0.26604500717422885,0.2919926186401841,0.47035752562640365,0.5390736236819875,0.40436279650184115
0.06438284138110278,0.10207107874391289,0.29709319869502543,0.2660449961586415,0.2919925807764618,0.4703572494577526,0.5390735277584671,0.40436240081534414
0.064382040972634,0.10207040138192683,0.29709302774726754,0.2660449851430542,0.29199254291273946,0.47035697328910153,0.5390734318349465,0.4043620051288471
0.06438084035993091,0.10206938533894769,0.2970927713256306,0.2660449686196732,0.291992486117156,0.4703565590361249,0.5390732879496658,0.4043614115991016
0.06437883933875915,0.10206769193398249,0.2970923439562358,0.26604494108070487,0.29199239145785016,0.4703558686144972,0.5390730481408645,0.4043604223828591
0.06437763872605606,0.1020666758910034,0.29709208753459887,0.26604492455732387,0.2919923346622667,0.4703554543615206,0.5390729042555837,0.40435982885311356
0.06437523750064994,0.10206464380504515,0.29709157469132513,0.2660448915105619,0.29199222107109973,0.47035462585556737,0.5390726164850222,0.4043586417936225
0.0643724360710094,0.10206227303809393,0.29709097637417237,0.2660448529560062,0.29199208854807157,0.4703536592652886,0.5390722807527004,0.404357256890883
0.06436123035244734,0.10205278997028888,0.29708858310556135,0.2660446987377835,0.29199155845595903,0.4703497929041735,0.5390709378234133,0.4043517172799248
0.06435802871857249,0.10205008052234457,0.29708789931452967,0.2660446546754342,0.29199140700106974,0.4703486882295692,0.5390705541293312,0.40435013453393676
0.06435442688046322,0.10204703239340723,0.29708713004961895,0.2660446051052912,0.29199123661431925,0.47034744547063934,0.5390701224734891,0.4043483539447002
0.06435322626776019,0.10204601635042812,0.2970868736279821,0.2660445885819102,0.2919911798187358,0.47034703121766275,0.5390699785882083,0.4043477604149547
0.0643520256550571,0.10204500030744904,0.2970866172063452,0.2660445720585292,0.2919911230231523,0.47034661696468616,0.5390698347029275,0.40434716688520916
0.06435122524658832,0.10204432294546295,0.29708644625858727,0.2660445610429419,0.29199108515942995,0.47034634079603505,0.539069738779407,0.40434677119871215
0.06435002463388523,0.10204330690248384,0.29708618983695034,0.2660445445195609,0.2919910283638465,0.47034592654305846,0.5390695948941262,0.40434617766896663
0.06434922422541656,0.10204262954049775,0.29708601888919245,0.26604453350397356,0.29199099050012417,0.47034565037440734,0.5390694989706057,0.4043457819824696
0.06433921911955753,0.10203416251567182,0.29708388204221836,0.2660443958091319,0.2919905172035951,0.4703421982662689,0.5390682999265993,0.4043408359012569
0.06433561728144832,0.10203111438673448,0.29708311277730765,0.2660443462389889,0.29199034681684466,0.47034095550733906,0.539067868270757,0.4043390553120204
0.6702507960084758,0.09476107772555373,0.8761084505343548,0.5402691296610005,0.7333512990308011,0.40803175249393453,0.5533580585708736,0.3780497243058851
0.6714540586107878,0.0933467757101431,0.8786383341306834,0.5394046801039235,0.7330382230633843,0.4105784688406764,0.551596414641349,0.3754591093999363
0.6702508072098959,0.09476170838939532,0.8761069149431886,0.5402687468187035,0.7333490506192923,0.4080331242346731,0.5533595642369821,0.3780512743288178
0.6668287423726229,0.09336981105974823,0.8781428839016889,0.5406901361974196,0.7483107531332795,0.382272743263893,0.5006613826376356,0.3524325495945782
0.6702516496971446,0.09476089850386646,0.8761087432254548,0.5402696685878599,0.7333501007315926,0.40803446087388806,0.5533588454784684,0.3780494730407019
0.6702508076000522,0.09476170809785542,0.8761069157354839,0.5402687468715607,0.7333490507384346,0.40803312481366016,0.5533595645449262,0.3780512741732
0.6702516512577699,0.09476089733770698,0.8761087463946367,0.5402696687992887,0.7333501012081618,0.4080344631898363,0.5533588467102449,0.3780494724182306
0.6702516516479262,0.09476089704616708,0.8761087471869322,0.5402696688521459,0.733350101327304,0.4080344637688234,0.553358847018189,0.3780494722626128
0.670251825388061,0.09476065481034898,0.876109124803143,0.5402694762768331,0.7333500160813113,0.4080348853453278,0.5533583830852041,0.37804893021347546
0.6702511237472353,0.09476135944998293,0.8761075825395401,0.5402685735891244,0.7333490089793759,0.4080337577204407,0.5533592130115521,0.3780506753235599
0.6702508111114589,0.09476170547399654,0.8761069228661431,0.5402687473472755,0.7333490518107153,0.40803313002454367,0.5533595673164234,0.37805127277263967
0.6702508103311464,0.09476170605707629,0.8761069212815522,0.5402687472415612,0.7333490515724306,0.40803312886656956,0.5533595667005352,0.3780512730838753
0.6702508107213027,0.09476170576553644,0.8761069220738478,0.5402687472944183,0.7333490516915729,0.40803312944555664,0.5533595670084793,0.37805127292825746
0.6702516524282387,0.09476089646308736,0.8761087487715231,0.5402696689578603,0.7333501015655886,0.40803446492679746,0.5533588476340773,0.37804947195137717
0.6702516555494891,0.09476089413076835,0.876108755109887,0.5402696693807179,0.7333501025187269,0.40803446955869394,0.5533588500976304,0.3780494707064347
0.6702508091606774,0.09476170693169594,0.8761069189046657,0.5402687470829896,0.7333490512150038,0.4080331271296084,0.5533595657767028,0.37805127355072876
0.6702508083803648,0.09476170751477567,0.8761069173200748,0.5402687469772751,0.7333490509767192,0.40803312597163427,0.5533595651608144,0.3780512738619644
0.6702508095508337,0.09476170664015607,0.8761069196969613,0.5402687471358467,0.7333490513341461,0.40803312770859546,0.5533595660846469,0.3780512733951109
0.67025080994099,0.09476170634861616,0.8761069204892569,0.5402687471887039,0.7333490514532883,0.4080331282875825,0.553359566392591,0.3780512732394931
0.6702508118917715,0.09476170489091679,0.8761069244507342,0.5402687474529899,0.7333490520489998,0.4080331311825178,0.5533595679323118,0.378051272461404
0.07639592620543273,0.10772511414208122,0.2913583829243162,0.2648048693832743,0.24719011045104675,0.5482411287141068,0.6973774247161801,0.48208216126464654
0.07620702980681499,0.10756525671336767,0.2913180392534451,0.2648022697046639,0.24718117461257813,0.5481759529124527,0.6973547867653406,0.48198877925135153
0.07597811298476126,0.1073715311853504,0.2912691481946776,0.264799119246687,0.24717034558799328,0.5480969686782446,0.6973273526384756,0.4818756129132059
0.07550827321362302,0.10697391969952466,0.29116880186077365,0.264792653096923,0.24714811958298874,0.5479348576800626,0.6972710455319381,0.4816433449394595
0.0752733533280539,0.10677511395661182,0.2911186286938217,0.26478942002204103,0.24713700658048648,0.5478538021809716,0.6972428919786693,0.4815272109525863
0.07497960342003396,0.10652652210772251,0.291055890866662,0.2647853773014901,0.24712311059439335,0.5477524482860263,0.6972076880466432,0.48138199400818266
0.07478750538754125,0.10636395523106462,0.29101486340475924,0.2647827335605304,0.24711402330103543,0.547686167809768,0.6971846664017216,0.4812870292488996
0.07465303676479645,0.10625015841740412,0.29098614418142726,0.26478088294185864,0.2471076621956849,0.547639771476387,0.6971685512502764,0.4812205539174015
0.06219212687641201,0.8741892977165068,0.6645342382179682,0.33346276303586186,0.07772781246588728,0.17191673099877014,0.7603744204176015,0.30520349738281655
0.062144502572523186,0.8741489946783353,0.6645240668263714,0.3334621076084156,0.07772555957440896,0.17190029896403103,0.7603687129681312,0.3051799540362443
0.06204004926735529,0.8740605989391524,0.6645017581439618,0.3334606700742687,0.0777206183586456,0.17186425895506552,0.760356194948705,0.30512831694838416
0.0620324453869025,0.8740541640002849,0.6645001341402615,0.33346056542618907,0.07772025865328352,0.1718616353528803,0.7603552836752603,0.3051245579266625
0.062015636809059416,0.8740399393985772,0.6644965442373452,0.3334603340988551,0.07771946351511472,0.17185583581120767,0.7603532692813295,0.30511624851022523
0.06201403599212196,0.8740385846746052,0.6644962023418293,0.33346031206768045,0.07771938778767004,0.17185528347390555,0.7603530774342886,0.30511545713723126
0.06201243517518451,0.874037229950633,0.6644958604463134,0.3334602900365058,0.07771931206022539,0.17185473113660338,0.7603528855872477,0.3051146657642372
0.06200162966085676,0.874028085563821,0.6644935526515814,0.3334601413260768,0.07771880089997402,0.1718510028598138,0.7603515906197207,0.3051093239965275
0.062000028843919364,0.8740267308398489,0.6644932107560655,0.33346011929490216,0.07771872517252937,0.1718504505225117,0.7603513987726798,0.3051085326235335
0.06199842802698191,0.8740253761158766,0.6644928688605496,0.3334600972637275,0.07771864944508472,0.17184989818520952,0.7603512069256387,0.30510774125053947
0.061974415772920344,0.8740050552562943,0.6644877404278118,0.3334597667961075,0.077717513533415,0.1718416131256772,0.7603483292200235,0.30509587065562915
0.061973215160217254,0.8740040392133154,0.6644874840061749,0.3334597502727265,0.07771745673783148,0.1718411988727006,0.7603481853347427,0.3050952771258836
0.9708065998828456,0.1607929194863293,0.6400610166436866,0.13377583391838116,0.27584084248396107,0.47865333976305685,0.45916045565695496,0.3415354836631897
0.9215780472514405,0.1481839592429979,0.6232181631806935,0.13135752362636394,0.24579115805595858,0.49143615513544175,0.4729383193542493,0.3620890112838777
0.9595455098627802,0.171886549835473,0.6162283217662656,0.12618028197693382,0.2661301029772563,0.45928613661588114,0.470359359564626,0.36551875672824385
0.9517334775360644,0.14881974888883753,0.6435317970628963,0.13633923157685762,0.2656594958990393,0.49479044568523406,0.46041386785143146,0.33976875034244425
0.9707170087396172,0.16067087484457854,0.640036833618743,0.13375060799824573,0.2758289588937576,0.47871536738329096,0.4591243639757397,0.34148352414300304
0.9215765868520462,0.14818166806336436,0.6232180831768985,0.13135795804618478,0.24578978695007433,0.4914381987576282,0.472938878480391,0.3620875646147069
0.9215752458218001,0.14818158847604668,0.6232175648635407,0.13135748507180828,0.24579102553293045,0.491435188545163,0.47293798362192757,0.3620876263811382
0.9137632134950844,0.12511478752941121,0.6505210401601714,0.14151643467173208,0.24532041845471342,0.5269394976145159,0.46299249190873304,0.3363376199953385
0.8401309899695062,0.2091166402142996,0.39059093700430625,0.039028813600108014,0.30686948871286057,0.1353348132912382,0.5909771049895366,0.500191492799183
0.8211466583574847,0.19726483689657248,0.3940857295007017,0.04161742616313263,0.29669998785442,0.1514096154245302,0.592266512941708,0.49847632331212716
0.8401301895610375,0.2091159628523135,0.3905907660565483,0.03902880258452068,0.30686945084913825,0.13533453712258714,0.5909770090660161,0.500191097112686
0.7831771947249733,0.17356055289913225,0.4010751435457347,0.04679464027359437,0.27636094827381646,0.18355894352246316,0.59484523292253,0.49504558865151843
0.8401285887440999,0.20911460812834134,0.39059042416103246,0.03902878055334602,0.3068693751216936,0.13533398478528497,0.5909768172189751,0.5001903057396919
0.9595383061865618,0.17188045357759832,0.6162267832364443,0.12618018283664784,0.2661297622037554,0.45928365109802144,0.47035849625294146,0.36551519554977074
0.2333448237601179,0.13054994871556927,0.5492132513297685,0.38394743434333206,0.23810519835958638,0.8059344743303489,0.4194723592093868,0.32498146187972526
0.8401257873144594,0.20911223736139012,0.3905898258438797,0.03902874199879036,0.3068692425986655,0.1353330181950062,0.5909764814866533,0.5001889208369523
0.8401253871102251,0.20911189868039706,0.3905897403700007,0.039028736490996696,0.3068692236668043,0.13533288011068068,0.590976433524893,0.5001887229937039
0.8021563236819479,0.18540795336394983,0.3975792398889127,0.044205956109252154,0.286530203018062,0.16748234629293912,0.5935552014674754,0.4967581861763437
0.7831719920699265,0.17355615004622277,0.4010740323853082,0.04679456867227674,0.27636070215962133,0.18355714842623114,0.5948446094196467,0.49504301668928785
0.8021555232734792,0.18540727600196377,0.3975790689411548,0.04420594509366488,0.2865301651543396,0.16748207012428806,0.5935551055439549,0.4967577904898467
0.061649648962600834,0.10163817666955982,0.29996800458244305,0.26659298752386534,0.310767767120099,0.43868964138026406,0.47338588557703215,0.37310247179900824
0.06164804814566338,0.10163682194558768,0.2999676626869272,0.2665929654926907,0.31076769139265437,0.4386890890429619,0.4733856937299911,0.3731016804260142
0.06164604712449162,0.10163512854062248,0.2999672353175324,0.26659293795372235,0.3107675967333486,0.43868839862133424,0.47338545392118986,0.3731006912097717
0.06164324569485108,0.10163275777367126,0.2999666370003796,0.2665928993991667,0.3107674642103204,0.4386874320310555,0.4733851181888681,0.37309930630703214
0.061641644877913626,0.10163140304969909,0.2999662951048638,0.26659287736799203,0.3107673884828758,0.4386868796937533,0.4733849263418271,0.3730985149340381
0.061638443244038776,0.10162869360175478,0.29996561131383204,0.2665928333056427,0.3107672370279865,0.438685775019149,0.47338454264774504,0.37309693218805007
0.061636842427101324,0.10162733887778264,0.2999652694183162,0.266592811274468,0.3107671613005418,0.43868522268184684,0.47338435080070407,0.37309614081505604
0.06163284038475775,0.10162395206785227,0.29996441467952656,0.26659275619653133,0.3107669719819302,0.43868384183859144,0.4733838711831015,0.373094162382571
0.061631239567820295,0.10162259734388013,0.2999640727840107,0.26659273416535667,0.31076689625448556,0.4386832895012893,0.4733836793360605,0.37309337100957696
0.061629238546648535,0.10162090393891493,0.2999636454146159,0.26659270662638834,0.3107668015951798,0.4386825990796616,0.47338343952725925,0.3730923817933344
0.06162763772971103,0.10161954921494279,0.2999633035191,0.2665926845952137,0.3107667258677351,0.43868204674235944,0.4733832476802182,0.3730915904203404
0.061626036912773574,0.10161819449097065,0.29996296162358416,0.266592662564039,0.3107666501402904,0.4386814944050573,0.4733830558331772,0.3730907990473464
0.06162443609583618,0.10161683976699848,0.2999626197280683,0.26659264053286436,0.3107665744128458,0.43868094206775515,0.47338286398613616,0.37309000767435235
0.061621634666195635,0.10161446900004723,0.29996202141091555,0.2665926019783087,0.31076644188981767,0.4386799754774764,0.4733825282538144,0.3730886227716128
0.06162003384925818,0.10161311427607508,0.2999616795153997,0.26659257994713403,0.310766366162373,0.4386794231401742,0.4733823364067734,0.3730878313986188
0.06161523139844588,0.1016090501041586,0.2999606538288521,0.26659251385361005,0.3107661389800391,0.43867776612826775,0.47338176086565037,0.3730854572796367
0.06161363058150848,0.10160769538018646,0.2999603119333363,0.2665924918224354,0.3107660632525944,0.43867721379096564,0.47338156901860934,0.3730846659066427
0.06161202976457103,0.10160634065621432,0.29995997003782043,0.2665924697912607,0.3107659875251498,0.43867666145366346,0.4733813771715683,0.37308387453364866
0.06161042894763358,0.10160498593224218,0.2999596281423046,0.26659244776008606,0.31076591179770513,0.4386761091163613,0.47338118532452733,0.37308308316065464
0.06160882813069618,0.10160363120827004,0.2999592862467887,0.2665924257289114,0.3107658360702605,0.4386755567790592,0.4733809934774863,0.3730822917876606
0.055328746124346295,0.09854512505044491,0.3027682727358713,0.26720872453962424,0.3331541313058636,0.39963923651437655,0.3941962631354965,0.33408718570265533
0.055324343877768356,0.09854139955952151,0.3027673325232027,0.2672086639538939,0.33315392305539077,0.3996377175867956,0.39419573555613374,0.33408500942692176
0.0553227430608309,0.09854004483554935,0.30276699062768686,0.26720864192271926,0.3331538473279461,0.39963716524949344,0.3941955437090927,0.33408421805392774
0.055321142243893506,0.0985386901115772,0.302766648732171,0.2672086198915446,0.33315377160050147,0.3996366129121913,0.3941953518620517,0.3340834266809337
0.055319541426956054,0.09853733538760506,0.3027663068366552,0.26720859786036993,0.3331536958730568,0.39963606057488915,0.39419516001501065,0.3340826353079397
0.05526551385531747,0.09849161345354501,0.302754767862995,0.26720785430822497,0.3331511400717999,0.39961741919094146,0.3941886851773765,0.3340559264693913
0.055263913038380075,0.09849025872957287,0.30275442596747915,0.2672078322770503,0.33315106434435526,0.3996168668536393,0.39418849333033545,0.3340551350963973
0.05526231222144262,0.09848890400560073,0.30275408407196325,0.26720781024587564,0.3331509886169106,0.39961631451633717,0.3941883014832944,0.33405434372340326
0.05524630405206821,0.09847535676587926,0.3027506651168047,0.267207589934129,0.33315023134246413,0.3996107911433156,0.3941863830128843,0.334046429993463
0.05524470323513081,0.0984740020419071,0.30275032322128886,0.26720756790295436,0.3331501556150195,0.3996102388060135,0.3941861911658433,0.334045638620469
0.055242702213958994,0.09847230863694192,0.30274989585189405,0.26720754036398603,0.33315006095571364,0.3996095483843858,0.39418595135704204,0.33404464940422646
0.05524110139702154,0.09847095391296976,0.30274955395637815,0.26720751833281137,0.333149985228269,0.3996089960470836,0.394185759510001,0.33404385803123243
0.055237099354677965,0.09846756710303942,0.3027486992175885,0.2672074632548747,0.3331497959096574,0.39960761520382826,0.3941852798923985,0.33404187959874737
0.05523549853774051,0.09846621237906722,0.30274835732207267,0.26720744122370005,0.3331497201822127,0.3996070628665261,0.39418508804535746,0.33404108822575335
0.05523389772080306,0.09846485765509508,0.3027480154265568,0.2672074191925254,0.3331496444547681,0.3996065105292239,0.3941848961983164,0.3340402968527593
0.05523229690386561,0.09846350293112294,0.302747673531041,0.2672073971613507,0.33314956872732343,0.3996059581919218,0.39418470435127545,0.3340395054797653
0.05523069608692821,0.0984621482071508,0.3027473316355251,0.26720737513017606,0.3331494929998788,0.3996054058546196,0.3941845125042344,0.3340387141067713
0.055228695065756395,0.0984604548021856,0.30274690426613027,0.26720734759120773,0.333149398340573,0.3996047154329919,0.39418427269543316,0.33403772489052874
0.055227094248819,0.09845910007821346,0.3027465623706144,0.26720732556003307,0.33314932261312835,0.3996041630956898,0.3941840808483921,0.3340369335175347
0.055225493431881545,0.09845774535424132,0.3027462204750986,0.2672073035288584,0.3331492468856837,0.39960361075838763,0.3941838890013511,0.3340361421445407
0.09250888928379031,0.9787785333869652,0.432271712049381,0.188770403549294,0.372725013293277,0.4786683972439969,0.698160853047751,0.18142194837701117
0.09250808887532164,0.9787778560249791,0.4322715411016231,0.18877039253370667,0.37272497542955463,0.47866812107534584,0.6981607571242305,0.18142155269051416
0.2057462522603678,0.12254592654317639,0.52748778345311,0.37805416371142236,0.2301531078416612,0.7846772836596154,0.4253907810875969,0.3332256689490326
0.20573855435224764,0.12253956186541856,0.5274859685062022,0.3780540463247585,0.23015271942300858,0.7846745205215493,0.4253897955996145,0.33322194743120453
0.20357480176755735,0.9498340401451747,0.6402951844045791,0.2702939826205432,0.324942864183215,0.7880069819157927,0.5857692411424236,0.06450902433235683
0.20356881382401212,0.9498295863611289,0.6402932057746478,0.27029385334137956,0.3249424815437239,0.788004477275009,0.5857682657369143,0.06450640812166192
0.2057302440909934,0.1225323793034549,0.5274843644979514,0.3780539433996757,0.23015235056721473,0.7846717602865938,0.4253888626171868,0.33321775521909236
0.20572904347829032,0.12253136326047578,0.5274841080763146,0.3780539268762947,0.23015229377163124,0.7846713460336172,0.425388718731906,0.3332171616893468
0.20564090451906383,0.1224569237031175,0.527465112879735,0.37805270242310396,0.23014810004888497,0.7846408279461179,0.42537809293011264,0.33317367367856904
0.20563690247672028,0.12245353689318714,0.5274642581409453,0.3780526473451673,0.23014791073027335,0.7846394471028624,0.4253776133125101,0.3331716952460839
0.036499058411025354,0.8550781795062488,0.6638887933771817,0.33392901281217263,0.10297866295767652,0.12003734546092282,0.6657911579298091,0.2506297186421086
0.2056292985962674,0.1224471019543194,0.527462634137245,0.37805254269708766,0.23014755102491125,0.7846368235006772,0.4253767020390653,0.33316793622436236
0.09238602658384193,0.9786745583221028,0.432245471568539,0.18876871265663853,0.37271920121190016,0.47862600535605665,0.6981461287873533,0.18136121049971973
0.0923852261753732,0.9786738809601168,0.4322453006207811,0.1887687016410512,0.37271916334817784,0.47862572918740554,0.6981460328638327,0.1813608148132227
0.09238282494996708,0.9786718488741584,0.4322447877775073,0.1887686685942892,0.37271904975701087,0.47862490068145236,0.6981457450932711,0.18135962775373168
0.09238162433726399,0.9786708328311794,0.43224453135587043,0.18876865207090818,0.37271899296142735,0.4786244864284757,0.6981456012079904,0.18135903422398614
0.2056188932861741,0.12243829624850044,0.5274604118163919,0.37805239949445235,0.23014705879652103,0.7846332333082132,0.42537545503329866,0.3331627922999012
0.20561729246923663,0.1224369415245283,0.527460069920876,0.3780523774632777,0.23014698306907638,0.7846326809709111,0.4253752631862577,0.3331620009269071
0.2056117987575931,0.12243275616036564,0.5274583677080312,0.37805226643049195,0.230146648074737,0.7846304539503339,0.4253744099570463,0.3331595450555671
0.20561140762307897,0.1224317729730506,0.5274590278782181,0.378052310862103,0.23014673519127116,0.7846307851391066,0.42537463706692813,0.3331589861259814
0.06214310078356633,0.10205577033397473,0.3000733938752059,0.2665997786334556,0.31079111010491217,0.43885989935365294,0.47344502242742464,0.3733464125244165
0.06214149996662888,0.10205441561000259,0.30007305197969003,0.2665997566022809,0.3107910343774675,0.43885934701635076,0.4734448305803836,0.3733456211514225
0.062139899149691424,0.10205306088603044,0.30007271008417413,0.26659973457110625,0.3107909586500229,0.43885879467904865,0.47344463873334264,0.3733448297784285
0.06213829833275403,0.10205170616205828,0.3000723681886583,0.2665997125399316,0.3107908829225782,0.4388582423417465,0.4734444468863016,0.37334403840543445
0.06213669751581652,0.10205035143808613,0.30007202629314245,0.2665996905087569,0.3107908071951336,0.4388576900044443,0.4734442550392606,0.37334324703244043
0.06213509669887912,0.10204899671411397,0.30007168439762655,0.26659966847758226,0.31079073146768893,0.4388571376671422,0.47344406319221954,0.3733424556594464
0.06213349588194167,0.10204764199014185,0.30007134250211076,0.2665996464464076,0.3107906557402443,0.43885658532984,0.47344387134517857,0.3733416642864524
0.06213189506500422,0.10204628726616968,0.30007100060659486,0.26659962441523294,0.31079058001279963,0.43885603299253784,0.47344367949813754,0.37334087291345835
0.062130294248066764,0.10204493254219754,0.300070658711079,0.2665996023840583,0.310790504285355,0.4388554806552357,0.4734434876510965,0.37334008154046433
0.06212869343112937,0.1020435778182254,0.3000703168155632,0.2665995803528836,0.31079042855791034,0.43885492831793355,0.47344329580405553,0.3733392901674703
0.062127092614191914,0.10204222309425323,0.3000699749200473,0.26659955832170895,0.31079035283046563,0.43885437598063143,0.4734431039570145,0.3733384987944763
0.06212549179725446,0.10204086837028109,0.30006963302453143,0.2665995362905343,0.310790277103021,0.43885382364332925,0.47344291210997347,0.37333770742148226
0.062123890980317065,0.10203951364630892,0.3000692911290156,0.2665995142593596,0.31079020137557634,0.4388532713060271,0.47344272026293244,0.37333691604848823
0.06212229016337961,0.10203815892233681,0.3000689492334997,0.26659949222818496,0.3107901256481317,0.43885271896872496,0.47344252841589146,0.3733361246754942
0.06212068934644216,0.10203680419836464,0.3000686073379839,0.2665994701970103,0.31079004992068704,0.4388521666314228,0.47344233656885043,0.3733353333025002
0.06211908852950476,0.1020354494743925,0.300068265442468,0.26659944816583564,0.3107899741932424,0.4388516142941206,0.47344214472180945,0.37333454192950616
0.06211748771256731,0.10203409475042036,0.30006792354695216,0.266599426134661,0.31078989846579774,0.4388510619568185,0.4734419528747684,0.37333375055651213
0.0621158868956298,0.10203274002644822,0.3000675816514363,0.2665994041034863,0.3107898227383531,0.4388505096195163,0.4734417610277274,0.3733329591835181
0.062114286078692404,0.10203138530247605,0.3000672397559204,0.26659938207231165,0.31078974701090845,0.43884995728221415,0.47344156918068636,0.3733321678105241
0.06210988383211441,0.10202765981155265,0.3000662995432518,0.2665993214865813,0.3107895387604357,0.4388484383546333,0.4734410416013236,0.3733299915347905
0.9181370267002624,0.1380925860304392,0.6418181984435322,0.13665818598447185,0.2922351717035914,0.4311857913630037,0.3218482569481328,0.2784065032995914
0.22990886544644326,0.12046391481158145,0.5678141358613128,0.3892477118517621,0.28455075349985387,0.7456833096946544,0.2683821693329709,0.2413021811538463
0.8991462918204912,0.12623536381682346,0.6453116233578642,0.13924671042279774,0.2820653679353722,0.4472583841470871,0.32313689751214003,0.2766881683205594
0.22990246217869353,0.12045849591569283,0.5678127682792494,0.38924762372706345,0.2845504505900753,0.7456811003454458,0.26838140194480686,0.2412990156618702
0.8305638328843006,0.20515649748775788,0.39615643353232005,0.04018548098961083,0.34800676859625224,0.0644397762425219,0.4460383533899212,0.42966264264190906
0.9370969458539878,0.149923729807591,0.6383181920405199,0.13406923744603366,0.3024035177185011,0.4151025660858539,0.3205559233285861,0.28010960434848836
0.229884052783913,0.12044291659001313,0.567808836480817,0.38924737036855483,0.2845495797244618,0.745674748466471,0.26837919570383517,0.24128991487243892
0.773590427632284,0.16958381480393173,0.4066364518536793,0.04795103778120757,0.31749730049601116,0.11265714034179541,0.4499041311966621,0.4245070441750677
0.8115438830954211,0.19327455156165052,0.39964361885348776,0.0427736033589991,0.3378355828021682,0.08050228887084099,0.44732349274542993,0.42792986510573616
0.7735608125189415,0.16955875241044696,0.40663012678663596,0.04795063020447632,0.31749589953828516,0.11264692210170563,0.44990058202640343,0.42449240377467823
0.9180693921846557,0.1380353489426159,0.6418037533579872,0.13665725516734226,0.29223197221905495,0.4311624551119877,0.32184015141065003,0.27837306779059384
0.7925411420886193,0.18140716891824368,0.4031344795514508,0.045361962563515074,0.32766521107811414,0.09657073912515823,0.44861069445662954,0.426205594829249
0.7925375402505099,0.18140412078930634,0.40313371028654016,0.04536191299337203,0.3276650406913637,0.09656949636622841,0.4486102628007873,0.42620381424001247
0.8304989997983344,0.20510163116688584,0.3961425867639279,0.04018458872703695,0.3480037016347439,0.06441740658178474,0.44603058358476017,0.429630592035651
0.8304957981644594,0.20509892171894156,0.39614190297289614,0.04018454466468763,0.3480035501798547,0.0644163019071804,0.44603019989067816,0.42962900928966297
0.9370365150145995,0.14987258897764236,0.6383052854847963,0.13406840576919007,0.3024006590074656,0.41508171535269756,0.32054868110278784,0.28007973001796393
0.22982162092335287,0.12039008235509935,0.5677955025556987,0.38924651115274295,0.2845466263541205,0.745653207311687,0.2683717136692356,0.24125905132567194
0.7925095259541047,0.18138041311979375,0.40312772711501266,0.045361527447815436,0.3276637154610823,0.09655983046344069,0.44860690547756954,0.42618996521261704
0.8114882547068452,0.1932274749036183,0.39963173798431173,0.04277283777567953,0.33783295127346663,0.08048309514959112,0.44731682606075474,0.42790236489419375
0.22979855105592828,0.12036950123568224,0.5677908101316216,0.38924664836313455,0.2845442334043026,0.7456477966962425,0.2683696840921002,0.24124692049861055
0.1258611815169512,0.7817313693096375,0.8472256581965931,0.38438250271267793,0.046974898395938325,0.4642286792963359,0.6341524467244649,0.12807977931233933
0.061331007905351786,0.8738365817773075,0.6650420340213619,0.3335680332846438,0.08146797307811335,0.16547470272026438,0.7471992036301072,0.2987960463548731
0.17240384861499225,0.8448983906205435,0.8730664855457815,0.4150916741789988,0.03368608062709938,0.474815364145057,0.6348082376279018,0.18188679335486985
0.12585477863935773,0.7817259501222091,0.8472242914068251,0.38438241464083645,0.04697459560530204,0.4642264705261143,0.634151679644245,0.12807661366474532
0.06132460463760203,0.8738311628814188,0.6650406664392983,0.33356794515994515,0.08146767016833478,0.16547249337105568,0.7471984362419433,0.298792880862897
0.06125616971352654,0.8737732484316094,0.6650260504059955,0.3335670033272283,0.08146443282007604,0.16544888095138865,0.7471902347809398,0.2987590496674024
0.061255369305057816,0.8737725710696234,0.6650258794582375,0.33356699231164094,0.08146439495635371,0.1654486047827376,0.7471901388574194,0.2987586539809054
0.06124976644577679,0.873767829535721,0.665024682823932,0.3335669152025296,0.08146412991029742,0.16544667160218002,0.7471894673927757,0.2987558841754263
0.06124896603730806,0.8737671521737349,0.6650245118761742,0.3335669041869423,0.08146409204657509,0.16544639543352896,0.7471893714692553,0.2987554884889293
0.06116772457773306,0.8736983999321484,0.6650071606787443,0.33356578610482807,0.08146024887875913,0.16541836431544465,0.7471796352319239,0.2987153263094825
0.07277640194910595,0.10691815922596756,0.2947355997607526,0.2654577840062792,0.26970426469965686,0.5101227930456036,0.6185115441563552,0.4444023170957113
0.06116652396502997,0.8736973838891691,0.6650069042571075,0.33356576958144707,0.08146019208317568,0.165417950062468,0.7471794913466431,0.29871473277973704
0.061165323352326884,0.8736963678461901,0.6650066478354706,0.3335657530580661,0.08146013528759222,0.16541753580949148,0.7471793474613624,0.29871413924999146
0.061250912453211626,0.8738150256780104,0.6650299761216246,0.3335909239002648,0.08147182955918406,0.1653541273460019,0.7472149595249751,0.29876412033769306
0.1721821940359567,0.844710725750887,0.8730192546724798,0.41508863770344273,0.03367562687159725,0.47473902398222856,0.634781726028143,0.18177715249045864
0.12330912597827948,0.780699574762264,0.8487558860820399,0.3846987546426557,0.05819688300994763,0.4449134918363762,0.594630604819049,0.10887282392159076
0.05877886692245121,0.8728048510771665,0.6665720883941014,0.33388427363889567,0.09268993159996236,0.146159388462139,0.7076772942849247,0.27958912504442623
0.16985451608454555,0.8438690254396362,0.8745971524969924,0.4154079540392358,0.04490817381653761,0.45550102689897737,0.5952866695580356,0.16268125414604187
0.1232927176046707,0.7806856888415495,0.8487523816530023,0.3846985288231154,0.05819610680364001,0.4449078303790291,0.5946286383868785,0.108864712348402
0.05876245854884243,0.872790965156452,0.6665685839650639,0.3338840478193554,0.09268915539365469,0.14615372700479184,0.7076753278527543,0.2795810134712375
0.8970734429631566,0.13739633377828003,0.6246205137418066,0.1357534217446605,0.25313284376145034,0.4731083027480998,0.4124918377589931,0.3335856980391515
0.8969615438941128,0.13741084057366532,0.6245983146913101,0.1356643908487988,0.25329924112727903,0.47273677793038504,0.4123857301999113,0.3336211310983372
0.8968739591690942,0.13743742710599946,0.6245535905880224,0.13562592824938285,0.25341376017723866,0.47247392813033773,0.41230770332301137,0.33364461036486115
0.8985852270567998,0.13537712650541853,0.6281773061861814,0.13431427424092351,0.2529330875635212,0.47614957546237874,0.40954905949634307,0.32975646154304766
0.8968505919757371,0.13744195616895888,0.6245462630655395,0.13561041133280324,0.25344696131286504,0.4723990956663133,0.41228604031510935,0.3336515904320068
0.8965764019999967,0.1374785600289872,0.6244899850390093,0.13539443648023403,0.2538536236739369,0.47149066110673976,0.4120263912432602,0.3337381123986583
0.8964192181265829,0.13752369678816415,0.6244143483222233,0.1353201284054929,0.2540618062676623,0.47101420929512205,0.4118855103811976,0.33378096888990355
0.8963327060864547,0.1375462879960309,0.6243767621060434,0.13527461558348042,0.254178712531026,0.4707478444478025,0.41180722862625235,0.333805185197282
0.7792345851102364,0.1721041568638207,0.40369164737092267,0.04732598708635935,0.2950789225330212,0.15147404461319752,0.5290126503016092,0.46318777733819644
0.8172024479258104,0.19580708613728884,0.39670189143037377,0.04214875094472287,0.31541788638618007,0.11932416417796238,0.5264337384737462,0.4666177206258111
0.9557736940230328,0.17085762059936463,0.6178085566868295,0.12666930184581654,0.28312483267270194,0.42865799837607227,0.40589178691321337,0.3348255332464427
0.9540367487585388,0.17294043947813736,0.6141452577948062,0.1279993442826102,0.2836237405982829,0.42493174593315897,0.4086340695330767,0.3387181645835233
0.953853968578686,0.17297406954273536,0.6140911677514312,0.12787428729023367,0.28388529814833274,0.42434310298374406,0.4084640269866339,0.33877326489835735
0.9538323947530137,0.17298298189587225,0.614075906785075,0.1278696574849728,0.283911065520663,0.42428269533705465,0.4084455871021889,0.3387783883786503
0.9539100283751433,0.17296192399349603,0.6141111355583655,0.12790891071244448,0.28380710519769053,0.42452036141981925,0.4085156024027507,0.3387568359889682
0.9538136888720156,0.17298022892971865,0.6140814957173453,0.12784416264159992,0.2839442309186711,0.42421108523985596,0.40842614139539757,0.33878575698196406
0.9535968650359978,0.17301611472268424,0.6140245288446176,0.12768759851098027,0.28425864393661787,0.4235054496907237,0.408223105532879,0.3388522390469078
0.9534384569128542,0.17305514180025203,0.6139599062316269,0.1275994689840107,0.28447512062481484,0.42301342996633906,0.4080789960714254,0.33889723334116467
0.9532957370532937,0.17308642887218675,0.6139086422340347,0.12751212573686677,0.2846741597727714,0.42256302760905107,0.40794788059391485,0.3389388534219721
0.8361807764743164,0.20765380924012034,0.39320581682579386,0.03956005576479338,0.32558710326670326,0.10324729077978734,0.525143611095171,0.46832992246413935
0.43565475209478866,0.5380131640383576,0.24793622965192824,0.360897817304525,0.7409367588520448,0.5721575103904222,0.7540175352632823,0.5892072095520895
0.5029082886900991,0.6499611032394731,0.18469294952028317,0.21113778888888496,0.5632946360340559,0.536489831027304,0.6259835297428189,0.5259197685737089
0.483924357282312,0.638109638602739,0.18818782749055762,0.2137264069597032,0.5531251541074764,0.5525647712449215,0.6272729856567505,0.5242047969299015
0.5079659158873567,0.6142119431504267,0.15436914244292976,0.18847525094732748,0.5901329271034175,0.5294788182450297,0.6184633191030877,0.5151113316405649
0.41304625884842155,0.5549546199667565,0.17184353229430194,0.2014183413014186,0.5392855174705202,0.6098535193331174,0.6249105986727453,0.5065364734215282
0.413007839241923,0.5549221065914249,0.1718353268019214,0.20141781255322666,0.5392837000118488,0.6098402632378658,0.624905994343761,0.5065174804696716
0.43199177064971006,0.566773571228159,0.16834044883164695,0.19882919448240846,0.5494531819384282,0.5937653230202482,0.6236165384298294,0.5082324521134789
0.5079274962808582,0.6141794297750953,0.15436093695054923,0.18847472219913555,0.5901311096447459,0.5294655621497781,0.6184587147741033,0.5150923386887083
0.8410257260962526,0.20949780535691398,0.39009032100674573,0.038924006005993994,0.30313091837697215,0.1417884406530892,0.604156350564892,0.506615562660001
0.46991080854869227,0.5904351814204766,0.16134026507786445,0.19365128638994472,0.5697898361045253,0.5615985962972975,0.6210317752672154,0.5116382585247758
0.4319429457331182,0.5667322521470085,0.16833002101841332,0.19882852253158118,0.5494508722513664,0.5937484767325325,0.6236106870950785,0.5082083152371613
0.45092687714090524,0.5785837167837427,0.16483514304813887,0.19623990446076295,0.5596203541779458,0.577673536514915,0.622321231181147,0.5099232868809686
0.8409777015881295,0.20945716363774952,0.39008006414127,0.03892334507075407,0.30312864655363264,0.14177187053402457,0.6041505951536617,0.5065918214701801
0.8029846259057906,0.18573289746172006,0.39706443522744417,0.044100234221389534,0.28278848999322054,0.1739130516567508,0.6067264853906287,0.5031494140579096
0.7165784832057439,0.6191567687678134,0.03863642084279345,0.07695335775241169,0.44649690530849095,0.5267386237114368,0.5197916023877776,0.4089711428825008
0.6975945517979568,0.6073053041310794,0.042131298813067763,0.07954197582322989,0.43632742338191144,0.5428135639290543,0.5210810583017091,0.4072561712386935
0.8219681571093433,0.19758402341746106,0.39356947178329077,0.04151161064277764,0.2929579529879388,0.1578379733548077,0.605436981514937,0.5048641878584684
0.7247493799214926,0.33363553718698136,0.03695654777172713,0.5058477894983646,0.12786426558594816,0.2774340941457405,0.5203712003047206,0.43774653336375347
0.7817011741448537,0.3691899310971835,0.026471913860903806,0.49808193528590994,0.15837271136568648,0.22920927349288792,0.5165028325629261,0.4428914482951755
0.8029634150813696,0.18571494736908906,0.39705990511185907,0.04409994230832526,0.2827874866045789,0.17390573318749725,0.6067239434173353,0.5031389283657388
0.06074918943529156,0.10087614443522608,0.2997756883547737,0.2665805949881167,0.3107251704324838,0.4383789516478026,0.4732779716164619,0.372657324489869
0.06074838902682289,0.10087546707324,0.29977551740701575,0.2665805839725294,0.3107251325687615,0.43837867547915155,0.4732778756929414,0.372656928803372
0.06074678820988544,0.10087411234926785,0.2997751755114999,0.2665805619413547,0.31072505684131685,0.4383781231418494,0.4732776838459004,0.37265613743037795
0.06074598780141671,0.1008734349872818,0.29977500456374195,0.2665805509257674,0.3107250189775945,0.4383778469731983,0.4732775879223799,0.37265574174388094
0.060745187392947986,0.10087275762529571,0.29977483361598406,0.26658053991018005,0.3107249811138722,0.43837757080454726,0.4732774919988594,0.37265534605738393
0.06074398678024495,0.1008717415823166,0.2997745771943472,0.26658052338679905,0.31072492431828874,0.4383771565515706,0.47327734811357863,0.3726547525276384
0.06074318637177617,0.10087106422033051,0.29977440624658924,0.2665805123712117,0.3107248864545664,0.43837688038291955,0.4732772521900581,0.3726543568411414
0.0607423859633075,0.10087038685834443,0.2997742352988313,0.2665805013556244,0.3107248485908441,0.4383766042142685,0.4732771562665376,0.3726539611546444
0.06074078514637005,0.10086903213437232,0.29977389340331545,0.2665804793244497,0.31072477286339945,0.4383760518769663,0.47327696441949657,0.37265316978165036
0.06073998473790132,0.10086835477238623,0.2997737224555575,0.2665804683088624,0.3107247349996771,0.43837577570831526,0.47327686849597606,0.37265277409515335
0.060739184329432594,0.10086767741040015,0.2997735515077996,0.26658045729327506,0.3107246971359548,0.43837549953966415,0.4732767725724556,0.37265237840865634
0.06073838392096387,0.10086700004841406,0.29977338056004166,0.26658044627768773,0.3107246592722325,0.4383752233710131,0.4732766766489351,0.3726519827221593
0.06073758351249514,0.100866322686428,0.2997732096122837,0.2665804352621004,0.31072462140851015,0.43837494720236203,0.47327658072541456,0.3726515870356623
0.06073678310402647,0.10086564532444195,0.2997730386645258,0.26658042424651307,0.3107245835447878,0.4383746710337109,0.47327648480189405,0.3726511913491653
0.06073518228708902,0.10086429060046975,0.29977269676900997,0.26658040221533835,0.3107245078173432,0.4383741186964088,0.4732762929548531,0.3726503999761713
0.06073438187862029,0.10086361323848367,0.299772525821252,0.2665803911997511,0.31072446995362085,0.4383738425277577,0.47327619703133256,0.37265000428967426
0.060733581470151565,0.10086293587649761,0.2997723548734941,0.2665803801841637,0.31072443208989853,0.4383735663591066,0.47327610110781204,0.37264960860317725
0.06073278106168284,0.10086225851451155,0.2997721839257361,0.26658036916857636,0.3107243942261762,0.43837329019045557,0.4732760051842915,0.37264921291668024
0.06073198065321417,0.10086158115252547,0.29977201297797823,0.266580358152989,0.3107243563624539,0.43837301402180445,0.473275909260771,0.3726488172301832
0.060731180244745386,0.10086090379053939,0.29977184203022034,0.2665803471374017,0.31072431849873156,0.4383727378531534,0.4732758133372505,0.3726484215436862
0.9230593098792583,0.34089047086910135,0.2389115867248679,0.5903764953042973,0.04422320823935261,0.6706386698932417,0.5636519980033463,0.39028432747202385
0.9230751542818036,0.3408712122277081,0.2389453989499133,0.5903643783913917,0.04421891878026912,0.6706729901773212,0.5636248335595846,0.390246806197066
0.9230712944870176,0.340875894983172,0.23893716401668955,0.590367313287678,0.044219952930308226,0.6706646423170746,0.5636314040979657,0.3902559097333776
0.9230911929821843,0.3408518083994571,0.2389796057381012,0.5903522878013698,0.04421468865404338,0.6707075987969554,0.5635978224720044,0.39020920742443593
0.9230891749094685,0.3408542156652008,0.23897530921271382,0.5903537433037866,0.04421517880290665,0.670703294015757,0.5636010381458194,0.3902137943622181
0.9230716707182702,0.3408755014381587,0.2389379528342476,0.5903671481452499,0.044219929519161205,0.6706653643878621,0.5636310999879892,0.39025528691859385
0.9230597190042229,0.34088994033416486,0.23891246713997305,0.5903761185051086,0.04422305657184816,0.6706396045262057,0.5636511187925505,0.39028321878613426
0.9230714958076665,0.3408757445485964,0.23893757284115047,0.5903673405619911,0.04422001440772699,0.6706649410743964,0.5636315629971417,0.3902558294345847
0.9230594745252153,0.3408903478392741,0.2389119210735549,0.590376517610034,0.04422325851739661,0.6706389142257801,0.5636521279557731,0.3902842618013056
0.9230596893523444,0.3408899624911954,0.2389124069255176,0.5903761144879618,0.04422304751703454,0.6706395605231893,0.5636510953887959,0.39028323061308823
0.9230703143222256,0.3408770770420931,0.23893507438386047,0.5903680449503189,0.04422020682126887,0.6706625327715178,0.5636330347227396,0.3902581916865503
0.9230592720340977,0.34089049914846925,0.2389115098722076,0.5903764901771492,0.04422319668255098,0.6706386137314971,0.5636519681327647,0.39028434256695194
0.9230592892009746,0.3408904863207147,0.23891154473320816,0.5903764925028658,0.04422320192481144,0.6706386392069277,0.563651981682307,0.39028433571976806
0.9230752135855604,0.3408711679136471,0.23894551937882427,0.5903643864256856,0.04421893688989642,0.670673078183354,0.5636248803670938,0.390246782543158
0.9230592096090902,0.34089054579484923,0.2389113831049329,0.5903764817199979,0.04422317761978545,0.6706385210935679,0.5636519188617024,0.3902843674658025
0.9230592443330006,0.3408905198478004,0.23891145361922944,0.5903764864242883,0.044223188223448784,0.670638572623416,0.5636519462687309,0.39028435361581687
0.9230593871302049,0.3408904131442061,0.23891174359937034,0.5903765057700221,0.04422323182952492,0.6706387845326792,0.563652058976286,0.39028429665969633
0.9230752315327502,0.34087115450281286,0.23894555582441573,0.5903643888571166,0.04421894237044144,0.6706731048167587,0.5636248945325243,0.39024677538473845
0.9230601718266926,0.34088937714676243,0.23891343629217054,0.5903757476259259,0.044222918248279675,0.67064060400572,0.5636502740714983,0.3902820926710493
0.9230593465539503,0.3408904434643531,0.23891166120064178,0.5903765002728736,0.04422321943872731,0.6706387243180252,0.5636520269500954,0.39028431284394915
0.746437533166119,0.6401337088533676,0.03752362824520372,0.0729528594003972,0.508042136747117,0.42419688550974743,0.37244871161466264,0.34259317681039864
0.8242628046596276,0.1672402724524372,0.36311983398009323,0.004213061781906613,0.3779612635501508,0.028632871673695548,0.45614826582443985,0.38639099757654344
0.7084692701463107,0.6164304408989064,0.044513298711873706,0.07813009003423996,0.48770315396209696,0.45634662786065694,0.3750275754807655,0.33916303567953543
0.8242617463288958,0.16723959065244662,0.36311968006168455,0.004213239745428254,0.37796118622794267,0.028632379029644217,0.4561480904713012,0.38639078477323746
0.7274520009413945,0.6282808894926613,0.0410181643199623,0.07554145544004076,0.4978725790930929,0.4402712733900628,0.3737379756815532,0.34087741379359726
0.7758894804173985,0.17115341155111372,0.4064357636974041,0.04786555703506773,0.31382516206094124,0.11959530560196074,0.46325167458874683,0.4316253459948943
0.7862925406186474,0.14353531109301082,0.3701090770773683,0.009390264876781074,0.35762218610582497,0.060781923602977406,0.4587268898817414,0.38295986722943776
0.8328408744365252,0.20670746678032284,0.3959510443127018,0.04009969731481938,0.34433358890881843,0.07137034686478261,0.459383258885192,0.43677006308306787
0.7464347317364786,0.6401313380864164,0.03752302992805101,0.07295282084584154,0.5080420042240889,0.4241959189194687,0.37244837588234087,0.3425917919076591
0.06009721039100585,0.10220173177078057,0.3030940532402329,0.2671547260896386,0.32959916395959116,0.4074310915687137,0.40784037947929846,0.3424222201382945
0.6998821470275687,0.5769528051542949,0.011679217307476897,0.04224082703130738,0.5213307546760486,0.41360768623568234,0.371792128190481,0.28877545955082384
0.7464323305110723,0.640129306000458,0.03752251708477722,0.07295278779907954,0.5080418906329218,0.42419509041351544,0.3724480881117793,0.34259060484816806
0.7483211471059498,0.11982950081209967,0.3770981150046206,0.014567548691725829,0.3372830416026033,0.09293052208374519,0.46130535431983327,0.3795283337158063
0.7948694097828419,0.1830014893779174,0.40294003098833997,0.045276883886312874,0.3239944546689091,0.10351898454108788,0.4619617390572128,0.43333833920621667
0.6894793356750082,0.6045738960472768,0.04800689457396368,0.0807186254881532,0.4775333880576,0.4724194968133914,0.3763163119682932,0.3374450963870005
0.7274459978778791,0.6282758092777658,0.04101688221177785,0.07554137282313575,0.4978722951151754,0.4402692021251797,0.37373725625514936,0.34087444614486967
0.8328356717814785,0.20670306392741336,0.3959499331522752,0.040099625713501785,0.3443333427946233,0.07136855176855061,0.45938263538230867,0.4367674911208373
0.6239451405691572,0.5295487494397598,0.02565942919112385,0.05259788082541603,0.48065239840540896,0.47790528415203865,0.37694914333604396,0.28191913003654023
0.6619126743214825,0.5532515071537292,0.018669639028310148,0.047420736419437254,0.5009913330633944,0.44575522643694065,0.3743701678124917,0.2853490658441262
0.6429282715684755,0.5413995367145078,0.022164380273091477,0.050009251739010524,0.4908218424682661,0.46183006776577,0.3756595914985919,0.28363370599385057
0.7983001698748917,0.3798032583331401,0.02297026650592454,0.49802327233642213,0.12195319244208644,0.293614503516747,0.6551079981961352,0.5131100106603591
0.7955042872899177,0.38934794123923305,0.03319008088121056,0.5013400552557363,0.18109154577489914,0.18323466124859228,0.4481753880666821,0.41662783477237597
0.7815955762840072,0.37013497503639364,0.029406704221382973,0.4972857761521779,0.17920267198931664,0.1933989607175812,0.4424264021382264,0.4085171741264019
0.7807316811904723,0.368941623098329,0.02917171188226325,0.4970339575743171,0.17908535063617487,0.19403028366596559,0.4420693222668938,0.40801340638441597
0.7806452916811191,0.3688222879045226,0.029148212648351213,0.49700877571653107,0.1790736185008607,0.19409341596080407,0.44203361427976057,0.40796302961021735
0.7843527435583646,0.37387766226697294,0.0310436478073724,0.4996332844893566,0.18176480656866192,0.1907623788340903,0.4442081490691262,0.41048398077833353
0.7849647671487929,0.3747890475948454,0.030323174343949877,0.4982678686058349,0.17966022526656955,0.19093680121888204,0.4438190136364238,0.4104818683201472
0.8099679013638588,0.40887756739134123,0.03877529119222145,0.5084067500880969,0.1872412243521297,0.17194732646563848,0.4556834312189579,0.4258749328124617
0.792438127990056,0.38472856201985794,0.03311997860728466,0.501753144069499,0.18267289463406017,0.18537953076650274,0.4477956184882698,0.4152936977725701
0.7941586211521716,0.3870392269247597,0.034474931386330454,0.5037984701132449,0.1850942435896353,0.1835005364210731,0.4491488695735704,0.41665598313411856
0.7857788387448839,0.3754637131255335,0.032195505696869076,0.5013558299079953,0.18395622646416016,0.18962436902040183,0.4456851948216437,0.4117694360368547
0.815936074534203,0.417187734735214,0.03951177023134128,0.5086026093873119,0.1858640354395163,0.16820754657044695,0.4575081909885179,0.42899618035458836
0.7949860311209358,0.38785238400668803,0.039134764229481755,0.5117587331312269,0.1961450961892352,0.17978747122938454,0.45270140615807947,0.418933500263987
0.7856924492355304,0.37534437793172704,0.03217200646295715,0.5013306480502093,0.18394449432884596,0.18968750131524023,0.44564948683451044,0.41171905926265606
0.8653078673935759,0.4875398155204749,0.05772241576861287,0.5183750205579036,0.1931247476496875,0.13400619644974182,0.46679928080650857,0.44817306045615285
0.7901920007468655,0.3816258469808901,0.032508998525573374,0.501098415767061,0.18236785911589154,0.18702097043230215,0.44686721082280495,0.4139839016434066
0.7939637397465799,0.40152614678017584,0.042316772202509845,0.5105570974873663,0.17547866143107507,0.18594052946018408,0.45731694872416845,0.4254437213942616
0.7756491637636418,0.3762270856932072,0.037334934613171555,0.505218543636718,0.17299144874446953,0.19932457596593342,0.4497468554519163,0.41476384526415916
0.7937505835540902,0.3879568100333115,0.029504548438692157,0.5032755717694909,0.11155627086368294,0.29976269894500585,0.6617215966186867,0.5194532104301408
0.7827331035306273,0.38601257158533653,0.03926187179395335,0.5072834559751763,0.17395348384023204,0.19414772778918135,0.45267491039684404,0.41889474074844407
0.6550912177748885,0.5823963047062524,0.05299435747202841,0.0854766422689209,0.4422401807246096,0.5303841628646816,0.4316123020210984,0.3597118282291547
0.9057445423691621,0.1114480087720238,0.585915603868219,0.0937197488032577,0.29838203559859644,0.40478031280642407,0.39477323592171815,0.2818903603860531
0.9512682803901492,0.17585173423866524,0.6095909871701775,0.1252098521189262,0.2853827862666324,0.41316372335431367,0.3970854864903815,0.33803316603952316
0.9510259898360522,0.17588684104826044,0.6095362974720193,0.1250246636936928,0.2857392854783411,0.41236604415665884,0.3968569560500439,0.33810885097576726
0.9510334702206686,0.17590047765112246,0.6095115506255037,0.1250605516349495,0.28571307696054504,0.41241768490493336,0.3968688673632289,0.33810240427866206
0.9510489310685843,0.1758947579897975,0.6095213030708376,0.1250652431393802,0.2856939435452309,0.4124622052515553,0.3968823055974502,0.33809854024193847
0.9510378242407308,0.17589950283685757,0.6095131510602009,0.12506317459754132,0.28570702577242424,0.41243138823693914,0.3968728606585346,0.3381011402307207
0.9510308227976315,0.1759010946050926,0.6095105339884155,0.12505900642036216,0.28571673131196407,0.4124093971748606,0.3968664472672244,0.3381031661074726
0.951018460957439,0.1759033777396638,0.609506860209718,0.12505056627323125,0.28573441210539535,0.41236960179622806,0.39685494975772795,0.3381068902503822
0.9509911118304963,0.17590793825764434,0.6094996135231731,0.12503088781618554,0.28577403549836383,0.412280658779655,0.3968293510136057,0.33811526647343443
0.6740231226322088,0.5942037408138915,0.04948836789748867,0.0828873081849261,0.45240720150923797,0.5142912716847441,0.4303166110783339,0.36140108025065626
0.6930070540399959,0.6060552054506256,0.04599348992721425,0.08029869011410787,0.46257668343581737,0.4982163314671265,0.4290271551644024,0.3631160518944636
0.8564147611969124,0.30853030173569895,0.2594585179032185,0.5927905643063636,0.1242984571069797,0.5369409250720839,0.3092016350424899,0.26414533184498235
0.7386023362210581,0.343776974354717,0.03720778738796576,0.5040084061346258,0.16425729809897505,0.21657440295211403,0.4269627091830582,0.39505271453185936
0.7196184048132712,0.33192550971798296,0.040702665358240186,0.5065970242054441,0.15408781617239561,0.23264934316973157,0.4282521650969897,0.393337742888052
0.7472412871564064,0.35571049373536257,0.039557710779163036,0.5065265919132336,0.16543051163039274,0.21026117346827,0.43053350789638467,0.400090391951719
0.9555226833633611,0.17019495744387222,0.620083083759997,0.12702288595817818,0.2888675089620446,0.4214361728353309,0.39111581533308903,0.3268630388171293
0.953634821406231,0.17247643237366772,0.616070978351515,0.12845591046546806,0.2893848107097958,0.4173566676484126,0.39427195928240444,0.3312623204538591
0.9536265510036028,0.17247798118455784,0.6160684821854918,0.12845030750318726,0.2893966176042055,0.41733008262026655,0.3942642741770559,0.3312648060491703
0.9536226138150261,0.17247917701169543,0.6160664713231142,0.12844858061026643,0.28940176621323427,0.41731826719032283,0.3942607669199703,0.3312658610212643
0.8189071987887113,0.19664220796844156,0.3966464691735532,0.041569098487370115,0.31484859302989515,0.12068029969842414,0.5279842805007187,0.4679500523730329
0.7406635485154918,0.34453773539284904,0.03653678676637795,0.5033165381006782,0.15992397105353837,0.22419844241657763,0.44162798821784527,0.40254301697065814
0.07245548755344572,0.10702249550587431,0.29535873404913354,0.26557039253305903,0.2734699935877644,0.5038672178021121,0.6054010914791321,0.43826176409003165
0.05476632524015462,0.08301523497571295,0.28553820685542997,0.2538997416607082,0.2785197830424864,0.49984403787412124,0.6051518235147674,0.41781178357986537
0.7023980616743475,0.609562498940638,0.040180614401852166,0.07883804146620688,0.4211061019910961,0.56943455955944,0.5746179160536528,0.4338026107766872
0.8537657773499061,0.08354438091459002,0.5812496645670621,0.09734240838307975,0.22200012310655284,0.5175820253845702,0.5488148303734619,0.3565900761561072
0.8505256390390434,0.07916769978690533,0.579453226404446,0.0952195521096692,0.22292842346402014,0.5168292347844569,0.5487627248793059,0.3528742606367016
0.9003329857665876,0.1467633802388661,0.6071045860943154,0.1280795015192047,0.20870953221128652,0.5281585040211907,0.5494649048405693,0.4104528506293282
0.9002503134447549,0.14684119573770318,0.6069674139854717,0.1281460684643277,0.2087618744373625,0.528001393259647,0.5494254531371083,0.4104776272718049
0.9002464826389066,0.14684169102849984,0.6069666552333428,0.12814301679293327,0.20876757045157351,0.5279886729957447,0.5494218200843974,0.41047884109714955
0.9002298762826306,0.146844246108676,0.6069626394685605,0.12813062932759456,0.20879185079144608,0.5279342740830442,0.5494062059475231,0.4104839868963086
0.9002196802750193,0.1468475585171808,0.6069570426077032,0.12812659732854126,0.20880495780591649,0.5279040738570895,0.5493971943070176,0.4104866594941345
0.9000608140515789,0.14687796648951987,0.6069079141477167,0.12802031624539803,0.2090310781817145,0.5273946072496167,0.5492497877352193,0.41053422191575567
0.9001194333912991,0.14682218523886376,0.6070063629368923,0.12797339038150995,0.20899499682493278,0.5275065712956011,0.5492726744777252,0.4105117729059164
0.8999944541774949,0.1468887293518286,0.6068908745213235,0.1279719479248202,0.20912753299015152,0.5271782404552231,0.549187575113899,0.41055463050385527
0.899926058816029,0.1469043693374121,0.6068651466604054,0.1279314153084527,0.2092222506452148,0.5269635811091973,0.5491249541030458,0.41057439555235764
0.899887069288528,0.1469147702906085,0.6068478130463384,0.1279113532674577,0.20927471168514225,0.5268439376903702,0.5490897462238263,0.41058524815821984
0.8998800674670089,0.14691877271584367,0.6068408668834747,0.12791212547564537,0.2092819283095681,0.5268263690724061,0.5490841276460677,0.41058660110116796
0.8998605291287187,0.14692280794570578,0.6068342941516434,0.1278996599661742,0.20930943283527204,0.5267642539773487,0.5490660961511559,0.4105923681210581
0.8997896185815141,0.1469329179974672,0.6068185837923445,0.1278451240606731,0.20941393848498976,0.5265304972817239,0.5489991584559979,0.41061456458270906
0.7452710304552461,0.2141918690446087,0.7530548892492617,0.25865642484286194,0.3815716686503539,0.4521777929852896,0.5713955138100809,0.4901176390925299
0.6304030168371728,0.2462680831338306,0.5384689047067248,0.17475221752548253,0.42807039434148875,0.1350037500564959,0.6860146863720833,0.6135443949307187
0.7610678419655996,0.3566946745227837,0.030997939683936715,0.5008820962727394,0.15568699626229077,0.23242528850074182,0.49145058394223545,0.4283975820667094
0.9431569185065052,0.17760748671729715,0.6101050075276055,0.1286955941148898,0.2552924939286584,0.45445156657049296,0.46906935279679657,0.3751478475887923
0.8289541054351153,0.2088707027315036,0.3969497737623358,0.044241289767253555,0.30161476295578976,0.13866457590227022,0.582665644037799,0.4971211901044328
0.9148208953989315,0.15948663687910714,0.6067773087234001,0.12654046616654002,0.24281866096650082,0.46862535887926227,0.46899312885461336,0.3748685204067204
0.5144067921670232,0.3273087884197316,0.15372521118730534,0.6191426582656395,0.2782967106100773,0.2631595123970534,0.5819675119967964,0.5222817974129503
0.9431449123794744,0.17759732628750605,0.6101024433112366,0.1286954288810798,0.2552919259728235,0.4544474240407268,0.46906791394398895,0.37514191229133714
0.8289420993080845,0.2088605423017125,0.3969472095459669,0.04424112453344359,0.3016141949999549,0.13866043337250405,0.5826642051849914,0.4971152548069776
0.7420683025926726,0.34483000132732117,0.03448948417293152,0.5034704995396047,0.145516775993126,0.2484948434296634,0.4927381693475171,0.4266748945362103
0.9154971644837652,0.15379220034069155,0.6112419775587714,0.12876499183166812,0.24394929302150753,0.4768246008816895,0.4667829068393282,0.3683776437423252
0.7420442903386111,0.34480968046773897,0.03448435574019365,0.5034701690719847,0.1455156400814563,0.2484865583701311,0.4927352916419019,0.42666302394129996
0.8934594924785099,0.1441871793924411,0.6097352788168267,0.1283576025026929,0.23226447489831947,0.486605625581818,0.4693319097130158,0.37171478223882853
0.7823004677887728,0.17319462840120453,0.4015796058678486,0.04689969571842334,0.2801003705434572,0.1771115299552613,0.5816681456263859,0.4886304217368832
0.5875469157642745,0.21583970920207826,0.5441319338394537,0.17851857564909673,0.4070720454962295,0.1706716403776658,0.6865879077386916,0.6072684240386708
0.7103020374230301,0.19638607941731845,0.7596176312943566,0.26546288763310466,0.36191034127931876,0.4802106228869951,0.5765277032777715,0.4902811469441036
0.7230471521910902,0.3329470393582347,0.0379764130724623,0.5060586053856119,0.13534553340345848,0.2645569418050059,0.49402316481774505,0.4249415234702919
0.912523810332135,0.15615289900808604,0.6062626179722799,0.12579408367275577,0.24244540498229566,0.470465481804479,0.46807744235981374,0.3734771630081069
0.7420274817607679,0.3447954558660314,0.03448076583727716,0.5034699377446507,0.14551484494328748,0.2484807588284585,0.4927332772479712,0.4266547145248627
0.8392282497580724,0.20872870145182443,0.39108984352428744,0.03913351103834872,0.3106076804115258,0.12887842424287643,0.5777969001789761,0.49376346607339483
0.5256104882474183,0.5966675454645254,0.2907754039000967,0.47932862022228606,0.9714135527848207,0.39555731814125117,0.5777126364213048,0.4143504724525043
0.38500542315202096,0.4754297428786605,0.2826423233684633,0.46181331326079555,0.9339721248767092,0.46471244849912274,0.5838607047685157,0.35246746537281676
0.38360819518369527,0.47353275282599483,0.2818665033764185,0.46089096853407324,0.9343708956385375,0.4643952230494204,0.5838411838860883,0.35085107957596273
0.38407453068135056,0.474166475522669,0.28212553713721766,0.46119922713840816,0.9342378865236587,0.46450063823650956,0.5838475597308229,0.3513914612017455
0.3822127457400098,0.471639940810686,0.28109196467472647,0.4599710548936334,0.9347694098175576,0.4640770177112833,0.5838212696554375,0.34923945285960306
0.37290310962344997,0.4590055960358281,0.2759235898461295,0.45382922123524644,0.9374271289201757,0.4619593070405257,0.5836899766177996,0.33847750751669303
0.3710412535411236,0.45647889420235077,0.2748899661320242,0.4526009517470203,0.937958662477387,0.46153572571083673,0.5836637022763431,0.3363253088113308
0.37523051865258994,0.4621641822295426,0.27721568355327875,0.4553646796498432,0.9367626991445213,0.46248873470821505,0.5837227998772091,0.3411679938524206
0.3831435670696946,0.4729030410451832,0.281608699654358,0.4605850437725695,0.9345036584339206,0.4642888671694338,0.5838344304270592,0.35031526666745455
0.3789536616893578,0.46721624892454294,0.2792825209685764,0.457820440678685,0.935699714136597,0.46333621093189203,0.5837754744315535,0.3454708683573869
0.3812812130004689,0.470375169361246,0.2805747171789539,0.4593560935801843,0.935035263834318,0.4638655602085066,0.5838082662231052,0.34816173541955386
0.3826774449949961,0.47226981971299187,0.2813498196484011,0.46027707689858843,0.9346366367588623,0.46418333439573245,0.5838280073805376,0.3497754561313311
0.3845401547691498,0.4747985270044005,0.28238405838187575,0.4615065133082301,0.9341049800419032,0.46460644537897267,0.583854092914847,0.35192993919533055
0.3733686625702636,0.4596374803960652,0.2761820598391735,0.4541364101616171,0.9372942327017324,0.46206515337852616,0.5836965255357526,0.3390157951470584
0.3594042083954237,0.4406859632337784,0.268429497596278,0.4449236596740367,0.9412808113556594,0.4588885873723897,0.5834995859792957,0.32287287713269336
0.35009457227886387,0.4280516184589205,0.263261122767681,0.43878182601564975,0.9439385304582775,0.4567708767016321,0.5833682929416579,0.31211093178978333
0.35800769183695413,0.4387906443960554,0.2676541901203743,0.44400228738182734,0.9416794794843644,0.4585709699673135,0.583479907757579,0.3212583949680371
0.3826782986868234,0.47227182517092314,0.28135043466777043,0.46027824382000404,0.9346365135991144,0.46418286404928377,0.5838278185733905,0.34977774048996835
0.374299555040934,0.4609007477520568,0.27669884607041906,0.4547504962840045,0.9370284710547829,0.4622769636411393,0.5837096705734452,0.3400917993181296
0.3803508896576835,0.4691132389772087,0.2800583409606212,0.4587427854054073,0.935300943374769,0.4636534363815944,0.5837949953139809,0.3470872541542408
0.06492031566784778,0.10252592731756188,0.2972079901144743,0.266052393125535,0.29201800626600277,0.4705426967069507,0.5391379404024874,0.40462810429808815
0.06491951525937911,0.1025252499555758,0.29720781916671635,0.2660523821099477,0.29201796840228045,0.4705424205382996,0.5391378444789668,0.40462770861159114
0.06491871485091033,0.10252457259358974,0.29720764821895845,0.26605237109436036,0.2920179305385581,0.47054214436964853,0.5391377485554464,0.4046273129250941
0.0649179144424416,0.10252389523160366,0.2972074772712005,0.26605236007877303,0.2920178926748358,0.4705418682009974,0.5391376526319258,0.4046269172385971
0.06491711403397293,0.1025232178696176,0.2972073063234426,0.2660523490631857,0.2920178548111135,0.47054159203234636,0.5391375567084054,0.4046265215521001
0.06491631362550415,0.10252254050763149,0.29720713537568466,0.26605233804759837,0.29201781694739115,0.4705413158636953,0.5391374607848849,0.40462612586560304
0.06491551321703548,0.1025218631456454,0.2972069644279267,0.26605232703201104,0.2920177790836688,0.47054103969504424,0.5391373648613643,0.4046257301791061
0.06490870974505136,0.10251610556876378,0.29720551137198437,0.2660522333995187,0.29201745724202904,0.47053869226151007,0.5391365495114401,0.4046223668438814
0.06490790933658264,0.1025154282067777,0.2972053404242264,0.2660522223839314,0.2920174193783067,0.47053841609285896,0.5391364535879195,0.4046219711573844
0.06490710892811391,0.10251475084479164,0.29720516947646847,0.26605221136834406,0.29201738151458445,0.4705381399242079,0.539136357664399,0.4046215754708874
0.06490630851964524,0.10251407348280556,0.2972049985287105,0.26605220035275673,0.29201734365086207,0.47053786375555684,0.5391362617408785,0.4046211797843904
0.06490550811117646,0.1025133961208195,0.2972048275809526,0.2660521893371694,0.29201730578713975,0.4705375875869058,0.539136165817358,0.40462078409789337
0.06490470770270779,0.10251271875883342,0.29720465663319473,0.26605217832158207,0.2920172679234174,0.47053731141825467,0.5391360698938374,0.40462038841139636
0.06490390729423906,0.10251204139684736,0.2972044856854368,0.26605216730599474,0.2920172300596951,0.4705370352496036,0.539135973970317,0.40461999272489935
0.06490310688577028,0.10251136403486127,0.29720431473767883,0.2660521562904074,0.2920171921959728,0.47053675908095255,0.5391358780467965,0.40461959703840233
0.06490230647730161,0.10251068667287519,0.2972041437899209,0.2660521452748201,0.29201715433225045,0.47053648291230143,0.539135782123276,0.4046192013519053
0.06490150606883288,0.10251000931088913,0.297203972842163,0.26605213425923274,0.2920171164685281,0.4705362067436504,0.5391356861997555,0.4046188056654083
0.06490070566036416,0.10250933194890305,0.2972038018944051,0.2660521232436454,0.2920170786048058,0.4705359305749993,0.5391355902762349,0.4046184099789113
0.06489990525189543,0.10250865458691699,0.29720363094664715,0.2660521122280581,0.2920170407410835,0.4705356544063482,0.5391354943527145,0.4046180142924143
0.06489910484342676,0.10250797722493091,0.2972034599988892,0.26605210121247075,0.29201700287736115,0.47053537823769714,0.539135398429194,0.4046176186059173
0.23855463880303496,0.8627183745272132,0.6080083872169852,0.27741608592443506,0.40177174810427996,0.8526419165257542,0.09822583581600008,0.6918687938088803
0.23855423898895695,0.8627180355546803,0.6080083025354017,0.2774160804694986,0.40177172929156113,0.8526417790204157,0.09822578816218397,0.6918685958100141
0.1274738494109014,0.891649750665454,0.39998233872094235,0.19589234237992864,0.44955327883627516,0.543298575630613,0.21061588631106826,0.8087740678461837
0.12747344920666703,0.891649411984461,0.3999822532470634,0.19589233687213498,0.44955325990441397,0.5432984375462875,0.21061583834930797,0.8087738700029352
0.12747144818549522,0.8916477185794959,0.39998182587766856,0.19589230933316665,0.44955316524510813,0.5432977471246598,0.2106155985405067,0.8087728807866926
0.12747104798126085,0.891647379898503,0.39998174040378964,0.19589230382537298,0.44955314631324694,0.5432976090403342,0.21061555057874648,0.8087726829434441
0.12746904696008904,0.8916456864935376,0.39998131303439477,0.19589227628640465,0.44955305165394116,0.5432969186187065,0.21061531076994522,0.8087716937272016
0.12746864675585468,0.8916453478125446,0.39998122756051585,0.195892270778611,0.44955303272207997,0.543296780534381,0.210615262808185,0.8087714958839531
0.1274658453262142,0.8916429770455933,0.3999806292433631,0.1958922322240553,0.44955290019905186,0.5432958139441022,0.2106149270758632,0.8087701109812135
0.12746544512197983,0.8916426383646002,0.3999805437694841,0.19589222671626164,0.44955288126719073,0.5432956758597767,0.21061487911410293,0.8087699131379651
0.1274642445092768,0.8916416223216213,0.39998028734784724,0.19589221019288064,0.4495528244716072,0.5432952616068001,0.21061473522882218,0.8087693196082195
0.12746384430504237,0.8916412836406282,0.39998020187396827,0.19589220468508697,0.4495528055397461,0.5432951235224746,0.2106146872670619,0.8087691217649711
0.04818570672162931,0.8683524558422944,0.6726101654873755,0.3351439420661901,0.13755957216878126,0.06876543239279503,0.5495435656525907,0.20257131244082432
0.1274618432838706,0.8916395902356629,0.39997977450457345,0.19589217714611865,0.44955271088044024,0.5432944331008468,0.21061444745826063,0.8087681325487286
0.21731771110317144,0.13572324866003432,0.5361839526934853,0.3792674674057555,0.2647284825759551,0.733365249409033,0.3091291626485555,0.28511061369933466
0.04818450610892622,0.8683514397993152,0.6726099090657387,0.3351439255428091,0.1375595153731978,0.06876501813981839,0.54954342176731,0.20257071891107875
0.04818370570045749,0.8683507624373291,0.6726097381179806,0.33514391452722175,0.13755947750947548,0.06876474197116728,0.5495433258437894,0.20257032322458177
0.2385378302251919,0.8627041499255055,0.6080047973140688,0.2774158545971011,0.40177095296611115,0.8526361169840815,0.09822382142206953,0.6918604843924431
0.048182905291988765,0.8683500850753431,0.6726095671702228,0.3351439035116344,0.13755943964575315,0.06876446580251622,0.5495432299202689,0.20256992753808478
0.12745904185423007,0.8916372194687118,0.3999791761874207,0.195892138591563,0.44955257835741214,0.5432934665105681,0.2106141117259389,0.808766747645989
0.9515763839770066,0.1732231725890793,0.6093402259390448,0.12363707497728535,0.2209058130295714,0.5212733732512067,0.5618748515559311,0.42079770013395035
0.9530110597799998,0.1726767411453762,0.6118715055493014,0.12418630048480767,0.22015477607958764,0.5249456167649756,0.5612703041489665,0.4198760111025741
0.9526839912849968,0.1729756619944493,0.6113467628773991,0.12445249827833443,0.22037750966134567,0.5243296468148575,0.5610448297674581,0.4199076732875276
0.9526459301160607,0.17301069746852818,0.6112881767709474,0.12448643929381706,0.22040784442009312,0.5242555798335101,0.5610188547682979,0.4199102574188022
0.9515099729433945,0.1733221425927558,0.6091666407214129,0.12368776342105836,0.22089973761230275,0.5211155347677645,0.5621249476674492,0.42108288341023725
0.951544090997653,0.1732901004475197,0.6092223117979471,0.12365771912526782,0.2208764142549615,0.5211788057367402,0.562148146283846,0.4210800363481288
0.9514745710804852,0.17335380046112195,0.609111086280048,0.12371514032499215,0.22092455271571254,0.5210475909529639,0.5621003117990986,0.4210865082251656
0.952961397777694,0.1727224043822059,0.6117912742862135,0.1242272333588077,0.22018821544049205,0.5248526516026841,0.5612361552071685,0.4198807630885877
0.9526644201476289,0.1729941295527131,0.6113151794698326,0.12447024518332234,0.2203915991079276,0.5242932950771408,0.5610316171273786,0.419909088500541
0.9527864631812553,0.1728625399382343,0.6115451563900978,0.12436996404833847,0.22033351730640188,0.5245386200185183,0.5609674269239264,0.4197585078186261
0.951603986430666,0.17321760841712563,0.6093521765062935,0.1236157874769244,0.22086421938168996,0.5213078706737299,0.5620421244865107,0.4209335092098064
0.9515130369783942,0.17331855326782017,0.6091733697002935,0.12368398437193542,0.22089909835322447,0.5211194723689729,0.5621268242182412,0.4210826675728419
0.951495763082401,0.17333378834963828,0.609145451495342,0.12369591011527711,0.22090952287952598,0.5210870892092887,0.5621146597667999,0.4210849150577368
0.9530099159319464,0.1726780484254819,0.6118699234528272,0.12418837391037818,0.22015643937545948,0.5249432401623193,0.5612696467558178,0.4198757940344713
0.9526755587863842,0.17298367383268026,0.6113332540233566,0.1244604560748464,0.22038384309598985,0.5243137921362432,0.5610391546510801,0.4199082034976081
0.9526439684956896,0.17301199750671184,0.6112831338079521,0.12448469731511283,0.2204052499818909,0.5242536835043528,0.5610171678157094,0.41991156395169266
0.9526133232490459,0.17303978417368354,0.6112345747200567,0.1245093618262822,0.2204266835614539,0.5241953587963578,0.5609959816413619,0.41991451832806215
0.9515392599209064,0.17329525177267327,0.609215310740572,0.12366489434927619,0.2208822512616742,0.5211690448396609,0.5621451868385061,0.4210795691441026
0.9514874577680064,0.17334246697904254,0.6091322956779317,0.12370667766700613,0.22091744444716432,0.5210713812980335,0.5621094245710063,0.4210846677577308
0.9514850741411668,0.17334391375385164,0.6091275907273604,0.12370528009437329,0.22091631960731442,0.5210676822689675,0.5621074041410257,0.4210858755499573
0.056546447068220984,0.09919960575444034,0.30233663415863493,0.26710836173499874,0.3294308389819331,0.406204297926937,0.40741421385137644,0.3406709150650179
0.05654564665975226,0.09919892839245426,0.302336463210877,0.2671083507194114,0.32943080111821077,0.40620402175828596,0.4074141179278559,0.3406705193785209
0.05654484625128353,0.0991982510304682,0.30233629226311903,0.2671083397038241,0.32943076325448845,0.4062037455896349,0.4074140220043354,0.3406701236920239
0.055148029776934726,0.09730255086046832,0.30156104305298115,0.2661868922350849,0.32982931695104734,0.4058861065742098,0.4073945092102028,0.33905548172361977
0.05654364563858044,0.09919723498748909,0.30233603584148216,0.2671083231804431,0.32943070645890493,0.40620333133665826,0.40741387811905466,0.34066953016227836
0.056542845230111716,0.099196557625503,0.3023358648937242,0.26710831216485575,0.3294306685951826,0.4062030551680072,0.40741378219553415,0.34066913447578134
0.056542044821643045,0.09919588026351692,0.3023356939459663,0.2671083011492684,0.3294306307314603,0.40620277899935614,0.40741368627201363,0.34066873878928433
0.05654124441317432,0.09919520290153086,0.3023355229982084,0.2671082901336811,0.32943059286773796,0.406202502830705,0.4074135903484931,0.3406683431027873
0.05654044400470559,0.09919452553954478,0.3023353520504504,0.26710827911809376,0.32943055500401563,0.40620222666205397,0.40741349442497266,0.3406679474162903
0.056539643596236866,0.09919384817755869,0.30233518110269253,0.26710826810250643,0.3294305171402933,0.4062019504934029,0.4074133985014521,0.3406675517297933
0.05653884318776814,0.09919317081557263,0.3023350101549346,0.2671082570869191,0.329430479276571,0.4062016743247518,0.4074133025779316,0.3406671560432963
0.05653804277929941,0.09919249345358655,0.30233483920717663,0.2671082460713317,0.32943044141284866,0.40620139815610073,0.4074132066544111,0.34066676035679927
0.05653724237083074,0.0991918160916005,0.30233466825941874,0.26710823505574444,0.32943040354912634,0.4062011219874497,0.4074131107308906,0.34066636467030226
0.05653644196236196,0.09919113872961441,0.3023344973116608,0.26710822404015705,0.329430365685404,0.40620084581879856,0.4074130148073701,0.34066596898380525
0.05653564155389329,0.09919046136762835,0.3023343263639029,0.2671082130245698,0.3294303278216817,0.4062005696501475,0.40741291888384956,0.34066557329730823
0.056534841145424564,0.09918978400564227,0.30233415541614495,0.2671082020089824,0.32943028995795937,0.40620029348149644,0.4074128229603291,0.3406651776108112
0.05653404073695584,0.09918910664365618,0.302333984468387,0.26710819099339506,0.32943025209423704,0.40620001731284533,0.4074127270368086,0.3406647819243142
0.05653324032848711,0.09918842928167013,0.3023338135206291,0.2671081799778077,0.3294302142305147,0.40619974114419427,0.40741263111328807,0.3406643862378172
0.0546709420483103,0.09666101187292733,0.3013001455690614,0.26587964082614923,0.3299616538822045,0.40577621659523133,0.4073865536672736,0.33851164700226755
0.05653203971578402,0.09918741323869099,0.30233355709899223,0.26710816345442673,0.3294301574349312,0.4061993268912177,0.40741248722800727,0.3406637927080717
0.05827680963631038,0.10028793681051645,0.3020144876203516,0.2670150544140594,0.3257317983721515,0.4129462453605123,0.42069360358214103,0.3475080816287171
0.058274408410904255,0.10028590472455823,0.3020139747770778,0.26701502136729743,0.3257316847809845,0.41294541685455904,0.4206933158115795,0.34750689456922607
0.058272007185498076,0.1002838726386,0.302013461933804,0.26701498832053544,0.32573157118981755,0.4129445883486058,0.420693028041018,0.34750570750973503
0.05826960596009195,0.10028184055264178,0.3020129490905302,0.26701495527377345,0.3257314575986506,0.4129437598426526,0.42069274027045644,0.347504520450244
0.0582680051431545,0.10028048582866966,0.3020126071950144,0.2670149332425988,0.3257313818712059,0.4129432075053504,0.4206925484234154,0.3475037290772499
0.05826640432621699,0.10027913110469747,0.30201226529949854,0.2670149112114241,0.3257313061437613,0.4129426551680483,0.42069235657637444,0.34750293770425594
0.058264803509279595,0.10027777638072533,0.30201192340398264,0.26701488918024946,0.32573123041631663,0.4129421028307461,0.4206921647293334,0.3475021463312619
0.05826200207963911,0.1002754056137741,0.30201132508682993,0.2670148506256938,0.3257310978932885,0.41294113624046735,0.42069182899701163,0.3475007614285224
0.0582604012627016,0.1002740508898019,0.30201098319131403,0.26701482859451914,0.3257310221658438,0.4129405839031652,0.4206916371499706,0.34749997005552835
0.0582588004457642,0.10027269616582976,0.3020106412957982,0.2670148065633445,0.32573094643839917,0.41294003156586306,0.42069144530292957,0.3474991786825343
0.05825719962882675,0.10027134144185762,0.30201029940028234,0.2670147845321698,0.3257308707109545,0.4129394792285609,0.4206912534558886,0.3474983873095403
0.05825519860765499,0.10026964803689242,0.3020098720308875,0.2670147569932015,0.32573077605164874,0.4129387888069332,0.42069101364708733,0.3474973980932977
0.058251996973780085,0.10026693858894814,0.3020091882398558,0.26701471293085216,0.32573062459675944,0.4129376841323289,0.4206906299530053,0.34749581534730967
0.05824879533990518,0.10026422914100386,0.3020085044488241,0.26701466886850284,0.32573047314187015,0.4129365794577246,0.42069024625892326,0.3474942326013216
0.05824559370603033,0.10026151969305955,0.3020078206577924,0.2670146248061535,0.32573032168698085,0.41293547478312026,0.42068986256484125,0.34749264985533357
0.05824279227638979,0.1002591489261083,0.3020072223406396,0.26701458625159785,0.3257301891639527,0.4129345081928415,0.4206895268325195,0.347491264952594
0.058240391050983664,0.10025711684015007,0.30200670949736586,0.2670145532048358,0.3257300755727857,0.41293367968688827,0.42068923906195793,0.347490077893103
0.05823879023404621,0.10025576211617793,0.30200636760184996,0.26701453117366114,0.32572999984534107,0.41293312734958615,0.42068904721491696,0.34748928652010896
0.058237189417108814,0.10025440739220576,0.30200602570633417,0.2670145091424865,0.3257299241178964,0.412932575012284,0.4206888553678759,0.34748849514711494
0.05823558860017136,0.10025305266823362,0.30200568381081827,0.2670144871113118,0.32572984839045177,0.4129320226749818,0.4206886635208349,0.3474877037741209
0.8798397341964861,0.31516373201348885,0.24957530189279103,0.5967632765424221,0.046912888521509766,0.6638067528776548,0.485848979452279,0.34747536977407256
0.8798477511901239,0.3151617974547189,0.2495786609287753,0.5967684951583907,0.0469025228965857,0.6638316582052293,0.48585577159208443,0.3474723891482433
0.8798827695198724,0.31513051850325197,0.2496335098856411,0.5967578252642869,0.046880953750674526,0.6639184400995541,0.4858255274501526,0.3474127759981319
0.8798858541773438,0.315153327638749,0.2495927061518709,0.5967923679394056,0.04685012185538101,0.6639518254419555,0.4858897023225229,0.3474600956009711
0.8799081356183651,0.3151486442312296,0.2496005119919113,0.5968069307915731,0.046819447633727085,0.6640222410657087,0.4859102770070937,0.34745341523916706
0.7493551233061213,0.34841068340512155,0.031208851248454128,0.5027749274913584,0.11940285419606303,0.29393049615819306,0.5851409228046518,0.47215710922413656
0.7685118337326153,0.3605008184294685,0.027760971746003615,0.5002366731361123,0.12959580039327082,0.27772929135089863,0.5839228828649867,0.47397283441634114
0.5507790421111848,0.32361235845056613,0.2282822679842789,0.7782766209591729,0.45540500789512584,0.2701985431779801,0.8169044217306212,0.6630057255006216
0.7303711918983344,0.3365592187683875,0.03470372921872855,0.5053635455621767,0.10923337226948357,0.3100054363758106,0.5864303787185833,0.47044213758032927
0.5061591870753926,0.29072061925400094,0.23346258291360583,0.7815148540512815,0.4341626696227753,0.3072096103157751,0.8167338185492228,0.655696770599715
0.757907684732116,0.3602248675919607,0.03353527540573942,0.5052679314121801,0.12056433559216653,0.28768039896918746,0.588676013530845,0.4771444098697976
0.7518604190773724,0.35187140402550876,0.03189032903190131,0.5035052013671547,0.11974308612017415,0.2920996596078783,0.5861764544315164,0.4736180356758959
0.7685982232419688,0.360620153623275,0.0277844709799156,0.5002618549938984,0.12960753252858498,0.2776661590560602,0.58395859085212,0.4740232111905397
0.7389237533243291,0.3483734029552267,0.0370301533760139,0.5078565494829983,0.11039485366558707,0.303755339186805,0.5899654694447766,0.4754294382259903
0.525920624067361,0.3036461006349931,0.23017919804853915,0.779152872700538,0.44443774076718234,0.2905664794446116,0.8157657345194905,0.6578651332113097
0.749268733796768,0.34829134821131513,0.031185352014542145,0.5027497456335723,0.11939112206074884,0.2939936284530315,0.5851052148175184,0.472106732449938
0.7684254442232619,0.36038148323566205,0.027737472512091632,0.5002114912783263,0.12958406825795662,0.2777924236457371,0.5838871748778535,0.4739224576421425
0.7873229861216955,0.37211361267858967,0.024219095307905225,0.497597691349722,0.13974181804922187,0.26178061572295797,0.5825620109767887,0.47558705251175126
0.7500462393809493,0.34936536495557324,0.03139684511974988,0.5029763823536471,0.11949671127857642,0.2934254377994855,0.5854265867017179,0.47256012341772535
0.7691165602980896,0.3613361647861137,0.027925466383387443,0.5004129461406148,0.12967792534047004,0.2772873652870296,0.5841728387749197,0.4743254718357313
0.2446322889483958,0.11930677492315664,0.5731543728081523,0.3915663679612371,0.24781926014150302,0.825543897349673,0.4082107212946826,0.30084439023755316
0.9138725167520841,0.12508059469534993,0.6506524586218564,0.14156540508682844,0.24533400710004943,0.5271199383923846,0.46296578520617354,0.3362317623070058
0.7832100114721907,0.1735883247405613,0.4010821524038098,0.046795091912675,0.27636250068643176,0.1835702664371573,0.5948491657868707,0.49506181179789593
0.8211766736750616,0.19729023797105028,0.394092140041624,0.04161783924765755,0.29670140774400716,0.15141997174894561,0.5922701100737269,0.4984911615557651
0.8401602048786143,0.20914136392679128,0.3905971765974706,0.03902921566904566,0.30687087073872543,0.1353448934470025,0.5909806061980352,0.500205935356324
0.8021919418588059,0.18543809597233016,0.39758684706414055,0.0442064463028885,0.2865318879537054,0.16749463579791207,0.5935594700641379,0.49677579422546075
0.9228943688764168,0.1469950386678197,0.6257728397043131,0.1322118573831599,0.24664249375843034,0.49385578117544626,0.47187617911049984,0.35954982168100946
0.9216004586885647,0.148202925378608,0.6232229497179154,0.1313578320628092,0.24579221824018366,0.49144388785767196,0.4729410052128235,0.36210009050579406
0.8211734720411867,0.197287528523106,0.39409145625059233,0.041617795185308226,0.29670125628911787,0.15141886707434127,0.5922697263796448,0.49848957880977707
0.8021891404291654,0.18543572520537888,0.3975862487469878,0.04420640774833279,0.28653175543067727,0.1674936692076333,0.5935591343318162,0.4967744093227212
0.7832036082044409,0.1735829058446727,0.40108078482174636,0.04679500378797638,0.27636219777665316,0.18356805708794868,0.5948483983987067,0.49505864630591984
0.7832032080002066,0.17358256716367965,0.4010806993478674,0.04679499828018269,0.276362178844792,0.18356791900362313,0.5948483504369464,0.49505844846267133
0.7832028077959721,0.17358222848268662,0.4010806138739884,0.046794992772388994,0.27636215991293084,0.1835677809192976,0.5948483024751862,0.4950582506194228
0.8021863389995249,0.18543335443842762,0.397585650429835,0.04420636919377707,0.2865316229076491,0.1674927026173545,0.5935587985994945,0.49677302441998167
0.7832012069790348,0.17358087375871448,0.40108027197847257,0.0467949707412143,0.2763620841854862,0.18356722858199542,0.5948481106281451,0.49505745924642885
0.913784024115271,0.1251323989410491,0.6505254848018776,0.14151672107700272,0.24532140291149387,0.5269466779994438,0.46299498592026617,0.33634790784426083
0.9026105242172622,0.1363463805269784,0.6267165455800054,0.13394636751672248,0.2356224523356868,0.5075167568104063,0.47422974170035126,0.3603821512132591
0.2445413950861764,0.11935654708289758,0.5730268861448996,0.3915176509046494,0.24780654236178046,0.8253698084507791,0.40823963423821374,0.30095934871531715
0.8211662683649683,0.19728143226523134,0.39408991772077095,0.041617696045022246,0.29670091551561695,0.15141638155648157,0.5922688630679603,0.49848601763130396
0.840149799568521,0.20913255822097232,0.39059495427661756,0.03902907246641035,0.3068703785103352,0.13534130325453847,0.5909793591922685,0.5002007914318628
0.13022201423789848,0.8925064621277756,0.3978170022727865,0.19546493465999154,0.43455783072810716,0.5688026320084391,0.26323866755066716,0.8340411353780548
0.13022041342096113,0.8925051074038034,0.3978166603772706,0.19546491262881685,0.4345577550006625,0.5688020796711369,0.26323847570362613,0.8340403440050608
0.07439697880559737,0.7689736063317435,0.6294640380939086,0.3406468238617284,0.1648297339865079,0.21016620668436925,0.23091111146041748,0.903366441183985
0.07432584136769171,0.7689022936490817,0.6294583581822129,0.34062510813627134,0.16481685704107682,0.21021079617381794,0.23088259357263718,0.903305093125728
0.074307387662369,0.7688515616899928,0.6294398550689648,0.34062159794159297,0.16481785039630442,0.21022823430460338,0.23087501977920222,0.9033144816637986
0.22005457166933926,0.1365353649451842,0.5340015415328327,0.3788366412842758,0.24973435203573818,0.7588891489563032,0.3617451906021685,0.3103906525786257
0.07431943809994196,0.768896874753193,0.6294569906001495,0.3406250200115727,0.1648165541312982,0.21020858682460933,0.23088182618447312,0.9033019276337522
0.0743178372830045,0.7688955200292209,0.6294566487046336,0.340624997980398,0.16481647840385355,0.21020803448730718,0.23088163433743214,0.9033011362607579
0.07431703687453584,0.7688948426672348,0.6294564777568757,0.3406249869648107,0.16481644054013123,0.2102077583186561,0.23088153841391162,0.903300740574261
0.2200489688100582,0.1365306234112817,0.5340003448985273,0.3788365641751645,0.2497340869896819,0.7588872157757456,0.3617445191375249,0.3103878827731466
0.22004816840158947,0.13652994604929564,0.5340001739507694,0.37883655315957715,0.2497340491259596,0.7588869396070945,0.36174442321400446,0.3103874870866496
0.13019075399707636,0.8924448923769094,0.39779576399541156,0.19546124821591582,0.4345582182637776,0.5688156514408074,0.26322955898090405,0.834044192932173
0.1853906545832672,0.7399573463648496,0.8374810526913256,0.4221486357033212,0.11703457880430254,0.5195486611728763,0.11849064985857843,0.7863918925978237
0.07429418092263518,0.7688403852172225,0.629437034430959,0.340621416184402,0.16481722564488607,0.21022367752186064,0.23087343704111385,0.9033079528365977
0.07430943299408294,0.7688884077283671,0.6294548537531754,0.34062488231673105,0.16481608083476915,0.21020513471647084,0.2308806271404668,0.9032969815525393
0.13018635175049836,0.8924411668859861,0.397794823782743,0.1954611876301855,0.43455801001330485,0.5688141325132264,0.26322903140154125,0.8340420166564395
0.13018475093356097,0.8924398121620137,0.3977944818872271,0.19546116559901083,0.43455793428586015,0.5688135801759242,0.26322883955450027,0.8340412252834454
0.2200403219400459,0.13652305464732536,0.5339987845605587,0.378836464358011,0.24973371862221927,0.7588844118313551,0.36174358838823173,0.3103834673520819
0.13019920259654005,0.8924871573111725,0.3978121302616855,0.19546462071575255,0.4345567516120209,0.5687947612018834,0.2632359337303327,0.83402985831289
0.1301976017796026,0.8924858025872003,0.39781178836616965,0.19546459868457788,0.43455667588457625,0.5687942088645812,0.2632357418832917,0.834029066939896
0.9537438146459817,0.17271942670038695,0.6133690115476289,0.12532286174665258,0.2199548633214591,0.5273534830853036,0.5597397216097292,0.4186024096829699
0.9540895603835535,0.17242338638825572,0.6138872903143713,0.12504023335955572,0.21969060424132653,0.5279911469628132,0.5601261894451829,0.4187086002562501
0.9526328416753599,0.1730075719998449,0.6112921571732012,0.12450604637096951,0.22043622753376907,0.5242559811985504,0.5608631172519382,0.4197714228762647
0.9539972538861367,0.17250633732964207,0.613744512473759,0.12511479715203444,0.21975936401175067,0.5278120116180098,0.5600622617629264,0.4187169506983014
0.9527302595897712,0.17293780889683186,0.6114149169712384,0.12442553841342632,0.2203444529354155,0.524423094768695,0.561078272388482,0.41990125354189256
0.9539873294018815,0.17251576468810773,0.6137251094176002,0.12512122856854688,0.2197612211300428,0.5277967351260129,0.5600553620442001,0.4187188114761821
0.9538691647705143,0.1726231261464171,0.6135380457907736,0.12521725127551328,0.2198445469655797,0.5275717098597991,0.5599737803212335,0.41872994091039323
0.9540119633534484,0.17249407653683954,0.6137628181590509,0.1251025949530776,0.21974306491352608,0.5278449650175215,0.5600725961310882,0.41871631257799036
0.953743838606548,0.17271986121080277,0.6133676036579881,0.12532325287666957,0.21995337517213856,0.5273549747950632,0.5597398498916932,0.41860250058802473
0.9541162680958991,0.17239995858290666,0.6139296409806585,0.1250215660150738,0.2196734202878463,0.5280420186334398,0.560145003157692,0.41870529580663934
0.9537465919275427,0.17271745767879707,0.6133740763876986,0.12532313409806348,0.21995498835816457,0.527358172897912,0.5597419249504793,0.41860140753026437
0.9540274711376727,0.17248044670167853,0.6137888311167246,0.1250928524421596,0.2197353087556047,0.5278731191594406,0.5600835966015955,0.4187139173160603
0.9536837028440982,0.1727933943020046,0.6132396574372935,0.12537022837800355,0.2199709186281285,0.5272232920176625,0.5598462108715603,0.41874749103680625
0.9541219528161808,0.17239442188536774,0.6139387466883098,0.1250157144826085,0.21966889960550207,0.5280527083540578,0.5601487706988135,0.4187050616942707
0.9536834575052137,0.17279396013329062,0.6132379160534007,0.12537051328848653,0.21996956065440731,0.5272241704457201,0.559846108975027,0.41874767794993945
0.9540906402853446,0.17242338884429476,0.6138876891722633,0.12504175337556664,0.21968955442266272,0.5279945658234781,0.5601272877069959,0.4187080634512595
0.9536816161653506,0.1727958017519697,0.6132327533962103,0.12537072665208124,0.21996758013929563,0.5272228630792859,0.5598447729134289,0.41874848907907547
0.9539006738193422,0.17259689900438335,0.6135835875989618,0.12519654946762776,0.219819804967266,0.5276361331838899,0.5599963230870026,0.41872631311281205
0.952632482242635,0.17300804846721615,0.6112907825412317,0.12450619647491268,0.22043546981022605,0.5242560930436382,0.5608628853332609,0.41977160375531875
0.9540283636303919,0.1724780263444712,0.6137929913706528,0.1250887087635004,0.21973611333399506,0.5278720042876373,0.5600836730532812,0.4187143329420033
0.7789311196938271,0.17318907928532185,0.4608503121932127,0.17806129150653216,0.4522433943551729,0.09372604645134269,0.43814566012753353,0.3179506164778747
0.6735410455859934,0.5947614859546813,0.10591717577883636,0.21350303310837254,0.6057823277438639,0.4626265587236463,0.3525002330386139,0.22205737365865857
0.8640390027281672,0.08288405825466702,0.6480162300114418,0.22734483475743833,0.4325578594304012,0.3854333110161295,0.3192969161816941,0.134080264377544
0.8640395718560521,0.0828853952266212,0.6480166400243548,0.22734561270504872,0.43255777732390266,0.3854329974518304,0.3192967903102626,0.13408178728330217
0.8672983002017761,0.08730825150529284,0.6498258274724342,0.22949574070274065,0.43162752432142476,0.38617400020890863,0.3193426642037912,0.13784941996941955
0.8677638531485897,0.08794013586553001,0.6500842974654782,0.2298029296291113,0.43149462810298156,0.3862798465469091,0.3193492131217442,0.13838770759978478
0.8649708200316506,0.0841494981900841,0.6485336825136709,0.22796018504469262,0.4322919643603916,0.3856446117367566,0.3193098566783107,0.13515874327047228
0.8677639242895753,0.08794030298702432,0.6500843487170924,0.2298030268725626,0.43149461783966925,0.38627980735137174,0.31934919738781525,0.13838789796300457
0.8677637820076041,0.08793996874403576,0.6500842462138642,0.22980283238566002,0.43149463836629387,0.3862798857424465,0.3193492288556731,0.138387517236565
0.9143121869664675,0.15111229155284203,0.6759262647008119,0.26051236206714967,0.418206030905975,0.3968682698087143,0.3200055821251948,0.19219790345341498
0.9132294455272063,0.15242076819717126,0.6736342874142902,0.2613824339369202,0.4185410857993933,0.3945349659358333,0.32175678935063334,0.19465101866467738
0.913228313408782,0.15242199547435684,0.6736320669897122,0.2613821886347916,0.41854060049154057,0.39453282911449894,0.3217579332932189,0.19465324975952775
0.9132344654236491,0.15241985781899065,0.6736360567651309,0.26138615323979375,0.4185343797325765,0.3945508578744869,0.3217614828253337,0.19464939338455153
0.9132344895002271,0.15242047886201635,0.6736345473197152,0.26138577214178427,0.41853213525276306,0.39455224872179845,0.3217629986535988,0.19465093827209637
0.9133356721351675,0.15232674868784118,0.6738324482564184,0.26145262076578046,0.41859676146500513,0.39474193819486975,0.32168206543513833,0.19445364034921186
0.9133156167827153,0.15235149063315911,0.6737887503303914,0.2614689146100816,0.41860149627089993,0.3946999065187365,0.32171514952867325,0.194499678363839
0.9133153494050694,0.15235180283854724,0.6737881825632686,0.26146909449966743,0.41860155292274437,0.39469934598533823,0.3217155395550647,0.19450025776125213
0.9133153501853819,0.15235180225546746,0.6737881841478596,0.26146909460538176,0.41860155316102887,0.39469934714331234,0.32171554017095305,0.1945002574500165
0.9133160737955435,0.15235096878902685,0.6737897958247365,0.2614697841563285,0.4186024286706231,0.3947006711187383,0.32171412652134973,0.19449803082612505
0.9133151500352019,0.1523519518154234,0.6737877777002851,0.2614690674896403,0.4186014920410369,0.3946990501229517,0.32171538219560947,0.19450033728195598
0.9182788982962459,0.14866820194924665,0.6082629103028652,0.1328374844076026,0.16931031356511866,0.6045606492501469,0.6508548024209868,0.45368803381702066
0.9182763593166883,0.14867093850513677,0.6082580431106567,0.13283942593597553,0.16931137302191043,0.6045553782351506,0.6508564907844411,0.45369158460528825
0.9182763760934088,0.14867092596892215,0.6082580771793618,0.13283942820883493,0.16931137814502867,0.6045554031315941,0.650856504026039,0.45369157791372217
0.918276367119814,0.14867093267433926,0.608258058956566,0.13283942699311943,0.16931137540475613,0.6045553898148918,0.6508564969433238,0.4536915814929319
0.9182763569757504,0.14867094025437602,0.6082580383568839,0.13283942561883233,0.16931137230705673,0.6045553747612282,0.6508564889367763,0.45369158553899513
0.9182851052695726,0.14866829021351785,0.6082625304191722,0.13284345820884302,0.16930001044528517,0.6045818402756676,0.6508637381166869,0.4536886581046168
0.9185066095876864,0.1485679124442214,0.6084347958624425,0.13290112163380635,0.16904902305095199,0.605220966913967,0.6509527845717841,0.4535389557911569
0.9187723160980996,0.1483968300926145,0.6087317572597475,0.1329094917162025,0.16880679166078513,0.605948770399563,0.6508941768712266,0.4532214406225635
0.9186065973399702,0.1485984117124408,0.6083768717043254,0.1330431856963927,0.1688512500325018,0.6055997198114041,0.6511531960244908,0.45358852912140263
0.918592750262694,0.14860263015938646,0.6083697994237058,0.13303585691173728,0.1688691545636817,0.6055565825602811,0.6511452908124424,0.45359675973077584
0.9173454297317516,0.14875882686541114,0.6081322881813659,0.1320357698664597,0.17073034325839817,0.601409458564492,0.6499485466900392,0.4539807852509428
0.917194016086741,0.1488966654176994,0.6078900167161667,0.13215404077508605,0.1708328788167976,0.601119261021375,0.6498561321093458,0.45400817157501716
0.9171936624653374,0.14889698869567003,0.6078894458228105,0.132154325929049,0.17083311412998264,0.601118598501799,0.6498558881496381,0.4540082069760347
0.9172195319825642,0.14888942942927721,0.6079021342719512,0.1321665872320489,0.17079904806782534,0.6011972563506851,0.6498779372362706,0.45400005022805984
0.9172161870580127,0.1488927668323931,0.6078962327556532,0.1321692380548555,0.17080087633359634,0.6011906181684261,0.6498779224060833,0.4540025777204685
0.9172161866678563,0.14889276712393298,0.6078962319633576,0.13216923800199828,0.17080087621445406,0.601190617589439,0.6498779220981392,0.45400257787608633
0.917222326236476,0.1488906263111792,0.6078998857393678,0.13217168449158812,0.1707932221750454,0.6012089834948677,0.6498822047311298,0.4539998650897505
0.9170254611654862,0.1489332175948265,0.6078301984862023,0.13204946191554964,0.17106828558704623,0.6005857997805875,0.6497033306767088,0.45405965965224815
0.9170606397101464,0.14892570953510514,0.6078424859611833,0.1320714171342659,0.17101904196788878,0.6006971932685721,0.6497357195088285,0.45404933679418824
0.917060435480126,0.14892588962189987,0.6078421441529176,0.13207155426964046,0.17101914709867602,0.600696803408578,0.6497355726399487,0.45404936851736516
0.11113639537206088,0.9945424402078828,0.43625009374576795,0.1890267638054809,0.3736061967710766,0.48509553217618256,0.7003932331787474,0.19063056237873807
0.11113599516782657,0.9945421015268898,0.436250008271889,0.18902675829768723,0.37360617783921546,0.48509539409185704,0.7003931852169871,0.19063036453548954
0.11113519475935779,0.9945414241649038,0.4362498373241311,0.1890267472820999,0.37360613997549313,0.4850951179232059,0.7003930892934666,0.19062996884899253
0.11113439435088912,0.9945407468029178,0.4362496663763732,0.18902673626651256,0.3736061021117708,0.48509484175455486,0.700392993369946,0.19062957316249554
0.06458540240651378,0.931368247996608,0.41040763069650993,0.15831748729978942,0.3868946409184304,0.47450606393302375,0.699736496975117,0.1368193623488079
0.06674604738499657,0.10407099000779768,0.2975979219503088,0.2660775196802396,0.2921043734166252,0.47117263740005694,0.5393567419527636,0.405530665197774
0.05523942209338539,0.870937594367203,0.6678912787074365,0.33418692626617336,0.10386518522032392,0.12650342017291027,0.6680370632771968,0.25989412443991433
0.11113199312548294,0.9945387147169594,0.43624915353309934,0.18902670321975057,0.37360598852060384,0.48509401324860163,0.7003927055993845,0.19062838610300448
0.11113159292124858,0.9945383760359664,0.43624906805922037,0.1890266977119569,0.37360596958874265,0.4850938751642761,0.7003926576376243,0.190628188259756
0.11113119271701427,0.9945380373549734,0.43624898258534145,0.18902669220416324,0.3736059506568815,0.48509373707995057,0.700392609675864,0.1906279904165075
0.06458220077263893,0.9313655385486639,0.41040694690547824,0.15831744323744013,0.38689448946354105,0.4745049592584195,0.6997361132810351,0.13681777960281985
0.06458180056840457,0.9313651998676709,0.41040686143159927,0.15831743772964646,0.3868944705316799,0.4745048211740939,0.6997360653192748,0.13681758175957137
0.06458140036417026,0.9313648611866776,0.4104067759577203,0.15831743222185277,0.3868944515998187,0.4745046830897684,0.6997360173575145,0.13681738391632284
0.06458100015993584,0.9313645225056847,0.4104066904838413,0.1583174267140591,0.3868944326679576,0.47450454500544287,0.6997359693957543,0.13681718607307433
0.06458059995570148,0.9313641838246917,0.4104066050099624,0.15831742120626544,0.3868944137360964,0.4745044069211173,0.6997359214339941,0.13681698822982585
0.06458019975146717,0.9313638451436986,0.4104065195360834,0.15831741569847177,0.38689439480423526,0.47450426883679175,0.6997358734722338,0.13681679038657735
0.11112799108313937,0.994535327907029,0.4362482987943097,0.1890266481418139,0.3736057992019922,0.4850926324053462,0.700392225981782,0.19062640767051942
0.111127590878905,0.9945349892260361,0.43624821332043073,0.18902664263402025,0.373605780270131,0.48509249432102075,0.7003921780200217,0.1906262098272709
0.06457859893452972,0.9313624904197265,0.4104061776405675,0.1583173936672971,0.3868943190767906,0.4745037164994896,0.6997356816251928,0.1368159990135833
0.06457819873029536,0.9313621517387335,0.4104060921666886,0.15831738815950344,0.3868943001449294,0.4745035784151641,0.6997356336634325,0.1368158011703348
0.6701439073989648,0.09470206142344223,0.8760541989052923,0.5402487989583532,0.7333307959789365,0.40796789984890347,0.5533588532529585,0.3780409294200163
0.6701432308679475,0.09470256695358567,0.8760528250649526,0.5402487073039757,0.7333305893862151,0.40796689588534507,0.5533583192778206,0.37804119926130886
0.6701437212944116,0.09470220048796266,0.8760538209803546,0.5402487737454708,0.7333307391480668,0.40796762367207684,0.5533587063636041,0.3780410036497145
0.6701437275369124,0.09470219582332468,0.876053833657082,0.5402487745911859,0.7333307410543433,0.4079676329358698,0.5533587112907102,0.3780410011598294
0.6701437263664436,0.09470219669794427,0.8760538312801958,0.5402487744326143,0.7333307406969164,0.4079676311989086,0.5533587103668779,0.37804100162668286
0.6701437248058182,0.09470219786410378,0.8760538281110137,0.5402487742211854,0.7333307402203473,0.4079676288829604,0.5533587091351013,0.37804100224915416
0.6701437287073813,0.09470219494870502,0.8760538360339685,0.5402487747497575,0.7333307414117701,0.4079676346728309,0.5533587122145427,0.37804100069297597
0.6701437314384754,0.09470219290792589,0.8760538415800367,0.5402487751197578,0.7333307422457661,0.4079676387257403,0.5533587143701517,0.3780409996036513
0.6701437267565998,0.09470219640640443,0.8760538320724911,0.5402487744854715,0.7333307408160588,0.40796763177789563,0.553358710674822,0.37804100147106506
0.6701437298778502,0.0947021940740854,0.8760538384108549,0.5402487749083291,0.733330741769197,0.4079676364097921,0.5533587131383751,0.3780410002261225
0.6701445859074567,0.0947020131031589,0.8760541358557277,0.5402493141523317,0.7333295441848421,0.40797034826366807,0.5533595018936347,0.3780407480272324
0.6701445827862065,0.09470201543547788,0.876054129517364,0.5402493137294742,0.7333295432317039,0.4079703436317716,0.5533594994300816,0.3780407492721749
0.6701445800551123,0.094702017476257,0.8760541239712958,0.5402493133594737,0.7333295423977078,0.4079703395788622,0.5533594972744726,0.37804075036149964
0.6701445781043309,0.09470201893395638,0.8760541200098184,0.5402493130951878,0.7333295418019964,0.4079703366839269,0.553359495734752,0.37804075113958874
0.5547174594486798,0.12739530514627356,0.6596138608686298,0.4542365701388165,0.7771802588343231,0.09083670954485029,0.6684742563580505,0.5032121007567876
0.46848409576733996,0.56105784683998,0.301232844951803,0.4871400573854108,0.9409121384202219,0.4435360170098595,0.5816107893294659,0.409134583129776
0.6545554587560007,0.5829548466932855,0.10941674872965068,0.21611562132237033,0.5956204129431428,0.4786079880948069,0.35381484535242297,0.22034925327437843
0.4873816376657736,0.5727899762829076,0.2977144677476166,0.4845262574568065,0.9510698882114872,0.42752420908708044,0.5802856254284011,0.4107991779993847
0.4304298434424124,0.5372355823727053,0.30819910165843994,0.4922921116692612,0.9205614424317488,0.47574902973993305,0.5841539931701957,0.4056542630679627
0.4305162329517659,0.5373549175665118,0.30822260089235193,0.49231729352704723,0.9205731745670629,0.4756858974450946,0.5841897011573289,0.4057046398421613
0.06620176962626739,0.10361038385726706,0.29748167747491755,0.26607002908085375,0.2920786260854445,0.47098484271732466,0.5392915139588189,0.40526159837980535
0.0661989681966269,0.10360801309031581,0.2974810791577648,0.2660699905262981,0.29207849356241633,0.47098387612704595,0.5392911782264971,0.4052602134770658
0.06480085082121989,0.10171133952862069,0.2967054297863453,0.2651485962029141,0.2924770859636767,0.47066570638466754,0.5392713081577394,0.4036449399394155
0.066195766562752,0.1036053036423715,0.2974803953667331,0.26606994646394877,0.29207834210752703,0.4709827714524416,0.5392907945324151,0.40525863073107776
0.0661941657458146,0.10360394891839936,0.29748005347121725,0.2660699244327741,0.2920782663800824,0.4709822191151395,0.5392906026853741,0.40525783935808374
0.06619256492887715,0.10360259419442722,0.2974797115757014,0.26606990240159945,0.29207819065263774,0.4709816667778373,0.5392904108383331,0.4052570479850897
0.0661909641119397,0.10360123947045505,0.2974793696801855,0.2660698803704248,0.2920781149251931,0.47098111444053514,0.539290218991292,0.4052562566120957
0.0661893632950023,0.1035998847464829,0.29747902778466967,0.2660698583392501,0.29207803919774844,0.470980562103233,0.539290027144251,0.40525546523910166
0.06618776247806485,0.10359853002251077,0.2974786858891538,0.26606983630807546,0.2920779634703038,0.47098000976593085,0.53928983529721,0.40525467386610764
0.0661849610484243,0.10359615925555948,0.29747808757200106,0.2660697977535198,0.2920778309472757,0.4709790431756521,0.5392894995648883,0.4052532889633681
0.06618336023148691,0.10359480453158734,0.2974777456764852,0.26606977572234514,0.29207775521983104,0.4709784908383499,0.5392893077178472,0.4052524975903741
0.06618175941454946,0.1035934498076152,0.2974774037809693,0.2660697536911705,0.2920776794923864,0.47097793850104774,0.5392891158708062,0.40525170621738005
0.066180158597612,0.10359209508364306,0.2974770618854535,0.2660697316599958,0.29207760376494174,0.4709773861637456,0.5392889240237652,0.405250914844386
0.06617815757644019,0.10359040167867786,0.29747663451605866,0.2660697041210275,0.2920775091056359,0.4709766957421179,0.5392886842149639,0.4052499256281435
0.06617495594256534,0.10358769223073358,0.29747595072502697,0.26606966005867816,0.2920773576507466,0.47097559106751363,0.539288300520882,0.40524834288215544
0.06617335512562789,0.10358633750676141,0.2974756088295111,0.2660696380275035,0.29207728192330196,0.47097503873021146,0.5392881086738409,0.4052475515091614
0.06617175430869043,0.10358498278278927,0.29747526693399523,0.26606961599632883,0.2920772061958573,0.4709744863929093,0.5392879168267999,0.4052467601361674
0.06617015349175304,0.10358362805881713,0.2974749250384794,0.26606959396515417,0.29207713046841266,0.47097393405560717,0.5392877249797589,0.40524596876317337
0.06616855267481558,0.10358227333484499,0.29747458314296354,0.2660695719339795,0.292077054740968,0.470973381718305,0.5392875331327178,0.40524517739017935
0.06616695185787813,0.10358091861087285,0.2974742412474477,0.26606954990280485,0.29207697901352336,0.4709728293810029,0.5392873412856768,0.4052443860171853
0.9114720871192785,0.1497080222745831,0.603480858333423,0.1286587791196065,0.17130222660360267,0.59504433470532,0.6710438849459305,0.46775874063078643
0.9114183293129854,0.14971929487386895,0.6034624687087335,0.12862483005746464,0.17137772695970832,0.594873743244428,0.670994329167941,0.46777456053340727
0.9113403949677821,0.1497340300559975,0.6034386946786329,0.12857231930834784,0.171488841779165,0.5946234824600742,0.6709219565241491,0.46779794382958395
0.9106982628191547,0.14981898525260728,0.6033082754789145,0.12806494795124532,0.17244200762356848,0.5924945877002022,0.6703136246461547,0.46800078622480157
0.9105317521584053,0.14990520329701137,0.6031591858507599,0.12806493996912593,0.1726228836262763,0.5920603380401918,0.6701770521309386,0.46803546337186896
0.91058730088848,0.14989349179056993,0.6031783422597443,0.1281000589667593,0.17254509146852734,0.5922364788827359,0.6702281092939669,0.46801896109018215
0.9106672813736041,0.1498714672738452,0.6032151565216975,0.12813980019896706,0.17243821831322267,0.5924806787521133,0.6703001133651243,0.467996880910889
0.9106598343833003,0.1498782803957224,0.6032031599964985,0.1281458636798082,0.17244322686184052,0.5924666465967883,0.6702949727278233,0.46799761553217967
0.9104197925543543,0.14992398127604273,0.6031293654541778,0.12798477311384276,0.1727851365846277,0.5916964120235456,0.6700721652441828,0.4680695499329531
0.9103603897919902,0.14993680843738058,0.603108378792615,0.12794801925220403,0.17286818202903706,0.5915085877938155,0.6700175280859739,0.4680869274936522
0.9103543535591487,0.1499423455199568,0.6030986630357781,0.12795295370055798,0.17287227725569593,0.5914973255562277,0.6700133830766992,0.46808750039453034
0.9103543566370438,0.1499423350561705,0.6030986665628175,0.12795294720985995,0.1728722615845951,0.5914972584826631,0.6700133725164517,0.4680875115116542
0.9103213347134695,0.14994666684897293,0.603092021745812,0.1279267756704319,0.1729213096200178,0.5913877155185799,0.669982076280577,0.4680979547080511
0.9103168052599891,0.14995021264729383,0.6030858103386878,0.12792923590804578,0.1729249900857574,0.5913781059763423,0.6699787572047178,0.4680985628224173
0.9102997392897374,0.1499537912502417,0.6030799723625959,0.12791845842800076,0.17294895845277508,0.5913239499570115,0.6699630252117053,0.4681035850137255
0.910271580438822,0.1499596959451057,0.6030703397020443,0.1279006755859265,0.17298850625835424,0.5912345925251157,0.6699370674232346,0.46811187162938406
0.9096902890123695,0.15007027712266843,0.6028918026822208,0.12751039622659485,0.17381658446892181,0.5893692037212181,0.6693974820284185,0.46828609280425393
0.9096551272046759,0.1500874162137679,0.6028622365855703,0.12750820674880878,0.17385588215358483,0.5892755450037014,0.669368290102844,0.46829371356144917
0.9096503805088818,0.1500899601377527,0.602857841550996,0.1275083789540658,0.17386096354691497,0.589263351300659,0.6693644304672822,0.4682946726673075
0.9095952436086956,0.15009706828900923,0.6028469683869166,0.12746443504992666,0.17394298600068037,0.5890801833083474,0.6693121290905185,0.4683121472734827
0.7838698911831501,0.14124644550735474,0.36943236652876976,0.009055467643017956,0.3576625962982319,0.06000125736618134,0.4584859660554119,0.38145299141458666
0.6216142255800312,0.5273839561438082,0.025007431540092107,0.05228853153765928,0.4807047663207006,0.4770632023255613,0.37674451953187316,0.2804655836845579
0.6220802053727585,0.528016843233011,0.025266209042820675,0.052596303924737686,0.48057180852238335,0.47716881349033746,0.3767509740462525,0.2810050134942418
0.668628396908665,0.5911886646773346,0.05110807377492599,0.08330554187587344,0.46728323185200155,0.4877573151432175,0.377407374517561,0.3348148286214324
0.6600475968431126,0.5517192667039919,0.01827631637677879,0.04741896503185633,0.5009107637069934,0.44501883416631427,0.3741720299905581,0.2844345685753882
0.7065958595200048,0.6148912552698096,0.04411823236049811,0.07812830022644335,0.4876221767732992,0.45560729662365684,0.37482841472793765,0.33824457406579855
0.7254934014184383,0.6266233847127372,0.040599855156311704,0.07551450029783904,0.49777992656456455,0.4395954887008778,0.37350325082687286,0.3399091689354073
0.8308830753220378,0.20505063936238474,0.3955329060968091,0.040072753188205024,0.3442409742440124,0.07069483834424867,0.45914862995403216,0.43580221391137497
0.8000568410045354,0.14930040273535952,0.36438484040790653,0.0046208739227134865,0.3686296774440832,0.04329182345384297,0.4571574810706607,0.37993192536983494
0.6495568753788216,0.5792168488038149,0.054579196089651505,0.08586896156552462,0.4571019609945244,0.5038949734026968,0.3786609785590785,0.33304888667368093
0.7929140118937605,0.1813466940459375,0.4025224056157211,0.04524997280646048,0.32390195359527,0.10284430452650711,0.4617273978966145,0.43237167709401475
0.7739296802817393,0.16949489072821045,0.40601719811211656,0.04783858536948507,0.3137324527368294,0.1189191066597991,0.4630168058487858,0.4306565076069589
0.8309674638102195,0.20516828115122598,0.39555597796132624,0.0400979075070228,0.34425261172002075,0.07063101562778257,0.45918409813236416,0.435851601469331
0.7739288798732705,0.1694942133662244,0.4060170271643586,0.04783857435389771,0.3137324148731071,0.1189188304911481,0.4630167099252653,0.4306561119204619
0.7445000424477444,0.11564196508282609,0.3756451060065347,0.013309812254945208,0.33772224627298997,0.09183258940182004,0.46104490809112947,0.37640353423828554
0.7929120108725888,0.18134500064097234,0.40252197824632624,0.04524994526749218,0.32390185893596424,0.10284361410487947,0.4617271580878132,0.4323706878777722
0.7653473505402348,0.13002430515238989,0.3731851500700676,0.011952083737744479,0.3473598986010644,0.07618003415005642,0.45978125374081297,0.38027564655114043
0.7648808994022877,0.12939091226069976,0.3729262358418459,0.011644208599421058,0.34749284773083267,0.07607432409649206,0.4597747669986023,0.3797358285349883
0.05767167931130773,0.09991331429355352,0.3024177007986678,0.26682248833553657,0.32963906986023156,0.40664771004050165,0.40759845529576477,0.34091811001139516
0.057204641187848626,0.0992797454043601,0.3021587693775305,0.2665148939119797,0.32977195033634055,0.4065416062316741,0.40759182542824673,0.34037846739840527
0.05707619693323135,0.09927189383140478,0.3017580659834591,0.26699853103306126,0.32567500278866457,0.41253199238389704,0.42054971830138066,0.3469145518831981
0.05707459611629395,0.09927053910743264,0.3017577240879432,0.2669985090018866,0.3256749270612199,0.41253144004659487,0.4205495264543397,0.34691376051020406
0.0570729952993565,0.09926918438346047,0.30175738219242737,0.26699848697071193,0.3256748513337753,0.4125308877092927,0.42054933460729865,0.34691296913721004
0.05707139448241905,0.09926782965948833,0.3017570402969115,0.26699846493953727,0.3256747756063306,0.4125303353719906,0.4205491427602577,0.346912177764216
0.0570681928485442,0.09926512021154404,0.30175635650587984,0.26699842087718795,0.3256746241514413,0.41252923069738623,0.4205487590661756,0.34691059501822796
0.05706579162313802,0.09926308812558582,0.301755843662606,0.26699838783042595,0.32567451056027436,0.412528402191433,0.4205484712956141,0.3469094079587369
0.05706379060196626,0.09926139472062062,0.30175541629321123,0.2669983602914576,0.3256744159009686,0.41252771176980535,0.42054823148681286,0.3469084187424944
0.057062189785028805,0.09926003999664848,0.30175507439769533,0.26699833826028296,0.3256743401735239,0.4125271594325032,0.42054803963977183,0.34690762736950037
0.05706058896809135,0.09925868527267634,0.3017547325021795,0.2669983162291083,0.3256742644460793,0.412526607095201,0.4205478477927308,0.34690683599650635
0.057056586925747776,0.09925529846274597,0.30175387776338986,0.26699826115117165,0.3256740751274676,0.41252522625194565,0.4205473681751283,0.3469048575640213
0.057054986108810324,0.0992539437387738,0.301753535867874,0.2669982391199969,0.32567399940002295,0.4125246739146435,0.42054717632808725,0.34690406619102726
0.05705338529187287,0.09925258901480163,0.3017531939723581,0.26699821708882227,0.3256739236725783,0.4125241215773413,0.4205469844810462,0.34690327481803324
0.057051784474935474,0.0992512342908295,0.30175285207684227,0.2669981950576476,0.32567384794513365,0.4125235692400392,0.42054679263400524,0.3469024834450392
0.05704858284106057,0.09924852484288521,0.3017521682858106,0.2669981509952983,0.32567369649024436,0.41252246456543484,0.42054640893992323,0.34690090069905116
0.057046181615654445,0.09924649275692699,0.3017516554425368,0.2669981179485363,0.3256735828990774,0.41252163605948167,0.4205461211693617,0.3468997136395601
0.05704458079871699,0.09924513803295484,0.3017513135470209,0.2669980959173616,0.32567350717163274,0.4125210837221795,0.42054592932232066,0.3468989222665661
0.05704177936907645,0.09924276726600359,0.3017507152298682,0.26699805736280596,0.32567337464860463,0.41252011713190073,0.4205455935899989,0.34689753736382656
0.057040178552139054,0.09924141254203142,0.30175037333435234,0.2669980353316313,0.32567329892116,0.41251956479459856,0.42054540174295785,0.34689674599083253
0.05703577630556106,0.09923768705110803,0.3017494331216837,0.266997974745901,0.32567309067068717,0.4125180458670176,0.4205448741635951,0.34689456971509897
0.05703417548862366,0.09923633232713588,0.3017490912261679,0.2669979527147263,0.3256730149432425,0.4125174935297155,0.42054468231655406,0.34689377834210494
0.5658940108913759,0.46460955415470984,0.007436823437220741,0.029344759761161354,0.48165349337421126,0.4851281072480495,0.377702873517054,0.23494547802635882
0.5645223225368842,0.4627725607184897,0.006679402774641463,0.02845732543345525,0.48204857960691716,0.4847968106004241,0.37767770415413954,0.23339743262540283
0.5631169133552133,0.4608563516939821,0.005897688846974114,0.027523797709833597,0.48244853064966203,0.4844840926375216,0.37765999267353945,0.23175915505827513
0.602233036061599,0.5139573664771263,0.027616138482185637,0.053340892634344494,0.4712838524899564,0.49336985443647785,0.3782079619672532,0.27700120540684686
0.5612616022435631,0.4583450250379783,0.004868780281366891,0.02630447461912694,0.48297911998214005,0.48405690531839285,0.37763227081062106,0.2296244697691319
0.5868549914917432,0.4930704213184899,0.019075968376000063,0.043183431426243035,0.47567156246754483,0.48988507795423875,0.37799512033202365,0.25919811805508036
0.574303843147977,0.47605366366657553,0.012110808989938215,0.03491500268537845,0.47925705085105963,0.48701687920635456,0.3778141457900553,0.24471460792523778
0.5849902186290068,0.49053686750374725,0.0180402433457163,0.04195117495651368,0.47620351682056117,0.48946310364158285,0.3779694910816534,0.2570381144577075
0.5710357241921524,0.4716087473506592,0.010294856328796231,0.032752038552115115,0.48018865861076354,0.48628105026021184,0.3777703487751459,0.24092184729411056
0.5752350913235753,0.47731776663003844,0.012627851479254382,0.03552957502502235,0.4789912378875486,0.4872284934912807,0.37782721215810333,0.24579156391240786
0.587790721549435,0.49434505293609227,0.019596239717005193,0.04380413010331874,0.4754051029153577,0.4900942229203094,0.3780071954625489,0.26028706692509607
0.5626463805394071,0.4602127688291454,0.005635631240942407,0.027209801741871986,0.48258214529996757,0.4843809899871384,0.3776545451306118,0.2312075420025258
0.5985117426904569,0.5089096449409771,0.02555063360885479,0.0508876599352365,0.4723465706517601,0.4925213591288288,0.37815487833075645,0.27270328034559466
0.5635784112658472,0.4614787101290454,0.0061532374980137194,0.02782544375948015,0.4823162194400209,0.4845921731211533,0.3776674384254416,0.2322865919851134
0.6515771063538691,0.5809265104566668,0.055010668230662585,0.0858967649079509,0.45719752902967176,0.5045920230780148,0.37890308952483787,0.33404759939214085
0.7464967633928042,0.640183833640337,0.03753627837929041,0.07295367455385979,0.508044938662569,0.4242173219899271,0.37245580995518013,0.34262245761117754
0.6895449691694431,0.6046294397301349,0.04802091229011379,0.08071952876631444,0.4775364928828306,0.4724421426427797,0.3763241776969748,0.33747754267975555
0.6707338167803629,0.5930166454810137,0.05156278872821218,0.08335851055270482,0.46739047522687954,0.4883908182707204,0.37768504958517285,0.33586332458434537
0.7086152900865836,0.6166002395606753,0.0445495335537513,0.07815609255328229,0.4877177069447242,0.4563040701303237,0.37507042977017646,0.33924289109776146
0.6706474272710096,0.5928973102872073,0.051539289494300145,0.08333332869491875,0.46737874309156535,0.4884539505655588,0.37764934159803953,0.3358129478101468
0.7254305693536439,0.6265702117968304,0.040586435757314354,0.07551363557423346,0.497776954262362,0.4395738094617682,0.3734957208305131,0.3398781075453918
0.6494948437224958,0.5791643532498941,0.054565947638412104,0.08586810785750637,0.4570990265560443,0.5038735703322383,0.3786535444862392,0.3330182209701625
0.8845295161986672,0.33535450528948485,0.24070713006909078,0.581958466139084,0.14919058921225248,0.47340065803240444,0.2606852348863176,0.2544691645650672
0.7715517198986548,0.36473700752577265,0.031913045895024805,0.49923058883562865,0.199482445391087,0.15811332375051323,0.37149429660214184,0.37207473621132486
0.5100629683349669,0.29615016028836966,0.23784964940174674,0.7807605883286586,0.5041666359737332,0.18696231976700525,0.6046623121577105,0.5543024401366847
0.7652552324253467,0.12994624140249705,0.3731654398262917,0.011950719701750045,0.3473555545363094,0.07614831395071991,0.4597702382698836,0.3802299522407642
0.7647862647112237,0.12930633521053456,0.3729045097557705,0.011638863089717011,0.34748894339374387,0.07604434899851414,0.4597644445805194,0.3796825271758499
0.7629264717174801,0.12678447990039132,0.3718723723384744,0.010413413661578608,0.3480201793148979,0.07561963099824093,0.45973771395512386,0.37753584900386106
0.8118034951022387,0.1931182299683148,0.3990073558100111,0.04266005489633706,0.3340669676026152,0.08673677640806254,0.4604266230072631,0.4340399577311746
0.6495480162803974,0.5792555779212785,0.05458235254037003,0.08589283256841818,0.457109187346882,0.5037989770383803,0.37868527164727145,0.33305217675473503
0.7064134209944051,0.6146906366376742,0.04407421939563477,0.07810179649817742,0.4876059009913061,0.45563728868036607,0.3747811959183436,0.33814671491195847
0.803221272216974,0.15364548956508658,0.3661745733795817,0.006771533183293932,0.36769470472385346,0.04399907934190711,0.45719159315883895,0.38365589042073495
0.8497709577135786,0.21682082056078986,0.39201751439558324,0.03748281324690694,0.3544059125239129,0.054586757888501924,0.4578476632176398,0.4374697031755408
0.7064994102995241,0.6148096331504875,0.04409763315566778,0.07812697284816983,0.48761761419475913,0.4555740183012021,0.37481685594371655,0.3381968938429085
0.7272861689970694,0.10624229608604985,0.3801549393452037,0.017127939320005503,0.327016533887567,0.10829778013297836,0.46234900621246594,0.376799415423404
0.727286240138055,0.10624246320754413,0.3801549905968178,0.01712803656345674,0.3270165236242547,0.10829774093744099,0.462348990478537,0.3767996057866238
0.7253961517894889,0.6265410852314292,0.04057908500372337,0.0755131619039782,0.497775326122302,0.4395619342097719,0.37349159611913124,0.33986109302602024
0.6684443575661279,0.5909866913212269,0.05106371891454675,0.08327901611643287,0.46726688034256375,0.48778675486262457,0.37735996386092585,0.33471617809459825
0.7738340314697273,0.16941394597087453,0.4059967698550441,0.04783726900679888,0.31372792802201166,0.1188861045059954,0.4630053429880852,0.43060922307056587
0.7842343613823213,0.1417936418673147,0.36966953616946974,0.009362035537407831,0.35752480928055486,0.06007171672119588,0.45848020681482904,0.3819425497655895
0.6505157647243474,0.580028328463132,0.05478399150364971,0.08588215823914849,0.4571473217338693,0.5042258234466869,0.3787758949366457,0.3335229190971021
0.6419348935178091,0.5405587633682951,0.02195218285388839,0.04999548415168001,0.4907748638521736,0.46148738166532105,0.3755405661435718,0.2831424686878381
0.688483227335687,0.6037309190556073,0.047794150089221776,0.08070491658971837,0.477486266655167,0.47207580492712625,0.3761969351470224,0.33695266454146827
0.8042764327857552,0.15454057904963917,0.36640065113517656,0.006787980073042654,0.3677443470480474,0.04436187146030196,0.4573175617950076,0.3841806189584476
0.7853784906830874,0.14280811092571852,0.369918942865484,0.009401774493853265,0.357586578324921,0.060373541298755495,0.4586426777343121,0.3825158262455903
0.7454342211505793,0.6392846356038233,0.03730934523064061,0.07293905136167636,0.507994674571183,0.4238507081056226,0.3723284714817073,0.34209718378639326
0.7748881694230306,0.1703060317065346,0.40622190805223574,0.047851776535315305,0.31377779454431315,0.11924981861946365,0.46313167426459273,0.43113034218713153
0.6694980953151969,0.5918784383758939,0.05128877163785939,0.0832935181371556,0.4673167279330041,0.4881503308917672,0.37748624717567314,0.3352370993679154
0.6420198244921964,0.540677078081118,0.021975442695512715,0.050020838465194034,0.49078649973341837,0.4614236186421057,0.3755760508158062,0.28319243481548223
0.688568016028103,0.6038488995254414,0.04781730742761797,0.08073007641632979,0.47749792306303657,0.47201212029498574,0.37623245128711463,0.33700224994267286
0.0590980781255126,0.10135886864455143,0.3028815643592963,0.2671433821839622,0.32955155879201625,0.40708476278210737,0.40772003376868127,0.34193217325427444
0.7848249474099829,0.14205553664770273,0.3696366317430122,0.009069381678521893,0.3577076666806054,0.06033027491829129,0.4586002289821849,0.3819263704680324
0.8318387630336885,0.20585940957375765,0.3957370177197755,0.040085905799479626,0.34428618352846796,0.07102458371363446,0.4592631626375174,0.43627466358880806
0.747322237336988,0.11898415305347876,0.37688477220272604,0.014553801238735342,0.3372357876771422,0.09258586360720134,0.46118564176624066,0.3790345169675345
0.6505125630904723,0.5800256190151878,0.05478330771261797,0.08588211417679917,0.45714717027898,0.5042247187720825,0.3787755112425637,0.33352133635111403
0.6039639002093459,0.516853291768377,0.02894130625501956,0.05517277347441846,0.47043573828081303,0.4936361182304144,0.3781190785434239,0.27971113301745515
0.650512162886238,0.5800252803341948,0.05478322223873899,0.0858821086690055,0.45714715134711886,0.504224580687757,0.37877546328080347,0.3335211385078655
0.6229473602719129,0.5287042506026238,0.0254462915592521,0.0525840526523553,0.48060521153884367,0.47756107912400875,0.3768295904016611,0.2814257164547942
0.6505117626820036,0.5800249416532017,0.054783136764860074,0.08588210316121184,0.4571471324152577,0.5042244426034315,0.3787754153190432,0.333520940664617
0.05909607710434084,0.10135717523958623,0.3028811369899015,0.2671433546449939,0.32955146413271047,0.40708407236047967,0.40771979395988,0.3419311840380319
0.8210029850373496,0.19714325042007214,0.3940550443781536,0.04161544886520646,0.2966931913162627,0.1513600431516619,0.5922492946697769,0.49840529758591334
0.9214275704593213,0.14805661518961594,0.623186025002203,0.1313554526959455,0.24578403967616155,0.4913842354290393,0.47292028573239403,0.3620146222224393
0.8399821139943243,0.20899065088488972,0.3905591407213316,0.03902676470086425,0.3068624460605082,0.13528344592213792,0.5909592632147224,0.5001178951107386
0.8020122501575784,0.18528602820645645,0.3975484692924856,0.04420397330353237,0.2865233875480435,0.1674326359357453,0.5935379352337842,0.4966869626068814
0.783026717932854,0.17343320884575025,0.4010430053672442,0.04679256934317594,0.2763538298940194,0.1835070238160607,0.5948271993006746,0.49497119959008007
0.9037279443377618,0.13498913549826067,0.6292287415857799,0.13479796390006643,0.23646437890316088,0.5098677549406183,0.4731437644617558,0.35774463351588326
0.7830235162989791,0.17343049939780594,0.4010423215762125,0.046792525280826586,0.2763536784391301,0.18350591914145636,0.5948268156065927,0.494969616844092
0.8020894349695415,0.18539757373742305,0.3975700026271814,0.04422902848206417,0.28653468425055095,0.16736632770141951,0.5935725401004316,0.49673278898636436
0.2331850018530653,0.13041575145500883,0.5491788853603408,0.3839447802826638,0.2380989399254222,0.8058767827249707,0.41945247149386294,0.32490317771974797
0.783011109967714,0.17342000028702179,0.40103967188596457,0.04679235453922298,0.27635309155143406,0.1835016385273647,0.5948253287920248,0.4949634837033883
0.8209717691070695,0.19711683330261523,0.39404837741559434,0.041615019257300545,0.29669171463109206,0.1513492725742699,0.5922455536524772,0.49838986581252986
0.8331680639237637,0.5836551927392766,0.2608777451661404,0.16559350326572864,0.409987113639281,0.84026705690575,0.38903056463122687,0.2720667091246789
0.8399508980640442,0.20896423376743284,0.39055247375877233,0.03902633509295833,0.3068609693753376,0.1352726753447459,0.5909555221974225,0.5001024633373551
0.9706098015058284,0.16045345559328414,0.6401220107119083,0.13379659869696875,0.27583230540220477,0.4788211045410434,0.4590717099608831,0.34127063325722845
0.7829923003686989,0.17340408228034904,0.4010356546136533,0.04679209567292067,0.27635220175395947,0.1834951485640644,0.5948230745892928,0.4949541850707085
0.2344524985614497,0.1291855117986801,0.5517231340707268,0.38479844208863256,0.23894796594083215,0.8082795624772594,0.41838447991536254,0.32233985124056197
0.23444609529369995,0.12918009290279148,0.5517217664886633,0.38479835396393386,0.23894766303105355,0.8082773531280507,0.41838371252719847,0.32233668574858587
0.8399304876480919,0.20894696103678795,0.3905481145909452,0.03902605419548133,0.3068600038504183,0.13526563304414346,0.5909530761476497,0.5000923733316813
0.23314658224656676,0.13038323807967725,0.5491706798679603,0.38394425153447187,0.23809712246675063,0.8058635266297188,0.41944786716487864,0.3248841847678914
0.23314498142962933,0.1303818833557051,0.5491703379724444,0.3839442295032972,0.23809704673930598,0.8058629742924166,0.4194476753178376,0.32488339339489736
0.05866700876481107,0.10061815077872774,0.30209782465234164,0.2670204245128839,0.3257502569367848,0.41308087757791223,0.4207403662983881,0.34770097879601075
0.05866460753940489,0.10061611869276951,0.30209731180906785,0.26702039146612183,0.3257501433456178,0.413080049071959,0.4207400785278266,0.3476997917365197
0.05866300672246744,0.10061476396879737,0.302096969913552,0.26702036943494717,0.32575006761817316,0.4130794967346568,0.4207398866807856,0.3476990003635257
0.05866140590553004,0.10061340924482523,0.30209662801803616,0.2670203474037725,0.3257499918907285,0.4130789443973547,0.42073969483374457,0.34769820899053167
0.05865980508859259,0.10061205452085309,0.30209628612252026,0.26702032537259784,0.32574991616328386,0.41307839206005253,0.42073950298670354,0.34769741761753764
0.058658204271655134,0.10061069979688092,0.3020959442270044,0.2670203033414232,0.32574984043583916,0.41307783972275036,0.4207393111396625,0.3476966262445436
0.058654602433545866,0.10060765166794361,0.30209517496209376,0.2670202537712802,0.3257496700490887,0.41307659696382054,0.42073887948382027,0.34769484565530706
0.05865220120813974,0.10060561958198538,0.30209466211881997,0.2670202207245182,0.32574955645792175,0.4130757684578673,0.4207385917132587,0.347693658595816
0.05865020018696793,0.10060392617702019,0.30209423474942515,0.26702019318554987,0.3257494617986159,0.4130750780362396,0.42073835190445746,0.3476926693795735
0.058648599370030474,0.10060257145304805,0.3020938928539093,0.2670201711543752,0.32574938607117127,0.4130745256989375,0.42073816005741643,0.34769187800657947
0.05864699855309308,0.10060121672907588,0.30209355095839346,0.26702014912320055,0.3257493103437266,0.4130739733616353,0.42073796821037546,0.34769108663358544
0.058645397736155624,0.10059986200510374,0.30209320906287757,0.2670201270920259,0.32574923461628197,0.41307342102433314,0.4207377763633344,0.3476902952605914
0.05864379691921817,0.1005985072811316,0.3020928671673617,0.2670201050608512,0.3257491588888373,0.413072868687031,0.4207375845162934,0.3476895038875974
0.058642196102280775,0.10059715255715942,0.3020925252718459,0.26702008302967656,0.32574908316139267,0.41307231634972885,0.42073739266925236,0.34768871251460337
0.05864059528534332,0.10059579783318728,0.30209218337633004,0.2670200609985019,0.325749007433948,0.4130717640124267,0.4207372008222114,0.34768792114160935
0.05863899446840587,0.10059444310921514,0.30209184148081414,0.26702003896732723,0.3257489317065034,0.41307121167512456,0.42073700897517036,0.3476871297686153
0.05863499242606229,0.10059105629928478,0.3020909867420245,0.2670199838893906,0.32574874238789175,0.41306983083186916,0.42073652935756783,0.34768515133613026
0.05863339160912484,0.10058970157531263,0.30209064484650866,0.2670199618582159,0.3257486666604471,0.413069278494567,0.4207363375105268,0.34768435996313624
0.05863179079218739,0.1005883468513405,0.3020903029509928,0.26701993982704125,0.32574859093300246,0.41306872615726486,0.4207361456634858,0.3476835685901422
0.05863018997524999,0.10058699212736832,0.3020899610554769,0.2670199177958666,0.3257485152055578,0.4130681738199627,0.4207359538164448,0.3476827772171482
0.068039584631225,0.10290953099237898,0.29372393092933274,0.2653925937604476,0.2694801871909398,0.5084884269685309,0.6179438687619955,0.4420606444063904
0.9640969679807322,0.17558040185955626,0.6111573628588695,0.12793679839316774,0.2449349621362218,0.4959407311868573,0.5519880626826551,0.4065553085046823
0.9640110921232574,0.17559216658959498,0.6111391970996614,0.1278697712295553,0.24506201784016363,0.4956567623240565,0.5519068401237467,0.4065823231548982
0.6831771484062733,0.5974382391978019,0.0431429267354595,0.08160783373160854,0.40746948196767935,0.5911886765194518,0.5882778692207965,0.4377074485326295
0.6654026701294351,0.5872574672743582,0.04696679398050152,0.08454899781143185,0.39746424993549834,0.6063797646093312,0.5900672369545937,0.4366977517276025
0.9702749544253665,0.17920901972476017,0.606251585361643,0.12368639370288051,0.21603334318385864,0.540572899007668,0.6435464497027525,0.4530962096454275
0.9688264388080998,0.18095979438371795,0.6031726617309949,0.12478892956249601,0.21643032560922176,0.5374464323525366,0.6459594522768888,0.4564627130077338
0.9687770565964559,0.1809670593896865,0.6031613175554283,0.12475141002366824,0.21650287090872294,0.5372840560923265,0.6459129107356403,0.4564781082158751
0.9687500352246107,0.18097433261568735,0.6031491880325639,0.12473763927050821,0.21653916154642489,0.5372012573577957,0.6458885316224048,0.4564856113962439
0.9687394046140533,0.18097804561526468,0.6031428933114562,0.12473396644658422,0.21655256912213977,0.5371702579094904,0.6458792241391537,0.45648832219808666
0.9687516373029883,0.18097467593978595,0.6031485241861589,0.12474004377644685,0.2165362220265265,0.5372075984702412,0.6458902353360162,0.45648494649416127
0.9687474313761133,0.18097611481639359,0.6031460773202738,0.12473852854489459,0.21654154189210376,0.5371952630133667,0.6458865390817023,0.4564860325080954
0.9687462329529354,0.18097661271638615,0.6031452324633704,0.1247382777028882,0.21654298237104413,0.5371919232121579,0.6458855184760794,0.45648631254347427
0.9687446964255771,0.18097681193389165,0.6031449197425114,0.12473705473772667,0.2165452553398892,0.5371868109561209,0.6458840586886454,0.45648680283702026
0.9687445221508912,0.18097697167786778,0.6031446394457539,0.12473719765827992,0.21654537377090657,0.5371864834597487,0.6458839387104285,0.4564868195260132
0.9687436723637852,0.1809771479841563,0.6031443546776084,0.12473665925999244,0.216546573261538,0.5371837808696657,0.6458831548822751,0.45648706923501825
0.9687446131897971,0.18097688889048097,0.6031447875170873,0.12473712672657528,0.21654531574682073,0.5371866529978053,0.6458840017789783,0.45648680962533855
0.7281693525628244,0.6244534957183275,0.03281143012977694,0.07570742025472679,0.4016744618695496,0.604476824004348,0.6780448996884234,0.48648217870462906
0.8905731552199536,0.32884085957220577,0.2430616923033541,0.5865399267012957,0.06149657683839255,0.6409781467047082,0.5596067969146964,0.3910462033292381
0.8905731567805788,0.32884085840604627,0.24306169547253598,0.5865399269127245,0.06149657731496172,0.6409781490206564,0.559606798146473,0.3910462027067669
0.6688992214514606,0.5979875676101791,0.05573060309350952,0.08863065881868482,0.4406456572065439,0.5307959898172576,0.45356473735994046,0.3750759915257075
0.6826738687492808,0.6036744932887333,0.0476102233242377,0.08697028295017814,0.3808105788093401,0.6337743790895913,0.6643931705126829,0.4776012678593358
0.6692447794888745,0.5984649083854049,0.055824600029157345,0.0887313862498291,0.4406925857478007,0.5305434606379039,0.4537075693084735,0.37527749862250187
0.7119645801280295,0.6596281792475687,0.07222580455520705,0.0965647943708928,0.44704992353878026,0.5012032972197588,0.4602491441172028,0.39057536711077445
0.669676727035642,0.5990615843544371,0.05594209619871726,0.08885729553875948,0.4407512464243716,0.5302277991637117,0.45388610924413986,0.3755293824934949
0.6694175585075816,0.5987035787730177,0.05587159849698131,0.08878174996540125,0.440716050018429,0.530417196048227,0.45377898528274,0.37537825217089904
0.6697631165449954,0.5991809195482436,0.05596559543262919,0.08888247739654556,0.4407629785596857,0.5301646668688733,0.4539218172312731,0.37557975926769344
0.898563199986314,0.33877645371209025,0.2412707454398848,0.5828544643870357,0.12325211209747738,0.5236650294228284,0.33350651262906833,0.28832003994889377
0.7809044602091794,0.36918029348594195,0.029218710350087163,0.49708432128988933,0.17910881490680322,0.19390401907628874,0.44214073824116035,0.40811415993281314
0.7835825349991374,0.3728796844939421,0.029947186601358367,0.4978649588812577,0.17947251110154272,0.19194691793629706,0.44324768584229157,0.40967583993296963
0.7902345272193554,0.3820684944170392,0.03175662761258019,0.4998039619307856,0.18037588552073433,0.18708573123373715,0.445997200851553,0.4135548515462616
0.7835752379741833,0.37280364552271483,0.03083215470216466,0.4994066477692819,0.18165921735083432,0.19133056948763622,0.4438867771849268,0.4100305898105462
0.7972320774769874,0.39173464511536216,0.03366006555945,0.5018436924114578,0.18132618848118268,0.1819720153518235,0.4488895478093474,0.4176353702563479
0.7822866923588352,0.37108965658684523,0.02959469809267873,0.49748723101446657,0.17929652907183008,0.1928939023588737,0.44271206603529256,0.40892018831999066
0.7813364077559468,0.36977696945497424,0.029336206519647023,0.49721023057881963,0.1791674755833741,0.1935883576020965,0.44231927817682665,0.40836604380380614
0.8038767726722514,0.400847416067232,0.03635447467147823,0.5053243843490101,0.1844162691496659,0.17649448020060277,0.4522781541612441,0.4218691317472163
0.782624953371295,0.37149095839084384,0.030573663129132955,0.4991296473336351,0.18153016386237839,0.1920250247308591,0.44349398932646095,0.4094764452943616
0.7986384308873516,0.38020456013713866,0.023949231542378713,0.4996656886555907,0.1241868272326348,0.29274562588873243,0.6558899214873035,0.5136662676347299
0.7825385638619415,0.37137162319703737,0.030550163895220972,0.499104465475849,0.1815184317270642,0.19208815702569754,0.44345828133932763,0.409426068520163
0.8347685075549335,0.4457378043491387,0.04865131605078138,0.5081661890653568,0.18697959815331167,0.15641978962398478,0.4532886433900808,0.4299106322927047
0.8021815365487125,0.18542929026651117,0.39758462474328743,0.04420630310025314,0.28653139572531516,0.16749104560544809,0.5935582230583714,0.4967706503009996
0.8021803359360095,0.18542827422353209,0.39758436832165056,0.04420628657687209,0.2865313389297317,0.16749063135247144,0.5935580791730907,0.4967700567712541
0.8211638671395621,0.1972794001792731,0.39408940487749716,0.04161766299826025,0.29670080192445,0.1514155530505284,0.5922685752973988,0.4984848305718129
0.8021795355275407,0.18542759686154603,0.3975841973738926,0.044206275561284814,0.2865313010660094,0.16749035518382038,0.5935579832495701,0.49676966108475706
0.9137776208475212,0.12512698004516054,0.6505241172198142,0.14151663295230404,0.24532110000171525,0.5269444686502353,0.46299421853210215,0.33634474235228473
0.9026041209495125,0.13634096163108977,0.626715177997942,0.1339462793920238,0.2356221494259082,0.5075145474611977,0.4742289743121872,0.360378985721283
0.9707286146624136,0.1606806965933766,0.6400393123612329,0.13375076772426203,0.2758295079177313,0.4787193718287316,0.45912575486678703,0.3414892615972097
0.9595551147644049,0.17189467817930587,0.6162303731393607,0.1261804141639818,0.2661305573419242,0.45928945063969406,0.47036051064687207,0.365523504966208
0.9707270138454761,0.16067934186940447,0.640038970465717,0.1337507456930874,0.2758294321902866,0.47871881949142947,0.45912556301974605,0.34148847022421575
0.9137748194178807,0.12512460927820926,0.6505235189026614,0.1415165943977484,0.24532096747868715,0.5269435020599565,0.4629938827997804,0.3363433574495452
0.8211586644845155,0.1972749973263636,0.39408829371707066,0.0416175913969426,0.29670055581025484,0.15141375795429635,0.5922679517945155,0.4984822586095823
0.821158264280281,0.19727465864537058,0.39408820824319163,0.04161758588914888,0.2967005368783937,0.15141361986997082,0.5922679038327552,0.49848206076633383
0.9707242124158356,0.16067697110245321,0.6400383721485643,0.1337507071385317,0.2758292996672585,0.47871785290115065,0.4591252272874242,0.3414870853214762
0.9025989182944658,0.13633655877818032,0.6267140668375155,0.13394620779070615,0.23562190331171307,0.5075127523649657,0.4742283508093039,0.36037641375905244
0.9405663809058056,0.1600391493706554,0.6197242254230876,0.12876896614127603,0.2559608482330108,0.4753627338454051,0.47164939101968056,0.3638061592034186
0.9517382799868768,0.14882381306075396,0.6435328227494439,0.1363392976703816,0.26565972308137326,0.49479210269714047,0.4604144433925545,0.3397711244614263
0.9405647800888681,0.16003779464668322,0.6197238835275718,0.12876894411010137,0.25596077250556615,0.47536218150810294,0.4716491991726396,0.3638053678304246
0.9327535481706211,0.13697167106203384,0.6470275297719604,0.13892790472561253,0.25549020329107147,0.510866766746107,0.4617038033829655,0.33805575713112196
0.9215800482726124,0.1481856526479631,0.6232185905500883,0.1313575511653323,0.2457912527152644,0.49143684555706946,0.47293855916305055,0.36209000050012025
0.9327527477621524,0.13697099370004778,0.6470273588242026,0.1389278937100252,0.25549016542734915,0.5108664905774559,0.461703707459445,0.33805536144462495
0.7935269213966012,0.17803107150776173,0.39557190594273334,0.045497964460012974,0.23509820387371858,0.25491597854318687,0.7402143299763941,0.5660837011583927
0.6881368472887675,0.5996034781771211,0.04063876952835699,0.08093970606185333,0.3886371372624095,0.6238164908154904,0.6545689028874746,0.47019045833917655
0.7261047101043414,0.6233064074505893,0.033649013587808085,0.07576246992021685,0.4089761011155684,0.5916666103802554,0.6519899910596115,0.4736204016267912
0.8464701751974375,0.3085533738536119,0.24052366880509427,0.5869165422919007,0.04119763994380582,0.6551347629227273,0.5410510575048103,0.3850038959621532
0.8464701763679063,0.3085533729789923,0.24052367118198067,0.5869165424504723,0.041197640301232685,0.6551347646596885,0.5410510584286428,0.38500389549529973
0.8464701748072812,0.3085533741451518,0.24052366801279879,0.5869165422390437,0.04119763982466351,0.6551347623437402,0.5410510571968662,0.38500389611777097
0.8464711164136056,0.3085531144683967,0.24052410243686861,0.5869170098113408,0.041196382548230825,0.655137635629854,0.5410519047094577,0.3850036361968556
0.8464710277156374,0.3085531955065443,0.24052395911930793,0.5869170810601886,0.04119644128717037,0.6551374695657197,0.5410518434885727,0.38500364516382335
0.7342724051862153,0.3377824664218128,0.03196845672571019,0.5046568576038205,0.09034330993813636,0.34236097613995475,0.6525692052824725,0.5023942093620558
0.7532563365940024,0.34963393105854684,0.028473578755435713,0.5020682395330023,0.10051279186471579,0.32628603592233724,0.6512797493685409,0.5041091810058632
0.5481146526882011,0.3157661313747008,0.22376105371395053,0.775656111809075,0.4356233032799011,0.3073521373498458,0.8803294412723822,0.6911291624432548
0.7912241994095763,0.37333686033201496,0.02148382281488681,0.4968910033913658,0.12085175571787465,0.29413615548710215,0.648700837540678,0.5075391242934778
0.7344451842049222,0.3380211368094257,0.032015455193534104,0.5047072213193926,0.09036677420876468,0.34223471155027785,0.652640621256739,0.502494962910453
0.8844272340593089,0.3322471575741085,0.23353160823899521,0.581739157651264,0.06153609311328245,0.622981156526651,0.5384708519411969,0.3884284968595869
0.8844272317183712,0.3322471593233478,0.2335316034852224,0.581739157334121,0.06153609239842872,0.6229811530527285,0.5384708500935321,0.3884284977932938
0.8844289383153964,0.332246801463053,0.2335321872828316,0.5817402350821255,0.061533695561727,0.6229865686546616,0.5384724232928334,0.38842799557416297
0.7912133938952488,0.373327715945203,0.02148151502015483,0.49689085468093686,0.12085124455762328,0.29413242721031263,0.6486995425731511,0.5075337825257682
0.7532455310796746,0.34962478667173486,0.02847127096070362,0.5020680908225732,0.10051228070446439,0.32628230764554766,0.6512784544010142,0.5041038392381535
0.8464807013656119,0.30853975679619483,0.24052865689588615,0.5869298653258137,0.041167168086497785,0.6551987285121272,0.5410694269126609,0.38499227676654385
0.846482407962637,0.30853939893590004,0.24052924069349535,0.5869309430738181,0.041164771249796006,0.6552041441140602,0.5410710001119622,0.384991774547413
0.06502596958571871,0.1026153390997237,0.2972305552185208,0.26605384718306285,0.2920230042773496,0.4705791509688928,0.5391506023071942,0.4046803349156938
0.06502516917724999,0.10261466173773762,0.2972303842707629,0.2660538361674755,0.2920229664136273,0.47057887480024174,0.5391505063836738,0.40467993922919676
0.06502436876878132,0.10261398437575153,0.297230213323005,0.2660538251518882,0.29202292854990497,0.4705785986315907,0.5391504104601533,0.40467954354269975
0.06502356836031259,0.10261330701376548,0.2972300423752471,0.26605381413630086,0.29202289068618265,0.4705783224629396,0.5391503145366328,0.40467914785620274
0.06502276795184386,0.10261262965177939,0.29722987142748913,0.26605380312071353,0.2920228528224603,0.4705780462942885,0.5391502186131123,0.4046787521697057
0.06502196754337514,0.10261195228979333,0.2972297004797312,0.2660537921051262,0.292022814958738,0.47057777012563745,0.5391501226895917,0.4046783564832087
0.06502116713490641,0.10261127492780725,0.2972295295319733,0.26605378108953887,0.2920227770950157,0.47057749395698634,0.5391500267660713,0.4046779607967117
0.06502036672643768,0.10261059756582117,0.29722935858421534,0.26605377007395153,0.29202273923129335,0.4705772177883353,0.5391499308425507,0.4046775651102147
0.06501956631796901,0.10260992020383511,0.29722918763645745,0.2660537590583642,0.292022701367571,0.4705769416196842,0.5391498349190302,0.4046771694237177
0.06501876590950029,0.10260924284184902,0.2972290166886995,0.26605374804277687,0.2920226635038487,0.47057666545103316,0.5391497389955098,0.40467677373722066
0.0650179655010315,0.10260856547986297,0.29722884574094155,0.26605373702718954,0.2920226256401264,0.47057638928238205,0.5391496430719892,0.40467637805072365
0.06501716509256283,0.10260788811787688,0.29722867479318366,0.2660537260116022,0.29202258777640405,0.470576113113731,0.5391495471484687,0.40467598236422664
0.06501636468409411,0.10260721075589083,0.2972285038454257,0.2660537149960149,0.29202254991268173,0.4705758369450799,0.5391494512249482,0.4046755866777296
0.06501556427562538,0.10260653339390471,0.29722833289766776,0.26605370398042755,0.2920225120489594,0.4705755607764288,0.5391493553014277,0.4046751909912326
0.06501476386715666,0.10260585603191866,0.29722816194990986,0.2660536929648402,0.2920224741852371,0.47057528460777776,0.5391492593779073,0.4046747953047356
0.06501396345868798,0.10260517866993257,0.2972279910021519,0.2660536819492529,0.29202243632151476,0.4705750084391267,0.5391491634543867,0.4046743996182386
0.0650131630502192,0.10260450130794649,0.29722782005439397,0.26605367093366555,0.29202239845779243,0.4705747322704756,0.5391490675308662,0.4046740039317416
0.06501236264175053,0.10260382394596043,0.29722764910663607,0.2660536599180782,0.2920223605940701,0.4705744561018245,0.5391489716073457,0.40467360824524456
0.0650115622332818,0.10260314658397435,0.2972274781588781,0.2660536489024909,0.2920223227303478,0.47057417993317346,0.5391488756838252,0.40467321255874755
0.06501076182481308,0.10260246922198829,0.29722730721112023,0.26605363788690356,0.29202228486662546,0.47057390376452235,0.5391487797603046,0.40467281687225054
0.8212638172339132,0.5867765803285945,0.25328243914807774,0.16092346844667219,0.4372428522119539,0.7718820918914127,0.2642848142754822,0.22138000520202272
0.8212638160634442,0.5867765812032142,0.25328243677119133,0.16092346828810059,0.43724285185452705,0.7718820901544514,0.26428481335164977,0.22138000566887617
0.8212638199650073,0.5867765782878154,0.25328244469414596,0.16092346881667255,0.4372428530459499,0.7718820959443221,0.2642848164310912,0.221380004112698
0.8212638148929754,0.5867765820778338,0.2532824343943049,0.160923468129529,0.4372428514971002,0.7718820884174904,0.2642848124278174,0.2213800061357296
0.8212638133323502,0.5867765832439933,0.25328243122512306,0.16092346791810022,0.43724285102053106,0.7718820861015421,0.2642848111960408,0.22138000675820088
0.8212638191846947,0.5867765788708952,0.253282443109555,0.16092346871095817,0.43724285280766534,0.771882094786348,0.2642848158152029,0.22138000442393363
0.8212638145028192,0.5867765823693736,0.2532824336020094,0.16092346807667182,0.43724285137795793,0.7718820878385033,0.2642848121198732,0.22138000629134744
0.8212638113815687,0.5867765847016926,0.2532824272636457,0.16092346765381427,0.43724285042481964,0.7718820832066069,0.2642848096563201,0.22138000753628995
0.821263819574851,0.5867765785793553,0.2532824439018505,0.16092346876381536,0.43724285292680765,0.771882095365335,0.264284816123147,0.22138000426831583
0.8212638129421939,0.5867765835355332,0.25328243043282755,0.16092346786524306,0.43724285090138876,0.771882085522555,0.26428481088809663,0.22138000691381868
0.6702080576269508,0.592479258457542,0.05144040229914182,0.0833032889631192,0.46735031305470603,0.48839529248527236,0.3775713313383628,0.3355880732907656
0.6512241262191638,0.580627793820808,0.05493528026941624,0.0858919070339374,0.4571808311281266,0.5044702327028899,0.37886078725229433,0.33387310164695827
0.054687669432173125,0.0950106319785333,0.3001905376132363,0.26377504725436174,0.3310468996834704,0.40616502270223326,0.40773292249459897,0.3363638868753044
0.056549596655485035,0.09753750093350488,0.30122421257895565,0.2650034139860391,0.33051535586294684,0.4065885648363848,0.40775918110212656,0.3385162759438864
0.058877076825610664,0.10069625424871365,0.302516357537719,0.26653896964408713,0.32985091582398,0.4071179533085368,0.40779198862760707,0.3412069526428337
0.05841159501978266,0.10006453700997076,0.3022579387962892,0.2662318779611678,0.3299838017791109,0.4070120677749989,0.4077854239757252,0.3406688553756882
0.057946042072969106,0.09943265264973358,0.30199946880324524,0.26592468903479716,0.3301166979975541,0.4069062214369984,0.4077788750577722,0.3401305677453229
0.05701507846131304,0.09816921817224777,0.30148263132038555,0.2653105056689585,0.33038246990781595,0.40669445036992263,0.4077657457540085,0.33905437321103193
0.05934255863143861,0.10132797148745654,0.3027747762791489,0.2668460613270065,0.3297180298688491,0.40722383884207464,0.407798553279489,0.34174504990997917
0.05654966779647069,0.09753766805499917,0.30122426383056977,0.2650035112294904,0.33051534559963447,0.40658852564084735,0.4077591653681976,0.3385164663071062
0.0560265817677878,0.098759659144485,0.30222560358986045,0.26710120711102653,0.32940624649428324,0.40602492638806265,0.4073519115248072,0.3404139166852082
0.05602578135931907,0.0987589817824989,0.30222543264210255,0.2671011960954392,0.3294062086305609,0.4060246502194116,0.4073518156012867,0.3404135209987112
0.056024980950850345,0.09875830442051284,0.3022252616943446,0.26710118507985187,0.3294061707668386,0.4060243740507605,0.4073517196777662,0.3404131253122142
0.05602418054238162,0.09875762705852675,0.30222509074658666,0.26710117406426453,0.32940613290311627,0.4060240978821094,0.4073516237542457,0.34041272962571717
0.05602338013391289,0.09875694969654067,0.30222491979882876,0.2671011630486772,0.32940609503939394,0.40602382171345835,0.40735152783072515,0.34041233393922016
0.056022579725444166,0.09875627233455461,0.3022247488510708,0.2671011520330899,0.3294060571756716,0.40602354554480724,0.4073514319072047,0.34041193825272315
0.05602137911274113,0.0987552562915755,0.30222449242943394,0.2671011355097089,0.3294060003800881,0.40602313129183065,0.4073512880219239,0.3404113447229776
0.056020578704272406,0.09875457892958944,0.302224321481676,0.26710112449412154,0.3294059625163658,0.4060228551231796,0.4073511920984034,0.3404109490364806
0.05462336202568918,0.09685854007859651,0.3014489867976592,0.2661796715175887,0.32980449728106354,0.4057050780234289,0.40733163134251055,0.33879610922482795
0.05601897788733495,0.09875322420561727,0.30222397958616015,0.2671011024629469,0.32940588678892113,0.4060223027858774,0.4073510002513624,0.3404101576634866
0.05601817747886623,0.09875254684363119,0.3022238086384022,0.2671010914473595,0.3294058489251988,0.4060220266172263,0.4073509043278419,0.3404097619769896
0.0560173770703975,0.09875186948164513,0.3022236376906443,0.2671010804317722,0.3294058110614765,0.40602175044857525,0.40735080840432136,0.34040936629049257
0.05601657666192883,0.09875119211965905,0.30222346674288636,0.26710106941618483,0.32940577319775416,0.4060214742799242,0.4073507124808009,0.34040897060399555
0.05508524199340792,0.09748720918840206,0.3017066362741783,0.266486713630365,0.32967144093918216,0.40580972079803695,0.4073377643385502,0.3393324259027369
0.05601537604922574,0.09875017607667996,0.30222321032124944,0.26710105289280384,0.3294057164021707,0.40602106002694754,0.4073505685955201,0.34040837707425003
0.05601457564075696,0.09874949871469388,0.30222303937349154,0.2671010418772165,0.3294056785384484,0.4060207838582965,0.40735047267199964,0.34040798138775297
0.05601377523228829,0.09874882135270777,0.3022228684257336,0.2671010308616292,0.32940564067472605,0.4060205076896454,0.40735037674847907,0.34040758570125595
0.05601297482381956,0.09874814399072171,0.3022226974779757,0.26710101984604184,0.32940560281100373,0.4060202315209943,0.4073502808249586,0.340407190014759
0.0560125746195852,0.09874780530972868,0.3022226120040967,0.2671010143382482,0.32940558387914254,0.4060200934366688,0.4073502328631983,0.3404069921715105
0.05601177421111647,0.09874712794774262,0.3022224410563388,0.26710100332266085,0.3294055460154202,0.4060198172680177,0.4073501369396778,0.3404065964850135
0.05497976803198473,0.09824979522451646,0.3026937395134146,0.2672039217435474,0.33313762272293,0.399518826982507,0.3941544404805555,0.3339146663899578
0.054957756799094926,0.0982311677698994,0.30268903845007156,0.2672036188148958,0.3331365814705661,0.3995112323446024,0.39415180258374155,0.33390378501129
0.05495615598215747,0.09822981304592726,0.30268869655455566,0.26720359678372113,0.3331365057431214,0.3995106800073003,0.3941516107367006,0.33390299363829595
0.05495455516522002,0.09822845832195512,0.3026883546590398,0.26720357475254647,0.3331364300156768,0.3995101276699981,0.39415141888965954,0.33390220226530193
0.0549337445450333,0.09821084691031717,0.3026839100173337,0.2672032883472758,0.33313544555889635,0.39950294728507013,0.39414892487812636,0.3338919144163796
0.05493214372809585,0.09820949218634503,0.30268356812181785,0.26720326631610114,0.3331353698314517,0.39950239494776796,0.39414873303108533,0.3338911230433856
0.05493054291115845,0.09820813746237289,0.302683226226302,0.2672032442849265,0.33313529410400705,0.3995018426104658,0.39414854118404435,0.33389033167039156
0.05491333412908095,0.09819357417967228,0.30267955084950654,0.26720300744979886,0.33313448003397705,0.39949590498446763,0.3941464788283534,0.3338818244107058
0.054909732290971736,0.09819052605073494,0.3026787815845958,0.26720295787965587,0.3331343096472266,0.3994946622255378,0.39414604717251117,0.3338800438214692
0.054907731269799975,0.09818883264576975,0.302678354215201,0.26720293034068754,0.3331342149879208,0.3994939718039101,0.39414580736370985,0.33387905460522666
0.05490412943169071,0.09818578451683241,0.30267758495029035,0.26720288077054455,0.33313404460117035,0.3994927290449803,0.3941453757078676,0.3338772740159901
0.054902528614753254,0.09818442979286027,0.3026772430547745,0.2672028587393699,0.3331339688737257,0.3994921767076781,0.3941451838608266,0.3338764826429961
0.05490092779781586,0.09818307506888813,0.3026769011592586,0.2672028367081952,0.33313389314628106,0.39949162437037594,0.3941449920137856,0.33387569127000205
0.054898126368175315,0.09818070430193684,0.3026763028421059,0.26720279815363956,0.3331337606232529,0.3994906577800972,0.3941446562814638,0.3338743063672625
0.05489652555123786,0.0981793495779647,0.30267596094659,0.2672027761224649,0.33313368489580825,0.39949010544279506,0.3941444644344228,0.3338735149942685
0.054892523508894286,0.09817596276803434,0.30267510620780036,0.26720272104452825,0.3331334955771966,0.39948872459953966,0.3941439848168202,0.3338715365617834
0.05347219868115183,0.0969739839237452,0.3023717594113566,0.2671831738848074,0.33306630640193163,0.39899866332820383,0.3939737685296808,0.3331693908728345
0.05343417927888766,0.0969418092294067,0.302363639392855,0.2671826506444091,0.3330645078751212,0.39898554531727765,0.39396921216245673,0.3331505957642264
0.05342977703230972,0.09693808373848328,0.3023626991801864,0.2671825900586788,0.3330642996246484,0.39898402638969677,0.3939686845830939,0.33314841948849283
0.05342577498996609,0.09693469692855289,0.30236184444139674,0.2671825349807421,0.3330641103060368,0.39898264554644136,0.3939682049654914,0.33314644105600777
0.07355896034894993,0.10682836813271473,0.29351931548615773,0.2652343112091873,0.26217949146519554,0.522682627606251,0.6447493635182684,0.45675268320410534
0.07355815994048115,0.10682769077072862,0.29351914453839983,0.26523430019359995,0.2621794536014732,0.5226823514375999,0.6447492675947478,0.4567522875176083
0.07355695932777806,0.10682667472774954,0.2935188881167629,0.26523428367021895,0.26217939680588975,0.5226819371846233,0.6447491237094671,0.4567516939878628
0.0735549583066063,0.10682498132278434,0.2935184607473681,0.2652342561312506,0.2621793021465839,0.5226812467629955,0.6447488839006659,0.4567507047716203
0.07355375769390321,0.10682396527980523,0.2935182043257312,0.2652342396078696,0.26217924535100046,0.522680832510019,0.6447487400153851,0.45675011124187476
0.07355255708120012,0.10682294923682611,0.2935179479040943,0.26523422308448863,0.26217918855541694,0.5226804182570424,0.6447485961301043,0.45674951771212924
0.07354855503885654,0.10681956242689575,0.29351709316530467,0.265234168006552,0.2621789992368053,0.522679037413787,0.6447481165125017,0.4567475392796442
0.07354695422191915,0.1068182077029236,0.2935167512697888,0.2652341459753773,0.2621789235093607,0.5226784850764848,0.6447479246654607,0.45674674790665015
0.07354575360921606,0.1068171916599445,0.2935164948481519,0.2652341294519963,0.2621788667137772,0.5226780708235081,0.64474778078018,0.45674615437690463
0.07354215177110679,0.10681414353100713,0.29351572558324124,0.2652340798818533,0.26217869632702673,0.5226768280645784,0.6447473491243377,0.4567443737876681
0.07353975054570067,0.10681211144504893,0.29351521273996745,0.26523404683509133,0.26217858273585976,0.5226759995586251,0.6447470613537762,0.45674318672817704
0.07353895013723188,0.10681143408306285,0.29351504179220955,0.265234035819504,0.26217854487213743,0.522675723389974,0.6447469654302557,0.45674279104168003
0.0735377495245288,0.10681041804008373,0.29351478537057263,0.265234019296123,0.262178488076554,0.5226753091369974,0.644746821544975,0.4567421975119345
0.07353654891182576,0.10680940199710462,0.29351452894893576,0.265234002772742,0.26217843128097046,0.5226748948840207,0.6447466776596942,0.456741603982189
0.07353214666524777,0.10680567650618122,0.29351358873626715,0.2652339421870117,0.26217822303049765,0.5226733759564399,0.6447461500803314,0.4567394277064554
0.07352854482713855,0.10680262837724389,0.29351281947135643,0.2652338926168687,0.2621780526437472,0.52267213319751,0.6447457184244891,0.45673764711721887
0.07352574339749801,0.1068002576102926,0.2935122211542037,0.26523385406231303,0.2621779201207191,0.5226711666072312,0.6447453826921673,0.4567362622144793
0.07352374237632625,0.10679856420532743,0.2935117937848089,0.26523382652334465,0.26217782546141327,0.5226704761856036,0.644745142883366,0.4567352729982368
0.07352254176362316,0.10679754816234832,0.29351153736317204,0.26523380999996365,0.26217776866582976,0.522670061932627,0.6447449989980854,0.4567346794684913
0.07352174135515449,0.10679687080036224,0.2935113664154141,0.2652337989843764,0.2621777308021075,0.5226697857639758,0.6447449030745648,0.4567342837819942
0.8026566377617284,0.1526922824392184,0.3657360469992024,0.0061625839355622936,0.3679777787604541,0.04391357704162424,0.4572223173978492,0.3827611031852668
0.8501371445880176,0.21713071366941894,0.39209572299483547,0.037487852878111405,0.3544232351768764,0.054713105046369614,0.4578915482282717,0.437650729747924
0.6688113448490356,0.5912972617918422,0.05114209846155687,0.08328406676322464,0.4672842408592496,0.48791337818914327,0.37740394479507827,0.33489760035347854
0.8691206757915702,0.22898183962515994,0.3886007595506821,0.03489922929949957,0.3645926981715947,0.03863802674442651,0.4566020443525799,0.43936550354848286
0.8311516123632932,0.2052778943087127,0.39559025906959405,0.04007644891775497,0.3442536775228523,0.07078749292668496,0.4591808122951622,0.4359349667311227
0.5653450578567848,0.1638113562491187,0.5217678033440242,0.16087541948412382,0.45667097576554366,0.11772678799140596,0.5509171232186754,0.5280089964961172
0.8691186747703984,0.22898014622019475,0.38860033218128726,0.034899201760531184,0.3645926035122889,0.03863733632279881,0.45660180454377863,0.43936451433224033
0.8311504117505899,0.2052768782657336,0.39559000264795713,0.04007643239437403,0.34425362072726884,0.07078707867370831,0.4591806684098815,0.4359343732013772
0.8311488109336527,0.20527552354176143,0.3955896607524413,0.040076410363199366,0.3442535449998242,0.0707865263364062,0.45918047656284044,0.43593358182838315
0.6032744194545299,0.5162699115388681,0.028794086013178455,0.055163380789383126,0.4704031084207181,0.4933981597419744,0.3780364246965783,0.27937043946349854
0.6009445204908934,0.513105476092854,0.02750019849953539,0.05362451885399094,0.4710678974123037,0.4928701039180936,0.3780041521246815,0.27667329041507904
0.7257583366215845,0.6268475915301279,0.04065643886418602,0.07551814645724597,0.49779245945665396,0.4396869005243842,0.3735350015121606,0.34004014116591846
0.780871722725196,0.13703992358382477,0.3676774220800984,0.0069051712789576225,0.35860570673453496,0.059352642721265614,0.4584722646233585,0.37780811542041537
0.7447414676209028,0.6386983788048759,0.037161389946153645,0.07292951737084039,0.5079619035195111,0.4236116841381156,0.3722454496747086,0.3417547171232288
0.6949307594094078,0.571096004617135,0.009508014250418306,0.040066056181470855,0.5221811263877658,0.41228354977207665,0.3715437402113662,0.28416887836819343
0.8197702022315503,0.1620072767497309,0.36120486222014164,0.002343268901194462,0.37867871872210074,0.027413648753680908,0.4559061494068312,0.3823159440712128
0.8017177590639978,0.1514210804889152,0.3652171584703803,0.005547328994924605,0.3682433125303382,0.04369971241206272,0.4572084821216902,0.38167944384030494
0.850129940911799,0.21712461741154426,0.3920941844650141,0.03748775373782537,0.3544228944033755,0.05471061952850992,0.4578906849165872,0.4376471685694509
0.8197697575280096,0.16200743499521617,0.3612049475304543,0.0023437441028635875,0.3786786295418168,0.027413176607342993,0.45590597481366607,0.3823165002008146
0.8691134721153517,0.22897574336728527,0.3885992210208607,0.03489913015921353,0.36459235739809376,0.038635541226566816,0.45660118104089537,0.43936194237000975
0.0644708863126619,0.10214558856238107,0.29711200294839757,0.26604620787324806,0.2919967457859175,0.47038762800937106,0.5390840793457228,0.40440592633001554
0.06447008590419318,0.10214491120039501,0.2971118320006396,0.26604619685766073,0.2919967079221952,0.47038735184071995,0.5390839834222022,0.40440553064351853
0.06446888529149009,0.10214389515741587,0.2971115755790027,0.26604618033427974,0.2919966511266117,0.47038693758774336,0.5390838395369215,0.404404937113773
0.064467684678787,0.10214287911443676,0.2971113191573658,0.26604616381089874,0.2919965943310282,0.4703865233347667,0.5390836956516407,0.4044043435840275
0.06446688427031827,0.10214220175245067,0.29711114820960793,0.2660461527953114,0.2919965564673059,0.47038624716611566,0.5390835997281203,0.4044039478975305
0.06446568365761518,0.10214118570947159,0.297110891787971,0.2660461362719304,0.2919964996717224,0.47038583291313907,0.5390834558428395,0.40440335436778496
0.06446488324914645,0.1021405083474855,0.29711072084021306,0.2660461252563431,0.2919964618080001,0.47038555674448795,0.539083359919319,0.40440295868128795
0.06446408284067778,0.10213983098549945,0.29711054989245517,0.26604611424075575,0.2919964239442777,0.4703852805758369,0.5390832639957984,0.40440256299479094
0.0644628822279747,0.10213881494252033,0.2971102934708183,0.26604609771737475,0.29199636714869426,0.47038486632286025,0.5390831201105177,0.4044019694650454
0.0644616816152716,0.1021377988995412,0.2971100370491814,0.2660460811939937,0.29199631035311074,0.47038445206988366,0.5390829762252369,0.4044013759352999
0.06446088120680288,0.10213712153755514,0.2971098661014234,0.2660460701784064,0.2919962724893884,0.4703841759012326,0.5390828803017165,0.4044009802488029
0.06446008079833415,0.10213644417556905,0.29710969515366553,0.26604605916281904,0.29199623462566615,0.4703838997325815,0.5390827843781959,0.4044005845623059
0.06445928038986548,0.10213576681358297,0.2971095242059076,0.2660460481472317,0.29199619676194377,0.47038362356393043,0.5390826884546754,0.40440018887580886
0.0644584799813967,0.10213508945159691,0.29710935325814963,0.2660460371316444,0.2919961588982215,0.4703833473952793,0.5390825925311549,0.40439979318931185
0.06445767957292803,0.10213441208961083,0.29710918231039174,0.26604602611605704,0.2919961210344991,0.47038307122662826,0.5390824966076344,0.40439939750281484
0.0644568791644593,0.10213373472762477,0.2971090113626338,0.2660460151004697,0.2919960831707768,0.4703827950579772,0.5390824006841138,0.4043990018163178
0.06445607875599058,0.10213305736563869,0.29710884041487584,0.2660460040848824,0.2919960453070545,0.47038251888932614,0.5390823047605934,0.4043986061298208
0.06445487814328749,0.10213204132265957,0.297108583993239,0.2660459875615014,0.291995988511471,0.4703821046363495,0.5390821608753126,0.4043980126000753
0.06445407773481876,0.10213136396067349,0.2971084130454811,0.26604597654591405,0.2919959506477487,0.47038182846769844,0.5390820649517921,0.40439761691357823
0.06445327732635009,0.10213068659868743,0.29710824209772313,0.2660459655303267,0.29199591278402637,0.4703815522990473,0.5390819690282715,0.40439722122708127
0.7936752003475127,0.18199086529469433,0.4026849769335109,0.04526044863001333,0.32393796199520075,0.10310694091368122,0.4618186211646165,0.43274797495267375
0.5292826020694349,0.3078775086538366,0.23436977193991324,0.7780072636200365,0.5142937498615543,0.17161928269688753,0.6032236200303783,0.5560802451829652
0.7723921487908101,0.3654482376111508,0.03209254104084952,0.4992421552023274,0.19952220229952783,0.1584033008341439,0.3715950162986741,0.37249020703318814
0.49131473925386077,0.28417457938036855,0.2413595278804621,0.783184499761673,0.49395478600839543,0.20376916313212257,0.6058025318582414,0.5526503018953505
0.8658038350383477,0.3243370810387157,0.2441795941478314,0.5841905288013522,0.13987385392331675,0.48792169632309257,0.2615417881543829,0.2533435069226101
0.8659531670706518,0.3242909377995498,0.2442573038353863,0.5842580465230096,0.1396800759879494,0.4883727287923272,0.2616623561739235,0.2532912013633827
0.8659344041598058,0.3243096894206271,0.24422428694258286,0.5842729986719961,0.13969052014897737,0.4883360134731231,0.26166211471231293,0.25330504476462135
0.8646249855511989,0.3245359688317876,0.24383647155380395,0.5832415431483311,0.1414776549358386,0.48408105169362603,0.2605896918905748,0.2538549813054758
0.5292822018652005,0.3078771699728436,0.2343696864660343,0.7780072581122429,0.5142937309296931,0.17161914461256195,0.6032235720686181,0.5560800473397166
0.7723917485865759,0.3654478989301578,0.032092455566970546,0.49924214969453373,0.1995221833676667,0.15840316274981836,0.37159496833691386,0.37249000918993963
0.4917462865963938,0.2847709166684078,0.24147693857614302,0.7833104035428097,0.49401342775310514,0.20345336357360486,0.6059810238321475,0.552901987923095
0.8658034282014564,0.32433674731390055,0.24417949520492954,0.5841905223949864,0.13987383296603678,0.4879215483959871,0.26154173495757227,0.25334331172486446
0.8659433906293663,0.3243073822164728,0.2442274131478499,0.5842789208310845,0.1396773187343988,0.4883656617784166,0.2616707196546537,0.25330208456053555
0.7534074169745543,0.3535960956124307,0.03558724806336605,0.5018307622575583,0.18935268250922607,0.17447796488311035,0.3728843762890851,0.37077483970288383
0.7344234855667673,0.34174463097569663,0.039082126033640474,0.5044193803283765,0.17918320058264667,0.1905529051007279,0.37417383220301664,0.3690598680590765
0.5482657330687531,0.31972829592858465,0.23087472302188086,0.775418634533631,0.5244631939244114,0.15554406631061884,0.6019340681929263,0.5577948211402755
0.5102978702531791,0.29602536665511653,0.23786447896242977,0.7805958706752674,0.5041242300712525,0.18769394674585396,0.6045129800207893,0.5543648778526609
0.865803027997222,0.3243364086329075,0.2441794097310506,0.5841905168871926,0.1398738140341756,0.48792141031166153,0.261541686995812,0.253343113881616
0.8659344570498497,0.3243088331284936,0.24422440789362954,0.5842735265304111,0.13968928386690416,0.4883384451054386,0.2616628053884431,0.25330439796855897
0.5292814014567317,0.30787649261085753,0.23436951551827634,0.7780072470966555,0.5142936930659708,0.1716188684439109,0.6032234761450975,0.5560796516532196
0.0614983331816239,0.10263819324664925,0.30201081675508873,0.2669422691323199,0.32210329787706066,0.4202026949910437,0.4341516988316099,0.35508241213635083
0.7478047899523624,0.640538730690942,0.03643222130777557,0.07273743348985146,0.5005450229618138,0.4369584612700064,0.3987566031083061,0.3552325919048604
0.7098369271367884,0.616835801417474,0.04342197724832447,0.07791466963148791,0.4802060591086549,0.46910834170524146,0.40133551493616915,0.35180264861724575
0.937109212697061,0.14249624143906794,0.6392187343215012,0.13683793644183484,0.23048234867843706,0.5468739638108695,0.5436475507096159,0.38224431710373374
0.933149930212499,0.14708025238836098,0.6311625831875995,0.13956969062814678,0.23179511957487514,0.538122470568784,0.5497245689549778,0.39104017720511774
0.9329257965058261,0.14713126913541,0.6310786959497954,0.13943638036583358,0.23210575593651722,0.5374185922550967,0.5495192801359989,0.3911050137612926
0.9328860847818511,0.14714293410196194,0.631059117302396,0.1394181425323906,0.23215808229268897,0.5372986987481199,0.5494837735094835,0.39111576825964683
0.9365701193922862,0.14264470211503477,0.6389707173001085,0.1365700780898794,0.23120290461143955,0.5452282343868428,0.543162278898674,0.3823930734502102
0.9328452795317657,0.14715198512711297,0.631044270533186,0.1393933867136403,0.23221488072611168,0.5371701174853075,0.5494463209494833,0.3911276384101356
0.9328409255117034,0.1471529599413779,0.6310426700984887,0.13939076375104845,0.2322209319142325,0.5371564141533016,0.5494423276541776,0.39112890245807697
0.9328375123176531,0.1471536756619675,0.6310415025032703,0.13938860825503946,0.23222572558763602,0.5371455829494355,0.549439181255575,0.3911299068963386
0.6842164788029054,0.5983177937367197,0.04336490239912938,0.08162213747175931,0.40751864801111787,0.5915472815128752,0.5884024259121747,0.43822124744900043
0.8465299326334608,0.21227573462705676,0.387807336257276,0.03841415060411402,0.2844868162400227,0.17441214460060578,0.6701760799743216,0.5392453583289947
0.07330645730997698,0.10712782202676352,0.29468950229780033,0.26516303448446443,0.26988421579119093,0.5103615835406101,0.6186256253342091,0.4443554232502321
0.06797955399607103,0.1028587288434234,0.2937111098474881,0.2653917675913977,0.26947734741176543,0.5084677143197002,0.6179366744979575,0.4420309679191145
0.0679595437843531,0.10284179479377153,0.2937068361535399,0.26539149220171443,0.26947640081870733,0.5084608101034231,0.6179342764099448,0.44202107575668914
0.06795714255894691,0.10283976270781334,0.29370632331026614,0.26539145915495244,0.26947628722754036,0.50845998159747,0.6179339886393833,0.4420198886971981
0.06798115299419583,0.1028600701815324,0.29371144815010625,0.2653917751414071,0.26947742274203806,0.5084682785955832,0.61793688035532,0.4420317483284849
0.8339671142441889,0.2028500794230563,0.38713992883589343,0.040154168073880836,0.2443739180699357,0.2418618904697152,0.7768112028904699,0.5885587161512309
0.7008691066881005,0.5729805428083259,0.002839364596589178,0.042296076355841095,0.4213641135174307,0.584049388598653,0.6892027011443793,0.4404996041224178
0.18257967875991554,0.739047446243468,0.8396330125244391,0.4225751815539413,0.13202706104395134,0.4940229568212418,0.06586035525160328,0.761093755272575
0.18257927855568123,0.7390471075624749,0.8396329270505603,0.42257517604614764,0.13202704211209015,0.49402281873691634,0.06586030728984305,0.7610935574293265
0.23847019570958514,0.8626469128376824,0.6079903522285238,0.2774149237799715,0.40176775348157473,0.8526127807330655,0.09821571588458666,0.6918270488834455
0.23846979550535075,0.8626465741566893,0.6079902667546448,0.27741491827217785,0.4017677345497136,0.8526126426487399,0.09821566792282638,0.691826851040197
0.23846779448417899,0.8626448807517241,0.60798983938525,0.2774148907332095,0.40176763989040776,0.8526119522271123,0.09821542811402512,0.6918258618239544
0.2384673942799446,0.862644542070731,0.607989753911371,0.27741488522541585,0.40176762095854657,0.8526118141427868,0.09821538015226483,0.691825663980706
0.18257247508369712,0.7390413499855932,0.8396314739946178,0.42257508241365527,0.1320267202704504,0.49402047130338217,0.06585949193991875,0.7610901940941018
0.18257207487946275,0.7390410113046002,0.8396313885207388,0.4225750769058616,0.13202670133858926,0.49402033321905653,0.06585944397815846,0.7610899962508534
0.0714892314049011,0.767970733687299,0.6316048049031178,0.34105129863380823,0.17980812120792786,0.18467622316004784,0.17824921278402234,0.8779943022359371
0.07148883120066674,0.7679703950063059,0.6316047194292388,0.34105129312601457,0.17980810227606672,0.1846760850757223,0.17824916482226205,0.8779941043926885
0.1273798014158269,0.8915701606320903,0.39996225235938576,0.19589104804841712,0.449548829848902,0.5432661258141115,0.21060461529740865,0.8087275746827847
0.12737940121159252,0.8915698219510972,0.39996216688550684,0.19589104254062345,0.4495488109170408,0.543265987729786,0.21060456733564847,0.8087273768395362
0.0714844289540888,0.7679666695153825,0.6316037792165701,0.34105123254028424,0.1798078940255939,0.1846745661481414,0.17824863724289924,0.877991928116955
0.12737499896501453,0.8915660964601739,0.39996122667283823,0.19589098195489313,0.44954860266656804,0.543264468802205,0.21060403975628572,0.8087252005638026
0.12737459876078017,0.8915657577791809,0.39996114119895926,0.19589097644709946,0.44954858373470685,0.5432643307178795,0.21060399179452544,0.8087250027205541
0.18255766752702585,0.739028818788851,0.8396283114610963,0.42257487862528964,0.13202601979158743,0.4940153621833372,0.06585771735478935,0.7610828738939072
0.1825532652804478,0.7390250932979275,0.8396273712484276,0.4225748180395593,0.1320258115411146,0.49401384325575626,0.0658571897754266,0.7610806976181735
0.07147442384822977,0.7679582024905566,0.631601642369596,0.3410510948454426,0.17980742072906486,0.18467111404000291,0.17824743819889294,0.8779869820357423
0.07147242282705796,0.7679565090855913,0.6316012150002013,0.3410510673064743,0.17980732606975905,0.1846704236183752,0.17824719839009168,0.8779859928194997
0.0714720226228236,0.7679561704045983,0.6316011295263222,0.3410510617986806,0.1798073071378979,0.18467028553404966,0.1782471504283314,0.8779857949762513
0.8307826240592134,0.2049656304331324,0.3955114521531891,0.04007137073199485,0.3442362223468607,0.0706601791785385,0.4591365915522086,0.4357525552559998
0.7842330363452741,0.14179113060689602,0.3696687844246073,0.009360765864747211,0.3575249237717539,0.06007208817885651,0.4584803633941449,0.38193987720048395
0.7842340323190726,0.14179347030781592,0.3696695019472049,0.009362127273065401,0.3575247800853814,0.06007153944133303,0.45848014311913987,0.38194254228556074
0.7443760811549325,0.6383891630582328,0.037083352294659366,0.07292448875522328,0.5079446187302699,0.42348561314889904,0.3722016605875972,0.34157408623734253
0.7842322804361115,0.1417899563184316,0.3696684426926578,0.009360274139697033,0.3575249561564543,0.06007214607221789,0.45848039410202934,0.38193872754113656
0.8221996007654802,0.16549221266791814,0.36267849877500175,0.004182838003364331,0.37786392160437665,0.02792220594373207,0.45590146578026386,0.3853680922590632
0.7462646131858673,0.11808868938389727,0.3766587452080463,0.014538860674064347,0.33718581075320064,0.09222120160127839,0.46105898973136683,0.3785110536521017
0.7457964280225862,0.11745062152837188,0.3763983789052803,0.014228073739995684,0.33731908671419963,0.09211680549816131,0.46105302296878437,0.37796572258260486
0.7253909491344424,0.6265366823785197,0.04057797384329692,0.07551309030266051,0.497775080008107,0.4395601391135399,0.373490972616248,0.33985852106378966
0.5184258503539474,0.10032491347627709,0.4958464822903134,0.13016049785534548,0.4699420831123632,0.10701065542630167,0.5502164045609458,0.47401483634149116
0.05803878201646889,0.10046188312950352,0.30265514421748657,0.2671283223446653,0.3295015164039424,0.4067195876344197,0.40759320562069534,0.3414077282026279
0.6978254172526339,0.5752151424064569,0.011240923467666142,0.042215120513874216,0.5212330920727971,0.4128963221856032,0.37154498807965614,0.2877628936874411
0.7443736799295262,0.6383871309722746,0.03708283945138552,0.07292445570846129,0.5079445051391029,0.4234847846429458,0.3722013728170357,0.3415728991778515
0.7842187534171813,0.14178043330858622,0.3696662026881901,0.009361820733454818,0.35752407093796956,0.06006633143249995,0.4584783363061792,0.3819348338788977
0.7264167555905573,0.10507653453282959,0.3796560796799545,0.01653801837583141,0.327292944669486,0.10801468880043069,0.46236875363203356,0.3757603870458341
0.7738964087250191,0.16951296030509877,0.40601514065621824,0.047862120396965,0.31373852424565607,0.11881468715162474,0.4630381732696033,0.4306477292498541
0.7648427097544633,0.12940524747065568,0.37292327223197747,0.011668060999388608,0.34749863207221493,0.07596795270993606,0.4597954479808207,0.37972523966853194
0.7648425674724921,0.12940491322766715,0.3729231697287493,0.01166786651248597,0.34749865259883955,0.07596803110101086,0.4597954794486786,0.3797248589420924
0.7643768722437074,0.1287726946244414,0.3726645972324771,0.011360483099212726,0.34763156934390743,0.07586226315408517,0.45978896199858355,0.37918619058528763
0.7063802040429532,0.6146625261152521,0.04406712506368077,0.07810133935130315,0.48760432964682965,0.4556258276813464,0.3747772150922425,0.3381302939223324
0.05379232348825058,0.09837296671063253,0.30451525981342203,0.26753894367420056,0.3444241388913425,0.38067438027446765,0.35479608073783714,0.3153823905569175
0.05378592022050083,0.09836754781474391,0.3045138922313586,0.2675388555495019,0.34442383598156384,0.38067217092525907,0.35479531334967307,0.3153792250649414
0.05377951695275107,0.09836212891885529,0.3045125246492952,0.26753876742480326,0.34442353307178525,0.38066996157605043,0.354794545961509,0.31537605957296533
0.05377471450193877,0.09835806474693887,0.3045114989627476,0.26753870133127927,0.3444233058894513,0.38066830456414397,0.35479397042038596,0.31537368545398325
0.05376751082572029,0.09835196848906422,0.3045099604329263,0.2675386021909933,0.3444229651159504,0.38066581904628427,0.35479310710870143,0.31537012427551014
0.05376230817067357,0.09834756563615474,0.3045088492724997,0.26753853058967564,0.3444227190017553,0.3806640239500523,0.3547924836058181,0.31536755231327956
0.05375070224787715,0.09833774388735664,0.30450637053000973,0.2675383708636593,0.3444221699777816,0.38066001950461165,0.3547910927147708,0.3153618148590729
0.053650651189287246,0.09825307363909733,0.30448500206026874,0.26753699391524277,0.344417437012491,0.38062549842322707,0.35477910227470744,0.3153123540469463
0.053600625659992296,0.09821073851496767,0.3044743178253982,0.2675363054410345,0.3444150705298457,0.38060823788253473,0.35477310705467574,0.31528762364088303
0.05343614171967048,0.0980715406268294,0.30443918806114395,0.2675340417378378,0.344407289534908,0.3805514852247385,0.3547533947712116,0.3152063100657469
0.05338811721154729,0.09803089890766492,0.3044289311956682,0.26753338080259786,0.3444050177115685,0.38053491510567383,0.35474763935998116,0.31518256887592616
0.05299631726610915,0.09769933021548144,0.30434525226816234,0.26752798867259875,0.34438648341949063,0.38039973055097176,0.35470068479669303,0.31498888033563843
0.05293268479284602,0.09764547993758857,0.30433166192140704,0.26752711293340586,0.34438347325356583,0.38037777514321114,0.3546930588768128,0.31495742325912596
0.05279101249388268,0.09752558686605337,0.3043014041682537,0.2675251631744481,0.3443767713747144,0.38032889329197056,0.35467608041368304,0.31488738674915473
0.05277140248639911,0.09750899149739453,0.3042972159481845,0.26752489329255846,0.3443758437135174,0.3803221271600192,0.3546737302874306,0.3148776924299779
0.05270056633691744,0.09744904496162698,0.3042820870716078,0.26752391841307954,0.3443724927740917,0.38029768623439886,0.3546652410558658,0.3148426741749923
0.0526837577590743,0.09743482035991938,0.3042784971686913,0.2675236870857456,0.34437169763592285,0.38029188669272623,0.3546632266619351,0.31483436475855503
0.05261532283499881,0.09737690591011003,0.30426388113538844,0.26752274525302866,0.3443684602876641,0.3802682742730592,0.3546550252009318,0.3148005335630604
0.05259371180634337,0.09735861713648603,0.30425926554592436,0.2675224478321707,0.34436743796716135,0.3802608177194801,0.3546524352658781,0.3147898500276411
0.052528078311908366,0.0973030734536279,0.30424524782977425,0.26752154455400945,0.3443643331419307,0.3802381718900918,0.3546445695371965,0.31475740373488603
0.05683647459684993,0.09906902391657549,0.30170686712995953,0.2669952318646553,0.32566366260382834,0.41244927987289953,0.4205209892069889,0.3467960437773428
0.056834873779912476,0.09906766919260335,0.3017065252344437,0.26699520983348063,0.3256635868763837,0.41244872753559736,0.42052079735994785,0.3467952524043488
0.05683327296297508,0.09906631446863118,0.30170618333892785,0.26699518780230597,0.32566351114893904,0.4124481751982952,0.4205206055129068,0.34679446103135475
0.056831672146037626,0.09906495974465904,0.301705841443412,0.2669951657711313,0.3256634354214944,0.41244762286099307,0.42052041366586584,0.3467936696583607
0.056828870716397084,0.09906258897770778,0.30170524312625924,0.26699512721657565,0.3256633028984663,0.4124466562707143,0.42052007793354407,0.3467922847556212
0.05682726989945969,0.09906123425373561,0.3017049012307434,0.266995105185401,0.32566322717102164,0.41244610393341213,0.42051988608650304,0.34679149338262716
0.056825669082522234,0.09905987952976347,0.30170455933522755,0.2669950831542263,0.325663151443577,0.41244555159610996,0.420519694239462,0.34679070200963313
0.05682406826558478,0.09905852480579133,0.30170421743971165,0.26699506112305166,0.32566307571613234,0.41244499925880784,0.42051950239242103,0.3467899106366391
0.056822467448647385,0.09905717008181916,0.3017038755441958,0.266995039091877,0.3256629999886877,0.41244444692150567,0.42051931054538,0.3467891192636451
0.05682046642747557,0.09905547667685399,0.301703448174801,0.2669950115529086,0.32566290532938186,0.41244375649987797,0.42051907073657874,0.34678813004740255
0.056818865610538116,0.09905412195288182,0.30170310627928515,0.26699498952173395,0.3256628296019372,0.41244320416257585,0.42051887888953776,0.34678733867440853
0.056817264793600664,0.09905276722890968,0.3017027643837693,0.2669949674905593,0.32566275387449256,0.4124426518252737,0.42051868704249673,0.3467865473014145
0.05681566397666321,0.09905141250493754,0.3017024224882534,0.2669949454593846,0.3256626781470479,0.4124420994879715,0.4205184951954557,0.3467857559284205
0.056814063159725814,0.0990500577809654,0.30170208059273756,0.26699492342820996,0.32566260241960326,0.4124415471506694,0.42051830334841467,0.34678496455542646
0.05681246234278836,0.09904870305699326,0.3017017386972217,0.2669949013970353,0.3256625266921586,0.4124409948133672,0.4205181115013737,0.34678417318243243
0.05681086152585091,0.09904734833302112,0.3017013968017058,0.26699487936586064,0.32566245096471397,0.41244044247606504,0.42051791965433266,0.3467833818094384
0.05680926070891351,0.09904599360904892,0.30170105490619,0.266994857334686,0.3256623752372693,0.4124398901387629,0.4205177278072917,0.3467825904364444
0.05680765989197606,0.09904463888507678,0.30170071301067414,0.2669948353035113,0.32566229950982467,0.41243933780146075,0.42051753596025065,0.34678179906345036
0.05680485846233557,0.09904226811812555,0.3017001146935214,0.26699479674895565,0.3256621669867965,0.412438371211182,0.4205172002279289,0.3467804141607108
0.05680325764539812,0.09904091339415338,0.3016997727980055,0.266994774717781,0.32566209125935186,0.4124378188738798,0.42051700838088785,0.3467796227877168
0.06482426665160146,0.10244464387923294,0.2971874763835229,0.26605107125505517,0.2920134626193238,0.4705095564688215,0.5391264295800265,0.4045806219184466
0.06482346624313273,0.10244396651724685,0.297187305435765,0.26605106023946784,0.2920134247556015,0.47050928030017036,0.5391263336565061,0.4045802262319496
0.06482266583466406,0.1024432891552608,0.29718713448800704,0.2660510492238805,0.29201338689187917,0.4705090041315193,0.5391262377329855,0.4045798305454526
0.06482146522196097,0.10244227311228168,0.2971868780663701,0.2660510327004995,0.2920133300962957,0.4705085898785427,0.5391260938477047,0.4045792370157071
0.06482066481349219,0.1024415957502956,0.2971867071186122,0.2660510216849122,0.2920132922325734,0.4705083137098916,0.5391259979241843,0.40457884132921007
0.06481986440502352,0.10244091838830952,0.29718653617085433,0.26605101066932485,0.29201325436885106,0.47050803754124054,0.5391259020006638,0.40457844564271306
0.06481866379232043,0.1024399023453304,0.2971862797492174,0.26605099414594385,0.29201319757326755,0.4705076232882639,0.539125758115383,0.40457785211296754
0.0648178633838517,0.10243922498334432,0.29718610880145946,0.2660509831303565,0.2920131597095452,0.47050734711961284,0.5391256621918625,0.4045774564264705
0.06481706297538298,0.10243854762135826,0.29718593785370157,0.2660509721147692,0.2920131218458229,0.4705070709509618,0.539125566268342,0.4045770607399735
0.06481626256691425,0.10243787025937218,0.2971857669059436,0.26605096109918186,0.2920130839821006,0.4705067947823107,0.5391254703448215,0.4045766650534765
0.06481546215844558,0.10243719289738612,0.2971855959581857,0.26605095008359453,0.29201304611837825,0.4705065186136596,0.5391253744213009,0.4045762693669795
0.06481146011610195,0.10243380608745575,0.29718474121939603,0.2660508950056579,0.29201285679976663,0.4705051377704042,0.5391248948036984,0.40457429093449443
0.06481025950339886,0.10243279004447661,0.29718448479775916,0.2660508784822769,0.29201280000418317,0.4705047235174276,0.5391247509184177,0.4045736974047489
0.06480905889069577,0.10243177400149753,0.29718422837612224,0.2660508619588959,0.29201274320859966,0.470504309264451,0.5391246070331369,0.4045731038750034
0.0648082584822271,0.10243109663951147,0.29718405742836435,0.26605085094330855,0.29201270534487733,0.4705040330957999,0.5391245111096165,0.4045727081885063
0.06480745807375832,0.10243041927752539,0.2971838864806064,0.2660508399277212,0.292012667481155,0.47050375692714885,0.5391244151860959,0.40457231250200937
0.06480665766528965,0.10242974191553927,0.2971837155328485,0.2660508289121339,0.2920126296174327,0.4705034807584978,0.5391243192625754,0.40457191681551236
0.06480585725682092,0.10242906455355322,0.29718354458509055,0.26605081789654655,0.29201259175371036,0.4705032045898467,0.5391242233390549,0.4045715211290153
0.0648050568483522,0.10242838719156713,0.2971833736373326,0.2660508068809592,0.29201255388998804,0.4705029284211956,0.5391241274155344,0.40457112544251833
0.06480425643988347,0.10242770982958108,0.2971832026895747,0.2660507958653719,0.2920125160262657,0.47050265225254456,0.5391240314920138,0.40457072975602126
0.0499490883656688,0.08800822153542376,0.29673756716292377,0.26028468944719213,0.3287458744564345,0.4112772191518398,0.42077859655401356,0.33661449778008645
0.04559606030689611,0.08535288943675104,0.29825669943086003,0.26009189551292666,0.34397334899982585,0.385305067692971,0.36806728595884747,0.30991957835593803
0.04901819589499845,0.08674495417943229,0.2962207809316782,0.25967060332480474,0.329011636103384,0.41106540888922666,0.42076545151632083,0.3355384936090152
0.04855264294818484,0.08611306981919509,0.29596231093863423,0.25936341439843413,0.3291445323218272,0.4109595625512262,0.4207589025983679,0.33500020597864993
0.04808716114235678,0.0854813525804522,0.2957038921972044,0.25905632271551476,0.3292774182769581,0.41085367701768827,0.420752337946486,0.33446210871150445
0.0494836065598408,0.0873765042966809,0.2964791484214939,0.2599775977642728,0.32887876041156544,0.41117133361830194,0.42077203190213164,0.3360764005129409
0.052276497394808774,0.09116680772913824,0.29802966087007304,0.26182014786178887,0.32808144468078004,0.4118066468195292,0.420811419813423,0.33930498411581395
0.046690644583887275,0.08358603374272924,0.29492858472130073,0.2581349504233054,0.32967608640566315,0.410536059612612,0.42073265972476925,0.3328476265468482
0.02527862379777074,0.054527375003544626,0.28304142511875585,0.24400892749591802,0.33578881981505987,0.4056652466787947,0.4204306542703442,0.3080955329845947
0.05041457017149681,0.08863993877416668,0.2969959859043536,0.2605917811301115,0.3286129885013036,0.4113831046853777,0.42078516120589543,0.33715259504723194
0.04669071572487288,0.0835862008642235,0.29492863597291485,0.2581350476667567,0.32967607614235084,0.4105360204170746,0.4207326439908403,0.33284781691006793
0.05413842461812074,0.09369367668410986,0.2990633358357924,0.2630485145934663,0.3275499008602564,0.41223018895368074,0.4208376784209506,0.34145737318439595
0.060189545811913436,0.10190566654477892,0.30242267697115227,0.26704051198451517,0.32582240397017936,0.41360677928074796,0.4209230503632731,0.34845225693084786
0.05320746100646473,0.09243024220662405,0.29854649835293273,0.2624343312276276,0.3278156727705182,0.412018417886605,0.4208245491171868,0.3403811786501049
0.05274190805965112,0.09179835784638687,0.29828802835988877,0.26212714230125694,0.32794856898896146,0.41191257154860444,0.4208180001992339,0.33984289101973963
0.051345533783152764,0.08990337325165246,0.29751282338721335,0.2612059644959502,0.3283472165910418,0.41159487575245346,0.4207982905096592,0.3382287895815229
0.055534870035604755,0.09558882840033853,0.299838592060082,0.26396978964222434,0.3271512429948637,0.41254784555429436,0.42085737237659626,0.3430716649858324
0.04529427030738886,0.08169104914799483,0.29415337974862527,0.25721377261799866,0.3300747340077435,0.410218363816461,0.4207129500351946,0.3312335251086314
0.053509251005972036,0.09609208249538026,0.30264981803516744,0.26531245412255555,0.34171428776260054,0.387105121763115,0.3681788850408397,0.3190672318974115
0.05320731872449358,0.09242990796363551,0.2985463958497045,0.26243413674072497,0.3278156932971429,0.4120184962776797,0.4208245805850447,0.3403807979236654
0.7789319201022958,0.17318975664730793,0.46085048314097066,0.1780613025221195,0.4522434322188953,0.09372632261999381,0.438145756051054,0.3179510121643717
0.6736282355038157,0.5948814985104738,0.10594084596050629,0.21352822598174598,0.6057940977429004,0.46256370259745894,0.3525360369492677,0.22210814611935417
0.6545579145866751,0.5829106986799333,0.10941222469686873,0.21609166219477807,0.5956128836810068,0.4787017751099149,0.35378978487606594,0.22034279770134824
0.673714625013169,0.5950008337042803,0.10596434519441822,0.21355340783953203,0.6058058298782146,0.4625005703026205,0.352571744936401,0.22215852289355278
0.7115960983193896,0.6185844277839418,0.09895109001995744,0.2083509898401095,0.6261330615960592,0.43041382216222385,0.34995712512140464,0.22553808940696884
0.4685729411073678,0.5611330340204341,0.30125182015293306,0.48714128011560465,0.9409163412933998,0.44356667173012904,0.5816214368402421,0.4091785043309444
0.689190102464486,0.605341065526021,0.10448193774102782,0.2113609973425009,0.6309252823026094,0.4207283819880484,0.2985483997439339,0.1982043928733041
0.7116824878287431,0.6187037629777483,0.09897458925386937,0.20837617169789557,0.6261447937313734,0.43035068986738545,0.3499928331085379,0.22558846618116743
0.7117688773380966,0.6188230981715548,0.09899808848778135,0.20840135355568162,0.6261565258666877,0.430287557572547,0.35002854109567116,0.22563884295536601
0.6243780793701413,0.03056021071337023,0.8519739523227675,0.5084024084971114,0.7462931789436429,0.3988546130808816,0.5510252001893421,0.3223470672063285
0.6197230478889045,0.024242536961458505,0.8493896111536267,0.505331199937564,0.7476220692848888,0.397795875332115,0.55095960087231,0.31696552344521417
0.6211194933063886,0.026137688677687176,0.8501648673779163,0.5062524749863221,0.7472234114194962,0.39811353193272864,0.5509792948279556,0.3185798152466507
0.6239125264233277,0.02992832635313314,0.8517154823297236,0.5080952195707408,0.7464260751620861,0.3987487667428812,0.551018651271389,0.3218087795759632
0.6243778659471846,0.030559709348887465,0.8519737985679252,0.5084021167667575,0.7462932097335798,0.3988547306674938,0.5510252473911288,0.3223464961166692
0.6243779370881702,0.03055987647038172,0.8519738498195393,0.5084022140102088,0.7462931994702675,0.3988546914719564,0.5510252316572,0.32234668647988896
0.6215849039712309,0.026769238794935812,0.850423234867732,0.5065594694257901,0.7470905357276776,0.3982194566618039,0.5509858752137664,0.31911772215057643
0.6701017548938731,0.09485865411136091,0.8758743802732312,0.5400612736405868,0.7332450717709134,0.40772942094987175,0.5533871742955306,0.37828849645459706
0.6666965889891325,0.09345963125817186,0.8779465824504624,0.5405685348079494,0.7482773203683507,0.38198455426002614,0.5006861205903207,0.3526236794004218
0.6701186639704692,0.09485152100778221,0.8759106340916443,0.5401471468035204,0.7333156209520629,0.4077449502844697,0.5533843101962147,0.3782424000885982
0.6702093818307197,0.09476550845673481,0.8760924399179355,0.5402076189732821,0.7333793368972391,0.4079118003378198,0.5533060252391477,0.3780599160085688
0.06464017270379602,0.10228885062243581,0.2971481583991994,0.2660485376699688,0.29200475396318915,0.4704460376790738,0.53910436717031,0.4044896140241337
0.06463857188685862,0.10228749589846367,0.29714781650368355,0.2660485156387941,0.2920046782357445,0.47044548534177166,0.5391041753232689,0.40448882265113967
0.0632404545114516,0.10039082233676855,0.296372167132264,0.2651271213154101,0.2924032706370049,0.47012731559939325,0.5390843052545112,0.4028735491134894
0.06463537025298366,0.10228478645051939,0.2971471327126518,0.2660484715764448,0.2920045267808552,0.4704443806671673,0.539103791629187,0.4044872399051516
0.06463376943604626,0.10228343172654719,0.29714679081713596,0.2660484495452701,0.29200445105341055,0.4704438283298652,0.539103599782146,0.4044864485321576
0.06463096800640572,0.10228106095959597,0.2971461924999832,0.26604841099071447,0.29200431853038245,0.4704428617395864,0.5391032640498241,0.40448506362941805
0.06462936718946827,0.10227970623562382,0.29714585060446735,0.2660483889595398,0.2920042428029378,0.47044230940228426,0.5391030722027832,0.404484272256424
0.06462776637253087,0.10227835151165166,0.2971455087089515,0.26604836692836514,0.29200416707549315,0.4704417570649821,0.5391028803557422,0.40448348088343
0.06462616555559342,0.10227699678767949,0.29714516681343567,0.2660483448971905,0.2920040913480485,0.4704412047276799,0.5391026885087011,0.404482689510436
0.06229588395582736,0.09911587270551953,0.2958524235375195,0.2645127506845868,0.29266839886398716,0.46991084966524915,0.5390695452508988,0.4017906279087492
0.06462176330901548,0.10227327129675609,0.297144226600767,0.26604828431146016,0.2920038830975757,0.47043968580009904,0.5391021609293383,0.4044805132347024
0.06462016249207803,0.10227191657278395,0.29714388470525116,0.2660482622802855,0.29200380737013104,0.47043913346279687,0.5391019690822973,0.4044797218617084
0.06368752692249902,0.10100696024983172,0.2966266540752615,0.2654339596398208,0.29226951381626054,0.47022684925395636,0.5390886636654214,0.4034025455912036
0.06368592610556156,0.10100560552585958,0.29662631217974567,0.26543393760864614,0.2922694380888159,0.4702262969166542,0.5390884718183804,0.40340175421820956
0.06368432528862411,0.10100425080188744,0.29662597028422977,0.2654339155774715,0.29226936236137124,0.470225744579352,0.5390882799713395,0.40340096284521554
0.06368272447168671,0.1010028960779153,0.296625628388714,0.2654338935462968,0.29226928663392654,0.4702251922420499,0.5390880881242984,0.4034001714722215
0.06368112365474926,0.10100154135394315,0.2966252864931981,0.26543387151512216,0.2922692109064819,0.4702246399047477,0.5390878962772574,0.4033993800992275
0.06367952283781181,0.10100018662997098,0.29662494459768224,0.2654338494839475,0.29226913517903724,0.4702240875674456,0.5390877044302164,0.40339858872623346
0.06367752181663999,0.10099849322500579,0.2966245172282874,0.26543382194497916,0.29226904051973146,0.4702233971458179,0.5390874646214151,0.40339759950999093
0.06460695575234415,0.10226074010001374,0.2971410640672454,0.2660480805230945,0.29200318261871266,0.4704345766800541,0.539100386344209,0.4044731930345077
0.899429636418418,0.12647514995989384,0.6453721388641709,0.1392506099407133,0.2820787716930751,0.4473561478495683,0.32317085443839955,0.27682824134050193
0.8994292362141835,0.12647481127890078,0.6453720533902919,0.13925060443291962,0.2820787527612139,0.44735600976524276,0.3231708064766392,0.27682804349725343
0.23018794899564765,0.12069903842498722,0.5678739746312627,0.38925200734065724,0.28456265386692897,0.7457821515870173,0.26841635026893856,0.24143942229064286
0.792883716913231,0.18169707984828354,0.40320764519184416,0.04536667723489324,0.3276814167512691,0.09668893930781908,0.4486517497234065,0.42637494864997044
0.8118656472998463,0.19354685108005243,0.3997123398521749,0.04277803162510668,0.3378508040185427,0.08061330866857386,0.4473620540006737,0.42808893107753526
0.9373920375725665,0.15017240066071827,0.6383814497656284,0.13407375324667542,0.3024161753600227,0.4152069313512384,0.32059202273496384,0.2802547592152252
0.9184077059605451,0.13832059734299115,0.6418762422620239,0.13666236580969998,0.2922466745015821,0.4312817334845304,0.32188143068713515,0.27853958972816933
0.792876913441247,0.1816913222714019,0.4032061921359018,0.04536658360240087,0.3276810949096293,0.09668659187428497,0.4486509343734822,0.42637158531474584
0.9184033052745925,0.13831687068590826,0.6418753052185371,0.13666230543539842,0.29224646672767846,0.4312802168728977,0.3218809043395489,0.27853741282996447
0.9563152493973271,0.16203475509372497,0.6348599064674693,0.13145748193615212,0.31265960203873866,0.3989607283184205,0.3192519699458325,0.2819824791358792
0.9184005022843267,0.1383145010851165,0.6418747037322026,0.136662266669414,0.2922463337280812,0.4312792479666707,0.32188056737545057,0.2785360285496962
0.9184001020800924,0.13831416240412345,0.6418746182583235,0.1366622611616203,0.29224631479622,0.43127910988234514,0.32188051941369034,0.2785358307064477
0.9183981010589206,0.13831246899915828,0.6418741908889287,0.136662233622652,0.2922462201369142,0.43127841946071743,0.3218802796048891,0.2785348414902052
0.7928689093565597,0.18168454865154116,0.4032044826583225,0.045366473446527555,0.3276807162724061,0.09668383018777416,0.44864997513827715,0.4263676284497757
0.956363162444854,0.16201302750567512,0.634883836631227,0.1314849589264599,0.3125850514670449,0.39912757243520364,0.3193010320447043,0.28196339987508034
0.23016833898816402,0.12068244305632841,0.5678697864111935,0.3892517374587676,0.28456172620573206,0.7457753854550659,0.2684140001426861,0.24142972797146603
0.7928641069057474,0.1816804844796247,0.4032034569717749,0.045366407353003596,0.32768048909007214,0.09668217317586769,0.4486493995971541,0.42636525433079364
0.7928621058845757,0.18167879107465953,0.4032030296023801,0.04536637981403524,0.32768039443076635,0.09668148275423999,0.44864915978835285,0.42636426511455106
0.8118456370881284,0.19352991703040057,0.3997080661582267,0.04277775623542335,0.33784985742548457,0.080606404452297,0.447359655912661,0.4280790389151099
0.8308223648196971,0.20537528540925992,0.39621164965813094,0.04018903902431914,0.3480189985785631,0.06452897871681973,0.44606933668704496,0.42979044938044414
0.69357394711505,0.6027234546345538,0.0425075976810213,0.07791300791550979,0.4035340725752551,0.5986644594591173,0.5993532060862081,0.4463969283390032
0.7504393518290577,0.6381585133509495,0.03199946453628599,0.07012197184526905,0.4340307862196793,0.550502771101103,0.5954491303572802,0.45149146649622657
0.6927100520215151,0.6015301026964892,0.04227260534190164,0.07766118933764904,0.4034167512221133,0.5992957824075016,0.5989961262148755,0.44589316059701717
0.7308506938557963,0.6254717023575702,0.035329847869176645,0.07253431691158474,0.4237791793459006,0.5670196373825896,0.5964886303612789,0.44942385743302904
0.6737261206137282,0.5896786380597552,0.04576748331217606,0.08024980740846724,0.3932472692955339,0.6153707226251192,0.600285582128807,0.4441781889532098
0.7122123204854232,0.614097578496062,0.038918722775099,0.07522366241354728,0.4136566259605778,0.5828420484208534,0.5979209182237435,0.4479103928860161
0.7495754567355228,0.636965161412885,0.03176447219716633,0.06987015326740828,0.4339134648665375,0.5511340940494874,0.5950920504859476,0.4509876987542406
0.7501801833009971,0.6378005077695301,0.0319289668345501,0.07004642627191082,0.4339955898137367,0.5506921679856184,0.5953420063958804,0.4513403361736308
0.6739852891417886,0.5900366436411746,0.04583798101391201,0.08032535298182547,0.3932824657014764,0.6151813257406038,0.6003927060902068,0.4443293192758056
0.5445201623390751,0.6032166969228454,0.22707544638959312,0.34348320740126703,0.769035708417037,0.5321370631821575,0.824177450376922,0.6380580569658308
0.693401168096343,0.6024847842469409,0.04246059921319739,0.07786264419993763,0.4035106083046267,0.5987907240487941,0.5992817901119416,0.44629617479060596
0.6738125101230816,0.5897979732535616,0.04579098254608799,0.08027498926625332,0.393259001430848,0.6153075903302807,0.6003212901159403,0.44422856572740843
0.7690777251994307,0.6495326372124577,0.028410589630363747,0.06743262634330652,0.444153339605002,0.5346803600628393,0.5940168424948156,0.4530049310432395
0.4913695065272672,0.5729130515401273,0.23859404659254324,0.35235706335630906,0.7390434765911225,0.5775840628621187,0.8296169695525804,0.635129720099147
0.6947834002459987,0.6043941473478442,0.04283658695578896,0.07826555392451487,0.40369832246965354,0.597780607331379,0.5998531179060738,0.4471022031777835
0.7694232832368446,0.6500099779876836,0.028504586566011625,0.06753335377445083,0.4442002681462587,0.5344278308834854,0.5941596744433486,0.4532064381400339
0.6938331156431105,0.6030814602159731,0.0425780953827572,0.07798855348886802,0.4035692689811976,0.5984750625746019,0.5994603300476079,0.4465480586615989
0.7522462345005266,0.6405885134496578,0.03337791654924377,0.07219247974680087,0.4364638673105685,0.548560644460835,0.5968380894297141,0.4529041286319736
0.712730657541544,0.6148135896589008,0.039059718178570846,0.07537475356026371,0.4137270187724629,0.5824632546518228,0.598135166146543,0.44821265353120765
0.674417236688556,0.5906333196102068,0.045955477183471816,0.08045126227075589,0.3933411263780473,0.6148656642664116,0.6005712460258731,0.4445812031467986
0.7224571664921092,0.33737376629392246,0.09806790775301344,0.6383381336934328,0.30796408098075373,0.17794814953594157,0.35197473262574774,0.2559808450951062
0.5437503025573793,0.3878129151421108,0.23632638380133703,0.7665122123885615,0.44470634525942343,0.1575798177652355,0.4543909672615909,0.37462100871794884
0.5136007336841082,0.2983745532763988,0.29234491565331344,0.9108431860847042,0.6425701105774295,0.16172893964150303,0.5794889810828585,0.4408346252419582
0.49461680227632115,0.28652308863966475,0.2958397936235879,0.9134318041555224,0.63240062865085,0.17780387985912055,0.5807784369967901,0.43911965359815086
0.5325846650918952,0.3102260179131328,0.288850037683039,0.908254568013886,0.6527395925040089,0.14565399942388546,0.578199525168927,0.4425495968857655
0.4945304127669677,0.2864037534458583,0.29581629438967594,0.9134066222977364,0.6323888965155358,0.17786701215395906,0.5807427290096568,0.43906927682395225
0.7363196311139222,0.3429033539064531,0.09326212203996509,0.6346473358430772,0.31756253559683806,0.16410253159210947,0.34898124767779504,0.25483419642987415
0.5415444659375346,0.5009802345110692,0.5237124753861134,0.5782452968897436,0.8765586347785665,0.7912034384296096,0.46852434637251245,0.278393801599057
0.4261540067972456,0.533663294742406,0.30729093561164256,0.49225725857608715,0.9203668172803938,0.47418077829672584,0.5836669179705665,0.4035481484334424
0.1607399557411559,0.05143319757758835,0.5121769264306512,0.3462099073977073,0.2847200378258461,0.7267125420692981,0.30508467381396187,0.20918709246346823
0.21752888889709326,0.12850313280878392,0.5437041051851459,0.38367535680711407,0.26850794949681744,0.7396304464899497,0.3058854648508699,0.2748354283499172
0.5287721628787053,0.4558258641106895,0.488552693200829,0.5395933315579058,0.9113822799863807,0.747507844900883,0.46522982021754844,0.22317233018429858
0.4641210692043509,0.557365546653888,0.30030100872333576,0.48708001141886337,0.9407057432698305,0.4420306216928397,0.5810879102191828,0.40697769603456
0.735312501801908,0.49158684495852045,0.2940443894999717,0.26692920853142105,0.575873983436021,0.7667646044525087,0.2361991079642311,0.03776277922689958
0.7264682763501905,0.4795840503009112,0.2891343821611905,0.2610943693125022,0.5783988268468205,0.7647528185108263,0.23607439531240404,0.02753874078791535
0.7846536549236118,0.5585491372483354,0.32143681713997474,0.299481093770667,0.5617880806523992,0.7779883795320914,0.23689488030495787,0.09480136847580084
0.7846536572645496,0.5585491354990962,0.3214368218937475,0.2994810940878102,0.5617880813672529,0.7779883830060139,0.23689488215262272,0.09480136754209395
0.6882462843137048,0.6030844722934752,0.10151857032066752,0.21090351556417886,0.6157646948493634,0.4448894419633881,0.35074871443964994,0.22167248839772724
0.5913530305056394,0.23799909438384148,0.5082559695523473,0.9991435112528846,0.5876543583317068,0.48854079506173387,0.4634047480842934,0.30474272554546017
0.5879440313799252,0.23660466043877443,0.5102954415317716,0.9995732269687917,0.6025965685786323,0.46282303145816006,0.41071808765530005,0.2791197444637773
0.6506694431503414,0.5801583819644585,0.05481681347317191,0.08588427323191625,0.45715459156855565,0.5042788478276936,0.37879431225258303,0.3335988909045285
0.7854466511491823,0.14281967371671872,0.3699284878004663,0.009378815887873593,0.3575821436247032,0.06048993494771443,0.45862546725270775,0.38254200732853494
0.669652974353894,0.5920095079201994,0.05132185002901851,0.08329564965330438,0.4673240545632739,0.48820376952575056,0.37750480837689127,0.33531366470508733
0.7854458507407136,0.14281899635473264,0.3699283168527084,0.009378804872286262,0.3575821057609809,0.060489658779063316,0.45862537132918724,0.3825416116420379
0.7455878995765735,0.6394146891051495,0.03734216720016281,0.07294116635444411,0.5080019444058694,0.4239037324866294,0.3723468887976446,0.34217315559381967
0.78497982644868,0.14218660619200815,0.3696697101341713,0.009071513194670644,0.3577149933108752,0.06038371355227473,0.458618790183403,0.38200293580520434
0.7266035679645522,0.6275628857874225,0.04083695969655832,0.07552977891746868,0.4978324435474287,0.43997853461992137,0.3736362967498159,0.34045798610676387
0.604119250593263,0.5169848671151698,0.028974521371671835,0.05517500774181219,0.4704430735796317,0.49368965575318596,0.37813767197247333,0.2797880865610954
0.7455870991681047,0.6394140117431635,0.03734199625240492,0.07294115533885678,0.508001906542147,0.42390345631797827,0.3723467928741241,0.34217275990732265
0.8039629574479984,0.15403739346675613,0.36617466121613895,0.006482884108265086,0.36788443737373233,0.0443084971660061,0.4573292383459509,0.3837175117625147
0.7455866989638704,0.6394136730621705,0.037341910778525944,0.07294114983106315,0.5080018876102859,0.42390331823365274,0.37234674491236386,0.34217256206407415
0.6696509733327223,0.5920078145152342,0.05132142265962375,0.08329562211433603,0.46732395990396813,0.48820307910412286,0.37750456856809,0.3353126754888448
0.8044277811273288,0.1546687675865015,0.3664330115130391,0.0067901592624997065,0.3677514930282545,0.04441402813981815,0.4573356756064545,0.3842555940696027
0.8509759726632354,0.21784058903082493,0.39227487624514434,0.03749939721363549,0.3544629163578726,0.055002529792698096,0.45799207607776293,0.43806540919679327
0.7455858985554017,0.6394129957001844,0.037341739830767995,0.07294113881547581,0.5080018497465635,0.4239030420650017,0.37234664898884334,0.34217216637757714
0.6886337041278061,0.6038582631089893,0.04782628826771235,0.08070698752013683,0.4774933850349641,0.4721277246335287,0.3762149687688777,0.33702705360290663
0.6610689726544666,0.5525374004989124,0.018489408839839627,0.04740902874693789,0.5009514349633766,0.445464183874243,0.3742690801558064,0.2849318219130551
0.7474747862912646,0.11911335763332023,0.37691738900222554,0.014555996951573391,0.33724299045293266,0.09263843453969411,0.4612038994629683,0.3791100856084352
0.6696489723115504,0.592006121110269,0.05132099529022888,0.08329559457536773,0.4673238652446623,0.4882023886824952,0.37750432875928874,0.33531168627260227
0.6221690612548254,0.5275696908999954,0.02496195134331436,0.05197168153334311,0.4808782462100064,0.47740217385590084,0.3768348296921009,0.28042452695177333
0.873206735174291,0.3241648804753277,0.3068405262683756,0.718203853489644,0.28407509075289084,0.46588233997895023,0.2328758763848165,0.13249258156747407
0.873210412121308,0.3241639233895347,0.3068421190625032,0.7182057949219663,0.28407012014781496,0.46589366590129694,0.23287920459840922,0.1324915511620161
0.8732095061710781,0.32416464462937256,0.3068403897452555,0.7182059219827086,0.284070100971287,0.4658922181701191,0.2328785159073654,0.13249183327613717
0.8732122199087796,0.3241638804716459,0.3068416026508112,0.7182073433336856,0.2840664143939851,0.46590073362118317,0.23288039606818123,0.13249054583481218
0.8732282823436517,0.3241601343741379,0.3068482845457252,0.7182171383143932,0.28404505755806597,0.4659505173732592,0.23289510977723188,0.13248574543933084
0.8732298086736808,0.3241595501796837,0.30684988157597193,0.7182179012163918,0.28404411714022704,0.4659540946337091,0.23289701986621553,0.13248572504651895
0.87322795061691,0.32416095335116485,0.3068461451984689,0.7182177327578565,0.2840436355689062,0.4659513028632674,0.23289556211865786,0.13248643974028124
0.873229820116113,0.32415926363211106,0.306850083847132,0.7182185775503874,0.2840448609993901,0.4659543273236823,0.23289505290099227,0.13248375606686486
0.8732299104925684,0.32415937644579856,0.306850149943327,0.7182177821627863,0.28404409575629214,0.4659543750425227,0.23289650795394362,0.13248518527278336
0.8732282990264825,0.3241606930060564,0.3068468527183209,0.7182177799593323,0.28404374196296633,0.46595181989871004,0.23289583711277445,0.13248630077357176
0.873229784768351,0.32416004148977146,0.30684842892807723,0.7182184045148492,0.28404273667425867,0.4659554662376974,0.23289712288987524,0.13248579740752697
0.8732297859388198,0.32416004061515186,0.30684843130496364,0.7182184046734206,0.28404273703168553,0.4659554679746586,0.23289712381370764,0.13248579694067353
0.873229787499445,0.3241600394489923,0.3068484344741455,0.7182184048848494,0.28404273750825465,0.4659554702906068,0.2328971250454842,0.1324857963182023
0.8732325990531042,0.3241592703310828,0.3068497108083091,0.7182198058045965,0.2840389616281188,0.46596407046338817,0.23289965711315797,0.132485021846462
0.8732321023768288,0.32415968574559173,0.3068488126090061,0.7182199883125372,0.2840390674318473,0.4659632300896341,0.23289929145551647,0.13248514071749434
0.8732331584001547,0.32415860388717754,0.3068510993216208,0.7182207228978148,0.28404004445066794,0.46596504736203337,0.23289814017432003,0.13248278150722387
0.8732341513479281,0.3241578619181954,0.306853115713584,0.7182208574193782,0.2840403476677821,0.4659665208840957,0.23289892389215505,0.13248238545988278
0.8732324731458934,0.3241592962821367,0.3068495903344276,0.7182198224301084,0.2840390423527083,0.4659639440546027,0.232898983034322,0.13248452008136002
0.8732330479859229,0.3241586863929622,0.3068508751020037,0.7182207079392284,0.2840400107334014,0.465964883508696,0.23289805302612854,0.1324828255470657
0.8732323313985747,0.324159514611685,0.30684927768644515,0.7182200193397112,0.28403913736836833,0.46596356995503707,0.23289947221872637,0.13248504936983646
0.9705357787955191,0.1603579958890658,0.6401135072037325,0.13380967787170758,0.27578845768426613,0.4788746102902486,0.45908564043532035,0.34121151612210304
0.8398440435334702,0.20887380594229188,0.39052965223308894,0.039024864512049506,0.3068559145684072,0.13523580682982717,0.5909427164074349,0.5000496391900039
0.8398428429207672,0.2088727898993128,0.390529395811452,0.039024847988668454,0.30685585777282376,0.13523539257685052,0.5909425725221541,0.5000490456602584
0.24434055513459474,0.11902707275872601,0.57309937150982,0.3915764508962217,0.24776511349109204,0.8255222852257853,0.408198560571542,0.3006776463752403
0.7828898480847029,0.1733173799461315,0.4010137733006384,0.046790685677742166,0.2763473551975019,0.18345979897672654,0.594810796378668,0.49490353719909086
0.7828886474719998,0.1733163639031524,0.40101351687900155,0.04679066915436114,0.2763472984019184,0.18345938472374995,0.5948106524933873,0.49490294366934534
0.7828882472677655,0.17331602522215936,0.4010134314051226,0.046790663646567504,0.27634727947005727,0.18345924663942442,0.5948106045316269,0.49490274582609683
0.6157124251563665,0.16314946140681624,0.5893107230536937,0.31520127224203537,0.6317966600790957,0.13237477721007013,0.8212811447988038,0.6853516813348607
0.8398376402657205,0.2088683870464033,0.3905282846510255,0.0390247763873508,0.3068556116586286,0.13523359748061858,0.5909419490192709,0.5000464736980278
0.7828850456338905,0.17331331577421505,0.4010127476140909,0.04679061958421815,0.276347128015168,0.18345814196482008,0.594810220837545,0.49490116308010884
0.8398356392445487,0.20886669364143812,0.3905278572816307,0.03902474884838242,0.3068555169993228,0.13523290705899083,0.5909417092104696,0.5000454844817853
0.23305213404725786,0.13030330936532047,0.5491505080325247,0.3839429516951667,0.23809265454751632,0.8058309387288918,0.4194365481894588,0.3248374937612439
0.7828810435915471,0.1733099289642847,0.40101189287530126,0.04679056450628152,0.27634693869655635,0.18345676112156473,0.5948097412199425,0.4948991846476237
0.7828806433873127,0.17330959028329165,0.4010118074014223,0.04679055899848783,0.27634691976469516,0.1834566230372392,0.5948096932581822,0.4948989868043752
0.9705004436435603,0.16053382852665582,0.639995629126279,0.13377162045622662,0.2758263596101719,0.47854770525401996,0.4591237649103611,0.3413841335780824
0.23304773180067992,0.13029958387439705,0.5491495678198561,0.38394289110943636,0.23809244629704354,0.805829419801311,0.41943602061009605,0.3248353174855103
0.8398296361810333,0.20886161342654258,0.3905265751734462,0.039024666231477434,0.3068552330214054,0.13523083579410777,0.5909409897840657,0.5000425168330577
0.9704976422139198,0.16053145775970454,0.6399950308091262,0.13377158190167096,0.27582622708714377,0.4785467386637412,0.45912342917803933,0.3413827486753428
0.9592361519896202,0.1716247494278552,0.6161622504578264,0.12617602445242995,0.2661154686485778,0.45917939743223996,0.4703222851239501,0.3653658238971485
0.8080669831479654,0.5464281032390972,0.29552251622838754,0.1769539628114179,0.39884486896961524,0.8957343753777826,0.37731037407321955,0.24029302709101502
0.20680295928315778,0.056570909114769224,0.5493286956368182,0.3620033320194208,0.2397780181334106,0.8594918604806228,0.4850557561293895,0.281033266848528
0.24852536542878018,0.1255670064536013,0.5649277447048895,0.39638709203513817,0.22782328215027325,0.8596721111087532,0.49368335692396415,0.3459948010520916
0.24833363584594534,0.12560702524618114,0.5648624902958786,0.3962656311623734,0.22809274899012286,0.8590633488728008,0.49350655289373063,0.3460512752039661
0.24833337365360392,0.12560726544522505,0.5648620682661513,0.3962658454374889,0.22809292639836432,0.8590628564702685,0.493506372310517,0.3460513005486912
0.24798072264224913,0.12566631773108985,0.564768182499944,0.3960126093835628,0.22860359129260704,0.8579164419166587,0.4931763729452713,0.34615923816641164
0.24804366479152298,0.12566115846616946,0.5647754418274638,0.39606882717905834,0.22850713666559533,0.8581312122042393,0.4932371125408892,0.34613838917446993
0.25280931917998956,0.11989195462381619,0.5749214320405654,0.3924433620644835,0.22721389530120872,0.8684265710400414,0.48522448845044,0.3349925095210058
0.24796647802650998,0.1256787613894723,0.5647463274702706,0.39602299589759077,0.22861383157415913,0.8578885926371916,0.493166361204519,0.34616078963784774
0.24795536202237073,0.12568653179206052,0.5647327563034205,0.39602712420163455,0.22862382560866343,0.8578633000631037,0.49315790835734474,0.34616254224178594
0.24793676451009222,0.1256903079282473,0.564726616411068,0.3960151261587462,0.2286500726196501,0.857804057096186,0.4931407237591361,0.3461680496519964
0.2478327496190556,0.12571205724270143,0.5646911456975817,0.3959493121230521,0.22879622056209148,0.8574738697054411,0.4930448188988121,0.34619867651886216
0.24783086796703194,0.12571257543005213,0.564690280018624,0.39594837718988646,0.22879873559152603,0.8574681254491618,0.49304312510540566,0.3461991957382216
0.24777724164119758,0.125722522455546,0.5646742663504851,0.3959118508239321,0.2288753917606391,0.8572955692569723,0.49299326236621915,0.3462153393575729
0.07336510237784899,0.10741635896672536,0.2948613318367089,0.26546588597076193,0.26973211346742665,0.5103259150884706,0.618582095905688,0.4446933445142641
0.07333788848991257,0.10739332865919879,0.29485551961293927,0.2654655114407926,0.26973082610086757,0.510316525354334,0.6185788345059908,0.44467989117336565
0.6579409901668708,0.5833038885073961,0.05083616007431374,0.08504737669240525,0.42725140553001795,0.5559470826709547,0.4842418979953383,0.38504763727364816
0.695908852982445,0.6070068177808643,0.043846404133764894,0.0798701405507688,0.44759036938317687,0.5237972022357196,0.4816629861674752,0.3884775805612628
0.8392667899058528,0.2091373403849729,0.3917897846075924,0.03925116280729202,0.3143903998476448,0.12274680952818101,0.5647295014285317,0.48780076666809363
0.8706532811511989,0.30016192232862415,0.27939995646845717,0.6037992161964844,0.12067613607638517,0.5810982778319693,0.354107765723303,0.2681713900931732
0.7610299431046172,0.3570386253862621,0.03168155525635952,0.5009986960530924,0.15946609971292777,0.22626729967986858,0.47837402449558264,0.4223970946009435
0.9177380542769666,0.14712767294219886,0.624770407715869,0.13183315902999887,0.2628062520812825,0.46072498676903983,0.4084521544760292,0.33138898278340695
0.732628764164582,0.10888356535649987,0.37783747440024656,0.01661595601293564,0.3083647730153957,0.14086565881744,0.5283493433368243,0.4093494727832209
0.8987199184147893,0.13523679701581137,0.6282619627351609,0.13442567370268102,0.2526256885745435,0.4768100694966506,0.40974214280487187,0.3296483796122493
0.89686949692021,0.13733294394526674,0.6245786556991484,0.13566312405625558,0.2532948867992117,0.4727050185355112,0.4123746989950531,0.3335756271511807
0.8967819121951914,0.1373595304776009,0.6245339315958607,0.13562466145683966,0.2534094058491713,0.4724421687354639,0.41229667211815313,0.3335991064177047
0.8984931793459398,0.13529923859156703,0.6281576484207531,0.13431301425622155,0.2529287496214084,0.47611788661499194,0.40953804069939714,0.3297109455450605
0.8967271483902868,0.1373681089719579,0.6245204147900347,0.13558412300197106,0.2534893191861616,0.4722630538459093,0.41224523070373137,0.33361603347234575
0.8962846585487299,0.13746003035921167,0.6243706005810854,0.13530290881692855,0.2541116693794914,0.4708572979237316,0.4118370430441411,0.33374649144475904
0.8962371580125825,0.13747159790874997,0.6243514654869109,0.13527620508771446,0.2541767220576146,0.47070951196600375,0.4117937855392906,0.3337600212546977
0.7791425381363337,0.17202626023542214,0.4036719883787609,0.04732472029381615,0.29507456820495387,0.15144228521832365,0.5290016190967509,0.46314227339103997
0.8987307721931845,0.1352250870017817,0.6282739208687194,0.13443435382516508,0.25261076849735337,0.4768538999179025,0.40974995340992526,0.32963486331716435
0.8969894161167764,0.137308939932449,0.6246089436974236,0.13576185059767942,0.2531158002459362,0.47311384333740636,0.4124882099439814,0.3335287518568811
0.8968058608888592,0.13734267365487166,0.6245546831760699,0.13563618034013392,0.25337849013228153,0.4725226252368901,0.4123174305253171,0.33358410156760593
0.896784287063187,0.1373515860080085,0.6245394222097136,0.13563155053487305,0.2534042575046117,0.47246221759020074,0.4122989906408721,0.3335892250478989
0.8967806988141382,0.137352462055654,0.6245379727331466,0.1356295378537029,0.2534091693707481,0.4724510577319883,0.4122957236481644,0.33359024648638913
0.8963905492818639,0.1374036776241995,0.6244594537741794,0.1353204431879408,0.2539887131916297,0.47115683679168063,0.41192597806667597,0.3337136025890374
0.8962867265028484,0.1374559824474672,0.6243691042659607,0.13531745839898018,0.2541029944995432,0.47088340529953415,0.41184034274750353,0.3337356304246476
0.8962372351891181,0.13746636039601606,0.6243521741352942,0.13528620370684963,0.25417250276389447,0.47072635284347475,0.41179471996776706,0.33375019477944146
0.6547629297614318,0.5817424607341449,0.05223253330035349,0.08535500285736339,0.4384437546210091,0.5364158045276872,0.4446449764571193,0.3655312891225374
0.8360887295004138,0.20757591261172179,0.3931861578336321,0.03955878897225018,0.3255827489386359,0.10321553138491357,0.5251325798903128,0.4682844185169829
0.05990844229979475,0.1016687392191292,0.3023629646248885,0.267037509688836,0.32580898357011023,0.4135092151557324,0.4208891436786943,0.3483146885528774
0.2175346217981944,0.13590681375826053,0.5362302795358839,0.37927045262992254,0.26473874364470507,0.7334400911134749,0.30915515792261283,0.2852178447400251
0.2387563417371523,0.8628890697477039,0.6080514660519831,0.27741886185244274,0.40178128976230576,0.8527115110258254,0.09825000854316784,0.6919685068061275
0.05990724168709166,0.10166772317615011,0.30236270820325156,0.267037493165455,0.3258089267745267,0.41350880090275577,0.42088899979341354,0.3483140950231318
0.07178338151715541,0.7682196642171814,0.6316676282041565,0.3410553468621528,0.17982203612588216,0.18477771513931857,0.17828446467780856,0.8781397170235892
0.0717829813129211,0.7682193255361883,0.6316675427302774,0.3410553413543591,0.179822017194021,0.18477757705499304,0.17828441671604833,0.8781395191803407
0.059903361990149784,0.10166281938774738,0.30236133307735547,0.26703598071462276,0.32580894981012604,0.4135084283900817,0.42088890253657735,0.3483098248295365
0.059902961785915476,0.10166248070675438,0.3023612476034765,0.2670359752068291,0.3258089308782649,0.41350829030575614,0.4208888545748171,0.348309626986288
0.12767435173231556,0.8918194298429656,0.4000251611343034,0.19589510178455533,0.4495627636987174,0.5433677558777077,0.21063991515295527,0.8088731873136854
0.05990216137744675,0.10166180334476826,0.30236107665571854,0.26703596419124176,0.3258088930145426,0.4135080141371051,0.4208887586512966,0.34830923129979097
0.23875073887787124,0.8628843282138015,0.6080502694176777,0.2774187847433314,0.40178102471624955,0.852709577845268,0.09824933707852429,0.6919657370006485
0.0599005605605093,0.10166044862079612,0.3023607347602027,0.2670359421600671,0.32580881728709793,0.4135074617998029,0.42088856680425557,0.34830843992679694
0.12767195050690938,0.8918173977570075,0.4000246482910296,0.19589506873779333,0.4495626501075505,0.5433669273717545,0.21063962738239372,0.8088720002541944
0.1828562191055455,0.7392814753927364,0.8396920733902126,0.4225789873336502,0.1320401427217299,0.49411837193221475,0.0658934962120501,0.7612304652685284
0.1828558189013112,0.7392811367117434,0.8396919879163336,0.4225789818258565,0.13204012378986876,0.49411823384788917,0.06589344825028987,0.76123026742528
0.21752541710080409,0.13589902409542068,0.5362283136366677,0.37927032595066823,0.26473830821189837,0.7334369151739875,0.309154054802127,0.28521329434530945
0.1828526172674363,0.7392784272637991,0.8396913041253018,0.4225789377635072,0.13203997233497944,0.4941171291732848,0.06589306455620786,0.761228684679292
0.05989603596852955,0.10165824010834507,0.3023603149346406,0.2670373389472323,0.3258083966824142,0.4135049345416407,0.42088765686412644,0.34830855541217365
0.2387443356101215,0.8628789093179128,0.6080489018356141,0.2774186966186328,0.4017807218064709,0.8527073684960593,0.09824856969036022,0.6919625715086724
0.05989523556006088,0.10165756274635898,0.30236014398688266,0.26703732793164503,0.32580835881869186,0.4135046583729896,0.42088756094060586,0.34830815972567664
0.7181412645136513,0.6209729920523341,0.04074377736131796,0.07619948804944748,0.4601536747422239,0.5035956949806695,0.4713353217424486,0.3871250169117309
0.07209910723690682,0.10562889057255437,0.29411320279726383,0.2645430957836831,0.27013687109902973,0.5100561459973347,0.618581293809279,0.44314123678528716
0.7821564520810165,0.1374735253623562,0.365183412885476,0.009555583967393755,0.2868482993317752,0.18125827669702482,0.6726307898541246,0.4849053260697778
0.828704643616923,0.20064534680667964,0.39102527761758127,0.04026482191852959,0.2735597226613933,0.19184677834990488,0.6732871903254332,0.5387151411969685
0.7514141557576932,0.5055388831056892,0.22949926955905584,0.13362604447127055,0.3715945742850853,0.8972496870428294,0.47416351043482297,0.265733017958138
0.6846500107092306,0.5982290101932861,0.04314285761108111,0.08117576842241886,0.40705170336905994,0.5922728180998471,0.589464061175629,0.43880275024019566
0.07329946888341404,0.10736081528386723,0.29484731412055876,0.2654649826926007,0.269729008642196,0.5103032692590823,0.6185742301770064,0.44466089822150906
0.06817915628761761,0.10041183195665321,0.2920046828145464,0.2620868728123309,0.27119075136843185,0.5091386119602319,0.6185021170785564,0.43874175153754347
0.07329930519027672,0.10735961055618212,0.2948469907597644,0.2654636793877253,0.2697289728967153,0.5103043437313635,0.6185754911059455,0.44465991149538603
0.07190302164711743,0.1054656501817754,0.29407205430337147,0.2645436931626774,0.2701276661104167,0.5099856245970495,0.6185545502316823,0.443046595456449
0.7605433146915366,0.6455989685549604,0.02915428549881316,0.07082071231301734,0.44772762429809454,0.5279584202908698,0.584301153573316,0.44564166543108336
0.6846075890603885,0.5981931100080241,0.043133797379910965,0.08117518459629022,0.40704969659177676,0.59225818116134,0.5894589772290422,0.438781778855854
0.7035915204681755,0.6100445746447583,0.039638919409636486,0.07858656652547202,0.4172191785183562,0.5761832409437224,0.5881695213151106,0.4404967504996613
0.7604720783378206,0.6455386833381997,0.029139071148357565,0.07081973192574476,0.44772425442680763,0.527933841280924,0.5842926163799909,0.4456064493328492
0.82465931596884,0.15228922349409943,0.34580650353815195,-0.009143663753660936,0.32132058484450515,0.1303083511964831,0.6701559870876226,0.4729532933993026
0.7245197562769728,0.6227225616265022,0.03594012129754848,0.07516802168523029,0.426521021437675,0.5617451798860887,0.5891831454805269,0.4439226070158807
0.5183447664779021,0.5890171115539753,0.23156159292036152,0.349639523211042,0.7624409462291339,0.5409371952052063,0.8165783324214189,0.6298658125166495
0.7414689371267844,0.6336709620137999,0.03262984637244165,0.073408085622467,0.4375538637708924,0.5440021534509157,0.5855797701294303,0.44388198121311356
0.7224850057189973,0.6218194973770658,0.03612472434271613,0.07599670369328526,0.427384381844313,0.5600770936685332,0.5868692260433618,0.4421670095693062
0.6655332114956362,0.5862651034668637,0.04660935825353951,0.08376255790573994,0.3968759360645746,0.6083019143213858,0.5907375937851563,0.4370220946378843
0.7014576233475299,0.5802723071367183,0.014963356208114509,0.04689401969463666,0.4462122632314096,0.5450610731686311,0.5971169282621539,0.40241646869769615
0.554572319981304,0.6211672909194467,0.23490335333903292,0.34658975079717097,0.7600157328106697,0.5383582729567498,0.8332323140049384,0.6506866189341098
0.7591227461191876,0.6401640747108832,0.030919271500038925,0.06494421378458945,0.43260624125988006,0.5549966745927238,0.5945565344792978,0.4538717811778757
0.7772268518191582,0.65143606914559,0.02743109633235913,0.06257306538162202,0.44303613500627237,0.5385130143238775,0.592412453449667,0.45488400786636146
0.7396557071028156,0.6279632073762322,0.03440575125465478,0.06762897576044008,0.42256109917554996,0.5708988209321463,0.595400823841813,0.4517802486693082
0.7585532490012492,0.6396953368191598,0.03088737405046832,0.06501517583183578,0.43271884896681523,0.5548870130093672,0.5940756599407482,0.453444843538917
0.6823935842895764,0.5922980811557262,0.04492898541764334,0.07554133759349924,0.39220045750868937,0.6188245831171268,0.5988954410064579,0.4463595264215234
0.7389486604137061,0.627622407561818,0.03445945252507332,0.06789680914386301,0.42284497526599124,0.5703638362912405,0.5946176147003803,0.4511782572623839
0.7769165232292801,0.6513253368352862,0.027469696584524417,0.06271957300222655,0.4431839391191501,0.5382139558560055,0.5920387028725171,0.4546082005499986
0.7764686450682308,0.6513425426022912,0.027593895556678905,0.06306295195900774,0.44350301161553385,0.5374895743305845,0.5913626176924842,0.45415733946567005
0.6817729271098203,0.5920766165351184,0.04500618592197392,0.07583435283470824,0.3924960657344448,0.6182264661813827,0.5981479398521584,0.4458079117887976
0.6813762090105887,0.5918465490310081,0.04502128694022717,0.0759556785975267,0.39263213771200833,0.617990540008349,0.5977384812878753,0.44548172769823613
0.7573119346417369,0.6392524075779442,0.031041775059129473,0.06560120631425384,0.4333100654183261,0.5536907791378789,0.5925806576321492,0.45234161427346553
0.7772620812666939,0.6518026776105119,0.02756369352017235,0.06282030043337086,0.44323086766040676,0.5379614266766517,0.5921815348210502,0.45480970764679296
0.7384143927433033,0.6275202781350167,0.034560152263315824,0.06821500624285814,0.4231523156270608,0.569702587060658,0.593905821533214,0.45067701940385674
0.7009807975981319,0.6039194782883499,0.04144920846562217,0.0730740452854994,0.4025060114128324,0.6025137167264756,0.5971965265282433,0.4477483139747692
0.6816865376004667,0.591957281341312,0.04498268668806188,0.07580917097692219,0.3924843335991306,0.6182895984762211,0.598112231865025,0.445757535014599
0.7392078289417663,0.6279804131432374,0.03452995022680927,0.06797235471722124,0.42288017167193376,0.5701744394067252,0.59472473866178,0.4513293875849797
0.6810658804207106,0.5917358167207042,0.045059887192392456,0.0761021862181312,0.39277994182488607,0.617691481540477,0.5973647307107256,0.4452059203818733
0.7190337432362848,0.6154387459941724,0.03807013125184355,0.07092495007649474,0.41311890567804493,0.5855416011052419,0.5947858188828625,0.44863586366948793
0.9151703909794304,0.14932221115218147,0.6071956120696049,0.13087794994037052,0.17367364732015153,0.5946990416373013,0.6479932636521322,0.4546055715362153
0.9151704128281828,0.14932219482594847,0.6071956564381511,0.1308779529003735,0.17367365399211948,0.5946990740605764,0.647993280897004,0.4546055628216176
0.9151839221099336,0.14930580518182487,0.6072244787044341,0.13086768076337166,0.17367003446698281,0.5947282915714392,0.6479702840126701,0.45457370044452705
0.9151833967183927,0.1493064225956441,0.6072233621852797,0.13086804181111591,0.17367015063008637,0.5947271844003321,0.6479710714561124,0.4545748555045257
0.9151703862975549,0.14932221465065998,0.6071956025620593,0.13087794930608418,0.17367364589044412,0.5946990346894565,0.6479932599568026,0.45460557340362906
0.9151703925400554,0.14932220998602197,0.6071956152387868,0.13087795015179932,0.17367364779672068,0.5946990439532495,0.6479932648839087,0.45460557091374404
0.9151834185671452,0.1493064062694111,0.6072234065538259,0.13086804477111888,0.17367015730205432,0.5947272168236073,0.6479710887009842,0.454574846789928
0.9151703800550539,0.149322219315298,0.6071955898853318,0.13087794846036904,0.17367364398416757,0.5946990254256636,0.6479932550296963,0.45460557589351414
0.9133662629533761,0.14955488402520276,0.6068400125521443,0.12944013076946176,0.17635789861298537,0.5887066596460602,0.6462821172110698,0.45517714804292236
0.9131617255004832,0.14974341330222687,0.6065084806989987,0.12960944043335745,0.17649472387984674,0.5883248770040893,0.646141607458666,0.4551966837644276
0.9131984410493583,0.14973570362770836,0.606521081182377,0.1296326169549178,0.1764432032847123,0.5884413655454797,0.6461754532071996,0.45518587350881606
0.9132015612795364,0.14973450651205028,0.606523106873974,0.12963379227086483,0.17643941255970708,0.5884506645017882,0.6461770411083388,0.4551839806800241
0.9132009717698742,0.14973518659700497,0.6065218969518735,0.12963422789746026,0.1764395949677141,0.5884494277427313,0.6461777867313769,0.4551851349030681
0.9132009678683113,0.14973518951240372,0.6065218890289188,0.1296342273688883,0.17643959377629126,0.5884494219528608,0.6461777836519356,0.4551851364592463
0.9132144654453731,0.14971880861447642,0.6065506875263379,0.1296239536461706,0.17643597067688607,0.5884786220941118,0.6461547775292774,0.45515327875069017
0.9132145071920967,0.14971877741970976,0.6065507723019528,0.12962395930189055,0.1764359834251105,0.588478684045727,0.6461548104793003,0.45515326209958384
0.9132009795730001,0.1497351807662075,0.6065219127977829,0.12963422895460416,0.1764395973505598,0.5884494393224725,0.6461777928902597,0.45518513179071185
0.9132009780123749,0.14973518193236698,0.606521909628601,0.12963422874317537,0.1764395968739907,0.5884494370065243,0.6461777916584831,0.4551851324131831
0.9132014612670356,0.14973459600485423,0.6065229405798449,0.129633861986854,0.17643946784352035,0.5884504816470293,0.6461769709570737,0.4551839941599085
0.9132014916992268,0.149734573264744,0.6065230023788913,0.12963386610971528,0.17643947713661856,0.5884505268080198,0.6461769949767167,0.45518398202171884
0.06468139373993509,0.10232373476471865,0.29715696220873267,0.2660491049727164,0.29200670394488887,0.47046026036460425,0.5391093072316161,0.4045099918787298
0.06374875817035602,0.10105877844176642,0.296639731578743,0.26543480233225175,0.29227241039101837,0.47024797615576375,0.5390960018147402,0.403432815608225
0.06467579088065406,0.10231899323081611,0.2971557655744272,0.26604902786360507,0.2920064388988326,0.4704583271840467,0.5391086357669725,0.40450722207325074
0.06467419006371661,0.10231763850684397,0.29715542367891135,0.2660490058324304,0.29200636317138795,0.47045777484674456,0.5391084439199315,0.4045064307002567
0.06467258924677916,0.10231628378287183,0.2971550817833955,0.26604898380125575,0.2920062874439433,0.4704572225094424,0.5391082520728905,0.4045056393272627
0.06467218904254479,0.1023159451018788,0.29715499630951653,0.2660489782934621,0.29200626851208217,0.47045708442511686,0.5391082041111303,0.4045054414840142
0.06467058822560734,0.10231459037790663,0.2971546544140007,0.2660489562622874,0.2920061927846375,0.4704565320878147,0.5391080122640892,0.40450465011102016
0.06466658618326376,0.10231120356797627,0.29715379967521105,0.26604890118435076,0.2920060034660259,0.47045515124455933,0.5391075326464867,0.4045026716785351
0.06466498536632631,0.10230984884400413,0.29715345777969515,0.2660488791531761,0.29200592773858125,0.47045459890725716,0.5391073407994457,0.4045018803055411
0.06466338454938891,0.10230849412003198,0.2971531158841793,0.26604885712200144,0.2920058520111366,0.47045404656995504,0.5391071489524046,0.40450108893254705
0.0646617837324514,0.10230713939605984,0.29715277398866347,0.2660488350908268,0.29200577628369195,0.47045349423265287,0.5391069571053637,0.404500297559553
0.06465818189434219,0.10230409126712248,0.2971520047237528,0.2660487855206838,0.29200560589694147,0.47045225147372305,0.5391065254495214,0.40449851697031647
0.06465618087317038,0.10230239786215731,0.29715157735435793,0.26604875798171546,0.29200551123763563,0.47045156105209535,0.53910628564072,0.40449752775407394
0.06465458005623298,0.10230104313818514,0.2971512354588421,0.2660487359505408,0.292005435510191,0.4704510087147932,0.5391060937936791,0.4044967363810799
0.06465257903506116,0.10229934973321994,0.29715080808944727,0.26604870841157247,0.2920053408508852,0.47045031829316547,0.5391058539848779,0.4044957471648374
0.06465097821812371,0.1022979950092478,0.29715046619393143,0.26604868638039775,0.29200526512344055,0.47044976595586335,0.5391056621378368,0.40449495579184336
0.06464697617578014,0.10229460819931743,0.2971496114551418,0.2660486313024611,0.29200507580482893,0.47044838511260795,0.5391051825202343,0.4044929773593583
0.06231789518871711,0.09913450016013656,0.29585712460086255,0.2645130536132384,0.2926694401163511,0.46991844430315377,0.5390721831477128,0.40180150928741704
0.06464377454190523,0.10229189875137315,0.29714892766411005,0.26604858724011177,0.29200492434993963,0.47044728043800366,0.5391047988261523,0.40449139461337025
0.06464217372496783,0.10229054402740101,0.2971485857685942,0.2660485652089371,0.292004848622495,0.4704467281007015,0.5391046069791112,0.4044906032403762
0.8526033124170376,0.3076857005974869,0.2441710400965939,0.5901038247561381,0.03471669044449738,0.6721497997310852,0.5443895069545438,0.38306561442671244
0.8525895884440615,0.3077006348510177,0.24414478415537527,0.5901146129119961,0.034722747734196424,0.6721217591200763,0.5443990552799798,0.3830849093946539
0.852645958063178,0.3076887776493623,0.24416416077720804,0.5901502260113181,0.03464370761912455,0.672300555348404,0.5444509426483934,0.3830682421929238
0.8526741309729691,0.3076828579405009,0.24417382492311268,0.5901680309488345,0.03460418392774878,0.6723899358034625,0.544476876940304,0.38305991333840217
0.8526741508841893,0.3076828385534053,0.24417386829289772,0.5901680538371348,0.03460420982908663,0.6723899675114311,0.544476858062906,0.3830598687652718
0.8527296363691965,0.30767118783210945,0.24419288746186785,0.5902031036941529,0.03452633889504381,0.672566008019186,0.5445279690866311,0.38304350160353634
0.8527296808735123,0.3076711455594398,0.24419298370898346,0.5902031501050395,0.03452639212742681,0.6725660783829678,0.5445279350271648,0.38304341058986185
0.8527860173160946,0.3076593176572358,0.24421229002298533,0.5902387385189167,0.034447322060179364,0.6727448232177669,0.5445798308028756,0.38302679325226785
0.8527940070276554,0.3076496333815788,0.24422933616534004,0.590232709399342,0.03444521776733411,0.6727620857041963,0.5445662672727818,0.3830079690562851
0.8528415219320093,0.30764764813192413,0.2442313509771495,0.5902738111585206,0.03436947678918978,0.6729208942755163,0.5446309223333146,0.38301038182863767
0.8528495319449467,0.30763794417763174,0.2442484412815847,0.5902678049801033,0.03436739851682458,0.6729381890489012,0.5446173402337667,0.3829915129039067
0.852910470552262,0.30762137170921783,0.24427611721089731,0.5902983974730198,0.03428575250219296,0.6731243966084752,0.5446727852278327,0.38297516018272937
0.8529243832372999,0.3076302056130483,0.2442598624091993,0.5903261750756554,0.03425333738877362,0.6731836951707567,0.5447071562281575,0.382985841239737
0.8529895784468764,0.3076067622631077,0.24429966193302738,0.5903525773752778,0.03417275812595044,0.6733790495364245,0.5447462334819654,0.3829511558757006
0.8530169050809683,0.3076010162366759,0.24430904844144585,0.5903698443902217,0.034134434997486696,0.6734657326122835,0.5447713867172198,0.3829430753296237
0.8530064056931099,0.3076129267187825,0.244288114220093,0.5903780222670876,0.03413842064005418,0.6734438118671803,0.5447825803347336,0.3829615093659208
0.8531006970682069,0.30758332220416146,0.2443379721132924,0.5904226743996523,0.034017034984654027,0.6737313905820002,0.5448484595022183,0.38291827917710647
0.8531455991492635,0.30758365950464134,0.2443359232508945,0.5904659740166706,0.033943209861825585,0.6738853512283622,0.5449107066179019,0.38292035315122214
0.8531737943112125,0.30757771865944505,0.244345635520357,0.5904838021596305,0.03390371278664139,0.6739747668653117,0.5449366238800794,0.3829119787898632
0.8532494998330236,0.30754235666428126,0.244406391449811,0.5905020280623883,0.033819151217234666,0.6741920581877202,0.5449645161388094,0.3828588550322308
0.8129929020867557,0.19412478987962142,0.3992613841782926,0.042676424059112594,0.33412323309398956,0.08714716302356273,0.4605691653587364,0.4346279478657354
0.6506510337555609,0.5801428026387787,0.05481288167473952,0.0858840198734076,0.4571537207029422,0.5042724959487189,0.3787921060116114,0.3335897901150972
0.7854278415501674,0.14280375571004597,0.36992447052815497,0.00937855702157131,0.35758125382722855,0.0604834449844141,0.45862321304997583,0.3825327086958551
0.7474595073893734,0.11910032063409054,0.3769140897432108,0.014555690411962752,0.3372422813055208,0.09263322653086103,0.4612020926500076,0.37910237720177214
0.747459578530359,0.11910048775558482,0.3769141409948249,0.014555787655414043,0.3372422710422085,0.09263318733532366,0.4612020769160787,0.37910256756499194
0.7940077700662656,0.18227230919990828,0.40275600572693016,0.04526502560654985,0.32395369437182664,0.10322168898820361,0.4618584773873871,0.4329123826921825
0.7076016273662189,0.6156961805060017,0.04432799134227933,0.07811814913757195,0.487662109687097,0.4560472610428897,0.37492359438453604,0.33873411151677374
0.7455694901817929,0.6393991097794698,0.03733823540173048,0.0729409129959355,0.5080010735402559,0.4238973806076546,0.37234468255667297,0.3421640548043884
0.6605874115382787,0.5518919688989538,0.018227519891637012,0.047101619508820636,0.5010835739073732,0.44535281416322103,0.37426061276744327,0.2843856205527496
0.7076012271619845,0.6156958418250087,0.04432790586840046,0.07811814362977829,0.4876620907552358,0.4560471229585641,0.37492354642277576,0.33873391367352523
0.7664422381844573,0.13095076922784546,0.37341895535129943,0.011967055817763528,0.3474117064365168,0.07655787206026687,0.4599124928507953,0.380816755315834
0.7664423093254429,0.13095093634933974,0.37341900660291355,0.011967153061214875,0.3474116961732045,0.0765578328647295,0.45991247711686634,0.3808169456790537
0.7664419091212087,0.1309505976683467,0.3734189211290346,0.011967147553421209,0.3474116772413433,0.07655769478040392,0.45991242915510616,0.38081674783580527
0.6795697421291282,0.5637420788117157,0.014732300025846745,0.04451297940682769,0.5112529801065081,0.42927732160830134,0.37297096500647076,0.2860998008235629
0.7265835577528341,0.6275459517377706,0.040832686002610086,0.0755295035277854,0.4978314969543707,0.43997163040364445,0.3736338986618032,0.3404480939443385
0.7840284524210717,0.14090589898387748,0.36914851348348443,0.008457048931355016,0.35797979969621774,0.06016490018459647,0.45860321482986627,0.38091665126523955
0.7265831575485997,0.6275456130567776,0.04083260052873117,0.0755294980199917,0.4978314780225095,0.4399714923193189,0.37363385070004296,0.34044789610109005
0.05923094593132,0.10147131073423976,0.3029099416871124,0.26714521077145936,0.3295578441699222,0.40713060677818613,0.4077359570730854,0.34199785721277853
0.7659738838080032,0.13031651410065703,0.3731598870411027,0.011659828336837208,0.34754447013193185,0.07645105913198758,0.45990560820052057,0.38027708278272915
0.6506458311005141,0.5801383997858691,0.054811770514313074,0.08588394827208995,0.45715347458874706,0.5042707008524869,0.3787914825087281,0.3335872181528666
0.569643191528877,0.4697227873166158,0.009522418943282651,0.031836111893178476,0.4805867519939788,0.4859612379050417,0.37774978945340887,0.23931802546976153
0.5743032028791064,0.47605215957312697,0.012110347725411252,0.03491412749431677,0.47925714322087054,0.48701723196619107,0.37781428739541567,0.24471289465625984
0.5938456132154651,0.5025659002359582,0.022958297187912813,0.04780128139728648,0.47367706206972776,0.49146873588389495,0.37809173350663794,0.26729203992219597
0.5715121617097643,0.4722662012995209,0.010561167818798955,0.033074105726534464,0.4800541921055356,0.48638089968099163,0.3777744904019721,0.2414892604971009
0.6050288436769768,0.5177545218908491,0.029168752246943208,0.05518742971336388,0.470486115963366,0.4940035606206722,0.3782467047874583,0.28023759390173053
0.5635826085839981,0.4614885702972078,0.006156261343246261,0.027831181123106785,0.48231561390459415,0.4845898605844473,0.3776665101236345,0.23229782341507993
0.560772430489527,0.457657656341641,0.004593294752438415,0.025965000866925103,0.48311542362027293,0.4839640718988058,0.37763094555707394,0.2290229815498024
0.5640589749606244,0.4621458571245752,0.006422521581634921,0.0281531510540749,0.48218115766267855,0.4846897492007646,0.3776706674843896,0.23286504625485052
0.5770931769336645,0.479835611024319,0.013658758857811815,0.0367526906103296,0.4784602482858902,0.48765415218445135,0.3778543203977933,0.2479336733671222
0.559838194392533,0.4563865342754184,0.00407409969532968,0.02534634430232663,0.48338166764290136,0.48375410382645,0.3776185400140411,0.22793803030740192
0.564051220593193,0.4621276408816989,0.006416935155696912,0.028142551517883363,0.48218227636372124,0.4846940215143401,0.37767238248264334,0.2328442966638954
0.5775608641100463,0.4804725090293845,0.013918766399279137,0.037062796840239165,0.47832704416807736,0.48775882265633014,0.3778603972978783,0.24847767189408063
0.576624849488412,0.479197208925805,0.013398290051817585,0.036441709189358296,0.4785935447735138,0.48754983447240907,0.3778483851030688,0.24738796157118584
0.5598423205696983,0.4563962273220865,0.004077072288948047,0.025351984422501972,0.48338107237078687,0.48375183048528136,0.37761762744616295,0.22794907137414866
0.5677831851121765,0.46720043064198974,0.008490127771144274,0.0306103707346862,0.48111801870506976,0.48553663749138065,0.3777231060298001,0.23717077620811336
0.574770392068589,0.4766878877277326,0.012369996505579739,0.0352235530200673,0.479124010946244,0.48712217680683156,0.3778204744330032,0.24525556064067985
0.5617089430980605,0.4589341262956804,0.005114129861198691,0.026586769221965123,0.4828488511716503,0.48417278571396516,0.37764284761438094,0.2301140244152356
0.5770975165337865,0.47984580543546995,0.01366188520627254,0.036758622460858814,0.47845962222383875,0.48765176125667054,0.3778533606281284,0.24794528552352826
0.5961750853331877,0.5057293329530066,0.02425187719187133,0.04933955987197092,0.473012334658016,0.49199702688100005,0.3781241004821083,0.26998804679129684
0.5789595148980842,0.4823728415119358,0.014695611423606092,0.03798708643598753,0.4779280681400029,0.4880752641952847,0.37787960350172706,0.25009786495533004
0.4639404567792436,0.5538965632789974,0.23988795868089,0.35693078672083156,0.717030746246619,0.6151721688718831,0.8725006708584002,0.6497235172749098
0.44504291488081005,0.5421644338360698,0.24340633588507643,0.35954458664943584,0.7068729964553536,0.6311839767946622,0.873825834759465,0.648058922405301
0.8849380035899719,0.33187915250869304,0.23435484504901463,0.5823186638905151,0.06377893543748991,0.6199389071046557,0.5265854433355981,0.3820595177155915
0.7527867876723953,0.34946069967123805,0.02896012550409366,0.5020281202432939,0.10410899153188014,0.3201710972297878,0.638488019395528,0.4980176994737294
0.7338028562646083,0.337609235034504,0.03245500347436808,0.5046167383141121,0.09393950960530068,0.33624603744740533,0.6397774753094596,0.496302727829922
0.8616721182208045,0.08454447558617201,0.5803031430976512,0.09832207465646745,0.1989735153966156,0.559895085613079,0.6178496185598351,0.3879438274625702
0.9082203097567111,0.14771629703049546,0.6061450078297564,0.12903131260760323,0.1856849387262337,0.570483587265959,0.6185060190311436,0.44175364258976085
0.9078252897193217,0.14808455431855788,0.6054961290678706,0.12935054546540478,0.1859404065692332,0.5697356135046243,0.6182885654061931,0.4418445972735552
0.9077817699345544,0.14809368092223446,0.6054812390596545,0.12932306267986118,0.1860015254285591,0.5695975133393825,0.6182484475922346,0.4418574044838624
0.9073474189506876,0.14818119935198967,0.6053391402684062,0.12904143316206057,0.1866153603469269,0.5682128626864191,0.6178469179043614,0.44198617200017976
0.9063024041644354,0.14831995501736012,0.6051259100343162,0.12821678039805706,0.18816591013419498,0.5647489584301502,0.6168570298440216,0.4423161895446519
0.9060173695105772,0.14845024944472496,0.60490175468437,0.12818132060514006,0.1884933958703972,0.5639738683158788,0.6166175387828338,0.4423803789507667
0.9058081780024353,0.14850746618962904,0.6048062180653018,0.12807657570523534,0.18877340797778627,0.5633345340309459,0.6164291028973851,0.4424382124085429
0.905269552721366,0.1486193722203443,0.6046239004620436,0.12773427860635034,0.18953105953434793,0.5616235411736366,0.6159322688403142,0.4425969733713833
0.905267958975724,0.14862080839178315,0.6046213196598567,0.12773554419815145,0.18953207616822915,0.5616203770979693,0.6159311366144636,0.44259716451483505
0.9052549344092403,0.14862248816898813,0.6046187388931039,0.12772516508506132,0.18955143436399818,0.5615770926374641,0.6159187778773183,0.442601297624231
0.9050329043899072,0.14865229573536567,0.6045728669601095,0.12755061796174708,0.18988056373375867,0.5608417786230163,0.6157085776791885,0.4426713136480929
0.9048652630616437,0.14869375342263094,0.6045041978336788,0.12745767095411045,0.19010949737639565,0.5603213662715812,0.6155561198448078,0.44271888703891826
0.9048997921899552,0.14869467951910043,0.6045013690237495,0.1274962051926135,0.19005260568603322,0.5604459927718468,0.6155906569130947,0.442706431856382
0.9049797941477817,0.14867573521250307,0.6045328522399693,0.12754221304591498,0.18994281150183787,0.5606964431551305,0.61566380066777,0.44268337479223396
0.06965308756288136,0.10389896719848823,0.2933768260183919,0.2652976781637579,0.2657756184776988,0.5151900537790489,0.6312092536587661,0.4488400407415258
0.0696510865417096,0.10389727379352304,0.29337639864899706,0.26529765062478955,0.265775523818393,0.5151893633574212,0.6312090138499648,0.44883905152528325
0.0696498859290065,0.10389625775054395,0.2933761422273602,0.26529763410140855,0.2657754670228095,0.5151889491044446,0.6312088699646841,0.44883845799553773
0.06964828511206905,0.10389490302657178,0.2933758003318443,0.2652976120702339,0.26577539129536487,0.5151883967671425,0.631208678117643,0.4488376666225437
0.0696466842951316,0.10389354830259964,0.29337545843632845,0.26529759003905923,0.2657753155679202,0.5151878444298402,0.631208486270602,0.4488368752495496
0.06964548368242851,0.10389253225962053,0.2933752020146916,0.2652975735156782,0.2657752587723367,0.5151874301768636,0.6312083423853213,0.44883628171980416
0.06964428306972542,0.10389151621664142,0.29337494559305466,0.2652975569922972,0.26577520197675325,0.515187015923887,0.6312081985000405,0.44883568819005865
0.06964348266125675,0.10389083885465533,0.2933747746452967,0.26529754597670985,0.2657751641130309,0.515186739755236,0.63120810257652,0.44883529250356163
0.06964228204855366,0.10388982281167622,0.29337451822365984,0.26529752945332885,0.26577510731744747,0.5151863255022593,0.6312079586912392,0.4488346989738161
0.06964108143585057,0.10388880676869713,0.293374261802023,0.26529751292994785,0.26577505052186395,0.5151859112492827,0.6312078148059584,0.4488341054440706
0.06963948061891312,0.10388745204472499,0.2933739199065071,0.2652974908987732,0.2657749747944193,0.5151853589119806,0.6312076229589174,0.4488333140710766
0.06963868021044439,0.10388677468273891,0.2933737489587492,0.26529747988318586,0.265774936930697,0.5151850827433295,0.631207527035397,0.44883291838457956
0.06963787980197572,0.10388609732075282,0.29337357801099123,0.26529746886759853,0.26577489906697466,0.5151848065746785,0.6312074311118765,0.4488325226980825
0.06963667918927263,0.10388508127777371,0.29337332158935436,0.26529745234421753,0.26577484227139114,0.5151843923217018,0.6312072872265957,0.44883192916833703
0.0696358787808039,0.10388440391578763,0.2933731506415964,0.2652974413286302,0.2657748044076688,0.5151841161530507,0.6312071913030752,0.44883153348184
0.06963427796386645,0.10388304919181549,0.29337280874608057,0.26529741929745554,0.26577472868022417,0.5151835638157486,0.6312069994560342,0.448830742108846
0.06963347755539773,0.10388237182982943,0.2933726377983226,0.2652974082818682,0.26577469081650185,0.5151832876470975,0.6312069035325136,0.448830346422349
0.069632677146929,0.10388169446784334,0.29337246685056473,0.2652973972662809,0.2657746529527795,0.5151830114784465,0.6312068076089932,0.44882995073585197
0.0696310763299916,0.1038803397438712,0.29337212495504883,0.2652973752351062,0.2657745772253349,0.5151824591411442,0.6312066157619521,0.44882915936285794
0.06962987571728851,0.10387932370089209,0.29337186853341196,0.2652973587117252,0.2657745204297514,0.5151820448881677,0.6312064718766713,0.4488285658331124
0.7733014801750764,0.16933928712695884,0.4065747397130672,0.04794706115418071,0.31748363169225197,0.11255744345875668,0.44986950280575916,0.42436420134964614
0.7922822099489886,0.1811880423157486,0.40307917795176107,0.04535839902101316,0.32765296216394213,0.09648139856653487,0.44857966319774556,0.42607759024746544
0.8112565364551508,0.19303137860864977,0.3995822486083914,0.04276964876314693,0.3378219897258537,0.08040314432510437,0.447289056201568,0.4277878136533086
0.22957389372197162,0.12018043940348902,0.5677425926400288,0.38924310172274923,0.28453490729377645,0.7455677319562046,0.2683420247237505,0.24113658666608212
0.8112529346170416,0.1930283304797124,0.39958147934348076,0.04276959919300388,0.3378218193391032,0.0804019015661745,0.4472886245457257,0.4277860330640721
0.7922658015753796,0.18117415639503406,0.4030756735227235,0.04535817320147284,0.3276521859576345,0.09647573710918778,0.4485776967655752,0.4260694786742767
0.2295594863695347,0.1201682468877397,0.5677395155803862,0.38924290344217727,0.2845342257467746,0.7455627609204852,0.2683402981003814,0.2411294643091359
0.05748064429249822,0.1003662127500061,0.3032278657830616,0.26723833994616664,0.3332559279233333,0.4003817159327966,0.39445415352037927,0.3351509888498738
0.22955588453142545,0.12016519875880236,0.5677387463154755,0.3892428538720343,0.2845340553600242,0.7455615181615554,0.2683398664445391,0.24112768371989934
0.22954161837684423,0.12015206920431185,0.5677359327321447,0.3892431121481722,0.2845320786728673,0.7455591442432987,0.26833889141024103,0.24111990575554076
0.7922373870747402,0.1811501100445284,0.403069604877317,0.04535778214812253,0.327650841795492,0.09646593312207452,0.4485742914805972,0.4260554318036327
0.22953307289006694,0.12014589394219924,0.5677338743043745,0.3892425399277953,0.2845329762439379,0.7455536473549997,0.26833713262420467,0.24111640665473447
0.22952556655005474,0.12014481922670439,0.5677311102052365,0.38924016393461114,0.28453913105621165,0.7455383189660485,0.2683325617924785,0.24111632011162915
0.22952867064348897,0.12014216845127582,0.5677329340917059,0.38924247934206496,0.2845327679934651,0.7455521284274187,0.2683366050448419,0.2411142303790009
0.2295254690096141,0.12013945900333153,0.5677322503006742,0.38924243527971564,0.2845326165385758,0.7455510237528145,0.26833622135075985,0.24111264763301288
0.7732310442298291,0.16927967927218432,0.4065596963103695,0.047946091782495454,0.31748029968468744,0.11253314061746195,0.44986106153595457,0.424329380937909
0.8111941045945908,0.19297854437373596,0.39956891468327305,0.042768789547334984,0.33781903635551236,0.08038160317032039,0.44728157416696845,0.42775695010654163
0.773214235651986,0.16926545467047674,0.406556106407453,0.0479458604551615,0.31747950454651863,0.11252734107578932,0.4498590471420239,0.42432107152147175
0.7732106338138767,0.16926240654153937,0.40655533714254233,0.04794581088501848,0.31747933415976815,0.1125260983168595,0.4498586154861816,0.4243192909322352
0.7732074321800019,0.1692596970935951,0.4065546533515106,0.04794576682266913,0.31747918270487885,0.11252499364225516,0.4498582317920996,0.42431770818624714
0.7302961239546909,0.33621212006349355,0.03400608376454933,0.5052933769327181,0.10546421574060505,0.31593856839857254,0.5995441094426817,0.47640211851505887
0.6373501553737042,0.2064748724847195,0.5027272057799957,0.14981111623465365,0.4243151096102349,0.18310154445485788,0.7818518379547813,0.6510868955610831
0.5129761498580834,0.6161958145173448,0.15128894733589385,0.18784147590731223,0.5676845610723464,0.568076996944779,0.6974958667797932,0.5534786810980596
0.43704042422693523,0.5687899559704086,0.16526845921699163,0.19819594819058511,0.5270066333660286,0.6323767578152492,0.7026536904355194,0.5466187945228302
0.4750082870425093,0.5924928852438767,0.15827870327644272,0.1930187120489487,0.5473455972191875,0.6002268773800141,0.7000747786076563,0.5500487378104449
0.7300594940416479,0.33610431979522937,0.033965642454192924,0.5053381061753699,0.1054683127172644,0.3156710435438699,0.5995664605362089,0.47630047842023404
0.7296275464948805,0.3355076438261971,0.03384814628463306,0.5052121968864396,0.1054096520406935,0.31598670501806203,0.5993879206005426,0.4760485945492411
0.5125531339823652,0.6158378287077044,0.15119860144582875,0.1878356541694072,0.5676645500950979,0.5679310418126848,0.6974451711992053,0.5532695607843884
0.41763347694343,0.5565805055240343,0.16867299129720092,0.2007787445234983,0.5168171404622006,0.6483057429007726,0.7038924507688631,0.5446947025653518
0.43661740835121704,0.5684319701607682,0.16517811332692647,0.1981901264526801,0.52698662238878,0.632230802683155,0.7026029948549315,0.5464096742091591
0.4934427380365205,0.6038793408771707,0.1546664696703505,0.19042253177742696,0.5574890857003911,0.5839623473834323,0.6987194711968968,0.5514920706740531
0.47445880662873346,0.5920278762404365,0.15816134764062492,0.1930111498482452,0.5473196037738117,0.6000372876010498,0.7000089271108284,0.5497770990302457
0.41750701240537236,0.5564734823302344,0.16864598155144825,0.20077700406069987,0.5168111579940733,0.6482621082539024,0.703877294852623,0.5446321840988237
0.45556126473029995,0.580295746797509,0.16167972484481136,0.19562494977684947,0.5371618539825465,0.6160490955238289,0.7013340910118931,0.5481125041606371
0.7482709040992275,0.3470708909378565,0.03028053004336012,0.5026188916832115,0.11556302295342383,0.2997942550394114,0.5980576492286354,0.47759520158856955
0.767341225016368,0.359041690768397,0.02680915130699768,0.5000554554701794,0.12574423701531745,0.28365618252695535,0.5968039013018371,0.4793605500065755
0.7669362729364643,0.3586527655041329,0.026717614865430173,0.5000258894086351,0.12571743511851807,0.2836093996986652,0.5967300157535421,0.47915269000656585
0.7671954414645246,0.35901077108555224,0.026788112567166122,0.5001014349819933,0.12575263152446062,0.2834200028141499,0.5968371397149419,0.47930382032916163
0.7479523415286772,0.34680130086739885,0.030212492835704652,0.5026145074794534,0.11554795319193867,0.29968433991628274,0.5980194716674736,0.4774377183627585
0.7485212752966386,0.343068698290518,0.02278461979877322,0.4997724537908849,0.12484630445899564,0.27725558754334045,0.5945231033172405,0.4700491307697958
0.2422160154611158,0.8643479965396882,0.6060379920315556,0.2770012396424937,0.3868194859425069,0.8784610008552578,0.15095802298826194,0.7175873612647193
0.24219636621512183,0.8642962447476019,0.6060192427965116,0.2769977136115779,0.3868204240510007,0.8784780322598984,0.15095030931282005,0.7175961542500127
0.24221161321453782,0.8643442710487648,0.606037051818887,0.27700117905676336,0.3868192776920341,0.878459481927677,0.15095749540889913,0.7175851849889858
0.22097279780610393,0.13731218136110207,0.5341979386985451,0.3788492975172529,0.24977782985872746,0.7592061483098598,0.36185533928962227,0.3108444421211016
0.13113167846259804,0.8932762840249492,0.398011284399672,0.1954774538749945,0.43460086284852906,0.569116497680388,0.2633476846317232,0.8344908330819097
0.13111482557421283,0.8932269067898324,0.39799312318193986,0.19547396571149078,0.43460193193120134,0.5691344881484756,0.2633403026853292,0.8345010129929741
0.1311300776456606,0.8932749293009771,0.39801094250415614,0.19547743184381983,0.4346007871210844,0.5691159453430857,0.26334749278468217,0.8344900417089157
0.13111322475727538,0.8932255520658603,0.39799278128642396,0.19547394368031612,0.43460185620375674,0.5691339358111733,0.26334011083828823,0.8345002216199802
0.1311284768287232,0.8932735745770047,0.3980106006086403,0.19547740981264516,0.43460071139363976,0.5691153930057836,0.26334730093764114,0.8344892503359217
0.24220520994678807,0.8643388521528763,0.6060356842368235,0.2770010909320647,0.3868189747822555,0.8784572725784683,0.15095672802073506,0.7175820194970097
0.24218731406884336,0.8642883410926707,0.6060175866848232,0.27699760759948716,0.38682003520282726,0.8784750827043507,0.15094932659849275,0.717591543008731
0.24220160810867883,0.864335804023939,0.6060349149719129,0.2770010413619217,0.38681880439550503,0.8784560298195384,0.15095629636489283,0.7175802389077731
0.1863785332174201,0.7408040341521142,0.8376830231849712,0.4221830013291678,0.11709089323053676,0.5198206906588382,0.11862921604618087,0.7869061926070713
0.1863071222799509,0.7407329258389048,0.8376767878741535,0.4221612485508165,0.11707793276636422,0.5198648742783593,0.11860048228955877,0.7868449536369031
0.18637693240048264,0.7408026794281419,0.8376826812894556,0.42218297929799314,0.11709081750309208,0.519820138321536,0.11862902419913984,0.7869054012340773
0.18630552146301338,0.7407315711149327,0.8376764459786376,0.42216122651964183,0.11707785703891957,0.5198643219410573,0.11860029044251774,0.7868441622639091
0.24218155865845054,0.8642837135508594,0.60601608026299,0.27699750982321225,0.38681972357213773,0.8784729231398536,0.15094853472769065,0.7175888340498179
0.24219680565786653,0.8643317398520226,0.6060338892853653,0.27700097526839773,0.3868185772131711,0.8784543728076321,0.1509557208237698,0.717577864788791
0.18637172974543598,0.7407982765752326,0.837681570129029,0.42218290769667544,0.117090571388897,0.5198183432253041,0.11862840069625652,0.7869028292718467
0.07522189864842299,0.769660600392492,0.6296497341972137,0.34063744008628966,0.1648592454782192,0.21051996697869843,0.23098997995384463,0.9037480641591338
0.05595814684371225,0.0987017446946756,0.3022109875565576,0.2671002652783096,0.3294030091460245,0.40600131396839556,0.4073437100638039,0.3403800854897136
0.05595734643524353,0.09870106733268955,0.30221081660879967,0.26710025426272227,0.32940297128230217,0.4060010377997445,0.40734361414028336,0.3403796898032166
0.055956546026774856,0.09870038997070346,0.3022106456610417,0.26710024324713494,0.32940293341857985,0.40600076163109344,0.40734351821676285,0.3403792941167196
0.055955745618306074,0.09869971260871738,0.30221047471328377,0.2671002322315476,0.3294028955548575,0.40600048546244233,0.4073434222932424,0.34037889843022257
0.0559549452098374,0.09869903524673132,0.3022103037655259,0.2671002212159603,0.3294028576911352,0.40600020929379127,0.4073433263697218,0.34037850274372555
0.05595414480136868,0.09869835788474524,0.302210132817768,0.26710021020037295,0.3294028198274129,0.4059999331251402,0.40734323044620135,0.34037810705722854
0.05595334439289995,0.09869768052275918,0.30220996187001004,0.2671001991847856,0.32940278196369055,0.4059996569564891,0.40734313452268084,0.34037771137073153
0.055952543984431224,0.0986970031607731,0.3022097909222521,0.2671001881691983,0.3294027440999682,0.40599938078783804,0.4073430385991603,0.3403773156842345
0.055951743575962554,0.09869632579878704,0.30220961997449414,0.26710017715361095,0.3294027062362459,0.405999104619187,0.4073429426756398,0.3403769199977375
0.05595094316749377,0.09869564843680095,0.30220944902673624,0.2671001661380236,0.3294026683725236,0.40599882845053586,0.4073428467521193,0.3403765243112405
0.0559501427590251,0.09869497107481487,0.3022092780789783,0.2671001551224363,0.32940263050880125,0.4059985522818848,0.40734275082859883,0.3403761286247435
0.055949342350556375,0.09869429371282881,0.3022091071312204,0.26710014410684896,0.32940259264507893,0.40599827611323375,0.40734265490507826,0.34037573293824647
0.05594854194208765,0.09869361635084273,0.30220893618346245,0.2671001330912616,0.3294025547813566,0.40599799994458263,0.4073425589815578,0.34037533725174945
0.05594774153361892,0.09869293898885667,0.3022087652357045,0.2671001220756743,0.3294025169176343,0.4059977237759316,0.4073424630580373,0.34037494156525244
0.055946941125150196,0.09869226162687059,0.3022085942879466,0.26710011106008696,0.32940247905391196,0.4059974476072805,0.40734236713451677,0.34037454587875543
0.05594614071668147,0.09869158426488453,0.30220842334018866,0.26710010004449963,0.32940244119018963,0.4059971714386294,0.40734227121099625,0.3403741501922584
0.05408384243650466,0.09616416685614171,0.30117475538862093,0.26587156089284114,0.3299338808418794,0.40557364688966646,0.4073161937649818,0.33822141095670877
0.05594494010397838,0.09869056822190539,0.3022081669185518,0.26710008352111864,0.3294023843946061,0.4059967571856528,0.4073421273257155,0.3403735566625129
0.05594413969550971,0.09868989085991933,0.30220799597079384,0.2671000725055313,0.3294023465308838,0.40599648101700175,0.407342031402195,0.3403731609760159
0.05594333928704098,0.09868921349793325,0.3022078250230359,0.267100061489944,0.32940230866716147,0.40599620484835064,0.4073419354786745,0.3403727652895189
0.9525668554446667,0.17308602851716307,0.611150992191803,0.12455306921438825,0.2204508601555222,0.5241169664140912,0.560965021048831,0.41991871509022394
0.9525789724314956,0.17307533506889813,0.6111717695691159,0.12454567996214874,0.22044544145084882,0.5241385212429875,0.5609736249254292,0.41991672426329774
0.9538758470089167,0.17261643204753527,0.6135482188442244,0.1252092744098017,0.21983804595121478,0.5275847557480473,0.5599780918633148,0.4187300228832827
0.9527712545310767,0.1728987832386985,0.6114805345337759,0.12438650522647815,0.22031343053632324,0.5245003102310002,0.5611058365068212,0.41989875999718135
0.9526609006076665,0.17299971036438974,0.6113051319948575,0.12447795044013948,0.22039134023708543,0.5242908855744004,0.5610298937121742,0.4199087988480367
0.9541116426995528,0.1724018295435658,0.6139274737138273,0.12502135689553273,0.21968063522901032,0.528027990232204,0.5601411004772778,0.4187060416417725
0.952570239984367,0.1730839536893156,0.6111564778188764,0.12455397998255993,0.22045051194545398,0.5241233781495742,0.5609678068629739,0.41991743959309497
0.9527416402759256,0.1729259258729673,0.6114348364879986,0.12441240105603882,0.22033663581955365,0.5244427811116112,0.5610855673023627,0.4199009177798731
0.9539869512870446,0.1725151298551278,0.6137272233860557,0.12512033079929422,0.21976402364622338,0.5277932909750118,0.5600548373946939,0.4187187838166503
0.9527309366815999,0.1729364585832551,0.6114152850227803,0.12442178657656705,0.22034150348379078,0.5244250021681626,0.5610783721084749,0.41990210764040886
0.954086769160257,0.17242527930842272,0.6138848891358399,0.12504190596127218,0.2196946138104014,0.5279838126245088,0.5601241035594765,0.41870873901423855
0.9525697385742282,0.17308452926539594,0.6111547328456886,0.12455401735189897,0.22044956711053731,0.524123358386699,0.5609674547276502,0.41991771234612024
0.9525873135664797,0.17306923259679113,0.6111846391684387,0.12454386587905325,0.22044173201792727,0.5241548652094288,0.5609800140999959,0.41991471110922246
0.9525680661179885,0.17308468364571977,0.6111548730860322,0.12455286009390054,0.22045269314227234,0.5241173412016048,0.5609658705106648,0.4199181326492327
0.9539696468368426,0.1725307615280053,0.6136993997035152,0.12513371163084164,0.21977537434010436,0.5277607439288977,0.5600428233508246,0.4187206476816405
0.9527302573613345,0.1729370368156773,0.6114145985275259,0.1244225258091563,0.22034253190911052,0.5244233269500003,0.5610779099679447,0.41990207022444176
0.9540471947190173,0.17246092556738574,0.6138212872712734,0.12507216736975982,0.2197204312505781,0.527909341155969,0.560096584593559,0.4187130847171101
0.9525708018361263,0.1730839925394549,0.6111561778729673,0.12455447937223685,0.22044922452781657,0.5241256534472085,0.5609683634283523,0.4199173047300379
0.9526935959838345,0.17295252271211645,0.6113864910894734,0.12445566339539094,0.22039071632840845,0.5243734936274661,0.5609050158790262,0.4197662124600456
0.9528476586130487,0.1728103402198625,0.611638071231174,0.1243290574053291,0.22029030262421787,0.5246592544029748,0.5610108905065376,0.41975100291616513
0.9275423927292474,0.1584427535379361,0.6062512790204515,0.12897195432773934,0.20399536697269288,0.5435167878605577,0.5783930197834972,0.42280883330534724
0.9275321531470964,0.15844490069970482,0.6062477762347963,0.12896548783971232,0.20400974799290347,0.5434842942489592,0.5783835805876897,0.42281184662013216
0.9274139618285422,0.15846035124968447,0.6062241058607045,0.1288717187230315,0.2041853808676134,0.5430921063032532,0.5782715490964336,0.42284923397594554
0.926900696704437,0.15853695054490655,0.6061042481597909,0.12848398747500697,0.20493828167480835,0.5414064045130089,0.5777881686449723,0.42300894146477813
0.9243053669828172,0.15906272800221008,0.6036505818174998,0.1265778184551949,0.2075783829596095,0.5334646548219137,0.5775188692070118,0.42463577239303135
0.9241422164178568,0.15921215434096356,0.6033878704899971,0.12671092370590442,0.20768854295113479,0.5331583679108076,0.5774064792958423,0.424651613243246
0.9238764931826104,0.15924642483524185,0.6033354859294284,0.12649915423169159,0.20808388331519237,0.5322757635648984,0.5771544484994697,0.42473580208562783
0.9230673320197944,0.15937468723142137,0.603133055096921,0.1259032764003832,0.20926308021255402,0.5296320291879176,0.5763948756800144,0.4249854854370669
0.9229185901421939,0.15946391863175924,0.6029779526294864,0.12592829975397507,0.20941205777594218,0.5292665588500738,0.576276911412256,0.42501304593109784
0.9229117600494037,0.15947016950775403,0.6029669519090146,0.12593386567948398,0.2094166580868346,0.5292537011354368,0.5762721994206728,0.4250137162881803
0.9229100526720662,0.15947052795112857,0.6029663665268146,0.12593278782576506,0.2094190546852518,0.5292482843755296,0.5762706256054833,0.42501421881854673
0.8097336395742508,0.18891748308173356,0.39406115862976393,0.04313402525238941,0.25996550646441546,0.2133153639767593,0.6870785125804094,0.5427742015133121
0.6658062055329046,0.5863182225859016,0.04608588070636588,0.08382396504311246,0.3932780837068827,0.6142560951009413,0.6035311227808033,0.4430240777675227
0.7233786569360219,0.6220940811167115,0.03552404629121203,0.07576509558944874,0.4234909212608656,0.5666293913838327,0.6004102561933083,0.4487206073316704
0.7229307787749726,0.6221112868837166,0.03564824526336652,0.0761084745462299,0.42380999375724937,0.5659050098584117,0.5997341710132753,0.44826974624734184
0.685049305468752,0.598527692804055,0.04266150043782729,0.08131089254565244,0.4034827620394047,0.5979917579988083,0.6023487908282716,0.44489017973392575
0.7227579997562656,0.6218726164961038,0.035601246795542496,0.07605811083065778,0.42378652948662104,0.5660312744480885,0.5996627550390088,0.4481689926989446
0.684876526450045,0.5982890224164421,0.04261450197000338,0.08126052883008028,0.4034592977687763,0.5981180225884852,0.6022773748540051,0.4447894261855286
0.7036876788391251,0.6099018166655632,0.03907262553190499,0.0786215470436899,0.41360531542472745,0.5821693469605446,0.600916502965807,0.4464036442809387
0.7226716102469122,0.6217532813022973,0.03557774756163057,0.07603292897287167,0.42377479735130685,0.566094406742927,0.5996270470518755,0.44811861592474606
0.6843566659879123,0.5983307667242932,0.04329501262446006,0.0814972812132009,0.4073704407105493,0.5916946956332386,0.5887811409881353,0.43842061401726934
0.7413948497206271,0.6340044958283018,0.03283387794754872,0.07375660885853233,0.4378906186256018,0.5434067426855476,0.584948481233474,0.4436159057228899
0.49819891348989825,0.5763144316771811,0.23508760961270048,0.3524965354184554,0.752650434052314,0.5566858568431297,0.816541376978045,0.6271555670984683
0.47912859257275775,0.5643436318466406,0.23855898834906294,0.3550599716314875,0.7424692199904204,0.5728239293555856,0.8177951249048432,0.6253902186804624
0.705233869576522,0.612731566653542,0.04120208590105534,0.08100435290170063,0.41998473586333224,0.5736144964805145,0.5889163521337709,0.4415986245710223
0.738693608757089,0.1074880758868959,0.36984404729716763,0.012324725025265715,0.26847130923666296,0.21101327596690791,0.6737738897466152,0.4752120083035163
0.7433484850173733,0.11380567662194621,0.37242834968419297,0.015396105251748227,0.26714246239485817,0.21207174926769784,0.6738390879351448,0.48059333181092617
0.537267028285709,0.60154941365353,0.22839847170190627,0.34764634948379897,0.773140836548471,0.5237073857684391,0.8144239351625797,0.6312291313854999
0.7222153276527745,0.6218950559873517,0.03627688543889829,0.07629454926953944,0.4276965933123077,0.5596000766862863,0.5861637873528045,0.4417889034655205
0.7032313962449874,0.6100435913506176,0.03977176340917271,0.07888316734035766,0.4175271113857283,0.5756750169039039,0.5874532432667361,0.4400739318217132
0.7226472751995419,0.6224917319563839,0.03639438160845809,0.07642045855846982,0.4277552539888786,0.5592844152120942,0.5863423272884708,0.44204078733651353
0.6843338543465539,0.5983114619076899,0.04329014061335912,0.08149696726896197,0.407369361594463,0.591686824826683,0.5887784071678008,0.4384093369521045
0.7033177857543409,0.6101629265444241,0.03979526264308464,0.07890834919814374,0.4175388435210425,0.5756118846090654,0.5874889512538694,0.4401243085959118
0.7412856485699151,0.6338658558178922,0.03280550670253585,0.07373111305650729,0.43787780737420134,0.5434620041738304,0.5849100394260063,0.4435542518835265
0.7602695799777021,0.6457173204546263,0.029310628732261368,0.07114249498568906,0.44804728930078075,0.5273870639562128,0.5836205835120747,0.44526922352733384
0.6845066333652609,0.598550132295303,0.043337139081183085,0.08154733098453412,0.4073928258650914,0.5915605602370061,0.5888498231420674,0.43851009050050166
0.07353238774781135,0.1075579276218149,0.2948970599181159,0.26546818822851437,0.26974002698539246,0.5103836343365457,0.618602143921474,0.44477604299213974
0.8945850817076695,0.10851552352054261,0.5735206890528421,0.09195659449267887,0.23455699162358484,0.49939371525668463,0.573118058254493,0.3733042320304616
0.9410259718040981,0.17179051881688406,0.5991805981209776,0.12275171814790775,0.22133322140211376,0.5097761562782205,0.5737409319334146,0.4271629880968498
0.9410259577584714,0.17179052931231958,0.5991805695983407,0.12275171624504869,0.22133321711299153,0.5097761354346865,0.5737409208474257,0.42716299369909116
0.057531336804608535,0.09846798946078383,0.30106022090513357,0.2655012710643734,0.3264710760582929,0.4129627042272136,0.4208503888949423,0.34559947929111534
0.05892778222209255,0.10036314117701253,0.3018354771294231,0.2664225461131314,0.3260724181929002,0.41328036082782726,0.420870082850588,0.3472137710925518
0.05660030205196698,0.09720438786180377,0.30054333217065976,0.26488699045508335,0.32673685823186704,0.41275097235567526,0.42083727532510745,0.34452309439360457
0.05753119452263733,0.09846765521779527,0.30106011840190533,0.26550107657747074,0.3264710965849176,0.4129627826182884,0.4208504203628002,0.3455990985646758
0.0598586035517773,0.10162624141150975,0.3023522121090546,0.2670365349920675,0.32580666680926307,0.4134922102859778,0.42088324362220964,0.3482895849004033
0.05892771108110689,0.10036297405551825,0.301835425877809,0.2664224488696801,0.32607242845621254,0.41328040002336464,0.42087009858451696,0.34721358072933206
0.0598585324107917,0.1016260742900155,0.3023521608574405,0.2670364377486162,0.3258066770725754,0.4134922494815152,0.4208832593561386,0.3482893945371835
0.05550536207004775,0.09897040794835418,0.3038711906221485,0.2668434493274481,0.3410341721425913,0.3875201764137212,0.36817198022883035,0.32159409438659553
0.05892756879913569,0.10036263981252969,0.3018353233745808,0.2664222543827775,0.32607244898283716,0.41328047841443943,0.4208701300523748,0.3472132000028925
0.058461873570350875,0.09973042120930398,0.3015767508783086,0.26611487096950426,0.32620536572790504,0.41317471046751375,0.42086361260227967,0.3466745316460877
0.05846208699330768,0.0997309225737868,0.3015769046331509,0.26611516269985813,0.3262053349379681,0.4131745928809016,0.4208635654004929,0.346675102735747
0.05939243697777252,0.10099351700579673,0.3020935028872893,0.2667290488275493,0.32593957488578207,0.4133863434502639,0.42087669394428323,0.34775052833713016
0.05939286382368619,0.1009945197347624,0.302093810396974,0.2667296322882571,0.32593951330590815,0.4133861082770396,0.42087659954070966,0.3477516705164488
0.05799641840620223,0.09909936801853372,0.30131855417268444,0.265808357239499,0.3263381711713009,0.413068451676426,0.42085690558506395,0.3461373787150123
0.054272279395635836,0.09404496162261344,0.2992509992347892,0.2633512348023391,0.32740129986559735,0.41222152419027247,0.4208044513057245,0.34183183912496923
0.0598584167704998,0.10162640409499957,0.30235228039001794,0.26703682121462774,0.32580661708746494,0.41349195461504007,0.4208831484586626,0.34828995814681407
0.055505246429755906,0.09897073775333826,0.30387131015472596,0.2668438327934596,0.34103411215748086,0.3875198815472461,0.3681718693313544,0.3215946579962261
0.05520324300729179,0.09530839610009922,0.2997678367176489,0.26396541816817776,0.3271355279553355,0.41243329525734823,0.4208175806094883,0.3429080336592602
0.05597051481262705,0.0996019536275983,0.3041295751413135,0.2671506327460251,0.34090125699228696,0.38762588466739617,0.36817848118502305,0.3221321841737123
0.05985820334754294,0.10162590273051675,0.30235212663517563,0.2670365294842738,0.3258066478774019,0.4134920722016523,0.4208831956604494,0.3482893870571548
0.2414611859645713,0.8636740915534108,0.6058622169810135,0.2769875951074698,0.38678564467319587,0.8782243638270526,0.15086219955596064,0.717232718225538
0.07457546989412178,0.769124658054638,0.6295021594439266,0.3406492803377034,0.16483817759658628,0.21022779229355937,0.23093250240549057,0.9034546792728189
0.24145878512932145,0.8636720591759128,0.6058617049300352,0.27698756211356496,0.38678553120117115,0.8782235359000864,0.15086191209334326,0.7172315310104292
0.22023626439173852,0.13668912611602313,0.5340403466738826,0.3788391418226002,0.24974294710070585,0.7589518392400976,0.36176696524132357,0.31048047341344753
0.18557915077765058,0.7401168651125701,0.8375213108883176,0.4221512298741379,0.11704349571090997,0.5196136988902049,0.11851323984765771,0.7864850767678702
0.24145518797308776,0.863669007548497,0.6058609451726701,0.2769875131777083,0.38678536224412813,0.8782223000890013,0.15086148413283068,0.7172297485537789
0.07456866642213772,0.7691189004777563,0.6295007063879842,0.3406491867052111,0.16483785575494653,0.21022544486002523,0.23093168705556621,0.9034513159375943
0.2202298661960206,0.13668370343011613,0.5340389893916602,0.3788390543850451,0.24974264573977695,0.7589496374177208,0.3617662018564333,0.31047730589843986
0.13037204651524126,0.8925983148667551,0.39783448366258234,0.19546374324644655,0.4345667943968841,0.5688782036402762,0.26325128565829886,0.8341338159237464
0.07456386397132536,0.76911483630584,0.6294996807014366,0.3406491206116871,0.16483762857261255,0.21022378784811876,0.23093111151444318,0.9034489418186122
0.0744927265334197,0.7690435236231781,0.6294940007897409,0.3406274048862301,0.16482475162718146,0.21026837733756745,0.23090259362666288,0.9033875937603553
0.13036884488136635,0.8925956054188111,0.39783379987155065,0.19546369918409723,0.4345666429419948,0.568877098965672,0.26325090196421685,0.8341322331777583
0.07456066233745046,0.7691121268578957,0.6294989969104049,0.3406490765493378,0.1648374771177233,0.21022268317351445,0.23093072782036111,0.9034473590726242
0.22022261696764098,0.13667700348150197,0.5340380855845392,0.3788389977841565,0.2497423943347515,0.7589475401147712,0.3617655705042113,0.3104734054201237
0.18556514362944804,0.7401050112778138,0.8375183193025539,0.4221510371013596,0.11704283309576927,0.519608865938811,0.11851156118604889,0.7864781522541724
0.07447067098998772,0.768989743535152,0.6294747284115823,0.34062384512140875,0.16482557459565864,0.21028457270942305,0.23089458817738562,0.9033952017091891
0.07448592306143553,0.7690377660462966,0.6294925477337986,0.34062731125373774,0.16482442978554174,0.2102660299040333,0.23090177827673858,0.9033842304251307
0.07448432224449814,0.7690364113223244,0.6294922058382828,0.3406272892225631,0.16482435405809706,0.21026547756673117,0.23090158642969755,0.9033834390521367
0.1303596401839761,0.892587815755971,0.39783183397233446,0.19546357250484292,0.43456620750918806,0.5688739230261846,0.263249798843731,0.8341276827830427
0.13037489225542387,0.8926358382671158,0.3978496532945508,0.19546703863717196,0.4345650626990712,0.5688553802207947,0.2632569889430839,0.8341167114989843
0.6680080804684121,0.2901713568705209,0.5021160832706759,0.9917852563526717,0.6191353965136048,0.4471024313321641,0.4619151608427838,0.3194522893229572
0.6680080796880994,0.2901713574536007,0.502116081686085,0.9917852562469572,0.6191353962753202,0.44710243017419005,0.4619151602268955,0.3194522896341928
0.6680080800782557,0.2901713571620608,0.5021160824783805,0.9917852562998144,0.6191353963944625,0.4471024307531771,0.46191516053483966,0.319452289478575
0.6680080816388809,0.29017135599590127,0.5021160856475624,0.9917852565112433,0.6191353968710316,0.44710243306912534,0.46191516176661623,0.31945228885610377
0.6680080847601313,0.29017135366358227,0.5021160919859261,0.9917852569341008,0.61913539782417,0.44710243770102176,0.4619151642301693,0.3194522876111612
0.6680080828093498,0.2901713551212816,0.5021160880244487,0.9917852566698149,0.6191353972284586,0.4471024348060865,0.46191516269044863,0.3194522883892503
0.668008077737318,0.2901713589113,0.5021160777246076,0.9917852559826712,0.6191353956796088,0.4471024272792547,0.4619151586871748,0.3194522904122819
0.668014917780889,0.29016991726622526,0.5021184406453858,0.9917895688246912,0.6191258125027818,0.44712410995153407,0.4619214622624247,0.319450276089135
0.6680149181710453,0.29016991697468536,0.5021184414376813,0.9917895688775484,0.6191258126219239,0.44712411053052115,0.46192146257036887,0.31945027593351727
0.6680149158301075,0.2901699187239246,0.5021184366839084,0.9917895685604051,0.6191258119070703,0.4471241070565988,0.461921460722704,0.31945027686722416
0.6645928548943975,0.2887780184788788,0.5041544135653635,0.9922109584676931,0.6340875156124803,0.4213637318756893,0.409223282202799,0.29383155057680643
0.6680149170005765,0.290169917849305,0.5021184390607949,0.9917895687189767,0.6191258122644971,0.44712410879356,0.46192146164653647,0.3194502764003707
0.6680149154399513,0.2901699190154645,0.502118435891613,0.991789568507548,0.619125811787928,0.44712410647761175,0.4619214604147599,0.31945027702284196
0.668014921682452,0.2901699143508265,0.5021184485683404,0.9917895693532631,0.6191258136942046,0.44712411574140465,0.4619214653418661,0.31945027453295693
0.6680149224627645,0.29016991376774676,0.5021184501529313,0.9917895694589774,0.6191258139324891,0.4471241168993788,0.4619214659577544,0.31945027422172123
0.6680166403743224,0.29016954745279555,0.5021190569271091,0.9917906487398407,0.6191234205509136,0.4471295492919365,0.4619230480874357,0.3194497674896738
0.6680166392038536,0.2901695483274152,0.5021190545502227,0.9917906485812691,0.6191234201934868,0.44712954755497536,0.4619230471636033,0.31944976795652724
0.668016639984166,0.29016954774433545,0.5021190561348137,0.9917906486869835,0.6191234204317714,0.4471295487129495,0.46192304777949156,0.3194497676452916
0.6680166427152601,0.29016954570355635,0.5021190616808819,0.9917906490569839,0.6191234212657672,0.4471295527658589,0.4619230499351006,0.3194497665559669
0.6680166415447912,0.29016954657817595,0.5021190593039955,0.9917906488984123,0.6191234209083405,0.44712955102889773,0.4619230490112681,0.31944976702282035
0.056404374565023285,0.09907937400191211,0.30230629093160266,0.2671064064682473,0.32942411817122047,0.4061552779913709,0.40739718742648645,0.34060068071179816
0.056403574156554614,0.09907869663992605,0.3023061199838447,0.26710639545265996,0.32942408030749815,0.40615500182271985,0.40739709150296594,0.34060028502530115
0.055006757682205754,0.09718299646992618,0.3015308707737068,0.2661849479839208,0.32982263400405704,0.40583736280729477,0.40737757870883334,0.33898564305689705
0.056402373543851525,0.09907768059694697,0.3023058635622078,0.26710637892927896,0.32942402351191463,0.4061545875697432,0.4073969476176852,0.34059969149555563
0.05640157313538274,0.09907700323496085,0.3023056926144499,0.26710636791369163,0.3294239856481923,0.40615431140109215,0.4073968516941647,0.3405992958090586
0.05640077272691407,0.09907632587297477,0.30230552166669195,0.2671063568981043,0.32942394778447,0.4061540352324411,0.40739675577064416,0.3405989001225616
0.056399972318445346,0.09907564851098871,0.30230535071893405,0.26710634588251697,0.32942390992074766,0.40615375906379,0.4073966598471237,0.3405985044360646
0.05639917190997662,0.09907497114900263,0.3023051797711761,0.26710633486692964,0.32942387205702534,0.4061534828951389,0.4073965639236031,0.3405981087495676
0.05639837150150789,0.09907429378701657,0.30230500882341815,0.2671063238513423,0.329423834193303,0.4061532067264878,0.40739646800008267,0.3405977130630706
0.05546703683298704,0.09781031085575956,0.3017881783547101,0.26649196806552244,0.329689501934731,0.4059414532446006,0.40738351985783194,0.3395211683618119
0.05639717088880486,0.09907327774403746,0.3023047524017813,0.2671063073279613,0.32942377739771955,0.4061527924735112,0.40739632411480187,0.34059711953332505
0.05639637048033613,0.0990726003820514,0.30230458145402334,0.2671062963123739,0.32942373953399723,0.40615251630486016,0.4073962281912814,0.34059672384682804
0.05453407220015927,0.09654518297330858,0.3012709135024556,0.26587775716071543,0.329955179185687,0.40572899175589716,0.40737015074526695,0.3384439846112784
0.056395169867633044,0.09907158433907226,0.30230432503238647,0.26710627978899293,0.3294236827384137,0.4061521020518835,0.4073960843060006,0.3405961303170825
0.05639436945916432,0.0990709069770862,0.3023041540846285,0.2671062687734056,0.3294236448746914,0.40615182588323245,0.40739598838248015,0.3405957346305855
0.05639356905069559,0.09907022961510012,0.30230398313687057,0.26710625775781827,0.32942360701096907,0.4061515497145814,0.40739589245895963,0.3405953389440885
0.056392768642226865,0.09906955225311406,0.3023038121891127,0.26710624674223093,0.32942356914724674,0.4061512735459303,0.4073957965354391,0.3405949432575915
0.0563923684379925,0.099069213572121,0.3023037267152337,0.26710624123443727,0.3294235502153856,0.40615113546160475,0.4073957485736789,0.340594745414343
0.05639156802952383,0.09906853621013492,0.3023035557674758,0.26710623021884994,0.3294235123516633,0.4061508592929537,0.4073956526501583,0.34059434972784597
0.05639076762105505,0.09906785884814887,0.30230338481971786,0.2671062192032626,0.32942347448794096,0.4061505831243026,0.40739555672663785,0.34059395404134896
0.8022539735151317,0.18549059152625091,0.39760009551538,0.04420730001090667,0.28653482239218553,0.16751603886837052,0.5935669041369772,0.4968064599289792
0.9708823405894274,0.1606840973495425,0.6401802184234828,0.13380034950445532,0.2758451979996563,0.478915139966735,0.4591043719196157,0.34140536450946124
0.9596303531604645,0.17195835020599687,0.616246442228606,0.12618144962919103,0.26613411653182273,0.4593154104928953,0.4703695274577997,0.3655606994969272
0.9138512584266434,0.12518929734787937,0.6505398444135435,0.14151764638633862,0.24532458346416913,0.5269698761661343,0.46300304349598875,0.33638114551000986
0.9216616899364217,0.14825474357054272,0.623236027221397,0.13135867475524013,0.24579511481494148,0.4914650147594793,0.4729483433621423,0.36213036052281555
0.9708799393640213,0.16068206526358428,0.6401797055802091,0.13380031645769333,0.2758450844084893,0.47891431146078184,0.4591040841490542,0.3414041774499702
0.9026761577116972,0.1364019242098365,0.6267305632961555,0.1339472707948837,0.2356255571609174,0.5075394026397947,0.4742376074290328,0.3604145975060142
0.9138480567927686,0.12518658789993506,0.6505391606225118,0.14151760232398927,0.24532443200927984,0.5269687714915301,0.46300265980190675,0.33637956276402187
0.940642419710334,0.16010349875933247,0.6197404654600908,0.12877001262207258,0.25596444528663165,0.4753889698672574,0.4716585037541287,0.3638437494206348
0.9039668662656746,0.1351913280511039,0.6292797694915214,0.13480125205288507,0.23647568122427476,0.5099501912829647,0.4731723976326271,0.35786274593524153
0.9026729560778224,0.13639921476189218,0.6267298795051239,0.1339472267325344,0.2356254057060281,0.5075382979651903,0.4742372237349508,0.36041301476002613
0.9229451948141805,0.14703805115393545,0.6257836948869415,0.13221255687295552,0.24664489810479795,0.49387331788478966,0.471882270254052,0.3595749477735698
0.9216512846263283,0.14824593786472373,0.6232338049005439,0.13135853155260482,0.24579462258655127,0.49146142456701525,0.4729470963563757,0.36212521659835434
0.9008821066353072,0.1381503208334783,0.6230061026380571,0.13274657101505188,0.23418245399741938,0.5043688498280949,0.47593896628488347,0.36415866440731415
0.8402078291825033,0.2091816669649627,0.3906073479890673,0.03902987109649192,0.30687312363020375,0.13536132548174157,0.5909863136475053,0.5002294787028961
0.802238765754226,0.1854777216485155,0.39759684750797936,0.04420709071474738,0.28653410298146137,0.16751079166400007,0.5935650815900876,0.49679894188553597
0.7832544341422045,0.17362591833078844,0.4010916400043748,0.04679570327777194,0.2763646021230208,0.18358559379729206,0.594854489542259,0.49508377239848017
0.8402058281613314,0.20917997355999754,0.39060692061967256,0.03902984355752359,0.30687302897089797,0.13536063506011387,0.590986073838704,0.5002284894866537
0.7832536337337359,0.17362524096880236,0.40109146905661686,0.04679569226218461,0.27636456425929845,0.18358531762864097,0.5948543936187384,0.4950833767119831
0.9596123439699183,0.1719431095613102,0.6162425959040526,0.12618120177847603,0.2661332645980704,0.45930919669824605,0.47036736917858835,0.36555179655074443
0.7276248129203233,0.10652898732765365,0.3802273014984215,0.017132696156898275,0.327032539978798,0.10841456027684648,0.4623895661277114,0.37696698117486016
0.8026279919805049,0.1526688956986809,0.3657302174189509,0.006162959814235036,0.3679763146280907,0.043903183321560846,0.45721869031791923,0.382748183533884
0.8311235980668878,0.20525418663920011,0.3955842758980666,0.04007606337219838,0.34425235229257095,0.07077782702389729,0.4591774549719445,0.4359211177037272
0.8311231978626537,0.20525384795820706,0.3955841904241876,0.04007605786440471,0.3442523333607098,0.0707776889395717,0.4591774070101842,0.4359209198604787
0.793154934842845,0.18155058000374594,0.4025738608908575,0.045253288498247446,0.32391335057568976,0.10292743129048126,0.46175627087628707,0.43249077872961555
0.8690902602697589,0.22895609986968912,0.3885942635358808,0.03489881070718093,0.36459125935014636,0.038627532335685555,0.45659839925880064,0.4393504674615964
0.7257319231421168,0.6268252385845874,0.04065079758817436,0.07551778294286401,0.4977912099538172,0.4396777869588987,0.3735318360359839,0.34002708351151706
0.8121376656379291,0.19340102859750088,0.39907872649894616,0.04266465390404828,0.33408277570668565,0.0868520768198871,0.4604666710770748,0.4342051568436774
0.8690890596570557,0.22895508382671,0.3885940071142439,0.03489879418379993,0.36459120255456284,0.03862711808270902,0.4565982553735199,0.4393498739318509
0.819742810635911,0.16198142312881955,0.3611981106015352,0.0023404853161173578,0.3786777636657943,0.027405791245281197,0.4559034732023983,0.3822985230228141
0.7447146539372006,0.6386756871783423,0.03715566319626307,0.07292914834866479,0.5079606350848132,0.42360243248830454,0.3722422362367716,0.3417414616255789
0.793152533617439,0.1815485479177877,0.4025733480475837,0.04525325545148548,0.3239132369845228,0.10292660278452809,0.4617559831057255,0.4324895916701245
0.6981650483656341,0.5755023483265569,0.011313388287678527,0.042219602143794166,0.5212491857495485,0.41301363416906006,0.3715857390819692,0.28793048187898346
0.7447134533244976,0.6386746711353632,0.03715540677462614,0.07292913182528382,0.5079605782892297,0.4236020182353279,0.37224209235149086,0.34174086809583337
0.8690870586358841,0.22895339042174484,0.3885935797448491,0.03489876664483155,0.36459110789525706,0.038626427661081264,0.45659801556471863,0.43934888471560835
0.7741670013927144,0.16969572855708154,0.4060678841223423,0.04784185149112902,0.3137436793304987,0.11900099066484343,0.4630452471726161,0.43077382865332314
0.8501023268196283,0.2171012484230247,0.39208828676736557,0.0374873737000625,0.3544215881049553,0.05470109171004778,0.45788737555512965,0.437633517385304
0.801222199873182,0.15076080905732564,0.36495127026061375,0.005237031706360917,0.36837517089124494,0.043585297646321464,0.4571990164305296,0.38112197701239064
0.850101926615394,0.21710090974203167,0.39208820129348665,0.03748736819226878,0.3544215691730941,0.05470095362572219,0.45788732759336936,0.4376333195420555
0.7271516294513776,0.1058900039805761,0.37996698546587154,0.01682482462953383,0.3271651570036142,0.10830646359421064,0.4623822483016475,0.37642399018670314
