ddos,dos,injection,mitm,normal,password,scanning,xss,predicted
0.49041894,0.24574411,0.2423137,0.0131049575,0.0019910526,0.00064402504,0.004453617,0.0013296616,ddos
0.4793677,0.24349894,0.2560541,0.012594275,0.001946851,0.00063415634,0.0044636196,0.0014402607,ddos
0.46421787,0.24624635,0.26817915,0.012987214,0.0018575736,0.00063012925,0.004363606,0.0015182343,ddos
0.44718465,0.2497067,0.28106785,0.013911944,0.0017405758,0.00065411744,0.004161945,0.0015723119,ddos
0.4823752,0.22720948,0.26936004,0.013429806,0.0016955688,0.00064631563,0.0038557951,0.001427796,ddos
0.5471906,0.19201167,0.24260966,0.011296255,0.0016939408,0.00062041305,0.0033918645,0.0011854711,ddos
0.60939854,0.16090365,0.21475537,0.00874965,0.0017434146,0.00060107023,0.0028889987,0.00095932337,ddos
0.67651045,0.12966806,0.18201125,0.006263618,0.0018091957,0.0005657689,0.002414393,0.00075725146,ddos
0.73508805,0.10369208,0.1518511,0.004364138,0.0018609562,0.0005268283,0.002004816,0.0006120398,ddos
0.7753382,0.08722893,0.12960579,0.0032328237,0.001877745,0.00048467232,0.0017084976,0.0005233363,ddos
0.80177104,0.07922051,0.11169916,0.0027547753,0.0019688206,0.0004412811,0.0016843674,0.00046011937,ddos
0.8044254,0.08088855,0.107004665,0.0027810258,0.0021212643,0.00044788365,0.0018644581,0.0004667288,ddos
0.8144312,0.08076997,0.09646786,0.00273381,0.002316212,0.00040271037,0.0024401033,0.00043812976,ddos
0.8315074,0.07541483,0.0836532,0.0028832585,0.002667233,0.00040832532,0.0030296305,0.00043623702,ddos
0.8399852,0.07437442,0.0735843,0.0038402989,0.0031500945,0.00047604778,0.004112371,0.0004771468,ddos
0.8351257,0.0802002,0.06597664,0.00691514,0.004102543,0.00065239397,0.006456829,0.0005705301,ddos
0.80661196,0.094470635,0.06579292,0.014079842,0.005739715,0.0010025938,0.01153404,0.0007683056,ddos
0.76225454,0.11014912,0.06614337,0.027730173,0.008996637,0.0015814445,0.022056712,0.0010880057,ddos
0.7075383,0.12205578,0.065193735,0.04675356,0.013898985,0.0023707983,0.04065855,0.0015302551,ddos
0.6315281,0.1235914,0.05534234,0.08161355,0.022899432,0.0034510328,0.07945036,0.0021237587,ddos
0.5338274,0.11432213,0.043975987,0.118357934,0.038136754,0.0050901454,0.14336272,0.0029268502,ddos
0.34508803,0.092059836,0.02958439,0.16770528,0.06434607,0.00743488,0.28962663,0.0041548996,ddos
0.18256885,0.05288416,0.014287258,0.18253574,0.096809864,0.009906858,0.45581675,0.0051905406,scanning
0.059682406,0.019914284,0.004588052,0.15276103,0.1316068,0.012543557,0.61270833,0.006195628,scanning
0.015926216,0.006477009,0.0012581338,0.11954591,0.1564992,0.015295262,0.6777033,0.0072949002,scanning
0.005260406,0.0026130741,0.0004539747,0.079457216,0.16702197,0.015623801,0.721835,0.0077345055,scanning
0.0025349106,0.0014234146,0.00023206996,0.053266857,0.17101716,0.015376006,0.74815255,0.007997047,scanning
0.0017441504,0.00093678373,0.00016036919,0.038629632,0.18962482,0.01656499,0.7430891,0.009250158,scanning
0.0014352561,0.00069534767,0.00012047374,0.029438272,0.20827547,0.016077187,0.7338367,0.010121239,scanning
0.0012678244,0.00052221515,9.1961054e-05,0.020284781,0.2388511,0.015994765,0.7123299,0.010657516,scanning
0.0012123245,0.00042908618,7.649072e-05,0.014298479,0.27933618,0.0167339,0.67624485,0.01166871,scanning
0.0013173543,0.0004477919,8.045621e-05,0.013415799,0.30887216,0.016699133,0.64668244,0.012484817,scanning
0.0013790145,0.00048152468,8.587048e-05,0.01445409,0.3168272,0.01681072,0.6362218,0.013739796,scanning
0.0014711821,0.0005279241,9.2176284e-05,0.015650911,0.3252149,0.01670597,0.62547463,0.014862362,scanning
0.0016119498,0.0006018951,0.00010498703,0.016777135,0.3308342,0.016450934,0.61703515,0.01658378,scanning
0.0019415537,0.00080107665,0.00013591358,0.020829234,0.32110366,0.016534004,0.61998796,0.018666582,scanning
0.0047558174,0.0023352085,0.00038869953,0.040993236,0.2503372,0.01361675,0.66523397,0.022339009,scanning
0.032843195,0.09815902,0.021872075,0.411932,0.03930841,0.007101974,0.3565184,0.032264978,mitm
0.05766486,0.16785824,0.037405394,0.4282127,0.027092787,0.0055054217,0.24566185,0.030598791,mitm
0.091570176,0.2794067,0.07015454,0.38279814,0.01695434,0.004205133,0.1325044,0.022406511,mitm
0.10339031,0.30261898,0.08623298,0.35305333,0.01589891,0.004274835,0.116625324,0.017905347,mitm
0.103531346,0.26208112,0.082935065,0.37318966,0.023287915,0.0064995545,0.12992805,0.018547257,mitm
0.091878794,0.18567044,0.065713294,0.46183184,0.034192126,0.01397688,0.13126907,0.015467584,mitm
0.06278166,0.09717427,0.039707206,0.60515094,0.041920893,0.03823735,0.1059057,0.009122077,mitm
0.036826484,0.050266948,0.021069294,0.69368327,0.04243718,0.07412738,0.076379634,0.0052097617,mitm
0.024225857,0.030049955,0.012272545,0.7214001,0.042001624,0.09452315,0.07233555,0.0031912867,mitm
0.01800397,0.021133292,0.008174667,0.7256481,0.045572434,0.10983688,0.069132164,0.0024984698,mitm
0.014434459,0.01806637,0.0066162148,0.7430087,0.043272775,0.11251322,0.059760414,0.0023278685,mitm
0.011135986,0.015493631,0.005110761,0.7597245,0.04226038,0.113052994,0.050923314,0.002298502,mitm
0.009134839,0.01375981,0.004052017,0.7774438,0.042450853,0.09710004,0.053861763,0.00219686,mitm
0.007797713,0.012855703,0.0035161595,0.79704636,0.040428896,0.08434388,0.051529747,0.002481549,mitm
0.0073063397,0.012440154,0.003061546,0.7991606,0.041729067,0.08433823,0.048984185,0.0029798737,mitm
0.008931506,0.0129605355,0.0029312202,0.8043483,0.036374416,0.094948314,0.036016602,0.0034892058,mitm
0.01819727,0.02022723,0.0045354646,0.8111012,0.025712954,0.094176546,0.02266051,0.003388836,mitm
0.044001725,0.030827211,0.0071732774,0.73385566,0.033901393,0.12449964,0.021555891,0.0041852016,mitm
0.107399136,0.039970156,0.0096293865,0.5377635,0.06559837,0.20944041,0.024688147,0.0055109034,mitm
0.23393084,0.038362402,0.010121006,0.24113823,0.116358,0.33151883,0.022983914,0.0055867555,password
0.38597155,0.024106693,0.0070606302,0.04273945,0.15865509,0.3599864,0.018275196,0.0032049897,ddos
0.57674664,0.013229824,0.0051035676,0.008980099,0.1533616,0.22614652,0.013977559,0.0024542043,ddos
0.6838563,0.007937904,0.003659501,0.0017615791,0.1654044,0.123878665,0.011449352,0.0020522655,ddos
0.7383731,0.005027632,0.002759667,0.0003808233,0.17148085,0.06986163,0.009777903,0.0023383694,ddos
0.7647262,0.0033252942,0.0021911133,0.00014139303,0.16367613,0.056514937,0.0075666173,0.0018582102,ddos
0.78096366,0.0026196649,0.0019006486,7.5385105e-05,0.16195728,0.04407404,0.00664891,0.0017603457,ddos
0.78992265,0.0023102323,0.0016992274,5.3085005e-05,0.16399309,0.03402368,0.0061572674,0.0018407641,ddos
0.79448164,0.0021554634,0.0015176133,4.300658e-05,0.16773503,0.026410926,0.0056994036,0.001956933,ddos
0.79582906,0.0020761054,0.0013521591,3.708011e-05,0.17261276,0.020808343,0.0052262465,0.002058281,ddos
0.7931351,0.002051478,0.0011979608,3.295683e-05,0.1798577,0.01682371,0.004792122,0.0021089804,ddos
0.7735868,0.0019821364,0.0011324795,3.0854433e-05,0.20151427,0.015052452,0.004349117,0.002351984,ddos
0.7859938,0.0019065744,0.0011165515,3.0170286e-05,0.19106336,0.01273925,0.004158167,0.0029921315,ddos
0.79872555,0.001803963,0.0010973467,3.0094565e-05,0.17868112,0.0114827305,0.004138813,0.004040314,ddos
0.8179272,0.0021236925,0.0014260903,4.582151e-05,0.15353727,0.009735582,0.005782853,0.009421551,ddos
0.809692,0.002605819,0.0019880654,6.900234e-05,0.15429637,0.009873277,0.0074477093,0.0140276905,ddos
0.7962013,0.0028657669,0.0026848274,7.804134e-05,0.1578324,0.011159345,0.008260547,0.020917755,ddos
0.76667726,0.0032503675,0.0038243541,9.442799e-05,0.16787486,0.013284251,0.009552254,0.035442162,ddos
0.7060495,0.0036999623,0.0055026165,0.00012416075,0.18569353,0.016779818,0.011529069,0.07062133,ddos
0.60674477,0.0042892885,0.007356018,0.00021954741,0.19644439,0.020285226,0.013795347,0.15086539,ddos
0.4327551,0.0050802273,0.010254746,0.00038274252,0.19590637,0.021525146,0.017033702,0.31706193,ddos
0.26643452,0.00486864,0.011306421,0.00054496183,0.16671866,0.02030924,0.017314417,0.51250315,xss
0.1167663,0.0031569698,0.008657158,0.000567878,0.10584876,0.01709174,0.012819847,0.73509145,xss
0.04924729,0.0021270732,0.006408838,0.0006537058,0.060829848,0.012797461,0.008565932,0.8593698,xss
0.017302964,0.0013149325,0.0041949674,0.0006965468,0.030553252,0.008369621,0.005332548,0.9322351,xss
0.007277151,0.00086018816,0.0028733944,0.000714454,0.016768552,0.005786026,0.0034547055,0.9622656,xss
0.003399769,0.0005896905,0.0020186736,0.00072908023,0.009485599,0.0039505824,0.0022554619,0.9775712,xss
0.0015973189,0.0003895898,0.0013857362,0.0006804216,0.004969159,0.0025510387,0.001398466,0.98702824,xss
0.0009012581,0.00030400383,0.0010956893,0.00067164475,0.0028576187,0.0016613588,0.00097124605,0.9915372,xss
0.0006369944,0.00029598855,0.0010291346,0.0007997649,0.002015661,0.001154044,0.00079681067,0.99327165,xss
0.0005587836,0.00039324941,0.001296469,0.0010669669,0.0017057654,0.0008834537,0.00089530385,0.9932,xss
0.00054639025,0.0005088485,0.00169699,0.0012192487,0.0016028349,0.0007417215,0.0010766282,0.99260736,xss
0.00064922386,0.00077286205,0.0025530285,0.0015127533,0.001841335,0.0007079883,0.001507041,0.9904558,xss
0.0006797156,0.00082102645,0.002848318,0.0013241816,0.0018560163,0.0006309225,0.0016263543,0.99021345,xss
0.0008106801,0.00086733943,0.003005384,0.0012516148,0.002146654,0.0005933128,0.0018670395,0.98945796,xss
0.00088848046,0.0008926735,0.002988625,0.0014032916,0.0024183658,0.0006047757,0.0021325257,0.9886713,xss
0.0009827847,0.00094386836,0.003033039,0.0016730769,0.0027698874,0.0006448817,0.002511216,0.9874413,xss
0.0011597434,0.0011666816,0.003534993,0.0023234454,0.0035612506,0.00077512057,0.0034216936,0.984057,xss
0.0014346387,0.0014871313,0.0040851515,0.00336154,0.0048255273,0.0009378946,0.004900918,0.97896725,xss
0.0017887856,0.0019034351,0.0046091806,0.0048836917,0.006743194,0.0011906605,0.0072932215,0.97158784,xss
0.0026548505,0.002485352,0.0050368356,0.0067259097,0.009561807,0.001306931,0.01087975,0.96134865,xss
0.003717586,0.0038154891,0.0062423777,0.013051808,0.015044762,0.0018022457,0.019495923,0.93682975,xss
0.004971102,0.0055919727,0.007661689,0.023079315,0.023073582,0.0025014465,0.033211343,0.8999096,xss
0.006503653,0.0077433935,0.008887168,0.03680337,0.035093714,0.0034471862,0.054636635,0.8468848,xss
0.008484821,0.008857537,0.009071523,0.03988393,0.046093933,0.0037423547,0.07402748,0.80983835,xss
0.008581599,0.009049485,0.007649972,0.05081896,0.060191188,0.0042849537,0.101714246,0.75770956,xss
0.0082687475,0.007836229,0.0056723137,0.054491237,0.078609206,0.004728535,0.13364394,0.7067497,xss
0.0073834853,0.0057672723,0.00365425,0.050115075,0.10116138,0.0052248836,0.16800587,0.65868783,xss
0.0073391907,0.003884745,0.001976386,0.04080205,0.16843691,0.006164714,0.24455854,0.5268375,xss
0.00676939,0.0018170669,0.00072492816,0.022313293,0.28793246,0.0072578187,0.31963834,0.35354668,xss
0.006086075,0.00063959253,0.0002253141,0.0074806437,0.4005548,0.008211772,0.33148265,0.2453192,normal
0.0042211916,0.0004964327,0.00014376886,0.0068504643,0.42242846,0.008788084,0.38577142,0.17130016,normal
0.002844913,0.00038338607,8.7852735e-05,0.0053920927,0.45323405,0.0089624,0.45320845,0.07588681,normal
0.0020738677,0.0003507066,7.395791e-05,0.0054817195,0.44354284,0.009777167,0.49044675,0.048252992,scanning
0.0015324015,0.00035029455,7.4776435e-05,0.006678358,0.3999162,0.009666657,0.55625445,0.025526863,scanning
0.0015358961,0.00043832164,9.131372e-05,0.010068839,0.38264915,0.01058329,0.563663,0.03097014,scanning
0.0017024233,0.0006827919,0.00014179034,0.016826667,0.341329,0.010986007,0.58923537,0.03909589,scanning
0.0024617305,0.0016193266,0.0003309794,0.038492985,0.27216676,0.01152348,0.62177813,0.051626638,scanning
0.0046431473,0.005448058,0.00114316,0.09268394,0.20940045,0.011463686,0.5983961,0.07682151,scanning
0.010137422,0.020672396,0.0046595307,0.19710268,0.14841223,0.010781165,0.5043707,0.10386383,scanning
0.017863682,0.04589875,0.00989534,0.27390411,0.13320833,0.01137495,0.39382094,0.11403399,scanning
0.030880833,0.06699911,0.014559164,0.2741478,0.1487071,0.013986076,0.34908435,0.10163555,scanning
0.048594445,0.07043445,0.015175303,0.23934393,0.20089555,0.02129606,0.32229447,0.08196588,scanning
0.077927954,0.06223771,0.014630556,0.14487632,0.31735197,0.035225302,0.28038368,0.06736655,normal
0.1070418,0.04604329,0.0121859405,0.07214785,0.4473999,0.058023006,0.21297808,0.044180088,normal
0.12313118,0.028255152,0.008965038,0.027159229,0.55311304,0.08784085,0.14716525,0.024370154,normal
0.15486622,0.009744175,0.0055249017,0.004192913,0.5656925,0.17283173,0.07741152,0.009736061,normal
0.14622293,0.0047453037,0.0039315573,0.0010550255,0.5529937,0.23815407,0.04801424,0.004883085,normal
0.12634535,0.0028428682,0.002940001,0.00041727576,0.5365073,0.29537195,0.032747287,0.0028279028,normal
0.10433165,0.0019105461,0.0024091408,0.00019970194,0.51672614,0.3483652,0.024247251,0.0018103424,normal
0.07972099,0.0015423986,0.002115799,0.00013027237,0.51417285,0.38188317,0.019143924,0.0012905463,normal
0.0608152,0.0012117717,0.0017316386,9.557688e-05,0.507913,0.4116112,0.01565416,0.0009674197,normal
0.04719262,0.0011059783,0.0015728748,8.064066e-05,0.51604116,0.41897172,0.01425906,0.0007759934,normal
0.0384054,0.0010450084,0.0014405644,7.477093e-05,0.5239778,0.42091358,0.013470045,0.00067288266,normal
0.033151507,0.0010391751,0.0012831884,6.573384e-05,0.5513959,0.40062302,0.011839866,0.0006016354,normal
0.036213525,0.0009797858,0.0012616834,5.6831763e-05,0.54501766,0.40527394,0.010616479,0.00058015244,normal
0.039550398,0.0030614464,0.0046581314,0.00031648448,0.48767337,0.43721405,0.025898855,0.0016273359,normal
0.04190156,0.003298093,0.005262994,0.0003750622,0.47693047,0.441892,0.028200902,0.002138829,normal
0.043281417,0.0032543244,0.005192256,0.00037940903,0.4714677,0.44460142,0.029158298,0.0026651917,normal
0.043019515,0.0035460666,0.005547294,0.0004697544,0.46638492,0.44633684,0.031057578,0.0036380594,normal
0.05099245,0.007957577,0.013139626,0.0016319482,0.4455654,0.41577032,0.054968074,0.009974601,normal
0.05023675,0.01063562,0.017024953,0.0027725778,0.42878774,0.40938446,0.06358908,0.017568832,normal
0.04849292,0.014546706,0.024916636,0.0044640484,0.38784125,0.40690735,0.07549952,0.03733165,password
0.051273644,0.027923102,0.045950714,0.01016371,0.36414087,0.3342499,0.09508562,0.07121242,normal
0.051412243,0.044665955,0.06985312,0.017996427,0.3315944,0.26747826,0.10413093,0.1128686,normal
0.051361397,0.061398145,0.09124032,0.025669742,0.29923746,0.21354058,0.103803776,0.1537486,normal
0.047957186,0.07191879,0.10147361,0.033303656,0.25981995,0.18039687,0.09603716,0.20909277,normal
0.045359723,0.07964003,0.11006893,0.03604092,0.22756112,0.15130454,0.08853152,0.2614932,xss
0.044548605,0.08541614,0.113011815,0.040594116,0.20792152,0.11935314,0.08501803,0.3041367,xss
0.046369646,0.0897801,0.11406044,0.042092822,0.20178749,0.10018857,0.08096925,0.32475162,xss
0.05056397,0.10118278,0.122403264,0.04226706,0.20247634,0.08598172,0.07396088,0.32116392,xss
0.057468135,0.11523262,0.13715382,0.040426347,0.20311038,0.07148168,0.06529271,0.30983427,xss
0.075273395,0.16640332,0.18753904,0.03918512,0.19280662,0.05329165,0.056232445,0.22926837,xss
0.09045365,0.20527227,0.23915793,0.033669192,0.16913407,0.04182908,0.048560992,0.17192289,injection
0.0983391,0.23665519,0.27230746,0.029796846,0.15342268,0.03858971,0.040184256,0.13070469,injection
0.10457482,0.2534467,0.29145455,0.026048563,0.14930545,0.040056255,0.03587063,0.099243045,injection
0.10966913,0.26433924,0.29885322,0.023750272,0.14809598,0.039581224,0.034009725,0.081701234,injection
0.11196621,0.27082637,0.2952599,0.026109114,0.14427038,0.04174719,0.031016083,0.07880476,injection
0.119793795,0.2764012,0.29390216,0.024811292,0.1420392,0.041383624,0.027303316,0.07436549,injection
0.13754588,0.2695468,0.27703807,0.023992945,0.15024571,0.044692405,0.021562709,0.07537542,injection
0.16922416,0.25035727,0.24581458,0.022032164,0.16449909,0.053947598,0.016274352,0.077850856,dos
0.20709272,0.20270771,0.18473893,0.019835128,0.20384625,0.083031766,0.011426698,0.08732076,ddos
0.28046376,0.11132155,0.10366349,0.012173406,0.22435494,0.15595858,0.0063521937,0.10571207,ddos
0.35099342,0.10172579,0.08677783,0.010803561,0.18624331,0.17050253,0.004607934,0.08834567,ddos
0.46062183,0.117252216,0.09532236,0.009697068,0.12018241,0.1406809,0.0033505964,0.052892633,ddos
0.57239324,0.1322102,0.10275103,0.007021115,0.068960555,0.08998442,0.0020334043,0.024645993,ddos
0.63835394,0.13356556,0.09580858,0.004973376,0.04647882,0.06769989,0.0012282676,0.011891525,ddos
0.675429,0.13504463,0.08947399,0.0033899373,0.038112197,0.051331934,0.0008746617,0.006343645,ddos
0.67401266,0.12748285,0.052544296,0.0027197234,0.06415268,0.07422271,0.0006815958,0.004183503,ddos
0.62021446,0.11536591,0.031836793,0.0025972438,0.11363071,0.112082414,0.0006625947,0.0036098799,ddos
0.681922,0.09129862,0.021924837,0.001613152,0.110301256,0.08967582,0.0006301171,0.0026341055,ddos
0.7850964,0.0945794,0.023222946,0.001335751,0.049543064,0.043986857,0.0004619903,0.0017736797,ddos
0.80194885,0.12458885,0.033534218,0.0014046171,0.016344173,0.020546047,0.000315255,0.001317928,ddos
0.7818412,0.14592533,0.05502116,0.0018046065,0.0053374195,0.0088258665,0.00024121937,0.0010031236,ddos
0.8294898,0.10784297,0.05510305,0.0014566754,0.002759964,0.0027041691,0.00025441663,0.00038891958,ddos
0.7689669,0.12163804,0.10419057,0.0017143175,0.0012719979,0.0016464221,0.00023097722,0.00034067093,ddos
0.71811944,0.117609,0.16001603,0.0017188723,0.00080352835,0.0012595031,0.00021911714,0.00025449324,ddos
0.7574559,0.09001539,0.14845632,0.0013391072,0.0008155891,0.0015216476,0.0001911529,0.00020498286,ddos
0.8322608,0.06248841,0.10028606,0.0009867627,0.001226431,0.0023887747,0.00017041479,0.00019228016,ddos
0.90582067,0.034570172,0.049995188,0.00071951066,0.0029467724,0.005570241,0.00016349569,0.00021397212,ddos
0.9123395,0.018068027,0.018652655,0.00074949214,0.017952694,0.03155277,0.00025229252,0.00043251892,ddos
0.65651095,0.012360324,0.0079112025,0.0013110542,0.11183278,0.20800628,0.00066328084,0.0014041099,ddos
0.28674,0.008234985,0.0032750496,0.0018225937,0.2243482,0.47193316,0.0011808826,0.0024651513,password
0.15617564,0.0073220218,0.0019050026,0.002255804,0.2716377,0.55576193,0.0019858403,0.0029560465,password
0.104503624,0.0071841553,0.001240352,0.0025019075,0.27791184,0.6004198,0.0026994974,0.003538756,password
0.08233179,0.0069324663,0.0008702254,0.0025199472,0.2788263,0.6202521,0.0037067842,0.004560351,password
0.08652039,0.0081175165,0.0009128702,0.0026617222,0.21642724,0.6777929,0.0032190646,0.0043483158,password
0.0897944,0.012288582,0.0014280978,0.004307123,0.17378253,0.7115997,0.0026990043,0.0041005504,password
0.08210828,0.012551201,0.0011992063,0.0051400918,0.17655651,0.7113637,0.0038355873,0.0072454335,password
0.060611755,0.013440367,0.00095652085,0.0066545997,0.17081344,0.7326095,0.0052826516,0.009631227,password
0.040817205,0.014159833,0.00079224346,0.009262645,0.1316112,0.78907543,0.0054107774,0.008870637,password
0.015708933,0.016261874,0.0005665179,0.014820842,0.0677445,0.878335,0.0035978,0.002964591,password
0.011995632,0.013392009,0.0006718232,0.015088477,0.03690529,0.91807777,0.002284004,0.0015848487,password
0.009726806,0.012745742,0.000979976,0.015299253,0.021506855,0.93710846,0.0016784756,0.00095437217,password
0.008387459,0.017060695,0.002252115,0.022502406,0.014183162,0.9328898,0.0019214153,0.0008029532,password
0.008987361,0.022696799,0.0050840466,0.030821498,0.013416438,0.91542524,0.002657048,0.0009115502,password
0.009616388,0.022529414,0.008749175,0.030936597,0.0182472,0.90489095,0.004082192,0.000948137,password
0.0106149735,0.019360906,0.011986812,0.024610052,0.030491224,0.895855,0.006151134,0.00092987175,password
0.011031655,0.017700763,0.015961573,0.016310178,0.04429081,0.8861674,0.007806457,0.0007310967,password
0.013039468,0.02209675,0.025933092,0.012396895,0.06477274,0.85024285,0.010826611,0.0006916747,password
0.017233381,0.035398815,0.049966738,0.010616413,0.10184625,0.7663686,0.017777855,0.00079190766,password
0.02296249,0.06447155,0.09976458,0.0102149835,0.15714599,0.6127486,0.03167427,0.0010174592,password
0.026714709,0.114110544,0.17530152,0.010896068,0.20418152,0.41640556,0.051094852,0.0012952494,password
0.026709672,0.17227742,0.25634405,0.010325076,0.23207267,0.22753336,0.073144995,0.0015927544,injection
0.023377413,0.22786355,0.3129148,0.010361189,0.2232828,0.11383337,0.086455554,0.001911328,injection
0.01987519,0.27430576,0.344194,0.010756421,0.19945587,0.061388835,0.08784446,0.0021794832,injection
0.017140498,0.31228346,0.3609654,0.010990855,0.17582941,0.03768732,0.08280459,0.0022984957,injection
0.01551374,0.33770764,0.3680569,0.011181461,0.16083941,0.026812935,0.07755469,0.002333176,injection
0.01692395,0.34398168,0.38329083,0.011043545,0.15333691,0.020367673,0.068372846,0.0026825233,injection
0.016065609,0.3550702,0.38566196,0.009954726,0.15234244,0.014992083,0.06306412,0.002848842,injection
0.0151392985,0.36286876,0.38424075,0.009007277,0.15326607,0.0115142735,0.06091691,0.0030467336,injection
0.014247531,0.3652054,0.38586852,0.008526919,0.1526269,0.009570847,0.060600553,0.0033533324,injection
0.014515204,0.35788584,0.38813978,0.009265985,0.15531468,0.009326641,0.061660122,0.003891754,injection
0.014637042,0.34960943,0.39181212,0.009902298,0.15685211,0.009400361,0.063440755,0.004345862,injection
0.013563312,0.33026776,0.44193777,0.01871141,0.1140603,0.010867016,0.063882664,0.0067097316,injection
0.013327946,0.32333887,0.44932035,0.027780117,0.096818835,0.011006868,0.069917254,0.008489749,injection
0.013667271,0.31848457,0.45713508,0.031034268,0.087917134,0.01193021,0.06936198,0.010469484,injection
0.014176205,0.3104065,0.46791118,0.033396576,0.080268905,0.013580866,0.06680701,0.0134526985,injection
0.0149096465,0.2987264,0.46829972,0.04007414,0.076466516,0.015141522,0.06782628,0.018555751,injection
0.015332055,0.29227364,0.45364022,0.052009,0.071946956,0.017497087,0.06960985,0.027691226,injection
0.017031528,0.26780677,0.43540958,0.06209315,0.07723483,0.022363279,0.071572684,0.046488237,injection
0.018649234,0.23491493,0.3999088,0.0752371,0.0815266,0.027824039,0.07419848,0.08774079,injection
0.018641045,0.19761786,0.3288022,0.10037655,0.07853608,0.03038421,0.076481864,0.16916017,injection
0.016894441,0.14854158,0.23662673,0.12170942,0.0700431,0.029065417,0.07489927,0.30222,xss
0.0134629775,0.0912757,0.14453343,0.11316067,0.05567862,0.023401298,0.06383084,0.49465647,xss
0.00861481,0.04481834,0.07041181,0.08646203,0.035366565,0.015197766,0.044924326,0.69420445,xss
0.004400465,0.01906958,0.028087743,0.063013375,0.018347556,0.008242146,0.027881091,0.83095795,xss
0.0020242464,0.006874015,0.01051751,0.034591984,0.008498899,0.0042832033,0.015822504,0.9173876,xss
0.0008111599,0.0021856332,0.0034834445,0.016834935,0.0035049296,0.0020730156,0.008325953,0.9627809,xss
0.00030718613,0.00065976323,0.0011015201,0.0077181556,0.001387335,0.0010091388,0.0043012938,0.98351556,xss
0.00012187781,0.00021239594,0.00035409475,0.0038536363,0.0006007346,0.0005379229,0.0024300467,0.9918893,xss
5.9187707e-05,8.242901e-05,0.00013661494,0.00214125,0.00031387043,0.00032677472,0.0016192149,0.9953206,xss
3.2302367e-05,3.9086917e-05,6.7246016e-05,0.0012561085,0.00017314756,0.00021349493,0.0011647838,0.99705386,xss
2.314695e-05,2.4923536e-05,4.312533e-05,0.0008795994,0.00012254875,0.00016294511,0.0010382817,0.9977054,xss
2.2403161e-05,1.8875482e-05,3.505307e-05,0.00065126945,0.00010419433,0.0001427562,0.0010054249,0.99801993,xss
2.554452e-05,1.9622534e-05,3.656401e-05,0.0006617864,0.00012666498,0.0001784863,0.0009988926,0.99795246,xss
2.9105293e-05,2.225171e-05,4.3920867e-05,0.0006430091,0.00018014581,0.0002526924,0.0010836407,0.9977452,xss
3.0139516e-05,2.907187e-05,5.5477045e-05,0.00092899264,0.00021462323,0.00027424825,0.0014593017,0.99700826,xss
4.9634364e-05,3.7071044e-05,7.555781e-05,0.0011668783,0.00032911403,0.00038011427,0.002078167,0.9958834,xss
9.7753466e-05,5.497358e-05,0.00010001246,0.0012626008,0.0005730824,0.00046751683,0.0024317787,0.9950122,xss
0.00047068225,9.9691475e-05,0.00018859304,0.001234917,0.0016719525,0.00087459723,0.0037335155,0.99172604,xss
0.0020415692,0.00023028198,0.00036347006,0.0015706697,0.0062417667,0.0017825537,0.006797777,0.98097193,xss
0.0110451905,0.0007016724,0.0009261934,0.0020228156,0.023116631,0.0038443229,0.013528565,0.94481456,xss
0.14078896,0.004077659,0.0042170514,0.0026238523,0.09907464,0.008667715,0.029255075,0.711295,xss
0.71436656,0.011943232,0.009423704,0.0013594687,0.10719072,0.006363846,0.022229534,0.12712288,ddos
0.91586566,0.014224307,0.008420585,0.0004048481,0.039965186,0.002096924,0.008706769,0.010315646,ddos
0.94191474,0.016837273,0.0074736257,0.00028449463,0.02366724,0.0011504027,0.006504559,0.002167752,ddos
0.93034405,0.024961349,0.008931924,0.00067788846,0.022988856,0.0012313654,0.00911449,0.0017500578,ddos
0.8990298,0.039366987,0.010635776,0.0019315259,0.029909875,0.0018030074,0.015444928,0.0018781549,ddos
0.83464426,0.067789964,0.013942286,0.00634338,0.042691547,0.002972144,0.028941555,0.0026748644,ddos
0.7042987,0.124101646,0.02018263,0.022647073,0.061845124,0.0050901733,0.057084102,0.004750485,ddos
0.48840627,0.20369942,0.028829727,0.079201765,0.0789783,0.008645866,0.10272147,0.009517109,ddos
0.2162281,0.25118178,0.03212349,0.24028605,0.08083021,0.012078433,0.14969265,0.017579341,dos
0.04586766,0.18888651,0.023966357,0.5190899,0.04613683,0.010281681,0.14245965,0.023311436,mitm
0.0071856934,0.0888856,0.015058598,0.7604306,0.018177995,0.009242638,0.07664231,0.024376579,mitm
0.0029331069,0.061754085,0.013804232,0.83102244,0.009587864,0.00828113,0.049085084,0.02353203,mitm
0.0022992487,0.06357539,0.017621607,0.8381278,0.006930613,0.0070365123,0.040824857,0.02358402,mitm
0.0027627256,0.07678981,0.02330621,0.8154963,0.007126179,0.006948383,0.041845426,0.025724951,mitm
0.003895141,0.104266115,0.032210577,0.76291704,0.010012262,0.0094724875,0.04725947,0.029966896,mitm
0.0065177493,0.16083549,0.05472627,0.64214206,0.017508378,0.019581947,0.06528677,0.033401348,mitm
0.013063168,0.24188274,0.10977454,0.41392642,0.035936017,0.06371982,0.087343976,0.03435334,mitm
0.013897288,0.23614585,0.14455879,0.38234374,0.030805146,0.1117204,0.061254732,0.019274006,mitm
0.01579713,0.2290621,0.18051468,0.28355935,0.03129859,0.20312805,0.04623358,0.01040651,mitm
0.015186819,0.17310752,0.14733765,0.21179923,0.028388418,0.3903959,0.028647453,0.0051370035,password
0.013296279,0.13366497,0.11093873,0.17139797,0.024084434,0.5243793,0.019166019,0.003072292,password
0.011224904,0.09648351,0.07728347,0.12668298,0.02142841,0.6507266,0.013852951,0.0023171855,password
0.007855533,0.042395428,0.03419929,0.05810545,0.017721873,0.8307865,0.007450087,0.0014857486,password
0.0044342047,0.015010317,0.012327082,0.020522835,0.013004067,0.93025315,0.003520428,0.00092797814,password
0.0019837557,0.0035306308,0.003239393,0.0058423243,0.0062029567,0.97748566,0.0012241589,0.0004911411,password
0.002796672,0.0068395496,0.006405645,0.013434518,0.004942654,0.9638792,0.0011854249,0.0005163772,password
0.0018323617,0.0035669145,0.0031839302,0.008060238,0.00333265,0.97880656,0.0007723014,0.00044511192,password
0.0017732965,0.0029738324,0.0024739173,0.006607208,0.0027755776,0.9822903,0.00064877985,0.00045706777,password
0.0021349066,0.0029701309,0.0024480305,0.0059027025,0.0025630307,0.9828568,0.0006320241,0.00049230084,password
0.0032693215,0.0033789317,0.0031768684,0.005400432,0.0027659745,0.9807311,0.0007297477,0.0005477088,password
0.006392607,0.007523739,0.0077634295,0.011015345,0.0046270764,0.9599736,0.0015239246,0.0011804245,password
0.012607951,0.016878622,0.019501021,0.023750082,0.008171561,0.913206,0.0033449875,0.002539802,password
0.024368113,0.032013696,0.044023335,0.050953813,0.013984198,0.8214946,0.0075881393,0.005574135,password
0.034320652,0.05041289,0.07199393,0.07313233,0.020586021,0.7291648,0.013044098,0.0073453058,password
0.040171057,0.057703972,0.08910502,0.0726423,0.02384913,0.6919606,0.016116373,0.008451632,password
0.047053847,0.06203875,0.10146994,0.06302236,0.029399376,0.669053,0.018630104,0.009332651,password
0.057479125,0.07081976,0.11390078,0.058396608,0.040378515,0.6248642,0.023356367,0.010804657,password
0.067913175,0.07658393,0.115591265,0.051183358,0.05764405,0.5906042,0.02749867,0.012981253,password
0.09175125,0.08926112,0.13152134,0.054790784,0.077395074,0.5015282,0.03448423,0.019268064,password
0.1349909,0.098378405,0.14483236,0.058091726,0.115152925,0.36985424,0.04177968,0.036919717,password
0.13379642,0.079085104,0.09396379,0.047410946,0.19323148,0.36081922,0.03718489,0.05450823,password
0.08958514,0.04447665,0.035716116,0.034424406,0.3127371,0.37838256,0.024536883,0.0801411,password
0.029461466,0.014273102,0.00595372,0.01908176,0.40780285,0.42153227,0.010735804,0.09115895,password
0.0068820687,0.0035083874,0.00068230083,0.008038847,0.44322607,0.46113124,0.0038043852,0.07272677,password
0.0039939526,0.0018986313,0.00025629177,0.0038983587,0.47917402,0.47087738,0.001928501,0.03797283,normal
0.0042034304,0.0016763353,0.0001930406,0.0017975962,0.5600188,0.41702884,0.0011560344,0.01392595,normal
0.0069660274,0.0019454713,0.0002033471,0.001029352,0.6718703,0.3103596,0.00091502577,0.0067109126,normal
0.010055912,0.0024685375,0.00023117074,0.00047543953,0.7906929,0.19331235,0.0007091545,0.0020545768,normal
0.012944701,0.0028875184,0.00023570925,0.00025591438,0.8718176,0.110233985,0.0007119555,0.00091259484,normal
0.012820232,0.003000903,0.00021089187,0.00017058408,0.9138201,0.06861292,0.000800119,0.00056428334,normal
0.011703303,0.0028371685,0.00017318586,0.00013985643,0.9386187,0.04503961,0.0010735161,0.00041464771,normal
0.011455903,0.002660131,0.0001685304,0.00013804776,0.9412147,0.042633455,0.0013315511,0.00039761583,normal
0.011534242,0.0026707707,0.0001735767,0.00014905649,0.9430238,0.04032515,0.0017235727,0.0003998743,normal
0.009573299,0.0023049316,0.00013986738,0.00014292148,0.94987315,0.035672255,0.0019756504,0.00031783633,normal
0.008673685,0.0020815402,0.0001207732,0.00014912988,0.95609474,0.030146612,0.0024700253,0.00026352183,normal
0.007998245,0.002045505,0.00010852448,0.00018007545,0.9615673,0.0244976,0.0033695519,0.00023329933,normal
0.0082348585,0.0025626763,0.00012233028,0.00028377562,0.9622624,0.02158746,0.0046582804,0.0002882549,normal
0.008260943,0.0036874437,0.00014305409,0.00071264943,0.95698667,0.02106878,0.008690275,0.0004501813,normal
0.008536248,0.0060686427,0.00019177547,0.002310726,0.94166964,0.02057046,0.019756397,0.00089611573,normal
0.008752961,0.010327254,0.00028183882,0.007848071,0.89960915,0.02229317,0.048815634,0.0020719934,normal
0.008391778,0.015852913,0.00040055817,0.024740214,0.79930776,0.026366806,0.120063074,0.0048768576,normal
0.0062556798,0.018957393,0.00048420634,0.07665957,0.55954343,0.03477875,0.29163927,0.011681706,normal
0.0039452096,0.015976774,0.0004544435,0.13800487,0.31454328,0.03917582,0.46938005,0.01851959,scanning
0.0033506195,0.017759506,0.00058408844,0.21880843,0.15576309,0.038166415,0.5412298,0.024338089,scanning
0.015449582,0.114260375,0.006131061,0.50020677,0.032636903,0.020447833,0.2890461,0.021821313,mitm
0.057791892,0.41188842,0.05027511,0.38722572,0.005694075,0.0062467204,0.06963646,0.011241571,dos
0.073866576,0.47400153,0.07369571,0.3104971,0.0040742448,0.004259259,0.049668107,0.009937489,dos
0.07705509,0.48261297,0.07953945,0.28938833,0.004359462,0.004051963,0.0512999,0.011692786,dos
0.078023374,0.4807151,0.07469688,0.2738038,0.0058742105,0.0044766995,0.06625143,0.016158493,dos
0.070384674,0.4526051,0.059987526,0.2794053,0.008814995,0.0053067314,0.09986792,0.023627793,dos
0.057354588,0.3832622,0.042318456,0.3204739,0.013131224,0.0070529073,0.13916391,0.037242763,dos
0.05425558,0.32155517,0.029320555,0.34392565,0.018738583,0.008623738,0.1758235,0.04775723,mitm
0.05935672,0.29287434,0.024105242,0.35694328,0.02206677,0.009972373,0.18437862,0.050302617,mitm
0.07338835,0.26928273,0.023370218,0.35324973,0.025713215,0.012002571,0.19285725,0.05013596,mitm
0.092876576,0.2491915,0.02499118,0.34247556,0.03194966,0.017079026,0.19126788,0.05016864,mitm
0.13364142,0.2296501,0.027647603,0.2951156,0.045711882,0.027855832,0.19182138,0.04855622,mitm
0.19980735,0.19928022,0.028313003,0.22216637,0.06940497,0.04831013,0.19055474,0.042163163,mitm
0.34917715,0.13530762,0.027466828,0.09663241,0.10681262,0.09878559,0.15684287,0.028974954,ddos
0.45468602,0.06939736,0.018675966,0.026472613,0.14269564,0.17149402,0.10355472,0.013023614,ddos
0.46722516,0.027907817,0.010427916,0.0056418045,0.1676069,0.25490656,0.061222523,0.005061372,ddos
0.41645098,0.012970129,0.0059020454,0.0018239561,0.19333963,0.32414094,0.042625807,0.0027464656,ddos
0.34255075,0.0066712634,0.0035486913,0.00072342926,0.22376037,0.3905788,0.030345414,0.0018212731,password
0.3162107,0.0032174783,0.002263512,0.00031339884,0.25183076,0.39924034,0.025657281,0.001266483,password
0.27085206,0.0018706174,0.001481739,0.00016982445,0.30907282,0.39231503,0.023236454,0.0010014734,password
0.22717187,0.0013025115,0.0011904071,0.00011818377,0.35118315,0.39851993,0.019490713,0.001023215,password
0.1847311,0.0009585322,0.0010450087,8.8461195e-05,0.3914866,0.40487245,0.015712744,0.0011051234,password
0.15489012,0.0007863467,0.0009715823,7.221085e-05,0.41825736,0.41070634,0.013216861,0.0010992041,normal
0.12676832,0.00063789485,0.00080921175,5.634662e-05,0.44633234,0.41316426,0.011194209,0.0010373628,normal
0.10314076,0.0005469986,0.0006661987,4.4742268e-05,0.46955997,0.41528362,0.00987566,0.00088204147,normal
0.08652587,0.00053305,0.0007015647,4.0088897e-05,0.47211096,0.43034366,0.009008569,0.0007362504,normal
0.07211544,0.00049123465,0.0006123337,3.22276e-05,0.4876355,0.4303179,0.008197413,0.0005979962,normal
0.064400375,0.0006806984,0.00086560857,6.112973e-05,0.43938065,0.48132062,0.012430484,0.0008603381,password
0.070589334,0.0015112989,0.0019942431,0.00019348232,0.44003004,0.4600996,0.023874192,0.0017078079,password
0.08060925,0.0030166672,0.003911721,0.00050093594,0.46469015,0.40263537,0.041594654,0.003041277,normal
0.08915706,0.0052165333,0.006522096,0.0010516286,0.48822263,0.34083155,0.0642944,0.0047042016,normal
0.09461968,0.007926455,0.009519327,0.0018278285,0.5022425,0.28847545,0.08893602,0.0064527104,normal
0.1023054,0.01216869,0.014195376,0.0028174024,0.50953436,0.24677932,0.10365281,0.008546581,normal
0.10131624,0.017105645,0.019756977,0.0042776833,0.48636362,0.2414026,0.11630296,0.013474283,normal
0.09619173,0.021870473,0.025116468,0.005443128,0.47658256,0.22380354,0.13261388,0.01837819,normal
0.09564563,0.024893973,0.030016838,0.005895221,0.47160152,0.21607913,0.13172014,0.024147622,normal
0.09822272,0.028651671,0.03627592,0.005914772,0.46776608,0.21227044,0.120779395,0.030118972,normal
0.10562109,0.035208248,0.04760283,0.0062146424,0.46134225,0.20226239,0.10298211,0.03876644,normal
0.11478842,0.055396196,0.079029426,0.008722203,0.42120054,0.17651983,0.08850841,0.055834945,normal
0.11533969,0.10270996,0.14107639,0.014858373,0.33454707,0.13465035,0.07665178,0.080166385,normal
0.106189646,0.15227047,0.19410494,0.021093769,0.25765002,0.09555727,0.0650711,0.10806289,normal
0.097305916,0.18460578,0.21952185,0.025195464,0.211756,0.069720626,0.05819845,0.13369586,injection
0.09027812,0.20511398,0.23385721,0.027619524,0.1843137,0.054062925,0.058392968,0.14636165,injection
0.08608388,0.21463443,0.24730983,0.027605562,0.1677015,0.044583388,0.060871206,0.15121019,injection
0.083972044,0.22635813,0.26308098,0.026125556,0.1555269,0.037931427,0.06562591,0.14137898,injection
0.08716393,0.23338543,0.27796888,0.0225372,0.15057483,0.033058256,0.067211956,0.1280995,injection
0.09322869,0.23941168,0.28947467,0.019219764,0.14757812,0.029979175,0.061695848,0.11941198,injection
0.104618795,0.24504034,0.2966784,0.016013177,0.14980471,0.029948626,0.05110631,0.10678956,injection
0.1340315,0.22317879,0.2807827,0.011673356,0.17945452,0.03230048,0.03509205,0.10348671,injection
0.23889004,0.15769067,0.22941084,0.0051740543,0.24585794,0.047914423,0.014075482,0.060986556,normal
0.4354486,0.07479177,0.13726531,0.0012542886,0.26931733,0.061542053,0.0034801548,0.016900552,ddos
0.4519763,0.06594923,0.12845676,0.00097538787,0.2607977,0.08018693,0.002374796,0.00928282,ddos
0.4178491,0.065894775,0.12437348,0.0009005729,0.289766,0.092146896,0.002405566,0.0066636275,ddos
0.33971387,0.067846894,0.10333175,0.00086289464,0.3668686,0.112943046,0.0026564288,0.0057764933,normal
0.261657,0.06942938,0.084301956,0.00073041796,0.4648493,0.111004606,0.003199399,0.004827946,normal
0.17911075,0.060956728,0.056859273,0.0005689992,0.6000592,0.0951059,0.0037133764,0.0036257512,normal
0.1088374,0.05007665,0.034160405,0.00044082932,0.7140036,0.08596694,0.0036860926,0.0028280665,normal
0.06460251,0.035172552,0.01869219,0.00030295036,0.8097825,0.06590427,0.0035114593,0.0020315077,normal
0.03734293,0.022166593,0.009508411,0.00019585765,0.8788985,0.04732752,0.0031429434,0.0014172761,normal
0.022131981,0.012729953,0.004641536,0.00011794972,0.9263121,0.030305246,0.0028211747,0.0009400638,normal
0.014094051,0.008094601,0.0024575612,8.092313e-05,0.9487835,0.023312798,0.0024246378,0.00075183425,normal
0.010055271,0.0057637035,0.0015021093,6.222921e-05,0.96103376,0.018766878,0.0021747507,0.00064131635,normal
0.0078581255,0.004518874,0.001049448,5.241208e-05,0.9684086,0.015499347,0.0020437774,0.00056952686,normal
0.0067192935,0.0036858427,0.0007992164,4.5475364e-05,0.9742056,0.011997626,0.0020589891,0.0004878822,normal
0.005869127,0.00353463,0.0006663959,4.4069508e-05,0.9758152,0.01171406,0.0018981827,0.00045840922,normal
0.0052438322,0.0031023477,0.0005705622,4.206809e-05,0.9792382,0.009453856,0.0019441631,0.00040493737,normal
0.0046486477,0.002054627,0.00043640385,3.529136e-05,0.98428875,0.005610253,0.0026344084,0.0002915658,normal
0.004702531,0.0020900245,0.00044880467,3.6402198e-05,0.9843247,0.0054780035,0.0026293893,0.0002901189,normal
0.0047247745,0.0021634935,0.00048056274,4.206407e-05,0.984353,0.0051684417,0.0027663286,0.00030140995,normal
0.0048943423,0.0021531049,0.00047435393,4.5605317e-05,0.98442787,0.0049945572,0.0027219816,0.0002881641,normal
0.00491096,0.0023593553,0.0005118452,5.6751356e-05,0.9841225,0.004879716,0.0028268385,0.000332009,normal
0.0050502676,0.0027687305,0.0005557948,8.2572624e-05,0.9831971,0.0049960474,0.0029736678,0.0003757837,normal
0.005704996,0.0038989116,0.0006964861,0.00015700431,0.98031676,0.005223895,0.0035242497,0.00047761193,normal
0.008195119,0.009928933,0.0016074525,0.00067522074,0.9651944,0.00704968,0.0063984175,0.0009507326,normal
0.01685198,0.062750585,0.011440621,0.011814062,0.8488111,0.016679714,0.026972143,0.0046798163,normal
0.019583676,0.17046838,0.040060256,0.106925115,0.5416625,0.029107362,0.07623403,0.01595861,normal
0.014047042,0.16420045,0.042139318,0.24293004,0.3870375,0.031906445,0.09598779,0.021751393,normal
0.009752433,0.12651026,0.03151699,0.33673567,0.34568176,0.034761343,0.09310048,0.021941124,normal
0.006983847,0.093378045,0.020725545,0.35168597,0.38611862,0.038440976,0.08231498,0.020351943,normal
0.0050112656,0.065537006,0.0118359765,0.28730518,0.50579906,0.042467143,0.06447523,0.017569095,normal
0.0036376156,0.04133767,0.005720172,0.16616581,0.6864148,0.041824896,0.042411312,0.012487761,normal
0.002717413,0.02215094,0.002239896,0.060649242,0.8506844,0.03318253,0.021988666,0.0063870302,normal
0.0021850355,0.010533916,0.00074295804,0.01534768,0.9371977,0.021776227,0.009727134,0.0024893102,normal
0.0020093045,0.006007059,0.00031263535,0.004877054,0.9646783,0.015897388,0.0050566504,0.0011616361,normal
0.0020073908,0.0046365615,0.00020107858,0.0026137717,0.9724139,0.013688296,0.00365086,0.0007882213,normal
0.0020636898,0.0044408306,0.00017203312,0.0021453002,0.9740138,0.013152659,0.0033119258,0.00069982815,normal
0.002280902,0.005055475,0.00019395736,0.0023115913,0.9727951,0.013218761,0.003361279,0.00078280224,normal
0.002445171,0.0055065793,0.00021271531,0.002657825,0.9718407,0.013201782,0.003311537,0.0008236757,normal
0.003103259,0.0069864998,0.00027375718,0.0026816197,0.96811086,0.014587719,0.0033407607,0.00091540825,normal
0.005096276,0.01091279,0.0004502249,0.00279411,0.9640933,0.011382564,0.0041651884,0.0011054501,normal
0.007355645,0.012317429,0.00059861824,0.0023111508,0.95963883,0.012557667,0.00423927,0.0009813859,normal
0.013477797,0.015044815,0.000901821,0.0019745505,0.9478304,0.015443665,0.004421286,0.00090567017,normal
0.025822662,0.016017318,0.0012075441,0.0014693292,0.9284663,0.021720117,0.0045346553,0.0007621209,normal
0.052437823,0.014351059,0.0015057222,0.0008887953,0.8971756,0.028190278,0.004811456,0.00063924154,normal
0.09880968,0.010965066,0.001611354,0.0004936216,0.84675294,0.035803773,0.0049993126,0.00056425406,normal
0.16833873,0.007683585,0.0015649515,0.0002731592,0.7734128,0.04287229,0.005305828,0.0005485315,normal
0.2578032,0.0055508045,0.0014883701,0.00016887428,0.6804956,0.04807694,0.005818106,0.0005981971,normal
0.3584917,0.00434426,0.0014516588,0.00011914645,0.57995296,0.04833064,0.006598012,0.0007116901,normal
0.4554599,0.003689494,0.0014282188,9.312862e-05,0.48725763,0.044003353,0.0071884315,0.0008798354,normal
0.53856266,0.0032079925,0.0013912516,7.525604e-05,0.41062048,0.03794798,0.007120079,0.0010743337,ddos
0.60500115,0.0027711492,0.0013375186,6.0572962e-05,0.3507082,0.032416552,0.006422821,0.0012819549,ddos
0.6563756,0.0023868303,0.001286274,4.9213304e-05,0.30479676,0.028042253,0.005545396,0.0015176898,ddos
0.6949416,0.002078022,0.0012444272,4.123691e-05,0.27023786,0.024891065,0.004749903,0.0018159158,ddos
0.72279555,0.0018388088,0.0012214244,3.5811212e-05,0.24516001,0.022601627,0.004147591,0.0021991932,ddos
0.7427335,0.0016612427,0.0011997888,3.224593e-05,0.2270104,0.02088518,0.0037638377,0.0027138474,ddos
0.756283,0.0015122348,0.0011364835,3.0035586e-05,0.21451262,0.019275377,0.0036678647,0.0035824424,ddos
0.78689355,0.0013967786,0.0012810675,3.7322065e-05,0.1813006,0.019598437,0.00336598,0.0061262785,ddos
0.7882362,0.0014904481,0.0015915208,5.1945575e-05,0.1747153,0.023907593,0.0031448964,0.0068621347,ddos
0.7831754,0.0016521572,0.0019183325,7.77254e-05,0.17287572,0.02964322,0.003032591,0.007624918,ddos
0.7728612,0.0018669915,0.002234407,0.00012938275,0.17308849,0.03859583,0.0028939967,0.008329776,ddos
0.75470126,0.0021352146,0.0025054184,0.00024645185,0.17454964,0.054436304,0.002687491,0.008738251,ddos
0.72252357,0.0024631482,0.002722466,0.00052784535,0.1771398,0.083560236,0.0024362493,0.008626697,ddos
0.6683127,0.0028324083,0.002878913,0.0011892972,0.17976657,0.13489431,0.0021779942,0.007947699,ddos
0.5850552,0.003164516,0.00292492,0.002605526,0.17951468,0.21803991,0.0019168267,0.0067784083,ddos
0.47183308,0.0033113412,0.0027685403,0.0051718573,0.17227857,0.33774427,0.0016311556,0.0052611814,ddos
0.34015116,0.0031137634,0.002341776,0.008783331,0.15499939,0.48568076,0.0013065289,0.0036233955,password
0.21439934,0.0025423174,0.001704783,0.012203579,0.12888525,0.6371232,0.00096594036,0.0021755504,password
0.11819788,0.0017851235,0.0010490572,0.01362958,0.10026719,0.7632528,0.00066331425,0.0011550052,password
0.05816061,0.0011054364,0.0005485228,0.012554237,0.07593805,0.85068065,0.0004391849,0.0005732719,password
0.025561986,0.00063477,0.00024490655,0.010215382,0.058747403,0.9040105,0.00029523435,0.0002899451,password
0.009051998,0.00035068416,8.844675e-05,0.00800801,0.047256768,0.93487465,0.00020661733,0.0001627781,password
0.0028799975,0.00021297413,3.0119802e-05,0.006502022,0.04182087,0.94826937,0.0001678569,0.00011687717,password
0.0015379991,0.00017598877,1.5812288e-05,0.0055499035,0.04673509,0.94569415,0.00018002997,0.00011101822,password
0.001321988,0.00018326155,1.2125625e-05,0.005048593,0.060103856,0.9329927,0.00022093297,0.000116486575,password
0.0014037852,0.00021681126,1.1202035e-05,0.004980858,0.08057439,0.9123992,0.00028714884,0.00012670053,password
0.0016562577,0.00028007987,1.1479242e-05,0.0053725606,0.110623665,0.88151383,0.00039884588,0.00014334577,password
0.0023383235,0.00051306264,1.6526776e-05,0.008692061,0.1206001,0.8671246,0.0005673138,0.00014798825,password
0.0030915858,0.0007978527,2.6903055e-05,0.012838139,0.08266065,0.89995825,0.00049942126,0.00012712787,password
0.0065757628,0.0021081679,7.457981e-05,0.026058778,0.057131246,0.9074696,0.00046320437,0.000118632845,password
0.037937902,0.016037509,0.00074455584,0.08643162,0.034326367,0.82380253,0.0005656905,0.00015374813,password
0.18832426,0.096515246,0.0073317974,0.18787454,0.019875327,0.49905646,0.00078693434,0.00023539194,password
0.30133814,0.15964036,0.017333193,0.20462342,0.013420671,0.30249828,0.0008633015,0.0002825963,password
0.4211258,0.14733899,0.019907653,0.15619975,0.012340486,0.24202444,0.00081322534,0.0002496406,ddos
0.4031151,0.09803993,0.011823376,0.12816645,0.021131061,0.33659536,0.0008585439,0.0002702045,ddos
0.45589095,0.08939601,0.009752202,0.088655405,0.03315796,0.3219577,0.0008921651,0.00029760686,ddos
0.53901654,0.084204264,0.008774102,0.051719684,0.05180489,0.26305318,0.0010537496,0.00037356452,ddos
0.623513,0.091194585,0.0105389785,0.030532477,0.07286422,0.1691954,0.0015781928,0.0005831909,ddos
0.61036336,0.11888613,0.017954046,0.029067617,0.104902364,0.11326123,0.004065446,0.0014997448,ddos
0.5661956,0.1434337,0.026664525,0.030252611,0.1402071,0.08097935,0.009096312,0.0031708397,ddos
0.48728776,0.14153029,0.03174623,0.038178585,0.20442428,0.06900625,0.02207314,0.0057534515,ddos
0.3966028,0.14839855,0.038253855,0.049618497,0.25303644,0.06547812,0.03996903,0.008642665,ddos
0.3499546,0.13881786,0.03899191,0.05362002,0.29404056,0.063499406,0.050893933,0.010181618,ddos
0.32047483,0.12567306,0.037398253,0.055165205,0.3299966,0.06464325,0.05585998,0.0107888775,normal
0.3088008,0.11131989,0.034627013,0.05266315,0.361137,0.067479365,0.05342464,0.010548169,normal
0.32767308,0.09533598,0.03091949,0.04631429,0.37352842,0.072719246,0.04398381,0.009525636,normal
0.39357984,0.084589705,0.030482579,0.035369005,0.34516558,0.071947515,0.030617852,0.008247916,ddos
0.81262994,0.059823703,0.024596905,0.006263906,0.072677314,0.018099623,0.0041713426,0.001737166,ddos
0.9237548,0.04361066,0.022864565,0.0009970011,0.005935285,0.002038563,0.00046573926,0.00033341785,ddos
0.91131526,0.051032227,0.029464638,0.0010987497,0.004700662,0.0016314723,0.00037316128,0.00038391005,ddos
0.89685065,0.056338236,0.036396105,0.0015057941,0.005966768,0.0019854896,0.00042291984,0.0005340253,ddos
0.8653318,0.06919084,0.046080843,0.0026533713,0.011485663,0.0036954742,0.00063969,0.0009223583,ddos
0.7848256,0.10079544,0.06381527,0.006331995,0.030535169,0.010231048,0.0013432135,0.0021223014,ddos
0.62597936,0.15752736,0.089626335,0.015554491,0.07622572,0.027315035,0.0032939469,0.0044776974,ddos
0.38279215,0.25380468,0.11850575,0.03669282,0.13402039,0.057291217,0.008860672,0.008032419,ddos
0.24016947,0.31893623,0.15227474,0.056256205,0.14044903,0.061001766,0.020437507,0.010475161,dos
0.14309126,0.34280235,0.18800296,0.072123155,0.13517629,0.065463394,0.03920339,0.01413721,dos
0.09155266,0.3539501,0.20776603,0.07463802,0.12981094,0.057497792,0.06869318,0.0160913,dos
0.05947018,0.35745993,0.2120089,0.069748424,0.12543154,0.045858737,0.11379647,0.016225852,dos
0.03642651,0.3447615,0.19505958,0.059831202,0.122253254,0.033114307,0.19524658,0.013307158,dos
0.02297145,0.3346327,0.1645511,0.051573798,0.124627404,0.027757488,0.26229182,0.011594223,dos
0.013211414,0.29990914,0.11839195,0.041068442,0.12194784,0.020515876,0.37623888,0.00871643,scanning
0.008020338,0.2644406,0.09521773,0.034539208,0.11935424,0.015991583,0.45461714,0.007819241,scanning
0.0051241647,0.24810962,0.11131782,0.0441316,0.073699065,0.011189067,0.49682513,0.0096036075,scanning
0.00373681,0.22675256,0.1122339,0.046464242,0.052821815,0.006948564,0.54024285,0.010799252,scanning
0.0032812539,0.20945366,0.10729515,0.045991182,0.04904532,0.0059707905,0.5665541,0.012408542,scanning
0.0035563412,0.19256528,0.10275921,0.04607187,0.04981767,0.005405341,0.5862493,0.013574942,scanning
0.004077185,0.2031388,0.09661943,0.049120218,0.05979058,0.0058526397,0.5657057,0.015695468,scanning
0.003695267,0.16874227,0.07983598,0.05079722,0.064054236,0.006227687,0.6092407,0.017406605,scanning
0.0023522272,0.109774284,0.057720874,0.04432977,0.05065899,0.0054483237,0.7156583,0.014057239,scanning
0.0031048108,0.105375096,0.054057375,0.04723536,0.064785145,0.0076533253,0.7012398,0.016549129,scanning
0.0043291138,0.11048012,0.053707976,0.05202925,0.085869096,0.011074755,0.6620308,0.020478824,scanning
0.0061593475,0.120988026,0.054556694,0.058450215,0.11488047,0.016334923,0.6025233,0.026106976,scanning
0.009003377,0.13595435,0.054941688,0.07589996,0.15360053,0.02662024,0.50686574,0.037114076,scanning
0.012814142,0.14967202,0.05291113,0.11563134,0.1966284,0.05122597,0.37055054,0.050566435,scanning
0.015356705,0.13854206,0.042526864,0.20358741,0.21266358,0.11109808,0.22314653,0.05307875,scanning
0.013436844,0.09729936,0.027709605,0.3175341,0.17261375,0.2118549,0.12102232,0.038529117,mitm
0.009700874,0.058129165,0.016150713,0.39255586,0.119710684,0.31300235,0.06912714,0.02162306,mitm
0.007312629,0.036487646,0.010059923,0.4304212,0.08439228,0.37214553,0.04791124,0.011269492,mitm
0.0064679347,0.027804848,0.00747717,0.4498221,0.06961104,0.39077064,0.041236382,0.006809882,mitm
0.0063266596,0.024813898,0.006527387,0.44953686,0.06660851,0.3989151,0.041966893,0.005304644,mitm
0.006170619,0.022373158,0.0056061903,0.44284612,0.06867611,0.40314522,0.046518955,0.0046636416,mitm
0.0056906436,0.017664144,0.003958554,0.3932964,0.07905654,0.44751015,0.04885645,0.0039671194,password
0.0041886466,0.00966494,0.0017612907,0.29185313,0.09184772,0.5501833,0.047260318,0.003240647,password
0.0019505081,0.0023246482,0.00027966514,0.13812561,0.113082156,0.7005699,0.041715477,0.001952088,password
0.0012797872,0.0009146546,9.0838614e-05,0.08794061,0.12876354,0.7350564,0.04439931,0.0015548362,password
0.0013609377,0.00070037367,5.4385848e-05,0.06561355,0.16249558,0.71607584,0.051835746,0.0018635463,password
0.0015889707,0.00086478796,7.355963e-05,0.12602048,0.19034366,0.57224256,0.10646237,0.0024035806,password
0.0021295885,0.0033670927,0.00018774616,0.33514318,0.15108801,0.424611,0.07887236,0.0046010497,password
0.0033743267,0.014785698,0.0006422274,0.6743992,0.09708759,0.15790543,0.04514153,0.0066640363,mitm
0.0061323456,0.031055065,0.0011248451,0.6605442,0.15427823,0.08475414,0.051071405,0.01103967,mitm
0.013386722,0.056616023,0.0016683826,0.49465135,0.29399016,0.065739006,0.058739394,0.015208899,mitm
0.028064508,0.07179212,0.0017907073,0.19038649,0.5869432,0.05263173,0.05274123,0.015649894,normal
0.0405134,0.04800921,0.0012074527,0.033224434,0.80495584,0.04058923,0.023293983,0.008206538,normal
0.043019816,0.024519982,0.0006734769,0.0059115216,0.8779403,0.037550118,0.007862532,0.0025222928,normal
0.04273981,0.012688252,0.0004162933,0.0012046685,0.897847,0.04146242,0.0028290641,0.000812588,normal
0.04403045,0.007785225,0.00033098573,0.00035574014,0.89491475,0.050866485,0.0013638117,0.00035247626,normal
0.042137925,0.0061021796,0.00029098106,0.00021696089,0.8920556,0.058014125,0.0009389919,0.00024322278,normal
0.03856312,0.0053345338,0.00026374994,0.00018990494,0.8879573,0.06670548,0.00076919975,0.00021679843,normal
0.032477573,0.0035312995,0.0001814808,0.00014358027,0.90424716,0.058548644,0.000698285,0.00017200259,normal
0.027518267,0.0026237627,0.00013479759,0.00012255809,0.91967565,0.049011067,0.00076947146,0.00014451952,normal
0.027514718,0.0024029568,0.0001333852,0.00013093934,0.9230236,0.04595523,0.00070137606,0.00013789756,normal
0.026349925,0.0023531606,0.0001324214,0.00015335626,0.929282,0.040855438,0.0007337157,0.00013997695,normal
0.026110578,0.0023738623,0.00013639576,0.00019358864,0.93113333,0.039102048,0.0008002808,0.00014989763,normal
0.027829332,0.002757967,0.00016246713,0.00027079726,0.9368488,0.030949293,0.0009805379,0.00020075543,normal
0.032625463,0.0033841166,0.00022547526,0.00043570847,0.92762303,0.03444019,0.0010020563,0.00026394587,normal
0.03406515,0.004207393,0.0002627395,0.0007762051,0.9239893,0.035013177,0.0012600538,0.000425961,normal
0.03686675,0.005067896,0.00028939775,0.0014811263,0.91941077,0.03451559,0.0016863606,0.00068217504,normal
0.040966652,0.006718345,0.000336657,0.003092812,0.908957,0.03628898,0.0024583628,0.0011811125,normal
0.05416042,0.010532617,0.00049351394,0.0077073663,0.879123,0.041682705,0.0039611133,0.0023393352,normal
0.14742017,0.03999319,0.0025336791,0.03671232,0.6957489,0.06346578,0.008001594,0.006124342,normal
0.31881443,0.2870298,0.0815633,0.17964475,0.076693155,0.037598994,0.009605264,0.00905038,ddos
0.20089976,0.33081332,0.23399909,0.17358719,0.02486878,0.021091597,0.0077718827,0.006968385,dos
0.19866422,0.29853016,0.29925987,0.13337334,0.030695187,0.026406428,0.0072586476,0.005812167,injection
0.23640172,0.25228328,0.3380193,0.07669456,0.045852963,0.04094879,0.005864849,0.0039345217,injection
0.303047,0.19458537,0.2819496,0.034599498,0.0993422,0.079322785,0.0046147294,0.0025388203,ddos
0.26384747,0.081889495,0.07636021,0.008611296,0.3914872,0.1728724,0.0033515287,0.0015804109,normal
0.08366862,0.012663358,0.006262465,0.0010442345,0.75548184,0.13856804,0.0016669085,0.0006445999,normal
0.03237229,0.0036369895,0.0011156057,0.0003091686,0.874758,0.08611902,0.0013044289,0.00038457682,normal
0.021396501,0.0025272197,0.0006151995,0.00019926694,0.911388,0.062287122,0.0012605124,0.00032626512,normal
0.015470828,0.0021342442,0.00040831394,0.00020044885,0.93088573,0.049257115,0.0013394334,0.00030384905,normal
0.012341151,0.0019431841,0.00029512873,0.00023451462,0.9440099,0.03943154,0.0014484152,0.000296194,normal
0.010541785,0.0020077766,0.00022128552,0.0002602211,0.9523283,0.032544613,0.0017821977,0.00031370347,normal
0.009039746,0.0022851883,0.00019559443,0.00034112297,0.9572296,0.028536703,0.0019785268,0.0003934607,normal
0.008005257,0.0028531123,0.00017668294,0.0006070726,0.96013045,0.024960063,0.002687407,0.0005799606,normal
0.00790424,0.0038879714,0.00017869675,0.0012032384,0.95873594,0.023321958,0.003847336,0.0009206581,normal
0.012133255,0.0063438253,0.00027308273,0.002658277,0.9478935,0.022334466,0.006614498,0.0017491593,normal
0.030908369,0.021611424,0.0008354557,0.01026171,0.8882539,0.03060791,0.013687635,0.0038336313,normal
0.2621527,0.3388103,0.02883771,0.113018304,0.19095938,0.03131271,0.024534814,0.0103741465,dos
0.23148681,0.49356604,0.12462451,0.12001465,0.009696531,0.006241425,0.008799482,0.005570524,dos
0.20422348,0.45770153,0.22694416,0.095255636,0.0031207365,0.0029808662,0.005824165,0.0039494317,dos
0.19509917,0.40959772,0.29173037,0.08876925,0.002591773,0.0025197691,0.005889006,0.003802933,dos
0.17269519,0.3763345,0.31954035,0.112821676,0.0029092636,0.0028009028,0.008244611,0.0046535367,dos
0.12947948,0.34069437,0.2822501,0.21412782,0.004711317,0.004149179,0.017107604,0.007480148,dos
0.06276094,0.23904645,0.17549883,0.44930568,0.009356118,0.00747042,0.042819712,0.013741799,mitm
0.023538094,0.12846741,0.08662912,0.63317245,0.014857746,0.01132544,0.081900276,0.020109493,mitm
0.0118900975,0.07864026,0.050999384,0.67976785,0.019319175,0.0141661875,0.12169783,0.023519134,mitm
0.008195017,0.059179056,0.036536563,0.668781,0.022655366,0.01490896,0.1670291,0.022714969,mitm
0.0057619703,0.047670428,0.027371475,0.6779022,0.022241317,0.013386564,0.18319857,0.022467526,mitm
0.00438477,0.039966498,0.020760246,0.67696685,0.021441491,0.012013303,0.2014477,0.023019189,mitm
0.0035832291,0.03321933,0.014554409,0.66409147,0.023290196,0.012587655,0.22249739,0.026176348,mitm
0.0030795392,0.029422587,0.010889749,0.6382649,0.026009314,0.01259744,0.2517435,0.027992913,mitm
0.0026815424,0.025462184,0.007949464,0.60461724,0.030191071,0.0130388625,0.28507257,0.030987151,mitm
0.002253898,0.021271942,0.0059018633,0.5805165,0.032528978,0.014022275,0.30744264,0.036061954,mitm
0.0017549369,0.016629348,0.0044038394,0.5914682,0.029951388,0.016153933,0.2922103,0.047427963,mitm
0.0012234844,0.016506579,0.0049530966,0.66555357,0.018892292,0.015959894,0.21584672,0.061064415,mitm
0.0011847906,0.017936198,0.0059076315,0.6841722,0.016259274,0.014840739,0.18649846,0.073200665,mitm
0.0012471672,0.019351592,0.0064058285,0.65820926,0.018223379,0.014830534,0.18668869,0.0950435,mitm
0.0011977934,0.019078908,0.006293517,0.64481086,0.01955153,0.015285764,0.18770903,0.1060726,mitm
0.0014373468,0.020177182,0.0066633187,0.59852344,0.023081558,0.014836111,0.198765,0.13651611,mitm
0.0019339719,0.021903368,0.0069976323,0.5548741,0.02740562,0.013936123,0.19962305,0.17332613,mitm
0.0023194922,0.02253938,0.0073247273,0.53495616,0.030322513,0.015565536,0.18769331,0.19927889,mitm
0.0032156461,0.023708519,0.0075883246,0.519054,0.035206243,0.01863565,0.17321265,0.219379,mitm
0.0051418906,0.025333246,0.007683389,0.49340168,0.045237206,0.024402434,0.165039,0.23376122,mitm
0.013970384,0.028038997,0.008538863,0.36782008,0.079432204,0.043415666,0.18277898,0.2760048,mitm
0.05119438,0.026183588,0.008154607,0.18135606,0.17067124,0.09876849,0.19637299,0.2672986,xss
0.11735242,0.01893668,0.00579643,0.073599376,0.27968317,0.1822321,0.15943065,0.16296917,normal
0.18669015,0.010878967,0.0033507938,0.022460109,0.34373522,0.25274536,0.1079306,0.07220869,normal
0.22863352,0.006049425,0.001889958,0.006388671,0.366036,0.28921402,0.07342879,0.028359637,normal
0.40419477,0.0030797264,0.0012084325,0.0010508975,0.33076778,0.19423309,0.050861802,0.014603494,ddos
0.458041,0.002300997,0.0010193982,0.00042181363,0.31938356,0.16097999,0.049313772,0.008539437,ddos
0.5136133,0.0018697098,0.0009365106,0.00021510397,0.2937097,0.13409771,0.049338154,0.006219838,ddos
0.52425224,0.0015738858,0.00080692064,0.0001261842,0.30301073,0.1191612,0.046460744,0.0046081315,ddos
0.5276728,0.0014120213,0.0007037,8.7685396e-05,0.31686074,0.104833536,0.044746567,0.0036829242,ddos
0.5326222,0.0012859487,0.0005786371,6.588727e-05,0.33108068,0.0884415,0.042762026,0.0031630113,ddos
0.5334773,0.0012112521,0.00047855126,5.1125047e-05,0.34609395,0.073938735,0.04198069,0.0027684108,ddos
0.5330696,0.001251233,0.0003866695,4.011337e-05,0.35935804,0.056939732,0.04656853,0.002386046,ddos
0.52374274,0.0014453587,0.00050882477,4.3361535e-05,0.3635351,0.06561445,0.043139763,0.0019704383,ddos
0.5204202,0.001749441,0.00068508385,6.0487353e-05,0.36121064,0.071929485,0.041655518,0.0022891508,ddos
0.51340616,0.002242427,0.00096113485,8.971116e-05,0.36323097,0.077186264,0.04017038,0.0027130102,ddos
0.5027559,0.0029894048,0.0013828014,0.00014001539,0.36928195,0.08186007,0.038344394,0.0032454273,ddos
0.48748803,0.004059331,0.0019930645,0.0002260332,0.37992057,0.08646711,0.035964657,0.0038811744,ddos
0.4731897,0.0050028963,0.002745529,0.0003956678,0.38572928,0.09528542,0.032829337,0.0048220633,ddos
0.44665918,0.006494899,0.0036543442,0.00065083423,0.40236548,0.10611202,0.028523061,0.0055401498,ddos
0.40975532,0.0077285306,0.0042998716,0.0009985841,0.42656976,0.1224345,0.022380019,0.0058332975,normal
0.3610432,0.008221608,0.0043878905,0.0013682983,0.45484498,0.14936408,0.0153649505,0.00540502,normal
0.30130562,0.00777629,0.0038690995,0.0016374347,0.48023683,0.1916721,0.009153779,0.0043489113,normal
0.2365321,0.0067805476,0.0030036191,0.0017521742,0.49739602,0.24645735,0.0049336758,0.0031445012,normal
0.17791727,0.0060081105,0.0020936113,0.0017999875,0.5181128,0.28933808,0.0025609129,0.0021691786,normal
0.1337141,0.006375353,0.0013235055,0.0019757072,0.5767526,0.27700695,0.0013532555,0.0014984733,normal
0.09762703,0.007592717,0.0008391913,0.0026310575,0.6480499,0.24111892,0.0009272043,0.001214014,normal
0.0726471,0.008079198,0.00063278846,0.0030447217,0.68157417,0.23195201,0.00077813823,0.0012919315,normal
0.055360064,0.007752967,0.0004945576,0.002942161,0.7200038,0.21151483,0.0007065434,0.0012250608,normal
0.04571698,0.0071772067,0.00040634468,0.002200194,0.7599766,0.18282305,0.00063925894,0.001060458,normal
0.04006781,0.006559596,0.0003478651,0.0013608095,0.7970336,0.15319443,0.00057486276,0.0008610449,normal
0.035523646,0.00600577,0.00030876294,0.0008036544,0.82672846,0.12936193,0.00053922425,0.0007285444,normal
0.030303085,0.0055896835,0.00028086736,0.0005500015,0.84668684,0.115284726,0.00056176254,0.00074313354,normal
0.026119443,0.005670912,0.00031306708,0.0004930784,0.8535026,0.11205019,0.0006335,0.0012172448,normal
0.019883411,0.0056925197,0.0003544179,0.00060213596,0.8213623,0.14909299,0.000754031,0.0022580968,normal
0.015712716,0.006128339,0.00043741325,0.000819782,0.79227346,0.17985472,0.00096408074,0.0038094695,normal
0.014236176,0.00687149,0.0005847706,0.0010152791,0.77775913,0.19320273,0.0011784548,0.005152013,normal
0.0151117025,0.007905068,0.0008336847,0.0010743705,0.77699447,0.19118774,0.0013192317,0.0055737984,normal
0.018706784,0.009481746,0.0012836185,0.0010046052,0.78304124,0.18005773,0.0013511041,0.0050732354,normal
0.020759564,0.010140121,0.0015947119,0.0008689051,0.80615824,0.15546688,0.0012403225,0.0037712269,normal
0.033079114,0.013356873,0.0028568413,0.0007213527,0.7968296,0.14919074,0.0011490142,0.0028164757,normal
0.06086539,0.021209333,0.0060008513,0.00068172987,0.76511693,0.14279807,0.0011214986,0.0022062042,normal
0.14886414,0.056016263,0.019520633,0.0010906466,0.6353928,0.13564414,0.0013378157,0.0021335857,normal
0.37726215,0.225784,0.10083529,0.0025065814,0.2196299,0.070794106,0.0014154252,0.0017725681,ddos
0.31166577,0.39639068,0.2557639,0.003787741,0.01896704,0.011806954,0.00084205816,0.0007758536,dos
0.20461707,0.42125311,0.35907575,0.0053324606,0.0043939664,0.004101112,0.00071805937,0.0005084755,dos
0.15942219,0.41979393,0.40683207,0.0071088998,0.0026460746,0.0029680536,0.00078060775,0.00044817958,dos
0.14184462,0.42709357,0.4163573,0.008709549,0.0022459445,0.002390964,0.00095826027,0.0003997283,dos
0.13425067,0.4541721,0.39498252,0.010699558,0.0021353774,0.0019731203,0.0013815964,0.00040501382,dos
0.124687746,0.47141963,0.38296163,0.014736837,0.0020033831,0.0015121117,0.0021377704,0.00054086756,dos
0.11584493,0.4930535,0.3640709,0.019716436,0.0019450753,0.0012229462,0.0033348112,0.00081137294,dos
0.104353964,0.52125484,0.33249745,0.031371076,0.0021284127,0.001078859,0.005899689,0.001415712,dos
0.09580544,0.53145707,0.31142655,0.046364497,0.0023587162,0.0010949647,0.009334614,0.0021581368,dos
0.070798725,0.5109206,0.29455346,0.09829503,0.0029315145,0.001469034,0.016495686,0.004535908,dos
0.039405603,0.42996496,0.23796254,0.23994946,0.0047196182,0.0027664143,0.032905236,0.012326194,dos
0.016786378,0.27894533,0.1490303,0.45885664,0.007168254,0.0050163413,0.05609783,0.028098915,mitm
0.007977545,0.17088456,0.08982379,0.5991482,0.008953705,0.007280661,0.071644,0.044287544,mitm
0.005209492,0.12085516,0.063646,0.6513375,0.010814813,0.009725423,0.081331514,0.05708011,mitm
0.0046699676,0.10087341,0.05411786,0.65398747,0.0141937025,0.013287312,0.091278985,0.06759137,mitm
0.005608205,0.09704498,0.053998496,0.61965066,0.021462323,0.019664025,0.10552449,0.07704682,mitm
0.008804483,0.10313816,0.060875446,0.5428842,0.038576853,0.032693785,0.1270983,0.08592877,mitm
0.017039565,0.11223763,0.07200881,0.41093695,0.08119672,0.06018929,0.15471761,0.09167345,mitm
0.033919286,0.109020144,0.07611035,0.24260372,0.1750149,0.10711435,0.16926849,0.08694886,mitm
0.05942936,0.07799978,0.06617776,0.08657181,0.33327883,0.18025705,0.14111653,0.055168886,normal
0.0763795,0.03682738,0.041137222,0.01854551,0.46807024,0.25220117,0.08252066,0.02431822,normal
0.0782777,0.015402994,0.022725437,0.0038515748,0.5186218,0.30814743,0.04294118,0.010031793,normal
0.07434102,0.0069592437,0.013105371,0.0010227681,0.51978904,0.35648218,0.023521654,0.0047786688,normal
0.06784154,0.004388132,0.009182188,0.0004888961,0.51567274,0.38342053,0.015969373,0.0030366965,normal
0.061636057,0.003296168,0.0073230304,0.0002990722,0.5147551,0.3983322,0.012163581,0.0021947687,normal
0.050766025,0.004223117,0.008681134,0.0003093254,0.5633799,0.35852885,0.012320301,0.001791349,normal
0.05925715,0.0031635223,0.0072473288,0.00024136496,0.5531226,0.3658699,0.009372352,0.0017258592,normal
0.052201413,0.0040767705,0.0088069625,0.000245103,0.5956078,0.32739338,0.010262111,0.0014064255,normal
0.049951963,0.0045893737,0.01004947,0.00024807622,0.60632277,0.3173007,0.010228848,0.001308788,normal
0.049055986,0.009040622,0.01826889,0.0005356358,0.58137095,0.32821938,0.011245141,0.0022635509,normal
0.055652708,0.012028926,0.027373109,0.00097183354,0.5140936,0.37340838,0.013012947,0.003458421,normal
0.06201689,0.00876715,0.02502576,0.0007615363,0.4669672,0.42104894,0.010742418,0.004670077,normal
0.070686676,0.006635315,0.023271991,0.0006320979,0.42113578,0.46138582,0.009244941,0.0070073274,password
0.08230496,0.005297924,0.02221216,0.00056893873,0.3832966,0.48572135,0.008612506,0.011985595,password
0.096549034,0.0056265853,0.025434187,0.00081720296,0.36122835,0.47522876,0.010249876,0.024865983,password
0.11202802,0.006142697,0.027369209,0.0012756479,0.35514876,0.43117136,0.013066813,0.053797334,password
0.118783124,0.007763754,0.031450957,0.00243498,0.32897258,0.36482024,0.01703125,0.12874311,password
0.11333062,0.006938781,0.02754685,0.0027877018,0.28324053,0.28088072,0.018949559,0.26632524,normal
0.07988558,0.006095885,0.022170229,0.0034678422,0.18491694,0.17045163,0.017998828,0.515013,xss
0.04136259,0.0041433796,0.013357236,0.0033692678,0.09193779,0.077709064,0.0133359805,0.7547847,xss
0.016354255,0.00228347,0.0060427906,0.0029567955,0.036979556,0.02699247,0.008306635,0.90008396,xss
0.006205792,0.0013282881,0.0029662517,0.0033135884,0.01444835,0.00892451,0.0053145234,0.9574987,xss
0.00221679,0.00073643023,0.0013520806,0.0031395052,0.005536866,0.0033039027,0.0034200104,0.98029447,xss
0.00092796807,0.0004533018,0.0007383598,0.0028249577,0.00249734,0.00156708,0.0024468577,0.98854405,xss
0.00041827912,0.00028477708,0.0004282077,0.0023972734,0.0012338136,0.00084852555,0.0018247237,0.9925645,xss
0.0001688514,0.00015286812,0.00021204638,0.0017551815,0.0005738251,0.00046305053,0.0012154031,0.99545884,xss
8.0907346e-05,9.677828e-05,0.00013327907,0.0014721598,0.00030495753,0.00031095094,0.0009342867,0.9966666,xss
4.8412872e-05,6.711424e-05,9.933714e-05,0.0011617492,0.00017949354,0.00023336786,0.00072467775,0.9974859,xss
3.820287e-05,4.769206e-05,8.369555e-05,0.0007205178,0.00011089751,0.00017740548,0.00050357863,0.9983181,xss
6.233293e-05,5.3586344e-05,0.000116127856,0.0005810567,0.00010098199,0.00015379394,0.0004008352,0.99853134,xss
0.0001249151,8.132964e-05,0.00020201162,0.0005712998,0.00014612274,0.00018278258,0.00043554336,0.998256,xss
0.00026328614,0.00012659865,0.0003264395,0.000520762,0.00023407243,0.00024342143,0.00057210826,0.9977133,xss
0.00043454222,0.00017853218,0.00046846943,0.0006262134,0.00035614154,0.00039007355,0.0006328269,0.9969132,xss
0.0007269724,0.00025565762,0.00070068036,0.0007569716,0.0005614727,0.00065137644,0.0007165616,0.99563026,xss
0.0011750659,0.0004371113,0.0010605376,0.0010846118,0.00094079436,0.0010125469,0.0011288207,0.9931606,xss
0.001973703,0.00068140717,0.0017475619,0.0014357051,0.0014786484,0.0018012206,0.001429253,0.9894525,xss
0.003574286,0.0012431061,0.0033888456,0.0021130934,0.0027152072,0.003732978,0.002105241,0.9811273,xss
0.008660356,0.0037419272,0.010622585,0.005254683,0.006053559,0.009676832,0.0060279346,0.9499621,xss
0.012874955,0.00746607,0.018913606,0.010708721,0.010162365,0.019597134,0.007623362,0.9126538,xss
0.021391226,0.017020093,0.04345997,0.02010814,0.017990949,0.042254735,0.013630504,0.82414436,xss
0.029408066,0.03601837,0.08571895,0.039459538,0.029459631,0.08558079,0.027559934,0.6667947,xss
0.035453077,0.06540609,0.15748571,0.059418667,0.04656377,0.1766932,0.044822387,0.41415715,xss
0.040369462,0.08735478,0.20903076,0.062954284,0.0544607,0.21519285,0.04866644,0.28197077,xss
0.036906227,0.098453596,0.23794185,0.06298491,0.057613816,0.26935726,0.044168983,0.19257332,password
0.0335477,0.11164144,0.25497004,0.066182345,0.05898384,0.30288032,0.044397525,0.12739688,password
0.03260689,0.12445749,0.27086225,0.062437758,0.06176522,0.32610056,0.039602622,0.08216719,password
0.029838493,0.121640034,0.26961032,0.056709457,0.066185944,0.3673496,0.032852665,0.0558135,password
0.029254282,0.119445756,0.26764855,0.047286075,0.06341625,0.4111273,0.024970025,0.03685168,password
0.029019514,0.113756806,0.25136545,0.03562309,0.06243718,0.46737197,0.018649649,0.021776397,password
0.02766821,0.11108635,0.22467853,0.029221546,0.06457576,0.5124698,0.014648955,0.015650809,password
0.028559385,0.09297343,0.1824976,0.020082338,0.06220606,0.59401613,0.009917155,0.009747889,password
0.028064484,0.07694693,0.1448297,0.014436186,0.059635658,0.6627135,0.0069880513,0.0063854847,password
0.025505986,0.06369286,0.1154754,0.012068584,0.05951188,0.7135193,0.0053867223,0.004839275,password
0.023450581,0.04984756,0.08598821,0.008237532,0.054128226,0.7715443,0.0036512779,0.0031523674,password
0.021506237,0.036492072,0.058179654,0.0050541935,0.049589157,0.8249876,0.0022544938,0.0019366031,password
0.019273525,0.022187974,0.03089621,0.0024943235,0.05285187,0.8700077,0.0011949942,0.0010934024,password
0.019913413,0.008916138,0.008255811,0.0004807863,0.08038269,0.88121814,0.00041399067,0.00041896754,password
0.024748476,0.0050288253,0.0026863546,0.0001422584,0.1885265,0.77831435,0.00027354498,0.00027967858,password
0.026716944,0.004445829,0.0016685706,0.00010555606,0.35361,0.61284316,0.0003124714,0.00029742025,password
0.027433146,0.004689399,0.0013359321,9.436271e-05,0.49047542,0.4752389,0.0003816347,0.0003512342,normal
0.025818761,0.0049373563,0.0011205244,9.15188e-05,0.60303617,0.36416596,0.00044286065,0.00038686843,normal
0.023275595,0.004533373,0.00089636585,8.759223e-05,0.70145327,0.26888275,0.00048131685,0.00038978635,normal
0.020850422,0.0041486137,0.00073880516,8.716862e-05,0.7520707,0.2212074,0.00049495825,0.00040198717,normal
0.021408657,0.004584074,0.0007404486,8.8647175e-05,0.77739936,0.1947962,0.00053188764,0.0004507709,normal
0.02052502,0.004945361,0.0007072211,8.989769e-05,0.8121402,0.16055997,0.00057088444,0.00046133038,normal
0.019138318,0.0043154005,0.0006100822,8.4103056e-05,0.86087495,0.113952644,0.00060481887,0.0004197174,normal
0.018675597,0.0040252097,0.00057495944,8.988865e-05,0.8873085,0.08820274,0.0006842367,0.00043899508,normal
0.01713703,0.003239282,0.00046365074,8.162589e-05,0.906761,0.071166344,0.0007196777,0.00043137735,normal
0.015278602,0.0026722208,0.00038073942,7.750137e-05,0.92144936,0.058920614,0.00080971624,0.00041118273,normal
0.020438349,0.002652055,0.00048366134,8.377831e-05,0.9309531,0.044037435,0.0009503906,0.00040121758,normal
0.025939442,0.0035530936,0.0007393328,0.00012230643,0.90877,0.059577193,0.00089647353,0.00040208775,normal
0.025165053,0.003781474,0.0007719277,0.00015530932,0.9026842,0.06601083,0.0009887913,0.0004424806,normal
0.024829276,0.0042333864,0.0008176222,0.00021986326,0.8944938,0.07378889,0.0011147474,0.0005024224,normal
0.023359947,0.005195468,0.00083005923,0.00045749973,0.88265616,0.08537445,0.0014684239,0.00065795233,normal
0.026862608,0.0071825394,0.0011056011,0.0008368746,0.84801435,0.11333841,0.0017967353,0.0008629731,normal
0.0273805,0.010366328,0.001411307,0.0021396203,0.79962593,0.15503858,0.0026760404,0.0013616552,normal
0.039732657,0.016119003,0.0025189538,0.0036357702,0.69618666,0.237864,0.0024909761,0.0014520024,normal
0.034507893,0.023984116,0.0034230615,0.013543165,0.54235935,0.37504488,0.0046618273,0.00247569,normal
0.021843998,0.03393665,0.0065802275,0.04681086,0.23610817,0.6431249,0.007906234,0.0036889878,password
0.011291694,0.040997695,0.014040401,0.09765289,0.06943981,0.75286,0.009395863,0.0043216585,password
0.011175078,0.051261917,0.023185087,0.120520115,0.04042149,0.7416423,0.0077768974,0.0040171165,password
0.0076871132,0.041670673,0.024661137,0.08749487,0.022409642,0.80713296,0.0065606986,0.0023829017,password
0.0053363405,0.026955545,0.016833512,0.045210205,0.014596509,0.88560593,0.004295755,0.0011662922,password
0.005386617,0.025629655,0.018087994,0.032630503,0.011361452,0.9030522,0.003042874,0.0008087164,password
0.0031158815,0.013598188,0.0089580435,0.016621165,0.0066019725,0.9488165,0.0018925209,0.00039576774,password
0.0020412074,0.00826111,0.0049540647,0.010445198,0.0044104527,0.9682407,0.0014178089,0.00022948511,password
0.0014231309,0.0053135855,0.0028545295,0.0077189845,0.0037990385,0.97743076,0.0013055118,0.0001544338,password
0.0017212693,0.0068219528,0.0036960833,0.008534832,0.003824122,0.9740233,0.0012457146,0.00013272636,password
0.0014190318,0.0059608635,0.0029209128,0.008547517,0.004412998,0.97525644,0.0013588901,0.00012336782,password
0.001275117,0.00561158,0.0025305208,0.008260992,0.005250739,0.9754473,0.0014967887,0.00012693011,password
0.001452917,0.0058587273,0.0028348088,0.008236717,0.005415647,0.9744726,0.0015966288,0.00013201006,password
0.0022101032,0.009127268,0.004808939,0.011882617,0.006892949,0.96238744,0.0024639373,0.00022677367,password
0.0026738986,0.011383437,0.006138227,0.013934568,0.008192029,0.9542035,0.0031599356,0.0003143985,password
0.0029734978,0.0132007385,0.007267886,0.01441166,0.0096112015,0.9486707,0.0034257455,0.00043865538,password
0.003165238,0.0138744535,0.0075972313,0.013234987,0.01209752,0.94552416,0.0038736458,0.0006328075,password
0.0032467695,0.014344121,0.007530048,0.013446915,0.014646478,0.9414985,0.004382886,0.0009041286,password
0.003371823,0.014523699,0.0072008343,0.01256917,0.018983161,0.93693745,0.005038846,0.0013750107,password
0.0050135152,0.020868463,0.0105642835,0.017623449,0.030165244,0.9044654,0.008204923,0.003094715,password
0.0070333495,0.028305894,0.0131338565,0.019983143,0.055002157,0.8565568,0.012820334,0.0071644885,password
0.009908709,0.038762804,0.016452475,0.02338544,0.09555487,0.7816249,0.018950572,0.01536028,password
0.012378626,0.04760021,0.019167377,0.025815627,0.1315736,0.71637523,0.022521403,0.02456784,password
0.02125032,0.08379163,0.035837714,0.047990493,0.16736573,0.5596905,0.034830615,0.049243037,password
0.040565483,0.12364487,0.05871443,0.047736946,0.19121355,0.45865905,0.027175907,0.052289765,password
0.11936195,0.27117372,0.16166936,0.041167073,0.11451532,0.2508857,0.012255433,0.028971413,dos
0.22993757,0.38123235,0.32530302,0.01582638,0.01517888,0.025591895,0.0020918297,0.0048380163,dos
0.28270045,0.3198138,0.38009712,0.0061120465,0.0034880848,0.0063751177,0.000507027,0.000906408,injection
0.29422078,0.2876713,0.40492988,0.0045109903,0.0024790333,0.005392822,0.00033938454,0.00045588895,injection
0.27384326,0.3013069,0.41288966,0.00442461,0.002262934,0.004535419,0.0003898336,0.00034734918,injection
0.27886528,0.31578913,0.39508122,0.004688405,0.002035785,0.002573905,0.0005968971,0.0003694178,injection
0.2543162,0.37451294,0.36016163,0.005877543,0.0021239123,0.0015571183,0.0010193291,0.0004313333,dos
0.23572582,0.42500958,0.32641715,0.0073287613,0.0022802535,0.0010640328,0.001634882,0.0005394197,dos
0.23577662,0.46072328,0.288653,0.008152546,0.0025557429,0.0007274734,0.0027180007,0.00069343986,dos
0.24071802,0.47899243,0.2623685,0.0093961,0.0029764452,0.000579585,0.004032451,0.00093639485,dos
0.25243905,0.4863673,0.24068077,0.010193602,0.0035555267,0.0005605114,0.004951951,0.0012513797,dos
0.25802,0.481333,0.23770176,0.011194812,0.0041517895,0.0006334843,0.0053730686,0.0015920665,dos
0.2563413,0.48310167,0.23317355,0.012836058,0.005916884,0.00088764855,0.0057374584,0.002005486,dos
0.26966828,0.4867416,0.20213963,0.015002508,0.014959254,0.0019059421,0.0069717555,0.0026110038,dos
0.29823625,0.44406345,0.12863672,0.0165593,0.09029935,0.007454375,0.011037588,0.0037129805,dos
0.19757913,0.2148623,0.03963671,0.010302238,0.4956909,0.024860479,0.013416375,0.0036518353,normal
0.06760594,0.054439027,0.0072605424,0.0031964872,0.8265833,0.031090692,0.00804898,0.0017750718,normal
0.03006503,0.019461952,0.0021454974,0.001268351,0.91066283,0.030274563,0.0051528024,0.0009689189,normal
0.017981434,0.010007915,0.0009718512,0.0006992669,0.9367485,0.029032346,0.003896467,0.0006622819,normal
0.011868791,0.00666023,0.00056304137,0.00046884065,0.95053303,0.026095016,0.0032677266,0.00054334773,normal
0.008407969,0.004871846,0.00037134692,0.0003387971,0.9593591,0.023289165,0.0028716945,0.0004900644,normal
0.0063192667,0.0038597495,0.0002706746,0.00026293116,0.96524996,0.020975126,0.0025881522,0.0004741354,normal
0.0049920147,0.0033066485,0.0002139631,0.00022521724,0.96875364,0.01968021,0.0023454102,0.00048286078,normal
0.0039120936,0.0029606407,0.00016344716,0.00018528957,0.97335243,0.0165547,0.0024195511,0.0004518879,normal
0.0034333651,0.0027068346,0.00014222098,0.00016546831,0.9755996,0.0152405165,0.0022625853,0.00044942313,normal
0.0031036735,0.0025588565,0.00012817587,0.00015512524,0.9773136,0.014151293,0.0021448815,0.00044445245,normal
0.003077368,0.002662425,0.00013786886,0.00015262426,0.97806954,0.013341215,0.0020848312,0.00047419625,normal
0.0034951374,0.0029958084,0.00016353471,0.00016194207,0.97676563,0.01379121,0.0021402421,0.0004864917,normal
0.0042520543,0.0035504452,0.00020437138,0.0001725769,0.97398245,0.015103717,0.0022443654,0.0004899946,normal
0.005595674,0.004432189,0.00026998998,0.000185107,0.9689146,0.017606271,0.0025129577,0.00048314693,normal
0.007987065,0.005675866,0.00037222114,0.0001974035,0.96020913,0.02189792,0.0031978071,0.00046251915,normal
0.012035244,0.0069209556,0.0005095608,0.00020126745,0.9465154,0.028589934,0.0048004636,0.00042710517,normal
0.017809525,0.0073846458,0.00063613587,0.00018734098,0.9287754,0.03674112,0.008086723,0.00037906753,normal
0.024845332,0.0069473307,0.00070329546,0.00016159452,0.9089372,0.04377863,0.014297414,0.00032923356,normal
0.03340772,0.006207027,0.0007224588,0.00013842562,0.8849663,0.047984824,0.026279451,0.00029382834,normal
0.04456514,0.0055669993,0.00072636484,0.00012442634,0.84981304,0.0490687,0.04985351,0.0002818743,normal
0.05954267,0.005046517,0.00072698924,0.00011720609,0.794884,0.047869377,0.09151936,0.00029379665,normal
0.07976826,0.004507936,0.00071702723,0.000109929075,0.7222559,0.046164427,0.14615147,0.0003250785,normal
0.10826624,0.003915252,0.0006944081,9.836411e-05,0.6518271,0.046134546,0.18869133,0.0003727969,normal
0.15002403,0.0033473722,0.000668774,8.407354e-05,0.60103285,0.04936581,0.19503881,0.0004382219,normal
0.207679,0.002842154,0.0006435702,6.9998e-05,0.56785834,0.056174833,0.16421252,0.00051960757,normal
0.27462468,0.0023678131,0.00061207276,5.749779e-05,0.5395148,0.06596554,0.1162475,0.000610206,normal
0.33544376,0.0019199033,0.0005727712,4.7364552e-05,0.5089244,0.07789774,0.07448603,0.00070802076,normal
0.37834394,0.001546781,0.00053334614,4.0051924e-05,0.4796487,0.09076138,0.04830835,0.00081746787,normal
0.40408957,0.0012804666,0.00049674313,3.5162775e-05,0.4563387,0.1018094,0.035005353,0.0009446196,normal
0.42472592,0.001104811,0.0004520823,3.193482e-05,0.43741736,0.10514651,0.029984137,0.001137243,normal
0.47988597,0.0012424601,0.0005587125,4.131312e-05,0.38146353,0.10015264,0.03469697,0.0019584731,ddos
0.47015926,0.0015381159,0.0007783115,6.4413834e-05,0.37440526,0.119837224,0.03114345,0.002073944,ddos
0.44958052,0.0021949536,0.0011658869,0.000104815386,0.37553394,0.13040446,0.03844677,0.0025686573,ddos
0.43029523,0.003026757,0.0017862943,0.00017605368,0.37009218,0.15116574,0.040083513,0.0033742741,ddos
0.40513787,0.004193975,0.0027186673,0.0003037934,0.36172011,0.181263,0.040346406,0.0043162005,ddos
0.37057844,0.006250717,0.004204904,0.000554467,0.35302305,0.22568981,0.034909338,0.0047892192,ddos
0.3294896,0.009126842,0.0061683804,0.0009877775,0.3448654,0.27506024,0.029365612,0.0049361964,normal
0.27661577,0.011987734,0.008585596,0.0020437185,0.30162743,0.3651751,0.028156944,0.0058076913,password
0.21640202,0.013485286,0.010650295,0.0032971099,0.23866536,0.4907328,0.021619136,0.0051479586,password
0.14929931,0.012525469,0.011371454,0.004026584,0.1630888,0.643265,0.012953944,0.0034693438,password
0.09530124,0.010639783,0.011309563,0.0038109035,0.103269726,0.76736015,0.006344259,0.001964261,password
0.048818257,0.008149216,0.010722057,0.0033976075,0.05052733,0.8749661,0.0025119975,0.0009074134,password
0.024510635,0.007481744,0.012058426,0.0036281021,0.02511832,0.92557156,0.0011279474,0.00050321844,password
0.013522495,0.005687463,0.010405926,0.0029134613,0.015291089,0.95125854,0.000624417,0.00029649917,password
0.009470353,0.0045789843,0.008820872,0.0025170038,0.010577609,0.9634363,0.0003735491,0.000225342,password
0.0063563855,0.0030115629,0.005490684,0.0019777105,0.008622719,0.97404695,0.0002887112,0.00020528409,password
0.0048538027,0.0022236318,0.0038530317,0.0015688465,0.007476947,0.9795857,0.00023393877,0.00020405921,password
0.0034324056,0.0013929558,0.002319799,0.001104394,0.0058419555,0.9855419,0.00017061144,0.00019607709,password
0.0021177684,0.0006715505,0.0010922113,0.00062326685,0.0037577942,0.9914709,0.00010614826,0.00016031887,password
0.001333384,0.00030835523,0.00054427667,0.00039488229,0.0020556669,0.99515367,6.626156e-05,0.00014354667,password
0.0013393419,0.00033838715,0.0006703303,0.00044753746,0.0014936437,0.9954705,6.2326144e-05,0.00017782603,password
0.0016807046,0.0005248955,0.001156598,0.0006616487,0.0013851356,0.99428964,7.233389e-05,0.00022909598,password
0.0031890136,0.0012221183,0.0031473907,0.0010431373,0.001538731,0.9894299,0.0001115648,0.00031824136,password
0.00551065,0.001950027,0.006407214,0.0013209765,0.0020217784,0.9822302,0.0001663719,0.00039276763,password
0.008334366,0.0026125011,0.009849481,0.0012985015,0.002921893,0.9743276,0.00022432358,0.00043130855,password
0.012136529,0.0032341012,0.013537089,0.0011285862,0.004716638,0.9644666,0.0003089314,0.00047162376,password
0.021591762,0.004858611,0.022233037,0.0009191595,0.009046805,0.94020957,0.00055231096,0.0005887445,password
0.04126334,0.007989065,0.03514642,0.0007928946,0.02025324,0.8925861,0.0011276595,0.00084122183,password
0.05812067,0.010199645,0.04349242,0.00074282335,0.03995799,0.8446305,0.001853836,0.0010021208,password
0.07895042,0.012304387,0.049986485,0.00069104927,0.07644164,0.777461,0.0029547191,0.0012103277,password
0.10182148,0.013298046,0.0520141,0.0006096365,0.13484381,0.6916377,0.004339366,0.0014358247,password
0.118587,0.0122681465,0.044519357,0.00048373695,0.20379448,0.61361825,0.005065069,0.0016640096,password
0.13001323,0.010258957,0.03643072,0.00037337356,0.28098956,0.534745,0.0054603238,0.0017288342,password
0.13451563,0.00781573,0.027461682,0.00027921682,0.35071453,0.47224963,0.0052234093,0.0017401754,password
0.13575073,0.005868022,0.022463739,0.0002282391,0.4114529,0.41742566,0.005093442,0.0017171743,password
0.15620697,0.0043571754,0.017464736,0.00017166202,0.4093254,0.40631822,0.0042805355,0.0018754037,normal
0.14613265,0.0039370344,0.015923245,0.00016002225,0.44572306,0.38221574,0.0041840663,0.0017241854,normal
0.13491464,0.0037808078,0.014936507,0.00015585173,0.4718307,0.3685731,0.0041445675,0.0016637838,normal
0.12272914,0.0035509344,0.013324956,0.00015048908,0.49713004,0.35751826,0.00399189,0.0016042747,normal
0.11628505,0.002731954,0.010322325,0.00014413292,0.52969575,0.33542493,0.003565017,0.0018308901,normal
0.0961568,0.002990358,0.00895907,0.00014348592,0.59277993,0.29349318,0.0040473933,0.0014297826,normal
0.09132595,0.0026975258,0.007254853,0.00012861041,0.6030138,0.28984177,0.004381852,0.0013556627,normal
0.08667297,0.0023071303,0.0054326453,0.00011189217,0.6055087,0.29392552,0.0047867117,0.0012543977,normal
0.082243964,0.0018724757,0.0037336631,9.675703e-05,0.5991223,0.30629206,0.0055185673,0.0011202346,normal
0.07785289,0.0014642666,0.002350878,8.7039865e-05,0.5868993,0.32308838,0.007308158,0.0009490921,normal
0.07447737,0.0011565972,0.0013981073,8.681248e-05,0.5821027,0.3272904,0.012710785,0.0007772917,normal
0.074869566,0.0010148693,0.00086694205,0.00010154755,0.6013981,0.28802636,0.03303952,0.0006830856,normal
0.07736947,0.0010542682,0.00061620143,0.00013519132,0.608303,0.18991241,0.12190167,0.00070779846,normal
0.06345976,0.0010834613,0.00043765403,0.00015816081,0.44689485,0.07391824,0.41332257,0.00072535936,normal
0.031261172,0.0008340326,0.00024321357,0.000121659155,0.18070823,0.015256662,0.7710335,0.000541477,scanning
0.012599292,0.0006008059,0.00013378497,8.012042e-05,0.057100073,0.002749452,0.92637724,0.00035930128,scanning
0.0057840548,0.0005080867,9.0780384e-05,5.958004e-05,0.02046453,0.00066582405,0.97216177,0.00026542527,scanning
0.0032126633,0.0004996849,7.4249816e-05,5.1232295e-05,0.0090166135,0.00023277862,0.98669356,0.00021924701,scanning
0.0020959491,0.00053803,6.812726e-05,4.8734255e-05,0.004764155,0.00011056195,0.99218035,0.00019414297,scanning
0.0015479226,0.0006064368,6.6602435e-05,4.9306323e-05,0.002907242,6.608703e-05,0.9945773,0.00017916157,scanning
0.0012575598,0.00069670344,6.7339824e-05,5.165468e-05,0.0019868822,4.6675646e-05,0.99572337,0.00016990451,scanning
0.0010998247,0.00080351904,6.925736e-05,5.5057564e-05,0.0014847126,3.7153364e-05,0.99628615,0.00016435493,scanning
0.0010180002,0.0009223858,7.177586e-05,5.9006823e-05,0.0011899897,3.2201948e-05,0.9965454,0.00016134947,scanning
0.00098296,0.0010483275,7.4517986e-05,6.3069856e-05,0.001007262,2.9637535e-05,0.9966343,0.00015996007,scanning
0.0009774825,0.0011740198,7.712744e-05,6.6807086e-05,0.0008897075,2.8429778e-05,0.9966272,0.0001592428,scanning
0.0010051894,0.0013124841,8.407516e-05,7.953596e-05,0.0008286077,2.9786726e-05,0.99650806,0.00015217206,scanning
0.0011017197,0.001415269,9.4252246e-05,9.241849e-05,0.0008965314,3.3879132e-05,0.99620974,0.00015614589,scanning
0.0012388251,0.0015759531,0.00010846102,0.00010901769,0.0010012364,3.9228074e-05,0.9957634,0.00016381578,scanning
0.0014265217,0.0018214812,0.00012889078,0.00013322351,0.001153741,4.602967e-05,0.99511456,0.00017546976,scanning
0.0017013064,0.002218197,0.00016070232,0.00017343085,0.0013848584,5.5337277e-05,0.99411243,0.00019379407,scanning
0.0021429271,0.0028982086,0.00021366857,0.00024711405,0.001769136,7.000642e-05,0.9924353,0.00022360477,scanning
0.0029328873,0.0041322685,0.00030580568,0.00039389692,0.0024990311,9.76752e-05,0.98936534,0.00027307897,scanning
0.004537895,0.0065222695,0.00047047663,0.00070978946,0.0041454313,0.0001614794,0.983096,0.0003566626,scanning
0.008419102,0.011600361,0.00077256595,0.0014454027,0.008831735,0.00035231744,0.96807736,0.00050122774,scanning
0.02025225,0.023784213,0.0013463801,0.0032909156,0.027322136,0.0011796289,0.9220655,0.00075892464,scanning
0.060947977,0.052079234,0.0022690368,0.007508746,0.12787881,0.0063549653,0.74180365,0.001157542,scanning
0.11646474,0.066144995,0.0020000502,0.008857834,0.51195425,0.026975652,0.26656887,0.0010335769,normal
0.07678208,0.031483054,0.0006610125,0.0033242172,0.81922257,0.037276234,0.030867992,0.00038287422,normal
0.045805074,0.014444623,0.0002691794,0.0012616077,0.8927159,0.040130954,0.0051904474,0.00018223595,normal
0.032695297,0.007923543,0.00015232005,0.0007037003,0.90781313,0.04868494,0.0018952575,0.00013180301,normal
0.024119278,0.0047282022,9.2523376e-05,0.00049901387,0.9179558,0.051236495,0.0012551593,0.00011338376,normal
0.018543385,0.0033672457,6.4199856e-05,0.00040232815,0.93127936,0.04504347,0.0011958126,0.00010411249,normal
0.015107769,0.0026651071,4.984584e-05,0.00032548283,0.94402087,0.036406856,0.0013290013,9.515164e-05,normal
0.013038559,0.002508098,4.58525e-05,0.00027380628,0.95482385,0.02785325,0.0013658821,9.0733076e-05,normal
0.012022659,0.002649758,4.6743626e-05,0.0002694611,0.9633964,0.020000378,0.0015188436,9.585738e-05,normal
0.011926191,0.0030206747,5.0437655e-05,0.00033015598,0.96907896,0.013558726,0.0019266702,0.00010827137,normal
0.011355113,0.0032874593,4.957339e-05,0.00045784452,0.96899635,0.0134206,0.0023076758,0.00012543978,normal
0.0108698895,0.0038501616,5.0366623e-05,0.00075547455,0.96804553,0.013191601,0.0030649435,0.00017202199,normal
0.010630286,0.004887857,5.4574102e-05,0.0015288251,0.96480954,0.013144859,0.0046529034,0.0002910945,normal
0.011104661,0.0068425667,6.721046e-05,0.003773545,0.955565,0.014058525,0.007991067,0.0005975255,normal
0.017287754,0.016293675,0.00016216029,0.01562754,0.91289055,0.019822324,0.01634198,0.0015740024,normal
0.07225374,0.14289248,0.0027934648,0.13773756,0.565801,0.03936903,0.034636315,0.004516417,normal
0.11510645,0.33247772,0.015693594,0.20687638,0.26250628,0.036741983,0.026836393,0.003761119,dos
0.102939434,0.22568676,0.012954958,0.10489693,0.47499084,0.05250461,0.024019308,0.002007075,normal
0.054233883,0.1032582,0.0055682445,0.046383858,0.7175972,0.052754547,0.018939316,0.0012647524,normal
0.026386747,0.046962887,0.0023364248,0.022111535,0.8428583,0.043635897,0.014808353,0.0008997958,normal
0.014534533,0.025348105,0.001192603,0.013289446,0.89470315,0.03635956,0.013837142,0.000735368,normal
0.0098976735,0.017532365,0.0007883511,0.009932745,0.91485804,0.032050434,0.0142389685,0.0007013934,normal
0.0076560555,0.014523842,0.0006168075,0.009147419,0.9218271,0.029324722,0.016114209,0.0007898968,normal
0.006468401,0.013907205,0.0005486243,0.01009062,0.9206174,0.027634704,0.019691808,0.0010410955,normal
0.005889757,0.014528326,0.00051869766,0.011897245,0.9190578,0.023857238,0.022913195,0.0013377588,normal
0.0064802053,0.020181661,0.0006763688,0.019242277,0.900975,0.023047255,0.027522756,0.0018744186,normal
0.016033955,0.080675796,0.0030881169,0.07784235,0.73913145,0.029014608,0.050255276,0.0039584315,normal
0.049617555,0.45136768,0.03534469,0.26991105,0.12649152,0.016347414,0.045744654,0.00517543,dos
0.060020167,0.60947883,0.14992967,0.15741538,0.0058491016,0.0030230102,0.011735984,0.0025478676,dos
0.068733975,0.58711416,0.21063142,0.11688848,0.00340551,0.0019322223,0.008692966,0.002601317,dos
0.07483809,0.5459763,0.24462628,0.11719256,0.0034127957,0.0019743866,0.00889379,0.0030858754,dos
0.07993093,0.45374084,0.26839614,0.16456474,0.0077376226,0.0039793113,0.015892647,0.005757806,dos
0.08334369,0.35268825,0.2994565,0.19812958,0.0192964,0.008684657,0.028203418,0.01019745,dos
0.09074958,0.2992748,0.35779572,0.16386466,0.029739467,0.0126777375,0.034312535,0.011585508,injection
0.09935356,0.26203054,0.4251078,0.11072658,0.039043743,0.015991675,0.03725805,0.010488088,injection
0.07133996,0.21536848,0.5390734,0.08181596,0.02985401,0.015791569,0.037344374,0.0094122095,injection
0.058921468,0.20158562,0.57513636,0.07049667,0.028649123,0.016703935,0.039852615,0.0086542545,injection
0.05743037,0.18357658,0.60334665,0.059702102,0.0292973,0.017187564,0.039789286,0.0096701905,injection
0.05629713,0.16563825,0.623315,0.05258888,0.030616334,0.01798561,0.04138167,0.012177151,injection
0.053490415,0.164256,0.58828413,0.06398373,0.035680488,0.020405114,0.05404105,0.019859053,injection
0.05413296,0.1538537,0.5468809,0.07429482,0.042799387,0.02516531,0.06621677,0.03665622,injection
0.046932783,0.15029089,0.4563821,0.115313165,0.04524548,0.026400927,0.0802658,0.07916889,injection
0.038114756,0.13319075,0.32275897,0.18319702,0.045466542,0.024705475,0.08988926,0.16267727,injection
0.029818358,0.10095148,0.22528435,0.21126565,0.04058477,0.022010377,0.087298416,0.28278667,xss
0.019396815,0.07067478,0.13639335,0.24179517,0.030283457,0.016422244,0.07645837,0.4085758,xss
0.011602348,0.04414862,0.08128971,0.21451998,0.02117475,0.012292386,0.06292714,0.55204517,xss
0.0067799324,0.02538527,0.04386694,0.16996026,0.01533934,0.0090628695,0.04845816,0.68114716,xss
0.003976275,0.016501954,0.02564276,0.13855064,0.010267414,0.0060275695,0.036015898,0.76301754,xss
0.0023089217,0.010372535,0.014588922,0.10323025,0.007120391,0.0039851354,0.02627255,0.8321212,xss
0.0014325307,0.006933561,0.008773273,0.0785973,0.005557134,0.0030501895,0.019221526,0.8764346,xss
0.00081160816,0.0035677743,0.0044886605,0.054545857,0.003419285,0.002125068,0.013497886,0.9175438,xss
0.00043216767,0.0017082028,0.002164875,0.034548324,0.0020954332,0.0015356716,0.009231921,0.9482833,xss
0.00027463146,0.0009938547,0.0013160919,0.02433549,0.0014330697,0.0013639157,0.0070150173,0.9632679,xss
0.00015306265,0.00048101146,0.00067539775,0.013895795,0.0009674816,0.0012353909,0.0049182936,0.97767365,xss
0.0001002688,0.00026503764,0.00043293924,0.008269578,0.000738877,0.0015858188,0.0038996858,0.9847077,xss
6.179099e-05,7.384898e-05,0.0001487398,0.0031301389,0.0005365966,0.0030749717,0.0022853743,0.99068856,xss
0.00011931727,0.0001755971,0.00034668003,0.0083851805,0.0010864619,0.013083803,0.0033415488,0.9734614,xss
0.0013123122,0.0012509506,0.0035916504,0.022119742,0.0033388555,0.20662619,0.0057608937,0.7559993,xss
0.0045552957,0.0033395307,0.007938689,0.02079142,0.0075948723,0.7111666,0.005037617,0.23957586,password
0.008019914,0.005209996,0.009309944,0.01030616,0.00815768,0.9227908,0.0030889814,0.03311658,password
0.007815581,0.005451805,0.0077140727,0.0064934134,0.0087323245,0.95390594,0.002469854,0.0074169887,password
0.005151796,0.004272899,0.0050692847,0.0051795933,0.008440789,0.966329,0.0022001944,0.0033563871,password
0.0034044858,0.0030315681,0.0031184345,0.003971549,0.007770686,0.9749348,0.0019011557,0.0018673743,password
0.002196655,0.0019189373,0.0016734507,0.0024491944,0.0073436466,0.9817462,0.0016400568,0.0010318103,password
0.0013862484,0.0012957623,0.0008600618,0.0016218427,0.0073034274,0.98548293,0.0014469927,0.0006027253,password
0.001015881,0.0009175654,0.0004511654,0.0011157774,0.007940401,0.98687905,0.0012845162,0.00039571742,password
0.000918355,0.00094128243,0.00035108076,0.0009134056,0.0087902285,0.9864363,0.0013077371,0.00034153758,password
0.0011970145,0.0010629995,0.00025074996,0.0006705686,0.0158765,0.97866404,0.0017350526,0.0005431036,password
0.0015830101,0.001618276,0.00029501974,0.00073093927,0.017911097,0.97542113,0.0017555954,0.0006849688,password
0.0018401619,0.0015946191,0.00021544458,0.0006932629,0.028794048,0.9634323,0.0020140582,0.0014161423,password
0.0024075627,0.0016519688,0.0001747439,0.0007495859,0.040459488,0.94903463,0.0024418489,0.003080237,password
0.0027100171,0.0014962659,0.00013342572,0.000831484,0.04979889,0.9374916,0.0029398275,0.0045985435,password
0.0026599597,0.0012122563,0.00010834572,0.0008013051,0.05150411,0.933402,0.0034541986,0.0068577146,password
0.0027222512,0.0014290711,0.00013008786,0.0012275538,0.049799282,0.92414486,0.004812316,0.015734632,password
0.0026973404,0.0014599181,0.00015111588,0.0013551767,0.047821198,0.9065876,0.0066262083,0.033301394,password
0.002734657,0.0016422571,0.00018662332,0.001735715,0.045381483,0.86246985,0.009676358,0.07617309,password
0.0024922565,0.0017186649,0.00023430306,0.002104559,0.039493572,0.77609617,0.013079373,0.16478103,password
0.0032482767,0.0022771945,0.00038510538,0.0038109075,0.040246226,0.37407303,0.026088381,0.54987085,xss
0.0015011013,0.0014369054,0.00037486327,0.004188003,0.01748725,0.22260404,0.021640044,0.73076785,xss
0.00073713035,0.0007447952,0.00030172936,0.0033364415,0.007760307,0.0970926,0.016162975,0.87386394,xss
0.00035682885,0.00038347824,0.0002192834,0.0026149552,0.00382589,0.048751757,0.012445069,0.93140274,xss
0.00015549303,0.00018450325,0.00016052088,0.0020709627,0.001762492,0.0201865,0.009327086,0.9661524,xss
7.309834e-05,9.901057e-05,0.0001108721,0.0017417064,0.00081037235,0.008008447,0.0060227914,0.98313373,xss
3.9905666e-05,5.661551e-05,7.8744066e-05,0.0013748867,0.00043536664,0.0033394424,0.004084631,0.99059045,xss
2.3165767e-05,3.546514e-05,5.7309688e-05,0.0011231987,0.00023201529,0.0014140013,0.0025773617,0.9945374,xss
1.6271297e-05,2.4731247e-05,4.5063895e-05,0.0009136711,0.00015127983,0.0007058856,0.0018670968,0.996276,xss
1.2788658e-05,1.8181654e-05,3.8394617e-05,0.00071525463,0.00010850556,0.00039146302,0.0014612257,0.9972541,xss
1.0577135e-05,1.3669123e-05,2.9533643e-05,0.0005455115,7.832196e-05,0.0002175475,0.0011381608,0.99796665,xss
9.436827e-06,1.1242703e-05,2.7659007e-05,0.0004281595,6.218798e-05,0.00015232997,0.0010054767,0.99830353,xss
1.0345861e-05,1.0639313e-05,2.4964322e-05,0.00040210722,5.623855e-05,8.737986e-05,0.0008400791,0.9985683,xss
1.1765583e-05,1.0981056e-05,2.5710624e-05,0.00039228052,6.29213e-05,8.916836e-05,0.0007432224,0.998664,xss
1.4136032e-05,1.1602993e-05,2.6300902e-05,0.0003950286,7.4998505e-05,0.00010059865,0.0006633208,0.9987141,xss
1.8553035e-05,1.3499486e-05,2.968357e-05,0.00041831986,9.845567e-05,0.0001250581,0.0006227553,0.9986737,xss
2.5662615e-05,1.8173117e-05,3.4910707e-05,0.0005064368,0.00015998364,0.00018275777,0.0006707934,0.99840134,xss
4.611813e-05,2.8371127e-05,5.368896e-05,0.00069783314,0.0002628585,0.00029484805,0.0007749902,0.99784124,xss
8.204373e-05,4.651617e-05,7.20578e-05,0.0010507521,0.00048671037,0.00048126417,0.0008599256,0.9969207,xss
0.00016431436,8.843695e-05,0.00010574527,0.0017961265,0.0010159706,0.000858879,0.0010381718,0.99493235,xss
0.00040706855,0.00021902875,0.00017602848,0.0033443314,0.0026499287,0.0016894646,0.0013491847,0.99016494,xss
0.0054578967,0.002130382,0.0008583074,0.009636342,0.023036335,0.0046315086,0.0039706356,0.9502786,xss
0.084517986,0.022385418,0.0036697618,0.017733129,0.24596454,0.011938802,0.010474311,0.60331607,xss
0.17256369,0.036336135,0.0034624238,0.012381656,0.5770225,0.013951719,0.008162078,0.17611976,normal
0.15102544,0.028527323,0.0018473238,0.005740781,0.75801116,0.014946216,0.0041877916,0.03571397,normal
0.1077207,0.017305009,0.00087319297,0.0023072518,0.8451715,0.017893936,0.0019389868,0.0067893886,normal
0.0743102,0.011082892,0.00047054788,0.0009650021,0.88958013,0.020786269,0.0012814403,0.0015235017,normal
0.05115506,0.008602861,0.00030355935,0.00081782765,0.91324985,0.024096748,0.0010401617,0.00073390146,normal
0.040070344,0.007996096,0.0002364883,0.00075728877,0.9238654,0.025579555,0.0010568581,0.00043806576,normal
0.029938433,0.006836206,0.00017181001,0.000781713,0.9336375,0.027326472,0.0010108914,0.00029696303,normal
0.022911651,0.006103537,0.00012965564,0.0008766864,0.93893903,0.029858503,0.0009651771,0.00021576151,normal
0.017411925,0.005652294,9.8508106e-05,0.0009705824,0.9448297,0.029917192,0.0009574501,0.00016238392,normal
0.01564948,0.0058686845,9.611552e-05,0.0011312908,0.9482848,0.02782526,0.0009941423,0.0001501324,normal
0.016878452,0.00586375,0.00011045139,0.0011335197,0.94352984,0.031163605,0.0011203293,0.00019999799,normal
0.019271147,0.006871201,0.00014360447,0.0013540906,0.9320527,0.038850542,0.0012165159,0.00024028108,normal
0.022739412,0.008830803,0.00020829697,0.0018019597,0.9131344,0.051551566,0.0014080516,0.0003254377,normal
0.02701983,0.012721279,0.00035898254,0.0030403107,0.8722969,0.082121775,0.001885102,0.00055583427,normal
0.033307903,0.041659426,0.0021639972,0.020969022,0.6650197,0.2272391,0.0065930476,0.0030478742,normal
0.03417655,0.073882096,0.007662033,0.061753765,0.48235944,0.31014922,0.018028498,0.011988426,normal
0.03585771,0.10302467,0.01899112,0.11444932,0.36934486,0.27911577,0.042090643,0.037125897,normal
0.03705311,0.12015969,0.03699644,0.16810735,0.26999477,0.19423786,0.07509512,0.09835562,normal
0.03649446,0.120271444,0.058265638,0.18674457,0.19121514,0.13098212,0.10146188,0.17456475,normal
0.033164937,0.11530046,0.07316538,0.19071285,0.14433327,0.099690855,0.10798165,0.23565063,xss
0.030549835,0.10876264,0.0838482,0.18204214,0.120745115,0.081752695,0.1074864,0.284813,xss
0.02882051,0.102339335,0.092170805,0.16752055,0.10958594,0.07199907,0.10253175,0.325032,xss
0.027572637,0.09922208,0.10617634,0.14559245,0.09626358,0.059752084,0.098897055,0.3665237,xss
0.027569799,0.089250706,0.112138875,0.116439365,0.09191353,0.052883003,0.08869329,0.42111143,xss
0.025938042,0.074735306,0.109009385,0.09058255,0.08438566,0.044080123,0.07214451,0.49912447,xss
0.022185089,0.06262563,0.10565047,0.0756245,0.067538135,0.03308339,0.055233084,0.57805973,xss
0.019263264,0.05936894,0.10983085,0.07072683,0.052971937,0.024145007,0.047128998,0.6165641,xss
0.019859724,0.07002218,0.13722342,0.07473288,0.04764712,0.020874923,0.046779167,0.5828605,xss
0.019933278,0.07598691,0.1531199,0.076527506,0.04540874,0.020072652,0.043680914,0.56527007,xss
0.019114478,0.07383628,0.1524058,0.069817625,0.044468638,0.019313933,0.04145304,0.5795902,xss
0.021093376,0.07875033,0.16124196,0.06639675,0.046075244,0.019265568,0.042370472,0.56480634,xss
0.022403952,0.08903294,0.16584474,0.07374675,0.05354342,0.022920895,0.044731673,0.5277757,xss
0.025781797,0.09616214,0.17977092,0.06560586,0.05699601,0.02311706,0.045100424,0.50746584,xss
0.032452796,0.107641175,0.20037341,0.05495602,0.06423934,0.024789877,0.04322867,0.47231865,xss
0.04822953,0.12832977,0.23329963,0.042340253,0.0779642,0.030120043,0.039094593,0.40062192,xss
0.06969733,0.15520781,0.26405013,0.033908125,0.10402792,0.044729657,0.03708928,0.29128978,xss
0.106934726,0.17937204,0.2845909,0.022259109,0.1437303,0.07491532,0.03643283,0.15176478,injection
0.17595622,0.15611625,0.25292343,0.011315494,0.18775353,0.120898746,0.036606893,0.05842946,injection
0.21773005,0.12014067,0.18289842,0.006029383,0.23887879,0.17433786,0.03683665,0.023148194,normal
0.23871528,0.081796445,0.112837836,0.0031993648,0.29330158,0.22552736,0.0339037,0.010718426,normal
0.2815142,0.044088546,0.060223404,0.0012691054,0.31776497,0.2589725,0.031059539,0.005107751,normal
0.31453636,0.022364805,0.029745918,0.000525109,0.3353483,0.26812395,0.026486272,0.0028692544,normal
0.34295025,0.011788433,0.014936275,0.0002473197,0.34639332,0.26056388,0.021218864,0.0019016751,normal
0.3364637,0.0069710147,0.007959857,0.00014858773,0.3694059,0.25934145,0.018332072,0.0013773943,normal
0.33746567,0.004402094,0.0044334964,9.569577e-05,0.38972747,0.24644211,0.0163467,0.001086746,normal
0.3453623,0.0030323344,0.0026327693,6.694056e-05,0.40896344,0.22380604,0.015212602,0.00092359417,normal
0.3537147,0.002265834,0.0016690034,5.0376522e-05,0.43000984,0.19678693,0.014682839,0.0008204017,normal
0.34778374,0.0017179197,0.0010837294,3.8726805e-05,0.45859846,0.17569233,0.014355605,0.00072941114,normal
0.33005038,0.0009339835,0.0005263446,2.5743557e-05,0.48543763,0.16366644,0.018598258,0.00076112914,normal
0.39826363,0.0007816863,0.0004370509,2.6902737e-05,0.43697867,0.14241779,0.019750819,0.0013433864,normal
0.3936577,0.0007654552,0.00047140068,2.6987997e-05,0.43667704,0.149094,0.017986847,0.001320576,normal
0.3841561,0.0007490366,0.00052266254,2.718154e-05,0.4390074,0.15802751,0.016223751,0.0012863374,normal
0.36663193,0.00073761394,0.0005960111,2.7756992e-05,0.44614294,0.1700429,0.014577429,0.0012434649,normal
0.33538455,0.0007444277,0.00070338254,2.952699e-05,0.46303383,0.18567505,0.013234199,0.001195035,normal
0.28228962,0.00082476006,0.0008997525,3.5429857e-05,0.49945867,0.20268144,0.012658367,0.001151951,normal
0.2042507,0.0012962092,0.0015344177,6.29419e-05,0.56820667,0.20888491,0.014575082,0.0011891463,normal
0.12792249,0.0049355566,0.005557544,0.0003063924,0.6466606,0.1862505,0.026596382,0.0017705299,normal
0.085405424,0.03791056,0.03656923,0.003459438,0.61910075,0.14461336,0.06858804,0.0043532513,normal
0.058303997,0.14966118,0.12874919,0.01805922,0.43248594,0.09462649,0.1103309,0.0077830977,normal
0.039607916,0.2620713,0.21817271,0.034903817,0.27094212,0.05878382,0.10698626,0.008532063,normal
0.029804746,0.32520846,0.27617058,0.0425309,0.18898842,0.04070898,0.08867333,0.007914584,dos
0.02470395,0.3559996,0.31677687,0.042752158,0.14912386,0.031303883,0.07214799,0.0071916794,dos
0.021784784,0.36909738,0.34843954,0.039165594,0.1291069,0.025674287,0.060067054,0.006664512,dos
0.01981704,0.37282708,0.37398005,0.03421412,0.11894164,0.02169425,0.05219317,0.006332623,injection
0.018175393,0.3725065,0.39377242,0.029214509,0.11381081,0.018436538,0.047985543,0.0060983254,injection
0.016598536,0.37136474,0.40755576,0.024718415,0.11141026,0.015542424,0.046956163,0.0058536096,injection
0.015033566,0.37196454,0.41557652,0.02075544,0.10995741,0.01279102,0.048360433,0.005561057,injection
0.013567098,0.3744636,0.41815162,0.01737712,0.10917937,0.0102337105,0.051755935,0.0052715335,injection
0.011652412,0.35307312,0.45597997,0.02475498,0.08594261,0.00881391,0.053383786,0.006399203,injection
0.010673135,0.35795528,0.4593763,0.027405443,0.07351669,0.0071721985,0.056699116,0.007201873,injection
0.011083753,0.35707125,0.45737755,0.033658776,0.06886828,0.0077198474,0.055895917,0.008324606,injection
0.0118158925,0.35691476,0.44657373,0.041988168,0.06841102,0.008615431,0.05600109,0.009679971,injection
0.012844756,0.35755682,0.4252155,0.055540953,0.070861705,0.010070861,0.056524295,0.011385114,injection
0.0141333025,0.35693872,0.39040998,0.07951273,0.075913616,0.012448041,0.057165224,0.013478327,injection
0.015535262,0.3499048,0.34385395,0.11778374,0.08344851,0.016049353,0.05762273,0.01580159,dos
0.016837005,0.33306146,0.29171592,0.1682744,0.093574956,0.02103504,0.057443526,0.018057693,dos
0.017959848,0.30678782,0.2379505,0.22522064,0.10800343,0.028080754,0.05602073,0.019976294,dos
0.019143175,0.27259544,0.18179113,0.27823994,0.13495493,0.039600052,0.052524228,0.021151066,mitm
0.021691317,0.22366633,0.11313442,0.28994244,0.22150648,0.0657083,0.043964274,0.020386498,mitm
0.024389558,0.113569215,0.033119123,0.140792,0.53422064,0.120115,0.021422775,0.012371781,normal
0.018785259,0.028884988,0.005353706,0.022872942,0.7829715,0.1320024,0.005177361,0.003951787,normal
0.014997397,0.009295056,0.0014521122,0.0038910785,0.83804834,0.12922892,0.001578596,0.0015086501,normal
0.013644352,0.0042970013,0.00063945435,0.0009124423,0.8496285,0.1293757,0.0007151528,0.0007874526,normal
0.013439601,0.0027554606,0.00039819043,0.00033237535,0.85547113,0.1265854,0.00047416677,0.00054375676,normal
0.013452947,0.0022433696,0.00030480698,0.00018283175,0.8670842,0.115866855,0.0004137783,0.00045108763,normal
0.013258879,0.0020911468,0.00025744783,0.0001306976,0.88564247,0.09779179,0.00041959708,0.00040798177,normal
0.012846889,0.0020848203,0.00022720873,0.00010586643,0.9074151,0.07648033,0.00045995356,0.00037989166,normal
0.01245266,0.0021741637,0.00020777318,9.049866e-05,0.92781925,0.056367844,0.00053033314,0.0003574618,normal
0.012397933,0.002409886,0.00020058178,8.089573e-05,0.9437776,0.04014862,0.0006445251,0.00033984726,normal
0.011630675,0.0024769518,0.00019318397,7.469858e-05,0.9501847,0.034440536,0.00066891464,0.00033035467,normal
0.012335886,0.0026713081,0.00021380391,7.811674e-05,0.94685376,0.036835067,0.00067318726,0.0003389294,normal
0.012697001,0.0028011715,0.00022819244,8.018318e-05,0.9445456,0.038616344,0.00068386487,0.00034768577,normal
0.013065127,0.0029608088,0.00024601718,8.244954e-05,0.94161236,0.040974997,0.00069958274,0.00035868215,normal
0.013611177,0.0031821812,0.00027482037,9.059703e-05,0.9346238,0.047052022,0.0007643822,0.0004010693,normal
0.0153693305,0.0037516074,0.000344679,9.7564865e-05,0.923325,0.055842042,0.0007992281,0.0004704596,normal
0.015735524,0.004171992,0.00041195966,0.000105810985,0.91174865,0.06641977,0.0008739895,0.00053232664,normal
0.015670719,0.004624287,0.000513887,0.000116620606,0.897085,0.08037366,0.0009845896,0.000631263,normal
0.015069761,0.0049746656,0.0006486773,0.00013018721,0.8805482,0.0967067,0.0011327718,0.00078913453,normal
0.014042271,0.00513677,0.000793383,0.00014673416,0.8642905,0.113249935,0.0013080569,0.0010324017,normal
0.012709582,0.005091409,0.00091042364,0.00016801803,0.8497575,0.1284683,0.00149706,0.0013977174,normal
0.0111489305,0.0048492043,0.0009650762,0.00019681641,0.8362265,0.14299555,0.0016882559,0.0019296398,normal
0.009544709,0.0044626896,0.0009551004,0.0002343413,0.8213863,0.1588973,0.0018727861,0.0026468097,normal
0.008255735,0.0032215554,0.00081643625,0.00023681005,0.8020214,0.17969158,0.0018969039,0.0038595523,normal
0.007828042,0.0032088305,0.00088690664,0.00028843846,0.76967335,0.21134947,0.0020161981,0.00474873,normal
0.007884163,0.003191746,0.00096846925,0.00031390818,0.7511414,0.22937024,0.002025821,0.0051041306,normal
0.009035577,0.0034047621,0.0011456655,0.00030711538,0.7511749,0.22829714,0.0019330167,0.0047017364,normal
0.011394775,0.0038274862,0.0014074567,0.00027816906,0.77296376,0.20447055,0.0018108797,0.0038469236,normal
0.014159987,0.004347329,0.0016847944,0.00025854073,0.7957257,0.1789205,0.0017469557,0.00315617,normal
0.014970872,0.0045966404,0.0016999065,0.00026194067,0.8218546,0.15193155,0.0018239152,0.002860603,normal
0.014587146,0.0039395154,0.0015319183,0.00024557437,0.826935,0.1468806,0.00195334,0.003926957,normal
0.012449657,0.0034435103,0.0013761488,0.00029711073,0.8180908,0.15649039,0.0024723588,0.005380116,normal
0.010357019,0.0030357696,0.0012756833,0.00037114235,0.811011,0.1634986,0.0034050355,0.0070457147,normal
0.010042618,0.0027460686,0.0013954641,0.00041732614,0.78836775,0.18224972,0.0043479707,0.010433124,normal
0.011204824,0.0036085579,0.0022005262,0.0006594546,0.7349894,0.22128393,0.005472272,0.02058116,normal
0.011667955,0.004532641,0.0029948242,0.00094401854,0.70881987,0.22638582,0.0069541736,0.037700698,normal
0.0131060425,0.00636817,0.004430407,0.0014133247,0.6709113,0.20378473,0.009928133,0.090057865,normal
0.011394012,0.005933677,0.004462904,0.0016274416,0.58542603,0.18501046,0.012549591,0.19359586,normal
0.007235656,0.0047869897,0.003602172,0.0023256885,0.38033548,0.14199175,0.015539093,0.44418323,xss
0.002910245,0.0025637548,0.0019710944,0.0025968528,0.15660179,0.07530395,0.014562045,0.7434903,xss
0.0009403871,0.0009784206,0.00089638704,0.0018764411,0.051674895,0.033883393,0.010872305,0.8988778,xss
0.00031151104,0.0004056926,0.00044879795,0.0015144683,0.014355776,0.01431681,0.0071015093,0.9615455,xss
0.00012599869,0.00019296719,0.0002685095,0.0012358672,0.004332507,0.006521254,0.0045079114,0.98281497,xss
6.621241e-05,0.00011031335,0.00019443489,0.0010185707,0.0015738657,0.0033133288,0.0028511304,0.9908722,xss
4.631177e-05,7.6729666e-05,0.00015153867,0.00078984216,0.0010677213,0.002160327,0.0022393859,0.99346817,xss
3.0301351e-05,5.19939e-05,0.00012118783,0.00061431644,0.00047409526,0.0010907996,0.001370935,0.9962463,xss
2.4170467e-05,3.957586e-05,0.000105049716,0.0004887773,0.0002537934,0.0006180465,0.000878836,0.99759173,xss
2.2250068e-05,3.1875577e-05,9.362261e-05,0.00043196746,0.00016703713,0.00034140528,0.0005928405,0.99831885,xss
2.1452774e-05,2.3637109e-05,7.390109e-05,0.0003114989,0.00011553556,0.00020378451,0.0004052928,0.99884486,xss
2.4482562e-05,2.1178377e-05,6.378973e-05,0.0002607703,0.00010637438,0.00013164766,0.00035021943,0.9990415,xss
3.0518047e-05,1.9895933e-05,6.431378e-05,0.00022688769,0.00010528129,0.000115375864,0.00031689613,0.9991208,xss
3.9608167e-05,2.4536927e-05,8.0709324e-05,0.00025334905,0.00013809834,0.00014027269,0.00035165585,0.9989718,xss
5.1949453e-05,2.8532488e-05,9.480177e-05,0.00029903487,0.00016807325,0.00017309979,0.00035999977,0.99882466,xss
6.966393e-05,3.490191e-05,0.00011642995,0.00038515197,0.00021215554,0.00024072033,0.00038654145,0.9985544,xss
9.000357e-05,4.739689e-05,0.00014516177,0.0005458999,0.0002994419,0.00038002117,0.00046133023,0.9980307,xss
0.00013433315,7.647339e-05,0.00024429674,0.000915199,0.00039994816,0.0006571281,0.00058531296,0.9969874,xss
0.00023350083,0.00015789788,0.0005129438,0.002097818,0.0006388482,0.0014925973,0.0008074534,0.99405897,xss
0.00045881903,0.00036367058,0.0011589633,0.0044416566,0.0011129268,0.003250222,0.0014711076,0.98774254,xss
0.0007440681,0.00064038846,0.0018052023,0.007802803,0.0019274137,0.007271799,0.002087137,0.97772115,xss
0.0017861126,0.0017874442,0.005362921,0.019777816,0.004296609,0.025665084,0.004337735,0.9369862,xss
0.004916498,0.004634273,0.014991004,0.040780313,0.009737792,0.114144824,0.007784414,0.80301094,xss
0.009049907,0.008511685,0.023418035,0.06405769,0.017147819,0.2941858,0.008080749,0.57554835,xss
0.017414043,0.012642681,0.033547234,0.042004395,0.019863574,0.7459325,0.005136717,0.123458765,password
0.027434418,0.015546761,0.036920402,0.015680006,0.01569278,0.8730256,0.0018479244,0.013852021,password
0.026879566,0.011000073,0.026155708,0.0046911873,0.01131386,0.91746557,0.00067465595,0.001819421,password
0.026714256,0.011084653,0.023201248,0.0034916985,0.011761146,0.9224918,0.00046401192,0.00079126516,password
0.021281797,0.0077123293,0.016132368,0.0017113307,0.010200913,0.9424177,0.00030397778,0.00023955428,password
0.017366324,0.005879396,0.012686554,0.0011361742,0.009799355,0.95275027,0.00025589825,0.00012595698,password
0.019139936,0.0070639956,0.014491503,0.0010956607,0.01104198,0.94678104,0.00028477973,0.00010101717,password
0.01608366,0.00659932,0.013234298,0.0010139034,0.010535957,0.95217776,0.00026040635,9.471258e-05,password
0.01313981,0.0057492834,0.011719934,0.0008586277,0.009327034,0.95888263,0.00022950355,9.314953e-05,password
0.012762508,0.0053438176,0.0123007875,0.000768925,0.010160805,0.95829076,0.0002730671,9.940063e-05,password
0.015286801,0.005938443,0.014998285,0.0007333603,0.014054699,0.9484833,0.00038308132,0.00012205043,password
0.020874055,0.007306701,0.019452816,0.0007088712,0.022166723,0.9287515,0.00058026245,0.00015909148,password
0.03027623,0.009168366,0.024997037,0.0006661187,0.037019935,0.89675915,0.0009045318,0.00020868733,password
0.044974886,0.01105207,0.030568792,0.0005945803,0.06278189,0.84834385,0.001413778,0.0002701642,password
0.066717565,0.012400935,0.033761654,0.00048453422,0.10403048,0.78013754,0.0021116792,0.00035564462,password
0.10387784,0.013839111,0.036587603,0.0003724634,0.15207194,0.68985695,0.0029062056,0.0004878101,password
0.14276816,0.011980278,0.032325592,0.0002788057,0.20867765,0.60000014,0.0033831976,0.00058614614,password
0.18343158,0.008987642,0.025372948,0.00020272129,0.25647533,0.52140254,0.0034776195,0.00064962805,password
0.22000289,0.0065029413,0.017879382,0.00014312756,0.29436395,0.45724553,0.0031773243,0.0006849202,password
0.25990695,0.0044261385,0.011908149,0.000101138445,0.3268124,0.39332628,0.0027747147,0.0007442686,password
0.3465871,0.0034009244,0.009103204,7.6428136e-05,0.31393564,0.3236017,0.0023471345,0.000947919,ddos
0.39796972,0.0022776194,0.006412149,5.8684436e-05,0.3257788,0.26427782,0.0021294097,0.0010957565,ddos
0.5043682,0.0019290462,0.005329738,4.8384256e-05,0.2892623,0.19571628,0.0019064568,0.0014395544,ddos
0.52570087,0.0015958847,0.004044384,4.111417e-05,0.3058958,0.15927224,0.0018557748,0.0015938944,ddos
0.62623304,0.0014297179,0.003337232,3.6459143e-05,0.2616122,0.10325535,0.0017738319,0.0023222577,ddos
0.6432657,0.0013732283,0.0027363307,3.204704e-05,0.27294347,0.07563055,0.0017789791,0.002239685,ddos
0.6389811,0.0013374534,0.002125879,2.7873142e-05,0.29836163,0.055180885,0.0018928964,0.0020922218,ddos
0.6765068,0.0010748706,0.0015713457,2.8159639e-05,0.2730246,0.041381687,0.0022863164,0.0041261828,ddos
0.7024672,0.001075555,0.0018072606,3.3019438e-05,0.24673419,0.039846484,0.002401575,0.0056348094,ddos
0.6896133,0.0012584159,0.0023932017,4.1599727e-05,0.25429553,0.04315788,0.0026131244,0.006626935,ddos
0.6733461,0.0015458412,0.003205661,5.5458553e-05,0.2657318,0.045278717,0.0029968445,0.007839534,ddos
0.64774567,0.0019995705,0.0044084243,7.765908e-05,0.28586426,0.046853717,0.0035686893,0.009482071,ddos
0.6120457,0.0026709442,0.0061264923,0.000112853944,0.31475258,0.048307974,0.004345516,0.011637917,ddos
0.5658083,0.0035892937,0.0082803,0.00016974838,0.35281223,0.049713098,0.0053809583,0.014246146,ddos
0.5051684,0.0047365157,0.01067674,0.00025269305,0.40420133,0.051433016,0.00656992,0.016961431,ddos
0.42728335,0.005972263,0.012848095,0.00035483518,0.47323206,0.053699084,0.0076440303,0.018966254,normal
0.33902457,0.006781762,0.013501729,0.0004454186,0.5558293,0.05747291,0.008214095,0.018730313,normal
0.2453746,0.0067891967,0.012275267,0.00046815063,0.6486652,0.06323211,0.0077374806,0.015457995,normal
0.15535907,0.006079341,0.009738603,0.00039519957,0.74382436,0.06823476,0.006144518,0.010224127,normal
0.08768565,0.005079774,0.00663692,0.00027615041,0.8237251,0.067087755,0.0041634007,0.005345254,normal
0.04429392,0.0045994846,0.0041905227,0.00018177403,0.8899784,0.05175904,0.0025773903,0.0024195085,normal
0.023574356,0.0042144633,0.0026405605,0.00012567437,0.9287777,0.03762762,0.0018167588,0.0012227878,normal
0.014831821,0.0034962865,0.0017004848,9.13231e-05,0.9465206,0.03103644,0.0015500804,0.0007729877,normal
0.010379313,0.002897542,0.0011549832,7.090872e-05,0.9577568,0.025692116,0.0014789545,0.000569282,normal
0.0078043602,0.0025242232,0.00085398933,5.8243902e-05,0.9665992,0.02017671,0.0015182989,0.00046496288,normal
0.006265655,0.0023019633,0.0006736792,4.9400835e-05,0.9736258,0.015040601,0.0016426605,0.0004002565,normal
0.00541378,0.0022099954,0.00057805,4.286996e-05,0.9786659,0.010879899,0.0018509354,0.00035865,normal
0.0050035845,0.0022242554,0.0005470115,3.783108e-05,0.9820181,0.007676038,0.0021567815,0.00033633766,normal
0.0054617967,0.002592181,0.00062444905,4.132129e-05,0.98280853,0.00581247,0.002371145,0.00028815,normal
0.0059913835,0.002750428,0.00067096215,4.451873e-05,0.98178035,0.006327799,0.0021805407,0.0002540257,normal
0.0065973117,0.0029445258,0.00071669754,4.802737e-05,0.9802201,0.0072756563,0.0019738695,0.0002237135,normal
0.007508359,0.0032290814,0.00079925597,5.230052e-05,0.9781542,0.008235823,0.0018279031,0.00019326546,normal
0.008794121,0.0036919636,0.00093211484,6.0312224e-05,0.9748351,0.009816206,0.0017046898,0.00016555072,normal
0.010611417,0.0044386815,0.0011478885,7.4570475e-05,0.96968365,0.012282857,0.0016187653,0.0001421742,normal
0.013885804,0.0059797415,0.0016596245,0.00010386377,0.96029544,0.016200304,0.0017471317,0.00012802589,normal
0.018394034,0.008431776,0.0025498734,0.00015496762,0.9450765,0.023176545,0.0020996942,0.00011649253,normal
0.025927134,0.014280938,0.004539685,0.0003897556,0.9163867,0.03536746,0.002987314,0.00012098819,normal
0.031860463,0.025201421,0.008564643,0.0010347136,0.8678051,0.059518278,0.0058669224,0.0001484146,normal
0.029457597,0.0351741,0.012215669,0.0020421746,0.8262045,0.08400153,0.010723469,0.00018104364,normal
0.023176245,0.043388106,0.014351466,0.0035182475,0.7929213,0.10437525,0.018021364,0.00024806752,normal
0.017706787,0.055761766,0.016073234,0.0061933263,0.77304596,0.09606634,0.034707744,0.00044485353,normal
0.013780999,0.06976385,0.016341649,0.011657365,0.7466639,0.07313672,0.067668736,0.0009866474,normal
0.012495638,0.085285075,0.016180517,0.02149912,0.711317,0.05896126,0.092302114,0.0019592152,normal
0.011486853,0.09795133,0.015625218,0.04989069,0.6335448,0.056155644,0.13143276,0.003912635,normal
0.0116713615,0.09739812,0.014294606,0.08788331,0.5814525,0.07111472,0.13189623,0.0042892103,normal
0.01173871,0.10076975,0.014151962,0.111261174,0.5522952,0.08423804,0.121006794,0.0045383233,normal
0.012188394,0.10217944,0.014223052,0.13690126,0.52106804,0.107130244,0.10208907,0.004220528,normal
0.013227806,0.099742316,0.014114569,0.1842248,0.4539466,0.1526807,0.0788811,0.0031821043,normal
0.014475669,0.09686973,0.014806135,0.20393425,0.39821464,0.208636,0.06035571,0.0027078525,normal
0.020983825,0.1074427,0.019912569,0.24618398,0.26225957,0.30369154,0.037845798,0.0016800348,password
0.028942749,0.12392069,0.028495485,0.27530745,0.15662724,0.36192784,0.023484094,0.001294508,password
0.0406358,0.14171363,0.040115204,0.27558964,0.10261027,0.38034377,0.01784669,0.001145034,password
0.053644847,0.16246547,0.05341788,0.26558754,0.07841501,0.37037295,0.014891927,0.0012043912,password
0.12982069,0.23743646,0.116264395,0.20231028,0.037502415,0.26536155,0.010071306,0.001232907,password
0.22986284,0.23132817,0.17125937,0.12277365,0.024040097,0.2123276,0.0070001106,0.0014082151,dos
0.27311942,0.17743903,0.18312837,0.082324594,0.026208377,0.2489605,0.006566391,0.0022533059,ddos
0.28457546,0.09450231,0.15203479,0.034871172,0.04059811,0.38240346,0.007103822,0.0039108754,password
0.25083193,0.051586956,0.11200859,0.018118244,0.05083739,0.504535,0.006379611,0.0057022166,password
0.1851211,0.022451987,0.07442908,0.00703276,0.05677266,0.6384249,0.006273069,0.009494448,password
0.12696539,0.023433542,0.08524737,0.009403777,0.05174781,0.67233366,0.00869538,0.022173112,password
0.08981464,0.033621326,0.12190236,0.01763579,0.047671247,0.6234485,0.01445766,0.051448427,password
0.06610417,0.05130572,0.16990186,0.031385615,0.046671968,0.50592935,0.026122464,0.10257875,password
0.057668112,0.060832128,0.19774956,0.037129086,0.045908507,0.43528432,0.031437185,0.13399106,password
0.051361702,0.08168153,0.25969443,0.046584807,0.04577745,0.28002495,0.053215183,0.18165992,password
0.047589943,0.09175163,0.27420297,0.050799325,0.04679598,0.22934152,0.06184295,0.19767565,injection
0.04516158,0.091653995,0.28197256,0.050623536,0.045718268,0.19934843,0.059545662,0.22597593,injection
0.042607427,0.099922866,0.286818,0.04785433,0.048140787,0.16834807,0.06129432,0.24501419,injection
0.040938914,0.10651691,0.27618343,0.043420404,0.054856073,0.14803748,0.059757095,0.27028972,injection
0.038976002,0.11038695,0.25624067,0.04400193,0.06331659,0.14045747,0.05763901,0.28898138,xss
0.03929555,0.11151415,0.22209543,0.044883728,0.07182726,0.14133872,0.056361225,0.31268403,xss
0.038934235,0.10595841,0.22132549,0.050795972,0.07201995,0.16242178,0.056260146,0.29228395,xss
0.04051295,0.10385715,0.2106952,0.05395441,0.07650366,0.19325243,0.05518313,0.26604107,xss
0.043183826,0.09583208,0.19705132,0.060358547,0.08023531,0.2529416,0.054814667,0.21558256,password
0.04057058,0.075287335,0.14243679,0.051607918,0.087825924,0.31539726,0.049610827,0.23726338,password
0.036209434,0.05893783,0.11780752,0.050147727,0.08216348,0.37291142,0.04700298,0.23481962,password
0.030474659,0.04944206,0.09190811,0.060862973,0.08083387,0.38509205,0.04502836,0.2563579,password
0.02743576,0.04240732,0.07662845,0.061911594,0.07423296,0.388109,0.044786017,0.28448883,password
0.022032574,0.035104815,0.06520052,0.074495174,0.060478233,0.36138976,0.04502046,0.33627847,password
0.017124379,0.029920371,0.052796945,0.08074994,0.049459092,0.28912583,0.04436979,0.43645367,xss
0.013190337,0.021541739,0.04158404,0.080048315,0.036356576,0.25637138,0.040674012,0.51023364,xss
0.008843728,0.015248167,0.02954043,0.069492735,0.021740658,0.17850587,0.03411517,0.6425133,xss
0.005066182,0.008721369,0.017083485,0.052043237,0.010851331,0.11735424,0.024025809,0.76485443,xss
0.0019164674,0.0036171281,0.0074127675,0.037579414,0.0042576063,0.04951436,0.015716448,0.87998587,xss
0.00060125533,0.0014933486,0.0023985908,0.023617309,0.001985764,0.01477647,0.008542489,0.9465847,xss
0.00023564805,0.00074005063,0.001357318,0.021034615,0.00073956343,0.005887742,0.005509275,0.96449584,xss
0.0001510765,0.0005518833,0.0012318724,0.025163304,0.0004301947,0.0033076578,0.0054907687,0.96367323,xss
0.00012128552,0.0004956152,0.0011171576,0.021681797,0.00030971732,0.0018035086,0.0047971625,0.96967375,xss
9.594965e-05,0.00040084578,0.00086099515,0.019668318,0.00024308098,0.00072364253,0.004513607,0.9734936,xss
7.221881e-05,0.00022203926,0.00057225255,0.014927448,0.00017316645,0.00028051398,0.0042302012,0.9795221,xss
6.873734e-05,0.00021525688,0.0005311845,0.015362107,0.00016731002,0.0002719667,0.003485775,0.9798977,xss
6.387517e-05,0.00017081173,0.0004476025,0.015044047,0.00019761366,0.00027627978,0.0036229312,0.9801768,xss
8.0542515e-05,0.00020645716,0.0005287156,0.016366152,0.00024184596,0.00031004517,0.0037343553,0.97853184,xss
0.000104882005,0.00021197925,0.0005633427,0.014318074,0.00026920944,0.0003172444,0.0033780392,0.9808373,xss
0.00018662264,0.00025307777,0.0007529382,0.011758979,0.0003563932,0.00036871518,0.003364584,0.98295873,xss
0.00043671168,0.00032303514,0.00092292024,0.009614812,0.000694091,0.00051259925,0.0038696823,0.9836262,xss
0.0012370081,0.000413541,0.0009778235,0.0062376885,0.0017675187,0.00073483714,0.004947858,0.98368376,xss
0.030333903,0.0005860049,0.001840193,0.0016283022,0.0076577226,0.0020078488,0.00913343,0.9468127,xss
0.13818544,0.0012132765,0.003932133,0.001314376,0.024272619,0.0051286146,0.015244863,0.8107087,xss
0.3469226,0.001723474,0.0053093163,0.0009812091,0.051354077,0.009454942,0.018445823,0.5658086,xss
0.5599452,0.0018211727,0.0051491326,0.0006104832,0.076306686,0.012218964,0.016721236,0.3272271,ddos
0.6975057,0.0016761037,0.004247713,0.00034046223,0.09171998,0.012199405,0.013311487,0.17899911,ddos
0.76130563,0.0014884126,0.003408157,0.00020852679,0.096775584,0.01102602,0.01070756,0.1150802,ddos
0.80210227,0.0013491212,0.0028095667,0.00013218618,0.10139392,0.010370742,0.009042624,0.072799504,ddos
0.82496065,0.0012573107,0.0023039645,9.4518626e-05,0.10471714,0.0098775495,0.007754157,0.049034745,ddos
0.8398067,0.0011872217,0.0019354532,6.95806e-05,0.108658016,0.009990953,0.0066732364,0.031678844,ddos
0.84526366,0.0011960951,0.001617896,5.253133e-05,0.117045105,0.0105546005,0.0056612096,0.018608848,ddos
0.8424433,0.0012824226,0.0014073201,4.2224536e-05,0.12742606,0.010851121,0.004948992,0.011598523,ddos
0.83089375,0.0015022408,0.001284986,3.5919362e-05,0.14348061,0.010715664,0.0045372243,0.0075495956,ddos
0.8215004,0.0018741515,0.001025635,3.1114127e-05,0.1563692,0.00871267,0.0048449626,0.0056417803,ddos
0.8250261,0.0019357997,0.0012510257,3.6831214e-05,0.14999306,0.010342131,0.004798474,0.0066166096,ddos
0.82447416,0.0020276443,0.0013740271,4.0709387e-05,0.14917585,0.01087116,0.004876163,0.0071602794,ddos
0.81947607,0.0022328808,0.0016884793,5.7317528e-05,0.14775038,0.013157694,0.0058804452,0.009756669,ddos
0.8154941,0.00241157,0.0020385156,7.2697745e-05,0.1464856,0.0155452555,0.006075668,0.011876543,ddos
0.7989567,0.0030130246,0.0028390852,0.00010900453,0.15373443,0.019861333,0.0073389728,0.0141475545,ddos
0.7807447,0.003993328,0.0044562942,0.00018895254,0.15922025,0.028028805,0.0068769306,0.01649078,ddos
0.7468692,0.006392808,0.007993447,0.0003880434,0.16669878,0.04140019,0.0077688927,0.022488585,ddos
0.6755069,0.014173236,0.01993347,0.001210628,0.17649123,0.06838392,0.010244253,0.034056406,ddos
0.5320245,0.026553644,0.0444928,0.004336885,0.17361413,0.14607863,0.015062907,0.05783652,ddos
0.319294,0.06718251,0.12830555,0.018820353,0.13712567,0.23036413,0.020874288,0.07803346,ddos
0.13189991,0.122388296,0.23927638,0.058877274,0.08373358,0.26394805,0.027623719,0.072252765,password
0.05955851,0.15536745,0.32153925,0.10171013,0.048941135,0.2316528,0.025638388,0.05559228,injection
0.03761241,0.15759034,0.3634553,0.113569036,0.03652787,0.22815797,0.021892115,0.041194893,injection
0.027683474,0.1500769,0.38703874,0.10711583,0.030773817,0.24442922,0.0191656,0.03371641,injection
0.022910368,0.1463671,0.39677468,0.094076805,0.030399306,0.25869298,0.020868937,0.029909827,injection
0.020960435,0.13625608,0.39987323,0.07773863,0.031324256,0.28224292,0.020588595,0.031015879,injection
0.020129643,0.12845774,0.3981918,0.06442426,0.033760898,0.2991661,0.021030666,0.034838893,injection
0.019959062,0.12948383,0.3951775,0.06372008,0.037820287,0.29527956,0.0217723,0.03678729,injection
0.020294769,0.123088606,0.38349158,0.054592397,0.040761277,0.31802472,0.020955266,0.038791314,injection
0.02062305,0.11939988,0.37131417,0.05413994,0.043353803,0.33480692,0.019652503,0.036709733,injection
0.0204643,0.11564154,0.3612696,0.059773892,0.039289523,0.34636256,0.019714484,0.037484095,injection
0.02100548,0.12121598,0.35526872,0.06649056,0.040154085,0.34131697,0.021115826,0.03343231,injection
0.023529634,0.13016401,0.36732313,0.07207302,0.040496767,0.31469902,0.02235709,0.029357335,injection
0.024634583,0.1373029,0.37719375,0.07472069,0.0432946,0.294555,0.021936698,0.026361732,injection
0.026354382,0.14291975,0.38032722,0.07573601,0.043700624,0.28853703,0.019627845,0.022797124,injection
0.02719205,0.14787444,0.35742885,0.0812435,0.05141534,0.29267395,0.021952009,0.020219859,injection
0.030599354,0.1360581,0.30532894,0.071320586,0.05760325,0.36390126,0.020245805,0.0149426805,password
0.03138706,0.11128061,0.23495463,0.058242958,0.05960853,0.47834697,0.01596724,0.010211998,password
0.028194027,0.072316,0.14391923,0.036257003,0.05283097,0.65107155,0.009906994,0.0055041555,password
0.021765007,0.04241751,0.07947151,0.02211667,0.042005092,0.7836195,0.0057109576,0.0028937487,password
0.014192838,0.015883185,0.030370755,0.008752364,0.024387754,0.902923,0.0022174355,0.001272586,password
0.008957403,0.0061470014,0.0127114495,0.003998533,0.01469543,0.9518086,0.0010074168,0.00067411346,password
0.0060247527,0.0028578986,0.00614758,0.0019239783,0.009043924,0.97301334,0.00054808275,0.00044045865,password
0.0047020214,0.0018269086,0.003697425,0.0011736717,0.0078027123,0.9800061,0.0004332585,0.00035789658,password
0.0043519204,0.0014963688,0.002890296,0.00081380043,0.0068140696,0.98295975,0.00036369843,0.00030999523,password
0.003715127,0.0010237363,0.0019460935,0.0005429851,0.006236411,0.98595864,0.00029760055,0.00027943257,password
0.0033348491,0.0007972613,0.0014799074,0.0003831658,0.0053471643,0.9881351,0.00023041599,0.00029213546,password
0.0024880168,0.00036163875,0.00066227856,0.00017182899,0.004243419,0.9916393,0.00017046921,0.00026309534,password
0.0020185993,0.00016887556,0.0003228669,8.747674e-05,0.0031445078,0.9938862,0.00012575225,0.0002458421,password
0.0020059296,0.00015405621,0.00029566252,7.622017e-05,0.0027043626,0.99438477,0.00011228175,0.00026667205,password
0.0026035525,0.00024932297,0.00047758245,9.954384e-05,0.0023925682,0.99374926,0.000115086885,0.00031302782,password
0.0039491053,0.00082986243,0.0014688581,0.00026743257,0.0027132612,0.9901635,0.00018004407,0.00042785704,password
0.006567749,0.0030335924,0.0053829146,0.000858843,0.003910289,0.9791357,0.00040056786,0.00071031315,password
0.008206341,0.0050866874,0.009261209,0.0012856144,0.0053039277,0.9693971,0.00060668675,0.0008525387,password
0.009542889,0.0063535185,0.011736084,0.0013050158,0.007368573,0.9619569,0.0007913403,0.00094557257,password
0.014363237,0.009856404,0.018398978,0.0012219119,0.012754578,0.94079655,0.0013817062,0.0012265855,password
0.018458042,0.013514859,0.025451237,0.0013061336,0.02260996,0.914725,0.0024180878,0.0015166743,password
0.0242585,0.018958028,0.034250252,0.001473713,0.0424966,0.87198365,0.004636594,0.0019426175,password
0.029906394,0.024951283,0.03932657,0.0015485757,0.074252784,0.8199571,0.0077942647,0.0022630973,password
0.0367321,0.028686117,0.04198456,0.0015170408,0.12926883,0.7462165,0.012994823,0.0026000554,password
0.04233521,0.027374396,0.03873277,0.0012925686,0.20355158,0.6652276,0.018879384,0.0026064226,password
0.04478403,0.022888469,0.03040079,0.00094686437,0.28050762,0.59589255,0.022327777,0.0022518053,password
0.04557321,0.016094316,0.020763494,0.00060827023,0.35303,0.5392411,0.02287658,0.0018130827,password
0.045285024,0.009815593,0.012567865,0.00035961196,0.40469822,0.50560933,0.020258704,0.0014056837,password
0.044501413,0.0053608646,0.0073660496,0.00021384489,0.4382859,0.48567805,0.01749868,0.0010952246,password
0.04187505,0.003065112,0.004347386,0.00013895902,0.45051894,0.48449117,0.0146347545,0.0009285894,password
0.038146954,0.0017678151,0.0025522732,9.490841e-05,0.46360573,0.48027763,0.012760336,0.0007943356,password
0.048399694,0.0011330275,0.001642188,7.071523e-05,0.42719218,0.5112699,0.009467114,0.000825226,password
0.046359498,0.00089082157,0.0012150783,5.8398113e-05,0.4674563,0.47389302,0.00942043,0.00070645683,password
0.04389247,0.0007035123,0.0008728755,4.4989218e-05,0.52142745,0.42267635,0.009810786,0.0005715661,normal
0.046667874,0.000682695,0.0008666712,4.114281e-05,0.5169774,0.42498702,0.009215723,0.00056153256,normal
0.051122084,0.00065027253,0.0008538578,3.667792e-05,0.50997055,0.428349,0.008470907,0.0005466905,normal
0.05771848,0.00061035505,0.00083394494,3.212568e-05,0.49968132,0.43295413,0.0076405574,0.0005290811,normal
0.06690325,0.0005704495,0.0008108751,2.8062928e-05,0.48616844,0.4381974,0.0068089077,0.0005126054,normal
0.079142734,0.00053738727,0.00078990293,2.4841238e-05,0.47049627,0.44246057,0.006046536,0.000501748,normal
0.094988145,0.0005154867,0.0007751109,2.2554541e-05,0.45462254,0.44317967,0.0053957133,0.00050080346,normal
0.11520631,0.00050682167,0.00076829543,2.1140098e-05,0.44095987,0.43714917,0.004874103,0.0005143289,normal
0.14085351,0.0005123936,0.0007691733,2.0480767e-05,0.4317516,0.42105886,0.004486151,0.0005478019,normal
0.17315991,0.0005327946,0.0007757133,2.0455742e-05,0.42824706,0.39242637,0.0042296466,0.00060808304,normal
0.2129796,0.0005682425,0.0007846399,2.0944572e-05,0.429906,0.3509403,0.0040974817,0.0007027837,normal
0.25986233,0.0006180598,0.00079251727,2.1813155e-05,0.43404567,0.29974568,0.004075872,0.0008380707,normal
0.31110212,0.0006782618,0.0007965599,2.2897711e-05,0.4366225,0.2456241,0.004136818,0.00101669,normal
0.36387902,0.00074860017,0.0007993766,2.4060018e-05,0.4339722,0.19507873,0.004266683,0.0012312911,normal
0.41418603,0.0008210066,0.00080209895,2.514575e-05,0.4247494,0.15351869,0.004426242,0.0014714209,normal
0.4594909,0.0008856559,0.00080558175,2.6033902e-05,0.41001788,0.12246769,0.00458037,0.0017258759,ddos
0.49915594,0.000934321,0.0008091486,2.6652737e-05,0.39179814,0.10058313,0.0047070957,0.0019855497,ddos
0.5329219,0.0009588528,0.00080966967,2.6967347e-05,0.37237862,0.08586555,0.0047911145,0.0022473242,ddos
0.5609183,0.0009563212,0.0008038811,2.6991442e-05,0.35363677,0.076315455,0.004830939,0.0025113714,ddos
0.5831686,0.00092887727,0.0007896752,2.6783104e-05,0.33715498,0.07031167,0.0048339753,0.0027853923,ddos
0.5992364,0.00093953096,0.00090013794,4.012599e-05,0.3154243,0.07584889,0.0046179625,0.0029926451,ddos
0.59011775,0.0011732831,0.0011984161,6.587936e-05,0.31690234,0.082829624,0.004612927,0.003099724,ddos
0.56858736,0.0016680567,0.001720296,0.00011947341,0.33065662,0.08907228,0.0048916573,0.0032841836,ddos
0.5125018,0.0026550198,0.0022313062,0.00022394037,0.38224554,0.09030264,0.006376618,0.0034630755,ddos
0.39679715,0.005981279,0.003580766,0.0006701951,0.48106924,0.09661308,0.011101475,0.0041868263,normal
0.36129236,0.008592664,0.005774566,0.0023740556,0.4490089,0.14913312,0.016390353,0.007434009,normal
0.26942837,0.017535487,0.011586895,0.007606058,0.45490766,0.20712839,0.021843726,0.009963381,normal
0.20252833,0.029780563,0.018998835,0.019384582,0.4427623,0.24993573,0.02644293,0.010166702,normal
0.14433758,0.049681675,0.028973859,0.042139314,0.41969177,0.27492535,0.03067937,0.009571025,normal
0.09726762,0.078419514,0.040769678,0.0802824,0.38030887,0.27992287,0.034374405,0.008654727,normal
0.063366994,0.110542834,0.05153462,0.13237073,0.3279904,0.26946288,0.03694775,0.0077838292,normal
0.042194113,0.13259695,0.056935064,0.18671732,0.27929017,0.25714132,0.037967075,0.0071579404,normal
0.029821191,0.13814586,0.055644605,0.23823763,0.24450105,0.2483693,0.038265165,0.0070150676,password
0.022474641,0.13239375,0.049515843,0.2891984,0.22398724,0.23665124,0.03839452,0.007384365,mitm
0.0181946,0.124183424,0.04236436,0.33259726,0.21725224,0.21945107,0.038081855,0.007875192,mitm
0.016079206,0.11900586,0.03694297,0.35442972,0.22597696,0.20254503,0.037027758,0.007992457,mitm
0.015849154,0.11906246,0.034306142,0.3437237,0.25505248,0.1892043,0.035287764,0.0075140214,mitm
0.01817374,0.12368477,0.03446716,0.28643915,0.3208385,0.1776294,0.03248572,0.0062814974,normal
0.024685029,0.12220405,0.034782343,0.1745455,0.45418116,0.15857244,0.026866827,0.0041626994,normal
0.033769287,0.09605829,0.029313382,0.067241244,0.62954414,0.12413112,0.017974816,0.001967802,normal
0.03993486,0.05692126,0.02102855,0.016389828,0.75213534,0.10309229,0.009893531,0.00060434296,normal
0.044979785,0.034804557,0.018359134,0.0040726885,0.76319087,0.12885556,0.005564664,0.00017277646,normal
0.04599953,0.024730654,0.016061973,0.0019361221,0.7510791,0.15537512,0.0047301683,8.7300934e-05,normal
0.04231933,0.021727199,0.013105429,0.0019631796,0.7730645,0.14234944,0.0053853323,8.562234e-05,normal
0.036375485,0.020953838,0.010271669,0.002558927,0.8115713,0.1113675,0.006790069,0.000111251225,normal
0.032578226,0.021829182,0.008706928,0.0034403198,0.83745205,0.087227575,0.008606294,0.0001595239,normal
0.029065412,0.022309378,0.0075266086,0.0037515098,0.85587054,0.07288193,0.008405849,0.00018879649,normal
0.027593084,0.024460973,0.0073264427,0.004514421,0.8616925,0.064496376,0.009650705,0.00026550857,normal
0.025699763,0.026985016,0.007009968,0.0060748397,0.86490965,0.05740909,0.011497168,0.00041445956,normal
0.023972262,0.03026897,0.0067167077,0.008549041,0.8648466,0.050906576,0.014059624,0.0006801776,normal
0.022511939,0.03398017,0.0064771813,0.0120502785,0.8609836,0.045646373,0.017241938,0.0011084804,normal
0.021363242,0.037888154,0.006313133,0.016558094,0.8535794,0.04175967,0.0208118,0.0017264849,normal
0.02065226,0.042352512,0.0062805843,0.022234827,0.8421296,0.03922734,0.024561493,0.002561303,normal
0.020980852,0.049879577,0.006651761,0.030473923,0.82115537,0.038543306,0.028581748,0.003733428,normal
0.02564613,0.07594899,0.009174384,0.05101568,0.75586647,0.04222527,0.03420017,0.005922914,normal
0.053738225,0.2651623,0.031166902,0.14949617,0.40366852,0.04746596,0.03825196,0.0110499095,normal
0.066953845,0.6034067,0.09926719,0.1691657,0.030669415,0.012414285,0.011544481,0.0065783947,dos
0.064941965,0.65405387,0.15491763,0.10553708,0.0072659166,0.0042568455,0.0052261143,0.0038006168,dos
0.06597494,0.64408827,0.20187946,0.07389658,0.0044054072,0.0026875325,0.0040103756,0.003057511,dos
0.071733095,0.614672,0.2576241,0.044903483,0.0034513103,0.0020971927,0.0032186091,0.0023002743,dos
0.094623916,0.5061474,0.37654734,0.014522158,0.0031066064,0.0018400864,0.0021231468,0.0010893488,dos
0.11367056,0.39888608,0.47399992,0.006277882,0.0030306971,0.0019701186,0.0015720904,0.00059269,injection
0.13007444,0.34660396,0.511877,0.004279879,0.0032373082,0.001950033,0.0015105925,0.00046670862,injection
0.14275582,0.33405402,0.5116305,0.0038732502,0.0037677516,0.001794349,0.001675246,0.00044910927,injection
0.15740171,0.33046705,0.49986526,0.003788532,0.0044370107,0.0015902645,0.0019695277,0.00048061737,injection
0.17186937,0.33197305,0.4827218,0.0038675054,0.0052523855,0.0014264603,0.0023555188,0.00053397147,injection
0.20172857,0.31773877,0.4657294,0.0035869842,0.006447597,0.0013284887,0.002830634,0.0006094638,injection
0.24926902,0.29623032,0.43662885,0.00318657,0.009242977,0.001622576,0.0031270722,0.0006925843,injection
0.35460937,0.2385023,0.37695035,0.002399376,0.020408897,0.0029096631,0.0033961798,0.0008238202,injection
0.52450055,0.13810737,0.25192556,0.0013774591,0.07189679,0.0077615753,0.003424347,0.0010063847,ddos
0.5947665,0.06682192,0.13919379,0.00069730775,0.17797099,0.016776126,0.0027641382,0.0010092161,ddos
0.60315406,0.047632534,0.10397672,0.0004838062,0.21944614,0.02217585,0.002224976,0.00090592646,ddos
0.61370623,0.046174865,0.10108677,0.0004492933,0.21116017,0.024684286,0.0018464201,0.0008920181,ddos
0.6221168,0.043568704,0.09619459,0.0004247666,0.20852624,0.026405614,0.0018917001,0.0008716139,ddos
0.627133,0.043038692,0.09447071,0.00042849526,0.20444824,0.027581122,0.002025526,0.000874277,ddos
0.6257008,0.045324214,0.097097345,0.00045259183,0.19939886,0.029037718,0.0020981417,0.00089039275,ddos
0.6178822,0.0491625,0.10291758,0.0005071576,0.19470108,0.031621687,0.0022867355,0.0009210743,ddos
0.5879376,0.061067246,0.12226918,0.0006935199,0.18728401,0.03693033,0.0027932026,0.0010249183,ddos
0.50973916,0.093740836,0.17180273,0.001301893,0.17243288,0.045697168,0.00399512,0.0012902231,ddos
0.3951636,0.14676675,0.24731123,0.002584169,0.14863865,0.05208447,0.0057884105,0.0016626728,ddos
0.3057825,0.19117223,0.29842335,0.004239713,0.1289586,0.062453125,0.0067275832,0.0022428455,ddos
0.27006385,0.2134165,0.3256942,0.005415106,0.11336239,0.062296238,0.0073481486,0.0024035391,injection
0.24478409,0.22938772,0.3449041,0.006425443,0.102248624,0.061912715,0.007814412,0.002522867,injection
0.2325234,0.23955572,0.35528964,0.0070815333,0.093306474,0.061900474,0.0078088576,0.0025339164,injection
0.22560565,0.24507172,0.3620472,0.007352295,0.08736193,0.062259376,0.0076784985,0.0026233539,injection
0.22880413,0.2462818,0.3586685,0.0070988466,0.08710753,0.062625706,0.006840984,0.0025725304,injection
0.24572363,0.2363682,0.34517598,0.0062505966,0.089921065,0.06824681,0.005654726,0.002659056,injection
0.2800097,0.19620453,0.29897964,0.005260154,0.10983534,0.10178717,0.004877149,0.0030463773,injection
0.30010414,0.10608125,0.19507504,0.0032315538,0.14199226,0.24741891,0.0037717992,0.002325106,ddos
0.20862614,0.06631575,0.13613153,0.0028424729,0.11133579,0.46984005,0.003480595,0.0014276693,password
0.133863,0.05939804,0.11616894,0.0035397112,0.076786414,0.6054271,0.0037428625,0.0010738479,password
0.08078751,0.05328258,0.092513226,0.004379386,0.055022355,0.70913756,0.0039969105,0.0008804129,password
0.035318602,0.03934328,0.056797866,0.005012473,0.038498823,0.8201814,0.0041198777,0.0007277163,password
0.008849981,0.020165715,0.023278156,0.0046103965,0.026633821,0.9116558,0.0041354643,0.00067072426,password
0.0037285085,0.011560338,0.012133514,0.003925384,0.02224122,0.9420006,0.0038454628,0.00056494377,password
0.003611995,0.012639284,0.01358651,0.0049347053,0.023583462,0.937029,0.0040719933,0.00054312305,password
0.0018360313,0.005501973,0.0049137515,0.0022424336,0.022470796,0.9598654,0.002726776,0.0004428335,password
0.0015543683,0.004113887,0.0029149621,0.0015751094,0.021338971,0.9661442,0.0019240639,0.00043443928,password
0.0015681023,0.0035120945,0.0016978399,0.0013625248,0.021105608,0.9689809,0.001298803,0.00047405524,password
0.0017544661,0.0041748933,0.0023069081,0.001760835,0.014819264,0.97389233,0.0009317251,0.00035960725,password
0.0020761613,0.003902041,0.0024060146,0.0019917763,0.012528804,0.9759035,0.0008802035,0.00031146046,password
0.0026543476,0.0033805913,0.0025389425,0.0015667746,0.009530669,0.9792371,0.0008955754,0.00019597489,password
0.003079495,0.0024182023,0.0026904799,0.0010146785,0.0093892645,0.980142,0.0011299879,0.00013596131,password
0.0037737396,0.0021933026,0.0031916914,0.00071698654,0.011726785,0.9768091,0.0014749194,0.000113336464,password
0.0049982443,0.0024470226,0.0042217853,0.0005894658,0.01658847,0.9689248,0.0021195447,0.00011069193,password
0.006442194,0.0029862414,0.005617316,0.0005278504,0.023786265,0.95748013,0.003043174,0.00011685343,password
0.010492969,0.0043932986,0.009572668,0.000503956,0.037195407,0.9323162,0.005382331,0.00014323946,password
0.020785974,0.007855613,0.01988096,0.0006012031,0.06991828,0.86958236,0.011150477,0.00022506944,password
0.029973457,0.01195988,0.03105923,0.0006311547,0.11059677,0.79819304,0.01729406,0.00029251873,password
0.041823924,0.018252896,0.04683886,0.0007145907,0.16754241,0.7002356,0.024203438,0.00038835526,password
0.05296544,0.024879254,0.060556773,0.00071504124,0.2559541,0.5717295,0.032716505,0.00048350045,password
0.06391794,0.02683463,0.064129286,0.0006134951,0.36076382,0.44875577,0.034392007,0.0005930158,password
0.073193185,0.022871153,0.056003135,0.00046909618,0.45040217,0.3690679,0.027304102,0.00068918953,normal
0.07918726,0.018644214,0.04681864,0.00037539157,0.5100145,0.32444048,0.019754823,0.00076465955,normal
0.08175685,0.015531205,0.040020745,0.00032363881,0.5499872,0.2969358,0.014589819,0.00085483317,normal
0.08226697,0.014620107,0.03787538,0.00031445417,0.5677121,0.28411165,0.012166725,0.00093266595,normal
0.09990097,0.009667088,0.028625038,0.00026344138,0.54921013,0.30292898,0.00828767,0.0011166855,normal
0.09338186,0.0101856915,0.029337918,0.0002782946,0.57295126,0.28459018,0.008105264,0.0011695419,normal
0.08619976,0.009264991,0.025983045,0.00027400398,0.59680045,0.27289635,0.0073714834,0.001209956,normal
0.07893064,0.008936706,0.024962353,0.00026873677,0.61278003,0.26572308,0.0071699447,0.0012285663,normal
0.09353857,0.0059319087,0.019962264,0.000369344,0.5528556,0.31904805,0.0059069064,0.002387293,normal
0.10346874,0.0058620074,0.02186853,0.000403467,0.53040534,0.32922766,0.005747741,0.0030164889,normal
0.11184382,0.0065266234,0.024262182,0.00052686094,0.51100415,0.33562225,0.0062754406,0.003938758,normal
0.1183734,0.007989374,0.02809538,0.00084185135,0.4777234,0.35336605,0.007646953,0.005963532,normal
0.12952219,0.008922639,0.030751647,0.0011343852,0.45535934,0.35716164,0.008677406,0.008470732,normal
0.14461237,0.0099035995,0.031219993,0.0014254644,0.44459385,0.34814832,0.008975635,0.011120852,normal
0.16152684,0.011935182,0.03550983,0.0020796694,0.42214984,0.34039986,0.010093316,0.016305398,normal
0.18122928,0.014347718,0.03799911,0.0028540199,0.39961344,0.3323069,0.010068424,0.021581113,normal
0.22297259,0.017288812,0.043241084,0.004268438,0.36558506,0.30869097,0.010262087,0.027690995,normal
0.27176955,0.02305798,0.05583481,0.005347375,0.3120715,0.29050523,0.0086542545,0.032759223,normal
0.41025087,0.034312513,0.079132825,0.005959809,0.20191224,0.2359377,0.0050948462,0.027399195,ddos
0.62916523,0.051193416,0.11204617,0.005024238,0.07125154,0.115947045,0.0019039928,0.013468365,ddos
0.72445315,0.061077785,0.12219023,0.003569551,0.028252853,0.053228166,0.00083948305,0.0063888137,ddos
0.76134074,0.06692957,0.12348694,0.0028728696,0.013237526,0.028083542,0.00048207323,0.0035667445,ddos
0.77059674,0.07172568,0.12787378,0.0022534102,0.007858341,0.017004525,0.00031819066,0.0023693135,ddos
0.7761962,0.074290626,0.1301028,0.0019330643,0.0049685314,0.010620042,0.0002458606,0.0016428287,ddos
0.7654784,0.07840533,0.1396638,0.0019886864,0.0042163525,0.008961874,0.00020344072,0.0010820996,ddos
0.7482706,0.08507229,0.15286267,0.002053292,0.0035202354,0.0071294564,0.00020869606,0.0008828068,ddos
0.7101399,0.09801006,0.17573385,0.0027836687,0.003915182,0.008248139,0.00027051402,0.00089864014,ddos
0.686567,0.10832578,0.1824797,0.0040493645,0.0059241136,0.011230115,0.0004090932,0.0010149087,ddos
0.6096244,0.13652581,0.21614748,0.007363151,0.00889113,0.018925805,0.00074762467,0.0017745701,ddos
0.43997887,0.19630644,0.28730655,0.019457871,0.011546689,0.040285368,0.0014840012,0.0036342018,ddos
0.2657589,0.23925455,0.3980999,0.036613997,0.007965158,0.044060007,0.0024456712,0.0058018058,injection
0.1805332,0.23166531,0.48763487,0.045706946,0.005496282,0.03806237,0.0031853067,0.0077157137,injection
0.13995947,0.21422674,0.543944,0.050383396,0.0046699136,0.032573406,0.0042051137,0.010037885,injection
0.11678339,0.20542309,0.5628278,0.055167336,0.0047249733,0.03357404,0.005463173,0.016036104,injection
0.10152333,0.18491384,0.5786336,0.062410142,0.0048309057,0.029357348,0.00800783,0.030323008,injection
0.086481825,0.17875442,0.5347174,0.07845718,0.0054409862,0.030396251,0.011588285,0.074163675,injection
0.06745586,0.13955523,0.42615452,0.09849797,0.0057956036,0.027765907,0.016687278,0.21808764,injection
0.042673368,0.090400174,0.24316266,0.08617868,0.005932946,0.0241754,0.023019755,0.484457,xss
0.011643499,0.023136735,0.05731524,0.04310528,0.003412698,0.012901023,0.015111626,0.83337384,xss
0.0020381238,0.004039542,0.009381161,0.017798143,0.001349649,0.005002203,0.0070364275,0.9533547,xss
0.00044100475,0.00082829234,0.0017623417,0.0079933135,0.0007114423,0.0021281568,0.0043033864,0.981832,xss
0.00015414589,0.00026151323,0.0005615368,0.0039548357,0.0004065539,0.0011590675,0.002750315,0.990752,xss
7.348345e-05,0.00011712391,0.00025392693,0.0026652412,0.00029451997,0.0007237716,0.0024880762,0.9933838,xss
4.4260993e-05,6.83777e-05,0.00012450885,0.0017525923,0.00023986895,0.00046552034,0.0020762987,0.99522865,xss
2.6475456e-05,4.6715188e-05,7.737164e-05,0.0013244594,0.00018422728,0.0003426767,0.0016706719,0.99632746,xss
2.2606666e-05,2.6153653e-05,5.2602227e-05,0.0006937191,0.00013526986,0.00017707417,0.0012237713,0.9976688,xss
1.6368029e-05,1.874763e-05,3.5133675e-05,0.0005275583,0.0001424849,0.00016641883,0.0010415569,0.99805176,xss
1.4243165e-05,1.7710105e-05,3.729829e-05,0.0005573617,0.00010742885,0.00014660975,0.00095478614,0.9981646,xss
1.4470493e-05,2.0167923e-05,4.2785527e-05,0.000648449,0.00011878705,0.00013562904,0.0009831671,0.9980367,xss
1.598776e-05,2.2819308e-05,4.8523634e-05,0.00082893984,0.0001295638,0.00013879541,0.0011579673,0.9976574,xss
1.9711073e-05,2.6945976e-05,6.096491e-05,0.0010214396,0.00012433046,0.00013780079,0.0012104074,0.9973984,xss
4.0982188e-05,5.838006e-05,0.00012015756,0.0015944513,0.00020302332,0.00017659593,0.0017877149,0.9960187,xss
9.2243405e-05,0.00013442061,0.00025436474,0.002504176,0.0003625541,0.00026130033,0.0028372896,0.99355364,xss
0.00018632768,0.00030541292,0.0005113072,0.004481156,0.0006353692,0.00040700208,0.0043058377,0.9891676,xss
0.0004594263,0.0009204097,0.0014141236,0.008477502,0.001300472,0.00069716474,0.007918421,0.97881246,xss
0.00066654006,0.0014589666,0.002092279,0.011234299,0.0019099717,0.0009810679,0.009671857,0.97198516,xss
0.0010124657,0.002351816,0.0032912309,0.013623533,0.0029674163,0.001446722,0.013032641,0.9622741,xss
0.0012430798,0.0027911128,0.004075391,0.013040308,0.003910298,0.0020284513,0.013892209,0.9590192,xss
0.0015456803,0.0040257145,0.005359518,0.01653015,0.0057465485,0.0031656122,0.016796045,0.94683063,xss
0.0019824633,0.0061543393,0.007359324,0.021022154,0.00836544,0.004760291,0.020136703,0.9302193,xss
0.0030681123,0.012031401,0.012675164,0.026855929,0.014375353,0.0076838,0.031241553,0.8920687,xss
0.0049128407,0.025899561,0.024015518,0.034875367,0.025722614,0.012324041,0.046426177,0.8258239,xss
0.0074694296,0.06146863,0.04570384,0.052491095,0.045150645,0.017309455,0.075256936,0.69514996,xss
0.009740367,0.11729745,0.072423585,0.0668655,0.06695612,0.020879092,0.10527395,0.5405639,xss
0.01097659,0.19282988,0.101462565,0.07423703,0.09013099,0.022547325,0.13811329,0.3697024,xss
0.011204165,0.26436207,0.12573846,0.06664032,0.11391095,0.022904763,0.18568867,0.2095505,dos
0.010083195,0.3175953,0.18345903,0.07771942,0.07652298,0.018457342,0.22579727,0.090365395,dos
0.009258669,0.3431422,0.19660518,0.076476574,0.06582553,0.013456794,0.23714362,0.058091402,dos
0.008669597,0.3582133,0.2002994,0.06603343,0.06849838,0.012463305,0.23715709,0.048665483,dos
0.009657859,0.33763614,0.19806921,0.05743569,0.08040915,0.014787188,0.2570986,0.044906117,dos
0.011248789,0.3140478,0.19066231,0.051457893,0.09950996,0.01899204,0.26937863,0.044702563,dos
0.013714127,0.29185942,0.17997348,0.047836404,0.1277438,0.02583659,0.26535404,0.047682166,dos
0.014378453,0.27270767,0.16460243,0.048625264,0.15427001,0.031590633,0.2620565,0.051769033,dos
0.01390467,0.25237367,0.14635451,0.048835896,0.1830204,0.035405032,0.26852793,0.05157793,scanning
0.017187119,0.25014198,0.1387564,0.04515077,0.2150585,0.04043113,0.23569213,0.05758197,dos
0.016646273,0.19120447,0.10700327,0.03906756,0.27724013,0.051780257,0.2633375,0.053720497,normal
0.01733444,0.2508317,0.12956439,0.04483562,0.23481788,0.03695574,0.21997835,0.06568201,dos
0.023184594,0.27524313,0.14364229,0.04601337,0.23466554,0.04126727,0.15849072,0.07749305,dos
0.041299574,0.354253,0.20855504,0.042189334,0.171939,0.042071242,0.07114318,0.068549655,dos
0.10576337,0.4200769,0.38861102,0.017736174,0.027346618,0.017658882,0.007098021,0.015708994,dos
0.16196081,0.32655978,0.4857515,0.007851375,0.004985196,0.008304124,0.0010264888,0.0035606695,injection
0.18264088,0.26500425,0.53843975,0.0053031854,0.0018096081,0.0049016303,0.00041127653,0.0014894943,injection
0.17860162,0.24553473,0.5649963,0.0048379605,0.0011652398,0.003337133,0.0003673247,0.0011596619,injection
0.16911642,0.2438598,0.57693976,0.0049589225,0.0010050229,0.0024076588,0.0004571228,0.0012553356,injection
0.16219991,0.24736172,0.5802644,0.00523198,0.0009797369,0.0017881686,0.00062066625,0.001553362,injection
0.16028318,0.2505325,0.5784534,0.005492731,0.0010139357,0.0013966515,0.0008271944,0.00200038,injection
0.1658806,0.2491797,0.5734306,0.0056911707,0.0010842648,0.0011741443,0.0010219463,0.0025375886,injection
0.16919377,0.23308177,0.5852294,0.006368844,0.0010654241,0.0009903648,0.0012035286,0.002866913,injection
0.20236601,0.18743145,0.5987958,0.0063458867,0.00097212626,0.00058275036,0.0015993841,0.0019066064,injection
0.22156733,0.1832345,0.58257896,0.007294254,0.0009949727,0.0006263074,0.0017036042,0.0020000755,injection
0.23904337,0.17977752,0.5669423,0.008778273,0.0009998435,0.0007083221,0.0017943899,0.0019560698,injection
0.2579979,0.17592709,0.54945385,0.011182121,0.0009926789,0.00087383576,0.0018750646,0.0016973474,injection
0.28324455,0.16985828,0.5259843,0.015417675,0.0009986336,0.0012500287,0.0019820558,0.0012644785,injection
0.31850207,0.16043614,0.49214005,0.022715619,0.0010639285,0.0021200052,0.0021874777,0.0008347081,injection
0.36477768,0.14800277,0.44588512,0.033082683,0.0012435104,0.0039187665,0.002541277,0.00054822915,injection
0.42224118,0.13261177,0.3887628,0.044254772,0.0015882167,0.007147452,0.0030044639,0.0003893657,ddos
0.49591073,0.112661175,0.31911096,0.05355161,0.0022091959,0.0127880145,0.003467751,0.00030057514,ddos
0.5247895,0.107556105,0.26817644,0.06924104,0.0033465363,0.022209778,0.0044337087,0.000246958,ddos
0.5260998,0.102740966,0.21583644,0.097359166,0.0059728133,0.045516815,0.0062474855,0.00022643684,ddos
0.44629627,0.09056073,0.14269088,0.16154832,0.014838653,0.13313611,0.010694409,0.00023463216,ddos
0.18089838,0.04552986,0.044247482,0.22783816,0.038635656,0.44678807,0.015844902,0.00021740503,password
0.033587586,0.012331716,0.0068786955,0.15811424,0.051242623,0.72492695,0.012780731,0.00013746781,password
0.010545086,0.00585877,0.0021789107,0.11052511,0.049906816,0.81086236,0.010020718,0.00010223119,password
0.006141601,0.004688408,0.0013305167,0.09326405,0.04513763,0.840888,0.008461991,8.779697e-05,password
0.004455575,0.0045218808,0.0010230581,0.08337138,0.040549923,0.8586461,0.0073523214,7.972715e-05,password
0.0034885465,0.004633096,0.00084521354,0.07466797,0.03676821,0.87308913,0.0064330725,7.472286e-05,password
0.0028207654,0.0048322827,0.00071638945,0.06587612,0.033648092,0.88642347,0.0056110704,7.18623e-05,password
0.0022824728,0.0049688984,0.00061271543,0.056347817,0.031077914,0.8998737,0.0047647487,7.174035e-05,password
0.001840542,0.005750841,0.0006281241,0.049483243,0.028158125,0.9094594,0.004595023,8.46345e-05,password
0.0018882111,0.0062255547,0.0006584647,0.05176619,0.028848773,0.90591365,0.004608375,9.074777e-05,password
0.0021048014,0.0075442824,0.00076391577,0.05821406,0.029650277,0.8968915,0.00472995,0.00010117437,password
0.0027096893,0.011450744,0.001170639,0.074984685,0.028716493,0.8752451,0.005598657,0.00012397197,password
0.0044081295,0.022315554,0.0023965947,0.1084695,0.02689602,0.8283456,0.0070044296,0.00016419112,password
0.010920945,0.0636886,0.007299047,0.17471921,0.024725081,0.70988625,0.008528275,0.00023254198,password
0.033210106,0.19733074,0.026404053,0.2578867,0.019674921,0.45473143,0.01041632,0.00034583043,password
0.07429127,0.38476756,0.060972158,0.23586515,0.013513987,0.220574,0.00964435,0.00037152995,dos
0.12274711,0.5208938,0.087782264,0.15868483,0.009146081,0.093346864,0.007080318,0.00031868968,dos
0.16801639,0.574437,0.09763257,0.1020569,0.007057257,0.045151956,0.0053742467,0.00027373485,dos
0.20476045,0.57685214,0.097882345,0.07702696,0.0073210457,0.03080076,0.0050623245,0.00029391676,dos
0.23640539,0.5693351,0.095403336,0.05926032,0.008926553,0.02544765,0.0048686382,0.00035300775,dos
0.35218447,0.4970439,0.07536551,0.031095685,0.014767991,0.024627488,0.0045180847,0.0003968535,dos
0.5087961,0.3740393,0.049464792,0.013505077,0.026194634,0.023696361,0.0038344604,0.00046933276,ddos
0.615045,0.27648374,0.03084627,0.006575049,0.044192992,0.023202961,0.003050771,0.00060323835,ddos
0.68637973,0.20617972,0.01862846,0.0035319002,0.060328733,0.021926189,0.0024465816,0.0005787168,ddos
0.74126345,0.14733565,0.010650256,0.0019021531,0.075961486,0.020431483,0.0019948753,0.00046069853,ddos
0.7819987,0.100570545,0.006140463,0.0010067915,0.08947804,0.018730534,0.0017353169,0.0003396021,ddos
0.8350521,0.062457476,0.0035050893,0.00041870528,0.08168083,0.015414747,0.0012584637,0.00021262777,ddos
0.89875335,0.035937194,0.0023693442,0.00015586705,0.0519149,0.00988589,0.0008585612,0.00012490692,ddos
0.946008,0.021307034,0.0019280267,6.717009e-05,0.02442352,0.005613316,0.0005782756,7.470248e-05,ddos
0.9660767,0.014467261,0.0019434909,3.6409572e-05,0.0126939565,0.004325839,0.00039654752,5.9769667e-05,ddos
0.97060084,0.014530661,0.0026111996,3.60098e-05,0.00818259,0.0036628256,0.0003113075,6.462315e-05,ddos
0.96694404,0.018046523,0.0036181246,5.1837837e-05,0.0075024,0.0034267213,0.00032808958,8.230722e-05,ddos
0.9524602,0.028945938,0.0050456864,9.551462e-05,0.00911949,0.0038069186,0.00041251024,0.000113678965,ddos
0.92011535,0.054930978,0.00809608,0.00021965135,0.011349854,0.004542763,0.00057266897,0.00017265297,ddos
0.8546978,0.11153026,0.016256897,0.0006710311,0.010740404,0.0049327193,0.0008972934,0.00027355598,ddos
0.754017,0.1972036,0.030907694,0.0017918313,0.009596018,0.004620363,0.0014516443,0.00041186833,ddos
0.6383868,0.29410037,0.04563546,0.004177021,0.009936739,0.0048053474,0.0022752027,0.0006830355,ddos
0.57007176,0.3459066,0.05748084,0.007774424,0.009625645,0.0049796468,0.003012769,0.0011483144,ddos
0.51269144,0.38373742,0.06736798,0.014655164,0.0102245,0.0053504286,0.0040878286,0.0018852815,ddos
0.4445968,0.428258,0.07851607,0.025677064,0.009989621,0.005298052,0.0051157754,0.0025486152,ddos
0.30964005,0.5199873,0.11619562,0.037577514,0.0056834826,0.003951556,0.0043536066,0.0026107582,dos
0.19092213,0.5649896,0.1914371,0.043185525,0.0022238295,0.0019421212,0.0031635805,0.002136191,dos
0.16719086,0.5704741,0.21836497,0.035422336,0.002187425,0.0017693643,0.0028698537,0.0017210904,dos
0.18671046,0.54865056,0.23126727,0.022497294,0.0037059877,0.0026498816,0.0027965556,0.0017219888,dos
0.20212182,0.5401437,0.21684022,0.018815536,0.010103851,0.0058483076,0.0038273258,0.0022992606,dos
0.21282363,0.5179545,0.16783848,0.02003356,0.050433144,0.01977477,0.0071700863,0.0039717914,dos
0.17253736,0.36870915,0.08066079,0.016117759,0.2778052,0.06709136,0.011179977,0.005898299,dos
0.08845114,0.12567753,0.021525651,0.0057560955,0.64848876,0.09771841,0.008657728,0.0037246947,normal
0.035462163,0.03373223,0.004304653,0.0013473366,0.8456555,0.07361339,0.004295906,0.0015888055,normal
0.024293426,0.016133847,0.0018268162,0.0005621064,0.89948213,0.053789213,0.0030528593,0.00085962657,normal
0.021404965,0.012191847,0.00125789,0.00043265097,0.91500586,0.04628978,0.0027852845,0.0006316852,normal
0.021236882,0.009997157,0.00092527166,0.0003083392,0.9160361,0.04819523,0.002807186,0.00049375993,normal
0.023723047,0.010086733,0.0008183253,0.0002775937,0.90825033,0.052617352,0.0037999013,0.00042679624,normal
0.028619863,0.011697689,0.0008185192,0.0003048501,0.892607,0.05791942,0.007622245,0.00041045743,normal
0.03646203,0.014600243,0.00091925164,0.00039191102,0.86181545,0.06344284,0.021896627,0.00047158846,normal
0.0427892,0.017693987,0.0010716927,0.00051807787,0.80219585,0.061879914,0.07325755,0.0005937144,normal
0.04434686,0.018700263,0.0011711692,0.0006205043,0.6660841,0.04983416,0.21849485,0.00074807496,normal
0.034989577,0.015573936,0.001037183,0.00060198765,0.42757964,0.028196631,0.49123362,0.00078733306,scanning
0.023000553,0.010715519,0.00077271357,0.00044891785,0.2029763,0.011387585,0.75008947,0.0006089329,scanning
0.011673864,0.0059268945,0.00044458223,0.00029590208,0.07746302,0.0041607437,0.89963967,0.00039538226,scanning
0.005861084,0.0031829043,0.00025244438,0.00018584104,0.029367838,0.0014923501,0.9594053,0.0002523204,scanning
0.003508047,0.00193274,0.00016309904,0.0001259224,0.013319445,0.000660184,0.9801088,0.00018181831,scanning
0.0025655443,0.0013544341,0.00012123435,9.251495e-05,0.0075250934,0.0003654652,0.98782665,0.00014900877,scanning
0.0021769572,0.0010552885,9.8797194e-05,7.170977e-05,0.005114095,0.00023878014,0.9911118,0.0001326202,scanning
0.0020055724,0.0008708997,8.390179e-05,5.744897e-05,0.003953576,0.00017399434,0.9927315,0.00012313655,scanning
0.001883281,0.0007352275,7.1941395e-05,4.7214893e-05,0.0032811675,0.00013504704,0.99372923,0.00011697706,scanning
0.001680163,0.00062337023,6.1295206e-05,3.986848e-05,0.0027240051,0.00010485717,0.9946538,0.00011265143,scanning
0.0013457191,0.0005296918,5.1641855e-05,3.5003293e-05,0.002107034,7.612944e-05,0.995743,0.00011175383,scanning
0.0010633033,0.00050206593,4.947839e-05,3.2771623e-05,0.0014655582,5.1105406e-05,0.9967116,0.00012413813,scanning
0.0011650362,0.0005079733,5.2759442e-05,3.0494928e-05,0.0015533306,5.4597145e-05,0.9965127,0.00012308797,scanning
0.0013616724,0.00052330946,5.7702797e-05,2.7786036e-05,0.0017247181,6.135201e-05,0.99611974,0.00012374065,scanning
0.0010204444,0.00058018044,7.0723225e-05,4.0339564e-05,0.0013983591,5.308551e-05,0.9967109,0.00012602957,scanning
0.0010213885,0.00062101864,7.91681e-05,4.2071453e-05,0.0014192543,5.514304e-05,0.9966336,0.00012843989,scanning
0.0010546885,0.00078899425,0.00011619778,6.724331e-05,0.0014916619,6.5166e-05,0.9962496,0.00016649961,scanning
0.0013197693,0.0010881094,0.00018398836,0.00010514378,0.0018693111,8.504691e-05,0.9951416,0.00020694057,scanning
0.0020660658,0.001839731,0.00035778803,0.00017582726,0.0028481667,0.00012903962,0.9923086,0.0002746627,scanning
0.0031099264,0.0032310144,0.0006967108,0.00031687447,0.004226109,0.00022067418,0.98776543,0.0004332075,scanning
0.005557486,0.0068142796,0.0016626219,0.00070128025,0.0074934526,0.00048742504,0.9764599,0.00082367705,scanning
0.011885523,0.017610725,0.0049918666,0.001965173,0.016089225,0.0014218409,0.9440679,0.0019677752,scanning
0.026910372,0.04945469,0.0166107,0.0062415195,0.037328117,0.0048034745,0.8532757,0.0053754044,scanning
0.051162966,0.117114104,0.04662271,0.01716516,0.074344076,0.014107201,0.6663944,0.013089453,scanning
0.07291068,0.19526611,0.08922793,0.031582523,0.11137586,0.029301034,0.44714984,0.02318606,scanning
0.08743667,0.2464999,0.12594779,0.040142767,0.13941857,0.046730973,0.28212506,0.03169829,scanning
0.10195903,0.26379064,0.14874418,0.038106102,0.16650215,0.06615649,0.17756924,0.03717217,dos
0.1239348,0.25068855,0.15685026,0.02781575,0.20075248,0.091326654,0.109849505,0.03878203,dos
0.15708536,0.21032372,0.14845356,0.015876528,0.24062069,0.12855396,0.06552793,0.033558227,normal
0.19716734,0.15737905,0.12302773,0.008122585,0.27101058,0.18005663,0.04225705,0.02097904,normal
0.23923464,0.113754876,0.08878033,0.004702,0.28524324,0.22103311,0.03684171,0.010410058,normal
0.26170874,0.10697486,0.08749168,0.005055283,0.2654603,0.22208834,0.042736586,0.008484166,normal
0.30309007,0.08801912,0.067080475,0.004441145,0.27581185,0.20482798,0.048793107,0.007936337,ddos
0.35632163,0.062086817,0.04335582,0.003197002,0.29777557,0.1807731,0.048581712,0.007908436,ddos
0.40817112,0.04349354,0.027971122,0.002258951,0.31518388,0.15112907,0.043601654,0.008190708,ddos
0.4194203,0.028109668,0.015418948,0.0016138048,0.34829125,0.14025004,0.038454298,0.008441768,ddos
0.48524597,0.025283055,0.012768583,0.0015131505,0.31990087,0.11293646,0.033085898,0.009266064,ddos
0.5196058,0.021552695,0.009282773,0.001646933,0.31954375,0.086434074,0.033592027,0.008342017,ddos
0.5293846,0.016822435,0.007022194,0.001240344,0.33132207,0.07331458,0.034353048,0.0065407716,ddos
0.5260827,0.012075778,0.0043052956,0.0009953761,0.3443789,0.06026835,0.045960266,0.0059333583,ddos
0.5238809,0.012329156,0.0044738,0.0010841872,0.34618407,0.07498545,0.032186195,0.00487621,ddos
0.5187882,0.011394604,0.0042057186,0.0009863232,0.34379578,0.09912098,0.01818259,0.00352583,ddos
0.54436576,0.010395973,0.0038302517,0.0007190053,0.3081921,0.12247076,0.007873462,0.0021526336,ddos
0.6701139,0.010875259,0.0038568557,0.00040862634,0.20094182,0.11033857,0.0024276953,0.0010372805,ddos
0.844824,0.01156011,0.004384484,0.0002021589,0.07669225,0.06120024,0.0006613564,0.00047546797,ddos
0.92558974,0.009436554,0.0047815884,0.00010775516,0.03133866,0.028195214,0.000263813,0.00028665434,ddos
0.9567331,0.008789226,0.0057498715,8.1423226e-05,0.015124707,0.013118997,0.00015662592,0.00024604198,ddos
0.9706532,0.007396265,0.006547617,5.787859e-05,0.008587785,0.0064147254,0.0001299047,0.00021253483,ddos
0.97435886,0.007079349,0.008145793,6.1718325e-05,0.0055996412,0.0044602244,0.00010382881,0.00019059487,ddos
0.9732184,0.0068320977,0.009448466,7.495902e-05,0.0055321795,0.0046046805,9.834552e-05,0.00019098898,ddos
0.96851873,0.006248853,0.008600962,9.0378635e-05,0.009355889,0.0068538664,0.00011163709,0.00021967443,ddos
0.95608246,0.0053847255,0.006564472,9.92378e-05,0.020323835,0.011111131,0.00015166952,0.00028247607,ddos
0.9448331,0.00454911,0.0048453296,8.8355744e-05,0.029124973,0.01606262,0.00016811279,0.00032845914,ddos
0.95637715,0.004423516,0.0049223504,6.469603e-05,0.021462724,0.01229432,0.00014513166,0.00031009887,ddos
0.9706693,0.0047088694,0.006282224,4.8727663e-05,0.011341864,0.0065467334,0.000117768286,0.00028456052,ddos
0.97601026,0.005357748,0.009211216,4.2858675e-05,0.005727303,0.0032647098,9.870781e-05,0.00028714942,ddos
0.97382474,0.006246306,0.014491857,4.901949e-05,0.0030647207,0.0019169034,8.59004e-05,0.00032058053,ddos
0.96645766,0.007452681,0.021669814,6.614886e-05,0.002258376,0.0016822447,7.876407e-05,0.00033433546,ddos
0.95214045,0.010509363,0.03183841,0.000117476804,0.0023344902,0.0025774552,8.0938604e-05,0.0004014372,ddos
0.9054203,0.02752301,0.059007082,0.00031997456,0.0025747495,0.004579378,0.00010258963,0.00047286553,ddos
0.8326432,0.05006661,0.109506145,0.0006505834,0.001833003,0.004580072,0.00012315164,0.0005972257,ddos
0.73691565,0.07242753,0.18440732,0.0010267029,0.0011240378,0.0032694505,0.0001484121,0.0006808433,ddos
0.6133875,0.09442727,0.2864535,0.0016598969,0.00075114216,0.0023312746,0.00018966074,0.0007997183,ddos
0.4759473,0.112501755,0.40552336,0.0025818162,0.00055637717,0.0017532548,0.0002380617,0.0008981292,ddos
0.37965694,0.11492477,0.49871987,0.0036289906,0.00045074598,0.0014224675,0.0002848339,0.0009113989,injection
0.32393354,0.11591418,0.55324346,0.004033431,0.00041722093,0.0012864479,0.00030629465,0.00086543063,injection
0.30952725,0.12150672,0.56210846,0.0041324645,0.00042428207,0.0011740874,0.00033413147,0.0007926625,injection
0.3040366,0.12433279,0.5645968,0.004233846,0.00046274762,0.0011994544,0.00033029146,0.000807511,injection
0.25499535,0.17159685,0.5647732,0.00593018,0.0005000903,0.0010269552,0.000398557,0.0007787884,injection
0.30235982,0.14569578,0.54466105,0.004884922,0.00048417976,0.0009588776,0.0003474611,0.0006079056,injection
0.3189099,0.13187125,0.542593,0.004355938,0.00046368755,0.000919617,0.00034190493,0.0005447652,injection
0.3367061,0.12164634,0.53543013,0.004028822,0.0004654371,0.0008421461,0.0003615384,0.00051944854,injection
0.35147142,0.12234997,0.5199577,0.0040294486,0.0004954655,0.000784319,0.00038751774,0.00052415894,injection
0.35291424,0.12186238,0.5193084,0.0037868898,0.0004918802,0.0007397156,0.00037498726,0.00052143703,injection
0.34750524,0.11861501,0.528231,0.0035725844,0.00045578432,0.0007500438,0.00034408382,0.0005262833,injection
0.32596493,0.1173728,0.5510948,0.003522441,0.0004077063,0.00075680955,0.00033102423,0.00054953573,injection
0.31026614,0.115940444,0.5678939,0.0037473184,0.00038828456,0.0007717245,0.00036199146,0.00063022034,injection
0.29946545,0.12010929,0.5742355,0.0039156205,0.000406896,0.00069777924,0.00043468244,0.0007348059,injection
0.29029876,0.1259673,0.57701206,0.0042079464,0.00043928318,0.00062964257,0.0005311749,0.0009138793,injection
0.27880254,0.13137312,0.5827548,0.0043938137,0.00045162908,0.00058078987,0.00057982415,0.0010635352,injection
0.27727315,0.13076083,0.5846344,0.0045057707,0.00045245513,0.0005939257,0.0005754346,0.0012039326,injection
0.27152967,0.12970027,0.59071666,0.0051036356,0.00043844382,0.00065403484,0.00054887123,0.0013083635,injection
0.25643468,0.13042082,0.604324,0.005852618,0.00041401954,0.0007856479,0.0004740512,0.0012942405,injection
0.22541748,0.13996829,0.62501746,0.006788908,0.00038375476,0.00088872295,0.00043111228,0.0011042717,injection
0.20411539,0.14374772,0.6426164,0.006765274,0.00036026372,0.0010248292,0.0003871069,0.0009830389,injection
0.2002908,0.1488938,0.64198214,0.006264271,0.00034832896,0.00096654077,0.00040513795,0.000848889,injection
0.20369968,0.14656739,0.64107406,0.0060303183,0.00034968703,0.0009975542,0.00040504336,0.0008762363,injection
0.20837529,0.14398995,0.6391388,0.005799659,0.00035644008,0.0010221081,0.00039736685,0.0009204086,injection
0.21031612,0.14019474,0.64066404,0.005987409,0.00036023758,0.0010912381,0.00038701776,0.0009992,injection
0.1941024,0.14576748,0.6507828,0.0064319023,0.00036109917,0.001134871,0.00038758325,0.0010318392,injection
0.18875174,0.15389146,0.6481258,0.0065116095,0.0003574005,0.0009897787,0.0004331671,0.00093909877,injection
0.18578684,0.15163507,0.6531427,0.006750647,0.0003589387,0.00096951233,0.00043072898,0.00092554797,injection
0.18611225,0.14627673,0.65793514,0.006908476,0.000390073,0.0010358903,0.00044114378,0.00090025086,injection
0.17954662,0.12892722,0.67916465,0.008432011,0.00063357165,0.0015934582,0.00063946925,0.0010629783,injection
0.16530587,0.10738288,0.706247,0.012621155,0.0015850741,0.0037611262,0.0014445545,0.0016524013,injection
0.15925579,0.09304509,0.7148433,0.015896058,0.0036045809,0.008052589,0.0030740243,0.0022285685,injection
0.16653942,0.08423148,0.70339894,0.016389225,0.006903671,0.0147425495,0.0052386774,0.0025559352,injection
0.17413928,0.081242144,0.6829241,0.015142758,0.012399362,0.023274647,0.008319765,0.0025578653,injection
0.18893716,0.0784565,0.6433107,0.012850833,0.023364825,0.03750983,0.012941371,0.0026287644,injection
0.21153969,0.074344955,0.5788191,0.010265969,0.044036716,0.05926725,0.018998554,0.0027277614,injection
0.23857129,0.06714147,0.4839916,0.007908891,0.079376675,0.09507422,0.024992477,0.0029434178,injection
0.25400606,0.05709326,0.366152,0.005769448,0.13860865,0.14551787,0.029697724,0.0031549372,injection
0.24132098,0.046114262,0.24881357,0.0037958792,0.2303721,0.1938331,0.032719605,0.0030304643,injection
0.2057572,0.03303201,0.1500029,0.0023094402,0.3404004,0.23421508,0.0315349,0.0027481378,normal
0.1598346,0.020491436,0.08142748,0.0013112943,0.44484597,0.26285845,0.026767377,0.0024633987,normal
0.12470812,0.014484327,0.051460057,0.00091542565,0.5017332,0.28155264,0.02285337,0.0022928447,normal
0.09952258,0.01132133,0.036428005,0.0007287645,0.5377856,0.29210243,0.019897943,0.002213354,normal
0.08195662,0.009870722,0.028763592,0.00066202006,0.56318897,0.295383,0.017926302,0.002248777,normal
0.06973948,0.009633594,0.024787236,0.0006934458,0.5880124,0.28803098,0.016627964,0.0024749115,normal
0.059808232,0.009943975,0.022559073,0.0006707554,0.61299324,0.2763278,0.015405306,0.002291564,normal
0.050557725,0.010260234,0.020579832,0.0006241748,0.6355724,0.26593384,0.01444117,0.0020305899,normal
0.041714776,0.010890365,0.018689105,0.00053937023,0.66510355,0.2473166,0.014034123,0.0017120675,normal
0.042268068,0.010049882,0.017231371,0.00047557702,0.6663912,0.248576,0.013386194,0.0016217321,normal
0.043351863,0.00869922,0.015082636,0.0003903089,0.66560304,0.25312084,0.012266993,0.0014850809,normal
0.0452276,0.006938884,0.01234545,0.0002938821,0.6607674,0.2624222,0.010696415,0.0013082076,normal
0.04819939,0.0050885086,0.009420061,0.00020411944,0.6493609,0.2777331,0.008879274,0.0011146227,normal
0.052662503,0.0034926075,0.0067911902,0.00013461395,0.6291565,0.29972184,0.007106472,0.00093427463,normal
0.059129994,0.0023263455,0.0047590965,8.826713e-05,0.5995909,0.32771176,0.0056044585,0.0007891793,normal
0.068207495,0.0015724923,0.0033577837,6.040293e-05,0.5629862,0.35866624,0.0044615045,0.0006878649,normal
0.0805939,0.0011218874,0.0024593438,4.4628476e-05,0.52462876,0.38686487,0.003657319,0.00062934286,normal
0.097210705,0.0008648874,0.0019045968,3.5989404e-05,0.4909051,0.4053404,0.0031282858,0.00061004,normal
0.11929611,0.00072510436,0.0015678633,3.140097e-05,0.46651337,0.4084267,0.0028118314,0.00062768784,normal
0.14822192,0.0006566428,0.001364877,2.908691e-05,0.45262486,0.39376178,0.0026588074,0.0006819707,normal
0.18490057,0.0006330904,0.00124189,2.8016333e-05,0.44698346,0.36280766,0.002632186,0.00077319617,normal
0.2290311,0.00063832675,0.0011643756,2.7567654e-05,0.4451866,0.32034945,0.0027016662,0.00090096,normal
0.27863777,0.0006611105,0.0011103668,2.737022e-05,0.44255123,0.27310914,0.0028396677,0.0010633877,normal
0.33040792,0.00069221295,0.0010666443,2.7225939e-05,0.43586835,0.22766064,0.0030194637,0.0012575589,normal
0.38074324,0.0007232754,0.0010258922,2.7047197e-05,0.42426014,0.1885239,0.0032159681,0.0014806035,normal
0.42678806,0.00074693194,0.000984399,2.6808153e-05,0.40880165,0.15751363,0.0034080436,0.0017304476,ddos
0.46684158,0.0007581999,0.00094078894,2.6508511e-05,0.3915237,0.13432342,0.0035813923,0.0020044404,ddos
0.5003317,0.0007560077,0.00089570315,2.6162488e-05,0.37443107,0.117533974,0.003728683,0.0022967784,ddos
0.5333927,0.0008657797,0.0010188511,2.8148914e-05,0.34608445,0.111844376,0.003888086,0.0028775476,ddos
0.53987575,0.0011095509,0.0012812451,3.2642973e-05,0.33243513,0.11802351,0.0039946404,0.0032475812,ddos
0.5474633,0.0014996574,0.0016336777,3.919497e-05,0.3173771,0.124199726,0.0041329344,0.0036543766,ddos
0.55546945,0.0020991254,0.0020913046,4.8308368e-05,0.30131176,0.1305785,0.004301732,0.004099806,ddos
0.5629995,0.003029945,0.0026938107,6.1372324e-05,0.2844537,0.13766016,0.00450736,0.0045941696,ddos
0.56899816,0.004514673,0.0035095564,8.092076e-05,0.26673323,0.14628886,0.0047538877,0.0051207016,ddos
0.5721488,0.006963764,0.004648953,0.00011147224,0.24767816,0.1578087,0.0050397366,0.0056003593,ddos
0.570488,0.0111608645,0.006294475,0.00016169935,0.22622089,0.1744736,0.0053535854,0.0058469856,ddos
0.56069976,0.018649995,0.008756866,0.00024950958,0.20058128,0.19982825,0.0056652003,0.0055690804,ddos
0.5371054,0.03251173,0.012576614,0.00041453907,0.16874358,0.2381678,0.0059200083,0.00456026,ddos
0.47272855,0.07253218,0.020437669,0.0013156487,0.11939234,0.30294672,0.0075909607,0.003055983,ddos
0.37141287,0.18351974,0.03744621,0.0051570605,0.071195714,0.31761876,0.011598425,0.0020512205,ddos
0.3160491,0.32813212,0.05753083,0.007381063,0.039453983,0.240261,0.009934433,0.0012574312,dos
0.2491012,0.55552137,0.08732119,0.0077551403,0.010052612,0.084360406,0.0053377463,0.0005502352,dos
0.17475383,0.6885868,0.119781464,0.0046827574,0.0008933527,0.009664684,0.0014732069,0.00016383523,dos
0.13773349,0.7142726,0.14177708,0.0032421618,0.00017882197,0.0020293442,0.0006768252,8.967267e-05,dos
0.11909482,0.73131454,0.14523225,0.0027222193,8.963192e-05,0.00095988956,0.0005135344,7.310899e-05,dos
0.108289175,0.7453599,0.14251542,0.002527153,7.0614624e-05,0.00068323384,0.00048580446,6.870566e-05,dos
0.10045789,0.757489,0.13840337,0.0024406682,6.698014e-05,0.0005831499,0.0004932562,6.5593034e-05,dos
0.09587236,0.767636,0.13297378,0.0023466866,6.836605e-05,0.0005357506,0.0005060603,6.0902243e-05,dos
0.086931475,0.81304854,0.09614714,0.0022853496,0.00013202165,0.0007949887,0.00061596016,4.4555967e-05,dos
0.09162182,0.8256305,0.07874242,0.0021826965,0.00020209639,0.0009530151,0.0006304491,3.7081445e-05,dos
0.10276938,0.82207507,0.071185,0.0020671943,0.0002640274,0.0009908489,0.00061618834,3.219243e-05,dos
0.11359482,0.8162671,0.06606416,0.0020352306,0.00034501037,0.0010374554,0.0006266515,2.9557197e-05,dos
0.12165145,0.81438893,0.05946864,0.0020949293,0.0005001856,0.0011881108,0.00067937776,2.8456248e-05,dos
0.12720017,0.81620485,0.05113985,0.0022556626,0.0008363003,0.0015463068,0.00078811793,2.8780656e-05,dos
0.13125634,0.8191525,0.042010095,0.002556204,0.0016524444,0.0023541225,0.0009871685,3.118244e-05,dos
0.13542782,0.8187778,0.033191107,0.0030582042,0.003909205,0.004249759,0.0013487618,3.7336777e-05,dos
0.14171277,0.8071052,0.025511121,0.003815199,0.010900528,0.008897503,0.002006761,5.085879e-05,dos
0.15208116,0.76792836,0.019144388,0.004689068,0.033213448,0.019763827,0.0031014301,7.839537e-05,dos
0.16284099,0.67383385,0.013775061,0.0051979246,0.098734066,0.040949542,0.004538895,0.00012967395,dos
0.17315084,0.40647507,0.008219822,0.004162771,0.3064586,0.095368475,0.0059943553,0.0001700466,dos
0.121902354,0.15644816,0.00322223,0.002320489,0.57724565,0.1331858,0.005523223,0.00015202333,normal
0.080549166,0.065918654,0.0013962185,0.0011947645,0.7193485,0.1276619,0.0037871646,0.00014369957,normal
0.056277886,0.02994077,0.000663014,0.00065686356,0.8007291,0.1090634,0.002530063,0.00013888156,normal
0.04252845,0.015440972,0.0003550524,0.00045651456,0.8488127,0.09034411,0.0019136898,0.00014860686,normal
0.036023468,0.009536465,0.00023141022,0.0003497277,0.8789845,0.07325786,0.001457,0.00015957358,normal
0.03223333,0.0065171514,0.00016537505,0.00030337763,0.90145534,0.05796652,0.0011801061,0.0001787786,normal
0.029718395,0.004828067,0.0001270831,0.00029793716,0.9188824,0.044912267,0.0010190314,0.00021491271,normal
0.027759109,0.0038528752,0.000103213846,0.00034562522,0.9325049,0.0341683,0.0009700928,0.00029592693,normal
0.026749032,0.003648103,9.74089e-05,0.00063851016,0.9408793,0.026123373,0.0012817532,0.00058249116,normal
0.03899901,0.0048670745,0.00012294223,0.001298542,0.9174676,0.03444318,0.0017794971,0.0010221442,normal
0.09680618,0.010130987,0.0002566838,0.0027762062,0.83669245,0.0488324,0.0028525167,0.0016525538,normal
0.22527462,0.02352974,0.0006156882,0.00504898,0.6782153,0.060183547,0.0050821756,0.0020498775,normal
0.33557674,0.031698383,0.0009276332,0.0046783886,0.55251867,0.065393634,0.0076148226,0.0015917046,normal
0.41345394,0.030232564,0.0010562029,0.002575949,0.47218195,0.06830834,0.011292778,0.00089832966,normal
0.4653442,0.026143976,0.0011528659,0.0012609469,0.416465,0.06895121,0.020163845,0.00051793735,ddos
0.4883366,0.023245914,0.0013078757,0.00076232944,0.37657303,0.06546164,0.043915268,0.00039729942,ddos
0.4804151,0.021155903,0.001474718,0.00058058894,0.33938685,0.056235783,0.100352295,0.0003987784,ddos
0.44122884,0.018444043,0.0015461565,0.00047506552,0.29151797,0.043143824,0.20319645,0.00044759086,ddos
0.385203,0.014723208,0.0014689271,0.0003693879,0.23533018,0.030498099,0.3319113,0.0004959838,ddos
0.34233195,0.011280123,0.0013313264,0.00027532293,0.18739869,0.0215646,0.43528736,0.0005306738,scanning
0.25064325,0.008448125,0.0010447215,0.00021612467,0.15501148,0.013487706,0.57064426,0.0005042869,scanning
0.19930209,0.0060210684,0.0008051416,0.00016167412,0.13890314,0.009213175,0.64508855,0.00050511525,scanning
0.2645392,0.0048344177,0.0007548468,0.00011827623,0.16223459,0.011676254,0.5552417,0.00060069584,scanning
0.40374526,0.0038313312,0.0007188931,8.445822e-05,0.2231655,0.019291095,0.34842798,0.0007354458,ddos
0.50456923,0.0026950322,0.0006201453,5.79419e-05,0.2964265,0.031827237,0.16298564,0.0008182264,ddos
0.54262143,0.0017186507,0.0005221861,4.0685445e-05,0.33674124,0.054371856,0.06302692,0.00095693313,ddos
0.5131359,0.0011862437,0.00046798008,3.3063247e-05,0.36968896,0.08231768,0.032041438,0.0011286959,ddos
0.4682819,0.0009597859,0.000432269,2.9805004e-05,0.39942083,0.10553151,0.024070878,0.0012729919,ddos
0.45667657,0.0010752706,0.0005331053,3.193368e-05,0.38849503,0.12345657,0.027669573,0.0020618935,ddos
0.45347363,0.001355227,0.0008053975,4.4238626e-05,0.36337245,0.14900213,0.02921588,0.002731109,ddos
0.44949487,0.0017938218,0.0012602337,6.2115585e-05,0.34013662,0.17243154,0.031017493,0.003803307,ddos
0.44114405,0.0021776052,0.0019151287,6.678027e-05,0.3133578,0.20706077,0.02863612,0.005641782,ddos
0.42832685,0.002655765,0.002875003,7.52905e-05,0.29035842,0.23956336,0.027070172,0.009075202,ddos
0.42898142,0.0032616858,0.0044589555,9.550472e-05,0.27637982,0.24462439,0.025223514,0.016974725,ddos
0.40139315,0.003978409,0.006299095,0.00013050063,0.2609627,0.26633638,0.026536027,0.03436377,ddos
0.36842978,0.0047456655,0.008392307,0.00019211297,0.25496265,0.2573778,0.02817858,0.077721044,ddos
0.30697381,0.005359153,0.009480592,0.0003068235,0.24779445,0.22384185,0.031552278,0.174691,ddos
0.21150105,0.005721397,0.009409475,0.000505624,0.20809333,0.17436402,0.031825233,0.3585799,xss
0.11748844,0.004500763,0.0074266098,0.00058502925,0.13498905,0.123544194,0.024398671,0.5870673,xss
0.048451833,0.0026255846,0.0040055593,0.0005686929,0.072963916,0.06313824,0.015080349,0.7931658,xss
0.016914282,0.0013156707,0.0019015144,0.00047694528,0.031744838,0.029446755,0.00769598,0.910504,xss
0.005402255,0.000601698,0.0008093947,0.00038203396,0.012686826,0.012877327,0.0036533622,0.9635871,xss
0.0017335366,0.0002729701,0.00033697733,0.00031044046,0.005060714,0.0056971167,0.0017866761,0.9848016,xss
0.0005769459,0.00012995905,0.00013905231,0.0002894776,0.0021810557,0.002660931,0.00096804916,0.99305457,xss
0.00023645462,6.670519e-05,6.630088e-05,0.00024447477,0.0011318091,0.0014376948,0.0006419732,0.9961746,xss
0.00011992272,4.424988e-05,4.0566378e-05,0.00024122787,0.0006827151,0.0008957785,0.0005150817,0.99746037,xss
7.365764e-05,3.2756685e-05,3.0488274e-05,0.00020972805,0.00044751097,0.0005832873,0.00044131285,0.9981812,xss
5.727161e-05,2.7929955e-05,2.8121482e-05,0.00017618622,0.00033111311,0.0003948328,0.00040886304,0.9985757,xss
7.274305e-05,3.2192627e-05,3.697854e-05,0.00016166683,0.0003679625,0.00029542219,0.00050566596,0.9985274,xss
0.000101526755,4.272331e-05,5.048464e-05,0.00016910973,0.00054669305,0.00031050452,0.000665074,0.9981139,xss
0.00015199627,5.369956e-05,6.836851e-05,0.00014720157,0.000721075,0.00029110798,0.0007243668,0.9978422,xss
0.00036268035,9.165571e-05,0.00011724262,0.00015992238,0.0014464167,0.00033631074,0.0010665222,0.9964193,xss
0.00084391877,0.00019794132,0.00024343879,0.00023145063,0.0030510006,0.0004909946,0.0017079727,0.99323314,xss
0.0017031678,0.00040485986,0.0005157562,0.0003323082,0.005343771,0.00070533546,0.0026458167,0.98834896,xss
0.0039258096,0.00088648987,0.001167625,0.00057705987,0.011650274,0.0012590218,0.004583002,0.9759507,xss
0.009025398,0.0022672638,0.003045582,0.0010575547,0.022941398,0.002229239,0.007848299,0.9515853,xss
0.01832892,0.0049010445,0.006278693,0.0017812446,0.041465007,0.0038302338,0.011407611,0.9120073,xss
0.053109128,0.014532065,0.018313747,0.0031140796,0.09376789,0.007929491,0.018173566,0.79106003,xss
0.20848812,0.04989733,0.07033948,0.004294103,0.20856851,0.015919585,0.024800314,0.41769263,xss
0.34795994,0.07416362,0.107696675,0.0036184317,0.262541,0.02142972,0.020579008,0.16201152,ddos
0.40810606,0.07918614,0.11425531,0.0028742119,0.28183696,0.0287427,0.014156891,0.07084167,ddos
0.47031817,0.070164606,0.111496,0.0017677227,0.27323383,0.04419032,0.007130165,0.021699116,ddos
0.49649766,0.06358286,0.103648975,0.0013074772,0.26702335,0.05332611,0.0048408597,0.009772776,ddos
0.5172579,0.05859158,0.0947179,0.0009837258,0.26616237,0.053009193,0.0039230417,0.0053543067,ddos
0.5419704,0.05311034,0.087034434,0.00072480086,0.2622775,0.048416164,0.0033521275,0.0031142605,ddos
0.5339413,0.056457996,0.085196234,0.0007363981,0.2664028,0.05184053,0.0027622664,0.0026624743,ddos
0.5422751,0.05279861,0.07920733,0.0006155449,0.26896685,0.051703677,0.0026134802,0.0018194121,ddos
0.540654,0.052462187,0.07527192,0.0005732843,0.27466837,0.05235435,0.002573631,0.001442283,ddos
0.5318165,0.056484845,0.07586552,0.0005974895,0.2754847,0.056067716,0.002303603,0.0013796256,ddos
0.5258909,0.059519876,0.076261476,0.0006812423,0.27256015,0.061536048,0.00222029,0.0013300225,ddos
0.5086794,0.065202706,0.077624485,0.0008529884,0.27281636,0.07126896,0.0021787859,0.0013762881,ddos
0.48724514,0.07573344,0.08395841,0.0011459842,0.26716876,0.0809665,0.0023166973,0.0014651729,ddos
0.4668722,0.09355587,0.10400219,0.0017414703,0.24277876,0.08680135,0.0027048206,0.0015433632,ddos
0.40887544,0.12889229,0.13262817,0.0031473853,0.21487936,0.106413424,0.0032596556,0.0019041991,ddos
0.3326878,0.18554232,0.17227428,0.0059687146,0.17983645,0.11711116,0.004228257,0.0023510577,ddos
0.27480805,0.2399679,0.22127502,0.009788616,0.14276321,0.10348684,0.0053284643,0.0025819307,ddos
0.22980358,0.2847813,0.25127852,0.013613348,0.11877137,0.092833824,0.005946442,0.0029716566,dos
0.20908341,0.3147114,0.268811,0.015905669,0.104381174,0.07764191,0.006028121,0.003437269,dos
0.21493931,0.32851788,0.28033215,0.015331336,0.09149622,0.060179275,0.005265505,0.0039383555,dos
0.28424162,0.31694153,0.3034186,0.009239332,0.047981244,0.03266163,0.0026954764,0.0028206112,dos
0.3941862,0.26248944,0.32472736,0.0027551139,0.0070034307,0.0075800233,0.000595846,0.00066252885,ddos
0.38611543,0.2370182,0.36886668,0.0015983774,0.0022575676,0.0036408976,0.0002918389,0.00021090485,ddos
0.35548115,0.21116036,0.42634377,0.0012984218,0.0016315045,0.0037359577,0.000251928,9.6855416e-05,injection
0.33320823,0.19749361,0.46210694,0.0012403917,0.0014696339,0.00416664,0.00024915548,6.54081e-05,injection
0.3189588,0.1953315,0.47841942,0.0012978057,0.0013975706,0.004290174,0.0002480846,5.6633296e-05,injection
0.31108364,0.19565144,0.48596156,0.0013757616,0.0013451241,0.004284509,0.00024575082,5.2290914e-05,injection
0.3074889,0.1966351,0.48846164,0.0013603314,0.0013549725,0.004400468,0.0002410415,5.745481e-05,injection
0.30073544,0.19432963,0.49804163,0.0014535371,0.0013123939,0.0038329673,0.00024287534,5.1437863e-05,injection
0.3078173,0.1691643,0.5172193,0.0015015982,0.0012569508,0.002731844,0.0002698188,3.893207e-05,injection
0.3034831,0.16777737,0.5228376,0.0014727557,0.001234448,0.0028816406,0.0002716503,4.148073e-05,injection
0.30627945,0.1671173,0.52052736,0.0014531037,0.0012276411,0.0030803012,0.00027106973,4.38076e-05,injection
0.31288895,0.16743182,0.51326925,0.0014589524,0.0012316005,0.0034033626,0.00026973497,4.6363028e-05,injection
0.3210708,0.16920234,0.5026455,0.0015117803,0.0012458564,0.004004385,0.00026958258,4.981529e-05,injection
0.32572594,0.17178077,0.4939135,0.0016197794,0.0012656611,0.0053620473,0.00027595516,5.629593e-05,injection
0.3292715,0.1754541,0.48370448,0.0018000385,0.0013520138,0.008056295,0.0002954916,6.6124456e-05,injection
0.33137774,0.18041877,0.4706496,0.0021121653,0.0016015312,0.013425183,0.000334527,8.0494494e-05,injection
0.32859528,0.1758039,0.46740592,0.002734621,0.0016424005,0.023421109,0.0003236874,7.3077324e-05,injection
0.32034117,0.16853641,0.4580032,0.0033733214,0.0020351394,0.047278173,0.00035640944,7.61445e-05,injection
0.24437419,0.16191602,0.38850445,0.0075166128,0.0045734947,0.19233401,0.00063565467,0.00014555771,injection
0.10930822,0.09031029,0.19925053,0.009424001,0.008012421,0.582676,0.0008135436,0.00020502684,password
0.045783654,0.04124125,0.08972683,0.0072018825,0.0074248174,0.8078545,0.0005980515,0.00016907768,password
0.009365256,0.010982837,0.020817332,0.0052253236,0.006537079,0.9464231,0.00049729954,0.00015175463,password
0.004397816,0.0062023816,0.011174851,0.0050098617,0.0063626235,0.9660887,0.0005917299,0.00017192609,password
0.0028769125,0.004702259,0.008693364,0.005160603,0.0064261127,0.9710978,0.0008168811,0.00022611323,password
0.00259588,0.0047156597,0.008546907,0.0054023378,0.0063800192,0.97117066,0.0009330571,0.00025551114,password
0.0023260685,0.0046242303,0.008060326,0.005296097,0.006230441,0.9721534,0.0010230842,0.00028629444,password
0.0020775506,0.0044596563,0.0073252283,0.004748523,0.005935252,0.97407585,0.0010584715,0.0003194938,password
0.0018675698,0.004214228,0.00629798,0.0038771434,0.005618259,0.9767461,0.0010342776,0.0003445553,password
0.0015539806,0.0035222603,0.0041171815,0.0025694221,0.006837978,0.97996336,0.0011699422,0.000265803,password
0.0016115437,0.0027778698,0.0032107101,0.0015904395,0.0065239486,0.9831597,0.00087685697,0.00024882847,password
0.0012554097,0.0017948165,0.0016788583,0.0008990512,0.008275417,0.9851206,0.00077990745,0.00019598746,password
0.0016774514,0.0021212103,0.0022677688,0.00079488475,0.00801319,0.9841876,0.000719027,0.0002188477,password
0.0032217808,0.0043348754,0.0062722065,0.0012087834,0.008373744,0.97527367,0.0009855429,0.00032941205,password
0.0039344192,0.006699483,0.009834071,0.0017150512,0.010567233,0.9653266,0.0015215937,0.0004015536,password
0.006353091,0.0131809,0.024001198,0.0029930833,0.011962152,0.9384592,0.0024049266,0.0006454538,password
0.008281102,0.022900438,0.043727674,0.005296076,0.014495929,0.90001136,0.004365133,0.0009223369,password
0.009943278,0.031664412,0.06754768,0.006794705,0.015725572,0.8614895,0.0055733942,0.0012614874,password
0.013092627,0.04565683,0.1108521,0.00915285,0.017408544,0.7944459,0.007552494,0.0018386082,password
0.018555347,0.07539906,0.19946253,0.01425955,0.021394642,0.6545993,0.01338236,0.002947187,password
0.021538815,0.09385329,0.260701,0.016137041,0.026938876,0.56161153,0.015266677,0.003952802,password
0.022804122,0.10972061,0.30849427,0.018440878,0.02912529,0.48927397,0.01667734,0.005463586,password
0.027430942,0.14275096,0.411748,0.0257867,0.031258944,0.32719532,0.024412995,0.0094161695,injection
0.027032059,0.15131445,0.42900187,0.029591424,0.034522723,0.28891358,0.025899326,0.013724586,injection
0.025377419,0.16086632,0.4176819,0.03881464,0.038486276,0.26752427,0.032044746,0.019204462,injection
0.02330923,0.15883763,0.40554017,0.042346932,0.04025365,0.27430314,0.031844534,0.023564782,injection
0.021873193,0.15401065,0.39901632,0.042857286,0.041178282,0.28266087,0.03068172,0.02772169,injection
0.019599322,0.16173497,0.3804949,0.049543228,0.043815956,0.27437568,0.037287515,0.033148438,injection
0.018584857,0.1642552,0.3781743,0.0560541,0.043375388,0.27117336,0.033748936,0.034633804,injection
0.017437264,0.16120616,0.36558664,0.055186577,0.043273818,0.2871955,0.031499803,0.038614128,injection
0.016937235,0.15185732,0.35174698,0.054045897,0.044862203,0.30797455,0.030324431,0.04225135,injection
0.017430201,0.1492961,0.3434519,0.048297554,0.045920152,0.32403573,0.028789844,0.04277844,injection
0.018203365,0.15097238,0.33841866,0.04481412,0.049641777,0.3271188,0.027899833,0.042931017,injection
0.020740442,0.1640562,0.34497142,0.036262583,0.05414682,0.31367537,0.02733042,0.038816668,injection
0.024726676,0.18362051,0.34901682,0.02855546,0.062364426,0.2908871,0.027436985,0.033392075,injection
0.029835341,0.19663894,0.33334205,0.022769475,0.081798956,0.27709302,0.029129867,0.0293923,injection
0.039046735,0.20135722,0.30589733,0.015422492,0.10749074,0.27842888,0.030872546,0.02148405,injection
0.04653011,0.19149722,0.26530293,0.011604344,0.14921018,0.28522122,0.03519351,0.015440531,password
0.06282223,0.15601787,0.19455779,0.006551625,0.21104348,0.31898704,0.040840417,0.0091795875,password
0.08167074,0.103517085,0.11550069,0.0033607313,0.2819613,0.36613154,0.042831134,0.0050268318,password
0.0889027,0.059699923,0.061831333,0.0018087727,0.36019543,0.3819407,0.042734288,0.0028868006,password
0.11305115,0.02170915,0.021726226,0.0006049271,0.36896825,0.44193414,0.030454552,0.0015515536,password
0.13850044,0.0096562905,0.009034561,0.0002515958,0.38017473,0.43906888,0.02231645,0.0009970546,password
0.147085,0.0049156053,0.0043629953,0.00013041451,0.4247188,0.3986009,0.0194697,0.0007166233,normal
0.19668208,0.0029523214,0.0023938129,7.670469e-05,0.42571267,0.35485393,0.016655106,0.0006734262,normal
0.21405524,0.0018460768,0.0013730279,4.93059e-05,0.472785,0.29255554,0.016747668,0.00058812136,normal
0.2875333,0.0015638013,0.0010228389,4.0828178e-05,0.45714056,0.23490177,0.017084224,0.0007126073,normal
0.3666789,0.0013945707,0.00079868076,3.5939524e-05,0.4320412,0.18071324,0.017443879,0.000893566,normal
0.4000035,0.0011780792,0.00054335425,2.8282944e-05,0.45877513,0.114225775,0.024383057,0.000862916,normal
0.47562346,0.0012034558,0.0004582225,4.9518356e-05,0.39569756,0.08480071,0.040235292,0.0019317367,ddos
0.47213992,0.0014636468,0.0005109576,8.7735934e-05,0.39463797,0.07492458,0.053987578,0.0022476949,ddos
0.45442948,0.0021095134,0.0006751709,0.00018914761,0.39408857,0.071561754,0.0739714,0.0029749235,ddos
0.42480284,0.0033542265,0.0009727714,0.0004718377,0.39279598,0.069593556,0.10373587,0.00427298,ddos
0.39711636,0.004867845,0.0012344209,0.0011679939,0.38890296,0.061814815,0.13953869,0.005356864,ddos
0.3725842,0.0066288416,0.0014904522,0.002665866,0.38417444,0.056648426,0.16977847,0.006029278,normal
0.3378317,0.010616687,0.002126824,0.006339802,0.37306067,0.057823416,0.20482022,0.0073807463,normal
0.33706796,0.015052158,0.0028150445,0.012069042,0.34814975,0.056804948,0.2206263,0.007414891,normal
0.35989454,0.023987144,0.004418208,0.020074463,0.30544484,0.05982429,0.21902817,0.007328253,ddos
0.46147746,0.040127806,0.0076365652,0.026088623,0.22790371,0.053568922,0.1773812,0.0058156787,ddos
0.64061064,0.07161836,0.015890205,0.02476984,0.11086738,0.033713967,0.099016346,0.0035131734,ddos
0.7514098,0.114959076,0.033999883,0.016450286,0.03251924,0.013345151,0.03570172,0.0016147959,ddos
0.7423803,0.1553653,0.06275611,0.010228763,0.01007593,0.005106379,0.013269783,0.0008174325,ddos
0.7344292,0.16121344,0.0834119,0.0065520625,0.004792778,0.0024192063,0.0067000813,0.00048134435,ddos
0.7046339,0.17518848,0.1046368,0.0052668825,0.003374175,0.0017365892,0.004749094,0.00041411017,ddos
0.7037614,0.17368114,0.109692104,0.0045181443,0.0028681685,0.0012603566,0.003852958,0.00036572985,ddos
0.6719372,0.19293053,0.12227044,0.00511848,0.0026281662,0.0010371621,0.0036866746,0.00039128185,ddos
0.61668044,0.22696595,0.1414097,0.0071204,0.0024663052,0.0009241248,0.003990812,0.00044223544,ddos
0.56836164,0.25423145,0.15942013,0.0097667305,0.0023676686,0.0008707683,0.0045150337,0.00046658365,ddos
0.53430897,0.2715225,0.17351864,0.011750937,0.00240442,0.0008703333,0.0051694503,0.0004547858,ddos
0.5469628,0.24985191,0.18424526,0.010573835,0.0022866563,0.0007781756,0.0048529757,0.00044835138,ddos
0.5765747,0.2227499,0.1848668,0.008574558,0.0021673348,0.0007811406,0.0038282864,0.00045725718,ddos
0.62464166,0.1904754,0.17209212,0.0063443654,0.0020547383,0.0007180922,0.0032519507,0.0004216476,ddos
0.69285256,0.14434995,0.15179445,0.004677876,0.0023694842,0.00087977515,0.0026467647,0.00042912157,ddos
0.7783286,0.091704644,0.118264444,0.0033967602,0.003888979,0.001584596,0.002353021,0.0004790136,ddos
0.8649247,0.044321403,0.074483246,0.0019859127,0.008002858,0.0033350396,0.0024739092,0.00047293564,ddos
0.91255003,0.019529339,0.042423025,0.0009830003,0.014465941,0.0072052083,0.0024404353,0.00040301506,ddos
0.92851776,0.009273997,0.02357644,0.0004768604,0.021763258,0.013974159,0.0020685592,0.00034906738,ddos
0.9314231,0.0050290585,0.012787704,0.00024697522,0.02873732,0.0194192,0.002041978,0.00031467056,ddos
0.9245143,0.0031414134,0.007808225,0.00015222095,0.037361093,0.024733603,0.0019381605,0.0003509999,ddos
0.9109498,0.002144281,0.0051649665,0.00010331966,0.050026763,0.029161964,0.0019844146,0.000464482,ddos
0.8982056,0.0016399414,0.003679188,7.6313074e-05,0.062765904,0.031009426,0.0020083277,0.00061541743,ddos
0.88639385,0.0013611177,0.002793265,5.959894e-05,0.07510661,0.031473506,0.0020123788,0.0007996865,ddos
0.86884326,0.0011829515,0.0022746574,4.9006845e-05,0.092103645,0.032366738,0.002070131,0.0011095218,ddos
0.85444486,0.001054332,0.001882763,4.0906845e-05,0.10819789,0.03055621,0.0022902666,0.00153279,ddos
0.83940744,0.0009983559,0.0016102502,3.561529e-05,0.12374941,0.029954983,0.0022874924,0.001956481,ddos
0.8211395,0.0009420269,0.0014408127,3.166336e-05,0.14261524,0.02881257,0.0024399208,0.0025782092,ddos
0.80327207,0.00091513584,0.0013143227,2.8864695e-05,0.16084205,0.027857827,0.0025465074,0.0032231992,ddos
0.7775518,0.0009079934,0.0012673315,2.7334301e-05,0.18483546,0.02893917,0.0026156742,0.0038552128,ddos
0.75033975,0.000963041,0.0012807964,2.7505383e-05,0.20891342,0.031421397,0.0027040541,0.0043499866,ddos
0.71651626,0.0009914745,0.0010971844,3.4454675e-05,0.24318083,0.02957278,0.003370746,0.0052362788,ddos
0.71498585,0.000987593,0.0010589726,4.717473e-05,0.24535862,0.027776785,0.0041309,0.0056541753,ddos
0.71211094,0.0010152977,0.001021346,7.114008e-05,0.24959311,0.025168272,0.0050386325,0.0059812395,ddos
0.70412517,0.0010899594,0.001020609,0.00011695539,0.25703403,0.023531076,0.0063724876,0.0067096585,ddos
0.6832314,0.0013260223,0.0011262544,0.00022497482,0.2735711,0.023563249,0.00853221,0.008424785,ddos
0.6591847,0.001644699,0.001226454,0.00045069182,0.29222444,0.024106309,0.011270583,0.009892137,ddos
0.6361805,0.0020771364,0.0013884311,0.0008934761,0.30695528,0.026479516,0.014732418,0.011293157,ddos
0.63738406,0.00230672,0.0014055438,0.0015187374,0.30305076,0.026922025,0.017325174,0.010087058,ddos
0.6510699,0.0027137366,0.001621643,0.0022374187,0.2848737,0.029950557,0.018469667,0.0090634385,ddos
0.7007905,0.0031619198,0.0019118647,0.0026581965,0.2380273,0.029803984,0.016743762,0.0069025084,ddos
0.7862872,0.0038223467,0.0025237028,0.0025347213,0.16239041,0.025182663,0.012500703,0.004758256,ddos
0.89813954,0.0043922258,0.0033485123,0.0017064348,0.07174421,0.012055713,0.0063511217,0.002262271,ddos
0.95699376,0.0065805707,0.006173467,0.0010602241,0.02157188,0.004077686,0.002457528,0.0010848757,ddos
0.96498924,0.011515371,0.013300983,0.00087453966,0.0062966463,0.0013064804,0.0010967196,0.0006199934,ddos
0.93682724,0.024223821,0.032462504,0.0012583764,0.002993123,0.0007940492,0.0008179614,0.00062295404,ddos
0.88997483,0.042545296,0.061024476,0.0020760468,0.0021224716,0.0007128161,0.0008270389,0.0007169804,ddos
0.8460387,0.05987082,0.086759835,0.0030471976,0.0018757955,0.0007162041,0.0009146903,0.00077678676,ddos
0.7978777,0.07871729,0.11460083,0.004259755,0.0018156823,0.0007702591,0.0010911957,0.0008672174,ddos
0.77477586,0.087016664,0.12849851,0.0050158473,0.0018038686,0.00072983734,0.0013062488,0.000853156,ddos
0.7715493,0.08682796,0.13171627,0.0050832266,0.001849145,0.0006506799,0.0015334514,0.00078997406,ddos
0.774466,0.08735705,0.12873444,0.004649141,0.0018481137,0.00057503936,0.0016401384,0.0007300709,ddos
0.77656204,0.089828424,0.12469347,0.004198809,0.0018336608,0.0005390567,0.0015952087,0.00074928283,ddos
0.767693,0.09690503,0.12663515,0.004131046,0.0017594515,0.00052452134,0.0015502736,0.00080154574,ddos
0.74311966,0.10848071,0.1394602,0.004318349,0.0016461823,0.00054410665,0.0015276745,0.0009031569,ddos
0.71151716,0.118574865,0.16040109,0.0047030915,0.0016217522,0.0006685289,0.0015586305,0.0009548927,ddos
0.7030063,0.11207858,0.17471181,0.0044271313,0.0021271277,0.0011712469,0.0015581339,0.000919728,ddos
0.7174206,0.09564875,0.17302768,0.003264976,0.0046746614,0.0034025884,0.0018038908,0.0007568266,ddos
0.7186511,0.08870655,0.154718,0.002609929,0.01683509,0.015137033,0.0026516933,0.00069063867,ddos
0.6223041,0.09011523,0.118807085,0.002247354,0.08423526,0.07616191,0.0054222364,0.00070687133,ddos
0.41986144,0.08493665,0.07705236,0.0021020789,0.21261197,0.19524327,0.0074775717,0.0007146903,ddos
0.25102395,0.076587796,0.04801467,0.0018152911,0.3134592,0.3005875,0.00785323,0.0006582785,normal
0.16207501,0.07546991,0.03331336,0.0017679435,0.3533274,0.3658277,0.007618184,0.00060047134,password
0.09704312,0.06653266,0.019612072,0.0017945908,0.40823108,0.39660358,0.0097384835,0.00044440318,normal
0.061638888,0.05469005,0.011163078,0.0019695722,0.45785198,0.40111947,0.011237629,0.00032935553,normal
0.03749507,0.046152376,0.0066601285,0.002008372,0.5140317,0.37925157,0.014118542,0.00028227747,normal
0.028120391,0.040292185,0.00463188,0.002268584,0.5370284,0.37149173,0.0159058,0.00026099663,normal
0.020738807,0.034753166,0.0031878846,0.002455365,0.5736343,0.34700474,0.017972568,0.0002532205,normal
0.016678922,0.031542122,0.0023389338,0.003004855,0.6036653,0.32166645,0.020826511,0.00027688555,normal
0.013752505,0.029358614,0.001711535,0.0039736126,0.6317766,0.2951383,0.023974951,0.00031391703,normal
0.010621988,0.026796633,0.0012267196,0.004912225,0.66190416,0.2651114,0.02905875,0.00036816078,normal
0.008164823,0.02414878,0.00086804194,0.005301353,0.6992223,0.2311169,0.030730357,0.0004473958,normal
0.00790077,0.02345688,0.00072722335,0.006917631,0.7317775,0.19168603,0.03691182,0.000622154,normal
0.007575648,0.022086218,0.0005999458,0.009028575,0.75621647,0.15835594,0.04523182,0.0009052861,normal
0.0071279057,0.019398471,0.0004756158,0.011227323,0.7727119,0.13253726,0.055199184,0.0013223689,normal
0.00657591,0.015745623,0.00036171818,0.01330426,0.7820251,0.113338634,0.06671249,0.0019363096,normal
0.0060075717,0.012050918,0.00027124715,0.015495524,0.7834327,0.09991477,0.07992697,0.0029002689,normal
0.005558307,0.009158543,0.00021242637,0.018580718,0.77546406,0.09193413,0.094543405,0.0045484393,normal
0.0054384093,0.007493016,0.00018788406,0.023815352,0.7586411,0.08851383,0.10842246,0.0074879583,normal
0.0068392726,0.00851195,0.00023371114,0.035738155,0.7320097,0.08535279,0.11864492,0.012669499,normal
0.05301416,0.105711214,0.0031284797,0.16281915,0.47530743,0.05551148,0.12123027,0.023277791,normal
0.14970712,0.677984,0.05158494,0.09406818,0.011180374,0.0020929722,0.009306228,0.004076127,dos
0.15212575,0.7061731,0.0763336,0.053788714,0.0042877053,0.0007644199,0.00405369,0.0024729266,dos
0.17924926,0.68514764,0.084975205,0.04061652,0.0038585358,0.00055074866,0.0032098948,0.0023921377,dos
0.19991271,0.6702136,0.089907154,0.031710986,0.0038738137,0.0006102215,0.0021587177,0.0016126733,dos
0.23810038,0.6364799,0.09764096,0.020792756,0.0039218594,0.00066937116,0.0014156323,0.0009791735,dos
0.28119576,0.59193903,0.10835536,0.012424602,0.0039121457,0.0009146289,0.00068186846,0.0005765767,dos
0.3752351,0.48865473,0.124614015,0.005872265,0.003662723,0.0014758437,0.00027432237,0.00021094033,dos
0.42902768,0.4201241,0.14047542,0.0035988307,0.003914564,0.0025817347,0.00015362812,0.00012407082,ddos
0.45647776,0.3936544,0.1397072,0.00298543,0.0042291535,0.0027273146,0.00013492547,8.387132e-05,ddos
0.4694318,0.39124778,0.12984298,0.002681505,0.004485941,0.0021017364,0.00014485202,6.348419e-05,ddos
0.48676103,0.36937732,0.13399498,0.0028006665,0.0047784406,0.0020710318,0.00015661254,5.999099e-05,ddos
0.50372964,0.3450731,0.14062902,0.0030562726,0.0048351907,0.0024426652,0.0001685833,6.5577035e-05,ddos
0.52564704,0.31963524,0.14377576,0.0029178502,0.004898594,0.0028780631,0.00018237626,6.5072614e-05,ddos
0.5451496,0.29583243,0.14705005,0.0030618599,0.00497274,0.0036635753,0.00020132457,6.828454e-05,ddos
0.5612386,0.27625856,0.14822693,0.0031063259,0.005432541,0.0054265857,0.00024253319,6.789213e-05,ddos
0.56744915,0.2606701,0.15438387,0.0031794012,0.005664651,0.008322194,0.00025822528,7.239893e-05,ddos
0.5792926,0.23527116,0.15407352,0.0037981872,0.0075162705,0.019592158,0.00036463802,9.1505295e-05,ddos
0.57794267,0.19438979,0.14281431,0.004880069,0.01244614,0.06678226,0.00059876184,0.00014602057,ddos
0.4878949,0.13861088,0.111038975,0.005386872,0.020739963,0.23523408,0.00087314704,0.00022125746,ddos
0.19765872,0.035826407,0.033478253,0.0034138598,0.023362283,0.7051664,0.00081763166,0.0002765105,password
0.043639243,0.0062733195,0.0069746743,0.001473389,0.011424515,0.92967063,0.00034068993,0.00020348692,password
0.008062362,0.0007684634,0.0010248671,0.00046912732,0.0053023323,0.98407054,0.00016483161,0.00013745557,password
0.0033167235,0.0002669646,0.000396513,0.00028642543,0.003229305,0.9922767,0.00011568166,0.00011164384,password
0.0021712421,0.00017461804,0.0002720736,0.0002483591,0.002307977,0.9946372,9.548725e-05,9.301751e-05,password
0.0018039631,0.0001702161,0.0002679548,0.00026984967,0.0018466442,0.995471,9.015735e-05,8.017147e-05,password
0.0018637447,0.00026346315,0.00041092513,0.0004181122,0.0017936846,0.9950571,0.00010879605,8.413155e-05,password
0.002537018,0.0007410061,0.0010980453,0.0010170243,0.0024981245,0.9917753,0.00020982669,0.00012365756,password
0.003671309,0.0018344059,0.0026418746,0.0019537832,0.0035921251,0.9857547,0.00036380955,0.00018813179,password
0.004928082,0.0033651576,0.00481418,0.0027053328,0.0049183117,0.9784631,0.00054226705,0.00026360943,password
0.005597119,0.0037430832,0.005541983,0.002281011,0.005896702,0.9759957,0.000631406,0.00031291906,password
0.0049677338,0.0024131767,0.0036941448,0.0011184271,0.005383488,0.9816513,0.00046942785,0.00030226406,password
0.004166522,0.0014762682,0.0022506265,0.00058286946,0.004862982,0.98606247,0.00033328662,0.0002650163,password
0.0029108836,0.00055110705,0.0009010636,0.00022326595,0.0036684908,0.9913511,0.00019165514,0.00020239728,password
0.002070722,0.00021134269,0.00039085484,0.000112219925,0.0026365302,0.9942913,0.00011539304,0.0001715985,password
0.0016493849,0.00013566253,0.00025067694,8.2957486e-05,0.0020172074,0.9956399,8.0838574e-05,0.0001433977,password
0.0013457285,9.009074e-05,0.00018196659,7.703524e-05,0.0014919032,0.9966307,6.298415e-05,0.00011962225,password
0.0012456945,9.438892e-05,0.0001865528,8.519753e-05,0.0012496198,0.99698097,4.911195e-05,0.000108537315,password
0.0011138314,9.0202295e-05,0.00017698147,9.369496e-05,0.0009960488,0.99739957,4.1273008e-05,8.836487e-05,password
0.0011222386,0.00010183446,0.00019844038,0.000103136415,0.0008732688,0.99748707,3.6046393e-05,7.796491e-05,password
0.0012197912,0.00012077051,0.00023787215,0.00011432698,0.00083994755,0.9973556,3.4060566e-05,7.768353e-05,password
0.0014281097,0.00016017958,0.00031455274,0.00012862054,0.0008815037,0.99697554,3.438007e-05,7.714867e-05,password
0.002333144,0.00038008136,0.00073698757,0.00020953904,0.0010526759,0.9951383,4.8388003e-05,0.00010093701,password
0.003006774,0.0007863149,0.0015598708,0.00042669065,0.001322613,0.9926842,7.322057e-05,0.00014030658,password
0.0036222984,0.0013869583,0.0028354186,0.000797047,0.0016727372,0.98938507,0.000109589004,0.00019102657,password
0.003895873,0.0017296587,0.003756044,0.0010841541,0.0019090644,0.98726696,0.00013608827,0.00022212868,password
0.0036716524,0.0015020095,0.0036188522,0.0010627854,0.001880447,0.9879132,0.00013584142,0.00021521734,password
0.002945965,0.0009618292,0.002484467,0.0007435262,0.0015806712,0.9910001,0.000107843,0.00017559172,password
0.002319025,0.00058274576,0.0016449268,0.00047810518,0.0012401377,0.99351525,7.662376e-05,0.00014320336,password
0.0015636206,0.00027890544,0.00078397995,0.00023781724,0.00089737633,0.99607605,5.0294148e-05,0.00011183248,password
0.0009823348,0.00011477514,0.00030894805,0.00012404153,0.0006529091,0.99767274,3.6167643e-05,0.00010809698,password
0.0008186017,8.158138e-05,0.0002127549,0.00010108686,0.00055240415,0.9980623,3.4445755e-05,0.00013675551,password
0.00081768853,7.9646416e-05,0.00019826343,0.00010205192,0.0005008809,0.99808145,3.6567442e-05,0.00018354517,password
0.0011271718,0.00014186706,0.00034064497,0.00015100777,0.00048382345,0.99744403,4.583377e-05,0.0002656851,password
0.002807541,0.0014112378,0.0033614011,0.0013401541,0.0007301592,0.98937714,0.00019360386,0.00077883486,password
0.0068619363,0.0075469683,0.017019507,0.0059275143,0.0016119616,0.95830333,0.00074898615,0.0019798519,password
0.015373789,0.027171487,0.058577634,0.023492584,0.003980319,0.86291844,0.0031256261,0.0053601107,password
0.023754807,0.052959662,0.11171287,0.04044868,0.006845503,0.7471801,0.0067650895,0.010333381,password
0.04063284,0.11679257,0.20427552,0.066603735,0.012584934,0.52047026,0.017450776,0.021189295,password
0.049124204,0.15788071,0.24071504,0.0915836,0.019302083,0.37826174,0.030463303,0.032669272,password
0.054589342,0.1854907,0.23115534,0.11009326,0.02826958,0.29784185,0.044552993,0.048007037,password
0.055018574,0.19287862,0.1858496,0.12718207,0.04330721,0.26719025,0.05956994,0.06900375,password
0.046342324,0.17346841,0.11961593,0.14377864,0.07121598,0.27342108,0.07427359,0.09788406,password
0.030974973,0.12839994,0.063632526,0.16022041,0.11497596,0.28894234,0.08672143,0.12613243,password
0.018836621,0.086907454,0.031788442,0.16103609,0.16844183,0.30630365,0.08576177,0.14092417,password
0.012059959,0.05872512,0.016392194,0.14054269,0.23480403,0.3334487,0.0709893,0.13303795,password
0.008308373,0.038769435,0.008311121,0.0971402,0.33057675,0.36861247,0.04777544,0.10050621,password
0.0060975687,0.023474485,0.0038361796,0.04612928,0.46517888,0.3764034,0.024824394,0.05405577,normal
0.0050946185,0.013079551,0.0016530077,0.014022247,0.6220611,0.31446797,0.010368345,0.019253157,normal
0.005164735,0.007827119,0.000766121,0.0034671233,0.7488373,0.22370198,0.00434167,0.005894003,normal
0.0054679997,0.005215214,0.00044075673,0.001340593,0.8298549,0.15239006,0.0026983558,0.0025921466,normal
0.0052418527,0.004167396,0.00030938772,0.0007860079,0.8782487,0.107734606,0.0021590714,0.0013528863,normal
0.005386877,0.0035941324,0.00025667332,0.00039771275,0.908905,0.07895745,0.0017286033,0.00077359873,normal
0.005836803,0.0038203471,0.00025902435,0.0002942241,0.92572623,0.06169807,0.0017761936,0.000589179,normal
0.007383276,0.0048305998,0.00031948733,0.00026556337,0.9333148,0.05117942,0.0022026268,0.000504199,normal
0.009368329,0.00565783,0.00041580052,0.00027288217,0.92199475,0.059134934,0.0027110695,0.0004444847,normal
0.01588106,0.008057337,0.0007190798,0.00029048536,0.9145681,0.05539543,0.0046147685,0.00047383024,normal
0.01899006,0.007685727,0.00089072884,0.00026842701,0.9030615,0.0619926,0.0066931793,0.0004177227,normal
0.024678525,0.007750142,0.0012143165,0.00025091594,0.88846844,0.06633627,0.010868917,0.00043240015,normal
0.027930358,0.0065609436,0.0013066824,0.00021661453,0.8681732,0.07893492,0.016479587,0.0003977632,normal
0.030335765,0.0053499704,0.0013321696,0.00018364961,0.8480668,0.09004908,0.02431069,0.0003717956,normal
0.032406233,0.004331523,0.0013315568,0.00015952715,0.8243313,0.10271327,0.0343644,0.00036218273,normal
0.03436781,0.0034866997,0.0013225339,0.00014240498,0.7951871,0.12067245,0.04445073,0.00037029127,normal
0.03614457,0.002789188,0.0013139046,0.00012903336,0.76159316,0.14796951,0.04966574,0.00039498135,normal
0.037300646,0.002265422,0.0013239657,0.00011862652,0.7260559,0.18556859,0.046933565,0.00043339064,normal
0.03719355,0.001953235,0.001386539,0.00011331641,0.69158566,0.22811532,0.039169904,0.00048248164,normal
0.035555266,0.0018490064,0.0015359457,0.000115706476,0.6624648,0.26659644,0.03134368,0.00053921697,normal
0.032799397,0.0019334332,0.0018053559,0.00012633023,0.64172035,0.2950422,0.025970004,0.0006029109,normal
0.02963556,0.002169291,0.002196112,0.00014231078,0.6300938,0.31184497,0.023253772,0.0006641266,normal
0.026556155,0.002479563,0.0026367249,0.00015749995,0.62582636,0.3191635,0.022472225,0.00070789724,normal
0.023689872,0.0027366122,0.0029743616,0.00016884558,0.6239006,0.32322198,0.02256814,0.0007395932,normal
0.026357025,0.0037130634,0.005088673,0.0003547649,0.56374174,0.37678334,0.022674134,0.0012872261,normal
0.031822108,0.004846507,0.0073341047,0.00057465973,0.5404729,0.38873678,0.024337813,0.0018750328,normal
0.03812765,0.005987586,0.009455981,0.0008188103,0.53362167,0.38390517,0.025515685,0.002567526,normal
0.045047607,0.0071761534,0.011387789,0.0010896476,0.538131,0.3674906,0.026291858,0.0033852602,normal
0.052077256,0.00844461,0.013027622,0.0014020563,0.55103785,0.34291244,0.026747411,0.004350712,normal
0.05859716,0.0087505365,0.013097677,0.0018320966,0.5621378,0.32229966,0.02784616,0.0054388996,normal
0.06308715,0.009994763,0.013721599,0.0023808184,0.57397676,0.30318367,0.027088273,0.0065669995,normal
0.06474356,0.012010567,0.015039008,0.0036095702,0.5748122,0.30102226,0.021948796,0.006814106,normal
0.06380589,0.0131674055,0.014647749,0.0044183778,0.58119315,0.29706138,0.01841934,0.0072867502,normal
0.060710628,0.01578244,0.015101557,0.0069410796,0.57416177,0.30384582,0.015985597,0.007471071,normal
0.05386454,0.02131161,0.016945638,0.0116961375,0.54836243,0.32634276,0.0137638375,0.0077130417,normal
0.046276543,0.021894144,0.014348049,0.015513989,0.5224294,0.36407527,0.009709732,0.0057528066,normal
0.040583745,0.023927307,0.01246396,0.020944513,0.4970438,0.3934669,0.0072590443,0.0043107066,normal
0.038266324,0.031895343,0.012773141,0.03157395,0.4780252,0.39755106,0.0063635376,0.0035514075,normal
0.0404011,0.057134878,0.01775273,0.05718036,0.44987315,0.36714554,0.0070974985,0.0034148155,normal
0.04428102,0.11412473,0.031241408,0.10961349,0.3845984,0.30266705,0.009755421,0.0037184448,normal
0.044502087,0.1743196,0.048637457,0.16134246,0.31995004,0.23396051,0.013390583,0.0038972092,normal
0.043438762,0.21037897,0.06314212,0.17927463,0.2959762,0.18694468,0.01714172,0.0037029248,normal
0.043600164,0.23127176,0.076449305,0.16391222,0.30480248,0.15562867,0.021179639,0.0031558117,normal
0.045177504,0.24213573,0.091163546,0.12665159,0.33458373,0.1323612,0.02558267,0.0023440942,normal
0.048128873,0.23530824,0.10003123,0.07703392,0.39215764,0.116699114,0.02913951,0.0015014763,normal
0.048933964,0.18972003,0.08904059,0.039371226,0.47564825,0.13018231,0.026273452,0.00083014026,normal
0.04500709,0.119522825,0.058137335,0.014467122,0.60059416,0.14138222,0.020507004,0.00038219691,normal
0.033149883,0.053164724,0.025064511,0.0035184857,0.73771316,0.13288237,0.014354204,0.00015259013,normal
0.02164363,0.022992179,0.010030632,0.00086756103,0.83256125,0.09959541,0.012227025,8.2260565e-05,normal
0.015777541,0.014672279,0.005653445,0.0003648828,0.88677955,0.06186354,0.01481007,7.869269e-05,normal
0.012307568,0.011531015,0.0037673337,0.00022228561,0.91668177,0.03747386,0.017931914,8.427651e-05,normal
0.010216224,0.009277478,0.0026795308,0.00015551453,0.92871714,0.025150629,0.023698743,0.000104725725,normal
0.010135833,0.0073548974,0.0020833258,0.000118604694,0.9282387,0.02230798,0.029639008,0.00012162476,normal
0.009710473,0.0057618436,0.0014874812,8.9073714e-05,0.9300803,0.02189169,0.03086528,0.0001138815,normal
0.011104384,0.004531219,0.0011357476,6.8474874e-05,0.9257948,0.022732046,0.034521986,0.00011131904,normal
0.014043796,0.0038166,0.0009777066,5.438657e-05,0.91796917,0.024645094,0.038381193,0.000112178626,normal
0.018787572,0.0030270403,0.00081034075,4.3857643e-05,0.9067276,0.030029528,0.040461086,0.00011291737,normal
0.027584627,0.0024855789,0.00069576513,3.6799658e-05,0.89042145,0.037097923,0.04155855,0.00011938744,normal
0.04388304,0.0021507686,0.00062712526,3.2538348e-05,0.865657,0.04594416,0.041568607,0.00013671645,normal
0.074010655,0.0019645842,0.00059526216,3.0399242e-05,0.82628995,0.056550555,0.04038617,0.00017248873,normal
0.12772562,0.0018648002,0.00058872544,2.9775334e-05,0.7629533,0.06844677,0.03815105,0.00023993531,normal
0.21170023,0.0017766255,0.000593358,2.9867248e-05,0.67043453,0.07989043,0.035218082,0.0003567661,normal
0.3165629,0.0016165723,0.0005748601,2.983639e-05,0.5601745,0.087838545,0.032654736,0.00054805167,normal
0.4136159,0.001375192,0.0005091557,2.9577293e-05,0.46259108,0.08868433,0.03232127,0.00087348564,normal
0.49994636,0.0012930925,0.00045800908,4.964636e-05,0.37820113,0.07283488,0.04514218,0.002074647,ddos
0.5005396,0.0013380293,0.00049049745,6.34602e-05,0.37437087,0.07372152,0.04717389,0.0023021305,ddos
0.49312618,0.0015534811,0.0006314878,8.828589e-05,0.35712305,0.090652406,0.053310294,0.0035148573,ddos
0.4841251,0.002083617,0.00096909585,0.00018016735,0.33985707,0.09988061,0.06744337,0.005461028,ddos
0.46436155,0.002936763,0.0014931952,0.00038248984,0.32641938,0.10767936,0.0881296,0.008597609,ddos
0.44104314,0.0042979284,0.0022191321,0.000894419,0.31698564,0.10738546,0.113943845,0.013230379,ddos
0.41609016,0.0062917103,0.0035612024,0.0015570833,0.31376582,0.11790076,0.12275806,0.018075287,ddos
0.37368032,0.01066628,0.0061475825,0.004030701,0.29837486,0.120571524,0.15369509,0.03283365,ddos
0.31061354,0.017336555,0.010084525,0.010965679,0.26826063,0.12730251,0.18618338,0.06925315,ddos
0.23019063,0.027826013,0.016968295,0.034365386,0.22716153,0.13071296,0.19351578,0.13925941,ddos
0.14135502,0.038454484,0.02386572,0.093523584,0.16870561,0.12531611,0.17258158,0.23619778,xss
0.07704486,0.04454496,0.027865348,0.19114596,0.11136359,0.122570366,0.12910515,0.29635972,xss
0.035186417,0.042412136,0.024479173,0.32396755,0.06990127,0.097774945,0.09063118,0.3156473,mitm
0.018266372,0.03910433,0.020749552,0.4393212,0.04768224,0.07930982,0.06627681,0.28928968,mitm
0.01161514,0.040014055,0.019667026,0.5281501,0.035756405,0.06583925,0.052432988,0.2465251,mitm
0.009446954,0.053020414,0.024931516,0.6034953,0.026048128,0.05070392,0.042257674,0.19009607,mitm
0.009967433,0.089287646,0.043334007,0.63831645,0.018125413,0.036736373,0.03372841,0.1305043,mitm
0.011911666,0.1276683,0.06664238,0.5936512,0.019091398,0.036959596,0.03480728,0.10926828,mitm
0.016256167,0.16687958,0.101067,0.4632713,0.03237316,0.056329377,0.0500652,0.11375822,mitm
0.024792038,0.19804062,0.14432564,0.26301613,0.073868535,0.10902944,0.083750345,0.103177264,mitm
0.031847786,0.17375195,0.12918669,0.09579838,0.19266628,0.20034178,0.1165996,0.059807524,password
0.02031451,0.07244285,0.037368122,0.018891416,0.47662395,0.26870805,0.08146482,0.02418629,normal
0.008340467,0.012259813,0.0036988289,0.0018647845,0.8064741,0.1308118,0.031624295,0.004925967,normal
0.0041735815,0.0046772156,0.00093961484,0.0006247168,0.90006125,0.06982096,0.017499343,0.0022032487,normal
0.003146874,0.0032203787,0.0004962119,0.0004735057,0.9293476,0.048364777,0.01339253,0.0015580533,normal
0.0027567728,0.00300684,0.0003653156,0.0005404263,0.9407432,0.038338743,0.012792042,0.0014567228,normal
0.0027173415,0.003182177,0.0002985537,0.0007074524,0.9492466,0.028532635,0.013710118,0.0016052239,normal
0.0036233065,0.004122067,0.0003207394,0.0010311168,0.9464336,0.026640322,0.015936613,0.0018922887,normal
0.006547161,0.00814781,0.0005038902,0.0019457395,0.9339141,0.024658047,0.021674875,0.0026083598,normal
0.030103413,0.035874315,0.0021051753,0.005587079,0.85934615,0.023698207,0.039076798,0.004208823,normal
0.3400476,0.3162002,0.0297683,0.015981423,0.23126006,0.013104046,0.048545685,0.005092803,ddos
0.46656132,0.40294597,0.06829358,0.011260589,0.027634356,0.0028267005,0.018121013,0.0023564962,ddos
0.47947627,0.39549503,0.084897496,0.011558001,0.012686557,0.00137584,0.012641133,0.0018697311,ddos
0.4466803,0.40746835,0.115128174,0.0124002965,0.006801555,0.0010350564,0.008848945,0.0016372959,ddos
0.43998462,0.39651266,0.13666405,0.012668068,0.0047973655,0.0009042532,0.007021586,0.0014474033,ddos
0.5076379,0.33468252,0.13462612,0.011214269,0.0040998477,0.00078585505,0.005839512,0.0011140035,ddos
0.5914444,0.26570487,0.123694494,0.009161675,0.0036571913,0.0007237856,0.004777484,0.0008360999,ddos
0.66938174,0.20570558,0.10968837,0.0068467497,0.0033286866,0.00068928616,0.0037360934,0.0006235466,ddos
0.76890874,0.1361068,0.08397461,0.0043246415,0.0029611113,0.0005819738,0.0027369417,0.00040516973,ddos
0.8409859,0.088782586,0.062159553,0.0024781702,0.0027895023,0.00043902843,0.0021152578,0.00024993147,ddos
0.86373425,0.072966546,0.056070346,0.0021129164,0.0026988077,0.0003836408,0.001820068,0.00021336666,ddos
0.88837266,0.05692058,0.04883301,0.0014701743,0.0024871654,0.00034435632,0.0013807283,0.0001913167,ddos
0.9025722,0.048149955,0.04405237,0.0011867455,0.0023679754,0.0003448893,0.0011368727,0.00018898517,ddos
0.90818894,0.043992948,0.04207831,0.0011884455,0.0026755664,0.00043317414,0.0012213963,0.00022131196,ddos
0.91493607,0.038429473,0.03761124,0.001596376,0.0044431975,0.0008586655,0.0017977576,0.00032717938,ddos
0.909374,0.03302075,0.033250622,0.0028618227,0.012774669,0.0032860937,0.0047484036,0.00068360183,ddos
0.8873052,0.025872832,0.025157094,0.003896294,0.032187603,0.0116200615,0.012925773,0.0010352245,ddos
0.82885987,0.018609617,0.016775204,0.003806426,0.0650672,0.032439757,0.03327296,0.0011689952,ddos
0.71729565,0.012973386,0.010432439,0.0030057775,0.10864687,0.06725388,0.07923454,0.0011574765,ddos
0.582653,0.009113518,0.0062826057,0.0021337827,0.14414014,0.09413512,0.16048813,0.0010536073,ddos
0.42576423,0.006498937,0.003943951,0.0014788915,0.16471833,0.10432153,0.2922999,0.0009741875,ddos
0.2807765,0.0042479145,0.0022848404,0.0009037417,0.16245654,0.08939226,0.45907614,0.0008621331,scanning
0.17176972,0.0027889246,0.0013291829,0.00054562197,0.13727532,0.06373975,0.6218261,0.000725348,scanning
0.091695316,0.0017215435,0.00072209345,0.00030070572,0.09498278,0.035402298,0.77462417,0.00055110554,scanning
0.052393425,0.0011112929,0.00042211788,0.00017421912,0.064771146,0.01926376,0.8614453,0.00041859254,scanning
0.02939849,0.0007499475,0.00026053694,0.000104304214,0.043300387,0.010343605,0.91552293,0.00031974976,scanning
0.016798379,0.00051125395,0.00016922747,6.396931e-05,0.030581128,0.0060672625,0.9455585,0.00025027088,scanning
0.010359121,0.00036961085,0.000111069574,4.149227e-05,0.021381231,0.0034506267,0.9640897,0.00019721367,scanning
0.006370678,0.00027360464,7.595112e-05,2.7706239e-05,0.015749907,0.0020088467,0.97533596,0.000157461,scanning
0.003562006,0.00020812653,5.1423238e-05,1.9468298e-05,0.010965831,0.0011250533,0.9839485,0.000119615426,scanning
0.0012822889,0.00018005133,4.3568598e-05,1.585952e-05,0.005338417,0.0005529583,0.99244505,0.00014189731,scanning
0.0012803487,0.0001855163,4.9026297e-05,1.6498498e-05,0.005529667,0.00062399753,0.99212354,0.00019130575,scanning
0.0013735933,0.00019806443,5.8254056e-05,1.7880828e-05,0.0062840027,0.00077016087,0.9910125,0.00028550235,scanning
0.0014127771,0.00032720005,0.00011170098,3.2588414e-05,0.0063113794,0.0008475065,0.9904884,0.00046843453,scanning
0.0017740398,0.00046626106,0.00018992941,4.2298747e-05,0.00837822,0.0012972602,0.98687476,0.0009773349,scanning
0.002377139,0.00074159814,0.00034195042,7.6592165e-05,0.012098946,0.002371797,0.9796736,0.0023183962,scanning
0.003567844,0.0013129609,0.00069023226,0.00015760078,0.019895285,0.0051460615,0.96301854,0.006211586,scanning
0.005572247,0.002673225,0.0017916246,0.0003529944,0.032943845,0.013652943,0.9221021,0.020911008,scanning
0.0098425,0.005522137,0.0044622114,0.0008959953,0.0605583,0.036870837,0.8168533,0.064994775,scanning
0.0155551685,0.010085808,0.0098094605,0.001991371,0.09771327,0.08353822,0.60912484,0.17218179,scanning
0.019542154,0.014551223,0.01673387,0.003362744,0.121302076,0.13348182,0.35639995,0.33462614,scanning
0.020359445,0.017464947,0.023052393,0.0044388734,0.11984968,0.15007025,0.17730066,0.48746377,xss
0.020088786,0.02021198,0.02939433,0.005218153,0.107251555,0.13169871,0.08801536,0.5981211,xss
0.020597186,0.02499524,0.038147375,0.005993711,0.09551357,0.098426186,0.048718527,0.66760826,xss
0.02292398,0.03392847,0.051945042,0.0069118263,0.089384444,0.06789291,0.031554136,0.69545925,xss
0.02831793,0.048855245,0.073542945,0.00784393,0.092374556,0.04874225,0.0241812,0.676142,xss
0.039396323,0.07112655,0.10773879,0.008521707,0.11140775,0.04248458,0.022150934,0.5971734,xss
0.06023139,0.09965498,0.1616101,0.008544439,0.1584738,0.04934347,0.02427291,0.4378689,xss
0.08890518,0.1177322,0.21925469,0.0070777,0.23551534,0.069411196,0.028426338,0.2336774,normal
0.11332179,0.10483547,0.23304638,0.0045935665,0.31900972,0.099345386,0.030282391,0.09556537,normal
0.1247537,0.080539756,0.19093841,0.0028606537,0.40003473,0.12596749,0.03263775,0.042267527,normal
0.10267972,0.08967125,0.1695505,0.00284534,0.45809639,0.111253135,0.041621346,0.024282297,normal
0.10029646,0.05284156,0.09590004,0.0017150446,0.5367175,0.1571032,0.042992868,0.012433407,normal
0.09063507,0.029456815,0.04727633,0.0011370375,0.57529604,0.20566307,0.04347687,0.0070588086,normal
0.068594165,0.02048469,0.026350109,0.0009776317,0.60165596,0.2216479,0.05615345,0.0041361814,normal
0.045627598,0.017916927,0.016246082,0.00096422713,0.63829,0.18286304,0.09582911,0.002263068,normal
0.041548427,0.009579283,0.006736369,0.0007237307,0.5961323,0.17526923,0.16864611,0.0013644892,normal
0.03735782,0.005363665,0.0028788003,0.00054879364,0.5000456,0.11870191,0.33417517,0.0009281968,normal
0.021646582,0.00223798,0.0009153688,0.00027765217,0.40419236,0.06523827,0.50504416,0.00044767582,scanning
0.012038323,0.0011474977,0.00036448293,0.00016212591,0.16945359,0.016520895,0.8000194,0.00029373544,scanning
0.0060604876,0.0006498251,0.00016416072,9.102417e-05,0.059323944,0.0034992222,0.9300094,0.00020187144,scanning
0.003369938,0.00047451013,9.720343e-05,6.081536e-05,0.022622276,0.0008834894,0.9723293,0.0001623978,scanning
0.0021566441,0.0004316988,7.304118e-05,4.9051276e-05,0.010189016,0.00029873344,0.98665386,0.00014795235,scanning
0.0015628816,0.0004502982,6.408043e-05,4.5176002e-05,0.005403076,0.00013435121,0.9921963,0.00014386697,scanning
0.0012494721,0.000503856,6.1360595e-05,4.5019366e-05,0.0032833891,7.6354525e-05,0.99463683,0.00014368311,scanning
0.0010777363,0.00058080663,6.152378e-05,4.6828354e-05,0.0022246963,5.184459e-05,0.9958117,0.00014491114,scanning
0.0009862516,0.00067480584,6.31347e-05,4.9749087e-05,0.0016438458,4.0131203e-05,0.9963953,0.00014676835,scanning
0.0009449068,0.000781343,6.550008e-05,5.326703e-05,0.0013014458,3.4157285e-05,0.9966704,0.00014899597,scanning
0.0009367221,0.00089606084,6.821807e-05,5.698518e-05,0.0010881659,3.109633e-05,0.9967714,0.00015129561,scanning
0.0009498697,0.0010129957,7.094827e-05,6.051029e-05,0.00094988284,2.9626937e-05,0.99677306,0.00015308306,scanning
0.0011021071,0.001216906,8.231695e-05,7.2593604e-05,0.0009268339,3.2488726e-05,0.99640757,0.00015921926,scanning
0.0013205064,0.0013515692,9.532085e-05,8.119588e-05,0.0010800371,3.9082384e-05,0.9958617,0.00017064087,scanning
0.0016107269,0.0015309773,0.00011168182,9.250064e-05,0.001308982,4.833271e-05,0.9951108,0.00018599966,scanning
0.001997662,0.0017899849,0.0001338091,0.00011145592,0.0016376022,6.123062e-05,0.9940607,0.00020761078,scanning
0.0025324835,0.002194259,0.00016628322,0.00014644202,0.0021127567,7.990243e-05,0.9925287,0.00023933915,scanning
0.0033099598,0.0028680349,0.00021735222,0.00021547431,0.002825561,0.000108843364,0.99016774,0.00028705547,scanning
0.0045394315,0.0040754913,0.000303483,0.00036356744,0.0039870674,0.00015916127,0.98621076,0.00036105944,scanning
0.0067533865,0.0064558596,0.00046224802,0.00071764865,0.0061351866,0.00026173785,0.97873265,0.00048123312,scanning
0.011502988,0.011791618,0.00079295086,0.0016735909,0.010767398,0.0005152616,0.962268,0.000688128,scanning
0.024124673,0.02600583,0.0016155235,0.0045723105,0.022308769,0.0012818292,0.919028,0.0010631237,scanning
0.067003086,0.073402174,0.004280197,0.013876045,0.051640507,0.003876053,0.78422666,0.0016953475,scanning
0.2320884,0.26772475,0.016454808,0.034646265,0.07655897,0.008250995,0.36244693,0.0018288788,scanning
0.34784186,0.5420773,0.055548277,0.021332854,0.01169763,0.0023441555,0.018770332,0.00038757426,dos
0.3200108,0.5576303,0.10434757,0.011487895,0.0031369936,0.0011209322,0.0021116033,0.0001538074,dos
0.36911643,0.48464984,0.13425706,0.007340644,0.0025015045,0.0014414769,0.000599991,9.314407e-05,dos
0.45023933,0.386478,0.15290575,0.004782224,0.0027301535,0.0025693895,0.0002312576,6.385942e-05,ddos
0.47981712,0.35083255,0.15857197,0.0039823195,0.0031586352,0.003421451,0.0001585782,5.734225e-05,ddos
0.46822548,0.36248526,0.15844847,0.0038592368,0.0034953991,0.003276215,0.00015179391,5.8039655e-05,ddos
0.44624224,0.38564023,0.15757245,0.0038377112,0.0037250654,0.0027619943,0.00016027711,6.0065573e-05,ddos
0.42615154,0.40622598,0.15748058,0.0037965719,0.0038806454,0.0022268798,0.0001753121,6.2456245e-05,ddos
0.4061595,0.42377213,0.15895022,0.004754283,0.004091948,0.0019639332,0.00023495822,7.303761e-05,dos
0.4029124,0.42986995,0.15472983,0.0058060475,0.0040697944,0.0022648268,0.00026457806,8.2518534e-05,dos
0.38972944,0.43665013,0.1602101,0.006952713,0.0037579932,0.00230197,0.00029231704,0.00010531836,dos
0.3639367,0.45833346,0.16176601,0.00945651,0.003619972,0.0023707044,0.00037117413,0.00014543584,dos
0.315678,0.49591392,0.16794373,0.01378818,0.0034271518,0.002477421,0.0005282926,0.00024326818,dos
0.27698022,0.52392405,0.17269412,0.019100929,0.0034660136,0.0026127703,0.0007972702,0.00042464258,dos
0.21684825,0.5655751,0.17436002,0.03363411,0.003841361,0.0032265063,0.0014914875,0.0010230445,dos
0.17979473,0.57468545,0.1733687,0.057115313,0.0046027387,0.0048484756,0.0026888368,0.00289579,dos
0.15076329,0.54555285,0.16149259,0.10812383,0.0065930393,0.010049728,0.005568708,0.011856047,dos
0.12509303,0.41021925,0.12093012,0.20770659,0.013713881,0.029269869,0.014409191,0.0786581,dos
0.08213368,0.18174605,0.05946124,0.1961712,0.02100392,0.06411319,0.023207294,0.37216344,xss
0.027873179,0.03751432,0.0147211915,0.07277078,0.015750062,0.058842532,0.017256774,0.7552711,xss
0.008471079,0.008211039,0.003836922,0.02376007,0.009523293,0.032457344,0.011347135,0.90239304,xss
0.0027975088,0.0029956566,0.0015519216,0.010624024,0.0037114713,0.013695876,0.0056310706,0.9589924,xss
0.00123268,0.0013493374,0.0007466546,0.0063227485,0.0021402338,0.0064997757,0.0038609132,0.9778476,xss
0.000640997,0.00071077666,0.00039425291,0.0043517095,0.0013324838,0.003225358,0.0027621756,0.9865823,xss
0.00034690998,0.00037152457,0.0002054125,0.002840563,0.00077363534,0.0016327425,0.0018318925,0.9919972,xss
0.00020658577,0.00019098574,0.00010966541,0.0016554986,0.00051745685,0.00089215225,0.0012950854,0.9951326,xss
0.00012946218,0.00010639005,6.439137e-05,0.0009871104,0.00033114865,0.00053005357,0.00089005,0.9969614,xss
9.3013936e-05,6.4060274e-05,4.0803705e-05,0.0006002754,0.00025116588,0.00033148463,0.0006633212,0.9979558,xss
7.741472e-05,4.136592e-05,2.9833054e-05,0.0003457503,0.00022132746,0.00022160626,0.00043547087,0.9986273,xss
6.893996e-05,4.7631744e-05,3.010377e-05,0.00046889504,0.00022633838,0.000255132,0.0004115035,0.9984914,xss
6.2857456e-05,3.9101844e-05,2.876935e-05,0.0005126214,0.0002964704,0.00030046728,0.00043720688,0.99832255,xss
5.6399367e-05,4.736349e-05,3.9996958e-05,0.0006884006,0.00026613357,0.00035264302,0.0004661749,0.9980829,xss
7.902149e-05,7.7721474e-05,9.275671e-05,0.0009664769,0.00020477777,0.00039018953,0.00043491359,0.99775416,xss
0.00023671454,0.00020734909,0.0003012602,0.0014588117,0.00024349702,0.00052333047,0.00045638953,0.99657273,xss
0.0006078989,0.0005317238,0.0007395643,0.0024933661,0.00038778657,0.00083860283,0.0005672312,0.9938339,xss
0.0055119204,0.0043332344,0.0072762375,0.007318009,0.00089782896,0.0021969313,0.0011356772,0.9713301,xss
0.05787942,0.052861698,0.10146512,0.0273003,0.0023382148,0.007561893,0.00300213,0.74759114,xss
0.19160505,0.21646269,0.44279203,0.028007818,0.0015912321,0.00573703,0.00280026,0.11100388,injection
0.19178386,0.24790244,0.52216876,0.01541381,0.0007730608,0.0029193363,0.0014921515,0.017546568,injection
0.17499775,0.2672137,0.5347166,0.012584724,0.00059128174,0.0023548931,0.0011137606,0.0064272373,injection
0.16081128,0.28049493,0.541245,0.010797831,0.00052806677,0.0021040984,0.00092602667,0.00309276,injection
0.14678985,0.29566118,0.5421041,0.010045498,0.00052656623,0.0021628297,0.0008016828,0.0019082499,injection
0.15329447,0.274506,0.5591769,0.00855918,0.00055881386,0.0019396552,0.0008355336,0.0011294817,injection
0.14601369,0.27555367,0.56570023,0.008491361,0.00058820227,0.0019359402,0.0008381579,0.00087876566,injection
0.14369017,0.28098354,0.56304157,0.008217624,0.0006454019,0.0019803275,0.00077822676,0.00066310965,injection
0.14299285,0.29432857,0.55135167,0.0074577415,0.00070239004,0.002022881,0.0007099156,0.0004339434,injection
0.14968055,0.3130641,0.5254896,0.0079122055,0.0007572201,0.002091299,0.0006673404,0.00033765877,injection
0.15890057,0.3253283,0.5044926,0.007669032,0.0007374586,0.0019272241,0.00069147645,0.00025338042,injection
0.15178792,0.32777974,0.5080721,0.008919378,0.00067373546,0.0015877024,0.0008937685,0.00028576038,injection
0.14966457,0.3309124,0.5051317,0.010485926,0.00070985866,0.0015566839,0.0011731829,0.00036560785,injection
0.15406808,0.3349563,0.49380946,0.012264279,0.00092093827,0.0019321291,0.0016017851,0.0004470794,injection
0.1693462,0.34624738,0.46025604,0.015255901,0.0019085715,0.0036430485,0.0027652984,0.00057767227,injection
0.19612217,0.3598193,0.39661032,0.02096623,0.0072949375,0.011265227,0.007035021,0.0008867481,injection
0.20274293,0.3625156,0.3085568,0.028251577,0.034531478,0.038377047,0.023595368,0.0014292246,dos
0.17097886,0.32798934,0.23490593,0.030605787,0.092905976,0.08292207,0.057723098,0.0019689112,dos
0.12014804,0.28226057,0.17832194,0.030526787,0.15914348,0.11635504,0.11088373,0.002360408,dos
0.07461538,0.2454764,0.14152755,0.029917646,0.20211364,0.11970643,0.18377826,0.002864758,dos
0.06278799,0.2138773,0.14875694,0.03327588,0.19248281,0.1259869,0.21879949,0.0040327087,scanning
0.04884867,0.17939754,0.15131357,0.0321912,0.18960693,0.12867457,0.2643649,0.0056026713,scanning
0.03618775,0.15005988,0.15386012,0.03067867,0.18193313,0.12588134,0.31323564,0.008163411,scanning
0.02582078,0.12815677,0.15819433,0.030444216,0.1680081,0.11571904,0.36093628,0.012720517,scanning
0.018094359,0.11417394,0.16454479,0.03250603,0.14879328,0.09833131,0.40197435,0.021581907,scanning
0.012989868,0.10790005,0.17091073,0.038209945,0.12753406,0.07640995,0.42656,0.039485425,scanning
0.0088840835,0.099357925,0.15734255,0.042977996,0.10903981,0.052841935,0.45794123,0.071614474,scanning
0.0059882826,0.08995837,0.13126881,0.05123713,0.0883451,0.034305017,0.47015843,0.12873887,scanning
0.003682541,0.07820309,0.09725263,0.064032905,0.06347958,0.017997425,0.43920887,0.23614308,scanning
0.002100099,0.07218593,0.06971547,0.0826348,0.039057907,0.0074937674,0.36345285,0.3633592,scanning
0.0013379588,0.060825624,0.05091483,0.09831842,0.022110295,0.0035291351,0.30473134,0.4582323,xss
0.0009497547,0.0451073,0.03547475,0.09588398,0.014154709,0.0019501162,0.26072592,0.5457534,xss
0.0006567586,0.0291122,0.022730773,0.09671168,0.010028403,0.0014409162,0.20457557,0.63474375,xss
0.0005117557,0.020350058,0.0154941995,0.087184474,0.007865198,0.0011564718,0.17486963,0.69256824,xss
0.0004153468,0.014617178,0.0111982,0.07737151,0.0067585297,0.0010110851,0.1586648,0.7299634,xss
0.00034347558,0.010361559,0.008211883,0.06639832,0.006249333,0.00095576816,0.14910372,0.758376,xss
0.00031263652,0.008038262,0.0067345165,0.055284318,0.0063662664,0.00095985713,0.14078796,0.78151613,xss
0.00037335884,0.007755729,0.007053247,0.048922885,0.0077027483,0.0011346547,0.1439469,0.7831104,xss
0.0009841907,0.012124705,0.013342551,0.04714216,0.015007935,0.002130201,0.16093555,0.7483327,xss
0.008759064,0.043565102,0.05803589,0.049165413,0.046995897,0.0056880005,0.19346622,0.59432435,xss
0.06542018,0.07690055,0.11916267,0.021992331,0.13687597,0.015465296,0.17090659,0.39327633,xss
0.15441619,0.08124756,0.12507232,0.012207913,0.24688043,0.029681914,0.11950179,0.23099183,normal
0.25349402,0.0652306,0.10117303,0.0060971333,0.3431501,0.04760157,0.06490471,0.11834879,normal
0.34576187,0.05739726,0.086042605,0.00295037,0.3692922,0.06505039,0.029323678,0.044181652,normal
0.4066284,0.04767113,0.07196396,0.0015307998,0.35629848,0.08213497,0.01514739,0.018624894,ddos
0.4200303,0.051339705,0.07568968,0.0015150333,0.32164228,0.09993128,0.012966967,0.016884793,ddos
0.4200611,0.061412197,0.08624587,0.0017749921,0.28687215,0.113831036,0.012147393,0.017655222,ddos
0.40516162,0.08566985,0.11027327,0.002462378,0.24306102,0.12042658,0.0126038585,0.020341465,ddos
0.36313048,0.12657532,0.1467667,0.003849158,0.19745895,0.12532951,0.01365724,0.023232693,ddos
0.31867212,0.16547789,0.17517175,0.0052866847,0.16863926,0.12884188,0.01383937,0.024070982,ddos
0.2863818,0.1889025,0.18410942,0.0062317387,0.15963858,0.1386281,0.012853909,0.023254018,ddos
0.24780993,0.2071588,0.19166754,0.008431662,0.14558841,0.16042294,0.011267827,0.027652891,ddos
0.20612027,0.23885818,0.24065891,0.012114726,0.10948168,0.14878944,0.0130692655,0.030907603,injection
0.1765294,0.25671306,0.2997841,0.013449307,0.08233288,0.12244675,0.015619972,0.03312442,injection
0.1547618,0.25310358,0.35005835,0.0143994745,0.06777649,0.1061581,0.018611174,0.035130996,injection
0.14289221,0.233531,0.39555398,0.013993488,0.05937835,0.09620603,0.022026833,0.036418132,injection
0.1256506,0.2152413,0.44481817,0.015826423,0.050703317,0.079013646,0.02878352,0.039963048,injection
0.10873675,0.19539708,0.43861085,0.020664038,0.049219407,0.07926088,0.037360314,0.07075066,injection
0.087666884,0.16774714,0.3789508,0.029989673,0.04897877,0.07716496,0.047663637,0.1618382,injection
0.0578792,0.11699536,0.24571781,0.040437274,0.04383675,0.05939346,0.05142678,0.38431334,xss
0.02499528,0.0574266,0.098915614,0.044126876,0.028360944,0.033137836,0.039983667,0.6730532,xss
0.009569034,0.022029271,0.034839522,0.031923596,0.013767456,0.012552314,0.02426321,0.8510555,xss
0.0041872384,0.009049366,0.013738681,0.021788353,0.0072096977,0.0056739766,0.014709228,0.9236434,xss
0.0019700592,0.005142735,0.0066183154,0.01903691,0.0042781755,0.0030227199,0.010289948,0.9496411,xss
0.0008984719,0.0022598235,0.0026581155,0.012410565,0.0025766045,0.0017187077,0.006879527,0.9705983,xss
0.0004102585,0.0005668534,0.0006600908,0.004629301,0.0017777168,0.0010413624,0.004519416,0.986395,xss
0.00021132798,0.00039022035,0.00044279455,0.0037982217,0.00094580883,0.0006152937,0.0031143497,0.990482,xss
0.000106885906,0.0002662445,0.0003223083,0.0029579622,0.00050123903,0.00038022496,0.0022523876,0.9932127,xss
5.8595997e-05,0.00021153875,0.0002739876,0.002489184,0.00028331074,0.0002641772,0.0017795758,0.9946397,xss
3.0353895e-05,7.70066e-05,0.00011624756,0.0010389365,0.00014829331,0.00017532299,0.0009776213,0.9974362,xss
2.895101e-05,3.060167e-05,5.507528e-05,0.00039667706,0.00011557654,0.0001317595,0.00063471333,0.9986066,xss
6.3832995e-05,2.452186e-05,4.9848957e-05,0.00017926343,0.00016103924,0.00012329491,0.00061023014,0.99878794,xss
0.000102413665,3.173387e-05,6.379777e-05,0.00019976839,0.00023907758,0.00014615257,0.0006697565,0.9985474,xss
0.00014756466,3.89877e-05,7.2087634e-05,0.00021548399,0.00031254103,0.00017074952,0.00068613404,0.9983564,xss
0.0001933725,4.7404155e-05,7.985264e-05,0.0002502858,0.0003790591,0.00020721281,0.00069629174,0.99814653,xss
0.00027322466,6.571954e-05,9.514164e-05,0.00035986333,0.0005133233,0.0002717147,0.0008010513,0.9976199,xss
0.00034921066,8.0663696e-05,0.00010252542,0.0004613913,0.0006550858,0.00032498664,0.0009170053,0.9971091,xss
0.0003511148,7.6897566e-05,9.299833e-05,0.00047060451,0.0006531972,0.00037480792,0.0008550841,0.9971253,xss
0.0003768704,8.185838e-05,0.00010078521,0.0005224287,0.00060542795,0.00039843537,0.0009246155,0.99698955,xss
0.0004231718,0.00010669161,0.0001383382,0.00075597374,0.0006244971,0.00043710653,0.0012285957,0.99628556,xss
0.00043072697,0.00013345208,0.00017854714,0.0010823983,0.0007230804,0.0005262064,0.0015134951,0.99541205,xss
0.00041177616,0.00015794467,0.00027806888,0.0015206123,0.0007194766,0.00055719714,0.001880884,0.994474,xss
0.00046186702,0.00024588796,0.0004811778,0.0025586986,0.00088645617,0.0006390104,0.0028609536,0.99186593,xss
0.00039961765,0.00022819638,0.00044006706,0.002642776,0.00086251873,0.0006279502,0.0026978233,0.992101,xss
0.00036468572,0.00023494546,0.00048253193,0.0030579055,0.00084922777,0.00053873716,0.0027968518,0.9916751,xss
0.00027183106,0.00018525711,0.00037737342,0.002885996,0.0006568937,0.00042075003,0.0022937257,0.99290824,xss
0.0001960626,0.00015143365,0.00027220152,0.0025853908,0.00056804216,0.00038539662,0.0017848868,0.9940567,xss
0.000114711904,7.376737e-05,0.00013681602,0.0020054125,0.0004830383,0.0002863347,0.001581921,0.99531794,xss
8.39291e-05,5.8088608e-05,9.612348e-05,0.0019820062,0.00044229615,0.00026547955,0.0016059923,0.995466,xss
6.276483e-05,4.7851674e-05,7.385679e-05,0.002003027,0.00040194954,0.000254739,0.0017520951,0.99540377,xss
4.7216425e-05,4.452207e-05,6.397014e-05,0.0021011818,0.0003718555,0.0002804325,0.001682843,0.995408,xss
3.8263275e-05,5.8841226e-05,7.678098e-05,0.0037853252,0.00034379732,0.00030200795,0.0026257169,0.99276924,xss
3.5071553e-05,4.3933072e-05,4.5688223e-05,0.0032094305,0.00038864423,0.0003480583,0.0024164931,0.9935127,xss
3.0953175e-05,3.5591536e-05,4.016059e-05,0.002914968,0.00032445384,0.00031427538,0.0026739798,0.99366564,xss
3.38156e-05,4.651362e-05,6.07196e-05,0.0034797746,0.0003758483,0.00036867242,0.003290066,0.99234456,xss
4.787907e-05,5.636113e-05,8.713804e-05,0.0032324432,0.00047798574,0.0004512949,0.003461566,0.9921854,xss
0.00016519988,9.81847e-05,0.00020630611,0.0025081108,0.0006616691,0.00060928846,0.00307851,0.9926726,xss
0.0014289786,0.00040707068,0.0009989697,0.0031333216,0.0015031906,0.001305437,0.0037847736,0.98743826,xss
0.019406322,0.0032792443,0.008369548,0.006661407,0.0050974158,0.00431221,0.0071906233,0.9456833,xss
0.20200789,0.026177512,0.06353027,0.013708144,0.015792094,0.012254839,0.013009835,0.65351945,xss
0.5243423,0.05996793,0.12972073,0.01198117,0.023383604,0.016311673,0.010193487,0.22409911,ddos
0.6530522,0.07071498,0.13076489,0.0075077415,0.035398904,0.022855654,0.0068957848,0.07280985,ddos
0.6625015,0.075288385,0.10652864,0.004693737,0.073059164,0.045193467,0.005861019,0.026874105,ddos
0.5841109,0.07384184,0.08107877,0.0030074911,0.14371389,0.09816952,0.005453861,0.010623732,ddos
0.43137264,0.07789066,0.05761434,0.0023203264,0.24172671,0.17896779,0.0056352746,0.004472228,ddos
0.2893898,0.07998464,0.04066143,0.0021001229,0.31561103,0.2643723,0.005590165,0.0022904458,normal
0.19215952,0.08836832,0.03026398,0.0020352544,0.36045808,0.31924284,0.0061694807,0.0013024793,normal
0.13461913,0.10121183,0.024028823,0.0021930023,0.38046333,0.34973636,0.0068510007,0.0008964986,normal
0.101778045,0.112373404,0.020852834,0.0024668563,0.3778068,0.3766975,0.0072865393,0.0007379564,normal
0.07482274,0.116803735,0.016654179,0.002724201,0.38365442,0.39763862,0.0070970585,0.0006051148,password
0.055243704,0.12008493,0.012658544,0.0030487268,0.38659397,0.415182,0.0066985795,0.0004895588,password
0.04478507,0.11583599,0.009964098,0.0026338245,0.41151297,0.40889654,0.005913575,0.0004578518,normal
0.03486161,0.107809626,0.0078548025,0.0021866339,0.45545843,0.38573512,0.005619467,0.00047435143,normal
0.02711441,0.098281555,0.006208113,0.0018155903,0.50011826,0.3607228,0.005244312,0.00049491,normal
0.02080841,0.0911273,0.0047410694,0.0015208073,0.53956985,0.33666947,0.0050873226,0.00047584888,normal
0.01723261,0.07903835,0.0037778777,0.001204094,0.593519,0.30019015,0.0045437873,0.00049417873,normal
0.0177285,0.07328351,0.0035411061,0.001029741,0.62905556,0.27077976,0.004082438,0.00049937353,normal
0.018889898,0.06946198,0.003364163,0.00088852283,0.6615588,0.24174206,0.0035970127,0.0004976196,normal
0.021257617,0.06879172,0.0033133961,0.00078508595,0.6880248,0.21423386,0.0031009987,0.00049254904,normal
0.026428517,0.07492751,0.0035735285,0.0007374459,0.70190144,0.18932118,0.0026204363,0.00048995967,normal
0.041328818,0.10409389,0.0049818386,0.00081566407,0.67918974,0.1668849,0.002204676,0.0005004696,normal
0.10833977,0.2602684,0.01392324,0.0013314745,0.48572236,0.12806125,0.0018359785,0.00051740755,normal
0.23840342,0.6026524,0.054643568,0.0020724295,0.07124749,0.02989091,0.0008005824,0.00028923753,dos
0.25732404,0.6161271,0.10519686,0.0026518076,0.010771855,0.0074029723,0.00035006212,0.0001753894,dos
0.28516746,0.5664651,0.13294412,0.0035503216,0.0060363533,0.0054560094,0.00022071753,0.00016000363,dos
0.32418713,0.51461303,0.14564985,0.004372227,0.005202322,0.0056647747,0.00015918411,0.00015155884,dos
0.35715628,0.476617,0.15060419,0.0046210587,0.0050060027,0.005724274,0.00013415479,0.0001371009,dos
0.3820297,0.45203024,0.15122224,0.004393813,0.0049215555,0.005156866,0.00012613197,0.00011941367,dos
0.4040244,0.43318525,0.14949407,0.0039913706,0.0048296116,0.004248034,0.00012561062,0.00010162175,dos
0.42580184,0.41648296,0.1459226,0.0035590408,0.004725015,0.0032931447,0.00013023421,8.521344e-05,ddos
0.44740528,0.4018729,0.14029282,0.0031567274,0.0046228524,0.0024377834,0.00014090193,7.082839e-05,ddos
0.46119902,0.3946123,0.13404083,0.003362984,0.0046325144,0.0019136913,0.00017628632,6.232236e-05,ddos
0.4564145,0.39611188,0.13677709,0.0037284908,0.004654056,0.0020543283,0.00019468731,6.503086e-05,ddos
0.45008758,0.39845154,0.14042318,0.0037255094,0.0047753924,0.0022499755,0.00022116762,6.573657e-05,ddos
0.43276814,0.41026568,0.14415956,0.00328536,0.006207452,0.0029459465,0.00030213306,6.566557e-05,ddos
0.39023384,0.4413501,0.14157432,0.0027146004,0.016656155,0.006705409,0.0006873348,7.818967e-05,dos
0.32149196,0.45623815,0.124698356,0.002326089,0.07080126,0.021930268,0.0023861495,0.0001277615,dos
0.2361061,0.3989748,0.092784196,0.002068726,0.20826818,0.0552677,0.006322063,0.00020822795,dos
0.15724175,0.29912212,0.059667014,0.0018006158,0.3739234,0.097611494,0.0103586465,0.00027489138,normal
0.102082156,0.21305813,0.036763992,0.0015546299,0.49265876,0.14114895,0.012421375,0.00031206466,normal
0.068330705,0.15635689,0.023671372,0.0013865997,0.54890007,0.18823834,0.012781191,0.00033491454,normal
0.048354577,0.12276641,0.016682161,0.0013083419,0.55532247,0.24292305,0.012285241,0.0003577079,normal
0.036377005,0.103591375,0.013000756,0.0013018351,0.5296396,0.30422604,0.011478301,0.00038514542,normal
0.028955556,0.09260021,0.011026872,0.0013383335,0.4890402,0.36600205,0.0106211975,0.00041564007,normal
0.024175338,0.08609377,0.009926179,0.0013906509,0.44685802,0.42127514,0.009834601,0.00044631728,normal
0.021001851,0.0822032,0.00929418,0.00144041,0.41074556,0.46566415,0.009174527,0.0004762024,password
0.01886007,0.080013976,0.008939059,0.0014785617,0.3832306,0.49832502,0.008646815,0.00050591596,password
0.017424753,0.07902898,0.008777085,0.0015005545,0.3645958,0.51989794,0.008237233,0.0005377626,password
0.01649964,0.07874001,0.008766115,0.0015022451,0.3540656,0.53193957,0.007911327,0.00057545863,password
0.015963474,0.0783704,0.008881149,0.0014760111,0.35093135,0.53613025,0.007621389,0.0006259559,password
0.015771506,0.07696201,0.009130059,0.0014076154,0.35601807,0.53266925,0.007337184,0.0007043244,password
0.016986357,0.07643717,0.010422915,0.001331268,0.36324283,0.52466035,0.006162876,0.0007562238,password
0.015839472,0.07144948,0.009466859,0.0013978648,0.37733403,0.51724285,0.006505379,0.00076413614,password
0.015454851,0.069037355,0.009191052,0.0014844802,0.37891704,0.5184212,0.0066952724,0.00079880096,password
0.015619902,0.069533065,0.009573803,0.0016259633,0.36451268,0.53148353,0.006776094,0.00087489234,password
0.016188601,0.07312806,0.010536064,0.0018801808,0.3363951,0.5540526,0.006829185,0.0009902373,password
0.01702597,0.07179281,0.01124464,0.001931185,0.32692236,0.56436884,0.005824568,0.0008895536,password
0.017682662,0.07490576,0.012818429,0.0021999823,0.29189265,0.5940179,0.005524189,0.0009584069,password
0.01839861,0.07317155,0.013831873,0.0023512861,0.26729387,0.61932486,0.0047430475,0.0008849631,password
0.018479697,0.07742273,0.016168369,0.0031532545,0.22228341,0.65694004,0.0045794193,0.0009730677,password
0.018246232,0.089987405,0.019620996,0.0061949696,0.16818836,0.6916198,0.0049772575,0.0011650266,password
0.01811248,0.090269096,0.02234905,0.0085315,0.13295315,0.7222466,0.0044230474,0.0011150622,password
0.016106933,0.08511015,0.024927333,0.014072519,0.0877432,0.7665105,0.004334714,0.0011947185,password
0.012184202,0.060522348,0.022858374,0.017871868,0.050443605,0.83107746,0.0039933603,0.001048771,password
0.0075624413,0.028601876,0.015343847,0.01407346,0.027025456,0.90326613,0.0034699363,0.00065688917,password
0.005394824,0.013913586,0.010439867,0.008391213,0.019712633,0.93855107,0.003218709,0.00037814368,password
0.0049933204,0.009897643,0.009554397,0.005524422,0.019860588,0.9464291,0.0034715557,0.00026899713,password
0.0053405883,0.009249696,0.010681055,0.004124637,0.024129448,0.94180447,0.004434597,0.00023538408,password
0.0063126483,0.010613788,0.013655661,0.003491301,0.033879858,0.9250697,0.006727038,0.00024996465,password
0.0079750875,0.014291838,0.019078683,0.0033465093,0.05254583,0.89073515,0.011714618,0.0003122839,password
0.010207761,0.021306718,0.027590001,0.0035641312,0.08397986,0.8308988,0.022023806,0.0004289357,password
0.013987719,0.050310716,0.068031706,0.0068051503,0.11260219,0.6879627,0.059071686,0.0012280898,password
0.023905212,0.09052768,0.13658914,0.009107982,0.175421,0.44120148,0.11973788,0.0035095797,password
0.026917422,0.10707731,0.1681644,0.008813349,0.23675051,0.26673365,0.17840034,0.007143058,password
0.028361412,0.100254804,0.16638303,0.00773073,0.28373736,0.19741242,0.20425755,0.011862693,normal
0.029113086,0.08678329,0.15093239,0.006557722,0.3262844,0.17171511,0.21047914,0.018134795,normal
0.028210461,0.07678986,0.137568,0.005695084,0.35862568,0.15363874,0.2110231,0.028449116,normal
0.031568054,0.055742312,0.109243475,0.0045692823,0.3870071,0.16539954,0.19643843,0.0500318,normal
0.026724124,0.039370965,0.08056848,0.003747739,0.40770036,0.17411815,0.19036247,0.07740769,normal
0.025894491,0.025397794,0.054828882,0.0031985294,0.4113004,0.17384309,0.149514,0.1560228,normal
0.020935452,0.018818157,0.039309468,0.002877886,0.40148115,0.1542553,0.13012277,0.23219979,normal
0.017517904,0.01834227,0.03463021,0.0025096668,0.35463142,0.09199154,0.09428011,0.3860969,xss
0.011802579,0.006958099,0.013043346,0.0014246874,0.25439772,0.06446243,0.04788063,0.6000304,xss
0.007826152,0.0046428703,0.00759146,0.0011929912,0.15084705,0.034683168,0.023373503,0.76984286,xss
0.005084326,0.003087725,0.004355707,0.0010145103,0.08553082,0.01812688,0.010998295,0.87180173,xss
0.0036701935,0.0023165785,0.002867202,0.00097201805,0.053553287,0.010971353,0.005959775,0.91968954,xss
0.0031780815,0.0021081255,0.0024000108,0.0010748282,0.040808808,0.008605138,0.0041952077,0.9376299,xss
0.004218581,0.003332532,0.0038214172,0.0021159793,0.040597294,0.011721661,0.005542046,0.92865056,xss
0.011177516,0.014476103,0.016859349,0.007445582,0.05655384,0.022171319,0.015732193,0.85558414,xss
0.029293891,0.080180384,0.09157308,0.025930317,0.06599225,0.03227121,0.043159693,0.6315992,xss
0.04449732,0.20275517,0.23428899,0.049185947,0.06406343,0.03367069,0.08096042,0.290578,xss
0.04804435,0.24989739,0.29461455,0.051093064,0.06397995,0.031492166,0.09760876,0.16326974,injection
0.04459226,0.2703547,0.3162835,0.05294382,0.0632894,0.030083975,0.0975691,0.12488329,injection
0.042019185,0.282118,0.32454294,0.052035347,0.066565275,0.029124638,0.09814808,0.10544651,injection
0.041656144,0.29205456,0.32609606,0.04853945,0.07507356,0.027651934,0.10257928,0.086349025,injection
0.043137908,0.29825225,0.31814325,0.04384786,0.088044,0.027113399,0.10427054,0.07719078,injection
0.045628835,0.29733163,0.30346224,0.041398484,0.104608096,0.028349526,0.100043274,0.079177886,injection
0.055036936,0.2832985,0.27592084,0.032568328,0.14640148,0.03201688,0.08958424,0.08517285,dos
0.08314896,0.23141257,0.22311825,0.019169014,0.25205716,0.0403847,0.06340411,0.087305196,normal
0.14626895,0.15016519,0.14762059,0.007376208,0.41482076,0.046051186,0.029096521,0.058600597,normal
0.22931151,0.10402953,0.10746992,0.0030260303,0.4616241,0.042251058,0.013838052,0.03844978,normal
0.26155275,0.13031453,0.12044258,0.003429611,0.4065612,0.039902244,0.013881204,0.023915855,normal
0.23281118,0.17459738,0.14112176,0.005363631,0.3626962,0.040932562,0.0189827,0.023494666,normal
0.18482186,0.23891687,0.17284948,0.009023354,0.30610463,0.03763323,0.029251317,0.021399284,normal
0.16865492,0.27076617,0.2012102,0.010098616,0.25873384,0.032430936,0.036508977,0.021596354,dos
0.15532833,0.28796917,0.22353515,0.011088748,0.22687511,0.027876308,0.04683562,0.020491563,dos
0.15299535,0.29244906,0.23698688,0.010817551,0.20998015,0.025216883,0.05210566,0.019448444,dos
0.15867758,0.28772447,0.2449948,0.009800478,0.20361872,0.024014307,0.052307736,0.01886191,dos
0.16467112,0.2760049,0.24554858,0.009566587,0.20857888,0.024626432,0.050264176,0.020739302,dos
0.16293053,0.2588353,0.25485575,0.010550141,0.21128891,0.02722191,0.04672445,0.027593035,dos
0.1439343,0.24237293,0.25380388,0.013535318,0.22009628,0.03603451,0.043772206,0.046450578,injection
0.11296333,0.25095484,0.2838666,0.020159941,0.18218817,0.03728489,0.04845656,0.06412571,injection
0.10079218,0.2508341,0.2977515,0.02311653,0.16299121,0.036070913,0.050668973,0.077774614,injection
0.09738356,0.23831885,0.31237316,0.022396782,0.14938618,0.03463111,0.052116193,0.093394145,injection
0.10049012,0.20257418,0.31208315,0.01937591,0.14504679,0.034526356,0.049959693,0.13594379,injection
0.092735216,0.1500428,0.287942,0.01759945,0.13212943,0.03873059,0.044795558,0.23602504,injection
0.07825166,0.1103691,0.271548,0.016648516,0.10957333,0.03860009,0.04213927,0.33287,xss
0.06583294,0.10531294,0.28713697,0.016397012,0.08582639,0.03337745,0.039901074,0.3662152,xss
0.055402614,0.100712724,0.2853346,0.017015055,0.073424235,0.030126885,0.038581688,0.39940217,xss
0.04995269,0.096482836,0.27613005,0.018125407,0.069179915,0.029198905,0.037383545,0.42354667,xss
0.04455926,0.08974821,0.24757029,0.017168878,0.06781806,0.030412363,0.03475677,0.46796605,xss
0.046762004,0.08829749,0.25853196,0.017501973,0.06891088,0.028428853,0.035308596,0.45625818,xss
0.04587331,0.07724129,0.2336725,0.014912026,0.06950154,0.027959028,0.030328669,0.5005116,xss
0.05565433,0.07582632,0.24179319,0.011007564,0.07104036,0.025033742,0.024831392,0.49481308,xss
0.06563734,0.07061357,0.2086777,0.008546295,0.077480994,0.025243847,0.01594903,0.5278513,xss
0.11175429,0.086966515,0.21451594,0.0063427044,0.087968536,0.022373095,0.0105376,0.45954138,xss
0.13280435,0.11849533,0.27379647,0.00841598,0.08201436,0.023769645,0.010689979,0.35001382,xss
0.14147297,0.13282871,0.31715545,0.010137597,0.080699645,0.024239862,0.012131495,0.2813343,injection
0.14314477,0.15025765,0.34505224,0.012576164,0.0810791,0.02604418,0.011915705,0.22993024,injection
0.1510638,0.15841007,0.3582101,0.014256816,0.081835516,0.027728481,0.011486468,0.19700879,injection
0.15397592,0.16960618,0.37941086,0.014585,0.08008488,0.028686656,0.0115974145,0.16205308,injection
0.1506394,0.18457681,0.40229845,0.018821018,0.07386391,0.030997809,0.01205987,0.12674274,injection
0.14943926,0.19462791,0.39078137,0.025266498,0.07980393,0.04015619,0.012084347,0.1078405,injection
0.15969805,0.18120007,0.39711103,0.03415476,0.07851154,0.056679238,0.011427884,0.08121753,injection
0.16134593,0.18320866,0.36840957,0.041677006,0.09168044,0.07472473,0.010993482,0.06796015,injection
0.13941398,0.19126251,0.32822242,0.065735176,0.100447424,0.10255756,0.013086083,0.05927488,injection
0.10149289,0.20264073,0.30721533,0.12465455,0.08530766,0.10726415,0.021167502,0.050257176,injection
0.07673225,0.21182881,0.26672262,0.19039114,0.08060942,0.09175125,0.027886873,0.05407763,injection
0.059074063,0.20783709,0.22461335,0.2601216,0.07101716,0.07801135,0.03766023,0.061665077,mitm
0.04744279,0.1986199,0.18104374,0.32711223,0.065860316,0.06526821,0.047326766,0.06732605,mitm
0.043208525,0.19746575,0.16714072,0.3531884,0.060781695,0.055652864,0.0510319,0.07153011,mitm
0.040704925,0.18886626,0.15892895,0.39185074,0.054936856,0.04741175,0.05090036,0.066400215,mitm
0.040067166,0.19253336,0.15620482,0.40091947,0.052334994,0.045228664,0.047833186,0.06487827,mitm
0.036794797,0.18874271,0.13902982,0.43731356,0.04715887,0.04703792,0.040397182,0.06352518,mitm
0.033062164,0.18860133,0.13191965,0.47354698,0.03600864,0.04676426,0.031630445,0.058466546,mitm
0.0330163,0.20886616,0.16785343,0.44231656,0.02267877,0.047566894,0.020856578,0.056845244,mitm
0.035500802,0.2235188,0.17661753,0.405847,0.025543576,0.067119464,0.016877558,0.04897526,mitm
0.046981137,0.22937147,0.23176488,0.3215028,0.030753925,0.09697494,0.015364452,0.02728646,mitm
0.056154616,0.22830278,0.2317652,0.29250845,0.04168002,0.11662732,0.016216828,0.016744785,mitm
0.084721856,0.19382524,0.25111565,0.16253147,0.068372875,0.21791573,0.013568869,0.007948245,injection
0.11660533,0.14958598,0.20643403,0.06721133,0.13218877,0.31365445,0.011630607,0.0026895325,password
0.137262,0.08860313,0.11412885,0.020239715,0.27208796,0.35790578,0.009073826,0.00069874845,password
0.13098876,0.068493225,0.085222475,0.011197421,0.34472293,0.3517756,0.0072092973,0.00039033758,password
0.11117492,0.056107484,0.06073665,0.0073869936,0.4290956,0.32870954,0.0065107923,0.0002780358,normal
0.10872328,0.04832491,0.05412392,0.005170898,0.4383492,0.3397475,0.005384975,0.0001752706,normal
0.08661646,0.045202088,0.04333259,0.004723037,0.46067515,0.35348442,0.005777692,0.0001885574,normal
0.06700441,0.05043474,0.03729509,0.006206357,0.48334265,0.34816805,0.00727051,0.0002781312,normal
0.0494874,0.057852056,0.032358315,0.009338595,0.48381847,0.3569837,0.009671915,0.0004895839,normal
0.049946878,0.0645836,0.034013405,0.010320999,0.46118367,0.36881217,0.010584344,0.0005548824,normal
0.04920136,0.07203204,0.035726294,0.012608901,0.44041803,0.37956414,0.009898846,0.00055045297,normal
0.032374058,0.07541224,0.029083706,0.02173246,0.36236152,0.46628973,0.011819141,0.0009271177,password
0.019354139,0.06644427,0.022292873,0.031583443,0.2425159,0.60408354,0.012442485,0.0012833022,password
0.019921664,0.070627026,0.024849001,0.035185494,0.19911142,0.6382167,0.010916729,0.0011719881,password
0.01144666,0.050500605,0.017415525,0.03933889,0.10442861,0.76724136,0.008464517,0.0011637907,password
0.0060228803,0.032191325,0.011240659,0.042556394,0.045219768,0.8555563,0.006138626,0.0010741713,password
0.004834107,0.027960556,0.010332703,0.041991405,0.028292615,0.8804064,0.005159335,0.0010229066,password
0.0045973486,0.02630267,0.010394889,0.040297464,0.02055793,0.8929753,0.0040379013,0.00083659805,password
0.004352884,0.02762098,0.011832539,0.05176073,0.015049176,0.8840246,0.0044273096,0.0009316164,password
0.004910293,0.030230306,0.01392611,0.046851374,0.012132363,0.8874916,0.0036549827,0.00080294174,password
0.005399864,0.03571166,0.017718218,0.057867866,0.011136976,0.86673015,0.0044809505,0.00095424126,password
0.0060216985,0.039518207,0.020638827,0.061396446,0.010953184,0.8552804,0.005140009,0.0010513634,password
0.00618755,0.03640444,0.020570489,0.054243047,0.010032783,0.8666134,0.004934839,0.0010135452,password
0.0031888676,0.015519586,0.0089244135,0.028069237,0.0070716892,0.9333593,0.003282532,0.00058427267,password
0.0015758696,0.0057811686,0.0033945714,0.014199021,0.0047040205,0.96771586,0.0022887806,0.0003407032,password
0.00087726745,0.002380754,0.0015027814,0.006099952,0.003676799,0.9833438,0.0019199853,0.000198725,password
0.0009267472,0.0019393561,0.0013640976,0.004549996,0.0038810102,0.9846352,0.0025083974,0.00019530425,password
0.0009101582,0.001667625,0.0011808267,0.0030457058,0.004652268,0.98473305,0.003638087,0.00017228066,password
0.0010593839,0.0016312618,0.0010808265,0.0021281093,0.0065871547,0.9808096,0.006529551,0.00017411473,password
0.0013728928,0.0017187126,0.0010070136,0.0015938276,0.010390977,0.9702716,0.01345422,0.00019076747,password
0.0017164744,0.0018390671,0.0009719641,0.0014137558,0.014788322,0.95199275,0.027066514,0.00021108978,password
0.0036836932,0.0024511588,0.0012023752,0.001224612,0.026237754,0.8868655,0.0780338,0.00030108553,password
0.006707423,0.0030901362,0.0012741302,0.0009456421,0.049438737,0.6967301,0.24139893,0.00041494245,password
0.008732386,0.0029537266,0.0010387716,0.00058063393,0.06674442,0.36414868,0.55534166,0.00045969783,scanning
0.00978106,0.0021408985,0.0006829764,0.00030155436,0.05042793,0.12090032,0.8153783,0.00038698048,scanning
0.007173457,0.0012049912,0.0003393734,0.00013951559,0.0332029,0.036104675,0.92156154,0.00027350153,scanning
0.0048350426,0.0006713118,0.00017004942,7.1163224e-05,0.02296501,0.012270296,0.9588232,0.00019386332,scanning
0.0026361519,0.00040694713,9.129857e-05,4.3530843e-05,0.01110622,0.003516897,0.9820545,0.0001444241,scanning
0.0029368345,0.00034333972,6.9226604e-05,3.4059376e-05,0.008412418,0.0017657593,0.9862959,0.00014252278,scanning
0.0026141906,0.00026018117,5.35677e-05,2.5417672e-05,0.0094572855,0.0015709393,0.9858963,0.00012199937,scanning
0.002209799,0.00025959357,4.351836e-05,2.562407e-05,0.00501453,0.0004094525,0.9918936,0.00014386918,scanning
0.0016827458,0.00023096222,3.7374935e-05,2.124537e-05,0.004293263,0.00028607468,0.99333537,0.000112860274,scanning
0.001302808,0.00025247582,4.038019e-05,3.87295e-05,0.0031526387,0.00021301897,0.9948974,0.00010252625,scanning
0.001592874,0.00032380494,5.5423126e-05,8.247436e-05,0.0035873826,0.00031516823,0.99391186,0.00013109778,scanning
0.001737625,0.00036109344,6.88234e-05,0.00010273637,0.003810084,0.00044704214,0.99327314,0.00019939245,scanning
0.002035393,0.00048734725,0.00010222511,0.00017020832,0.0043066978,0.0006776986,0.99188715,0.0003332481,scanning
0.0029204425,0.0006809998,0.00016153892,0.00026670826,0.005891346,0.0011717641,0.98829854,0.0006086283,scanning
0.004258356,0.0010283855,0.00025963015,0.0005073204,0.008296288,0.0018675686,0.9825884,0.0011939917,scanning
0.0061125956,0.0016055992,0.0004410943,0.0009672984,0.011706082,0.0032668696,0.97269386,0.0032066035,scanning
0.009446611,0.0031532678,0.0008847991,0.0026883006,0.018227682,0.006006472,0.94917,0.010422788,scanning
0.015481147,0.00589604,0.0017280205,0.006847766,0.031308897,0.011807761,0.89003617,0.036894158,scanning
0.0217889,0.008775864,0.0027726693,0.013393483,0.048479788,0.021850642,0.75613755,0.12680115,scanning
0.022007488,0.009782441,0.0033896812,0.020216128,0.05606498,0.030291038,0.50595635,0.35229185,scanning
0.013547049,0.007363197,0.0027550277,0.02253586,0.042310994,0.025839392,0.24321684,0.6424316,xss
0.005721945,0.003693201,0.0016039826,0.01666473,0.022165408,0.016964175,0.09381783,0.83936876,xss
0.0021047066,0.0016102034,0.000806107,0.0111905625,0.010564884,0.009845277,0.034831364,0.9290468,xss
0.0007664244,0.0005934698,0.0003757606,0.0055374033,0.0047142855,0.0053272718,0.013360389,0.96932495,xss
0.00029391106,0.00022761492,0.00018170458,0.0028005969,0.0021338859,0.0028296777,0.005682042,0.9858505,xss
0.00012709631,9.693648e-05,9.5334006e-05,0.0015170301,0.0010438309,0.0015323566,0.0028466396,0.9927408,xss
6.4460575e-05,4.82238e-05,5.5631906e-05,0.0009521474,0.000593596,0.0008776969,0.0017587183,0.9956495,xss
3.7649417e-05,2.8555545e-05,3.841997e-05,0.00066403457,0.00034472544,0.0005214234,0.0012107871,0.99715436,xss
2.6710206e-05,2.0407819e-05,3.2186475e-05,0.0004953737,0.00021762398,0.00032179343,0.0009396682,0.9979463,xss
2.3606513e-05,1.6854377e-05,3.295672e-05,0.00041779267,0.00015818443,0.00019838006,0.00081591494,0.99833626,xss
2.1449425e-05,1.7265234e-05,3.6091067e-05,0.00046401512,0.00014784276,0.00018168626,0.0007891627,0.9983424,xss
2.1089198e-05,1.8640902e-05,3.9008508e-05,0.00052368926,0.00015468782,0.0001805074,0.0007664375,0.99829596,xss
2.4100247e-05,2.1077984e-05,4.552471e-05,0.000630282,0.00016228197,0.00018700532,0.0008524685,0.9980773,xss
3.2809417e-05,2.3673425e-05,5.987757e-05,0.0006768925,0.0001479232,0.00018560576,0.0008093168,0.99806386,xss
5.7635352e-05,2.8947396e-05,7.261166e-05,0.00061318645,0.00020452592,0.00021489026,0.00081740174,0.9979907,xss
0.00015511867,4.527227e-05,0.00011993217,0.0005170864,0.0003961009,0.00030585384,0.0009986511,0.9974619,xss
0.0012765225,0.000114729235,0.000355703,0.00047089072,0.001361266,0.00071580545,0.002141232,0.99356383,xss
0.017239444,0.00035613152,0.0012822772,0.00045598787,0.0067420364,0.0025951776,0.0054076905,0.9659213,xss
0.071648896,0.000677687,0.0023072902,0.00049503765,0.021171438,0.007034754,0.008939222,0.88772565,xss
0.20529117,0.0011145396,0.0034038948,0.0005173476,0.054678082,0.01607229,0.013392581,0.70553017,xss
0.38469484,0.0013922821,0.0037160034,0.00044644103,0.1004563,0.026049221,0.015709503,0.4675355,xss
0.5054037,0.0013750086,0.003209742,0.00034606617,0.137062,0.03189784,0.015016081,0.3056895,ddos
0.6368097,0.0012783529,0.0026906535,0.0002151384,0.16456808,0.035878528,0.014587299,0.14397225,ddos
0.7018354,0.0011175595,0.0022197447,0.00014087242,0.17066681,0.03788085,0.012849023,0.07328973,ddos
0.71565855,0.0009924138,0.0016888034,9.5268864e-05,0.19152007,0.040919784,0.010557796,0.0385673,ddos
0.71285385,0.00091394817,0.0013032762,6.8144735e-05,0.21143378,0.042757977,0.008790682,0.021878328,ddos
0.7024361,0.00088054274,0.0010127072,5.0847935e-05,0.23154804,0.043527562,0.0074966787,0.01304744,ddos
0.6917755,0.0008890845,0.0007830526,4.102681e-05,0.24898937,0.041453302,0.0069343937,0.009134288,ddos
0.6635469,0.0008881843,0.0007366034,3.2931133e-05,0.27415982,0.04932174,0.0060170237,0.005296802,ddos
0.63236123,0.0010082542,0.0006910762,3.0574265e-05,0.30779958,0.048294626,0.0063712704,0.003443404,ddos
0.63060546,0.0010589542,0.0008427259,3.2287575e-05,0.29894298,0.058502268,0.006129441,0.0038859346,ddos
0.61858225,0.001254963,0.0011364509,4.4407683e-05,0.30156845,0.06608269,0.0066811633,0.004649623,ddos
0.59630144,0.001627648,0.0016213102,6.5963766e-05,0.31406263,0.07283918,0.007700433,0.0057813427,ddos
0.5635172,0.0022570114,0.0023946806,0.00010572681,0.33561078,0.07943773,0.009202925,0.0074739303,ddos
0.5183636,0.003271511,0.0035619505,0.00018203206,0.36676085,0.08655141,0.011282947,0.010025647,ddos
0.46400777,0.004751655,0.0052195373,0.00033111384,0.3980313,0.1000736,0.013903333,0.013681674,ddos
0.38533077,0.0069047716,0.0071222577,0.0006305627,0.45009506,0.11322755,0.01745888,0.019230133,normal
0.28792098,0.009493694,0.008701341,0.0011988324,0.5135315,0.13133302,0.021424053,0.026396533,normal
0.18519926,0.011609245,0.009000348,0.0021239524,0.57788724,0.15635374,0.024555769,0.033270415,normal
0.10108427,0.011951458,0.0076063597,0.0031906152,0.6250541,0.19076051,0.024835492,0.035517238,normal
0.048990972,0.010276061,0.0053525795,0.003731881,0.6435794,0.23668759,0.021293601,0.03008794,normal
0.02287781,0.007789152,0.0033458679,0.003262514,0.64051265,0.2870583,0.015381443,0.019772263,normal
0.010989772,0.0057688206,0.0019687396,0.0021745942,0.65093255,0.3082533,0.009607552,0.010304686,normal
0.0057305247,0.004494647,0.0010940644,0.0011763483,0.71964514,0.25769174,0.005577507,0.004589997,normal
0.0035415485,0.00340174,0.00058769126,0.0006261037,0.79579675,0.18999839,0.0037669006,0.0022809638,normal
0.0025009508,0.0022439512,0.00028893814,0.00038156204,0.85934573,0.13075283,0.003186578,0.0012995057,normal
0.0021853657,0.002056285,0.0002282406,0.0002654957,0.896482,0.094866276,0.00293624,0.0009800772,normal
0.0020192296,0.0019077996,0.00017794751,0.00020520715,0.9309945,0.060883272,0.003065059,0.0007468998,normal
0.0019839942,0.001915342,0.00015227996,0.0001748531,0.95256656,0.039254487,0.0033563229,0.00059612934,normal
0.0022617779,0.0021107607,0.00014982645,0.00017122569,0.96603954,0.024892883,0.0038422733,0.00053176243,normal
0.0031719615,0.0029023902,0.0002081931,0.00020194342,0.9710694,0.017182576,0.004603188,0.0006604379,normal
0.004361709,0.0043294705,0.00031878692,0.00031792527,0.96975046,0.014420344,0.005516626,0.0009847052,normal
0.007893118,0.007991954,0.0005966878,0.00063913746,0.95621574,0.017962614,0.007083275,0.0016174626,normal
0.028693333,0.025543978,0.0023566878,0.0019966774,0.89224297,0.033461377,0.011767193,0.0039378037,normal
0.12797551,0.08200941,0.0120439725,0.0067216107,0.6631344,0.075683184,0.021585084,0.010846903,normal
0.20698814,0.1066486,0.020842766,0.010756395,0.50845724,0.101293616,0.029221935,0.015791316,normal
0.2231824,0.10608295,0.023067338,0.012255714,0.4747113,0.105541214,0.03843777,0.016721353,normal
0.22146487,0.09665195,0.02342097,0.011775096,0.46265987,0.11702651,0.052343123,0.014657571,normal
0.19656192,0.082638286,0.022289762,0.010389121,0.46601084,0.13277128,0.077547334,0.011791465,normal
0.15121712,0.067738,0.02022147,0.009017208,0.4716231,0.14904225,0.12178253,0.00935837,normal
0.100283235,0.05569126,0.018143568,0.008165516,0.4617025,0.15662132,0.19168067,0.007712001,normal
0.059310514,0.048318844,0.016890801,0.007995783,0.42534274,0.14826007,0.28710234,0.006778835,normal
0.03305971,0.045322802,0.016781185,0.008473555,0.3670848,0.12579001,0.39710358,0.0063844305,scanning
0.018258037,0.045682527,0.017762119,0.009544698,0.300489,0.09749704,0.5043923,0.0063742492,scanning
0.010434062,0.049167637,0.01991581,0.011267932,0.23754156,0.07065753,0.5944394,0.0065760356,scanning
0.006269819,0.05533318,0.023353431,0.012707517,0.18995477,0.048258953,0.6577457,0.006376622,scanning
0.0039600283,0.06767719,0.027526489,0.014862604,0.14693445,0.029255155,0.70385,0.005934089,scanning
0.0025020882,0.07603312,0.02883438,0.017178647,0.10606301,0.017925551,0.74553806,0.0059251464,scanning
0.0018642641,0.081576996,0.030672686,0.014804391,0.10159606,0.014056553,0.7500807,0.005348339,scanning
0.0015804381,0.08423415,0.031036356,0.010489169,0.11302602,0.012488239,0.7424098,0.0047358056,scanning
0.0013201652,0.066088736,0.026274392,0.006905801,0.11047484,0.011433471,0.77439696,0.0031055426,scanning
0.0011168589,0.053696115,0.024798559,0.004581033,0.09990072,0.009367386,0.8045796,0.0019597,scanning
0.0015398806,0.051661823,0.027937634,0.0033922375,0.13347028,0.012558327,0.7676473,0.0017924991,scanning
0.0023674099,0.050433595,0.03238872,0.002555048,0.18800548,0.018609734,0.70398545,0.0016545756,scanning
0.0038680157,0.048847765,0.037094142,0.0018806446,0.2722754,0.028990222,0.60554844,0.0014953567,scanning
0.006466677,0.04643449,0.04110013,0.0013722708,0.3851425,0.04539745,0.47277263,0.0013138428,scanning
0.010528696,0.041890483,0.042503603,0.0009778275,0.5083899,0.06809239,0.32651117,0.0011058521,normal
0.016142273,0.034923017,0.040175132,0.0006735696,0.61206377,0.09531976,0.19980742,0.0008950256,normal
0.023170087,0.02695615,0.03511925,0.00045582317,0.676488,0.12496514,0.11212507,0.00072050333,normal
0.03144516,0.019788025,0.02939028,0.0003138232,0.7022094,0.15560472,0.060643245,0.0006052537,normal
0.040867753,0.014401044,0.024565708,0.00022967975,0.70075893,0.18542905,0.03319437,0.00055342494,normal
0.051299334,0.010868394,0.021300988,0.0001862211,0.68529737,0.21129078,0.019193403,0.0005635013,normal
0.06231486,0.008796178,0.01960325,0.00017110104,0.6662914,0.23005201,0.01213523,0.00063605286,normal
0.07303719,0.0077279503,0.019213956,0.00017669512,0.6497246,0.24077396,0.00857418,0.0007714724,normal
0.08238908,0.007314011,0.019844461,0.00019789058,0.6373987,0.2451013,0.0067933844,0.0009612494,normal
0.08967555,0.0073170653,0.021237815,0.00022949303,0.6288628,0.24555492,0.005939978,0.0011823195,normal
0.09493407,0.0075726476,0.023163497,0.0002655801,0.6229815,0.24410485,0.005573518,0.001404326,normal
0.09880993,0.007943233,0.025369374,0.00030003747,0.6185831,0.24193886,0.005451838,0.0016035899,normal
0.10214226,0.008289912,0.027561534,0.00032731905,0.6146708,0.23980236,0.0054351483,0.0017707136,normal
0.110215664,0.009353978,0.03576787,0.0005140602,0.5647,0.27032414,0.006373857,0.0027504237,normal
0.11894936,0.009141066,0.038822077,0.0005655803,0.53763115,0.2851405,0.0062191393,0.0035311,normal
0.12985142,0.008916288,0.040122066,0.00060009246,0.51816016,0.29184094,0.006079978,0.004429109,normal
0.14268915,0.008881721,0.040896438,0.00064327224,0.50330734,0.29201883,0.006010195,0.005553016,normal
0.15702534,0.009286303,0.042519916,0.0007286007,0.49117553,0.2860444,0.006098759,0.007121137,normal
0.17218035,0.010286318,0.045718204,0.00089183473,0.4798734,0.27521667,0.0063668294,0.009466378,normal
0.19143254,0.012183726,0.05067896,0.0015089185,0.46628028,0.25630137,0.0077412017,0.013872932,normal
0.20734781,0.015782146,0.0622307,0.0025665658,0.43114492,0.25087658,0.009103271,0.020948043,normal
0.23231335,0.020918986,0.07632886,0.0043422,0.39073133,0.23634551,0.01014514,0.028874608,normal
0.29220057,0.030608626,0.10206095,0.006714277,0.31486985,0.21153381,0.009336732,0.032675207,normal
0.48921666,0.061225608,0.19801888,0.007925796,0.11621446,0.10380235,0.0048255846,0.018770628,ddos
0.5643289,0.09287589,0.29909045,0.004723119,0.014757427,0.018785931,0.0012455093,0.0041927723,ddos
0.54126084,0.1029782,0.33830667,0.0033306908,0.004687028,0.007149792,0.00056778954,0.0017189154,ddos
0.5293082,0.105560124,0.3534506,0.0029663423,0.002644544,0.0045697344,0.0003816609,0.0011188085,ddos
0.5615104,0.0966847,0.33295396,0.0026161186,0.0019390441,0.0031869179,0.00030624357,0.00080262846,ddos
0.5726555,0.09989811,0.3189862,0.0027984625,0.0018517143,0.0027849523,0.00031104774,0.0007140896,ddos
0.6058537,0.101563856,0.28326145,0.002906442,0.0023301328,0.0030806356,0.00033078672,0.0006729839,ddos
0.67181396,0.096949674,0.21858193,0.0028860276,0.0042587747,0.004482701,0.0003664289,0.0006604933,ddos
0.77578914,0.07781289,0.12032728,0.002426146,0.013441838,0.009117266,0.00041516425,0.0006702741,ddos
0.8354368,0.0463205,0.040186454,0.001560302,0.054820523,0.020484181,0.00050521834,0.0006859857,ddos
0.85251683,0.033263657,0.021669593,0.0010156127,0.072353914,0.018031893,0.0005512281,0.0005972333,ddos
0.88705355,0.029317306,0.017533574,0.0007616605,0.05106953,0.013298159,0.00045818833,0.00050805556,ddos
0.9087288,0.028352765,0.017754445,0.0007175724,0.032567732,0.011005071,0.0004053571,0.000468203,ddos
0.91028494,0.028370924,0.01978074,0.0008249711,0.027119957,0.012658777,0.00045248293,0.000507176,ddos
0.8919585,0.027156008,0.022342071,0.0010895655,0.033620857,0.022507291,0.0006642942,0.0006614842,ddos
0.8455433,0.023067351,0.023208585,0.0013467378,0.05427028,0.050538942,0.0011183056,0.0009065327,ddos
0.7531554,0.017993055,0.021412626,0.0013672886,0.090257324,0.112937346,0.001693899,0.0011830725,ddos
0.6416231,0.013866095,0.016094448,0.0010130098,0.14278626,0.18092912,0.0027529898,0.00093501416,ddos
0.5349645,0.0100775305,0.01246372,0.0007063704,0.19188955,0.24566568,0.003438497,0.0007940739,ddos
0.42142925,0.0073756706,0.009785429,0.00048257454,0.25364453,0.30224338,0.0042927833,0.00074643496,ddos
0.36754602,0.0056859953,0.0089829285,0.0003621676,0.29907623,0.31221944,0.0053252834,0.0008019597,ddos
0.31903848,0.0047404002,0.008757412,0.00030203987,0.35078216,0.3091649,0.006271553,0.0009430483,normal
0.27355006,0.004218628,0.00907039,0.00027741416,0.40575236,0.2990867,0.006850699,0.0011937218,normal
0.22849888,0.004082052,0.010035845,0.00028299395,0.46210828,0.28640813,0.006992892,0.0015910419,normal
0.17834707,0.00452187,0.011808239,0.00032102555,0.5272555,0.26856363,0.0073000584,0.0018826532,normal
0.13962315,0.005099152,0.011725759,0.00034208747,0.5768286,0.2569808,0.0074651674,0.0019353202,normal
0.11059262,0.007167078,0.01637647,0.00047665686,0.614095,0.24108738,0.007786276,0.0024185425,normal
0.099366285,0.01152252,0.027551116,0.0007145786,0.62270075,0.22585654,0.009319801,0.0029684291,normal
0.089864075,0.01577174,0.03894202,0.0008744468,0.62513244,0.21557549,0.010717875,0.0031218207,normal
0.08097947,0.01819924,0.04544488,0.0009037932,0.63149446,0.20854469,0.011465811,0.0029676105,normal
0.07193855,0.033228572,0.08824325,0.0021568807,0.5461092,0.2376584,0.016352087,0.004313085,normal
0.07233503,0.03151315,0.087671466,0.0024125353,0.52798045,0.25685814,0.016355393,0.004873818,normal
0.07545571,0.038143862,0.107760884,0.0041682594,0.47225028,0.27476367,0.019989006,0.0074683614,normal
0.07784954,0.03453189,0.10695019,0.0038668306,0.42300037,0.32555932,0.018252702,0.009989271,normal
0.08091818,0.028560484,0.09959472,0.003132872,0.38108605,0.37762994,0.015814036,0.013263729,normal
0.084620774,0.025970876,0.097811796,0.0031543295,0.346443,0.4069661,0.015526542,0.019506505,password
0.089977704,0.020379469,0.0834955,0.0025263638,0.3275743,0.4336746,0.014120601,0.028251316,password
0.095014244,0.016613929,0.07232443,0.0021874304,0.3109864,0.44415435,0.013610526,0.045108743,password
0.10202567,0.014224697,0.06488943,0.0021812925,0.30786082,0.40731356,0.013574658,0.08792987,password
0.096643485,0.012412302,0.053161006,0.002607293,0.29975277,0.34087318,0.0150232315,0.17952678,password
0.07542229,0.0111434935,0.042444672,0.003355885,0.24293543,0.26379603,0.015880402,0.3450218,xss
0.048909925,0.007614378,0.025368407,0.0033607061,0.1747507,0.16559295,0.014255038,0.5601479,xss
0.02520102,0.0039425893,0.011455673,0.0026129007,0.0999917,0.08273546,0.009945483,0.76411515,xss
0.010578711,0.001972484,0.0049171033,0.0024125401,0.047038727,0.033964533,0.0058594234,0.89325655,xss
0.0033278407,0.00086272234,0.0016033568,0.0022265501,0.01739767,0.011958755,0.0030548077,0.95956826,xss
0.001313846,0.0004340925,0.0006312108,0.00206786,0.0077065737,0.005330452,0.0018683759,0.9806475,xss
0.0006168168,0.00023143053,0.0002798849,0.0017095215,0.003861215,0.0027538426,0.0012383952,0.98930895,xss
0.00034185592,0.0001440707,0.00013864489,0.0016726006,0.0023482756,0.0016708772,0.0009585827,0.99272513,xss
0.00022520716,9.809837e-05,8.177197e-05,0.0014075416,0.001584741,0.0011324348,0.00079441495,0.99467564,xss
0.00018541924,8.105011e-05,5.805956e-05,0.0013643067,0.0012790005,0.0008714222,0.0007691646,0.9953915,xss
0.00020103059,8.905439e-05,6.475663e-05,0.0016570669,0.0011249195,0.00072961353,0.0008459108,0.99528766,xss
0.00023770671,0.00015874357,0.0001405631,0.003548201,0.0010245462,0.0008682591,0.0011377238,0.9928843,xss
0.00044460624,0.00032262382,0.00036591012,0.0058123018,0.0011253881,0.0010994899,0.0017551152,0.9890745,xss
0.0008407047,0.0005661483,0.0009298279,0.007884547,0.0015181145,0.0015422404,0.0022823755,0.98443604,xss
0.0016749448,0.00086019933,0.0015740121,0.009369216,0.0025655867,0.0024263132,0.0030168307,0.97851276,xss
0.0038795592,0.0012596949,0.0025655923,0.0090006655,0.0050877975,0.0039444454,0.004053994,0.97020817,xss
0.010001529,0.0017505834,0.004241815,0.007224711,0.011270809,0.0067740097,0.005280509,0.953456,xss
0.030293727,0.0033689025,0.009004133,0.006460386,0.035270005,0.014674779,0.009656224,0.8912719,xss
0.06649379,0.008141091,0.021484168,0.007935359,0.09186361,0.027697397,0.01987453,0.7565101,xss
0.086642906,0.022103757,0.052148983,0.013456689,0.15911809,0.039934587,0.0351141,0.59148085,xss
0.086510986,0.062072456,0.12165876,0.025949605,0.20881599,0.047132257,0.057429,0.390431,xss
0.073249124,0.12963237,0.21867464,0.04112098,0.19433165,0.041748524,0.073943205,0.22729954,xss
0.05420186,0.22067335,0.2948128,0.05556477,0.15010218,0.030632706,0.07144075,0.12257165,injection
0.035263747,0.3124289,0.34106326,0.05858714,0.11184356,0.022613833,0.064117454,0.054082077,injection
0.031766105,0.3409524,0.36261362,0.047907755,0.10091141,0.01778899,0.06436663,0.033693023,injection
0.024859741,0.36943364,0.3916703,0.042308595,0.08181549,0.013455958,0.05492709,0.02152911,injection
0.020200944,0.3879014,0.41096687,0.036744937,0.07085549,0.010898041,0.048077293,0.014355055,injection
0.016302558,0.40147275,0.42344397,0.028007362,0.066717714,0.009022799,0.045777924,0.009254899,injection
0.01334133,0.40432882,0.4363806,0.020455927,0.06479425,0.0071722018,0.046838515,0.006688288,injection
0.010781207,0.4255168,0.42278886,0.0148505885,0.06515774,0.005104785,0.050814122,0.0049859476,dos
0.008610764,0.43814892,0.423146,0.013335819,0.05393941,0.0037371092,0.05418219,0.0048998008,dos
0.008659615,0.4181371,0.4499708,0.017777048,0.04712633,0.004356993,0.048636034,0.0053361007,injection
0.009164418,0.40626198,0.4611573,0.021357605,0.045471724,0.0048828353,0.045999963,0.0057042097,injection
0.009868558,0.3980657,0.46517864,0.024902517,0.045865215,0.0056049135,0.044507097,0.0060074646,injection
0.010850721,0.39154023,0.46457675,0.028948523,0.04794857,0.006771362,0.04318483,0.006178977,injection
0.0122052375,0.38493636,0.46059543,0.03347052,0.05213678,0.008802909,0.04183822,0.00601453,injection
0.013963035,0.37465394,0.4584938,0.037939284,0.057084516,0.012687068,0.039693583,0.0054847603,injection
0.016655259,0.36070782,0.45096824,0.042813215,0.066679195,0.020844102,0.03695179,0.0043804254,injection
0.020521197,0.33908862,0.43771517,0.046123683,0.081154585,0.03897722,0.033351775,0.0030677726,injection
0.02566433,0.30596966,0.4103305,0.045839727,0.10211173,0.07878166,0.029372381,0.0019300703,injection
0.031403117,0.26036093,0.35799167,0.04025782,0.12993836,0.15357022,0.025350424,0.0011275003,injection
0.036251348,0.20496675,0.27828485,0.030305175,0.1677739,0.26030988,0.021465285,0.00064292515,injection
0.039011355,0.14399011,0.18094136,0.018644022,0.23209175,0.36729893,0.017662521,0.00036001715,password
0.038154334,0.08601224,0.093013,0.009065261,0.346103,0.41362223,0.013831224,0.00019867237,password
0.0313473,0.04869682,0.044572633,0.0039703664,0.4911125,0.36840212,0.011774322,0.00012394699,normal
0.024682613,0.03610158,0.029797226,0.002440382,0.5699742,0.32497057,0.011937059,9.63898e-05,normal
0.018601831,0.030424954,0.023280878,0.0017574301,0.61374104,0.29843122,0.013678294,8.42338e-05,normal
0.013812721,0.027891373,0.019734144,0.0013374883,0.6476315,0.2719223,0.017590895,7.9494435e-05,normal
0.01280426,0.032433536,0.021791233,0.0014627839,0.6822833,0.22785099,0.021279607,9.434994e-05,normal
0.011834626,0.039062265,0.024069995,0.0016354468,0.7227239,0.17342615,0.027122973,0.00012463657,normal
0.011052198,0.03984314,0.023410907,0.0016973615,0.7493512,0.14539386,0.029097816,0.00015349562,normal
0.007338725,0.036616918,0.017539458,0.0015831856,0.83560604,0.0617942,0.039167468,0.00035401844,normal
0.0071693957,0.043168873,0.01921235,0.002447022,0.82582545,0.049659003,0.05184665,0.00067126803,normal
0.0073303976,0.04761237,0.019833503,0.0037832472,0.81198907,0.04904548,0.059331786,0.0010741208,normal
0.007795681,0.0501294,0.019007605,0.0063645793,0.7983108,0.057954226,0.05893915,0.0014984845,normal
0.008738352,0.05092429,0.017397959,0.011445532,0.7772785,0.08106694,0.05131853,0.0018298612,normal
0.010169498,0.049850125,0.015571415,0.020234825,0.73641646,0.1255502,0.040249545,0.0019579874,normal
0.011795289,0.046188857,0.012843999,0.03345495,0.674729,0.18976504,0.029372247,0.0018505803,normal
0.013786099,0.041210353,0.010758833,0.051261023,0.56239223,0.300082,0.018969588,0.0015399307,normal
0.015096235,0.03333472,0.00827013,0.06928813,0.41669175,0.44546622,0.010745633,0.0011070843,password
0.014667309,0.022909628,0.005408093,0.078614205,0.26995537,0.60255283,0.0052142916,0.0006782482,password
0.011672193,0.01175748,0.002549592,0.06662267,0.16326942,0.7415902,0.0021796934,0.00035880643,password
0.0065006646,0.003618499,0.00064499065,0.034961767,0.106683716,0.846597,0.00081948127,0.00017387862,password
0.0028718512,0.00089395774,0.0001201194,0.014358469,0.078772604,0.9025111,0.00037010235,0.00010170534,password
0.0015204755,0.00031004025,3.226548e-05,0.007091662,0.06285816,0.927866,0.00024002255,8.1417216e-05,password
0.0011255747,0.0002084299,1.6268606e-05,0.005126449,0.06374589,0.929456,0.00023761031,8.381798e-05,password
0.001022534,0.00018993445,1.1529653e-05,0.0044372147,0.071539804,0.9224353,0.00027098745,9.26625e-05,password
0.0011003686,0.00020784579,1.0302934e-05,0.0043438277,0.08508117,0.9088307,0.0003221086,0.000103808045,password
0.0012872227,0.00025046777,1.0454168e-05,0.004693451,0.10671018,0.8865212,0.0004064505,0.00012060147,password
0.0014627962,0.00027949462,1.0428518e-05,0.0049450453,0.109139964,0.8835933,0.00044005364,0.0001289009,password
0.001740469,0.00042038772,1.3309991e-05,0.008304299,0.113265716,0.87556064,0.0005458093,0.00014931787,password
0.0019019403,0.000577174,1.7687935e-05,0.012497574,0.12166111,0.8625679,0.0006061276,0.00017049826,password
0.0022346217,0.00089347136,2.646911e-05,0.019863399,0.13253742,0.8435469,0.00068941416,0.00020817146,password
0.0028187793,0.0016005196,4.643585e-05,0.03387546,0.13213612,0.828521,0.0007517416,0.00024990286,password
0.0042532105,0.0035404954,0.00010232832,0.06151383,0.14546545,0.7839196,0.00087721786,0.0003279387,password
0.0066652824,0.0072879563,0.00021571845,0.0952796,0.18197915,0.7070617,0.0010726898,0.00043776532,password
0.009090827,0.011032963,0.00033633012,0.11201926,0.24143396,0.62425995,0.0012852248,0.0005415242,password
0.010722291,0.013029752,0.00040298287,0.10790224,0.31820947,0.5476384,0.0014767586,0.0006181041,password
0.011530043,0.01348256,0.0004135298,0.09166191,0.40775064,0.4728633,0.0016308826,0.0006671841,password
0.011677796,0.012977337,0.00038676127,0.06966486,0.5087754,0.39409396,0.001736296,0.00068747293,normal
0.011194367,0.011784058,0.0003371639,0.04562885,0.6192692,0.30934048,0.0017698741,0.0006759884,normal
0.010045554,0.009972489,0.00027528586,0.023625793,0.73327315,0.2204677,0.0017100445,0.000629994,normal
0.0083760675,0.0077731996,0.00021382957,0.00889812,0.83527106,0.13732636,0.0015800958,0.0005612434,normal
0.006731326,0.00581812,0.00016957625,0.0026684362,0.9051461,0.07747946,0.0014817406,0.0005052682,normal
0.0055871047,0.0045541404,0.00014838623,0.00086559524,0.94151706,0.0453471,0.0014959081,0.00048475427,normal
0.0049181106,0.003855021,0.00014197506,0.0003792237,0.9581701,0.03045538,0.0015952892,0.0004849762,normal
0.004523021,0.003461022,0.00014142026,0.00022764585,0.96587056,0.023576858,0.0017133742,0.0004859975,normal
0.0042517586,0.0032023867,0.00014166595,0.00017263116,0.9697371,0.020213533,0.001801927,0.00047904233,normal
0.004029188,0.0029962433,0.00014097258,0.00015074531,0.9720215,0.018352915,0.0018441681,0.00046423965,normal
0.0038343214,0.0028112044,0.000139653,0.00014127225,0.9736549,0.017128099,0.0018459647,0.00044452335,normal
0.003912821,0.0028428196,0.0001609885,0.00015099172,0.9746072,0.016044345,0.0018355566,0.0004451971,normal
0.0044884896,0.003210489,0.00019933684,0.0001682179,0.9725833,0.01704469,0.0018408003,0.00046466058,normal
0.005573502,0.003887257,0.00027052878,0.00019173596,0.9681429,0.019557044,0.0018951701,0.00048193458,normal
0.0077543417,0.005170599,0.00042580682,0.00023081769,0.95892656,0.024858834,0.002129161,0.0005038998,normal
0.019709082,0.023695039,0.0031831493,0.0012912999,0.88555926,0.05741863,0.00779175,0.0013516739,normal
0.03104416,0.04295055,0.00900484,0.0027445194,0.810966,0.08530104,0.015660696,0.0023281456,normal
0.044679563,0.09059481,0.02954308,0.0077704564,0.6815384,0.097014874,0.044174973,0.0046838494,normal
0.04691123,0.11230225,0.04462759,0.010863211,0.6195852,0.090583555,0.06803274,0.007094284,normal
0.045780312,0.12858981,0.058899853,0.013872755,0.56673294,0.080858596,0.09470637,0.010559335,normal
0.043047737,0.14021665,0.07208275,0.01693451,0.5192277,0.07283207,0.12001706,0.015641607,normal
0.039643638,0.1521467,0.0870344,0.020957045,0.46859953,0.0675849,0.14067756,0.0233563,normal
0.03571187,0.1731751,0.1091839,0.027604941,0.40223914,0.062352594,0.15501119,0.034721244,normal
0.03141316,0.20719822,0.14089878,0.037277386,0.32202595,0.05384722,0.15887648,0.04846284,normal
0.02726134,0.24852307,0.17824745,0.047350205,0.245859,0.042981878,0.1489753,0.060801763,dos
0.023597363,0.29067892,0.21659677,0.05450622,0.18449701,0.032334715,0.12886564,0.068923414,dos
0.020493833,0.3313963,0.25313437,0.056776464,0.13842882,0.0231232,0.10522959,0.07141737,dos
0.01820948,0.36880285,0.28468913,0.05316654,0.10744182,0.016064646,0.0839851,0.067640364,dos
0.017008651,0.39796036,0.30956554,0.044624534,0.09140021,0.011574151,0.06903688,0.058829714,dos
0.016546467,0.41490978,0.32973057,0.034531306,0.08672816,0.009113841,0.061379712,0.047060058,dos
0.01631636,0.4201439,0.3451919,0.026051017,0.0893447,0.007957923,0.05958177,0.035412412,dos
0.0155730145,0.4114681,0.3776423,0.025553191,0.07928988,0.00798525,0.054796956,0.027691266,dos
0.016367745,0.3995665,0.39052856,0.023223853,0.08181178,0.008453372,0.059301615,0.02074651,dos
0.017976994,0.3828157,0.39260194,0.021665558,0.092480555,0.009656648,0.06587566,0.016926935,injection
0.020772744,0.36172757,0.38435614,0.02114067,0.11355916,0.012109667,0.07092321,0.015410841,injection
0.024972571,0.3368372,0.36561215,0.021706056,0.14732753,0.016417352,0.0718346,0.01529248,injection
0.025902892,0.3202372,0.34512663,0.024273422,0.18040541,0.019932523,0.06970578,0.014416143,injection
0.0329784,0.28116935,0.3006412,0.024359884,0.25206447,0.030235725,0.06355336,0.014997507,injection
0.03621943,0.21482873,0.2404963,0.024692092,0.36471942,0.05254207,0.052855797,0.013646161,normal
0.044863198,0.15424639,0.15972443,0.025729548,0.4783499,0.09010549,0.034527935,0.012453141,normal
0.050784323,0.10524851,0.10131329,0.021174075,0.5572582,0.12879917,0.022981707,0.012440703,normal
0.052712984,0.061514817,0.049574498,0.01539595,0.6241978,0.17415923,0.012735416,0.009709287,normal
0.051675577,0.031065423,0.021218266,0.007340859,0.68636966,0.19035138,0.0055412655,0.006437529,normal
0.04541096,0.012118236,0.00481227,0.0028218257,0.75554585,0.17362814,0.0019708644,0.0036918093,normal
0.044003505,0.008006294,0.0020935677,0.0025326603,0.77116215,0.16734827,0.0012036562,0.0036498595,normal
0.044603363,0.0072670705,0.0014895797,0.0033694676,0.7546667,0.18266183,0.0010803026,0.0048617087,normal
0.048569676,0.0071746903,0.0012828339,0.004571316,0.7269815,0.20276104,0.0010971206,0.00756177,normal
0.051853277,0.00945542,0.001694028,0.010359593,0.64678156,0.26227486,0.0017155363,0.015865788,normal
0.061825737,0.016260093,0.0033664056,0.02895245,0.5125682,0.33514404,0.0030865024,0.03879659,normal
0.08740628,0.036727697,0.010676728,0.08510922,0.34880692,0.33952948,0.006201188,0.08554257,normal
0.11794872,0.082511894,0.038015865,0.18746166,0.20177396,0.23291197,0.011654008,0.12772188,password
0.11372475,0.12599707,0.08359729,0.28412735,0.11345521,0.12301775,0.018117359,0.1379632,mitm
0.092059575,0.1298773,0.11252935,0.344408,0.07461331,0.084970325,0.02063074,0.1409114,mitm
0.07589839,0.1208342,0.11962658,0.38956633,0.05947374,0.06855382,0.022666393,0.14338054,mitm
0.06660182,0.107243806,0.111649245,0.4257783,0.054827563,0.06313344,0.024391815,0.14637405,mitm
0.066710964,0.09341539,0.09877654,0.43797323,0.059336934,0.06823745,0.025704319,0.14984526,mitm
0.08384584,0.08061415,0.088523656,0.39563406,0.08014013,0.09112187,0.027225714,0.15289462,mitm
0.13580102,0.06484469,0.079917,0.26108143,0.13588743,0.1543199,0.02797558,0.14017302,mitm
0.21304773,0.03960607,0.061698608,0.090246975,0.22496244,0.26240915,0.023593675,0.08443538,password
0.23841397,0.019001186,0.04010078,0.018631287,0.28391156,0.35057756,0.016471675,0.03289192,password
0.1876965,0.012636137,0.026900854,0.0077249473,0.3362814,0.40112406,0.013204004,0.014432121,password
0.14777164,0.007852024,0.017399153,0.0022398948,0.39470905,0.4126222,0.011796042,0.0056099864,password
0.11847072,0.0049692523,0.012326839,0.0007887917,0.43205118,0.4173093,0.011233342,0.0028505586,normal
0.09541567,0.0038266557,0.008996561,0.0005107051,0.4499251,0.429083,0.009658616,0.0025836262,normal
0.07471386,0.0037192001,0.008465256,0.00037945624,0.49504945,0.40543017,0.01027367,0.001968933,normal
0.076433554,0.003576612,0.008083036,0.00031875202,0.5207237,0.37821153,0.010749007,0.0019038399,normal
0.08041378,0.0037319122,0.008179339,0.00029722982,0.5451785,0.349426,0.010923831,0.0018493334,normal
0.06286745,0.0057339505,0.010583598,0.00038796262,0.61088955,0.29536697,0.012531724,0.001638837,normal
0.052260213,0.009044767,0.014400403,0.0005641705,0.6535362,0.25443387,0.014133962,0.001626335,normal
0.048126448,0.011133166,0.018578095,0.0006420368,0.6560643,0.24871512,0.014956607,0.0017843448,normal
0.043811988,0.012554335,0.021300716,0.0006583777,0.66176915,0.24236049,0.015745986,0.0017990216,normal
0.040807087,0.013223879,0.01989179,0.0005800188,0.6683423,0.24036053,0.015002354,0.0017920341,normal
0.040193114,0.012804647,0.018450392,0.00056613976,0.6589417,0.25276637,0.0143901585,0.0018875368,normal
0.03859354,0.011647106,0.016838001,0.00056415156,0.64298224,0.27378783,0.013506997,0.002080186,normal
0.03650877,0.009856214,0.014536448,0.0005422621,0.6216785,0.30233288,0.012229084,0.002315888,normal
0.03456273,0.007980475,0.011979828,0.0005010318,0.5961491,0.33551618,0.010725771,0.002584938,normal
0.033134986,0.0064886045,0.009762481,0.0004601758,0.56691223,0.37105885,0.009281696,0.0029010074,normal
0.032095477,0.0054935575,0.008103805,0.0004334765,0.5340415,0.408563,0.00797744,0.0032916688,normal
0.030799022,0.004915335,0.0069144676,0.0004265073,0.49534142,0.45108423,0.006759923,0.003759064,normal
0.02840313,0.0046378863,0.006017171,0.0004397128,0.44555503,0.50515527,0.0054976037,0.0042942385,password
0.024110435,0.0045609297,0.0052179224,0.00047152434,0.37764212,0.5790879,0.0041561867,0.004752944,password
0.018170005,0.004608978,0.0044156043,0.00051840005,0.2895544,0.67498374,0.0028405883,0.0049082744,password
0.012194433,0.0047366833,0.0036511011,0.00057822635,0.19679345,0.7756671,0.0018041928,0.0045748125,password
0.007828577,0.0049404684,0.003053159,0.0006562137,0.12470824,0.8536937,0.0011747465,0.0039449553,password
0.0051389746,0.0051312,0.0026100017,0.000750599,0.07976081,0.902523,0.0008449614,0.0032404705,password
0.0035622653,0.0052818432,0.0022795398,0.00086378487,0.05397764,0.93069994,0.00067556807,0.0026594934,password
0.0026028955,0.00538773,0.00201173,0.0009940161,0.038891375,0.947323,0.0005828709,0.0022063244,password
0.0020121217,0.0055130515,0.0018044105,0.0011405938,0.02982217,0.9573023,0.0005312318,0.0018740959,password
0.0016661992,0.005767409,0.0016759589,0.0013035712,0.02450323,0.96292037,0.0005101028,0.0016530255,password
0.0015012574,0.0062953057,0.001652883,0.0014850697,0.021853253,0.9651482,0.0005207641,0.0015431865,password
0.0014691934,0.0072183385,0.0017476169,0.0016869027,0.021198062,0.9645765,0.0005654373,0.0015379101,password
0.0015580195,0.009214791,0.002013586,0.0019620003,0.023094747,0.96007,0.00067413284,0.0014127358,password
0.0016634422,0.010147553,0.0021703767,0.0020465585,0.024966784,0.95698667,0.000710828,0.0013077618,password
0.0018588168,0.011420924,0.0024554199,0.0021527538,0.026676474,0.9534662,0.0007268611,0.0012425206,password
0.002152087,0.013144627,0.0028511786,0.002311172,0.028587816,0.94903386,0.00074159633,0.0011776292,password
0.002610512,0.015590289,0.0034539008,0.0025135693,0.03053204,0.94343704,0.00075075985,0.0011118609,password
0.003379465,0.019311821,0.004442568,0.0027617165,0.032567125,0.9357358,0.00075853773,0.0010430119,password
0.0049963174,0.027552428,0.006682796,0.003647912,0.033271793,0.92209923,0.0008492884,0.00090012775,password
0.008861113,0.045262728,0.0121777635,0.004965176,0.033825308,0.8931115,0.0009809718,0.000815498,password
0.023851322,0.10257998,0.03303428,0.00777112,0.034215212,0.79655004,0.0012311444,0.0007668295,password
0.10559825,0.32767242,0.15774404,0.0118469205,0.021173678,0.37381473,0.0015130654,0.00063691894,password
0.21564847,0.3992401,0.34075746,0.006570117,0.0034241949,0.03319314,0.0009156902,0.00025080048,dos
0.2514302,0.34221026,0.39383543,0.0042235614,0.0011515706,0.006190077,0.00078365696,0.00017518674,injection
0.24631979,0.33425325,0.41071138,0.0037741845,0.00081312284,0.0030479562,0.0008958786,0.00018450584,injection
0.23213305,0.33508214,0.42490935,0.003704123,0.00071507524,0.002148335,0.0010849246,0.00022303755,injection
0.21913937,0.33311388,0.4400923,0.0037009686,0.00066793326,0.0017231969,0.0012872596,0.0002751204,injection
0.21504568,0.32488522,0.45253676,0.0036599673,0.0006442938,0.001427996,0.0014705103,0.0003295902,injection
0.21167386,0.3125528,0.46823734,0.0036732166,0.0006196976,0.0012150343,0.0016340063,0.00039406505,injection
0.22777873,0.28248352,0.48226428,0.0036444725,0.00060501747,0.0010054836,0.0017664381,0.0004521016,injection
0.22032574,0.26331043,0.50870955,0.003785049,0.00055945286,0.00088492566,0.0018916937,0.00053316745,injection
0.21286522,0.24525277,0.53451604,0.0036480764,0.0004986755,0.0007634994,0.00187222,0.00058346847,injection
0.2169783,0.21038337,0.5656127,0.0035829186,0.0004257825,0.00064368715,0.0017355977,0.00063769013,injection
0.21623866,0.19694586,0.5797567,0.0037494996,0.00039369045,0.0006541975,0.0014823148,0.0007791809,injection
0.22202629,0.18309715,0.5876514,0.003919871,0.0003885715,0.0007060823,0.0012719277,0.0009387001,injection
0.22966273,0.16361952,0.5984064,0.0043875724,0.0004941732,0.00094549614,0.0012526232,0.00123155,injection
0.2529713,0.122408465,0.61184305,0.0055019567,0.0012199561,0.0020501425,0.0017501985,0.002254903,injection
0.327273,0.08124002,0.5687845,0.0060589104,0.004069273,0.005525804,0.0026874032,0.0043610423,injection
0.48603594,0.048013184,0.43096796,0.004312329,0.009853785,0.011701254,0.0030087428,0.00610682,ddos
0.5958193,0.03259605,0.32197893,0.002541386,0.015644973,0.025031758,0.0028353631,0.0035522715,ddos
0.692987,0.022031624,0.21066701,0.001431583,0.022938106,0.045163393,0.0026790842,0.0021022076,ddos
0.76237,0.01425005,0.12157774,0.00077838596,0.032512184,0.06448463,0.0025899694,0.0014370385,ddos
0.8009492,0.009340494,0.06693234,0.0004371153,0.04341978,0.07536463,0.0024219647,0.0011344167,ddos
0.8204788,0.0060816845,0.035896093,0.0002472877,0.055711105,0.07837666,0.0022313339,0.0009769958,ddos
0.83113027,0.0039007948,0.018808039,0.00013981406,0.06875494,0.07427468,0.0021020018,0.0008895207,ddos
0.822727,0.0025820816,0.010786905,8.935642e-05,0.08726901,0.073584594,0.0019528894,0.0010081353,ddos
0.8170604,0.0018938098,0.006784455,6.262003e-05,0.10293504,0.06830094,0.0018150299,0.0011477263,ddos
0.8123622,0.0014988731,0.004607011,4.7105223e-05,0.117205486,0.061214834,0.0017258949,0.0013386479,ddos
0.8020582,0.0012546994,0.0033855713,3.7792506e-05,0.13526623,0.054597378,0.0017448156,0.0016552219,ddos
0.7869089,0.0011534911,0.0027239956,3.2923217e-05,0.15599456,0.049338337,0.001793624,0.0020540915,ddos
0.78105485,0.0011804379,0.0022484332,2.9643574e-05,0.17036542,0.04080517,0.0020048055,0.0023112094,ddos
0.7668048,0.0011776964,0.0018541587,2.8177927e-05,0.1904556,0.03466837,0.0021546148,0.0028564497,ddos
0.73196125,0.001163131,0.0011760831,2.9601446e-05,0.23121622,0.025938202,0.0033099744,0.005205558,ddos
0.72695136,0.0012271516,0.0013089036,3.4107998e-05,0.23481412,0.026862694,0.0034022653,0.0053994185,ddos
0.72167474,0.0013503388,0.0014966629,4.2008847e-05,0.23880354,0.027510548,0.0035054814,0.00561673,ddos
0.71632767,0.0015438383,0.001746123,5.5434437e-05,0.24274248,0.028123636,0.0036141784,0.0058466764,ddos
0.711319,0.0018336964,0.0020821688,7.867698e-05,0.24588068,0.02902987,0.0037131503,0.0060627507,ddos
0.7078615,0.0022602957,0.0025457942,0.000119438926,0.24666946,0.0306129,0.0037643246,0.0061663007,ddos
0.7185176,0.0030232503,0.0031874338,0.00023858942,0.23279496,0.031756,0.0041870093,0.0062951352,ddos
0.74458057,0.0041607344,0.0042010127,0.00046281752,0.20269564,0.03415661,0.004255857,0.005486657,ddos
0.7941728,0.0060304794,0.0060932063,0.0008250128,0.14971529,0.03545716,0.0037650745,0.003940909,ddos
0.87567425,0.01051588,0.011128994,0.001273488,0.069937006,0.026952054,0.0025243924,0.0019939567,ddos
0.91589457,0.026338736,0.03154689,0.0015753892,0.013055772,0.009839284,0.0011219671,0.00062734465,ddos
0.83379054,0.06543908,0.09244064,0.0017717733,0.0024423208,0.0032386486,0.00062863005,0.00024838862,ddos
0.7443766,0.0916717,0.15856968,0.00161798,0.0011477087,0.0019406673,0.00052835804,0.0001472601,ddos
0.6835727,0.098820314,0.2133918,0.001228345,0.0008917489,0.0014485848,0.00054226484,0.000104274535,ddos
0.6376711,0.10582747,0.25267458,0.0011274422,0.00082355866,0.0011224311,0.00065128034,0.00010206041,ddos
0.6212517,0.109453246,0.26552618,0.001176742,0.00080100424,0.0008954897,0.00078111736,0.000114524664,ddos
0.6184712,0.10926447,0.26840782,0.0012524239,0.0008041948,0.0007501959,0.000915227,0.00013438941,ddos
0.610916,0.10807143,0.2769623,0.0013421348,0.00081094116,0.00066723087,0.0010637441,0.00016627826,ddos
0.6180341,0.10197173,0.2757853,0.0014132033,0.00083466043,0.0005799125,0.0011823408,0.00019875506,ddos
0.6256065,0.09542436,0.27457637,0.0014943699,0.00085480575,0.0005186068,0.0012887215,0.00023636712,ddos
0.624462,0.08477548,0.2865018,0.0015082996,0.0007891324,0.0004814985,0.0011914253,0.00029041272,ddos
0.65450585,0.07424199,0.26697913,0.0013577067,0.00082321133,0.0004999235,0.0012209803,0.0003711141,ddos
0.6715518,0.06444317,0.25999227,0.001248605,0.00075514923,0.00049533753,0.001019716,0.0004940046,ddos
0.6895445,0.055578202,0.2509348,0.0011698244,0.00072028465,0.00051247847,0.00085968414,0.0006801929,ddos
0.69879013,0.049739964,0.24664356,0.0013465608,0.0007955455,0.00058991933,0.0009119436,0.0011823878,ddos
0.70642334,0.045933496,0.24073827,0.0016711432,0.0011010629,0.0007813105,0.0011388693,0.002212548,ddos
0.6913443,0.04314992,0.24896836,0.00298868,0.0022955632,0.001582028,0.0019725442,0.0076985764,ddos
0.5651667,0.054797117,0.33489633,0.007823309,0.005725949,0.005449854,0.0044136704,0.02172711,ddos
0.40350637,0.06676931,0.41336814,0.019465907,0.014100985,0.018964734,0.009716751,0.054107822,injection
0.2567011,0.077225514,0.45444873,0.036532726,0.025006093,0.0457502,0.016082667,0.08825296,injection
0.16471319,0.09016685,0.47297335,0.051594242,0.03305458,0.07031498,0.02098037,0.096202455,injection
0.08840299,0.10808239,0.4905878,0.07827822,0.03087119,0.08583046,0.02527816,0.09266882,injection
0.06074765,0.1200762,0.51326686,0.083958186,0.028732192,0.094835244,0.024510354,0.073873304,injection
0.044772696,0.135369,0.53648627,0.08453043,0.02659595,0.0902303,0.023870787,0.05814453,injection
0.03600041,0.14609562,0.55057096,0.079414904,0.026330307,0.09076827,0.023207486,0.047612097,injection
0.03095888,0.15370008,0.55521744,0.07263425,0.027493723,0.09713034,0.022381058,0.040484287,injection
0.026455797,0.16648354,0.55827117,0.06704167,0.028727038,0.09479661,0.024894295,0.033329915,injection
0.02504294,0.16838284,0.5533224,0.058103003,0.032256976,0.106798254,0.02526325,0.030830408,injection
0.023407623,0.17791341,0.52899015,0.058462247,0.035139717,0.116538025,0.030029962,0.029518973,injection
0.0233212,0.17443363,0.5144662,0.051494207,0.039199468,0.13811892,0.030020226,0.028946072,injection
0.023509907,0.17014587,0.49309704,0.04451566,0.04311501,0.1681241,0.029095182,0.028397147,injection
0.02536654,0.162145,0.47982118,0.038814902,0.04329187,0.19667841,0.026803263,0.027078738,injection
0.023961129,0.16446021,0.47654226,0.039052777,0.04457787,0.19712812,0.027798505,0.026479114,injection
0.022657199,0.18406168,0.4600987,0.038045518,0.044219263,0.19271496,0.032280196,0.025922453,injection
0.020244217,0.22798923,0.43620002,0.038242266,0.04492979,0.1660753,0.04077839,0.025540711,injection
0.015275105,0.30721676,0.39298356,0.041891742,0.046658974,0.10909412,0.06273099,0.024148671,injection
0.011290161,0.38278577,0.30256003,0.04874759,0.049101155,0.068789594,0.11150935,0.025216356,dos
0.008385707,0.4379291,0.21565741,0.0371989,0.04519958,0.03699297,0.19835977,0.020276565,dos
0.0053331717,0.3946215,0.11993463,0.021756088,0.036378298,0.014902875,0.39373666,0.013336752,dos
0.002203373,0.20346326,0.03864377,0.008773456,0.018616702,0.0034144605,0.719339,0.005545976,scanning
0.0006995953,0.060821254,0.008664752,0.0025797223,0.0065723057,0.0006369912,0.91851217,0.0015132023,scanning
0.00031440327,0.019343374,0.00236667,0.0008956361,0.0028649208,0.00019113543,0.9735246,0.00049940543,scanning
0.00017499637,0.0076007014,0.000795974,0.0003804185,0.0016302915,7.072973e-05,0.98911333,0.00023343564,scanning
0.00012363125,0.0035695033,0.0002987288,0.00020107102,0.001201874,3.6991318e-05,0.99442226,0.00014594187,scanning
0.00013776,0.0018780628,0.00014853163,0.00011297084,0.0010144867,2.7004875e-05,0.99655366,0.00012752412,scanning
0.0001844019,0.0012599222,9.4996576e-05,7.879625e-05,0.0009988317,2.319307e-05,0.9972186,0.00014132973,scanning
0.00026824995,0.0010209098,7.1691175e-05,6.64735e-05,0.0010807427,2.2028331e-05,0.9972938,0.00017606882,scanning
0.00030933006,0.00071035675,4.771384e-05,5.836858e-05,0.0011974707,2.0991476e-05,0.99742234,0.000233489,scanning
0.00045814714,0.00074172963,4.8389935e-05,5.8830676e-05,0.0013119617,2.2278282e-05,0.99705887,0.00029975484,scanning
0.0005938696,0.000679063,4.5291e-05,5.972735e-05,0.001505592,2.5200636e-05,0.9967313,0.00035998452,scanning
0.0005943612,0.00070016645,4.488578e-05,6.0935417e-05,0.0013562231,2.2681477e-05,0.99686074,0.00035994596,scanning
0.00060622895,0.0007467098,4.742469e-05,6.287654e-05,0.0013776288,2.2046204e-05,0.9967541,0.0003830073,scanning
0.0006876648,0.0008102583,5.1823306e-05,6.410759e-05,0.0015389175,2.344284e-05,0.99639255,0.00043121682,scanning
0.00074222835,0.000922384,5.993044e-05,7.119692e-05,0.0015637376,2.2700417e-05,0.9961216,0.00049622974,scanning
0.00086513365,0.0010477826,7.2237446e-05,8.030492e-05,0.0016976449,2.2864364e-05,0.99562943,0.000584451,scanning
0.0009765964,0.0012038816,8.572507e-05,9.592013e-05,0.0019064783,2.389447e-05,0.995063,0.00064442557,scanning
0.0014395562,0.0015286118,0.00011947788,0.000109344386,0.002612817,3.0837386e-05,0.99338514,0.00077424804,scanning
0.0020154445,0.002128557,0.000185225,0.00014189263,0.00359242,4.305047e-05,0.9909937,0.0008996364,scanning
0.0028368712,0.0031484012,0.0003020179,0.00019595111,0.00477434,6.321457e-05,0.98762417,0.001055052,scanning
0.00501732,0.0055702594,0.0005983477,0.00033971504,0.006576865,0.00010967407,0.98050445,0.0012832897,scanning
0.025517479,0.020354705,0.0029812404,0.00095697935,0.012448762,0.00035009845,0.9354291,0.001961673,scanning
0.3015602,0.1650737,0.03991788,0.003596047,0.018058313,0.0015345502,0.46713144,0.0031278725,scanning
0.59303004,0.24031737,0.10014373,0.003389245,0.0071407286,0.0017789347,0.05273937,0.0014606174,ddos
0.6424478,0.20042391,0.14235534,0.002554851,0.003392581,0.0019327973,0.00617429,0.0007184538,ddos
0.6362699,0.1654793,0.18981457,0.0023874438,0.0021128152,0.002158346,0.0012789948,0.00049868313,ddos
0.6404208,0.13246678,0.21963285,0.002441925,0.001676344,0.0023740209,0.00054472033,0.00044254606,ddos
0.6371351,0.11487437,0.24115168,0.0023664336,0.0014405233,0.002257921,0.00036481995,0.00040916275,ddos
0.6168601,0.11188367,0.26411614,0.0024763604,0.001537355,0.0023442379,0.00034685322,0.00043527476,ddos
0.63583887,0.10696182,0.24946941,0.0023492947,0.0020055545,0.0025606728,0.00036104367,0.0004533857,ddos
0.67521584,0.099528745,0.21601643,0.0021705087,0.0030758446,0.0031105706,0.00039348475,0.0004885886,ddos
0.71452886,0.09067044,0.18216084,0.0021259265,0.005454725,0.0040227817,0.00045909593,0.00057733466,ddos
0.7811802,0.07568392,0.11983463,0.00197246,0.012632636,0.007461135,0.00050100894,0.00073398,ddos
0.8178728,0.065177456,0.07614738,0.0018933106,0.024329446,0.013087143,0.0005710802,0.00092140114,ddos
0.83212227,0.060308546,0.05954359,0.0019135459,0.027517568,0.016903559,0.0007137424,0.0009772155,ddos
0.82476264,0.06451336,0.055343144,0.0022287394,0.029109782,0.021960825,0.0010977037,0.0009838545,ddos
0.81484205,0.06278177,0.049964882,0.0024738626,0.03545325,0.031535093,0.002005145,0.0009440183,ddos
0.7974274,0.0530976,0.040928155,0.002368783,0.05114949,0.049680915,0.004438534,0.00090903713,ddos
0.78228277,0.03792904,0.027988134,0.0017897699,0.068551,0.072413966,0.008244359,0.0008009512,ddos
0.7582743,0.025406646,0.017582884,0.001179858,0.08811301,0.09450457,0.014245129,0.00069363223,ddos
0.727675,0.016695628,0.010618059,0.0007220407,0.10901065,0.11290859,0.021739926,0.00063002284,ddos
0.66566557,0.012672497,0.0066638235,0.00047366336,0.15044744,0.12854855,0.034915436,0.0006129816,ddos
0.60195994,0.010823128,0.003774551,0.0003316948,0.1965285,0.11169043,0.07433014,0.00056164805,ddos
0.5884197,0.007330372,0.0026080487,0.00021861619,0.20856582,0.09576781,0.09643999,0.000649661,ddos
0.5824732,0.0049336455,0.0018206193,0.00014582877,0.22028717,0.083098255,0.10645678,0.0007844775,ddos
0.5885813,0.0034078057,0.001311081,0.00010088965,0.23101649,0.074349746,0.10026962,0.00096303964,ddos
0.6040231,0.002535636,0.0009979405,7.441538e-05,0.24040905,0.0666093,0.084185325,0.001165273,ddos
0.6121614,0.0021850362,0.00083297346,5.971913e-05,0.25191993,0.05575528,0.07587889,0.0012067698,ddos
0.6041495,0.001988737,0.0006564891,4.9805207e-05,0.27582705,0.049697954,0.06633427,0.0012961745,ddos
0.57695127,0.0019008447,0.0005266968,4.47289e-05,0.31157893,0.04564911,0.06195999,0.001388341,ddos
0.57196784,0.0016972297,0.00046615003,4.0785028e-05,0.32364202,0.044884402,0.055674516,0.0016270237,ddos
0.56044304,0.0018394399,0.00041586655,4.0853156e-05,0.3246382,0.032852173,0.07774093,0.002029554,ddos
0.5603337,0.0018396819,0.0004165522,4.108181e-05,0.32441196,0.032744687,0.078184485,0.0020278136,ddos
0.5600466,0.0018341097,0.00041754835,4.1151037e-05,0.32454455,0.032775525,0.07831781,0.002022567,ddos
0.5596241,0.0018210345,0.00041884757,4.1010102e-05,0.3251107,0.033018358,0.077953555,0.0020124794,ddos
0.5590384,0.0017987499,0.000420363,4.062415e-05,0.3262383,0.033564117,0.07690327,0.001996128,ddos
0.55821854,0.0017657398,0.00042193945,3.9978393e-05,0.32805726,0.03451427,0.07500986,0.0019724616,ddos
0.55703545,0.0017209363,0.00042338704,3.9080882e-05,0.33068022,0.035979945,0.072179876,0.0019410986,ddos
0.5552904,0.00166395,0.00042451808,3.7962098e-05,0.33418933,0.03808227,0.06840892,0.0019025696,ddos
0.5527073,0.0015953244,0.00042518755,3.6673857e-05,0.33862802,0.040950306,0.06379868,0.0018584867,ddos
0.5489443,0.0015166734,0.00042531107,3.5285477e-05,0.34399617,0.044713378,0.058557425,0.0018114193,ddos
0.5436281,0.0014306481,0.0004248646,3.387802e-05,0.35025406,0.049484476,0.052979376,0.0017645761,ddos
0.5364089,0.0013406137,0.00042383868,3.253354e-05,0.35733742,0.05533699,0.04739857,0.0017211299,ddos
0.527065,0.0012502931,0.00042221101,3.1322263e-05,0.36515045,0.062265,0.042132355,0.0016833222,ddos
0.51508754,0.0011576125,0.0004190326,3.0257166e-05,0.37402663,0.07037231,0.037248142,0.0016584413,ddos
0.5021687,0.0010806477,0.00041659977,2.9453651e-05,0.38251635,0.078784764,0.033371843,0.0016316235,ddos
0.48816028,0.0010136154,0.00041393898,2.8845849e-05,0.3910934,0.08739866,0.030284485,0.0016067615,ddos
0.47324497,0.0009534185,0.00041046256,2.8372053e-05,0.39992943,0.09602173,0.027825331,0.0015862591,ddos
0.45967218,0.0009120794,0.00040855107,2.806288e-05,0.40775353,0.103449196,0.026221696,0.001554795,ddos
0.44728437,0.00088407414,0.00040774455,2.7858461e-05,0.41507387,0.10960981,0.025194596,0.0015176414,ddos
0.4365471,0.0008694203,0.00040853972,2.7753964e-05,0.42181945,0.11420601,0.024645481,0.001476181,ddos
0.4287499,0.0009188533,0.00049652794,2.6838054e-05,0.419118,0.12825094,0.020877538,0.001561454,ddos
0.42626473,0.0010822475,0.00066882494,3.5013192e-05,0.41135383,0.13896109,0.01985641,0.0017778577,ddos
0.4231937,0.0013678652,0.00094385445,4.8518832e-05,0.4087853,0.14446816,0.019103862,0.0020887523,ddos
0.41927844,0.0018040878,0.0013533154,7.0810245e-05,0.41074795,0.14582218,0.018413546,0.0025097074,ddos
0.4116942,0.002425175,0.0019212337,0.00010768099,0.41851225,0.1445947,0.017675877,0.0030688746,normal
0.3980288,0.0032333499,0.0026079733,0.00016881907,0.43250522,0.14297585,0.01670983,0.0037702876,normal
0.37540597,0.0041337013,0.003261288,0.00026493357,0.45325682,0.14406708,0.015088709,0.0045215394,normal
0.34158862,0.0048776893,0.0036258278,0.00039823045,0.48016372,0.1519011,0.012394332,0.0050505754,normal
0.29779258,0.004129756,0.00309237,0.00050917076,0.4894145,0.19312479,0.0073485724,0.0045882124,normal
0.24237853,0.0038391026,0.002709535,0.0006138041,0.49202743,0.25011566,0.004455168,0.0038607633,normal
0.18549646,0.0033322386,0.0021422538,0.00064507354,0.4867281,0.3163074,0.002502572,0.002845948,normal
0.14012964,0.0030277818,0.0015815926,0.00061957154,0.4946814,0.3566934,0.0013715572,0.0018950844,normal
0.11420982,0.0033822015,0.0011308254,0.0005917787,0.55402523,0.32470974,0.00077269593,0.0011776936,normal
0.09292195,0.00416352,0.0008095563,0.0006431911,0.63214326,0.26794544,0.00053770974,0.00083543564,normal
0.0677464,0.004510596,0.00056475063,0.0008050755,0.6823947,0.24274433,0.00047982065,0.00075428124,normal
0.046891958,0.0046451655,0.000408811,0.0010908976,0.7142903,0.2313609,0.0005096755,0.0008021718,normal
0.03370789,0.005055742,0.0003635263,0.0016384866,0.71790963,0.23967278,0.0006517292,0.0010002133,normal
0.028050665,0.0059230546,0.00039079637,0.0020808147,0.73234826,0.2291186,0.00079713593,0.0012907072,normal
0.025648981,0.0066189757,0.00045269233,0.0020522494,0.76701075,0.19591534,0.00094113115,0.0013598806,normal
0.025910132,0.006910126,0.0005107874,0.0014904954,0.81554544,0.14741933,0.0009934916,0.0012202152,normal
0.029526789,0.007485621,0.00062668754,0.0010484311,0.85073054,0.108490795,0.0010146901,0.0010764272,normal
0.030600524,0.006733605,0.0006265673,0.00062789285,0.87166303,0.08796078,0.00087594247,0.00091159466,normal
0.02913697,0.0054681264,0.0005399599,0.0004113033,0.882808,0.08009184,0.00075622223,0.000787504,normal
0.026099216,0.004530465,0.0004287137,0.00034810143,0.89345396,0.07365061,0.0007017817,0.00078712316,normal
0.022097522,0.0037661395,0.00030976228,0.00038054294,0.90349096,0.06838946,0.00069025654,0.00087531644,normal
0.018196981,0.0032014833,0.00021515286,0.00051293266,0.9091044,0.06705668,0.0007063026,0.0010059609,normal
0.01553465,0.002881923,0.00015907329,0.00073805655,0.91006035,0.068829685,0.0007335505,0.001062689,normal
0.0150290765,0.002898565,0.00014223112,0.00094969117,0.90627134,0.073022604,0.00073749415,0.0009489452,normal
0.017165896,0.0032380729,0.00014815835,0.0010226,0.90294254,0.07408927,0.00070445845,0.00068903406,normal
0.01780928,0.0034628736,0.00014020079,0.0009859075,0.9107792,0.06573026,0.0006499607,0.0004422979,normal
0.021232473,0.004075626,0.00014326183,0.000897572,0.9143713,0.058332182,0.000644788,0.00030269238,normal
0.02161983,0.00437287,0.00012983449,0.0008072255,0.92554605,0.046622325,0.0006692122,0.00023258527,normal
0.020474464,0.0044622947,0.00011663206,0.00075029297,0.9359119,0.03738319,0.0006999846,0.00020131387,normal
0.019269414,0.0044946666,0.00010715525,0.00071674207,0.94319654,0.031299297,0.0007307339,0.00018551954,normal
0.018326981,0.004512493,0.00010007666,0.0007007273,0.94780964,0.027614739,0.000760469,0.00017499065,normal
0.017541498,0.004510689,9.453624e-05,0.0006935354,0.9508247,0.025385128,0.00078374497,0.00016611895,normal
0.016972883,0.0045630955,9.0651665e-05,0.00069500576,0.9527252,0.024002034,0.0007935125,0.00015765442,normal
0.01563652,0.004342082,8.120565e-05,0.00067518215,0.95688576,0.021429524,0.0008126669,0.00013703655,normal
0.016044071,0.0046855104,8.503716e-05,0.00067064597,0.95940405,0.018123971,0.0008470223,0.00013961707,normal
0.015856968,0.004724782,8.327829e-05,0.0006815645,0.95994985,0.01770701,0.0008596465,0.00013687019,normal
0.01670395,0.0051669995,9.003401e-05,0.00078214874,0.956558,0.019660769,0.00090233044,0.00013568124,normal
0.017225377,0.005958634,0.00010048469,0.0009133022,0.95451367,0.020156143,0.0009862031,0.00014621149,normal
0.018619617,0.006939664,0.00011627681,0.00103057,0.9486274,0.023463089,0.0010503702,0.00015295789,normal
0.020482222,0.008425409,0.00014153584,0.0011243869,0.94015014,0.02837623,0.0011442193,0.0001559333,normal
0.022781864,0.011056876,0.00019194305,0.0011460593,0.92535055,0.037995685,0.0013272648,0.00014974925,normal
0.024196666,0.01659104,0.00036588704,0.0010074448,0.8788848,0.07666244,0.0021628968,0.00012879685,normal
0.01808793,0.017036228,0.0004784783,0.00075312296,0.8401919,0.11945038,0.0038869584,0.00011497681,normal
0.013064238,0.0152052855,0.00052417343,0.0006198462,0.8152972,0.14845085,0.006732539,0.00010599763,normal
0.011492426,0.014245081,0.0005713476,0.0006589136,0.78888726,0.17405891,0.009983521,0.00010258977,normal
0.010705546,0.013691158,0.0006094544,0.0007612357,0.7684895,0.19219027,0.013444478,0.00010838139,normal
0.009596596,0.013215903,0.00062080874,0.00086256175,0.7565644,0.20190081,0.01711716,0.00012182769,normal
0.00899078,0.013170171,0.00063007086,0.0010311996,0.7511183,0.20348087,0.021434698,0.000143897,normal
0.009030217,0.013631482,0.000610887,0.0015418094,0.7505335,0.19692516,0.027542863,0.0001840436,normal
0.009172866,0.014914694,0.00058486086,0.002771049,0.7522855,0.18173742,0.038253203,0.0002804537,normal
0.0091779,0.016205627,0.0005632938,0.004962455,0.7491184,0.1641009,0.055401396,0.00047005565,normal
0.009677981,0.01762977,0.00054743036,0.009020596,0.7361441,0.15078752,0.07534545,0.0008470595,normal
0.009835163,0.017888702,0.00049593416,0.015497806,0.7212997,0.13482623,0.09862561,0.0015308486,normal
0.009766086,0.016868355,0.00043347548,0.023631517,0.7084728,0.11732279,0.120843954,0.0026611038,normal
0.009459903,0.014750985,0.00037264105,0.03190101,0.70053524,0.10196907,0.13650857,0.004502565,normal
0.008856053,0.011780783,0.00031802367,0.037880644,0.7014975,0.0908116,0.14121144,0.007643914,normal
0.008085128,0.008350123,0.00026019113,0.04626632,0.7163149,0.07872636,0.12981229,0.01218463,normal
0.00787226,0.0064166235,0.0002242674,0.062123105,0.67515725,0.07376348,0.15580954,0.018633489,normal
0.008084604,0.0050450293,0.0002240571,0.06957218,0.6379084,0.07597849,0.17200053,0.031186653,normal
0.011465424,0.005385328,0.0003214066,0.07192768,0.66478086,0.07779303,0.11982813,0.048498146,normal
0.02325326,0.0059166662,0.0004927554,0.040968835,0.7678556,0.06100411,0.05579664,0.04471216,normal
0.043938555,0.006653257,0.0006816674,0.026653165,0.8155174,0.045559928,0.031223733,0.02977219,normal
0.06647201,0.011958077,0.0010202911,0.043373536,0.78558546,0.04694595,0.029901,0.014743614,normal
0.059040517,0.020161256,0.0013014633,0.12823027,0.67856866,0.05841944,0.04052477,0.013753632,normal
0.03852635,0.027709033,0.0015637986,0.28250778,0.5122313,0.0705801,0.05286081,0.014020828,normal
0.020175315,0.03029176,0.0016974049,0.51055294,0.29052243,0.0697492,0.0653505,0.011660445,mitm
0.009905423,0.02718473,0.0017625041,0.680076,0.14550537,0.058659438,0.067548774,0.009357762,mitm
0.005798986,0.02428326,0.0020999603,0.74985623,0.08829487,0.057107452,0.063464455,0.009094784,mitm
0.004193404,0.022653239,0.002697014,0.7669162,0.06782231,0.064035185,0.06194431,0.009738284,mitm
0.0034044348,0.020140484,0.0030998338,0.77500254,0.057346165,0.06594461,0.06579168,0.0092702955,mitm
0.0024862438,0.016312204,0.0029268595,0.8003284,0.046553064,0.057759285,0.06439806,0.009235896,mitm
0.0020934117,0.014212706,0.0028158273,0.7929151,0.049043134,0.06050931,0.06683797,0.01157256,mitm
0.0017687922,0.011650796,0.002523823,0.7819178,0.049880244,0.05938456,0.078215756,0.014658176,mitm
0.0014603834,0.009808399,0.0023390772,0.7784231,0.04458829,0.055531092,0.08942803,0.018421667,mitm
0.0012409174,0.009738694,0.002590636,0.79404217,0.031892948,0.042428285,0.09559365,0.022472672,mitm
0.0011000002,0.013836616,0.0041908813,0.83828694,0.014931128,0.021249203,0.08217011,0.024235211,mitm
0.0011960546,0.026984243,0.0112460395,0.85980576,0.006047585,0.010237942,0.059670612,0.024811707,mitm
0.0022893327,0.07466158,0.034490053,0.76140255,0.0073650223,0.008607973,0.079358175,0.031825397,mitm
0.003426937,0.11459571,0.052404407,0.67810655,0.010066425,0.007821072,0.09743979,0.03613917,mitm
0.004879235,0.16166313,0.067736655,0.5817462,0.014339125,0.007333206,0.12439538,0.03790703,mitm
0.0101580955,0.21650454,0.092759125,0.39271227,0.0293955,0.0070328424,0.18427375,0.06716386,mitm
0.01328518,0.25385544,0.12533815,0.3148746,0.03828356,0.008780313,0.17967178,0.06591096,mitm
0.017908968,0.28639925,0.16287203,0.22213987,0.05507953,0.012677826,0.1858166,0.057106003,dos
0.02444673,0.30722663,0.2021142,0.14726043,0.079150595,0.018935902,0.16933922,0.051526308,dos
0.03384317,0.31514493,0.21680473,0.0991771,0.11378357,0.028317124,0.14954358,0.04338579,dos
0.04070421,0.3266805,0.22405687,0.09595563,0.13137671,0.04099448,0.09886153,0.04137002,dos
0.057607166,0.29514834,0.19674215,0.08557167,0.1839871,0.06491417,0.067989245,0.048040185,dos
0.08383907,0.23221536,0.16356671,0.064893536,0.25335965,0.10002407,0.046342693,0.05575891,normal
0.08759322,0.2379982,0.16102031,0.055671513,0.2650915,0.103138916,0.038453788,0.051032517,normal
0.11905573,0.1529435,0.1107004,0.03420376,0.33725533,0.17350645,0.02389005,0.0484447,normal
0.13694386,0.10046117,0.08297937,0.019796614,0.35980633,0.23684375,0.016669953,0.04649895,normal
0.18385457,0.074863836,0.081380844,0.016455643,0.25485015,0.33404836,0.010454855,0.044091746,password
0.18136102,0.116690874,0.12964766,0.02707826,0.18761623,0.30115157,0.0124427015,0.04401171,password
0.16735362,0.16408868,0.18517257,0.03580128,0.14690328,0.24175705,0.014991,0.043932483,password
0.16017535,0.2021285,0.23625477,0.039682098,0.12316437,0.18465243,0.01822444,0.035718035,injection
0.17256716,0.22019199,0.26113388,0.03181691,0.11881358,0.1502957,0.017998528,0.027182344,injection
0.20855746,0.20426497,0.24954574,0.020513918,0.13524103,0.14266808,0.014887825,0.024320986,injection
0.2571625,0.15739352,0.18996848,0.010503256,0.1933184,0.1582134,0.011750218,0.021690218,ddos
0.267987,0.13782379,0.15713811,0.006893476,0.22434181,0.17850482,0.008900883,0.018410116,ddos
0.26002628,0.13634768,0.16591418,0.006599004,0.21367191,0.18989955,0.0078223385,0.019719033,ddos
0.24764787,0.13817468,0.18391477,0.006843568,0.19402093,0.19990762,0.0071861506,0.022304319,ddos
0.2360925,0.13934705,0.21280551,0.0072394907,0.16987355,0.2022845,0.0070088645,0.025348539,ddos
0.20192519,0.14827308,0.22428258,0.007834016,0.14810759,0.23251605,0.006623471,0.03043807,password
0.16250898,0.16721906,0.27980614,0.010103894,0.12130697,0.21592197,0.009290903,0.033842113,injection
0.13088064,0.18268591,0.3112012,0.012695217,0.10366756,0.21780382,0.010183989,0.030881688,injection
0.1035527,0.1980122,0.3629942,0.01696413,0.08028268,0.19786778,0.014407591,0.025918683,injection
0.08135465,0.21301351,0.41042864,0.02033954,0.06045948,0.17253563,0.020492502,0.021376118,injection
0.06702648,0.2218516,0.42817065,0.02531666,0.054160606,0.1600347,0.026559833,0.01687946,injection
0.058893394,0.224596,0.43136773,0.030293033,0.05269197,0.15605472,0.031167144,0.014935973,injection
0.054589808,0.20933622,0.46370524,0.031575773,0.054544844,0.13004601,0.04317059,0.013031483,injection
0.053396825,0.20924799,0.4407476,0.033008717,0.060265344,0.14684877,0.044282697,0.012202048,injection
0.05511438,0.20395908,0.406286,0.032507204,0.069341905,0.17828177,0.04256104,0.011948552,injection
0.056910716,0.1883485,0.3847261,0.030496445,0.07190344,0.22111705,0.036234345,0.010263489,injection
0.055138897,0.15054816,0.28920364,0.024095776,0.075204186,0.3743869,0.023553865,0.007868603,password
0.04238222,0.07598833,0.13412637,0.01284024,0.063950256,0.6562009,0.010309493,0.004202287,password
0.025315318,0.025585193,0.045870814,0.0051669604,0.039154824,0.85368997,0.0034932536,0.0017236558,password
0.012042566,0.006070387,0.011288562,0.0015596289,0.01960055,0.94780546,0.00091517734,0.0007177794,password
0.0059561315,0.0012238852,0.002464877,0.00039742957,0.008818504,0.98058885,0.00023507336,0.00031526512,password
0.004139815,0.0005145076,0.0011031581,0.00021706763,0.005615777,0.988086,0.000115699535,0.00020799358,password
0.0035148305,0.000313513,0.0007019683,0.00015464482,0.00434229,0.99073255,7.545128e-05,0.00016472737,password
0.0038144477,0.0002869395,0.0006628135,0.00012772718,0.0033122848,0.9916072,5.605017e-05,0.00013259517,password
0.005994923,0.00044561338,0.0010586295,0.00013567983,0.0029699488,0.98922837,5.177427e-05,0.00011497782,password
0.015255835,0.001182043,0.0029418734,0.00017886734,0.0031554196,0.977107,6.28314e-05,0.0001162319,password
0.051655665,0.004494289,0.011457924,0.0002938999,0.0041573383,0.9276857,0.00010361375,0.0001515501,password
0.19635177,0.022519968,0.057571743,0.0006554375,0.005787474,0.7166687,0.00019970497,0.00024519593,password
0.45591033,0.09512681,0.21423143,0.0010625995,0.0046014143,0.22852165,0.0002814269,0.0002642339,ddos
0.45965952,0.15162355,0.32438168,0.0010934593,0.002608528,0.060212437,0.00024168381,0.00017907763,ddos
0.41359973,0.1749448,0.3837901,0.0010472119,0.0018400571,0.02442576,0.00021965872,0.00013266518,ddos
0.38004562,0.17372647,0.42964065,0.0009797122,0.0015468928,0.013739135,0.00021674098,0.00010485053,injection
0.35222226,0.16809642,0.46732697,0.00092520815,0.0014383985,0.009682099,0.00022310298,8.552089e-05,injection
0.32878992,0.15864322,0.50258625,0.0008807881,0.0013634871,0.0074312747,0.00023362301,7.139552e-05,injection
0.3121622,0.14673506,0.5328325,0.00086284697,0.0012772798,0.005822788,0.00024380173,6.3598294e-05,injection
0.29968095,0.14639665,0.5460881,0.00089574355,0.0012578976,0.005372415,0.00024696943,6.126888e-05,injection
0.28589427,0.15166457,0.5546028,0.00096851855,0.0012595691,0.0053032497,0.00024404532,6.292988e-05,injection
0.27045017,0.15500061,0.5670117,0.0010532937,0.0012559497,0.004921725,0.00024071556,6.58279e-05,injection
0.2595735,0.1516639,0.58216834,0.0011087706,0.0012138735,0.003963844,0.0002490025,5.877877e-05,injection
0.2399313,0.14216328,0.6126849,0.0012882784,0.0010642495,0.002524503,0.00028964764,5.3733067e-05,injection
0.22980899,0.15330282,0.6114203,0.0016251542,0.0010344293,0.0024155795,0.00032962183,6.317324e-05,injection
0.2093951,0.17654033,0.60701376,0.0025400831,0.0012487255,0.0026833192,0.0004938656,8.476598e-05,injection
0.16945213,0.199584,0.6176758,0.0049041533,0.0025146948,0.004551101,0.0011758496,0.00014218055,injection
0.13623242,0.212888,0.6231937,0.008964015,0.0061599636,0.009104205,0.0031954169,0.0002623037,injection
0.12107989,0.21950808,0.61450166,0.012210454,0.0114644645,0.014465438,0.006367065,0.00040300214,injection
0.11453713,0.2257418,0.5968002,0.014061489,0.017982464,0.01983144,0.010498305,0.0005472195,injection
0.11077214,0.23355421,0.56987274,0.0152378185,0.02720045,0.026026025,0.01661348,0.00072313927,injection
0.1068397,0.24164581,0.5314226,0.01614787,0.041980915,0.0340913,0.026904577,0.0009672503,injection
0.10063281,0.24602725,0.47789285,0.016810127,0.06698243,0.045017604,0.0453221,0.0013148207,injection
0.09015371,0.23999292,0.40515587,0.016938714,0.108594336,0.05928741,0.07809547,0.0017815724,injection
0.07407507,0.21590234,0.31315798,0.016030654,0.17123757,0.07511199,0.13216597,0.0023184544,injection
0.053877458,0.17282675,0.21401699,0.013809146,0.24724248,0.087298274,0.20815733,0.0027715948,normal
0.0345914,0.12573627,0.13098599,0.010927974,0.31010026,0.09072173,0.29399517,0.0029411938,normal
0.020633087,0.08669926,0.07746712,0.008327013,0.34033573,0.08439422,0.3792397,0.0029038547,scanning
0.01208657,0.06092377,0.047069605,0.006458845,0.33614162,0.07261745,0.46196327,0.002738906,scanning
0.0071568363,0.045199525,0.030333968,0.0052420944,0.30687225,0.05904181,0.5436297,0.0025237524,scanning
0.0042836457,0.035380512,0.020621128,0.0044166865,0.26279497,0.045511488,0.62471765,0.0022738895,scanning
0.0025268355,0.028553728,0.014375508,0.0037413281,0.21005712,0.03258561,0.70619565,0.0019642443,scanning
0.0013532696,0.022683987,0.009749528,0.00301641,0.1467785,0.019723726,0.79515904,0.001535453,scanning
0.00082526443,0.01331193,0.006849193,0.0038244468,0.074846156,0.011551071,0.88749593,0.0012959383,scanning
0.001321403,0.013370181,0.007993623,0.0063925995,0.085587524,0.016279653,0.8672558,0.0017992359,scanning
0.001989569,0.013322027,0.0081215575,0.0103420075,0.09675065,0.019671123,0.8475356,0.0022675358,scanning
0.0028904055,0.014032027,0.007992914,0.018286131,0.10643146,0.022715641,0.82476825,0.0028832282,scanning
0.004107085,0.015669165,0.00780627,0.034535516,0.11529594,0.026353184,0.79251605,0.0037167047,scanning
0.005814155,0.017994918,0.007163266,0.07120643,0.12328242,0.028833516,0.7412267,0.0044786925,scanning
0.007740321,0.02043834,0.0065356903,0.13037314,0.1337245,0.034646776,0.6612069,0.0053342264,scanning
0.009455257,0.022067782,0.0057707042,0.20275763,0.14054798,0.04004716,0.57335806,0.0059954496,scanning
0.010638605,0.022211527,0.0048413435,0.2691932,0.14696829,0.04386623,0.4959264,0.0063543892,scanning
0.0110988775,0.020556675,0.003765296,0.3288573,0.15090185,0.04470889,0.43371084,0.006400289,scanning
0.010957431,0.01773713,0.0027732507,0.3642789,0.16082709,0.045026883,0.39203808,0.006361218,scanning
0.01135261,0.01595841,0.0021182075,0.34229454,0.20567606,0.04995023,0.36594734,0.006702517,scanning
0.010931198,0.014042973,0.0015852335,0.31262076,0.2541478,0.05204813,0.34733462,0.007289247,scanning
0.010061258,0.01221475,0.0011763907,0.27751136,0.30487403,0.052137673,0.3340036,0.008020969,scanning
0.0089693,0.010507327,0.00086844526,0.24096288,0.35540915,0.051086426,0.3232893,0.008907202,normal
0.007784575,0.008763854,0.00062678935,0.20444134,0.40463647,0.050381817,0.31332195,0.010043187,normal
0.006663279,0.0069172755,0.00043208717,0.16738588,0.45420772,0.05162901,0.30118686,0.011577891,normal
0.0061470675,0.005582482,0.0003069266,0.1350582,0.5024692,0.054806683,0.28193882,0.01369066,normal
0.011944522,0.010470925,0.00048560736,0.16227417,0.49722257,0.054177444,0.24632584,0.017098954,normal
0.21425381,0.35921553,0.021624409,0.28423828,0.057431977,0.0101225665,0.04465134,0.008462063,dos
0.15216975,0.51180357,0.062180504,0.2141458,0.020593358,0.0037538453,0.028668828,0.006684279,dos
0.14652896,0.4845636,0.07258532,0.2149945,0.031057633,0.005110832,0.03617888,0.008980313,dos
0.15651742,0.4677281,0.0812197,0.19865744,0.041616615,0.0064314604,0.037793804,0.01003556,dos
0.189527,0.46040067,0.10203447,0.13910209,0.054372855,0.008041522,0.03679399,0.009727391,dos
0.24180993,0.43654943,0.13182992,0.07075328,0.06881695,0.010673987,0.03258509,0.0069814036,dos
0.2976303,0.3782683,0.16240542,0.02829922,0.08621843,0.016331164,0.026799973,0.0040471302,dos
0.37003875,0.28025147,0.17860118,0.009253593,0.108252615,0.024880886,0.026901642,0.0018198673,ddos
0.4047744,0.21846335,0.16206686,0.0050851293,0.14383656,0.035664722,0.02874704,0.0013618825,ddos
0.41962913,0.1689799,0.1321047,0.0033615853,0.19346714,0.05015566,0.03111456,0.0011873095,ddos
0.40316755,0.12713107,0.099699624,0.0024162063,0.26249826,0.07186557,0.032045163,0.0011765776,ddos
0.38861275,0.079190105,0.061252527,0.0015021972,0.34581652,0.08778441,0.034845438,0.0009960043,ddos
0.35582325,0.038770597,0.03091196,0.0008031734,0.43107557,0.10721272,0.03457205,0.00083077326,normal
0.30083737,0.019359987,0.016899405,0.00046521827,0.48248184,0.15042284,0.028754063,0.0007792745,normal
0.24728172,0.009880016,0.009498846,0.0002800452,0.51015526,0.19893657,0.02322923,0.0007383109,normal
0.20334774,0.0054518175,0.0057647196,0.00018174032,0.5180481,0.2477018,0.018793428,0.0007106561,normal
0.16844992,0.0032892749,0.0037933937,0.00012755382,0.514916,0.2932384,0.015491044,0.0006943991,normal
0.13968983,0.002133854,0.0026486993,9.528064e-05,0.5075439,0.33411726,0.013085847,0.00068535615,normal
0.115448624,0.0014539832,0.0019071245,7.399567e-05,0.49961996,0.36949694,0.011321757,0.0006775635,normal
0.095489815,0.0010196596,0.0013757163,5.8230526e-05,0.49294966,0.3984641,0.009978528,0.000664295,normal
0.07932384,0.0007281385,0.0009682743,4.5330762e-05,0.48907036,0.420268,0.008960075,0.0006360533,normal
0.069086686,0.00061017874,0.000851262,5.440185e-05,0.45490882,0.46646562,0.007412855,0.00061025965,password
0.07379765,0.0008726157,0.0013063751,9.7980424e-05,0.43925416,0.47674724,0.007215081,0.0007089845,password
0.079732895,0.0013513917,0.0020485462,0.00018180495,0.43945542,0.46887672,0.007496055,0.00085707783,password
0.08537012,0.0021688053,0.0031875148,0.00033983594,0.4497548,0.45011052,0.0080371825,0.0010312169,password
0.089640684,0.0035061482,0.004843288,0.0006268427,0.4658522,0.42563033,0.008701259,0.001199277,normal
0.09182794,0.005583533,0.0071051093,0.0011143782,0.4846306,0.399058,0.009360516,0.0013199172,normal
0.095035076,0.008625267,0.010693021,0.0033915814,0.45638588,0.41182247,0.012050183,0.001996544,normal
0.093562655,0.012782386,0.0145202475,0.009705805,0.41465113,0.43685105,0.015557377,0.0023692788,password
0.08621,0.015569136,0.016923524,0.017319085,0.36917245,0.47618422,0.016636398,0.0019851483,password
0.07681248,0.016357675,0.017211081,0.022169732,0.3358642,0.51482964,0.015469514,0.0012856884,password
0.06729906,0.016637253,0.016637543,0.023803411,0.32575473,0.5347241,0.014339427,0.0008044352,password
0.06322283,0.019720083,0.017849058,0.02257368,0.37571886,0.48639485,0.013902161,0.0006184427,password
0.051940814,0.028479248,0.019732988,0.034421183,0.47476235,0.37220427,0.017676607,0.0007825607,normal
0.03811626,0.04299616,0.021453615,0.06895168,0.5195579,0.28181362,0.025690151,0.0014206271,normal
0.026822366,0.07111915,0.027516812,0.18408348,0.4131077,0.23418482,0.039975747,0.0031898764,normal
0.020520702,0.07098831,0.023247603,0.24409911,0.39832205,0.19128707,0.047134984,0.004400214,normal
0.011879408,0.0903788,0.030470341,0.5112139,0.16215566,0.13231973,0.054081496,0.007500611,mitm
0.006845088,0.09382483,0.036973033,0.6757789,0.055519532,0.07496494,0.047023706,0.009070015,mitm
0.0053862585,0.09582102,0.042875856,0.71853983,0.031174224,0.050995532,0.045162614,0.010044629,mitm
0.0044450047,0.09409316,0.04476416,0.74497306,0.02201228,0.034055684,0.043947723,0.011709072,mitm
0.0042996863,0.09833658,0.050032984,0.73618853,0.019792913,0.02789986,0.050195795,0.013253611,mitm
0.0039974777,0.09628258,0.05353305,0.73365766,0.016922724,0.02426862,0.05679064,0.014547173,mitm
0.003459503,0.08868476,0.05122637,0.740615,0.014165338,0.019317387,0.066600375,0.015931228,mitm
0.0029026575,0.07974068,0.0465215,0.74540514,0.011950414,0.015623875,0.08011395,0.017741771,mitm
0.0023562652,0.06769778,0.037212975,0.7525118,0.01047637,0.012130842,0.098296314,0.019317614,mitm
0.0018862791,0.056620434,0.029263863,0.73808354,0.010671373,0.01096843,0.13078956,0.021716503,mitm
0.0013103827,0.0411828,0.020970954,0.68597955,0.012154128,0.011787726,0.19916338,0.027451135,mitm
0.00091118284,0.0313771,0.01609132,0.61067545,0.0145654725,0.012795926,0.28086507,0.032718487,mitm
0.0006875591,0.025123417,0.012852624,0.5224444,0.017501669,0.0126836365,0.37421396,0.034492776,mitm
0.00058256136,0.02164266,0.011003464,0.44380865,0.02006472,0.011843567,0.4567092,0.03434522,scanning
0.0005007057,0.018412098,0.00927074,0.35525444,0.022997301,0.010524663,0.5496578,0.033382297,scanning
0.0004351392,0.015200111,0.0075575174,0.2788982,0.02557524,0.009227686,0.63181293,0.03129317,scanning
0.00037568048,0.011051282,0.004432208,0.18759044,0.029622033,0.00809334,0.73237073,0.026464242,scanning
0.00032591296,0.008090991,0.0032463742,0.12575074,0.03313154,0.007156846,0.7970871,0.025210535,scanning
0.0002870556,0.0056161014,0.0023199208,0.079156965,0.03741508,0.0058908127,0.8447251,0.02458901,scanning
0.00026224193,0.003814444,0.0016501792,0.05106932,0.040965755,0.0043850173,0.8725744,0.025278628,scanning
0.00026049322,0.004088123,0.0016685842,0.026078139,0.049201187,0.0030102346,0.89185,0.023843316,scanning
0.00025571234,0.004077388,0.001564896,0.020723328,0.05615304,0.0026262146,0.89255065,0.022048688,scanning
0.00026389572,0.004255955,0.0014415241,0.015130776,0.06989981,0.0022212197,0.88678724,0.019999636,scanning
0.00028454835,0.0047741462,0.0012914054,0.009149069,0.09815096,0.0016662192,0.8678342,0.016849367,scanning
0.00073549233,0.014905173,0.0038751701,0.010595226,0.18181351,0.0012594032,0.7575823,0.029233718,scanning
0.0016409077,0.03160808,0.008236526,0.01307653,0.22184725,0.0013878499,0.6903962,0.031806663,scanning
0.0035617684,0.054091044,0.014414214,0.0138874035,0.24105728,0.0015127506,0.64113367,0.03034196,scanning
0.0074348925,0.0788207,0.024346055,0.011414338,0.24653289,0.0016340612,0.60116994,0.028647138,scanning
0.0125921555,0.10064394,0.03178903,0.010335299,0.27749068,0.0019869064,0.5370304,0.028131656,scanning
0.018544832,0.10885813,0.03775189,0.007919482,0.31267563,0.0026587627,0.48814955,0.02344165,scanning
0.028580837,0.10068962,0.042493634,0.004039574,0.40990794,0.0038669812,0.3927904,0.017630985,normal
0.041925892,0.08074461,0.040577818,0.001809332,0.5549347,0.0067417175,0.26344416,0.009821814,normal
0.058458652,0.05322307,0.03505835,0.0007245253,0.680788,0.013762221,0.15350786,0.0044774096,normal
0.07758961,0.03233712,0.027342735,0.00037035995,0.74768627,0.02882128,0.08366231,0.0021902397,normal
0.09368056,0.020456338,0.019566696,0.00025112563,0.76815015,0.048697464,0.04787177,0.0013258432,normal
0.10633193,0.013206388,0.013546361,0.000187711,0.7674292,0.06968603,0.02868037,0.00093197526,normal
0.116007455,0.008399203,0.008855191,0.00013789479,0.76087695,0.08685293,0.018171735,0.0006986262,normal
0.13650012,0.010503687,0.017610062,0.00020339918,0.7226105,0.09781516,0.013862269,0.0008948524,normal
0.15862523,0.0068472093,0.012050541,0.00014179379,0.68685466,0.12445937,0.010251228,0.0007699507,normal
0.17947017,0.004592311,0.008488079,0.0001020846,0.6452306,0.15366666,0.0077526458,0.00069749454,normal
0.1972738,0.003170785,0.0060919197,7.643554e-05,0.6003788,0.18634585,0.005995091,0.0006672783,normal
0.20808569,0.0022397477,0.004411429,6.0910035e-05,0.5553952,0.22434194,0.004794003,0.00067102304,normal
0.21751495,0.0016286484,0.0032789002,4.9461163e-05,0.51555574,0.25735417,0.0039087674,0.0007093479,normal
0.22095487,0.0010518902,0.002161594,3.8492093e-05,0.47469693,0.29717776,0.0031103233,0.0008081248,normal
0.2843888,0.00062670646,0.0012019258,2.5984407e-05,0.44082847,0.26838917,0.002914797,0.0016241069,normal
0.29185325,0.000686236,0.00150725,4.1320018e-05,0.4180442,0.2825384,0.003225222,0.0021041483,normal
0.2889271,0.0008794388,0.002007137,6.894344e-05,0.4009396,0.30041623,0.0039390326,0.0028224867,normal
0.3040028,0.001063756,0.0025921622,9.920454e-05,0.378628,0.3060189,0.004244559,0.0033507405,normal
0.31046516,0.0014009033,0.0033894572,0.00015535671,0.3661335,0.30937374,0.004842863,0.004239065,normal
0.30222234,0.0017514935,0.0040877145,0.00027640886,0.35938385,0.32039207,0.006073608,0.0058125397,normal
0.28648362,0.0023394006,0.005007498,0.000532204,0.34708297,0.3426991,0.007457925,0.00839733,normal
0.2732042,0.003010332,0.00606774,0.0008611603,0.32525873,0.37299484,0.008161167,0.010441763,password
0.24829063,0.0037848083,0.0069089765,0.0014396906,0.30362746,0.41439,0.008635631,0.012922802,password
0.20486028,0.0040498236,0.006126399,0.0027079051,0.27995706,0.47823286,0.008696132,0.015369592,password
0.15311693,0.0041063223,0.0050170533,0.0054156384,0.24151573,0.5661059,0.008631607,0.016090844,password
0.10701302,0.0043749725,0.004085603,0.011792492,0.2014539,0.644569,0.008943796,0.017767211,password
0.072041996,0.0044892025,0.0033056554,0.021457221,0.16527064,0.704872,0.009421957,0.019141223,password
0.046412375,0.0044792043,0.0026204796,0.032964393,0.13447514,0.7487612,0.009916408,0.02037083,password
0.027662124,0.0043764957,0.0020856112,0.042929333,0.099907696,0.7949851,0.008850437,0.019203225,password
0.009469541,0.0034899039,0.001162009,0.055570427,0.05416297,0.84842896,0.006865583,0.02085058,password
0.0036930968,0.0027405939,0.00067403953,0.052609347,0.03197525,0.8811853,0.00529594,0.021826398,password
0.0026212342,0.002487197,0.00047665252,0.03896808,0.029260501,0.8985175,0.0051636333,0.022505108,password
0.0027539297,0.0025800015,0.00042906133,0.026002513,0.031986687,0.9045,0.0058784005,0.02586943,password
0.0042323167,0.0032169977,0.00048207448,0.018124959,0.044126227,0.88766956,0.007730704,0.034417197,password
0.010623569,0.0067562107,0.0009835054,0.019049766,0.07491297,0.81221575,0.012624823,0.06283331,password
0.01983471,0.012093337,0.0013276302,0.016123816,0.09652904,0.76169306,0.014510482,0.07788801,password
0.03917473,0.015004914,0.0016897507,0.011071315,0.11725494,0.72310907,0.014302364,0.078393,password
0.09100399,0.017041886,0.0022719037,0.006653456,0.12638779,0.6786198,0.015144365,0.06287677,password
0.17688462,0.017334048,0.002856376,0.0041648643,0.14392447,0.5862066,0.01557511,0.053053837,password
0.33820054,0.015925577,0.0035028222,0.0021696473,0.14593986,0.44212374,0.01547534,0.03666258,password
0.42129022,0.0122461505,0.0030181617,0.0011490077,0.15418771,0.37479135,0.013029224,0.020288153,ddos
0.543833,0.009047992,0.0026780104,0.00057268754,0.14866865,0.27166224,0.012611121,0.010926311,ddos
0.6546955,0.006891713,0.0023677808,0.00033707553,0.13809071,0.17746504,0.011938802,0.008213373,ddos
0.7370245,0.005269195,0.0021027494,0.00020830592,0.12591267,0.11203353,0.010837252,0.006611882,ddos
0.7529786,0.0041481433,0.0017959208,0.00013290007,0.13635768,0.08992805,0.010090067,0.0045686015,ddos
0.74911743,0.0034717775,0.0015201255,9.653871e-05,0.15552266,0.07732275,0.009415803,0.0035329014,ddos
0.7638705,0.0026210235,0.0014033491,6.914117e-05,0.16235176,0.057593275,0.008742422,0.003348557,ddos
0.76623964,0.0020545323,0.0012948822,5.421205e-05,0.17195006,0.047270175,0.0075995703,0.0035369517,ddos
0.758592,0.0015969512,0.0012103614,4.4772933e-05,0.18602502,0.042029146,0.0063580787,0.004143658,ddos
0.76460266,0.0013737086,0.0010754856,4.004548e-05,0.18997946,0.031585447,0.005898983,0.005444251,ddos
0.7405022,0.0010829619,0.0010914983,3.509847e-05,0.21358007,0.032715965,0.004591682,0.006400556,ddos
0.71847534,0.0009235877,0.0010977763,3.1744712e-05,0.2341908,0.034888174,0.0037084778,0.0066840565,ddos
0.6832022,0.0007930262,0.0012237878,2.9897003e-05,0.26228535,0.042975362,0.002917464,0.006572879,ddos
0.66710067,0.00078009034,0.0012897714,2.7960898e-05,0.27487344,0.047853682,0.0024660078,0.005608394,ddos
0.66458315,0.00088676176,0.0021195943,3.9804294e-05,0.26104122,0.06441252,0.0019109828,0.005006032,ddos
0.6664497,0.0010526428,0.002732467,8.002958e-05,0.25140545,0.069062255,0.0024415245,0.006775978,ddos
0.6580189,0.0013922157,0.0035583377,0.00018928589,0.2512538,0.072541185,0.003483404,0.009562807,ddos
0.63867164,0.0019108253,0.0047775484,0.00036862388,0.25914428,0.077813365,0.0044384203,0.012875292,ddos
0.60870063,0.0029639117,0.006595462,0.0010233903,0.2702186,0.083495416,0.0066860327,0.02031658,ddos
0.5823695,0.0043774205,0.008383565,0.0024231551,0.28164208,0.08496392,0.009160328,0.026679939,ddos
0.5419838,0.0068351543,0.010757062,0.0065977257,0.29329348,0.0916848,0.012809186,0.036038868,ddos
0.4872128,0.010290676,0.013179519,0.015896544,0.30640572,0.105605446,0.015359364,0.04604985,ddos
0.40694627,0.016014913,0.01480424,0.050822545,0.30843702,0.1254055,0.020845335,0.056724254,ddos
0.3065308,0.021892723,0.015198763,0.1311607,0.2841947,0.15572874,0.025552714,0.05974086,ddos
0.20868805,0.025357809,0.013541155,0.25043663,0.24193034,0.18043469,0.027761456,0.05184994,mitm
0.13032262,0.030725703,0.013837268,0.41792166,0.16388229,0.17246771,0.026071176,0.044771552,mitm
0.07159408,0.03471911,0.012374602,0.5921203,0.089633055,0.14508468,0.021239096,0.03323508,mitm
0.04455532,0.06304885,0.017771887,0.7401428,0.02797227,0.07424011,0.013282176,0.01898656,mitm
0.04838374,0.12567252,0.038269192,0.7176207,0.010663789,0.036080964,0.009877795,0.013431293,mitm
0.05333916,0.20865327,0.084112555,0.60678446,0.005546839,0.019019399,0.010584905,0.011959392,mitm
0.06525656,0.2759107,0.12282485,0.49329647,0.005116852,0.016769975,0.010228991,0.010595581,mitm
0.045698103,0.2527299,0.13578695,0.5139787,0.005499571,0.015879808,0.01491761,0.015509334,mitm
0.02596313,0.18359959,0.10546361,0.615925,0.0064742407,0.015828315,0.022746338,0.023999702,mitm
0.015126392,0.1274614,0.07252819,0.6988332,0.0074709705,0.015681578,0.031127557,0.03177072,mitm
0.0106605645,0.09701452,0.05603759,0.73832595,0.008212634,0.01550461,0.03841866,0.035825446,mitm
0.008893295,0.08045179,0.04967516,0.7560847,0.009057359,0.018273903,0.037635162,0.039928738,mitm
0.0076237964,0.06852041,0.04011119,0.7792634,0.010382257,0.020451201,0.03458223,0.039065458,mitm
0.007144914,0.06071378,0.03002552,0.7919697,0.014197405,0.023184417,0.034312405,0.03845181,mitm
0.008485089,0.059538916,0.024527676,0.76389045,0.026924891,0.032689843,0.041932914,0.042010166,mitm
0.011420716,0.06697785,0.02579827,0.69259775,0.05222632,0.04797525,0.060646463,0.04235744,mitm
0.01635529,0.083278164,0.03285422,0.5296151,0.109540045,0.088753425,0.09723275,0.042370904,mitm
0.02035284,0.09365495,0.04022944,0.29666775,0.20627756,0.14922215,0.15948772,0.03410763,mitm
0.020104535,0.081985004,0.037958536,0.11490288,0.30525452,0.18303864,0.23347683,0.023279004,normal
0.0147820115,0.05611115,0.02762808,0.029575542,0.3742541,0.17169711,0.3146592,0.0112927975,normal
0.010073857,0.039651483,0.018967526,0.011917593,0.3768795,0.13493834,0.40079027,0.0067813583,scanning
0.0067065926,0.028037868,0.01277942,0.0056964415,0.35340542,0.10197759,0.48690847,0.004488193,scanning
0.005049139,0.01783371,0.008149736,0.0027848235,0.2852869,0.067857206,0.6104223,0.0026161033,scanning
0.0027273237,0.01844605,0.007432976,0.002366833,0.22135083,0.034420084,0.7113435,0.0019123927,scanning
0.0017114008,0.019920204,0.007352204,0.0021971327,0.17930856,0.020056395,0.76783985,0.0016143027,scanning
0.0014534537,0.0126664825,0.0048352242,0.0013807869,0.14839573,0.01728805,0.8128922,0.0010880019,scanning
0.0012222241,0.01056823,0.004084107,0.0010543091,0.15293327,0.016252754,0.8129695,0.0009155924,scanning
0.0015039939,0.007751756,0.0032227894,0.0008661298,0.16050757,0.022296323,0.803039,0.0008123186,scanning
0.0011257618,0.007084787,0.0028316022,0.00078693667,0.13728178,0.017895024,0.8323019,0.0006921447,scanning
0.00080356776,0.0064868974,0.0025401835,0.00073271076,0.10980042,0.014076328,0.8649692,0.0005907108,scanning
0.00043262314,0.004937043,0.0020541376,0.0006674339,0.05725632,0.007636423,0.9265863,0.0004296951,scanning
0.0008397873,0.009243011,0.00592546,0.0022334312,0.060687676,0.014168892,0.90564924,0.0012525186,scanning
0.0014059847,0.01233296,0.010197643,0.003568611,0.06943304,0.01935154,0.8814045,0.002305714,scanning
0.002280516,0.015519586,0.015144434,0.004543693,0.08120218,0.02301338,0.8548715,0.0034246389,scanning
0.0031297025,0.017244196,0.018492848,0.0056372667,0.09760481,0.031302888,0.82106745,0.0055208975,scanning
0.004761185,0.022098705,0.025766484,0.0073665944,0.11111598,0.03489742,0.7852952,0.008698511,scanning
0.0065674153,0.025569353,0.030522011,0.009287996,0.13488774,0.046306293,0.7320043,0.014854887,scanning
0.009340644,0.03171331,0.03906121,0.012486152,0.1563321,0.05395753,0.67016554,0.02694348,scanning
0.012642921,0.03471705,0.045896824,0.013581968,0.18426886,0.07167427,0.58750147,0.049716685,scanning
0.01631382,0.03777741,0.055212516,0.015218071,0.20694916,0.09666999,0.4712071,0.1006519,scanning
0.018869665,0.038244493,0.0648364,0.01672848,0.20736493,0.12101941,0.32958812,0.20334849,scanning
0.01853884,0.033931576,0.068450764,0.016518747,0.1742416,0.12529361,0.19843458,0.3645903,xss
0.0154434135,0.025704278,0.060855277,0.013661743,0.12348531,0.102590494,0.10642456,0.5518349,xss
0.011260255,0.016835049,0.045288824,0.009450894,0.07698043,0.06816037,0.053033844,0.7189903,xss
0.0074991016,0.009932191,0.02942206,0.0057369494,0.044281524,0.03882582,0.025833596,0.8384688,xss
0.004786661,0.005584945,0.017823434,0.0032682572,0.02475076,0.02032016,0.013092169,0.9103736,xss
0.003039994,0.0031280583,0.010629729,0.0018398819,0.013966082,0.01033261,0.007187642,0.94987607,xss
0.001946939,0.0017659082,0.006348191,0.0010408838,0.008010601,0.005194584,0.0042367205,0.9714562,xss
0.001250686,0.0009917225,0.0037396243,0.0005877288,0.0045820754,0.0025421446,0.0025582507,0.9837478,xss
0.00079992396,0.0005453603,0.0021210362,0.000329344,0.0025496401,0.0011840231,0.0014981972,0.9909725,xss
0.0005691286,0.0003760217,0.0013876251,0.00023799436,0.001551412,0.0006090311,0.0009279852,0.9943408,xss
0.00042190924,0.00025766384,0.0008594103,0.00017824363,0.0009980984,0.00033964272,0.0005650695,0.9963799,xss
0.0003193843,0.00020044163,0.0005886003,0.00016851311,0.0007708738,0.00024233258,0.0004075053,0.9973024,xss
0.000252393,0.00016494052,0.00041001837,0.00016740488,0.00062151207,0.00017792684,0.00029997286,0.99790585,xss
0.00019834706,0.000111831,0.00025631176,0.0001505702,0.0004776947,0.00013671798,0.00021655386,0.99845195,xss
0.00020830556,0.00010238849,0.00020832861,0.00014694166,0.00042509634,0.00011890295,0.00016731089,0.9986228,xss
0.00023849952,9.044396e-05,0.00018178174,0.00014019125,0.00046594333,0.00015070966,0.00015492177,0.9985775,xss
0.000683513,0.00016856597,0.0003292154,0.00014249758,0.0011445963,0.00039758717,0.00022254486,0.99691147,xss
0.0031192536,0.00055161235,0.0009536777,0.0002098433,0.0053632404,0.0018492948,0.00053408224,0.98741895,xss
0.018806892,0.0025435511,0.0036660982,0.00038483064,0.034321457,0.010085954,0.0017558716,0.9284354,xss
0.07373825,0.008547357,0.010183329,0.0006091298,0.15488987,0.039720178,0.0046126856,0.70769924,xss
0.14475483,0.015167873,0.0150635205,0.00060954737,0.37913537,0.08865402,0.0070695234,0.34954527,normal
0.16606766,0.016200753,0.012985849,0.00040334684,0.5668069,0.11808057,0.0067710867,0.1126838,normal
0.14917333,0.014122977,0.0086285,0.0002333061,0.6746049,0.11738131,0.00527864,0.0305771,normal
0.122953705,0.0119800605,0.005401943,0.00014779932,0.74167293,0.104679726,0.0040401733,0.009123624,normal
0.09728463,0.010346606,0.0035050923,0.000112404305,0.7880662,0.093856394,0.003285725,0.0035429103,normal
0.07668233,0.00915374,0.002460223,9.923638e-05,0.8180263,0.0889081,0.002824724,0.0018452815,normal
0.059296012,0.008098373,0.0017655196,9.4017436e-05,0.8429164,0.0841512,0.002548596,0.0011298879,normal
0.046376906,0.0072262133,0.0013056755,9.156009e-05,0.86303383,0.07884857,0.0023483294,0.0007688271,normal
0.036342967,0.006451855,0.00097162154,9.0356356e-05,0.88041663,0.07296715,0.0022051712,0.00055422826,normal
0.028999122,0.0061423057,0.0007954,9.497502e-05,0.8952003,0.066230334,0.0021353776,0.00040212175,normal
0.030192353,0.0069254865,0.00091567106,0.00010219063,0.8935695,0.06572294,0.002176094,0.0003957378,normal
0.032050513,0.007912865,0.0010844644,0.000111478024,0.8905426,0.06568879,0.0022143798,0.00039483927,normal
0.034967635,0.009186484,0.0013265804,0.00012317656,0.88557786,0.06617569,0.0022456257,0.0003968744,normal
0.0396046,0.010934538,0.0016885315,0.00013857483,0.8776774,0.06728632,0.002270687,0.00039943418,normal
0.047397323,0.013600337,0.0022787577,0.00016028239,0.8645317,0.0693385,0.0022904174,0.00040274777,normal
0.061402995,0.018202731,0.0033595648,0.00019407793,0.8414831,0.072638124,0.002312093,0.0004073514,normal
0.089513674,0.027557522,0.005719507,0.00025410837,0.79684544,0.0773438,0.0023507199,0.0004152093,normal
0.15547816,0.051243905,0.012395025,0.00038162674,0.6956001,0.082058735,0.0024173346,0.0004251479,normal
0.31988576,0.12359889,0.037695978,0.0006809314,0.44093585,0.07447614,0.0023227104,0.00040367903,normal
0.48294535,0.26468682,0.118910044,0.0011024538,0.098404355,0.032303046,0.0014022996,0.0002457602,ddos
0.39076522,0.33759937,0.25042483,0.0014939165,0.010740595,0.008191158,0.00066052336,0.00012435167,ddos
0.30148765,0.32943195,0.35981378,0.0019010121,0.002923384,0.0038944734,0.00045803905,8.96039e-05,injection
0.2733631,0.29915753,0.41987607,0.0020682865,0.0018476563,0.003224937,0.00038834667,7.408677e-05,injection
0.2708947,0.26927868,0.45256114,0.002033923,0.0016003888,0.0032198129,0.0003474299,6.3973675e-05,injection
0.27628782,0.24468842,0.47190708,0.0019257634,0.0015171105,0.003298485,0.00031821622,5.7074838e-05,injection
0.28288433,0.22564285,0.48454088,0.0018172986,0.0014671577,0.00329757,0.00029782526,5.209128e-05,injection
0.28778285,0.21249709,0.4929833,0.0017458058,0.0014221845,0.0032352791,0.00028537572,4.8008722e-05,injection
0.29252735,0.20028524,0.50073105,0.0016817851,0.0013723314,0.0030797084,0.00027795116,4.4526598e-05,injection
0.29686967,0.18883365,0.50814337,0.0016296244,0.0013202296,0.0028870406,0.00027506694,4.1326224e-05,injection
0.29160815,0.16254787,0.5394798,0.0017474084,0.0013129001,0.0029506665,0.00030727315,4.5921395e-05,injection
0.2765141,0.15804252,0.55921614,0.0018356678,0.0011861591,0.0028518608,0.00029877367,5.474415e-05,injection
0.25285798,0.15500085,0.58560395,0.0021370603,0.001177986,0.002801524,0.00034297598,7.766755e-05,injection
0.22550857,0.14537898,0.62262803,0.0020831232,0.0011491424,0.0027480398,0.00038864385,0.00011546699,injection
0.19553801,0.13417223,0.66319484,0.0023612177,0.0011908687,0.0028591873,0.00046140503,0.00022228072,injection
0.15525186,0.13635406,0.6975034,0.003958226,0.0018190676,0.003586123,0.00086238375,0.0006648927,injection
0.11543552,0.14021407,0.7201092,0.008952029,0.003969055,0.0062079653,0.0023748616,0.0027372355,injection
0.08412113,0.13755588,0.71978325,0.020220904,0.008885526,0.011533717,0.0068814303,0.011018182,injection
0.06498257,0.13282256,0.6927411,0.0317297,0.014533399,0.017868811,0.014491496,0.030830337,injection
0.05475274,0.1279987,0.6484077,0.03911099,0.019020274,0.022000765,0.023460548,0.06524827,injection
0.05021668,0.12177319,0.599043,0.041827038,0.022619791,0.022747902,0.031629257,0.11014309,injection
0.048521526,0.11320544,0.5368526,0.039810684,0.025756357,0.022170668,0.037312247,0.17637041,injection
0.04757149,0.09865153,0.44620383,0.034011055,0.028926453,0.020702453,0.03941336,0.28451985,injection
0.044471007,0.07386984,0.3146291,0.024474237,0.031254098,0.01770421,0.035490155,0.45810735,xss
0.035777945,0.041536525,0.16459472,0.013217855,0.030226361,0.012839634,0.024754472,0.67705244,xss
0.022562627,0.016969303,0.06067505,0.0058544166,0.024514528,0.007828452,0.012681258,0.8489143,xss
0.012359945,0.0055471496,0.0180413,0.002108057,0.018765295,0.0044372533,0.0061906553,0.9325503,xss
0.0071764104,0.0022298896,0.0070097647,0.00091632,0.014036519,0.0028778445,0.00361227,0.962141,xss
0.0051760944,0.0014157209,0.0040662764,0.0006648207,0.011898745,0.0022430362,0.0027343452,0.9718009,xss
0.004139848,0.0011166701,0.0028519118,0.00056874164,0.010692058,0.0019096315,0.002346949,0.9763742,xss
0.0032209975,0.0010352879,0.001964439,0.0005552489,0.009944348,0.0016530209,0.0021708044,0.97945595,xss
0.0030986136,0.0011146298,0.0019104237,0.0007193487,0.010117778,0.0018597002,0.0021540476,0.9790254,xss
0.0035767742,0.0015926219,0.002500133,0.0010468672,0.010180104,0.0020115008,0.0025497037,0.97654223,xss
0.0036555186,0.0023053307,0.003131332,0.0017725467,0.010708353,0.002539371,0.0029994138,0.9728881,xss
0.004326744,0.003776966,0.0046497453,0.003368629,0.011608755,0.0030896934,0.0041462705,0.9650332,xss
0.0052617537,0.006683046,0.006875804,0.006403071,0.014715875,0.0044964654,0.0056997915,0.9498642,xss
0.0069907354,0.011421464,0.010815977,0.0112928795,0.018382404,0.00610067,0.00785402,0.92714185,xss
0.011947012,0.019334465,0.017616156,0.017235802,0.030710276,0.009699217,0.011087089,0.88237,xss
0.022901604,0.03396017,0.028228631,0.02393774,0.06951758,0.021968996,0.014731851,0.7847534,xss
0.051600326,0.058274683,0.044383254,0.030023374,0.18766567,0.05952748,0.019109964,0.54941523,xss
0.08689558,0.05962454,0.03691979,0.019763524,0.45134443,0.13672534,0.015237247,0.19348957,normal
0.06488998,0.025758935,0.008130191,0.00422747,0.7132893,0.15018815,0.0048527606,0.028663218,normal
0.03200565,0.007347654,0.00081793114,0.0005397391,0.8789338,0.07604772,0.0012139184,0.0030937034,normal
0.020210017,0.003689597,0.00021982174,0.00019723023,0.9254705,0.048707414,0.000649527,0.0008558978,normal
0.015023883,0.0026370103,0.000114369715,0.00014286823,0.94062537,0.04050659,0.00051879714,0.00043100523,normal
0.011732745,0.0021026887,7.4153795e-05,0.00012799728,0.9494805,0.035738513,0.00046877904,0.00027458355,normal
0.010680446,0.0021363134,6.034136e-05,0.00011841834,0.95861435,0.027661525,0.0005043789,0.00022424497,normal
0.008762598,0.0018504938,4.504744e-05,0.000118313976,0.9649353,0.023620848,0.00049806293,0.0001693787,normal
0.0071815476,0.0015270112,3.1917e-05,0.000110577465,0.97405946,0.016415266,0.00055735174,0.00011674853,normal
0.006972961,0.0016932583,3.0442747e-05,0.00010853707,0.9785256,0.011903114,0.0006504271,0.00011567294,normal
0.0078088474,0.0021886087,3.7056823e-05,0.00011725767,0.98057705,0.008345554,0.0007993125,0.0001263505,normal
0.008312863,0.002282679,4.2732492e-05,0.000116413474,0.9794812,0.008667503,0.0009569243,0.00013976438,normal
0.009608923,0.002751017,5.5960514e-05,0.00013068948,0.976655,0.009614116,0.0010239288,0.0001604661,normal
0.011801247,0.003649251,8.25134e-05,0.0001598268,0.971202,0.011744436,0.0011604653,0.00020029415,normal
0.015926607,0.005580038,0.00015034547,0.00023091752,0.95934033,0.016984202,0.0014942165,0.00029329953,normal
0.023726879,0.0095325885,0.00035153533,0.00040290036,0.9326715,0.030519672,0.0022746362,0.0005202308,normal
0.035555307,0.014958789,0.0008745119,0.0006886005,0.88509476,0.058104202,0.0037389733,0.0009848782,normal
0.048136026,0.018403409,0.0017522677,0.00089667033,0.8300783,0.09353093,0.0055838935,0.0016184598,normal
0.05943665,0.018625898,0.002756511,0.0009051876,0.783278,0.12545834,0.0073184576,0.002220901,normal
0.07026762,0.016761113,0.0036691073,0.000779934,0.746536,0.15067708,0.008646931,0.0026621402,normal
0.08235198,0.013870334,0.00434737,0.0006066984,0.71465725,0.1720092,0.009281675,0.002875522,normal
0.09738416,0.010636203,0.0046841754,0.00043527887,0.68156993,0.19347073,0.008988977,0.0028305866,normal
0.11664082,0.007621264,0.004646718,0.00029342502,0.64308405,0.21725424,0.007886999,0.0025725262,normal
0.14150687,0.0051854663,0.0042182393,0.000186055,0.60040593,0.23983562,0.006452267,0.002209543,normal
0.15784526,0.009449273,0.011153713,0.00064058043,0.53268886,0.26848286,0.014304377,0.0054350924,normal
0.18130812,0.014536411,0.020564022,0.0015835852,0.5117549,0.23358373,0.025627462,0.011041735,normal
0.20371938,0.018745266,0.028402379,0.0028093401,0.50177664,0.19194981,0.03683804,0.015759192,normal
0.22110835,0.021775266,0.032866575,0.003965018,0.497429,0.1585708,0.04688084,0.017404087,normal
0.2369962,0.026083758,0.037860323,0.004762572,0.49340266,0.13268755,0.050464027,0.017742908,normal
0.24706821,0.03045854,0.039893754,0.005133142,0.4971747,0.110020936,0.05271354,0.017537136,normal
0.26445708,0.032439426,0.0363975,0.0049706474,0.49920085,0.0938759,0.049737982,0.01892064,normal
0.28328985,0.036649786,0.03556892,0.0055969544,0.48600963,0.080817975,0.05016682,0.021900129,normal
0.29024503,0.033621795,0.030033264,0.0053306744,0.49942127,0.073797494,0.046284188,0.021266375,normal
0.2898495,0.043441795,0.035406154,0.006453578,0.48179954,0.071247384,0.047604565,0.024197485,normal
0.28642774,0.054469075,0.041163478,0.0073581664,0.46758595,0.06990782,0.047091942,0.025995897,normal
0.28129873,0.06641727,0.047072016,0.007840118,0.45744753,0.06864538,0.044592973,0.026685935,normal
0.27791095,0.079207905,0.053155553,0.008323041,0.44437522,0.0672327,0.041625004,0.028169611,normal
0.28394443,0.089674056,0.0573235,0.008390306,0.4312798,0.06537592,0.03482677,0.029185198,normal
0.30712494,0.11807598,0.071916334,0.008923208,0.36589557,0.07359335,0.0222897,0.032180928,normal
0.40855098,0.2142766,0.13858417,0.010767281,0.12795216,0.06681091,0.0078141475,0.025243714,ddos
0.41772786,0.27789584,0.22843474,0.008690713,0.022449289,0.03286342,0.00211062,0.0098275095,ddos
0.37390837,0.27838352,0.316854,0.006085905,0.0055854353,0.014544365,0.0008731813,0.0037652,ddos
0.31611487,0.25650647,0.41310522,0.004258789,0.0017520831,0.006109545,0.00047658634,0.0016763797,injection
0.26969662,0.22962253,0.4918455,0.0033210209,0.0008490793,0.0032413742,0.00035327536,0.0010706158,injection
0.24569485,0.20980635,0.53703934,0.003058349,0.00067735085,0.0023292843,0.0003662082,0.0010282622,injection
0.23431474,0.20221892,0.5561593,0.003209644,0.000645738,0.0018177739,0.00041293906,0.0012209038,injection
0.24009404,0.19163431,0.5607384,0.0035139988,0.0006443846,0.0014521731,0.00046471832,0.0014580451,injection
0.23510331,0.18493937,0.57240206,0.0036439663,0.00061851373,0.0012556394,0.00045990304,0.0015772581,injection
0.23005365,0.17194235,0.59074044,0.0037585248,0.0005642836,0.0010456404,0.00044160694,0.0014535338,injection
0.22755776,0.15803513,0.6072948,0.0039054477,0.00052459526,0.0010205677,0.00037887212,0.0012827874,injection
0.24707381,0.118842736,0.62804836,0.003636715,0.00041436803,0.0007714984,0.00034649356,0.0008659147,injection
0.2484727,0.116811424,0.62883353,0.003575145,0.0003693039,0.0008339403,0.00031087876,0.0007930218,injection
0.2571968,0.11260775,0.62422115,0.003624773,0.0003585106,0.0008602888,0.00033321726,0.00079755386,injection
0.23503362,0.11958605,0.63830745,0.0045615295,0.00032283698,0.0012480408,0.00028268815,0.0006577833,injection
0.23954758,0.12004759,0.6318097,0.005703522,0.00031724334,0.0015046548,0.00033134193,0.00073841907,injection
0.23938768,0.1247965,0.62376374,0.008405277,0.00034353556,0.0019226884,0.00042530478,0.00095524435,injection
0.22760105,0.12974015,0.6244556,0.013037394,0.0003864401,0.0030052047,0.00052288483,0.0012512573,injection
0.16115342,0.15821168,0.63533753,0.03518394,0.0005529209,0.0064646653,0.00085960055,0.0022361502,injection
0.08659569,0.19296265,0.5844764,0.1143217,0.00091026054,0.014459147,0.0018914148,0.004382706,injection
0.037212916,0.17740814,0.416161,0.3165949,0.0016319898,0.03804907,0.003980748,0.008961283,injection
0.014985397,0.12183905,0.22616784,0.5347246,0.0026020077,0.079738624,0.0068999184,0.013042651,mitm
0.006083176,0.058691476,0.09185389,0.6121318,0.005020519,0.19879034,0.0114680985,0.015960783,mitm
0.0028904795,0.021281814,0.023322353,0.34535584,0.019844659,0.5571311,0.016450532,0.013723318,password
0.0017101615,0.0063228332,0.004427352,0.08757219,0.06970393,0.8084409,0.015157999,0.0066645853,password
0.0014424925,0.003379066,0.0017778692,0.032242514,0.12751216,0.81562495,0.013541791,0.004479253,password
0.0016503313,0.002776794,0.00095616473,0.012046915,0.27780446,0.68702066,0.014949874,0.0027948264,password
0.001955038,0.003813941,0.00089905324,0.009057003,0.44801036,0.51419437,0.018912453,0.0031578408,password
0.002267145,0.0052840896,0.00090606784,0.008959672,0.57805806,0.38053235,0.021335943,0.0026566866,normal
0.002739672,0.0075366143,0.0010811433,0.012275551,0.6345107,0.30758542,0.03071562,0.0035552657,normal
0.003363193,0.015934981,0.0021028847,0.042220008,0.5770384,0.2753237,0.074986726,0.009030153,normal
0.0038166437,0.031775955,0.0047912807,0.1686986,0.37887302,0.21142459,0.1729385,0.027681448,normal
0.0033794593,0.03636419,0.0058734557,0.3107253,0.25357363,0.1248653,0.22327231,0.04194635,mitm
0.00289434,0.035766218,0.0062563824,0.4358158,0.1655523,0.07478806,0.22655936,0.05236759,mitm
0.002584874,0.035402294,0.0069462107,0.52098453,0.11834105,0.054165624,0.20252126,0.05905411,mitm
0.0028746873,0.043946497,0.011150274,0.57808757,0.07044281,0.028264632,0.19707562,0.068157904,mitm
0.0025724592,0.04559111,0.014760655,0.66300005,0.03949835,0.021236962,0.1480496,0.06529082,mitm
0.0024787895,0.04648898,0.02057295,0.7173725,0.023418132,0.019793743,0.10747046,0.06240446,mitm
0.0028531651,0.041027904,0.023271866,0.70355606,0.02235092,0.0222435,0.10105813,0.083638474,mitm
0.0050786915,0.027914599,0.023393372,0.58795285,0.035938565,0.042644065,0.10658929,0.17048849,mitm
0.011868085,0.015013407,0.019507214,0.31413397,0.07229721,0.081604816,0.09793379,0.38764146,xss
0.02124894,0.00831045,0.014616871,0.107705995,0.09432232,0.08133523,0.061103728,0.61135644,xss
0.027020603,0.005331644,0.010775852,0.034537956,0.08491495,0.051192958,0.032059204,0.7541668,xss
0.029455854,0.0059655434,0.011181128,0.023307953,0.08390624,0.041123886,0.020071302,0.784988,xss
0.038982075,0.0056710257,0.009414714,0.009184093,0.08205858,0.022413407,0.013249956,0.8190261,xss
0.042172566,0.00646492,0.009964719,0.008774713,0.08566531,0.023928113,0.010139344,0.8128904,xss
0.043128945,0.006847499,0.009670066,0.007584216,0.092709064,0.022014773,0.009016049,0.8090294,xss
0.047265176,0.0074308035,0.010107637,0.0069442405,0.10178377,0.024835974,0.008251362,0.7933811,xss
0.07934509,0.012218815,0.016809529,0.008975569,0.13180119,0.036439225,0.011300476,0.70311016,xss
0.16239215,0.044880114,0.055558726,0.019651093,0.18370323,0.06565201,0.022087576,0.44607517,xss
0.17387779,0.07514293,0.08856411,0.028826479,0.19352187,0.074577436,0.02355368,0.34193575,xss
0.1663457,0.11225692,0.12618576,0.040501796,0.19223255,0.09495636,0.024708409,0.2428126,xss
0.15224563,0.15375654,0.17384832,0.05694683,0.16693829,0.1127335,0.026633883,0.15689701,injection
0.1390833,0.17155102,0.203685,0.06317341,0.15753493,0.13650997,0.027089978,0.10137236,injection
0.12686262,0.16001123,0.20703796,0.061152063,0.15565872,0.17324765,0.025513962,0.09051578,injection
0.11704064,0.13256237,0.18102147,0.055012498,0.16822127,0.22991633,0.024353856,0.09187154,password
0.10570135,0.09475557,0.1431213,0.04336652,0.17834821,0.29209214,0.02279112,0.11982381,password
0.08289686,0.05805978,0.09132476,0.03457008,0.18068647,0.33923155,0.022241268,0.1909892,password
0.055648822,0.035096366,0.05165874,0.029625216,0.15260085,0.30801493,0.021705367,0.34564963,xss
0.027177038,0.017781371,0.024668615,0.025365435,0.093262225,0.2113975,0.018138548,0.5822093,xss
0.012541463,0.009704326,0.012344824,0.021403192,0.049029168,0.11828706,0.013969139,0.7627209,xss
0.005481314,0.005141061,0.006009265,0.01714024,0.024532212,0.058627706,0.010498175,0.8725699,xss
0.0024971475,0.0028342626,0.003077123,0.0140288975,0.012698643,0.029813489,0.008279587,0.92677087,xss
0.001220905,0.0015029529,0.0016413253,0.0100152595,0.0068595,0.016627306,0.0063348617,0.95579803,xss
0.0005657636,0.0008459651,0.0008916072,0.0064188703,0.0030624878,0.00722619,0.0042003645,0.97678876,xss
0.00026937886,0.00042177807,0.0005105523,0.005221006,0.0015574509,0.003722317,0.0037483252,0.98454916,xss
0.00014172094,0.00024598176,0.0003080058,0.0030382546,0.00070096884,0.001649999,0.0022894207,0.9916257,xss
7.666758e-05,0.0001407887,0.00015560516,0.0019985165,0.0004608415,0.0010628663,0.0015813208,0.9945234,xss
4.9005528e-05,7.678922e-05,7.443872e-05,0.0009776042,0.00037270194,0.00056498643,0.0010134678,0.99687105,xss
3.2182532e-05,4.4501572e-05,4.8695216e-05,0.0006963643,0.00020217897,0.0003568993,0.00074843375,0.9978708,xss
3.0699455e-05,3.1897154e-05,4.8477774e-05,0.00070563075,0.00013599623,0.00022183919,0.0008840625,0.99794143,xss
3.791461e-05,2.4597713e-05,4.6267465e-05,0.000582637,0.00014077612,0.0001430121,0.0011170361,0.99790776,xss
4.5737037e-05,2.6842528e-05,4.7670743e-05,0.0006813541,0.00016261447,0.00015622037,0.0011845992,0.9976949,xss
5.449505e-05,3.4231263e-05,5.2807078e-05,0.00095963856,0.00022137848,0.00018754386,0.0015414605,0.9969484,xss
5.8905414e-05,4.026159e-05,5.494265e-05,0.0013612055,0.000281818,0.00022652102,0.0018590575,0.99611723,xss
6.0630508e-05,5.0689563e-05,7.130454e-05,0.0020078784,0.00034267787,0.00027884284,0.0026384674,0.99454945,xss
6.942364e-05,6.5151704e-05,0.000101903286,0.0029315352,0.0003812779,0.00032646893,0.0032521829,0.99287206,xss
8.523639e-05,9.7311735e-05,0.00013470076,0.0047574993,0.0005164943,0.00042876968,0.004233567,0.98974645,xss
0.00011724528,0.0001422149,0.00016929705,0.007891169,0.000668293,0.00052580575,0.0049361684,0.98554987,xss
0.00018196431,0.00019210647,0.00021437669,0.011570207,0.0010062357,0.0006449673,0.006252605,0.9799375,xss
0.0024561984,0.0027915111,0.0029190085,0.041298173,0.0015775142,0.0009160648,0.013419649,0.9346219,xss
0.16132963,0.17458336,0.16135296,0.13241655,0.0029996098,0.001493294,0.031477045,0.3343476,xss
0.27733165,0.28550014,0.25511444,0.076846324,0.002143067,0.00095422845,0.018176313,0.08393383,dos
0.37149873,0.27452403,0.2593443,0.04435424,0.0021192539,0.00079040567,0.0131695885,0.034199394,ddos
0.3952057,0.27930638,0.26825216,0.028522996,0.0021778839,0.0007589588,0.010342612,0.0154333105,ddos
0.46765468,0.24546322,0.25419164,0.015055453,0.0023301682,0.00068535836,0.007972841,0.0066466746,ddos
0.48551613,0.24226342,0.24709405,0.0114024645,0.0025042428,0.00070653023,0.0067647374,0.003748414,ddos
0.4849703,0.2509926,0.2422465,0.009673831,0.0024907344,0.0006621274,0.006651183,0.0023126719,ddos
0.5227169,0.24014314,0.21729334,0.00896773,0.002536971,0.0006300591,0.0061743716,0.0015374285,ddos
0.5265052,0.24216343,0.21119262,0.009889052,0.0025839356,0.000620309,0.005809236,0.0012362562,ddos
0.5315247,0.25740123,0.19047451,0.01054741,0.0027036709,0.0005902786,0.005704217,0.001053925,ddos
0.50355005,0.2805227,0.19719845,0.009851512,0.0022906507,0.000559683,0.004961341,0.0010655879,ddos
0.4967363,0.29022813,0.19622815,0.008945743,0.0020031878,0.0005814229,0.0041023637,0.0011747491,ddos
0.502558,0.29532605,0.18717165,0.007777641,0.0018650518,0.00057491777,0.0035429443,0.0011836587,ddos
0.5086148,0.29619235,0.18279979,0.0062690433,0.0017181707,0.0005844079,0.0027988153,0.0010226191,ddos
0.5067074,0.30210018,0.18058848,0.005345956,0.0015387075,0.00070961035,0.0022949455,0.0007147358,ddos
0.49710953,0.32068878,0.17216833,0.0050813556,0.0013767695,0.0011142222,0.002141442,0.0003195755,ddos
0.4662271,0.3591705,0.1617347,0.005820848,0.0015046557,0.0027038848,0.0027307605,0.00010758946,ddos
0.37631065,0.45905712,0.13922566,0.0112097915,0.0019240497,0.007259792,0.0049390183,7.394558e-05,dos
0.38151842,0.502303,0.09667552,0.006742547,0.0017933793,0.0058199028,0.005103085,4.4081546e-05,dos
0.34652597,0.55746526,0.081246324,0.0046552517,0.0014699613,0.003973582,0.0046163686,4.726555e-05,dos
0.35216627,0.56462145,0.069085576,0.004166691,0.0015738453,0.004253682,0.0040973634,3.5147117e-05,dos
0.36379465,0.5621393,0.061259672,0.0031408644,0.0016724651,0.004408908,0.003557023,2.7097449e-05,dos
0.25800037,0.6734544,0.055225708,0.0041299053,0.0013977999,0.0038271972,0.003919147,4.549707e-05,dos
0.18963037,0.7506345,0.046063233,0.0045196363,0.0012475795,0.0033998266,0.0044397744,6.509458e-05,dos
0.14442685,0.80399793,0.037850313,0.004563574,0.0011401931,0.0032327762,0.004698034,9.030328e-05,dos
0.10988039,0.84695524,0.02960055,0.004194646,0.0010496365,0.0030224428,0.0051777777,0.00011927442,dos
0.10022094,0.8640228,0.023480713,0.003306944,0.0010600386,0.0028683343,0.00491152,0.0001287018,dos
0.09348984,0.8747902,0.020457642,0.0030726404,0.0010780023,0.002899516,0.0040997243,0.000112516966,dos
0.0688486,0.9023238,0.016197572,0.003968458,0.001199703,0.0032534793,0.0041023707,0.000106014246,dos
0.06166798,0.910123,0.011505838,0.005795977,0.0017640948,0.003548133,0.0054636733,0.00013133582,dos
0.047161475,0.9198086,0.009151512,0.008387665,0.0026899558,0.0044292635,0.008219076,0.00015235183,dos
0.0411783,0.9144049,0.0075872494,0.0122118285,0.004014585,0.006656651,0.013761492,0.00018509202,dos
0.039611734,0.8968626,0.006780183,0.016010748,0.0058862683,0.010931276,0.023718314,0.00019884277,dos
0.041481264,0.87155336,0.0062862616,0.017537942,0.0074719577,0.01563677,0.03981945,0.00021301486,dos
0.047033675,0.8368774,0.0064434726,0.018487068,0.008814964,0.020071223,0.062039305,0.00023290972,dos
0.054858074,0.78518766,0.006699583,0.018120406,0.01033658,0.023613691,0.10092646,0.000257488,dos
0.06398591,0.7068076,0.007005949,0.01653843,0.011929039,0.024087189,0.1693447,0.00030123044,dos
0.075576104,0.59581023,0.0074227285,0.013359083,0.013397237,0.019718217,0.27433732,0.0003790503,dos
0.071568735,0.43348184,0.0066359662,0.008881293,0.0141215,0.01581149,0.44914,0.000359129,scanning
0.058282156,0.2724179,0.005141766,0.0051012095,0.013061635,0.010649602,0.63503325,0.0003124974,scanning
0.041494764,0.1510112,0.0034909334,0.0025773507,0.010983291,0.0062205265,0.78396606,0.00025576146,scanning
0.03641794,0.09596911,0.0026790204,0.0016064981,0.009436769,0.0037777468,0.84984404,0.00026891203,scanning
0.03836856,0.064518735,0.0022203724,0.0009515747,0.008892886,0.0020845335,0.8826517,0.00031156393,scanning
0.030939318,0.03464674,0.0014964327,0.00045416324,0.0075958604,0.0011792132,0.92342895,0.00025924493,scanning
0.02712082,0.017454047,0.0009810264,0.00020748226,0.007015388,0.0006962852,0.946301,0.00022403289,scanning
0.029077627,0.009246627,0.0006615662,0.000109450884,0.00800212,0.00052772206,0.95215636,0.00021852413,scanning
0.039836414,0.005350908,0.00046954153,6.698547e-05,0.012588617,0.0005802594,0.9408482,0.0002591413,scanning
0.09838269,0.0040287334,0.00041188908,5.1997642e-05,0.039741922,0.0014629666,0.85543257,0.00048725825,scanning
0.41708815,0.0028371958,0.00042016883,5.2196854e-05,0.3013798,0.017400054,0.2593289,0.001493484,ddos
0.5301433,0.0024083485,0.00037708643,5.1474275e-05,0.27767572,0.017606322,0.1692635,0.0024741902,ddos
0.5685936,0.0022410266,0.0005483383,5.5219192e-05,0.30609882,0.03352016,0.086511046,0.0024317922,ddos
0.5620921,0.0027214587,0.00077616534,7.2637726e-05,0.3079625,0.038418505,0.08502884,0.0029278244,ddos
0.5507918,0.0034699854,0.001144652,0.000100543824,0.3141702,0.04345343,0.0832904,0.0035790354,ddos
0.5331905,0.004611717,0.0017464667,0.00014586926,0.32619852,0.048682768,0.08095361,0.004470563,ddos
0.5077276,0.0062948577,0.0026900035,0.00022301929,0.3448556,0.054238882,0.07825416,0.00571581,ddos
0.47260296,0.008595837,0.0040276716,0.00035284378,0.37161058,0.060604993,0.07482421,0.0073808376,ddos
0.42640048,0.011354269,0.0056209597,0.00055573025,0.40843254,0.06877688,0.06950829,0.00935085,ddos
0.36841553,0.013915935,0.006995146,0.00082149636,0.45753762,0.08073795,0.060487762,0.011088573,normal
0.2988207,0.015075406,0.0074363598,0.0010590679,0.519307,0.100078344,0.046690334,0.011532794,normal
0.22002217,0.013801116,0.0065112473,0.0011074136,0.587291,0.13125631,0.030177979,0.009832783,normal
0.1420183,0.010642459,0.0046237484,0.00091418927,0.6462425,0.17287724,0.01600065,0.0066808355,normal
0.07896452,0.0075945407,0.0027406483,0.0006264689,0.6983966,0.20077953,0.00716721,0.0037304058,normal
0.039852913,0.005849899,0.0014621463,0.00039736214,0.7682697,0.17931274,0.0029956892,0.0018595664,normal
0.022019207,0.004710008,0.00081596465,0.0002629797,0.8254831,0.14411272,0.0015537696,0.001042299,normal
0.01421688,0.0036338647,0.00050098234,0.0001880984,0.8536025,0.12605827,0.0010806663,0.0007187073,normal
0.010154222,0.002889861,0.00033240044,0.00014787709,0.87422985,0.11076487,0.00091156794,0.00056936644,normal
0.0074729277,0.0021556027,0.00020699736,0.0001222213,0.9000749,0.08855676,0.00093517266,0.00047546029,normal
0.0060430607,0.0017124242,0.00013891877,0.000100556776,0.9295292,0.061035402,0.0010660045,0.00037443268,normal
0.0054068854,0.0014667772,0.000108582724,8.069883e-05,0.94935155,0.041986372,0.0013011742,0.00029796376,normal
0.005275404,0.0014930714,0.00010753795,6.755067e-05,0.9624906,0.028835842,0.0014589186,0.00027109805,normal
0.0055423114,0.0016636805,0.00011916556,7.244221e-05,0.9729388,0.017593272,0.0017854748,0.0002848651,normal
0.0057574287,0.0018181728,0.00012799806,9.978695e-05,0.9729681,0.016963879,0.0019416463,0.00032295016,normal
0.0063208197,0.002278445,0.00015304594,0.00017260291,0.9704554,0.017900229,0.0022939262,0.00042550013,normal
0.0080208,0.0035198547,0.00023857923,0.00038157697,0.96249413,0.021483285,0.0031893079,0.0006724221,normal
0.012934086,0.007452357,0.0005825776,0.0011768576,0.9373578,0.033546377,0.005606405,0.0013435273,normal
0.027032195,0.022016859,0.0024001556,0.00518117,0.8573487,0.07009366,0.012578446,0.0033488553,normal
0.060595635,0.07067696,0.0129813375,0.025937252,0.635131,0.15631485,0.029767076,0.0085959155,normal
0.09281991,0.118919596,0.034355015,0.060268227,0.41196173,0.22273031,0.04562369,0.013321468,normal
0.11485547,0.109038055,0.039971855,0.05597362,0.36592716,0.25346217,0.048350707,0.012421008,normal
0.13585462,0.06912859,0.031026753,0.026379252,0.39731574,0.28924516,0.04291641,0.008133566,normal
0.14847079,0.032165863,0.018550739,0.0072408332,0.43028444,0.3253345,0.033846,0.0041067773,normal
0.15154865,0.013464228,0.010068173,0.0017777354,0.4408607,0.3528762,0.02729771,0.0021066843,normal
0.1516468,0.0063443584,0.0058323187,0.0005830118,0.43445972,0.3759748,0.023814794,0.0013441847,normal
0.15298873,0.0035796394,0.0037921842,0.00027095655,0.4225262,0.39435244,0.021433588,0.0010562732,normal
0.1562083,0.002328747,0.0027168032,0.000159792,0.4119717,0.40641132,0.019254204,0.00094911834,normal
0.16002278,0.0016692608,0.0020855495,0.00010902816,0.40405455,0.41396004,0.017176995,0.0009218066,password
0.16596556,0.0012512598,0.0016639687,8.031577e-05,0.3996979,0.415331,0.015070614,0.0009394074,password
0.15272784,0.0009883482,0.0013111456,5.9376012e-05,0.42223573,0.4090666,0.012808646,0.00080234726,normal
0.14131927,0.0008341353,0.0011054223,4.6648456e-05,0.44784787,0.39689118,0.011242403,0.0007130247,normal
0.13050042,0.0006753955,0.00085963664,3.6094883e-05,0.4681577,0.38966697,0.009474961,0.0006287446,normal
0.12382573,0.00059569767,0.0006903224,4.6627458e-05,0.44059986,0.4231001,0.010232703,0.0009089946,normal
0.12296027,0.00089099695,0.0011069105,8.501211e-05,0.39929178,0.46179792,0.01249653,0.001370586,password
0.13181083,0.0011176987,0.0015453359,9.548266e-05,0.36528072,0.4857441,0.012458585,0.0019472659,password
0.14453107,0.001417604,0.0022280833,0.00010512206,0.33717003,0.4994225,0.012243602,0.0028819293,password
0.16445413,0.0018787998,0.003526526,0.00013714362,0.32498646,0.48681659,0.013019158,0.0051811673,password
0.17684075,0.0023901546,0.004915374,0.00022096209,0.3259024,0.46510866,0.015414942,0.009206725,password
0.18154079,0.0030693682,0.0066309865,0.00032752127,0.30759093,0.4639097,0.017509356,0.019421278,password
0.18005657,0.0045111333,0.00938214,0.0006447428,0.3018317,0.43486264,0.02178378,0.046927262,password
0.17936985,0.004981179,0.010729132,0.00080658897,0.2895769,0.3913154,0.02285846,0.10036256,password
0.15979584,0.0052206903,0.011185507,0.0010531876,0.25738883,0.32684207,0.022964137,0.21554975,password
0.11712126,0.004737874,0.009848153,0.0012988083,0.19341007,0.23477574,0.020280348,0.4185278,xss
0.061088417,0.003614081,0.0071567926,0.0015007266,0.103586465,0.13546553,0.013925365,0.67366266,xss
0.023024991,0.0021891152,0.0039136684,0.0015637515,0.042178534,0.057790775,0.0077200127,0.8616192,xss
0.008351263,0.0011509449,0.0019838053,0.0012806827,0.015860848,0.023930274,0.004008117,0.9434342,xss
0.0027597263,0.0005333416,0.0008986479,0.0009742923,0.0056066043,0.008752502,0.0019987633,0.97847605,xss
0.001028294,0.00026113552,0.00045818958,0.00071862777,0.0021727264,0.0035644982,0.0011546072,0.9906419,xss
0.0004218482,0.00015727655,0.00029605787,0.0006564608,0.0008917722,0.0016483398,0.000766395,0.99516183,xss
0.00022367266,0.00011921657,0.0002414968,0.00069455,0.0004733399,0.0009058942,0.0006397968,0.9967019,xss
0.00014261642,9.165833e-05,0.00019900929,0.00064171955,0.00029948773,0.00052752387,0.00056918454,0.99752885,xss
0.00011162248,8.106533e-05,0.00018125775,0.0006326725,0.00023495137,0.00034162847,0.00056649843,0.9978503,xss
9.083241e-05,6.706413e-05,0.00015722627,0.00057895214,0.00019293676,0.00021602493,0.00054899545,0.99814796,xss
6.056457e-05,4.986378e-05,0.00012312485,0.0005550743,0.00016285856,0.00016923227,0.00049817224,0.998381,xss
4.9467286e-05,4.3888245e-05,0.00010849876,0.0005953443,0.00014797499,0.00015671634,0.0004791705,0.99841905,xss
5.2129002e-05,5.515822e-05,0.00013404335,0.0007514897,0.00017261693,0.00017609372,0.00059187366,0.9980666,xss
7.7018805e-05,8.22854e-05,0.00019929736,0.00094566046,0.00023154182,0.00022361943,0.00080800924,0.99743253,xss
0.00011964373,8.005834e-05,0.00014768816,0.00067685026,0.00037213988,0.00026563392,0.00077223347,0.99756575,xss
0.00077455107,9.319248e-05,0.00016974389,0.00033521006,0.0010012583,0.00053348055,0.0012883648,0.99580425,xss
0.006683436,0.00027016338,0.00046613964,0.00040819895,0.0046392353,0.0017139188,0.003821042,0.9819979,xss
0.04770452,0.00072004576,0.0012089335,0.0005348013,0.019041479,0.005987546,0.010479424,0.9143232,xss
0.138774,0.0012669407,0.0018700624,0.0006211137,0.052486647,0.01553528,0.019149743,0.7702963,xss
0.28902876,0.0017806415,0.0022647139,0.00061117334,0.11112145,0.03165429,0.028350301,0.5351887,xss
0.42431563,0.0019932596,0.0021118633,0.0004935468,0.18137701,0.048567966,0.03349748,0.30764318,ddos
0.5419225,0.0018775094,0.0016959013,0.00032382604,0.22276536,0.055052422,0.036756467,0.13960601,ddos
0.596313,0.0016077075,0.0013278686,0.00021649992,0.23671563,0.059346754,0.03609231,0.0683802,ddos
0.61743146,0.0014416344,0.0010384633,0.00014549193,0.24870872,0.06316181,0.03643334,0.03163908,ddos
0.61263067,0.0012745399,0.0008014429,0.000103288054,0.26638642,0.067420386,0.034819346,0.016563935,ddos
0.5842491,0.0011974055,0.0006004939,7.131807e-05,0.29677796,0.07300321,0.036387537,0.007712933,ddos
0.5602184,0.0010573942,0.00049459114,5.22421e-05,0.32101065,0.07908441,0.03347502,0.004607235,ddos
0.53642833,0.0009228258,0.00042918496,4.1996824e-05,0.3423054,0.08729204,0.029225845,0.0033544407,ddos
0.45745787,0.0008107203,0.00039530912,3.201596e-05,0.3985276,0.11589297,0.024933137,0.0019503603,ddos
0.41887274,0.0009142169,0.00042949867,4.1222967e-05,0.43209708,0.11426686,0.031692956,0.001685505,normal
0.4134327,0.0011772595,0.00053157756,7.403285e-05,0.4306988,0.1086808,0.04326817,0.002136712,normal
0.387255,0.0013333474,0.00061320147,7.3019924e-05,0.45493123,0.11130098,0.041772407,0.0027208638,normal
0.3577014,0.0016563744,0.00073021365,9.153478e-05,0.48424783,0.10960206,0.042568997,0.0034016073,normal
0.3333926,0.002090517,0.0008305766,0.00012491897,0.50999904,0.10562105,0.04366817,0.004273108,normal
0.31176296,0.0027249928,0.00096943567,0.0001740755,0.5347265,0.1003449,0.043815866,0.0054811845,normal
0.29625228,0.0036327573,0.0011620201,0.00024510254,0.5555496,0.094051756,0.042031795,0.0070745917,normal
0.2889576,0.004815273,0.0014059768,0.00033263097,0.5702293,0.08869445,0.036695044,0.008869711,normal
0.2910192,0.0062101847,0.0016578798,0.0004208323,0.58065194,0.08214209,0.027635295,0.010262534,normal
0.2980769,0.007650465,0.0018720987,0.00048027732,0.5890874,0.07549885,0.016996466,0.010337587,normal
0.29608476,0.009036346,0.0019813979,0.0004982718,0.6080751,0.0669192,0.008688958,0.008716031,normal
0.2586694,0.010058303,0.001859814,0.00047736405,0.6635822,0.055061165,0.0040885075,0.0062032533,normal
0.1778345,0.009418378,0.0013627516,0.00040493338,0.7620568,0.04314275,0.0019623756,0.0038173837,normal
0.0962734,0.006692715,0.0007187373,0.0002837564,0.85862684,0.034338556,0.0010132099,0.0020528513,normal
0.04719707,0.0038519485,0.00029921063,0.0001693493,0.9180654,0.028799064,0.00059540046,0.001022568,normal
0.025387196,0.0021956563,0.00012728867,0.00010284663,0.9445356,0.026676852,0.00042578482,0.00054864713,normal
0.016812252,0.0014784698,6.932968e-05,7.457614e-05,0.9531606,0.027687782,0.0003637953,0.00035316587,normal
0.013033106,0.0011896461,4.7155314e-05,6.287288e-05,0.95650893,0.028543241,0.00034877504,0.00026624426,normal
0.010885156,0.0010754255,3.604185e-05,5.640171e-05,0.9613654,0.025996935,0.00036064527,0.00022406367,normal
0.009517012,0.0010475978,2.9562596e-05,5.154392e-05,0.9680482,0.020712549,0.00039061162,0.00020292193,normal
0.009438684,0.0011071443,2.7909131e-05,5.314599e-05,0.97301966,0.015715944,0.00046149033,0.00017598386,normal
0.008827176,0.0012300747,2.6285245e-05,5.6994053e-05,0.974524,0.014657742,0.00051572546,0.00016198406,normal
0.00922653,0.0014124254,2.9103561e-05,5.9240385e-05,0.97427803,0.014329736,0.00050176,0.00016318732,normal
0.010502704,0.001702709,3.4052406e-05,7.152283e-05,0.97107834,0.015930854,0.00051710044,0.00016265945,normal
0.011982884,0.00208932,4.019776e-05,9.0247566e-05,0.9655871,0.019504543,0.00054274034,0.00016305668,normal
0.014674088,0.0027447995,5.357404e-05,0.00011202074,0.9594042,0.022241136,0.000600742,0.00016949847,normal
0.0221873,0.0043880604,8.506928e-05,0.00015106505,0.9469976,0.025313944,0.00069589197,0.00018095347,normal
0.05210445,0.010986556,0.00021337577,0.00025580314,0.9051518,0.030156521,0.0009129188,0.00021854833,normal
0.22202589,0.051668853,0.0012630797,0.00069608516,0.69164515,0.030988138,0.0013423896,0.00037039898,normal
0.6084864,0.16799045,0.0065852203,0.0013950518,0.19739777,0.016490635,0.001293483,0.00036104696,ddos
0.62961006,0.3108021,0.031091342,0.0030572575,0.019498127,0.004504841,0.0010789791,0.00035731425,ddos
0.45060816,0.42513278,0.1063593,0.009106585,0.0043317517,0.0022698585,0.0015446198,0.00064688094,ddos
0.33131376,0.43835342,0.19497715,0.02670008,0.002574671,0.0019091424,0.00287855,0.0012932493,dos
0.27352008,0.4238858,0.25337335,0.040130664,0.0021258998,0.0021001885,0.003069557,0.0017945612,dos
0.22418955,0.39533108,0.2966851,0.07138785,0.002283075,0.0027707154,0.0043967143,0.0029559683,dos
0.16471513,0.34714353,0.2925614,0.17274196,0.0036563566,0.0054699867,0.008214243,0.005497419,dos
0.0991824,0.25924858,0.22798339,0.37178805,0.0062769605,0.011185765,0.014785763,0.009549008,mitm
0.048874814,0.15860602,0.14011665,0.5896666,0.009129186,0.01855009,0.021473918,0.013582732,mitm
0.023049876,0.09100856,0.07989287,0.7272687,0.011249412,0.025205972,0.025563339,0.016761266,mitm
0.010258207,0.05221037,0.045367386,0.80159307,0.012668899,0.031818487,0.025688928,0.02039475,mitm
0.004293428,0.03295917,0.028596941,0.8344171,0.01359617,0.039081424,0.020425461,0.026630318,mitm
0.0026079088,0.030358361,0.022927666,0.8371091,0.015293809,0.042073563,0.018685104,0.030944506,mitm
0.0024581717,0.032105125,0.023845498,0.8154919,0.019455208,0.05082319,0.018337162,0.037483726,mitm
0.0029422357,0.03566055,0.026636269,0.77457625,0.02686292,0.067474455,0.018762304,0.047085088,mitm
0.0038870363,0.04345199,0.031770457,0.7023632,0.04287566,0.09898037,0.020792449,0.055878915,mitm
0.007361261,0.06109274,0.04112445,0.5080542,0.10365605,0.19144289,0.02323474,0.064033605,mitm
0.016834058,0.0824638,0.045921978,0.21039014,0.25545746,0.32351878,0.01752101,0.047892727,password
0.06433453,0.11813103,0.05431513,0.029634062,0.40434134,0.3087956,0.0064668762,0.013981443,normal
0.3110561,0.2950314,0.16829333,0.008315911,0.10853267,0.103465326,0.0020962632,0.0032090377,ddos
0.35216865,0.31724834,0.30877328,0.00404346,0.006165983,0.010164349,0.00068956957,0.00074641564,ddos
0.3007468,0.29473457,0.39387575,0.0039946493,0.0017359802,0.00393287,0.00045451155,0.0005248737,injection
0.28353387,0.27343118,0.43352222,0.0050791497,0.0010425335,0.0024908446,0.00041839373,0.00048182657,injection
0.25490788,0.27528578,0.4593287,0.0066047674,0.00087582815,0.0020147609,0.00043649226,0.0005458313,injection
0.23610891,0.2714729,0.48218012,0.006932965,0.0007730501,0.0015253905,0.0004561353,0.00055052905,injection
0.22805507,0.24454528,0.5184064,0.0061776713,0.00062261167,0.0011466945,0.0004582157,0.0005880336,injection
0.21577922,0.22515924,0.55006176,0.006364729,0.0005547331,0.0009797716,0.00047400082,0.00062651525,injection
0.22741652,0.19602942,0.56777924,0.006252937,0.00051214534,0.00089888327,0.0004881419,0.000622649,injection
0.22720514,0.17918755,0.5849762,0.0061172904,0.0004874436,0.00085669867,0.0005115429,0.0006580771,injection
0.23930486,0.16388167,0.5890603,0.0053317104,0.00047728783,0.00079494406,0.00048892986,0.00066031003,injection
0.26172152,0.14763787,0.5837898,0.0045220153,0.00047878447,0.00074260304,0.00045679376,0.0006505218,injection
0.2889973,0.12426332,0.58072627,0.0038420646,0.00045626584,0.0006742281,0.00040688858,0.00063368893,injection
0.30869612,0.11428246,0.57140416,0.003498666,0.00044543348,0.00066954875,0.00037325104,0.0006303018,injection
0.30272317,0.10568657,0.58553714,0.003688839,0.00049305847,0.0007956715,0.00039245345,0.00068320753,injection
0.26249513,0.0948976,0.6337996,0.0050290963,0.0008349875,0.0014113295,0.00059914356,0.0009330891,injection
0.2264749,0.08406199,0.67411226,0.007274461,0.0020052013,0.0034488027,0.0012434452,0.0013789342,injection
0.2139653,0.081260726,0.6808606,0.008429628,0.0042448197,0.0071494575,0.0026169203,0.0014725412,injection
0.23140915,0.08156972,0.649832,0.008181543,0.008254819,0.013827815,0.005552606,0.0013723155,injection
0.28709826,0.082535446,0.572628,0.0075292997,0.014307551,0.024668891,0.009910348,0.001322245,injection
0.37453765,0.07887927,0.4570166,0.006470518,0.024262395,0.04219615,0.01531974,0.0013177552,injection
0.4677701,0.07222237,0.32954693,0.0050099217,0.039979946,0.0622768,0.021950593,0.0012433707,ddos
0.56160814,0.05683814,0.2062469,0.003398815,0.06062285,0.08271123,0.027448393,0.0011255473,ddos
0.6248487,0.034896467,0.10568117,0.0019200468,0.08754495,0.11696325,0.027044173,0.0011011305,ddos
0.6643223,0.020352049,0.04382832,0.0008763182,0.12088974,0.117559254,0.031331368,0.0008405982,ddos
0.65714467,0.010138863,0.017450344,0.00039560275,0.16003405,0.12361861,0.030453555,0.0007642551,ddos
0.6471588,0.0051324237,0.0074330624,0.00019420123,0.18495028,0.12656517,0.027811501,0.00075459655,ddos
0.63985133,0.0028700493,0.0034782472,0.00010837234,0.2056238,0.122161865,0.025078407,0.00082794385,ddos
0.6357118,0.0022740422,0.0021401127,7.58717e-05,0.22992557,0.103878446,0.025081817,0.0009123841,ddos
0.6473489,0.0021493696,0.0013811588,5.8188296e-05,0.24311021,0.07375949,0.031225175,0.0009676201,ddos
0.65264875,0.0019824281,0.0009867458,4.8420177e-05,0.25241297,0.0564077,0.03442554,0.0010874853,ddos
0.64072055,0.0018592584,0.00067365996,4.2704065e-05,0.26755145,0.042842824,0.044896945,0.0014127011,ddos
0.6039739,0.0024065445,0.0005758267,7.2455645e-05,0.2653809,0.0481388,0.07765366,0.001797841,ddos
0.5853905,0.0032289892,0.00084235356,0.00015621952,0.24524471,0.063300595,0.09917723,0.0026593688,ddos
0.5604002,0.004462202,0.0012143792,0.00033431296,0.23115058,0.08201653,0.11690482,0.0035169842,ddos
0.5263701,0.0062470334,0.0017553457,0.00070346316,0.22035797,0.10949631,0.13067698,0.004392751,ddos
0.48194098,0.008551871,0.0025112098,0.0013843658,0.20936237,0.15467085,0.13642442,0.0051539135,ddos
0.42620164,0.011141516,0.0034540656,0.0024873202,0.19421235,0.2260987,0.13090782,0.005496696,ddos
0.35296425,0.013325742,0.004456918,0.0038694453,0.17093721,0.33638147,0.11269552,0.005369394,ddos
0.2769038,0.015118281,0.005527325,0.0051877513,0.14455895,0.46622732,0.08172353,0.0047530225,password
0.18310888,0.013687446,0.005630609,0.0058073113,0.11155179,0.61889774,0.057400547,0.0039157076,password
0.104763515,0.011594595,0.004847252,0.00620912,0.08213682,0.75043684,0.036654327,0.0033575678,password
0.056293104,0.009198752,0.003963518,0.0060203546,0.056505565,0.84455454,0.020638185,0.0028259598,password
0.024996193,0.0058618304,0.0022924547,0.0047730673,0.039435916,0.9094459,0.010693687,0.0025008472,password
0.009760079,0.0028349971,0.00080319965,0.0029900032,0.031054148,0.9451924,0.0049497318,0.0024153502,password
0.006016077,0.0023958343,0.000591003,0.0032008954,0.02309004,0.96086234,0.00213714,0.0017067282,password
0.004117822,0.0018235922,0.00024757595,0.0034502768,0.02828862,0.957985,0.0013871208,0.0026999544,password
0.003492101,0.0016301107,0.00018052469,0.0029787242,0.025552362,0.9629765,0.0009773732,0.002212306,password
0.0031730796,0.0016646555,0.00014141349,0.0035574276,0.028084189,0.9603146,0.0009950394,0.0020696858,password
0.0032090428,0.0024191306,0.00017745867,0.0051122867,0.029353317,0.9567263,0.0011300081,0.0018724127,password
0.0031015915,0.0033179412,0.00027316192,0.006691013,0.028181598,0.95553756,0.0014236605,0.0014734591,password
0.0035376428,0.006847175,0.00082121324,0.013534993,0.026885709,0.9443958,0.002325968,0.0016514545,password
0.005145573,0.015420739,0.0028709567,0.029212743,0.031895064,0.9087623,0.00449127,0.0022013744,password
0.010135179,0.03558233,0.009617385,0.07526955,0.045892343,0.8079322,0.010721924,0.004849082,password
0.009472138,0.04350017,0.014689323,0.110630505,0.042827427,0.75962555,0.014453144,0.0048017753,password
0.007986408,0.045292426,0.017025443,0.15628348,0.040237967,0.7080972,0.019803792,0.0052733417,password
0.0063863955,0.04153124,0.015071289,0.21940373,0.036219418,0.64944446,0.025788568,0.0061548823,password
0.0055248304,0.0399934,0.014105471,0.2690362,0.027223753,0.61017084,0.026463665,0.007481761,password
0.007737669,0.05887151,0.022092698,0.3532754,0.014973947,0.50900507,0.024416385,0.009627255,password
0.020501114,0.14989924,0.06866737,0.41844493,0.008140478,0.3008159,0.021731623,0.01179936,mitm
0.04626093,0.29439956,0.17502122,0.32050377,0.004601386,0.13254732,0.01543925,0.0112265805,mitm
0.060014848,0.37903243,0.2460122,0.22485672,0.0033463782,0.06637995,0.01105063,0.009306882,dos
0.08558245,0.42979807,0.36215693,0.087683104,0.0018519101,0.021766396,0.0056423573,0.0055187102,dos
0.09663228,0.4106409,0.42964733,0.04430222,0.0012379951,0.010536951,0.0033588198,0.0036434683,injection
0.10320831,0.37242427,0.48960316,0.023415703,0.0009347172,0.006005294,0.0020536447,0.002354915,injection
0.10343067,0.32579744,0.5509633,0.012452809,0.0007949397,0.0038293786,0.0012657768,0.0014656967,injection
0.10869451,0.27342674,0.6055303,0.0071844514,0.00074029516,0.0024871456,0.0008906005,0.0010459546,injection
0.10481213,0.24184714,0.6438855,0.005011633,0.00070938154,0.0023324345,0.0006999693,0.0007018358,injection
0.10250547,0.23060739,0.65831894,0.0044840667,0.00071758614,0.0021459807,0.00060032087,0.00062028365,injection
0.098473825,0.21491742,0.6788637,0.0036832383,0.0007223175,0.0023744628,0.0005094722,0.0004556,injection
0.10026945,0.17675987,0.71599066,0.0025776594,0.0006894751,0.0030056976,0.00040007534,0.00030723368,injection
0.09447815,0.17383134,0.7245646,0.0023435077,0.0007191793,0.0034592894,0.00036802143,0.00023582164,injection
0.09295905,0.16047317,0.7398953,0.0021078961,0.0006946375,0.0033258882,0.00035458722,0.0001894997,injection
0.09540624,0.1543566,0.7431718,0.0020618779,0.0008199343,0.003606968,0.0004028667,0.00017376512,injection
0.099544756,0.13640566,0.75384456,0.0021586632,0.0016219697,0.005529005,0.00070909347,0.00018626059,injection
0.10817585,0.120943666,0.7522425,0.002471866,0.004473996,0.009666747,0.0017794917,0.0002459642,injection
0.12148811,0.120299734,0.7314955,0.0026655013,0.008354064,0.012178657,0.0032233517,0.00029507643,injection
0.14657423,0.120330594,0.6974108,0.002605025,0.013638525,0.01408328,0.0050123385,0.00034522114,injection
0.18561696,0.11940373,0.64949423,0.0024370984,0.019449547,0.017028857,0.0061826697,0.00038684864,injection
0.24571991,0.115664646,0.57928056,0.0022265872,0.027878737,0.021717602,0.0070721325,0.0004398362,injection
0.3338756,0.10528456,0.48131266,0.0019344351,0.040486358,0.029061891,0.0075408136,0.00050370465,injection
0.4488511,0.08543169,0.35784343,0.001515772,0.058706928,0.039669733,0.00741551,0.0005658395,ddos
0.5692988,0.058789924,0.22827587,0.0010204054,0.082445815,0.052943956,0.006617278,0.0006078977,ddos
0.65967417,0.034055896,0.124271,0.00059124036,0.10878303,0.06662771,0.0053715683,0.0006254792,ddos
0.7042471,0.017813008,0.061824013,0.0003188448,0.13315332,0.07786465,0.004139692,0.00063931575,ddos
0.7185246,0.009403519,0.031281564,0.00017762059,0.15221561,0.084508784,0.0032135337,0.0006747725,ddos
0.7223826,0.005385529,0.017189095,0.000108115935,0.16562015,0.08596527,0.0026039486,0.0007453373,ddos
0.7246624,0.0033950817,0.010331639,7.230256e-05,0.17522512,0.08323041,0.0022223953,0.0008606477,ddos
0.7269851,0.0023284205,0.006662088,5.2445223e-05,0.18318146,0.077760674,0.0019931227,0.0010367671,ddos
0.72922057,0.0017130817,0.004498634,4.066476e-05,0.1910823,0.070265844,0.0018731024,0.0013058353,ddos
0.73054904,0.0013435865,0.003104229,3.3400946e-05,0.20051119,0.060868584,0.0018529758,0.001736989,ddos
0.7269652,0.0011296191,0.0021139428,2.9131608e-05,0.21585552,0.049384836,0.001992632,0.0025290698,ddos
0.712553,0.0011158045,0.0015818683,3.2519616e-05,0.239232,0.03706495,0.0026691805,0.0057506585,ddos
0.7073413,0.001289857,0.0020799406,4.0690724e-05,0.23977295,0.03991258,0.0028032092,0.0067594755,ddos
0.6962336,0.0015673838,0.002755037,5.363017e-05,0.24599984,0.042281087,0.0030870007,0.0080224695,ddos
0.68041176,0.001994146,0.003710832,7.600921e-05,0.2558923,0.04457817,0.0035014094,0.009835334,ddos
0.65980095,0.002658279,0.005087339,0.000117773205,0.26864433,0.047045365,0.0040820786,0.012563768,ddos
0.63414973,0.0037087612,0.0070850817,0.00020066244,0.2832795,0.050100084,0.0048633027,0.016612876,ddos
0.6037619,0.0053890897,0.009997795,0.00037258732,0.2979946,0.054394428,0.0058458173,0.022243695,ddos
0.5702079,0.0081046745,0.014283788,0.00073642994,0.30982232,0.060736753,0.0069685993,0.029139515,ddos
0.5372911,0.012600733,0.02081282,0.0014988882,0.31391343,0.06995823,0.008083799,0.03584098,ddos
0.51276654,0.020628419,0.031787395,0.0030405584,0.30136868,0.08191714,0.008928676,0.039562553,ddos
0.5142167,0.038650155,0.05568153,0.006053103,0.24994846,0.09012551,0.008924611,0.036399927,ddos
0.5432049,0.105876066,0.14277098,0.011490983,0.10997082,0.060361244,0.006090572,0.020234428,ddos
0.32600012,0.27848813,0.35411194,0.01315308,0.011235428,0.01132693,0.0017630354,0.0039213174,injection
0.18176553,0.3397546,0.45798725,0.011279343,0.002690696,0.0044995253,0.0007941773,0.0012288572,injection
0.15781738,0.32365575,0.5022542,0.008834371,0.0018515934,0.004480343,0.00050940143,0.00059700175,injection
0.1510934,0.3165859,0.5167702,0.0080078365,0.0017248249,0.0049865455,0.000437966,0.00039341048,injection
0.14525446,0.33448875,0.50474846,0.008346481,0.0017394708,0.0046207267,0.0004772884,0.0003243273,injection
0.13819267,0.36346442,0.48280743,0.00908405,0.001757262,0.003812794,0.00058339885,0.00029807218,injection
0.13188389,0.39825395,0.45417687,0.009976099,0.0017606947,0.0028783875,0.0007780445,0.0002920475,injection
0.12827395,0.43751848,0.4179286,0.011066219,0.0017718307,0.0019736663,0.0011599102,0.00030738927,dos
0.12326979,0.46494102,0.39266136,0.013743502,0.0017919013,0.0012396765,0.0019328132,0.0004199068,dos
0.12067828,0.4791862,0.37617862,0.017802108,0.0018134174,0.0010639121,0.002660204,0.00061716075,dos
0.114911154,0.48592314,0.3671056,0.024242373,0.0020284308,0.0010935746,0.0037476053,0.000948041,dos
0.10002474,0.47714984,0.366134,0.04263031,0.0033858777,0.0017851947,0.0070164213,0.0018736649,dos
0.075507015,0.4316395,0.35581386,0.096894406,0.010066348,0.005130697,0.01986909,0.005079059,dos
0.055245765,0.36458427,0.32338703,0.16230123,0.02532272,0.012447845,0.046757396,0.009953694,dos
0.0432965,0.32180768,0.29565328,0.18699782,0.041892696,0.02012298,0.0780158,0.0122132,dos
0.035326406,0.301156,0.27375048,0.17947334,0.05794877,0.026559269,0.113600664,0.0121851405,dos
0.028617619,0.28925997,0.25087988,0.15668462,0.07461051,0.031345144,0.15728855,0.011313672,dos
0.022750607,0.2806967,0.22406237,0.12756127,0.09147509,0.03341737,0.209707,0.010329651,dos
0.017594466,0.27066466,0.19525327,0.10006334,0.10665759,0.03267429,0.26758263,0.009509769,dos
0.013249435,0.25821874,0.16917998,0.079360865,0.1174903,0.029878296,0.32360694,0.009015388,scanning
0.009901606,0.24699038,0.14727919,0.06501726,0.123104416,0.025996704,0.37291685,0.008793496,scanning
0.0074624126,0.23960847,0.12959684,0.05762483,0.1243403,0.022322748,0.41021717,0.008827308,scanning
0.0057050604,0.24053824,0.121309884,0.04923172,0.12225975,0.018024657,0.4344994,0.008431281,scanning
0.0045050993,0.2398833,0.11677921,0.04013519,0.121431634,0.014352023,0.45460403,0.00830949,scanning
0.0036489444,0.2433599,0.11356873,0.03439519,0.11834944,0.011448718,0.46709028,0.008138813,scanning
0.0030035535,0.24719936,0.10978802,0.029311286,0.11563824,0.009090155,0.4780641,0.007905314,scanning
0.0024915177,0.2529187,0.105924636,0.025609273,0.11236904,0.0072377725,0.48584926,0.0075999023,scanning
0.002052693,0.25610733,0.0970275,0.020839619,0.11136014,0.0057094563,0.4998442,0.0070590973,scanning
0.0021306798,0.28604302,0.117949754,0.025794988,0.09985001,0.005939901,0.4539438,0.008347834,scanning
0.002519693,0.2913863,0.13538879,0.03578304,0.08955239,0.0073954808,0.4279366,0.010037678,scanning
0.0028937943,0.2793665,0.13704884,0.042727232,0.090511195,0.008697917,0.42754543,0.011209119,scanning
0.0032695744,0.2690625,0.14318295,0.05097772,0.09442082,0.0104450155,0.4156659,0.0129755065,scanning
0.0037293406,0.25371915,0.1439411,0.05964097,0.10453216,0.013520104,0.40570566,0.01521148,scanning
0.004318935,0.23538889,0.13959672,0.06719283,0.12194006,0.018177884,0.39544111,0.01794354,scanning
0.0051481524,0.21830428,0.13344628,0.07335129,0.14587417,0.024948291,0.3779819,0.020945685,scanning
0.00629305,0.209989,0.1306933,0.07982455,0.16909021,0.033113275,0.34744942,0.023547193,scanning
0.007463231,0.22151963,0.1373508,0.08927391,0.17652924,0.03771447,0.30530113,0.024847547,scanning
0.008345272,0.24656591,0.15223359,0.103578314,0.16685082,0.038820248,0.258993,0.024612771,scanning
0.0084664915,0.27739716,0.17003974,0.11501213,0.1519476,0.03655769,0.21769677,0.022882378,dos
0.008214374,0.30314928,0.18654653,0.12132832,0.13923652,0.03470324,0.1864211,0.020400647,dos
0.007996706,0.32366493,0.20193635,0.12716208,0.12440312,0.03341651,0.16333741,0.018082798,dos
0.0076334444,0.3438554,0.21632889,0.1258847,0.11142595,0.030615224,0.14836293,0.015893467,dos
0.007200784,0.36297846,0.22872175,0.1190353,0.100693844,0.026781827,0.14055023,0.014037754,dos
0.006686564,0.3809739,0.23868094,0.107624546,0.092380494,0.022273239,0.13879326,0.0125870835,dos
0.0070616878,0.36565953,0.27015543,0.099117994,0.09039746,0.02298761,0.13091335,0.013706904,dos
0.007532039,0.35326,0.29827398,0.08606054,0.08997033,0.023240907,0.1268005,0.014861651,dos
0.008040412,0.3409421,0.32444653,0.071705684,0.091323644,0.022936318,0.12441708,0.016188225,dos
0.00877522,0.32701537,0.34988654,0.06001088,0.093389325,0.022987997,0.12017188,0.017762806,injection
0.008688476,0.32381445,0.378739,0.05581437,0.082092896,0.018943867,0.11311766,0.018789329,injection
0.007963716,0.3287586,0.38843867,0.060885727,0.07132378,0.016586104,0.105421714,0.020621696,injection
0.007433633,0.33403403,0.38796383,0.071090184,0.06509573,0.015664183,0.09711021,0.021608243,injection
0.006705814,0.3456875,0.3591588,0.09395815,0.06449035,0.017349476,0.089507505,0.023142371,injection
0.0072077774,0.32094407,0.33371264,0.12904823,0.071146324,0.025973795,0.08604072,0.025926458,injection
0.0077292244,0.29029575,0.302769,0.1654648,0.081892565,0.040090285,0.0837834,0.027974872,injection
0.008300588,0.25762904,0.2751977,0.18591167,0.09921556,0.060771085,0.08192411,0.031050147,injection
0.008800565,0.21684162,0.236195,0.18504034,0.13811162,0.10202814,0.081801385,0.031181308,injection
0.008260234,0.14480808,0.15831262,0.12450293,0.2707994,0.1873385,0.07856685,0.027411465,normal
0.0052613276,0.049819123,0.05314557,0.031654533,0.57153106,0.22697394,0.048217338,0.013397157,normal
0.0036637778,0.018746283,0.020065371,0.00628719,0.7654463,0.15399136,0.026341094,0.0054586353,normal
0.003278741,0.010660793,0.011681794,0.0016789465,0.8572494,0.0941084,0.018496638,0.0028453136,normal
0.0033092573,0.0076902225,0.008658165,0.0005695926,0.90497464,0.05746492,0.015513549,0.0018196438,normal
0.0035086486,0.0064294892,0.0073571294,0.0002454503,0.9302457,0.036088396,0.014760498,0.0013647404,normal
0.0037474686,0.005932549,0.00675298,0.00013557314,0.9433146,0.023592312,0.015372159,0.001152353,normal
0.0039393343,0.0058617652,0.006495397,9.369874e-05,0.94944215,0.015961777,0.017150465,0.0010555027,normal
0.004129,0.006182241,0.0065965476,7.7817676e-05,0.9507544,0.010956765,0.020268848,0.0010342923,normal
0.003994387,0.00636525,0.006711545,7.277942e-05,0.9514095,0.008934451,0.021502359,0.0010097154,normal
0.003979641,0.0066657346,0.007125706,6.970822e-05,0.95106554,0.007291606,0.0227814,0.0010208011,normal
0.004124517,0.007152956,0.008004459,6.820331e-05,0.9494794,0.005924641,0.024167579,0.0010782568,normal
0.004495663,0.00815873,0.0096024815,7.359599e-05,0.9446156,0.004802915,0.027029835,0.0012212611,normal
0.0046683736,0.008153532,0.009217688,7.3937204e-05,0.94650674,0.004778773,0.02541227,0.0011887738,normal
0.0049555465,0.008226879,0.008878181,7.489319e-05,0.9483888,0.004771041,0.023542238,0.001162484,normal
0.0054243756,0.008505845,0.008733583,7.732901e-05,0.9497373,0.0048265387,0.021543676,0.00115128,normal
0.0062242677,0.009158702,0.008943384,8.191732e-05,0.9498953,0.0049327714,0.019603709,0.0011599793,normal
0.007957758,0.011015151,0.010223086,9.915468e-05,0.9453804,0.0053400295,0.018715704,0.0012688255,normal
0.011360826,0.014150106,0.012888161,0.00012161198,0.9365578,0.00572032,0.017821947,0.0013791502,normal
0.019843137,0.018907018,0.01685412,0.00015562584,0.91994727,0.006262218,0.01669897,0.0013317396,normal
0.041451085,0.030017393,0.023694938,0.00020264239,0.8822433,0.007269388,0.01374896,0.0013723236,normal
0.09821197,0.042977158,0.025963869,0.000222505,0.813592,0.008663472,0.009163058,0.001205967,normal
0.24026819,0.051603362,0.021196643,0.00021186618,0.6706393,0.010180454,0.0049798433,0.00092036696,normal
0.54773635,0.06138531,0.019002296,0.00025937206,0.3584151,0.009824384,0.0026514383,0.00072581513,ddos
0.7906172,0.04992576,0.016030056,0.00025873768,0.13571776,0.005611996,0.0013829676,0.0004553863,ddos
0.87381536,0.046342403,0.015635785,0.00027131266,0.05919944,0.003567033,0.0008244031,0.00034436423,ddos
0.90249133,0.042883933,0.015278447,0.0002960129,0.03534775,0.0028120107,0.0005902134,0.0003004305,ddos
0.9124729,0.039285928,0.014127333,0.0003334305,0.030067986,0.002930135,0.00048345173,0.00029885813,ddos
0.9127637,0.036802307,0.013589741,0.00041309555,0.031795293,0.003825079,0.00045569293,0.00035500672,ddos
0.9039816,0.035144005,0.012743254,0.00053591473,0.040589403,0.0060653966,0.00047746795,0.00046292215,ddos
0.88919735,0.032779638,0.01122181,0.00069356273,0.054949254,0.010031419,0.00051759905,0.00060933485,ddos
0.88383335,0.029385524,0.009319969,0.0007738722,0.06135431,0.01413964,0.00048199127,0.00071130344,ddos
0.90454626,0.02198864,0.007465318,0.0007641376,0.05030073,0.013851552,0.0004335032,0.000649979,ddos
0.91197115,0.024369862,0.0082671605,0.0007478162,0.041433472,0.012140767,0.00044938305,0.0006202941,ddos
0.9294113,0.026616856,0.010725981,0.0007473237,0.023790281,0.0077683213,0.0004182095,0.00052181026,ddos
0.9244579,0.038716752,0.018757556,0.0010171499,0.011353948,0.004836211,0.00040467185,0.00045564896,ddos
0.86303574,0.07780568,0.04959957,0.0019422664,0.003955701,0.0027521895,0.00045535745,0.00045356184,ddos
0.7615818,0.12543151,0.105207205,0.003179573,0.0018311826,0.0016820238,0.0005887093,0.0004980268,ddos
0.7207913,0.13960609,0.13198711,0.003800184,0.0014715545,0.0010743877,0.0007953562,0.00047397835,ddos
0.6733101,0.16892749,0.14857996,0.004784894,0.0017164184,0.001039189,0.0010512597,0.0005907907,ddos
0.6523338,0.20082979,0.13596943,0.00555222,0.0022322931,0.0009985666,0.0015028707,0.00058101077,ddos
0.6602197,0.19795251,0.13042063,0.005641145,0.0024640805,0.00092652696,0.0017703554,0.0006050101,ddos
0.64921224,0.20572942,0.13314301,0.00583557,0.0024964602,0.0008260643,0.0021111092,0.00064606935,ddos
0.6203725,0.22154352,0.14466798,0.006869497,0.0024265698,0.00071476813,0.0026524484,0.0007527128,ddos
0.55489093,0.25840637,0.17020199,0.009038114,0.002431804,0.0006658903,0.0034447156,0.000920194,ddos
0.49309576,0.3121221,0.17401399,0.01173016,0.002628594,0.00066564494,0.0047122,0.0010315857,ddos
0.47514898,0.30877143,0.1930966,0.01320322,0.0025942994,0.000698156,0.00525619,0.001231141,ddos
0.4780111,0.29407668,0.20478287,0.013007602,0.0025647313,0.0006969984,0.0055423533,0.0013177097,ddos
0.5028907,0.26410043,0.21087092,0.012133185,0.0024407005,0.00063726644,0.0056660273,0.0012607207,ddos
0.49164188,0.26738274,0.2192988,0.011950117,0.0023588839,0.0006476488,0.00548847,0.0012314401,ddos
0.49885193,0.2621011,0.21831474,0.011292158,0.0023745885,0.00066339504,0.005255798,0.0011463311,ddos
0.5577875,0.22950366,0.19429073,0.0092589995,0.0025996298,0.0006443724,0.004945251,0.0009698509,ddos
0.6279544,0.18294501,0.1727043,0.007611296,0.0026293185,0.000592425,0.004704657,0.0008585669,ddos
0.67457837,0.16027458,0.1499108,0.0065630325,0.0026084934,0.0005028586,0.0047654565,0.00079646934,ddos
0.70718074,0.1408847,0.13679858,0.0067636822,0.0024630604,0.0004736781,0.004563416,0.0008722225,ddos
0.7265823,0.12881806,0.1269468,0.008844146,0.0023265567,0.0004714847,0.0048537976,0.0011569235,ddos
0.73640347,0.121437974,0.11491782,0.016066331,0.002351369,0.00051266403,0.0063256705,0.0019847665,ddos
0.7308023,0.114882424,0.10057982,0.03621971,0.0026715833,0.0006267103,0.009903645,0.004313809,ddos
0.6995554,0.10334162,0.08427127,0.08120216,0.0034486346,0.000866116,0.016301092,0.011013666,ddos
0.6296096,0.084841475,0.06276963,0.15881373,0.0047266427,0.0011235574,0.029803371,0.028312067,ddos
0.5024659,0.059305735,0.041473918,0.2707671,0.0064659067,0.0015548709,0.04644691,0.07151962,ddos
0.32270825,0.034019124,0.02263042,0.38012943,0.007962244,0.0019805755,0.06260053,0.16796945,mitm
0.16456664,0.016090933,0.010033919,0.40884408,0.008313047,0.0021830506,0.06799059,0.3219778,mitm
0.070173174,0.006596668,0.0038333575,0.34318352,0.007418065,0.002123263,0.058462046,0.50820994,xss
0.027898522,0.0027120423,0.0014166394,0.23985036,0.0059002386,0.0016819835,0.049949713,0.67059046,xss
0.011588361,0.0011227316,0.00056673394,0.15425849,0.00433624,0.0013476285,0.034859832,0.79192,xss
0.0050737625,0.00046071908,0.00022574172,0.08581274,0.003269132,0.0010567288,0.023064889,0.8810363,xss
0.002592172,0.00022090964,0.00010458774,0.04832363,0.0025162057,0.00083882717,0.015433706,0.92996997,xss
0.0013854135,0.000112550515,5.162761e-05,0.026291013,0.001999049,0.00067716144,0.0101638185,0.95931935,xss
0.0007799245,6.6591354e-05,2.9150184e-05,0.015100471,0.0015961288,0.0005213322,0.0076606036,0.9742459,xss
0.00051779725,4.23398e-05,1.7872508e-05,0.009050854,0.001416309,0.0004586614,0.005747121,0.9827491,xss
0.00033581431,2.6699161e-05,1.109387e-05,0.0053540114,0.0013245292,0.00043766,0.0043021957,0.988208,xss
0.00020376383,1.7101776e-05,7.747228e-06,0.0034321789,0.0011155136,0.0004153509,0.0032094438,0.99159896,xss
0.00020062154,1.7275757e-05,7.842577e-06,0.0031251258,0.0010706568,0.00038994805,0.0029466718,0.99224186,xss
0.00020779757,1.874492e-05,8.330535e-06,0.0028804739,0.0010254305,0.00035568274,0.002720861,0.9927826,xss
0.00024689297,2.1602544e-05,9.3957115e-06,0.0025192765,0.0010901279,0.00034019587,0.002621985,0.99315053,xss
0.0003406652,2.8239081e-05,1.1835232e-05,0.002193231,0.001233913,0.00032732508,0.0026677088,0.9931971,xss
0.0005860205,4.3383723e-05,1.7347755e-05,0.0019009669,0.0015902724,0.0003354107,0.003007494,0.992519,xss
0.0012886043,8.158907e-05,3.0651594e-05,0.0017042983,0.002386758,0.00037861706,0.003925814,0.9902036,xss
0.0035347936,0.000187932,6.5146e-05,0.0016342887,0.004178928,0.00048407807,0.0060995864,0.98381525,xss
0.011431479,0.00050452474,0.00015907055,0.0016826468,0.008461727,0.0007139784,0.011265557,0.96578103,xss
0.035461687,0.0013764593,0.0003861507,0.0018252329,0.01735241,0.0011173504,0.022838954,0.9196418,xss
0.10172294,0.0035001505,0.00087062764,0.0019364281,0.03493085,0.001759414,0.046885483,0.8083941,xss
0.21699505,0.007119865,0.001534914,0.0018854775,0.058129825,0.0024333335,0.08635822,0.6255433,xss
0.35237044,0.011339515,0.002100583,0.0016243792,0.07963837,0.0028586031,0.13476795,0.4153001,xss
0.46279648,0.014432898,0.0023125364,0.0012512592,0.09343101,0.002927253,0.17750224,0.2453464,ddos
0.5335737,0.015312847,0.0021636945,0.0008911384,0.10120527,0.0028359583,0.20698215,0.13703519,ddos
0.5798742,0.01343917,0.0017632217,0.00058426143,0.10941013,0.002899378,0.21777779,0.07425182,ddos
0.62383014,0.009450434,0.0012652103,0.00034009913,0.12459407,0.0035076628,0.19839254,0.03861991,ddos
0.66287774,0.005206913,0.0007974953,0.0001755082,0.15560408,0.006175591,0.15148348,0.017679201,ddos
0.6655455,0.0030573497,0.000553192,9.640487e-05,0.19533417,0.01214982,0.115531646,0.0077319355,ddos
0.62375194,0.002419137,0.0004541544,6.460552e-05,0.23925118,0.01865303,0.111591846,0.0038140647,ddos
0.55073565,0.0028405844,0.00045829068,5.8063186e-05,0.28357434,0.020980483,0.1391383,0.0022144064,ddos
0.53776336,0.0032329233,0.0005218032,6.626978e-05,0.29528254,0.024978157,0.135907,0.0022479114,ddos
0.51463324,0.003878614,0.0006012573,8.8406705e-05,0.3096711,0.028515005,0.14036062,0.0022518183,ddos
0.489906,0.004853114,0.00071946444,0.00012544653,0.32765874,0.033477247,0.1410418,0.0022181582,ddos
0.4630022,0.0062819566,0.00089107256,0.00018867152,0.35090613,0.041073386,0.1355144,0.0021422205,ddos
0.43169352,0.008311501,0.0011285417,0.0002967669,0.38115013,0.053370975,0.122027226,0.0020212873,ddos
0.39249668,0.011081235,0.0014324731,0.00047342444,0.41828147,0.07383718,0.100557566,0.0018399318,normal
0.34135234,0.014664438,0.0017814705,0.00072803174,0.45797634,0.108444326,0.07348394,0.0015691365,normal
0.2757667,0.01895507,0.002124421,0.0010062602,0.488278,0.1668993,0.045774046,0.0011961795,normal
0.20020919,0.02406272,0.0024209137,0.0011951941,0.489619,0.2576992,0.023999145,0.00079463865,normal
0.13134345,0.03194592,0.0027483026,0.0013185646,0.45502302,0.36532292,0.011794701,0.000503104,normal
0.084696114,0.04517816,0.0032020165,0.0015265378,0.40747598,0.4508315,0.0067331884,0.00035651578,password
0.05808002,0.060040977,0.003575566,0.0017874105,0.3672341,0.5040938,0.0049001095,0.00028796712,password
0.04290757,0.07101738,0.003655929,0.0020129876,0.33974776,0.5361306,0.004278533,0.0002492579,password
0.03395624,0.07950348,0.0035438635,0.0022524416,0.32695243,0.5493735,0.004189575,0.00022854742,password
0.028640304,0.08916305,0.0034180742,0.002566846,0.32860488,0.54298127,0.0044025923,0.00022286942,password
0.02553281,0.101846375,0.0033759666,0.0029551173,0.34132597,0.5199273,0.0048077595,0.00022865567,password
0.023814902,0.11776775,0.0034450388,0.0033858484,0.36028156,0.48573065,0.0053321715,0.00024209017,password
0.023078667,0.1363472,0.003634023,0.0038283237,0.3812744,0.4456653,0.0059118634,0.0002602446,password
0.023230003,0.1566561,0.0039696964,0.0042533427,0.40130922,0.40382713,0.006473251,0.0002812587,password
0.024677295,0.19831668,0.0053438367,0.0045910226,0.40965337,0.34924585,0.007832528,0.00033946394,normal
0.026014239,0.21230426,0.0062353043,0.004364816,0.39927912,0.3430124,0.008425752,0.00036412635,normal
0.027566835,0.2299322,0.007046479,0.0041877558,0.37758377,0.34416288,0.009147483,0.00037254381,normal
0.030440422,0.24940869,0.008172575,0.0039929906,0.3535575,0.3436873,0.010354609,0.00038590966,normal
0.033823956,0.27491316,0.009319381,0.003954051,0.32819805,0.3360235,0.013369177,0.00039868988,password
0.037387997,0.30715582,0.010360128,0.0041849134,0.30593595,0.31264877,0.02190328,0.00042318887,password
0.04066693,0.3418038,0.0112528335,0.004795661,0.28712285,0.26621604,0.04765892,0.00048301337,dos
0.0418549,0.3567242,0.01159483,0.0056373267,0.2619369,0.19684666,0.12481731,0.00058778125,dos
0.03291089,0.49275395,0.022263922,0.012782621,0.12607557,0.093232,0.21907632,0.0009046202,dos
0.023628145,0.40096277,0.02485672,0.017193144,0.07368015,0.03701286,0.4214457,0.001220493,scanning
0.015101567,0.23373279,0.02020349,0.015848784,0.043823734,0.013780126,0.6561232,0.0013863455,scanning
0.009749452,0.119173594,0.014295356,0.011759415,0.02834222,0.0059804674,0.8093243,0.0013752024,scanning
0.00714727,0.064189345,0.010418951,0.008487511,0.021605425,0.0034176712,0.8834134,0.001320501,scanning
0.0062112017,0.040384617,0.008551857,0.006619304,0.019639462,0.002558501,0.91470534,0.001329661,scanning
0.0065629315,0.031259585,0.008178697,0.0057732263,0.021562781,0.0024906802,0.92271125,0.0014608693,scanning
0.008482289,0.029580249,0.009002115,0.005554871,0.02912813,0.0031339275,0.9133276,0.0017908409,scanning
0.013378041,0.032424845,0.011001296,0.0056752167,0.049950592,0.005134976,0.87990236,0.002532652,scanning
0.025521604,0.037455454,0.014135059,0.005749986,0.113155544,0.01111709,0.7885502,0.004315135,scanning
0.05222648,0.03705452,0.016314518,0.0048407027,0.3063149,0.027801815,0.54712266,0.008324381,scanning
0.07945045,0.025436983,0.013369307,0.0028011056,0.5862046,0.04783832,0.23172013,0.013179003,normal
0.09291897,0.024560282,0.013238112,0.0023484426,0.64865345,0.061504826,0.1395943,0.017181601,normal
0.10932845,0.021610659,0.011596517,0.0018153902,0.70187247,0.072434545,0.05653077,0.024811173,normal
0.121805646,0.020468704,0.010691806,0.0015755636,0.70265645,0.0781462,0.028008958,0.036646657,normal
0.13675605,0.021322982,0.0109689105,0.0015265931,0.6803624,0.083234906,0.018352937,0.047475185,normal
0.14763846,0.022869801,0.011881786,0.0015571087,0.65564233,0.08687293,0.014813229,0.058724366,normal
0.1475975,0.02477207,0.01304043,0.0016625066,0.63689923,0.088913366,0.014532316,0.07258255,normal
0.14401087,0.0268068,0.015184889,0.0017594197,0.61214834,0.10493986,0.015726782,0.07942297,normal
0.14727476,0.029123923,0.019112168,0.0018323917,0.5642623,0.15089034,0.016543556,0.07096064,normal
0.11234743,0.024163056,0.021727463,0.0017013696,0.43481168,0.34480298,0.017579742,0.04286628,normal
0.059880774,0.01561789,0.016726812,0.001498805,0.26232696,0.60882956,0.013823694,0.021295553,password
0.029793678,0.010259366,0.011435201,0.0013115518,0.1487486,0.77707547,0.009646707,0.011729495,password
0.0136531815,0.0069774506,0.0066515994,0.0011730295,0.08627184,0.87251127,0.0061306544,0.0066309865,password
0.0055826004,0.0048038084,0.0032620812,0.0009817587,0.050767206,0.9268873,0.003670596,0.004044745,password
0.0026994287,0.0036988556,0.001777492,0.00081597536,0.033229478,0.952815,0.0022304654,0.002733259,password
0.002104327,0.0040649697,0.0017714769,0.0010339877,0.02566897,0.9620283,0.0014494967,0.0018784626,password
0.0017587633,0.0043203766,0.0013286836,0.0011098634,0.023202088,0.96523273,0.0013405586,0.001706944,password
0.0022948203,0.0057410216,0.0014365353,0.0014937986,0.022690937,0.9630411,0.0014834154,0.0018184123,password
0.0037013015,0.00998797,0.0022281865,0.0032435586,0.022259165,0.9545587,0.0019963463,0.0020248275,password
0.00587668,0.020694373,0.0049484586,0.009777785,0.022311077,0.9306856,0.0033860395,0.0023200512,password
0.0072752032,0.031983536,0.008957901,0.020909933,0.023166267,0.8996735,0.005436662,0.0025969746,password
0.008144863,0.03284279,0.012078956,0.032224853,0.024519108,0.8799545,0.007416188,0.0028188028,password
0.008503059,0.031989343,0.012483332,0.03561895,0.024004377,0.87654114,0.007776254,0.0030835802,password
0.008486472,0.02281964,0.009084938,0.025255812,0.022688476,0.9022852,0.0066849864,0.0026943556,password
0.008551902,0.012882291,0.004988043,0.01319241,0.021189734,0.93220913,0.0049806964,0.002005769,password
0.010162665,0.007947755,0.0030531795,0.007342864,0.02179417,0.9439891,0.0041121044,0.0015982335,password
0.013497252,0.0053199357,0.002128522,0.00421974,0.02401183,0.9458556,0.0036305822,0.0013366188,password
0.021131452,0.0033176756,0.0014965533,0.0018115353,0.029759029,0.93808043,0.0033001946,0.0011030394,password
0.03631521,0.0024584546,0.0012842161,0.00089492765,0.04236864,0.912094,0.0035012283,0.0010833231,password
0.068101846,0.0023429517,0.001422725,0.00063388667,0.06939021,0.8521036,0.004614116,0.0013907236,password
0.11195564,0.002188628,0.0014055215,0.0003613222,0.113402225,0.7633644,0.0059393863,0.0013828451,password
0.17315815,0.002126242,0.0014452338,0.00022494377,0.18198173,0.6316684,0.0079511255,0.0014441687,password
0.21870084,0.0019012017,0.0014133477,0.00015283033,0.25040686,0.5166972,0.009306769,0.0014209296,password
0.24463105,0.001531279,0.0013777087,0.00010630915,0.31802896,0.4231797,0.009664953,0.0014799798,password
0.23402649,0.0012000871,0.001285692,8.327772e-05,0.36607382,0.38716298,0.008624718,0.0015429488,password
0.2244101,0.0009989399,0.0011685865,7.000995e-05,0.40064055,0.36325604,0.007767647,0.0016881265,normal
0.311043,0.00083424983,0.0011671212,6.168458e-05,0.4461521,0.23034663,0.0071007637,0.0032944456,normal
0.2429625,0.00074407907,0.001258161,5.8820428e-05,0.48516053,0.26154467,0.0053538014,0.0029173817,normal
0.1797911,0.00075742864,0.0014591037,6.158529e-05,0.5122065,0.2990262,0.0043098945,0.002388119,normal
0.12432569,0.0008801221,0.0018980586,6.980752e-05,0.52132267,0.34591597,0.003797303,0.0017903793,normal
0.09063528,0.001051565,0.002403299,7.404454e-05,0.51983744,0.3810386,0.0036996966,0.001260076,normal
0.080141254,0.0011781018,0.002723961,6.681649e-05,0.5286275,0.3827817,0.003503507,0.0009771158,normal
0.08546124,0.0011301634,0.0026774963,6.052099e-05,0.5227456,0.383678,0.0032939685,0.0009530437,normal
0.093659766,0.0010550302,0.0025900286,5.3082582e-05,0.51333064,0.38535544,0.003038906,0.0009171083,normal
0.10532791,0.0009618608,0.0024608364,4.5445577e-05,0.4994444,0.3881247,0.0027608464,0.00087397406,normal
0.12091109,0.0008677532,0.0023114027,3.8659036e-05,0.4812544,0.39129344,0.0024906138,0.0008326133,normal
0.14086807,0.00078710256,0.0021674489,3.3272077e-05,0.4602354,0.39285326,0.0022532435,0.0008022235,normal
0.16573836,0.00072800205,0.0020510766,2.941589e-05,0.43866104,0.38994095,0.002060554,0.00079057645,normal
0.196471,0.00069300836,0.001971357,2.689722e-05,0.4191868,0.37892932,0.001916319,0.00080527924,normal
0.23437083,0.0006822664,0.0019271491,2.5442845e-05,0.40398136,0.35633722,0.0018205113,0.0008552676,normal
0.28064874,0.00069481233,0.0019087369,2.4805915e-05,0.39377093,0.32022876,0.0017705703,0.00095256354,normal
0.33527514,0.00072928943,0.0019003418,2.4771649e-05,0.38733438,0.27186233,0.001762339,0.0011114252,normal
0.39579612,0.00078332436,0.0018857513,2.515785e-05,0.38158566,0.21679005,0.001788529,0.0013453979,ddos
0.45740792,0.00085317384,0.0018569124,2.5810637e-05,0.37296674,0.16338836,0.0018396719,0.0016613918,ddos
0.5150233,0.0009338108,0.0018181669,2.6608996e-05,0.3594508,0.11878584,0.0019068569,0.002054603,ddos
0.56555516,0.0010185882,0.0017801446,2.7445627e-05,0.3413801,0.085747965,0.0019826647,0.0025078636,ddos
0.60837764,0.0010976727,0.0017490524,2.8194145e-05,0.320525,0.06316573,0.002059326,0.0029974254,ddos
0.6441354,0.0011584539,0.0017228894,2.8716724e-05,0.29891014,0.04841597,0.002128587,0.003499823,ddos
0.6738234,0.0011877519,0.0016922785,2.8888615e-05,0.27808046,0.039002217,0.0021843445,0.004000685,ddos
0.69822884,0.0011781453,0.0016471718,2.8650282e-05,0.25911355,0.033086337,0.0022249175,0.004492353,ddos
0.71804494,0.0011336708,0.001583264,2.8040715e-05,0.2425993,0.029388115,0.0022530614,0.0049696453,ddos
0.7395568,0.0012348776,0.0019020635,3.51614e-05,0.21685606,0.02946114,0.002870658,0.008083224,ddos
0.74347633,0.0015164246,0.002420371,4.199323e-05,0.20847629,0.02983534,0.0035027948,0.010730396,ddos
0.75546646,0.0017686263,0.0028040688,4.640731e-05,0.19424255,0.032033432,0.003134621,0.010503871,ddos
0.7645292,0.0021718482,0.0031927947,5.2461946e-05,0.18276443,0.03443035,0.0029225913,0.009936216,ddos
0.76909256,0.003100547,0.004311855,7.6656026e-05,0.17134061,0.035148952,0.0033888074,0.013540036,ddos
0.7717458,0.004549904,0.0057413825,0.00011513681,0.1595556,0.036736425,0.0038336527,0.017722143,ddos
0.7758566,0.0065034693,0.0068265446,0.00015680805,0.14795189,0.044188157,0.00365735,0.01485913,ddos
0.773037,0.009855187,0.008149685,0.00022781093,0.13728355,0.057331197,0.0036458161,0.010469707,ddos
0.7536146,0.016118757,0.00999749,0.00036783027,0.1270406,0.08319622,0.0039276434,0.0057368428,ddos
0.6996393,0.028718682,0.012936225,0.00067583594,0.11709792,0.13368204,0.0048271883,0.0024227356,ddos
0.5552498,0.081138924,0.02269241,0.0030155806,0.09399161,0.23058544,0.010697023,0.0026292591,ddos
0.45919907,0.14245719,0.030051626,0.0052101305,0.07782546,0.27134252,0.012384775,0.0015293654,ddos
0.3499531,0.31775188,0.04515863,0.013804821,0.05054836,0.20037678,0.020055791,0.0023506344,ddos
0.25702506,0.571788,0.051719707,0.013789835,0.019398693,0.066183254,0.018122612,0.001972896,dos
0.17810003,0.74248666,0.04337417,0.006752453,0.004813006,0.013305869,0.010104218,0.0010635114,dos
0.14065729,0.802523,0.03724105,0.0037634266,0.0021497295,0.0051604053,0.0075932117,0.0009118021,dos
0.13068658,0.8219202,0.0336133,0.0028058938,0.0014967971,0.003506304,0.0054144342,0.00055650243,dos
0.123169094,0.83513993,0.030562613,0.0021539652,0.0012678384,0.0027867423,0.004527648,0.00039217528,dos
0.115111776,0.8470603,0.02792799,0.0017687044,0.0012076002,0.0024467902,0.0041649495,0.00031180825,dos
0.10761228,0.85778546,0.025379272,0.0015226672,0.0012144471,0.0022680606,0.0039525335,0.00026527795,dos
0.07233456,0.89703476,0.017363364,0.001928064,0.0014139967,0.0021494008,0.007545945,0.00022984835,dos
0.05143204,0.9109432,0.014122109,0.0027802193,0.0018771234,0.0022288843,0.01643969,0.00017678876,dos
0.048440054,0.9020101,0.014707163,0.0030605942,0.002398495,0.0022313565,0.027021285,0.00013104743,dos
0.052413423,0.8819766,0.017240241,0.0029088478,0.0028936854,0.0022467924,0.04020033,0.000120057965,dos
0.061352454,0.8554118,0.02044164,0.0026438194,0.0034581989,0.0024265463,0.054152858,0.00011260346,dos
0.07417049,0.8202725,0.021165295,0.002452304,0.004145721,0.0028728824,0.07482647,9.429535e-05,dos
0.09190588,0.76300484,0.021137316,0.0022379288,0.005159067,0.0035127099,0.11296215,8.014666e-05,dos
0.11556304,0.6988489,0.023574889,0.0019492098,0.0062695323,0.004257397,0.1494582,7.8700796e-05,dos
0.14534338,0.6207945,0.025737783,0.0016541767,0.007815182,0.005205269,0.19337058,7.915245e-05,dos
0.18285134,0.53691506,0.027589014,0.0013552863,0.010079408,0.0063924477,0.23473468,8.2698105e-05,dos
0.23773266,0.45671287,0.029372538,0.0010786484,0.01382538,0.008010283,0.2531745,9.3097195e-05,dos
0.27155578,0.3382982,0.026759652,0.000850972,0.01848485,0.009587756,0.33437985,8.2898834e-05,dos
0.38047743,0.26404023,0.026978292,0.0005905481,0.028860008,0.01223698,0.28670686,0.000109757006,ddos
0.44773227,0.1785073,0.022103002,0.00040193004,0.040313095,0.015427762,0.29540998,0.00010467567,ddos
0.52379435,0.10717927,0.017324995,0.00025364922,0.058187533,0.021746438,0.27141646,9.737859e-05,ddos
0.57835424,0.055146124,0.0132151125,0.00015583339,0.09062214,0.03803725,0.22438304,8.63794e-05,ddos
0.50621617,0.026034288,0.009740861,0.00010581535,0.14918871,0.06674466,0.24189408,7.547808e-05,ddos
0.35325995,0.010861434,0.007074741,9.670482e-05,0.3623987,0.17900568,0.08713977,0.00016297866,normal
0.1282656,0.007236155,0.0071689403,0.00020147422,0.57697195,0.25366685,0.025917841,0.0005713008,normal
0.06593386,0.016723305,0.020607723,0.0009450972,0.65674293,0.21882834,0.017762324,0.0024565344,normal
0.041888688,0.022931919,0.042738393,0.0015589126,0.59854674,0.2681818,0.021096991,0.0030566067,normal
0.04505602,0.015458383,0.03494699,0.0015597006,0.5012271,0.38469157,0.014089011,0.002971185,normal
0.049547777,0.015339384,0.03751996,0.001992141,0.44529897,0.43295735,0.013697869,0.003646579,normal
0.055881977,0.0125250975,0.033540636,0.001905986,0.38567945,0.49682984,0.010254194,0.003382843,password
0.057481904,0.015455741,0.04076285,0.0033802683,0.3226211,0.54368126,0.011783759,0.004833095,password
0.061531708,0.01623144,0.042737126,0.004042063,0.27850735,0.5804452,0.0112454,0.005259716,password
0.06933486,0.01819662,0.048225097,0.0048675477,0.24261649,0.6018501,0.009827926,0.0050813993,password
0.065331295,0.020744702,0.050870437,0.00741359,0.19118024,0.6494061,0.009758646,0.005295028,password
0.054585986,0.020149302,0.047270488,0.008797308,0.13467708,0.7220999,0.008145392,0.004274487,password
0.04069882,0.016942592,0.038218454,0.008697056,0.08593449,0.80097014,0.005837558,0.0027008427,password
0.033199977,0.0161769,0.035694726,0.008613988,0.05872957,0.84119695,0.0044989716,0.0018888431,password
0.019062083,0.011839386,0.023977457,0.0072277645,0.03376568,0.9000221,0.0029368547,0.0011687559,password
0.007855125,0.0072925654,0.012519134,0.0061048223,0.019118736,0.9443872,0.0018245939,0.00089789653,password
0.0030160265,0.003584241,0.005080051,0.0041570426,0.011829677,0.9704489,0.0010936264,0.00079040276,password
0.001701685,0.0018830847,0.0021319042,0.0023775322,0.009324007,0.9811143,0.0007317824,0.00073563756,password
0.001458712,0.0017614287,0.0017676508,0.002158133,0.007600086,0.98393136,0.0006300849,0.00069254066,password
0.0019859336,0.0036276092,0.0038944944,0.004979788,0.0061667324,0.9780176,0.00068301964,0.0006446747,password
0.0017400511,0.0026539243,0.0019382049,0.0037176604,0.0057657734,0.98301506,0.0005032655,0.00066612137,password
0.0017393025,0.0023500177,0.0012225078,0.0032720678,0.005122695,0.9851815,0.00041995235,0.00069184485,password
0.0021437737,0.0032238916,0.0017812895,0.0041459906,0.0042347624,0.9835593,0.00035959814,0.00055133825,password
0.0026533795,0.0037864838,0.0017675546,0.003875117,0.004849806,0.9819734,0.0004598148,0.00063456467,password
0.0033553941,0.005593607,0.002635233,0.0064443504,0.006238494,0.9741037,0.0009039835,0.0007252288,password
0.005809937,0.011164364,0.006533452,0.012547278,0.008951333,0.9520253,0.0019636645,0.0010047151,password
0.0069380985,0.014917405,0.01118437,0.015813183,0.011583602,0.93518716,0.0030604368,0.0013157305,password
0.010953426,0.019965855,0.019570153,0.020593401,0.020462617,0.900534,0.0061662635,0.0017543038,password
0.013140688,0.019579748,0.021400116,0.017180039,0.032399602,0.88649625,0.008154135,0.0016494481,password
0.01704105,0.02153118,0.025456851,0.015751768,0.04745499,0.8606156,0.010349137,0.001799359,password
0.031038884,0.028868543,0.04258361,0.01669853,0.07880099,0.7832809,0.016011246,0.0027172323,password
0.039707795,0.027251255,0.04636852,0.011268985,0.110593475,0.7454442,0.016739009,0.0026267662,password
0.053492486,0.02671392,0.05093906,0.0077470564,0.14841282,0.6931554,0.016950792,0.0025885385,password
0.06923369,0.02745021,0.05838248,0.006079506,0.1871418,0.63227594,0.016257666,0.0031786829,password
0.10026244,0.03318937,0.07438864,0.0055061704,0.23306042,0.5313585,0.017649645,0.0045848656,password
0.14567618,0.03958764,0.08158304,0.004312361,0.31182745,0.39199382,0.016759465,0.008260137,password
0.20445593,0.049097944,0.07511957,0.003783352,0.41555625,0.21334423,0.015803702,0.022838973,normal
0.22746265,0.057956368,0.06552799,0.003859915,0.46560934,0.11378229,0.016899629,0.04890174,normal
0.21401241,0.06497114,0.0646229,0.004345904,0.46801344,0.08025757,0.021656021,0.08212062,normal
0.17111202,0.08827111,0.07874572,0.0075728074,0.42646924,0.06317461,0.038449463,0.12620503,normal
0.13147715,0.13917077,0.11562383,0.015326364,0.32721898,0.046606965,0.06728934,0.15728658,normal
0.0995699,0.17777418,0.14487419,0.022455523,0.2597837,0.039838485,0.08512575,0.1705783,normal
0.08169502,0.2012878,0.16553758,0.027740866,0.22335897,0.036177125,0.101948455,0.16225421,normal
0.078954585,0.21081412,0.16385503,0.029157907,0.21283908,0.032195363,0.113187104,0.15899685,normal
0.074409164,0.22235747,0.1608812,0.032023262,0.20954964,0.033204783,0.11400713,0.15356733,dos
0.075017214,0.2346184,0.17394225,0.034049563,0.19812287,0.032138605,0.111673556,0.1404376,dos
0.07565672,0.23421095,0.1658758,0.03359377,0.20847371,0.03614483,0.09959814,0.14644615,dos
0.08278633,0.22210167,0.14572152,0.02783523,0.24958129,0.042548846,0.08005162,0.14937347,normal
0.1052892,0.19210102,0.1316402,0.019605627,0.30513608,0.058152553,0.046987105,0.14108822,normal
0.14329621,0.13012144,0.09829773,0.011013788,0.37602785,0.11410195,0.015908316,0.11123275,normal
0.15229402,0.09578811,0.07444863,0.00851176,0.37819314,0.2111604,0.007057343,0.07254664,normal
0.13698217,0.08033377,0.058143552,0.007982082,0.37365863,0.29296437,0.005487172,0.04444814,normal
0.122755714,0.06830207,0.043456227,0.0068722293,0.3831354,0.34393904,0.0047730375,0.02676624,normal
0.11113995,0.060727194,0.032929063,0.0057645976,0.38877764,0.37919286,0.0038768337,0.017591907,normal
0.102126256,0.053836588,0.022060608,0.0037390208,0.43439493,0.37029892,0.0032657261,0.010277954,normal
0.07223897,0.037484605,0.008562247,0.0018530264,0.5474043,0.32521883,0.0023104665,0.0049275593,normal
0.04353348,0.024343893,0.002890155,0.0008862664,0.6739811,0.25004506,0.0017352661,0.0025847214,normal
0.027698174,0.017166555,0.0012853151,0.0005369839,0.75924605,0.19062431,0.0016102955,0.0018324215,normal
0.01958302,0.014980987,0.0008586047,0.00047809957,0.75816464,0.20221452,0.0016609135,0.002059195,normal
0.0150057,0.013506175,0.00065082783,0.0004549907,0.7382267,0.22780308,0.0019165108,0.0024359643,normal
0.012886041,0.0107554225,0.00054931646,0.00041498165,0.721992,0.24880485,0.00215525,0.0024420584,normal
0.011752424,0.01027298,0.00058396754,0.00042533764,0.6879505,0.2843612,0.002171603,0.002482002,normal
0.011773617,0.0111982655,0.00071320793,0.00046266415,0.71946764,0.2513949,0.0025504993,0.0024392079,normal
0.011066708,0.0050452375,0.00041805964,0.00030833317,0.83907735,0.14012867,0.0028698507,0.0010857241,normal
0.011509132,0.00323099,0.00034716373,0.00017905897,0.876662,0.10440762,0.0029611306,0.0007028541,normal
0.0121215405,0.0021785132,0.00029129235,0.00011601768,0.9011149,0.08062999,0.0030679125,0.0004799487,normal
0.011409142,0.0017945188,0.00027542823,0.00011224201,0.91020405,0.072250426,0.003515292,0.00043889845,normal
0.010658094,0.0015372409,0.00024673474,0.000110813264,0.92242646,0.060426567,0.004169753,0.00042435172,normal
0.010174014,0.0013391805,0.0002210242,0.000113708855,0.9288395,0.053791143,0.0050844606,0.00043696046,normal
0.0097900815,0.0012225802,0.00019996651,0.00012563089,0.93314856,0.048450362,0.006557854,0.0005048927,normal
0.009590912,0.0011860861,0.00019175108,0.00014763791,0.93394476,0.04507325,0.009158168,0.00070744375,normal
0.009693421,0.0011997503,0.00018157042,0.00018939341,0.93458927,0.039889168,0.013125313,0.001132068,normal
0.008596536,0.0011881671,0.00015590072,0.00028780446,0.93132186,0.031984724,0.024168594,0.0022963725,normal
0.008248627,0.001169597,0.00014206937,0.00047193587,0.90850204,0.028702222,0.04778466,0.0049789585,normal
0.008831605,0.001164725,0.0001474591,0.0007116705,0.8620627,0.030915657,0.08574879,0.010417429,normal
0.009621505,0.0010929926,0.00015522004,0.0011244877,0.77166224,0.040526513,0.1516782,0.024138827,normal
0.009654489,0.0010444663,0.0001824037,0.00227973,0.58234715,0.060669575,0.2754053,0.06841687,normal
0.0071154153,0.00091033103,0.00022323457,0.0045070164,0.3080537,0.083466046,0.41898802,0.1767362,scanning
0.0031880357,0.00078607094,0.00025791413,0.009583711,0.09846574,0.06984843,0.4710648,0.3468053,scanning
0.001235625,0.0008449252,0.0003083332,0.021180898,0.027570125,0.03666675,0.40220255,0.50999075,xss
0.0006956672,0.00108765,0.00039102114,0.038348477,0.011818208,0.01714041,0.33107525,0.5994434,xss
0.0005518816,0.0012949563,0.0004455331,0.04751394,0.0076778866,0.009482234,0.27087814,0.66215545,xss
0.00054403057,0.0014231848,0.0004397248,0.04703428,0.0064298566,0.0059890863,0.21898426,0.7191556,xss
0.00070990645,0.0019641605,0.0005795005,0.052305683,0.006210706,0.0048805624,0.18347332,0.74987614,xss
0.002121938,0.00522979,0.0015302326,0.07281061,0.0075339265,0.004634283,0.18350935,0.72262985,xss
0.0093628485,0.023698876,0.006503721,0.1568836,0.010825954,0.0067789913,0.18507281,0.60087323,xss
0.02382475,0.05428986,0.015028052,0.24539979,0.015964312,0.013150531,0.17531669,0.457026,xss
0.041134764,0.060047947,0.018875455,0.23141912,0.022992183,0.01851643,0.16101655,0.44599748,xss
0.08531135,0.059031803,0.023676269,0.1646695,0.03929293,0.03089816,0.1440444,0.45307562,xss
0.18813862,0.049375717,0.026651481,0.08788892,0.07250895,0.058026746,0.11865908,0.39875048,xss
0.35830158,0.03185858,0.023453582,0.03246985,0.119387604,0.09870011,0.08133025,0.25449848,ddos
0.48221576,0.018051213,0.015476595,0.011987981,0.15819328,0.1301644,0.05103696,0.13287379,ddos
0.57224125,0.008452097,0.009856194,0.002978163,0.16754979,0.15415035,0.027515369,0.057256848,ddos
0.6077338,0.0041473117,0.0057207416,0.0008758685,0.17909613,0.16162327,0.0153266005,0.025476268,ddos
0.62103844,0.0022066755,0.0035177765,0.0002951498,0.19353044,0.15677835,0.010055096,0.012578132,ddos
0.61882275,0.0014351407,0.0023308266,0.0001414906,0.21702707,0.14475228,0.008066376,0.0074240533,ddos
0.6150667,0.0011256667,0.001908624,9.180018e-05,0.23323704,0.13496019,0.007444863,0.0061651226,ddos
0.6158088,0.00095483934,0.0016895315,6.819827e-05,0.2453998,0.12349739,0.006907447,0.005673967,ddos
0.6109378,0.0008607222,0.0013901986,5.2822255e-05,0.26002878,0.11615652,0.005985743,0.004587422,ddos
0.5980078,0.0007988073,0.0011555876,4.23595e-05,0.27926007,0.111766055,0.005289351,0.003679977,ddos
0.5854562,0.0007190655,0.0011144488,3.693405e-05,0.29219118,0.11232055,0.0046463013,0.0035153325,ddos
0.55532885,0.00066841766,0.0009701038,3.208184e-05,0.3216551,0.11362823,0.0042881314,0.003429077,ddos
0.52295005,0.000667239,0.00078355294,2.8224706e-05,0.3585197,0.109635934,0.0042226696,0.003192653,ddos
0.5083736,0.00083464105,0.0011912643,3.0564657e-05,0.35417503,0.12897584,0.003362651,0.0030563376,ddos
0.49974167,0.0010236333,0.0015838413,3.658483e-05,0.35476595,0.13580394,0.0033767964,0.0036675655,ddos
0.48708144,0.0012755074,0.0020534142,4.4121465e-05,0.3613984,0.14031225,0.0034877495,0.004347177,ddos
0.47259626,0.0016100267,0.0026367132,5.4644126e-05,0.37106818,0.14319621,0.0036357592,0.0052022035,ddos
0.4566893,0.0020645002,0.0033747551,7.075285e-05,0.38305005,0.14455394,0.0038221988,0.0063745277,ddos
0.43900797,0.0026951816,0.004308963,9.691265e-05,0.39711758,0.14468487,0.0040522004,0.008036383,ddos
0.41940883,0.0035830408,0.0054833936,0.00014100387,0.41238782,0.1443374,0.004307645,0.010350927,ddos
0.3991217,0.0048472676,0.006964366,0.00021618644,0.42634565,0.14465374,0.004528469,0.013322673,normal
0.38328138,0.006727366,0.008956512,0.00034266035,0.4331582,0.14643705,0.004598717,0.016498147,normal
0.39048025,0.0101519255,0.012499655,0.00055305054,0.41591665,0.1474876,0.0043255645,0.018585352,normal
0.4926838,0.021328041,0.024575127,0.00093747757,0.3134015,0.127205,0.0033059719,0.0165631,ddos
0.69541085,0.0779947,0.08763269,0.0015275215,0.083028644,0.04641299,0.0013294906,0.006663095,ddos
0.57781476,0.17992924,0.21170114,0.0018401576,0.0143652,0.01200322,0.00048212658,0.0018642305,ddos
0.46975282,0.22070058,0.2932886,0.0016362984,0.0061873957,0.007396778,0.00024434217,0.0007932265,ddos
0.43611175,0.21172167,0.3379785,0.0012450793,0.004438538,0.007948826,0.00014277478,0.00041275876,ddos
0.4296019,0.19714001,0.35808438,0.0009939951,0.0040843477,0.009724548,0.000103684484,0.0002670973,ddos
0.42585203,0.19615257,0.36235082,0.0008765056,0.0041516973,0.010313677,9.248514e-05,0.00021019802,ddos
0.41868898,0.20600517,0.36064598,0.0008062344,0.0043296246,0.009244792,9.3631155e-05,0.00018564606,ddos
0.4091975,0.22054423,0.35736358,0.0007428383,0.0044927197,0.0073854146,0.000101171056,0.00017260351,ddos
0.3999415,0.23568761,0.35329178,0.00067979604,0.004617089,0.005504558,0.00011388849,0.00016371862,ddos
0.3640865,0.26788834,0.35795218,0.0009658158,0.0045633065,0.004197328,0.00016256151,0.00018395738,ddos
0.32677162,0.27956328,0.38372594,0.0013280899,0.0039589745,0.0042169634,0.00018593708,0.00024912262,injection
0.30938664,0.2892426,0.39103833,0.0017613906,0.0038064444,0.004231955,0.00022822212,0.00030444033,injection
0.2650732,0.30189106,0.42234156,0.0024430833,0.0033205636,0.004164181,0.0002896587,0.0004766805,injection
0.2311376,0.31242585,0.44452333,0.0033175843,0.003266396,0.00416933,0.00040738276,0.0007524602,injection
0.1823371,0.34552985,0.45532796,0.006248573,0.003700653,0.004512775,0.0007344997,0.0016085746,injection
0.14092343,0.35845038,0.47400722,0.011007247,0.004300149,0.00586162,0.0013108318,0.0041390923,injection
0.10048886,0.37436897,0.46546704,0.025772393,0.0064080926,0.009433613,0.003209343,0.014851679,injection
0.075371735,0.3384354,0.44943103,0.047609646,0.010505408,0.017840004,0.007526424,0.05328026,injection
0.034667518,0.22863767,0.2945245,0.12615427,0.016473517,0.028794434,0.02029875,0.2504494,injection
0.015040442,0.10670443,0.15797217,0.13277122,0.01483122,0.033524126,0.025427492,0.51372886,xss
0.004677882,0.035591908,0.057076044,0.10478025,0.010452564,0.027153203,0.025186533,0.7350816,xss
0.0017177714,0.013204883,0.021648081,0.07377385,0.005938251,0.017028838,0.018671433,0.8480169,xss
0.0008359878,0.0060532363,0.009726156,0.05562091,0.003917129,0.010988219,0.014380661,0.8984777,xss
0.0005394652,0.0031004567,0.005377164,0.03753729,0.002881062,0.0075915433,0.010942728,0.93203026,xss
0.00044687922,0.0019057057,0.0036228714,0.026860753,0.0024014588,0.0055883992,0.009095858,0.95007807,xss
0.0004698334,0.0016211477,0.0032511214,0.02463356,0.002231752,0.0044313883,0.008708733,0.9546525,xss
0.00046007123,0.0012567206,0.002911855,0.019318664,0.0019537813,0.0033938976,0.008214368,0.9624906,xss
0.00042200246,0.0009944016,0.002637219,0.015064523,0.0016419915,0.0025541177,0.007765919,0.96891975,xss
0.00035168973,0.00071666745,0.0021109253,0.010619741,0.0012996114,0.0016973573,0.00670668,0.9764973,xss
0.00030291933,0.0005126832,0.0015903184,0.0069427616,0.001155155,0.0010592956,0.0053862156,0.98305064,xss
0.00032431676,0.0005752251,0.0017016657,0.008566976,0.0013688612,0.001262438,0.0059390916,0.98026145,xss
0.0003452306,0.0006872543,0.0019467432,0.010709186,0.0015443466,0.0013576979,0.007309183,0.97610044,xss
0.000345907,0.0007438743,0.001961783,0.01222562,0.0017522173,0.0015051214,0.007625435,0.97384,xss
0.00034416543,0.0008112259,0.0019922403,0.013993481,0.0018683071,0.0014895209,0.00849292,0.9710081,xss
0.00034550147,0.00087264477,0.0018881332,0.015626892,0.0021629476,0.001601121,0.008665493,0.9688373,xss
0.0002805561,0.000792441,0.0016642996,0.016284788,0.0018891398,0.0013794451,0.007820568,0.9698887,xss
0.00028076486,0.0008594813,0.0016027604,0.019027445,0.002002636,0.0013695633,0.008497557,0.9663598,xss
0.0003505317,0.00083762617,0.0015983456,0.017871432,0.001465789,0.0011590752,0.0067899767,0.96992713,xss
0.0006492693,0.0008594942,0.0015781893,0.01385214,0.0015015699,0.0011613927,0.005048095,0.9753498,xss
0.043400925,0.025663625,0.07468889,0.035935014,0.0020288164,0.0019592063,0.010926475,0.80539703,xss
0.16487649,0.08756299,0.26604292,0.05062683,0.0024286034,0.002430566,0.012126276,0.4139053,xss
0.25732958,0.12819369,0.41533732,0.038905893,0.0017606054,0.0018646487,0.007851227,0.14875703,injection
0.29558036,0.12876602,0.5087437,0.016535165,0.0011377112,0.0011547258,0.0043764403,0.0437059,injection
0.32457045,0.10428985,0.54074746,0.006878321,0.00091200706,0.00089086726,0.0026713395,0.019039728,injection
0.33511218,0.093008734,0.5531622,0.004198245,0.0008771414,0.0008538798,0.0019772798,0.010810278,injection
0.35930616,0.08646469,0.54064023,0.0031134228,0.0009102467,0.00084606366,0.0016309635,0.007088238,injection
0.36691946,0.08011599,0.54327023,0.002288171,0.0008600653,0.000799016,0.0013814748,0.004365613,injection
0.37033626,0.08226943,0.5391622,0.0020603237,0.0009042412,0.0007863955,0.00132447,0.0031567432,injection
0.3777168,0.08586482,0.5288617,0.0020235132,0.0009605446,0.00075952086,0.001321648,0.0024913896,injection
0.41703522,0.08946422,0.48601353,0.0021626465,0.0011127022,0.0007041113,0.0015017736,0.0020057925,injection
0.44482094,0.0897336,0.45816374,0.0020985387,0.001088172,0.0007122494,0.0013828896,0.0019998385,injection
0.47444254,0.09291929,0.4250252,0.00231394,0.0011425344,0.00077405263,0.0013194138,0.0020630502,ddos
0.5105807,0.0989582,0.38207778,0.002742615,0.0012650305,0.0008831403,0.0013358666,0.002156627,ddos
0.54572606,0.10401535,0.34023616,0.0035631766,0.0015087137,0.0011141716,0.0014013187,0.0024350404,ddos
0.5732881,0.10807055,0.30477625,0.005323289,0.0020931913,0.0016709145,0.0015936815,0.0031839798,ddos
0.57902426,0.116228186,0.27905184,0.010212044,0.004080054,0.0035039373,0.0022515478,0.005648131,ddos
0.5398302,0.13255587,0.25030154,0.02825282,0.014884431,0.013054638,0.004708673,0.01641184,ddos
0.3662132,0.13425057,0.17996283,0.083417214,0.08835267,0.07473712,0.012256747,0.060809642,ddos
0.172955,0.08081945,0.07746678,0.08933371,0.27572715,0.19817871,0.016329747,0.08918937,normal
0.09081057,0.030049985,0.02485176,0.029716559,0.49909183,0.26334772,0.0109403115,0.05119121,normal
0.060895287,0.012023431,0.008711065,0.006613165,0.66647696,0.22223237,0.006532085,0.016515674,normal
0.05101619,0.008118252,0.0053877165,0.0021400175,0.74733484,0.17489488,0.0039926525,0.007115405,normal
0.040546436,0.0053336737,0.0030564475,0.0007703234,0.8190285,0.12521535,0.0029884665,0.0030608156,normal
0.032936707,0.003971936,0.0019246214,0.00042477952,0.8597526,0.0966731,0.0025840995,0.0017320974,normal
0.026197057,0.0032576227,0.0013558208,0.00032284256,0.8858964,0.07931945,0.0023954345,0.0012553538,normal
0.02335027,0.003052658,0.0011014494,0.00029644885,0.89585346,0.07296928,0.0022621774,0.0011142651,normal
0.019445594,0.0029602018,0.0008469385,0.00031742526,0.9089991,0.064075425,0.0022431302,0.0011122673,normal
0.016761836,0.003228638,0.0006789503,0.00040988775,0.9179816,0.05728539,0.0024434691,0.0012102269,normal
0.017381145,0.0045366944,0.0007129059,0.00069626624,0.9154378,0.056627702,0.0029832276,0.0016243289,normal
0.060938634,0.026628256,0.00397252,0.0037379772,0.80026394,0.09383282,0.0062158145,0.004410048,normal
0.33683357,0.2818265,0.079379216,0.029090114,0.17809774,0.074490555,0.010534279,0.009748082,ddos
0.31695274,0.34710386,0.16403869,0.037995353,0.071413234,0.042813286,0.008873942,0.010808871,dos
0.28645092,0.2876292,0.15621115,0.035451718,0.13698995,0.072385326,0.010593561,0.014288211,dos
0.25028628,0.20583434,0.13859029,0.022354277,0.2461165,0.11249512,0.012001325,0.012321889,ddos
0.22275093,0.17582177,0.11949671,0.01778698,0.30571002,0.13219674,0.01316044,0.0130765205,normal
0.20369263,0.1841623,0.12603693,0.020255404,0.2946018,0.1370579,0.017509257,0.016683795,normal
0.164031,0.2163518,0.15502696,0.03667399,0.2432443,0.12712064,0.03239438,0.025156917,normal
0.11702671,0.23274559,0.17370474,0.06881706,0.20345695,0.106390156,0.058206186,0.039652668,dos
0.08441205,0.22992384,0.1678603,0.109580494,0.18206438,0.0836877,0.08639466,0.056076497,dos
0.065546736,0.22001441,0.1499988,0.15256032,0.16811796,0.0665026,0.1070591,0.07020011,dos
0.052032653,0.20929731,0.12243391,0.19507931,0.17143583,0.056506403,0.11655807,0.07665647,dos
0.043203548,0.19229496,0.094953574,0.23905183,0.178827,0.05001219,0.12107823,0.0805786,mitm
0.039718594,0.17074996,0.07058307,0.26887706,0.19764158,0.056208488,0.10921142,0.08700981,mitm
0.036077663,0.14297457,0.045277596,0.2667898,0.26697436,0.07742271,0.0849673,0.07951605,normal
0.031172056,0.087889574,0.019422667,0.16408633,0.46078047,0.14438187,0.04296829,0.049298707,normal
0.017442623,0.021263506,0.0022854058,0.02306135,0.7402632,0.17953652,0.0071667796,0.008980638,normal
0.015108133,0.0060121655,0.00033471966,0.0022877473,0.86478853,0.10882788,0.0014044313,0.0012363807,normal
0.018988697,0.003639348,0.000151493,0.00058440364,0.9006,0.07497082,0.0006936166,0.0003715384,normal
0.02093387,0.0032446529,0.00011631806,0.00037256026,0.9098766,0.06462687,0.00060168514,0.00022739377,normal
0.021946859,0.0026285592,9.3046685e-05,0.0002445145,0.91330504,0.060979187,0.0006283081,0.0001744268,normal
0.02238304,0.0023121529,7.991741e-05,0.00018250167,0.9185,0.055668604,0.00072937267,0.0001444864,normal
0.021742444,0.0024230073,7.414048e-05,0.00017171529,0.9197694,0.05489925,0.00078224385,0.00013771417,normal
0.024217796,0.0028138745,7.569275e-05,0.00015883509,0.9275662,0.044147275,0.0008881028,0.00013221597,normal
0.029400928,0.0035023668,8.631682e-05,0.00015052283,0.9302745,0.035358027,0.0010905282,0.00013682157,normal
0.031240176,0.003578174,8.673794e-05,0.00013407726,0.9287723,0.03502145,0.0010404378,0.00012664011,normal
0.04907724,0.0048176222,0.00013871091,0.00010664139,0.9056694,0.038939208,0.0010874812,0.00016366773,normal
0.12487327,0.007719798,0.000290877,7.8165314e-05,0.8178276,0.047838937,0.001161409,0.00021000813,normal
0.57262534,0.015763732,0.0011202539,6.5332526e-05,0.342395,0.06667186,0.0010761034,0.00028234514,ddos
0.8689574,0.017687224,0.0022707402,5.0818642e-05,0.07459646,0.035548937,0.0006487443,0.0002396078,ddos
0.9192695,0.021452365,0.0032132445,6.334558e-05,0.033683047,0.021548282,0.00052340585,0.00024680656,ddos
0.9216896,0.027693896,0.0040825834,0.000105143765,0.027576057,0.017931513,0.00059838203,0.00032279224,ddos
0.91271406,0.035741244,0.004630887,0.00017440719,0.028379528,0.017273469,0.00066796766,0.00041837234,ddos
0.9009579,0.049298216,0.0056392867,0.00031412588,0.026259374,0.01628718,0.0007331601,0.0005108047,ddos
0.90888983,0.054716878,0.0065619578,0.00031949318,0.017316189,0.011092414,0.0006711244,0.00043201583,ddos
0.91720665,0.057985675,0.008228637,0.00026717864,0.009186791,0.006291358,0.0005165128,0.00031709435,ddos
0.90628916,0.07165511,0.012863717,0.0003354967,0.00459586,0.0035677115,0.00043329343,0.00025966074,ddos
0.9005632,0.07670901,0.015299041,0.0003682144,0.0036096545,0.0028043108,0.00040864048,0.00023797312,ddos
0.90090823,0.07494484,0.01578928,0.00042861138,0.004271762,0.0029184287,0.00047945968,0.00025931495,ddos
0.9065702,0.06765241,0.014920473,0.0004712014,0.005829639,0.0036745935,0.00058137527,0.00030009472,ddos
0.92946506,0.04649946,0.01151115,0.00034493874,0.0071367184,0.004174837,0.0006029379,0.0002649663,ddos
0.9515275,0.028622724,0.0068835365,0.00019724773,0.0081347,0.0038942774,0.00054428465,0.00019582495,ddos
0.96722454,0.015350628,0.0034187622,9.64554e-05,0.0092203505,0.004029293,0.0005297213,0.00013015067,ddos
0.97897434,0.007340333,0.00214409,6.3729676e-05,0.00683167,0.00407297,0.00043293013,0.00013986616,ddos
0.9833503,0.006153619,0.0022949756,9.5266856e-05,0.0042214785,0.0031914643,0.00049329945,0.00019964152,ddos
0.98103654,0.0078525515,0.0030133084,0.00027229238,0.0037837462,0.0027095382,0.00093482423,0.00039716254,ddos
0.9733575,0.010677737,0.0041881828,0.0009592205,0.0045539644,0.0028454412,0.0022515052,0.0011664481,ddos
0.95260507,0.014875585,0.005289989,0.003947408,0.008068033,0.0041159755,0.0070798583,0.004018149,ddos
0.91568595,0.017713243,0.006611052,0.011982725,0.012129871,0.005581609,0.016849961,0.013445515,ddos
0.83282673,0.019428337,0.0074585993,0.03267753,0.019299075,0.0075189006,0.03898643,0.04180445,ddos
0.6736567,0.018615121,0.0067410013,0.068638444,0.030533744,0.010735077,0.07239851,0.11868137,ddos
0.48009127,0.012040765,0.0050443863,0.093288176,0.03595621,0.011709956,0.09574749,0.26612172,ddos
0.24924421,0.006799671,0.002723084,0.105999544,0.03917228,0.012174776,0.10242166,0.4814647,xss
0.10510622,0.0025433227,0.0011942091,0.07657446,0.02956684,0.00891744,0.07471393,0.7013836,xss
0.033420246,0.0008824955,0.00043780266,0.05254389,0.019279609,0.005801904,0.05013595,0.8374981,xss
0.007371497,0.00039146421,0.00015137084,0.049568348,0.010571577,0.0031347645,0.036029425,0.8927815,xss
0.0019455655,0.00021431784,7.498882e-05,0.03960354,0.004805309,0.0012250593,0.021063613,0.9310676,xss
0.0010202561,0.000103810766,3.7494116e-05,0.019620245,0.0036809559,0.0008870904,0.013005945,0.96164423,xss
0.0005738929,5.129066e-05,2.178382e-05,0.010010977,0.0023495457,0.00059258426,0.008513273,0.97788674,xss
0.00032934404,2.825597e-05,1.182006e-05,0.0053136586,0.0022970408,0.00057426625,0.0062446767,0.985201,xss
0.00022951217,1.882686e-05,8.813585e-06,0.0035855463,0.0016092153,0.0004978349,0.004389403,0.98966086,xss
0.0002354362,1.7554285e-05,8.056629e-06,0.0031599975,0.0014057943,0.0004914157,0.0033584563,0.99132323,xss
0.00024222687,1.8677978e-05,8.471585e-06,0.002850299,0.0013389094,0.00044380233,0.0030574403,0.99204016,xss
0.00027778393,2.158811e-05,9.588514e-06,0.002531677,0.001342733,0.00040057,0.002862647,0.9925533,xss
0.0003738183,2.8172002e-05,1.2110712e-05,0.002218387,0.0014658528,0.0003694158,0.0028367415,0.99269545,xss
0.00062159565,4.2969496e-05,1.777082e-05,0.0019354043,0.0018207484,0.00036279197,0.00308743,0.9921113,xss
0.0013278744,7.859352e-05,3.1232426e-05,0.0017092605,0.0026929595,0.00040053306,0.0038532761,0.98990625,xss
0.0035086928,0.00017121625,6.494014e-05,0.0015788998,0.0046842867,0.00050829706,0.005627927,0.9838558,xss
0.010343254,0.00041462926,0.00014837128,0.0015415156,0.009116514,0.0007364133,0.009461864,0.9682376,xss
0.030139899,0.0010095648,0.0003362873,0.0015579815,0.018481364,0.0011636888,0.017386371,0.9299249,xss
0.08011213,0.0022781517,0.0006997042,0.0015642551,0.03664812,0.0018755958,0.03262305,0.84419894,xss
0.17589809,0.004371657,0.0012214348,0.0014800102,0.06481606,0.0028086717,0.057068545,0.69233555,xss
0.30540365,0.0067659845,0.0017034187,0.0012687452,0.09717421,0.0036849577,0.086631924,0.49736708,xss
0.42979693,0.008418067,0.0019083491,0.0009825125,0.12539548,0.004288579,0.11198104,0.317229,ddos
0.527081,0.00848839,0.0017881008,0.0006858461,0.14856654,0.0047613075,0.12340651,0.18522239,ddos
0.5978838,0.0068136784,0.0014377085,0.00042420678,0.1728333,0.005673204,0.114424914,0.10050917,ddos
0.6447245,0.0042268247,0.0010106898,0.00022870224,0.20661077,0.008479633,0.08541072,0.049308203,ddos
0.65196884,0.0021360603,0.00066964753,0.00011177792,0.25556448,0.01850377,0.051039513,0.020005912,ddos
0.5946699,0.001175989,0.0004977585,5.9354737e-05,0.3157148,0.04986647,0.031078534,0.0069372356,ddos
0.5031723,0.0008869405,0.00042702386,3.8288013e-05,0.3736208,0.09408184,0.024935994,0.0028368242,ddos
0.43211994,0.001048001,0.00057197805,3.808742e-05,0.40265274,0.13555281,0.026233649,0.0017828295,ddos
0.42175737,0.001309421,0.0008404998,5.276388e-05,0.3879221,0.15888306,0.027006105,0.0022286912,ddos
0.4050867,0.0016500644,0.0011786334,8.509857e-05,0.37230337,0.18369094,0.032924704,0.0030805073,ddos
0.38528454,0.0021159924,0.0016820568,0.00014199363,0.35276118,0.21538511,0.03848467,0.004144428,ddos
0.35970914,0.002717394,0.0024041494,0.00024290013,0.32742542,0.25918466,0.04283778,0.005478568,ddos
0.32472804,0.00340408,0.0033493955,0.000415146,0.29417664,0.32226622,0.04466295,0.0069975276,ddos
0.27649087,0.0039974004,0.0043793865,0.0006783074,0.2500633,0.413863,0.042195346,0.008332471,password
0.21323965,0.004159359,0.0051064026,0.0009948869,0.19316344,0.54032314,0.034234244,0.008778858,password
0.14063841,0.0035754219,0.004985508,0.0012145579,0.12789883,0.6917595,0.022230161,0.0076975683,password
0.075152665,0.0023898664,0.003860281,0.0011614739,0.06860868,0.83251774,0.010898891,0.005410354,password
0.032102056,0.0012273999,0.002352098,0.00087079103,0.029368171,0.9268546,0.004057874,0.00316692,password
0.011494271,0.00050883665,0.0011863899,0.00055435015,0.010523492,0.97268945,0.0012722434,0.0017709709,password
0.0038179527,0.00018487583,0.00052250084,0.00030469592,0.0036003185,0.98998624,0.0004237487,0.0011596478,password
0.0016454634,7.9823505e-05,0.0002684715,0.00020910973,0.0016169916,0.99496883,0.00019452824,0.0010167945,password
0.0010152925,5.9573e-05,0.00021306156,0.00021404667,0.001029581,0.9963946,0.00011160951,0.000962186,password
0.0007644277,4.3887663e-05,0.00015219541,0.00018175064,0.000922323,0.9965745,0.000108682994,0.0012522993,password
0.00081417,4.5884266e-05,0.00014762842,0.00017583602,0.0010844374,0.99598557,0.00012765506,0.0016189087,password
0.0009538263,5.4429336e-05,0.00017064011,0.00017083679,0.0012353264,0.9953284,0.00013009463,0.0019563052,password
0.001669136,0.00010556092,0.00031437376,0.00021685075,0.0019976667,0.99270165,0.0001943871,0.002800368,password
0.003958599,0.0003204303,0.0009434758,0.00038891067,0.0039148354,0.98555994,0.00033866716,0.0045752255,password
0.0132917,0.0024020935,0.0061219973,0.0014991601,0.010648267,0.9546411,0.0009646025,0.010431063,password
0.03185998,0.012855403,0.027983494,0.005456792,0.024559202,0.8718234,0.002611187,0.02285048,password
0.05261637,0.035708476,0.06750762,0.011282988,0.042639457,0.74787813,0.004853854,0.037513044,password
0.064985566,0.05371024,0.09870259,0.014040564,0.05661204,0.66237277,0.006037486,0.043538712,password
0.07316739,0.057623964,0.107525095,0.012236164,0.069629006,0.6284016,0.0060606077,0.04535628,password
0.07967143,0.047505494,0.09230216,0.0077097015,0.084802225,0.63967687,0.005108591,0.043223504,password
0.08393345,0.03061699,0.060183097,0.003447303,0.10928991,0.67280877,0.0036742538,0.036046233,password
0.08563998,0.020554718,0.035528265,0.0014369405,0.17254762,0.654244,0.0028886313,0.027159886,password
0.08277338,0.019503396,0.025166746,0.00085455074,0.31167603,0.53729904,0.0029992505,0.01972759,password
0.06839775,0.020047817,0.018025555,0.0005818459,0.519185,0.3578497,0.0032482145,0.012664124,normal
0.048296686,0.018305516,0.01158611,0.0003841449,0.70658714,0.20444712,0.0031709296,0.0072223567,normal
0.032162912,0.014852482,0.006931339,0.00024601902,0.82437503,0.114542335,0.00285026,0.004039569,normal
0.021952178,0.011489581,0.00416316,0.00016308163,0.8865166,0.070779294,0.0024696414,0.0024665534,normal
0.015797853,0.008034098,0.0025522436,0.00010842852,0.9240341,0.045848817,0.0022027919,0.0014217072,normal
0.012258991,0.006186289,0.0017135354,7.8192934e-05,0.9438041,0.032924525,0.0020100477,0.0010242276,normal
0.011727004,0.0063296207,0.0015221296,6.4324435e-05,0.95032465,0.027051052,0.0019792651,0.0010019868,normal
0.009598813,0.0051388447,0.0011357198,5.4164728e-05,0.9603094,0.021144126,0.0018622607,0.0007566449,normal
0.007762088,0.0039035534,0.0008305511,4.5399196e-05,0.9703217,0.014685622,0.0019178705,0.00053309597,normal
0.0067878724,0.0038993137,0.00073285575,4.5789442e-05,0.973306,0.012818296,0.0018644466,0.000545573,normal
0.005179185,0.0027734223,0.0005193481,4.058843e-05,0.9807271,0.008329079,0.0020676518,0.0003636544,normal
0.005315729,0.002529009,0.00053570064,4.1248633e-05,0.98337156,0.005466018,0.002433283,0.00030730755,normal
0.006353469,0.002912721,0.0006610291,4.525455e-05,0.98155713,0.0057306816,0.0024219097,0.00031793598,normal
0.008230757,0.0035754691,0.00087370846,5.0986127e-05,0.9778677,0.0066728164,0.0024001028,0.00032845992,normal
0.012058929,0.0047117122,0.0012936818,5.8551115e-05,0.9706955,0.008295272,0.0025465144,0.00033991883,normal
0.020144025,0.006451228,0.002127164,6.870247e-05,0.9564027,0.011440187,0.0030132453,0.00035272294,normal
0.03530917,0.00821218,0.0034735522,7.794027e-05,0.9319711,0.016712561,0.0038828754,0.00036064448,normal
0.05666726,0.008848315,0.0047865645,8.052999e-05,0.9009389,0.023456758,0.0048702345,0.00035139214,normal
0.08199925,0.00828946,0.0054776925,7.7389865e-05,0.8676467,0.030413331,0.005764744,0.00033141734,normal
0.110947184,0.0072201313,0.005506793,7.3919095e-05,0.83082056,0.038833953,0.0062754997,0.00032196546,normal
0.14652497,0.00591422,0.0051323688,7.0574795e-05,0.787053,0.048434116,0.0065349145,0.00033586987,normal
0.18959871,0.0045747547,0.004540117,6.542843e-05,0.7336363,0.061022744,0.0061843502,0.0003776045,normal
0.23957936,0.0033848437,0.0039207176,5.782261e-05,0.6709358,0.07629298,0.005380914,0.00044750623,normal
0.29392743,0.0025055674,0.003412512,4.9936865e-05,0.603621,0.09146568,0.0044713197,0.00054649386,normal
0.34954125,0.0019303747,0.003051509,4.3409294e-05,0.5389514,0.10211705,0.0036918784,0.00067316514,normal
0.4009871,0.0015763415,0.002810724,3.871136e-05,0.4820731,0.10864093,0.0030520344,0.0008209991,normal
0.44545877,0.00133565,0.0026690809,3.5308254e-05,0.43605074,0.110868946,0.0025821135,0.0009993868,ddos
0.4803762,0.001169148,0.002592691,3.3005097e-05,0.40005282,0.112342164,0.0022307993,0.001203168,ddos
0.50542265,0.0010527731,0.0025578656,3.151635e-05,0.3728072,0.11473014,0.0019748223,0.0014230299,ddos
0.52327514,0.000967406,0.0025093164,3.0419813e-05,0.35210344,0.11765252,0.0017943584,0.0016674184,ddos
0.5411524,0.0008786165,0.0023190822,2.9142962e-05,0.33637485,0.11548465,0.001694493,0.0020666572,ddos
0.5939054,0.000766494,0.0017962409,2.718402e-05,0.31429595,0.08381033,0.0018071525,0.003591252,ddos
0.5922365,0.00076433044,0.0018048091,2.7558475e-05,0.31546795,0.08427906,0.0018078211,0.0036120147,ddos
0.5889558,0.0007608368,0.0018167908,2.7945252e-05,0.31780145,0.08518967,0.0018104517,0.0036370275,ddos
0.5833371,0.0007557061,0.0018332213,2.8340759e-05,0.32175034,0.08681867,0.0018144574,0.0036620449,ddos
0.5740785,0.0007457799,0.0018498644,2.8744284e-05,0.3282132,0.08956302,0.0018206674,0.00370023,ddos
0.5613624,0.0007375258,0.0018784839,2.920411e-05,0.3368078,0.09365499,0.0018247269,0.0037049083,ddos
0.5433752,0.0007280666,0.0019159446,2.9774441e-05,0.34866023,0.09977696,0.0018276884,0.0036861903,ddos
0.5187929,0.0007184994,0.0019656138,3.056086e-05,0.36435628,0.10867134,0.0018294193,0.0036352968,ddos
0.486329,0.0007112427,0.0020336837,3.1734577e-05,0.38430628,0.12121093,0.0018311945,0.0035459504,ddos
0.44530356,0.00071056996,0.0021307284,3.3544773e-05,0.4083647,0.13820527,0.0018361537,0.0034154316,ddos
0.39664885,0.0007229263,0.0022732622,3.6316145e-05,0.4352729,0.1599521,0.0018490524,0.0032445956,normal
0.3437851,0.00075665495,0.0024840732,4.0414667e-05,0.4623827,0.18563667,0.0018757804,0.003038593,normal
0.2921046,0.0008204877,0.0027884056,4.6152243e-05,0.48640236,0.21310592,0.0019227983,0.0028091755,normal
0.24669823,0.00092006935,0.0032026349,5.3591648e-05,0.5049887,0.2395684,0.0019949405,0.0025735502,normal
0.21018352,0.0010533613,0.003717927,6.2303e-05,0.51771927,0.26282513,0.0020914595,0.0023470998,normal
0.18249294,0.0012083924,0.0042919503,7.131021e-05,0.5256352,0.28195834,0.0022041812,0.0021376284,normal
0.16210653,0.0013667197,0.004860733,7.9407124e-05,0.5302373,0.29708195,0.002320573,0.0019467981,normal
0.14723957,0.0015111816,0.005365199,8.566882e-05,0.53287727,0.3087173,0.0024291817,0.0017746225,normal
0.13639374,0.0016322056,0.0057721864,8.976485e-05,0.5346065,0.3173606,0.0025233086,0.0016216714,normal
0.12852976,0.0017250909,0.006070746,9.188734e-05,0.5362094,0.3232794,0.002599095,0.0014945879,normal
0.13945389,0.0019373669,0.007805132,0.00010997472,0.50748295,0.33894417,0.0023661251,0.001900424,normal
0.15600313,0.0021089874,0.008768206,0.00012210062,0.4961664,0.33216143,0.0022812912,0.0023884652,normal
0.17239997,0.0023320524,0.009446254,0.00013455142,0.49280062,0.31774664,0.0022651567,0.002874722,normal
0.18864194,0.0026483056,0.01013205,0.00015366565,0.49376556,0.29892159,0.0022915085,0.0034453776,normal
0.20409513,0.0031015764,0.010956036,0.00018608925,0.4979031,0.27721018,0.0023568042,0.004191101,normal
0.21889454,0.004309033,0.013828166,0.00035933932,0.49005416,0.2635905,0.0029523917,0.006011826,normal
0.2367475,0.0060625453,0.017321039,0.0007110651,0.47541314,0.25172225,0.0036108296,0.008411586,normal
0.27239263,0.008125165,0.020300722,0.0014475648,0.45625496,0.22690396,0.0041821213,0.010392912,normal
0.32438985,0.012155666,0.026065828,0.0028319245,0.40727443,0.21152782,0.00423081,0.011523673,normal
0.5291751,0.025623351,0.04635636,0.00570536,0.23906587,0.14252582,0.003219336,0.008328757,ddos
0.7303061,0.07786018,0.11719401,0.0068893135,0.032745127,0.031586878,0.001130258,0.0022881548,ddos
0.6562566,0.13523173,0.18393713,0.0066482364,0.007101868,0.009344724,0.00060267077,0.00087698456,ddos
0.58947384,0.17361659,0.22054325,0.0067407526,0.0036023366,0.0049222657,0.00051468384,0.00058625237,ddos
0.55914503,0.20001122,0.22753108,0.006705413,0.0026601844,0.002877454,0.0005666518,0.00050292874,ddos
0.5709751,0.20850353,0.20873591,0.0064101997,0.0024619766,0.0016597509,0.0007585101,0.0004949317,ddos
0.56957346,0.22123902,0.19732928,0.006544132,0.0025344687,0.0011645323,0.0010532592,0.0005618438,ddos
0.57688504,0.2269244,0.18384989,0.006616597,0.0027377845,0.00090048194,0.0014355348,0.0006502548,ddos
0.5826727,0.23077719,0.17342208,0.0067966837,0.0029320426,0.0007489372,0.0018884599,0.00076189655,ddos
0.584008,0.23566668,0.16619143,0.0072267298,0.0030173382,0.0006405053,0.002373276,0.0008760341,ddos
0.55762374,0.25168124,0.17482558,0.008521876,0.0028320523,0.0005848588,0.002899164,0.0010316005,ddos
0.52433574,0.26187333,0.19974056,0.007643466,0.002421973,0.00059818773,0.0025433686,0.0008434218,ddos
0.5073432,0.25931653,0.21863617,0.00875953,0.002033049,0.00071690493,0.002287081,0.00090752874,ddos
0.46939024,0.26526943,0.24691425,0.012371744,0.0017489312,0.0009744513,0.002263392,0.001067554,ddos
0.44572416,0.25798017,0.27429104,0.015673796,0.0015272822,0.001428111,0.0022616168,0.001113862,ddos
0.42751026,0.24008445,0.30595154,0.019182235,0.0013437602,0.0025229962,0.002378491,0.001026324,ddos
0.38160056,0.2224804,0.3541082,0.028972363,0.0014336841,0.0072903987,0.0031355047,0.0009788997,ddos
0.2820143,0.22982958,0.40172216,0.052921917,0.0020911072,0.025270384,0.0049070376,0.0012434723,injection
0.15253066,0.18841907,0.33582336,0.12232433,0.0056407545,0.18231681,0.010504861,0.0024402211,injection
0.017222356,0.018598,0.026681688,0.050259247,0.010588062,0.8659466,0.009012814,0.0016911487,password
0.0036037946,0.0022402979,0.0021717593,0.008319082,0.010382434,0.96891236,0.0036064112,0.00076383114,password
0.002641144,0.0011057145,0.0006317346,0.0031269086,0.015490279,0.9732957,0.0030091798,0.0006993275,password
0.0029026389,0.0009988132,0.00035002746,0.0021055108,0.024450334,0.9655295,0.0027248051,0.000938359,password
0.003584017,0.0011395568,0.00024731533,0.0018245501,0.037094403,0.9522244,0.0025846376,0.0013011695,password
0.004288678,0.0014140862,0.00020377612,0.0017973442,0.047785863,0.94042134,0.0024822887,0.0016065558,password
0.005332306,0.001951506,0.00019451558,0.001845034,0.05785503,0.928597,0.0023587458,0.0018658278,password
0.006205648,0.002916003,0.00021945707,0.0019857157,0.049941562,0.9351624,0.002015641,0.0015535938,password
0.0076063946,0.004185851,0.00023900058,0.0021170978,0.05306015,0.9291808,0.00196627,0.0016444436,password
0.0083887745,0.006541588,0.00046945843,0.0030754688,0.030232223,0.9493823,0.0009964732,0.00091369095,password
0.008596457,0.00812715,0.00046939697,0.003800093,0.030727258,0.9461318,0.001183454,0.0009644374,password
0.0071970085,0.007771554,0.00040918303,0.004143439,0.025144154,0.95323056,0.0012889812,0.00081521325,password
0.0045514447,0.0048915595,0.000286274,0.0034824263,0.016463526,0.9685934,0.0012007018,0.000530552,password
0.0052827653,0.005296403,0.000386922,0.005150989,0.014498477,0.9668583,0.0019252099,0.00060096575,password
0.0036569275,0.0043093553,0.00043112377,0.006167385,0.010627327,0.9718593,0.0024738985,0.0004748311,password
0.001803268,0.0037804358,0.00067669834,0.008757929,0.006088088,0.97531134,0.0031843144,0.0003979203,password
0.0011849498,0.0032198692,0.0009404666,0.009879801,0.004780479,0.9755618,0.0040538074,0.000378758,password
0.00089260447,0.002476621,0.0010137178,0.008308011,0.003755646,0.97988003,0.0033212386,0.00035209756,password
0.0006412357,0.0012232036,0.00060528313,0.004225253,0.0035914292,0.9862868,0.003191553,0.00023522436,password
0.00058776233,0.0007081004,0.00039653303,0.0023399345,0.003652614,0.9891494,0.0029850916,0.00018063957,password
0.00062389084,0.00047375605,0.00029962356,0.0013700351,0.003851053,0.990553,0.0026751652,0.00015343037,password
0.0006367748,0.00040158656,0.00027774103,0.00090075296,0.003807071,0.9919904,0.0018421788,0.00014349761,password
0.0007307428,0.00035743794,0.00026799776,0.0005872041,0.0040225997,0.9926924,0.0011979769,0.00014377003,password
0.0010323847,0.00034962132,0.00029571477,0.00041950052,0.0043863626,0.9925839,0.0007686488,0.00016385493,password
0.0020977764,0.0007933125,0.0007371691,0.00061217,0.005324571,0.98961055,0.00059214106,0.00023229305,password
0.0046842326,0.0027238724,0.002715883,0.0015688179,0.007235,0.9800178,0.000688298,0.00036613658,password
0.007333443,0.0053490247,0.005569726,0.0026623786,0.009026914,0.96885127,0.0008012193,0.00040600915,password
0.0090316245,0.006531826,0.007220161,0.0030772514,0.01050338,0.96240777,0.00084709725,0.0003809054,password
0.010365845,0.0077798497,0.008748787,0.0036832,0.012261215,0.9557554,0.0010074124,0.0003982857,password
0.011615119,0.0097957915,0.011272327,0.004235354,0.013661517,0.9479559,0.001051256,0.00041278446,password
0.015464315,0.014028648,0.016277324,0.005874363,0.018824495,0.9274113,0.0016157556,0.0005037559,password
0.014731116,0.013137359,0.01572716,0.0051610526,0.019196983,0.93002224,0.0015706581,0.00045347214,password
0.012664865,0.011106408,0.013017475,0.0040965774,0.017458854,0.93996114,0.0012947362,0.00039999807,password
0.009753585,0.007829268,0.008794191,0.0030568736,0.014786553,0.9544695,0.00096643163,0.00034360852,password
0.006203331,0.0042058704,0.0045391726,0.0019434335,0.010123181,0.9721219,0.0005785022,0.00028460557,password
0.0032229894,0.0020243092,0.0022525748,0.0014396395,0.0054798527,0.9849659,0.00033443817,0.0002802312,password
0.0023256517,0.002150837,0.0023826235,0.0023281404,0.0042153015,0.985809,0.0003567794,0.00043161184,password
0.0024050765,0.0034613044,0.0037154586,0.004538306,0.0050499286,0.9795649,0.0005343661,0.0007305759,password
0.0030414122,0.005434338,0.005279628,0.0055378997,0.007267466,0.9716851,0.00073067826,0.0010235357,password
0.003495564,0.0051340396,0.00436884,0.00346705,0.014104988,0.9677078,0.0007224833,0.0009991723,password
0.0052677477,0.0047764713,0.0030247732,0.0013752998,0.054515596,0.92932296,0.00078971946,0.0009274632,password
0.010057561,0.006060709,0.002805464,0.0006334513,0.27519664,0.70286894,0.001282983,0.0010942562,password
0.014382641,0.0075362585,0.0027101112,0.00029207568,0.62098736,0.35127833,0.00174765,0.0010655792,normal
0.015064512,0.007879158,0.002365116,0.00016145984,0.7989247,0.17279398,0.0018802047,0.0009309023,normal
0.012679237,0.006615295,0.0017582462,0.000109077286,0.8735568,0.10272543,0.0017966774,0.0007592723,normal
0.010655194,0.005729216,0.0013830111,8.3383384e-05,0.91329986,0.066426076,0.0017123669,0.0007109086,normal
0.008821862,0.004646043,0.0010604983,6.530934e-05,0.94017386,0.042965163,0.0016689582,0.0005983702,normal
0.0073129013,0.0037250668,0.0008347466,5.402219e-05,0.95812494,0.027744045,0.0017040974,0.0005002663,normal
0.006151088,0.0031537297,0.0006618626,4.6950976e-05,0.968123,0.019711832,0.0017317599,0.00041981574,normal
0.0053584697,0.002689744,0.0005496311,4.1376e-05,0.9752313,0.013972839,0.0017970584,0.00035963353,normal
0.0061001554,0.0032132945,0.0006440327,4.1340994e-05,0.9763475,0.011314084,0.001925264,0.0004143345,normal
0.0053705373,0.0027687137,0.00055686024,3.78439e-05,0.9808625,0.007995891,0.002058696,0.00034895085,normal
0.005186697,0.002391042,0.00049664575,3.939873e-05,0.9837981,0.005304101,0.0025050703,0.00027895987,normal
0.005286481,0.0022268242,0.0004549187,3.9304134e-05,0.983851,0.0052580605,0.0026282906,0.0002551056,normal
0.005965453,0.0026533136,0.0005303778,4.750584e-05,0.9817977,0.006153661,0.0025640966,0.00028785993,normal
0.006736555,0.0032003394,0.00062225404,5.855375e-05,0.9793255,0.00714075,0.0025890514,0.000327129,normal
0.007545084,0.0039943038,0.0007326038,7.7110424e-05,0.97581816,0.008805777,0.0026443512,0.00038263598,normal
0.008374308,0.0052688923,0.0008767324,0.000113972565,0.9706881,0.011382534,0.002823634,0.00047183537,normal
0.0090151625,0.007602193,0.0010689492,0.0002103725,0.9616009,0.016630094,0.003223585,0.0006487517,normal
0.0091077555,0.012492228,0.0013591999,0.0005541472,0.9404932,0.030724963,0.004180358,0.0010881745,normal
0.008302387,0.023531426,0.0018822752,0.0022060324,0.871062,0.08445032,0.0061375615,0.0024279377,normal
0.005760491,0.041441552,0.0025826578,0.011668541,0.61269605,0.31109992,0.009034953,0.0057158307,normal
0.0030135708,0.040022116,0.002403516,0.02432676,0.27718294,0.6394516,0.0070833536,0.006516105,password
0.0018112311,0.029435907,0.0019626615,0.022422466,0.12517117,0.81119317,0.003926927,0.004076474,password
0.0013843686,0.021509647,0.0016296805,0.014731798,0.06766027,0.88894975,0.0020583966,0.0020760729,password
0.0013051238,0.017097617,0.001453068,0.008927807,0.045711502,0.92320406,0.0012429615,0.0010578551,password
0.0014222648,0.015299664,0.0013639043,0.0058745546,0.038175642,0.9363461,0.00089984847,0.0006179478,password
0.0019165378,0.016063869,0.0014306884,0.004117652,0.041852564,0.933396,0.00081426796,0.0004084732,password
0.0031227395,0.019662783,0.001652476,0.0030831653,0.05659218,0.91473097,0.0008515962,0.00030405226,password
0.0061406344,0.027518697,0.0021250427,0.0023723447,0.09516716,0.86537313,0.0010502042,0.00025273234,password
0.010848234,0.037650716,0.0026175654,0.0019745792,0.15533595,0.7900046,0.0013314942,0.00023687359,password
0.0151617015,0.046643585,0.002920431,0.0017872049,0.21998231,0.71163666,0.0016252646,0.00024287296,password
0.01641625,0.047554214,0.0026054154,0.0015612073,0.28276917,0.6471096,0.0017226676,0.0002614631,password
0.01652768,0.045259945,0.0021614407,0.0013478878,0.38261533,0.54986584,0.0019612885,0.00026054287,password
0.014337688,0.039133333,0.0016048142,0.001217595,0.46216518,0.47937304,0.0019201922,0.00024825928,password
0.014023179,0.035186313,0.0013117845,0.0010801184,0.5519418,0.3942382,0.0019733352,0.00024534733,normal
0.013475155,0.03041611,0.0010360945,0.0009365876,0.63818395,0.3137687,0.0019485955,0.00023482615,normal
0.012730261,0.025282308,0.0007888021,0.0007900819,0.7175837,0.24075265,0.0018535332,0.00021866967,normal
0.0118633015,0.02022996,0.00057996984,0.00064514746,0.78740644,0.17737345,0.0017018524,0.00019990264,normal
0.010959138,0.015569184,0.00041190922,0.00050722936,0.84604293,0.12481644,0.0015121208,0.00018105166,normal
0.00994236,0.011288998,0.00027486854,0.00037778693,0.89376265,0.08289052,0.0013001292,0.00016273872,normal
0.00891476,0.00767647,0.00017055009,0.00026151945,0.93028873,0.05144899,0.0010921457,0.0001468066,normal
0.007755461,0.0048430106,9.741164e-05,0.00018153062,0.9503161,0.03579532,0.0008768495,0.00013429481,normal
0.007261138,0.003194372,6.111993e-05,0.00013054608,0.9622304,0.026278455,0.0007146326,0.00012927863,normal
0.007185456,0.0024649086,4.608209e-05,0.000108173444,0.9683308,0.021113057,0.00061977305,0.00013179686,normal
0.0072509493,0.0021413383,3.9519582e-05,9.909898e-05,0.9714954,0.018267922,0.00056960236,0.00013614212,normal
0.007259463,0.0019667312,3.572539e-05,9.4546165e-05,0.9736077,0.01634693,0.00055049895,0.00013836117,normal
0.007190181,0.0018540227,3.294189e-05,9.161354e-05,0.975342,0.01479993,0.00055144296,0.0001379842,normal
0.0071099726,0.0017790755,3.0818865e-05,8.94337e-05,0.9768395,0.0134520335,0.0005631128,0.00013612425,normal
0.0070692543,0.001737691,2.9350691e-05,8.782108e-05,0.9781652,0.0121958535,0.0005810057,0.00013380326,normal
0.007078565,0.0017261995,2.8510965e-05,8.671434e-05,0.9793466,0.010997562,0.0006041882,0.00013169764,normal
0.0071037156,0.0017380649,2.812162e-05,8.648622e-05,0.98038197,0.009896555,0.0006350561,0.00013005822,normal
0.0075933593,0.0015956683,3.0123978e-05,8.105622e-05,0.98068213,0.009138843,0.00074329105,0.00013552241,normal
0.008296118,0.0015782772,3.5114204e-05,7.944619e-05,0.97989905,0.009140062,0.0008219453,0.00015004161,normal
0.009130651,0.0016265855,4.2420812e-05,7.999173e-05,0.9788256,0.009209611,0.0009126803,0.00017253186,normal
0.010142146,0.0017395866,5.324411e-05,8.269946e-05,0.9773192,0.0094294995,0.0010245147,0.0002090542,normal
0.011790032,0.0019779934,7.330227e-05,8.909379e-05,0.97427636,0.010282028,0.0011787704,0.00033247954,normal
0.013644369,0.0023089543,9.900787e-05,0.000115913994,0.96928686,0.01262227,0.0013346563,0.00058792764,normal
0.017446741,0.003115441,0.00017790857,0.0001726574,0.95632046,0.019262848,0.0019749207,0.0015290156,normal
0.026244653,0.0041453177,0.00036778545,0.00031410722,0.9280903,0.03164511,0.0031675892,0.006025181,normal
0.04334557,0.006227905,0.0009070397,0.0007706794,0.85944027,0.04812529,0.005923617,0.035259623,normal
0.060123183,0.009927151,0.002144018,0.0022971188,0.64614826,0.046930987,0.011347101,0.2210822,normal
0.04230082,0.009322748,0.0028192692,0.0036290684,0.27225664,0.025454165,0.012288037,0.6319292,xss
0.019585408,0.0061421916,0.0025300207,0.0034949826,0.0842251,0.010698828,0.008941841,0.86438155,xss
0.009915366,0.004280544,0.0023993882,0.0030303984,0.031647608,0.0054901466,0.0067014783,0.9365351,xss
0.0061592916,0.00335208,0.0025270577,0.0025775617,0.015684102,0.0035380449,0.0054921736,0.9606697,xss
0.0045037977,0.0027699152,0.0027757168,0.00210301,0.009583779,0.0026124532,0.0046849335,0.9709663,xss
0.0036205393,0.002275044,0.0030135906,0.0016134855,0.00668157,0.002057498,0.003978131,0.9767601,xss
0.0032988605,0.0020779478,0.0036062982,0.0013344157,0.005508603,0.0017712173,0.003726952,0.97867566,xss
0.0029844935,0.0017024496,0.00379838,0.0009673785,0.004682822,0.0014525915,0.0031941393,0.98121774,xss
0.0021924397,0.0010011842,0.0028223868,0.00051728706,0.0033298505,0.00096398796,0.0020714097,0.98710155,xss
0.0013508329,0.00048000232,0.001574927,0.00023684317,0.0020322949,0.00052727695,0.0011012859,0.9926966,xss
0.00078054325,0.00027497258,0.0008389986,0.00014305538,0.0012053401,0.0002936465,0.0005747165,0.99588865,xss
0.0006037046,0.00022566399,0.00062987965,0.0001414621,0.0009682224,0.00024163203,0.0004389695,0.99675035,xss
0.0004756993,0.00019079814,0.00047235828,0.00014838968,0.00079534407,0.0002020414,0.00034474267,0.9973706,xss
0.0003976287,0.00017226077,0.00037053446,0.00016716243,0.00069687783,0.00018219108,0.00028629976,0.9977271,xss
0.000368715,0.00017179565,0.000320769,0.00020295053,0.0006843378,0.00019161281,0.00025761855,0.9978022,xss
0.00040731096,0.00019787236,0.0003115693,0.00025585812,0.00085186824,0.0002698653,0.00026588648,0.99743974,xss
0.0006346962,0.0003027667,0.0004319065,0.00033290466,0.0012306741,0.00050398405,0.00031576212,0.99624735,xss
0.0017229656,0.00074051524,0.00096487574,0.00055349525,0.0032363238,0.002080821,0.0006271469,0.9900739,xss
0.012519768,0.0055572917,0.005195183,0.0014658305,0.023873994,0.022351047,0.0027066765,0.92633015,xss
0.070628986,0.0398048,0.023289444,0.0033936314,0.13730787,0.14994012,0.010303594,0.5653316,xss
0.120459996,0.093822904,0.035042398,0.0036146112,0.2554462,0.30324674,0.014586045,0.17378116,password
0.12527876,0.13371322,0.03132429,0.0027104295,0.30462518,0.3531185,0.012958468,0.036271125,password
0.11195918,0.16740207,0.024987577,0.0022703654,0.3222351,0.3510457,0.0108952345,0.0092046745,password
0.093464896,0.18905127,0.019638307,0.0022367672,0.33271748,0.34988678,0.00961369,0.0033907578,password
0.07294126,0.18852493,0.014692241,0.0026381311,0.3340327,0.3759237,0.009639492,0.001607515,password
0.05204187,0.15182745,0.008502514,0.0030141117,0.38278878,0.3897574,0.011251455,0.0008164189,password
0.033557374,0.114245035,0.0045644734,0.003231721,0.45154753,0.3790774,0.013291099,0.0004853817,normal
0.026213426,0.09537459,0.0031109387,0.0037039854,0.48030052,0.37537903,0.015547331,0.00037010174,normal
0.021823203,0.08015596,0.0021708095,0.004409964,0.5185026,0.35493425,0.017711913,0.00029135562,normal
0.017832791,0.06974751,0.001498558,0.0055200495,0.5635484,0.32083035,0.0207876,0.00023474933,normal
0.014782811,0.07195215,0.0013402551,0.0075205965,0.5781282,0.30217683,0.023828456,0.00027066816,normal
0.014564536,0.079506375,0.0013175773,0.011438646,0.58709556,0.27422515,0.03139867,0.00045352321,normal
0.014436178,0.08874365,0.0012846799,0.01907563,0.59337604,0.23891437,0.043330207,0.0008393067,normal
0.014417857,0.09469447,0.0012308259,0.03063548,0.5933727,0.2057224,0.058387194,0.0015390404,normal
0.014550297,0.0939183,0.0011442994,0.04381771,0.5907155,0.17954871,0.07369607,0.0026091626,normal
0.014969892,0.08652945,0.0010355619,0.05517816,0.5902326,0.1611485,0.08686768,0.004038043,normal
0.015998526,0.07541467,0.0009411575,0.062822275,0.5917771,0.14979577,0.09740423,0.005846205,normal
0.018386904,0.06443086,0.00091860304,0.06737114,0.58894527,0.14499295,0.10670992,0.008244386,normal
0.024086636,0.05725852,0.0010774316,0.07098751,0.5704224,0.14701481,0.11730662,0.011846037,normal
0.03903148,0.056471013,0.0017470887,0.073461205,0.5264102,0.155215,0.12987457,0.017789481,normal
0.076113164,0.051396284,0.0031408519,0.053550217,0.5015249,0.16400577,0.1260491,0.024219647,normal
0.1329748,0.029617704,0.0034491606,0.018346738,0.5359357,0.16676089,0.08918536,0.023729615,normal
0.18776855,0.012863691,0.0027483185,0.004264714,0.55869836,0.16065317,0.05375279,0.019250365,normal
0.23560539,0.0056508966,0.0021013564,0.0010690744,0.55615157,0.14837748,0.034798793,0.016245468,normal
0.28176656,0.002846344,0.001681434,0.00036597543,0.53837174,0.13357428,0.025999598,0.015394059,normal
0.21473859,0.0016465179,0.0015144586,0.00019681561,0.52629995,0.22879179,0.01921873,0.0075930753,normal
0.13508403,0.0012604586,0.0013864446,0.00014959533,0.52036715,0.32266596,0.015074998,0.0040112613,normal
0.074624136,0.0012663946,0.0015487713,0.00014155259,0.5228843,0.38394582,0.013185914,0.0024030996,normal
0.043078545,0.0017323208,0.0020716218,0.00017880516,0.54431176,0.39204353,0.014959018,0.0016243601,normal
0.027227676,0.0027799886,0.0031604737,0.00023666267,0.5849247,0.36034247,0.02012787,0.0012001377,normal
0.024214678,0.0047962707,0.0061644195,0.00046076,0.6001137,0.33590153,0.026971502,0.0013770532,normal
0.029871088,0.0056839865,0.007841462,0.0006833733,0.5865431,0.34018233,0.027349839,0.0018447869,normal
0.03653028,0.006570107,0.009132714,0.0009298542,0.58701164,0.3300929,0.027387688,0.0023447177,normal
0.04400449,0.0076254304,0.010234005,0.0012433017,0.59747505,0.30904654,0.027448222,0.0029230386,normal
0.051966365,0.008770722,0.010890218,0.0016374987,0.615401,0.28048185,0.027308656,0.003543662,normal
0.059416045,0.009987973,0.011021248,0.0021322947,0.63888896,0.24765702,0.026727865,0.004168588,normal
0.065016046,0.0111299,0.010484224,0.0027159888,0.6661164,0.2145301,0.025320234,0.0046870313,normal
0.06728506,0.0118784625,0.009165061,0.0032963585,0.6956713,0.18528439,0.022535767,0.0048835264,normal
0.064993195,0.011730581,0.007109056,0.0036284463,0.72644126,0.1637187,0.017911447,0.004467407,normal
0.057856392,0.01029891,0.00468139,0.0033859182,0.75695705,0.15149058,0.011970467,0.0033593492,normal
0.046795715,0.007919221,0.0025031858,0.0025358028,0.7893295,0.1423574,0.0065561235,0.002003007,normal
0.03361294,0.0054472187,0.0010028079,0.0014486854,0.83782226,0.11675305,0.0029709395,0.00094212126,normal
0.02272053,0.0037533855,0.00033637817,0.0007023089,0.89440954,0.07637013,0.0013003701,0.00040735328,normal
0.017139543,0.0030047589,0.00015390333,0.00043648249,0.92369866,0.054542977,0.0007883896,0.00023537583,normal
0.014111547,0.0026497154,9.513432e-05,0.00035220254,0.936612,0.045362838,0.0006406101,0.00017582423,normal
0.012006131,0.0024718847,6.781911e-05,0.00031940534,0.94612634,0.03824906,0.00061034074,0.00014893404,normal
0.010458185,0.0024232485,5.285554e-05,0.00030428334,0.95499694,0.030991403,0.0006386382,0.00013447899,normal
0.009395282,0.0024881375,4.4357832e-05,0.0002963729,0.9628208,0.024121292,0.00070785696,0.00012579051,normal
0.008765827,0.0026714127,4.004396e-05,0.00029343803,0.9691198,0.018171882,0.00081670267,0.00012094787,normal
0.008577514,0.0030088308,3.929373e-05,0.00029720587,0.9736892,0.013294252,0.00097307604,0.00012052948,normal
0.009449402,0.0037365502,4.5578596e-05,0.00031990156,0.97468954,0.010371317,0.0012377223,0.0001499231,normal
0.0095680095,0.003334293,4.3987307e-05,0.0002759727,0.9746334,0.010672669,0.0012979519,0.00017381812,normal
0.009881108,0.003028601,4.4552977e-05,0.00024084306,0.9740587,0.011135027,0.0013950664,0.00021615853,normal
0.009976018,0.0027869355,4.54219e-05,0.00021724284,0.97366095,0.011493534,0.0015583476,0.0002616129,normal
0.010476128,0.0026506688,4.932491e-05,0.00020264255,0.9720784,0.012376422,0.0017871645,0.00037927256,normal
0.010369623,0.002617916,5.2859952e-05,0.00022030927,0.9707009,0.013197559,0.002231722,0.0006091326,normal
0.009937198,0.0027799243,5.737283e-05,0.0003288349,0.96802765,0.014266586,0.0032720694,0.0013304262,normal
0.009612758,0.004171314,7.858618e-05,0.0012618818,0.9528082,0.018406413,0.0071918163,0.0064690337,normal
0.010294205,0.006744344,0.00014135503,0.0053590755,0.8854703,0.02875019,0.018143533,0.045097046,normal
0.0095418105,0.007865407,0.00021041793,0.015188397,0.6809143,0.035747983,0.03886057,0.21167111,normal
0.005817395,0.0061820997,0.00020811842,0.026690627,0.3408609,0.029991431,0.049618546,0.5406309,xss
0.0026675565,0.003369086,0.00013813892,0.028574515,0.13047735,0.01683238,0.04054707,0.7773939,xss
0.0012245323,0.0017503827,8.765345e-05,0.024765715,0.050112326,0.00890651,0.028374389,0.8847786,xss
0.0006097345,0.0009557678,5.824058e-05,0.022208422,0.020615514,0.004817758,0.019954965,0.9307796,xss
0.00032766454,0.000514581,4.0850187e-05,0.016581794,0.008929652,0.0029093216,0.012902534,0.9577936,xss
0.00019825785,0.0003038367,3.403983e-05,0.013633668,0.0041958746,0.002071205,0.008781349,0.9707817,xss
0.00013622119,0.00017696149,3.161249e-05,0.008961662,0.0019776141,0.0016005747,0.0051924028,0.9819228,xss
0.00012637081,0.00011334626,3.4389806e-05,0.0047763675,0.0010146804,0.0012320899,0.0026892947,0.9900135,xss
0.00023343992,0.000101180114,4.930768e-05,0.0023695657,0.00077143207,0.00084955746,0.001331046,0.99429446,xss
0.000564978,0.00011009546,6.7898975e-05,0.0010259682,0.00079499977,0.0005734374,0.0007834313,0.99607927,xss
0.0012730479,0.00013660992,9.982403e-05,0.0005520408,0.0009202296,0.00047651594,0.000634756,0.99590695,xss
0.0030855413,0.00021916436,0.00016353981,0.00056808157,0.0015083416,0.00086536433,0.000814431,0.99277556,xss
0.0067898007,0.0003406535,0.00025380586,0.00059846253,0.0027529278,0.0018158185,0.0010478677,0.9864007,xss
0.01627355,0.00056715606,0.0004226568,0.0006414328,0.0055321893,0.0039330646,0.0015032211,0.9711267,xss
0.041109946,0.0009211546,0.0007368927,0.0006859013,0.011168669,0.008398417,0.0021855347,0.9347934,xss
0.09659229,0.0015597272,0.0011873612,0.00075438264,0.024103545,0.017312506,0.003389761,0.85510033,xss
0.20030361,0.002259708,0.001737554,0.0007518405,0.045080405,0.029260697,0.00475065,0.7158555,xss
0.32944313,0.0029070626,0.002039692,0.0006956169,0.07590054,0.043542594,0.0059268167,0.5395446,xss
0.5289286,0.0029259233,0.0024745583,0.00046869498,0.10198207,0.045333266,0.006983111,0.31090382,ddos
0.6680984,0.0027531974,0.0024044476,0.00029424345,0.12037949,0.039719347,0.007358216,0.15899274,ddos
0.7010734,0.0023905719,0.002093386,0.00019684076,0.15377606,0.036414806,0.00716497,0.096889935,ddos
0.72222114,0.0017971575,0.0018783968,0.00012664875,0.17427428,0.029869959,0.006936887,0.06289546,ddos
0.7231066,0.001383465,0.0016879813,9.1022644e-05,0.19389708,0.027332274,0.00647053,0.046031073,ddos
0.7243415,0.0011458669,0.0014795454,7.110186e-05,0.20541382,0.027128652,0.0057035135,0.034716003,ddos
0.7189246,0.00092329574,0.0013945464,5.633171e-05,0.21822897,0.030372242,0.004744198,0.025355848,ddos
0.70766675,0.0008194665,0.0012837875,4.378888e-05,0.23518266,0.035550136,0.0038876282,0.015565787,ddos
0.6921313,0.0007492831,0.0013110115,3.7826e-05,0.2476106,0.04461856,0.0031508608,0.010390582,ddos
0.6621633,0.00079889386,0.0013430038,3.2077398e-05,0.27255183,0.054740068,0.0026437205,0.005727065,ddos
0.6313443,0.0010333811,0.0015339435,2.8745826e-05,0.30407575,0.056297604,0.0023785783,0.0033077223,ddos
0.6644565,0.0010125294,0.0013853963,2.7829494e-05,0.28092024,0.045713827,0.0025252267,0.003958525,ddos
0.70688057,0.0009372924,0.0013947601,3.5024503e-05,0.23709905,0.045120806,0.0026567965,0.005875794,ddos
0.7160284,0.0009603653,0.0016934922,4.433558e-05,0.21956798,0.051554922,0.0026865932,0.0074638347,ddos
0.7222665,0.0010098342,0.002114923,5.54073e-05,0.20449182,0.057487193,0.0028192624,0.009755122,ddos
0.72527605,0.0010934832,0.0027027018,7.395976e-05,0.19137487,0.062738955,0.0030713778,0.0136686005,ddos
0.7248462,0.0011945638,0.0033998492,0.00010189567,0.17989096,0.06643363,0.0034529725,0.020679947,ddos
0.7182912,0.0013436029,0.004246694,0.00015323602,0.16956124,0.06821365,0.0040181014,0.034172226,ddos
0.697221,0.0015438934,0.00525579,0.00025553655,0.15970315,0.068181574,0.004777608,0.06306141,ddos
0.6496567,0.0017760219,0.006162551,0.00045220173,0.14838943,0.06446825,0.005771964,0.123322874,ddos
0.54936105,0.0019600235,0.0066454876,0.0008315888,0.12946725,0.0558067,0.0067396667,0.24918827,ddos
0.37924546,0.0018967696,0.0060196198,0.0014524116,0.096218646,0.0403515,0.0069357,0.46787992,xss
0.19362375,0.0014588365,0.0041170754,0.0021307275,0.055458095,0.02216055,0.0058063883,0.7152446,xss
0.07396161,0.0008968112,0.0021804164,0.002580667,0.024981653,0.009544667,0.0040364238,0.88181776,xss
0.023399487,0.00050177163,0.0010376871,0.0029227384,0.009823036,0.0036875154,0.0025821368,0.9560456,xss
0.0072311754,0.0002768819,0.0004887133,0.0030975952,0.0038624348,0.0014581697,0.0017177938,0.9818673,xss
0.0022576565,0.00017615611,0.00025259392,0.003860429,0.0016510949,0.00063073856,0.0012744155,0.9898969,xss
0.0007867664,0.000117470874,0.00014619778,0.0044843713,0.000776971,0.00032222943,0.0010571264,0.99230886,xss
0.0003133497,8.326039e-05,8.981765e-05,0.0052445084,0.00041933637,0.00019033898,0.00097409275,0.9926853,xss
0.00014409378,6.206629e-05,5.8805963e-05,0.0061114132,0.00026056753,0.00013256172,0.0009909028,0.9922396,xss
7.4459116e-05,4.534918e-05,3.919423e-05,0.0065949475,0.0001825285,0.00010866487,0.0010906651,0.9918642,xss
4.511975e-05,3.0217727e-05,2.4025912e-05,0.006419497,0.00015388503,0.00010678819,0.0013103052,0.99191016,xss
3.7023405e-05,1.8879091e-05,1.48185945e-05,0.005217151,0.00015825189,0.00013006451,0.0017125335,0.9927112,xss
4.4275996e-05,2.2615346e-05,1.7124896e-05,0.006762375,0.00021474322,0.00016352143,0.002211763,0.99056363,xss
5.0407554e-05,2.5053316e-05,1.8845434e-05,0.0071607386,0.00027951782,0.00020124677,0.0025155516,0.98974854,xss
5.956193e-05,3.0395046e-05,2.2164804e-05,0.00882529,0.00038033375,0.00025783997,0.0032176774,0.98720676,xss
8.5646585e-05,4.0584455e-05,2.7836868e-05,0.012355447,0.00059251895,0.00035599945,0.0049191965,0.9816228,xss
9.802379e-05,4.469657e-05,3.123935e-05,0.013258812,0.00071040215,0.0004344672,0.005693625,0.97972876,xss
0.00012706273,5.7989382e-05,4.2328902e-05,0.014955082,0.0007352155,0.0005066522,0.006089822,0.9774858,xss
0.00025987168,0.00010615736,8.8530636e-05,0.01603465,0.00060459966,0.00049387413,0.005289346,0.9771229,xss
0.001723677,0.00058193767,0.0006816111,0.024765827,0.0005675625,0.0006073436,0.0046500857,0.9664219,xss
0.010576755,0.002546968,0.0042719385,0.03037625,0.00072946766,0.00084241485,0.004875189,0.94578105,xss
0.030145258,0.0055464534,0.011660887,0.027314346,0.0010015601,0.0011170947,0.005355179,0.9178592,xss
0.02690556,0.005205175,0.011966537,0.020290663,0.00089096854,0.0012400086,0.004172366,0.92932874,xss
0.020303965,0.0042310795,0.009900861,0.013759335,0.0009085683,0.0013546282,0.0033540046,0.9461876,xss
0.013837423,0.0024896604,0.005845259,0.0069093085,0.000894711,0.0011819374,0.0026380727,0.96620363,xss
0.0063802586,0.0012023009,0.002551829,0.0035512166,0.00073242385,0.0008867654,0.0017352737,0.98296,xss
0.0025748166,0.00048146214,0.000907699,0.0017172751,0.00053825433,0.00061281223,0.0010638933,0.9921038,xss
0.001455345,0.0002525377,0.0004389709,0.0010285511,0.0004712222,0.00047917108,0.0007937835,0.9950805,xss
0.0008549339,0.00013612988,0.00020672815,0.000685907,0.0004955648,0.00041704375,0.0007258901,0.9964778,xss
0.0005490076,9.408048e-05,0.00011899933,0.00064753357,0.00054981007,0.0004224035,0.0007466162,0.99687153,xss
0.0003884904,7.3263625e-05,8.8051864e-05,0.0006057582,0.00047507393,0.00041812842,0.0006685358,0.99728274,xss
0.00029011208,5.591585e-05,6.293086e-05,0.0005776474,0.000520338,0.00043237416,0.00072030595,0.9973404,xss
0.00023706524,4.605249e-05,5.0722367e-05,0.0005483292,0.00050267304,0.000438048,0.0007358729,0.9974412,xss
0.00020730274,4.15053e-05,4.629906e-05,0.00058294367,0.00055376795,0.0004421708,0.0008766199,0.9972493,xss
0.00016316437,3.079722e-05,3.2235494e-05,0.00038822254,0.00044719866,0.00030468262,0.0006456708,0.997988,xss
0.00012190464,2.6580688e-05,2.4692872e-05,0.0003263184,0.0003949087,0.00028344864,0.0005025698,0.99831957,xss
0.00010327339,2.4754148e-05,1.9754354e-05,0.00029121115,0.00045311125,0.00028534964,0.0005334248,0.99828905,xss
0.00010116692,2.6252581e-05,1.95671e-05,0.00035282676,0.00048029068,0.0002923091,0.0005861677,0.9981415,xss
0.00010263602,2.5446581e-05,1.843442e-05,0.0003796869,0.00052986195,0.00029202306,0.00066330004,0.9979887,xss
9.8667115e-05,2.2892833e-05,1.7009019e-05,0.0003637511,0.0005216562,0.00027620542,0.0007187136,0.99798113,xss
0.00010068051,2.1486097e-05,1.781911e-05,0.00038784993,0.0004823555,0.00025217474,0.00077298743,0.99796474,xss
8.751458e-05,2.0780411e-05,1.8466428e-05,0.00047156957,0.00045914613,0.00023390226,0.000751257,0.99795735,xss
7.162501e-05,2.0280406e-05,1.7224758e-05,0.00056569104,0.000415364,0.00024160308,0.00069819385,0.99797004,xss
6.20546e-05,2.230815e-05,1.906431e-05,0.0007699148,0.0003841603,0.00024645004,0.0007990984,0.99769694,xss
5.1808227e-05,2.1631327e-05,2.112202e-05,0.0008792243,0.000292763,0.00023059954,0.00075437606,0.99774843,xss
4.9303122e-05,2.321637e-05,2.1882992e-05,0.0010542498,0.00030912083,0.00026522888,0.0007807381,0.9974962,xss
4.894814e-05,2.5699472e-05,2.8602433e-05,0.0011457712,0.00029679277,0.0002699722,0.00083933,0.9973449,xss
6.943754e-05,3.936035e-05,5.182412e-05,0.0015342517,0.00034438472,0.00029220362,0.0010788119,0.9965898,xss
8.170828e-05,4.4487446e-05,6.273441e-05,0.0017059862,0.0003667459,0.0003102079,0.0011004994,0.9963276,xss
0.00012589958,7.439503e-05,0.00011730431,0.002501769,0.00050319044,0.0003821232,0.0014355324,0.9948598,xss
0.00022949246,0.00015882221,0.00034901037,0.0046713613,0.00064360857,0.00046436363,0.0020029128,0.99148035,xss
0.000367021,0.00030790296,0.0006907751,0.008344974,0.0008970734,0.0005872327,0.0029407556,0.9858643,xss
0.00047142437,0.0004169685,0.00094172184,0.011132452,0.0011171306,0.00073956436,0.0031546813,0.98202604,xss
0.00055878377,0.0005851295,0.0011377227,0.016882783,0.0014448008,0.00095871626,0.0037522286,0.9746799,xss
0.0006231423,0.0007088148,0.0011614675,0.023669412,0.0017520268,0.0011741342,0.003938346,0.9669727,xss
0.0007117953,0.0008684861,0.0011481545,0.034303587,0.0021393197,0.0013650846,0.004516307,0.95494723,xss
0.0008315902,0.0010316508,0.0011516878,0.045680214,0.0026134802,0.0016740931,0.004994093,0.9420233,xss
0.0009264672,0.0011771736,0.001089989,0.058430023,0.003095613,0.0020948073,0.0052078236,0.92797804,xss
0.0013407517,0.0016476024,0.0014828937,0.07643281,0.0037844996,0.0031993443,0.006664888,0.9054472,xss
0.0025053686,0.0034683016,0.0031621878,0.16307558,0.00598322,0.008035163,0.008145277,0.80562496,xss
0.004980438,0.007643178,0.0065493286,0.2656568,0.0101278005,0.01798983,0.012060018,0.6749926,xss
0.009900924,0.0145429885,0.011507364,0.3358432,0.016716745,0.047727212,0.014813074,0.5489485,xss
0.02794474,0.03208312,0.024015754,0.33095592,0.0327851,0.14855911,0.020257508,0.3833987,xss
0.0508846,0.0546622,0.02646334,0.24944595,0.043977585,0.4326566,0.017666012,0.12424374,password
0.04648271,0.055595145,0.02230322,0.17880858,0.034378167,0.60040605,0.012144833,0.0498813,password
0.033571422,0.059796758,0.019529197,0.16327378,0.027787313,0.66321415,0.012715398,0.02011195,password
0.029258935,0.056689095,0.01770626,0.13559553,0.022231491,0.7222337,0.007486709,0.008798263,password
0.022855457,0.052034922,0.014773541,0.107971445,0.01947903,0.77327496,0.0053753983,0.0042352416,password
0.01687037,0.05312189,0.0144807715,0.13388419,0.018334225,0.7535559,0.006465861,0.0032867994,password
0.01413707,0.051539224,0.012766379,0.117547475,0.018037088,0.7785626,0.0053937705,0.0020164347,password
0.012420441,0.050253518,0.01222409,0.10380987,0.018310366,0.7967217,0.004771082,0.0014888851,password
0.013898016,0.06579339,0.016328268,0.11742478,0.019132923,0.7599028,0.0059839874,0.0015358942,password
0.011419887,0.04729496,0.014362019,0.09178872,0.018507993,0.81028765,0.00507035,0.0012685017,password
0.009576314,0.02700651,0.011710318,0.058666106,0.021376085,0.86572325,0.004919105,0.0010223754,password
0.008522396,0.01473539,0.009606749,0.027475813,0.02786181,0.90636474,0.004784146,0.0006489972,password
0.008778674,0.010445439,0.010053297,0.011294249,0.034796625,0.9198173,0.0044139414,0.0004004457,password
0.010223696,0.009230008,0.012734798,0.004461921,0.0472044,0.9110686,0.0048070373,0.00026947973,password
0.014188354,0.01154088,0.019810839,0.002728939,0.07194263,0.87279636,0.0067214277,0.00027058256,password
0.020165931,0.015934974,0.032000087,0.0016577827,0.12327808,0.7955563,0.01111407,0.000292746,password
0.027873024,0.024844397,0.051272023,0.0013914524,0.20687407,0.6684105,0.018934587,0.0003999491,password
0.043672863,0.037126787,0.07961149,0.0013613403,0.3044552,0.50516635,0.027982194,0.0006237237,password
0.050899994,0.045993093,0.095393814,0.0012182161,0.4083386,0.36261973,0.03469778,0.00083878095,normal
0.054859534,0.05232183,0.10517508,0.0011877458,0.4737444,0.27510574,0.036572803,0.0010328563,normal
0.053384442,0.07377643,0.1326054,0.0015119149,0.48879647,0.20959982,0.03917109,0.0011544577,normal
0.05360104,0.074033566,0.12904043,0.0013828778,0.53724664,0.16747668,0.035939876,0.0012788075,normal
0.05257639,0.07567698,0.12529206,0.0013912482,0.56399775,0.14609168,0.033666596,0.0013072402,normal
0.052290466,0.06349591,0.1094051,0.001097471,0.61519235,0.12935479,0.02774659,0.0014172583,normal
0.058245417,0.044430565,0.08458292,0.0009100516,0.640625,0.14849548,0.02120846,0.0015020096,normal
0.06557855,0.029401427,0.06300315,0.0007616118,0.6497334,0.1741696,0.015727794,0.0016244854,normal
0.060621195,0.029227773,0.061824065,0.00070565095,0.6717729,0.15920497,0.015057385,0.0015860968,normal
0.06472781,0.02266823,0.052328877,0.00069673086,0.65923715,0.18588488,0.012671842,0.00178452,normal
0.06784039,0.015927177,0.037226398,0.0006370344,0.66377604,0.20131436,0.01116384,0.002114753,normal
0.07204198,0.020082684,0.052745957,0.0011160381,0.6024448,0.2358826,0.012527269,0.0031586888,normal
0.0762772,0.02201533,0.060991514,0.0015227336,0.5659053,0.25556928,0.013471102,0.004247547,normal
0.08276451,0.020416282,0.06061287,0.002097515,0.54250693,0.2706385,0.015054672,0.0059087123,normal
0.089449,0.019286226,0.053969737,0.0032409872,0.5351384,0.2737567,0.017587861,0.0075710765,normal
0.09627821,0.0197662,0.053080995,0.004179179,0.5104794,0.28799942,0.018649546,0.009567018,normal
0.10064527,0.020774473,0.05003744,0.0056034327,0.50365126,0.2869576,0.020104527,0.012225984,normal
0.10163327,0.022251932,0.045538787,0.0078080874,0.5021085,0.28346825,0.02159679,0.015594454,normal
0.097980745,0.024280503,0.039868854,0.011438972,0.50204057,0.28164342,0.0230124,0.019734532,normal
0.08906837,0.026646521,0.033176634,0.017501846,0.50045174,0.28460014,0.024123523,0.0244313,normal
0.0756779,0.028918514,0.02604996,0.02725063,0.49606425,0.29195008,0.024856875,0.029231848,normal
0.059898194,0.030550605,0.019344416,0.041073237,0.4915895,0.29856536,0.025387863,0.033590805,normal
0.043612454,0.030909365,0.013455954,0.056045577,0.49508083,0.29869708,0.02553975,0.036658984,normal
0.026925335,0.029165564,0.008058352,0.06468312,0.52197737,0.28934085,0.023365758,0.036483746,normal
0.013258114,0.024847142,0.0038262312,0.056264017,0.595397,0.25937626,0.016924461,0.030106734,normal
0.007769375,0.019290539,0.0019809715,0.032699812,0.69595265,0.21057262,0.011607271,0.02012667,normal
0.005593924,0.013570024,0.0011547261,0.013219185,0.786337,0.1607798,0.008104003,0.011241259,normal
0.0039643967,0.00671643,0.00055468053,0.0030167794,0.8605521,0.11528872,0.0053180913,0.0045888145,normal
0.0034701857,0.0050692675,0.00041503974,0.0010689534,0.9034004,0.079910584,0.0041314694,0.002534032,normal
0.0032200378,0.004218443,0.00034725558,0.00046042138,0.9321027,0.0543964,0.0036470802,0.0016076976,normal
0.0030076716,0.003009736,0.00024520725,0.00020870769,0.9547101,0.034391012,0.0035164957,0.0009110667,normal
0.0032321597,0.002436548,0.00021212138,0.00013562388,0.9692556,0.02045,0.0036012726,0.00067663105,normal
0.0034840945,0.002075824,0.0001820034,0.0001234156,0.9711737,0.018856745,0.0035751136,0.0005292175,normal
0.0040037297,0.0019756812,0.00017460827,0.00013751359,0.9712919,0.018192254,0.0037656154,0.00045871016,normal
0.004061881,0.0018484573,0.00015431756,0.00016895583,0.9729225,0.01655854,0.0038946748,0.0003906336,normal
0.0045353114,0.0019976688,0.00015362278,0.00027167992,0.9726112,0.015620524,0.004434759,0.0003752671,normal
0.007303553,0.0032284441,0.00022627713,0.00066965737,0.96452886,0.017136918,0.006491532,0.00041476902,normal
0.017369624,0.008989068,0.0006333037,0.0022449011,0.93572664,0.02394642,0.010483065,0.00060699077,normal
0.06672282,0.045357145,0.0037632133,0.014904109,0.8040939,0.03810794,0.025777558,0.0012734137,normal
0.15477505,0.12959899,0.0133421095,0.05708529,0.552965,0.042924866,0.047123857,0.002184854,normal
0.18980327,0.17101827,0.019646093,0.10439343,0.41204783,0.03972172,0.060445555,0.0029238716,normal
0.18189934,0.16018571,0.018999029,0.14872226,0.37218133,0.039183043,0.07488862,0.00394065,normal
0.15911911,0.121756226,0.014644574,0.18466184,0.37855697,0.04378158,0.09195959,0.0055200867,normal
0.15805192,0.11608217,0.016513823,0.28162673,0.26371557,0.05319508,0.101803936,0.0090107955,mitm
0.19688492,0.27699625,0.08970874,0.36073095,0.018221581,0.01833078,0.0310818,0.008044951,mitm
0.17531328,0.3710477,0.21975389,0.2102231,0.0027219846,0.0052137394,0.010651929,0.0050744456,dos
0.17364658,0.37585437,0.28123236,0.15114744,0.0017434466,0.003437515,0.008235516,0.00470281,dos
0.18365693,0.35898986,0.3311445,0.109960005,0.0014715866,0.0027389277,0.0072570876,0.004781113,dos
0.19046211,0.336098,0.37721473,0.08116109,0.0013479076,0.0022276607,0.0067281905,0.0047603846,injection
0.21108371,0.2959568,0.4370036,0.04232709,0.0011944028,0.0016339959,0.0056947707,0.005105552,injection
0.23322637,0.24884166,0.48675594,0.018662814,0.001116537,0.0011922109,0.0045940005,0.0056104613,injection
0.22750063,0.21910287,0.53147227,0.010909966,0.0010351758,0.0010279318,0.0039048705,0.00504635,injection
0.21942794,0.20487733,0.5565657,0.0085052205,0.0010076012,0.0009840002,0.0036482995,0.004983934,injection
0.2139121,0.19960772,0.5675048,0.008026026,0.0010390086,0.001016529,0.003624596,0.005269169,injection
0.2125068,0.20174323,0.56868356,0.007825654,0.00093319284,0.0010988503,0.0030734504,0.004135296,injection
0.2049148,0.20550953,0.57197356,0.008474025,0.0009273246,0.001247866,0.0029508905,0.004002061,injection
0.19478528,0.20638262,0.5815219,0.008936781,0.00083457364,0.001580503,0.0026659071,0.0032924432,injection
0.1859466,0.20308237,0.59155416,0.010260271,0.0008586742,0.002413352,0.0026968035,0.0031877428,injection
0.20833081,0.19885193,0.57048476,0.011007683,0.00095114013,0.0048042564,0.002669339,0.0029001227,injection
0.21874736,0.20584112,0.54484123,0.013252685,0.001177115,0.01054928,0.0029143316,0.0026769205,injection
0.22679795,0.20236613,0.4521739,0.02380796,0.0034035188,0.080924205,0.0058303964,0.004695918,injection
0.100798726,0.08504326,0.1206141,0.024016995,0.011325388,0.6425219,0.009019111,0.006660508,password
0.025709834,0.023614481,0.023694638,0.01009756,0.009584031,0.89913726,0.004656833,0.0035054001,password
0.0043131397,0.0048955735,0.003342449,0.003653879,0.0076629217,0.9722844,0.0022062308,0.0016413918,password
0.0017678622,0.0027407794,0.0015258918,0.002540057,0.006890647,0.9815793,0.0017148416,0.0012406361,password
0.0013012117,0.0026299716,0.0013083548,0.0024054195,0.006078875,0.983667,0.0015363949,0.0010728368,password
0.00096824346,0.0025066207,0.0012116648,0.0022578007,0.0062145623,0.984139,0.0015664353,0.0011356948,password
0.0008701594,0.0027104856,0.0011916711,0.0021777046,0.0060068322,0.98448837,0.0015057076,0.0010491027,password
0.0007369256,0.0026057852,0.0010110145,0.0019200903,0.006548206,0.984602,0.0015463969,0.0010296559,password
0.0006948489,0.0026465857,0.0009303458,0.0016752972,0.0065458775,0.98519474,0.0013879547,0.00092429895,password
0.00062236266,0.0022402692,0.00065561687,0.0013711598,0.008467809,0.98438936,0.001363196,0.00089013146,password
0.0006117273,0.0015046417,0.00038401506,0.0008458139,0.013273687,0.9815006,0.0013004743,0.00057890336,password
0.00061205536,0.0011077918,0.00024214726,0.0006176408,0.022030748,0.9736361,0.0014000859,0.00035344527,password
0.0006584205,0.0010360527,0.0002174729,0.0005200871,0.032568753,0.9633145,0.0014109687,0.000273759,password
0.0006908902,0.0009821954,0.00020086594,0.00047125216,0.045445375,0.9504475,0.0015108815,0.00025102496,password
0.00079046254,0.0011031758,0.00021396454,0.0005538054,0.059169613,0.93614256,0.0017495048,0.00027692737,password
0.00093760324,0.0012216727,0.0002156978,0.00060479005,0.077255316,0.91748095,0.001974569,0.00030947535,password
0.001148927,0.0015470426,0.00023059826,0.00084939995,0.09877787,0.89469093,0.0023833204,0.00037190894,password
0.0016564295,0.0020989093,0.0002464963,0.0013127914,0.13003312,0.86108685,0.0031063727,0.00045911336,password
0.0027213697,0.0035224836,0.00032598048,0.0025761814,0.16498165,0.82073236,0.004508856,0.0006310324,password
0.011528929,0.01399249,0.001045296,0.009253961,0.21979536,0.7341769,0.009055501,0.0011515983,password
0.21773867,0.4200101,0.04445079,0.056132592,0.05870245,0.1887149,0.012605384,0.0016451094,dos
0.23696944,0.5932292,0.119669326,0.032850794,0.004020561,0.009180309,0.00348979,0.00059058476,dos
0.21821776,0.6017476,0.1366533,0.033402722,0.0023404725,0.004313253,0.0027650767,0.0005598373,dos
0.22422805,0.5848666,0.15206684,0.03121761,0.0018164255,0.0029001147,0.0023398856,0.0005644798,dos
0.23691395,0.56127626,0.16855618,0.02679578,0.001595115,0.002300439,0.002015053,0.0005471625,dos
0.2502688,0.52997357,0.19302802,0.021079846,0.0014772968,0.0017421473,0.0018928767,0.0005374594,dos
0.26707214,0.49165437,0.22227445,0.013772125,0.0014573935,0.0013205437,0.0019082417,0.00054074393,dos
0.26541755,0.4785608,0.23931435,0.01157096,0.0014740343,0.0009824338,0.0020543088,0.0006255366,dos
0.25957185,0.46991053,0.25466326,0.010606982,0.0014957377,0.0008410873,0.0021809188,0.0007296049,dos
0.24926305,0.45598796,0.27822202,0.0113109825,0.0014449761,0.0006910951,0.0022111952,0.0008687408,dos
0.22690421,0.43427092,0.32204753,0.011912056,0.0013033602,0.0007047218,0.0019512626,0.0009058762,dos
0.20492776,0.4184406,0.35584706,0.015036819,0.0016467321,0.0009275787,0.0021091332,0.0010643288,dos
0.19641708,0.38434672,0.3873019,0.021960508,0.0033898535,0.001703942,0.003403741,0.0014762572,injection
0.20950057,0.31900907,0.41956002,0.02820374,0.009837169,0.005275224,0.0066611986,0.0019530563,injection
0.24628834,0.2630718,0.42548332,0.023191446,0.01814604,0.012001622,0.010286509,0.0015309504,injection
0.29631457,0.22150832,0.39819026,0.015978927,0.028496588,0.022544608,0.015899459,0.0010672874,injection
0.3590579,0.18581428,0.3382302,0.010794646,0.04367272,0.037333958,0.02424205,0.00085425685,ddos
0.43281087,0.14679317,0.25665623,0.007174206,0.065838784,0.05736591,0.032584116,0.0007767171,ddos
0.49233994,0.107791014,0.1723378,0.004475682,0.09976227,0.0826403,0.03992073,0.0007323524,ddos
0.52515495,0.07063002,0.10168797,0.002624788,0.14369768,0.11466682,0.040817276,0.00072053575,ddos
0.54221535,0.037584115,0.044753093,0.0012143413,0.19653459,0.13449273,0.04258061,0.0006252312,ddos
0.5203385,0.018724883,0.020512953,0.00058941235,0.24470542,0.15771508,0.03684394,0.0005698048,ddos
0.47452515,0.008552166,0.009153873,0.0002832731,0.2928585,0.1841414,0.029904062,0.0005816166,ddos
0.4467501,0.0046328967,0.0048442516,0.00015980758,0.31473947,0.20316298,0.02511734,0.0005931564,ddos
0.4276992,0.0027824598,0.002822984,9.955823e-05,0.3307862,0.2135245,0.021657972,0.00062712946,ddos
0.41660905,0.0017998684,0.0017142155,6.6304645e-05,0.34712684,0.21274848,0.019251438,0.0006838527,ddos
0.41588527,0.0013945989,0.0012201176,4.9465605e-05,0.3654163,0.1979325,0.017370934,0.0007307674,ddos
0.402657,0.0010974832,0.00091857533,3.9232465e-05,0.38638705,0.19249225,0.015586582,0.0008217951,ddos
0.38639858,0.00086333056,0.00065179134,3.147401e-05,0.4088007,0.18679518,0.015485206,0.0009737626,normal
0.3840967,0.0008652785,0.0006245547,4.4955537e-05,0.41407722,0.17864552,0.01996531,0.0016804483,normal
0.38151357,0.0011247625,0.00097511825,8.378368e-05,0.39218476,0.19993812,0.02188066,0.0022992205,normal
0.3726968,0.0015003395,0.0014810023,0.0001588497,0.37558997,0.22158994,0.023855753,0.003127313,normal
0.35886008,0.0019977181,0.0021640991,0.00030952474,0.35929534,0.24808325,0.025119038,0.004170901,normal
0.33891684,0.0026170348,0.0030210998,0.00063586945,0.33873612,0.285744,0.024954416,0.0053746277,ddos
0.30943245,0.0033177016,0.0039731367,0.0013949535,0.30957252,0.34299642,0.022800306,0.006512535,password
0.2668152,0.003995586,0.0048423912,0.0031937188,0.2696697,0.4253886,0.0189009,0.0071939374,password
0.21230175,0.004485456,0.005397249,0.0071383705,0.22191083,0.52727795,0.014375726,0.007112782,password
0.15395562,0.004595469,0.005440579,0.0143259475,0.17308751,0.63205004,0.010265115,0.0062797763,password
0.101682514,0.004196856,0.0048940033,0.02411623,0.12954757,0.7236153,0.006978948,0.004968518,password
0.05930294,0.0033349707,0.0037630242,0.038928382,0.08971678,0.7965791,0.004767268,0.0036075935,password
0.033706103,0.0023444267,0.0025458562,0.048014887,0.06487095,0.8429114,0.0032401134,0.0023661745,password
0.018922769,0.0016833235,0.0019115919,0.05729471,0.048158627,0.867831,0.0022838947,0.0019141503,password
0.010192659,0.0014045931,0.0016858142,0.072721794,0.034369886,0.87606525,0.0018203597,0.0017395964,password
0.00605361,0.002999888,0.0043135076,0.20019129,0.016848842,0.76486313,0.0022251115,0.0025046421,password
0.0059358217,0.009088425,0.016398024,0.45185566,0.009420388,0.5000718,0.0033205799,0.0039093085,password
0.0072419555,0.014800276,0.028497592,0.5131407,0.01031248,0.41709268,0.004302173,0.004612231,mitm
0.009705399,0.023636729,0.0452365,0.536282,0.01395963,0.35962355,0.0059924503,0.0055637043,mitm
0.013826928,0.040154714,0.07380169,0.541432,0.021045918,0.2934363,0.009231326,0.007071163,mitm
0.020488054,0.071277186,0.12536234,0.50733906,0.034047216,0.21649131,0.0155601,0.00943467,mitm
0.030326413,0.11937947,0.20462817,0.41057825,0.05468626,0.1406023,0.027306082,0.012493036,mitm
0.034442898,0.16607518,0.26608312,0.31285685,0.069683366,0.10219344,0.035509165,0.013155923,mitm
0.038201842,0.21140903,0.32570663,0.20721605,0.08660283,0.0740709,0.04386065,0.012932027,injection
0.041817393,0.2445169,0.37204674,0.11931191,0.105115645,0.054187316,0.051230382,0.011773662,injection
0.046110738,0.25990018,0.39788952,0.06138347,0.12651025,0.041080132,0.057117574,0.010008038,injection
0.052407883,0.2588237,0.4021154,0.029463554,0.15412717,0.03342269,0.061568037,0.008071629,injection
0.062488727,0.2447716,0.3855913,0.013858725,0.19262134,0.030265741,0.06415064,0.006251964,injection
0.07881365,0.2204555,0.3486522,0.006859858,0.24592349,0.031603415,0.0630007,0.004691162,injection
0.103801295,0.18806992,0.29395956,0.0038761538,0.31275967,0.038154133,0.055916987,0.0034622075,normal
0.13553779,0.15083039,0.2292778,0.0025045252,0.3855494,0.04933406,0.044406634,0.0025593634,normal
0.15775108,0.11693037,0.1681865,0.0017819273,0.45932743,0.06068334,0.03336833,0.0019709254,normal
0.16213383,0.10401325,0.13321364,0.0013717043,0.5102063,0.061904415,0.025715193,0.0014416634,normal
0.15021643,0.08707058,0.09769749,0.0010052258,0.58162594,0.061305683,0.019970553,0.0011081169,normal
0.21665786,0.03476817,0.0439386,0.00042717264,0.6056644,0.087253876,0.01045042,0.00083953503,normal
0.29633027,0.013131873,0.018647952,0.00018163733,0.5625934,0.102805294,0.0055505564,0.0007590188,normal
0.38935474,0.005739213,0.0087429825,9.1421745e-05,0.49284527,0.098873235,0.0034762907,0.0008768668,normal
0.4867373,0.003125444,0.0047726263,5.6762045e-05,0.4214775,0.07993514,0.0026670531,0.0012282177,ddos
0.57567686,0.0020751292,0.0029914267,4.1868156e-05,0.35688472,0.058030006,0.0024140922,0.0018858558,ddos
0.6476881,0.0015762568,0.0020821933,3.452445e-05,0.30211893,0.041170567,0.0024283463,0.0029011185,ddos
0.7038203,0.0013197807,0.0015833478,3.0386884e-05,0.2564854,0.030026745,0.0025795805,0.004154463,ddos
0.74477386,0.0011516524,0.001272928,2.730276e-05,0.22112297,0.023460696,0.0027746765,0.0054159244,ddos
0.74527675,0.0011539224,0.0012754175,2.7180336e-05,0.22066608,0.023444476,0.0027638625,0.0053922907,ddos
0.7459395,0.0011566692,0.0012783749,2.7054884e-05,0.22005811,0.023429316,0.0027515255,0.0053595123,ddos
0.7468013,0.0011600731,0.0012814042,2.6937121e-05,0.2192703,0.023402562,0.002738317,0.0053191627,ddos
0.7479084,0.0011645288,0.0012841007,2.6833775e-05,0.21827547,0.023340542,0.0027254333,0.005274764,ddos
0.7492956,0.0011704868,0.0012863714,2.6763493e-05,0.21705894,0.023215918,0.0027138202,0.005232048,ddos
0.7509786,0.0011784937,0.0012880692,2.6737358e-05,0.21563007,0.022994911,0.0027054066,0.00519776,ddos
0.75294614,0.0011890805,0.0012889548,2.6758471e-05,0.21402262,0.02264523,0.0027027444,0.0051785237,ddos
0.7551679,0.0012025218,0.0012888835,2.6832924e-05,0.21227928,0.02214707,0.0027076695,0.0051798723,ddos
0.7569552,0.0012124148,0.0012835652,2.6941769e-05,0.21099524,0.021567851,0.0027249216,0.0052338154,ddos
0.7597254,0.0012331693,0.0012816685,2.7115924e-05,0.2089543,0.020746503,0.0027483879,0.005283589,ddos
0.7627234,0.0012582294,0.0012799861,2.7337246e-05,0.20677464,0.019800562,0.002780893,0.00535502,ddos
0.76589113,0.0012866899,0.001278991,2.7590357e-05,0.20446017,0.018793013,0.0028203048,0.005442009,ddos
0.7691585,0.0013168283,0.0012789633,2.7851145e-05,0.20202413,0.01779403,0.0028633259,0.005536309,ddos
0.7720409,0.0013410398,0.0012769172,2.8074382e-05,0.1998459,0.016908318,0.002908309,0.0056505427,ddos
0.7753969,0.0013682235,0.0012783882,2.8271541e-05,0.19716854,0.016073182,0.0029477093,0.0057387445,ddos
0.77902937,0.0013976953,0.0012715315,2.8011185e-05,0.19422622,0.015227837,0.0030112425,0.0058080424,ddos
0.78307426,0.0014263003,0.0012610503,2.7770026e-05,0.19081073,0.014457504,0.00307213,0.005870181,ddos
0.78752387,0.0014536182,0.0012442872,2.7603846e-05,0.18695104,0.013732308,0.0031362616,0.005930988,ddos
0.7923762,0.0014804192,0.0012191052,2.7550117e-05,0.18268347,0.013005133,0.0032134678,0.0059946263,ddos
0.79424137,0.0015111567,0.0011282963,3.1023308e-05,0.1811332,0.011776394,0.003709068,0.0064695654,ddos
0.790693,0.0016055547,0.0010380442,3.7163827e-05,0.1843149,0.010452078,0.0045813783,0.0072779376,ddos
0.78194106,0.001761081,0.000965078,4.6428075e-05,0.1914938,0.009165951,0.006063413,0.008563194,ddos
0.76655805,0.001984961,0.0009190764,5.9432718e-05,0.20343128,0.008104695,0.008530382,0.010412151,ddos
0.7426214,0.0022761552,0.00089888513,7.6703756e-05,0.2213345,0.0073774755,0.012577167,0.012837638,ddos
0.7072967,0.0026242658,0.00089709193,9.879112e-05,0.24713722,0.0070323627,0.01918462,0.015728867,ddos
0.6568226,0.0030016457,0.00090166327,0.00012624367,0.2831902,0.007112452,0.030027114,0.018818112,ddos
0.58542913,0.0033571047,0.00089895015,0.00015998476,0.3327707,0.0077400287,0.04802647,0.02161755,ddos
0.48528117,0.0036030186,0.0008737297,0.00020170625,0.39920974,0.009230494,0.078253396,0.023346826,ddos
0.3504133,0.003637177,0.00081401673,0.00025664593,0.4802024,0.012263739,0.12937869,0.023033993,normal
0.19434091,0.00348146,0.00073583017,0.00034797477,0.54817516,0.017882893,0.21509498,0.019940712,normal
0.072886445,0.00359687,0.00073998945,0.00057758274,0.5293545,0.025786975,0.35220724,0.014850312,normal
0.021440977,0.005154836,0.0010871146,0.0013167328,0.39358345,0.030963777,0.5362015,0.010251686,scanning
0.0075551,0.00963091,0.0022184283,0.0031789385,0.24622391,0.029210238,0.6947604,0.007221975,scanning
0.0037432034,0.016355287,0.004238342,0.005613825,0.1577884,0.024286408,0.78274256,0.0052319737,scanning
0.0023153455,0.0217283,0.006285705,0.0068951105,0.112038404,0.019529054,0.82739675,0.0038113128,scanning
0.001598219,0.023519764,0.007427179,0.006572619,0.087253176,0.015655909,0.8551959,0.0027772114,scanning
0.0010963366,0.02158944,0.0075173564,0.0051496876,0.072215386,0.012489954,0.8780095,0.0019322783,scanning
0.0007778813,0.017423367,0.0064504403,0.00349077,0.06352039,0.009918062,0.89708513,0.0013338635,scanning
0.00057311903,0.013179129,0.005025347,0.0022018119,0.05913254,0.008021167,0.91093886,0.0009281749,scanning
0.0006333337,0.013638011,0.006462055,0.0020878366,0.06276611,0.012574905,0.900624,0.00121383,scanning
0.0011000755,0.019573163,0.012247489,0.0035367706,0.075158276,0.02413066,0.86201566,0.0022379274,scanning
0.0017295092,0.017988503,0.014092971,0.0035523337,0.10134601,0.0388081,0.8193551,0.003127418,scanning
0.0026475398,0.020659288,0.018742757,0.0043831873,0.11915087,0.061318073,0.7679916,0.005106643,scanning
0.0040258844,0.022417644,0.02218877,0.004992962,0.14397877,0.091275275,0.70286834,0.008252335,scanning
0.006575746,0.026406579,0.025881704,0.005554901,0.17560889,0.13711289,0.60784894,0.015010311,scanning
0.009613898,0.028303716,0.027855787,0.006186012,0.20542832,0.18760279,0.508163,0.026846513,scanning
0.013566703,0.030849174,0.028672904,0.007279722,0.23239192,0.23193447,0.40496168,0.050343413,scanning
0.01786964,0.033497397,0.028109074,0.00899564,0.24829593,0.2620258,0.30377752,0.09742898,scanning
0.020869227,0.02960695,0.022225877,0.009872775,0.2511462,0.25604257,0.2024076,0.20782879,password
0.019955086,0.023125604,0.015609504,0.010210933,0.2090606,0.20079404,0.12169962,0.39954463,xss
0.0140136,0.015613021,0.009196603,0.010754435,0.13475575,0.124490805,0.06600804,0.6251677,xss
0.0082041565,0.008763745,0.004961002,0.008410235,0.066087194,0.065833986,0.030840887,0.8068987,xss
0.004391274,0.004013507,0.0022159545,0.005522972,0.030852223,0.032867644,0.013806186,0.9063303,xss
0.0024643808,0.0017258921,0.0010069804,0.002928526,0.013679583,0.016469205,0.0063433642,0.95538193,xss
0.0014592019,0.0008092699,0.0004916505,0.0017221011,0.005540706,0.008156027,0.0028774454,0.97894365,xss
0.0009794823,0.00043104432,0.000264143,0.0010207208,0.0025847699,0.004299828,0.0015542449,0.9888658,xss
0.00072644406,0.00027060794,0.00015604772,0.0006905813,0.0015038596,0.0023991007,0.0010567404,0.9931965,xss
0.0005028029,0.00017350778,9.826496e-05,0.0004371863,0.00094757916,0.0013658863,0.00083289086,0.99564195,xss
0.00036361828,0.00012421957,7.0057664e-05,0.0003194883,0.0006994195,0.0007717269,0.00077482715,0.9968767,xss
0.00024007795,9.065672e-05,5.63776e-05,0.0002995507,0.00050979113,0.00037975216,0.00079842034,0.9976254,xss
0.00015373013,7.8443045e-05,4.6012243e-05,0.0004161117,0.00043233318,0.00031566006,0.0009165845,0.9976411,xss
9.736212e-05,6.240251e-05,4.121397e-05,0.0005365199,0.0003165352,0.00026079846,0.00089460553,0.9977906,xss
8.363211e-05,6.381026e-05,4.2813386e-05,0.00065859343,0.00032151106,0.00025826844,0.00088447117,0.997687,xss
7.696726e-05,6.264362e-05,4.9499446e-05,0.00077648717,0.0002795856,0.00025920747,0.000843268,0.99765235,xss
0.00011029425,7.459922e-05,7.6193486e-05,0.0007771501,0.00031274263,0.0003123924,0.00084424077,0.99749243,xss
0.00040534028,0.000103391394,0.00015638235,0.000618158,0.0008515636,0.0005702401,0.0015489531,0.99574596,xss
0.0031407736,0.00026099008,0.00042655857,0.0006086807,0.0028782126,0.001553767,0.0034409012,0.9876901,xss
0.035015553,0.0008470529,0.0013941004,0.0007013712,0.0151547175,0.006697699,0.010946485,0.92924297,xss
0.18664405,0.001869847,0.0029153384,0.00079775136,0.05259009,0.022399437,0.02650041,0.70628315,xss
0.39323035,0.0024836205,0.003325246,0.0006752078,0.10908305,0.046012405,0.039306268,0.40588388,xss
0.5433936,0.002473788,0.0027853104,0.00045947928,0.15783429,0.06332835,0.044455465,0.1852697,ddos
0.59900904,0.0021576409,0.0020451846,0.00032699102,0.18596354,0.06978772,0.043743193,0.09696669,ddos
0.64349514,0.0019526035,0.0015310192,0.000217289,0.1954056,0.06645473,0.04718381,0.04375982,ddos
0.6505909,0.0017412732,0.0011267728,0.00015862011,0.21135251,0.0631742,0.047130812,0.024724897,ddos
0.6298826,0.0016468005,0.0008222299,0.00011388603,0.24163115,0.062376305,0.050440393,0.013086696,ddos
0.62490606,0.0015617431,0.0006599979,8.425895e-05,0.25461677,0.05620514,0.054282025,0.0076839686,ddos
0.60927385,0.0015261697,0.0005519406,6.55105e-05,0.27350304,0.05147726,0.058807757,0.004794479,ddos
0.5992855,0.0015039407,0.0004969708,5.6179666e-05,0.28716215,0.047335938,0.06055426,0.0036051483,ddos
0.56634474,0.001696726,0.0004417013,4.8366273e-05,0.31611222,0.039172538,0.07370811,0.002475555,ddos
0.56592035,0.0024908318,0.00051778066,6.7937835e-05,0.28659222,0.029145043,0.1126033,0.0026624764,ddos
0.55648404,0.0026431058,0.00055814465,9.710234e-05,0.28072098,0.028131766,0.12821673,0.0031481795,ddos
0.5339458,0.0032678165,0.00072035193,0.00015686025,0.274384,0.029982487,0.15328465,0.0042580604,ddos
0.516464,0.0036708482,0.00081717083,0.00026272837,0.27229258,0.028065536,0.17336427,0.0050628777,ddos
0.5061059,0.0046230066,0.0011548151,0.00037173092,0.2838233,0.032517713,0.16459087,0.0068126135,ddos
0.48568064,0.006056019,0.0016628993,0.00058397674,0.29829425,0.038240083,0.15980081,0.009681429,ddos
0.45685917,0.008110762,0.0024114058,0.0009881651,0.3150616,0.046318922,0.15597074,0.014279198,ddos
0.42191496,0.010934334,0.0035302623,0.0017267605,0.3326573,0.057917066,0.14992917,0.021390103,ddos
0.3892306,0.013431724,0.004608412,0.003534439,0.33571714,0.06835169,0.15485366,0.030272286,ddos
0.3624135,0.016959095,0.0066344137,0.00612556,0.33265582,0.09224052,0.14110252,0.04186863,ddos
0.38345057,0.018273983,0.0083465595,0.008431553,0.3175295,0.10961029,0.10929,0.04506757,ddos
0.4234211,0.021098131,0.012100096,0.008531913,0.28793082,0.13342671,0.066892326,0.046598945,ddos
0.55960196,0.027019136,0.021215739,0.0072038667,0.19579923,0.12096503,0.030979326,0.037215665,ddos
0.8047355,0.044523127,0.0614482,0.0045183646,0.034270544,0.03309522,0.0057021417,0.0117069,ddos
0.6967044,0.082679905,0.20684306,0.003129783,0.0028842594,0.0044139163,0.0009423439,0.0024022867,ddos
0.5855996,0.081128195,0.3266634,0.0023989826,0.00091204554,0.0017759823,0.0004023387,0.0011194738,ddos
0.56232464,0.063940555,0.36908782,0.0018431899,0.00056492403,0.001269104,0.00024970892,0.0007201277,ddos
0.52662855,0.060035147,0.4092809,0.0016281364,0.00048110457,0.0011029072,0.00021466368,0.00062865834,ddos
0.49602452,0.061269693,0.43885842,0.0015828438,0.00046998408,0.0009363335,0.00022722947,0.0006309926,ddos
0.47687507,0.06233478,0.45685077,0.0017964211,0.00046345821,0.0007633413,0.0002659052,0.00065023603,ddos
0.43230027,0.06306328,0.50044805,0.0021023392,0.00043121423,0.00067130144,0.0002894747,0.0006940496,injection
0.36466154,0.06663998,0.5636285,0.0029034505,0.00039098092,0.0006708354,0.00034582446,0.0007589475,injection
0.3506662,0.06993646,0.573644,0.0034657852,0.00040878172,0.00062831776,0.0004567878,0.0007936052,injection
0.3414972,0.07277898,0.5793208,0.0039094007,0.00043296634,0.0007012727,0.00049402844,0.00086536637,injection
0.3440827,0.0767605,0.5714491,0.004760681,0.000539467,0.0007158994,0.0006930025,0.0009985737,injection
0.29912457,0.08336007,0.60362965,0.008978329,0.0008702602,0.0011370201,0.0011830915,0.0017169918,injection
0.1996765,0.10107414,0.6564005,0.029791022,0.0021276816,0.0027792575,0.003366506,0.004784402,injection
0.1494168,0.112369135,0.6505686,0.06306671,0.0036290505,0.005325913,0.006522136,0.009101645,injection
0.09660138,0.12385091,0.5603523,0.16050628,0.0077171065,0.01199106,0.015639106,0.02334176,injection
0.06268851,0.13166387,0.43555444,0.27567774,0.011948933,0.01555903,0.031082015,0.03582546,injection
0.043083306,0.12826784,0.32616043,0.3765346,0.01588126,0.019729588,0.041869216,0.04847374,mitm
0.032192055,0.115748495,0.23463632,0.45166248,0.021935996,0.022372495,0.062948205,0.058503922,mitm
0.028475564,0.103455186,0.18298745,0.4855564,0.028421668,0.03003962,0.07211795,0.06894619,mitm
0.027185572,0.08905117,0.12936497,0.4888147,0.05240461,0.050047085,0.07631314,0.08681879,mitm
0.023512987,0.07618399,0.06684782,0.40636432,0.15064001,0.09275499,0.08144087,0.102254994,mitm
0.014217643,0.044735547,0.019149877,0.18809143,0.43610233,0.14981401,0.061061993,0.08682714,normal
0.008031613,0.027073434,0.0067557977,0.075736634,0.6314993,0.15155989,0.04869089,0.05065244,normal
0.006272991,0.023000833,0.00431283,0.040063556,0.6780138,0.15836194,0.05554511,0.034428965,normal
0.009265153,0.05370694,0.013534459,0.09775691,0.43450868,0.22134307,0.11123731,0.058647465,normal
0.011705732,0.06990491,0.020337222,0.11546088,0.33921912,0.22145113,0.13801777,0.08390329,normal
0.012330639,0.08572576,0.023521243,0.10365445,0.3213062,0.21000262,0.17486127,0.068597786,normal
0.01690815,0.11045344,0.031556882,0.09289234,0.2931347,0.16201475,0.23155016,0.06148959,normal
0.017563283,0.12059179,0.03590247,0.09621333,0.28323734,0.15765533,0.23037717,0.05845926,normal
0.018039227,0.12873866,0.03963973,0.100668386,0.27191678,0.15094703,0.23176903,0.058281086,normal
0.020091046,0.13460301,0.04209787,0.11684462,0.23456308,0.15583833,0.2358514,0.060110647,scanning
0.023114435,0.13197736,0.041835804,0.14507088,0.18941297,0.2082967,0.20318486,0.05710694,password
0.025941748,0.11893108,0.03598403,0.1703226,0.15046093,0.29828602,0.15281248,0.047261097,password
0.027752522,0.09777613,0.028743517,0.17116158,0.12066222,0.41562206,0.10175397,0.036527976,password
0.027920386,0.07388399,0.020615814,0.15149207,0.1019937,0.5233715,0.07367403,0.027048463,password
0.024591492,0.03967558,0.012575695,0.082312696,0.06560332,0.7309937,0.031189658,0.0130578615,password
0.016414335,0.013438888,0.005650744,0.02607584,0.031111268,0.89493024,0.008081559,0.004297142,password
0.008780184,0.0028340651,0.0018197867,0.004781798,0.011356792,0.9679749,0.0014057255,0.0010467101,password
0.005363427,0.0010158286,0.00081523025,0.0011876818,0.0069978265,0.9838307,0.000462394,0.00032690968,password
0.0030770393,0.0002543033,0.00033324573,0.0002155058,0.0034144178,0.9924861,0.00011482764,0.00010457299,password
0.0026044308,0.00012651469,0.00022572013,7.364133e-05,0.0024904048,0.99435,6.7482855e-05,6.187392e-05,password
0.0025490355,0.00011090734,0.0002230049,4.277694e-05,0.002422736,0.9945445,5.7670313e-05,4.9461385e-05,password
0.0025000374,0.00010727611,0.00020865267,3.467143e-05,0.0025694845,0.99445903,6.405779e-05,5.678774e-05,password
0.0024478198,9.934462e-05,0.0001797042,3.2069554e-05,0.0028299533,0.99425584,8.183425e-05,7.340423e-05,password
0.002545958,9.990914e-05,0.00017088422,3.318234e-05,0.003090711,0.9938658,0.00010271535,9.084911e-05,password
0.0024518294,9.7269825e-05,0.00016087052,3.556427e-05,0.0030057936,0.9940422,0.00010936298,9.700358e-05,password
0.0022314568,9.993226e-05,0.00014961004,3.8969167e-05,0.0028655499,0.9944115,9.7825716e-05,0.00010520581,password
0.0021709753,0.00010500012,0.00016691467,4.36735e-05,0.0024804897,0.9947976,9.75082e-05,0.00013791467,password
0.002283915,0.00012510525,0.00022908517,5.248702e-05,0.002144896,0.99485356,0.000103055885,0.0002079078,password
0.002471649,0.0001583829,0.0003285127,6.11687e-05,0.0020457748,0.99451506,0.00011277566,0.00030669873,password
0.0029210844,0.00022908815,0.00056520244,7.929846e-05,0.0019780016,0.99347746,0.00012754288,0.00062229845,password
0.0034502929,0.00030169595,0.0008519713,9.517052e-05,0.0021371096,0.9915167,0.00015584962,0.0014912966,password
0.004215471,0.00038386567,0.0011092674,0.00011053891,0.0027186463,0.98711824,0.00020827593,0.004135713,password
0.0054715523,0.00050639914,0.0014282956,0.00014503064,0.0040599145,0.9726615,0.0003361075,0.015391245,password
0.0073926486,0.0006878967,0.001778119,0.00020507765,0.0071156984,0.91250783,0.0006085826,0.069704115,password
0.008212041,0.00089571235,0.0020173609,0.00028629033,0.009351005,0.7619919,0.00092435256,0.21632126,password
0.00712852,0.00086617214,0.0018037391,0.00039201905,0.010389137,0.47429916,0.0011474856,0.5039737,xss
0.00469967,0.0006247618,0.0012160668,0.00034706658,0.007738138,0.23888518,0.0009842796,0.74550486,xss
0.0021809381,0.00036209708,0.0006012018,0.0002770048,0.004562993,0.08301621,0.00071194535,0.9082877,xss
0.0010104137,0.0001989815,0.00032165807,0.00021983235,0.0022962864,0.028496373,0.00047675273,0.96697974,xss
0.0005831921,0.0001330419,0.00020483225,0.00019051414,0.0013448995,0.01235567,0.00034446668,0.9848433,xss
0.0003378187,9.4995965e-05,0.00013785195,0.00018769673,0.0007757627,0.0051049762,0.00025535957,0.9931056,xss
0.00021360331,6.7693734e-05,9.945268e-05,0.00015936965,0.00043982285,0.002113674,0.00017936809,0.996727,xss
0.00014673987,5.221897e-05,7.080525e-05,0.00013474227,0.00028983233,0.0009338627,0.00013375083,0.9982381,xss
0.00011862438,4.8313195e-05,6.818407e-05,0.00014195149,0.00018048892,0.00046403785,0.00011615039,0.99886227,xss
0.00011354901,4.9530863e-05,7.894235e-05,0.00016657168,0.000121101904,0.00024110625,0.00011680449,0.9991123,xss
0.00013384162,5.7355563e-05,0.00012327917,0.00026974347,9.178392e-05,0.0001320839,0.00015902017,0.99903286,xss
0.00016796433,6.9234025e-05,0.00017655756,0.00035454263,9.097128e-05,0.00012988092,0.00017257682,0.99883825,xss
0.00021794542,8.345501e-05,0.0002326094,0.00043297227,0.00010841435,0.00014923616,0.00019924673,0.99857616,xss
0.00030697015,9.757915e-05,0.00030015243,0.0004799873,0.00014149683,0.00018447137,0.00022894118,0.99826044,xss
0.00042961835,0.000115060786,0.000336008,0.0005179358,0.00020129385,0.00025706374,0.00022622797,0.99791676,xss
0.0008014464,0.00014509732,0.0004862048,0.0005297139,0.00035844394,0.00041886079,0.0002832392,0.996977,xss
0.0018640334,0.00019945113,0.00074260455,0.00053706334,0.0007652017,0.00078299316,0.000388401,0.9947202,xss
0.0063965064,0.0003206111,0.0014580752,0.00052063866,0.0023882245,0.0018974061,0.00067583675,0.9863427,xss
0.028855652,0.0006352889,0.0034765985,0.0005552005,0.008966457,0.0052527166,0.0014449265,0.95081323,xss
0.071396716,0.0010476257,0.004967405,0.00055545324,0.022796195,0.010666569,0.0019788425,0.88659114,xss
0.18103701,0.0015612182,0.009469221,0.00065672566,0.08550231,0.029568387,0.005365928,0.6868391,xss
0.5105845,0.0015851416,0.009623865,0.0002913541,0.15408152,0.03639563,0.006787504,0.2806505,ddos
0.59812987,0.0014821196,0.008375025,0.0002072126,0.19285206,0.04427666,0.005426685,0.14925037,ddos
0.6241505,0.0013214323,0.0066763745,0.00015451276,0.22216347,0.05057746,0.0042333547,0.09072285,ddos
0.65556127,0.0010846402,0.0057365014,9.76555e-05,0.23645201,0.053807363,0.0033937527,0.04386685,ddos
0.6512445,0.00090412237,0.005121653,6.731652e-05,0.25368014,0.06309575,0.002751124,0.023135375,ddos
0.6342941,0.0007690208,0.0049259225,5.3355587e-05,0.26206222,0.08244416,0.0022097165,0.013241479,ddos
0.6011534,0.0007263949,0.0046496503,4.4084198e-05,0.27678698,0.10767409,0.0017998021,0.0071655833,ddos
0.5634032,0.0007603064,0.004644168,3.898703e-05,0.29078737,0.13479349,0.0015333899,0.0040390696,ddos
0.5412324,0.0008997749,0.0049679037,3.665718e-05,0.30143243,0.14751893,0.0013908445,0.002520995,ddos
0.52471465,0.0008143669,0.0036014747,2.9602048e-05,0.32952484,0.13781032,0.0012063878,0.0022983751,ddos
0.5603942,0.0008223318,0.0032964526,2.9232671e-05,0.31817082,0.11346332,0.0012503385,0.0025732704,ddos
0.59489137,0.00084214687,0.0029995732,2.9215786e-05,0.30668178,0.090299234,0.0013126815,0.0029439796,ddos
0.626529,0.0008735478,0.0027226945,2.9508103e-05,0.2949514,0.070075795,0.0013972099,0.0034208887,ddos
0.65418863,0.00091513345,0.0024750961,3.0041621e-05,0.2831023,0.053777155,0.0015073165,0.004004283,ddos
0.677472,0.00096390856,0.002261122,3.0717114e-05,0.27144852,0.041503258,0.0016440784,0.0046763755,ddos
0.69665504,0.0010143626,0.0020779176,3.1394084e-05,0.26029548,0.03271944,0.001804956,0.0054013804,ddos
0.7122559,0.001059634,0.001919701,3.1921958e-05,0.24994218,0.026685858,0.001982883,0.0061219297,ddos
0.7242271,0.0010969024,0.0017885432,3.2246397e-05,0.24117008,0.022792142,0.0021640013,0.0067289225,ddos
0.73366845,0.0011180174,0.0016699845,3.22378e-05,0.23360439,0.02036902,0.0023398516,0.007198095,ddos
0.7401365,0.0011249065,0.0015692099,3.196828e-05,0.22805484,0.019151254,0.0024950737,0.0074362415,ddos
0.74499834,0.0011144181,0.0014724071,3.1384316e-05,0.22353044,0.018711513,0.002631912,0.0075095925,ddos
0.7459376,0.0011021909,0.0014045831,3.08019e-05,0.22228941,0.019251507,0.002726488,0.007257452,ddos
0.7461385,0.0010869912,0.0013412527,3.011092e-05,0.22152753,0.020144738,0.0028098882,0.006921001,ddos
0.74525756,0.0010767251,0.0012881702,2.9447901e-05,0.22164017,0.021310013,0.0028831284,0.0065148138,ddos
0.74464,0.0010738161,0.001238776,2.88292e-05,0.22157004,0.022338795,0.002961325,0.006148432,ddos
0.74405307,0.0010820066,0.0011970012,2.8332677e-05,0.22166266,0.023108916,0.0030417086,0.005826424,ddos
0.74403894,0.0011010155,0.001160911,2.7963311e-05,0.22153826,0.023423703,0.0031262217,0.0055829906,ddos
0.7439855,0.0011310729,0.0011339594,2.7760616e-05,0.22173516,0.023382192,0.0032081264,0.0053963196,ddos
0.7438915,0.0011676766,0.0011136143,2.77011e-05,0.22216831,0.023068573,0.0032889112,0.0052737426,ddos
0.74148804,0.0012024528,0.001070806,2.8556009e-05,0.22503322,0.022335824,0.0035427872,0.005298205,ddos
0.73979074,0.0012057452,0.0010319267,2.9679908e-05,0.2269807,0.02169521,0.0037757491,0.005490286,ddos
0.73703384,0.0012143975,0.0009875752,3.114227e-05,0.22996691,0.020907432,0.004078219,0.0057805446,ddos
0.73284394,0.0012290657,0.0009407924,3.2920158e-05,0.2342835,0.020018525,0.004474452,0.0061768605,ddos
0.7268041,0.001248746,0.0008941083,3.4941546e-05,0.24021843,0.019145045,0.0049908296,0.006663759,ddos
0.7185555,0.0012696884,0.00084902055,3.7054153e-05,0.24799193,0.018461969,0.0056474316,0.0071873954,ddos
0.7079073,0.00128485,0.0008055236,3.901178e-05,0.2576883,0.01817706,0.006447871,0.007650136,ddos
0.6947776,0.0012849623,0.0007624862,4.0509167e-05,0.26931116,0.018528743,0.007370964,0.007923494,ddos
0.67909557,0.0012613203,0.00071849703,4.1262352e-05,0.28280997,0.019812806,0.00837225,0.007888224,ddos
0.6607047,0.0012097437,0.0006729764,4.111291e-05,0.29804555,0.022441193,0.009399766,0.007485023,ddos
0.6394051,0.0011339313,0.0006269412,4.010333e-05,0.31462583,0.026997257,0.01042298,0.0067479624,ddos
0.6152612,0.0010458326,0.00058284955,3.8472182e-05,0.33162975,0.034176905,0.011465655,0.0057992563,ddos
0.5890471,0.00096166524,0.0005435093,3.656367e-05,0.3475553,0.044430688,0.0126228435,0.0048023164,ddos
0.562597,0.0008956782,0.00051061565,3.4688535e-05,0.360797,0.057218958,0.0140464995,0.0038996157,ddos
0.53851247,0.0008559756,0.00048418855,3.305072e-05,0.37057352,0.070474274,0.015895624,0.0031708777,ddos
0.51908773,0.0008444331,0.00046316415,3.175499e-05,0.37737814,0.08129816,0.018266145,0.0026304417,ddos
0.50523657,0.00085882784,0.0004462744,3.0836458e-05,0.3823967,0.08765157,0.021127732,0.002251475,ddos
0.49634197,0.0008949133,0.00043259456,3.0281888e-05,0.38664544,0.08934673,0.024314692,0.0019933102,ddos
0.49083307,0.000947285,0.0004216202,3.0050356e-05,0.39069977,0.08765775,0.027591802,0.0018186562,ddos
0.48672557,0.0010085423,0.00041283065,3.0086088e-05,0.39497817,0.08441938,0.030725805,0.0016996516,ddos
0.48204473,0.0010485845,0.00042351638,3.0109653e-05,0.39945343,0.08450228,0.030899001,0.0015983828,ddos
0.48146737,0.0010228083,0.00046160008,2.9183926e-05,0.39865854,0.0895244,0.027275447,0.001560541,ddos
0.4768762,0.0009930591,0.0005149845,2.846059e-05,0.3998179,0.096092284,0.0241605,0.0015165798,ddos
0.46580166,0.00096287,0.00058806885,2.7925757e-05,0.40446222,0.10550852,0.02118973,0.0014589822,ddos
0.44365,0.00094197644,0.0006877407,2.8027334e-05,0.41598994,0.11876792,0.018541979,0.0013924285,ddos
0.40216383,0.00096321607,0.00083861756,3.00309e-05,0.44172007,0.13638738,0.016574105,0.0013227069,normal
0.3301929,0.0011711624,0.0011723088,3.923357e-05,0.49502888,0.15487215,0.016252173,0.0012711526,normal
0.22773172,0.0026863627,0.0027555577,0.00010142579,0.58452886,0.15874077,0.02200746,0.0014479022,normal
0.13719825,0.027333077,0.022644732,0.001457251,0.6132721,0.13149148,0.06302869,0.0035744323,normal
0.07988773,0.17095576,0.12026155,0.013925352,0.40322503,0.08251429,0.12153674,0.007693567,normal
0.04537729,0.32832253,0.22608754,0.032066576,0.20757887,0.04400888,0.10831467,0.008243643,dos
0.031277373,0.39396968,0.28429076,0.039355986,0.1322949,0.028540168,0.08304335,0.0072277775,dos
0.02559499,0.4136711,0.32493865,0.03865205,0.10383148,0.022131097,0.064841695,0.0063389987,dos
0.022819048,0.41537628,0.3592352,0.03436893,0.09138925,0.018638847,0.05239768,0.0057747457,dos
0.021217318,0.40774626,0.38838243,0.029052006,0.0870405,0.016391156,0.044715885,0.005454371,dos
0.01989634,0.397023,0.41171637,0.024005534,0.086721614,0.014595009,0.040802583,0.0052396473,injection
0.01849115,0.38693982,0.42785695,0.019737683,0.088832095,0.012948692,0.040197928,0.0049956855,injection
0.016908934,0.3813058,0.43648246,0.01611657,0.09136948,0.011115024,0.042013034,0.004688699,injection
0.015461447,0.3782367,0.43888348,0.013096512,0.09508066,0.0092556905,0.04560679,0.004378667,injection
0.014083743,0.37920174,0.4347072,0.010852015,0.09845179,0.0073560695,0.051164564,0.0041828905,injection
0.011889282,0.39228457,0.4358192,0.013795798,0.07812166,0.0060044527,0.057257067,0.0048280046,injection
0.011332889,0.3908015,0.43205318,0.021912882,0.06766781,0.006162305,0.06386364,0.0062057846,injection
0.011078298,0.3966073,0.39834142,0.03909986,0.063268125,0.0065274453,0.07683011,0.008247547,injection
0.010966542,0.39876056,0.34281838,0.074765824,0.06114271,0.00718974,0.09312903,0.011227238,dos
0.010661737,0.38420582,0.27338693,0.14012003,0.05923245,0.008251208,0.10917727,0.014964539,dos
0.01054416,0.34389374,0.19953476,0.23483339,0.05967086,0.009215297,0.124592274,0.017715512,dos
0.009651191,0.28489003,0.13454099,0.35282397,0.057357263,0.0102396,0.13081954,0.019677391,mitm
0.008622053,0.22502111,0.090307385,0.45493346,0.05481632,0.011227827,0.13436209,0.020709744,mitm
0.0077811205,0.17618155,0.06289464,0.52604455,0.053650692,0.012316705,0.13959736,0.021533463,mitm
0.0074708518,0.14088786,0.05029892,0.5722292,0.05299379,0.013661127,0.1371618,0.025296455,mitm
0.007038045,0.10983312,0.03840031,0.61709255,0.051844094,0.015093334,0.13139221,0.029306311,mitm
0.006738941,0.08521431,0.028922461,0.6496562,0.0524542,0.017246388,0.1256373,0.034130275,mitm
0.0065568294,0.06844451,0.022376033,0.6709921,0.0529765,0.019286817,0.11976115,0.03960612,mitm
0.0064867893,0.05704092,0.01766544,0.68245226,0.054118384,0.02134228,0.11506852,0.045825474,mitm
0.0065564495,0.04906887,0.014267539,0.6831375,0.056937985,0.023966976,0.11224031,0.053824343,mitm
0.006766022,0.04390896,0.011893676,0.67371666,0.06124779,0.027459035,0.1107277,0.06428016,mitm
0.00715771,0.040065646,0.009808476,0.6472147,0.07149664,0.034194775,0.11227779,0.07778427,mitm
0.008199349,0.039849713,0.00893748,0.5982878,0.08607841,0.055228896,0.104848914,0.0985694,mitm
0.011333917,0.04594815,0.007621512,0.48811832,0.087204464,0.18089513,0.04878615,0.1300924,mitm
0.020434711,0.07099929,0.0069454205,0.17931649,0.05829191,0.59198666,0.009792109,0.062233392,password
0.036264684,0.13685735,0.012395751,0.05593003,0.050564643,0.68433166,0.0068208575,0.016834954,password
0.051374614,0.15076399,0.018956997,0.014320645,0.045153394,0.70900697,0.0058662817,0.004557233,password
0.06601991,0.18328106,0.024111366,0.009124659,0.048443984,0.6593126,0.0072828787,0.0024236047,password
0.08215377,0.21686664,0.027913684,0.0071928673,0.0555423,0.59791607,0.010844287,0.0015703597,password
0.098456636,0.24227805,0.028693758,0.0063357092,0.064850934,0.54190177,0.016365854,0.001117317,password
0.1114029,0.2525453,0.026122883,0.0057152677,0.07556674,0.5049019,0.02292101,0.00082388456,password
0.12993084,0.2582913,0.023033857,0.0052425973,0.08973429,0.45534727,0.037800863,0.00061899883,password
0.15493953,0.25764328,0.019768717,0.0048796656,0.11381543,0.3797111,0.0686746,0.0005676403,password
0.17176324,0.23570317,0.015657557,0.004305228,0.1433649,0.30470106,0.123946324,0.0005585318,password
0.1711327,0.18472624,0.011119524,0.0033226956,0.18212211,0.23277938,0.21420537,0.0005920522,password
0.20103313,0.123635784,0.00821,0.0020492575,0.1963395,0.14687632,0.32125148,0.000604559,scanning
0.22595665,0.0735741,0.005595312,0.0011341693,0.20246609,0.09317299,0.39749974,0.0006009157,scanning
0.2548187,0.041573234,0.0036993986,0.0006049277,0.2111895,0.06368853,0.42381918,0.0006065302,scanning
0.2951526,0.023417382,0.0024607691,0.00032871542,0.22939673,0.048695616,0.39991206,0.0006362417,scanning
0.34929225,0.013550998,0.0016797099,0.00018751503,0.2581512,0.04149578,0.33495006,0.0006925368,ddos
0.4072147,0.008253057,0.0011811731,0.00011418809,0.2910883,0.03757437,0.25380895,0.000765245,ddos
0.45690516,0.0055636195,0.00085996446,7.5168595e-05,0.3125509,0.033804275,0.18940502,0.0008358958,ddos
0.50371665,0.003318359,0.00062955904,5.394245e-05,0.34141245,0.041323084,0.108523324,0.001022739,ddos
0.52040464,0.0021521277,0.000488136,4.22721e-05,0.35935003,0.048067167,0.06824785,0.0012478054,ddos
0.52392393,0.0016201402,0.00040807182,3.695645e-05,0.367436,0.05040506,0.054635867,0.0015339495,ddos
0.5620957,0.0017461202,0.0005220955,4.732738e-05,0.32158837,0.053681962,0.05823149,0.0020869565,ddos
0.5687851,0.0020850054,0.00071586267,6.688517e-05,0.30113187,0.068726055,0.05610425,0.0023849665,ddos
0.5678789,0.0028241738,0.0011685786,0.00013862169,0.26706764,0.113794476,0.04473851,0.0023891258,ddos
0.5377475,0.0042304634,0.0018839053,0.00033165555,0.25092173,0.14798461,0.053265467,0.0036346621,ddos
0.492124,0.0063109593,0.003026425,0.00074085296,0.23279224,0.20164682,0.058328915,0.005029756,ddos
0.44759008,0.008823569,0.0047362773,0.0013092848,0.20664114,0.27259564,0.052590657,0.0057134433,ddos
0.388644,0.011933576,0.0070621404,0.002263444,0.17759869,0.36157438,0.0448101,0.006113665,ddos
0.29445216,0.013654892,0.0087858895,0.0034651458,0.13841836,0.50164753,0.033812076,0.0057639587,password
0.22001575,0.015309592,0.010804672,0.004612955,0.102777675,0.61850965,0.023250258,0.00471939,password
0.14544915,0.014746288,0.01174774,0.004965125,0.06949297,0.7360215,0.014182619,0.0033946203,password
0.08697283,0.012479509,0.011147942,0.004577688,0.04388518,0.8309884,0.007828204,0.0021202455,password
0.04717423,0.009786957,0.009682613,0.003746302,0.026547847,0.89764446,0.0041651446,0.0012524885,password
0.022780001,0.007334553,0.007772325,0.0029500125,0.01583016,0.94032687,0.0022240952,0.00078196847,password
0.005949084,0.003552479,0.0035113809,0.0019362167,0.008047575,0.9755181,0.0009239424,0.0005612826,password
0.0023923134,0.002135637,0.0019236037,0.0013531389,0.0052371193,0.9859926,0.0005166305,0.0004488936,password
0.0021101146,0.0024875477,0.0023617719,0.0016925158,0.003989828,0.9866579,0.00037014193,0.0003302223,password
0.0011109142,0.0014983498,0.0011151887,0.0012032536,0.0035027715,0.99103045,0.00025655117,0.000282444,password
0.00095643796,0.0015262482,0.0009913011,0.0012853268,0.003734369,0.99095047,0.00027598103,0.00027994104,password
0.0010657544,0.0021352298,0.0013888339,0.00183714,0.004120744,0.98872817,0.00039046668,0.00033359663,password
0.0013759125,0.0034056187,0.0025180813,0.0029997954,0.004618986,0.9839498,0.0006554353,0.00047640657,password
0.0017031154,0.0043473593,0.0037653628,0.0041647516,0.0063125193,0.97789717,0.0011973935,0.00061240926,password
0.0017313944,0.0044451873,0.0042307554,0.0048872405,0.007947108,0.97415054,0.0019359121,0.00067195704,password
0.0017300367,0.0040098396,0.0040606363,0.0048974766,0.010290135,0.9714466,0.0029250332,0.00064027304,password
0.0022993435,0.0037974373,0.0045408537,0.0048545995,0.014911466,0.9636941,0.0051641725,0.000737999,password
0.00213033,0.0020959426,0.002267797,0.0026997915,0.02377835,0.9596027,0.0068982327,0.00052693195,password
0.0022883718,0.0011732044,0.0009628553,0.0014964746,0.04945982,0.9334389,0.010693207,0.00048716346,password
0.002968682,0.00092557457,0.000569687,0.0012436981,0.10195617,0.87247854,0.01918114,0.00067646225,password
0.004267114,0.00091577193,0.00040929846,0.0013026559,0.21465918,0.73896974,0.03828746,0.0011887371,password
0.0055669625,0.00091475615,0.00024565903,0.0014276397,0.45278278,0.46124682,0.07574083,0.002074627,password
0.005846811,0.00091486546,0.00017778456,0.0018849389,0.5895603,0.27288413,0.12549765,0.0032334873,normal
0.0053711636,0.0008455452,0.00013524502,0.0022103423,0.64366585,0.17299324,0.17069376,0.004084839,normal
0.004626591,0.00077304017,0.00010668825,0.0026270412,0.6571544,0.10691035,0.22275937,0.0050425045,normal
0.0037227515,0.0007094263,9.455568e-05,0.0030591416,0.62411964,0.07516658,0.28670806,0.0064198454,normal
0.002892296,0.000691857,8.550144e-05,0.0043475,0.55967116,0.04825951,0.37569737,0.008354762,normal
0.0017747006,0.0006352197,8.108491e-05,0.006027322,0.47850364,0.035260595,0.4679656,0.009751907,normal
0.0013355803,0.0005776514,7.4841446e-05,0.0068938527,0.4141007,0.029477902,0.5358511,0.011688295,scanning
0.0014244596,0.00055881817,8.3046725e-05,0.0055780304,0.3621266,0.010831919,0.6014087,0.01798845,scanning
0.00085544307,0.0005452303,0.00010273573,0.007698089,0.25989702,0.009795929,0.7025184,0.01858712,scanning
0.00059433136,0.0005120851,0.00011883913,0.008882621,0.19500297,0.008745376,0.76812804,0.018015746,scanning
0.00047251373,0.00044445504,0.00011927555,0.008711624,0.16125245,0.007963867,0.8048131,0.016222734,scanning
0.00044571684,0.00039934067,0.00011901576,0.008489281,0.14904234,0.0076798364,0.81892407,0.014900471,scanning
0.0004876539,0.00039093615,0.000121603895,0.0068317773,0.15431476,0.0076555447,0.8144706,0.015727097,scanning
0.0005468461,0.00039974818,0.00012544074,0.0077459514,0.16444315,0.007878902,0.8013888,0.017471127,scanning
0.0006111011,0.000416757,0.00013916333,0.008233608,0.1700075,0.0077309236,0.79258853,0.020272376,scanning
0.00072613906,0.00045008466,0.00015667701,0.00891612,0.17686936,0.007884816,0.78171164,0.023285175,scanning
0.0011633594,0.0005941957,0.00023861181,0.009636262,0.17473795,0.0076216892,0.7776333,0.028374624,scanning
0.005406028,0.0017477378,0.00088672544,0.013243332,0.15378448,0.007962821,0.77986735,0.037101448,scanning
0.031016054,0.005035225,0.0031913728,0.019049171,0.16221891,0.009647208,0.72344655,0.046395484,scanning
0.6460263,0.034175586,0.038192473,0.017478673,0.04498344,0.0056128856,0.18778943,0.025741154,ddos
0.7374039,0.05115447,0.06331408,0.01880929,0.022788635,0.004573975,0.07985654,0.022099154,ddos
0.82303315,0.05127518,0.06924616,0.0111276265,0.009615623,0.0028532401,0.025354855,0.0074942266,ddos
0.8499719,0.049072094,0.07014239,0.0079612695,0.0048983363,0.0019490236,0.0114994375,0.004505537,ddos
0.7731161,0.07811526,0.10265733,0.021373061,0.0050555044,0.0032497153,0.011529062,0.0049039833,ddos
0.7530852,0.08844234,0.104682446,0.029947832,0.0051668407,0.0044202115,0.009203022,0.005052087,ddos
0.65712327,0.118517704,0.1268102,0.06630089,0.0064895116,0.008147639,0.010961264,0.005649504,ddos
0.44685447,0.16416208,0.1449734,0.19032025,0.0108666625,0.019731326,0.015591442,0.0075003295,ddos
0.31619033,0.17290509,0.130299,0.31338358,0.013165097,0.031734195,0.015425119,0.006897528,ddos
0.15341845,0.14920661,0.09181812,0.5136966,0.013798816,0.055613156,0.01687588,0.0055722804,mitm
0.12786436,0.15274842,0.08313221,0.54598826,0.011621738,0.06050981,0.013487125,0.0046480238,mitm
0.10339313,0.1597194,0.073283195,0.5712561,0.009762899,0.067840375,0.010947993,0.0037969572,mitm
0.055082258,0.11963419,0.040632464,0.6729814,0.007956399,0.09166679,0.009508296,0.0025382165,mitm
0.029764032,0.09659856,0.02616379,0.717112,0.0054446943,0.114074394,0.008175006,0.002667403,mitm
0.012310104,0.06325501,0.012578184,0.7401664,0.0036344486,0.16096537,0.0055624535,0.0015280854,mitm
0.008438503,0.057817023,0.009868112,0.75222933,0.0017348394,0.1636498,0.0045162304,0.0017462228,mitm
0.010784722,0.08548046,0.0136405,0.73846364,0.00070528593,0.14473118,0.0040695155,0.002124672,mitm
0.014290775,0.14134917,0.025385397,0.70157355,0.00034609903,0.109252796,0.0040164148,0.0037857525,mitm
0.01430546,0.18232581,0.03320513,0.65487117,0.0003298492,0.10153544,0.0056144213,0.007812789,mitm
0.010695012,0.16942844,0.03133613,0.6369986,0.000411472,0.11826817,0.007993418,0.024868773,mitm
0.006905799,0.12769471,0.026646277,0.63458776,0.00055606564,0.11693801,0.012739728,0.07393164,mitm
0.0035318432,0.080361396,0.020557396,0.5637834,0.0006620643,0.106053025,0.01554515,0.20950568,mitm
0.0017975589,0.0413165,0.012449295,0.3748502,0.00066716905,0.06247866,0.018440727,0.4879999,xss
0.0007863546,0.013685092,0.004877714,0.15950827,0.00051953713,0.023767829,0.013947118,0.7829081,xss
0.00040399836,0.0059259394,0.0024298772,0.08081448,0.0003703917,0.010331633,0.010278897,0.88944477,xss
0.00026260418,0.0029517543,0.0015301573,0.058397997,0.00033216647,0.007859605,0.008264756,0.920401,xss
0.00015508273,0.001341765,0.00082511135,0.02840083,0.0002583365,0.0038726337,0.005814282,0.959332,xss
0.00010047781,0.00063805777,0.0004497979,0.014180459,0.00021842016,0.0018065658,0.004323831,0.9782824,xss
6.687414e-05,0.0003033464,0.00025274142,0.007588707,0.00017181541,0.001102809,0.0030210142,0.9874927,xss
4.724863e-05,0.00016797743,0.00015837839,0.0047636623,0.00014047264,0.00072870107,0.0020500454,0.9919435,xss
3.7555295e-05,0.00010675718,0.00011336035,0.003525893,0.00014297711,0.0007002563,0.0015954038,0.99377775,xss
2.633828e-05,2.8986096e-05,4.7562477e-05,0.0011020015,0.0001329305,0.0003383561,0.00093159714,0.9973922,xss
2.601865e-05,1.8787809e-05,3.5245423e-05,0.00054549554,0.00020983187,0.00020276172,0.00095409877,0.99800783,xss
2.7760329e-05,2.2773806e-05,4.4876135e-05,0.0006198839,0.00024543153,0.00023770146,0.0009795704,0.99782205,xss
3.342391e-05,3.0224335e-05,6.546868e-05,0.0007871454,0.00028496693,0.00029713142,0.0011406713,0.9973609,xss
4.0162264e-05,3.8926417e-05,8.607415e-05,0.00090527645,0.0003576563,0.00037820422,0.0011223435,0.9970714,xss
5.8200392e-05,5.600542e-05,0.00013510526,0.0011589369,0.00046834353,0.000551854,0.0012736308,0.9962979,xss
7.582369e-05,7.138372e-05,0.00016252603,0.0014280586,0.00063317374,0.0008155924,0.0012175064,0.995596,xss
0.00013227174,0.00012272445,0.00030598728,0.002065179,0.00091940525,0.0014847821,0.0014663466,0.9935034,xss
0.00024593488,0.00021532354,0.0005382778,0.003095806,0.0013089775,0.002582613,0.0015081568,0.9905049,xss
0.0010425347,0.0010370812,0.0026137289,0.007119162,0.0024728628,0.0056302366,0.0022546696,0.97782964,xss
0.01450372,0.014648642,0.035715688,0.027219677,0.0052342922,0.013715807,0.0040974882,0.88486475,xss
0.19259475,0.21046913,0.4981776,0.027753491,0.002539114,0.0057947203,0.0027342679,0.05993698,injection
0.19705698,0.24790953,0.5173815,0.018233724,0.0013541273,0.0028201893,0.0013563879,0.013887547,injection
0.18291086,0.26051953,0.5331237,0.013629643,0.00104492,0.0022336578,0.0009032215,0.005634475,injection
0.17086503,0.2548048,0.5592289,0.009026478,0.0008907186,0.0021104834,0.0006682878,0.0024052681,injection
0.16540031,0.21069449,0.61539537,0.004053427,0.0007530366,0.002533874,0.0004200325,0.0007494251,injection
0.15909751,0.19020505,0.6432783,0.0026818335,0.0007661125,0.003275161,0.00033086707,0.0003650827,injection
0.14979284,0.17981441,0.6630379,0.0020297735,0.00081621844,0.003988345,0.00030102464,0.00021953604,injection
0.13500917,0.19190507,0.6654969,0.0020365748,0.0008784777,0.004197382,0.0003043309,0.00017216758,injection
0.12592848,0.19763733,0.669293,0.0018770347,0.0008883565,0.0039193523,0.00031768956,0.00013872064,injection
0.11846822,0.20128517,0.6731197,0.0018927258,0.00090653985,0.0038906392,0.0003140549,0.00012285615,injection
0.110640205,0.21126989,0.6709682,0.0020680216,0.0008973218,0.0037141482,0.00032723008,0.000115076335,injection
0.10804507,0.21916573,0.6649995,0.0025389236,0.0009032049,0.003838561,0.00037496793,0.00013405303,injection
0.10624804,0.23170641,0.6533,0.0031518815,0.00094734627,0.0040343157,0.0004476221,0.00016442324,injection
0.10527749,0.23415679,0.64850736,0.004290281,0.0008500541,0.0063559483,0.00042232414,0.00013974945,injection
0.102304935,0.27380788,0.6053406,0.008275851,0.0009536289,0.008511218,0.0006206536,0.00018519623,injection
0.09682841,0.306984,0.56600344,0.014923097,0.0012161483,0.012816998,0.0009741887,0.00025367673,injection
0.08884714,0.33089268,0.52269703,0.027455263,0.001977389,0.026003636,0.0017445711,0.0003822549,injection
0.07771182,0.3141241,0.41890442,0.062499702,0.005419808,0.116141826,0.004453252,0.0007451092,injection
0.04066104,0.1655643,0.18129656,0.08936709,0.013117082,0.4997574,0.008963065,0.0012734148,password
0.011251808,0.03568224,0.032090306,0.045385,0.014340605,0.8526663,0.0076553016,0.0009284309,password
0.0040983283,0.008173852,0.006128968,0.015414978,0.011737933,0.9490651,0.0048216283,0.0005592098,password
0.0048132194,0.011032437,0.0077699423,0.022092383,0.011260905,0.93830854,0.004132717,0.0005898382,password
0.002876283,0.0031557744,0.0014286211,0.007307166,0.011979209,0.9704039,0.002464415,0.00038453506,password
0.0028948244,0.0018975064,0.00051737536,0.004233899,0.016394736,0.97155523,0.0020788587,0.00042773096,password
0.003031229,0.001982787,0.00044779075,0.0038734125,0.014808125,0.97361654,0.0017967445,0.0004433154,password
0.0036347336,0.0025155812,0.0004995559,0.004317235,0.014129849,0.97311527,0.001366839,0.00042099715,password
0.0043945257,0.0035133148,0.00047290843,0.0066579496,0.017179897,0.9654759,0.001575645,0.0007298133,password
0.0049619684,0.0047900723,0.00057767396,0.008376627,0.015621002,0.96326125,0.0015699901,0.00084135914,password
0.005417529,0.007602437,0.0009219544,0.013457147,0.013503602,0.9562635,0.0018377776,0.0009959604,password
0.006027315,0.010570663,0.001443139,0.017156709,0.0114086885,0.9504865,0.0019284254,0.0009785892,password
0.0069865985,0.013558975,0.002171161,0.01656012,0.008748323,0.9497738,0.0014071146,0.00079395314,password
0.008007902,0.019589718,0.0034775173,0.026375271,0.009033147,0.9308689,0.0017608037,0.0008867377,password
0.008210158,0.029505055,0.0069519053,0.039079733,0.008376973,0.9047689,0.0022540204,0.0008531574,password
0.007440171,0.03419239,0.010094855,0.04321656,0.008331198,0.89331037,0.0026408017,0.0007736358,password
0.010416815,0.05122747,0.019533603,0.06683775,0.011440311,0.8351899,0.0041574338,0.0011967588,password
0.008196055,0.047534116,0.023090832,0.057392865,0.012685186,0.8455033,0.004625166,0.0009725266,password
0.006653879,0.042048857,0.025174126,0.044455156,0.012548023,0.86383134,0.0045130323,0.0007756067,password
0.0057248534,0.0384169,0.026414974,0.037505165,0.017919755,0.86789197,0.0054802126,0.0006461744,password
0.005212026,0.038443007,0.028461115,0.036554564,0.02954749,0.85292137,0.008330502,0.000529865,password
0.0051897485,0.040763505,0.031048361,0.036559936,0.052350216,0.82139057,0.012192109,0.00050561107,password
0.0055327294,0.04295453,0.034048796,0.032204814,0.09069847,0.7767561,0.01734156,0.00046296132,password
0.006088227,0.045218002,0.03635507,0.025703385,0.13360365,0.73120207,0.02141493,0.00041466794,password
0.008018389,0.052097216,0.043989357,0.020740317,0.19757657,0.65013593,0.02701385,0.0004283603,password
0.0078065344,0.047432207,0.041169513,0.009097153,0.32446313,0.53293777,0.036741555,0.00035217227,password
0.0066186553,0.04457218,0.03958385,0.004060884,0.46294343,0.3836074,0.058275037,0.00033857216,normal
0.0064870967,0.05288659,0.041930553,0.007082271,0.5047045,0.31127727,0.07513282,0.0004989258,normal
0.006420798,0.060344376,0.043528005,0.008727772,0.5660264,0.19842468,0.11569153,0.0008364199,normal
0.0053375214,0.077937804,0.047135875,0.013309856,0.54420733,0.10669746,0.20345035,0.0019238271,normal
0.0051553873,0.08276879,0.046667334,0.013327457,0.546662,0.08156683,0.22158074,0.0022715323,normal
0.004329543,0.09468691,0.04453798,0.02027983,0.47718728,0.04769068,0.30660334,0.00468447,normal
0.0039148596,0.10281787,0.04216452,0.026097827,0.4372453,0.035642326,0.3455206,0.006596694,normal
0.0034612045,0.10907502,0.038999923,0.03693114,0.36401972,0.0226236,0.41162214,0.013267286,scanning
0.0034771422,0.11609882,0.037688646,0.05270097,0.32705215,0.020264259,0.42192602,0.020792102,scanning
0.0035148405,0.12094576,0.034771677,0.075730555,0.30200034,0.0188009,0.4115415,0.032694485,scanning
0.0036983571,0.12406638,0.032129355,0.10106708,0.29447427,0.019798579,0.37890524,0.04586072,scanning
0.0041176914,0.12641867,0.030879002,0.122330524,0.302634,0.024654048,0.33431867,0.054647353,scanning
0.004800446,0.12828007,0.02945407,0.14098807,0.32290524,0.032853503,0.27933982,0.06137881,normal
0.0062657744,0.13064364,0.025629101,0.13242093,0.3895914,0.044156443,0.21046308,0.06082964,normal
0.012357524,0.15058187,0.024668915,0.09884149,0.48459992,0.08279579,0.10191291,0.04424157,normal
0.028571801,0.086694226,0.009415799,0.022442574,0.6455272,0.17655176,0.017565915,0.013230681,normal
0.036779363,0.0440655,0.003958023,0.0069489856,0.6569355,0.24128631,0.005049086,0.004977154,normal
0.035379507,0.019711569,0.0015123808,0.0022097584,0.6876967,0.24951659,0.0020403566,0.0019330857,normal
0.03330971,0.012385857,0.0008492192,0.0011987257,0.71274024,0.23700942,0.0013903851,0.0011163799,normal
0.034072027,0.009811996,0.00063227967,0.0008965611,0.7370063,0.21554203,0.0011896793,0.00084905495,normal
0.031399366,0.009461621,0.00050336623,0.0006476134,0.8056963,0.1503113,0.0012941859,0.00068628305,normal
0.029983565,0.009851944,0.0004460784,0.0005414364,0.8535539,0.103491664,0.0014930723,0.000638321,normal
0.023672689,0.00865037,0.00033672174,0.00050240767,0.87566626,0.08916883,0.001437237,0.00056544517,normal
0.01882862,0.007678306,0.00025301852,0.00049521046,0.8919764,0.078867525,0.0013937723,0.0005071818,normal
0.016086515,0.005147445,0.00016317886,0.00040156848,0.910225,0.06608425,0.0014556876,0.00043642486,normal
0.017597087,0.0052813874,0.00016540932,0.00046507065,0.9025136,0.071955554,0.0015595603,0.00046228062,normal
0.017295737,0.006003843,0.00018960139,0.0005269345,0.90702254,0.0669317,0.0015823769,0.0004472375,normal
0.019480133,0.006733817,0.00025213094,0.0006163645,0.9040207,0.06708031,0.0014177504,0.0003988962,normal
0.016843613,0.0063568465,0.00025164938,0.00056874665,0.9176813,0.056462426,0.001470696,0.00036476558,normal
0.01801062,0.008054371,0.00034246896,0.000865389,0.9107661,0.05976118,0.0017240106,0.00047577947,normal
0.019136628,0.010581461,0.0004827262,0.0015822911,0.8912854,0.07358598,0.002661097,0.00068440754,normal
0.02200996,0.017139273,0.000913962,0.004851226,0.8290522,0.11909421,0.0055989684,0.0013401126,normal
0.025794491,0.030805988,0.0022724636,0.016941555,0.6967493,0.21237613,0.011680791,0.0033793736,normal
0.027625384,0.047350775,0.005761736,0.049486052,0.48194394,0.35868222,0.021360861,0.0077890954,normal
0.026236327,0.060514573,0.012990814,0.10403652,0.29019153,0.45751876,0.03459733,0.013914104,password
0.024256032,0.066155784,0.023964513,0.14352332,0.17957686,0.5042775,0.03863655,0.019609403,password
0.022252453,0.06892043,0.040183898,0.15160003,0.12705307,0.527113,0.04087704,0.022000035,password
0.020359764,0.069745876,0.06441848,0.14723273,0.08578636,0.5487657,0.03721837,0.026472716,password
0.017678617,0.06507491,0.09959463,0.124388814,0.054793023,0.57438916,0.03308776,0.030993082,password
0.016799944,0.06387919,0.13579766,0.095032446,0.04442124,0.57985944,0.030632667,0.0335774,password
0.016938535,0.06504089,0.16512133,0.07743865,0.04166997,0.5641866,0.03026191,0.039342154,password
0.01726146,0.06679343,0.18614864,0.07051281,0.039836098,0.54762983,0.026669899,0.045147754,password
0.01793887,0.070006214,0.20030896,0.06815784,0.04084812,0.5240829,0.027915828,0.050741266,password
0.018217526,0.06914111,0.20963024,0.06387206,0.038776465,0.52249616,0.024955489,0.05291092,password
0.018969955,0.06588366,0.21446495,0.058161337,0.036677342,0.53613824,0.021158006,0.048546523,password
0.018185332,0.062929444,0.2042609,0.049032774,0.037303206,0.56982917,0.016570248,0.041888934,password
0.017508477,0.05649046,0.18960571,0.04514051,0.033496555,0.6157979,0.012569509,0.029390985,password
0.019460108,0.053911146,0.18483499,0.036063228,0.030316737,0.6462748,0.009417691,0.019721413,password
0.022639625,0.055200357,0.1855197,0.028036857,0.025708135,0.66168445,0.006988881,0.014221943,password
0.022962272,0.075732395,0.20850986,0.042539306,0.029577585,0.59332454,0.009697277,0.017656755,password
0.023805065,0.08515739,0.22750418,0.0465976,0.031046411,0.5560185,0.010542966,0.019327946,password
0.021872751,0.11343462,0.26288214,0.09402013,0.034918178,0.42201686,0.018497124,0.032358225,password
0.015521801,0.13287082,0.26243633,0.19828428,0.033332992,0.27026162,0.028891679,0.05840047,password
0.010607344,0.13653596,0.22560112,0.30118573,0.029451462,0.17244713,0.03806838,0.08610285,mitm
0.007591367,0.12972313,0.18313187,0.38564387,0.026030868,0.12091089,0.04288979,0.10407824,mitm
0.0053836643,0.11619993,0.1416166,0.47457507,0.022799646,0.088218376,0.043091163,0.1081155,mitm
0.0037961989,0.09759311,0.10339082,0.5748464,0.017316235,0.0583251,0.042336747,0.10239541,mitm
0.0029062212,0.080610186,0.073370874,0.6599467,0.014188574,0.044795796,0.037724875,0.08645685,mitm
0.002664962,0.07356333,0.059799872,0.70545644,0.012611796,0.038050845,0.036496975,0.07135575,mitm
0.0023835537,0.06669409,0.048799194,0.74792826,0.010934348,0.030522238,0.03609737,0.056640938,mitm
0.0022393402,0.06435427,0.045009132,0.76335317,0.009361597,0.025274828,0.037516788,0.052890852,mitm
0.0022621206,0.06304876,0.04368777,0.76540196,0.00915936,0.021233257,0.044662192,0.050544642,mitm
0.0027301859,0.067976885,0.044716466,0.7380366,0.010759326,0.021793501,0.058325704,0.055661354,mitm
0.002766931,0.06426634,0.041007742,0.71403146,0.012604316,0.018787421,0.08277182,0.063763954,mitm
0.0032250776,0.06706829,0.03794094,0.6459478,0.017743643,0.018477572,0.130449,0.07914769,mitm
0.0029527587,0.057344023,0.026691353,0.60640293,0.02211901,0.015095505,0.18140575,0.0879886,mitm
0.0031374781,0.04896612,0.02103657,0.5185397,0.029523108,0.015615944,0.25094503,0.112235986,mitm
0.0028052158,0.04249987,0.016917055,0.50293505,0.03172467,0.01511774,0.27061746,0.11738289,mitm
0.0026800933,0.031396013,0.012198537,0.40566412,0.03997243,0.015291239,0.3439415,0.14885601,mitm
0.0020068272,0.026203798,0.00963163,0.35655802,0.039270245,0.012826439,0.3917432,0.1617599,scanning
0.0013444063,0.017001426,0.0062557524,0.30145493,0.037069794,0.011764287,0.43849522,0.18661429,scanning
0.001180249,0.01565373,0.005573433,0.2467731,0.040273137,0.010472045,0.48471266,0.19536161,scanning
0.0010110257,0.010639131,0.0035412193,0.17312616,0.050294492,0.010521517,0.545541,0.20532551,scanning
0.00062689214,0.0053498764,0.001840754,0.112905025,0.04760919,0.0098097455,0.5926882,0.22917028,scanning
0.0004066204,0.0027469683,0.001000215,0.06471599,0.045342706,0.008576298,0.6400714,0.23713976,scanning
0.00026576387,0.0012876902,0.0005047609,0.030501405,0.04420028,0.0067976722,0.6958035,0.22063887,scanning
0.00018470002,0.00035283325,0.0001585631,0.008472615,0.056273516,0.0056842477,0.7605737,0.16829982,scanning
0.00017104251,0.00032545452,0.00015007882,0.006834322,0.060078666,0.004835352,0.8037946,0.12381041,scanning
0.00014891628,0.00030912366,0.00016410279,0.005097613,0.059348736,0.0039392877,0.83977777,0.091214485,scanning
0.000131537,0.00030747819,0.00018113421,0.0040378347,0.05775688,0.0033368324,0.8659312,0.06831706,scanning
0.00011904705,0.00030670816,0.00017718329,0.0035031966,0.05887491,0.0030193105,0.88386136,0.05013815,scanning
0.00010686008,0.00029112367,0.00019186648,0.0031892366,0.052292645,0.0026856298,0.9069081,0.0343344,scanning
0.00010070984,0.00034060382,0.00023096811,0.0031094803,0.051146556,0.0024092442,0.91062593,0.03203644,scanning
8.5446234e-05,0.00036859405,0.00026283495,0.003008057,0.041446216,0.0018915663,0.92966294,0.02327426,scanning
8.095772e-05,0.00039809127,0.000289748,0.0027746328,0.03919382,0.0015604197,0.9357182,0.01998412,scanning
7.6005796e-05,0.00042278244,0.00032088684,0.002492568,0.03658838,0.001297323,0.94131976,0.017482186,scanning
7.718221e-05,0.00048896065,0.0003966684,0.002436199,0.036168806,0.001103414,0.9426272,0.01670151,scanning
9.591123e-05,0.0006563423,0.0004876519,0.0027237134,0.04333373,0.0011525594,0.93566245,0.01588758,scanning
9.797465e-05,0.00095215876,0.0006497718,0.005281628,0.037348147,0.0013922033,0.93640393,0.017874155,scanning
0.00011725126,0.0010723686,0.0006522193,0.006201394,0.046634763,0.0016636024,0.9246486,0.01900984,scanning
0.00014315554,0.0012234069,0.0006444823,0.007303464,0.060281716,0.0020475227,0.9082147,0.020141423,scanning
0.00018412137,0.0014927327,0.00070601463,0.008327208,0.07782488,0.0025847098,0.88688004,0.022000259,scanning
0.0002806119,0.002067591,0.00079587445,0.0091289375,0.11210201,0.00330239,0.84922266,0.023099892,scanning
0.00084111316,0.005324721,0.001365348,0.009258305,0.20815459,0.004037155,0.74651766,0.024501063,scanning
0.0048672715,0.020941403,0.0025328917,0.007704749,0.4775655,0.0042938013,0.46227548,0.019818908,normal
0.012435969,0.034525666,0.0023708886,0.004736555,0.7230817,0.004006853,0.2071744,0.011667976,normal
0.016207092,0.031880073,0.001559676,0.002878564,0.8356075,0.0035287088,0.101481326,0.006856965,normal
0.017179413,0.02566341,0.001020739,0.0017980374,0.8884644,0.003026286,0.05822083,0.0046268366,normal
0.015778098,0.018462634,0.0006259913,0.0011321615,0.9251954,0.0027129878,0.033033323,0.0030593497,normal
0.013471721,0.011150103,0.00031580537,0.00059980963,0.95629036,0.0027799942,0.013904159,0.0014880844,normal
0.0116197495,0.0059439773,0.00014870532,0.0002451963,0.97335285,0.0035301049,0.004613328,0.000546086,normal
0.010695595,0.0036813198,9.03732e-05,0.00012016737,0.97817147,0.0049660746,0.0020298453,0.00024513793,normal
0.010056338,0.0028725893,6.9045105e-05,8.99851e-05,0.9790583,0.0063460036,0.0013447141,0.00016305529,normal
0.009323107,0.0025614307,5.7580874e-05,8.719106e-05,0.97964627,0.0070728655,0.0011139824,0.00013750947,normal
0.008562816,0.0024171995,4.8323793e-05,9.746494e-05,0.9804145,0.0073341085,0.0010009438,0.00012463293,normal
0.007982785,0.0023609526,4.2791202e-05,0.00011024472,0.98098963,0.007446247,0.0009457497,0.00012167082,normal
0.0080734575,0.0025045301,4.347137e-05,0.00013257416,0.9805753,0.0076167625,0.00092771027,0.00012611914,normal
0.009244781,0.002840353,5.1544506e-05,0.00014174545,0.9785928,0.008036682,0.00096035213,0.00013174457,normal
0.0114512285,0.0034279882,6.4775806e-05,0.00015327382,0.9746516,0.009087497,0.0010282474,0.00013548494,normal
0.0154932635,0.004462838,8.663617e-05,0.00017005378,0.96737695,0.011055739,0.001218209,0.00013630235,normal
0.023207858,0.00628319,0.0001244706,0.00019750073,0.9536188,0.0146599095,0.0017733028,0.00013500467,normal
0.038231064,0.009106383,0.00019382939,0.00023998733,0.9272884,0.021374624,0.0034270347,0.00013858573,normal
0.0620023,0.011887166,0.00030036454,0.0002793699,0.8866575,0.030510904,0.0082102725,0.0001520531,normal
0.08941704,0.01336557,0.00042359557,0.0002954776,0.83817434,0.03688945,0.021258976,0.00017557469,normal
0.115639396,0.013887338,0.0005537922,0.0002991546,0.7762937,0.037380777,0.055732872,0.00021299013,normal
0.13603042,0.013925587,0.00067648845,0.00030048736,0.6806888,0.033269774,0.13484186,0.00026660258,normal
0.1425712,0.012700527,0.000745667,0.00027924645,0.54058206,0.025217855,0.27758455,0.00031886448,normal
0.13720469,0.010361496,0.0007248359,0.00023246103,0.39384943,0.017571565,0.4397047,0.00035085558,scanning
0.1353839,0.0080587,0.0006649296,0.00018094953,0.29291636,0.012880859,0.54953885,0.00037548752,scanning
0.15360959,0.0064923377,0.0006277286,0.0001409028,0.2499917,0.011354689,0.57736087,0.00042224413,scanning
0.20691283,0.005553479,0.00062738295,0.00011239682,0.25468245,0.012689479,0.51891214,0.0005098448,scanning
0.30559954,0.004760342,0.0006342382,8.921595e-05,0.29119593,0.017238526,0.37984425,0.0006378457,scanning
0.42249492,0.003702946,0.0005994956,6.738475e-05,0.32996148,0.025276598,0.21711442,0.0007827633,ddos
0.50015193,0.002618885,0.00053193764,5.0236325e-05,0.34952897,0.035944834,0.1102288,0.0009444453,ddos
0.52688175,0.0018781539,0.00047279595,4.0334442e-05,0.3587603,0.047410846,0.06341107,0.0011447441,ddos
0.52725863,0.0014891059,0.000428953,3.5685487e-05,0.36599997,0.055556193,0.047822334,0.0014091736,ddos
0.5441151,0.0015971955,0.0005213822,4.5009117e-05,0.34958646,0.053791173,0.04818395,0.00215966,ddos
0.5411283,0.001923084,0.000697102,5.9972765e-05,0.35112044,0.056967415,0.04558435,0.002519371,ddos
0.5315394,0.002395977,0.00093095284,8.3491475e-05,0.35893825,0.05961871,0.04353905,0.0029542118,ddos
0.5179033,0.003103364,0.0012470528,0.00012537355,0.37016094,0.06162266,0.042315736,0.003521537,ddos
0.5006007,0.004187748,0.001681215,0.00020753493,0.38400254,0.06329109,0.041720048,0.0043090563,ddos
0.4803046,0.005896061,0.002284537,0.0003806928,0.39927095,0.06507532,0.04141537,0.0053725373,ddos
0.45853674,0.008619529,0.0031283207,0.0007619594,0.41389358,0.06761688,0.040768865,0.006674187,ddos
0.43820742,0.012949214,0.004311021,0.0015989935,0.42448062,0.07154199,0.03893846,0.007972213,ddos
0.4248884,0.0198561,0.0060110916,0.0033327981,0.42497453,0.07693539,0.035216436,0.008785167,normal
0.43060884,0.03159932,0.008721593,0.0065329713,0.40292886,0.081836335,0.029234456,0.008537658,ddos
0.48993337,0.058077138,0.014790905,0.011641739,0.3217982,0.076465085,0.020588078,0.0067054518,ddos
0.63223195,0.15806314,0.038993638,0.016299158,0.11044492,0.0333298,0.007885741,0.002751642,ddos
0.50086385,0.35957155,0.108289674,0.012753122,0.011148646,0.005281101,0.0014992192,0.00059284345,ddos
0.40012825,0.4226634,0.16018221,0.009506449,0.0039654477,0.0027159848,0.0005812167,0.0002570326,dos
0.4065787,0.39219612,0.18766214,0.006986718,0.003044531,0.0031063603,0.00028528643,0.00014016886,ddos
0.42560637,0.36108857,0.20028952,0.00573,0.00301687,0.0039837,0.0001880528,9.6925534e-05,ddos
0.42205176,0.36425835,0.20085846,0.005382994,0.0031606823,0.0040339897,0.00017022867,8.349128e-05,ddos
0.4067243,0.3837488,0.1972461,0.0052611143,0.003290504,0.0034740895,0.00017681572,7.830826e-05,ddos
0.38959795,0.40543354,0.19338316,0.0051309844,0.0033827364,0.0028034549,0.00019275399,7.5418146e-05,dos
0.37475297,0.4238881,0.1904498,0.004973084,0.0034486495,0.0021978552,0.00021601173,7.347999e-05,dos
0.35819644,0.4414335,0.18878925,0.005798658,0.0035898418,0.0018288367,0.00028200718,8.149909e-05,dos
0.36966062,0.43798366,0.17942078,0.0067256866,0.003848247,0.0019505278,0.00032463443,8.586637e-05,dos
0.35748485,0.44241878,0.18624024,0.0077812956,0.0035867307,0.0020156878,0.00036052678,0.000111869995,dos
0.3460211,0.44381052,0.19515876,0.008952379,0.0033985388,0.002093072,0.00040929997,0.00015635052,dos
0.32693082,0.44934365,0.206084,0.011051905,0.0034785129,0.0023481552,0.00050175085,0.00026115155,dos
0.28455108,0.4802897,0.20782332,0.01819142,0.0046303454,0.0030257984,0.00084321597,0.0006451455,dos
0.26968864,0.48796192,0.20140012,0.026727887,0.0070612906,0.0039307643,0.0014992276,0.001730197,dos
0.2584532,0.4872101,0.18267006,0.044038773,0.012580632,0.005879034,0.00329352,0.0058747516,dos
0.2655123,0.43590218,0.15701012,0.07195071,0.025102535,0.011609122,0.007284367,0.025628703,dos
0.19733691,0.2894726,0.092933364,0.14271376,0.0608945,0.028255563,0.020739507,0.16765372,dos
0.04895388,0.0685402,0.021380356,0.12717983,0.051878937,0.032860756,0.022635648,0.62657034,xss
0.006667543,0.009135632,0.0029505747,0.05210762,0.017988909,0.015934767,0.010959946,0.884255,xss
0.0014730725,0.001958559,0.00067720405,0.02276128,0.0064582108,0.00734632,0.0055174227,0.953808,xss
0.0005569374,0.000585737,0.00024019922,0.008741808,0.0030099272,0.00400075,0.0031247067,0.97973996,xss
0.00028013662,0.00024171775,0.00011214867,0.0044329735,0.0017931111,0.0024171555,0.0022565094,0.9884664,xss
0.00017026176,0.00012961024,6.70153e-05,0.0026882938,0.0010763435,0.0015443477,0.0016428556,0.9926812,xss
0.0001235978,7.3788055e-05,4.439869e-05,0.0015441645,0.0008061563,0.0010958352,0.001374661,0.9949374,xss
8.982692e-05,4.926485e-05,3.5250196e-05,0.0012548614,0.0005905164,0.00070997234,0.0011660806,0.99610424,xss
6.345185e-05,3.2716773e-05,2.8446819e-05,0.0009194413,0.00040487817,0.00048720848,0.000929663,0.9971342,xss
4.7312533e-05,2.2040153e-05,2.4482717e-05,0.0006567947,0.00030878375,0.00031664252,0.0007569157,0.9978671,xss
3.513373e-05,1.3901207e-05,1.8921533e-05,0.0003678985,0.00024264712,0.00018361385,0.0005105609,0.9986274,xss
2.8679553e-05,1.3427934e-05,2.2742854e-05,0.00042447055,0.00016907186,0.00014832494,0.0004784053,0.9987149,xss
2.6513235e-05,1.3945881e-05,2.4112e-05,0.0004663723,0.00016119641,0.00014587204,0.0004580679,0.99870396,xss
2.5927651e-05,1.5211876e-05,2.8504894e-05,0.0005655545,0.00014288184,0.00014058057,0.0004686189,0.99861264,xss
2.8453554e-05,1.7788789e-05,3.758571e-05,0.0006645117,0.00013157091,0.0001322187,0.00047821892,0.9985096,xss
3.470219e-05,2.1822081e-05,5.20064e-05,0.00077503687,0.00012706105,0.00012499839,0.0005141931,0.99835014,xss
4.7785055e-05,2.8402304e-05,8.353278e-05,0.0009552952,0.00011401625,0.00011597742,0.0005418101,0.99811316,xss
5.6667563e-05,3.1751053e-05,9.830489e-05,0.0010874191,0.00011463812,0.00011573486,0.00051684974,0.9979786,xss
6.485471e-05,3.2547425e-05,0.00010113785,0.0012275993,0.00011589034,0.00012210925,0.00047167082,0.9978642,xss
7.302365e-05,3.671261e-05,0.00010709518,0.001436715,0.00013150237,0.00013369725,0.0005047207,0.99757653,xss
7.3051044e-05,3.7182166e-05,9.940144e-05,0.0016575165,0.0001360804,0.000139552,0.00049164257,0.99736565,xss
7.449215e-05,4.3874865e-05,0.0001145,0.0023205895,0.00013827665,0.00013970328,0.00059485773,0.9965738,xss
6.7840025e-05,4.5641347e-05,0.00011000492,0.0029883182,0.00013263318,0.00013117376,0.0006786145,0.99584585,xss
5.8253576e-05,4.2611788e-05,9.3523464e-05,0.0034688995,0.0001192394,0.00011599966,0.00073817075,0.99536324,xss
5.7267815e-05,4.1982665e-05,7.852803e-05,0.0037123882,0.00013136679,0.00011097506,0.0007423453,0.99512523,xss
5.0122027e-05,3.624951e-05,5.6736637e-05,0.0036923373,0.00012945768,9.890789e-05,0.0006765139,0.9952597,xss
3.799268e-05,3.396443e-05,4.71051e-05,0.0043510655,0.0001077906,8.361655e-05,0.0007771151,0.9945614,xss
3.322793e-05,2.194392e-05,2.2505328e-05,0.0030046662,0.00010688743,6.740085e-05,0.00061380415,0.99612963,xss
2.0434014e-05,8.83825e-06,8.281298e-06,0.0017336218,7.1735914e-05,6.61605e-05,0.0005364196,0.9975545,xss
1.8287235e-05,8.888024e-06,8.682846e-06,0.0020573544,5.8267335e-05,6.618882e-05,0.00062197866,0.99716043,xss
2.0230904e-05,9.783641e-06,9.290124e-06,0.0023270017,5.9063816e-05,6.3550506e-05,0.0006830968,0.996828,xss
2.6189895e-05,1.16697765e-05,1.02896765e-05,0.002881024,7.6841796e-05,7.013814e-05,0.0008474148,0.9960764,xss
2.9932953e-05,1.262543e-05,1.1012538e-05,0.0028003505,9.08246e-05,7.502171e-05,0.0008588539,0.99612135,xss
3.7435348e-05,1.5886992e-05,1.2873213e-05,0.0034366352,0.00011257654,8.1716826e-05,0.0009974438,0.9953054,xss
5.0671188e-05,2.0779478e-05,1.51669365e-05,0.0043380484,0.00015226987,9.434369e-05,0.0012062305,0.99412256,xss
6.551575e-05,2.5666393e-05,1.706328e-05,0.0051034386,0.00018811141,0.00010732062,0.0013257847,0.9931672,xss
0.00010430239,3.5736583e-05,2.151837e-05,0.006375579,0.00028528488,0.00014491701,0.001531323,0.99150133,xss
0.00021936095,6.592449e-05,3.4469416e-05,0.009102666,0.00048213665,0.00020604205,0.0018532331,0.98803616,xss
0.0011077292,0.0002814439,0.00011113507,0.015930057,0.0011335344,0.00030648793,0.0027321372,0.97839737,xss
0.015230797,0.0036391567,0.001025999,0.039594285,0.004542887,0.0006222863,0.0057435306,0.929601,xss
0.12198939,0.031572785,0.006865379,0.07930966,0.01800622,0.0013915405,0.010653856,0.73021114,xss
0.31673852,0.081284605,0.013538589,0.08122628,0.05016584,0.0025164098,0.013153477,0.4413763,xss
0.47123432,0.10337939,0.01253429,0.051330548,0.13243364,0.0045658043,0.012471291,0.21205068,ddos
0.49017152,0.07791101,0.006598935,0.016736235,0.3350646,0.008497173,0.007939651,0.057080876,ddos
0.3222278,0.036581274,0.0023808775,0.0034152959,0.60814744,0.014543517,0.0035606313,0.009143193,normal
0.17401026,0.017805772,0.00092639157,0.0010349061,0.78267056,0.019526778,0.0020198897,0.002005465,normal
0.09706287,0.010727195,0.000446521,0.000540121,0.8669118,0.022119205,0.0014714606,0.0007207538,normal
0.0579408,0.007401049,0.00025732836,0.00038731412,0.90866715,0.023809632,0.0011736312,0.0003631662,normal
0.037802916,0.0058840625,0.00016740458,0.00032813786,0.9303235,0.024213037,0.0010521229,0.00022886072,normal
0.026278945,0.004952708,0.000119405675,0.00030427228,0.9428631,0.024347676,0.0009642513,0.00016964239,normal
0.020688476,0.0050017154,0.0001069327,0.0003181158,0.94878364,0.024005117,0.0009358747,0.0001600722,normal
0.019538103,0.0050714463,0.0001011877,0.00032214957,0.95292604,0.02085254,0.0010393225,0.0001491734,normal
0.020800421,0.005576221,0.0001034008,0.00033172904,0.95345277,0.018300395,0.0012950272,0.00013994558,normal
0.026172195,0.007358011,0.00012115919,0.00039207967,0.94319206,0.02091725,0.0017011879,0.00014589481,normal
0.033130046,0.0105284825,0.00014956969,0.00048057624,0.9290298,0.023556327,0.0029733302,0.00015185222,normal
0.045567565,0.017203595,0.00021942054,0.00071225566,0.8990809,0.028704328,0.0083235,0.00018842153,normal
0.070492014,0.029325204,0.00040273654,0.001155277,0.8351284,0.03296299,0.03023684,0.00029641774,normal
0.091157146,0.041512094,0.0006632747,0.0017555767,0.7165328,0.03809819,0.10980708,0.00047379374,normal
0.08956418,0.044616133,0.00088389823,0.0020002704,0.5147094,0.030383585,0.31719756,0.0006450062,normal
0.059829623,0.033846043,0.000828367,0.0015968335,0.26832774,0.01549216,0.61944747,0.0006317357,scanning
0.028732745,0.019141907,0.0005688246,0.00095877104,0.103620686,0.0055144927,0.84100384,0.0004586339,scanning
0.012816787,0.010102078,0.00035670327,0.000542064,0.037389006,0.001847698,0.93663806,0.00030757987,scanning
0.0062760315,0.00563417,0.00023511329,0.00032348468,0.014853717,0.0006911544,0.9717682,0.00021805539,scanning
0.00371278,0.0035613296,0.00017351363,0.00021443835,0.0071384427,0.00032024563,0.9847045,0.0001746765,scanning
0.00266807,0.002559251,0.00014211552,0.00015526905,0.004205439,0.00018236079,0.98993087,0.00015659253,scanning
0.0022104036,0.0020158815,0.00012373566,0.00011840994,0.002911678,0.00011917078,0.9923515,0.00014931265,scanning
0.0020173122,0.0016824111,0.000110640416,9.329804e-05,0.0022832875,8.554987e-05,0.9935807,0.00014689799,scanning
0.0019519967,0.0014451771,9.924511e-05,7.548104e-05,0.0019665102,6.65952e-05,0.99424744,0.00014762214,scanning
0.0018911068,0.0012472287,8.8065244e-05,6.278481e-05,0.0017718393,5.4944667e-05,0.9947336,0.00015034973,scanning
0.001699664,0.0010723363,7.715055e-05,5.4424116e-05,0.0015527204,4.5793528e-05,0.9953431,0.00015481781,scanning
0.0012811205,0.00096978655,7.300411e-05,6.376744e-05,0.0011498271,3.9670915e-05,0.9962591,0.00016375221,scanning
0.0013224126,0.0010198436,7.962121e-05,7.669637e-05,0.0011672437,4.8114012e-05,0.9961074,0.00017865431,scanning
0.0014491401,0.001108363,9.009215e-05,8.758996e-05,0.0012480961,6.216912e-05,0.99575055,0.00020394949,scanning
0.002133997,0.001682213,0.00014556723,0.00019812534,0.0015122963,0.00013544466,0.9939632,0.00022913699,scanning
0.0024839116,0.0021518366,0.00019339223,0.00031378752,0.0016672431,0.00020053536,0.99267673,0.0003125892,scanning
0.0032469605,0.0030628461,0.0002791842,0.00054559094,0.0020482466,0.00034560304,0.99002403,0.0004474876,scanning
0.007040541,0.0070736334,0.0007247709,0.0015642744,0.0037095083,0.0012166467,0.9780186,0.0006520801,scanning
0.012025829,0.013460426,0.0014376065,0.003668432,0.005902607,0.0030987763,0.95932066,0.0010855789,scanning
0.03026906,0.035472345,0.0043960246,0.011496902,0.0137558915,0.015009195,0.88760906,0.001991407,scanning
0.07101334,0.083994485,0.012558188,0.031942807,0.031502165,0.07401895,0.6914462,0.0035237735,scanning
0.099543415,0.11920587,0.023220222,0.075132735,0.042154722,0.31755188,0.3186025,0.00458865,scanning
0.08204019,0.09491005,0.024819143,0.07132095,0.034439977,0.6002418,0.089299984,0.0029279934,password
0.047438417,0.052333616,0.019299662,0.04475803,0.020863833,0.7930565,0.020904422,0.0013456017,password
0.025270054,0.028514907,0.015126521,0.026773484,0.012056015,0.8856565,0.005990408,0.00061209203,password
0.01473358,0.019727062,0.01465614,0.019947419,0.007867079,0.91999435,0.002715546,0.00035892185,password
0.008528665,0.016913712,0.016616076,0.024304548,0.0054940335,0.92569935,0.0021078845,0.00033572508,password
0.0060671777,0.015256687,0.018335272,0.025411436,0.00494824,0.9274951,0.0021280407,0.00035812537,password
0.004715311,0.011546785,0.0155084515,0.018922077,0.00536101,0.94157314,0.0020677184,0.00030550204,password
0.0033174844,0.007115025,0.010506409,0.010923896,0.0066243694,0.9593777,0.0018935303,0.00024156822,password
0.0021674987,0.0038267241,0.006249818,0.0054085767,0.008699771,0.9717638,0.0016824615,0.00020141574,password
0.0018566087,0.0025334551,0.004585445,0.002929914,0.012221861,0.9739612,0.0017239539,0.0001876729,password
0.0015682807,0.0019259229,0.0030792323,0.0018113019,0.0140850125,0.9755427,0.0017482528,0.0002392797,password
0.0016248338,0.002552076,0.0024714393,0.003804584,0.024308002,0.9607128,0.0037365658,0.0007896493,password
0.0019957866,0.0033901413,0.0017719013,0.008754966,0.04494805,0.9279129,0.00863202,0.002594163,password
0.002754149,0.0040379474,0.0013385197,0.014728478,0.06382492,0.8897611,0.01724693,0.006308102,password
0.0050160736,0.006696558,0.0012612073,0.024421524,0.11635602,0.7946568,0.0353221,0.01626971,password
0.010781883,0.016774908,0.0018390012,0.059618965,0.17553277,0.60982376,0.081488915,0.044139843,password
0.017802045,0.03582394,0.002883704,0.1300574,0.14947234,0.4183351,0.16628012,0.07934532,password
0.02326084,0.0669594,0.0042569283,0.2239268,0.101361394,0.21956068,0.2679478,0.092726186,scanning
0.022292046,0.08645732,0.005028924,0.29912254,0.056998614,0.10845822,0.3342679,0.08737439,scanning
0.018414522,0.09299455,0.005497072,0.33278266,0.031856656,0.05849585,0.37686506,0.08309355,scanning
0.011685647,0.08103842,0.00474216,0.34583244,0.022692394,0.038944583,0.4144398,0.08062468,scanning
0.008189096,0.06948284,0.004135881,0.35590053,0.014546263,0.023675667,0.44592676,0.07814305,scanning
0.0058668465,0.057390336,0.0036295336,0.34876505,0.010151541,0.015022787,0.4777944,0.08137941,scanning
0.0044459403,0.046973955,0.0032530888,0.33858535,0.007832774,0.008397896,0.50230896,0.08820201,scanning
0.0044827904,0.04016995,0.0034378353,0.29678565,0.0071303775,0.0042330865,0.52133864,0.122421645,scanning
0.0038262492,0.041102897,0.0044364063,0.36469907,0.005598952,0.0042301207,0.4657027,0.11040355,scanning
0.004072376,0.048656456,0.006445617,0.44502953,0.004487345,0.0043133553,0.39047194,0.096523464,mitm
0.0034049742,0.043316383,0.006477074,0.4950034,0.004053766,0.00468332,0.3523814,0.09067967,mitm
0.0022724192,0.03241792,0.004833482,0.49415806,0.0039265286,0.0055186804,0.36279756,0.09407535,mitm
0.0015155997,0.023331076,0.0035479497,0.5035503,0.003956164,0.0075052385,0.35607475,0.10051894,mitm
0.0015837617,0.025568638,0.0037472786,0.51430386,0.0041593662,0.010983991,0.31839567,0.1212574,mitm
0.0037039218,0.051702496,0.008885365,0.59136146,0.0029636393,0.011760941,0.23234451,0.097277656,mitm
0.013296158,0.15486604,0.034289356,0.6172728,0.0029748161,0.012215435,0.11348858,0.05159682,mitm
0.037350323,0.26058415,0.08396808,0.5094589,0.0026520533,0.018345049,0.0557072,0.03193424,mitm
0.055724256,0.25927767,0.1135554,0.46186635,0.003518588,0.04407168,0.03859623,0.023389805,mitm
0.06581112,0.19008745,0.13313878,0.3370324,0.005746415,0.23219958,0.021698885,0.01428541,mitm
0.04293703,0.08050851,0.09238313,0.1311908,0.0050544213,0.6364165,0.007128237,0.00438137,password
0.028589189,0.044630192,0.065569475,0.07505791,0.004436624,0.7755946,0.0040260367,0.0020959864,password
0.022632677,0.029498653,0.056330975,0.04385127,0.003796133,0.8402972,0.0023893423,0.0012037988,password
0.018801894,0.021899365,0.05011731,0.029546274,0.0035686067,0.87343377,0.0017643736,0.00086846546,password
0.015969725,0.01741721,0.043816175,0.022148132,0.0034620124,0.8950546,0.0014190486,0.0007131414,password
0.013422359,0.013533775,0.03522469,0.015527287,0.0034734262,0.9170397,0.0012050277,0.00057380286,password
0.010907755,0.009200803,0.024493985,0.009707139,0.0033871208,0.94083554,0.00097095995,0.000496592,password
0.008173898,0.0053620227,0.013884552,0.0056323707,0.003101376,0.9627156,0.000715566,0.0004146031,password
0.00471515,0.0021071776,0.0051685073,0.002253682,0.0022760185,0.9827944,0.0003693711,0.00031572027,password
0.002700513,0.0007683425,0.0018596374,0.0009064848,0.0015883136,0.9917698,0.00017312235,0.0002338234,password
0.0016768781,0.0003045439,0.0007442909,0.0003875164,0.0011788442,0.99545234,8.5134176e-05,0.00017063286,password
0.0012944227,0.0001664154,0.00040262518,0.00018892129,0.001040883,0.99674326,4.904829e-05,0.0001144711,password
0.0015547099,0.00014940345,0.0003622327,0.0001074101,0.0012330618,0.9964896,3.4001827e-05,6.953831e-05,password
0.0036879063,0.000313227,0.00083743053,8.233357e-05,0.0021879333,0.9928029,3.4178014e-05,5.4011376e-05,password
0.0058590905,0.00055169646,0.0016443,9.509842e-05,0.0023503317,0.9893908,5.0253617e-05,5.851367e-05,password
0.008640627,0.0008831685,0.002992196,0.00011121459,0.0028532234,0.98436105,8.414965e-05,7.445193e-05,password
0.013513486,0.0013358673,0.004878415,0.00012144282,0.0043382333,0.9755638,0.00014367864,0.00010493685,password
0.026362693,0.00244969,0.008919056,0.00013389917,0.0076667117,0.95401216,0.00028629327,0.00016953843,password
0.04134547,0.003314643,0.012231013,0.00014105433,0.012698068,0.9296036,0.0004462637,0.00021985768,password
0.06397864,0.004174634,0.015322584,0.00014299856,0.02078579,0.89465815,0.0006612845,0.00027592594,password
0.09737922,0.004876792,0.017563414,0.00013946676,0.033238757,0.8455352,0.0009283176,0.00033882388,password
0.14543396,0.005245943,0.018437648,0.00013101514,0.051324427,0.7777834,0.0012306119,0.00041293836,password
0.21380463,0.0051331325,0.017776238,0.00011795704,0.07553344,0.68557465,0.0015506734,0.00050927204,password
0.29586455,0.004677452,0.015486985,0.000101836355,0.1008619,0.580607,0.0017421349,0.0006580503,password
0.3897814,0.004009957,0.01247886,8.614071e-05,0.12723964,0.46370178,0.0018311858,0.000871151,password
0.4844082,0.003344114,0.009495569,7.279099e-05,0.15114504,0.3485232,0.0018107512,0.0012003238,ddos
0.5800301,0.0026217257,0.0071443846,6.0801696e-05,0.16791838,0.23874737,0.0018051657,0.0016720501,ddos
0.6512863,0.0021117928,0.005510841,5.1758852e-05,0.17479403,0.16225366,0.0017855287,0.0022060524,ddos
0.7015289,0.0017606295,0.004429648,4.5181507e-05,0.1751782,0.11252071,0.0017780056,0.0027586943,ddos
0.73997235,0.0014909866,0.0036854602,3.974548e-05,0.17057158,0.07920258,0.0018006227,0.0032367436,ddos
0.75509673,0.001390738,0.0031449373,3.66861e-05,0.17213334,0.06273833,0.001814269,0.0036449863,ddos
0.75953394,0.0013703023,0.002625417,3.5395824e-05,0.1804434,0.049736995,0.0019111652,0.004343327,ddos
0.75266284,0.0012660876,0.0018037852,3.3572614e-05,0.20300114,0.032482386,0.0024410693,0.0063091544,ddos
0.7555131,0.0012972278,0.0015316058,3.361921e-05,0.20937346,0.022844879,0.0030019907,0.006404212,ddos
0.7479044,0.0014876004,0.0019742963,4.242433e-05,0.21327321,0.024619846,0.003242941,0.0074553336,ddos
0.73264515,0.0018099303,0.00263833,5.5948763e-05,0.22423147,0.026143067,0.0036630146,0.00881309,ddos
0.70930594,0.0023109387,0.003626377,7.7847646e-05,0.24216546,0.027588861,0.0042950474,0.010629513,ddos
0.6767701,0.0030479361,0.0050370875,0.000113698814,0.26771295,0.029157287,0.0051677036,0.0129932165,ddos
0.6310007,0.004093437,0.006999777,0.00017058835,0.3044675,0.031066976,0.006263796,0.015937192,ddos
0.57258034,0.0053887623,0.009241326,0.0002578445,0.35232702,0.03364949,0.0075480756,0.019007118,ddos
0.49622005,0.006799401,0.011397059,0.00037316832,0.41786054,0.037267964,0.008721283,0.021360505,ddos
0.4002347,0.007884974,0.01258207,0.00048679727,0.5057363,0.042413265,0.009276087,0.021385748,normal
0.29121634,0.0079665,0.011789232,0.00052800897,0.6125722,0.04965379,0.008602257,0.017671553,normal
0.18266027,0.0069748797,0.009240817,0.00044849663,0.725691,0.057105444,0.006593809,0.011285215,normal
0.09807816,0.0056841043,0.006150579,0.00030713974,0.8220889,0.05805054,0.0041686916,0.0054719746,normal
0.047382183,0.0050470917,0.0038615472,0.0001975886,0.89279145,0.045978233,0.002440672,0.0023011728,normal
0.025427856,0.004420295,0.0024476333,0.00013305247,0.928748,0.035988938,0.0017051396,0.0011290138,normal
0.015880106,0.0035777024,0.0015902263,9.407597e-05,0.94590753,0.030800974,0.001447473,0.00070188544,normal
0.0109035615,0.0029137118,0.0010738109,7.184455e-05,0.95730966,0.025833823,0.0013806982,0.00051279075,normal
0.008030662,0.0025010156,0.0007784285,5.8627975e-05,0.96651614,0.02028092,0.0014184949,0.0004156315,normal
0.006408355,0.0022784937,0.0006104367,4.980968e-05,0.9737673,0.014995363,0.0015327333,0.0003574739,normal
0.005480788,0.0021906043,0.0005207247,4.353049e-05,0.9790233,0.010695297,0.001725819,0.000320037,normal
0.0049823415,0.002201315,0.0004795434,3.9169365e-05,0.98248243,0.00750409,0.0020132542,0.00029784517,normal
0.0049222447,0.002278343,0.0004546865,3.6490055e-05,0.9845132,0.005165816,0.0023447725,0.00028443063,normal
0.004959175,0.002224817,0.0004267505,3.674431e-05,0.9847009,0.005122763,0.0022486134,0.00028020446,normal
0.005111855,0.0021827824,0.00040362732,3.6914727e-05,0.9847947,0.0050577475,0.0021394605,0.00027299917,normal
0.0053646155,0.0021694144,0.00038637052,3.751672e-05,0.9847297,0.0050303875,0.0020166626,0.0002652775,normal
0.005664817,0.0021784168,0.00037296853,3.895117e-05,0.98456895,0.0050164172,0.0019009209,0.00025847924,normal
0.0059884787,0.002182644,0.00035409848,4.1067306e-05,0.9844172,0.004975957,0.0017895489,0.000251034,normal
0.006221004,0.0021787672,0.00032569474,4.4895944e-05,0.98419464,0.0051463544,0.0016431831,0.00024541508,normal
0.006404865,0.0021397227,0.00028891422,4.97411e-05,0.9841313,0.0052470635,0.0015004055,0.00023809378,normal
0.00649809,0.00207718,0.0002390946,5.6410532e-05,0.98404247,0.0055288,0.0013303763,0.0002275212,normal
0.006506627,0.0020122326,0.00018173609,6.5114e-05,0.9838207,0.0060536736,0.0011460913,0.00021382989,normal
0.006611255,0.0019928832,0.00013134145,7.5961565e-05,0.9832586,0.006743673,0.0009883969,0.00019782025,normal
0.007159594,0.002124806,0.00010213678,9.813223e-05,0.9813075,0.008086781,0.0009315843,0.00018948343,normal
0.0077786963,0.002012298,7.994543e-05,0.00010744943,0.98016787,0.008728824,0.0009578755,0.00016703343,normal
0.008370132,0.0019434396,6.963373e-05,0.00011664392,0.9788048,0.009453999,0.0010903777,0.00015085864,normal
0.008868846,0.001881787,6.310254e-05,0.00012711447,0.97747266,0.010126664,0.0013205877,0.00013918518,normal
0.0092743235,0.0018154728,5.7215042e-05,0.00014268112,0.97600454,0.0109427525,0.0016347906,0.00012818426,normal
0.009563761,0.0017756092,5.339232e-05,0.00016359256,0.97425824,0.011958328,0.0021037844,0.00012327186,normal
0.009787824,0.0017407818,4.9324375e-05,0.00019561357,0.9722144,0.013148815,0.0027429105,0.00012041593,normal
0.009904467,0.0017225757,4.6071487e-05,0.0002415318,0.9699868,0.014222694,0.0037510619,0.00012486773,normal
0.009940936,0.0017310708,4.3448246e-05,0.00030935093,0.967026,0.01548618,0.005322676,0.00014045676,normal
0.009941829,0.0017506155,4.0713378e-05,0.00042651486,0.96296126,0.01691011,0.007799532,0.00016945152,normal
0.0095918225,0.0016895216,3.889717e-05,0.0005834464,0.95788974,0.017563136,0.012409378,0.0002342102,normal
0.0093483,0.0016535607,3.735476e-05,0.0010289986,0.94584954,0.018262988,0.023433553,0.00038569697,normal
0.008911448,0.0015336304,3.667838e-05,0.0018923971,0.92075604,0.020709667,0.045463923,0.0006962594,normal
0.007900717,0.0012321989,3.5352063e-05,0.0028213249,0.8821558,0.027149217,0.077527106,0.0011782437,normal
0.00621746,0.0010663794,3.7501857e-05,0.0056807855,0.8039472,0.039473496,0.14089026,0.0026868815,normal
0.004676817,0.00100646,4.461992e-05,0.012357127,0.6799316,0.055217534,0.24022664,0.0065392647,normal
0.0035764899,0.00095104444,5.4014894e-05,0.0236264,0.531719,0.06784242,0.35855988,0.013670726,normal
0.0027594124,0.0009003534,6.6110624e-05,0.04028118,0.39314336,0.075596035,0.4610779,0.026175512,scanning
0.0022896433,0.0008885445,8.363419e-05,0.06543319,0.27434713,0.07288727,0.5354748,0.048595756,scanning
0.0021539242,0.0008582136,0.00010248209,0.087133296,0.20110396,0.064200066,0.5584862,0.085961804,scanning
0.0022944424,0.0007669876,0.000110534864,0.08367316,0.17899734,0.0536378,0.53548425,0.14503549,scanning
0.0024800622,0.00061148586,0.000101791375,0.058875103,0.18874337,0.046762194,0.5025386,0.19988737,scanning
0.0024741504,0.0005145224,8.815782e-05,0.03776184,0.21483517,0.03874115,0.44611844,0.25946653,scanning
0.0024317964,0.00046608385,7.722836e-05,0.028088056,0.23355602,0.03345739,0.39393154,0.30799186,scanning
0.002464573,0.0004379032,6.7045425e-05,0.021678649,0.26096064,0.02819893,0.3497267,0.33646554,scanning
0.002129737,0.00041287992,6.0856284e-05,0.020113192,0.2611052,0.02204452,0.2999086,0.39422503,xss
0.0018695956,0.00040846688,5.6783687e-05,0.020480627,0.25148,0.019726727,0.2659797,0.43999806,xss
0.0017273165,0.0004320831,5.57813e-05,0.021437202,0.25521326,0.018628713,0.24612515,0.45638052,xss
0.0016354986,0.000504752,6.126459e-05,0.025572,0.2504761,0.018619262,0.23491356,0.46821755,xss
0.0016126,0.0008444518,0.00010579547,0.0463157,0.19553615,0.017641705,0.21673013,0.5212134,xss
0.0026328182,0.0041242233,0.0006455756,0.15355378,0.105356716,0.015466082,0.18943965,0.5287811,xss
0.0063330564,0.019911062,0.003648423,0.34435523,0.06900426,0.014820979,0.14343463,0.39849234,xss
0.014722406,0.055222068,0.011477791,0.4808774,0.058899734,0.014107095,0.1236871,0.24100648,mitm
0.025718668,0.08264137,0.018504731,0.4867812,0.07131254,0.0156605,0.12753601,0.171845,mitm
0.03472167,0.09642907,0.023013905,0.45271152,0.09738401,0.020363444,0.12855224,0.14682409,mitm
0.052279893,0.107464,0.031993233,0.33636448,0.16028349,0.02994809,0.14552309,0.13614373,mitm
0.07462084,0.10723258,0.044880703,0.19206148,0.27053946,0.050198976,0.15325288,0.10721311,normal
0.08236462,0.097808346,0.054435518,0.12506293,0.3558434,0.0839284,0.13207513,0.06848167,normal
0.080510795,0.08913068,0.06841425,0.05875587,0.44042665,0.10787578,0.11210992,0.042776044,normal
0.071180016,0.08457685,0.08819927,0.027546884,0.48607868,0.12024076,0.0965985,0.025578953,normal
0.05979447,0.09528896,0.11826021,0.018095769,0.48677742,0.114775725,0.08990371,0.017103666,normal
0.049945224,0.11259852,0.15935133,0.013179084,0.46616316,0.09968887,0.086923614,0.012150181,normal
0.041651323,0.14284389,0.20825735,0.011919274,0.42282048,0.07857899,0.084620245,0.00930843,normal
0.034747776,0.18541445,0.25643894,0.012313413,0.36557138,0.058064047,0.08003612,0.0074138194,normal
0.029197203,0.2327066,0.2927835,0.013329223,0.3103723,0.042617425,0.07296419,0.0060295155,normal
0.024414528,0.27081984,0.31779122,0.012840291,0.27097976,0.030085899,0.0679677,0.0051007476,injection
0.02547084,0.27525604,0.33552054,0.012988183,0.25393105,0.028195018,0.063435405,0.005202936,injection
0.022336526,0.2988571,0.35668573,0.011379146,0.22297652,0.0199152,0.063013725,0.004835982,injection
0.019948628,0.31033012,0.36957678,0.01015577,0.20607248,0.015773,0.06345119,0.0046920255,injection
0.016966317,0.3088569,0.416796,0.013515014,0.16148329,0.015954062,0.06045669,0.005971796,injection
0.0155567955,0.31284115,0.41942692,0.01787448,0.13739738,0.016099557,0.07372551,0.0070782434,injection
0.016524337,0.29798684,0.43289697,0.019433783,0.13411885,0.018578768,0.07203936,0.008421187,injection
0.017556036,0.28600204,0.43908387,0.022519153,0.13528802,0.022694433,0.06696781,0.009888731,injection
0.019082526,0.27599058,0.427747,0.02457899,0.14238453,0.026682934,0.07208298,0.011450468,injection
0.021636097,0.25805587,0.41572252,0.026785063,0.15658587,0.034409102,0.07294093,0.013864552,injection
0.024901267,0.23918448,0.3895648,0.031032184,0.17281327,0.049135666,0.077686355,0.015681945,injection
0.029694464,0.2167807,0.36983562,0.032071855,0.19382818,0.078168534,0.06357096,0.016049644,injection
0.035624675,0.18337391,0.32975373,0.036366776,0.2031103,0.14600761,0.05073799,0.01502504,injection
0.040151842,0.13255398,0.2530555,0.03270202,0.18721728,0.3137732,0.030821722,0.009724457,password
0.035777792,0.07163506,0.14272237,0.021331776,0.12768532,0.583664,0.012979008,0.004204635,password
0.02542424,0.031656567,0.064384244,0.011730784,0.068782546,0.7916577,0.0047094617,0.0016545549,password
0.015891653,0.012633161,0.024880096,0.0051206825,0.03407077,0.90506566,0.0017232649,0.0006146498,password
0.010377259,0.0061467625,0.01211619,0.002839528,0.017353406,0.950169,0.0006671991,0.00033062816,password
0.0068498785,0.0031613626,0.0058261263,0.001517436,0.009790066,0.97231334,0.00034148127,0.0002002306,password
0.00555611,0.0023674932,0.003944979,0.0012066278,0.007976649,0.9784653,0.00031020358,0.00017266598,password
0.0052015674,0.0020892173,0.0031265288,0.0010475996,0.0078521585,0.98017853,0.00033916841,0.00016526975,password
0.004817203,0.0016424123,0.002240783,0.0007913653,0.00762638,0.98238945,0.00034150062,0.00015075295,password
0.00424323,0.0011219336,0.0014624019,0.00055094936,0.00690655,0.98527515,0.00030346814,0.00013627626,password
0.003841145,0.0009155324,0.0011606113,0.00046737146,0.0065196287,0.98665893,0.00030077665,0.00013597749,password
0.0042357487,0.0013155055,0.0015565739,0.000621997,0.007033212,0.98469514,0.00037037622,0.00017136429,password
0.00491594,0.0022502036,0.00247399,0.001034358,0.008310575,0.98028564,0.00048905436,0.0002401756,password
0.00592054,0.0034851462,0.0039500883,0.0016591346,0.010118415,0.9738824,0.0006653088,0.00031892594,password
0.0068085636,0.0045284256,0.005177174,0.0019433167,0.011405207,0.9690109,0.00075014046,0.00037636535,password
0.007873205,0.0045823916,0.005649761,0.0014503928,0.010729825,0.9686507,0.0006662265,0.00039754267,password
0.00702914,0.0025609566,0.0036427767,0.000727567,0.008087181,0.9771861,0.0004133422,0.0003529502,password
0.006128014,0.0012431878,0.001956497,0.00031380504,0.0053764973,0.984462,0.00021970223,0.00030027874,password
0.007126196,0.0008089327,0.0015777643,0.00019155208,0.003668554,0.9861828,0.00014529869,0.00029890507,password
0.016439868,0.0016007096,0.003573387,0.0002317281,0.0032730987,0.9743255,0.00015744811,0.0003982863,password
0.051507983,0.006656103,0.01570847,0.00054735347,0.004019035,0.92074496,0.00023692111,0.0005790823,password
0.24748853,0.05890395,0.15010458,0.0020099373,0.00507763,0.53501195,0.00048237457,0.0009210873,password
0.33796605,0.15494823,0.4066216,0.0026643937,0.0025674691,0.09424591,0.00042292982,0.00056335086,injection
0.28749487,0.18939705,0.49072182,0.0023443433,0.0015297085,0.027842369,0.00032495262,0.00034487084,injection
0.26484007,0.1800555,0.5365785,0.0019146539,0.0012406537,0.014820422,0.0002857997,0.00026443336,injection
0.25102904,0.16033107,0.57539266,0.0012937082,0.0011576434,0.010305099,0.0002663254,0.00022447495,injection
0.22686714,0.1380882,0.6244081,0.00092715636,0.0011523069,0.008104175,0.00025880648,0.0001940972,injection
0.20777915,0.116604716,0.6667656,0.00070805603,0.0011310236,0.006602657,0.0002612253,0.00014763158,injection
0.19500728,0.10628864,0.6910995,0.00064728135,0.0011021984,0.005466591,0.00026487117,0.00012364463,injection
0.18416928,0.09782866,0.71170425,0.0006319023,0.0010503662,0.0042392234,0.0002732725,0.00010306937,injection
0.17298894,0.09659383,0.72482604,0.000658807,0.001007881,0.0035501663,0.0002844699,8.997768e-05,injection
0.15997799,0.09176783,0.7437345,0.0007207246,0.00087567704,0.0025418762,0.00029956936,8.185761e-05,injection
0.1621236,0.09449791,0.73877794,0.00083467166,0.0008676072,0.0024987087,0.0003110003,8.8525514e-05,injection
0.16577183,0.098682076,0.7299444,0.0010897538,0.0011037294,0.0028968235,0.00041039012,0.00010099972,injection
0.17375326,0.09302668,0.7240213,0.0014133606,0.002224069,0.0046772407,0.0007552285,0.00012889215,injection
0.193524,0.08521282,0.7050131,0.0016392738,0.00491122,0.00813648,0.0013918123,0.00017137954,injection
0.22848837,0.08013062,0.6661326,0.0016801682,0.008944252,0.012367206,0.002041233,0.00021559719,injection
0.28039593,0.07612424,0.6071258,0.0016199806,0.014497539,0.017395768,0.0025762247,0.00026449817,injection
0.35140592,0.07070678,0.5263679,0.0015008767,0.022625702,0.024059284,0.0030093018,0.00032426463,injection
0.4401745,0.061694928,0.424746,0.0013078863,0.034905013,0.033453844,0.0033244225,0.00039337785,ddos
0.5363071,0.04860612,0.31073093,0.0010346313,0.052927926,0.046475843,0.0034548969,0.0004626561,ddos
0.6188971,0.033809155,0.2024301,0.000731217,0.0771833,0.063084625,0.003344158,0.0005203617,ddos
0.6686805,0.020997511,0.118731156,0.00046846608,0.10588375,0.08165061,0.0030240905,0.00056393794,ddos
0.68391365,0.012235051,0.065759264,0.0002850099,0.1352624,0.099325284,0.0026155268,0.0006037136,ddos
0.67809385,0.0071372082,0.03652202,0.00017540321,0.16178854,0.11339451,0.0022360145,0.0006525435,ddos
0.6655673,0.004354537,0.02116583,0.00011299912,0.18397556,0.12216413,0.0019354923,0.0007241204,ddos
0.6540178,0.0028317578,0.012984701,7.733851e-05,0.20221157,0.12532754,0.0017186607,0.00083057024,ddos
0.6460531,0.0019684855,0.008415704,5.6305373e-05,0.21756448,0.12338232,0.001572864,0.0009867451,ddos
0.6421208,0.0014577962,0.005703822,4.3394968e-05,0.23107873,0.11689378,0.0014855828,0.0012160925,ddos
0.64188987,0.0011462446,0.003974708,3.518138e-05,0.24401882,0.10591381,0.0014555468,0.0015657478,ddos
0.64373696,0.00095471623,0.0027419783,2.9864404e-05,0.2596859,0.08914716,0.0015197971,0.0021835754,ddos
0.6504022,0.00092481135,0.0019696716,3.7013302e-05,0.27333522,0.066052884,0.002127785,0.0051504215,ddos
0.65794706,0.0010544669,0.0025927126,4.8009068e-05,0.25005576,0.080337435,0.0021623631,0.005802196,ddos
0.65290505,0.0012724615,0.0034642143,6.44097e-05,0.24042538,0.092573,0.002359709,0.006935767,ddos
0.6494009,0.0015735229,0.0046841325,9.386288e-05,0.22259362,0.1111588,0.00256589,0.007929242,ddos
0.63318634,0.0020714535,0.0063794013,0.00014145208,0.21810618,0.12747139,0.002961387,0.009682375,ddos
0.6086317,0.0027933726,0.009097482,0.00022386412,0.20396547,0.16038428,0.0033995714,0.01150423,ddos
0.5734229,0.0038969868,0.012378212,0.00037130865,0.20145798,0.19029678,0.00403045,0.014145447,ddos
0.52846867,0.00546009,0.017024148,0.00062940334,0.18675658,0.24120298,0.0045794896,0.015878633,ddos
0.450469,0.0074025285,0.021898774,0.0010293175,0.17779191,0.31818688,0.0051672044,0.018054383,ddos
0.3494582,0.009106622,0.024884801,0.0015474973,0.15957524,0.43314636,0.005202378,0.017078852,password
0.22668412,0.009293482,0.023194756,0.0019236818,0.12773749,0.5943502,0.004385369,0.012430893,password
0.119888455,0.00785451,0.017717559,0.0019206553,0.08839324,0.7540516,0.0031421527,0.0070318016,password
0.05298973,0.0057283454,0.011105778,0.0016379986,0.05678638,0.86629343,0.00205334,0.0034049617,password
0.019205315,0.003716985,0.005491512,0.0012994577,0.037089836,0.93033075,0.0012765833,0.0015895762,password
0.004058213,0.0017612245,0.0015396621,0.0009191228,0.023968006,0.96626866,0.0006996324,0.0007854973,password
0.0012677192,0.0009861982,0.00045686157,0.00066422875,0.023623195,0.9720144,0.0005015119,0.00048583336,password
0.001004733,0.0009075812,0.00026051508,0.00054908794,0.033289507,0.9630625,0.00054963806,0.0003765008,password
0.0011596575,0.0011058328,0.0002190114,0.0004970158,0.047928777,0.9480306,0.00070352084,0.0003555225,password
0.0016963684,0.0015669396,0.00021393529,0.00048112057,0.07393079,0.92077565,0.00096952275,0.00036572237,password
0.0024641138,0.0024168384,0.00025571472,0.0004913147,0.0952539,0.8974961,0.0012057474,0.00041632133,password
0.0038447117,0.0034873334,0.00028474556,0.0004644094,0.11575117,0.8738441,0.001655699,0.00066777377,password
0.0043205656,0.0032681057,0.00023969046,0.0003777789,0.106825046,0.88184434,0.001756387,0.0013681522,password
0.0048638918,0.0034924985,0.00022770202,0.0004617221,0.10479117,0.8809341,0.0021502597,0.003078701,password
0.005264709,0.0037070757,0.00022078153,0.00060120074,0.09918464,0.8801762,0.0026841243,0.008161231,password
0.0062481803,0.0046872436,0.000250644,0.0010076399,0.10555592,0.8530304,0.0039704465,0.025249507,password
0.0061211926,0.005719282,0.00029953898,0.0016974746,0.0879178,0.82134795,0.0053950157,0.071501724,password
0.0062380154,0.005301072,0.00028066334,0.001931133,0.09512283,0.72823983,0.007637054,0.1552494,password
0.0055015525,0.0057012043,0.0003124018,0.0028980244,0.07150298,0.57631624,0.009449021,0.32831854,password
0.0044255913,0.0055479878,0.00032577736,0.0036808262,0.04920096,0.3791046,0.010442789,0.5472715,xss
0.0031133115,0.0039919997,0.00028804492,0.0028937825,0.025760572,0.22498754,0.00809106,0.73087376,xss
0.0022350054,0.0023794184,0.00022032425,0.0017676619,0.016097646,0.11666235,0.006595611,0.854042,xss
0.0017769529,0.0016777699,0.00018743641,0.0013972971,0.010614599,0.05927751,0.005373305,0.9196951,xss
0.0014333411,0.0009429448,0.00014212083,0.00072135415,0.0074725905,0.031348437,0.004197942,0.9537412,xss
0.00126928,0.0006154506,0.00012248343,0.0004756242,0.006184268,0.017357105,0.0037769366,0.97019887,xss
0.0011382041,0.00045016911,0.0001201259,0.00037942058,0.0050461725,0.009737318,0.0031942506,0.9799343,xss
0.0011117068,0.00039140257,0.000120679244,0.00038883174,0.0052131354,0.0072646243,0.003323137,0.98218644,xss
0.0009331337,0.00032202355,0.00011830451,0.0004001991,0.0047942377,0.005501925,0.0032647836,0.98466545,xss
0.0006196008,0.0002277981,0.000102640224,0.0003580249,0.0033561902,0.0038079524,0.0026768667,0.988851,xss
0.00042846747,0.00018573258,9.24482e-05,0.00038825787,0.0024881253,0.0028426547,0.002397632,0.9911767,xss
0.00027746148,0.00012882969,7.595358e-05,0.00034826144,0.001643427,0.0017897921,0.0018690409,0.99386734,xss
0.0002099266,9.1356014e-05,6.0935374e-05,0.00027588703,0.0011387115,0.0010433635,0.0013897008,0.9957902,xss
0.00016435709,8.5170286e-05,5.6282846e-05,0.00029212094,0.0009949541,0.00091267563,0.0013861856,0.99610823,xss
0.0001430096,8.064802e-05,5.1900905e-05,0.00030548635,0.000906935,0.0008243326,0.0013910793,0.9962966,xss
0.00012261688,6.7302266e-05,4.9756756e-05,0.0002892616,0.000721741,0.00067921693,0.0011561402,0.9969139,xss
0.000117716845,5.654799e-05,4.9154445e-05,0.00024962734,0.0005955603,0.00056403375,0.0008958257,0.9974716,xss
0.00013984545,4.6349563e-05,4.6961748e-05,0.00016713291,0.0005346633,0.00043650955,0.0005942891,0.9980343,xss
0.00017767448,3.9522412e-05,3.936097e-05,0.000118102,0.00053815666,0.0003662066,0.0004262054,0.9982949,xss
0.00020312151,3.7549595e-05,3.2240623e-05,9.9118304e-05,0.0006400961,0.0003771938,0.0003601406,0.99825054,xss
0.00027502578,3.4556106e-05,2.6877053e-05,7.26903e-05,0.000723339,0.0003489156,0.00028226915,0.9982363,xss
0.0003416973,3.3933156e-05,2.3222534e-05,6.7034816e-05,0.0007971893,0.00035582494,0.00025068354,0.9981304,xss
