cmd_emb_0,cmd_emb_1,cmd_emb_2,cmd_emb_3,cmd_emb_4,cmd_emb_5,cmd_emb_6,cmd_emb_7,cmd_emb_8,cmd_emb_9,cmd_emb_10,cmd_emb_11,cmd_emb_12,cmd_emb_13,cmd_emb_14,cmd_emb_15,cmd_emb_16,cmd_emb_17,cmd_emb_18,cmd_emb_19,cmd_emb_20,cmd_emb_21,cmd_emb_22,cmd_emb_23,cmd_emb_24,cmd_emb_25,cmd_emb_26,cmd_emb_27,cmd_emb_28,cmd_emb_29,cmd_emb_30,cmd_emb_31,cmd_emb_32,cmd_emb_33,cmd_emb_34,cmd_emb_35,cmd_emb_36,cmd_emb_37,cmd_emb_38,cmd_emb_39,cmd_emb_40,cmd_emb_41,cmd_emb_42,cmd_emb_43,cmd_emb_44,cmd_emb_45,cmd_emb_46,cmd_emb_47,cmd_emb_48,cmd_emb_49,cmd_emb_50,cmd_emb_51,cmd_emb_52,cmd_emb_53,cmd_emb_54,cmd_emb_55,cmd_emb_56,cmd_emb_57,cmd_emb_58,cmd_emb_59,cmd_emb_60,cmd_emb_61,cmd_emb_62,cmd_emb_63
-0.06775328,0.08717395,-0.018860325,-0.042163145,0.06260503,-0.072901584,-0.044626575,0.045247823,-0.059556164,0.025868839,-0.0024610825,0.03964269,0.08316111,-0.07942759,-0.015339138,0.08132517,0.050660405,-0.0045832554,-0.045609206,-0.06611954,-0.05016258,0.07044712,-0.05261394,0.019295821,0.06751123,-0.049778502,-0.09545089,-0.019755898,-0.063881904,0.009614958,0.06466432,0.07941033,0.0416809,0.021259079,-0.05566684,0.062795095,0.08936226,-0.0022343497,0.07105472,0.087582864,0.05271246,0.012482671,-0.08954996,-0.008559295,0.08907497,-0.035058152,0.013470237,-0.044009417,0.00274167,0.009472384,-0.033702344,0.07270513,-0.07437877,-0.07596107,0.058397982,-0.09525869,-0.08997832,-0.050916057,-0.016521925,-0.075457714,-0.0018308345,-0.045489598,0.0077428124,0.06928509
-0.09014206,0.052785505,0.0017583879,-0.008998392,0.016258428,-0.0448881,0.046546128,-0.09249439,-0.014818894,0.046112433,-0.041156627,-0.026987858,0.049524564,0.077704296,0.017534425,0.05419002,-0.07242867,0.070016965,0.08913172,0.0010901192,0.072385065,-0.014519957,0.046301063,0.06504481,0.0035094558,0.0034098963,-0.070647925,-0.079949364,0.06144122,0.061010916,-0.012111617,0.07423742,0.09300967,0.000455067,-0.05944582,-0.04291527,-0.016280605,-0.04598809,-0.015066292,-0.093101956,-0.004009382,0.08348031,0.060886808,0.086570434,-0.020522652,0.02621252,0.07209959,-0.012910615,-0.07158299,0.07531287,-0.0924071,0.062051475,-0.06481893,-0.07192915,-0.036088206,0.012061081,0.058709316,0.05882881,0.08799206,0.0005249467,0.08283854,0.03230761,0.089041404,0.0025242798
0.089369714,0.082609355,0.040528458,-0.09061493,0.029191881,0.006511595,-0.019819943,0.041825846,0.027155995,-0.07224559,0.08734951,-0.008029017,-0.07396913,-0.09055497,-0.05231256,-0.017921073,-0.06790634,0.017472146,-0.051220607,0.024588842,0.035283722,-0.09154407,-0.0016964157,0.055563133,0.06297875,-0.008204934,-0.0065894164,0.010640746,-0.09068063,0.0641086,-0.005950106,-0.06511761,0.008044311,0.044417854,0.07934377,0.08512489,0.015811414,0.028143344,-0.0038746602,-0.060035147,-0.032206655,-0.05517242,-0.0151341455,0.013198637,0.015002338,-0.0964966,0.04375112,-0.05912703,0.03427578,-0.045037583,0.055880357,0.0108165145,0.067945085,0.05646552,0.08591464,-0.07345703,-0.07919705,0.0105717275,0.0529386,-0.023435187,0.0065840655,0.012076097,0.023894204,-0.029150978
0.07784725,0.06865706,-0.058219098,-0.08100253,-0.015862571,-0.0023033887,-0.045206785,0.01614067,0.08550317,-0.036832184,-0.04384646,-0.014177861,0.07765413,-0.087408066,0.07351223,-0.08284607,-0.07393302,0.027220313,-0.07471006,-0.074613534,-0.051526383,0.058936458,0.0033422909,0.008562642,0.06695241,0.067496255,0.02707722,0.0004855937,0.006315809,0.030864695,0.024468401,0.08380735,0.08280108,0.02486864,-0.05780253,-0.026404157,0.011178805,-0.0012974446,0.050802547,0.02123574,-0.05152098,-0.012955548,-0.035430204,-0.068999924,0.08242376,0.05087562,0.062386777,0.0019215737,-0.073271625,0.03659285,0.0046675983,-0.028487764,-0.01926502,-0.008311557,-0.023193631,0.004971785,-0.06374875,-0.018672964,-0.014638944,-0.001862667,-0.074013814,-0.08469391,0.008475143,-0.053723417
-0.025513794,-0.014284942,0.019409114,-0.081420295,-0.036066215,-0.013865047,0.08811729,0.07435196,-0.0019037765,0.0071204654,0.03060297,0.04641732,-0.0053086183,-0.07968197,0.06942853,0.088997155,-0.071135744,-0.04314671,-0.055621367,0.050924778,-0.0727146,0.06335795,0.06606752,0.025780162,0.0504516,0.053676784,0.08211001,-0.08821383,0.07876667,-0.05969611,0.064398535,-0.077614725,0.07349695,-0.0010441476,0.0516732,-0.045221463,-0.087589614,-0.082978375,-0.09423826,0.009615814,0.029333023,0.010570547,0.04257149,-0.085951455,-0.001935973,-0.05106739,-0.047822267,-0.071613275,0.058607157,-0.054487552,-0.07046086,-0.032506198,0.036501795,-0.04721568,-0.06232552,-0.04041503,-0.011426412,0.03921248,-0.0025970899,0.08460449,-0.015039306,0.052147396,-0.030945938,-0.05759032
-0.013698397,0.05227154,-0.09018498,0.03476888,0.090146974,0.0637229,0.011483384,0.07190896,0.054236833,-0.04028328,0.0032500385,-0.09358867,0.022935202,-0.058317956,-0.04750538,0.05404405,-0.048586793,0.08827996,0.081141524,0.05050598,0.0035527674,-0.059049595,-0.0016420009,0.014553776,-0.022423467,-0.065012485,-0.039827425,-0.061172165,-0.0194016,0.0640583,-0.048640735,-0.045904525,-0.016698861,-0.05215871,0.09539576,0.062399235,0.07119913,0.08778855,0.027636405,0.028096287,0.0055103432,0.015865454,0.018071096,0.043280307,-0.05473199,-0.07037085,-0.045623235,0.034230586,-0.042716697,0.052381333,-0.08183278,-0.07143167,-0.006617902,-0.02256878,-0.06208552,-0.03817303,0.08725671,0.0692584,-0.0009679514,0.055216007,-0.07242722,0.009841575,0.0728809,0.06771086
0.06604574,0.058549467,-0.042224776,0.03474471,0.055488437,-0.01987631,-0.012171906,-0.051880326,-0.061171252,-0.07758293,0.08990943,0.045067467,0.065435074,0.025630027,0.086148866,0.033805706,-0.046910968,0.0280247,-0.07132316,0.059590973,0.02245231,0.007889259,0.030818814,0.020152109,-0.008201925,0.089108504,-0.07196414,0.008871499,0.027935676,-0.059092462,-0.008673473,-0.06416128,-0.071808346,0.015251009,0.04226556,0.0033963958,0.054943595,0.0866018,-0.054668933,-0.055710237,-0.040883675,-0.089997254,0.025632542,-0.05025237,0.07036526,0.022909777,0.08591951,-0.084326036,0.07921975,0.06274969,-0.073691376,-0.003397812,-0.059024613,-0.07755557,0.015064585,0.084468305,0.0700154,-0.037389744,0.03271312,-0.0899644,-0.03570983,-0.068830736,0.03617984,0.023394018
0.059478074,-0.056060124,0.08292161,0.064961374,-0.07738065,0.011749985,-0.048063673,-0.09059699,-0.031569954,-0.0091787,-0.048361447,-0.062444486,0.057028864,-0.05293631,0.017362658,0.03411312,-0.044374682,-0.06449001,0.063824646,0.06656375,-0.08069131,-0.031511422,0.02918991,0.041982047,0.0048281895,-0.057345048,0.016454931,-0.010056133,-0.08123894,0.07044429,-0.05581183,0.071757846,-0.04305833,0.033416357,0.037363794,-0.093023576,0.08546654,0.05536316,0.077526994,0.086386,-0.015502242,-0.03984212,0.005616728,0.073095955,-0.010332633,-0.0060490845,0.09114194,0.0859462,-0.01432969,-0.083332434,0.068508245,0.057963524,-0.0830861,0.08746506,0.011300846,-0.05236361,-0.055887952,-0.0216002,-0.05146587,0.04815093,-0.0040941997,-0.00031988742,0.04899914,0.053654242
-0.05948325,-0.015574308,-0.008733324,0.009337852,-0.05954069,-0.068144605,-0.077051334,-0.072626896,-0.03752657,0.0866732,-0.057946637,-0.030889818,-0.015698455,0.06867802,-0.06959673,-0.072891645,-0.0027611086,0.000968867,-0.050494786,0.037961308,0.06317531,-0.06062517,-0.04180304,-0.0004141557,-0.0051928903,-0.0067560505,-0.08595986,0.052473072,-0.010205897,0.02125508,-0.0741727,0.0055532306,-0.07019527,-0.07248089,-0.024526995,-0.08962016,0.019736422,0.07344484,0.05764855,-0.032372773,-0.011641681,0.05256244,0.05665163,-0.09042598,0.017108576,0.044675983,0.026945293,-0.054223742,0.07303418,-0.061596658,0.08631212,0.061855268,-0.046611834,0.0064822263,-0.07706718,-0.020528464,-0.070625834,0.004455807,-0.047243547,0.06638722,0.0383109,0.07645638,-0.0003215631,0.03243261
0.015404763,0.00024635316,0.051884696,-0.00063435844,0.083452426,0.0010245817,0.0020513893,-0.09149917,0.05853656,0.0019300553,0.006548058,-0.047329314,0.005277675,0.024976162,-0.03523788,0.0816038,0.00025506286,0.009130883,-0.00514403,-0.016237548,-0.060933392,0.09001703,0.07991977,0.0055032345,0.023164554,0.04983269,0.08215642,0.07885531,-0.08609927,0.03573283,-0.0693665,-0.017754331,0.011187385,-0.07175018,-0.037519388,-0.034717757,0.013257443,0.0775642,-0.037365332,0.00037505646,-0.072027445,0.03699719,-0.08201516,-0.043286785,0.06412788,-0.07838103,0.022236954,-0.05439082,0.02154523,-0.054805283,-0.015437226,-0.026337342,-0.06582138,0.02419767,0.04730858,0.008464863,-0.024645181,0.07258,0.010029919,-0.056067053,-0.054758396,0.056747008,0.031159805,-0.059242867
-0.010093728,-0.045693442,-0.029373415,-0.06551708,-0.036019698,-0.02332021,-0.022704287,-0.0012536474,0.04649631,-0.026311876,0.06158108,-0.029905666,0.016213333,-0.06381423,-0.037034627,-0.04327582,-0.06143081,-0.078239374,0.008905157,-0.0013777361,0.05339493,0.002952427,-0.06451648,-0.04888977,0.043351322,0.06462498,0.07258708,-0.024205888,-0.045042727,0.062642805,0.020273978,0.020355416,0.007409074,0.00012415733,0.017870305,-0.06620839,0.049980324,0.05808071,-0.04737097,-0.05248658,0.015322381,0.08470361,-0.00862423,-0.013476263,0.064686656,-0.0051050107,-0.019111114,-0.013918619,-0.03853083,0.05356051,0.05147024,0.08820918,-0.022081763,0.025386158,-0.06861724,0.03867916,-0.012272212,0.084136836,-0.030360606,0.02698957,-0.0018736068,-0.030645119,0.060253453,-0.042929742
-0.050617933,0.062825546,-0.031936236,-0.08336943,-0.028268836,-0.023430275,-0.0006219836,0.08701843,0.00073523785,0.083755076,-0.0026276375,-0.04869064,0.073359065,-0.05624821,-0.082822494,0.059915088,0.009938265,0.056230355,-0.086778946,-0.049473386,-0.01825782,0.08301605,0.00857325,-0.059725203,-0.07189262,0.05982903,0.03729154,-0.016063366,-0.0626784,-0.06494881,-0.01913381,-0.010026378,-0.091135755,0.033811484,0.0155280745,0.059354436,0.07846801,-0.006650373,0.06595575,-0.0014023859,0.08527311,-0.03838666,-0.0074344277,-0.0061576017,-0.09395647,-0.013662249,0.07476507,0.023922238,0.0398589,0.079948746,-0.04653457,0.055426832,0.08794883,0.085459165,-0.017817976,-0.07684014,0.0077693034,-0.07195584,-0.0076987166,0.0004986425,0.01799544,0.055670284,0.046700746,-0.042636078
0.03991449,-0.044715215,-0.002412472,0.039011754,0.01367044,0.08985527,0.028531238,0.091422684,-0.056141056,-0.09043312,-0.019253721,-0.009779398,-0.04775475,-0.062207807,0.049992934,-0.027388288,0.058408495,-0.08944623,-0.009498219,0.036891017,-0.022820504,0.001886529,0.09338085,-0.0064569674,0.006955843,0.038461775,0.057166506,0.002485595,-0.06491872,-0.0059337188,-0.047686175,0.04969315,0.0054050265,0.060030147,-0.06582991,0.077458516,-0.07666577,-0.012258442,0.047940295,0.04851061,-0.011519126,0.045228038,0.07402216,-0.0015207959,0.03533328,0.08593488,-0.06624336,-0.018152466,-0.063167095,-0.00018523276,0.06201288,0.048267517,-0.069052584,0.007477672,0.0020547416,-0.00091470213,-0.08496115,-0.044139683,-0.08640565,0.021563368,0.08674181,0.06564347,0.07083464,-0.029539617
-0.04498759,-0.0088655865,0.085519455,-0.009579126,-0.020182436,0.01593927,0.04784434,-0.064420186,-0.07618607,-0.07374165,0.0022542824,-0.08521748,-0.05159797,0.023866098,-0.021865416,0.0422076,0.07777414,0.014410818,-0.050488144,-0.091122955,0.044951517,0.010789327,-0.052594576,0.0141304135,0.058284823,-0.0026721717,0.010934849,-0.017820433,0.08562529,0.015624856,-0.06521986,0.09685528,-0.06308766,0.035153855,0.00079798204,-0.07342777,0.068066426,-0.0044624708,-0.002613235,-0.002057669,0.08376371,-0.014338405,0.037876744,-0.061546404,0.056250013,-0.051770356,-0.0649528,0.013030876,-0.0037009956,-0.017579969,-0.054043617,0.06816868,-0.051587407,0.022715487,-0.077605456,0.066061534,-0.08903599,0.065836795,0.051679652,0.06276336,0.04344192,-0.044260774,-0.06547726,-0.07465881
0.014023757,-0.0042182826,0.054072827,0.064223066,0.012155597,0.05153524,0.0037490812,-0.05302507,0.020043029,-0.014983934,-0.06427264,0.06607581,-0.0655704,0.05406776,0.027972218,0.073563896,0.0007711242,0.07424666,-0.00095904176,-0.01545029,0.08739677,-0.06151812,0.07964026,0.00849435,-0.029995976,0.078755416,-0.020335564,0.03385472,0.008915804,0.055020295,-0.005385159,-0.04010338,-0.016821628,0.0625658,0.08460819,-0.036643013,-0.08461184,0.04393056,-0.0744557,0.0847265,-0.0006749665,-0.07740898,0.0045376103,0.05208504,0.024099912,-0.054507904,0.070778385,0.009347941,0.0681385,-0.0823591,-0.04881665,-0.046464447,-0.062398657,0.056710806,0.013545024,0.058787707,0.021901555,-0.0618331,0.0020377117,-0.07340631,0.015749918,0.009317533,-0.07875016,0.010753582
0.050615814,-0.02090355,-0.05263003,0.015891355,0.08055484,-0.09209485,0.0134121105,0.048776917,0.0016806606,-0.005427106,-0.06352801,-0.090267755,0.05653059,-0.07597711,-0.02666761,-0.010242336,-0.0006622474,-0.010557883,-0.08393199,-0.071488485,0.08965715,-0.034519717,-0.004194775,-0.0021570795,0.03997839,-0.02737557,-0.055350024,-0.080210134,-0.075716674,0.038826644,0.030507978,0.086570404,-0.06692565,0.03670659,-0.059056513,0.06947037,0.041236408,0.059607297,-0.03719716,0.08121435,-0.04150144,0.006765554,-0.0553494,0.011937152,-0.044666346,-0.009915145,0.091848604,-0.08870357,-0.08838096,-0.01595948,0.0010002853,0.07517394,0.008134732,-0.04290877,0.07876214,0.05987929,0.022331947,0.034868695,-0.011528783,0.00020273551,0.089645475,0.014069946,-0.032377046,0.047895532
-0.048472915,-0.022355381,0.046260368,-0.047614545,0.0037596577,0.025099525,0.038761582,0.069387265,0.068736136,0.0051998524,-0.0038700216,-0.08490865,-0.07994286,-0.06728271,0.026290473,-0.08323638,0.050893832,0.0055085043,0.07357478,-0.086863235,-0.062672414,0.04316601,0.010548679,0.09266888,0.05140172,-0.046750702,-0.017073294,-0.08384019,-0.084162444,-0.016402,0.023161596,-0.06748419,-0.076163754,-0.0037070394,-0.0785085,0.07065419,0.07333314,-0.06685917,0.047963027,-0.0077152024,0.0703598,-0.0101027265,0.077387795,0.086575456,-0.027960462,0.049319003,0.088843934,0.09315561,-0.0672161,0.04661533,-0.044249758,-0.090204835,0.06486224,0.09614628,-0.049128883,-0.07440779,-0.054982044,0.0085626105,0.0025836483,-0.042853955,-0.002498183,-0.017043002,-0.033766866,-0.050233956
0.09546482,0.058421668,-0.0020161278,-0.013307052,0.002647208,0.049449816,-0.060197502,-0.041629225,-0.052125596,-0.050203193,0.09327498,0.07977357,0.010604734,0.09252488,0.031336144,-0.04402335,-0.024010623,0.051999263,0.078860536,-0.05205948,0.054189663,-0.039225947,-0.022287216,0.01310348,-0.06539987,-0.034265652,0.004112677,-0.055940174,0.013051353,-0.054137383,-0.0025887918,-0.017190628,0.026560348,0.054613534,0.004651817,0.0023390802,0.018607698,-0.048580118,-0.005729908,-0.057866305,0.051464595,0.030372703,0.013947054,0.0075648543,0.06712529,-0.0010775772,-0.04648045,-0.06630472,0.084576435,0.006142838,-0.09474461,0.0611194,-0.08840227,-0.080891274,-0.07172571,-0.046244856,0.0008661539,-0.005732227,-0.070977405,-0.059691455,0.036104187,0.056428917,-0.049171973,0.016734628
0.01791455,-0.06462482,0.07467017,0.06282753,-0.043151397,-0.02833847,0.023226716,-0.059780203,-0.073910385,-0.06535099,0.07651872,0.042829636,-0.08687566,0.037232168,-0.015251171,0.010677386,0.0046580196,0.00022441214,0.08506154,-0.013533043,0.06031385,0.060410764,-0.06772994,-0.09193579,-0.042602953,-0.07912154,-0.017015928,0.05072866,0.04038741,0.07360513,0.062137816,-0.06893382,0.010901994,0.009899905,0.0904792,0.046387076,-0.012668642,0.034436394,-0.01040098,0.018987877,0.08765008,-0.013681665,0.021310946,0.025797188,-0.025602698,0.088647135,-0.08808322,-0.07905213,0.062553376,0.07954654,-0.0855957,0.044675216,0.057057768,0.061519478,-0.06386234,0.052828245,0.0050576613,-0.08517865,-0.089670375,-0.016710553,-0.009978226,-0.06135078,-0.042173777,-0.010866939
-0.047234442,0.00923526,0.084179506,0.07214116,-0.052168343,0.010060942,-0.046941712,0.044042677,0.034802143,-0.0056578363,-0.050472267,0.06951784,0.046620477,-0.014411029,0.08219487,0.012695032,-0.014189998,-0.06503376,0.09222271,0.0034275737,-0.0033337742,-0.022119591,-0.047314446,0.061071422,0.08996669,0.070982136,-0.05703741,0.0050214464,-0.01301215,-0.038299877,0.03792024,0.08733237,0.0149095645,0.037592977,-0.08191913,0.050948594,0.072136335,-0.06331158,-0.012808244,0.06231152,-0.08164429,0.028482106,0.08323407,0.074468665,0.0025840967,0.07342172,0.06056609,-0.0037178544,-0.043870278,-0.09178101,0.058623835,-0.01015993,0.007410429,-0.09030358,-0.041380074,-0.0015477556,0.07115716,-0.068839796,0.067406476,0.041994058,-0.011512134,-0.037354328,0.08452288,0.0104793515
0.02549169,0.015827134,-0.011564389,-0.04299409,0.059180364,0.019541537,0.04964492,-0.0025496588,-0.050202746,0.056025658,0.012766115,-0.0029818495,-0.049831383,-0.08694242,-0.021431712,-0.040075306,0.05820434,0.06462317,-0.0067978418,-0.025101613,-0.006069458,0.019303294,-0.043476935,0.04391609,-0.07182276,-0.06349781,0.09028576,0.07097116,0.04807682,0.012383743,-0.0033893217,-0.07074746,-0.072958164,0.006711755,-0.07016522,0.04698831,-0.05051024,0.08212787,0.06889071,0.027909953,0.068304725,0.0028625904,0.08157264,0.0014609412,0.056396373,-0.05767417,-0.061478034,-0.073571466,0.028963968,-0.020698193,-0.035565175,0.057423983,-0.017853258,-0.0881792,-0.007289757,0.07745253,-0.060883068,-0.011783476,-0.006931878,0.017814318,-0.06403453,-0.04414825,-0.0604744,-0.00017433985
0.06453181,-0.06111067,0.07237427,-0.07218689,0.0035426533,0.021497296,-0.021192,-0.022417963,0.03725607,0.074849375,-0.06334232,0.08995369,-0.08356419,0.0667757,-0.09299703,0.04867395,-0.012371972,-0.029254261,0.07274395,0.033651225,-0.047797248,-0.0667218,-0.005585737,-0.057258062,-0.08397038,-0.008510705,-0.074972205,-0.08638901,0.07398866,0.021494074,0.082009844,0.05974796,-0.054920424,0.08233226,-0.065914035,-0.007991282,-0.05674723,0.045478553,-0.012648932,-0.025308754,0.049769472,0.056111928,0.039957277,0.039672285,0.05825523,-0.0446031,0.09272402,0.09783957,-0.08711264,0.027094407,-0.048412353,-0.04129978,-0.089412,0.0910548,0.0004929625,-0.050131217,-0.08539581,0.0083283745,-0.06401779,0.025189608,0.059230793,-0.0031420651,0.051918797,-0.06413194
-0.060709402,0.033846755,-0.01007085,-0.05406654,0.051204186,-0.010895252,0.028892968,0.01163682,0.06884003,-0.054678224,-0.032345425,0.07206943,0.014976891,-0.013307863,0.06041594,-0.08739498,-0.031487904,0.08124128,0.045069244,-0.03703464,0.052784268,-0.05570821,-0.0147993285,0.0074107144,0.058955975,-0.004986137,-0.09218236,0.054375857,-0.045668166,-0.032445565,-0.024807056,-0.06098566,-0.086077765,-0.009040934,0.07324459,-0.013250826,0.08067331,0.006858441,0.00671159,-0.061810825,0.03816399,-0.077473395,0.073493354,-0.020286705,0.043539535,-0.07989332,0.016425937,-0.03231778,-0.01379068,0.006158856,0.007741059,0.011931211,0.05455479,0.069865935,0.06813707,-0.04474324,-0.008583349,-0.06167364,0.049005773,-0.05894671,-0.053011797,0.044231895,0.010944683,-0.07791628
0.09178867,-0.06574761,-0.08232276,0.036154047,0.0106336605,-0.063644744,0.05636975,-0.0008715152,-0.044643696,0.0035759904,0.03250938,-0.0112035675,0.039492168,0.047699302,-0.086905256,0.011520758,-0.08086905,-0.06511839,-0.01306326,-0.08177276,-0.06049229,0.010167389,-0.008168229,0.0901098,0.06287796,-0.08834577,-0.09069351,0.094811276,-0.055511557,0.04552914,-0.059531774,0.07021347,0.0627414,-0.06104242,-0.060097963,0.096875295,-0.0768675,-0.08525559,-0.05737932,-0.061421704,0.009696262,0.077451155,-0.06364278,-0.018720252,-0.05389874,0.08501591,-0.0467488,0.053080738,-0.03943182,0.003342765,0.023563128,0.040777072,-0.04194156,-0.08090266,-0.0809054,0.05848219,-0.07473335,0.040067766,0.08985433,0.07973153,-0.008408889,-0.08922149,-0.073637456,-0.038171656
0.072697505,0.031155296,0.001773807,0.08287687,0.07833478,0.04271899,0.085043915,0.07609757,-0.014945818,-0.04576704,-0.009511322,-0.055181112,-0.07179782,0.05167432,-0.04961573,0.015248992,0.0659753,-0.05400301,-0.09169623,-0.027039688,-0.0831871,0.013172907,0.06798708,0.043093264,0.0032490082,0.046480287,0.056222487,-0.01638547,-0.08523287,0.0031221518,0.059401527,-0.057302948,-0.021523612,0.07958051,0.004584612,-0.01927901,0.02803124,0.07180728,0.0054598222,-0.04271812,-0.020882808,0.03078342,-0.07017241,-0.05524082,-0.009286605,0.0016909947,0.0764637,0.017178873,0.02153041,-0.008377251,0.016263112,0.003532439,-0.07497251,0.09440964,-0.03499042,-0.08077776,-0.07894933,0.08905761,0.06600243,0.07051417,-0.045883074,0.07461094,0.078999996,0.066220984
-0.07700239,0.081684776,0.082010165,0.08196747,0.007789745,0.0025080873,0.016701052,0.045357548,0.0065021487,-0.014718829,-0.012210447,-0.017459992,0.088107005,0.03187825,0.06228426,0.05407772,0.001007842,-0.04302379,-0.067792766,-0.06153019,0.019947652,-0.043391056,-0.08769581,-0.051964175,-0.07332083,0.0432386,0.001425869,0.019820815,-0.059976198,0.03438182,-0.05496985,-0.017769355,-0.024918703,-0.03344685,0.05731328,0.07028744,-0.059673592,0.08047947,0.068517886,0.08442845,0.0702328,-0.013708386,0.022295898,0.04597932,0.002877161,-0.08118137,0.0044871294,-0.07605238,-0.08507194,-0.052740138,0.019154917,0.073466554,0.00018286862,-0.088206895,0.044107765,-0.008273079,-0.088503934,0.01051598,0.056852806,-0.031889237,-0.06861107,-0.017301893,0.08898432,0.07935529
-0.012103208,-0.08784877,0.08017801,-0.067040965,0.010137216,0.012931393,-0.045973096,-0.089807265,-0.021537138,0.083180636,0.084975414,0.06679823,-0.043064415,-0.015410662,-0.051056936,0.027010178,0.0847124,0.084333934,-0.09657508,-0.054994725,-0.014733254,0.021200329,-0.03375029,-0.06876577,0.06206159,-0.06565641,-0.0054936716,-0.07337125,0.06611032,-0.034016494,0.032215275,-0.06230188,0.051941834,0.05955659,-0.030985462,-0.00783507,0.0076073827,-0.015209595,-0.056922074,0.021434734,-0.081399776,-0.090762846,-0.011959176,0.06280006,-0.023767557,0.06193491,0.05743036,0.0012831979,0.022095049,0.046454962,-0.055869758,0.06318644,0.040220838,-0.0037391032,-0.06027276,-0.056930427,-0.005188238,-0.061389644,-0.0073968996,0.060161598,0.0048738383,0.0009927483,-0.006047691,0.062074985
0.05999229,0.022924284,0.029404305,-0.05627759,0.045891438,-0.05920943,0.01408911,0.0055054426,0.007495734,0.07208594,-0.0013920746,-0.035001375,-0.051267352,0.02736486,-0.04232736,-0.05377341,0.058359586,0.016370261,0.073651366,0.053064074,0.07881512,-0.07260206,-0.020253802,-0.046947774,-0.043459218,-0.04872029,-0.0749531,-0.06314285,-0.056474894,0.031833183,0.038937874,0.057464432,0.008559474,0.06590188,0.0018161829,0.031985983,0.013236444,0.0071159564,0.027281182,0.026531985,-0.0038319307,0.0060604746,0.002485399,-0.0557238,-0.009941258,-0.028779976,-0.06656053,-0.048565146,0.08194037,0.024186762,-0.018244853,0.05376209,0.06467899,-0.07463555,-0.026431197,-0.027334694,-0.010830788,-0.03553973,-0.0127971815,0.02068626,-0.0009436457,-0.0020612243,0.014369652,0.058107194
0.047492806,0.07118497,0.08845067,0.07797142,-0.086910695,0.071740106,0.07128773,0.006696377,-0.005877976,-0.053968202,-0.09122949,-0.069329925,-0.061879426,0.05255305,0.009199324,0.03324324,0.0026093144,-0.04419448,-0.057469804,-0.047821064,0.004787406,-0.0112080835,-0.07755003,-0.005456845,-0.013819695,-0.024629733,-0.0012795646,-0.013702402,0.06186384,-0.04437348,0.065060236,0.0055428855,-0.080225594,0.04600469,-0.037537865,-0.0074150413,0.0910595,0.06623947,0.019719737,-0.0741337,0.042989876,0.01286317,0.064278215,0.041049905,0.00030269648,0.077844664,-0.085760064,0.053483874,-0.049995806,0.003669069,0.050930332,-0.08309139,0.06274061,0.01191049,-0.002867591,0.08299476,0.066446275,0.005571259,0.005185376,0.08310277,-0.07460546,0.032513175,-0.04126329,-0.09134372
0.052076954,-0.014836072,-0.06144716,-0.018549558,0.04529901,-0.072520465,0.077474274,-0.019958176,-0.009938761,0.023165328,0.060474038,-0.0053335093,0.07820637,-0.00015159018,0.084266074,-0.034009874,-0.05326608,0.08985463,0.01768373,-0.08978141,0.09092624,-0.03232744,0.0027271933,0.06781827,-0.0059786867,0.07328548,-0.023343032,0.003382656,-0.08778627,-0.0629424,-0.068927795,0.07298361,0.046706088,-0.0065870103,-0.01883861,0.09029708,-0.04613583,-0.0054985094,0.04970321,-0.059443824,-0.005824863,-0.05780022,0.03796871,-0.047145505,-0.030604463,-0.089519456,-0.048909146,-0.07810227,0.0035259898,0.0076017617,-0.07107496,-0.05764273,-0.01707926,-0.014984129,0.038599893,0.053581826,-0.0639079,-0.05753441,-0.049691238,-0.069146045,0.050894126,-0.036326528,0.051099338,0.00141245
0.015472102,0.048146576,0.07053589,0.088172026,-0.034509636,-0.00841192,-0.06058414,-0.068589285,0.057646677,0.025896976,-0.028719567,0.045811225,0.021527695,-0.003328321,-0.051273663,0.0051410142,-0.07185713,0.06381951,0.005179081,-0.057518695,-0.05839554,0.076807916,0.06707055,-0.012289486,-0.011356378,0.05902719,0.0858571,-0.08124096,-0.021928005,-0.03444061,-0.064737074,0.01290783,-0.013282534,0.0043930104,0.007020541,0.033180017,0.0009771417,-0.054241348,0.08852245,-0.08355964,0.018793331,0.026886607,0.005097613,0.0023322438,-0.06657698,-0.0342021,0.008169467,-0.08909191,0.0008137919,0.005286341,0.009503992,0.012902741,-0.08043994,-0.055317987,0.0040231696,0.0033692971,-0.047496885,0.054000698,0.004915101,0.015498665,-0.045191694,-0.082571276,0.016360402,0.06578366
0.021397224,-0.075063445,0.02574506,-0.011038731,0.0883686,0.008826773,-0.045090415,-0.01898935,-0.022107081,-0.008373542,0.011760217,0.05999435,0.058715343,-0.039861932,-0.008896554,0.03376781,-0.06629569,0.050436005,-0.054054666,0.05441372,-0.073591135,-0.08041389,0.079103895,0.058996473,-0.06540342,-0.06235733,-0.07863273,-0.067577675,0.074610345,0.01564854,-0.040427677,0.052413426,0.07947326,-0.054862786,-0.0627231,0.022888208,-0.08512295,-0.0052204267,0.013445066,-0.039177552,-0.006763537,-0.01444049,-0.03784088,0.060201056,-0.086961806,-0.044410035,0.09577919,-0.06518639,-0.017119156,-0.0019244354,-0.05720964,-0.08439855,0.086638995,-0.0693678,0.0019011208,-0.07124436,0.08840765,-0.0014269805,0.07618603,0.08695695,-0.0262265,-0.04530965,-0.009692312,-0.0543576
-0.01699396,0.08467657,-0.07651195,-0.06058553,0.070830114,-0.04824848,0.06764783,-0.00642216,0.07135684,0.09364896,0.05191786,0.06562718,0.06282634,0.040248785,0.046167564,-0.08027338,0.07831794,-0.08850955,-0.072806515,0.07384279,-0.050261304,-0.0153686255,0.007987302,0.02739007,0.07134011,-0.052196544,-0.08081884,0.045044847,-0.001619394,0.020687604,0.036589053,-0.03115291,-0.054444287,-0.072648026,0.08681851,0.061475877,-0.012230948,-0.06808918,-0.09428342,-0.071683,-0.02872948,-0.050572682,-0.039251115,-0.058484524,-0.08883199,0.0112255495,0.008225188,0.029938053,-0.0064568315,-0.09174676,0.031691693,-0.034572784,0.05809361,0.068607114,0.059716634,-0.085701,0.04981291,0.011124622,0.022821765,0.048033576,0.03971844,0.088801794,-0.07075712,0.033797342
0.056448974,0.009264619,-0.00070378976,-0.0110106,0.045404192,0.051761236,0.029122826,-0.05041513,0.08278769,-0.016128188,0.03612742,-0.009658531,-0.01586094,-0.05037873,-0.08003491,0.008509415,0.057538975,0.05034326,0.07814392,0.0047183586,0.039293423,-0.016255837,-0.056891505,0.063005984,0.06695354,-0.075975135,0.014661748,0.073069036,-0.07100947,-0.0059290114,-0.066377185,0.0040128804,-0.06460261,0.067476965,0.08297862,0.050938558,0.061235625,0.011261726,0.01736201,0.044117857,-0.07577093,0.06061539,-0.05565146,0.02077899,-0.06659347,-0.08454384,-0.016911088,0.066105515,-0.06566369,-0.014099714,-0.04840288,-0.048359104,0.041778427,0.04772861,0.07374406,-0.06205075,-0.005304778,-0.041825,0.065902196,0.062914886,0.041731767,0.0468384,-0.017889803,0.07489356
0.06913078,0.008011095,0.08303112,0.019634802,0.05768579,-0.08976116,-0.029677415,0.058077995,0.054440614,-0.04479497,-0.06941136,-0.0075556985,-0.024759749,0.08985554,0.027972914,0.07839544,0.005435567,-0.02288764,-0.032607846,0.013179924,-0.08648993,0.07562306,0.008269902,-0.09108276,-0.06666277,0.08317346,-0.014205296,0.053863324,0.07001763,-0.0028579691,0.017869467,-0.07585758,-0.015725072,0.0029861268,-0.056931157,0.06974031,-0.071341775,0.027359484,0.04108792,0.0812786,-0.053198185,0.05411305,-0.05791141,0.07668298,0.019629039,0.00679511,-0.09100693,0.0156444,0.043505512,-0.046167456,0.043058664,-0.07822158,0.009862229,0.07315068,-0.09366454,0.07614244,0.05637855,-0.07715443,-0.039976496,-0.048309844,-0.073903784,0.05542733,-0.05843746,0.004866461
-0.007768472,-0.0454862,-0.07550709,0.05946474,0.07731497,0.049516186,0.049641114,0.04892364,0.07630614,0.0122261755,-0.046831436,-0.017731538,0.01928841,0.039199382,-0.03803337,0.017579984,-0.04214704,0.052066326,-0.006894222,0.0045607383,0.07790709,-0.0026831185,0.073259585,-0.05285897,0.054633696,-0.032841753,0.07735023,-0.08137886,-0.08538224,-0.047870733,0.0070124436,0.0010161572,-0.07449814,0.012233383,0.046360463,0.0844045,-0.014436693,0.038635105,0.054504696,-0.042475782,0.0008684887,0.040874504,0.09263994,-0.07722335,0.01346956,0.060390897,-0.089279875,-0.02613292,-0.027259478,0.07439497,-0.017038241,-0.0064671966,0.077147804,-0.033816345,-0.008903341,0.06974473,0.010442836,0.0043990957,-0.0024780056,0.0069980016,0.0042401864,0.0043138913,0.07175336,0.05543245
-0.010785538,0.007851848,0.038277544,0.026786739,0.0016981293,-0.0016891521,-0.08188891,-0.06478242,-0.0036949185,-0.040122565,-0.068304196,-0.07421387,-0.06552724,0.008000887,0.019017484,0.004178018,-0.06311315,0.07882027,0.0497003,-0.014156934,-0.0817763,-0.08555649,0.02807894,-0.06180833,0.08251514,0.049029727,-0.016866082,0.01148657,-0.04469861,0.058420576,-0.031870127,-0.018939799,0.048329,0.043283515,-0.00030097598,-0.022487387,0.021428265,-0.0027086097,-0.07880177,0.0010807231,0.040441908,0.00025370432,-0.06368422,-0.010578031,-0.057297643,-0.035484232,-0.07520656,0.08264322,0.0027464686,-0.021284934,-0.007993128,-0.025662431,-0.017640486,-0.007593581,0.058868036,0.0005028022,0.004849599,-0.0023931917,-0.046960954,0.00013262016,-0.0063834563,0.01926557,-0.0022228435,0.00814725
-0.013608867,0.050690528,0.06742197,-0.07207918,0.013161402,0.013880221,-0.0037779652,0.036201883,0.03327234,0.042803217,-0.07283577,-0.06802076,-0.08553074,-0.009118077,0.040575035,-0.056394514,-0.0633731,0.048277523,-0.035264425,0.080131374,0.046879034,-0.056958582,-0.0073494925,0.009749224,0.0066370647,0.01651237,-0.010658417,0.024935506,0.07579675,0.024804587,-0.09096146,0.0016153387,0.051110078,0.08168993,0.011053184,0.056317884,-0.040211882,0.07742564,0.07002995,-0.047097784,0.06850949,-0.044424735,0.05596905,-0.05746194,-0.049797554,0.08813787,-0.009172388,-0.024626834,-0.027823282,0.06722399,-0.04441243,-0.052206796,-0.05005851,0.022818927,-0.048288547,0.05647679,0.024175763,0.0112848,-0.025074538,0.0014658034,0.06891275,-0.045124028,0.07778715,0.011311323
-0.021556808,0.06516423,-0.03143938,0.037194695,0.07283759,-0.016492987,0.06376551,0.005666488,0.093234606,-0.006739386,0.0018343466,-0.008785594,-0.037325323,-0.0156081775,0.017505,0.0547589,-0.053083178,0.035165932,-0.08388936,0.08001545,0.0072946297,-0.060008842,0.059872635,0.0059607388,0.05260844,-0.026088953,-0.007333636,0.046684388,0.0848653,-0.01657097,-0.057039797,0.06204111,-0.04221811,-0.0021113195,-0.040578675,-0.04240484,-0.011279678,-0.042853486,-0.08459986,0.06394672,-0.0011750134,-0.013239002,-0.013327736,-0.014005763,-0.053087115,-0.079470046,0.013979498,-0.060176294,-0.0049243555,0.0010312775,-0.057696387,0.082148075,0.05353957,-0.07203417,-0.08682932,0.03758712,-0.06279131,0.07827501,-0.013135938,0.03510762,-0.003777235,0.07122577,0.00601325,-0.046393365
-0.070912965,0.081166565,0.030724332,0.040341686,0.08123092,0.07961102,0.00047510746,0.027222674,0.07822775,0.011411276,0.009515113,0.010848566,0.06065603,-0.01754219,0.06151565,0.01899177,-0.089550994,0.0011218484,0.00053238496,0.08242283,0.008886346,0.00888222,0.018249786,-0.058790497,0.017827643,-0.069249645,0.04551258,-0.079402715,-0.014979396,-0.053352196,-0.072951406,0.038929168,-0.040808525,-0.093228675,-0.0060580987,0.052164603,-0.047407378,0.07567023,0.053285193,0.06796543,0.0027473574,0.031257182,-0.018596044,0.04826648,0.012964575,0.048721816,0.07791829,-0.005735209,0.050603144,0.015104313,-0.047144927,0.04052392,0.05768152,0.04874511,0.036184244,-0.04940987,-0.03057287,0.049398012,1.986284e-05,-0.056793477,-0.058438726,-0.054861464,0.029251765,0.0680074
-0.06393431,0.025127884,0.06508972,-0.032463178,-0.03514962,-0.06250676,-0.0035333855,-0.056505404,0.008064846,-0.08221016,-0.05387908,-0.012764654,0.012366252,-0.07757413,-0.06408535,-0.05053912,0.02061772,-0.0477085,-0.036379993,0.045281578,0.068942755,0.0022304999,-0.010364762,-0.070974104,-0.011309595,-0.008155915,-0.014304043,0.03942864,-0.07088816,0.08502768,-0.08189805,0.025093231,0.08472612,0.07767643,0.05003961,0.05553867,-0.04166334,-0.06924939,0.07199534,-0.0104610305,-0.049680915,0.05275205,-0.039535984,-0.013645142,-0.028472682,0.014712173,-0.012364113,-0.02026172,0.0023326562,-0.045171697,-0.00032677542,-0.038477514,0.04122051,-0.054384656,-0.07528112,0.07510155,0.05386811,0.062218107,0.04234485,-0.078011595,0.015255528,0.068984486,0.080112696,-0.0096029425
-0.05316086,0.05971161,0.06416897,0.082244396,-0.06580555,-0.08375251,0.09034761,0.03768359,0.009125904,0.017767448,-0.08119059,-0.04463725,-0.01677762,-0.049388018,-0.04092237,0.056317683,-0.027046697,-0.05108023,-0.0025195917,0.09633622,-0.013773286,0.05161645,0.026118275,-0.075496614,-0.07357852,0.01689548,0.026909063,0.088039026,-0.07188294,-0.08469349,0.01014746,0.016976386,-0.00075847807,-0.0067306617,-0.08323064,-0.00066223607,0.00976929,-0.066499,-0.04752882,-0.046732564,0.07586169,-0.0811149,0.080379725,-0.08784647,-0.005986276,-0.05015833,0.0132290395,0.023264231,0.07159604,-0.00012491163,-0.068007044,0.01488366,-0.085096516,-0.049220942,-0.068809465,-0.093600795,-0.0039443406,-0.07411676,0.06407661,0.064966604,-0.06517756,0.0254055,-0.024591777,-0.0057227653
-0.04831736,-0.030154306,0.07394687,0.07027431,0.023318654,-0.08415993,-0.0049666814,0.0069323727,0.0014146273,0.07190231,0.01964772,-0.06954093,0.0470762,-0.017260876,-0.020115227,-0.013726438,0.03797518,0.07200916,0.03497429,-0.01932131,0.049616277,0.0023905917,0.07046116,-0.08361392,-0.00076151127,-0.07572557,-0.06189789,0.07496736,-0.028348576,0.014966241,-0.07877456,-0.05185281,-0.0076331478,0.016841682,0.0065500727,-0.04285529,0.045432035,-0.047799956,0.062169015,0.034186408,0.017267581,-0.008302301,0.0895884,0.06408856,-0.035094645,-0.025570974,-0.047021363,-0.07473843,-0.016544694,0.05566508,0.015958294,0.012237936,0.07046152,-0.006941279,0.07555381,0.05132271,0.00037082686,-0.008202678,0.071026176,0.068624,-0.017176094,0.049316242,-0.06839172,0.081802204
0.053771134,0.040703475,0.027998853,-0.015234546,0.026560951,-0.032390557,0.06266521,0.012733591,-0.073123164,-0.04956678,-0.020594776,-0.033411086,-0.0131841125,-0.054551322,0.08374832,0.042847782,0.042873032,-0.07771087,-0.03352088,-0.08063231,0.087835394,0.088959076,0.07914243,-0.053028464,0.011358283,-0.0727976,0.07767363,0.026418429,0.06023431,-0.06153867,-0.0071837665,-0.0558681,0.012044138,-0.08273538,0.018871974,-0.05369711,0.0017676747,0.06768797,-0.06496781,0.06472874,0.06959001,-0.043598205,-0.045504607,0.07069742,-0.02887042,-0.026930341,0.029946504,0.0031501488,0.025590582,-0.08449042,-0.07614884,0.0029818937,-0.059800398,0.016216766,0.07299759,-0.049383022,0.0107908,0.0010034931,0.09259952,0.05061418,0.023099128,-0.04841605,0.035988986,0.006047446
0.014468899,-0.064877205,-0.027919648,-0.057627942,-0.07139786,0.033012763,0.060885347,-0.022475868,-0.057685733,-0.07051243,0.020238606,0.0848617,-0.07419728,-0.049925216,0.00822769,-0.012372582,-0.07671042,0.07962694,0.06663739,0.013953503,0.05190657,-0.048744276,-0.054882083,0.04754268,0.06706184,0.028639425,0.044648234,-0.0778714,-0.004371033,-0.0013130843,0.08584791,-0.008159664,-0.05706559,0.077590935,0.0830356,-0.08639423,-0.015145311,0.085946195,0.0804697,0.08071417,0.012017204,0.079448014,-0.07896295,-0.040125795,-0.0031232531,-0.032428086,0.013609427,0.029574586,-0.027782574,-0.028101834,-0.07715474,0.0608102,-0.071934514,0.050357096,-0.06932067,-0.03592127,0.013600845,0.038212698,-0.07314393,0.0047980016,0.017740982,0.012139881,0.02621186,-0.03274348
-0.007156002,0.046139643,-0.0775612,-0.05670942,-0.075869836,0.057628077,0.0527118,0.05477178,0.002965034,0.069440216,0.051160492,0.04435497,-0.047672838,0.086779214,0.041611776,0.096941225,0.0844234,0.08387644,0.0104172565,-0.008049824,0.014077953,0.052668106,-0.05103939,-0.0028418687,0.05455028,-0.049111802,0.05176019,0.07988976,-0.06596238,-0.061411165,-0.0603652,0.01206995,-0.028885785,0.08009723,-0.05568798,-0.051857784,0.06635587,-0.048637338,0.04133473,-0.0633202,0.01946302,-0.050530642,-0.017497428,0.030621316,0.0021668714,0.009033419,0.019158272,0.024026614,0.007199678,0.060675338,0.011289694,-0.06386282,-0.079728335,0.04791452,-0.049647532,0.086708106,-0.050890993,-0.0075352225,0.037398987,-0.029123327,0.0019292209,-0.07690542,-0.086662166,-0.0020684805
-0.07919914,-0.06089724,-0.019257644,-0.07547424,0.07765556,0.037400577,0.05333964,0.044740703,0.075761184,0.036315978,0.087989144,0.054958325,0.0040456355,0.092242226,0.08626894,0.07189324,-0.056555707,0.06691544,0.03506099,0.008903722,0.012268875,-0.04937746,0.013471193,0.06451832,-0.029832527,-0.06554048,0.08082021,0.004554944,0.06455165,-0.088036954,0.027252266,0.019116353,0.03424175,0.03920193,0.001391159,0.060828798,-0.007791665,0.09253867,-0.00018899611,-0.035716083,-0.032114126,-0.06610909,-0.054957382,0.0112977745,-0.09028503,-0.054111853,0.044813804,-0.07492008,0.03381536,0.02257326,-0.04867011,0.031198522,-0.065499395,0.0541849,0.02378687,-0.022987626,-0.031736854,0.01820012,0.0014256589,0.06663702,-0.0125979185,0.031443145,-0.078458644,0.08210544
-0.058322307,-0.0016520338,0.007664631,-0.0047961557,-0.093295306,-0.07849706,0.012572764,0.06926629,-0.014072866,-0.041156404,0.033979855,0.036490645,-0.0006567763,-0.054560535,0.04139872,0.07930595,0.026248477,0.06590577,0.07213757,-0.0031161513,-0.023558551,-0.060372956,0.0028746773,-0.006999843,-0.06835781,0.083925165,0.013078901,-0.071757294,0.015093774,-0.011691528,0.028229428,-0.007565546,-0.02713262,0.045270696,-0.061289575,0.08665694,0.035809465,0.007162333,0.061734617,-0.012525351,-0.071435854,0.09722386,-0.013712803,-0.004569475,-0.049822345,0.08138434,-0.025099488,0.02089301,0.024084602,-0.056350853,0.08493059,-0.021014107,0.0054231496,0.008143986,-0.042481042,-0.016482135,0.04856518,-0.012547053,-0.018049179,-0.08130675,-0.051974177,0.04450751,0.07081547,-0.049439665
0.028053515,0.029580925,0.08350058,0.028948355,-0.03751575,0.06568758,0.0123056425,0.018427003,-0.019511145,0.0556642,0.007785112,-0.034347776,-0.018156655,0.041397203,-0.01669624,0.002351532,0.056998666,0.06426701,0.041282956,0.019520447,0.049747318,-0.07372262,-0.023408946,0.03238658,-0.08073838,0.011185578,-0.015535716,-0.011405283,0.0047492483,0.03216627,0.021661652,-0.07413292,0.002096604,-0.038952243,-0.054062508,0.029449314,-0.05540574,-0.004121034,-0.021518052,-0.020166313,-0.025590349,0.011373255,0.049826372,-0.030878646,-0.07178741,-0.07103234,-0.014033213,-0.005414065,-0.030061733,-0.03505914,-0.02595068,0.0032511945,0.01542871,0.054640327,0.04041842,-0.027832344,0.039781667,0.007828975,-0.02306679,-0.045016438,0.0576447,-0.007981962,0.01366317,-0.06521036
-0.051191658,-0.082403965,0.036242526,-0.07275091,0.047238976,-0.027673762,0.054251578,0.006780979,0.04315468,-0.05346239,-0.069385186,0.06441536,0.007623771,-0.06948876,0.005825276,-0.0030043954,-0.0706687,0.049851414,0.05512383,0.06278858,-0.048172344,-0.064147376,-0.020585025,0.08113743,0.0765504,-0.044925757,0.066869706,0.07582946,-0.055285808,0.0038185837,0.010008274,-0.014240598,0.08928804,-0.08117881,0.03921614,-0.06882624,0.08355616,-0.07358617,0.08492126,-0.03998065,0.0047482667,-0.048616916,0.015990758,-0.038573563,-0.007012986,-0.008031117,-0.056343377,-0.06280927,-0.07796501,0.018203814,0.07802134,0.08953283,0.044932526,-0.049537607,-0.029795302,0.008107559,0.04090675,0.015863715,0.010006382,-0.01300488,0.06868203,-0.014969466,0.05499295,-0.010380966
-0.00223752,0.0059891026,-0.022503288,0.049051058,0.06895368,-0.065983534,-0.011793717,-0.013138831,0.07795646,-0.042225447,-0.057132125,0.061995715,0.0005429137,0.08716327,-0.026734538,-0.04829332,-0.012189795,0.07235615,0.04610298,-0.045669414,0.06638083,0.038338475,0.059489015,0.083122365,0.029880129,-0.05612943,0.09098646,-0.041898772,0.07894255,0.010822445,-0.07278044,-0.0712054,0.03921068,0.06767396,0.013250639,-0.09738672,0.07044799,0.02858256,-0.055644557,0.042628236,-0.0006940777,-0.02669319,0.05575151,-0.06406015,-0.05685001,-0.062522836,0.0609824,0.0067323768,-0.014242843,-0.018161047,-0.011823593,0.048967183,-0.009704179,-0.06561861,-0.029922463,-0.044672202,-0.05877854,-0.07663825,0.014273015,-0.07167142,-0.079771735,-0.03384143,-0.005495742,-0.03994257
0.0041989004,0.079038724,0.08031358,-0.022116413,-0.060199708,0.014491184,-0.08398182,-0.09342851,0.069895454,-0.014573055,-0.056350626,-0.04259966,-0.07802443,-0.020669267,0.0014303713,0.014090676,-0.07775471,-0.0022320773,-0.061126146,0.035225924,-0.05561677,-0.023288455,0.021702223,0.0034693915,0.04231365,0.005945683,-0.0019313117,-0.028529823,0.014124604,-0.03977372,-0.010185088,0.05309775,-0.002428942,0.07707845,0.07376281,-0.08397216,0.067982465,-0.06789035,-0.055713743,-0.08536127,-0.015434052,-0.012241116,-0.039060377,0.019501207,0.037330173,0.037510596,-0.016975313,0.06709957,0.049131885,0.053228185,0.077951185,0.08105239,-0.059900347,0.018404558,0.006409444,0.06972155,0.023269651,-0.06201975,-0.0030872384,0.06802008,-0.03644748,0.0899822,0.0027766607,-0.024020895
0.04073457,0.004358952,0.06868536,0.021381723,-0.039140623,0.034161206,-0.040811557,0.0031570697,-0.039729554,0.0062777386,-0.03271517,-0.0033244449,0.024523005,-0.0011572903,0.034281746,0.057505857,0.063132845,-0.07480419,0.059178513,-0.024887038,-0.004788359,0.0700597,0.05175675,0.06496404,0.010027581,0.074163735,-0.064338274,-0.019004859,0.011498788,0.014877893,-0.0657329,-0.022132482,-0.013942115,-0.048729513,0.042521417,0.016522544,0.03091596,-0.020405719,-0.039358582,0.054533374,0.005262075,0.04138309,-0.0445613,-0.031864505,0.020455167,-0.07283209,0.07768689,0.04787551,-0.0703456,0.013530629,-0.034291018,-0.024910849,-0.03439815,0.07431001,-0.029295225,0.004733227,-0.023512946,-0.053115007,0.08152579,0.05837952,-0.0059897467,0.0049844394,-0.055745196,-0.009964522
0.044782795,-0.08271315,-0.026250131,-0.08685595,0.06370931,-0.015977066,0.019305428,-0.044547174,-0.017253317,0.009086303,0.07595406,-0.03549651,-0.07394135,0.06179412,-0.050926864,-0.028251102,0.035867278,-0.07879716,-0.06272777,-0.08523323,-0.07761864,0.01643337,0.060546856,0.005061983,-0.077701986,0.058438063,-0.025574164,0.07932788,-0.06475432,0.021771057,0.047458768,0.014983795,-0.04898144,0.014915837,0.036519494,0.07501605,-0.057654027,-0.017174069,0.03522583,-0.054368332,0.03143365,-0.019775907,0.010628965,-0.021537371,0.05006058,-0.014331794,-0.068189785,0.00018985628,0.021118885,-0.007428606,0.06537933,0.020946264,0.026098387,0.023973834,0.0687514,-0.06702147,-0.060090177,-0.016108697,0.0042396057,0.070854194,-0.0042735655,-0.02424319,-0.003022759,0.07254411
0.004245957,0.053055335,0.0457308,-0.03731751,-0.054796927,0.0046105576,-0.00016911858,0.0057447026,0.010169251,-0.0464899,0.015522673,-0.04141144,0.019895062,0.08592062,0.06022709,-0.07843599,0.018098012,-0.07050543,-0.016795874,0.0414809,0.013796563,0.079036266,0.012044374,-0.0076684933,0.026180519,-0.057291247,-0.081272,-0.0016449909,-0.07127492,0.068985656,-0.044363093,0.07362026,-0.0032417842,0.016991785,0.057450995,0.0080266595,0.057818927,0.05118132,0.03523448,-0.06664794,0.008807784,-0.006926211,0.039703216,0.076160766,-0.068377644,-0.021287505,0.054445017,0.04533588,-0.07978445,-0.008809925,0.036401793,0.041226298,0.06849047,0.063194446,0.0064099245,0.054025766,0.00081057445,0.065556616,0.050459933,-0.020947773,-0.0558427,0.065397605,0.04195999,-0.027628897
-0.071699835,0.07847096,0.08218923,-0.06298244,0.06329035,-0.012288448,0.021394748,-0.08723862,-0.05646002,-0.06946546,-0.057961963,-0.0735707,-0.048202876,-0.08337674,0.006799815,-0.062255897,-0.07117699,0.06308418,0.0151138045,-0.04055455,0.019526409,0.04520619,0.028893722,0.0066127283,0.07046001,0.019236013,0.082776435,0.053947985,-0.03273685,-0.06268393,-0.005717901,0.014578577,-0.011703998,-0.03802251,-0.008730211,-0.07313261,-0.06894748,0.004590944,0.041820172,0.05060598,-0.04036601,0.06251114,-0.0597297,-0.0073299846,0.036519863,-0.072045706,0.05820109,-0.022818236,-0.08757244,0.06178559,-0.020822717,0.08229241,-0.058438115,0.048520118,-0.0847542,-0.039053813,0.09546941,0.010659465,-0.07227778,-0.04503873,-0.081660345,0.0013604198,-0.057981256,-0.035665788
0.0118377665,-0.01574091,-0.048050478,0.017672645,-0.014543371,-0.011680966,0.07736704,-0.041117046,-0.07954348,0.08248497,0.06602779,-0.013280082,-0.011984437,0.029126616,0.067484595,-0.06286953,0.054659978,-0.009482578,0.073806666,0.089130886,0.035065833,-0.058641158,-0.015331177,0.030984322,-0.08872599,0.054232627,0.06987667,0.052941725,0.08925142,-0.012997214,-0.040284805,0.030503819,-0.08257757,-0.05800544,0.013969701,-0.053574607,-0.055361178,0.028121503,-0.087263174,0.004723292,0.025925409,-0.019827116,-0.070049934,-0.012159686,0.015401875,0.057896685,0.06634599,-0.065896444,0.04546288,0.017634332,0.0038394358,0.09049893,-0.06279726,-0.06123831,-0.036168512,-0.015272791,-0.028750272,-0.073676676,-0.054326195,0.059160843,0.00501443,0.04665319,-0.0037350412,0.04044564
-0.036405187,0.06391698,-0.045291614,0.06957461,0.0039727506,0.0059589157,0.071695805,0.08315023,-0.0018533837,-0.07772377,0.06610341,-0.059345786,0.0046848077,0.0031808978,0.005140123,0.079408444,0.02806521,0.015929485,0.08093662,-0.06671836,0.06559028,-0.08408124,-0.019108426,0.07780938,-0.0009874176,-0.07994872,0.06341294,-0.034643136,0.029539037,0.07106122,0.06826414,0.021333277,0.011978405,0.04781974,-0.08517482,0.063306354,-0.0018882464,-0.040173464,0.058375232,0.07019499,-0.068976566,0.091863334,0.051309593,-0.071029216,0.053828277,0.0071855737,-0.05921694,0.008050512,-0.033908334,0.0055000186,-0.05850157,-0.029252082,0.029553775,0.03864219,0.066019565,-0.04834587,-0.038966082,-0.05766149,-0.062246833,0.05022416,0.08794163,0.019496178,-0.068854116,-0.014641047
0.070017554,-0.050687436,0.016218156,0.08205967,0.046560507,0.0007902161,0.07563678,-0.0136629045,0.0073813037,0.04595233,-0.085729785,0.09219636,-0.0038305006,-0.009265338,-0.053801015,-0.01976357,0.062705256,0.030844595,0.072623394,-0.020356376,0.049424335,0.06584001,-0.001778441,0.014590615,0.025018921,-0.08706293,0.07475976,0.08744076,0.061907712,-0.06676175,0.06789998,-0.075197764,0.009849631,0.0029464264,0.020175565,0.075853474,-0.05118581,0.024761094,0.05671321,-0.010387965,0.09694213,-0.0011654607,0.07408801,-0.042801656,-0.03268042,-0.034327127,-0.043247238,0.044735238,-0.010171864,0.01410518,0.08388716,-0.04962467,-0.08008051,0.061779395,-0.07403605,-0.08264367,-0.002875489,0.08617182,0.050528523,-0.056616794,0.0026352669,-0.08978606,0.05420032,0.06845928
-0.0041263034,0.010879775,0.07847284,-0.050795786,0.004069897,0.0345512,0.06048621,-0.034515545,-0.058203485,-0.055821795,-0.029273463,0.0192143,0.07565141,-0.03136164,0.042824022,-0.0038255346,0.07308984,-0.06652758,0.092882685,0.008116494,0.050846376,-0.0062161367,0.014647752,0.06260877,0.0690693,0.033780545,0.056970853,0.08753355,-0.043578748,-0.010607398,0.07233273,-0.05881471,0.056318447,0.01899655,-0.069201395,-0.06876542,0.057776477,-0.07680677,-0.0089850025,0.046888478,0.06823259,0.084048234,-0.07206131,-0.07482012,0.09166337,0.042801503,0.009840084,0.0064963177,-0.075081505,0.036191095,-0.035938796,-0.028085705,-0.011173479,0.08117697,-0.0036690831,-0.07339355,-0.007857308,0.011087711,-0.014512523,0.043161407,-0.058789305,-0.063921675,0.00848791,-0.052451745
-0.035513673,-0.012220804,-0.043741312,-0.01284112,0.02786227,0.08779531,0.041371725,-0.04631655,-0.07540045,-0.013134885,0.057329584,0.009505797,-0.0036714072,0.091239035,0.08139749,0.044785205,0.04031379,-0.016672626,-0.010490146,0.06248779,-0.055477455,0.075896434,-0.015430029,0.00847193,0.04257518,0.079831675,-0.07686914,0.07499873,-0.013634964,-0.04129686,-0.017254774,-0.01617088,0.032829087,0.066853456,-0.042921077,-0.038034134,-0.0044757673,-0.04265083,0.05159779,-0.023851516,0.053516936,-0.07782421,0.09489024,0.05698832,0.050885715,0.081495166,-0.007257831,-0.09033947,-0.063667476,0.041357066,0.050698318,0.07912648,-0.08209149,-0.007639155,0.08771547,0.07260954,0.057986353,0.056926142,0.009716915,-0.07971606,-0.009235984,-0.030114789,0.032527536,0.07740489
-0.021656135,0.002285539,-0.07859357,0.00739326,-0.028859507,0.009561874,0.00067748316,0.020009369,-0.060879715,-0.06711686,-0.044193085,0.062479388,-0.032394014,0.07806037,0.072197475,-0.06126961,-0.04427092,0.028971964,0.0013542991,-0.0648174,0.050473195,0.0834616,0.063395835,0.008250831,-0.055289466,-0.08588104,0.06763882,0.03895408,0.033250425,-0.07288425,-0.014118179,0.06502491,0.0271624,0.0179871,-0.06000831,0.038668104,-0.04801709,0.003397262,0.053896427,0.004265121,0.005803906,0.086347304,-0.003861348,-0.06599567,-0.0879489,-0.005045046,-0.086637706,-0.018777423,0.018427815,-0.07157669,-0.08882744,0.013285644,-0.085707255,0.053305916,-0.07049431,-0.050736934,0.04556142,0.0889609,-0.0026197038,-0.07061433,0.07734099,0.08268968,0.008395657,-0.08378418
-0.041807715,-0.0003530412,-0.060206834,-0.05212457,-0.047823116,0.055934075,-0.015429602,-0.018560946,0.054811236,0.059792794,0.08141048,-0.04636038,-0.06803088,-0.017175263,-0.052278817,0.06868787,-0.04214678,-0.08932737,-0.051364277,0.08774839,-0.02310832,-0.03791252,0.0053345105,0.0016217183,-0.020763097,-0.088906325,-0.07754697,0.012028621,-0.06998707,-0.06879269,-0.0827126,0.07799798,0.07002922,-0.034407042,0.089146405,0.0542347,-0.0051262174,0.041602254,0.057324003,0.021978024,-0.084395595,-0.041072678,0.060170617,-0.019727817,-0.0061822366,-0.0059087984,0.07054715,0.0031148072,0.00880815,-0.0440021,0.090910695,0.0150365615,-0.019694788,-0.085619606,0.007015552,0.07280987,-0.055444036,0.07680173,0.051023178,-0.0046233227,-0.039175138,0.016406035,-0.09604776,0.0035572043
0.08056122,-0.05522864,-0.01155703,-0.001379562,0.0034346199,0.026145611,-0.08012518,-0.0062472043,0.018466225,0.08267954,0.060093466,-0.01033018,0.011935304,0.09373674,-0.06681283,0.02671923,0.009725501,0.070671886,-0.047520895,0.08658355,-0.06685783,0.08053202,0.07180162,0.08575611,0.07394879,0.045757126,-0.08928079,0.07668376,-0.006284379,-0.03653838,-0.026004443,0.07699259,0.08140851,0.0125242025,-0.056720577,-0.014079116,-0.08319595,-0.05035492,-0.009046599,-0.085562125,0.05134206,-0.040927637,-0.08515847,0.084441274,0.043507833,-0.05195238,0.01681009,-0.08355469,0.0677258,0.032023262,-0.015038684,-0.075176485,0.051925972,-0.030840712,-0.018348904,-0.04587178,-0.026264831,0.021709457,0.017437195,-0.048010923,0.06523018,-0.031154627,-0.049293507,-0.0013872068
-0.046795476,-0.01531875,-0.011252299,-0.072388336,-0.0057423855,-0.01662722,-0.01957564,0.0039979843,-0.007869155,-0.017963594,0.04523922,-0.03539432,-0.026303053,0.04913768,-0.08618125,0.066016145,-0.07489248,0.02863684,0.065946616,0.027839186,-0.07850363,-0.01440901,0.0024699713,0.00213499,0.045311898,-0.08635731,0.029625831,-0.074392095,-0.042723194,0.0006703604,0.014700762,-0.0009474752,-0.05340877,0.008839937,0.00056218746,-0.054371882,0.08351193,0.03712193,0.045394395,-0.07352781,-0.028416539,0.036352817,-0.03541429,0.0057114963,0.021182086,-0.04153626,0.01710732,0.016591879,0.005506752,-0.051990423,0.053882945,-0.00088049,-0.015873928,-0.030333119,-0.039108843,-0.035401035,-0.012514244,-0.0674199,-0.054606784,-0.024210285,0.053450495,-0.04883273,0.06673463,-0.077455506
0.034485344,0.04133297,0.075525254,-0.05912225,0.030582227,-0.051023956,-0.056332793,-0.011338141,-0.055319633,-0.039419193,0.0041477797,-0.0055999234,-0.017306995,0.047506925,-0.037096463,-0.0080685895,0.037341792,-0.052427184,0.007343113,-0.015844543,0.06592414,0.019621076,-0.016314195,-0.04222783,0.07856878,-0.04246295,0.0022239985,-0.065899394,-7.011711e-05,0.007632621,0.0679734,-0.026079407,-0.0065467083,0.048241418,-0.01827957,0.014700527,-0.052738737,0.010017424,0.019301442,-0.036380775,0.0018523107,-0.0583657,0.048113145,0.012281122,-0.008713714,0.01136197,-0.05978123,-0.012230296,-0.025093805,-0.023791252,0.08335247,-0.07802658,0.04035963,0.037790697,-0.011571826,0.0016776589,0.057546854,-0.07141954,-0.030107936,0.017529093,0.017358204,0.021631593,0.06929564,0.04357108
0.01407226,-0.0055113654,-0.07196164,0.0371773,-0.01958511,0.057028573,-0.008268277,-0.0045397487,-0.023961475,0.07840742,-0.051713042,-0.036055055,-0.06940673,0.010110041,0.017350694,-0.05428214,-0.0066516,0.06840244,-0.03298415,0.022605361,0.076616615,-0.012561628,-0.0027631095,-0.015061804,-0.05102007,-0.061727375,0.0012712267,0.03125152,0.052644897,0.005072471,0.015827408,-0.009697472,0.09140551,0.05261624,-0.052474454,0.001802215,-0.0005033701,-0.07253767,0.008254956,-0.021087939,0.03922842,-0.0847453,-0.013978867,-0.00783386,0.05079085,0.009808959,0.039250467,-0.024004424,-0.011420883,-0.0473677,0.04815442,-0.009601219,-0.047500852,-0.046050284,-0.047109954,-0.0093505,-0.012451006,0.01789842,-0.042261582,0.08132993,-0.03400701,0.07829294,0.07753104,0.02947037
0.05317521,-0.0027268303,0.01237214,-0.03899807,-0.07277739,0.012247469,-0.0029153323,0.043066353,-0.025182426,-0.035196777,0.07125623,0.041262597,-0.06935034,-0.007061413,0.029829,0.02529522,0.06837161,-0.03753414,0.04148452,-0.082078144,-0.029902333,-0.046815794,-0.009523362,0.0004268932,0.0033116348,0.03871871,0.06617293,-0.053686056,0.025583616,0.07451074,0.0506056,-0.0042307028,-0.07339913,-0.0070162057,0.015740268,0.027578235,-0.069321536,-0.040565446,-0.0072903354,-0.049065705,0.035718054,0.025389807,0.006098242,-0.06525292,0.0717435,-0.031815972,0.069853105,0.046219364,0.013783755,-0.04344388,0.011993981,-0.07622091,0.062082153,-0.03572927,-0.044972725,0.056492906,0.07301672,-0.0027610166,-0.042280566,-0.03891821,0.020585403,-0.01485026,-0.046759058,0.041673884
-0.050634243,-0.079138115,0.059134077,-0.078203775,-0.043213423,0.071790576,-0.008170289,-0.044074617,-0.013283346,0.0026292386,0.021452675,-0.012992912,0.07022238,0.08385231,-0.0154390875,0.009460539,-0.043028414,0.03108043,0.027765596,-0.07229152,-0.0129070515,-0.057349652,-0.014987783,-0.05042153,-0.042592943,-0.038877998,0.06334217,0.009250842,0.074154094,-0.03588007,0.06499501,-0.013345489,0.08479843,0.08419689,-0.054643203,-0.035908792,-0.05758442,-0.008736541,0.009832649,-0.04636766,0.07817137,0.083077826,-0.0006118217,-0.034425773,0.089384474,-0.07009964,0.089339666,0.06593845,-0.017553218,-0.07433902,0.07773128,-0.008814212,-0.023009874,-0.05509837,-0.0485345,-0.06371673,0.06176352,-0.0046159294,0.028267203,0.08253952,0.022097608,-0.040021088,-0.06724703,-0.011657805
-0.0062468457,0.09286604,-0.069916494,-0.0116096875,0.047730308,-0.08943774,0.07887685,0.008102383,0.06531552,-0.0029901478,-0.08280441,0.02527886,-0.018590908,0.052163556,-0.046190467,0.018854542,-0.039641727,0.07916559,0.0075267414,0.014278907,0.08647321,-0.068019815,-0.05165642,-0.016020011,-0.0032408128,-0.0046927296,0.00045574605,-0.00531456,-0.0557069,-0.06599238,-0.040029395,0.098302856,-0.02451771,0.0046808617,0.053668436,-0.048267808,0.001067455,-0.04748357,-0.013440197,-0.011272723,0.0011051694,-0.0021023545,-0.09149458,-0.029112693,0.07202862,-0.01148465,-0.013210722,0.051248707,0.04165474,0.062068723,-0.04135915,-0.025903866,-0.0091313105,-0.038582616,-0.03332541,0.0850555,0.08256839,0.044125307,-0.046963107,-0.062136404,0.011789765,-0.045889255,0.0045976825,0.051588267
-0.028156277,-0.07179591,0.07428403,-0.044994902,0.042912252,0.044607703,-0.014749392,0.09178401,-0.059074085,0.054534223,0.051888954,-0.0034753247,-0.06204652,-0.08594675,0.008772543,-0.08099535,0.06472692,-0.024840724,0.05913699,-0.016664812,-0.07084044,0.05450772,-0.0004910658,-0.034749024,-0.08745233,0.06279427,-0.060496658,0.0055072983,-0.07472593,0.040088564,0.011030519,-0.08560992,0.06728703,0.009765227,0.04926921,0.04036393,-0.06827896,-0.0708229,0.045823004,0.04615628,-0.08746757,0.0015893524,0.06865843,0.062010515,0.07292406,-0.07092052,-0.07320927,-0.04927496,0.04380766,-0.027059749,0.041371085,0.07969467,-0.08918646,0.05312803,0.008337214,-0.010550449,0.045617152,-0.08351,0.025211195,0.030159688,0.07265198,0.08334957,0.027737793,-0.07330971
0.049363986,0.006497167,-0.085559756,-0.011330018,0.083571516,0.08700932,-0.06913766,0.00023112106,-0.018943913,-0.029626712,-0.07962632,0.021208983,0.0020528976,-0.07493426,-0.03259176,0.034948207,-0.084026106,-0.054480962,-0.023276638,0.01172809,-0.07187042,0.051094793,0.0066750743,-0.0431821,-0.01767018,-0.008089926,-0.09589435,0.012940657,-0.033254396,-0.023340322,0.080565654,-0.059023403,0.021620091,-0.009161875,0.004017012,0.020195868,-0.05054713,0.08735341,7.229872e-05,-0.06539202,-0.088847086,-0.09010479,-0.026812626,0.05468067,-0.076159045,0.06299179,-0.07633002,-0.011125188,0.05635977,0.08427537,-0.045744255,0.004542422,-0.04753768,-0.073395886,0.0010824016,-0.050984133,-0.022359144,0.0038554785,0.053039916,-0.048206,-0.025178974,0.073973,-0.08172174,-0.06499216
0.005191235,-0.06561885,-0.045346018,-0.008683103,-0.06879882,-0.052204665,-0.04992808,-0.004543908,0.05618993,-0.036993615,0.014257559,0.042803824,-0.07867308,0.006941093,-0.01584951,0.0030920303,0.06487017,0.0577229,0.0069460557,0.017255168,0.07643636,0.07198118,0.07368498,0.06331699,0.020215865,-0.092682175,-0.060061824,0.022969976,-0.062008902,0.015666537,-0.017729566,0.05749491,-0.023912359,0.0010374985,-0.004461665,0.07827488,0.05327101,-0.0024910155,0.03916586,0.079564154,0.041561045,0.059841514,-0.004692043,0.080936775,0.027917955,-0.017899463,0.08758567,-0.05103457,0.081017815,-0.05588004,0.017886007,0.047366094,0.024804253,-0.027189683,0.03458218,-0.07707302,0.084971346,0.08775005,-0.045214083,-0.026443921,0.05912506,0.043198388,0.0523647,0.06640323
0.045366596,0.055557184,-0.087096564,0.08299205,-0.055684693,0.07094067,-0.031547096,-0.07100856,0.06429789,0.036225263,-0.009398466,0.080257,-0.048570093,0.0046076695,-0.022543298,0.057172555,-0.07457908,0.058640752,-0.012071312,0.027563067,-0.029020399,0.053315558,0.049964543,0.043422043,0.05400406,0.04221827,0.07977492,-0.065564364,-0.05566454,0.07024462,0.07424932,-0.07773661,-0.05927334,-0.044279918,-0.06211826,0.055610728,0.06483057,-0.07562115,0.014760535,0.0053232308,0.050397713,0.0012225121,-0.053723995,0.030554386,0.054549657,0.068111435,-0.014069411,0.08180146,-0.07324629,-0.029189024,0.03292809,-0.06018294,0.08813582,-0.08218431,0.04873924,-0.0025363252,0.021871049,0.01624932,-0.0001448765,-0.037792116,0.08801514,0.016677476,0.0108727645,0.046864837
0.0077266274,-0.050746117,-0.087950535,-0.02080049,0.057532746,0.015355582,-0.0064926636,-0.00039859785,-0.022660458,-0.067729495,0.08807764,0.027056506,-0.054810263,-0.06658376,0.08742619,0.068574496,0.038277626,0.08640323,0.05831273,0.053019814,-0.038688656,-0.014694842,-0.06392682,0.04739266,-0.08260496,0.032121867,-0.03234907,0.048289437,0.063916326,0.01039433,-0.001492237,0.0350239,-0.052040156,-0.022898495,0.052310884,-0.063956395,0.040602833,-0.012117168,0.052910097,-0.035847325,-0.04820582,-0.019661408,-0.06496943,0.013953709,-0.074360296,-0.075409934,-0.07083035,0.023684204,-0.053939495,0.07493489,0.056501083,0.018691588,0.057195496,0.0375308,-0.0235656,-0.011683283,0.07620658,-0.016997155,0.032608178,0.069109246,0.008209646,0.0022183734,0.08013607,-0.0014466927
0.041697547,-0.02676494,0.023236696,-0.079694495,-0.10046075,-0.014136253,-0.06746728,0.054790255,0.002551196,-0.007985037,-0.0692551,-0.0667168,-0.048723266,0.014202489,-0.07631221,0.01009085,-0.0014668697,0.041547548,-0.0073904153,-0.049835943,0.04921908,0.055664677,-0.06268924,-0.07402251,0.0019289079,-0.012203509,-0.046354823,-0.07003456,-0.013280813,0.027154574,-0.087428354,-0.0046244953,0.0006806484,0.07827216,-0.026363939,-0.08228103,0.02722768,0.041234065,-0.04657827,0.071175694,-0.06270541,-0.050940692,-0.06737213,-0.047948737,0.091436364,-0.0137786735,0.0925723,0.03176837,0.037693392,0.085813835,0.0126692895,0.06946631,0.05057239,-0.052964397,0.041881677,-0.04406114,-0.014743347,0.003928267,-0.031839464,0.0006410094,0.083015226,-0.019279351,0.011743106,-0.0025172161
-0.004901426,0.026160752,0.044875525,0.060609814,-0.017972734,-0.06472558,-0.029919345,0.07997521,-0.01916577,-0.052607838,-0.07699927,-0.05722281,0.080561355,0.07244474,0.08704849,0.009594131,0.016506067,-0.086536266,-0.04972167,0.011028269,0.09033145,-0.06489458,-0.0716162,0.06569332,-0.001576751,0.082413085,0.040649854,0.027421314,0.026428225,0.0086693065,0.023747448,-0.08431717,0.042541485,-0.030122744,0.00021626838,0.036575034,-0.048235003,-0.06542998,0.053073943,0.01822109,0.012827183,0.07172229,-0.06776945,0.01285838,0.08919012,0.028406056,0.085079364,0.07659561,0.039930712,-0.0029971665,0.011374844,-0.004553934,-0.03988815,-0.015903061,-0.044400927,0.012444701,0.018125411,-0.01667762,0.039423354,-0.004310611,-0.013312482,-0.0137098795,-0.09065366,-0.01025879
-0.06640207,-0.07885848,0.068662494,-0.0028178908,-0.08544039,-0.06411982,0.05242862,0.09026827,0.07552808,-0.041606337,0.05735518,0.089107566,0.07005644,0.08681718,0.0011877656,-0.049979962,0.014073753,0.032946575,-0.05052547,-0.08005081,0.08418346,-0.04578271,0.049839865,0.020493774,-0.012655094,0.012000577,-0.05774617,-0.05409056,0.02557115,0.08574868,0.049966067,-0.049973264,-0.0518481,-0.036442358,-0.027595945,-0.06394692,-0.047679637,-0.07857352,0.079955906,0.035460316,-0.08576103,0.049299505,-0.07188076,-0.040739093,-0.06412411,-0.030555973,-0.0024383075,0.04368148,0.045938525,-0.021940233,0.063320175,0.06836708,0.0031206429,0.081299745,0.097019635,0.0069726184,0.06981173,-0.07768194,-0.073235944,0.050961435,-0.089123406,-0.016145352,-0.07279856,-0.0077569853
-0.049679726,0.07539503,0.029669045,0.004759636,0.024559129,-0.0012961492,0.06641703,-0.083908334,-0.032247216,0.0047064587,0.052048486,0.07240353,-0.009038182,0.06892613,0.0077999174,-0.03642954,-0.008512752,-0.07210647,-0.023371033,0.027353257,-0.018228924,0.05003457,0.003648878,-0.0524523,-0.075441636,-0.008020865,0.056210298,0.0594579,0.0005632325,0.043210544,-0.04574649,-0.03906369,-0.08363371,-0.02793177,-0.092807665,-0.069074646,-0.017032968,0.082115464,0.07075216,-0.042717125,0.02982208,0.06660695,-0.07067462,0.06689016,0.08834902,0.06220602,0.046637658,-0.003417026,0.0644177,0.015529051,-0.081448466,-0.06414821,0.060223963,0.07946654,0.06364545,-0.083777055,-0.008653054,0.09049925,0.01467418,-0.08448798,-0.08718965,0.02260733,-0.06885789,-0.07179995
-0.0015169764,0.0822544,0.07690611,-0.017233228,-0.093421385,0.049428757,-0.08260962,0.062483512,-0.010830098,0.0006217493,-0.08640485,-0.048470553,0.050609678,0.0835778,0.07462548,0.048936423,0.051890507,-0.08058669,-0.07511969,0.040604565,0.015901223,-0.06429637,0.08362879,0.016859464,0.01852259,0.06758566,-0.08220571,-0.048850566,-0.057570077,-0.059521947,0.022103535,-0.07971401,0.042621456,0.02644615,0.0058958502,-0.08728711,0.008950283,0.018999323,0.07382718,0.08225572,-0.00033745682,-0.05832642,0.0599319,0.052603938,0.055773668,0.028496021,0.045837294,-0.08738016,0.06208634,0.011147418,-0.009152664,0.054971937,0.00249318,-0.025540255,-0.07146375,-0.08877747,-0.006566076,0.023372537,-0.04448757,0.052845675,-0.08657571,0.022625111,-0.04704499,-0.04865317
-0.034756303,0.069853425,0.04687344,-0.054004874,-0.0026959388,0.058603663,-0.07205978,0.054320935,-0.02326543,0.07610403,-0.0023743662,0.067642875,-0.08593462,0.056944784,-0.058832575,0.020484686,0.008995605,0.090654776,0.07709196,0.09278789,-0.014238636,0.09104204,-0.072071366,0.065550305,-0.054513555,0.057961155,0.054075405,-0.028924821,-0.028701019,0.054153904,-0.07012653,-0.046492413,0.090024844,-0.048096012,0.0057625966,0.009856917,0.010603753,-0.0026574244,-0.03804645,0.06013156,0.08853714,0.078559846,-0.009927205,0.058759827,-0.04239553,0.093784615,-0.0499561,0.025634829,-0.09526322,0.06483308,-0.04977309,0.07420113,-0.06306821,0.06838821,0.046870798,0.0444658,0.014828099,0.011290663,0.020123677,0.092117235,0.07200733,0.07838263,-0.012514127,0.0778064
-0.043383826,0.08283123,-0.070592195,0.020505657,0.08060894,-0.053133946,0.028628122,0.059021212,-0.060607947,0.0018241756,0.05586414,0.009691226,0.062744595,0.0952179,-0.0554508,-0.01779746,0.021043658,0.009516529,0.06510798,0.04106656,-0.0027599167,-0.07302734,0.06505295,0.06984678,0.069089346,0.013474358,-0.0015132104,0.018510554,0.0041981414,0.08700117,0.006044381,0.0057525234,0.07058113,-0.050618146,0.08913259,-0.034600962,0.06397902,-0.0610377,-0.06997939,-0.06912622,0.0040744543,0.03838583,-0.0064758607,0.072265506,-0.029464915,-0.026947686,-0.094342574,0.08368071,0.082938775,0.08695438,0.001565658,0.042367175,-0.028438821,0.06861104,-0.0044148453,-0.04573386,0.021549882,0.054371692,-0.08793399,-0.04565515,-0.044996087,-0.0054470976,-0.06591056,-0.07274643
0.075857036,-0.066077635,0.0009780447,0.056284085,-0.055980746,-0.075231254,0.05772628,-0.07100123,0.07771897,-0.042012546,0.01639006,0.06017645,0.013603803,0.014393778,-0.07278854,0.010762872,-0.015046332,0.05901591,0.06005719,-0.031852167,-0.08480372,0.084513165,-0.026108157,-0.029356038,-0.008349841,-0.080685,-0.006986897,-0.057925902,0.06115594,-0.008765361,0.05319658,0.03638612,-0.06937204,-0.013252465,0.009450538,-0.0033578216,-0.07360487,0.053309284,-0.002141872,0.057439823,-0.08958996,0.004186976,0.039239757,0.046026345,-0.006489919,-0.013121161,-0.023862796,-0.08584181,-0.06349765,0.061441086,0.0389451,-0.06604305,-0.05421949,-0.017801229,0.022178078,-0.059791468,-0.00485272,0.009242088,0.015215821,-0.039881725,-0.005162423,-0.040073935,0.005965631,0.05800197
-0.0588629,-0.018010551,-0.016041877,0.06984757,-0.049492124,0.07062442,0.023321707,0.05701251,0.0035485534,-0.0056224447,0.06791381,-0.036421306,-0.08344819,0.057181798,0.055291697,0.026387753,0.058936626,0.037438326,0.016585847,-0.06921978,0.009638308,0.037435606,0.001941717,-0.007968433,0.06558887,-0.006261168,0.07868933,-0.03134119,0.067917205,-0.03470239,0.0021225414,0.054513913,0.06883005,-0.019003678,-0.02405159,-0.015827052,0.014931271,0.0037289942,-0.041691784,-0.017400447,0.05001623,-0.03270543,0.05165918,0.037293665,-0.010827582,0.055201765,0.04508769,0.006127642,-0.06511679,0.071302004,-0.061976284,-0.058168,-0.065044515,0.06469896,-0.035643585,0.0043446585,-0.0142731555,-0.085583925,0.012179364,-0.058873657,-0.04719997,-0.07649609,-0.044132724,-0.03932144
-0.032534238,-0.019780895,0.053106394,-0.030319536,-0.03515377,-0.040528692,0.06357625,-0.079112984,-0.06290586,-0.07000747,0.053602397,-0.0799268,0.020986872,-0.02975579,0.083927505,-0.002058871,0.08852057,-0.010960686,-0.0068632485,-0.046493348,0.091775864,0.02164611,0.026064167,-0.009711473,0.022823464,-0.04451654,-0.02376332,-0.021264201,0.092069186,-0.07806359,-0.0016189076,-0.06837594,-0.064621784,-0.043723185,0.0051701902,0.045627978,-0.054636534,-0.05902137,0.08278012,-0.006428059,-0.014931552,-0.07851464,0.05006392,0.08594465,0.040993743,-0.043364942,0.08232941,-0.09018605,-0.00811314,-0.012838808,0.06177206,-0.054316938,-0.005345539,0.0052345744,0.0030161818,-0.07694988,0.0077907653,0.00600071,0.05216825,0.067332454,0.049043454,-0.042087127,0.05305919,0.07925061
-0.0592032,0.07068042,0.05393357,0.017518347,-0.07567609,-0.071629904,0.03225033,0.025538264,0.004946975,0.05143888,-0.090106055,-0.054362614,-0.09212282,0.0893658,0.055867344,0.08992058,-0.060922317,-0.02554092,0.06774,-0.0045195958,0.063791685,0.040432725,-0.013132778,0.07337383,-0.05670966,-0.016876005,-0.044608615,-0.056117695,-0.054872956,-0.016085211,-0.043526746,-0.0761597,0.027406074,0.033422317,0.07392208,-0.091016,-0.078914136,-0.07046299,0.072053164,0.003114304,-0.06607767,-0.03577952,0.082311586,-0.02160518,-0.038349256,-0.051957034,0.0064947624,-0.050676066,0.035683636,0.045885034,0.076755,-0.049519625,-0.07465696,-0.087301604,0.05341533,-0.09392002,0.005515138,0.07909191,0.04568842,-0.02938526,-0.04673491,-0.08566332,0.09652037,0.010186809
0.05715671,-0.08591537,-0.030210242,-0.04207176,-0.080237366,0.007133299,-0.06310617,0.077714585,-0.017875183,-0.04594108,0.016395923,0.06803539,0.048847113,-0.07738066,0.048346926,-0.08869491,0.033763673,0.01679124,0.026823863,-0.010452633,0.013872748,0.003468441,0.044672467,0.069790944,0.08792596,-0.076138906,-0.08059025,-0.08195834,-0.048884533,0.06103848,-0.07527179,0.05733542,-0.08244774,-0.0024513325,-0.0145439785,0.036667734,0.08384753,0.02646551,0.036766343,-0.020750742,0.041690208,-0.008387049,0.026466694,0.025639085,0.0026568554,-0.028888263,-0.010537562,0.030328257,-0.0355881,-0.0043078265,0.06491126,-0.024836482,0.0009080735,0.05847572,0.060660366,0.06285209,-0.06863749,0.013004728,0.060291722,-0.07084039,0.013171814,0.071606316,-0.0025618526,0.071578875
-0.038106363,0.011129044,-0.08083615,0.005319395,-0.0829522,0.03134204,0.0046061175,-0.008002657,0.040817678,0.0067956243,-0.010841469,-0.08040206,0.050534725,-0.0005698105,-0.088951215,-0.06528031,0.051556524,-0.009271022,-0.05303824,-0.07414288,-0.015999148,-0.03261989,0.07723096,0.061327133,-0.06068251,-0.044129055,-0.04313441,-0.028924752,0.054980487,0.04723307,-0.0062114378,-0.006157449,-0.0076245717,0.062226843,-0.021114217,0.07339371,0.07966769,0.018965134,0.055675004,-0.05082398,-0.03632666,-0.057309087,0.09107741,0.025134714,0.043119144,-0.06706788,-0.0075191376,0.061956152,0.057863064,-0.07433491,0.06193048,-0.070859,-0.016797094,0.08741092,-0.026030615,-0.04589151,0.06253026,-0.0843629,0.053445105,-0.006271958,-0.001729173,0.06817717,-0.032981165,-0.02568689
-0.081072606,-0.024278054,-0.08761403,-0.032965116,-0.055503245,8.175697e-05,-0.0839108,0.015158603,-0.07325502,-0.07410674,-0.008428132,0.029195227,-0.061932568,-0.05760232,-0.08244433,0.06658651,-0.014057555,0.06920889,-0.010687811,0.04278173,-0.056473374,-0.080492996,0.047007278,-0.06348091,-0.048047725,-0.018327307,-0.037356254,0.065123506,-0.06414334,-0.012824624,-0.0049541513,-0.065460786,-0.01812349,0.088005535,0.011673612,-0.013460462,-0.0144657735,0.0430924,-0.03548794,0.004653419,0.03267319,0.026011039,-0.017885873,-0.03389493,0.01382728,-0.06980444,-0.07726173,0.075512655,-0.06815919,-0.038694534,0.047701187,0.0074317884,-0.025792642,-0.034669004,-0.0034338203,0.050585665,-0.012706495,-0.039877396,0.07038582,0.061137475,0.002551769,-0.0658188,0.00066615036,-0.008489804
-0.009462599,0.0049526067,0.046174828,-0.030021971,0.07218283,-0.03485938,-0.08457464,-0.08165714,-0.0492248,-0.032444973,0.07951073,0.078144856,0.020068243,-0.04835619,-0.0898155,-0.025483659,-0.010026139,0.0074901874,0.016197735,-0.06381983,-0.005082367,-0.089206755,0.032719538,0.03188023,-0.061239183,-0.03993496,-0.0142123075,0.0025238062,0.066355124,0.048205752,0.02973539,-0.004440043,-0.017277744,0.0848896,-0.031105928,-0.06506766,-0.0036329764,-0.0044633015,0.025687173,-0.09515487,-0.07028279,-0.077666566,0.038764317,0.08015143,0.042074513,0.05585459,-0.08225824,0.016282067,-0.015893701,-0.07248509,0.07076734,-0.0140275685,0.03907052,-0.062221617,-0.08948802,0.076926276,0.07181052,0.0037103035,-0.03166419,-0.05545635,0.08264697,-0.07666182,0.073381275,0.07870824
-0.060240157,0.062965624,0.013025988,-0.07337966,-0.07596708,0.058140617,0.05187568,-0.005806636,-0.066563986,0.023258714,-0.08767795,0.082479216,-0.01645851,-0.0674096,0.056268886,-0.06428335,0.068800695,-0.059314527,-0.011834757,0.0073678354,-0.0013153146,-0.045606572,-0.046851255,0.039953645,-0.008959313,0.012602548,-0.021431522,0.020045392,0.028277421,-0.046962995,-0.000928638,0.06723065,0.019402092,0.06155919,0.009848305,0.044492174,-0.0022722622,-0.0752917,0.009302191,-0.022739273,0.060038306,0.018780159,-0.026458938,-0.07320235,-0.04629479,-0.03631318,-0.002128479,0.08500351,0.06129936,-0.063820675,0.05869327,-0.06878981,0.03458312,0.0051584602,0.050507035,0.06897702,-0.06789989,0.015775707,-0.05090867,-0.059042424,-0.050745435,0.07965149,0.06413448,-0.020505724
0.05902896,0.07993464,0.004074582,-0.050051402,-0.049979035,-0.05290046,-0.055155203,-0.035389114,-0.006757224,-0.009594248,-0.017651044,0.011792814,-0.0534027,-0.002099689,-0.0014764661,0.005786965,0.0031887065,-0.05704256,-0.04751164,0.08167872,-0.043951564,0.014131217,-0.01639181,-0.01237013,-0.07351494,-0.0005922895,-0.046183895,-0.009893423,-0.01551695,-0.07597874,0.0149816,0.018234406,0.07861766,0.035910558,0.061893594,-0.037464857,-0.061065335,-0.06260793,0.06722057,0.030878227,-0.00809711,0.033531323,0.039890647,0.031949595,-0.063265085,0.060963467,-0.0064597167,0.03113172,-0.07133135,-0.041873496,0.061170947,0.07848837,-0.034156427,-0.014953838,0.011501451,0.046984106,-0.058368694,0.070588335,-0.05651282,-0.06545012,-0.047836576,0.007844278,0.02704137,-0.05372203
0.0053761625,0.056474987,0.0046263877,0.008125557,0.036093332,0.07553345,0.09177633,0.057373513,-0.0802098,-0.04559072,-0.001851067,0.053505532,-0.09430942,-0.0121614,-0.008115775,0.09404538,-0.075093105,0.05699426,-0.012470877,-0.079616226,-0.03610176,0.023925183,0.0059173834,0.031475805,0.04803977,0.013490602,0.05775543,0.05772474,0.051080994,-0.017939791,-0.058581397,-0.07012195,0.002360012,0.07333243,0.0040796804,-0.013820589,0.06602331,0.051459126,-0.048983518,0.026351463,0.0023015058,-0.026854925,-0.0033893336,-0.01600125,-0.004573945,0.019986458,-0.064925425,0.055161584,-0.06601261,-0.0038188444,0.06220096,0.010101024,-0.012362738,0.05048636,-0.08000502,-0.008968271,0.015909432,0.055837866,0.00061339274,0.08530832,0.0009149847,-0.011532035,-0.059176978,0.04628584
0.056651264,-0.057878405,-0.032089755,-0.022081735,-0.08670013,-0.018012485,0.07001263,0.052763943,-0.014769783,0.024467789,0.0025938037,0.0016551139,-0.084409446,0.06322002,-0.07484466,0.037165083,-0.047656868,0.047221582,0.08243115,-0.052313324,-0.040527344,0.012585135,0.0054818043,-0.026025273,-0.03577661,-0.059728503,-0.014747372,-0.08196487,0.045255728,0.02208721,0.024504274,-0.03149322,0.0029115253,0.014825931,0.012213488,-0.08082621,-0.045071885,-0.07021631,0.049791258,0.004464999,0.016042236,-0.02608668,0.0006435149,0.04113021,0.04979723,-0.012658594,-0.00692327,-0.004066866,0.07146064,-0.032010097,0.051994562,-0.013456976,0.086263575,0.044397093,0.030343113,-0.015123303,-0.06691741,0.01755274,-0.05360333,0.04762417,-0.060251165,-0.008017027,-0.042172313,-0.070102
0.044901375,0.00034374642,-0.057970647,0.06191983,-0.007539123,0.086463034,-0.0355832,-0.01315594,-0.088293165,-0.088274494,-0.029527705,-0.02412522,-0.04773492,0.06703889,0.075068824,0.07584968,-0.03670959,-0.066422395,0.0619818,0.034997035,-0.005927995,-0.048709694,0.065699495,-0.08902448,0.051077027,-0.07968937,0.05079035,-0.05398623,-0.0038681729,-0.035858843,0.016233526,-0.0469831,0.012346165,0.045592885,0.044783432,-0.074330375,-0.0003712696,-0.011635625,0.05016051,0.07011235,0.0046673967,0.030573025,0.06493217,-0.08139432,0.0049070413,0.04289613,-0.037999243,0.08297816,-0.06481694,-0.011682324,0.07579057,-0.04283711,-0.07155792,-0.018933538,0.0325479,0.07744621,-0.08695025,0.015517446,0.00991736,0.088793926,-0.07491573,-0.0038184624,-0.005036921,0.07624337
-0.0688209,0.07885294,-0.050431985,0.07957197,-0.014344888,-0.04634125,0.023954207,0.065824,0.036198806,-0.07347834,0.00931699,-0.043332744,0.035205532,-0.08069895,0.040283594,-0.004775422,0.075253926,0.025834765,-0.0010697936,0.055688564,0.039951224,-0.012676994,-0.038066477,-0.047671255,-0.047082063,0.0063883015,-0.042703845,0.019360598,0.05709311,-0.06011054,0.007943792,-0.035901453,0.007087923,0.044439126,0.029129792,-0.008452187,0.0055479924,-0.008662311,-0.015252545,0.0004630256,-0.002461832,-0.044001125,0.06605977,-0.018482603,-0.07370807,0.057286218,0.06566245,-0.002313579,-0.01732248,0.021959925,-0.01488889,-0.03618107,0.01181427,-0.020381331,0.05328297,-0.040611733,0.07510699,-0.060420804,0.03372013,-0.0036962668,-0.053037107,-0.0038144668,-0.015743993,-0.022340085
-0.024523046,0.024017451,0.07894436,-0.06609904,-0.09309444,-0.08848628,0.03275118,-0.028241366,0.072779916,-0.06336189,-0.06501118,-0.035813056,-0.06796103,0.06672554,-0.06137022,-0.089560956,0.019567072,-0.03602029,0.0648926,-0.0835881,-0.016288051,-0.083698675,0.008699766,-0.0032369997,0.054358978,0.08890264,-0.0014641719,-0.0043807845,0.077468134,0.014327064,0.051373377,0.090342,0.006074967,-0.017986383,0.07705143,-0.073351026,-0.06572228,0.011753546,-0.045196075,0.07615974,-0.084630616,-0.05710775,-0.014017476,-0.018654387,0.03932317,-0.056696832,-0.051944308,-0.05654995,-0.016067583,-0.04093087,-0.07252932,0.015717877,-0.014176299,0.0053251754,-0.050804257,-0.08618319,-0.06173211,-0.01822112,-0.03764346,0.07935469,-0.018228794,-0.06313497,-0.032406464,0.00076550513
0.0607233,-0.075801685,0.0006467486,0.008814668,0.03496866,-0.09183345,-0.08749645,-0.019467168,-0.092567384,-0.08150724,0.08059406,-0.10023509,0.035202287,-0.036425814,-0.095942095,0.07552024,0.025247522,-0.017525392,0.071112804,0.0634649,0.05181143,0.0598642,0.037516765,0.04144935,-0.07122145,0.07525321,0.026198559,-0.0032259075,-0.0086544035,-0.029464092,-0.05862417,-0.05126985,0.055310767,0.07709908,-0.09058504,-0.05050077,0.0069743735,-0.06847707,0.06415699,0.054817725,-0.017124219,-0.051815152,0.07110257,-0.03656782,0.07526543,-0.06458771,0.047494236,0.029031435,0.05743674,0.016143302,0.008523537,0.07117841,0.044908352,-0.051272977,-0.0791563,0.033483546,0.08572328,-0.048862513,-0.058093783,0.08278126,-0.014355106,-0.04779162,-0.007069298,0.008507684
-0.018644053,-0.043079276,-0.004973641,0.0018910377,-0.027884204,0.08554249,0.08650953,-0.056554,-0.060457166,0.045352336,0.067059025,-0.009751227,-0.079795234,-0.061856795,-0.08596787,0.0073534716,0.033769876,-0.087513566,0.042216066,-0.0033283734,-0.07524257,0.087187365,0.0063862503,0.0326544,-0.05131174,-0.07751273,0.06196108,0.0464095,-0.047207385,0.017199412,0.055139862,-0.009139815,0.07421657,-0.057927422,0.015697556,-0.017122224,0.0116951475,-0.08179994,-0.032536842,-0.0081260465,-0.05985831,-0.074333824,-0.054937303,0.062481858,-0.038058612,-0.018450433,0.0018927023,-0.088140726,-0.08478315,-0.065022245,0.0017514072,-0.037508413,-0.079646155,0.06294499,0.04265161,0.06720647,-0.06845948,-0.06310974,-0.0678114,0.0065612476,0.011259894,-0.012107008,-0.00915912,0.011642226
0.07598241,0.066639185,-0.0044837035,-0.0018711099,0.025241518,0.020377353,0.049353175,0.049927097,-0.07553677,-0.06371317,0.032170057,-0.0037018817,-0.06651203,-0.014896987,-0.05603611,-0.057922974,-0.029162403,-0.03682141,-0.06131025,0.0036380591,0.0032950272,-0.0014852703,0.06053072,-0.015994338,-0.049165137,-0.03436169,-0.0616876,-6.52138e-05,0.08321291,-0.001022832,-0.011979123,0.015245178,-0.07929103,-0.015917707,0.08270357,-0.0035154992,0.022856284,-0.010933403,0.023717687,0.00493658,0.08671357,0.0204106,0.08793875,0.08175025,0.013812946,-0.067888916,0.07771871,0.059432406,0.04249858,-0.04301352,0.0633974,-0.08213396,0.068967886,-0.07224168,0.053996835,0.057878584,0.07709014,0.081904694,-0.043659113,0.029299697,-0.052490924,0.09168418,0.030694695,0.0774162
0.007931555,0.088924125,0.03259464,-0.005073023,-0.01069312,-0.025487546,0.031172318,0.06515771,0.05007523,0.083632246,0.073430024,0.09139379,0.0064725787,-0.06821967,-0.081459574,-0.057171717,-0.09256367,0.065494,0.019601738,-0.027980747,-0.052534662,0.076024525,-0.07580571,-0.08865618,0.08837996,0.0064932145,-0.0035814776,-0.07727782,-0.07790868,0.04334768,0.004982748,0.0021494196,0.03407198,0.036642715,0.07445564,0.037667967,-0.032091066,-0.015502693,-0.078041,-0.05263436,-0.05091666,-0.06639313,0.07744594,-0.03826582,-0.0647499,0.05988981,0.07781399,0.039175004,0.07433237,-0.014205394,0.06952941,-0.08018237,0.032607574,0.054446165,0.0821659,0.07870292,0.08762885,-0.005961035,0.0015010047,-0.0748247,-0.034039512,-0.07116477,-0.07789941,-0.030808426
0.011315164,-0.013965217,0.07326728,0.032538608,-0.03892191,-0.07235604,0.04682056,-0.010387712,-0.08574348,-0.07284263,-0.07267857,0.013854688,0.013060931,-0.055176925,0.0019067373,0.059300996,0.07207083,-0.037639096,-0.057986088,-0.07052968,0.014432836,0.0018115921,0.018584628,0.048311878,0.05260571,0.054633107,0.031684376,-0.016106348,0.071172036,-0.04291529,-0.02809894,0.032661468,0.06562816,-0.055768035,0.04386967,-0.009010548,0.02696091,-0.068652146,-0.07538108,-0.012104469,-0.0050276564,-0.04281611,0.070381194,0.07503865,0.0016823043,0.059847027,-0.03826877,-0.072177045,0.0015477892,0.070995316,-0.058360074,0.055700168,0.072438456,-0.07082311,0.051557265,-0.037757743,-0.035516493,-0.07811428,0.029612962,-0.029329598,0.068988785,0.0083208,-0.01951821,-0.029462349
0.030105652,0.06650135,-0.07946161,0.030110382,0.082768545,0.011218759,-0.057038326,0.04930398,0.0053119217,0.07155961,0.06527455,0.050536502,0.0658423,0.0051189796,0.05295847,-0.028763382,0.03783023,0.09424708,0.0034542168,0.09263634,-0.016659642,0.03064007,0.04539062,0.03947609,0.056404162,-0.06677593,-0.033523627,0.09162241,-0.052816015,0.06269065,0.08313293,0.061967295,-0.08340231,0.08723703,-0.0031203295,0.056638557,-0.06377641,0.0592975,-0.08884202,-0.046988253,0.006231614,0.075421885,0.023476645,0.06798589,-0.06825135,0.08404411,0.04997178,-0.01298834,0.075686425,-0.00083797023,0.06792725,0.009432223,-0.04452839,-0.05191214,-0.003799999,-0.006413554,-0.09383725,-0.02227844,0.0038056793,-0.05387662,0.03921429,-0.0051385676,0.08615883,0.061875165
-0.027801467,0.051316187,0.043460738,-0.013139585,0.06604364,0.011225562,-0.0034681007,0.07478713,0.088731036,0.030618178,-0.02101048,-0.014166449,0.043143164,0.09112807,0.077767245,-0.03484555,0.033410925,-0.052702587,-0.087443255,0.08344213,0.064090215,0.075288534,-0.009068667,0.059421342,0.040932536,0.009230673,0.06094478,-0.050718777,-0.06486749,0.023990141,-0.0047152033,-0.08420208,-0.009271456,0.074343935,-0.064856194,-0.04801022,0.060961515,0.010894919,0.06671966,-0.015668796,0.0107014105,-0.043455005,0.0447515,-0.053932432,-0.023262529,0.081911385,-0.0028436002,0.07871336,0.05884386,0.008073894,-0.08978166,-0.01794168,-0.045412835,0.010114851,-0.05758712,-0.08443493,-0.045585647,-0.0307561,-0.0048549757,0.0051763006,-0.06051603,0.051448237,0.017131383,0.02707617
-0.061267782,-0.08702634,-0.019834759,0.022856424,-0.065894105,0.0284343,-0.054959215,-0.06463635,-0.047026295,0.025038168,-0.041033503,0.07507257,-0.07572029,0.08233734,-0.029596547,0.06817314,0.013996281,0.09611882,0.04021354,0.00025491742,0.07865092,0.0781268,0.07565331,-0.043272585,0.023123862,-0.005440138,-0.003089422,-0.051520392,0.07178579,0.062477466,-0.039991908,-0.088398196,0.012420017,-0.011094467,-0.056548346,0.06436346,-0.052228257,0.0020589076,0.07175804,-0.010616848,-0.08118553,-0.01326509,-0.023592122,0.05251491,-0.011579259,-0.017555162,-0.053831164,-0.083251506,0.04204164,-0.06774277,-0.043617614,-0.053315725,0.07866607,-0.03720079,-0.07703357,0.0101785455,-0.07604001,-0.034223285,0.0834464,0.068219565,0.061004084,-0.05489845,-0.07315538,-0.06170055
0.008226169,0.025572725,0.032642547,0.026804667,-0.08971728,0.011306751,0.06341129,0.047556132,-0.014746027,-0.053822305,-0.017249973,-0.076222286,0.06732543,-0.043949805,-0.0019169502,0.08334076,-0.06321784,-0.072501235,-0.0014667234,0.03532086,-0.07436261,-0.028556153,0.059390537,-0.0587892,0.008449962,0.024939483,0.08162468,-1.3978599e-05,0.08137328,-0.0150626,-0.005013688,-0.00721001,-0.07983678,-0.008745085,-0.061351582,0.07788693,-0.00554735,-0.08750039,-0.04774384,0.06797748,0.0041805785,-0.0006626067,-0.02382704,0.03716565,-0.06330774,0.035836156,0.04085356,0.08204388,0.016704235,0.029301917,-0.071285516,-0.012878058,0.09969635,-0.034225706,-0.07816901,-0.076346345,0.01912189,0.089225635,-0.052188545,-0.045172073,-0.0019329023,-0.0742925,0.071819164,0.07951975
0.071960635,0.0113618225,0.079912975,0.07615036,0.07153778,0.019704055,0.009434088,-0.02397268,-0.023091432,-0.065323226,-0.019228669,0.07234217,-0.04932925,0.0060766204,-0.009169774,0.087772764,0.0008679252,-0.005873032,0.07444878,0.07317681,0.046116028,0.01651428,0.03539612,-0.048820905,0.04675508,-0.038927957,-0.0074087875,0.0035543288,0.07905318,-0.025784323,-0.07720338,-9.156931e-05,-0.054960594,0.057375006,0.088620536,0.026335634,0.041400556,-0.07089703,-0.08734374,0.082142636,-0.013713228,0.04291744,-0.06419566,0.080492176,0.018660346,0.012842481,-0.06975865,0.08880578,-0.07506282,0.083780654,0.024065603,0.048406273,-0.10174605,0.08382139,0.020041902,-0.031069718,0.09167074,0.04168693,0.04455883,-0.014064751,0.06045045,-0.014770315,-7.532055e-05,-0.051631052
-0.025549036,0.011946422,0.06808537,-0.08551004,-0.0473424,0.084589384,0.07780661,0.08715948,0.028969448,-0.05759343,0.049283948,-0.06417727,0.06385704,-0.05823861,0.05672432,0.051011443,-0.058315426,0.08967687,-0.012869852,-0.014762897,-0.068715334,0.07379925,0.00461295,0.08285436,0.01688476,-0.013501443,-0.081207946,0.019855633,-0.076290205,0.02374492,0.081296414,0.049023148,0.05832384,0.061665382,-0.068557315,0.011375481,-0.06830897,0.066310756,-0.05347836,0.051038396,0.0073228823,-0.07396605,-0.0017695719,-0.0629464,0.054977268,0.094184525,0.0017724339,0.0130219655,0.0006296624,0.057234373,0.09363028,0.075556286,-0.082612485,0.05195273,-0.055241868,0.04020539,-0.015337466,0.09161745,-0.049919978,-0.0075810174,0.059098598,0.050147604,0.09012829,0.06758782
-0.0062565305,0.018816188,0.080035076,-0.08527127,-0.049920116,-0.0023205972,-0.0004884421,0.026206365,0.0045077633,0.033006605,0.0051128617,0.024188291,-0.054965463,0.0028834008,-0.047233533,0.059095766,-0.004902185,-0.068253554,0.038376376,0.063334316,0.054365195,0.059792276,0.06450559,-0.057329707,0.024426484,-0.04501941,-0.048372786,-0.0037277061,0.011010287,0.030051917,0.06443513,-0.03318246,0.069431104,-0.045509037,0.05009276,0.07049634,0.070174426,0.06427605,0.073676474,0.06671435,0.041512422,0.090785615,0.009619549,-0.034988295,-0.074207395,0.01260763,-0.02083324,0.043201946,-0.056434408,-0.08443055,-0.03917465,-0.04552655,-0.07502931,-0.047853813,0.015507985,0.06681086,-0.06787933,-0.05697113,-0.073584825,-0.042211678,-0.09749857,0.016539,-0.008329,-0.0063976585
0.008167487,-0.06245981,-0.066009365,0.0751812,-0.08692599,-0.060744338,-0.00088279636,0.015379953,0.045446787,0.07813385,-0.064416,0.051880717,0.0074570314,0.0087069925,0.060243204,0.0811489,0.03426561,-0.041679148,-0.023157228,0.047202535,-0.021242768,-0.053369924,0.029668076,-0.038918316,0.019953163,-0.04165949,-0.08415087,-0.086984605,0.0780984,0.06008757,0.052717004,-0.014100971,-0.05863055,-0.014677366,-0.08054662,0.00407864,0.07949928,0.09452116,0.0797151,0.03632382,0.090420164,0.048143905,-0.00019126931,0.050224338,-0.07394547,0.057409212,0.0844021,0.08421673,-0.08316043,0.0052164355,0.048026238,0.006023257,-0.02955515,-0.0040704254,0.00042092882,-0.04111637,-0.002198411,-0.062511,-0.08316457,0.08330971,0.09219684,-0.008502481,-0.051182203,-0.013535653
0.0022573872,0.07603156,0.004963512,0.0035141523,0.0402672,-0.055918675,-0.03050528,-0.031317994,-0.0356674,-0.067515425,0.014131203,-0.06155978,-0.06397386,-0.0029041625,-0.07461742,-0.07127631,0.012435718,0.0056172195,0.0065783877,0.035132147,-0.030054534,-0.07170641,0.056880064,-0.03235071,-0.0889772,-0.09027315,-0.028712533,0.009655935,-0.07567047,-0.014189226,-0.08730222,0.008037872,-0.0774991,0.057712376,0.053837337,-0.04028722,-0.028792398,0.06033754,-0.05170646,0.043615777,0.09041188,-0.057859253,0.09677313,0.050663937,0.05644208,0.0055918694,0.077430494,-0.05706065,-0.01023455,0.08373274,0.060550235,0.019604176,-0.06847857,-0.07400479,-0.06961741,0.015582412,-0.05084456,-0.02921707,0.021995725,0.01627327,0.053773068,0.08295735,-0.05654696,-0.0011611512
-0.06977079,-0.015840726,-0.08110824,0.057035286,-0.034751482,0.08776851,-0.0877988,0.095513254,-0.0376521,-0.0366218,-0.0163442,-0.026343424,0.06847376,0.061395194,-0.0764295,-0.08994235,-0.065242164,0.08693927,-0.028931756,0.013194623,-0.005708971,0.08547908,0.08137304,0.0069706994,-0.071539395,0.0045252936,0.05233816,0.07698527,-0.06570318,0.08771612,-0.036151532,-0.0226944,0.038329564,0.07723246,-0.016718462,0.040796023,0.0014503817,-0.056812216,-0.019303726,0.06595365,0.008180335,-0.08883084,0.0075084534,-0.0024682847,0.015987882,-0.015090152,0.10151269,-0.08873549,0.036533758,-0.044408754,-0.016211709,0.091303095,0.0035484298,0.04380822,-0.07608533,-0.04952772,-0.046414316,0.07394996,-0.057136573,-0.053281005,-0.03975592,-0.05466419,-0.0147689385,-0.048541304
-0.055787288,0.07879282,-0.037814956,-0.064583056,0.056143735,0.021300083,0.025272718,-0.08084421,0.008962475,0.04850267,-0.053659916,0.05355152,0.07209295,0.06709096,-0.084745325,-0.08028903,0.060977865,-0.051219318,0.028501004,-0.08464904,-0.098454714,0.04960344,-0.016295511,0.055894405,-0.04095655,0.0740834,0.009900627,0.025868913,0.0083119515,-0.011813443,0.006291128,-0.0576979,0.07065738,-0.0016013815,0.00021614924,-0.031566,0.02656649,0.056650873,-0.0715668,0.06319637,0.046625283,0.09134872,-0.025374107,-0.01482404,-0.06338376,0.02949794,-0.066229865,-0.08687745,-0.012223683,-0.0888771,-0.066635884,-0.008710209,-0.05437782,-0.026902298,-0.07137574,0.025092358,0.007732985,-0.08052723,0.0804481,0.02887632,-0.020182014,0.06752085,-0.0072372947,-0.009771739
-0.054038823,0.0070910873,0.02074148,-0.021651875,0.012277972,0.09205513,-0.07176293,-0.084717,-0.01224189,-0.051348332,-0.03366013,0.08757759,-0.0661387,-0.017515015,0.053139873,0.08696038,0.003559678,0.039763838,0.019771708,-0.012359527,-0.0025838339,0.022777455,0.005299536,-0.03886136,0.07089092,-0.05324839,0.002063728,0.001486634,0.0147544565,-0.057917904,-0.008098018,0.081055194,-0.050915856,0.053374685,0.011099813,0.085354306,-0.042447492,0.004690963,0.01201545,0.047838975,0.03734148,0.022571525,0.00062285387,0.033328053,0.07192931,0.04983109,-0.021985231,0.00048612693,0.0047040284,0.056278642,0.07531944,-0.017074697,-0.09350246,0.06663892,0.08944451,0.08145842,0.0157299,-0.05978953,-0.044661254,0.04482338,-0.012904603,-0.00532557,-0.06433576,0.06714692
0.07648228,0.04497223,-0.0053937477,-0.010842362,-0.07823573,0.075333044,-0.070872895,0.08775617,0.0109486515,-0.04841052,0.0626341,0.007387658,0.030582892,-0.016008524,0.0099508,0.08421639,0.04305907,-0.0015781885,-0.024099175,-0.003583589,0.07147579,0.0044955523,0.0124000795,0.003174118,0.003307197,-0.09035402,0.010625556,0.027758518,0.07843929,-0.04079299,0.07473905,-0.06842106,-0.07466953,0.0527467,0.05084028,0.049885847,0.090886764,0.035570815,0.0008343063,0.09205602,0.0794386,0.07976274,-0.059610095,0.060184896,0.06023629,0.0657469,0.04580874,-0.08832921,-0.076395415,-0.02914929,0.07626603,0.07369526,0.015031924,0.012524364,0.007992365,0.084062606,0.032493632,0.053045638,0.011325441,-0.056842886,-0.018786235,-0.0027539046,0.014977295,0.006108116
-0.06849195,-0.016779846,0.06431662,0.02480021,0.038097836,0.012508663,-0.018376682,0.07537114,-0.05513591,-0.0016430405,0.003354403,-0.08399508,0.00025529158,0.060775183,-0.016347708,-0.07551062,0.07422426,0.012816073,0.00047371723,-0.079784945,-0.07216988,0.041874737,0.010686448,0.04748147,-0.0052139163,-0.021331951,-0.07369459,-0.020616954,0.004303538,-0.023104344,0.06798369,0.04950465,-0.0023567341,-0.03169366,-0.045536634,0.051082194,0.01042828,-0.013677033,-0.023045843,0.057007674,-0.013402776,0.044355668,0.07815165,-0.012163305,-0.009700863,0.07673939,-0.03641536,0.046080742,0.076216035,-0.06488345,0.07847195,0.02372478,0.010575744,-0.0033904212,-0.07951586,0.056942366,0.012360665,-0.065836936,0.00062788953,-0.055971257,-0.058614172,-0.0022530442,0.030165935,-0.007448083
0.05616582,0.06214132,-0.047245327,-0.04531165,-0.09088084,-0.013841322,0.04360137,-0.013607673,-0.032108046,-0.012155952,0.05902551,-0.038151268,-0.03370962,-0.06464199,-0.088516384,0.001033632,-0.05429471,-0.0063667707,-0.008951359,0.040340353,0.0025011823,-0.063705295,0.05767664,-0.04788268,0.007861929,0.07390922,-0.08077746,-0.040943388,0.018585593,0.008581367,0.061009694,-0.06610215,0.006920334,-0.0037487524,0.06246624,-0.053783406,0.06478389,0.032669414,-0.017946733,0.08031911,-0.0069283894,0.006419254,-0.043721136,0.07086972,-0.07056829,0.034141235,-0.06186232,0.07089556,0.06621438,0.04777952,-0.063428566,-0.03783922,-0.06977181,0.008413402,-0.0635458,-0.06874007,-0.04214546,-0.03605955,0.037985396,-0.06129497,0.048755717,0.016137851,0.0028542173,-0.008112828
0.033171915,0.069662794,0.06619333,-0.015781423,0.089159064,0.04041155,-0.052376952,0.06256373,-0.068258725,0.0027793394,-0.08203048,-0.033089265,0.06497006,-0.04063869,-0.07113465,-0.011049886,0.08332063,-0.080012076,0.007424987,-0.0064547807,-0.050507776,-0.017351517,-0.00027984986,-0.04416549,-0.049731527,-0.019233307,-0.001960449,0.01535633,-0.028557334,0.06180419,-0.0023705966,-0.059992507,0.08351873,0.055173825,0.05233362,-0.013627353,0.045053765,-0.08196044,0.07909309,0.0799123,-0.01257087,-0.0136554185,0.021513382,0.086111784,-0.089024514,0.07682372,0.06884487,0.017820077,-0.045969084,-0.0024623016,0.026357379,-0.033538,-0.09171884,-0.0571166,-0.06664487,-0.011455687,0.08408892,-0.0013931982,-0.062099226,-0.07142768,-0.063140154,0.044559255,0.059393268,-0.034917727
0.0108865835,-0.05354211,-0.07105154,-0.008765343,0.08982676,-0.06514894,0.065421365,-0.006353409,-0.0891408,0.093810916,0.0045779212,0.0924934,0.00029638543,0.024711277,0.07612828,-0.059127282,-0.08201176,0.055355813,0.05720222,0.06687918,-0.06667381,-0.07638723,0.0028610493,-0.05137362,-0.049141705,-0.009044339,-0.03197616,-0.07732374,0.025404548,-0.024607876,-0.03604425,-0.076683,-0.07196225,-0.06202488,-0.054117188,0.050457172,0.055261005,0.040093657,-0.0074803056,0.040479984,0.060676314,0.086173005,-0.014306734,-0.022211347,-0.023169322,-0.038559034,-0.06431278,0.037550863,-0.0042058257,-0.0059601553,-0.0926651,0.033793956,0.042326026,0.047760334,0.06514471,0.03306315,-0.08987525,-0.05068627,0.003258772,-0.060116537,0.03973887,-0.05942772,-0.08191799,-0.07985207
0.06407271,0.006752001,-0.033071168,0.042573623,0.06436688,0.04852699,0.039506998,-0.03797068,-0.013673333,-0.030728757,0.051885284,-0.02914119,-0.054342978,0.038871616,0.07996115,-0.08226682,0.04089869,0.0011670174,-0.08624598,-0.081959344,-0.06333744,-0.056916952,-0.0897237,0.057478696,0.06863367,0.013164639,-0.09207404,0.05056043,0.027765887,-0.035854038,0.07155091,0.015196668,0.052177947,-0.004212206,0.0002605347,-0.090702035,0.054239135,0.028753264,0.050875016,0.06741888,0.050031926,0.074035764,0.078829676,0.00925475,0.07210956,0.041362997,-0.08027435,0.010002206,0.04824475,-0.058609374,-0.07066771,-0.039070662,0.06921612,0.06040047,-0.08509011,0.03231205,0.05297823,-0.07448215,0.06466001,0.025071207,-0.045802075,0.06545876,-0.013467954,0.00509246
-0.023074545,0.04263079,0.014429735,-0.037080698,0.0047685117,-0.010556052,0.027020391,-0.00044307756,-0.02202173,0.0030456008,0.056537725,0.07893591,0.05433577,0.015024709,-0.06490115,-0.077688284,-0.0745456,0.087630905,-0.010964487,0.07596056,-0.06422879,0.064721115,0.07142122,0.00084447034,-0.037275016,0.038085867,-0.0086631,-0.036230963,0.006688689,0.00870941,-0.087127246,0.05689792,-0.03775656,0.07518382,0.0015081611,0.062293515,0.00068427034,-0.02385261,0.08720233,-0.0716227,0.046695672,-0.04506923,0.061084192,0.07778039,0.063788205,0.012651518,0.014059532,-0.024354767,-0.07876627,0.016334755,-0.014323468,0.0121564055,-0.0717401,-0.021990653,-0.030556077,-0.03887089,0.05478999,0.068475105,0.10111359,0.053163484,-0.0014572171,0.07160983,0.018286448,-0.08883275
0.040259615,-0.01590871,0.0007699787,-0.07449122,-0.0051216166,0.020525014,0.018912595,0.047418065,0.058618315,-0.045378033,-0.047386568,-0.011985884,0.011488529,0.0846462,-0.0300289,0.07368051,-0.08143189,0.005565208,-0.0041875746,0.09038917,-0.06984815,0.046085943,-0.07623059,-0.015231302,-0.06712332,0.08664245,-0.07036493,0.08285534,0.008845924,-0.09198678,-0.07853971,0.016568724,-0.0858056,-0.028653229,-0.016809812,-0.08129198,-0.047733355,0.042341202,0.08179687,-0.02385006,-0.04716477,0.08443213,-0.06496954,0.02968887,0.058692053,0.06861324,-0.0733116,-0.010689868,0.059846975,0.089714736,-0.06298023,-0.037698016,0.020448063,-0.0068460004,-0.052056015,0.06327422,0.046682622,-0.047828805,-0.05622143,0.08835495,0.056699477,-0.05031415,-0.04114474,-0.04050435
0.018724779,0.06192393,0.013647619,0.0574916,0.012764439,-0.07856998,0.014259262,-0.039902687,-0.021957736,-0.087963976,-0.085102305,0.037889704,0.061055295,-0.04457732,0.012522136,0.015019757,0.013052545,-0.06340828,-0.052951545,0.08468733,-0.077226385,-0.0047771577,-0.041131575,0.053968653,0.0048736213,0.057690103,-0.020633958,0.07011215,0.09265372,0.00508113,0.022847632,-0.044141494,0.013249778,0.043487787,0.05889067,0.065219544,0.08322397,-0.08522792,0.036113698,0.065690264,-0.08824216,-0.015758807,0.07696992,-0.0019858505,-0.06735851,-0.014630576,-0.04528117,0.0069770147,0.011572264,0.027465114,0.062588125,0.07766615,0.006061171,0.04399207,0.078479774,0.0121753905,-0.0125384545,-0.0032114633,-0.0012519907,-0.02892728,0.08710723,-0.07888757,0.08253727,-0.08995858
0.08812101,0.056611564,0.0026576738,0.04170468,-0.06834608,-0.05325889,-0.0128210215,-0.07365147,0.01283367,0.040337097,0.030000927,0.012499816,-0.016867414,0.0710456,-0.008733345,0.03549818,-0.05248903,-0.049976878,0.010572522,0.010737005,-0.06284771,0.07397012,0.011220524,-0.0328544,0.05932121,0.00035945035,-0.007473358,-0.062618,0.055265028,-0.059732053,0.012032062,0.0386356,-0.0064536966,0.0786503,-0.070707165,-0.05049326,-0.058531463,0.05435013,0.04810392,-0.04382027,0.01628902,-0.0023824319,-0.06582488,0.03201496,0.067747235,-0.045352634,-0.07651417,0.058912948,-0.017624093,0.07615641,-0.033160232,-0.031650793,0.053153683,-0.04994403,-0.08126084,-0.04660005,0.058915816,-0.08554407,-0.036329526,-0.07185964,-0.06667444,-0.0013787459,-0.06250197,0.055538777
-0.07137934,0.013506372,-0.05402249,0.07542609,-0.055261686,0.04356715,0.032672122,-0.029717693,-0.0012904747,-0.069886774,0.020888714,-0.021525566,0.034917567,0.07959137,0.069048494,0.020328386,0.014376399,0.06349649,-0.061907332,-0.033119634,0.043259006,0.037662372,0.06501547,-0.08613859,-0.08673979,0.06841744,0.04683207,-0.0044979285,0.053859655,-0.06962282,-0.04981366,0.087111846,0.08977259,-0.0055582905,-0.08763365,-0.04732171,-0.048600268,-0.021506207,-0.05745159,-0.020242868,0.075897194,-0.007562372,0.0003640722,0.05795634,-0.06236746,-0.036721908,-0.083525576,0.043439057,-0.008620773,0.06733599,-0.016738491,0.053472746,-0.042855367,0.017509755,-0.06843222,-0.055812944,-0.0058233226,0.006549357,-0.083397835,0.04948479,0.06699797,-0.032406293,0.017754178,0.04684622
0.086132266,-0.051471163,-0.029084092,0.003759044,-0.026525486,-0.08151536,-0.050364204,0.02512764,0.02753314,0.080345206,-0.03305996,-0.012949387,0.013997789,-0.0009153527,-0.055752095,0.07613961,-0.022261584,-0.074735716,0.08691181,0.025369631,0.08462233,0.059654456,-0.021414647,0.041169025,0.08107767,0.060710046,0.050771475,0.08619994,0.084592156,0.01808064,0.00032386987,-0.059219163,-0.026998606,0.018637454,0.00092354015,0.0018865119,0.034067456,0.010216961,-0.008828241,-0.0178384,-0.06292307,-0.07844051,0.007715097,0.051468104,0.08937572,0.04905419,-0.04683354,-0.08130536,-0.007516763,-0.080282815,-0.0502083,0.035038,-0.08937535,0.011068822,-0.041833207,0.010209018,0.03540128,-0.009151543,0.06714958,-0.003281189,0.024316184,0.009423696,-0.016304795,-0.0061842795
-0.0037749778,-0.07118509,0.00075329427,0.077508844,-0.0054420256,0.033974376,0.054453682,0.07822656,0.06056122,0.014722344,0.02783211,-0.070168406,-0.022396684,0.070118,0.007899959,0.0021143183,0.049376443,-0.0038351668,0.0041910484,0.04473678,0.019478405,-0.048426412,-0.06914878,0.002800902,0.008870721,0.030421032,0.07320459,0.021000376,-0.016227469,-0.032299273,0.041439477,-0.042755093,-0.025618702,-0.046979766,0.024518592,0.03874765,-0.030207312,-0.06546985,-0.05962516,-0.08547767,0.05712828,0.008658578,-0.09110419,0.0033792555,-0.053744894,0.014433542,0.067512356,-0.079977214,0.079830214,0.08853059,0.062098376,-0.07713598,-0.0676615,0.008766079,0.010533881,-0.015733328,-0.01632067,-0.07050953,-0.0021439488,0.0625411,0.059613183,-0.007212242,0.090848744,0.017533816
0.04514574,0.07101062,-0.015944963,-0.04989136,-0.028394375,0.014636009,-0.0035543465,-0.060016587,0.05708971,0.0499521,-0.0052555,-0.014868013,0.069325194,-0.05767865,-0.051547796,0.01810899,0.06123159,-0.039949287,-0.011411101,0.030317947,-0.005040525,-0.045037203,-0.06333498,-0.015572483,-0.0019250979,0.025706066,-0.009957689,0.04592664,-0.029429348,-0.060027044,-0.05279892,-0.016598493,-0.022935342,0.011366926,0.033458937,0.014513176,0.06902117,-0.035184786,0.023546662,-0.058096875,-0.06715577,-0.030457085,-0.0059530307,0.04156364,0.017019905,-0.0035149825,-0.004405936,0.069064096,-0.0124644535,0.040561434,0.025978861,-0.036141623,-0.0588398,-0.048081797,-0.0018971323,-0.02727314,0.046037834,-0.028870216,-0.025561387,0.04125485,0.05564304,-0.0014984484,-0.037420552,-0.04069527
-0.03734617,-0.04137389,-0.052484553,0.06449884,-0.034142956,-0.038601488,0.02314592,0.047115505,0.043515645,-0.07844444,-0.027127806,-0.033027004,-0.07540852,-0.0019249667,0.042198494,0.03919083,0.028926844,0.0007226822,0.02400465,0.00449147,0.026399007,0.04907554,-0.023990987,-0.048841998,0.025659159,0.00849976,0.038503204,-0.026809825,0.026777407,-0.023466421,0.014420561,0.06424572,-0.005125259,0.055499382,0.0002452062,0.018168924,-0.046056636,-0.024204772,0.054228857,0.046493106,0.038071424,0.0600836,-0.00024711422,0.009829814,0.020164827,0.014094479,-0.027007673,-0.0037157591,-0.010151973,0.028756475,-0.056794003,-0.053408608,0.07642995,-0.07077058,0.010964872,0.046248,0.05505205,0.025211755,-0.019765455,-0.063942574,-0.06959996,0.00280406,-0.07470821,-0.065883055
-0.06082606,-0.013828618,0.027886707,0.060367033,0.0072532566,0.07614952,0.041921623,0.03589154,0.07734084,0.079833485,0.01155385,0.08326094,-0.030597545,-0.047517356,0.04177951,-0.0061504603,0.004971952,-0.006770904,0.050526407,0.014910391,0.0649628,0.0299451,-0.07354254,-0.04409271,-0.015778376,0.02498656,0.011044043,-0.018268464,-0.007594725,-0.005258466,-0.05476875,-0.04851978,0.0008276464,0.07542358,-0.07820084,0.050326657,0.0046011615,-0.068012714,0.009136981,0.014139398,0.07718053,-0.08111081,0.00529114,0.05682796,0.005952068,-0.061181292,0.07158557,0.012954592,-0.072807185,-0.04369839,0.02526946,-0.094625525,-0.07848935,0.07351351,-0.07660266,-0.015905594,-0.024268253,0.0067313155,-0.018648816,0.015396758,0.04685015,0.015573584,-0.05542775,-0.06300182
-0.0057542007,0.060134333,-0.07295138,-0.0026301672,0.007273204,0.0066234046,-0.017188143,-0.09283507,0.053055666,0.065749966,-0.000713706,0.060122106,0.06520284,-0.0831199,-0.029658388,-0.09027533,0.039726224,0.058221743,0.091850005,-0.0004551928,-0.069176994,0.03274296,-0.06439033,0.03389348,0.015078312,-0.050319616,0.008011185,-0.090676926,-0.0834748,0.027972786,-0.048817396,0.04349023,0.033568,0.08415234,0.054990415,0.040043823,-0.05633807,-0.0742333,-0.011146833,-0.0034246333,0.04562533,0.039587017,-0.021590266,0.046782795,-0.074032456,-0.068827346,0.036563184,0.085343905,-0.00019183531,-0.028914899,0.06465959,0.0014100422,0.044953562,0.011739076,0.029347898,0.027491542,-0.01587646,0.01345693,0.002017409,0.05003828,-0.07890845,0.08795154,-0.083851434,0.060785025
0.04781107,-0.026379444,-0.08839507,0.012237341,-0.059652694,-0.073704936,0.087517075,0.004830222,-0.01895074,0.01835526,-0.038710732,0.06836867,0.04740372,0.060545735,0.04401283,-0.06885004,-0.089090645,-0.03922852,-0.03342865,0.046909895,-0.068389446,0.042869937,-0.07419852,0.026450636,0.05683782,0.05042331,-0.0874357,-0.049868695,-0.016745456,0.038237784,0.0050441213,-0.022375667,-0.014977235,0.0071567106,0.014177977,-0.058371324,0.041537598,0.06527248,0.0062393034,0.050512355,0.081755996,-0.015466873,0.014246682,0.058947023,0.035191018,0.050144132,-0.008301123,-0.068184644,0.020128025,0.055902928,-0.0033422327,-0.09202789,-0.056955546,-0.089304544,0.026364343,-0.05427941,0.029837573,0.009117205,0.0020361305,-0.049467213,0.0862148,-0.014808319,0.015739933,0.010686133
-0.04634985,0.014810808,0.029804697,-0.015076153,0.079109274,0.050310366,-0.014946563,0.06820504,-0.00727438,0.030756354,0.012038582,-0.06483829,0.013502053,-0.07859789,0.07165476,-0.09465404,-0.050206557,-0.07665678,0.07309022,0.082932845,-0.05712173,0.07184541,-0.029267479,0.05460318,0.0043264176,0.08037127,0.08539881,-0.06530587,0.022295719,-0.03063452,-0.08126425,0.08221346,0.036122236,0.059550937,-0.0012962495,0.004904143,-0.048155412,0.06726404,-0.04587941,-0.0480739,0.022076827,0.031116338,0.025491573,-0.0036765472,-0.050016753,-0.026093028,0.07988942,-0.01173622,-0.06497107,0.00052466616,-0.04723298,-0.067280136,0.09168828,0.046832643,-0.061290238,-0.026790693,0.0727078,-0.019710021,0.060467277,0.001061231,-0.06323068,0.060120344,-0.0445045,0.089745685
-0.07586123,0.08873617,-0.048887998,-0.08856073,-0.04871422,-0.06667959,0.025601797,0.0115408,-0.044594605,0.0052404255,-0.064882405,0.09689676,0.0045607686,-0.028200708,-0.050865512,-0.0017226099,0.0030384357,-0.00081357744,0.05843824,-0.06317696,0.01542236,0.010056103,0.022237152,-0.07386956,-0.07336786,0.031036306,0.0066680284,-0.07172857,-0.024882033,-0.032472897,-0.014908906,-0.0068740426,-0.07135892,-0.047518324,-0.025109153,-0.025472548,0.08955246,0.014246691,-0.013434969,-0.063746855,0.010847937,0.050850477,0.048498657,-0.06664396,0.0082763955,-0.08145665,0.090935856,-0.08838139,0.08548756,0.07132713,-0.054157123,0.041230943,-0.05719901,0.08242494,0.010094014,-0.0041761533,0.04885549,-0.016789021,-0.08631833,-0.016863653,-0.06287607,0.0023405855,0.041298836,0.04928945
0.010278933,0.07531693,-0.06316755,-0.01817982,-0.072468355,0.06561855,-0.0071362406,-0.008887329,0.01624245,0.03738946,-0.008083667,0.009178495,-0.0475215,-0.024831748,-0.09358435,0.038633317,0.049572844,-0.066565216,-0.047566436,0.033383124,-0.044853,0.09138951,0.0139871,-0.044007055,0.092921,-0.0057121883,0.057340477,0.04146656,-0.084564164,-0.043991566,0.06781904,-0.074618876,0.07801527,-0.012584909,5.8256643e-05,0.058402527,0.0015986201,0.0070939544,0.085971765,0.06907096,-0.03975529,0.087295786,-0.09900486,0.057392847,-0.07005151,0.0091190105,0.019549694,0.06865967,-0.023139643,0.06965601,0.043996498,0.06579604,0.00061172224,-0.029947577,0.04361568,-0.026008176,0.043778855,0.04322159,-0.021828406,-0.06639751,0.06889407,-0.01077989,0.09051731,0.047192983
0.005038895,0.04887806,0.08822403,-0.014647147,-0.07463819,-0.063957065,-0.0016512128,-0.027492058,0.018670155,0.0065781586,0.084851354,-0.043102205,-0.086340554,-0.01683285,0.049192645,0.004890409,0.034408305,-0.05732209,0.022598315,-0.097057074,-0.014393876,0.04761269,-0.079497755,0.053870402,-0.03550478,0.020248864,-0.0005789546,-0.07709922,-0.0016019964,0.06760627,0.018628605,-0.073816106,0.06827937,-0.05535865,0.064173765,0.057076454,-0.07390224,0.05676018,-0.069555104,-0.069263116,0.017225847,-0.026651157,0.015754124,-0.063240655,0.067222364,0.024855925,-0.0156187825,0.06726812,0.072752304,-0.040598758,0.0065408153,0.08670633,0.016134983,-0.01673124,0.03277783,0.022205422,-0.013541017,-0.018671768,0.006069528,-0.032136396,-0.0051936903,0.077799246,-0.0756612,-0.076714344
-0.06435275,-0.06335417,-0.041156515,0.02467277,-0.026483793,0.007016136,0.083756305,0.015895588,-0.04952665,-0.07566644,-0.061719727,0.029009456,0.042152252,0.0014428424,0.0065334346,0.006571906,0.052274656,-0.032503888,0.083881326,0.0056804405,0.04229309,0.0075485613,0.0756932,-0.012961151,0.01193956,-0.06304962,0.0067498037,-0.066502444,-0.015085614,0.021710228,-0.067107715,-0.066071324,-0.060500905,-0.07758237,-0.006157962,0.044364985,0.06075192,0.08094231,0.0018068235,0.0020243407,0.027062455,-0.0061462293,0.08220515,-0.044259597,-0.014224908,-0.06749771,0.040419728,0.055512846,0.035562843,0.050491616,0.0696308,-0.045461323,-0.07579653,-0.05292982,0.05359459,0.08186119,-0.062270474,0.011101007,-0.01937422,0.063109085,-0.021482313,5.157062e-05,-0.007406269,-0.028889418
0.08008326,0.08213878,-0.037652925,-0.038137212,-0.08499835,-0.039683644,0.091771394,-0.028501619,-0.052511364,-0.011059726,0.035554208,0.024261264,0.08659297,-0.057340305,0.02685267,0.07606867,0.056524936,0.010079804,0.038043514,-0.08172524,0.021348735,0.08372883,-0.07081368,0.077517755,-0.017529555,0.075996935,0.026685586,0.0060073594,0.08468557,0.06661999,0.050366197,-0.0728808,-0.07536546,0.06591073,0.052155137,0.051876735,-0.010985438,0.058096822,-0.05084462,-0.011389135,-0.06349637,0.07717623,-0.009567086,-0.025365315,0.089915045,-0.08634159,0.018147277,-0.010770222,-0.08078399,0.05891133,-0.046598673,0.060029488,0.055403866,0.06270922,-0.00017763549,0.046995264,-0.0037464802,-0.008996955,-0.0047933776,-0.0526788,-0.045092154,-0.048935324,-0.040562987,0.04402042
0.004688934,0.040056188,-0.014098661,0.06586343,0.038480878,0.061113685,0.045802563,0.09060772,-0.055004906,0.043375734,-0.06339981,0.03321916,0.05960777,-0.019963726,0.036501337,-0.010236489,-0.09168324,-0.04747909,-0.043339826,0.07756198,0.058048148,0.03822683,-0.0141349975,0.06687516,0.016142799,-0.04111216,0.01764997,-0.01642944,-0.04859427,0.0396526,-0.004047106,0.029069565,-0.0007313215,0.070581764,0.014281304,0.08422161,0.015373991,-0.05152401,-0.07899517,-0.077063754,-0.02457694,0.02721988,0.011391288,-0.020393666,-0.00054222124,-0.07034445,-0.019212076,-0.06621624,0.0071877143,-0.032618105,-0.061435767,0.042121217,-0.008170657,-0.07163708,0.08186676,-0.0028836722,-0.06610599,-0.06533468,-0.004759839,-0.0443415,0.011280277,-0.059380844,0.0803161,0.08770509
-0.0023062453,-0.06349249,0.068707176,-0.08153059,0.027398763,0.09351276,-0.02653824,0.06975234,-0.016763914,0.09273316,0.074359916,-0.00019812452,0.013799436,-0.01317166,0.063311696,0.03997056,0.090623096,0.06067179,0.012636578,0.002781031,0.04806735,0.057106875,-0.050527208,0.049208194,0.02374079,-0.07712859,0.011138919,0.05792069,0.011235171,-0.046409123,0.06280101,0.037661172,0.07314653,0.06076808,0.06226845,0.018811844,0.07253241,0.011759031,0.011848407,-0.0497167,0.05898204,-0.03841979,0.062776774,0.012322522,0.01443895,0.02223456,-0.06323935,-0.037354555,0.049092185,0.08149815,0.06712115,-0.027082914,-0.08689001,-0.066788234,-0.021832097,-0.088956766,-0.0017475343,-0.08862533,-0.05083038,-0.008230622,0.007944293,0.08102427,-0.01523541,0.082896285
-0.035173498,-0.02044755,0.0952351,-0.08089394,0.029857717,0.055034798,0.01054642,0.098919906,-0.08864668,-0.08363939,0.0016790071,-0.075289644,0.00039756962,-0.0057078036,-0.044997685,-0.08190236,0.016289974,-0.097007304,-0.080086134,-0.008206762,0.027029632,-0.017895723,-0.075683616,0.06448971,-0.07266999,0.08271551,0.011836883,0.04287856,-0.06765187,-0.0008921044,-0.04612974,0.075136006,-0.005930448,0.09106992,-0.0982854,0.05180853,-0.05603393,-0.03646696,-0.044374987,-0.076822884,0.024076618,-0.042856053,-0.07043637,0.011947237,0.038308036,0.07478337,0.00446421,-0.05890584,-0.0619879,-0.084074885,0.026874203,0.02723395,0.07944869,0.08789705,-0.043481555,0.00014238161,-0.05965103,0.06572734,-0.0048458977,-0.029499454,0.01811244,-0.038690668,0.014722454,-0.024879305
0.07201568,0.07975173,0.01798732,-0.05814249,-0.06317741,-0.06257175,0.0041466546,0.04867857,0.08205616,0.06818614,0.074232705,-0.060215108,-0.052918132,-0.06457336,-0.060401127,-0.058973957,0.039069965,0.010057352,-0.016132372,-0.0377125,-0.040978204,0.0027368956,-0.05216416,-0.056534205,-0.07561876,0.012989494,-0.03119913,-0.055307124,0.011709382,-0.07254662,-0.085215054,-0.0049686152,0.06710653,0.058793824,-0.040910754,-0.0028754175,0.0807994,-0.047040068,0.008817677,-0.067519195,-0.02513533,-0.0006432707,0.0056357854,0.0029075847,0.0026500646,0.0020724707,0.0019133855,-0.033864636,0.03636833,-0.007938932,-0.05518874,-0.038938947,-0.06166836,-0.0721784,0.0016774789,-0.06386638,-0.0066852476,-0.071000166,0.06377822,0.07494167,0.054914687,-0.058243204,0.02534302,0.0016618725
0.01716878,0.03382118,-0.00689084,0.03689727,-0.052192174,-0.007865973,0.074653305,-0.029817903,0.059160005,0.053651866,-0.07651161,0.007984547,-0.005398962,0.027597444,-0.08179351,0.066697344,-0.07331163,0.04174313,-0.08091686,-0.0014636725,0.048728548,-0.08383623,-0.030548684,0.060274526,0.0001788708,0.010542785,0.058797248,-0.0056107477,0.07737883,0.066448785,0.056265127,-0.08962263,-0.062039647,0.0711009,-0.03957494,0.07146949,-0.09123113,-0.0753986,-0.052083157,-0.07367003,0.044290885,0.09300617,0.04597513,-0.08238217,-0.055750832,0.0724075,-0.008404202,-0.007369971,-0.049112692,0.018521843,-0.07928712,-0.058515195,0.071704775,-0.02201866,-0.031949762,0.031521555,-0.011409862,0.02859122,0.01681071,-0.06212537,0.008140471,-0.068163075,0.04313423,0.08060308
0.035512593,0.006285508,0.019008243,-0.06030556,0.004617963,0.013372924,-0.026978845,0.014120997,-0.048835654,-0.049227748,-0.06030711,0.044631124,-0.008632287,0.033052303,0.09131507,-0.029521516,-0.07688258,-0.06895364,0.07371128,0.018968914,0.049934406,0.04959606,0.039113663,-0.066912755,0.041066334,-0.004863834,-0.0050920313,-0.014754586,0.030065397,-0.0007376631,-0.057822898,-0.008765348,0.095852494,-0.019253576,-0.018674107,0.001207457,-0.08118887,-0.082704805,0.06959511,-0.08975846,-0.06016289,0.0027309328,-0.042275988,-0.0035134181,-0.082246974,-0.091680616,0.09565483,-0.033841327,-0.06550903,0.08574165,0.08826608,-0.0747987,0.04547199,0.020213053,0.07827216,-0.007917682,-0.0071677314,0.05032498,-0.00030679515,-0.029597847,-0.06271612,0.0063754627,-0.07390674,0.015784835
-0.0026741591,-0.071916655,-0.009285305,0.036827505,0.043185916,-0.04782776,0.019394077,0.0072313696,-0.068694405,0.052120686,-0.00915448,-0.040876076,-0.05597078,-0.06144502,0.01386849,0.013412973,0.01326798,0.022599066,0.013327874,-0.02640029,-0.058807593,-0.07108229,-0.06847882,0.036675047,0.010731033,0.006686696,0.013484615,-0.064100035,-0.018779745,-0.016513726,0.028260915,-0.02835436,0.029748356,-0.05672154,-0.05765092,-0.018645145,0.079510435,0.067562096,0.08020181,-0.015742114,-0.075938106,-0.012940083,-0.031759385,-0.026997896,0.0021200127,0.01227899,0.0022272342,-0.009437164,-0.045821514,0.0032995476,0.007612123,-0.06764451,-0.027737731,0.039074067,-0.04399253,-0.0038865064,-0.06494654,-0.047960334,-0.015483446,0.047353067,-0.062695086,0.008053022,0.014040503,0.078988805
0.013764373,0.05752063,0.049811978,-0.02355122,-0.09205993,0.015781762,0.009527349,0.07189559,0.01439585,0.08875397,-0.08262066,-0.007673929,-0.07263283,-0.067257866,-0.06690587,-0.0057835053,-0.016686074,-0.06640483,0.08240572,-0.08320269,0.0536729,0.0035518091,-0.009909714,0.014983445,-0.07660959,0.05128271,0.06122333,0.08455974,-0.05318217,-0.055058308,0.08909863,-0.008571263,-0.03628725,0.08964879,-0.03790486,0.013816164,-0.0062080096,0.032197252,-0.06612609,-0.08591954,-0.08750547,0.093961686,-0.0015355177,-0.04560344,-0.087998055,-0.020147705,0.09603535,-0.013376019,-0.06999656,-0.089598745,0.018929347,-0.00013931,-0.03921724,0.036193714,-0.01184542,0.023561364,0.026598714,0.08302914,0.064662,-0.05285674,0.014333924,-0.05347149,-0.00040444735,-0.08411731
0.015962528,0.07239004,-0.080037616,0.06833815,0.064909264,-0.016389407,0.075483635,-0.00050174934,0.041161336,-0.059515353,0.066562586,-0.063611925,-0.06804022,0.09679943,-0.062502414,0.06871314,0.026308648,0.010530201,-0.060984503,-0.0510667,-0.07323656,-0.012353922,-0.028193256,-0.05021984,-0.07310955,0.044066325,-0.046826176,-0.047773127,0.004534467,0.03336555,-0.061053783,0.052149083,-0.0068209316,-0.072486624,-0.011047908,-0.076854125,0.075410545,-0.074527994,-0.06934952,0.07630892,-0.01763936,0.080131084,0.044356927,-0.063200995,0.07012266,0.07146164,-0.00951887,-0.08778592,0.05412293,-0.019766042,0.0048211245,-0.07393557,0.0073608784,-0.0021675425,-0.016372748,-0.07898865,-0.073833205,-0.07630389,-0.0672504,0.07822322,0.049206585,0.075489275,-0.07511916,-0.06846116
-0.013057047,-0.025435556,-0.0553127,0.08483291,-0.02631931,0.018622568,-0.027071519,0.008832492,0.078612834,0.0024292087,-0.018903743,0.04069203,-0.0028592355,-0.051185858,0.05271153,0.07812735,0.011966476,-0.04634966,0.062055446,0.046759482,0.017254915,0.033460848,-0.08302247,0.07546814,-0.0661775,-0.05884284,0.077182904,-0.041506793,0.05022155,-0.043659765,-0.045028776,-0.07438796,-0.035133,-0.010424344,0.011150199,0.03186921,-0.035952818,0.042918626,-0.036938775,0.009848329,-0.013863313,0.044686504,-0.08340199,0.00090516405,0.055969313,0.06767373,-0.094684266,0.046980966,-0.01442395,0.088608235,-0.019008392,-0.0124247875,-0.028827693,0.019876841,0.010237337,-0.07888648,-0.08245099,0.037235387,0.037617628,-0.08365336,0.021390654,-0.004220064,-0.07647732,0.0017956829
0.07174212,0.0436493,0.075997524,0.07167147,-0.05337714,-0.062342543,-0.04220604,-0.007424098,-0.067356125,-0.038713276,-0.0009333177,-0.07315912,0.04272791,0.08204163,0.026645938,-0.015017102,-0.019453425,-0.01874075,-0.055204757,0.016179115,-0.08458258,0.008642373,0.01868614,0.020472577,-0.08912078,-0.064606555,0.032453507,-0.072120726,-0.053155508,0.06276165,0.014521159,-0.075759895,-0.07630116,0.0057918415,0.011611875,-0.044063807,-0.07611073,-0.044641104,-0.07718091,-0.01677389,-0.0024245768,0.07537688,0.07307984,-0.03469628,0.03496125,0.016086176,-0.08985574,-0.051911637,-0.083372876,-0.021242253,0.013999905,-0.06328031,0.052660853,0.048109762,0.048107002,-0.017385611,0.09028691,0.08206598,-0.0029598805,-0.007533897,-0.08614411,-0.08669649,-0.01671876,0.062364325
0.00807657,-0.051130656,0.0004466648,0.004367117,0.020564917,-0.030719865,-0.03628368,-0.050445434,-0.018977743,-0.037189234,-0.010186855,-0.023419319,-0.029304314,0.04133243,0.009260212,0.077005394,-0.0055137738,-0.052090235,-0.0419667,-0.009280288,0.018003397,0.042527065,-0.054539595,-0.01086976,-0.06972718,-0.05283819,-0.06998604,0.049124353,-0.018802568,0.020027721,-0.04207577,0.068625815,-0.060556445,-0.013030926,0.07055221,0.00026114393,0.039843332,0.023388872,-0.032655314,0.05715572,0.0689624,-0.03964319,0.057777535,0.0350031,-0.050844483,0.0030315542,-0.069719166,-0.0566146,0.025542332,0.033441983,0.06226052,0.070111364,-0.013145373,0.02479215,0.013610806,-0.04362606,-0.010531723,-0.053179286,0.011151214,-0.012219174,-0.024598455,0.03819108,0.059887193,-0.0025669609
-0.06174866,0.013464164,-0.004988717,0.07770747,-0.016321726,0.028884206,-0.07631629,-0.047718227,-0.08771954,-0.043463018,0.054354414,-0.03609466,-0.017759377,-0.006808465,0.0813839,-0.02135215,-0.08762338,-0.019213784,0.011858262,0.045124155,-0.06962794,-0.05366996,0.0017220492,-0.067037664,-0.07408357,-0.04599439,-0.0584041,-0.054159787,0.056482498,-0.033197645,-0.06786068,0.021877244,-0.02318306,0.045270145,-0.08187249,-0.012418693,-0.037254672,-0.040986847,-0.07546524,0.04595028,0.08126145,-0.057614416,0.04550386,0.0152892545,-0.06430092,0.07788942,0.044166405,0.07009699,-0.074682504,-0.07798894,0.063271694,-0.0011654722,0.022315599,0.053404197,0.05323681,0.052297853,0.06935719,-0.059589572,0.049734928,0.08592231,0.066431545,0.093664475,-0.06450181,-0.07876866
0.047933564,0.054864172,0.050501578,0.055483997,-0.005546608,0.03570316,0.050024603,0.05120861,-0.07904428,0.051188495,-0.06431905,-0.05954881,-0.00485627,-0.022213135,-0.024103126,0.06826899,-0.010108831,-0.018895278,0.055990163,0.008658735,0.00580222,0.056038205,-0.03406676,-0.06923948,0.06656325,-0.016646964,0.015266659,0.0058099306,0.011181246,-0.069516264,0.076572955,-0.036684893,-0.07749687,-0.008039422,-0.015308754,-0.06079073,0.00985414,0.06294641,0.0008994151,-0.0061022304,0.08908006,-0.072056636,0.039405245,-0.004313162,-0.06214209,0.0020814238,0.06291377,-0.016709654,-0.021579744,0.06586064,-0.004419129,-0.059179883,0.030343462,-0.047154635,-0.006790576,0.06402485,0.061099797,0.022584282,0.046773586,0.093153074,-0.054413013,0.009603239,-0.04158363,0.08491461
-0.05884162,0.0117159365,0.0030710895,0.06529492,0.07955892,-0.016671026,-0.044263057,0.0051389793,0.01005174,-0.060477786,0.014545653,0.0734643,-0.03403386,-0.04647863,0.01641618,0.05150666,-0.007733561,-0.0472797,-0.01266569,0.037799273,-0.04429972,0.0010663869,-0.080377646,0.0060872077,0.016825607,-0.036958087,0.05554682,-0.014042932,0.008770507,0.05624151,0.06982162,-0.059704456,0.047760144,-0.011419663,0.013171294,-0.0830374,-0.0437247,-0.06322975,0.045511667,0.0005805022,0.046196714,0.010146552,-0.049232922,-0.07025613,-0.029129378,0.0050394777,0.073814765,0.037566427,0.040658426,-0.0031103324,-0.015155494,0.01611047,0.070044436,0.007665575,-0.011917841,0.039124046,-0.00947641,0.035192985,0.0087859165,0.03178184,0.025453366,0.041125562,0.054375805,0.009901479
-0.027568717,-0.010853085,-0.08526865,0.06325298,0.028300503,-0.057850655,-0.041233055,0.01442537,-0.018093111,-0.0004809984,0.046589885,-0.062253453,0.04340993,-0.026021224,-0.052890804,-0.05962967,-0.040397845,0.0063659037,0.015834076,-0.010647508,-0.0551794,0.089615904,-0.010858829,0.032621205,-0.04264335,-0.004626843,0.0062724627,0.014301179,0.03749202,-0.05699178,0.050891787,0.076623134,0.06757893,-0.011807063,-0.08608431,-0.047121458,0.031405248,0.022210216,0.08756632,0.07654201,0.092369996,0.05075017,0.011232499,-0.00026631594,-0.012389852,-0.088980295,-0.05471311,-0.030000858,-0.0838969,-0.069570094,-0.075794704,0.0613103,0.06097604,0.052654285,-0.09095941,-0.051614508,0.035155278,0.004856241,-0.061876953,0.0064057517,-0.009172514,0.07696782,0.04949506,-0.051667508
-0.05664716,-0.01732322,-0.044863414,-0.07437464,-0.07208836,0.0730441,-0.075459614,0.01789805,0.08398436,0.015934397,0.020494206,0.0007672642,-0.06892982,-0.06958683,-0.008011748,-0.04101362,0.008039357,0.042121485,-0.04074925,0.017847613,0.04218454,0.059893295,0.07435921,0.047834173,2.7849455e-07,0.05626686,0.009218544,-0.0816746,0.0036578753,-0.048758756,0.02823768,-0.036491413,0.042489987,0.040271927,-0.051894914,-0.04305902,0.0058266846,0.050346058,0.018378055,0.046173662,0.00283249,0.016330497,0.005151894,-0.009475681,0.08827345,-0.061846334,-0.0026832614,0.04969828,0.005701267,0.02996261,-0.053531867,-0.008248777,0.049017224,0.042853285,0.0048660827,7.139123e-05,-0.049819823,0.020645745,-0.047458433,-0.0072017587,0.044454966,-0.018493595,-0.05121083,-0.037033077
0.0046304837,-0.06027061,-0.01562094,0.09080578,-0.028594062,0.08970137,-0.0031069666,-0.016170394,-0.059982587,-0.09077182,0.060215227,0.03508928,-0.024483867,0.08208775,0.05215977,0.084065944,-0.02803739,0.038586922,-0.0802186,-0.04287708,-0.07907689,-0.017167788,-0.023837414,-0.08972105,0.00061255,0.055619087,-0.045500662,0.077870056,0.058469918,-0.065475225,0.08468791,0.0027762516,-0.019006547,-0.07076815,-0.057589512,0.07915422,0.06172693,-0.031400036,0.06880746,-0.030546643,0.0866182,0.016963443,0.06589925,0.012647813,0.02855225,-0.008661015,0.01179187,0.0023823034,-0.053845737,0.009104672,0.082600206,0.010787139,-0.0033898903,-0.06426666,0.0023747596,0.08500927,-0.043061525,-0.044947255,-0.015546001,-0.08942982,-0.046093613,0.026446592,0.00065124355,-0.01082934
-0.01568748,-0.060247574,0.02875758,-0.009701767,-0.01649899,0.049176548,-0.047522884,0.052571163,0.05117475,0.04920538,-0.0047609173,0.042924833,0.0048990427,-0.03790533,-0.043375254,0.101333834,0.07366112,0.08072023,0.021489995,0.0005739708,0.007572507,0.035596956,0.016365953,-0.00986803,0.055091467,-0.05554659,0.08214235,0.07110079,-0.0044082426,0.043214276,-0.0029906204,0.07780121,0.0875729,-0.07368029,-0.046353273,0.0026997547,-0.043287173,0.058592137,0.0239091,-0.046661448,-0.011645428,0.07306191,0.023167323,0.019639568,0.015946059,0.06402045,-0.08933709,-0.05297354,0.06924664,0.019697225,0.052953877,0.0035328378,0.07897972,0.04557291,0.012640651,0.041588284,-0.0052419,-0.016347408,0.04263973,0.05619591,-0.015326517,-0.011585818,-0.07668126,-0.036409065
0.060591456,0.06278011,-0.04417584,-0.027591722,-0.030220486,0.008545554,0.015578937,0.049579762,0.0012040458,-0.05274408,0.06003581,-0.0053845504,-0.06605491,0.08817366,-0.07589331,-0.025049245,-0.013709506,-0.01579392,-0.08708226,-0.005518191,0.030482356,-0.09626735,0.052166924,0.06595564,-0.07708261,-0.039981056,0.050756574,0.08637108,0.043321386,-0.066789426,-0.04742158,-0.09007522,0.07162098,0.09911646,-0.087507576,-0.085996784,0.07537212,0.030225765,0.010758033,0.0052324855,-0.072698064,0.03009519,-0.007379025,0.081082575,0.024957167,0.0416469,-0.050066844,-0.015396985,-0.061624166,-0.09048586,-0.078502424,0.00020150168,0.068982214,-0.004166473,-0.023147201,0.07985177,-0.04393451,0.055419184,-0.0054818746,0.04150733,-0.023001775,0.03468801,-0.06702767,0.05297509
0.07383809,0.03294724,-0.07315132,0.046348285,0.08989863,0.03801915,-0.01223108,-0.078728445,0.057646006,0.07190319,0.038326647,0.018204246,0.067615,0.024247251,0.002258843,-0.014759237,0.072227694,0.012317242,0.057204187,0.030412415,0.08241755,-0.037971053,0.07658418,0.0318923,0.015668912,-0.044356365,-0.052830104,-0.045738127,0.04790135,0.05721567,-0.056431774,0.03816992,0.045503717,0.05947662,0.051111482,0.013989569,0.0049461746,0.031348538,-0.017944718,0.027878743,-0.039006326,0.00010081727,-0.032167688,0.06402615,0.05480441,-0.03588869,0.003850298,0.012987089,0.048717864,-0.050541654,0.06679674,-0.08286344,0.032378666,0.018921668,-0.03154958,-0.0058830334,0.015961085,0.05858224,-0.012499715,0.04908321,0.057432782,0.07200076,0.07608232,0.03629469
-0.03318532,-0.08304566,0.013811998,0.024085699,-0.043405313,0.0668151,-0.0051918724,-0.05769859,-0.050832614,-0.08490516,0.06846165,-0.028605891,0.07974674,0.08827225,0.055225044,-0.0071536815,0.040358245,-0.031739693,0.017938804,0.085551776,-0.03672523,0.06433745,-0.089014985,-0.07651703,-0.022878941,0.04113958,-0.050475925,0.07593974,0.01571056,0.008894101,0.07830921,-0.030634478,-0.024556283,-0.047474857,-0.037328947,-0.06715002,-0.014928979,0.057745863,0.048870612,0.08073542,-0.08470116,0.07533616,-0.076381095,-0.07341884,0.03458834,-0.06848942,0.042960476,0.03596588,-0.0859903,0.0086877765,0.077565975,-0.040025983,-0.08728759,0.033437483,0.00923773,0.018716762,-0.02646298,0.03243,-0.011864804,0.00020563498,0.048309285,-0.062421273,-0.0060189283,0.06812139
-0.00059746165,-0.014791513,-0.0297974,0.09987629,-0.00682086,-0.045937076,0.04856646,0.08741107,-0.0038504272,0.02866285,-0.07607712,0.055159748,-0.07477119,0.012344501,0.037238136,-0.04926245,0.09494625,-0.024781268,0.093809925,-0.05177651,0.07633686,-0.07633802,-0.005724702,-0.0080513405,0.013827916,-8.494267e-05,-0.044445705,0.04811734,-0.011657346,-0.015892722,-0.062253073,0.06601887,0.046432838,-0.09283907,-0.048379455,-0.052967258,0.064248264,0.008789431,0.0074460506,-0.024115913,0.027595367,-0.07039317,-0.060509287,-0.05393938,-0.0125912065,-0.0038729522,0.0073307725,-0.06937149,0.07213063,-0.046855506,-0.07446399,-0.058497038,0.0593153,-0.078470126,-0.08756656,0.04001692,-0.01162698,0.05607384,0.0131536955,0.061100338,0.08736797,0.009186583,0.019364588,0.060145125
-0.051716253,0.07341131,-0.059415728,-0.009023914,0.025205255,0.050723646,-0.07510495,0.0914501,0.05125782,0.070281334,0.052653145,-0.08618622,-0.0743555,-0.08303693,0.0802153,-0.048634633,-0.043821357,-0.09180129,0.05831119,-0.08302609,-0.090423286,0.00643365,0.074993476,0.08231728,-0.068179786,-0.0567913,-0.055043083,0.0468374,0.08441821,0.04379025,0.020927487,0.067938164,-0.097739555,-0.058423553,0.051717795,-0.030968802,0.0727395,-0.011271829,-0.077348344,0.02263887,0.015460207,0.044645745,0.0744458,0.06776444,-0.083179496,-0.0036810995,0.033404898,-0.0160956,-0.063327424,0.06637964,-0.038261328,0.08690012,0.016813386,-0.075726554,-0.03634766,-0.015526326,-0.06779928,-0.029706726,-0.0014558964,0.052244164,0.061810732,-0.056053475,0.070777126,-0.05389435
0.014652786,-0.00032374993,-0.061080188,0.06588045,0.06496226,0.022439525,0.014685667,-0.052673243,0.0062443926,0.003460017,0.005711132,-0.07750951,-0.010604008,0.012186758,0.016407497,-0.006430422,-0.026737966,0.06928528,-0.05742243,-0.08577506,-0.010372968,0.010900299,0.021079237,0.014316924,0.011225824,0.071020275,0.01731838,0.033323064,-0.003983075,0.035244618,0.049208466,0.0031584152,-0.0086687375,0.055582404,-0.06263239,0.023077877,0.05571029,-0.08099068,0.002589838,-0.09722332,-0.0043751337,0.040120326,0.018441193,-0.036924418,0.022536641,-0.06860674,0.08959824,0.06666002,-0.06281691,0.00075295323,0.04353775,-0.06821926,-0.08575727,0.0015682892,0.067437075,-0.015728146,-0.07096516,-0.04599272,0.023861354,-0.007238639,-0.081896454,0.0059559685,-0.0021162422,-0.005108575
-0.081468195,0.07656375,-0.024111426,-0.038800634,-0.04591165,-0.06316574,-0.011044248,-0.037139278,0.032485086,0.03257642,-0.04743072,0.08227937,0.059674248,0.020886913,0.017563852,0.0013924191,-0.061558414,-0.0696349,-0.07879344,-0.05086044,-0.02242783,-0.014555029,0.04998145,0.016218001,0.008526289,-0.003705329,0.05301148,0.036258288,-0.04324757,0.013302041,-0.07210582,0.051100116,-0.07632688,-0.087209836,-0.037252653,0.008115181,-0.07245965,0.03076061,0.044651248,-0.054942776,-0.081554554,-0.07527543,-0.09099828,-0.042730134,-0.06735419,-0.08627421,-0.029403578,0.033467226,0.021343827,-0.05168124,-0.07549804,0.0020882194,-0.0372138,-0.007698408,0.07727885,-0.003068307,-0.0046315333,0.015962027,-0.026458926,0.08254469,-0.055796415,-0.008720026,-0.021711182,-0.06730656
0.060111806,0.06381976,0.011077097,0.002533218,-0.07378393,0.033421636,0.06313932,-0.08478089,0.0057115066,-0.008085501,-0.0040671146,0.057514466,0.06466563,0.07262567,0.0066083274,0.0197079,-0.060779843,0.03970474,-0.041432388,-0.045010578,0.031720117,0.02890499,-0.07531553,-0.056702178,-0.038344074,-0.08636571,0.055832434,-0.06800545,0.052670237,0.08610172,0.028551472,0.07175477,-0.06675672,0.0819105,0.034310643,0.010059808,0.015335193,0.05215643,0.040932443,0.08109366,-0.046290625,0.033070326,-0.019730056,0.013458093,0.009890636,0.044867158,-0.006240517,0.014338269,-0.066947825,0.08097475,-0.016933486,-0.0765664,0.06027683,-0.006730055,-0.048456904,-0.07823607,-0.046207387,0.08380458,-0.045904938,0.033212874,0.03548872,0.058168683,-0.016279917,-0.07614999
0.0058271172,0.04427935,0.05255313,0.03335295,-0.03597059,-0.026229328,0.029420523,-0.059715778,0.027124103,0.032125086,0.0021244546,-0.04463212,-0.039939534,0.014866741,0.018301079,-0.06996739,-0.083298974,0.014323571,0.025535133,-0.049792293,-0.014636013,0.01678828,0.024902347,0.009927413,-0.036083546,0.012910136,0.06556752,-0.01218784,0.034115784,-0.016623193,0.026957601,0.04238016,-0.016871963,-0.06438199,-0.061065294,-0.03184342,0.0053966804,-0.027005842,0.0100482525,0.07014943,0.015810745,-0.0058446866,-0.028875899,-0.072072,-0.038593672,0.0072378083,-0.011286491,0.077435665,-0.05959656,0.077909656,-0.00013863244,-0.031651296,0.008777946,0.06882844,0.023826903,-0.022350304,-0.03645809,0.07809631,0.06351606,0.010308988,0.03403804,0.054676674,0.014649264,0.01970936
0.06032364,0.08130149,0.007582147,-0.072465315,-0.079302065,-0.056723773,0.05173604,-0.059309766,-0.008201831,-0.0075367326,-0.08751685,0.045879737,0.06437181,-0.08513982,-0.02082891,0.013056161,0.039268564,-0.05539669,0.05593088,-0.038645327,0.08802417,0.064374104,-0.09531615,0.05122012,-0.023335947,-0.047844086,-0.03400892,0.0071958895,-0.04335762,0.00809927,0.036624514,0.08776501,-0.006656853,0.051562324,-0.07999371,-0.048509177,-0.039976,0.027781444,-0.04311783,0.056997567,-0.08883523,0.091733426,-0.025273912,-0.09593504,-0.076807275,0.009656805,-0.01621941,0.05011073,0.053019233,-0.082618326,0.0016696072,-0.085848495,-0.033202942,-0.005508156,0.017328482,-0.005169955,0.050817247,0.011379756,-0.08524711,0.008079095,0.05046682,-0.08204176,0.03589982,-0.06976537
-0.030390771,0.07478435,-0.049168874,-0.07529825,-0.07427286,-0.039563067,-0.056381527,-0.011977483,-0.07345382,-0.08463826,0.009997525,-0.083059,0.0542344,-0.085507736,0.01799723,0.06724934,0.0020667412,0.05156259,-0.019499332,0.075820014,0.030336646,-0.004925226,-0.023863995,0.02291768,0.075601034,0.04698885,-0.067474924,0.063011795,0.06267879,-0.0026842542,-0.011498853,-0.086719394,0.068568885,-0.013833269,-0.06345359,-0.0007658111,-0.04065284,-0.023773594,-0.045002848,-0.0005794306,0.029381346,0.052684408,-0.05237869,0.0062880064,-0.008785753,0.06302997,-0.044105813,-0.06573512,-0.06311493,0.044186767,0.06774441,-0.054276478,-0.06255049,0.0009384071,-0.029406365,0.051547635,-0.035625156,0.048413552,0.08938098,-0.024134528,-0.078149214,0.000121366014,0.044992954,-0.002488455
-0.04519922,-0.054624744,-0.021637825,-0.08239124,0.0050124694,0.037143648,-0.0119898645,-0.02435561,-0.05852574,0.006538376,-0.02992875,-0.01663858,-0.0014949482,0.02278491,-0.007995878,-0.055728428,0.08587461,-0.06005537,-0.08570533,-0.07314587,0.061661948,0.06837303,-0.003889747,-0.057321254,-0.06873997,-0.046440423,0.08137968,0.029013824,0.00414719,0.043706484,0.03306092,0.07873689,0.043588564,0.029239379,0.0011341551,0.07856384,0.074182324,-0.06876076,0.017577821,0.014520324,-0.066651024,0.08026846,0.058415357,-0.05479847,0.063623026,0.0119541725,0.06844181,0.04456072,-0.0007225041,0.029853547,-0.07096804,-0.034540504,0.04204756,-0.007318056,0.07900859,0.019546296,0.016349638,0.08530716,0.055541478,0.056942895,-0.07244808,-0.023363145,0.051021133,0.0834597
0.013432656,-0.0034371682,-0.02620357,0.021548735,0.07087007,-0.072012395,0.08833698,-0.038460292,0.011470254,-0.01238169,-0.0045657908,0.07109302,0.052589715,-0.05880397,0.061071817,0.048068006,0.07028652,0.08295367,0.06263962,-0.055903163,-0.02213788,0.025368301,-0.055575065,-0.00091778894,0.055679783,0.0028544178,0.07724812,0.08537412,0.014064267,0.03392655,-0.06554887,-0.060907602,-0.0170489,-0.010668937,-0.0004618765,0.05523287,-0.027955428,-0.028996982,-0.08089313,0.09066493,0.012781268,0.0615501,-0.004261638,-0.082132034,-0.08241656,0.050091118,-0.0060232715,-0.096731424,-0.03035013,0.059774242,0.06518878,-0.06083391,-0.03936531,-0.083597034,0.09130332,0.042140298,0.03385536,0.0860395,-0.0070694126,-0.054256104,-0.029621359,-0.02091219,-0.06481444,0.02315043
-0.015133746,-0.028637871,0.06313014,-0.034619205,0.08561825,-0.0016888629,-0.0445055,-0.03360329,0.017577907,0.04579182,-0.04195931,0.046146683,-0.001979592,-0.037578806,0.05945867,0.08841562,0.08909617,0.010262202,0.05304471,-0.029125623,-0.06843723,0.08504569,-0.00051027833,-0.049241375,0.0055298978,0.05634019,0.07337684,-0.014749771,-0.007138611,-0.018126389,0.081207305,0.070022695,-0.04727539,0.06608913,0.07147679,0.08703478,0.05234207,-0.061073188,-0.057748362,0.0011892945,0.019783089,0.069517985,-0.09202629,-0.005095631,-0.052231565,0.04357796,-0.0063840463,-0.0013265498,0.02059529,0.025883509,0.08560599,0.008893132,0.03175445,-0.07329428,-0.007598519,0.07088837,0.07668245,-0.059090577,0.062240418,-0.071941085,-0.084048726,0.003529078,0.0893643,-0.030747188
0.06841135,-0.05526585,-0.08749334,-0.028809361,-0.088970885,-0.013296349,-0.043985993,-0.084461294,0.046210743,0.00951063,-0.061644726,-0.08020465,-0.009981419,-0.014955427,0.039741486,0.0074603665,-0.05795843,0.075493574,0.046332076,0.0612398,0.011537705,-0.05003073,0.083864056,0.044016104,0.04385048,0.024967466,-0.076650545,-0.015768113,-0.085210435,-0.047246035,-0.08022754,-0.08317492,-0.021000268,0.0578908,-0.020973183,0.045368038,0.006015972,0.038530316,0.0018281852,0.008399613,-0.0023059603,-0.04379159,0.08989214,-0.084815145,0.035484828,-0.009028934,0.02390082,0.07666827,-0.086368926,0.010528533,-0.048971552,-0.008940606,0.07889729,-0.06384854,-0.01833545,-0.031826634,-0.036059927,0.05349372,-0.06239898,0.06201471,-0.04591681,-0.021359261,-0.082126744,-0.052357946
-0.06447899,-0.053011026,0.034329224,0.08969913,0.01067053,-0.07907274,0.07894472,0.01417545,0.05286799,-0.04190495,0.07950399,-0.027208468,0.06270501,-0.070638046,0.00090473355,-0.053366467,0.010087545,0.010234893,-0.055579606,-0.012724431,0.06989241,-0.03982825,0.03480071,0.015411855,0.024144374,0.06578104,-0.0682453,-0.07762209,0.023251783,-0.004522851,-0.07685202,-0.018383866,-0.08662819,0.0025838367,-0.033207133,0.010577146,-0.039587907,-0.01935952,-0.0039754244,0.07485921,-0.042373236,-0.0051768725,-0.074072175,0.067132235,-0.08480174,0.06962754,0.071820386,-0.03970043,-0.09343013,-0.005183265,0.09064799,0.000557967,-0.041320283,0.009417956,0.08213242,0.08812586,0.021555502,0.07689262,0.04652827,0.08459228,-0.100746535,0.053890858,0.07538804,0.038242526
0.07659044,-0.030532192,-0.0038055622,-0.0042802626,0.0075249337,0.07209531,0.06763184,-0.07924096,0.07741154,0.080695644,-0.082728274,0.057677045,-0.051138714,-0.049618762,0.021499684,0.01310439,-0.027709078,-0.07548465,0.014688309,-0.011578448,0.030784465,-0.05016127,0.07211322,0.00561596,0.050518364,-0.0951181,-0.026021289,-0.089409664,-0.012399012,0.054389566,-0.015767315,0.040475655,0.028487891,-0.042234305,0.05897334,0.011868049,-0.07936431,-0.006258694,0.06360616,-0.032999564,-0.053128924,0.012469363,0.087758206,-0.022716297,-0.06566588,-0.09097038,-0.012039024,0.010401731,0.05526412,-0.011392389,-0.05837727,0.07696244,-0.020081228,-0.0056782793,-0.06557742,0.082443014,0.052029263,-0.0031404884,0.07983251,-0.043801878,0.08076334,-0.04317659,0.039791167,-0.05405412
0.016686141,0.08821746,0.058706056,-0.0060860296,0.016365169,0.046029642,0.0011204988,-0.045597173,-0.09072302,0.01228043,0.056177553,0.06946268,0.011070273,0.047552206,0.041917626,-0.06241063,0.07708739,0.051299747,-0.041742068,0.072581455,-0.013815786,-0.0053977836,0.07824419,0.09225311,-0.06804696,0.08042384,0.030219866,-0.045507815,0.043585096,-0.011932693,0.0007673901,-0.03756728,0.011530237,0.01863331,-0.089822665,-0.077449314,-0.017258596,0.07078458,0.05422398,-0.03287976,0.03220406,0.06334287,-0.0032046016,0.08726023,0.054762524,0.03556752,-0.0062373406,0.02761154,-0.05170463,-0.004439998,-0.056202106,0.052642427,-0.030666132,-0.0030014177,0.041247196,0.07217138,-0.00696154,-0.0051675118,-0.061940055,-0.022124445,0.09306994,0.01856046,0.031145623,-0.073895775
-0.0010256135,0.07420502,-0.014957472,0.04208037,0.08089585,-0.035990372,-0.077616654,-0.015360059,-0.057830498,0.04666274,0.091091596,-0.06851681,-0.0034990374,0.055083565,-0.0019608238,-0.05692841,-0.07133799,-0.059739307,0.055041812,-0.06549614,0.066940576,0.027034838,-0.01709303,0.010185928,-0.05417437,0.053405,-0.07201915,-0.046542972,-0.0034365968,-0.06205779,0.0757274,-0.061117806,-0.006294384,0.011910512,-0.08450517,0.08610798,-0.0636887,0.056267604,0.025970522,-0.05436033,0.08630989,0.083502084,-0.0024603575,0.06831543,-0.074118294,-0.05362511,-0.07951575,-0.03637641,-0.08222944,0.0029554905,0.07927509,-0.019854931,0.09047266,-0.04050158,0.0038523916,-0.070610076,-0.071116686,0.08134382,0.06812287,-0.01192539,-0.051238317,0.014902942,-0.026989032,-0.061770733
-0.087346576,0.065844916,-0.06405986,0.014119156,-0.0037353772,-0.06106624,-0.0041325083,-0.06798692,-0.017220875,-0.056623824,0.055579733,-0.06429468,0.011896107,0.02593294,0.013237248,0.053583186,-0.07132486,-0.07349214,-0.017574603,0.055764068,0.08709181,0.072713085,0.056793515,-0.03155733,-0.08499268,0.027343214,0.033422403,0.053273156,0.002024176,-0.03902744,0.0062055867,0.06312701,0.06406344,0.002556072,-0.02304678,0.009909734,0.004400735,0.04346482,0.0895431,0.079755746,0.014991769,-0.0024918972,0.06831914,0.07385818,0.07078141,-0.044371013,0.0030046399,0.062094025,0.072234005,-0.04280147,0.015277718,0.0648389,-0.009545887,-0.038064815,-0.024783604,0.08598376,-0.010500306,0.014906661,-0.0008220062,0.035983156,-0.015288244,0.04712954,0.04648499,0.06240512
0.011392046,0.0023778826,0.041940406,-0.057451304,-0.08935694,0.05168392,0.07305182,-0.023071518,-0.043562353,0.08042937,-0.01574801,-0.08879099,-0.0704766,-0.010628651,0.022885969,-0.08157827,-0.021972176,0.069845416,-0.07084809,0.008652588,-0.09087948,0.07169562,-0.013216765,-0.016661815,0.027240556,0.064284526,0.07035714,-0.08307733,0.04626745,0.0067007355,0.033141494,-0.0589898,-0.049665373,0.071897306,0.07433751,0.06598549,0.057253316,-0.07176658,0.08049294,-0.027377002,0.012538831,-0.014588652,-0.028736658,0.057393704,0.052455686,0.052760806,-0.09354364,0.043871917,-0.05382438,-0.07116889,-0.044349108,0.062011976,-0.032461267,0.03135688,-0.0554278,0.06920364,0.04368658,0.060116794,0.07791337,-0.031222608,-0.06747122,0.09051733,-0.068613276,-0.076066025
-0.06260149,0.06503733,-0.0043123704,-0.05385961,0.0175983,0.059126906,-0.040637836,0.06914725,-0.0064500254,-7.5912016e-05,0.0014296646,-0.014358677,0.07565453,0.06670903,0.061547283,-0.02705953,-0.047591463,0.062214207,-0.013071334,0.04114923,0.080857106,0.007944508,-0.05162855,-0.090237886,-0.011684234,0.018362932,-0.0482006,-0.02477647,0.01845472,0.086110175,-0.008949101,0.000968224,0.06426551,-0.01237714,0.0008714491,0.0036444052,0.021208942,-0.06448355,0.08527111,-0.008843212,-0.033383,0.04645302,-0.051598005,-0.074162416,0.06247319,0.058554605,-0.040881358,0.043476075,-0.063403755,-0.047566324,0.048256133,0.076285355,-0.055801995,-0.0035766086,0.056849703,0.034016397,-0.0448614,0.062915005,0.05944201,0.050062373,-0.008982343,0.04976612,-0.016310388,-0.06693117
-0.06739304,0.06740153,0.010064575,-0.04633142,-0.047294606,-0.054157797,0.07650105,-0.07652128,0.017540054,-0.038590033,-0.07548226,-0.018381054,-0.068096526,0.02555326,0.050442237,-0.023199512,-0.05040534,0.05307045,0.08302734,-0.012531365,0.014354455,0.023171416,0.014852394,-0.021672137,-0.014135337,0.041280996,-0.042838097,0.055680934,-0.044344924,-0.0010881076,0.054786127,0.02280041,-0.034837727,0.021715112,0.017600106,0.0035821209,-0.031825744,0.054692965,-0.062260956,0.014690286,0.048956595,0.081901774,0.07320268,0.06340725,-0.011386044,0.059797395,0.075892605,-0.07797499,-0.00730264,0.020161733,-0.041551087,0.034969326,0.005909278,-0.023569714,0.08486479,-0.08055094,0.040859323,0.0062821684,0.017743563,0.0016743322,-0.013752844,0.010810684,-0.086315,-0.04630886
0.023198735,-0.04337672,-0.06275376,-0.023547888,-0.06990341,0.079781614,0.059954915,0.06277372,0.05611863,-0.042537086,0.062793426,0.07121731,-0.002882353,0.040183373,-0.031172981,-0.005648492,0.033010975,0.077632844,-0.046279255,0.053221855,-0.015914662,0.058037706,-0.02125488,-0.014496865,-0.0014502563,-0.07272354,-0.013382591,-0.056275435,-0.080224305,-0.05287245,0.067749955,0.08224582,0.08483798,-0.011299079,0.040964622,0.05162358,-0.065408155,-0.049584128,-0.0017807961,-0.052950956,0.078763425,0.061755322,-0.041171063,-0.054523796,-0.054873265,-0.054490216,0.034332193,-0.037446454,0.040362258,0.074236766,-0.011736146,-0.045729447,-0.057141177,0.0663877,-0.04431905,-0.06150669,-0.056793634,0.04967047,-0.003566878,-0.01476522,0.04311956,-0.036862276,-0.03837211,0.053651962
0.070013404,-0.0395311,0.05559876,0.00216017,0.08086427,0.008990772,0.08024649,0.052023076,-0.073006846,0.07569981,0.020504378,0.044194784,-0.00013941937,0.08378496,-0.09451729,-0.066659376,-0.053600986,0.0067248903,-0.014194859,0.093420245,-0.026310867,-0.0011485567,0.0044834847,-0.023250839,0.07832072,0.050369024,0.008704307,-0.0068787844,0.057280865,0.086363636,0.06734391,0.04384238,0.010028692,0.03471429,0.048273306,-0.003297756,0.026536068,0.06631062,0.030278383,-0.05328127,1.0742442e-05,-0.010182761,-0.045059204,-0.06063594,0.0172147,0.06002044,-0.029758433,-0.09200572,-0.01645281,-0.033652004,0.0032463558,-0.06999014,0.08365699,0.019037077,-0.059027743,-0.078908384,0.0007466331,0.04934348,0.004606166,-0.032776523,0.047351304,0.04497278,0.08171834,-0.018037537
0.03341034,-0.085490026,-0.011142628,-0.086296685,0.06698101,-0.011826316,0.08554969,0.066692375,-0.072743714,0.012748026,0.0856336,-0.022837132,0.09737861,0.07372328,0.07762452,0.005148628,-0.020012867,0.008194536,-0.057714026,0.014488604,0.05385005,-0.084790565,0.050908834,-0.07655059,-0.00020469486,0.07149669,-0.029768525,-0.08149995,0.036173318,0.041145734,0.09219084,0.005740978,-0.07757308,-0.092822924,0.07997434,0.026538191,0.07624179,0.06121672,0.08996017,0.0003053709,0.067746945,-0.05863388,0.057287373,-0.050125062,0.030933933,0.06452897,0.013972322,0.08525411,-0.081879094,-0.018210871,-0.009356031,-0.07027093,-0.083815955,-0.0822065,0.06654805,0.023421733,0.06698409,-0.0885832,-0.09780348,0.06196814,-0.06540386,0.054345854,0.028403569,0.023470523
0.03153729,0.028410349,0.06501762,-0.0893104,-0.047922775,-0.059692636,-0.070371605,0.054620937,-0.0035369804,-0.004272272,0.061715145,-0.007497573,-0.06244537,-0.029182013,-0.0062612295,0.051441845,0.0049032434,-0.038821414,0.069631755,0.066071406,-0.06727357,0.05070574,0.0070936433,0.08325314,-0.012542028,-0.02286333,0.07109626,0.08516891,0.022751704,0.018365616,0.049961846,-0.07012597,-0.06132898,0.011331643,0.006669696,-0.00056866,-0.00936854,-0.039976135,0.004192869,0.012913284,0.046866186,0.04228404,0.0063797254,0.073430076,-0.0024632642,-0.053919323,-0.07991259,-0.07865147,-0.029399825,0.0060813148,-0.057486743,0.06533727,0.051668655,0.043061867,-0.08923384,-0.044403814,0.068478175,-0.057133082,-0.009562997,-0.03126485,-0.09125591,-0.05832045,0.049521834,-0.050059568
-0.015452558,-0.087115,0.013749094,0.06673489,-0.010613625,-0.0786241,-0.03812437,0.002241732,0.07868587,0.009469278,-0.010069873,-0.006200886,-0.014708822,-0.0522367,0.090698175,0.059755646,0.061051544,0.0070626475,0.03623686,-0.054744363,-0.027410908,-0.07543013,-0.062311262,0.08298812,-0.05809019,-0.004462981,-0.018271653,0.09772658,0.056104656,-0.087121725,-0.0854605,-0.052022446,-0.08971279,-0.085912004,0.008137685,0.018479807,-0.043441884,0.003566884,-0.036531884,0.04027705,0.018306974,0.06944156,-0.020033298,0.0035033294,0.025376434,-0.06844564,0.041214533,-0.06046726,-0.054988783,-0.021984406,-0.02573539,-0.06579205,0.038142603,-0.025388524,0.0880889,0.0034830112,0.0851721,0.017787034,-0.051651627,0.06105552,-0.05690149,-0.031526867,0.044042204,0.05527134
0.070047066,-0.04509462,0.051795885,-0.08037847,-0.0038469532,-0.06339317,0.02187732,-0.0073245703,-0.053098805,0.05915866,0.06305105,0.06506431,0.022770686,0.0064275037,-0.062248316,-0.0020337156,-0.056808926,0.02906679,0.05679613,0.042004034,0.083509475,-0.00061013503,-0.08882326,0.044036515,0.072502874,-0.011507371,0.023267884,-0.008675628,0.019953797,0.018152583,-0.08835403,-0.05563589,-0.009739901,-0.002048118,-0.027945288,-0.039999697,0.011063748,0.0800688,-0.008425031,-0.012646705,0.046572655,0.00721859,-0.08759794,-0.09392763,0.019982288,-0.030598978,0.08276079,-0.05632215,0.056870256,0.05966836,0.05619425,-0.056601807,0.0010056815,-0.053547423,-0.043875422,0.031047896,0.00024782313,0.048164736,-0.034190122,-0.022583026,0.0048291744,-0.04715223,0.051659904,0.013450912
0.06304967,0.043427438,-0.060981628,-0.023144012,0.007994644,-0.05768674,-0.007465347,0.03711935,-0.06191448,0.012340413,0.07677023,0.0038311405,-0.046910215,0.07065402,0.08484347,0.08683342,-0.05080635,-0.08055566,-0.0025903434,0.016644103,-0.06715069,-0.043696657,-0.06493514,0.0376816,-0.09359457,0.08893137,0.08663029,0.00011129535,0.044034015,-0.05641577,0.020515637,-0.018391501,-0.077602066,-0.056712873,0.04208888,0.055661526,0.085319534,-0.06480691,-0.07339889,0.049866933,-0.012947285,-0.04642868,0.06184067,0.0878839,0.068892,-0.03847848,-0.054714374,0.079419255,0.066657156,-0.06675649,-0.037127737,-0.040761624,-0.016029375,0.07882074,0.048758592,-0.046911273,-0.0017641904,0.038144305,-0.045768544,0.086792596,0.053577647,-0.019805,-0.056440935,-0.05049738
3.3630116e-05,0.061052833,-0.047056563,-0.0054014665,0.072358064,0.03362596,0.025946157,0.08703501,-0.045114346,0.03297304,0.0058500664,0.02961867,-0.058450505,-0.078677565,0.0050032306,0.009764199,-0.04295513,-0.03864654,-0.0014125356,0.0025948226,-0.04999538,0.09643318,0.01653627,-0.034948286,-0.06857075,-0.02230142,-0.02967487,-0.06749307,0.010558195,0.02192941,-0.078557216,0.02782884,-0.08875008,-0.013355855,-0.06476815,0.068818256,-0.07355122,-0.07977718,0.011242707,0.018589923,-0.0713803,-0.05440435,-0.086008534,-0.0035619976,-0.043185838,-0.03905431,-0.054763153,-0.0014855674,-0.079380825,0.050698873,-0.04507399,0.011657405,0.019642847,-0.07987916,-0.08816097,0.050817143,-0.006016511,0.005675717,0.041997243,-0.010327037,0.03815093,-0.048465926,0.024286026,0.02436869
-0.017438205,0.032392405,0.008338037,0.025620813,0.05796111,0.003104082,0.0020002036,-0.014074336,-0.0448842,-0.022348352,-0.026852408,-0.05463435,0.07483846,0.087767616,0.006325108,0.0068808226,0.07261589,-0.014255576,-0.0034596657,0.040540587,0.0077965716,0.07276222,0.07108202,0.05902187,-0.01538657,0.01437404,0.030096326,0.054606635,-0.03616671,0.06219964,-0.088027954,-0.06467248,0.043202467,0.048850995,0.060387373,-0.058692712,-0.0800773,0.012347458,0.053156976,-0.06478368,-0.009408322,0.038759384,-0.015986647,0.021606075,-0.05424886,0.076407455,0.07492844,0.08125265,-0.07838944,-0.03870352,0.019847192,0.049768694,0.06905698,-0.0058743674,-0.065878525,0.09036175,0.0025594013,0.0051726163,0.011066291,0.00038360813,0.05621304,0.004641916,-0.06765442,0.037698753
0.004093158,0.015469848,0.003455325,-0.016469056,0.076249935,0.054588847,-0.04612707,-0.07102874,-0.052588638,0.08915422,-0.024720179,0.028609771,-0.0032036663,-0.06117005,-0.014585918,-0.065465525,0.049888313,-0.060909107,-0.018019857,-0.09541657,-0.014802506,-0.015388889,-0.0069527053,-0.058321003,-0.049906403,-0.07214436,0.0077325003,0.008662027,-0.07882839,-0.07448472,-0.02836021,-0.058183026,0.00026090365,0.011454374,0.08018406,0.049493045,0.023894334,-0.089855224,-0.015276906,0.020391872,0.009237178,-0.031054044,-0.014915071,0.076756924,-0.06136211,0.05431402,0.011706089,0.0032598397,0.04785872,-0.050128296,-0.019965256,-0.037984155,0.05716038,-0.051986527,-0.06543124,0.10127669,0.038047545,-0.049098197,-0.08096523,0.06410325,0.048413556,0.0006882304,-0.042577,0.05751892
-0.06777748,-0.0066331797,0.088012226,-0.035895877,-0.07627525,0.059656616,0.0064096637,-0.00018078969,-0.021717329,0.04578036,0.07289843,-0.07095914,-0.043655865,0.010135997,-0.012437152,0.06676478,-0.031014953,0.0106858285,0.002950252,0.013854367,-0.058610573,0.06741005,-0.01616926,0.046575673,-0.08078075,-0.028034588,-0.040500756,-0.07531939,-0.041344497,-0.014684651,-0.062461622,0.018155772,-0.001911318,-0.0068401303,-0.032464724,-0.014849078,-0.07479863,-0.08974307,0.013924438,0.025211694,0.015227356,-0.08863009,0.036414746,-0.0075954013,-0.08103972,0.07223424,-0.08504203,0.027441463,0.035271995,0.042707384,-0.004666635,-0.07117451,-0.045761444,-0.06885858,-0.07030789,0.02919478,0.022933543,0.007829097,-0.071191974,-0.06815163,-0.062213957,0.039175346,0.003751081,0.0062070307
-0.0059009846,0.04947139,-0.031306103,-0.0022051088,0.024957452,0.012859387,-0.028001215,0.017647438,-0.030884326,0.06460017,-0.032424934,0.009108681,-0.0076389103,0.008029092,0.075601675,0.020452213,-0.009594247,0.0055577015,0.05825965,-0.07073962,-0.05371818,0.024332246,0.02530158,0.026772507,0.025853684,0.05375178,-0.021734174,0.05896128,0.019916441,0.0017647871,-0.054612957,-0.018164812,-0.040008124,-0.029705722,-0.062045794,0.06789322,0.0434223,0.062691234,0.011538202,-0.022810604,0.021906309,-0.06746537,-0.06085301,-0.021288011,-0.048775956,0.042072374,0.0040632603,0.011114859,0.0017282009,-0.024122111,-0.01188284,0.040048655,-0.030195894,0.05920037,-0.002244771,-0.00938684,-0.027310729,-0.021768754,0.066584006,0.043592796,-0.0037727416,-0.04211469,0.050458346,-0.07551231
0.0028528632,0.053578407,0.023527691,-0.0066581257,0.066576675,0.07474194,-0.04705853,-0.08098842,-0.020092359,0.026369255,-0.0046774554,-0.046825,0.0892218,-0.085687816,-0.014440568,0.079572104,-0.082197584,0.005044678,0.06527969,-0.07901462,-0.015578176,-0.067773744,-0.059601746,-0.012832291,-0.07949767,-0.07870659,0.047934603,0.017597051,-0.03904542,0.075624235,-0.026117472,-0.009514916,-0.027324272,-0.08460133,-0.013069327,-0.08239775,-0.033745665,-0.02207059,-0.053208105,0.058489434,0.07071649,-0.036207642,-0.042854156,0.012024704,-0.029895809,-0.01418184,0.063115,0.077199854,-0.03042792,-0.020183306,-0.04753716,0.077418864,-0.00764679,0.082896315,0.02355756,-0.014512078,0.057909098,-0.011457028,-0.04079828,0.09231276,0.0049671745,0.08077337,-0.057646737,-0.046427384
-0.058651537,0.079275355,0.05013216,-0.06870388,-0.08107976,-0.07458851,-0.07766106,0.04476705,0.0047864993,0.0060972674,-0.01345648,0.012780234,0.013431442,0.09142941,-0.062893175,-0.08741554,0.039503,-0.07925429,0.08841163,-0.07234617,0.08358349,0.011242037,-0.08445124,0.066817366,-0.020796768,0.028395064,0.050015643,-0.02670545,0.027896535,-0.06734457,0.016065557,0.045984022,0.012572455,0.07948766,0.07824312,0.003463477,0.0023571556,-0.00019073949,0.035555933,-0.017996067,-0.01775842,0.0051698373,-0.043008532,-0.004086129,0.056282166,0.009976547,0.010199855,-0.015773294,-0.09187993,0.057932198,-0.073284484,0.058523044,-0.07265342,0.013772974,0.017864097,-0.08632169,0.016714498,-0.075180344,-0.011343863,-0.09104251,0.043123648,0.079832844,-0.024469508,0.008933931
0.0029698205,0.08120573,0.035808906,0.04729393,-0.028347997,-0.052261073,-0.023491103,-0.08381569,-0.056796987,-0.05239522,-0.036615543,0.05278254,-0.07789672,0.05605793,-0.0100145005,0.062046826,-0.077282265,0.030898366,0.06366493,0.08334463,0.040971033,0.009496978,0.0486277,-0.04647558,0.012767974,-0.08126587,-0.057630327,0.07716696,-0.06556794,0.004486314,0.0406789,0.00912798,-0.08880846,-0.019484121,-0.08376486,-0.072457634,0.012653223,-0.06660805,-0.05349577,-0.013098019,-0.08600674,0.036742084,0.056447092,0.02960892,0.06536025,-1.8810111e-05,0.0016409154,-0.043690905,0.08497613,-0.013370133,0.004005128,0.032615248,-0.07214446,0.0034562468,-0.03077234,-0.04950129,-0.07984444,0.052545752,-0.056670338,-0.06964098,0.06284843,-0.060108718,0.053659655,0.011409274
0.019787965,0.050057847,-0.061263185,0.047446575,0.083213724,-0.0016008266,0.0028364637,0.036657833,0.013157182,-0.054036725,-0.086101845,-0.007899753,-0.026369555,-0.043566238,-0.040887106,0.039014176,-0.05418069,-0.04203757,0.056554127,0.059983708,0.01752288,-0.05812422,0.026415376,0.043770283,0.016055208,-0.05755208,-0.05979858,0.059957165,0.016935442,0.0023371978,0.02726607,0.010483767,0.0862086,0.04659869,-0.067388326,-0.064992286,0.015218165,0.067813136,0.0046525165,0.048493482,0.008582413,-0.08428444,-0.040897004,0.01419156,0.06991938,0.08745616,0.008457664,-0.022059005,0.0077363914,0.024462707,0.04096868,-0.064471185,-0.036898416,-0.059757262,0.018115165,-0.07098345,-0.0091257,-0.08005698,0.010615049,0.029541504,-0.002044742,0.080441065,0.034343705,0.011159896
-0.05869553,-0.08313039,0.02585808,-0.08953485,0.015642809,0.081091255,0.057726104,-0.06765029,-0.0063331365,-0.014915618,0.038102034,0.016093925,0.015464271,0.042404447,0.019544175,-0.0034313241,-0.08465967,0.02745109,0.004411646,0.01899632,-0.071528986,0.056428876,-0.00947834,0.0499973,0.004706367,0.003063277,0.042563196,0.08525774,-0.07366569,0.05989101,0.06546397,0.029100792,-0.06399485,-0.090610415,-0.06385707,0.021951457,0.064437844,-0.06839737,-0.040685173,-0.08038733,-0.07854871,0.07123216,-0.08870437,-0.009879744,0.005348616,-0.009037379,-0.033170734,-0.0665402,-0.058144875,-0.06421565,0.022510009,-0.04407076,0.045971226,-0.079419516,-0.08632574,-0.011370629,-0.093000755,-0.05071859,-0.006620316,-0.017011994,-0.033068772,0.01655658,0.050940957,-0.021071378
-0.004979692,-0.08765126,0.0788459,0.03607008,-0.049565602,0.038019426,-0.06120564,-0.08798678,0.06973077,0.0135359485,-0.01897757,0.03889183,-0.08265424,-0.03687241,0.086420015,0.005962548,-0.06353491,-0.08362893,0.024495943,-0.027325159,-0.025673125,0.00034498982,-0.002161985,-0.089009754,0.021272032,-0.07613302,-0.015789403,-0.012637902,0.044666745,-0.08265351,-0.09065705,0.052014146,0.043338798,-0.06230488,0.04263025,0.04352595,-0.08265042,0.034423698,0.006522546,-0.0238763,-0.024777303,0.0127715515,0.043300573,0.047504608,-0.009288628,0.030098535,0.090270974,0.026607044,0.05284414,0.03147721,0.045397606,-0.027497562,0.006203094,0.08583775,-0.0040013376,-0.0071404222,0.06544903,-0.0059596123,0.07744349,0.03253168,-0.06685525,0.0037631714,0.08155702,0.07422301
-0.012610396,0.016302273,-0.06092517,-0.08147979,-0.043615114,0.05004215,0.076897666,-0.0044952095,-0.034021668,-0.06278022,0.06651712,0.035638217,0.022960898,0.02822215,-0.034583237,0.0657031,0.07638699,0.018394321,0.028816689,-0.03796048,-0.059496973,0.059952542,0.07959446,-0.016816715,0.057580605,-0.038445745,-0.009967891,-0.016286273,-0.014562349,-0.00404012,-0.050973225,-0.0013194828,-0.056544397,0.055229124,0.008126597,-0.033975214,-0.0070077293,-0.06191154,-0.01414082,0.012600033,0.04182142,0.081378885,0.025235686,-0.0155747505,0.011902956,-0.08859689,0.0026634547,-0.06885386,-0.088328086,0.067889504,0.025884926,-0.006786107,-0.00083796144,-0.01283698,-0.08775207,0.0017545907,-0.087969944,0.0357346,0.06767929,-0.06953498,0.08079494,-0.018244097,0.033622917,-0.07849245
-0.013251377,-0.07640082,-0.033814285,0.017032139,-0.08124958,-0.05398925,0.0372854,-0.0828971,0.048512932,0.010558842,-0.022956673,0.06269181,0.056971177,0.05953984,-0.024887962,-0.006481716,0.07746614,0.0067826835,0.07149987,0.09052146,0.018284187,-0.0754273,-0.052009474,-0.050898146,-0.05572139,-0.036226727,0.00095983595,0.084160455,0.05032888,0.027903728,0.056864426,-0.017410241,-0.015043494,-0.037678167,0.0521904,0.044213343,0.06410739,0.08678038,0.0547209,-0.007451502,-0.070267186,0.082277544,0.092092045,-0.08319655,-0.087797806,0.06720783,0.060916286,0.049252722,0.023154914,0.0583443,-0.0370314,0.07011045,0.09381587,0.027701743,-0.019635372,-0.057082813,-0.07006047,0.038154814,0.040459428,-0.07503569,0.009141632,0.03927598,-0.0904828,0.06837518
0.020764977,0.013564175,0.0063935705,-0.02799045,0.047589526,0.051548142,-0.08316506,-0.017969573,-0.021660244,0.0680584,-0.060458064,0.05382493,-0.018443037,0.013078222,-0.043234,-0.045495998,-0.0394845,-0.039398752,-0.045556527,-0.07361427,0.07407906,-0.064668,0.06564019,0.062995255,0.0004815368,0.0011391239,0.02620215,0.023398696,-0.00041892228,0.03869345,0.0141134085,-0.052216128,-0.05423524,0.018148296,-0.064282015,0.016637279,-0.07577131,0.077769876,0.0053998884,-0.017596906,0.050510287,-0.02653101,0.015105969,0.019987715,-0.07888769,0.014365796,0.05686652,0.033622608,0.051823895,-0.017887218,0.0030463638,0.072148666,-0.050944228,-0.074624,0.033047594,0.0073451665,-0.0046704174,-0.05023728,-0.07361862,0.077193834,0.06805605,-0.048998438,-0.056764085,-0.01073805
0.059667837,0.019402487,0.031464648,0.016657546,0.063457325,-0.057547163,0.0120934,-0.062437434,-0.090741456,-0.021922113,-0.059846155,0.09421142,0.000962774,0.015645934,-0.094748534,0.035993837,-0.062134586,0.052284118,0.01994181,-0.008093199,0.031009128,0.10189364,-0.058551155,-0.0075993896,0.01613047,0.09844683,0.06729459,-0.08589864,-0.04902711,0.023991566,-0.0860858,-0.057893462,-0.043559935,0.06857557,-0.044454258,0.0029937108,0.0069661355,0.086775176,0.08571788,-0.021317739,0.06811422,-0.044359233,-0.07902129,-0.08738224,0.03172926,-0.036694624,0.052941162,-0.041200668,-0.085475795,0.09124484,0.0123396125,-0.0018319404,-0.026054433,0.078849904,0.08903772,-0.05388405,-0.045750685,-0.00027788442,0.012968629,-0.03432787,-0.06168322,-0.012136559,0.072871804,-0.07169923
-0.027442986,0.07857431,-0.08296453,0.011830151,-0.047519185,0.030552268,-0.025499646,-0.04494173,0.059786413,-0.07946592,0.05991375,-0.0012208759,-0.02827993,0.08631559,0.07844314,0.07955626,-0.08294163,-0.024705652,-0.05867924,0.025948448,-0.015341085,0.06067124,-0.022119954,0.017614178,0.07226532,-0.012841409,0.0041843774,0.08500053,0.06847611,0.026417619,-0.074652106,0.056811336,-0.09104013,0.074276276,0.07696463,0.089234464,0.021138329,0.066596314,0.0069243717,-0.037649646,-0.04740374,-0.06903221,0.03025592,0.089872055,0.055328008,0.04711724,0.08843963,-0.045280658,-0.007970104,-0.05967996,-0.067730054,-0.0050568543,-0.07778571,0.046835642,0.026550025,0.0060253358,-0.09283981,0.044853337,-0.012419973,-0.07007976,0.04459279,0.022711761,0.088636145,0.08613653
-0.07013819,0.026810968,0.002805288,-0.012297008,0.03497621,0.038612835,-0.054171186,-0.06160827,-0.03392799,0.0003416543,0.015912162,-0.007143439,-0.01737941,-0.063504025,-0.09481408,-0.040298715,0.025739782,-0.08511783,-0.0123931505,-0.016750362,-0.030721337,0.040908746,-0.030038778,0.060194556,0.09070051,-0.010826557,0.0025330605,0.051008463,-0.038797352,0.05149068,0.06466681,0.036071725,0.051646575,0.081574306,0.07281695,-0.014005331,-0.06742421,0.045265477,-0.050165597,-0.062642984,-0.057864927,-0.049980383,0.0238407,0.07433389,-0.015406738,0.064575896,-0.060844492,-0.086372264,0.0069315056,-0.005608474,-0.09088982,0.034577645,0.070772395,-0.056383774,-0.054851208,0.0026294028,0.07484175,-0.058164086,-0.04284597,-0.06284443,0.07853891,-0.050278477,0.008838948,-0.06214586
0.08042346,0.08047273,-0.012419475,0.05805381,-0.078315526,-0.03531555,-0.049765393,0.0019848463,-0.007534041,-0.014415349,0.07553108,-0.04675159,-0.061735652,0.09215525,-0.06492831,-0.022007091,0.004816572,-0.010322365,-0.02724781,-0.042632576,0.032212663,0.0614044,-0.07634038,-0.042652987,-0.0073670708,0.06921534,0.02762299,-0.08219051,0.08691962,0.029544275,0.07221533,-0.06628351,-0.085451916,0.029632153,-0.0630174,-0.06633646,-0.09275009,0.02085323,-0.017166158,0.06284148,-0.05579462,0.052262925,-0.08747443,0.010301236,-0.0134284515,0.046010982,0.0727059,0.06246142,-0.06497254,-0.069085486,0.08016772,-0.055848025,0.032639366,0.048340224,-0.060195472,-0.053057484,0.018288055,0.059422676,0.0844867,-0.018529506,-0.050013334,0.012322344,0.09345126,0.028650587
-0.056561086,-0.009946904,0.007827647,-0.08008016,0.011192451,-0.056682184,0.09142046,-0.00054962165,-0.06760966,0.0654573,-0.0025690235,0.014853298,0.042483456,-0.0029424108,0.068155386,0.03945518,0.014607006,0.008630231,0.022054141,-0.030652381,-0.0002131369,-0.05383283,0.05376154,-0.031875238,-0.0034630625,0.0030681463,0.07470973,-0.0040385905,0.058727592,-0.0010819181,-0.0498355,-0.01300142,-0.08790339,-0.007023814,-0.05172319,-0.018603232,-0.030423382,0.06040582,-0.0026348028,0.018894235,0.04164619,0.08201771,0.08288406,-0.06355811,0.031369824,0.030861676,0.08072973,-0.03128382,-0.055399094,-0.017480358,0.0159803,0.050138872,-0.05117716,-0.029107053,-0.085131735,0.00091723964,-0.014953173,0.06268116,-0.0052585844,-0.057295777,0.052753374,0.022500655,-0.00078273506,-0.007902789
0.07538242,-0.057618327,-0.04111434,-0.087209,-0.05884246,-0.005855878,-0.01397892,-0.03648502,-0.06329066,0.07072698,-0.084793724,0.05605849,-0.06618102,-0.031959638,-0.03752391,0.088736564,-0.066783935,0.018769022,0.06650992,0.058051243,0.06752537,-0.05255674,0.04775641,-0.0063832295,0.043988794,0.09129569,-0.050319616,0.070223495,-0.043806322,5.1343755e-05,0.014034094,0.058771744,0.051171493,-0.06492597,0.053768065,0.005753774,0.04614007,0.014036562,0.0010547402,0.061713405,-0.044501893,0.086141646,-0.045289434,-0.059821263,-0.070180066,-0.03922723,-0.024875803,0.025394013,0.01958674,0.043267038,-0.024228312,0.07627668,0.036119644,0.00032154558,-0.003171403,0.04139546,-0.08530421,0.05111187,0.042393282,-0.065091364,-0.03374542,0.001792606,-0.00095317146,0.014916379
0.047447022,-0.037201732,-0.011072906,0.08319397,-0.04561708,-0.07975688,-0.0766793,-0.018183533,-0.010997323,0.0016839888,-0.016094971,0.036775786,0.07016769,0.061073978,0.003611825,-0.00087205815,-0.041999493,0.010279585,-0.049361527,0.067997485,0.07295263,-0.014127516,0.040138412,0.0014620335,-0.056581747,-0.041249085,0.09507784,-0.09184643,-0.070771076,0.017234616,-0.06270258,0.09440386,0.05018473,-0.07140861,-0.060163215,-0.03728793,0.025285063,0.014389753,0.01279761,0.053277563,-0.075096466,0.073334284,-0.06520536,-0.06622092,-0.059805922,-0.060525537,0.009613326,0.011135492,-0.018189939,0.0545023,0.046440575,-0.012904239,0.01664476,0.054432817,0.0051436885,0.064041056,0.014721348,0.07923595,0.008087255,0.012495879,-0.08448039,-0.014990129,-0.072101176,-0.0319495
-0.019291654,0.05768208,-0.08092004,-0.06509803,0.016913893,-0.06460249,0.020844989,-0.012934028,-0.06919139,0.008142618,-0.08012451,0.006559983,0.03837001,0.0013588592,0.07904102,0.07160969,0.060514353,0.0016099421,-0.026774846,-0.08178043,0.043858856,0.04448797,-0.0013299526,0.030091189,-0.052295722,-0.051608145,-0.06977746,-0.039732166,0.061234504,-0.060680088,0.013462411,0.07941193,-0.012118405,-0.034911357,0.054459047,-0.07300685,0.011346737,0.019198874,0.0025571818,-0.0810663,0.06279813,-0.07290757,-0.019023878,0.011373104,0.0029149195,-0.013251327,-0.028927946,-0.006158169,0.06754777,0.07599387,0.03590332,0.018702008,-0.03174738,0.008852615,-0.0726094,-0.019059712,0.013709916,0.07802923,0.06577883,0.0456153,0.004388636,-0.06406722,-0.01676729,-0.05297205
-0.07354015,-0.06502913,0.06878027,0.059156045,-0.012771263,0.086526506,-0.00027307335,-0.029373625,-0.06433213,-0.07340614,0.07356389,-0.024344271,-0.05180831,-0.0656214,-0.05654396,0.064590566,-0.0070789442,0.04889437,-0.0852356,-0.07543964,-0.04246022,0.09195254,-0.029305482,-0.020988636,-0.05083862,-0.01566695,-0.04355102,0.04924908,0.049053095,0.022489607,0.04180613,0.002409293,0.07589745,0.016310709,-0.0006727395,-0.06728914,0.048786394,-0.021232307,0.04811245,0.0729606,0.044722024,0.06109639,0.07294251,-0.07715299,0.06402188,0.029167265,0.0067280773,0.071938954,0.05681412,0.08848749,-0.046461727,0.012641334,0.07072632,0.021572124,0.027518412,-0.069968104,-0.014878283,-0.009387667,0.064814486,-0.050886374,-0.06688367,-0.0738679,0.021677459,-0.05454075
0.07753421,-0.0025763747,0.09299605,-0.009296491,-0.039803743,-0.04918936,-0.05846489,0.08950219,0.059226077,-0.079902075,-0.025306536,-0.02227672,0.014454686,0.08037064,-0.07551892,-0.0705192,0.08975039,0.058230456,0.07742978,0.042960804,-0.0862659,0.0047212797,0.00963483,0.024307,-0.05759017,-0.046070244,-0.0033836719,0.034256123,0.021260679,0.06574593,0.0003840397,0.011379404,0.020914571,0.003094372,-0.0077204416,-0.053695604,0.052247,0.033318862,-0.0369082,0.07044761,0.006870746,-0.06579965,-0.071089156,-0.0026018806,0.072446086,0.023671327,-0.06698791,0.04249918,0.05636486,-0.007297746,-0.05445264,0.046180118,-0.03689412,0.080513775,-0.05024163,-0.05459666,-0.073280685,-0.0026730632,-0.05681216,0.061219625,-0.07987706,-0.020649068,-0.019486591,-0.08628128
-0.082779855,-0.05054312,0.03659712,-0.0040611657,0.06586645,0.00741308,-0.08260128,-0.021737149,-0.0050298413,0.055451483,0.07091442,-0.048973516,-0.06004815,-0.04720474,0.08571533,0.041204937,-0.04907335,0.031230927,0.030109368,0.084495224,0.090382285,-0.063006856,-0.056677844,0.0058207274,0.08475835,-0.020331888,-0.0077785067,-0.0642191,0.08867888,0.05574057,0.07423394,0.07900941,-0.0011890403,-0.08048181,0.002539246,0.012738911,0.06704122,-0.027037794,-0.0256293,-0.04040942,-0.06797697,-0.003102501,0.00049359066,0.0023640248,-0.08909289,-0.0049298303,-0.07546349,0.018084377,0.06494931,0.04868824,-0.05604913,-0.086838886,0.052153047,0.081607744,0.05916306,-0.028602822,0.0026502728,-0.0039046379,-0.060016066,0.055005923,-0.0022055395,-0.07322735,0.082022265,-0.04996015
0.08885688,0.07616261,0.09863774,-0.0400652,0.011259018,0.0012752407,-0.0032865212,0.040566586,-0.07847333,0.0664076,-0.01691163,0.0143341245,-0.013177218,-0.0075811422,0.02028382,-0.011732826,0.0892989,-0.06972687,0.07961775,0.0040695807,0.0785567,-0.018714523,-0.016119588,-0.009751311,0.061711226,0.0044617746,-0.009466288,0.015127562,0.08896714,0.08129291,0.03607253,0.002224713,0.02355762,0.056832332,-0.09066494,-0.04867692,-0.057682656,-0.02965463,0.046508994,-0.043206617,-0.058856644,0.0051313913,0.0061548827,0.007540634,-0.08367862,0.08406724,-0.061513465,0.0904518,-0.05197053,0.01739735,0.039251026,-0.08650468,0.055127896,0.02168639,-0.082448624,0.08511168,-0.05133383,0.06722403,0.06120235,0.0032510234,0.08885429,0.078533925,0.015113095,0.009026915
0.06261385,-0.04419996,-0.08407471,-0.05163613,-0.0543333,-0.085954845,-0.047367763,-0.0355688,-0.049306687,0.04972085,0.022544473,-0.053497396,0.0048124334,-0.07669245,-0.04922906,-0.017861262,0.06045531,-0.0020250613,0.08850317,0.08756715,-0.008310377,0.03708022,-0.083221085,-0.03338323,0.00666754,0.09153956,0.023592766,0.071075216,-0.0045438926,-0.06890917,0.004354754,0.031887796,0.046571262,0.04317735,-0.020417402,0.047842085,0.09152598,0.04921709,-0.020285284,0.031424906,0.044552375,0.05249181,0.005963379,0.0008129803,-0.0021517542,-0.04670019,-0.0743704,-0.038469356,0.024443911,-0.051992275,-0.022527691,0.058036603,-0.019403582,-0.08850057,0.04623897,-0.07880565,0.07306252,-0.07740998,0.061418854,-0.047663886,0.012941425,0.0015995976,0.05055414,-0.05141215
0.00012889173,0.06615375,0.073365994,-0.04003756,-0.0052973903,0.05208655,0.0055716666,0.050097693,0.06359753,0.021118103,-0.05192389,0.002725917,0.077051446,-0.07265049,-0.041787814,0.0011873934,0.060960963,0.031034978,0.058368187,0.08348323,0.045840133,-0.0693609,-0.017170992,-0.05873924,-0.0395859,-0.018371262,0.014257826,-0.02890694,0.05079912,0.052837484,-0.0033456166,-0.08315319,0.078370556,-0.070273906,0.03790319,-0.010954931,-0.035554472,0.070111044,0.029246546,0.041750252,-0.067748785,0.059108414,-0.03425138,-0.044709004,0.07209227,0.016428094,0.06274568,0.041719627,-0.030518781,-0.09041215,-0.047354627,-0.075719826,-0.055479728,0.008904408,0.067935936,-0.0087812245,0.081035696,-0.019588292,0.07669135,-0.0010855534,0.066457465,0.07862049,0.036919106,0.00942819
0.07060286,0.04835925,-0.04424586,-0.07803069,0.07870059,-0.051601257,0.08722785,-0.013300721,-0.020447146,-0.018408498,-0.061618563,-0.084347,-0.061088473,-0.007815004,-0.068114586,-0.0856506,0.07963809,0.009266393,0.08313488,0.017359415,-0.054830797,-0.05714088,-0.0576464,-0.08653435,-0.019248938,0.015924115,-0.08787231,0.08532346,0.076317385,-0.0752137,-0.040695686,0.048229568,0.0734541,-0.03943508,0.073900744,0.008494163,0.013299482,0.0030786297,0.084539406,0.04310429,0.0071963468,0.027876746,-0.055853065,-0.047625363,-0.0075347265,0.06960157,-0.07914068,0.008104771,-0.061442792,-0.02364464,0.04342768,-0.09045174,0.05143435,0.0067228344,0.054656606,-0.08747823,-0.06709124,0.063171744,0.011620389,-0.045442984,-0.05652188,-0.02233369,0.012267243,0.011752432
0.042853802,0.011278545,-0.0535684,-0.0778912,0.014345688,-0.05163514,0.072127536,0.06772393,-0.0002024313,-0.054498658,0.08341382,0.055950258,-0.021478558,-0.024644239,0.01552202,0.036407314,-0.07956693,0.069140516,0.007978751,-0.046378765,-0.01238596,0.07501944,-0.0115210265,0.0365353,-0.07072877,0.052740086,-0.008143133,-0.05763078,0.046808265,-0.06416343,0.09438767,-0.08411247,0.009675201,-0.043962292,-8.705846e-05,-0.07121788,0.015751755,0.019316014,-0.008322012,-0.01247749,0.06658004,-0.013940604,-0.07819956,0.030532867,-0.008248856,0.015398363,-0.05648888,0.07723887,-0.07549157,0.0014796624,-0.05432569,-0.008049605,0.008096558,0.06957461,-0.062170714,-0.023319269,0.017454712,0.07925732,0.07352598,0.08888318,0.017982595,0.0012736515,-0.03929266,0.049620695
0.059676148,0.019295635,0.063701734,-0.023626717,0.069326065,0.06310389,-0.0035987138,-0.06357642,-0.052144215,0.074183546,0.08821075,-0.0390268,-0.043241624,0.018739864,-0.006662953,-0.089718565,0.012728327,-0.0064440025,-0.088040575,0.047340028,0.069888294,-0.027305279,0.024521763,0.007545526,-0.03728664,0.071175665,-0.06153256,0.03846027,-0.026945028,-0.060609154,-0.05052762,0.01622509,0.0032036048,0.05036248,0.03556619,0.028638825,0.004916823,0.025195641,-0.009498712,0.006826291,0.0069675357,-0.026229875,-0.061309926,0.009044964,-0.015419087,-0.008026822,-0.011558308,0.03767219,-0.022114169,0.05322758,-0.09005116,-0.01998206,-0.023496963,-0.007060528,0.07772845,0.06240667,-0.0060947808,0.0061472203,-0.05981815,0.020750824,0.08992169,0.091768056,0.08750188,0.039248183
0.03243675,-0.04652673,0.05082958,-0.01921268,-0.058520135,-0.056804717,-0.05613562,-0.08343033,0.06631208,0.019301144,0.04917362,-0.06769578,-0.04447386,0.022504324,-0.07303753,-0.061521474,-0.068796635,0.060162302,-0.0023377999,-0.020019615,-0.013470786,-0.048204593,-0.058163997,-0.009921256,-0.07835435,0.014308919,0.041865356,0.046745196,0.033688746,-0.047324523,-0.015896052,-0.038736187,-0.07660437,0.023278771,-0.013860911,-0.0070009544,-0.047743913,-0.016413357,-0.0044541904,0.08065411,0.024581382,-0.059061624,0.05416723,0.020462701,-0.009639529,-0.07697057,-0.0029400305,0.048837837,0.08001411,-0.047843408,-0.047540292,-0.055154346,-0.08036768,0.004631507,0.07729721,-0.06680773,-0.0056942804,0.031222625,0.0031814347,-0.009917041,-0.008558199,-0.05528314,0.05070229,0.08309313
-0.06875039,0.05523787,-0.076974034,0.0075685126,0.018381236,0.008195828,-0.05308611,0.037012186,-0.070295274,0.08057674,0.041921224,0.015604478,0.014240155,0.05982684,-0.0057717324,0.054379396,-0.007604326,0.019597996,0.08086388,-0.038538944,-0.0027855323,0.05791418,-0.038843103,0.012377869,0.09680294,-0.051478878,-0.0076148342,-0.068756625,0.06555244,-0.034012556,-0.0025148958,0.015013473,0.09095987,-0.012171411,-0.07965792,0.06896707,0.048566192,-0.04098206,0.005975621,-0.07169128,0.007647534,0.06701574,0.05304792,0.033613224,-0.0049318797,0.0315381,-0.06465148,-0.015027102,-0.07612526,-0.04954829,-0.07276156,0.012425053,-0.002749539,0.052636396,-0.07028064,-0.06522792,0.025094505,-0.041433193,0.086183496,0.06646914,-0.01922206,0.0578868,-0.013767176,0.05149681
-0.08764145,-0.050711077,-0.038427982,-0.064398944,0.034050595,-0.047939375,-0.0026211953,0.06678683,0.01297414,0.057403464,-0.009310924,-0.064408615,0.08711859,-0.05057168,-0.0007998107,-0.017384686,-0.013731102,0.0035505472,-0.057255868,0.06037101,0.033730716,0.01979759,0.081885196,0.008009275,-0.040941205,0.013993441,-0.0007390862,0.01724111,-0.010599211,0.0010025332,0.08668696,-0.055754032,-0.018431842,-0.08547579,-0.06191501,-0.0037837506,-0.091871545,-0.070355095,0.07655699,0.04918615,0.037577964,-0.03535687,0.028445069,-0.0823242,-0.07498303,-0.045296352,-0.005517947,-0.014145104,-0.03491519,-0.034526788,0.085145876,0.0020240755,-0.060859803,-0.0019277142,-0.07953357,-0.0025597818,-0.06888699,0.064070925,-0.039429784,0.0016760573,-0.07614369,0.029410291,0.010681049,-0.047862962
0.01840705,-0.00986756,-0.053393584,0.061641794,-0.007986113,-0.008778769,0.08079989,0.04300728,0.0068000965,-0.044678025,-0.046060547,-0.002188379,0.051807053,0.056016825,-0.09021435,-0.027149457,-0.018531185,0.07163427,-0.07870498,-0.071820244,-0.005232244,-0.046562612,0.01524352,0.027583098,-0.040341545,-0.04627763,-0.06715789,-0.022206208,-0.0395753,0.06387585,-0.07143188,-0.0110696815,0.065470204,-0.039955314,0.063516386,-0.015624367,0.017060762,-0.06922968,-0.004566842,-0.0053149974,-0.043160234,-0.068754934,0.06117047,-0.044678263,-0.093206756,-0.071327865,0.027273191,-0.064190924,-0.09623997,0.044683456,0.09005312,-0.013085968,-0.033803005,-0.057485994,0.036227703,-0.045904726,-0.03849436,0.051616944,0.039186206,0.07238301,-0.076107405,0.07160761,0.027478531,0.049673192
0.008076063,0.082505025,-0.045259394,0.05561079,0.07286814,-0.0023092253,0.04410395,-0.06819682,0.063512065,-0.082839236,0.035988588,-0.060685113,-0.06818719,-0.07367077,-0.02553217,-0.07593068,0.032718316,0.07791438,-0.06840629,-0.034772478,0.08472139,0.00074215373,0.0038559965,0.024872646,0.06558246,0.015285923,0.013896504,-0.086570926,-0.08487208,0.0115738185,-0.08998918,0.053301655,-0.079153866,-0.08434742,-0.015490265,0.0054684477,-0.02935351,-0.036228854,0.041394692,-0.005897584,-0.014800441,-0.039584387,-0.07659604,0.073367216,-0.043866847,-0.019157484,-0.040722433,0.03894297,-0.08421978,-0.060516097,0.06723878,-0.025529124,0.05398445,-0.019440126,0.085858636,0.07813855,0.025829893,-0.04990589,0.036524177,-0.049130015,0.05017324,-0.056978304,-0.07674654,-0.015500688
-0.0765845,-0.081664935,-0.054539066,0.08494724,0.050285682,-0.024486607,-0.07960875,0.0746773,0.06789246,-0.085819505,0.08658935,0.0010042512,0.009020821,-0.08546793,0.059811186,-0.058165476,-0.06358118,-0.04390053,0.0060425205,0.010666146,-0.0672888,0.036950815,0.042123508,0.0043171896,0.025002424,0.05834561,-0.0351968,-0.044957936,0.065347694,0.039256748,0.07494869,-0.015225986,0.08656434,0.05057532,-0.07037106,0.078330845,0.018706493,0.0064750616,-0.09064973,-0.011060309,0.031366788,-0.04029869,-0.056356322,-0.018833334,0.0870848,0.0639006,0.087136574,0.00012984805,0.05458958,-0.036939763,-0.013317902,0.091586165,0.015113547,0.090458445,-0.05179099,0.071750425,-0.015392028,0.052721642,0.024283057,-0.021415237,0.02407021,0.008672526,-0.040695313,0.0062223496
-0.07548564,0.051147178,0.03386741,-0.07464794,0.07165561,0.08341315,0.05086252,0.043636728,-0.028356362,0.059071284,0.020661594,0.042093284,-0.002259473,0.055850133,0.06578364,0.05557405,0.027444541,0.07734034,-0.071341865,-7.353666e-05,0.0062284535,0.073805384,-0.076528095,-0.0010935647,-0.015480118,0.08311434,0.012014461,0.044750445,0.020375594,0.009140743,-0.063362315,0.0074340645,0.0777647,-0.08579928,-0.06254577,-0.07901661,0.012713104,-0.00805094,0.004820092,-0.04980827,-0.04921313,-0.067497045,0.026794845,-0.028301198,0.0066445437,-0.051645733,0.039423104,-0.07707442,-0.05798897,0.016498359,0.00637189,-0.03422562,0.010542909,-0.07502893,-0.048979763,-0.006574322,-0.07410983,-0.021188373,0.01785947,-0.05435019,-0.048197385,-0.038325664,0.050868757,0.060049277
0.036211982,-0.026967045,-0.09863411,-0.02202146,-0.067531705,0.05512107,-0.065734886,-0.027275002,0.036144,0.047958404,-0.052365895,-0.02492093,-0.041620415,0.0684076,-0.015880767,-0.05232824,0.029257027,-0.09095283,-0.015134641,0.07694736,-0.04505747,0.091673575,-0.045023587,0.019273931,-0.07723861,-0.029021338,0.013647352,-0.007983914,0.057408918,-0.05828367,-0.06424077,-0.05365746,0.051818453,0.08364536,-0.013617691,0.00930709,-0.03458854,0.04388904,-0.013854199,-0.070473254,0.009823872,-0.06744117,0.030807626,-0.060513422,-0.083789684,0.050578326,-0.054200698,0.062149376,-0.025027188,0.023760863,-0.014172541,-0.0071603586,-0.083552286,-0.057886247,0.04790217,-0.07128439,0.03668967,0.00993429,-0.036137477,-0.06969902,0.069616064,0.05946022,0.052497428,0.041397065
0.009593649,-0.014243214,0.05535569,0.018722102,-0.049948927,0.07335303,-0.08812014,-0.01185873,0.07236596,0.0060401,-0.048362676,0.026995827,-0.0879839,0.092511244,-6.65157e-05,0.073060974,0.036170308,-0.056722444,0.06976659,-0.011257551,-0.028056799,0.059681486,-0.044806972,0.021985495,-0.014622226,0.043637373,0.030742109,-0.03995908,0.06296995,0.015042387,0.030479899,0.03721888,-0.007906457,0.036682956,0.062266197,0.000358838,0.061944403,-0.074441,-0.046943747,0.061619293,-0.078307234,0.013385723,0.06747635,-0.0436878,0.064763494,-0.0062058237,0.0059625506,-0.014307879,0.008652239,0.009797762,0.038379125,0.031401277,-0.008754953,0.08659791,-0.028230466,0.04192779,0.075350575,0.004367753,-0.06532662,-0.05962822,-0.026260167,0.069941774,0.08266423,0.085847944
0.07821988,-0.04218337,-0.05172891,-0.088725515,-0.09381483,0.07162189,-0.036141407,-0.07561808,0.07374412,0.07048592,0.074640624,0.09012283,0.048693232,-0.032034658,0.013912909,-0.008041102,0.042982653,-0.010688801,0.0044166264,-0.045282707,-0.037081134,-0.07595653,0.073559746,0.0473271,-0.018238287,-0.083562955,-0.06119385,0.0013257205,-0.06735288,0.018151306,-0.08549143,-0.04237502,-0.09948309,-0.01374276,-0.0728183,0.07756697,-0.0023046783,0.045277845,0.0864428,-0.08597281,-0.046475776,-0.07874421,0.06865385,-0.06380299,-0.028537776,-0.022554077,0.0010097624,-0.008831043,0.061228476,0.051166832,-0.07530089,0.055386838,-0.0026636787,0.08766213,0.08465052,-0.07890424,0.0675329,0.017632468,0.0025654368,0.056633424,-0.05492155,-0.010413907,0.050979055,0.011493577
-0.013932484,0.0071780533,-0.010297231,-0.046669923,-0.014555981,0.022670286,0.06792013,0.042958472,0.05255364,0.05905826,-0.05005922,0.022306092,-0.060707707,0.04842504,0.0100614345,-0.05873011,0.029810023,-0.010145312,-0.007620534,0.059832178,-0.06128415,-0.046491735,-0.05139783,0.010123065,-0.0737899,-0.020326173,0.07575175,0.044258203,-0.0025626523,-0.02203752,0.055986732,0.08469278,0.042215854,-0.049807996,-0.030402996,-0.00014692891,0.07453192,0.090338424,0.077568755,0.081467025,0.005019929,0.02487839,0.054404546,0.07776728,0.06310218,0.012115083,0.05767368,0.038467895,-0.021870954,0.008557262,0.04767463,-0.002032517,0.022678524,0.06157635,0.07612839,-0.052812878,-0.051358543,0.050362587,-0.040493906,0.083478115,0.05831079,0.01069183,-0.08221309,-0.042680822
0.06097535,-0.019613856,0.07590032,0.06406715,-0.011413714,-0.009619464,0.0008302549,0.020091135,0.08119326,-0.08612486,0.0708124,0.06620806,-0.080311246,0.056703854,-0.029311273,-0.03037785,0.08247886,-0.046830084,0.014542258,-0.086629786,0.06781818,0.057905074,0.08582386,0.003563652,-0.028488096,-0.080953985,0.07057507,0.057472114,0.021339048,0.091434486,0.0322083,-0.0754795,0.029187871,0.086222135,0.016118592,-0.03162441,0.008914119,0.04162329,-0.036124136,-0.085309036,-0.042436305,-0.0001256115,-0.086505294,-0.027394857,0.054102417,0.035873756,-0.07799284,0.0024030842,-0.050538488,-0.013495588,-0.009007096,0.0046280543,-0.07016506,-0.0805674,-0.09432204,-0.08265896,-0.014482831,-0.009701187,0.007747286,0.07744192,0.0072251093,-0.07853098,-0.046377525,-0.012120354
0.09220659,0.050335348,-0.089165404,-0.0010094264,0.067911096,0.04926301,0.04360199,0.04165886,0.06103854,-0.04853968,0.06436336,0.014077569,-0.007894598,-0.0382534,0.041047692,0.07071206,0.00041030828,0.035616465,-0.051145207,-0.07021463,0.010413984,0.05285793,-0.03078338,0.023619896,-0.036330815,0.035172317,0.06928267,-0.00058549625,0.07641763,-0.035815522,-0.080190904,0.031136297,-0.053415865,-0.006470053,0.07217899,0.06510483,-0.028540852,0.067624666,0.027868811,-0.002009001,-0.030040223,-0.06703098,0.041995563,0.0053320406,-0.011455613,-0.04163918,-0.009165528,-0.029969256,-0.01693862,-0.050269816,0.065590024,0.01800343,0.06374954,-0.061734147,-0.0668958,-0.0087869745,0.011412157,0.06918784,-0.023336371,-0.06347856,-0.02670749,-0.026272641,-0.018489419,0.041889682
0.092653,0.06792253,-0.028105931,0.077210784,0.08520005,-0.07413071,0.011550079,-0.004941942,0.027883124,0.057583567,-0.011375719,-0.010659033,-0.077858284,-0.052823268,-0.013856391,0.016052095,0.050155874,0.02077049,0.022749962,-0.01753976,-0.0022911252,0.0061266217,-0.0853486,-0.009418127,-0.011023803,0.060310714,-0.016696949,-0.037100106,-0.05274944,-0.03721644,0.033125993,-0.026782311,-0.034189288,-0.0062787333,0.0875744,0.056234963,0.048535325,-0.0075111785,-0.095643386,0.010724458,-0.060727414,-0.09034692,-0.03176303,0.019182293,0.08501483,-0.048290912,0.07680606,0.07911416,0.07299021,0.06658138,0.047840822,-0.030167008,-0.08557211,0.049770292,-0.09332186,0.08404642,0.031934265,0.07358164,0.07546529,0.042283107,0.008967785,-0.00085164927,0.02470537,-0.07390066
0.08059005,0.015441238,-0.012528546,0.076308884,0.031982873,0.037859317,0.07639434,0.003997318,-0.08713944,0.002034827,0.0047268327,0.073496446,0.070236064,0.02717217,0.010634698,0.021124572,-0.036528353,0.03876804,-0.061023176,0.0056004697,0.0021468846,-0.0017269381,-0.07338488,0.009483725,0.063995816,-0.050788794,0.0783118,0.0104696,-0.048905548,0.031867843,0.073798105,0.0770585,-0.025786636,-0.07903723,0.0910637,-0.030304272,-0.06792714,0.014115214,-0.076834016,0.081438355,0.09482023,-0.0851814,-0.011807821,0.010751253,0.018274866,-0.07068839,-0.07305788,0.036647156,0.022273596,0.051269427,-0.0394867,-0.056823876,0.07783091,-0.0447747,-0.05577473,0.04280129,0.04658696,-0.08240228,-0.08287803,-0.018108893,-0.017047869,-0.051454447,-0.041306797,-0.04644644
-0.08056769,-0.005594905,0.032873716,-0.010851688,-0.05293443,-0.05060328,-0.017703442,0.04304721,0.06581201,-0.04776289,0.059226997,-0.07859886,-0.022236723,-0.06468961,0.07542512,-0.018394604,-0.07487568,-0.08438845,0.08503859,-0.0032171092,0.08875502,-0.08926546,0.078506775,0.010167355,-0.058284946,-0.048081473,0.060899068,0.068438895,-0.0740402,-0.013983207,0.05734344,-0.07341457,0.05681439,-0.061260328,-0.047440093,-0.051919,0.024847347,-0.06047945,0.050749913,0.056443065,0.07954846,0.061854348,-0.008534652,0.007006381,0.069047734,-0.03355492,-0.051692266,-0.09300267,-0.04927725,-0.03707757,-0.011357113,0.051652957,0.023885531,-0.07858454,-0.050692223,-0.08405462,0.05157454,-0.003524133,-0.022471631,-0.06404448,-0.0588119,0.016443174,0.05575736,0.069376
0.002615587,0.07982771,0.07018485,0.05344351,-0.008577151,-0.0421902,0.001217747,0.06702401,0.07498978,-0.012469943,-0.0059818244,0.028737836,0.018642884,-0.0072129704,-0.030579526,0.08386467,-0.010481653,0.046081625,-0.009933522,0.06426007,-0.034525964,0.00047474663,0.078782424,0.0284181,-0.010939286,-0.0036580812,-0.0919128,-0.07240805,0.021575715,-0.08070944,0.038967416,0.039046627,0.084794976,-0.08107946,0.062400643,-0.035159063,-0.0010362285,-0.008830318,-0.06803707,-0.01574892,0.01022603,-0.010576416,-0.05531471,-0.010356457,0.037249822,-0.062247105,0.08743231,0.07309886,-0.040958967,0.045839354,0.04849276,0.0010134048,-0.0102775125,-0.03341581,-0.09766709,-0.044406693,0.07299553,-0.00061710645,0.0067922315,-0.03895971,-0.04148588,0.08177628,0.080795966,0.06482587
0.09563699,-0.038187552,-0.046733804,0.025497103,-0.041875813,0.078369014,0.0030383815,-0.07105978,0.075293094,-0.079200864,-0.068054035,0.07577218,-0.07144609,0.0943704,0.068618886,-0.03168262,-0.05130195,-0.038149536,-0.056221448,-0.064542405,-0.024096504,0.004689375,0.011274407,-0.0022128762,-0.066503644,-0.07083372,0.010024458,-0.072444595,0.0031526363,-0.0043926276,0.027686447,0.057075582,-0.08201694,-0.022167234,-0.08333486,0.009106884,-0.020301035,-0.084840424,-0.07816312,-0.05583954,0.027566366,-0.07831883,-0.063835435,0.0899829,-0.01640144,-0.03913546,-0.06666414,0.01853058,0.08084473,0.06626353,-0.058194116,-0.035879403,-0.06249226,-0.08630108,0.037580002,0.06513576,-0.0894983,0.009687389,-0.079917714,-0.0019061487,-0.07686751,-0.011415335,0.08304463,-0.08036083
0.0067773284,-0.0041294023,0.067927994,-0.0026391877,-0.043921944,0.053883612,-0.0007704319,-0.07181184,0.07591674,0.07027553,-0.07720944,-0.0017000422,-0.010137451,-0.0012303425,0.011866813,0.018575639,-0.050488815,-0.027475925,-0.00055261847,-0.008216228,-0.024715647,-0.022975566,0.09328138,-0.0796967,0.006813759,0.019706348,0.06859379,0.07595505,0.013082462,-0.023367697,-0.059026938,0.002538945,-0.058132447,-0.04381425,-0.061688606,0.0941202,0.0622636,0.062244423,0.045084782,-0.009135255,0.017410262,0.071362115,0.016733065,-0.055381354,0.049278475,-0.06109786,-0.060640577,0.037516706,0.07216243,0.07150172,-0.045773692,-0.08227071,-0.026952744,0.0844668,-0.078171015,-0.026432836,0.0041304072,-0.011839626,0.0717028,0.07539597,-0.0077551506,-0.08372403,-0.03040271,0.062544316
0.053903542,-0.021074532,0.009606704,0.068220034,-0.009673693,-0.06890438,0.08606186,0.087598614,-0.05846573,0.0015955304,-0.07909036,-0.062184714,-0.020760497,-0.06337016,-0.014311398,0.08454892,0.052007042,-0.04269313,-0.009063639,0.039637562,0.0072836974,0.066771045,-0.07770799,-0.026533091,0.042906802,-0.083981924,0.053010903,0.06404905,0.05762087,-0.013481671,0.033387557,0.080164954,-0.0037783799,0.014743417,-0.08965354,-0.016942253,-0.0054402337,0.009874901,0.06100627,0.03149436,-0.00637485,0.08651208,-0.016051494,-0.050144996,-0.069816686,0.0006015584,0.073464155,0.020468805,0.08263413,0.043552015,-0.03538551,-0.077074066,0.06411324,-0.011677071,-0.02481819,-0.06821992,-0.043072395,-0.05844888,-0.010312476,-0.005899565,0.034873743,-0.062559955,0.05924962,-0.061663296
-0.048555385,-0.0013309467,-0.089806475,0.042236906,0.04771541,0.008606168,-0.06383249,-0.014006249,0.0067718294,0.05530285,0.014492068,0.08736145,0.06395153,-0.08664356,0.017522391,-0.012485356,-0.058005422,-0.024850672,0.08518513,-0.08834783,-0.034566842,-0.03643108,-0.07539147,0.08339931,-0.0017303331,-9.206794e-05,-0.046208225,0.023546075,0.023715952,-0.021078557,0.042830165,-0.008261283,0.0064723715,0.09428457,0.07627362,0.06839725,0.00062328356,0.03572385,-0.0017518125,-0.027813945,0.054106507,0.08398065,-0.090879105,0.021330664,-0.019111002,0.095337674,0.07033726,-0.04986669,-0.010371976,0.073915444,0.0923736,0.06652847,0.0021556134,-0.06964332,0.049585998,0.05628868,0.049907587,-0.06530612,-0.07630703,-0.0829056,0.05166446,-0.044729933,0.03898308,0.072029464
0.06545625,0.089991316,-0.060625743,0.027893001,0.04136001,0.021543609,0.01704832,-0.00046821937,0.076263204,-0.057522263,0.06843714,0.03774646,-0.08156526,0.10010628,0.059877448,-0.080772296,-0.06608238,-0.08280876,-0.07012897,0.034355205,-0.06281056,0.092627056,-0.083773665,0.0190696,-0.055218935,-0.00843571,-0.07112226,0.088739716,0.006251886,-0.0722175,0.019942686,-0.006220869,-0.052741237,0.07228692,0.00088144484,0.024570895,-0.041307792,0.06684526,-0.046158977,0.007932096,0.07670719,0.07013702,-0.019202106,0.081852704,0.08894957,-0.02389319,0.009887725,-0.02622795,-0.07896784,0.07950948,-0.059403215,0.012877824,-0.07169444,-0.07454025,-0.05637936,0.096842445,-0.047427513,0.04992103,0.051781777,-0.053757623,-0.06809451,0.08693235,-0.09881738,-0.058065217
-0.080576345,-0.037131708,0.073143,-0.0012481187,0.08883037,-0.07820315,-0.0676232,0.013799838,-0.018723376,0.07744146,0.017326264,0.053155698,-0.05992095,-0.044131216,-0.01343476,-0.020496584,0.09153746,-0.053595707,-0.013000513,0.02104691,-0.029586915,0.013021719,0.0106556555,-0.0019285562,0.03162712,0.058027513,-0.06757455,-0.0066323085,-0.06819835,0.082008176,-0.02560774,0.08539593,0.07508363,0.04362802,0.08043174,0.04865093,0.020862082,-0.055160083,-0.07713375,0.07640144,0.02421953,-0.054090466,0.06541285,0.04679272,-0.022631234,-0.060106948,0.002235693,0.006929452,0.024778234,0.03930943,0.078506336,-8.13629e-05,0.0066116736,-0.07196765,-0.06437423,-0.055893183,0.02007318,-0.06343024,0.028531954,-0.0073371013,0.07671299,-0.008101528,0.08234469,-0.01827942
0.00974026,0.06357206,0.0038354525,0.04703394,0.0003922074,-0.029829621,0.086498104,-0.05626831,0.022183303,-0.08907662,-0.042295728,0.080252476,0.007743081,-0.014995531,-0.09057409,0.00026327046,-0.058172435,0.025551636,0.020042252,-0.0023388062,-0.04334817,0.003162755,0.094435744,-0.0532741,-0.07623659,0.077755965,0.0631741,0.005230065,0.06160991,-0.0018621279,-0.015555738,0.05583413,0.009089639,0.040466383,-0.006115352,-0.020821,-0.0024729997,0.039906558,-0.048078567,0.087803274,0.045671135,0.014716929,-0.08223631,-0.014559064,-0.089004174,-0.05163447,0.08711253,0.06873352,-0.0769089,0.032146674,0.08167489,-0.014116193,-0.025484672,0.008439667,-0.030493267,0.084265776,-0.06890866,0.041419815,0.0462871,-0.06728695,-0.03047344,0.09050032,0.07090227,0.029550064
-0.020595426,-0.07001686,0.08512252,0.06650454,-0.046619207,0.08093824,-0.05793269,0.02458604,-0.05933404,0.055534672,0.020458795,-0.038951118,-0.006294153,0.06257064,0.00833735,-0.081916325,0.074206434,-0.06602609,0.032068335,-0.068798035,-0.010971175,0.009934984,-0.032417152,0.0032752599,-0.05402115,-0.05405361,0.08865381,-0.062169436,0.002646342,0.079818815,0.07246216,0.029383397,-0.025469922,0.022427296,0.050941586,-0.014105519,-0.06829569,-0.0022404275,0.011122601,-0.031351294,0.005619099,0.05423747,-0.053170964,0.06021454,0.014919542,-0.06304241,-0.05390527,-0.08376841,-0.04833158,0.022611864,0.07690338,0.08254686,-0.0009965939,-0.027586188,0.05309265,0.07032976,-0.026948744,-0.012749249,0.071238205,0.05267862,-0.012436128,-0.042885575,-0.0035544748,-0.08776028
0.09065829,-0.0745922,-0.06842627,0.083353184,0.0018010773,0.06204503,-0.008664071,-0.07594469,0.08027808,-0.042099196,-0.06338175,0.0758804,-0.0854884,-0.048186645,0.062715605,-0.032160763,-0.0036270723,-0.013971548,0.054460723,0.0040124743,0.014563787,0.07910489,-0.057987694,-0.08591136,0.03328746,0.08093875,-0.029115293,0.0027029486,0.00016378003,0.058187973,0.092251785,-0.011363569,0.04200898,-0.09147665,0.0105209565,-0.07099362,-0.0727773,0.07715054,0.08096395,0.026171273,0.0052877213,-0.084904425,-0.060989775,-0.007074902,-0.0063978327,0.0629802,-0.061039366,-0.0566343,-0.07542412,0.023541378,0.041804064,0.02332029,0.078460716,-0.045101695,0.011539994,-0.024025887,-0.03287967,-0.0018303932,0.053693622,-0.03611367,0.054912236,0.010463517,-0.05040737,0.08877988
-0.03654563,0.0031126395,-0.005622621,0.056700706,0.031016171,-0.0034853746,-0.01993308,-0.020595206,-0.08617574,-0.032890152,0.07062362,-0.07264712,0.06739457,-0.01419313,0.03978256,-0.050573125,-0.083423026,0.053836927,-0.08373441,-0.044018988,0.06516869,-0.038263965,0.041836068,-0.015334341,0.013616416,-0.011330064,-0.06416095,0.06824017,-0.07271831,-0.035824645,-0.06210299,-0.011804506,0.058912773,0.024683844,-0.05829833,-0.006215047,-0.02303322,0.044200458,-0.05504043,-0.036979884,-0.020440532,-0.07929113,-0.049218412,0.014115452,-0.020408921,0.010081625,0.04090582,0.012398793,-0.020935828,0.0025298265,-0.030849438,-0.07573559,-0.002628418,-0.045372505,0.0009786587,-0.04550032,0.070544645,0.08934214,-0.043567006,-0.009399004,0.0019852195,0.08573549,-0.07902635,-0.03886688
-0.013248336,-0.0015486402,-0.042949505,0.024344273,-0.06058395,-0.008868365,-0.023467809,0.015702778,-0.008900461,0.054359242,-0.023336638,-0.025523478,0.021706834,0.021282062,0.06026849,0.022401037,-0.0034402483,0.027682137,-0.05585845,0.04475418,-0.042795856,-0.050535124,-0.012725801,0.009417935,-0.011476887,-0.02176907,0.029508319,0.06419166,-0.015559523,0.019856416,-0.07555345,0.0504453,-0.05782698,0.07656499,0.0057072025,-0.06767268,0.07858718,-0.067849785,-0.06918152,0.030830866,-0.018496608,0.05084361,-0.043334626,-0.0807005,-0.04211806,0.03660649,0.057799764,0.0002928267,0.036369026,-0.06008621,-0.034732588,0.00770933,-0.04634879,-0.014573049,0.05767069,0.0023002815,-0.021269968,-0.067299075,0.030413082,0.0048409025,0.05049884,-0.07499294,-0.0101292925,-0.06885812
-0.084258124,-0.07895221,-0.017831285,-0.08242174,-0.014200209,0.087494925,0.048473604,-0.02420615,0.017706618,0.05442653,-0.020215325,0.0075607304,0.038193703,0.063983954,-0.04561643,-0.08959092,-0.07966318,-0.040323406,0.033798363,0.08471788,-0.055349704,-0.07296336,0.09982794,-0.023374416,0.09202106,0.06337343,0.033792883,-0.02037418,0.08595976,0.013381302,-0.08814898,0.040000156,0.008202824,0.074527405,-0.0028248748,-0.056059167,-0.07904763,0.06211057,-0.03185899,0.056616947,-0.037926313,0.08920587,0.031195382,0.052393083,0.10151864,-0.04620563,0.009027221,-0.06179862,-0.059862215,0.05496935,0.014677187,0.056928266,-0.0078521995,0.07906387,-0.013819581,0.0006309558,0.008313721,0.053875774,0.017390879,0.031362206,0.075341076,0.0064913295,-0.08500191,-0.0047104685
-0.041751724,-0.012316369,-0.07058688,0.050427746,-0.013858388,0.034855753,-0.07094381,-0.031150855,0.032883443,0.048958924,0.08030971,-0.034379266,0.04454302,-0.07443047,0.016239874,-0.0064767078,0.088303864,-0.0044342163,-0.08640593,-0.00740068,-0.05421122,0.072187155,0.042046726,0.0022789692,0.008525839,-0.01573795,0.06640214,-0.08405002,-0.07214507,-0.0113607,0.020857548,0.08297682,-0.021179877,0.065382615,-0.062444475,-0.085507855,-0.08641452,-0.07691476,-0.010264042,-0.0052868985,0.051856495,-0.036703054,-0.015626013,-0.069107376,-0.0053986725,0.05136152,0.033432186,-0.0033966075,-0.088261425,0.08036469,-0.0045589483,0.06792667,0.03975309,-0.03807894,-0.09371195,0.008538989,0.011159683,-0.03616828,0.019268688,-0.012464795,-0.08791148,0.07566207,0.08697393,-0.013952135
-0.07428762,-0.053752076,0.08074202,-0.018608164,-0.07007113,0.0858293,-0.07618351,-0.060917664,0.07457544,0.07109898,-0.014303673,0.041967653,-0.05091541,0.036976393,0.07470004,-0.08661644,0.051879924,0.055165943,0.08838845,-0.028310385,0.08551602,-0.0056136963,-0.057129275,0.061191987,0.030452393,-0.0005049807,-0.082424566,-0.009503081,0.082824916,-0.0872589,-0.010887857,-0.09141412,-0.010330536,0.06667029,-0.072283894,0.07356997,-0.06126055,0.011895095,-0.049395125,-0.029462337,0.096239544,-0.06982632,-0.002544752,0.05209652,-0.040981445,-0.045100037,-0.056375775,-0.0031162377,0.09052645,-0.08087338,-0.08210513,0.017191065,0.05609712,0.007931826,0.04478651,-0.052513562,-0.08142822,0.011967418,-0.023094295,0.06433272,0.013853983,-0.009451784,0.064997874,-0.014787231
0.07501466,-0.00610691,-0.0746058,0.06473009,0.046866182,-0.080696054,-0.093973376,0.0102055,-0.045304976,0.08314779,-0.048651967,-0.022599382,-0.063834704,0.041034173,-0.051537763,0.065011546,0.07807217,-0.014771745,-0.009715641,0.09178139,-0.05197035,-0.08692323,0.09054143,-0.07658969,0.0153100705,-0.053228382,-0.05918387,0.08635171,0.055941027,0.07667654,-0.07391638,0.077300094,0.054143526,0.06037748,0.06131786,0.018710583,0.014508166,0.009274396,-0.049660493,0.089258865,0.05179078,-0.07478241,0.083840065,0.055718407,-0.054185256,0.0060004313,0.07711517,-0.019762633,-0.022531163,-0.06451653,-0.01498575,0.032485273,0.08238829,0.03101064,0.079972096,0.04646164,-0.006400809,0.0699137,0.016779546,-0.02208582,0.01899866,0.07440407,-0.01603207,0.059400916
-0.039735682,-0.02498899,-0.06405877,0.02441113,0.030913992,0.043715455,-0.001472719,-0.0877961,-0.05570785,0.0080313785,-0.008096971,0.017182473,0.05473014,-0.023732709,-0.0948947,0.018414084,0.06159042,-0.080066614,0.00094180286,0.064989306,0.018034533,0.07851466,-0.0076249507,-0.019269018,-0.0022147165,-0.041452304,-0.038611867,0.043194134,-0.088542685,-0.077686146,0.040701307,-0.06587127,0.017549558,0.08982802,-0.03341509,-0.04017813,0.09326136,-0.079032145,0.05676296,-0.051212944,-0.016050803,0.047557645,0.07061201,-0.02764338,0.0361652,0.08622337,0.017688544,0.09023603,0.0040617036,-0.057668842,-0.035024714,-0.015046752,-0.0733686,0.08884765,-0.013011987,-0.0439736,-0.013543075,-0.0067712944,0.0065693134,0.06814672,-0.06392849,-0.09223999,-0.046744566,-0.014469876
0.05679403,-0.06382129,0.07068327,-0.0028658784,-0.04459306,0.043974865,0.0005623433,0.008803664,0.08563982,-0.019492442,-0.04559722,-0.056341846,0.01826615,0.051246915,0.021024108,0.010913007,0.056339446,0.08844016,0.06885355,-0.0007675737,-0.076985426,0.0061008777,-0.09061655,-0.007317798,-0.08524495,0.07260408,0.07376321,0.05622341,-0.014878925,-0.00418725,0.08488997,0.049834717,0.018661218,0.033345133,0.065792754,0.01057829,0.059232615,0.02510949,-0.0053814724,0.04914161,0.03176759,0.06979148,0.07999032,0.014761791,0.071636975,-0.04247739,-0.07079996,-0.060343433,-0.07812138,-0.039950024,0.017937971,0.00888897,0.041190706,-0.06585744,-0.050198182,0.04560871,-0.09231738,0.02414208,0.0024788019,0.08146276,-0.088265754,-0.01108825,0.0053387033,-0.06466095
-0.071336895,-0.07461906,-0.06332583,-0.012979695,-0.09020858,-0.046920314,0.07727751,0.07381001,-0.07834715,-0.056031313,-0.05690957,-0.07342967,0.07715034,0.07311586,-0.045511063,0.07603026,-0.020087168,-0.0489795,-0.08198725,-0.04429544,0.065562166,-0.006155111,-0.051353235,-0.0071498365,0.049113665,-0.081879795,0.009949603,0.016416112,-0.043283142,0.016556324,-0.003941921,-0.012920045,-0.011513139,-0.07516308,0.030795777,0.004429408,-0.032008007,0.007159993,0.048550464,-0.03352403,-0.090379804,-0.0028905177,0.047174487,0.004963147,0.0366469,0.08090862,0.03307412,-0.04727365,-0.011677528,0.04964994,0.032718908,0.07332864,-0.044854354,-0.058112767,-0.0026996778,0.07098084,-0.007415001,-0.066464245,-0.02659162,-0.040501315,-0.010313255,0.057161752,-0.03893086,-0.0391286
0.07752655,-0.052815784,0.07475076,0.05342048,0.007155787,-0.08085204,0.011010593,0.032095537,-0.0636075,-0.044975907,-0.05527296,0.0026751973,0.013998319,0.022194035,0.02451976,0.053301085,-0.05776,-0.045025665,-0.09008197,-0.004504965,0.000119833145,-0.086281724,0.08867629,0.009322474,0.050911084,-0.039868247,-0.012519931,0.03934813,-0.00033021625,0.06601553,0.08267955,0.008484068,-0.016626664,-0.047414195,0.055298485,0.06418803,-0.0014227966,-0.060646504,-0.063910715,-0.051735107,-0.07504713,0.047703892,-0.013552194,0.040200587,-0.06360468,-0.030803895,0.10004653,-0.0073401504,-0.065031014,-0.073222905,0.06262908,0.05695072,0.060130723,-0.08278015,-0.023107158,-0.06569497,-0.034914184,0.071367875,-0.011451176,0.0096750315,-0.006741207,0.041214883,-0.0754446,0.015820257
-0.04650304,-0.05727889,-0.013794324,0.030760834,0.0096571,0.07596516,-0.003820293,-0.0110018635,0.0640684,0.008663297,0.064042136,0.08067488,0.059318937,-0.08172604,0.007236703,-0.04310148,-0.07636186,-0.07532454,-0.034586355,0.0053499085,0.059641972,-0.028737964,0.023447469,-0.033448536,-0.003620635,0.00016106211,0.06444963,-0.07176912,0.08111928,0.045191754,0.0053554573,0.08409471,-0.005185196,-0.08398557,0.05159155,0.009824738,0.046136394,0.06402043,0.07280231,-0.068773545,0.07253223,-0.008143636,0.07585851,-0.0012719975,-0.043825068,0.015598729,-0.027136222,-0.014071978,-0.081657104,0.07360405,-0.06667215,-0.06935981,0.08216069,0.067833446,-0.013881394,0.016514113,-0.07454287,0.0014109886,0.07461288,-0.04332193,0.0927164,-0.048454065,0.08295,0.07672179
0.02546892,0.069168255,0.05043868,0.017774688,-0.01618005,0.009361454,0.004873324,0.08539942,-0.047855105,-0.07273504,0.07647001,-0.06569902,-0.0672226,-0.0656624,-0.05260614,-0.030830551,-0.07972639,0.016919725,0.0070637353,-0.06503685,-0.08772993,0.038636282,-0.016169472,0.017222902,-0.05966858,-0.011890651,-0.016659528,0.0767322,-0.04261181,-0.010106107,0.008347578,0.08690556,-0.08751566,0.0037585767,0.08678184,-0.08520138,-0.014631564,-0.040462825,-0.07981787,-0.061141755,-0.07613472,0.026845988,0.08386838,-0.048879895,0.03351076,-0.019353844,0.060560077,0.08179964,0.02721378,0.007975199,0.019973205,0.06232845,-0.0790065,-0.01748969,0.069881536,-0.08064432,-0.054582395,-0.005679829,0.08964963,-0.0890188,0.07634124,0.056142073,0.052228823,0.060846116
0.005604848,-0.03316892,-0.013937504,-0.045314595,0.0021231673,-0.058523454,0.012053076,0.036858626,-0.03688162,0.051284783,0.0130187925,0.060061797,0.062089805,-0.080084175,0.03819196,-0.0041808807,0.043784067,0.058218833,-0.037157673,0.007635638,-0.015199188,-0.015782459,0.049188904,0.07773947,0.045378976,-0.07886891,-0.0094407955,0.05375024,-0.057341345,0.044041265,-0.07776595,-0.08189748,0.01081932,-0.05417933,0.05168132,-0.08922069,-0.068842396,-0.008513295,-0.08539736,0.096217394,-0.08408814,0.0663807,0.007305613,0.0059515666,-0.06704533,-0.0068004513,0.0222444,-0.04917211,-0.08132925,-0.044388663,0.0673108,0.02917512,0.09658023,-0.04066269,-0.0041709063,-0.0743577,0.042601954,0.033265773,-0.040058143,0.078552596,0.038781796,-0.067709595,0.059938844,0.087041065
-0.020069923,-0.007703807,-0.03114704,-0.019723821,-0.0384587,-0.061463628,0.043924604,0.07539796,0.030581094,-0.058879796,0.08596507,0.082285136,-0.07630025,0.012647922,0.0052096937,-0.08670444,-0.038819034,0.092047445,0.0050358446,-0.017050495,-0.008438891,0.05721744,0.044806167,0.07236404,-0.084907494,-0.0874116,-0.030942148,0.077328905,-0.026323965,0.03719882,0.086805984,0.012422729,-0.011211427,0.057655044,-0.024852797,0.054203995,-0.07728636,-0.051735386,-0.038428266,-0.05590439,-0.057569966,-0.09753424,-0.061605528,-0.07588903,0.0048733903,0.00010467539,-0.076950714,-0.09125301,0.043778,-0.015479531,0.050912306,-0.03221801,-0.034725133,0.02701046,-0.07162498,-0.021966059,0.0664553,0.066243306,-0.064189695,0.022095984,-0.007585286,0.06915479,-0.07258472,-0.083261244
0.0848116,0.029796373,0.0036858385,0.0071617328,0.049281016,-0.08381828,0.005902313,0.050933927,0.042322442,0.087827526,0.025665967,0.0016660203,-0.01255009,-0.007939102,0.005482324,0.06925252,-0.09125796,0.025702618,0.07173562,-0.008840995,-0.065405086,-0.061684154,0.024113033,-0.042569805,-0.087849505,-0.041732114,0.090325125,0.08005352,0.080614746,0.060089078,-0.032108977,0.017407835,-0.012720075,0.015302401,-0.02608899,0.047950346,0.08490804,-0.046730828,0.08318733,-0.052795894,0.06480373,0.0073095416,-0.078312434,0.04801627,0.045041252,-0.0062129316,0.0035711653,-0.08201135,0.089257486,-0.040645164,-0.07477084,-0.008168713,-0.08048293,0.04428307,-0.06513306,0.0011751935,0.024345048,0.053739708,-0.04491728,0.07561097,-0.030164037,-0.09008872,0.07633589,-0.07694606
0.011962536,-0.025642749,-0.045349374,0.007408388,-0.012393382,0.09032673,0.091925375,-0.008717037,0.0018624617,0.087632075,-0.016610654,0.07488639,0.05120242,-0.08964413,0.03593864,-0.0045158477,-0.065136306,0.081056915,-0.06429293,0.050996736,0.06779149,0.06644443,-0.06268062,0.089330174,0.00177914,0.07883151,0.091326885,-0.091379814,0.03392767,0.03788818,-0.058045987,0.0027646874,-0.00051724695,-0.064221196,-0.0061184005,-0.095083304,-0.059449427,0.043080345,-0.03237327,-0.04077669,0.08565094,-0.05301996,0.037746243,0.07705642,-0.00872729,0.0057633403,-0.001992242,0.0072894674,0.04936703,-0.0066747325,-0.021499889,0.08967165,0.039974682,-0.042840075,0.00645863,-0.056724865,-0.006346915,0.03762015,-0.034765307,-0.08534611,-0.0067865485,0.010503071,-0.068200186,-0.008339769
-0.020482272,-0.020641023,0.06839939,0.0027870869,0.049291946,-0.024734112,-0.08784642,-0.0031355582,-0.07123671,0.02112821,0.048458353,-0.0028278502,-0.07802586,0.0009733805,0.07427314,-0.0028020658,-0.05191296,0.046413355,0.08303183,-0.036397424,0.0007672103,-0.07981331,-0.09044973,-0.034974355,0.06737294,0.043794785,0.048568077,0.05969294,-0.015394974,0.042825423,0.06313729,0.09190046,0.07015891,0.0057582846,0.05068256,0.082660235,-0.09207598,-0.012339306,0.07279046,0.07190512,-0.042434324,-0.050007954,-0.048656072,0.07639228,0.09461455,-0.032417174,0.019966813,0.0017148943,0.033730716,0.053241786,-0.07490916,-0.08267502,-0.0817222,0.06178476,-0.079772964,-0.0883353,-0.060144536,-0.033326346,-0.04893986,-0.0010747794,0.01313092,0.084935054,0.0058202166,-0.0660002
-0.013785119,0.061808866,0.020138318,0.015939463,0.0706058,0.014708428,0.0628378,0.008244845,0.06540167,-0.058272075,0.05421916,-0.01507785,0.05463659,0.07964054,-0.048734028,-0.0038783872,-0.0025152182,0.006830339,0.090673365,0.029384995,0.044131093,0.05797704,-0.09053005,0.0105664255,0.07179396,-0.020891475,0.0842601,-0.084509954,0.0044440925,-0.061815616,-0.0007859346,0.051420953,-0.017567052,0.027154582,-0.014735289,-0.017233714,0.058724422,-0.058268733,0.004326987,0.06703821,0.0066296086,0.019827088,-0.0016447026,0.020292848,-0.07939429,-0.01942628,-0.08389409,-0.019691326,-0.07216525,-0.010763465,-0.04800445,0.0009641569,-0.004368194,-0.020696834,-0.07388199,-0.014276904,0.0112488745,0.049234517,-0.07466374,-0.07195414,0.0012193735,-0.027215315,-0.07319742,-0.0076894653
0.00849471,0.06794779,0.039795212,-0.08268677,0.06134789,0.03854912,0.009064741,0.080072284,0.009353269,0.06994964,0.08744986,-0.0317135,0.06330483,0.07826693,0.008466883,0.01280922,-0.071184464,-0.079405196,0.08623454,-0.08358153,-0.081944,0.015537384,-0.030091055,-0.085764125,-0.09779783,-0.044376902,-0.05846714,0.052677114,0.07528153,-0.083689734,-0.080517255,0.08184228,-0.034105983,-0.066976316,0.055953372,-0.04986425,-0.06324761,-0.07556718,-0.020485146,-0.016616082,0.09524406,0.015053622,-0.039692722,-0.05871379,0.0015717926,-0.069869496,-0.0050605447,-0.056625,0.08326929,-0.08943599,0.05530756,0.02334499,0.0045990585,-0.07283371,-0.080441155,0.006166212,-0.011171414,-0.041425157,0.015339812,-0.07513535,0.07804583,-0.055113688,-0.06252218,0.048584245
-0.07415717,-0.014264089,0.05395428,0.08649736,0.07918765,0.04366444,-0.059301,0.03773204,-0.06107411,0.050006095,0.04304657,0.015721401,0.06250539,0.050220452,-0.09215835,0.010939896,0.030108843,0.06501018,-0.0563728,-0.07134993,-0.0906368,0.056039106,0.07170312,-0.05155984,-0.06398432,0.08747568,-0.032808326,-0.06190916,0.015344664,-0.00028144574,-0.08324866,0.075558245,0.07340601,0.008790198,-0.075379595,0.060098752,-0.012616662,-0.054936968,0.084783554,0.029101262,0.030041551,-0.030624826,0.07175644,0.02472673,-0.004334221,0.087828815,-0.075585805,0.048946746,-0.05857194,0.033794634,-0.00603227,0.03405914,0.03202126,0.06951543,-0.06996779,0.013101935,-0.06782605,0.046578687,0.0045803785,0.0007107016,0.03357082,0.044683207,0.0032010572,-0.08010238
0.084597826,0.026440788,-0.008727029,-0.042992786,0.01378888,0.064896874,-0.00636666,-0.06384307,0.0036953148,-0.08100128,0.087424845,-0.035702378,0.05422008,0.05024158,0.05887414,0.045037214,-0.065169975,0.06522746,-0.009392011,-0.049485583,0.0074166367,0.016431388,0.048508953,-0.035335515,0.04974286,-0.06585033,0.020194998,0.060234807,-0.08133225,0.06971701,0.05073663,0.07239068,-0.04716249,-0.038016934,0.08803005,0.02805481,0.072145246,-0.05348607,-0.012394485,-0.016148197,0.07622804,-0.025268758,-0.01328131,0.048644464,0.017989404,-0.025184866,-0.06526495,0.05089234,-0.0009863371,-0.007796401,0.026135411,0.0059716348,0.046968054,-0.010361659,-0.0872761,0.036886137,0.05054484,0.054626375,0.07798196,-0.053556383,-0.05171442,0.07230209,-0.09344692,0.08942106
0.04078201,0.02646238,0.023486942,-0.01923746,-0.06399593,-0.0028583615,0.015621677,0.06992892,-0.009481181,0.07275348,-0.06551,-0.042664684,-0.051191185,-0.015256302,-0.08571463,-0.0029939914,-0.014272893,0.022327567,-0.06109131,-0.08320645,-0.06324075,0.046701763,-0.01760982,0.055314496,-0.04152822,0.087685004,0.079805925,-0.04017012,-0.027050022,0.067539215,0.0220797,-0.0016045579,-0.08808514,0.052304026,0.0804094,-0.02938652,0.057456966,-0.069758855,0.05355177,0.08964185,0.016158924,-0.0727245,0.056502078,-0.0554918,-0.07343607,3.0309457e-05,-0.0066081583,0.044211842,-0.07405724,-0.0030219613,0.07694412,-0.06449187,0.046127133,-0.005082558,-0.081716865,0.06727664,0.039706025,-0.061332542,-0.016885322,-0.029548679,-0.09290461,-0.08073136,-0.03820485,-0.044265755
-0.040300082,-0.07566825,0.010442052,0.06997027,-0.068841055,0.08891208,0.053891238,0.06294938,0.049649168,0.040624514,-0.061504863,0.07585523,-0.0003899105,-0.09046098,-0.048007384,-0.050228532,0.040385526,0.02961344,-0.014494986,-0.03712757,-0.03165456,0.07692634,-0.08549534,-0.060510572,-0.0021445123,-0.014849741,-0.07713199,-0.010362178,0.08464575,0.02598187,0.067317136,0.0881355,0.009462411,-0.031666882,0.0064827544,-0.06578462,-0.06276935,0.014730102,0.06963219,0.0620109,-0.056534033,0.022652788,0.06390474,-0.014231228,0.059783943,0.0047519268,0.03030926,-0.0010864006,-0.062021527,-0.018075304,-0.03506292,-0.013242209,0.006792109,-0.047928534,0.0019548677,-0.072634935,0.0547084,0.032050077,0.01469428,0.080166176,-0.06301779,-0.07719944,0.030492673,0.068945095
-0.08400916,0.07699449,-0.008394371,0.083384834,-0.00277908,0.08259478,0.02242461,-0.06310256,-0.08495055,0.09171067,0.024731202,-0.07942301,-0.08143892,0.009914063,0.076180845,0.023401529,0.06864583,0.011436342,0.044642035,0.08730637,0.0057635605,-0.047839355,0.05245938,0.06840138,-0.08141858,-0.08650391,0.011302768,0.016929876,0.076183796,-0.0211918,-0.020000443,0.0003438819,-0.020609833,-0.016943868,-0.034269176,-0.045098443,-0.05997528,-0.011017898,0.024083754,-0.06498507,0.02373545,0.038150765,0.022336908,0.015741691,-0.011033112,-0.031060843,-0.03492657,0.02224253,0.037751228,-0.0072725792,0.0941577,-0.05214981,-0.012997781,-0.047191698,0.06836899,-0.08307742,-0.04503476,0.0043010595,0.04023807,0.055919413,0.017371312,-0.010033382,0.050306987,0.047569707
0.022178702,-0.0849192,0.0039575403,0.07245155,0.08206165,0.005791836,-0.069356285,-0.046029154,0.028814405,0.006390334,-0.0047247508,-0.053434666,0.00936324,-0.08130541,0.06498639,0.016642643,0.076734275,0.0703774,0.076220274,0.064625956,-0.08817373,0.0008407106,-0.04680517,0.021256695,-0.0051372685,-0.06591425,-0.018256595,-0.086700566,0.06370993,-0.068051934,0.0031846482,0.032369446,0.051184867,0.01719261,0.03228752,-0.009979597,-0.010361648,0.047287513,-0.011061963,-0.008265823,-0.07264816,0.035461962,-0.063629135,-0.08523874,-0.0077241147,-0.052438956,-0.03347539,0.0148350615,0.052534163,0.060644448,0.07734253,0.080063805,-0.059213646,-0.017441854,-0.010384605,-0.079012826,0.051087808,-0.019585406,0.035263073,0.05238939,-0.06298129,0.080169596,0.052562635,-0.020087527
0.018691408,0.058053445,-0.08035949,-0.0034735692,0.06912688,-0.054863792,0.057169884,0.04245155,-0.060640894,-0.030981185,0.059605364,0.07241113,0.011087821,-0.025315199,-0.08612883,-0.0072360695,-0.050780218,-0.043289233,0.058660258,-0.09350201,-0.093073905,0.010066455,0.090170756,-0.03605555,0.07017921,0.045858353,0.086810105,-0.06774543,-0.08992163,0.018796938,0.010564027,-0.004298699,0.049079366,-0.060454313,0.084679976,-0.042047616,0.017091274,0.064888276,-0.0006037836,0.058765892,-0.022312367,-0.032096412,0.082988754,-0.05009607,0.068842165,0.009601143,-0.08562738,0.045023367,-0.015024333,-0.0014945625,-0.013416648,-0.06593699,0.031125732,-0.01155199,0.03765196,-0.063682936,0.056011446,0.02701889,0.0063090487,0.093751036,0.084459156,-0.027405353,-0.010228095,0.047371812
0.0817862,0.080312796,0.013467167,-0.08280158,-0.08153911,0.014317631,0.06519649,-0.06973357,-0.024648707,-0.06307871,0.0049059275,-0.039140712,-0.035656758,0.06958971,-0.08559195,-0.052588902,-0.029634105,0.020506144,-0.0027583763,0.03732878,-0.039239943,0.045681525,0.022409746,0.047419988,0.03765351,0.053497344,0.04731824,0.06750363,0.08397145,-0.017033603,-0.055553615,-0.044936426,-0.08972482,0.014047188,-0.06358726,0.014751245,0.0028060623,0.045358308,0.055702664,-0.036797784,0.02785312,-0.04522851,-0.013576486,0.07987699,-0.06519867,-0.080402456,0.025751553,0.073324606,0.052040707,-0.044570606,0.062311497,-0.047296427,-0.0114407055,-0.019435404,0.047870696,0.009226426,0.04458737,0.027394956,0.045684382,-0.016428322,-0.025803968,0.025650755,0.0071898615,0.024163464
0.014920014,-0.029184245,0.026935136,0.040451612,-0.071783476,0.007993913,0.05134031,-0.012894869,-0.04391799,-0.047036875,0.06991607,0.0373341,-0.0500249,0.0048159775,0.07253039,0.002267698,-0.0526228,0.08431987,-0.055781133,-0.03953735,0.046781853,-0.02561703,0.05222014,0.04458713,-0.010142484,-0.0640032,0.067434944,0.0091059,0.0025352186,-0.030683458,-0.011236624,-0.03839416,-0.042940468,0.056615323,-0.016700003,0.00023179431,-0.037833802,-0.03244903,-0.0761741,-0.051927004,0.011338737,0.025965624,-0.03395239,0.045952886,-0.053156853,-0.017989093,0.051692683,0.008767534,0.096997075,0.020590495,0.009215246,-0.07662742,0.03582163,0.067675054,-0.025394088,-0.05072747,0.042028252,-0.04785959,0.0668467,-0.0879778,-0.009926671,-0.086058706,0.0075142323,0.06775337
-0.07634623,0.004457999,0.03514143,0.07089862,0.0059947683,-0.05200092,-0.05527474,0.07645642,0.022767683,0.06089995,0.006641646,0.018556459,0.044527,-0.011338567,0.08298142,-0.058652714,-0.0797366,-0.048377316,0.010356591,-0.035219274,0.043559346,-0.07207085,-0.06707365,0.08258054,-0.018727023,0.026970573,-0.07001041,-0.013913584,-0.078366056,-0.08504742,-0.034093674,0.053070154,0.08694886,0.0056011775,-0.075260565,-0.05146897,0.06303114,-0.0090147285,0.0897581,0.058439437,-0.08013315,-0.044519354,-0.06936837,0.08151031,-0.020081175,0.0116779525,0.0433948,0.035020635,-0.0115639325,-0.057060745,-0.08439513,-0.0068460074,-0.0053770193,-0.053618673,0.03843622,0.09316136,0.022259308,-0.058268376,-0.008349151,-0.004733885,0.009208591,-0.06258913,0.06700401,-0.0039089113
0.06554248,-0.067290016,0.0735425,0.06441623,0.0025359672,0.052613694,0.03159906,-0.05891316,-0.080882855,-0.046441693,-0.027955795,0.024982411,-0.071342975,0.07794979,-0.031420957,-0.0021756834,0.034135584,0.031037841,0.059550148,-0.0069268784,-0.050604947,0.017735593,0.02872377,0.023578217,-0.080130465,0.03655346,0.04193875,0.048214667,-0.029402938,-0.019640008,-0.0012477863,0.014065118,-0.053706873,-0.07694211,0.019886611,0.009309944,0.04489616,0.04355386,-0.007187793,-0.036886588,0.062686495,0.08006387,-0.020080421,0.02446618,-0.033592287,-0.02227101,0.068886034,0.016236408,-0.011184382,-0.0031425988,-0.07368583,-0.026276972,-0.014884468,0.011028495,0.011800814,0.0147603145,-0.02156653,0.025343854,0.044405036,-0.080873795,0.046584573,-0.0037329567,-0.020524083,0.06266711
0.054059822,-0.070087984,-0.039847877,0.013481288,-0.0103619015,0.009829653,0.06423439,0.06433264,-0.011811496,0.0052502938,0.008010732,0.06335708,0.009177061,0.009046996,0.033471044,0.06862547,0.06266639,-0.06485109,-0.045803834,-0.007667096,0.0068248445,0.026353767,0.052705873,-0.06846884,-0.071429715,0.019956263,-0.07855919,0.0028576667,0.07002104,-0.088538855,-0.051704813,-0.014010603,-0.0050659617,0.06833362,0.04597087,0.07356262,0.07942281,-0.007448568,0.0658969,-0.05400949,0.0013989145,-0.013251432,-0.025522748,0.05701725,-0.04902009,0.019065328,0.06349834,0.085500285,-0.0037029004,-0.0668073,-0.01344334,-0.04424874,-0.073274314,0.04735624,-0.05357009,0.08549703,0.048227847,-0.018432913,-0.04339438,0.0615104,0.065011375,-0.073539354,0.04265595,0.046110064
0.03190394,0.013464529,-0.014653464,-0.05511263,0.03909551,-0.061721575,0.07560402,-0.014308947,-0.08262628,-0.08570906,-0.042898506,0.008738392,0.003440243,-0.0036853456,-0.077563144,0.06801836,-0.03825001,-0.08096135,0.017265134,-0.0075946497,-0.015959146,0.04113581,-0.00792212,-0.07719147,-0.045186438,-0.025867358,-0.07353204,-0.05949077,-0.00020448962,-0.079928175,-0.021231191,0.07813264,-0.065724365,0.0543435,0.03554156,0.071144715,-0.06384594,-0.0359412,0.034558076,0.058603264,-0.03413089,-0.014862135,0.035707567,0.06510406,0.061184455,-0.009181314,-0.088447705,-0.0585148,-0.041733537,0.0440172,-0.06446376,0.044113923,0.060016893,0.010055797,0.07330033,-0.020547993,-0.01825884,0.061295554,-0.040770575,0.029992716,0.022438511,-0.010231903,-0.0023751508,0.045202702
0.03789166,-0.07712419,-0.029213794,-0.04178554,0.019433651,-0.03389179,0.05936209,0.06360644,-0.0033698543,-0.022203624,0.06772312,-0.0030510766,0.005830272,0.006883673,0.035089854,0.017422147,-0.06949105,0.0024269635,0.015892249,-0.009285091,-0.049630668,0.04763848,0.019282596,-0.07149763,0.029309213,0.0715315,-0.06285001,0.024290003,-0.01207223,0.062477745,0.075458646,0.026103156,0.042128466,0.015597272,-0.05225781,0.008921864,-0.009202515,-0.07908415,0.085508145,-0.042686194,-0.07495714,0.0036086165,-0.041862104,-0.05110594,0.014126636,0.048471212,-0.04314583,-0.075210795,0.088252336,-0.09222157,-0.06909972,0.040009744,-0.09709856,0.005037915,-0.0716026,-0.012676276,-0.05896815,-0.068835706,0.064897195,-0.04199851,-0.05391385,0.06305512,-0.020389901,0.06571652
0.08209131,0.08942598,0.081802905,-0.028880347,-0.011499317,0.05395656,0.02016601,-0.053980112,0.04062853,-0.04674553,-0.07185907,-0.06377358,0.09732918,-0.076185435,-0.09167983,0.057051297,-0.034828372,-0.03235228,0.057554513,-0.057918314,0.028109683,0.068270504,0.029814012,0.07699426,0.074693404,0.03599077,0.08000875,0.072440006,0.018344989,-0.02785056,0.08900265,0.06989354,0.03673387,-0.04551809,0.0020441094,-0.012844181,0.07744775,0.058087017,-0.034695223,0.024864482,-0.088109665,-0.042065,-0.04409835,0.07181567,0.008624779,0.009510643,-0.012442709,-0.0056373016,-0.014038454,-0.06271996,-0.05557351,0.06619512,0.041415658,0.046788443,-0.078394204,0.01358464,0.075099416,-0.0739616,0.00803608,-0.011474525,0.011378695,-0.026382659,-0.057655,0.057804514
0.024703616,0.06253723,-0.005569435,0.06645323,-0.0016340523,0.003865681,0.0040894104,-0.06704377,-0.019249331,0.062614575,-0.012944206,0.06436791,0.05667699,0.050366133,0.022780132,0.007160006,-0.011988362,-0.050887316,0.062441777,-0.004016893,-0.009391407,0.08064241,0.014703831,-0.07689125,0.043506183,-0.07698276,-0.079526596,0.02447054,-0.03559122,-0.07919625,0.028537849,-0.058345232,-0.056855075,-0.047523253,-0.05117665,0.029488558,-0.0052991714,-0.073665954,0.04566086,0.07207677,-0.033051472,0.036453567,0.018976195,-0.020520533,-0.012665181,0.00038007507,0.019601237,0.03645864,0.07753394,-0.08216167,0.03550146,0.021115556,-0.046861757,-0.008322328,0.0027072371,0.034566738,0.013086172,-0.060324483,-0.011690915,0.043731626,0.011291155,0.029726982,0.05319749,0.036529537
0.07532195,0.065377854,0.056520566,-0.015461813,0.05869629,-0.022956688,-0.013833767,0.08034917,0.040665362,-0.04651398,0.08102631,0.03127831,-0.0028275256,-0.04729219,0.056605626,0.009967374,0.004876244,0.0040631234,-0.08813756,-0.059027724,0.07869287,0.037642732,-0.021440059,0.078942694,-0.08452412,-0.07339689,0.079041936,0.010457313,0.0088154,-0.045660436,-0.010605277,-0.062759995,-0.07589161,0.010003334,-0.046278615,0.063394256,-0.09690863,0.017837714,0.016274938,0.070152156,-0.013987998,0.051260963,-0.064982176,-0.013068235,0.08596909,0.016874261,-0.011477459,-0.012007566,0.07173019,0.06349852,0.0039492035,-0.07470169,0.0012856827,0.0181823,0.055288393,0.0699021,-0.009018459,-0.087577134,-0.08720349,-0.019151324,0.018984212,0.014359315,0.006451249,-0.07039258
0.021596707,0.046533782,-0.07850726,-0.039084323,-0.043392785,0.07176069,-0.053171992,-0.008591623,-0.050812606,-0.040669773,0.048967257,-0.030396946,-0.0027991147,0.050472047,-0.06104344,-0.0047508995,0.03491979,0.08112615,-0.01304659,-0.009438714,-0.046770018,-0.03421836,-0.035895247,0.00095228676,-0.012537067,-0.007157805,0.078116186,-0.040028993,0.02485189,0.0077443114,0.010888742,-0.056627024,-0.013009466,0.04511703,0.043780047,-0.04169764,-0.04076341,-0.020896757,-0.054340776,0.06915767,-0.020520922,0.055502616,-0.010561443,0.073302805,-0.034519766,0.0002141334,-0.0055382517,-0.016578438,-0.041303605,-0.022431659,0.017694993,0.049144723,-0.061441723,0.008374749,-0.029221809,-0.04473679,-0.018160393,0.04199035,0.069016606,-0.017137405,0.036518317,0.080778375,-0.05263585,-0.074468955
-0.011589012,0.0019175048,0.07079844,0.02052723,0.05796306,0.028158866,-0.046789613,-0.08411487,0.0012108479,-0.01896826,0.04170164,0.058272377,0.08383036,0.023981724,-0.08523792,0.07239071,0.0697106,0.04158441,0.07343029,0.01551746,0.055742428,-0.04159588,-0.007315323,0.039797164,-0.035609424,0.024137568,-0.019276705,0.0069308067,0.004868839,-0.0506375,-0.08012465,-0.051510025,0.01434983,0.022524208,-0.036635984,0.025556436,0.054327868,-0.07985727,-0.0901892,-0.034908984,0.002243458,0.015754038,-0.01760244,0.013361118,-0.01661483,0.050256643,-0.07008762,0.060538404,-0.053102043,-0.046843193,-0.06600298,-0.021714825,0.050325476,0.078790426,0.059787992,-0.088997886,-0.02157753,-0.07065449,0.08549695,-0.0697069,0.06746583,0.053470038,0.014958186,-0.05436853
0.007926136,-0.0888846,-0.08316934,0.06721108,-0.075800985,0.0059395144,-0.02642055,-0.012310027,-0.07948314,0.05301621,-0.07058209,-0.011968343,-0.025008831,-0.04481906,0.049995955,-0.0675874,-0.047627717,0.019869303,0.07083769,0.056229353,0.050005674,0.030929781,-0.08763294,-0.02522137,0.0620349,-0.057949737,-0.010860921,0.07959713,0.00795402,0.004186286,0.05296846,-0.0649384,0.02333849,0.087384306,-0.002299968,-0.0735063,-0.031142464,-0.04032893,-0.083269686,0.07844083,0.07781725,0.013791198,0.07488078,-0.014748226,0.011794459,0.048694246,0.085071854,-0.08727128,0.015012031,0.052485097,0.06464969,-0.022244232,-0.0718304,-0.007205148,-0.006794071,0.0147597445,-0.051282328,0.030218383,-4.8898975e-05,-0.006759294,-0.025596872,0.035501663,-0.010363764,-0.064301096
-0.01940436,-0.08204158,-0.006447108,0.049285293,0.010664024,-0.064381465,-0.0629625,-0.06874758,-0.039140407,0.06512446,-0.0044435826,-0.08869899,0.04805949,0.008446232,-0.027928883,0.08035398,0.027105214,-0.016873058,-0.041033417,-0.013527503,-0.041469075,-0.013101489,-0.00606052,-0.069022745,0.07721126,0.008502836,-0.06492726,0.0465439,-0.01890707,0.07684683,0.013087037,0.07582994,0.06340787,-0.061518908,0.050766677,0.012563951,-0.057350803,-0.023097606,0.058059093,-0.07419971,-0.001079936,-0.08600262,0.077359594,0.075252995,-0.0082185995,0.018060891,-0.043587465,0.00798002,-0.052219525,-0.010434656,-0.08371049,-0.067283906,0.0052290587,0.046400838,-0.08900899,0.08490616,-0.058635756,0.07906307,-0.054272115,-0.072544836,0.026340364,-0.0032301499,0.0799334,0.06987005
-0.08715797,0.09030355,0.0055461708,-0.018486468,0.011075479,0.008201483,-0.0035614022,0.06429569,0.077050865,0.059898876,0.08185111,0.0729011,-0.022890812,0.030972393,-0.039554816,0.039203055,0.047533154,-0.07243237,0.039925877,-0.017127767,-0.014170931,-0.0017784074,0.022728698,0.037071347,0.021270674,0.04381622,-0.060917467,-0.00039138482,-0.038149964,-0.049882628,0.08973076,0.09734369,0.043026194,0.042983696,0.0729662,0.06744182,-0.053305835,0.04650329,-0.008560114,-0.02727138,-0.03336036,-0.022214673,0.024332037,0.007889803,-0.04329824,-0.07550658,0.009857942,-0.03434161,-0.004944511,0.07128178,0.046844542,0.052347645,0.06784414,0.051169783,-0.0050273407,0.012962541,-0.083352104,0.008481296,-0.07510616,-0.0465094,-0.085697874,-0.06567449,0.00799535,-0.087246135
-0.0023553572,-0.015196244,-0.048519876,0.040244084,-0.016737571,0.07995405,-0.047941793,-0.014992617,-0.07501554,-0.022126693,-0.07741066,-0.008363926,0.06761665,-0.07072471,-0.088963,0.004866644,0.008758492,-0.046913657,4.7302077e-05,0.039637152,0.015921814,0.056129515,0.07745268,0.043025613,-0.06157205,0.046278384,0.082756005,0.068268664,0.010066457,-0.031410653,-0.011966912,0.058287635,-0.074460715,0.054343753,0.017243022,0.06984204,0.002658217,0.06523521,0.085008636,-0.06311828,0.008269457,-0.069462955,0.0067560854,0.06751634,0.005694218,-0.013029345,0.010507505,0.06088231,-0.0070599755,0.084638186,-0.08199548,-0.044697583,0.003917591,-0.0730038,-0.06553926,0.07991729,0.056093093,0.08579773,-0.040634602,-0.085920274,0.03151122,0.078546844,-0.08498882,-0.03233981
0.031079693,0.08202005,0.07456316,-0.030984504,-0.053939406,0.019144315,-0.027136201,0.040428344,0.0077777305,-0.020019252,-0.019663528,-0.070324875,0.08413261,-0.075425886,-0.025591424,-0.035516422,0.023473164,0.0441735,0.0657578,-0.021978684,-0.06673171,-0.012079209,-0.07982533,0.06775298,0.03899645,-0.052705023,0.034649983,0.073026,0.04789254,0.06851832,-0.020207325,0.003054796,0.06115661,0.035782523,0.049828004,-0.07678404,-0.006762651,0.067602895,0.040248837,0.04391635,-0.07527877,-0.05080328,-0.076638564,-0.053595267,-0.0015050491,0.07535328,-0.046196636,-0.060904425,0.006340291,0.08719869,0.06528866,0.03356195,0.04943316,-0.052589588,0.046272244,0.00838663,0.044029884,-0.051269643,-0.08627304,0.053664118,0.03055383,-0.024783012,0.043726064,-0.06689854
-0.00094455853,-0.048784494,0.07079958,0.067439266,-0.05838752,-0.072667204,0.07546668,0.035493836,-0.034195736,0.0076353108,-0.020299742,0.07360082,0.075384825,-0.010918185,-0.013841892,-0.050456755,-0.078274615,0.005917032,-0.07890216,-0.015710263,0.0013673267,0.08663988,-0.021575874,-0.03631459,-0.010861325,-0.03311036,-0.0028909128,-0.05823274,0.094903424,0.021902472,0.06066629,0.011614775,-0.05511984,0.063954145,-0.011993233,-0.018809885,0.08356197,-0.004048512,0.009819067,0.044779778,0.056393996,-0.03109347,-0.008492712,0.0035255796,-0.021451663,-0.083156444,-0.056321125,0.06574267,-0.043043014,0.012887999,0.091738194,-0.010655203,-0.062680155,0.07863257,0.0027573023,0.05690167,0.08162391,-0.086620346,0.008906184,0.025710454,0.04892327,0.08103969,0.04219102,0.04688522
-0.08246708,-0.06264069,0.0108003365,-0.0911893,0.07389841,-0.001437087,-0.042129163,-0.03188896,0.06874085,-0.008881874,0.032182604,-0.0018143416,-0.08026453,-0.024350302,-0.0035627421,-0.011410578,0.03190276,-0.092935644,-0.07425831,0.012851051,0.00398589,-0.00060511555,-0.055716995,-0.010523753,0.0006569022,-0.058921054,0.00266776,0.009138315,-0.0072604977,-0.06423486,0.052450843,0.07258818,0.026128832,-0.0077527966,0.0133655425,0.07588978,0.09199779,-3.9009567e-05,0.061178163,0.07017892,0.034565434,0.015570236,0.009454072,0.00877811,-0.042503025,-0.06281887,-0.02711276,0.0060446905,-0.031364664,0.01836142,-0.057449967,-0.04168532,0.06754968,0.06384701,0.006914473,0.041628286,-0.030642174,0.0097273365,-0.05226401,-0.021031285,0.040946256,-0.02852089,0.06889373,0.018857017
-0.0790251,0.0015284445,-0.012776454,-0.018445794,-0.016824039,-0.010459547,-0.028446253,-0.08393136,0.089483604,0.022030963,0.009910638,0.07009516,0.086958684,-0.017511664,0.07459563,0.0015669423,-0.053689755,0.07440614,-0.023678472,-0.057738513,-0.012894449,-0.090687454,0.086093135,-0.03144031,0.06922896,-0.05977419,0.016987009,-0.03679643,-0.003197512,-0.06282566,0.06433833,-0.04990539,-0.05000161,-0.0889487,0.058631957,-0.053797238,-0.059555136,-0.0988047,0.07059051,-0.075395934,-0.006867849,-0.07711749,0.041128285,0.0802189,0.015859284,0.08936856,0.062894076,0.047057804,-0.03140413,-0.0066790204,-0.013172726,0.096645914,-0.007893585,-0.022540206,0.030998606,0.085448414,-0.05569593,-0.07839739,-0.03191692,0.081072986,-0.094311625,-0.08767266,0.009730754,0.057721183
0.08550807,-0.037127867,0.040119283,-0.05066555,-0.07041183,-0.0728791,-0.008975181,-0.007419447,0.031467516,-0.011435083,-0.06575831,-0.011251711,-0.032417543,0.07906244,-0.0512816,0.08368477,-0.011888337,0.047724385,-0.06957065,0.034915153,0.013364255,-0.047242373,0.038181562,0.06607061,-0.013451672,0.05108252,-0.047044124,0.047827978,0.076878786,0.026228214,-0.02922545,0.0144331865,0.026965616,-0.042698625,-0.06357065,0.07801342,-0.04364516,0.04001656,-0.04543821,-0.07131139,-0.04226818,0.03980361,0.0431278,-0.08789712,0.026883345,0.04318706,0.058328774,0.035604294,0.06301141,-0.001716293,0.0497771,0.0015544556,-0.045191843,0.013147849,0.0033956794,0.029270599,0.03789089,0.01875537,0.054438636,0.008795576,-0.08157322,-0.057804372,-0.06107624,0.010669855
-0.025707765,-0.07184539,0.00063623703,-0.056016404,0.06838503,-0.006500158,-0.025441416,0.05946935,0.05759944,-0.06548623,-0.062042043,-0.0834483,0.04439845,0.043691054,0.06267455,0.055453535,0.05358308,-0.008539182,-0.0154090235,0.011050967,0.043533515,-0.016753756,-0.061045736,0.06242108,0.08875449,0.06308017,-0.015040581,-0.047855344,0.0013495202,0.00080897333,-0.01930699,-0.05595026,-0.058399152,0.00775561,0.08983176,0.09386997,0.0033505731,-0.017458348,-0.05377249,0.049267266,-0.05540794,0.019140285,-0.0071729356,0.056053143,0.08638903,0.088788845,-0.07304626,-0.052088052,-0.004330813,0.06440431,-0.07498257,-0.01566104,-0.086971216,0.057121877,0.0019911283,-0.08193001,-0.018850358,-0.08345208,-0.04723013,-0.051709346,-0.057640243,0.009681824,0.0149318725,0.08571142
0.08733729,-0.032889064,0.08706622,0.07615803,-0.051959705,0.057493538,-0.043845363,0.0002731225,0.02247016,0.015676292,-0.05909899,-0.0042524473,0.0856747,0.008764678,0.06629042,-0.028037379,0.038180444,-0.007804535,0.07246663,0.073701605,0.055943497,0.070252195,0.0063416422,-0.009664782,-0.040027373,0.030823208,0.013380748,0.052715193,0.07571432,-0.055978272,-0.0038659233,0.014085019,0.06397022,-0.0650779,-0.083371654,0.08898021,-0.07669402,-0.054267894,-0.004812484,0.07689635,-0.06424122,-0.08550119,0.056447804,0.06648252,-0.06888641,-0.0003422252,0.06406301,-0.0730166,0.06953723,-0.06429944,0.014989947,0.06038578,-0.07374178,0.005277223,0.01057577,0.017240068,0.013684463,0.056337256,-0.011906461,-0.022518177,0.06884091,-0.0021795537,0.07843291,-0.03286221
0.016018774,0.037789904,0.010209218,-0.07794312,0.018007409,-0.033290673,0.0054782284,-0.0414103,0.060372353,-0.07444541,-0.055315003,0.058659352,0.0023555835,-0.012808469,0.09244837,0.04441756,0.0144644715,0.04582945,-0.018834384,-0.06794776,0.07868397,0.055953916,-0.08209983,-0.07668382,0.049579903,-0.066147424,0.0147143,-0.03127636,-0.006991688,0.03583022,-0.060449865,0.015601271,-0.07743459,-0.08674244,0.020812724,-0.02511663,-0.010958725,0.0022918393,-0.0799664,-0.07467998,-0.020457456,-0.07703513,-0.0006642003,-0.05067672,-0.046376318,-0.025306651,-0.0017733107,-0.0044203745,0.007864302,0.090281576,0.0022399635,0.0692811,0.017071422,0.010944044,0.04823554,-0.054436505,-0.053346407,0.057964567,0.010168343,0.05429473,-0.060455818,0.08959703,-0.08977457,0.061062574
0.019106561,-0.01125256,-0.08404059,0.06716522,0.046541296,0.010844317,0.056483123,-0.085209,0.05950827,0.059959237,0.06514177,-0.033730164,0.08454885,-0.0518652,-0.078533635,-0.05031904,0.06769474,-0.015077153,0.07679527,-0.066745974,-0.0029417025,-0.0012282729,-0.025187075,0.041248694,-0.06187655,-0.08281087,-0.02753588,0.08502497,-0.048308894,0.065484665,-0.070298575,0.06681742,-0.036979843,-0.044537824,0.033898555,0.015742186,0.07753051,-0.05820427,-0.011329965,-0.054129947,0.014447014,-0.030300986,-0.021250455,0.050577044,0.04846971,-0.057308473,0.036019232,-0.0852008,-0.006632025,0.036416374,0.04658329,0.023597838,0.021768736,0.0678882,0.07315076,-0.022738153,-0.06989515,-0.0071290187,0.020717643,0.0737367,-0.0005227397,0.06363687,0.067768395,0.061605304
0.06162573,0.071567014,0.04151343,0.04937673,-0.0040412717,-0.036202718,0.08743036,-0.01035713,-0.008385805,0.08131447,-0.088722005,-0.0051090675,0.07821825,-0.06705327,-0.074899346,0.010913355,-0.061170105,-0.034283638,0.065921925,-0.085365154,0.023748571,-0.012842318,0.012599356,-0.049014036,0.0065421807,-0.01604848,-0.026396196,-0.02277773,-0.07535238,0.056589782,-0.067349486,-0.06775788,-0.03375308,0.017850196,0.0031763571,-0.014987226,0.08959718,0.08119548,0.045546386,-0.08858464,-0.00015413406,0.08748695,0.049275227,0.018198041,0.086464316,0.08758484,0.04504419,-0.08600081,0.010708205,-0.027901366,0.0011001573,0.044592325,-0.060915846,-0.072836354,0.08753391,0.075876795,-0.0098043075,0.09627435,-0.004226849,0.0029407446,0.070170596,0.08834177,-0.09547769,0.040072568
0.008004352,0.086648196,-0.026666034,-0.001992357,-0.015255522,-0.07334932,0.041269287,-0.07724663,0.0035807628,0.055782598,0.089722134,-0.017578278,-0.009847662,-0.05724652,-0.06877235,0.06147717,0.057091482,-0.014001158,-0.076445684,0.08791588,-0.014782116,-0.03254889,-0.04248906,-0.00912857,0.06511302,0.0032099504,-0.020042183,0.0003801846,0.007833161,0.011899714,0.08260294,-0.03352305,0.036816224,-0.07367052,-0.06138925,0.07601733,0.012940051,0.063566,0.039172817,-0.071945,-0.038029592,0.021953262,0.01608016,-0.03547518,-0.026263561,0.038229927,0.0069106873,0.07550633,-0.015818082,-0.085669436,0.058591794,0.05567559,-0.008186435,0.0478038,-0.003225768,-0.029027404,-0.04953634,0.080207996,0.004412656,0.08073717,0.047033805,0.08396823,-0.043979988,0.048250835
0.048757836,0.0062870337,-0.072769254,-0.053484138,0.0923521,-0.089224316,0.05364553,-0.028564218,-0.08708735,0.095080175,0.044260345,-0.033093803,0.06572848,-0.009122538,0.042512532,-0.02327508,0.050406802,0.08274718,0.015647627,0.058989555,0.0064766775,-0.060950883,0.022063924,-0.087635756,-0.049831893,0.032000978,-0.06159056,0.01471624,0.06366221,0.0037394033,-0.08812404,0.035556987,0.081998564,0.029401265,-0.0044973306,0.024501065,-0.04585785,0.015052208,-0.079546,0.005690269,0.02149416,0.008350417,-0.012734234,-0.057154335,-0.08795672,-0.017378705,-0.050705314,-0.060404107,0.040703896,-5.011556e-06,-0.0063714897,0.0001638197,-0.055895522,0.043428183,0.062043745,0.0041739913,0.012261376,-0.07526091,-0.003949543,-0.037084915,4.006448e-06,0.011089398,0.08594796,-0.07541362
-0.002749008,-0.004930243,-0.07412731,-0.05487645,0.0015620076,0.052152727,0.057594713,-0.086976364,0.03790113,-0.038491163,-0.06623519,-0.026779091,-0.0731106,0.05472201,0.0077268495,-0.069496825,-0.0044642305,0.009758832,0.06636924,0.060796577,0.07195705,-0.023909897,0.02065835,0.0096356785,-0.079557054,-0.039525017,0.04865839,0.0048558824,-0.015798146,-0.055749808,0.027545966,0.07495336,-0.04746636,-0.00859726,0.073292814,-0.05419659,-0.026043193,0.05600795,-0.018423924,0.05738592,-0.071494065,0.0034778188,0.008837048,-0.050449654,-0.08379398,-0.019236358,-0.07721841,-0.029503599,-0.0076784035,0.0663418,0.0029881187,0.074768156,-0.01076855,0.069686696,-0.053819217,0.053813357,-0.023773901,-0.04631875,0.07386871,-0.035994027,0.047307424,-0.08061031,-0.013243351,0.078040704
-0.086487055,0.08422468,-0.08002786,0.039337825,0.018711485,-0.0034593802,0.079027444,-0.06272397,-0.08625924,0.07594933,-0.012708818,-0.036578067,-0.00016665869,0.047372106,0.08352208,-0.06525488,0.039128616,0.07649486,-0.08317615,0.05486353,0.037061136,0.06970254,-0.08679752,-0.06922685,0.03474915,0.005221367,-0.013754467,-0.018350858,-0.02551851,-0.027706644,-0.01611214,-0.08986057,-0.09057825,0.081955105,-0.08277957,0.022967454,-0.06497331,0.10019312,0.022496402,-0.019568225,-0.04492857,-0.063679524,0.0007651424,0.05675271,0.076766424,0.07707882,-0.014708329,-0.083526544,0.0592706,-0.067492306,0.054051522,0.08946355,-0.008379335,0.08990391,0.09827451,0.091040686,-0.008291194,-0.0021505677,-0.014202223,-0.06185277,0.040452063,-0.095892936,-0.047141787,0.04394523
0.04601199,-0.089338034,0.06038355,-0.04974579,-0.017373517,-0.005844889,0.03449435,0.046568125,-0.0063902475,0.030985638,0.060263883,0.00030116085,-0.039647013,0.020876952,0.017579008,0.030388147,0.05692086,-0.037704457,-0.032664042,-0.08111128,0.0029392953,0.034854796,0.07179037,-0.05682929,-0.06788586,-0.07464826,0.088556446,0.05183715,0.0270911,0.013318766,0.043773737,-0.041232053,0.011674959,0.022186564,0.036632385,0.0127064055,-0.0076403623,-0.009626284,-0.0126018515,-0.06574829,-0.059738696,-0.0371857,-0.08527062,-0.0399829,0.017626641,0.0071510156,0.07371772,-0.06644998,0.017153094,0.070171155,0.05717542,-0.04466868,0.08181764,-0.08587966,-0.054437045,0.06025479,0.08572264,-0.059088707,0.0037333365,-0.0593095,-0.05525172,-0.06853982,0.006069938,-0.0351722
-0.06433984,-0.08158955,-0.09926184,-0.09926119,0.06579055,-0.04562948,0.079265445,0.0016259837,0.06857863,0.08539451,-0.094214946,-0.083288714,-0.010493168,0.087563336,-0.011871567,-0.004120053,-0.03223896,0.07323007,0.08886248,-0.004335721,-0.0072838287,0.018833796,-0.084950194,-0.01537225,0.013295289,0.054975655,-0.0017017821,0.08917108,-0.018918386,0.03464717,0.0860435,0.0878223,-0.00682849,0.056303777,-0.06268476,-0.04586405,-0.0426109,0.027969643,-0.054042693,0.006315897,-0.013494617,-0.07510006,0.0041190586,-0.036712773,0.035033297,0.06347537,0.04778381,0.046587374,0.02288637,-0.07596256,-0.08938531,0.042815864,-0.09518709,-0.0043350453,-0.014093072,-0.078261845,0.08748208,0.0029637273,0.06428611,-0.079145655,-0.00085012475,-0.0065820133,-0.050218593,0.07232462
-0.008689738,-0.06643779,0.05661437,-0.0003210716,0.061526254,0.008943474,-0.044503476,-0.08368375,-0.0155409,0.085958585,-0.01532411,0.0022160346,0.01623215,0.044192318,-0.0010357191,0.055585243,0.009004682,-0.0133902365,0.066058576,0.0054031997,-0.049712017,0.0050275633,-0.039876755,0.018042997,0.04719179,-0.08217726,-0.048126645,0.06784461,0.0022210118,0.0075066607,0.077483915,-0.053088456,0.046180107,-0.069375634,-0.06200988,-0.011447842,-0.032285888,0.0034381647,-0.028999113,-0.047384497,0.012191531,-0.08822375,0.02167949,0.04366151,-0.0006015338,0.084800206,-0.07526795,-0.045709968,0.072412744,0.08095319,0.044790436,-0.07722426,-0.01776607,0.07012676,0.031513993,-0.02951042,0.085668325,-0.08143895,-0.075580634,-0.0170049,0.013986067,0.08808662,-0.06616037,-0.03518649
-0.0039836224,0.016105143,0.0112908445,-0.07751383,0.018091995,0.04801091,0.039459165,-0.017610746,0.0071995626,0.06667831,0.00887509,-0.010760019,-0.057732556,0.048689265,-0.00072206004,-0.056159105,-0.006471166,0.030124608,-0.07703551,-0.054663047,-0.012836508,-0.08092144,-0.035865895,-0.084953755,0.008221745,0.08435006,0.05159747,0.0899076,0.016905032,-0.06977305,-0.028558888,0.02571087,-0.012665091,0.06722823,-0.067749366,-0.06422458,-0.020402743,0.08479375,0.08251731,-0.0036406624,-0.0619057,-0.07596368,-0.03083793,-0.090382785,0.010688568,-0.0495999,-0.06708106,0.083063334,0.08205018,0.008918125,0.08184992,-0.012884039,-0.07650733,-0.009274438,-0.015827982,-0.060323935,-0.0665338,-0.05111976,0.0057652993,0.05103785,0.08159483,0.023684567,0.05869995,0.062301144
0.033486623,0.04661861,0.06362225,-0.0029077204,-0.02756788,0.061769716,-0.07071756,0.030813418,0.06694396,-0.0628058,0.048114326,0.026730409,-0.005106801,0.01375777,0.052183323,0.06881626,-0.005990687,-0.069432944,-0.03311444,0.0042811753,-0.032385852,0.015974699,0.023046847,-0.006013569,0.06336633,0.014121544,0.0019673381,-0.042226695,0.028717516,-0.07491996,0.048811857,-0.0339944,-0.07134926,0.012329597,0.014212535,0.023098672,-0.061375696,0.035629194,0.049448837,-0.0053470633,0.06390993,-0.04544494,0.028955063,-0.031419646,-0.02246578,0.031383496,-0.0011255391,-0.04316648,0.071320355,-0.002407074,0.025669074,0.024137678,0.009950501,-0.014148085,-0.076026455,-0.087664075,-0.07515965,0.029072255,-0.064158194,-0.067255035,0.014702892,-0.059167013,0.030010657,-0.03237923
0.07204567,-0.031035317,0.020363402,0.03141777,0.06501663,6.617802e-05,0.001793658,0.050081607,0.07447485,0.018660033,0.012886535,0.054169267,-0.016329663,0.07109718,-0.050696906,-0.005656044,-0.001447458,0.07154284,-0.0028125641,-0.049529426,0.04642206,-0.013202284,-0.016604286,0.010184495,0.019198107,-0.011678586,-0.06795765,0.08406231,0.046422727,0.039569538,0.020481374,-0.080307595,0.012005361,0.07966963,0.07675047,0.079737425,0.07231783,-0.08206974,0.08648335,-0.03110384,0.008909706,0.08795443,0.083531044,-0.038422886,-0.077737875,0.05614896,0.03277375,-0.059772223,0.052639294,-0.034527205,0.07176443,0.08794534,0.008162524,0.08988915,-0.06948174,0.005416463,0.07968415,-0.029371956,-0.042493507,0.023996092,0.07570416,0.064987354,0.0852411,-0.0025580665
0.06734186,-0.027671142,0.0014978256,0.07952368,-0.054952256,-0.02396901,0.08356495,0.074953005,-0.08431167,0.07435188,0.03600389,-0.08423116,-0.03711894,0.08521819,-0.0021144089,-0.011222936,-0.012365477,0.06760423,-0.08856673,-0.08674739,0.07482513,-0.06020369,-0.070115075,-0.021782048,0.071331896,0.08355123,-0.021399405,-0.021042392,0.07169331,0.083742335,-0.060624536,0.0010106653,-0.011055291,-0.041313868,-0.09267271,-0.029139522,-0.05845992,0.079992786,-0.09253516,-0.0036769188,0.062820345,0.05318823,0.08424966,0.061244603,-0.021413203,-0.04179815,0.002734984,-0.056922138,-0.08966941,-0.046298962,-0.065585844,-0.030317398,-0.009855255,-0.05056339,0.015448838,0.06285493,0.04864153,-0.013802219,0.03403261,0.00033653184,-0.05280062,-0.020257888,-0.00823429,0.0064980593
0.028134119,-0.051289607,-0.06645989,0.03205587,0.009445259,0.085460655,-0.08484179,0.055051327,0.08922936,-0.041143585,0.08640795,0.062168367,-0.058116578,0.01309816,-0.06044667,0.012994917,0.05045304,0.08411025,0.0839252,-0.06512413,-0.07736302,-0.054789357,0.013843567,-0.048854638,-0.046263848,-0.005273747,-0.05240035,0.05620953,-0.05761435,0.008155568,0.07773965,-0.010950461,-0.0091761155,0.001871347,0.05540006,0.07442914,0.07172612,0.07158408,0.012464538,-0.042122856,-0.053897932,0.057897422,0.008256488,0.0012565822,-0.0022627742,-0.05638348,-0.013931666,0.038411807,0.08071616,0.028379159,0.0027628476,0.03647798,0.058131438,0.076065384,0.07909748,0.022879144,0.0501036,-0.04847817,-0.065229215,-0.015633741,0.056054685,-0.06399039,-0.04894785,0.08200917
-0.08784744,0.0013049579,0.044971574,0.05303018,-0.06165214,0.05248476,0.04927672,-0.046778966,-0.01874248,-0.0750715,0.006850082,-0.011169915,0.090601474,-0.011639961,0.071662836,-0.054978456,0.044814758,0.015097089,-0.08473941,0.010769359,-0.048474967,0.016347326,0.025278041,-0.046017557,0.012490481,-0.015387674,0.07136135,0.03594685,-0.030963581,-0.07010647,0.07421488,-0.009840159,0.0045521026,0.049024247,-0.059785675,0.041864052,-0.0835914,-0.07432182,0.0095319785,-0.048851207,-0.06730577,-0.038070988,0.077024706,0.015485123,0.06868601,-0.04671246,-0.04863523,0.005511661,0.04181764,-0.046970867,-0.023416689,0.0009007753,-0.05235707,0.0048572803,-0.012475869,-0.046167776,-0.07050585,-0.020035883,-0.036725767,-0.08619425,0.04699756,-0.0014067134,-0.06802702,0.04685498
-0.055636067,-0.012651549,-0.0046741585,0.082904495,0.10097894,0.073529,-0.09652831,-0.06444173,-0.06922293,-0.010739512,0.08081997,0.04018653,0.06336191,-0.052281607,0.061472427,-0.049634602,-0.06941219,0.07764635,-0.031260964,-0.012177119,0.022504909,0.080783255,-0.043103434,-0.0041691987,0.011364506,0.0578572,0.015378982,-0.08399973,-0.0214357,0.06879559,0.060938735,-0.03608036,0.06546727,0.04201799,-0.0522653,-0.06605936,-0.07872868,0.06566155,0.060996786,0.062668465,0.06750007,-0.1001523,0.07466204,0.06074325,-0.059189633,0.08612306,0.07728623,-0.051631767,0.026604326,0.009006857,-0.047342807,0.08324734,0.075132556,0.058193214,0.0064454167,-0.0100165,0.011257001,-0.0028374898,0.05112921,-0.0026899185,0.07578589,0.032101724,0.010754886,0.012996849
-0.03903806,0.048675936,-0.030762544,0.085915014,-0.06780925,-0.014982352,-0.054550994,0.064508,0.08066737,-0.041300077,0.011948185,0.07987178,-0.036932778,0.02017115,0.08307085,-0.07909168,0.067113906,0.06852812,-0.084625356,0.012204016,0.012547719,0.02294978,0.07427706,0.038115934,0.016637241,0.0039080484,-0.0791405,-0.061122295,-0.04252677,0.009780431,-0.0025869054,-0.067354515,0.01577996,-0.03157545,0.0867313,0.0052509336,-0.07262744,-0.05409369,-0.00044490467,-0.0059934924,0.016705435,0.07297445,-0.056989968,0.08577654,-0.06469333,0.010002946,-0.051120806,-0.0025030726,-0.08551087,0.055082396,-0.08185352,0.035242405,0.040785648,-0.05451399,0.073069744,0.010975395,0.012686354,-0.07628968,-0.010734881,-0.03547838,0.024200099,0.007487157,-0.0065886476,-0.012008194
0.007191262,-0.004028659,-0.053945623,0.0033501151,0.0069250176,-0.007599003,0.026838195,-0.017370302,-0.014909786,0.035574708,-0.05536879,-0.00925146,-0.039027832,-0.008768205,0.002526439,-0.03842997,0.015457274,-0.06303738,-0.018717462,0.04354693,0.022568874,0.020641398,-0.08442514,-0.044406902,-0.07072082,-0.095982686,0.0548595,0.00078237476,-0.009561827,-0.07683748,-0.045409624,0.039651655,0.050649647,-0.08925531,0.01507778,-0.09007247,-0.089533135,0.095949344,-0.055524454,-0.004993588,-0.058902327,0.027662762,0.06867198,0.0024740344,-0.06664543,0.011868058,0.078090735,0.0427176,-0.032774124,0.028605092,0.05747579,-0.056712866,-0.0847061,0.018113857,-0.051650535,0.07865106,0.04591035,-0.09031797,-0.008219094,-0.017397057,0.0066672075,0.09172561,0.057484463,0.011543987
-0.025119275,-0.043562472,-0.06974152,-0.030581146,0.05942118,0.0052435677,-0.07704434,0.05166868,-0.013748685,0.013948819,0.008585949,-0.0071555167,-0.041028082,0.020690061,-0.0246105,-0.009347082,0.005921179,-0.042982414,0.047195636,0.015773194,-0.0025729127,-0.04690829,-0.013510484,0.07812868,-0.014381212,0.011787216,0.05547083,0.08546035,0.08297845,-0.08609503,0.068959825,-0.08796213,-0.06518961,-0.007720979,0.07846718,0.027027603,0.0054378957,0.0072035925,-0.043955866,0.037972927,-0.06054973,-0.059140354,0.01898319,0.007089187,0.0044872714,-0.007968521,0.0117355855,-0.021371147,-0.014370368,-0.066408545,-0.032362543,-0.05967542,-0.08401242,0.06063059,0.06473491,0.06870014,-0.011860527,-0.057429228,0.01667778,0.08518602,0.014351368,0.0047004987,-0.010981645,-0.048929367
0.08519808,0.06780773,0.053518668,0.03495755,-0.07773214,-0.044703007,0.0034554552,0.044875618,-0.08149921,0.018870233,0.08280712,0.08539611,-0.015792087,-0.06603582,-0.038936894,-0.08062537,-0.024917167,-0.05945018,0.016703295,-0.077241704,-0.0067210677,-0.03067173,-0.053009022,0.010532816,-0.058639802,-0.08097363,0.081292756,-0.07054557,-0.04053175,-0.023434782,-0.009895763,0.06031063,0.069964826,0.073489144,-0.010463076,0.03999761,-0.07216128,0.075939484,0.008663569,0.07747401,0.01964865,-0.08873068,-0.017443258,-0.041078985,0.062625915,-0.005307047,0.0020952178,0.0002798011,0.0023947603,-0.08613832,-0.052343942,0.06236595,-0.004388188,0.050511003,-0.08527924,0.07189226,0.067675695,-0.05423199,0.06633176,0.04101376,0.034768473,0.075499594,-0.038177073,0.060540773
-0.041835018,-0.008138904,0.0022287106,-0.01625113,-0.0023328774,0.066723414,0.0065039694,-0.009652505,-0.0024651997,-0.06654968,0.05421798,0.06284612,-0.079318814,0.041693125,-0.049904153,-0.09185434,-0.06933776,-0.06824412,0.010880239,-0.014401937,0.012998776,-0.034110975,-0.0073569757,0.009612579,-0.06326181,-0.01149165,-0.07219115,0.051210713,0.03156179,-0.009958867,0.012696239,-0.035175554,-0.013172932,0.007171351,-0.009977506,0.069968365,0.057819452,-0.009624173,-0.045240376,-0.047270223,0.0771831,0.024271702,0.052618556,-0.07122239,0.0020217213,-0.08982593,0.0005861673,0.006411886,0.02500281,0.063560024,0.07203797,-0.0026442113,0.041216116,-0.031125885,-0.0186652,-0.052225497,-0.04889393,-0.039642364,0.014931526,-0.0053307363,-0.086403094,-0.05672309,0.02061804,-0.00083399407
0.08346157,0.04291732,0.058651533,-0.00815607,0.043128587,0.0151385665,-0.059887685,-0.05661455,-0.07735783,0.07115716,-0.025640706,-0.058872163,0.01705965,-0.084494844,0.07267874,-0.07275175,0.061367854,0.08514816,0.07634948,-0.030377334,0.003194993,0.00536186,0.008961701,-0.05989438,0.08028457,-0.037712015,-0.062373552,-0.04910662,0.013040631,0.053797822,-0.0624519,-0.048961356,-0.02357646,-0.018250702,0.041416984,-0.032608133,0.003650579,0.0048589897,0.08709534,0.024479313,-0.073289834,0.057034597,-0.08093342,-0.08442846,-0.050583795,0.00802098,-0.014523104,-0.04049685,-0.03977657,-0.024959704,-0.087225735,-0.060189564,-0.006256351,-0.03146971,0.0126950545,-0.034862883,-0.041687775,0.031755377,0.05661415,0.06426375,-0.02945863,-0.05968248,-0.07173857,0.0835251
0.003200659,0.020392708,0.050257616,0.057660952,-0.0072419266,0.014478921,0.05298147,-0.021210855,-0.070396185,0.07579918,-0.04158006,0.0753897,-0.0058231144,0.03471193,-0.0049537453,0.062008422,-0.01233022,-0.085637055,-0.057138946,-0.01585112,0.00606584,0.0024904157,-0.030764917,0.006720903,0.04882577,0.071015954,0.017000485,0.046750348,0.07802746,0.08238549,-0.04800271,0.053130873,-0.062319484,0.025699768,-0.08940266,0.01586526,-0.0563447,0.08035056,-0.0030360038,-0.03381574,-0.016183425,-0.0127426395,-0.07724897,-0.018596724,0.063110396,0.0423809,-0.0011582061,-0.03045307,-0.036732305,-0.0727931,0.090856135,-0.09762557,0.024912618,0.09636585,-0.013778712,-0.051054206,-0.08243442,0.036177058,-0.08971591,-0.058917228,-0.05435347,-0.018390752,-0.04142773,-0.07893821
0.01511437,0.0034184642,0.08624325,-0.08069791,-0.07146173,-0.082937196,0.08449372,0.09127377,0.069186844,-0.017368238,-0.017418908,-0.0672969,0.04643639,0.06708253,0.007624454,0.0849448,0.068477854,0.05810008,0.017125094,-0.072448835,0.07450928,-0.089078724,0.014099193,-0.047225613,0.0034862808,0.0181468,0.083805926,0.005496834,0.075659096,0.06520678,-0.06963342,-0.08936588,-0.06240458,0.061418954,-0.068563744,-0.0030681603,0.03635363,0.06596817,-0.06959342,0.05867036,-0.00057957246,0.012575069,-0.01606217,-0.056109127,0.08047422,0.04303161,-0.08428186,0.07782916,-0.032877,0.059815597,0.06340923,-0.056063503,0.078344375,0.049264733,-0.0741472,0.0046314076,0.06832605,-0.044497605,-0.08690062,0.038490344,-0.0075801755,0.047210395,-0.057802774,0.048378535
-0.055427834,-0.07637011,0.050819784,0.005726492,0.006374459,0.023372453,0.087093614,-0.08776161,-0.07386056,0.00627209,0.010007034,-0.064394794,0.0406359,-0.089304656,0.006983944,-0.06758642,0.0500413,0.014683835,-0.020025305,0.009621756,-0.041604746,0.066805504,0.048879217,0.036311857,0.06479375,-0.022504777,-0.022115393,0.042020142,0.010730633,-0.04637638,0.07360902,0.0119648855,-0.00078714965,0.025850434,0.03306744,0.031281557,-0.03455829,0.07897679,-0.041042555,-0.055242766,-0.015681824,0.006196614,0.05495543,0.053124994,-0.0074523003,-0.007773853,0.025619727,-0.021579808,0.051621683,-0.047243193,-0.024101019,0.08412589,-0.047265094,-0.0003920148,0.0049460363,-0.050528858,-0.013090986,0.020962337,-0.062333927,-0.0053252615,-0.022348104,-0.056612268,0.08174759,-0.08447699
-0.038821384,0.002129733,-0.08125751,0.002326947,-0.061357655,0.09691046,0.08806879,0.046968095,-0.040120333,-0.0926954,-0.04968097,-0.01177434,0.0057487246,-0.0154484175,-0.00084863574,0.0045573,0.06952828,-0.03318778,-0.075094365,0.031393915,0.06154631,0.079722136,-0.032278232,-0.06923467,-0.08155294,0.0068010543,0.041836746,0.0073233396,0.005546932,-0.007359841,-0.0760462,0.037775386,0.05052294,-0.021194536,0.0006086592,0.058507558,0.069957614,-0.07992953,-0.07710364,-0.042825222,0.060670845,-0.064610004,-0.014547633,-0.058090806,-0.023409477,-0.0963256,-0.08141618,0.073826835,0.07878559,0.07194576,0.033682726,-0.085880965,0.047312234,-0.07259921,0.06542704,0.055250417,0.05759707,-0.08976171,-0.0028761514,0.022613283,0.07598629,-0.088988654,0.08656124,-0.06107266
-0.013102157,-0.029997658,0.063818716,-0.04259934,-0.08430819,-0.038742594,-0.07471174,-0.0077600935,-0.038334798,0.08130575,-0.07138293,-0.08963998,0.043057095,0.04298756,-0.047813825,-0.06484901,-0.03846763,-0.012269266,-0.0010458193,0.0812099,0.041684065,-0.020374857,0.09316725,-0.019089913,0.0050718444,0.037433863,-0.00041652808,0.08761745,0.053288344,-0.09522355,0.06323007,-0.011650025,-0.020516023,-0.03421272,-0.065203175,-0.05407281,0.03823202,0.015840335,-0.006888379,0.06224383,-0.016576162,-0.058398716,0.051809847,-0.025485888,-0.0076361187,0.019396277,-0.05880489,0.03849679,-0.0028747614,0.0015638687,0.004910816,0.05874756,0.014294119,0.071435206,-0.07199742,0.065651566,0.04323003,0.067080304,0.0073960735,-0.011449233,-0.067537926,0.010097992,0.027707145,0.016175292
-0.067320086,0.0038248394,-0.0066416413,0.01853417,0.050681975,0.06533743,0.052632634,-0.053532735,-0.0025165097,-0.0022077523,-0.033689767,0.050552238,0.06478065,-0.010407326,0.08109212,-0.047128033,0.053268995,-0.0155658685,0.08501117,0.035289675,0.07831672,-0.064025365,0.08566398,0.0075228075,0.009175245,-0.0069553475,-0.08360481,-0.056067545,-0.07265657,0.061036244,0.059172437,0.0043960437,-0.011455245,-0.008528504,0.0629631,0.07080055,0.0068378174,-0.09291237,-0.046812482,0.06867832,-0.06583208,0.014306102,-0.030346174,0.007884155,-0.012480434,-0.08443923,0.0007194553,0.052100316,0.04714217,0.014362775,0.05911851,0.07857177,0.048760943,-0.034060158,-0.082696825,-0.07376799,-0.022706976,-0.09095224,-0.06560102,0.054183543,-0.059489787,0.071162164,0.037110925,-0.04698445
0.09482949,0.07463217,-0.08389811,0.048394736,-0.085051976,-0.0482632,-0.055173144,-0.0053207153,0.016777612,-0.07112589,-0.08174638,-0.08188532,0.0018776688,-0.044272337,-0.06306263,0.004551027,-0.0018196687,-0.015940242,-0.04506581,0.018637396,0.05481483,-0.024802342,0.083938465,0.028804306,-0.032094564,0.005229736,-0.042373225,0.088766925,0.031513184,-0.03732274,0.07459063,0.048466746,0.0832391,-0.0132130785,0.016392235,0.06799405,0.0071241576,0.0150119085,-0.0758942,0.025191363,0.015777232,0.033198886,-0.059199158,0.016357552,0.055789996,0.01635326,-0.039347082,0.016732264,-0.07095255,0.08319304,0.03027657,0.013213675,-0.0029298216,-0.015791103,0.038149398,0.05314613,-0.053378157,-0.032659564,-0.016989063,-0.09134739,-0.06119965,0.03872632,-0.08634553,0.08782168
0.06782457,-0.07794917,0.053778917,-0.07094879,0.073436856,-0.03888301,0.005740302,-0.088287935,0.02117615,0.012714655,0.048938952,0.0017872935,0.07059336,0.024973348,-0.065495335,0.048776682,0.020555219,-0.012985887,-0.006121261,0.06440463,-0.09090239,-0.005088438,0.08050852,0.04613913,0.0069627897,0.036459405,-0.05207734,0.048124276,-0.007629237,0.075263776,-0.00023869908,-0.03152701,0.055792183,0.088669874,0.06978314,-0.0038161322,-0.065448314,0.005430625,0.08627626,0.052821744,0.012742623,0.032008834,-0.002976594,-0.06881054,-0.0060775783,-0.03667003,-0.06888827,-0.018267253,0.07900662,-0.030639224,0.02058389,0.0869716,0.08336746,-0.08797593,0.057372402,-0.008521542,0.035653125,0.064676024,-0.039661147,-0.07995905,-0.015303469,-0.07263748,0.05425054,0.053381182
-0.01600384,0.009183874,-0.07369008,-0.02037139,-0.06794224,0.013860301,0.023665115,0.0033296938,0.021166295,-0.0021646451,0.054763056,-0.04237382,-0.07680166,0.012777624,0.020767478,-0.016602024,0.056249358,0.0880456,-0.013647985,0.085255064,0.028336652,-0.08537581,-0.07717268,0.014935234,-0.0050581326,0.017057806,-0.023206577,0.059983496,-0.052231837,-0.04183557,-0.08306497,0.046503253,0.012199328,0.047180418,-0.011301704,-0.077810936,0.011084433,-0.043777537,-0.089451514,0.017517248,0.07055347,0.08021357,-0.0076489276,0.046968695,0.067393556,-0.06316989,-0.005847396,0.027252788,0.07135682,0.05250132,0.02325474,0.084436946,-0.022604754,0.0055424436,-0.019689031,-0.0051174997,-0.07746658,0.010710113,0.045012746,0.04284058,0.013654176,-0.06098577,-0.052152615,-0.022169415
0.042423397,-0.090677895,0.033984426,0.009092328,-0.07411896,0.063632675,-0.017823443,0.07167654,0.06720104,0.06028523,-0.008777624,0.015495073,-0.013115772,0.08986436,-0.0064797844,0.0066984845,-0.05865709,0.05030586,0.079009034,0.079322696,0.06498488,-0.034025438,0.0019831406,0.07355643,0.009530873,0.022198515,-0.08270431,-0.013730696,-0.06570327,0.012334942,0.052345335,-0.024700617,-0.014117388,-0.054880135,0.0058721383,-0.049152676,-0.05391338,0.08336649,0.008466747,0.087432586,-0.026389409,-0.059002202,0.032797817,-0.06225298,-0.044336062,-0.01827896,-0.03476096,0.034122534,0.040706176,-0.009952004,-0.00649614,-0.0018624745,-0.036039762,-0.028106883,0.07710788,-0.024190016,-0.03103243,-0.064886734,0.0025922768,0.017406859,0.05367863,0.07898544,0.011302038,-0.030860193
0.06842881,-0.07724693,-0.0672359,-0.0031155457,0.02005282,0.058177836,0.0032214017,0.079827055,0.040307418,0.039963383,0.005466143,-0.055053778,-0.062104486,0.037818566,0.059847243,-0.037679445,0.008013954,-0.07244712,0.06213953,0.0738103,-0.033489715,0.068214096,0.050722606,-0.047954142,0.010351699,0.06601231,-0.016008137,0.082473874,-0.020513497,0.05326214,0.06477724,0.029542025,0.02757296,-0.03129428,-0.059355717,-0.0079481015,-0.04365091,0.013186312,0.0012186668,-0.023295281,0.06049368,0.045888662,-0.0908119,0.07011493,-0.08449623,-0.078376144,0.08179618,0.051281583,0.06927278,-0.02252311,-0.030832838,-0.008199212,0.016180228,-0.046796337,-0.008192414,-0.09021728,-0.061056424,0.049814634,0.0760824,0.07297515,-0.0072068954,-0.033235867,-0.08511063,0.061464094
-0.08692739,0.0113698235,0.0812747,-0.0037289052,-0.08001595,0.06230873,0.037801214,-0.011623502,-0.08732819,-0.03818121,-0.010788642,0.0060112462,-0.01950762,0.0822953,-0.0085528875,0.019577509,-0.04549813,-0.087773144,0.05157292,-0.081700146,-0.007324253,0.078085676,0.03952826,-0.011036258,-0.020704871,-0.07506412,0.09002097,0.00072448654,0.07031168,-0.06834023,-0.0061059003,-0.07550229,-0.09511974,-0.0068409704,-0.055133898,-0.09127025,0.08331857,0.009089568,0.009532299,0.07065724,-0.088600464,-0.078400925,0.06544121,-0.0939376,-0.019223398,0.049363013,-0.010449649,0.08615889,0.018351022,0.02741454,0.088427246,0.040898956,-0.021209002,0.0041930266,-0.05119695,-0.058932625,0.038239166,0.07223939,0.058394648,0.015075666,0.05717643,-0.092951074,-0.0776533,0.01615516
-0.06789278,0.016935028,0.076462284,-0.0002755795,0.0017390199,-0.036105502,0.064032346,-0.08688975,0.0556592,0.051322754,-0.08788993,0.055221494,-0.07707615,-0.03764207,0.00799836,0.06927174,-0.04368487,0.08383583,0.040484987,0.07039381,-0.08395913,0.07308289,0.007220807,0.022853605,-0.066993155,0.010022554,-0.03047663,0.07474953,0.019648219,-0.056581244,0.028003996,-0.047044925,-0.046092577,0.071477436,-0.053339988,-0.046783112,0.0022922945,0.054907758,-0.06659109,0.0076316195,0.07082548,0.075185865,-0.02603807,0.085388295,-0.015470156,0.054430284,-0.057188317,0.041242238,-0.06453828,-0.0036278067,-0.0112074325,-0.006671888,0.06040105,0.08367785,-0.060662787,-0.012474373,-0.08049523,0.017000213,-0.0448875,0.074632876,0.050743267,0.04749139,0.03661716,-0.08802477
0.093775734,0.0017531122,-0.0025652433,-0.07478377,0.05707842,-0.0585035,0.003386621,0.07018014,-0.013819418,-0.0016660048,0.080414936,0.0047811773,0.026356325,0.08000881,-0.0026349877,-0.033494104,0.052617244,0.0014565146,0.042659022,-0.07097145,-0.060660046,0.02329055,-0.002956228,-0.06752093,-0.018969484,0.006309518,0.06706183,-0.05256038,-0.08607289,-0.08485102,0.050884288,-0.017995484,0.065775,0.027842712,-0.002839846,0.058489922,0.06192936,0.0013001699,0.0356297,0.013747903,-0.0849861,-0.036567096,0.047754675,-0.036333155,0.0731448,0.011895693,0.057157688,0.015522668,0.04085038,0.015160565,-0.012327411,0.087581046,0.08027351,-0.061572794,-0.056335807,-0.0014882919,0.04384116,0.09041405,0.014017883,0.03872993,0.07549239,0.025656395,-0.016247805,0.0024256734
0.05434836,-0.02600653,0.06532485,0.07028621,0.0026094147,0.0065990603,-0.084299944,-0.044007577,0.06331433,0.051162355,-0.008363861,0.0519304,-0.03491107,0.01723016,0.062486492,0.04769655,0.0830064,-0.038373902,-0.027086567,-0.009331756,0.058378275,-0.0022406408,0.09435706,-0.062734604,0.012301415,0.02213353,0.020910986,0.062341735,-0.043019477,-0.04322827,-0.087473236,0.0890351,-0.081430994,0.015070663,-0.007948518,0.0063457554,0.0014114694,0.0007990248,-0.0144824255,-0.028175076,0.08139662,0.014945166,0.09556374,0.021463498,-0.056440625,-0.050571997,0.0728059,0.011606678,0.070642725,-0.0007153493,0.081382774,-0.09081338,-0.07169163,0.010792682,-0.09104238,-0.0014644718,0.021348808,0.048162926,-0.049878165,0.031849254,-0.05124466,-0.05179244,-0.016158784,0.013844676
-0.0027498254,0.016636334,-0.06399866,1.6064587e-05,0.035877883,0.0014315466,-0.035911713,0.0021695797,-0.051792353,0.008423259,-0.08652275,-0.082672365,0.049960665,0.045169577,-0.017102517,0.09562996,0.024785545,-0.027938457,0.09044042,0.040971305,-0.03539019,-0.027654203,0.057672102,0.01262586,0.07860329,0.093524836,-0.03409357,-0.03642365,-0.054939266,-0.003164268,0.009768279,-0.07560637,0.08595637,-0.064251624,0.051167976,-0.014328641,0.040337134,-0.016978102,0.07107032,0.07464267,-0.07127539,0.095958404,-0.0861025,0.055743527,0.08217756,0.06586775,0.0733653,-0.048958234,0.0545596,0.08524605,0.012499545,0.07328009,-0.053036273,-0.050724454,-0.042583734,0.08486018,-0.024951175,0.07587415,-0.018430997,-0.086809196,-0.045743365,-0.06435538,-0.0014301864,-0.033172652
0.065143436,0.059751593,-0.011389258,-0.090835705,-0.07446695,0.061618757,-0.091957346,-0.05449722,-0.056590173,-0.063039996,-0.056637354,0.08318206,-0.006015356,0.016357569,-0.045534674,0.048121613,0.09145414,0.046235062,-0.07792999,-0.03982045,0.06486348,-0.073059544,0.006975631,-0.06213122,0.081522524,-0.07421729,0.038437,-0.08255263,-0.051282592,0.020416435,-0.046217438,0.013686023,0.08963745,-0.06766979,0.08647343,0.023735246,0.087937936,-0.03459784,-0.07249212,-0.0053162547,0.049827985,0.08323157,0.08880438,0.023751408,-0.07489373,-0.06939499,-0.07394643,-0.07488862,-0.066828236,0.042895574,0.00593477,0.030978367,0.0715734,0.048911106,-0.015448834,-0.044949967,-0.0012011221,0.03470678,0.00060534244,-0.011374637,-0.08199014,0.08360438,-0.006997893,-0.07805362
-0.017869337,-0.08635086,-0.01854963,-0.034066476,-0.0008755668,-0.04887613,0.0026478684,0.05861816,-0.056413285,-0.04715978,0.07674018,0.08315372,-0.06223622,-0.07899781,-0.074598454,-0.045519058,0.028338773,0.0065046903,-0.048328772,-0.08868198,-0.05212305,0.034430124,-0.055394914,0.017350746,-0.06973359,0.019937813,-0.079311326,0.06689875,-0.072831064,-0.04500571,0.0632404,-0.05614506,0.020331068,-0.0057748985,0.02318251,-0.054482557,0.062886976,-0.0006185707,0.072360314,0.053048857,0.0634038,-0.08703303,0.06443438,-0.015220963,-0.012068558,-0.0050648074,0.06284619,-0.0008277438,0.09104791,-0.012773372,-0.06943112,0.007389711,-0.07901494,-0.0057091992,0.07822419,-0.0045613702,-0.044458788,0.07476539,0.009945081,0.048255768,0.025913378,-0.0044186763,0.08214696,0.023990544
-0.019741133,0.074671425,0.0003058567,0.07736492,0.066107586,-0.013919701,-0.08704256,-0.084376045,0.063076384,-0.062080152,-0.010708308,0.020265244,-0.0066468283,0.015125837,0.023757013,0.00239335,-0.00031568925,-0.06376854,-0.05869394,-0.0024554778,0.009241491,-0.042692717,-0.070965104,-0.09281087,-0.0703265,-0.06340345,-0.024172802,0.054407205,0.06782259,0.041058738,0.0955612,0.029003156,0.044466496,0.091306284,0.08646377,-0.034033485,0.055064216,0.0017776428,-0.08179294,-0.053531177,0.041611396,0.07569417,0.011883134,-0.013681812,-0.08881027,-0.07955906,-0.02689132,0.004717667,-0.045419734,0.095110044,-0.061080117,0.009196281,-0.05035743,0.05305554,0.0022175792,0.005195309,-0.094787136,0.08762501,0.08869939,0.02862527,0.07831136,0.059307728,-0.07801624,0.0016659199
-0.06882053,-0.007826156,0.015091778,0.04645616,-0.012023581,0.014732316,0.03694834,-0.026669927,0.069821164,-0.041258052,0.062457994,0.08072719,0.08446352,0.050418813,0.08189764,-0.07598714,0.051867384,-0.040510215,-0.054078266,-0.011857362,0.08696272,0.016596481,-0.09208633,0.033035543,-0.014214218,-0.05826809,0.0070783556,-0.020302318,0.08868767,0.0072089266,-0.01476993,0.0033834386,-0.06462593,-0.05211017,0.07360276,-0.039827533,-0.06260883,0.015080546,-0.05299272,0.050149385,0.07252739,0.026078917,0.04604812,-0.050624195,0.027328659,0.072366185,-0.026206052,0.06380508,-0.074150905,-0.04064282,0.01305653,-0.044128392,0.0052030683,-0.08863812,0.07819147,0.053566583,0.061705243,-0.008820987,0.027044725,0.030581634,-0.09408018,0.076349206,-0.07636626,-0.050038416
-0.047778536,0.043024786,-9.532378e-06,0.016628621,-0.016484061,-0.051835567,0.0745705,0.016095722,-0.06895198,0.001088682,-0.06719423,0.027860405,-0.0357658,-0.0058473614,0.052969024,-0.0029312407,-0.08713952,-0.029839111,-0.025913905,0.067704424,0.004381922,-0.059346396,-0.042411044,-0.067976,0.053394716,0.041191194,0.01857372,-0.07883819,-0.011814844,0.045617297,-0.08634954,-0.012575382,0.015330351,0.006523269,0.092114836,-0.015122623,0.08927952,-0.07202144,-0.069130644,-0.05131224,-0.052555513,-0.013951733,0.07381312,-0.07647217,0.06601464,-0.08532594,0.020335922,0.009617244,0.0036636062,-0.036147244,0.05499986,0.0674425,0.059271663,0.036685783,0.046613924,0.025314163,-0.06552134,-0.0046151634,-0.06553308,-0.05035146,0.06687599,0.04784709,-0.005072794,0.08024313
-0.09449985,-0.019621246,-0.089320906,-0.05640048,-0.08095891,0.009820539,0.042196136,0.0556696,0.063795194,-0.022286428,-0.078285314,0.086949684,0.04990277,0.075367406,0.0028586062,-0.011873848,-0.070080094,0.014185997,-0.053082645,0.04607542,0.007328022,0.011934716,-0.048917633,0.0628426,0.036619008,0.069472775,-0.061736863,-0.04162402,0.036039587,0.054653004,0.03669311,-0.08320639,0.07901243,0.035320997,0.07596302,0.084699355,0.07315702,0.01590193,0.085419826,0.08523056,-0.04822467,0.05219856,0.019437239,-0.04464762,0.050539702,-0.020273946,0.05481971,-0.010869691,-0.06907492,-0.01075965,-0.013033034,-0.015175243,-0.023209907,0.0025512797,-0.023444444,0.06746408,-0.06242687,0.049485106,-0.023755161,-0.005290514,0.08534661,0.016576242,0.08092839,-0.0068885856
0.074675694,0.02029867,0.050723277,0.049821816,0.020362059,0.0696274,-0.07825501,-0.012759696,0.023817323,-0.07731472,0.012704081,0.04071841,-0.060656,-0.035842765,0.071210206,-0.06072754,-0.03191363,-0.026745716,0.04727193,0.049980648,-0.04958614,-0.051643316,0.0066946195,-0.020536361,-0.038151894,0.07113655,-0.039096747,0.008269001,0.0043032765,0.03940654,0.07508131,-0.030148588,0.061024033,0.04652118,-0.035284977,0.022269048,0.0025984636,0.03281872,0.064803146,-0.004614311,0.06933252,-0.014115148,-0.018993754,-0.0662745,-0.0012839196,0.07394071,-0.0460008,-0.017844548,-0.03027899,-0.055045586,0.08569619,-0.020781884,-0.06930086,-0.03708821,-0.0063769487,-0.04564243,0.04728787,-0.017854808,-0.08587768,0.012233475,-0.058561284,0.0689635,0.03007837,0.014213939
0.05156048,-0.047754306,0.025777483,-0.07452771,-0.049850926,0.037445776,0.014856114,0.010580782,-0.023348337,-0.082503945,0.010229459,-1.0323856e-06,0.06170167,-0.005727961,0.06741419,-0.050278135,0.04043876,-0.08361178,0.06655631,-0.021699918,-0.068779156,-0.0015614261,-0.00039530784,-0.06881315,-0.019586176,-0.017454172,-0.0724623,0.07589634,-0.07141312,0.01436124,-0.04613527,-0.029055389,-0.082862385,0.024295285,-0.0805624,-0.056641925,0.0025154115,0.060195945,-0.012336007,-0.020930605,0.035738826,0.055947013,-0.008102352,-0.07999762,-0.05194536,-0.013934422,0.07968266,-0.07776483,0.032327715,0.045239918,0.016089631,-0.020296635,0.01903513,-0.06703773,0.039330985,0.07583919,-0.05918295,-0.061142594,-0.028443106,0.04272354,0.009174642,-0.07137123,-0.0068080686,-0.030933103
0.019448845,0.016696675,0.06697924,0.060087547,0.04710569,-0.08494373,-0.070094146,0.0733874,0.040583808,0.0024650118,-0.0004084789,-0.08178454,-0.01492356,-0.030181449,-0.07971958,-0.050528627,-0.054894593,0.012972145,-0.011353083,0.09097893,-0.016209709,-0.07439689,-0.072174445,-0.029069081,-0.038467277,0.024903042,-0.024174733,-0.063466094,-0.026006227,0.001737518,-0.038393885,-0.014646309,0.078025304,-0.03907266,0.019657597,0.08162725,-0.033986147,-0.06841144,0.055135474,-0.053377986,-0.070241734,0.0056473287,-0.025998745,0.026504282,0.07637196,-0.011779672,-0.011154807,0.07320821,-0.039661977,-0.06147523,0.01825419,-0.04775912,-0.035303123,0.03347319,-0.021993008,0.0008769815,-0.018727023,-0.051614154,-0.089385726,0.048251115,0.047957204,0.005874375,-0.05905985,0.044519138
0.025172608,0.044392332,0.010675873,-0.08815649,0.03899014,-0.02113565,-0.01000043,0.07566905,0.0045550982,-0.025521487,0.023852129,0.012183136,0.033328194,-0.027665373,-0.080117695,-0.059276607,0.0071433606,-0.060765572,-0.08211297,0.055548113,-0.05982158,-0.06506796,0.043378733,0.0069791847,-0.0024833626,0.011384709,-0.05681077,0.06944057,0.06978933,0.03629592,0.040972877,0.05309296,0.027359191,0.065810636,0.027739458,-5.01096e-05,0.009736198,0.020042105,-0.06173583,0.021418853,-0.015709948,-0.057171386,0.056015186,0.04485677,-0.015322744,0.06504643,0.05765248,0.003242683,0.032484178,-0.04197471,-0.082838506,-0.07732456,0.022878926,0.008866221,0.062804386,0.0571963,-0.0439915,-0.057998996,-0.08721331,0.0007074778,-0.05719958,0.044184227,-0.0614646,-0.08916819
0.079256125,-0.06808441,-0.011369396,-0.01732289,-0.00387279,0.06753957,0.036207847,0.021874318,0.031558946,0.044509053,-0.053968046,-0.08330846,-0.03482366,-0.0710239,-0.051771566,-0.024939127,-0.049879875,0.05446059,0.048963517,-0.033919096,0.033067137,-0.012668223,-0.015398222,-0.054775894,0.074826404,0.019729014,-0.07575274,-0.044005983,0.031947047,-0.006590181,-0.018006524,-0.08139432,0.06724804,-0.07590188,-0.03712131,0.051616568,0.02883002,0.05545808,-0.07573467,-0.0059099686,0.048447546,-0.014052418,-0.04394364,0.0010042072,-0.03378691,0.02172166,-0.012413874,-0.017937398,-0.0780849,-0.0038465427,-0.016189463,0.014352251,-0.05600433,0.025670176,-0.017766323,0.06521863,0.07233558,0.014151106,-0.036247056,0.054818936,-0.013658445,0.07811663,0.037442,-0.0077247755
0.08905056,0.06323025,0.060584232,-0.0490305,0.08108936,-0.055604104,0.034456205,-0.07958014,-0.0007640734,-0.04854653,-0.02711437,0.066967614,0.0651399,0.031006914,-0.013144306,-0.05986406,0.04547819,-0.078302085,-0.07192244,0.045386843,0.09225269,-0.08575031,-0.08863564,-0.072969265,-0.06532728,-0.0882596,-0.057096798,0.002376506,0.034754585,0.09050762,0.0007397993,-0.042838566,-0.06081014,-0.004527538,-0.037549134,-0.07588375,0.07693144,-0.0039936895,-0.036223073,0.030637031,-0.028424833,0.07330035,-0.016452437,0.03251004,0.012499569,0.08368082,0.020341465,-0.038913876,-0.016897395,0.07557973,-0.00094772753,0.06290803,0.05520205,-0.01625391,0.07689721,-0.0073395474,-0.0005346799,0.0815613,0.085926816,0.021888591,-0.060418807,-0.018576443,0.053580984,0.05406017
-0.06133146,0.062152315,0.051251628,-0.08086845,0.04960936,-0.06148621,0.09046703,0.041059557,0.012774961,-0.07229963,0.024100468,-0.01546898,0.011792699,0.0022322412,0.029667541,-0.04908928,-0.048069376,-0.086811736,0.0068002753,0.041535202,0.008374771,-0.0023071805,-0.055506617,0.034389768,0.05211466,0.050913382,0.06709095,-0.08065417,0.051748663,0.011130039,-0.07775944,0.027496897,0.03556077,0.065828964,0.018346451,0.032390706,-0.01254612,0.016029298,0.010137314,-0.06108091,-0.07766434,0.06185345,0.035282712,-0.011638493,-0.0051131775,-0.006576007,0.05480393,-0.029747333,-0.011033132,0.039737232,-0.030781355,-0.08975144,-0.058024164,0.014333796,0.046724405,-0.049096957,-0.054411102,0.043392126,0.07150156,-0.056632653,-0.0004233728,-0.04690772,-0.053549487,-0.027766028
-0.083589815,-0.05331745,-0.055486638,-0.05863523,-0.03640668,-0.100480035,0.04906247,-0.029842695,-0.011901716,0.060327522,-0.035852607,-0.084254205,0.07065576,0.048997205,-0.0065202625,-0.073109366,0.04640891,-0.05214853,0.0011755392,-0.009161044,0.044459358,0.015851373,-0.0041136467,0.08811168,0.041601367,-0.0105980225,0.05895132,-0.060063656,-0.049276393,-0.0042986255,-0.058781218,-0.07996946,0.042978596,0.0702047,-0.017911287,0.050960913,0.0054458063,0.026955962,0.017484147,0.042412512,-0.011525665,-0.043345243,-0.05736686,0.045871258,-0.043483913,-0.08108645,0.04609771,0.013276771,0.08102462,0.06392696,0.010386128,0.06864041,-0.08978564,-0.010226707,-0.08558627,-0.07841806,0.015532022,-0.008122078,0.005200642,-0.05410629,-0.044236884,-0.07147658,0.014408768,0.014570627
-0.017774768,0.06342563,0.008598845,0.07681725,0.067618236,0.07710594,0.0483027,-0.04392982,-0.050876644,-0.062251195,0.06532396,0.053883187,-0.055490848,-0.0018236829,0.019472966,0.049658753,0.020367363,0.03100042,0.07541561,0.07760277,-2.1335349e-05,-0.043062337,0.04973236,-0.080584295,0.035164233,-0.070798874,-0.009979014,0.03222806,0.0671868,-0.02997569,0.011237935,-0.00041997666,-0.048389718,0.00039385536,0.044431787,0.0015174327,-0.08398616,0.008014414,0.013600545,-0.065043785,-0.049218312,-0.0070829857,-0.080901176,0.00015638093,-0.005510288,0.086296834,0.06322682,-0.0673596,-0.0044186194,-0.044801075,-0.0033791687,-0.06219634,-0.00016881843,0.033694506,0.004757069,-7.015481e-05,-0.0029959697,0.0844498,-0.026884127,-0.08820429,-0.01931603,0.011244788,0.026782049,-2.4496447e-05
0.017323129,-0.07427545,0.033665057,-0.047283318,-0.072274804,0.06898473,0.08679298,-0.005119052,-0.04571031,0.06001666,-0.047832366,0.05462935,-0.010580249,-0.04281654,-0.010143365,0.0817066,-0.06945265,-0.054638565,-0.06807785,-0.013332416,0.06140135,-0.031190436,0.04636146,-0.039295387,-0.049829718,-0.00610118,0.018314265,-0.014339678,0.007766919,-0.023913493,-0.07741576,-0.016909158,0.046645116,-0.008420494,0.047763124,-0.0059493915,0.021852173,-0.00027727877,0.05081383,-0.026143478,0.08448843,0.080288775,-0.029949198,0.098086275,0.08393089,0.06022493,-0.094839916,-0.064742945,-0.075453386,-0.0035945775,0.021630403,0.10010318,0.023127912,0.017843075,-0.012823638,-0.061913293,-0.045426928,-0.018821677,-0.008544751,-0.005334135,0.015825992,-0.044065736,-0.058091264,0.035423722
-0.013533538,0.06722427,0.070160665,0.037931807,0.08922158,-0.014908699,0.01579183,-0.08686093,-0.05244332,0.058008417,0.023382429,-0.012297914,0.071541004,-0.0009077142,0.026153047,-0.07401748,-0.08577195,-0.017751578,-0.062356003,-0.08411521,0.08349624,0.023170035,0.058985945,-0.005306844,0.09110759,0.0067862426,0.018003125,0.005470611,-0.012120847,0.013691467,-0.062544964,0.03993435,-0.00021459936,-0.02850035,-0.07900891,-0.0067320503,0.061824676,-0.033016913,-0.005286174,0.080769956,-0.011802921,0.05563234,0.041391708,0.00015717257,0.046517357,0.07789059,0.08681532,0.054508436,-0.014260385,-0.07735058,0.06654402,0.037268016,-0.05254774,0.0793961,-0.086338505,-0.0799713,-0.0053716945,0.01275701,0.06186652,-0.025942868,-0.08587499,-0.07776092,0.05067217,-0.012731243
0.03185464,-0.084840976,0.026307685,0.047626935,0.06741149,0.013787075,0.05674568,-0.0047406317,0.05504667,0.024542049,-0.06412527,-0.028376153,0.0058785467,-0.04489538,-0.047747646,0.025667038,0.010121262,-0.01431451,0.06312817,0.03525217,-0.0033261988,-0.07537745,-0.08397587,0.03321234,0.050115086,-0.066117056,0.037385967,-0.020870795,0.09122515,0.05246544,0.047817998,-0.005624914,-0.025085038,-0.08452851,-0.059007347,-0.07672819,-0.045110833,0.019686349,0.06283837,-0.025509832,-0.07231903,0.006266115,-0.007035236,-0.014937314,0.020942053,0.052419014,0.009886358,0.06588512,-0.029923689,-0.0599021,0.0023089196,-0.014991031,-0.059258446,-0.0035036951,0.054166686,0.040025663,-0.07651644,0.00014608858,0.057191145,-0.04642461,-0.0023439098,-0.036236066,0.01609279,-0.0804567
0.03713079,-0.031490453,0.08250994,0.016699728,-0.075557396,0.04024375,-0.06375543,0.035781395,0.043850206,0.083962105,-0.057289023,-0.077094354,-0.04135699,0.08337035,0.073786,-0.07256834,0.082845524,-0.0171493,-0.057858225,-0.024327705,0.05636758,-0.005002423,0.073039025,-0.012607426,0.04826318,0.014821177,0.0875026,-0.046140786,0.05070248,0.030951161,0.079165034,-0.0069277817,0.05849776,0.07817149,-0.0073191123,0.013370305,-0.01854517,0.06525833,-0.009647761,-0.018029036,-0.04602027,0.0042988635,-0.0046172612,0.07698975,-0.018026084,0.074200444,0.08416501,0.06900449,0.066011555,0.015311465,-0.03788534,-0.06833883,-0.079843886,0.016101286,0.08062109,0.00300592,-0.017199768,0.036003873,-0.07970628,-0.0485719,-0.038373258,-0.08593986,0.06936163,-0.0068847598
0.055486932,0.041212887,0.06674884,0.037989557,0.051748265,0.008649756,0.005978945,0.00014593746,-0.020288058,-0.090598375,0.08353185,-0.008107251,0.07601864,-0.038568586,-0.04495679,-0.0714364,0.00132985,0.08810346,0.07338521,0.07423007,0.06354085,0.038336657,-0.049317226,0.0033528327,0.0075508007,0.061104383,-0.02657771,-0.010800717,-0.0876966,0.059563227,-0.008588148,0.018621657,-0.039509498,-0.08682168,0.06487705,0.07378771,-0.06524125,-0.08419721,-0.030350234,0.052204076,0.08155391,0.012419916,-0.07519705,0.08616771,-0.005091745,-0.07115491,-0.052559823,0.06694775,-0.015142394,0.073099345,-0.049229164,-0.0028322192,0.0011165456,0.08339637,-0.03632701,-0.052827314,0.005454565,0.08694994,0.03720981,-0.022105973,-0.07260544,-0.056626793,-0.0013867046,0.015686683
0.021679474,-0.015049216,-0.043961916,0.047019623,0.02648703,0.005349262,0.0161006,0.02145638,-0.07678462,-0.07463436,0.016068,0.050162062,0.010417712,-0.01713852,0.07185065,0.026519861,-0.022047449,0.075311475,0.011225758,-0.07467031,0.030472625,0.015276257,0.08394161,-0.057188403,0.019673133,0.071509376,0.008251274,0.010118692,-0.04508689,0.04953222,-0.07279624,-0.047750186,-0.0071566594,-0.0463082,-0.06531748,-0.05168153,-0.098186694,-0.05753077,0.024159404,0.027393755,-0.035070166,0.07231981,0.060221415,0.0034766945,-0.0034435997,0.06301144,-0.036108322,-0.07445073,0.02893468,-0.008788277,0.068461165,-0.06460543,-0.059012197,-0.04141854,0.00791393,0.04598104,-0.010976715,0.060078528,-0.003250917,-0.016121423,-0.060819726,-0.037403308,0.031445872,0.00017175241
-0.048817538,0.05154178,0.03395799,0.06536603,-0.01893447,-0.0698873,-0.084561534,0.038447805,-0.0024943813,-0.00585594,0.007993381,0.015437039,0.06449026,-0.014440186,0.06418216,0.09473398,0.009043944,0.0011306666,0.022506315,-0.06723179,0.0070620496,0.072115615,0.018762207,-0.056578275,-0.021207273,0.0070961253,-0.08467974,0.0752596,0.002086083,0.029138157,-0.008993963,0.049330175,-0.02880798,0.08793754,0.06892524,-0.060638927,0.054218404,0.054035872,0.033856012,0.07357179,-0.009847768,0.08876417,0.014106751,0.019415356,-0.015350932,-0.053274043,-0.07413087,-0.03648101,0.08571368,-0.06532206,0.07804755,0.08455787,-0.009833489,-0.06918114,-0.061355438,0.040968124,-0.013164671,0.07881579,0.07221813,0.085815534,0.0056605595,-0.08417019,-0.06431087,0.091560006
-0.0011426938,0.0042422926,0.06991705,0.08224259,0.053636078,-0.01726973,0.0887922,0.047256146,-0.08714775,-0.047939334,0.03895582,0.027758421,0.00925744,0.048271,0.044125352,0.026119223,0.010476499,-0.08889593,-0.06930411,-0.033548564,0.015038282,-0.013594418,0.06023608,-0.010394346,0.086571105,0.0024070954,0.06520699,-0.06187224,0.08878233,0.0043774615,0.006879503,-0.018943356,0.09255228,0.0115398215,0.040252987,0.021204537,-0.0061440305,0.015728751,0.08166974,-0.016217262,0.012582761,-0.082211845,-0.0027016187,-0.0034286412,0.055841,-0.022785213,-0.078459166,-0.032629583,0.024120057,0.079084225,0.076861925,-0.07371121,0.017530603,0.08721658,0.08317461,0.046241954,-0.08312846,-0.058164526,-0.014788639,-0.08991749,-0.06209386,0.073474616,-0.071844205,0.035655133
-0.017376224,-0.054049134,-0.07880983,-0.003105765,-0.017977621,-0.035779357,-0.02946988,-0.063085936,-0.00390644,0.069969036,-0.05371463,0.03797789,0.054074727,-0.0073673995,-0.06285027,-0.00070117996,0.01748018,0.050860852,0.06876316,0.05022913,0.061038032,-0.04903487,0.044880208,0.01607479,-0.075612366,-0.03588691,0.0646007,-0.07682093,0.065320335,-0.047057856,0.08362489,-0.012924899,-0.041827228,0.06680097,-0.059574697,0.055767063,0.014269,0.031756707,-0.06357924,-0.07628242,-0.03419707,-0.03643232,0.053389955,-0.024832299,0.060135532,0.056851413,0.039806154,-0.020423621,-0.01055425,-0.07346533,-0.035578463,-0.017641705,0.042015765,0.079472214,-0.010423277,0.08141963,0.06970121,-0.09007076,0.088818766,0.036700405,-0.08528079,0.06665053,0.028228898,0.03649362
-0.07328917,-0.049436,0.0032705453,-0.0703193,0.024669956,-0.065522894,0.09152974,0.08342096,0.08848253,-0.05629858,0.071217954,-0.001058694,-0.00040264337,-0.06645627,-0.05262503,-0.08437746,-0.060089078,-0.09341985,-0.004104953,-0.0009467288,-0.062149517,0.03622633,-0.026470687,0.005430111,0.07965974,0.08220419,-0.079680935,-0.08265551,-0.006626703,0.0742752,-0.04418326,0.0105278585,0.0008287197,-0.07790934,-0.0045325165,-0.0126518095,-0.06485343,-0.01448022,0.0857391,-0.07459394,0.007435275,0.06669842,0.059580054,0.08333545,-0.025467087,0.04804088,-0.02823503,0.010178276,-0.07293814,-0.013760976,0.035155,-0.0029522378,0.011230635,-0.07856217,-0.03421716,0.056286663,-0.087586686,-0.030102732,0.0070520733,-0.013464921,-0.070369266,-0.082890116,0.09003767,0.016494159
0.018382305,-0.056953315,-0.026406234,-0.022334563,0.023514727,-0.07667197,-0.03152255,-0.06613846,0.08507474,0.022053357,-0.0013067063,0.01079686,0.04848489,-0.008587891,-0.038743954,0.057121407,0.07526584,0.016536567,-0.066256784,0.03711705,-0.07899008,0.0601351,0.047768418,-0.02408425,-0.0514056,-0.07935918,0.05680157,-0.014085333,-0.039619822,-0.009829458,0.0064309034,0.036973573,-0.02656496,0.073727906,0.056711737,0.06860605,-0.005208664,0.011053361,-0.0044356184,-0.049773015,0.055329286,0.0067894263,-0.00017477642,-0.07457978,0.029407797,-0.08232265,-0.025804624,-0.093782,0.07053135,-0.011195888,0.087675706,-0.027825445,-0.073499724,0.05834365,0.08437974,-0.078238636,0.008968167,-0.07517816,-0.0074209017,-0.0071886242,0.0017039384,0.010386044,-0.039289232,0.09535096
-0.09604921,-0.0071174903,-0.0663035,0.09009824,-0.056404784,0.08186768,0.048402376,-0.092901595,0.06864118,-0.014093131,0.011795816,-0.08037832,-0.01235781,-0.017527478,0.07399436,-0.07470117,0.08120714,0.004152652,0.0422962,-0.07066152,-0.05447465,0.041208886,-0.07302343,-0.08827801,-0.019248918,-0.089679725,-0.033795238,0.08420541,-0.068486825,-0.044422116,0.040480994,0.036710817,-0.017775143,-0.01732831,-0.025375677,0.024795335,0.09011005,-0.007446481,0.0039046914,-0.020963967,0.04813762,-0.006453554,0.06274314,0.027847283,-0.07873417,0.04015894,0.0068520065,-0.009567132,0.074062176,-0.00444719,-0.0033722676,-0.0075541474,-0.08751149,-0.066851854,-0.020792361,0.027479298,-0.059528794,0.071894616,0.049134076,-0.057607163,0.040225558,-0.027514432,0.06862636,-0.056958843
-0.012574098,0.0058755567,-0.02017895,-0.071635544,0.0036362286,-0.008923068,0.08013671,0.0074434094,0.007867512,0.0896369,-0.005056453,0.04577189,-0.022629524,-0.0019095053,-0.045381524,-0.07675619,0.049985405,0.031708702,-0.05670451,-0.043371957,0.08775107,-0.008389128,-0.00430199,0.017202396,0.08379067,0.00889191,-0.06119466,-0.03097051,0.084172405,-0.048794698,0.018771289,-0.013333429,-0.011873208,-0.04187487,0.0830888,-0.02042725,-0.030261852,-0.016151056,0.012580291,-0.018420765,-0.015107008,-0.043468736,0.079386935,-0.031507608,-0.08691175,0.013521042,0.059704147,0.078011006,0.045142442,-0.025638958,0.054018915,-0.05760233,-0.0008772788,-0.06087749,0.011610469,0.08697532,-0.075875446,-0.07164026,-0.07518114,-0.0034515369,0.008530812,0.051970806,-0.04377526,-0.009562525
0.015050785,0.058042068,-0.09855092,-0.07300198,0.034276277,-0.08638092,0.018445678,-0.01589665,-0.06587116,-0.07382906,0.07870903,-0.04455127,0.015692135,-0.008618021,0.087847084,-0.07028766,0.06484528,0.00417978,0.004276288,0.06744761,-0.072912045,0.0810171,-0.0868381,0.016433252,-0.061163984,-0.0031120658,-0.04767366,-0.013510746,0.008649467,-0.049759343,0.09558006,-0.018025672,-0.02845579,0.0018683397,-0.03739695,-0.07658998,-0.0057013393,-0.020297002,-0.095673665,-0.06313553,0.06966667,0.07644525,0.06408451,0.028742973,0.046791263,-0.08489565,0.025101962,0.0131313065,-0.06408472,-0.03606337,-0.01567202,-0.047654774,-0.034218967,0.010618337,0.00017954319,-0.08966266,-0.03141703,-0.06013165,-0.014407146,-0.06316803,-0.04768001,-0.023609981,-0.07054805,0.005858112
0.037442748,0.07377196,-0.060470063,-0.004162401,-0.04639563,0.015988646,0.07047912,-0.0048735454,0.04865884,0.01584914,-0.023561597,-0.05535209,-0.06853187,-0.0774209,-0.08633157,0.0732328,0.03864401,0.007142865,0.043855518,-0.009912284,-0.021051025,-0.07983596,0.04695057,0.012451748,0.061821662,0.06126486,0.08806977,0.0515767,0.035357784,0.090033166,0.07111743,-0.050343595,0.05346514,0.0125619015,0.050827056,0.028881555,0.036531556,0.0679987,0.080848955,-0.04811264,-0.059318107,0.07988542,0.051645182,0.005417081,-0.04755797,-0.016990934,-0.009819847,-0.05928148,-0.006772048,-0.0051908223,0.08844022,0.016995812,-0.051232904,-0.0043018702,-0.013036834,0.034704983,0.06603553,0.04884146,-0.06820029,0.03753419,-0.073316246,0.02519828,-0.03963433,-0.019021386
-0.066554114,-0.046027444,0.04441179,0.044463612,-0.061326507,-0.06852564,0.05236033,-0.016484747,-0.069992244,-0.016439825,-0.04456514,0.049784616,0.04538587,0.00434277,-0.063999705,-0.045418426,-0.046391033,-0.07488896,-0.013955018,0.015192656,-0.016908899,0.07349687,0.026514709,0.009061011,-0.02077659,0.071919,0.061695572,0.0051137386,-0.02358754,0.03180849,0.049074486,-0.065476246,-0.038530525,0.0018624949,-0.008592296,-0.083927445,-0.056440912,-0.0443398,-0.09078506,-0.05004002,-0.085339755,-0.063416265,0.04982103,0.027893955,-0.026559446,0.07708633,-0.060371988,0.0708831,-0.027096992,-0.061010562,0.0726286,-0.0080978945,0.0666568,0.031711467,0.07030397,0.06207517,0.086812235,0.05521908,0.021093205,0.0632626,-0.08418807,-0.06449407,-0.02005967,-0.020390563
0.08266756,0.0627586,-0.004605088,0.07926861,-0.0059340857,-0.0856342,-0.055341452,-0.015061809,0.041318573,0.07564869,-0.0672687,0.04115069,-0.019731913,0.04068547,-0.06278996,0.002297696,0.01629711,-0.04569371,0.011750847,0.042484395,0.08901153,0.08435332,-0.059283406,0.069943115,-0.05361486,-0.0036222755,0.026065005,-0.09033699,0.0015839407,0.050135385,-0.06168538,0.02141837,-0.047856826,-0.014191306,-0.08157048,-0.0035985634,-0.07317992,-0.01172476,0.0032451744,0.0823353,-0.00509189,-0.02475329,0.011413518,-0.045648567,0.035495136,-0.057882313,-0.049153045,0.08807609,0.05066049,-0.07509289,0.05304123,0.017848216,0.0010720501,-0.02019331,0.08762412,0.019324807,0.04403641,0.0642378,0.031147601,-0.036081698,0.016737428,0.08005984,-0.07868973,-0.091439895
-0.019908175,0.05947696,-0.014237005,-0.016225528,0.0782516,0.03243486,0.08938915,0.033372343,0.0087645715,0.07179576,0.022830624,0.0076994933,0.049448214,0.025525156,0.0134897735,-0.009705331,-0.014589296,0.010869354,-0.08486347,-0.055555377,0.04431714,0.01704341,0.019233134,-0.007443227,0.018666713,0.018809434,0.034141235,0.043302257,-0.045719884,0.035701495,0.025042715,0.078318834,0.0044240737,0.0069180494,-0.00029790343,-0.012182969,0.043526232,0.010008868,-0.015735751,-0.069469325,0.089982904,-0.06123303,0.014672082,0.07111349,0.05669332,-0.034662418,-0.07501298,-0.067037635,-0.03205982,-0.021572744,-0.009968492,-0.060036182,0.06770589,-0.010646679,0.057989985,-0.08664881,0.07484461,-0.06538991,0.05444636,-0.009419659,-0.010147479,0.08855452,0.001912276,0.010848726
0.06198642,-0.013956401,-0.061151505,0.09092333,0.075455435,-0.0063139144,0.088893026,0.0728403,-0.07872911,0.06314674,0.0043643694,-0.031954795,0.012252886,0.01405843,0.037200715,0.014612999,-0.0009023037,-0.03583359,0.060362402,0.07836016,-0.032294933,-0.04315383,-0.00050359045,0.06893699,-0.052554037,-0.021150136,-0.0076228487,-0.021143533,-0.0005600353,0.003696594,-0.06276157,-0.0037355367,0.051824737,-0.03470122,0.08959058,0.0781785,0.08846403,0.03319174,0.058890227,0.038613748,-0.06604486,0.0552213,-0.06146506,-0.0015941976,0.080501735,-0.051160492,0.041319937,-0.047865897,-0.008229471,0.069437385,0.009172024,-0.004714928,-0.082434386,0.050625037,0.048100118,0.055855278,0.077248625,0.058777444,-0.06324376,0.05878065,0.00371987,-0.0006028438,-0.077336006,-0.023091756
-0.004845223,-0.0029662838,-0.06845736,-0.059143484,-0.03378312,0.06886967,-0.03127926,0.0041985293,0.03659668,0.036218904,0.040127747,0.014589842,-0.056301564,-0.065072715,6.912602e-05,-0.02869687,0.011463735,-0.003712594,-0.016898384,0.023388313,0.057987183,-0.010395975,0.006003837,-0.031083085,0.007360738,-0.023089588,0.000116730684,0.04211594,-0.015194376,0.07043781,0.010601609,-0.017352426,0.058887314,-0.016977347,0.030891808,-0.07018506,-0.017230902,0.0022414671,-0.04649337,-0.0058742412,-0.024737047,0.08232661,-0.002918686,0.050840702,-0.044332337,0.043519575,-0.026700089,0.02293652,-0.053307354,0.0846003,0.016844494,0.066854686,-0.08174518,-0.012266295,0.055479717,0.0047293,0.073644765,-0.044572506,-0.03635273,0.015162428,-0.01122078,-0.026553806,-0.0054931543,-0.009131238
-0.07277911,0.06134051,0.053111404,-0.08330221,-0.04318125,-0.06647798,-0.06369597,-0.04956485,-0.0077599976,0.060637835,0.009458418,0.08069428,-0.04682992,-0.027567616,0.05369188,0.053603746,0.035724584,0.08256462,-0.04187642,-0.05298107,0.04048541,0.010917198,-0.022800164,0.07936915,-0.03811013,-0.0042759744,-0.004218868,-0.060167752,0.004455527,-0.041818812,-0.0629938,0.04926925,-0.022662567,0.0022056457,-0.050721295,-0.07634759,-0.044924103,-0.020887746,-0.016104532,0.052083824,-0.027765287,0.0038986125,0.0009543716,-0.05323755,-0.05793657,-0.001063594,0.09302127,-0.06501236,-0.011942908,-0.041692276,0.018324122,0.08566817,0.08104544,-0.0152983265,0.06633064,-0.015506198,-0.014017748,0.07059912,0.010999402,-0.033919096,-0.0126684895,0.0025801093,-0.062261958,-0.0015612402
-0.05938079,0.014885649,0.09180302,0.06611381,0.08243467,0.04518198,-0.060270708,-6.031459e-05,0.039226905,0.052033376,0.03204262,-0.008408842,-0.02844582,-0.05919222,0.06949617,0.0020602054,-0.040752817,-0.07777634,-0.049923666,0.062729284,-0.050181437,-0.06938856,0.014633039,0.00047000687,0.011460477,0.056942295,-0.066565454,0.0037398962,0.08584838,0.080505535,-0.050831478,0.0048169536,-0.01070071,0.035395242,0.073108256,0.010269897,0.035822805,0.016739279,0.055395514,0.01828505,-0.092819236,0.028348643,0.009907285,0.06549466,-0.023471098,-0.0862779,-0.006253612,0.01249483,0.04540453,0.06097889,0.0639995,-0.076800615,-0.047951035,0.025218394,-0.0025769398,0.00023166019,0.021780754,-0.0073339413,0.08649634,-0.009843967,-0.07735337,0.06352575,-0.044915747,0.011015116
-0.076537825,0.087494776,0.06705664,0.052275695,0.08705213,-0.04895952,-0.034698244,-0.0071086367,0.009545234,-0.015554834,0.055630237,-0.06684019,0.0065833847,0.04096291,0.07162769,0.016863773,0.049947664,0.07348972,0.072632074,-0.075033635,-0.06977704,0.04278299,-0.06664965,-0.005364809,-0.045993682,-0.011198448,-0.015723184,0.0140443165,0.044148248,-0.0011099357,-0.058632307,-0.08615455,-0.0008950431,0.006331714,0.046585746,0.015221946,-0.046607375,-0.051770803,-0.04968425,-0.03321787,-0.018325927,0.011270543,-0.07226088,0.015319447,0.054341506,-0.08757276,0.009608102,-0.038002875,-0.03166551,-0.043177355,-0.07422887,0.0016298591,0.08128587,-0.003163858,0.032821782,-0.008047317,-0.038409248,-0.02588799,0.06314678,0.059443936,-0.057892166,0.08147552,-0.07323029,0.00936481
0.0402899,0.078822926,0.049980093,-0.08789126,0.04343926,-0.01671911,-0.054602258,-0.055268407,0.06263442,0.019386882,-0.008157081,0.035833716,-0.06582054,-0.010968143,0.011607161,0.06903813,-0.04814078,-0.038213987,-0.08327511,-0.065050386,0.08039782,0.0854106,-0.042736813,-0.039387852,-0.0128663005,0.0050065387,0.07661491,-0.05985556,0.08695045,-0.0017939418,0.019788176,0.0060735205,-0.06565863,-0.05997912,0.07149067,-0.014218548,-0.08282551,0.07612764,-0.03082511,-0.046918385,-0.020159073,-0.013384672,0.03385639,-0.023514535,-0.009507969,0.07459009,0.02055299,-0.07360941,-0.027071377,0.08586015,-0.036639553,-0.054327227,0.055571377,0.019143607,0.06519337,-0.08660939,0.028533474,-0.07403411,-0.06398318,0.046173133,-0.01251389,-0.011965929,0.048001822,-0.084012
-0.04327733,-0.037958153,0.033700995,0.0064683184,0.009801618,-0.036083885,-0.047868207,-0.063601114,0.008903873,-0.0016086648,-0.05240301,0.039811205,0.013831758,-0.079274215,-0.00068072014,-0.02632735,0.074774995,0.029067488,-0.007838668,-0.076601185,0.05037808,-0.053585324,0.0049339994,0.0033023285,0.03715578,0.013995644,0.009065948,-0.06611069,-0.043498322,0.043024547,-0.05232404,-0.06279443,0.0031326513,-0.042122908,-0.027118795,-0.013562513,0.0753805,0.01586233,-0.020539386,0.062649816,0.06275005,0.01874544,-0.02533865,0.023541665,-0.040927082,0.014719238,0.005335505,0.052745387,-0.005896983,-0.02194987,0.010138166,0.040278386,0.053998694,0.01530496,0.054785162,0.08550142,0.015023824,0.0072748135,-0.018445084,-0.077520736,-0.004777832,0.053282715,0.087133765,-0.025159068
-0.07433739,0.004238026,0.0395064,0.015602812,-0.014491104,0.09435361,-0.0796445,-0.071864046,0.077964,-0.058336165,-0.08002733,-0.055762112,-0.09532539,-0.08669973,-0.017486708,0.013179255,-0.048562773,0.06644715,0.014189628,0.042684052,-0.07293875,0.080855235,-0.09297907,-0.06388644,0.018820874,0.055164296,-0.008640495,-0.005500112,0.07484291,0.015418267,-0.07864988,-0.05882422,-0.068177745,0.019341022,0.052428216,-0.06539706,0.080886036,-0.019660177,-0.0694521,0.04007227,-0.06366576,0.028611464,0.018027881,-0.057877038,-0.000822144,0.088936344,0.0077147163,0.0770586,0.06989943,0.051770262,0.05501516,-0.06701912,0.008394519,-0.068075754,0.009486827,-0.023406174,-0.020622365,0.087478116,-0.043133404,-0.0851048,-0.08620638,-0.0903928,-0.055788588,-0.092638664
-0.08757663,0.06615,0.07161555,0.012973903,-0.040125806,0.032433785,-0.08220449,0.032033518,-0.05936,0.0051545203,0.023799969,0.046543583,-0.078451365,-0.048035126,-0.076591715,0.082366884,-0.04066689,-0.008482134,0.007186538,0.0014433644,0.06018194,0.024424385,-0.04530163,-0.07189333,0.07857728,0.020403434,-0.010513982,0.015450502,-0.007940273,-0.044486657,0.0146266315,-0.03316251,0.08575066,0.046073575,0.03844573,-0.086297795,0.011898603,-0.052711077,0.043590117,-0.076810375,0.039495144,0.0487465,0.06229893,0.07650168,-0.023478098,0.0098477835,0.062341206,0.0004775889,-0.073644966,-0.066006824,0.04181999,-0.052599978,0.0077639036,0.043723263,0.063153766,0.028251797,0.07076262,-0.041821226,0.062141377,-0.049683213,-0.030230215,-0.078237996,-0.055451747,0.046434674
-0.08419255,0.012306474,0.07452932,-0.086256444,0.021694997,0.006516544,-0.08483524,-0.0064239865,-0.077183865,0.08903661,-0.06367334,-0.036490675,0.010867165,0.029459324,-0.017855631,-0.07381236,-0.0015845546,-0.02691795,-0.07271241,0.011106716,0.002727523,0.07411968,-0.0621314,-0.091198504,0.04904855,0.008283946,0.06961863,-0.079147615,-0.088425346,0.07902703,0.056096703,-0.08110566,0.08046304,0.037060626,0.010613049,-0.005782978,0.055141803,-0.014335051,0.062617585,0.04783173,-0.06903289,0.008867972,0.027062679,0.03767891,0.007268946,0.011146757,-0.049749143,0.020667974,-0.03980252,0.024359412,-0.06752024,-0.08657383,-0.005029071,0.012007967,-0.0015024638,-0.091380954,-0.051016126,0.038641185,-0.04255116,-0.085166074,0.03171559,0.0113265775,-0.09279061,-0.008856353
-0.01372825,-0.06818991,0.022344692,-0.0059908116,-0.06282568,-0.0573405,0.0037792558,-0.042838186,0.014343825,-0.07309824,0.02422669,0.06925542,-0.041484013,-0.013933669,0.071319684,0.015058011,0.095540605,-0.07501617,-0.06489156,-0.035419565,-0.018538902,0.08211828,0.091308676,0.013328365,0.08102472,-0.06607032,0.07501006,-0.04063634,0.07613166,-0.012077369,-0.010792128,0.08923999,0.030125093,-0.05530236,-0.08877921,-0.05444336,-0.023283293,-0.015470063,-0.051318157,-0.08812963,0.0026866172,0.052179858,-0.05761096,0.04601273,-0.061987054,-0.042661186,0.013918515,0.02736754,-0.03283721,0.062109273,0.077701055,0.0025523442,0.03893287,-0.06061097,0.013933439,0.08402304,-0.07906894,0.0028392205,-0.008331036,-0.07249697,-0.08689733,0.035457846,0.018211821,0.025376169
-0.007526769,-0.08611395,-0.018484866,-0.0697826,0.012576502,0.09384515,-0.0662069,0.00421637,-0.078720994,0.07491217,0.0035383408,-0.010376794,-0.002618061,0.017188258,0.033191882,0.001598347,0.015656674,-0.0020378847,-5.7640893e-05,0.0447398,0.006333164,0.049754098,0.04480823,0.059094414,-0.057651814,-0.042875376,-0.016014924,-0.017198341,-0.017837565,0.021492831,0.0035020292,0.0015819529,0.05343303,0.08262552,0.006393578,-0.008211889,0.0694596,-0.017130304,0.08876678,-0.015625581,-0.0677934,-0.01762448,-0.043883186,0.0023562084,-0.014121261,0.028358383,0.0055621304,-0.005047635,-0.091607645,0.007309296,-0.053131815,0.019781241,-0.054571375,0.023502808,0.061617825,-0.004643474,0.024570853,-0.070952125,0.07207152,0.04797034,-0.04404554,-0.035871137,0.08081399,0.08543458
0.005257194,-0.07405807,0.013489644,-0.004630847,0.06081041,0.08237471,0.046815738,-0.014667898,0.040103976,0.0021523708,0.00041995334,0.07641862,-0.014067979,0.009437907,0.034975078,0.037090868,0.0508482,-0.0020026916,-0.036883377,0.0616894,-0.048790712,-0.08234749,0.04026986,0.030086888,0.06073447,0.07929295,-0.049342535,-0.087783925,0.077363804,0.03991666,-0.03633216,0.0759789,-0.086103,0.07710351,-0.048179906,0.090094194,-0.08357158,-0.09201999,-0.06556878,0.07776057,0.038714807,0.08387012,-0.008280248,-0.033282906,0.0038142528,-0.08681228,0.03430546,-0.031758007,0.089492105,0.06505726,0.08101767,-0.0771788,0.0076649063,0.009082056,4.2081476e-05,0.06930199,-0.0660372,0.08320974,-0.056025334,0.00399807,-0.092484005,0.05922967,0.036189057,0.07023734
-0.05316572,0.033931326,-0.0808664,0.08160874,-0.045563158,0.07346853,-0.07160841,-0.008451199,-0.07845593,0.017675329,-0.08061806,-0.05984365,0.06422827,-0.04587438,-0.0012766158,0.09584863,0.0030743668,0.045981634,-0.028635046,0.014445516,-0.08749115,-0.08042834,-0.08150582,0.042256292,0.011969205,-0.0066758115,-0.043214027,-0.06326639,0.047261074,0.059046715,0.010749806,-0.0076817577,-0.051018074,0.04611888,-0.012790255,0.073469855,-0.023183385,0.055364404,-0.016412161,0.087865576,0.028241828,0.0118464,-0.0507109,0.0033746557,-0.029486889,-0.016183482,0.02546047,-0.06278135,-0.038122095,-0.056538794,-0.025389858,0.029720007,0.04290083,0.031044595,0.029729292,0.05432839,-0.03372902,-0.06912865,-0.08841432,0.056581046,0.0006961406,0.07325375,-0.027070787,-0.003525484
0.009885553,-0.0031877104,-0.0341021,-0.025933085,0.05982832,-0.07690037,0.06284123,0.089938305,0.043518424,0.05158887,-0.05755215,-0.09431631,-0.037201293,-0.038928237,0.06973258,0.018952956,-0.051672447,-0.049339738,-0.082841605,0.007245637,-0.082111195,-0.09287662,0.032515436,0.0072741346,0.07106418,-0.033763044,0.009760153,-0.019428281,0.08868526,-0.019207193,-0.07053806,-0.029012835,-0.07814325,-0.0836186,0.08678927,0.010078106,-0.005463775,-0.08729771,0.05557766,-0.08125612,-0.068506084,-0.077853665,-0.0060385456,0.06627403,0.09468207,0.025186682,-0.013114406,-0.05433756,-0.074861445,0.078611396,-0.0082887355,0.06695691,0.051380787,-0.038847603,0.0651508,-0.042225167,0.060963593,-0.011879894,0.082241915,-0.05598413,0.0012198751,0.04337932,-0.05829737,0.051173136
0.0036698326,-0.035821967,0.04779499,0.0603937,0.03460212,-0.04698736,0.061348736,-0.07685891,-0.04225941,0.069465585,-0.031326823,0.0655447,-0.0521633,0.002133168,0.088664316,-0.016700111,-0.0008311454,-0.0014103259,-0.082786694,-0.06345024,-0.0806414,0.07401187,-0.044420894,0.0061020837,-0.033576053,-0.0001979621,0.009298673,0.059726946,-0.058714923,-0.08373453,-0.03821382,0.015905216,0.012754575,-0.08501198,-0.0838771,-0.012843027,0.033897508,-0.08583524,-0.043006215,-0.02190721,-0.043389037,-0.056154627,0.08482675,-0.007344637,-0.026604382,-0.017235324,0.038280953,-0.070133224,-0.011501203,0.07346487,0.06452385,-0.08124016,-0.03936708,-0.004053168,-0.036813334,-0.065680645,-0.022091663,0.07783847,0.062389098,0.0726365,-0.07642287,0.06935491,0.014361362,-0.04683654
0.053625554,0.08385489,0.005338249,0.08085106,-0.052603986,-0.05115232,0.011819254,0.05586488,0.0025042826,0.009225255,0.07983502,-0.048282523,0.04875462,0.04162512,0.06159709,0.017832166,-0.07238506,0.011586998,-0.019843644,0.061847646,0.066277616,0.055047713,-0.090015285,0.035910845,-0.011440859,-0.06654879,0.08776432,0.046478957,0.043331694,0.006989675,0.051978484,-0.01634324,0.047070265,-0.0811302,0.017891126,0.038284313,-0.027278647,-0.014045691,0.044362653,0.050128378,0.084139325,0.009398427,-0.075110674,-0.03705821,0.052254193,-0.013970532,-0.087882444,-0.07046577,-0.042943016,0.088428155,-0.08286445,-0.08232175,-0.045100633,-0.042882223,-0.015333946,0.07851327,0.08128675,0.053589534,-0.028532024,0.049046524,0.03629177,-0.017403988,0.02182349,-0.041099817
0.05860868,-0.019085929,-0.010423196,-0.067559354,-0.07917997,0.011371744,-0.06592642,-0.012521416,-0.08007879,0.08173291,-0.013587881,-0.0520166,0.076441325,0.07853734,0.0006323592,-0.013591299,0.050586153,-0.03163359,-0.04699255,-0.009962048,0.0027240897,0.014451533,-0.036226153,0.07045887,0.0053633866,0.022523057,-0.05305578,-0.042911936,0.017027438,0.0043694824,0.031254806,-0.06638905,0.010078879,-0.049516007,-0.0033140744,-0.068409786,-0.06610484,0.06663808,0.07260754,0.008094245,-0.03857567,-0.050323166,-0.059831906,0.05354232,0.07372263,0.016124327,-0.042681918,0.06290683,0.047172666,0.07338727,0.050945364,-0.080029845,-0.06490822,0.09324218,-0.010282431,0.018974848,0.059371483,0.039648615,-0.057201512,-0.070668496,-0.07200836,0.051707312,0.008740233,-0.02220478
0.08493904,0.04747485,-0.06833443,0.011551847,-0.08099281,0.006072332,-0.07671623,-0.0022679667,0.0011569925,-0.09477602,0.05224473,-0.0060712835,-0.059306607,-0.020103019,-0.080147155,-0.0176223,-0.06459644,-0.040748555,0.014574095,0.054862324,0.010451412,-0.0007166917,-0.0035649594,-0.08072281,0.039285872,-0.016209979,0.06606823,0.010873091,0.0036388217,0.01940395,-0.09065692,0.085611135,-0.06291921,0.08247088,-0.01763342,0.07295661,-0.08127866,0.002385554,0.05027204,-0.039436996,0.08087777,0.0098006,-0.012068706,-0.049366917,-0.046076164,-0.00014028195,0.023642479,0.0585044,-0.024762884,0.020225609,-0.04614182,0.08828875,-0.009413433,0.068312965,0.057136267,0.012945201,-0.09206928,0.06191062,0.058125906,0.06396416,-0.084436096,0.06769947,-0.07897755,-0.08864429
-0.084854655,0.059831984,0.011309379,-0.095347434,-0.0138948755,-0.0007210622,0.071404904,0.07848558,-0.03122929,-0.0640395,-0.038468234,-0.073264636,-0.04292165,0.086330906,0.034991127,0.032325912,-0.048899055,-0.048861578,-0.0092849955,0.06811476,0.0010125531,-0.09099693,-0.0504565,-0.019417375,0.04836465,0.04279944,-0.07722183,0.07406871,-0.068933405,-0.044236988,-0.07413259,0.053735808,-0.07455273,-0.008963375,-0.04586751,-0.037721775,-0.026478365,0.069209285,-0.011570046,-0.028821168,0.0024886935,-0.056150425,0.018626751,-0.043611918,-0.05730166,-0.042383064,0.05411602,0.07627853,0.000950471,0.047389645,0.04430651,-0.07337484,0.01180768,0.0024376884,0.010617848,0.015242162,-0.012728628,-0.05665615,-0.056582127,-0.055075906,0.04904416,0.03420721,0.028783271,-0.0005411745
-0.061926592,0.023498813,0.003255615,-0.008775086,-0.0066383895,-0.010188522,-0.04705392,-0.038292047,-0.0637255,-0.046918754,-0.055962853,-0.06661447,-0.071409196,-0.041032206,-0.057222754,-0.0005234125,-0.03083737,-0.0082234405,-0.041144397,0.06686037,-0.023318103,0.0032590206,-0.06589406,-0.05053195,-0.052661035,-0.004342268,-0.0453217,0.023111418,0.0011089875,0.009716343,-0.074865736,-0.060981933,0.05737631,-0.028446717,-0.067405485,-0.07861941,-0.025925826,-0.06613873,0.06370708,0.06024702,-0.013421256,0.08754419,0.0135082835,-0.0049150498,-0.08269777,0.05361496,0.0016779276,0.014195478,-0.06184906,-0.015657667,-0.019393915,0.07808633,0.06965073,-0.043639082,0.00039912667,-0.0038472349,-0.046399537,-0.05738729,0.07155342,-0.037148133,-0.0635489,0.004752533,-0.08262094,-0.037472058
-0.03555938,-0.0041519627,-0.053962223,-0.050756097,0.07869873,0.016605658,0.007185422,0.028721878,-0.012093002,0.05592812,-0.070946224,0.08731254,0.0791347,0.06024141,0.042980347,0.08439794,-0.033158753,-0.024854634,0.022364637,0.012633137,0.053459376,0.0047209673,0.07736718,-0.019214543,0.010000363,-0.064191505,-0.009810959,-0.011343269,-0.028261157,-0.03408025,0.024875449,-0.0039935955,0.019680398,0.067932665,0.030092143,-0.04839684,-0.011689665,-0.006830961,-0.07418782,-0.027524518,0.02197438,0.0643351,0.0053935423,-0.025576523,-0.06429646,0.06992051,-0.029648846,0.0020051266,-0.017204782,-0.013328702,0.006703745,0.008173383,-0.012936201,-0.008217702,0.044850547,-0.051773086,0.03178557,-0.06166794,0.078769565,0.0493258,0.054083392,-0.04012122,0.022152279,0.006664134
0.05313027,-0.06710096,-0.05973534,-0.03645148,0.091374464,0.0056618163,0.0063009015,-0.01857946,0.050703246,-0.08510877,-0.09451908,0.050042704,-0.056342352,-0.05421361,0.08128443,0.09125553,0.0039179055,0.010942622,0.032404095,-0.061909277,0.069135904,0.089711905,-0.04512787,-0.0917066,0.014129587,0.007529719,0.07342806,0.015421602,0.039308157,0.05512945,0.03793361,0.03203447,0.044738352,0.043873668,-0.018568927,0.0030482288,-0.05602927,-0.042629555,-0.00046636284,0.08488003,0.05845898,0.0019926333,0.0650782,0.08679834,0.08489656,-0.058248688,0.0035776494,-0.07204787,-0.032694533,-0.040096644,-0.051111825,0.07563711,-0.089999236,0.015015028,-0.012961871,-0.008206421,0.03595601,-0.02455562,-0.0055456324,-0.08470909,-0.049553394,0.056956526,-0.010385799,-0.08613949
0.054165334,-0.07304384,-0.0144442655,0.01428714,-0.034299195,-0.024543783,-0.043529294,0.08863887,-0.07646403,-0.046292346,-0.08475064,-0.0060466174,0.0055963425,0.030585347,0.0017966671,0.0631676,-0.0002744543,0.06222092,-0.03402487,-0.019273588,0.059617527,-0.014296702,0.08801791,0.02677454,-0.012724424,-0.05114211,0.059442893,0.07104142,0.09061484,0.009189157,0.08351067,-0.076881826,-0.061884798,0.04944906,-0.08256211,0.080811836,0.0882441,-0.08214033,-0.053826664,-0.054263532,-0.017539337,0.009397877,-0.017300392,0.07949474,0.06675809,-0.018726509,0.0052848975,-0.07100151,0.014993528,0.00062395027,-0.040811565,-0.021042703,0.023725582,-0.068549745,0.024233082,0.04262448,0.06591492,-0.008801996,-0.0664693,0.07506108,-0.008591685,-0.033424992,0.066395506,-0.033286143
-0.089334324,0.08106975,-0.060923327,0.065930374,0.021445118,0.07003271,-0.054977156,0.09042706,-0.032568473,0.0679984,0.06429819,0.059436157,-0.015446493,0.043261144,-0.0032700528,0.060817014,-0.03134539,0.013923392,0.084593706,0.06517511,0.069938615,0.0884941,-0.06965909,0.021095075,0.05998861,-0.041333217,0.013301097,0.07708869,-0.04930046,-0.01569327,0.0019340492,0.01342519,-0.04944106,-0.007952206,0.025519049,0.066462085,-0.009191269,-0.0018720946,0.0440798,-0.0095038125,-0.015871048,-0.0060320813,-0.08705934,-0.00066080276,-0.014279828,-0.023547648,0.00044746717,0.011554726,-0.06875364,0.056847993,0.022572711,0.031812668,-0.013996505,-0.078435235,-0.06686099,-0.09818589,-0.02128149,0.08791013,0.04624872,-0.011854875,0.067546844,-0.00943472,0.092276484,-0.06288865
-0.047946267,-0.08646372,0.078871064,0.073060416,0.08663425,-0.081087776,0.05434901,-0.09020451,-0.018476056,0.02237744,-0.07875462,-0.015134628,0.03093318,0.0040019886,-0.011698821,0.050783448,-0.041278273,-0.056845732,-0.046270445,-0.06575499,-0.011173174,-0.07469985,0.027919156,0.031365033,0.019285398,0.059990622,-0.020493839,-0.04390614,0.054648522,-0.07575805,0.049672063,-0.070881546,0.040796023,0.002227054,-0.036817275,0.037088227,-0.0941525,0.01919811,-0.06309107,0.076862805,-0.033166595,-0.06193565,0.041752573,-0.0004476323,0.07129128,-0.011827135,0.056062907,0.06316943,-0.08242205,-0.007374898,0.07114563,-0.069464855,0.08209954,-0.03331279,0.0572211,-0.0849361,0.010313724,-0.047127336,-0.07260195,-0.089681916,0.009854313,-0.03828867,-0.045097746,9.255948e-05
-0.03847419,0.06165295,0.0663914,-0.08034382,0.012437221,-0.04965553,0.06006595,0.029693337,-0.026420122,0.015845137,0.06102084,0.08805261,0.003017757,0.027856732,-0.073381186,-0.06565235,0.045003023,-0.061696693,0.013588561,-0.024146995,0.0065647485,-0.08830342,-0.002455412,0.0020284026,-0.053278122,0.07976022,0.0128885945,0.05521865,-0.0156202605,0.08550349,0.020442333,-0.045367163,-0.01777178,-0.005705552,0.0718544,-0.039406773,0.039881572,0.06833735,-0.066214666,-0.020806093,-0.07108872,-0.05717783,0.08123125,-0.051310845,0.09207257,0.037328947,-0.07195927,-0.05274771,0.010132222,0.00400596,-0.035667393,0.0137802055,0.059781525,-0.054686032,-0.002489146,0.051806837,0.0035233884,0.014876928,0.010090127,0.06022354,-0.03848253,-0.0657182,-0.034400683,0.04014091
0.04073604,-0.006557054,0.07325571,0.038653065,-0.04174499,0.05930162,0.06281227,0.02084996,0.0019903232,0.03992149,0.08339603,-0.07441652,-0.044011813,-0.048267007,-0.09089231,-0.010614335,-0.027497131,-0.079375304,0.070691854,0.043994386,0.05114606,0.004876338,-0.075521626,-0.017888576,0.064481445,0.069014356,0.05622687,-0.08716501,0.08688493,0.0008739849,-0.074971184,-0.026226275,-0.013195618,-0.02344177,-0.011690751,0.0890131,0.00831274,0.024654727,-0.04746273,-0.085940115,0.010663773,-0.02640728,-0.04280312,0.08100817,0.022586055,-0.09092138,-0.07257414,-0.0445542,0.015372037,0.01706514,0.09161077,0.008020687,0.031858232,0.06694157,0.058794443,-0.0754362,-0.019718472,-0.059548676,-0.018502314,0.001812056,0.0632351,-0.055474833,0.05299354,0.06810793
0.012339495,0.046875075,0.03137651,-0.083352484,0.008031435,0.007980303,-0.06459333,0.06710038,-0.037649777,0.083712615,-0.010500135,-0.014355311,0.055253338,-0.044934876,-0.046105806,-0.015603699,-0.009564197,-0.043198477,0.013256201,0.0092797065,-0.065339714,-0.0014606176,0.060946446,-0.054603264,0.052738033,0.067924865,0.0054590045,-0.011194996,-0.022821808,0.09342044,0.0879105,-0.075714715,0.054294825,-0.07425016,-0.06904338,0.013176748,0.07571635,-0.020814477,0.08696686,0.08663453,0.01018129,0.062416006,-0.012201281,-0.0126259085,0.046196673,-0.0020403075,-0.0027437548,-0.031965327,-0.0602734,0.057958174,0.060657885,0.013196952,0.041121624,-0.08274201,0.0018145262,0.0009962774,-0.042431112,0.054233234,-0.019094355,-0.008412913,-0.013082808,-0.05274222,0.067745134,0.019207627
-0.06425963,0.013417601,-0.07742216,-0.054637287,-0.057623632,0.02365285,0.063797645,0.04975712,-0.06702462,0.0077841,0.066634625,-0.087314196,-0.08279386,-0.029479768,-0.017004794,0.04243249,-0.016618628,0.019746419,-0.012601298,-0.078366466,-0.06510845,-0.029929012,-0.07009919,0.0059527215,0.044221587,0.0805274,0.014855258,0.03720619,-0.039476488,0.05585929,-0.008302647,-0.022117155,0.0062577794,-0.0022298037,0.049214464,-0.023242306,0.0025175586,-0.085601196,0.0015508486,0.04597576,0.014419583,0.0011665171,0.07787082,-0.07148086,0.0046030856,0.0835667,0.010385576,0.011639603,-0.05416157,0.03870086,0.0061228964,-0.011395325,-0.0005666168,0.01754754,0.022475822,0.034780864,0.0015814472,-0.014791895,-0.0066339024,0.08581673,0.014867755,-0.051844068,0.052776385,0.009582047
-0.021066722,0.013327163,0.0289246,-0.06683138,0.06673016,0.06887797,-0.09106314,-0.08595734,-0.024186052,0.05524262,-0.06041512,0.0077309893,-0.086736634,-0.07644969,-0.0672885,0.070885375,-0.045095734,-0.011305569,0.06464364,-0.016922122,0.021261733,-0.012413111,-0.08952685,0.067557305,-0.08473344,0.058312282,0.052152343,-0.07712912,-0.08992845,0.083218925,-0.05528006,-0.037544157,-0.074372046,-0.042582177,-0.09023217,-0.03549962,0.05749785,0.009556014,-0.04803329,-0.08068627,0.075158015,0.061960813,0.0005267585,-0.08633198,-0.044654608,-0.015444959,-0.04572317,0.05132561,0.06745997,0.04194323,-0.08631509,0.08362941,-0.035374433,0.059586897,-0.08992243,0.014212899,-0.0132714985,0.0084143495,0.092963964,-0.0013782233,0.040724147,-0.09714993,-0.06739267,0.010125075
0.036186386,-0.039546728,0.084396616,-0.0069618425,-0.07018758,-0.0083279805,0.053369585,0.0438775,-0.013654898,0.013767531,-0.080428585,0.06228358,-0.08142337,0.00749268,-0.026146317,-0.089190036,0.010746625,0.06671751,-0.020583475,-0.05525981,-0.0063419705,-0.0011189397,0.051762115,0.088483796,0.07616606,-0.056845043,0.082429305,-0.08580471,0.08737124,0.057768382,0.05395437,-0.08336026,0.046293255,-0.077884465,-0.023536252,0.013531671,-0.08075371,-0.01449238,-0.08947226,0.032527383,0.08384745,0.011158221,0.08795015,0.010085813,-0.06596818,0.07988333,0.06943084,0.08922648,0.0072672074,0.020045213,-0.054435663,0.032607555,-0.08107083,-0.052358758,-0.013464111,-0.0018064837,-0.050927334,-0.054760303,-0.020142276,-0.011703356,0.06419204,0.08477371,0.07104721,0.07482435
0.06736035,0.030805131,-7.889468e-05,-0.08879926,0.011260667,0.03800136,0.028867524,-0.03464304,0.07308192,-0.048302718,-0.08283011,-0.009830408,-0.03589237,-0.056942012,-0.043230787,0.010698219,-0.005170955,0.06475322,0.02006046,0.017050967,-0.04203354,0.0822029,-0.057585064,0.05774949,0.082024775,-0.07355088,-0.05246163,0.0034498896,-0.009891619,-0.049728382,-0.053775083,-0.077053994,-0.077806085,-0.06674752,0.02064529,0.0646765,-0.02931948,0.082497284,0.008352828,0.08883916,-0.052752748,0.026342835,0.07080223,0.013983726,0.017963622,0.071307555,-0.074716926,0.026653502,-0.07426218,-0.08448093,0.06503136,-0.0739596,-0.043866735,0.074136235,0.013556028,0.051938105,-0.015079208,-0.056974135,0.016465003,-0.07559812,-0.006513414,-0.023728687,0.035843898,-0.008152534
0.03680181,0.058163963,0.08441676,0.059781637,-0.051484015,0.005107348,0.06524589,-0.08484242,-0.05634358,-0.06058923,0.032683294,-0.08627442,0.0031068698,-0.042022105,0.076108836,-0.079674214,0.0037792237,-0.009489476,0.044972766,0.00082308025,-0.0025137377,-0.040093433,0.07693014,-0.06795707,-0.03597105,-0.078639,0.07891752,-0.07959081,-0.04453729,0.060350332,0.083227426,-0.0026849436,-0.04581065,-0.038640574,-0.08362836,0.03332555,-0.046488434,0.046461347,-0.004859109,-0.014163695,-0.042356607,0.08691843,-0.032337554,0.076276906,0.019399527,0.07009164,-0.056849808,-0.011711541,0.031822033,0.06857161,-0.04686316,0.01281952,-0.05118869,-0.047313575,0.0146104265,0.014568042,-0.0054988526,0.012085684,-0.018386872,-0.032613292,0.0770068,0.06852771,-0.014373176,-0.022458518
0.07343357,0.004138488,0.019178113,-0.042359296,-0.07553131,0.0061179954,0.06785444,-0.07695205,-0.008948247,-0.009966245,-0.06496732,0.04635396,-0.032608416,0.00922599,-0.04470759,-0.038680583,-0.050137058,-0.059442837,-0.024410982,-0.027638147,0.010254734,0.0028971,-0.006474366,0.060320463,0.06312472,-0.043571346,-0.069709,-0.08337193,-0.005418947,0.053036664,0.06669649,0.062048767,-0.012195779,-0.08378631,0.065276116,0.07529309,0.022536956,0.037712924,-0.008080347,-0.0052178623,0.05429894,0.08441126,-0.07872233,-0.07608687,0.068864204,-0.015559454,0.001059304,0.06342854,-0.012492217,-0.0016860691,-0.055736713,-0.0048136786,0.05671825,-0.058109373,-0.039204802,-0.0028399858,-0.06051519,-0.045191742,-0.068929605,-0.05235293,0.07474295,-0.058396436,0.04067511,-0.08315154
0.028402355,-0.09684445,-0.052501336,-0.03043197,0.067064166,-0.06389794,-0.040275954,-0.065260366,0.015147927,-0.057850353,0.0718141,-0.013750887,-0.07769923,0.049557064,0.055772685,-0.08748315,0.040355824,0.060898785,-0.0034485366,-0.021002494,0.069624595,-0.009653707,0.037394617,-0.0793085,-0.0196403,0.06328364,0.07186715,-0.0025159644,-0.039636824,-0.07036249,-0.0009648794,-0.023645569,-0.07975925,-0.05687642,0.048688773,-0.012869478,-0.067363694,-0.059529528,0.03945741,-0.072282925,0.065584674,-0.0038032418,-0.03912962,0.031475477,0.0397328,0.006842146,-0.06328372,0.028117303,0.04049296,0.05333946,-0.037931643,0.0077544535,0.03709074,0.06380753,-0.015242184,-0.07880959,-0.053756632,0.07694606,-0.08917176,-0.014789741,0.007996374,-0.0606698,0.012895322,-0.060227364
-0.019295843,-0.011324423,0.0334465,0.025136733,-0.06446523,-0.065486126,0.013141291,-0.049697317,-0.04314695,-0.036599237,0.0026534444,-0.0457377,-0.07410154,0.051557653,0.054126315,0.07212163,-0.00525086,0.06331953,0.036706828,0.062279627,-0.08012801,0.06252747,-0.0055684145,0.06930411,0.023271475,0.0761656,0.013173797,0.054429334,-0.039501026,-0.046552937,0.025886904,-0.0027618331,-0.05343544,-0.044273723,0.054960962,-0.0039349264,0.026942275,0.07041391,0.03877125,0.052717015,-0.026775481,-0.0036570511,0.046391,-0.0034476835,-0.07484781,-0.061392993,0.02460603,0.0400585,0.06311872,-0.039947778,-0.06809827,0.029233908,-0.059361897,0.031869717,-0.0121914325,-0.031015197,0.061401684,-0.011674903,-0.007749283,0.06544166,-0.081175245,-0.06967526,0.07526611,0.042409424
0.07525497,0.018558335,-0.0013676313,0.08040409,-0.08334534,-0.038048964,-0.033298045,0.0670407,-0.057714824,0.08509188,0.051540073,0.01753935,-0.0919186,0.07720036,0.0065005315,-0.046046764,0.03880181,0.076912016,-0.04437117,0.0144739235,-0.0029867096,0.08693186,0.032073062,-0.041093327,0.005278191,-0.05098937,-0.004209406,0.007082383,-0.0039460706,0.027035845,-0.069694996,-0.0128866155,-0.07776501,-0.04669775,-0.019939335,0.0025289825,-0.04089506,-0.0008615127,-0.029208383,0.07969894,-0.00336948,-0.08796939,-0.0035983876,-0.048960082,-0.049441084,-0.0058015953,-0.051584944,0.038379148,-0.010573012,-0.015131422,0.056985427,-0.04484012,0.023947382,-0.056118745,0.012798135,0.046214536,0.068392254,-0.07669101,-0.011138799,0.00236886,0.034040373,0.06276886,-0.01734159,0.031387474
0.04497794,-0.011254663,-0.07726572,0.009367068,0.044349242,0.08092297,0.031888325,0.02581848,0.03458609,-0.018007262,0.01278953,0.04226703,0.07730155,0.028805034,0.08310246,0.051119737,-0.017796412,0.042514175,-0.01563427,0.05155789,0.0046574473,-0.0025502914,-0.03166422,0.06105583,-0.050487615,-0.05259767,-0.046546206,0.04153309,-0.050651994,-0.0037263788,0.06284519,0.06610919,-0.06760647,0.06719975,0.05996801,0.0061724773,0.09416785,-0.07700915,-0.07113018,-0.07679468,0.025401283,0.07098927,-0.072118245,0.0637549,-0.0053971857,0.08455269,0.039471377,0.03244734,0.030645665,-0.00076205854,0.065219454,0.040992267,0.057341497,-0.027373264,-0.08424414,0.034073915,0.01707558,0.025418608,-0.08816598,0.053208888,0.06692342,-0.005697837,-0.09741965,-0.01661303
0.06851416,-0.0769545,0.04328685,0.009602526,-0.055128526,-0.04530381,-0.020104118,0.03777487,-0.071118824,0.017055685,0.075486,-0.060129873,-0.062351186,0.07515528,-0.047765788,0.08986203,-0.08826843,-0.007855105,0.065441765,0.04503913,-0.010887164,0.012975833,0.07341584,0.060818918,-0.051003285,-0.066901945,-0.0071573043,0.008816729,0.07863905,-0.07680284,-0.054702807,0.0016975517,0.019292938,0.048768662,-0.0021132736,-0.061043758,0.0007667568,0.086222686,-0.042926885,0.016440695,-0.021466073,-0.055215206,-0.073874675,-0.03943268,0.084652364,0.06213185,0.005764459,-0.014359182,-0.0495549,-0.005170948,-0.037608158,0.0059074135,-0.075010404,-0.08710684,0.03590718,-0.053188335,-0.020689849,-0.040352426,0.049951185,-0.088232495,-0.025059633,-0.050141174,0.06358152,-0.018979693
-0.060719788,0.06774903,-0.019064587,0.008277682,-0.0010496161,0.095243566,-0.027794635,0.08621842,-0.043424107,0.06910579,-0.003960503,0.091787204,0.0051968195,-0.0067181895,0.0028396265,-0.031478144,-0.08992294,-0.061222482,0.083302334,0.028511545,-0.0670387,0.07145738,0.009734052,0.06739405,-0.08783396,0.031061321,0.027138362,-0.0021449456,-0.06522674,-0.08425326,0.005855163,-0.07573386,-0.0028762503,-0.007152355,-0.0087239,-0.06980081,0.072920755,-0.002506175,0.0017568904,0.050887063,-0.04405352,-0.072788686,0.07396325,-0.047377087,0.0069366675,0.06954604,0.04245129,0.051046345,0.0661786,0.014832957,-0.009555114,-0.07639486,0.062133636,0.053245626,0.0025259256,-0.01361802,-0.015441005,-0.08435645,-0.021525718,-0.080646314,0.0500161,-0.0778933,0.0092827985,-0.05437741
-0.03416863,-0.0754089,-0.055220447,0.01687263,-0.052484926,-0.042704534,-0.019834435,0.057777792,0.006735477,0.071352884,0.07387997,-0.043418836,-0.0063557625,-0.046157073,0.015233306,-0.004646386,0.05499351,0.030541891,0.06346838,0.017463358,0.0059685917,-0.052478228,-0.004855925,-0.03437583,0.08258595,-0.08828531,0.09549066,0.06496319,-0.036300264,-0.055900645,0.08693129,0.07071894,-0.04408384,-0.07639904,0.006524529,0.05033861,0.05358084,0.080417655,0.0804419,0.067932084,-0.029294625,7.237271e-05,-0.024386583,-0.012502411,-0.021540347,0.034282062,0.08208851,0.039396968,-0.03156968,-0.01705772,-0.064878255,0.01910392,0.06180249,-0.062820375,0.04523628,-0.079665035,0.060228694,-0.00884305,-0.0735544,0.06600537,-0.061424002,-0.040767476,0.08220774,-0.009058261
0.043125197,0.07454329,-0.017709108,-0.010707921,-0.08101647,0.09094471,0.0020914741,-0.0516097,-0.05164648,0.002738233,0.009016202,0.06495156,0.034392994,-0.0610514,0.07655189,-0.045307804,-0.06709464,0.046126816,-0.05533108,-0.07020827,0.017542977,0.066978015,-0.059897542,-0.06619524,0.05575211,0.06705033,0.0048847664,-0.0019165091,0.04172873,0.073062934,-0.03874888,0.020258537,-0.016007159,0.020218167,-0.0155047355,0.062803574,0.087578826,0.019526986,0.090835236,0.04857099,-0.05686652,-0.0051886695,-0.05872148,-0.07379181,0.07194067,0.013664562,0.08453064,-0.07877739,0.047832627,-0.0699064,-0.027735146,0.0001755045,-0.070610054,0.05469368,0.009167966,0.042777684,0.055623945,-0.0858088,0.025584085,-0.07674827,0.030262308,-0.08054648,-0.025382672,0.071216024
0.0078043463,0.0115163615,-0.08399145,0.044762176,-0.063912764,0.0744299,0.005535048,-0.08653316,-0.0140204625,0.080624014,-0.048983954,0.004470156,0.059750605,0.04078513,0.057598956,-0.037127607,0.018954528,-0.061505895,-0.009642961,-0.08127038,-0.008883936,-0.086853765,0.08996283,0.00042432157,0.085347734,-0.047174044,-0.019464973,-0.05861049,0.013636545,-0.010745369,0.055029254,0.07077921,0.015556575,-0.061041024,-0.06643047,-0.039287746,-0.07494161,-0.07481878,0.0086393105,-0.0054880367,0.00045867942,-0.074178636,-0.033951823,0.0015692981,0.061679948,0.06630325,0.049680367,-0.08262041,0.060223524,-0.0076299193,0.0862549,0.030590756,-0.027840808,-0.076680064,-0.065114655,-0.062154144,-0.08915657,-0.080991976,0.013146415,-0.062122773,0.06713827,-0.0643449,-0.07035998,0.077181906
0.0609897,-0.0029604493,0.05548073,-0.089581594,0.05364644,-0.054657787,-0.04205711,-0.06766924,-0.00059607683,-0.012340035,0.045901466,-0.04263684,0.081648864,0.039062515,0.0042928397,0.010398383,0.04242232,-0.016491577,-0.01910938,-0.060674883,0.019296689,-0.056689534,-0.041805584,-0.059806127,0.0371744,-0.025059324,-0.012515173,-0.07615051,-0.084757686,-0.006328925,-0.057299417,-0.058173805,0.054759208,0.060914055,-0.0067005074,0.017729653,0.06714328,-0.04572157,-0.04776609,0.00859865,-0.07335513,0.060478963,-0.00819046,-0.006859035,-0.04011036,0.011072134,-0.017284758,-0.09438032,0.040239632,-0.033726342,0.015435702,-0.01255098,-0.029153584,0.011250193,0.07169563,0.032561153,-0.033412416,0.0271223,0.021434661,-0.059674777,0.012719721,-0.009810565,0.007274419,-0.015146933
-0.088503785,-0.004914141,-0.007606135,-0.007885662,0.076526,0.00065112364,0.03144575,0.07121591,0.014503353,0.055434518,0.057251953,0.008224252,0.020557396,-0.057758246,0.023641465,0.014266692,-0.0130745405,-0.06768493,0.0020093485,-0.0013922742,0.0557098,0.034449264,-0.09049491,0.006755874,0.081428625,-0.08845736,0.06277323,0.03092378,0.049266726,0.08670096,0.013534583,0.009252602,0.046425395,0.06733219,0.044438306,0.012702711,-0.0672979,0.07962824,-0.04439938,0.005736427,0.019508291,0.06558347,-0.0457858,-0.012758223,0.0150788035,-0.016465869,-0.057771947,-0.0013966921,0.03422276,-0.06508769,0.08423121,0.06403877,0.008440184,-0.016173726,-0.026975067,-0.04531907,-0.015036618,0.009508039,0.045298327,-0.018154602,-0.03256707,-0.051241837,-0.020150159,-0.009829472
0.08978549,-0.08138984,0.00160244,-0.05949568,-0.08535624,0.04657437,0.08125892,0.032166265,0.02006467,-0.06911364,-0.04654684,-0.09577186,-0.07184742,0.040346187,-0.04231119,0.08313616,0.02196617,-0.062272277,0.08127232,-0.009622466,-0.01386831,-0.0015084973,-0.040282335,0.0071767825,0.08233217,-0.05215244,-0.08424997,0.014059011,0.073924474,-0.077776596,-0.019063387,-0.034460265,-0.0050438987,0.04492344,-0.07073137,-0.050955884,-0.008566894,-0.025739575,0.071694165,-0.07365331,-0.013294298,-0.066786125,-0.040265176,-0.044141702,-0.023678368,-0.078197785,0.08781727,0.08141998,0.057211883,0.0778288,-0.08489603,0.096456185,-0.00068345485,0.0865183,-0.06231301,0.010482613,-0.040349845,-0.021966228,-0.0030479182,0.019395314,-0.07246592,-0.00093415496,0.019287027,-0.030821504
-0.04894705,-0.041784853,0.03598662,-0.08509618,-0.010999071,-0.06579397,0.073289745,0.0074161715,-0.029033437,-0.08624802,0.052327506,-0.0068079187,0.060111996,0.0515512,0.0005128449,0.021834422,0.054947734,0.07205665,0.017018253,-0.013314819,0.07019828,0.07279957,0.05890613,0.05109324,-0.0035939293,-0.05744373,0.017519131,0.0006809082,0.059566814,-0.0661773,-0.08901384,0.019821865,-0.02125526,0.0605481,0.053887486,-0.043847326,-0.009189099,0.014668476,0.054425273,0.058238685,0.01164406,-0.083942235,0.081242904,-0.06570574,0.0643865,0.049294457,0.07571247,-0.018145462,0.03512386,0.09052949,-0.030722886,0.040504813,0.008822997,-0.05351547,0.0035624725,0.010536558,0.07856909,-0.047162995,-0.06285955,-0.0768053,0.07471283,0.006851417,-0.00088870456,0.01654884
-0.059037298,0.028688267,0.020682676,0.059695143,-0.052012146,0.098532826,-0.050939135,-0.097421825,-0.036029086,0.005409461,-0.021970827,-0.06607843,0.04948981,-0.00014143698,0.0063091596,0.08210693,0.018222008,0.045631733,-0.0714946,-0.08121452,0.08220124,-0.06586924,0.016680457,-0.06687969,0.074452415,-0.04221731,0.0445505,0.075492136,0.009477112,-0.06073389,0.07798591,0.08833556,0.01918223,0.06780368,-0.017060332,0.073970884,0.023340754,0.075610295,-0.08693062,0.00066151866,0.03960155,0.048379436,-0.079476915,0.011278758,-0.081432715,0.04041832,-0.060054958,0.03117985,0.048184197,0.011227038,0.086242005,-0.025345126,-0.0071831276,0.012072867,0.09230194,0.060641315,0.0036885103,0.077687815,0.07107229,0.06763214,-0.0101959165,-0.0043738256,0.0453833,0.09187882
-0.012624052,0.0076068062,-0.003361145,-0.055477366,-0.04727865,0.051160723,-0.057081394,-0.010365978,0.08224682,0.051175192,-0.06550236,0.07511491,-0.08401114,-0.051650867,-0.082381316,0.0231548,0.019365128,-0.05714376,0.011944759,-0.003686381,0.052973073,0.055662937,-0.012566757,-0.078231506,-0.027399441,-0.028913926,-0.026637105,-0.02277389,-0.046623077,-0.07121769,0.036728144,0.03493503,0.050043944,-0.045159165,0.0522141,-0.087832995,0.06234545,0.06748345,0.07324747,-0.05199827,-0.050757654,-0.0034150754,-0.047357924,-0.05724482,0.027245065,0.048350345,0.059560638,0.011492415,-0.0027505893,-0.013908398,0.05846129,-0.05948539,0.050187584,0.07161748,-0.008469002,0.081406936,0.013297126,-0.04210592,-0.028673356,-0.06795723,-0.05655119,0.0018129953,-0.04581225,0.052204724
0.026819509,0.00905575,0.07516506,0.058463056,0.058335327,0.0673196,0.050671283,-0.023128325,-0.08665085,0.014604189,-0.014980984,0.015269059,0.066622384,-0.0303273,-0.06738029,0.039508153,0.056704924,-0.03843704,-0.09425896,-0.078277946,0.030692022,-0.022018133,0.08138122,0.0435525,0.022382122,0.06918681,-0.03718837,-0.080210626,0.033723533,-0.016470248,0.096460514,-0.069871746,-0.039486405,0.012058968,0.078825735,0.0041879774,-0.05545632,0.05591911,-0.025721164,-0.051792473,0.061485805,0.022090636,0.083340146,-0.017769037,-0.0038746211,0.076453075,0.08156696,-0.09468822,-0.04161676,0.08243673,0.08548418,-0.056390315,0.08950363,-0.08924264,-0.069380075,-0.059578247,0.0032668838,-0.031489667,0.014237007,0.0107076205,-0.0091828415,-0.06920951,0.0087441765,-0.02576133
-0.018168734,0.08613213,-0.07053408,0.058187865,0.05266769,0.019496473,0.04808921,0.03898914,0.046118133,-0.024573883,-0.019044561,0.075472936,0.004719152,-0.085628666,0.031752206,-0.08780863,-0.022717353,-0.04411324,0.019758655,-0.024219867,0.035961986,-0.06296233,0.042569175,-0.083702266,-0.02742669,0.08486621,0.05514402,0.08767884,0.014645181,0.07228055,0.06439757,-0.08241518,0.0038984707,0.026565958,0.050211795,-0.05118874,0.051964257,-0.06488442,0.03984407,-0.056984678,0.07030135,-0.048099894,-0.020895904,-0.07956415,0.00835085,-0.03990792,0.08809637,-0.09319961,-0.0196787,-0.017034952,-0.093322955,0.00019825151,-0.055221178,-0.005977392,-0.00033719445,0.09672578,-0.007649261,0.008400587,0.021420486,0.07872148,-0.027659912,0.014928721,0.08413546,-0.020802831
-0.047903437,-0.0053396495,0.026403908,-0.044972453,-0.06563581,-0.026645493,-0.040190607,-0.026164275,0.014155725,-0.00787703,0.002264401,-0.011727138,0.024931643,-0.01618089,0.078868,-0.043727856,0.03513925,0.038482238,0.061551593,0.0050957887,-0.037059575,-0.016977338,-0.030226242,0.018238857,0.0213035,-0.028470868,-0.040120218,0.06545369,-0.021312118,0.086464256,0.010671479,-0.022506122,-0.010385381,0.00047621835,-0.0061801295,-0.048747886,-0.0012264244,0.03949402,-0.046201337,0.035781544,-0.0200836,-0.011284687,0.0012475688,-0.085124515,-0.0125039285,0.07617109,-0.01914014,-0.034798674,0.01991344,-0.06767295,-0.014689223,-0.014834651,0.031376425,-0.070431456,-0.010089945,0.012577425,-0.089887984,-0.071470864,0.046517164,-0.072612375,0.06298607,-0.0077166567,0.054238614,0.04505706
-0.05536946,-0.00028875744,-0.08745364,-0.049063195,0.09508507,0.0755514,-0.04967702,0.03391756,0.08631236,0.06158913,0.0523607,-0.09656471,-0.035730943,0.010814709,-0.07551444,-0.092270315,-0.088666886,-0.024266224,-0.012843145,-0.03967677,0.018816303,-0.066034116,0.08615496,-0.06760892,-0.0085517485,0.074212104,0.0028792599,-0.059285328,-0.071738705,-0.03683742,-0.01712746,-0.033696212,0.0028534725,0.009411355,-0.08069814,-0.09018992,-0.08167599,-0.04985013,-0.06587804,0.008481434,-0.006484045,-0.007781298,-0.042731386,-0.06859781,0.003930099,0.003521914,-0.09037209,-0.0011860308,-0.010213665,0.06779842,0.009367482,0.09795087,-0.01979908,0.04087252,-0.009530262,-0.0355813,0.0020437601,0.08893949,0.039308116,-0.017201046,-0.008125584,0.007345326,0.06388065,-0.07368008
0.081127204,-0.063434884,-0.070156716,-0.069952495,-0.0027435008,-0.027511127,0.08192191,-0.06317484,0.002086741,0.058665276,0.06221617,0.06632938,0.051723745,0.09165783,0.041128274,0.052528843,0.005507315,-0.07033569,0.0058734184,0.014376116,0.030736461,-0.044639684,0.07336568,0.027290065,0.015717408,-0.023974407,-0.056184996,-0.06370705,-0.014769326,0.05718929,-0.014746127,0.0539542,0.076822855,-0.07534367,0.011168881,0.07369618,-0.010517424,0.039582178,0.016692875,0.012673902,0.0077470085,0.092543565,-0.018040178,-0.04951168,0.02929063,0.004851756,-0.019933403,0.050392646,0.005228652,0.06382294,0.0062528644,0.08785845,0.051518083,-0.08889024,0.07343294,0.08858995,0.04058423,0.0845767,-0.083010755,-0.058035936,-0.048783064,0.005087152,0.08182998,-0.040893346
-0.088808075,0.02255414,-0.08695155,0.0803253,-0.05192484,-0.08046797,0.061451107,-0.049872015,0.00453502,0.070095114,0.07492572,0.08733029,0.04805477,-0.06592904,-0.0039344607,0.06393155,-0.012522448,-0.08316511,0.053079415,-0.0052501718,-0.09494571,0.038486756,-0.06552272,0.033785198,-0.04928882,0.0068787937,0.020915935,0.04087576,0.016297584,-0.058471955,-0.06806653,0.005535698,-0.03178207,0.06832834,0.027405541,0.012861998,0.038550373,-0.08774514,0.055061582,0.027509857,-0.09127769,-0.10115473,-0.006266956,0.077378795,-0.042157155,-0.077199474,-0.08176556,0.067222476,0.05232761,-0.036670223,0.06967009,-0.004670059,0.039276708,-0.0075806435,0.052678067,-0.051520873,0.08126958,0.058081567,-0.015282462,0.0837779,-0.0025474613,0.04634317,-0.07032705,0.0279108
-0.03433538,0.020450797,0.054357085,-0.058524482,-0.0033205284,0.038991123,-0.022988385,0.013584292,0.05469116,0.08845791,0.06176498,-0.054680053,0.0830916,-0.048523102,-0.011186105,0.07291815,-0.06598942,-0.011266868,0.05982252,0.002218566,-0.041178454,0.017310303,0.058029946,-0.08188988,0.08873906,0.07487733,0.07703131,-0.00569637,-0.008981185,-0.008345014,-0.08221323,-0.025455417,-0.08604698,0.0022786395,0.0072207917,0.039540067,-0.0069065588,-0.05636468,0.056632195,-0.029647816,0.08968795,0.082540624,0.009317301,-0.0012135701,0.026307302,-0.042402666,-0.09219624,-0.002385158,-0.031349067,0.065622054,-0.020961639,-0.043887757,-0.00744317,-0.03269795,-0.010294777,-0.049060833,-0.070178196,0.0007270647,-0.011465234,0.010930165,0.029905872,0.007641435,-0.061756853,0.008291563
0.010536619,-0.050348576,-0.080591485,-0.03559359,-0.074983165,-0.077164546,-0.054604024,-0.016834162,-0.076122046,0.07850649,-0.0641209,0.06955027,-0.009962751,-0.0538868,-0.034168564,0.006582388,-0.056679174,-0.02779854,-0.06517811,-0.0034824368,0.065394275,0.022772968,-0.07356746,-0.0072911866,0.07592329,0.05552822,-0.09025578,0.068663076,-0.012691933,-0.08114561,0.05259678,0.034396186,0.016580306,0.004824155,-0.021312524,0.049499,-0.016553272,0.01282379,-0.052969825,0.07571054,0.08035876,-0.08905957,-0.05421529,0.009163942,-0.093414,-0.077086344,0.084738195,-4.6312794e-05,-0.08624759,0.07844593,0.09479786,-0.014407998,0.08529728,0.0013938828,0.04907371,0.008917628,-0.086230665,0.09098426,-0.04534899,-0.0044614137,0.033652823,0.024793971,-0.07101706,-0.09652362
0.07439816,0.021876454,-0.017753808,-0.061828565,0.0024369573,-0.04919643,0.017407354,-0.038411062,0.07467492,-0.04898402,0.06384619,0.029208235,0.06902804,0.006727661,-0.02459963,-0.05487783,-0.043040507,0.05374794,0.045522597,0.0022488618,-0.05775459,-0.00022824833,-0.0207386,-0.0040795524,0.012817202,-0.06634612,-0.052717656,-0.021137025,-0.044897486,-0.036259074,-0.08330775,-0.07146478,0.008585983,-0.06275704,0.036115464,0.026776472,0.05116671,-0.07563404,-0.0052891844,0.003921302,0.07140412,-0.06292968,0.084040344,0.056864973,-0.004457457,-0.06599353,0.033689592,-0.061863687,-0.053912837,0.048519928,-0.081772864,-0.0627832,0.033409335,0.08172618,0.010546137,0.016540585,0.040766913,0.07949223,0.035513688,-0.06093996,-0.0790837,-0.031474926,0.069068514,0.025263513
0.06820514,-0.019715931,-0.056520913,-0.078692764,-0.08708447,-0.010152551,-0.06939563,0.058773696,0.08329182,0.053422328,-0.0034246126,-0.08084191,-0.012697248,-0.080561325,0.0882574,0.04321076,-0.05460545,0.05899978,0.048643917,-0.077893764,-0.019020548,0.0008502893,-0.050739255,-0.09410371,-0.057500664,-0.008341425,0.049991593,0.039162807,-0.017720554,-0.06368667,0.04228272,-0.04840199,-0.07804036,0.08753692,0.0091551095,0.08747775,0.040524583,0.035904277,-0.02105211,0.00180425,-0.01512301,-0.029830435,0.05483101,0.051226422,-0.060105253,0.08151333,-0.07705208,-0.004105894,0.059601236,0.056181934,0.053287942,0.017497702,-0.04019593,-0.0071009556,-0.0041823103,-0.061281577,-0.047153737,-0.062294777,-0.057193074,0.046414092,-0.048971497,-0.021634674,-0.0212571,0.012036728
-0.060118746,-0.085065246,0.06537343,0.010411494,-0.026933061,0.010994157,-0.061298147,-0.022989754,0.09597026,-0.07211989,0.08009744,-0.053633407,-0.054985564,0.086292505,0.050492447,0.0028223714,0.07790367,-0.004596579,-0.07674406,-0.07760781,-0.07099966,-0.06529413,-0.01829722,0.038570616,-0.08865823,0.008701779,-0.06905479,0.061997913,-0.07210508,-0.008041922,0.02843612,0.018469015,0.08155887,-0.016581735,0.028960893,-0.07842056,0.054467805,-0.02447993,-0.004747001,0.034481835,0.05735908,0.048652276,-0.087534696,-0.05586888,0.004799376,-0.050667148,0.04703241,0.040493082,-0.07848829,0.081966236,-0.08081757,-0.063841105,-0.02390983,-0.07461999,-0.027607646,0.015295422,0.07868389,0.043488584,0.0004913679,-0.05442313,-0.06067697,0.085884266,-0.0744504,-0.021631958
-0.04890365,-0.0901511,0.049330663,-0.05771898,-0.045223426,0.004418897,-0.09892067,0.016603617,0.0151751805,0.0094994595,-0.03122314,0.06637854,0.0076358547,-0.029515043,0.021682065,-0.08651622,0.039684437,0.069599345,0.07996195,0.075024135,0.08657857,-0.013688502,0.07459342,0.08862426,0.008219603,0.045831557,-0.04664719,-0.06474967,-0.064788364,-0.044012204,0.049084388,-0.012804158,-0.008990277,-0.048772745,0.064124815,-0.07299389,0.008343457,-0.012235592,-0.0778338,0.02625323,0.015887203,-0.024325037,0.067345336,0.004785469,-0.08173691,0.08126112,-0.0063057584,-0.05548613,-0.04753113,0.028291201,-0.033584137,-0.083635546,-0.075949825,-0.081586994,0.046567347,0.02515664,-0.056592494,0.047763605,0.08853923,0.011917675,0.006650303,0.053909432,-0.04390679,0.06449217
-0.08943594,-0.046632115,0.06687589,0.01666146,-0.0334298,-0.035307847,0.01267257,-0.0005526665,0.092088684,0.06687461,0.0004991383,0.014093305,0.058558803,0.0033982068,-0.0060361666,-0.038939986,0.0022015444,-0.019202985,-0.040306736,0.027325807,-0.05334374,-0.022171693,-0.030994391,-0.044590622,-0.080301836,-0.008319927,0.06798736,0.010170503,-0.07748933,-0.018115083,0.03663785,0.03559652,-0.04963508,0.039986845,0.04257745,-0.010989087,0.0037179792,-0.06054871,-0.067011714,0.0016682827,-0.070126094,-0.04305306,0.007326199,-0.052024823,-0.04806871,-0.014610565,-0.0108597735,0.080064386,-0.017286189,0.0305949,0.042365834,-0.045665685,0.050533883,0.077502966,-0.08011062,-0.07885145,0.0014258265,-0.063322686,-0.04400385,0.030722028,-0.00065859535,-0.025153754,0.072189175,0.04687276
0.0082993405,0.07009702,0.011946155,0.07097537,-0.08647821,-0.06491645,0.07614146,0.07990469,-0.06299644,-0.0059807547,-0.019924087,-0.064555384,0.03588619,0.07698135,0.07531361,-0.05381488,0.073592685,-0.08315724,0.044230994,-0.0566425,-0.016945887,-0.07659841,0.057873096,-0.04353199,0.054975156,0.007266824,-0.046125952,0.0739829,-0.0496156,0.0949671,0.06233076,0.03478369,-0.002737352,0.04699312,0.09471403,-0.030207198,-0.0027268624,0.02364073,0.07417204,-0.07061906,-0.009000623,-0.04149497,0.06462991,0.07699315,0.004263893,-0.076021805,0.009624736,-0.027965803,-0.09030556,0.07665912,0.0064788964,0.07226173,0.03073685,-0.082965836,-0.075775534,-0.045480415,0.028382028,-0.07639319,-0.0075743515,0.015830692,-0.07892174,0.06578083,-0.08374049,0.07640296
0.01739226,-0.04793696,-0.007247573,-0.039902017,0.07504633,-0.05039313,0.009850927,-0.072267435,0.017946733,-0.07103567,0.062322922,-0.047908563,-0.0702823,-0.018349346,0.0022614312,-0.0029632654,0.03037861,0.027209677,-0.01535009,0.055827472,-0.014867194,0.022055985,-0.007852012,-0.0033780173,-0.0035924453,-0.07487768,0.019065026,0.0011975135,0.042826597,-0.071997434,-0.070239305,-0.041622996,-0.028294262,-0.07122759,-0.0058709257,0.000299203,0.017329339,-0.004783803,-0.07992119,0.049616367,-0.019533103,-0.009711213,0.0057163,-0.051459037,-0.0015751545,0.08347461,-0.067070454,-0.09957666,0.019145856,-0.0430799,-0.002641365,0.06337583,0.00085582293,0.047512252,-0.031099945,0.026695428,0.054295376,-0.017025039,0.07960866,0.06809172,0.022679666,0.07188123,0.063847415,0.04884068
0.015675763,0.011091409,-0.070460446,0.032031957,-0.032414123,0.018797899,-0.0623903,-0.021134187,0.0708934,0.07591431,0.0076602544,0.07695247,0.060804535,-0.023464937,-0.05505903,-0.04184677,0.022331957,-0.004613866,0.053778466,0.054993734,-0.013995136,0.027317673,-0.08362805,-0.023753261,0.009060068,-0.0040114676,0.0025042063,-0.072397396,-0.0027082483,0.006181041,-0.09416367,-0.0784949,-0.07656565,0.047548052,0.05048128,-0.03238184,0.05349855,0.04407022,0.03730877,-0.034615353,0.01456053,0.09171848,0.010006305,-0.008517974,0.04281001,-0.0038103727,-0.05714966,-0.0025838253,0.0430296,0.058838405,0.071429506,-0.010046771,-0.019773887,-0.056556806,-0.06457602,-0.082019426,-0.04320949,0.010440067,5.665658e-05,-0.07552417,-0.030855704,-0.039249744,-0.0015125568,-0.042169776
0.076351866,0.06711363,0.052698698,0.030031908,-0.056545164,-0.009246778,-0.055875715,0.004865434,-0.006760601,0.08323849,0.062441565,-0.06267953,-0.08710623,0.04497354,0.08369337,0.061010957,-0.038362492,-0.0017788653,0.0820432,-0.061376944,0.08403035,-0.059048492,-0.08881639,-0.020956052,-0.06208469,0.015049052,-0.0067376257,-0.04899922,-0.04142708,-0.07896022,0.031141004,0.010994533,-0.03494663,0.07029349,-0.012106389,-0.05719818,-0.08343999,0.045259953,0.0002908166,-0.032576967,0.012547879,0.010048247,-0.0121606905,-0.05512844,-0.08341385,-0.0067439904,0.029759701,-0.058495533,0.082586505,0.07178118,-0.0039701024,-0.013240508,0.06484751,-0.0013567944,-0.020095514,0.088028304,0.06025826,0.060864754,-0.0411707,0.058524363,-0.008949922,-0.016516,-0.07156672,-0.044773806
-0.080474176,-0.029487867,0.018674815,-0.07906899,0.058379162,-0.020656459,0.05575051,0.08530894,-0.034405377,-0.0044286656,-0.009565531,0.07831645,-0.010996197,-0.05265106,-0.014830537,0.0716286,-0.021672217,0.054236595,0.03361543,-0.0152784055,0.08129561,0.061615746,0.0137037225,0.012652764,0.035273936,-0.08473582,-0.02964664,-0.08455454,-0.082166,-0.031537898,-0.08032697,-0.006501114,-0.038466312,0.08364729,0.032616436,0.09503343,0.075940914,0.06330104,-0.059726793,0.050546173,0.013562619,0.08686471,-0.036450267,-0.08028135,-0.0032938418,0.035656508,-0.08459335,0.070412785,0.06712805,-0.06479919,-0.07043,0.067436405,0.015689302,0.063771166,-0.08323385,0.05017046,-0.08348788,0.07391093,0.032046396,0.07032714,-0.06696863,0.059543874,-0.0155836055,-0.02246058
0.012079924,0.04066474,0.0626234,0.06730897,-0.004295468,0.080514155,0.02193521,0.056238156,-0.01635444,-0.07573045,0.029040202,-0.06834621,0.08194975,0.05010423,-0.008093859,-0.09454888,0.003458982,-0.04351392,-0.08324379,0.05978403,0.07311462,-0.029226797,-0.01323018,0.0382571,0.0059557618,-0.01109627,0.060234003,-0.057776943,0.014453253,-0.09078968,0.0055047986,-0.07296019,-0.07589951,0.050572354,0.057765856,0.038807835,0.062980555,0.06469271,-0.005819999,0.06576605,0.061965287,-0.044876482,-0.024238361,-0.08275103,0.060563408,-0.008696405,-0.009581523,0.00076467835,-0.011590667,0.09255057,-0.06536365,-0.02113793,-0.08424406,-0.047018986,-0.014537695,-0.056979045,-0.06949872,-0.07894304,0.07570644,0.06369955,-0.013068805,-0.045663636,0.055965547,-0.035487078
0.016435985,0.07471321,0.08373592,0.080997884,0.06329611,0.04458172,-0.03947187,0.046797108,-0.038912,0.088051505,-0.054782353,0.012952877,0.02809396,0.0009118187,-0.06973963,-0.05472739,-0.002227154,-0.047627468,-0.042076178,-0.077155046,-0.004220725,0.083013386,0.057063624,0.06392283,-0.06595748,-0.082692,0.053426087,-0.004247516,0.090151414,-0.044627257,0.043905698,0.019835146,0.05868842,-0.051410582,-0.04453599,-0.025989706,-0.009757763,-0.06363118,-0.043291032,0.087873586,-0.031869117,-0.00069805805,0.01937179,0.0035529763,0.07992493,0.054055188,-0.028775128,-0.05936537,-0.05462908,-0.034139585,0.012963655,0.030694313,-0.064176805,-0.08294645,0.052751575,0.01788565,-0.0012013448,0.08035943,0.016553214,0.04818085,-0.004710099,-0.070971556,0.045280673,-0.037146345
0.023185434,-0.027196702,0.045234874,0.020269837,0.062369727,0.0030310343,0.011702287,-0.049390815,-0.05419519,-0.07557579,-0.057184543,0.04140036,-0.008680585,0.006353562,-0.00279448,-0.011570194,0.010509729,0.046437986,-0.0044543548,0.01475003,-0.05852214,-0.07808651,-0.0012465505,0.0039422642,0.07126576,0.09280001,-0.019014178,0.0017074696,0.06598275,-0.08963411,0.039503474,0.081228904,0.008170571,0.013998282,-0.038751904,0.071631275,0.026204495,0.038972154,0.0010141091,-0.012235449,-0.07643518,0.03757411,0.08091461,-0.00032117218,0.010539576,-0.067174956,0.06013473,-0.0019155374,0.022598328,0.019208223,0.044945613,0.057169303,0.05912829,0.017842999,-0.09192974,0.047061622,-0.055280253,-0.046590693,-0.04026644,0.0609274,-0.090549424,-0.009189563,-0.0601951,0.021351429
-0.06508757,-0.07405222,-0.03902132,0.006610949,-0.044483487,0.06144925,0.08049402,0.03087928,-0.0696481,-0.015966993,0.006369182,0.07709973,-0.07443884,-0.043569718,0.016922472,0.06051771,-0.0121918805,0.08022571,0.048770227,0.085208856,-0.008847358,-0.07206065,-0.047876805,-0.06421062,-0.045747492,0.059564438,-0.057714023,0.07770805,0.027937658,-0.023198454,-0.02710966,-0.054520197,0.0050107613,-0.04833696,-0.09073128,0.03924762,-0.023936413,-0.022607634,-0.0147099765,-0.015134834,-0.04882231,0.017754048,0.059703503,-0.017580915,0.012349441,0.011672815,-0.083436735,0.0017647212,-0.04045898,0.014731218,0.062135626,-0.015550079,-0.06848524,0.052054584,0.027697051,0.009235746,-0.01509355,0.08449469,-0.08617927,-0.016496882,-0.0026172516,-0.07108625,-0.0033184572,0.08022098
-0.082129,0.015890503,-0.0810869,-0.044687543,0.06535801,-0.070970334,0.05523045,-0.03865128,0.022296164,-0.04276307,-0.07971028,-0.068665154,0.0034743815,0.03691483,-0.048579805,0.074529044,-0.009974403,-0.037222583,0.07910127,0.06427951,-0.0044482825,-0.02374336,-0.08407375,0.03667026,-0.013110663,-0.0752467,-0.04431579,-0.016622262,0.029379014,0.04202166,-0.0107942615,0.08000515,0.008663156,0.086885296,-0.061796736,0.035763424,0.0809406,0.018236654,-0.09043136,-0.0056332834,0.028599493,-0.025924891,0.044446755,-0.06720594,0.015499406,-0.07699987,0.07825942,0.0011324803,0.012920544,-0.010279649,0.06939021,-0.085217014,0.043745495,0.07603078,0.03889565,0.010635761,0.005649437,-0.009397444,0.05129008,-0.10080085,0.04249162,0.0016917952,-0.06021906,-0.01851082
0.044426315,0.019596865,-0.042569306,0.031015476,0.041164316,0.00641812,0.02378635,-0.093035884,-0.006973378,-0.054996043,-0.062198546,-0.061008118,-0.0042249616,0.0005760885,0.012186689,-0.014368507,0.07693611,-0.018332964,0.005169558,0.053037703,0.024437873,-0.0005076015,0.08366988,0.07001476,-0.017038794,-0.068862595,-0.018510543,-0.06551067,0.07296786,-0.008913519,-0.06635318,-0.031885356,-0.045430727,-0.020912139,-0.020131337,-0.07640283,0.084238224,-0.058691498,0.088796765,0.09079787,-0.04905623,0.06978684,0.015961235,-0.021837872,0.0032229738,0.004649747,-0.067690894,0.0514201,0.045714874,0.08527943,-0.068517745,-0.054259818,0.032309532,-0.06164271,-0.079151556,0.02736103,-0.08393595,-0.007553716,-0.05916822,-0.0040889285,-0.08971334,0.012535807,0.016983641,-0.09607214
-0.00035940882,-0.018946944,-0.021330524,0.0103194555,-0.07007942,0.0057122475,0.0074428655,-0.007304685,-0.018683055,0.040367212,-0.054867186,0.010732394,-0.001366412,-0.062821895,-0.05484957,-0.009765253,-0.035433415,0.06446431,-0.028550025,-0.041540038,0.00013239027,0.0558338,-0.004045069,0.006501707,0.0018443783,-0.0058181267,0.00036945246,0.02401525,0.031553783,-0.020473935,0.0107954,0.0727922,-0.0127996905,0.0160186,-0.0014951947,-0.061109144,-0.0016703191,0.06203121,-0.06994776,0.06362638,0.022036122,-0.022635644,-0.055573374,-0.07728736,0.010957512,0.033906005,-0.07530299,0.0011642729,-0.02735989,-0.067974016,-0.021279005,-0.07370394,-0.048358753,0.0016210311,0.021332275,-0.022372454,0.06055936,-0.011973032,-0.0051492187,-0.021463374,-0.07015243,-0.010092749,-0.04475723,0.06952017
0.05703638,0.062140718,-0.0880143,-0.039773062,-0.045466807,0.06538799,0.026627705,-0.05657835,0.01019541,-0.07159605,0.040901665,0.07241377,0.044492207,0.061644305,0.017704416,-0.080541745,-0.057618205,-0.032016862,0.012039469,0.07281833,-0.0840868,0.025645051,0.05470988,-0.027346993,0.022986135,-0.06781219,-0.02246377,0.08283439,0.0064638136,0.0022576146,0.077020854,-0.009832269,-0.07040914,0.03285508,-0.086301036,0.010898728,0.052784022,-0.04499304,0.005592348,0.0065425187,-0.015150775,-0.05028766,-0.075410075,0.06341667,-0.036329735,0.053099237,-0.07228885,0.08750032,0.07603297,0.001048187,-0.02975807,-0.028315851,-0.069378294,0.06444515,0.082837835,-0.013283223,0.0056353365,-0.054690775,0.017858349,-0.034683637,0.060818776,0.058878265,-0.07386593,0.08000537
0.034837417,-0.06558898,-0.035707496,0.024427516,0.037285104,0.069725215,0.0164227,0.07444008,0.058405306,-0.010036183,0.054748245,0.07376093,-0.027153194,-0.010118561,0.009351394,0.05258315,-0.01692632,0.05468247,-0.032678183,0.0009413978,0.06280019,0.016166653,-0.08206232,-0.06964024,0.06712379,-0.032790616,-0.051445417,-0.08546813,-0.01784513,-0.0044293217,0.07085294,-0.07367507,0.08396206,-0.06372702,-0.01573411,0.016211018,-0.06851548,0.009503421,0.0012715821,0.005929354,0.016415538,0.06003047,-0.088414855,-0.0074964445,0.06977135,-0.041685306,-0.05107024,0.087410636,-0.080263875,0.029540928,-0.068709984,-0.03861123,0.029371113,0.004317869,0.050698716,-0.07815646,0.053507913,0.017348766,-0.05127336,0.06585447,0.07947766,0.03788214,-0.06738452,-0.08708975
-0.088226624,0.0072366437,0.04559534,0.004335761,0.016889183,-0.07213857,-0.06764142,0.008553024,0.03933514,0.028117778,0.08353343,-0.082156844,-0.056709524,0.0007829433,-0.045903817,-0.007480976,0.010363443,0.009486877,0.088229276,-0.0029187864,0.07386071,0.0038217816,0.08414128,0.07470008,-0.06165853,-0.07345849,0.0056616333,-0.014171468,0.0055202087,0.06380131,-0.0113198105,-0.014103407,0.07104897,-0.08703969,0.064756915,-0.025536444,0.014471171,0.0029304319,0.08822752,0.08242818,-0.06392372,-0.062438667,-0.07029502,-0.07395148,0.07837737,0.0057013743,0.076884456,-0.080903426,0.054676753,0.028225278,0.026672607,-0.0054920297,0.015277508,0.08706183,0.04318215,0.086574465,-0.046545994,-0.017691048,0.02412142,-0.016205141,-0.0127583165,-0.05650068,-0.0047710077,0.034956258
0.045313112,0.08469534,-0.08841715,0.02301071,0.04665361,0.00042241873,0.06583784,-0.008561536,0.049649503,-0.054547317,-0.00044652913,0.07509257,-0.0068857293,-0.08930954,-0.0071158865,0.014107317,-0.043471515,-0.01046278,0.06968095,-0.009546006,-0.0846403,-0.08018742,-0.068277985,-0.0085515445,0.06976314,0.059302073,-0.07311168,-0.01418741,0.060572937,0.06631082,0.05170214,0.0790947,-0.08458391,-0.080715895,-0.016252033,-0.0021155544,0.030776517,-0.013728827,0.088247925,0.055151496,-0.039084073,0.061312634,-0.043669544,-0.027317798,0.076691665,-0.008294215,-0.08547025,-0.054676715,-0.083494544,0.048498787,-0.006644867,-0.07667914,0.048619118,-0.015635544,-0.05002284,0.08237056,0.08395137,0.011335015,0.031977385,-0.05912908,0.03007139,0.040868755,0.078657255,0.058660474
-0.065868616,-0.06614131,0.0033184083,0.04751414,-0.008295655,-0.07471054,-0.01201954,-0.062266324,0.08535493,0.015732614,-0.024357172,0.006270275,0.044376574,0.022582095,-0.055285282,-0.048048012,0.08200268,0.011771516,0.08276925,-0.029343588,-0.017560486,-0.022135971,0.021930056,0.089915715,-8.469916e-05,0.029312719,-0.04614627,-0.03684835,-0.070486926,0.08404597,-0.011910213,-0.012306544,-0.0762726,0.083540514,-0.07510874,-0.054547478,-0.0144118555,-0.030549193,-0.04569842,-0.06747785,-0.060380537,-0.05765091,-0.032943428,-0.050502997,0.020231925,0.027181115,-0.013843193,0.013252719,0.014312004,0.042404443,-0.055607527,0.031022362,-0.08534142,0.004948566,0.04460851,0.00073258026,-0.062164187,0.002844329,0.09386132,-0.08781736,-0.08735732,0.06292749,-0.06695762,-0.0043350183
0.072022825,-0.0155760115,0.062272158,0.046860565,0.0028193435,0.08643703,0.009412549,-0.0015221003,-0.07571453,-0.070464365,-0.06516637,0.05194619,-0.054469604,0.010296926,-0.069738254,-0.028653633,0.04634677,0.05586423,-0.08285963,0.08011519,-0.009762299,-0.072919555,-0.042523857,0.016101599,0.06932483,-0.058086574,-0.050473962,-0.0035109185,0.08670261,0.032111753,-0.012514961,-0.07698849,-0.07070719,-0.056124978,0.07197353,0.004710566,0.0005712121,-0.0020111075,-0.033618357,0.055522997,0.020398553,0.08422186,-0.043047205,0.0013889505,0.02993561,0.083261706,0.0071676443,-0.042998537,0.038801588,0.066446215,-0.004591787,-0.056698956,0.041663878,0.0075016776,-0.05102277,-0.08144023,0.0049183196,0.017940002,0.005304531,-0.056133613,-0.08051979,-0.090781115,0.017346084,0.07289798
0.04121959,-0.03943606,0.05524186,-0.009959661,0.014699271,0.07417217,-0.009790807,0.07121547,-0.09219934,-0.07489799,0.0408437,-0.010991242,0.01929379,0.05040378,-0.019785041,0.024063725,-0.008813723,-0.059386622,0.061397757,-0.06043858,0.049866322,-0.058585867,0.06375782,-0.0031360774,-0.0599899,0.058106363,0.08803877,0.0139294015,-0.06092097,-0.050186113,-0.051562123,0.07075502,0.024071509,0.058091257,0.028272709,0.069603615,-0.0626813,0.010430545,0.076469444,0.083984256,0.016933814,0.075960256,0.056160953,0.00089732744,0.0803238,-0.0003432606,-0.051404722,-0.080219746,-0.07944889,0.002138245,-0.04944484,0.0010205157,0.06568072,-0.069213755,-0.030996317,-0.05963781,-0.0358194,0.053058866,-0.06617134,-0.003999114,0.006306841,0.08657363,-0.044903014,0.01478412
0.08191056,-0.013694039,0.061336175,0.011642831,0.041520815,-0.010886125,-0.030095704,-0.06116385,-0.06927312,-0.08911038,0.012577199,0.06870111,0.027683998,0.0345015,0.047792416,0.026626952,-0.055763416,0.005839984,0.016835941,-0.06522782,0.025680972,-0.06419272,-0.03610233,-0.08269419,0.06382755,0.045716386,0.074695736,0.05554912,0.06714166,0.03627012,-0.066208266,0.047892503,-0.017752307,-0.06827152,0.024692666,-0.028144889,0.039320346,-0.08837618,-0.0909637,-0.00068659865,0.053889114,0.013800676,-0.007710816,-0.062328253,0.070734166,-0.09222822,-0.092174985,0.041864395,-0.0687535,-0.06494927,-0.014669952,0.009708919,0.066832684,0.009768686,-0.06910836,0.016694114,0.0003928134,0.014663117,-0.08131715,-0.030276816,0.05332801,0.004152295,0.02712843,0.05009924
-0.069400236,-0.088225484,-0.051010087,0.08897077,-0.0312366,0.065259054,0.0585213,-0.040221915,0.06700979,0.0016369782,-0.042315107,0.059410334,-0.009619969,-0.060053706,0.072421804,-0.011069724,0.055096664,0.011539409,-0.0002982914,0.037548374,-0.09222694,-0.06624338,0.013120291,0.053139925,0.07641284,-0.068412706,0.0031264685,-0.0166707,-0.041506212,-0.027798548,0.06210566,0.04486612,0.09063738,-0.060890593,0.0028451919,0.04239553,0.088003926,-0.08101351,-0.022939403,0.0037278687,0.028694574,-0.035646334,0.016802005,-0.0662857,-0.08376884,-0.009976142,-0.04159589,-0.067559816,-0.011121182,0.05510685,0.046474345,0.07335176,0.017111085,0.005376898,-0.0032688952,0.08080339,-0.048274774,0.07557356,-0.06209016,0.051575176,-0.053878587,0.04177947,-0.07338659,-0.049455043
0.04438597,-0.013154073,0.056036334,0.07826208,-0.009498576,0.05278758,0.07917048,-0.056169834,0.006800023,0.03678284,-0.061486613,-0.045624793,0.014206635,-0.035312552,0.06970592,0.02935581,0.03254199,-0.07323851,-0.0017213218,-0.048252314,0.040519208,0.081888765,0.013291221,-0.074847005,-0.017023893,0.06735378,0.0036933727,0.087715074,0.025238728,-0.014643473,-0.080964744,-0.054952294,-0.052647993,0.019471401,0.07538281,0.028413175,-0.028049659,0.014355671,-0.034953747,0.03552869,-0.030480558,-0.068638675,0.027771393,-0.07675286,0.08408866,-0.077926606,-0.057211597,0.011102498,0.006514448,-0.08371074,-0.056417592,-0.010736253,0.0011652587,-0.018213768,0.05053579,0.020182079,0.07659968,0.06127199,-0.016539443,-0.020383047,0.0056841485,-0.06602642,0.03430459,0.08792938
-0.046663422,-0.06915702,0.042873744,0.05558475,-0.084088005,-0.053224444,0.038540993,0.0522831,0.042123083,0.051458523,-0.08673547,0.066963546,-0.08125482,-0.0799188,-0.08204717,0.085730694,-0.07822246,-0.06565154,0.048440788,0.00012168729,-0.01949214,0.0033016752,0.012612613,-0.00065909006,0.07475397,0.06842769,-0.046304,-0.08595074,0.030522285,0.03032088,-0.053233314,-0.045795143,0.080001414,-0.04331844,0.028347155,0.083857544,0.086892836,0.054315645,-0.07270984,-0.03454722,-0.05246907,0.038777947,0.0540765,-0.03737462,0.0839414,0.006231237,-0.0043045585,-0.07042268,-0.015382315,-0.05706452,0.029701993,-0.004239058,-0.015519046,0.0026765876,-0.012869002,-0.0044849864,0.07920966,0.06501988,0.086390294,-0.060647946,-0.0873315,-0.015983755,-0.058533866,-0.0067394786
-0.067550644,0.06615595,-0.062404886,0.012798814,0.0051042996,0.045352444,-0.056267668,-0.046795383,0.013222807,0.06198415,0.030066684,-0.066010915,0.025102144,-0.08305988,-0.0044748215,-0.00024941284,-0.051455323,-0.060161296,-0.05943699,0.039655056,0.078582264,-0.0691284,-0.0030519767,-0.0091723045,0.074734576,0.014519841,0.0063365684,-0.070305176,-0.058645535,-0.082062885,-0.037237205,-0.046309233,-0.0018831377,-0.057198487,-0.065557696,0.004835552,0.05843246,-0.027923519,0.034717176,-0.062561736,-0.07889727,-0.09439227,0.054250058,-0.0072490154,0.074219644,-0.086724214,0.04218684,0.057143617,-0.003057531,0.07789719,-0.0087948525,-0.034872968,-0.017060868,-0.023359872,0.040719625,0.04231923,0.009932846,0.0566369,-0.08166679,-0.06290257,0.01971713,0.08265811,0.06597509,0.0341376
-0.07462634,-0.024381092,0.07624194,0.018184654,0.057376772,-0.053824026,-0.060667854,0.033446383,-0.008317144,-0.05895388,0.04664541,0.001886225,0.076386124,0.05069436,-0.07659296,0.05627495,-0.04350966,-0.04321619,0.01690094,0.03102239,0.06739436,0.05534832,-0.001243132,-0.034810238,-0.038331952,0.08407969,0.029091567,0.057317365,-0.048896592,-0.039932244,-0.0795239,-0.07902722,0.044228386,-0.04932369,-0.08870514,0.086867444,-0.08273598,0.0014423246,0.05115175,-0.015648112,0.094830185,-0.08735562,0.09231656,0.026609506,0.069866516,0.06736128,-0.024837134,-0.045089744,0.004315187,-0.064832166,0.013212708,0.023516566,0.03285266,0.033064846,-0.07152544,0.01929076,0.009584211,0.010173756,-0.06256209,-0.04668073,0.0040327287,-0.0463786,-0.065917194,-0.069948554
0.06023307,-0.09125162,0.06800962,-0.08565411,-0.09005139,-0.059858423,0.058007486,-0.007077602,0.07046895,-0.02857638,-0.009198095,-0.06749405,0.04983823,-0.012721971,-0.040227436,0.060302462,-0.07985748,0.080727436,0.0026540768,-0.071027145,0.0054866765,0.071736924,-0.06146943,-0.08932282,-0.08719103,0.05505421,0.065193444,0.03219576,-0.041091945,0.06079213,0.009864421,0.01888977,-0.060432192,-0.09106368,0.083806664,-0.011490828,-0.06983,-0.06076343,0.023648534,0.046138316,-0.07418775,0.041504648,0.0067754923,-0.019887317,0.06923942,-0.017808191,0.020339664,-0.08736922,0.07168691,-0.067668244,0.09355121,0.052809224,0.012981368,0.09062528,-0.08674981,-0.083884805,0.0194294,-0.012525685,0.05129512,-0.011575929,-0.074468166,-0.0427233,0.06451209,-0.048855416
-0.07902636,0.029732995,-0.00016060451,0.06533548,-0.06695661,-0.054066025,0.03211022,0.032198444,0.063594155,-0.09744597,-0.08191477,0.009195703,-0.025788365,-0.04364719,-0.072403446,0.09522434,-0.012486452,0.027165677,0.035685692,0.0051024356,-0.057563268,0.060338408,0.08083091,0.058797542,0.0036896653,0.09911943,0.03879702,0.074365675,-0.064045824,0.01525855,-0.071103,-0.0063913735,-0.07649553,0.083021194,-0.08889485,0.009050845,0.012165425,-0.0037939823,-0.08710583,0.006534607,0.0046094717,0.0027393317,0.07140804,-0.07101904,0.00779536,-0.01507729,-0.07353619,-0.07079848,-0.002525098,-0.0689551,0.06507754,-0.0064774426,-0.0008036074,0.03849491,-0.0682906,0.06919674,-0.08244222,0.08335348,-0.09038658,-0.05909953,-0.09162444,-0.0903146,0.0052429093,0.058495745
