fridge.datetime,fridge.fridge_temperature,fridge.temp_condition,garage_door.datetime,garage_door.door_state,garage_door.sphone_signal,gps_tracker.datetime,gps_tracker.latitude,gps_tracker.longitude,modbus.datetime,modbus.FC1_Read_Input_Register,modbus.FC2_Read_Discrete_Value,modbus.FC3_Read_Holding_Register,modbus.FC4_Read_Coil,motion_light.datetime,motion_light.motion_status,motion_light.light_status,thermostat.datetime,thermostat.current_temperature,thermostat.thermostat_status,weather.datetime,weather.temperature,weather.pressure,weather.humidity,fridge.is_off,garage_door.is_off,gps_tracker.is_off,modbus.is_off,motion_light.is_off,thermostat.is_off,weather.is_off
0.0,0.0,0.0,0.018225231288004157,0.0,0.0,0.0,0.0,0.0,0.018524694318201182,0.1178122758010105,0.2610015869140625,0.0780782614004029,0.30259884936440357,0.0,0.0,0.0,0.0,0.0,0.0,0.0,0.0011654797683556817,0.026546197042147224,0.014705162146638407,1.0,0.0,1.0,0.0,1.0,1.0,1.0
0.0,0.0,0.0,0.0,0.0,0.0,0.0,0.0,0.0,0.018524694318201182,0.1178122758010105,0.2610015869140625,0.0780782614004029,0.30259884936440357,0.0,0.0,0.0,0.0,0.0,0.0,0.0,0.0011654797683556817,0.026546197042147224,0.014705162146638407,1.0,1.0,1.0,0.0,1.0,1.0,1.0
0.0,0.0,0.0,0.0,0.0,0.0,0.0,0.0,0.0,0.018524694318201182,0.5722703057501793,0.4799041748046875,0.4970239912093279,0.12013001877031544,0.0,0.0,0.0,0.0,0.0,0.0,0.0,0.0011654797683556817,0.026546197042147224,0.014705162146638407,1.0,1.0,1.0,0.0,1.0,1.0,1.0
0.0,0.0,0.0,0.0,0.0,0.0,0.0,0.0,0.0,0.018524694318201182,0.5722703057501793,0.4799041748046875,0.4970239912093279,0.12013001877031544,0.0,0.0,0.0,0.0,0.0,0.0,0.0,0.0011654797683556817,0.026546197042147224,0.014705162146638407,1.0,1.0,1.0,0.0,1.0,1.0,1.0
0.0,0.0,0.0,0.0,0.0,0.0,0.0,0.0,0.0,0.018524694318201182,0.5722703057501793,0.4799041748046875,0.4970239912093279,0.12013001877031544,0.0,0.0,0.0,0.0,0.0,0.0,0.0,0.0011654797683556817,0.026546197042147224,0.014705162146638407,1.0,1.0,1.0,0.0,1.0,1.0,1.0
0.0,0.0,0.0,0.0,0.0,0.0,0.0,0.0,0.0,0.018524694318201182,0.32773122071102556,0.0137481689453125,0.19257066113179902,0.798303041401517,0.0,0.0,0.0,0.0,0.0,0.0,0.0,0.0011654797683556817,0.026546197042147224,0.014705162146638407,1.0,1.0,1.0,0.0,1.0,1.0,1.0
0.0,0.0,0.0,0.0,0.0,0.0,0.0,0.0,0.0,0.018524694318201182,0.32773122071102556,0.0137481689453125,0.19257066113179902,0.798303041401517,0.0,0.0,0.0,0.0,0.0,0.0,0.0,0.0011654797683556817,0.026546197042147224,0.014705162146638407,1.0,1.0,1.0,0.0,1.0,1.0,1.0
0.0,0.0,0.0,0.0,0.0,0.0,0.0,0.0,0.0,0.018524694318201182,0.5722703057501793,0.4799041748046875,0.4970239912093279,0.12013001877031544,0.0,0.0,0.0,0.0,0.0,0.0,0.0,0.0011654797683556817,0.026546197042147224,0.014705162146638407,1.0,1.0,1.0,0.0,1.0,1.0,1.0
0.0,0.0,0.0,0.0,0.0,0.0,0.0,0.0,0.0,0.018524694318201182,0.32773122071102556,0.0137481689453125,0.19257066113179902,0.798303041401517,0.0,0.0,0.0,0.0,0.0,0.0,0.0,0.0011654797683556817,0.026546197042147224,0.014705162146638407,1.0,1.0,1.0,0.0,1.0,1.0,1.0
0.0,0.0,0.0,0.0,0.0,0.0,0.0,0.0,0.0,0.018524694318201182,0.48491093098868887,0.457275390625,0.8075666931200781,0.790047154694868,0.0,0.0,0.0,0.0,0.0,0.0,0.0,0.0011654797683556817,0.026546197042147224,0.014705162146638407,1.0,1.0,1.0,0.0,1.0,1.0,1.0
0.0,0.0,0.0,0.0,0.0,0.0,0.0,0.0,0.0,0.018524694318201182,0.48491093098868887,0.457275390625,0.8075666931200781,0.790047154694868,0.0,0.0,0.0,0.0,0.0,0.0,0.0,0.0011654797683556817,0.026546197042147224,0.014705162146638407,1.0,1.0,1.0,0.0,1.0,1.0,1.0
0.0,0.0,0.0,0.0,0.0,0.0,0.0,0.0,0.0,0.018524694318201182,0.48491093098868887,0.457275390625,0.8075666931200781,0.790047154694868,0.0,0.0,0.0,0.0,0.0,0.0,0.0,0.0011654797683556817,0.026546197042147224,0.014705162146638407,1.0,1.0,1.0,0.0,1.0,1.0,1.0
0.0,0.0,0.0,0.0,0.0,0.0,0.0,0.0,0.0,0.018524694318201182,0.48491093098868887,0.457275390625,0.8075666931200781,0.790047154694868,0.0,0.0,0.0,0.0,0.0,0.0,0.0,0.0011654797683556817,0.026546197042147224,0.014705162146638407,1.0,1.0,1.0,0.0,1.0,1.0,1.0
0.0,0.0,0.0,0.0,0.0,0.0,0.0,0.0,0.0,0.018524694318201182,0.5683015066172094,0.49615478515625,0.37569440205115684,0.7462039707610372,0.0,0.0,0.0,0.0,0.0,0.0,0.0,0.0011654797683556817,0.026546197042147224,0.014705162146638407,1.0,1.0,1.0,0.0,1.0,1.0,1.0
0.0,0.0,0.0,0.018225231288004157,0.0,0.0,0.0,0.0,0.0,0.018524694318201182,0.32773122071102556,0.0137481689453125,0.19257066113179902,0.798303041401517,0.0,0.0,0.0,0.0,0.0,0.0,0.018488981320297915,0.6215783772017459,0.5999021443219751,0.4154588115286237,1.0,0.0,1.0,0.0,1.0,1.0,0.0
0.0,0.0,0.0,0.0,0.0,0.0,0.0,0.0,0.0,0.0,0.0,0.0,0.0,0.0,0.0,0.0,0.0,0.0,0.0,0.0,0.018488981320297915,0.6023474901940687,0.5438778562774371,0.1162578718000629,1.0,1.0,1.0,1.0,1.0,1.0,0.0
0.0,0.0,0.0,0.0,0.0,0.0,0.0,0.0,0.0,0.0,0.0,0.0,0.0,0.0,0.0,0.0,0.0,0.0,0.0,0.0,0.018488981320297915,0.6033935965470575,0.5604120252553408,0.7546690566863444,1.0,1.0,1.0,1.0,1.0,1.0,0.0
0.0,0.0,0.0,0.0,0.0,0.0,0.0,0.0,0.0,0.0,0.0,0.0,0.0,0.0,0.0,0.0,0.0,0.0,0.0,0.0,0.018488981320297915,0.8521118947874854,0.5323988466790391,0.08273081636600754,1.0,1.0,1.0,1.0,1.0,1.0,0.0
0.0,0.0,0.0,0.0,0.0,0.0,0.0,0.0,0.0,0.0,0.0,0.0,0.0,0.0,0.0,0.0,0.0,0.0,0.0,0.0,0.018488981320297915,0.8182882688501051,0.5604464709032673,0.8120749464077315,1.0,1.0,1.0,1.0,1.0,1.0,0.0
0.0,0.0,0.0,0.0,0.0,0.0,0.0,0.0,0.0,0.0,0.0,0.0,0.0,0.0,0.0,0.0,0.0,0.0,0.0,0.0,0.018488981320297915,0.4495288975577142,0.5703042019802871,0.4910623622812758,1.0,1.0,1.0,1.0,1.0,1.0,0.0
0.0,0.0,0.0,0.0,0.0,0.0,0.0,0.0,0.0,0.0,0.0,0.0,0.0,0.0,0.9216296721203779,0.5,0.0,0.0,0.0,0.0,0.0,0.0011654797683556817,0.026546197042147224,0.014705162146638407,1.0,1.0,1.0,1.0,0.0,1.0,1.0
0.0,0.0,0.0,0.0,0.0,0.0,0.0,0.0,0.0,0.0,0.0,0.0,0.0,0.0,0.9216296721203779,0.5,0.0,0.9206100107675792,0.5736871235371819,1.0,0.931640575174959,0.6444142977508543,0.6595835875640162,0.16142497011886475,1.0,1.0,1.0,1.0,0.0,0.0,0.0
0.916641832550594,0.9178571428571428,1.0,0.91835048484863,0.0,0.0,0.0,0.0,0.0,0.0,0.0,0.0,0.0,0.0,0.9216296721203779,0.5,0.0,0.0,0.0,0.0,0.931640575174959,0.07329008674403292,0.6088389878444926,0.21661618126794147,0.0,0.0,1.0,1.0,0.0,1.0,0.0
0.916641832550594,0.22857142857142856,0.0,0.91835048484863,0.0,0.0,0.0,0.0,0.0,0.0,0.0,0.0,0.0,0.0,0.0,0.0,0.0,0.0,0.0,0.0,0.0,0.0011654797683556817,0.026546197042147224,0.014705162146638407,0.0,0.0,1.0,1.0,1.0,1.0,1.0
0.916641832550594,0.1357142857142857,0.0,0.91835048484863,0.0,0.0,0.9347196198654124,0.08439494436157946,0.08570583818488973,0.9334401160653647,0.34166781151257036,0.111785888671875,0.7134332458335877,0.8155625753483191,0.0,0.0,0.0,0.9206100107675792,0.6526640771268717,1.0,0.931640575174959,0.6561176362149049,0.6595835875640162,0.16142497011886475,0.0,0.0,0.0,0.0,1.0,0.0,0.0
0.0,0.0,0.0,0.0,0.0,0.0,0.9347196198654124,0.08566048379861023,0.08548457322229795,0.9334401160653647,0.34166781151257036,0.111785888671875,0.7134332458335877,0.8155625753483191,0.0,0.0,0.0,0.0,0.0,0.0,0.0,0.0011654797683556817,0.026546197042147224,0.014705162146638407,1.0,1.0,0.0,0.0,1.0,1.0,1.0
0.0,0.0,0.0,0.0,0.0,0.0,0.0,0.0,0.0,0.0,0.0,0.0,0.0,0.0,0.9216296721203779,1.0,1.0,0.0,0.0,0.0,0.0,0.0011654797683556817,0.026546197042147224,0.014705162146638407,1.0,1.0,1.0,1.0,0.0,1.0,1.0
0.0,0.0,0.0,0.0,0.0,0.0,0.0,0.0,0.0,0.0,0.0,0.0,0.0,0.0,0.9216296721203779,1.0,1.0,0.0,0.0,0.0,0.0,0.0011654797683556817,0.026546197042147224,0.014705162146638407,1.0,1.0,1.0,1.0,0.0,1.0,1.0
0.916641832550594,0.28928571428571426,0.0,0.91835048484863,0.0,0.0,0.0,0.0,0.0,0.0,0.0,0.0,0.0,0.0,0.9216296721203779,1.0,1.0,0.9206100107675792,0.5484194097049571,1.0,0.931640575174959,0.07941968215104911,0.6088389878444926,0.21661618126794147,0.0,0.0,1.0,1.0,0.0,0.0,0.0
0.916641832550594,0.6321428571428571,1.0,0.0,0.0,0.0,0.0,0.0,0.0,0.0,0.0,0.0,0.0,0.0,0.0,0.0,0.0,0.0,0.0,0.0,0.0,0.0011654797683556817,0.026546197042147224,0.014705162146638407,0.0,1.0,1.0,1.0,1.0,1.0,1.0
0.916641832550594,0.9678571428571429,1.0,0.91835048484863,0.0,0.0,0.0,0.0,0.0,0.0,0.0,0.0,0.0,0.0,0.0,0.0,0.0,0.0,0.0,0.0,0.0,0.0011654797683556817,0.026546197042147224,0.014705162146638407,0.0,0.0,1.0,1.0,1.0,1.0,1.0
0.0,0.0,0.0,0.91835048484863,0.0,0.0,0.9347196198654124,0.08450265091640523,0.0858287479724656,0.9334401160653647,0.6096075468241975,0.1831512451171875,0.1952719614187168,0.6063117093195379,0.0,0.0,0.0,0.0,0.0,0.0,0.0,0.0011654797683556817,0.026546197042147224,0.014705162146638407,1.0,0.0,0.0,0.0,1.0,1.0,1.0
0.0,0.0,0.0,0.0,0.0,0.0,0.9347196198654124,0.0857369179233238,0.08552110351167003,0.9334401160653647,0.6096075468241975,0.1831512451171875,0.1952719614187168,0.6063117093195379,0.0,0.0,0.0,0.9206100107675792,0.6223876398604471,1.0,0.931640575174959,0.6578813154362265,0.6595835875640162,0.16142497011886475,1.0,1.0,0.0,0.0,1.0,0.0,0.0
0.0,0.0,0.0,0.91835048484863,0.0,0.0,0.0,0.0,0.0,0.0,0.0,0.0,0.0,0.0,0.0,0.0,0.0,0.9206100107675792,0.5373064598941379,1.0,0.931640575174959,0.08186050887194685,0.6088389878444926,0.21661618126794147,1.0,0.0,1.0,1.0,1.0,0.0,0.0
0.0,0.0,0.0,0.91835048484863,1.0,0.0,0.0,0.0,0.0,0.0,0.0,0.0,0.0,0.0,0.0,0.0,0.0,0.0,0.0,0.0,0.0,0.0011654797683556817,0.026546197042147224,0.014705162146638407,1.0,0.0,1.0,1.0,1.0,1.0,1.0
0.916641832550594,0.37857142857142856,0.0,0.91835048484863,0.0,0.0,0.0,0.0,0.0,0.0,0.0,0.0,0.0,0.0,0.0,0.0,0.0,0.0,0.0,0.0,0.0,0.0011654797683556817,0.026546197042147224,0.014705162146638407,0.0,0.0,1.0,1.0,1.0,1.0,1.0
0.916641832550594,0.14285714285714285,0.0,0.0,0.0,0.0,0.0,0.0,0.0,0.0,0.0,0.0,0.0,0.0,0.0,0.0,0.0,0.0,0.0,0.0,0.0,0.0011654797683556817,0.026546197042147224,0.014705162146638407,0.0,1.0,1.0,1.0,1.0,1.0,1.0
0.916641832550594,0.21428571428571427,0.0,0.0,0.0,0.0,0.0,0.0,0.0,0.0,0.0,0.0,0.0,0.0,0.0,0.0,0.0,0.0,0.0,0.0,0.0,0.0011654797683556817,0.026546197042147224,0.014705162146638407,0.0,1.0,1.0,1.0,1.0,1.0,1.0
0.0,0.0,0.0,0.0,0.0,0.0,0.0,0.0,0.0,0.0,0.0,0.0,0.0,0.0,0.9216296721203779,0.5,0.0,0.0,0.0,0.0,0.0,0.0011654797683556817,0.026546197042147224,0.014705162146638407,1.0,1.0,1.0,1.0,0.0,1.0,1.0
0.0,0.0,0.0,0.0,0.0,0.0,0.9347196198654124,0.08467181815702532,0.08591344731415014,0.9334401160653647,0.6096075468241975,0.1831512451171875,0.1952719614187168,0.6063117093195379,0.9216296721203779,0.5,0.0,0.0,0.0,0.0,0.0,0.0011654797683556817,0.026546197042147224,0.014705162146638407,1.0,1.0,0.0,0.0,0.0,1.0,1.0
0.0,0.0,0.0,0.0,0.0,0.0,0.0,0.0,0.0,0.0,0.0,0.0,0.0,0.0,0.0,0.0,0.0,0.0,0.0,0.0,0.9076364837893423,0.383419259286779,0.9431981489557002,0.7692530057306961,1.0,1.0,1.0,1.0,1.0,1.0,0.0
0.0,0.0,0.0,0.0,0.0,0.0,0.0,0.0,0.0,0.0,0.0,0.0,0.0,0.0,0.0,0.0,0.0,0.0,0.0,0.0,0.9076364837893423,0.26849323566116223,0.08748743550641974,0.3358432213192731,1.0,1.0,1.0,1.0,1.0,1.0,0.0
0.0,0.0,0.0,0.0,0.0,0.0,0.0,0.0,0.0,0.0,0.0,0.0,0.0,0.0,0.0,0.0,0.0,0.0,0.0,0.0,0.9076364837893423,0.3966475862863946,0.9351523068756318,0.7692530057306961,1.0,1.0,1.0,1.0,1.0,1.0,0.0
0.0,0.0,0.0,0.0,0.0,0.0,0.0,0.0,0.0,0.0,0.0,0.0,0.0,0.0,0.8978835156489093,1.0,1.0,0.0,0.0,0.0,0.9076364837893423,0.9402051311516747,0.17694586519215266,0.19258266295780327,1.0,1.0,1.0,1.0,0.0,1.0,0.0
0.0,0.0,0.0,0.0,0.0,0.0,0.0,0.0,0.0,0.0,0.0,0.0,0.0,0.0,0.8978835156489093,0.5,0.0,0.0,0.0,0.0,0.9076364837893423,0.2593041838751584,0.08748743550641974,0.3358432213192731,1.0,1.0,1.0,1.0,0.0,1.0,0.0
0.0,0.0,0.0,0.0,0.0,0.0,0.0,0.0,0.0,0.0,0.0,0.0,0.0,0.0,0.0,0.0,0.0,0.0,0.0,0.0,0.9076364837893423,0.9441485856037889,0.17694586519215266,0.19258266295780327,1.0,1.0,1.0,1.0,1.0,1.0,0.0
0.0,0.0,0.0,0.0,0.0,0.0,0.0,0.0,0.0,0.0,0.0,0.0,0.0,0.0,0.8978835156489093,0.5,0.0,0.0,0.0,0.0,0.9076364837893423,0.4125556736592336,0.9351523068756318,0.7692530057306961,1.0,1.0,1.0,1.0,0.0,1.0,0.0
0.0,0.0,0.0,0.0,0.0,0.0,0.0,0.0,0.0,0.0,0.0,0.0,0.0,0.0,0.0,0.0,0.0,0.0,0.0,0.0,0.9076364837893423,0.25121921847384576,0.08748743550641974,0.3358432213192731,1.0,1.0,1.0,1.0,1.0,1.0,0.0
0.0,0.0,0.0,0.0,0.0,0.0,0.0,0.0,0.0,0.0,0.0,0.0,0.0,0.0,0.0,0.0,0.0,0.0,0.0,0.0,0.9076364837893423,0.40753189528121314,0.9376110922638643,0.7692530057306961,1.0,1.0,1.0,1.0,1.0,1.0,0.0
0.0,0.0,0.0,0.0,0.0,0.0,0.0,0.0,0.0,0.0,0.0,0.0,0.0,0.0,0.8979075502202368,1.0,1.0,0.0,0.0,0.0,0.9076364837893423,0.9331800003711678,0.17694586519215266,0.19258266295780327,1.0,1.0,1.0,1.0,0.0,1.0,0.0
0.0,0.0,0.0,0.0,0.0,0.0,0.0,0.0,0.0,0.0,0.0,0.0,0.0,0.0,0.0,0.0,0.0,0.0,0.0,0.0,0.9076607794283965,0.24686594147473884,0.08748743550641974,0.3358432213192731,1.0,1.0,1.0,1.0,1.0,1.0,0.0
0.0,0.0,0.0,0.0,0.0,0.0,0.0,0.0,0.0,0.0,0.0,0.0,0.0,0.0,0.8979075502202368,0.5,0.0,0.0,0.0,0.0,0.9076607794283965,0.9307728389667426,0.17694586519215266,0.19258266295780327,1.0,1.0,1.0,1.0,0.0,1.0,0.0
0.0,0.0,0.0,0.0,0.0,0.0,0.0,0.0,0.0,0.0,0.0,0.0,0.0,0.0,0.0,0.0,0.0,0.0,0.0,0.0,0.9076607794283965,0.4249171888588167,0.9376110922638643,0.7692530057306961,1.0,1.0,1.0,1.0,1.0,1.0,0.0
0.0,0.0,0.0,0.0,0.0,0.0,0.0,0.0,0.0,0.0,0.0,0.0,0.0,0.0,0.0,0.0,0.0,0.0,0.0,0.0,0.9076607794283965,0.41068192106047496,0.9376110922638643,0.8106724384380993,1.0,1.0,1.0,1.0,1.0,1.0,0.0
0.0,0.0,0.0,0.0,0.0,0.0,0.0,0.0,0.0,0.0,0.0,0.0,0.0,0.0,0.0,0.0,0.0,0.0,0.0,0.0,0.9076607794283965,0.23314463333654545,0.08748743550641974,0.3358432213192731,1.0,1.0,1.0,1.0,1.0,1.0,0.0
0.0,0.0,0.0,0.0,0.0,0.0,0.0,0.0,0.0,0.0,0.0,0.0,0.0,0.0,0.8979075502202368,0.5,0.0,0.0,0.0,0.0,0.9076607794283965,0.9174349836228041,0.17694586519215266,0.19258266295780327,1.0,1.0,1.0,1.0,0.0,1.0,0.0
0.0,0.0,0.0,0.0,0.0,0.0,0.0,0.0,0.0,0.0,0.0,0.0,0.0,0.0,0.0,0.0,0.0,0.0,0.0,0.0,0.9076607794283965,0.42540734534686286,0.9376110922638643,0.8106724384380993,1.0,1.0,1.0,1.0,1.0,1.0,0.0
0.0,0.0,0.0,0.0,0.0,0.0,0.0,0.0,0.0,0.0,0.0,0.0,0.0,0.0,0.0,0.0,0.0,0.0,0.0,0.0,0.9076607794283965,0.23217587440581056,0.08748743550641974,0.3358432213192731,1.0,1.0,1.0,1.0,1.0,1.0,0.0
0.0,0.0,0.0,0.0,0.0,0.0,0.0,0.0,0.0,0.0,0.0,0.0,0.0,0.0,0.8979075502202368,0.5,0.0,0.0,0.0,0.0,0.9076607794283965,0.9055079238403153,0.17694586519215266,0.19258266295780327,1.0,1.0,1.0,1.0,0.0,1.0,0.0
0.0,0.0,0.0,0.0,0.0,0.0,0.0,0.0,0.0,0.0,0.0,0.0,0.0,0.0,0.8979075502202368,1.0,1.0,0.0,0.0,0.0,0.9076607794283965,0.2303190670835764,0.08748743550641974,0.3358432213192731,1.0,1.0,1.0,1.0,0.0,1.0,0.0
0.0,0.0,0.0,0.0,0.0,0.0,0.0,0.0,0.0,0.0,0.0,0.0,0.0,0.0,0.0,0.0,0.0,0.0,0.0,0.0,0.018513276959352183,0.8568700939605537,0.587617571219152,0.4590681112467656,1.0,1.0,1.0,1.0,1.0,1.0,0.0
0.0,0.0,0.0,0.0,0.0,0.0,0.0,0.0,0.0,0.0,0.0,0.0,0.0,0.0,0.0,0.0,0.0,0.0,0.0,0.0,0.018513276959352183,0.24752974584134346,0.5129062906107267,0.7006524755613597,1.0,1.0,1.0,1.0,1.0,1.0,0.0
0.0,0.0,0.0,0.0,0.0,0.0,0.0,0.0,0.0,0.0,0.0,0.0,0.0,0.0,0.0,0.0,0.0,0.0,0.0,0.0,0.018513276959352183,0.9383383011301346,0.5677049546713336,0.7061094460987953,1.0,1.0,1.0,1.0,1.0,1.0,0.0
0.0,0.0,0.0,0.0,0.0,0.0,0.0,0.0,0.0,0.0,0.0,0.0,0.0,0.0,0.0,0.0,0.0,0.0,0.0,0.0,0.018513276959352183,0.7639159167262463,0.570052205226041,0.2707512089032618,1.0,1.0,1.0,1.0,1.0,1.0,0.0
0.0,0.0,0.0,0.0,0.0,0.0,0.0,0.0,0.0,0.0,0.0,0.0,0.0,0.0,0.0,0.0,0.0,0.0,0.0,0.0,0.018513276959352183,0.8682198829050004,0.5975407468396253,0.5375051995492566,1.0,1.0,1.0,1.0,1.0,1.0,0.0
0.0,0.0,0.0,0.0,0.0,0.0,0.0,0.0,0.0,0.0,0.0,0.0,0.0,0.0,0.0,0.0,0.0,0.0,0.0,0.0,0.018513276959352183,0.336733892667482,0.5942238518299724,0.09097472568311776,1.0,1.0,1.0,1.0,1.0,1.0,0.0
0.0,0.0,0.0,0.0,0.0,0.0,0.0,0.0,0.0,0.0,0.0,0.0,0.0,0.0,0.0,0.0,0.0,0.0,0.0,0.0,0.018513276959352183,0.17099217286054358,0.6081045127522412,0.8946895998889254,1.0,1.0,1.0,1.0,1.0,1.0,0.0
0.0,0.0,0.0,0.0,0.0,0.0,0.0,0.0,0.0,0.0,0.0,0.0,0.0,0.0,0.0,0.0,0.0,0.0,0.0,0.0,0.018513276959352183,0.731482987433392,0.560364206208105,0.09495642710428032,1.0,1.0,1.0,1.0,1.0,1.0,0.0
0.0,0.0,0.0,0.0,0.0,0.0,0.0,0.0,0.0,0.0,0.0,0.0,0.0,0.0,0.0,0.0,0.0,0.0,0.0,0.0,0.018513276959352183,0.8332553956227059,0.5755942766235562,0.3766171668339798,1.0,1.0,1.0,1.0,1.0,1.0,0.0
0.0,0.0,0.0,0.0,0.0,0.0,0.0,0.0,0.0,0.0,0.0,0.0,0.0,0.0,0.0,0.0,0.0,0.0,0.0,0.0,0.018513276959352183,0.6932516123771261,0.5760821305647389,0.49185090286791716,1.0,1.0,1.0,1.0,1.0,1.0,0.0
0.0,0.0,0.0,0.0,0.0,0.0,0.0,0.0,0.0,0.0,0.0,0.0,0.0,0.0,0.0,0.0,0.0,0.0,0.0,0.0,0.018513276959352183,0.9026081358971701,0.538417114891754,0.9288330063045999,1.0,1.0,1.0,1.0,1.0,1.0,0.0
0.0,0.0,0.0,0.0,0.0,0.0,0.0,0.0,0.0,0.0,0.0,0.0,0.0,0.0,0.0,0.0,0.0,0.0,0.0,0.0,0.018513276959352183,0.857205003675981,0.5465084611476654,0.1317777300607122,1.0,1.0,1.0,1.0,1.0,1.0,0.0
0.0,0.0,0.0,0.0,0.0,0.0,0.0,0.0,0.0,0.0,0.0,0.0,0.0,0.0,0.0,0.0,0.0,0.0,0.0,0.0,0.018513276959352183,0.19091574442322057,0.5643383171250645,0.03624511852878317,1.0,1.0,1.0,1.0,1.0,1.0,0.0
0.0,0.0,0.0,0.0,0.0,0.0,0.0,0.0,0.0,0.0,0.0,0.0,0.0,0.0,0.0,0.0,0.0,0.0,0.0,0.0,0.018513276959352183,0.9283235747392352,0.5245133438419646,0.13750084377955515,1.0,1.0,1.0,1.0,1.0,1.0,0.0
0.0,0.0,0.0,0.0,0.0,0.0,0.0,0.0,0.0,0.0,0.0,0.0,0.0,0.0,0.0,0.0,0.0,0.0,0.0,0.0,0.018513276959352183,0.22603112510821677,0.48366401910895346,0.8146734224020628,1.0,1.0,1.0,1.0,1.0,1.0,0.0
0.0,0.0,0.0,0.0,0.0,0.0,0.0,0.0,0.0,0.018549036886293432,0.6703607027827387,0.0236053466796875,0.8147396373847751,0.953837232370401,0.0,0.0,0.0,0.0,0.0,0.0,0.018513276959352183,0.43271269636643905,0.5334346717542577,0.6247222734935518,1.0,1.0,1.0,0.0,1.0,1.0,0.0
0.0,0.0,0.0,0.0,0.0,0.0,0.0,0.0,0.0,0.018549036886293432,0.4879791180107157,0.57550048828125,0.019809535437396983,0.5667872239771704,0.0,0.0,0.0,0.0,0.0,0.0,0.0,0.0011654797683556817,0.026546197042147224,0.014705162146638407,1.0,1.0,1.0,0.0,1.0,1.0,1.0
0.0,0.0,0.0,0.0,0.0,0.0,0.0,0.0,0.0,0.018549036886293432,0.1738944604722871,0.942901611328125,0.8925279286978817,0.8505241953944056,0.0,0.0,0.0,0.0,0.0,0.0,0.0,0.0011654797683556817,0.026546197042147224,0.014705162146638407,1.0,1.0,1.0,0.0,1.0,1.0,1.0
0.0,0.0,0.0,0.0,0.0,0.0,0.0,0.0,0.0,0.018549036886293432,0.1738944604722871,0.942901611328125,0.8925279286978817,0.8505241953944056,0.0,0.0,0.0,0.0,0.0,0.0,0.0,0.0011654797683556817,0.026546197042147224,0.014705162146638407,1.0,1.0,1.0,0.0,1.0,1.0,1.0
0.0,0.0,0.0,0.0,0.0,0.0,0.0,0.0,0.0,0.018549036886293432,0.1738944604722871,0.942901611328125,0.8925279286978817,0.8505241953944056,0.0,0.0,0.0,0.0,0.0,0.0,0.0,0.0011654797683556817,0.026546197042147224,0.014705162146638407,1.0,1.0,1.0,0.0,1.0,1.0,1.0
0.0,0.0,0.0,0.9384197934154467,0.0,0.0,0.0,0.0,0.0,0.0,0.0,0.0,0.0,0.0,0.0,0.0,0.0,0.0,0.0,0.0,0.0,0.0011654797683556817,0.026546197042147224,0.014705162146638407,1.0,0.0,1.0,1.0,1.0,1.0,1.0
0.0,0.0,0.0,0.9384197934154467,0.0,0.0,0.0,0.0,0.0,0.953839188126669,0.4792935537543313,0.051483154296875,0.8655301874122459,0.9079949335408751,0.0,0.0,0.0,0.0,0.0,0.0,0.9520003207024356,0.05417813811023098,0.5329766663953461,0.8134324928221416,1.0,0.0,1.0,0.0,1.0,1.0,0.0
0.9366977053276749,0.5392857142857143,1.0,0.9384437424710157,1.0,0.0,0.0,0.0,0.0,0.953839188126669,0.4792935537543313,0.051483154296875,0.8655301874122459,0.9079949335408751,0.9417946774640643,0.5,0.0,0.9407527061995408,0.32315678234003453,1.0,0.9520003207024356,0.2104117883993526,0.609296725720547,0.7753054433081662,0.0,0.0,1.0,0.0,0.0,0.0,0.0
0.9366977053276749,0.31785714285714284,0.0,0.0,0.0,0.0,0.0,0.0,0.0,0.0,0.0,0.0,0.0,0.0,0.0,0.0,0.0,0.0,0.0,0.0,0.0,0.0011654797683556817,0.026546197042147224,0.014705162146638407,0.0,1.0,1.0,1.0,1.0,1.0,1.0
0.9366977053276749,0.22857142857142856,0.0,0.0,0.0,0.0,0.0,0.0,0.0,0.0,0.0,0.0,0.0,0.0,0.0,0.0,0.0,0.0,0.0,0.0,0.0,0.0011654797683556817,0.026546197042147224,0.014705162146638407,0.0,1.0,1.0,1.0,1.0,1.0,1.0
0.9366977053276749,0.7142857142857142,1.0,0.0,0.0,0.0,0.0,0.0,0.0,0.0,0.0,0.0,0.0,0.0,0.9417946774640643,0.5,0.0,0.9407527061995408,0.6281234647560585,1.0,0.9520246163414898,0.2174406411650307,0.609296725720547,0.7753054433081662,0.0,1.0,1.0,1.0,0.0,0.0,0.0
0.9366977053276749,0.9357142857142856,1.0,0.0,0.0,0.0,0.0,0.0,0.0,0.0,0.0,0.0,0.0,0.0,0.0,0.0,0.0,0.0,0.0,0.0,0.9520246163414898,0.610334257701506,0.5081039977058792,0.44830256089907583,0.0,1.0,1.0,1.0,1.0,1.0,0.0
0.9366977053276749,0.35000000000000003,0.0,0.0,0.0,0.0,0.9551710296882644,0.008430897127882905,0.008102874635103098,0.0,0.0,0.0,0.0,0.0,0.0,0.0,0.0,0.0,0.0,0.0,0.9520246163414898,0.08316038723963193,0.5329766663953461,0.8448631713887889,0.0,1.0,0.0,1.0,1.0,1.0,0.0
0.9366977053276749,0.14285714285714285,0.0,0.9384437424710157,0.0,0.0,0.9551710296882644,0.00888437035400058,0.009087672014439642,0.9538635306947613,0.7350826578742501,0.7051239013671875,0.17665282949758865,0.41841016954325566,0.0,0.0,0.0,0.0,0.0,0.0,0.0,0.0011654797683556817,0.026546197042147224,0.014705162146638407,0.0,0.0,0.0,0.0,1.0,1.0,1.0
0.9366977053276749,0.14285714285714285,0.0,0.9384437424710157,0.0,0.0,0.0,0.0,0.0,0.9538635306947613,0.7350826578742501,0.7051239013671875,0.17665282949758865,0.41841016954325566,0.0,0.0,0.0,0.0,0.0,0.0,0.0,0.0011654797683556817,0.026546197042147224,0.014705162146638407,0.0,0.0,1.0,0.0,1.0,1.0,1.0
0.9366977053276749,0.07142857142857142,0.0,0.9384437424710157,0.0,0.0,0.0,0.0,0.0,0.0,0.0,0.0,0.0,0.0,0.0,0.0,0.0,0.0,0.0,0.0,0.9520246163414898,0.6028642587447551,0.5081039977058792,0.44830256089907583,0.0,0.0,1.0,1.0,1.0,1.0,0.0
0.9366977053276749,0.20714285714285713,0.0,0.9384437424710157,0.0,0.0,0.0,0.0,0.0,0.0,0.0,0.0,0.0,0.0,0.0,0.0,0.0,0.0,0.0,0.0,0.0,0.0011654797683556817,0.026546197042147224,0.014705162146638407,0.0,0.0,1.0,1.0,1.0,1.0,1.0
0.9366977053276749,0.7928571428571428,1.0,0.0,0.0,0.0,0.0,0.0,0.0,0.0,0.0,0.0,0.0,0.0,0.0,0.0,0.0,0.0,0.0,0.0,0.0,0.0011654797683556817,0.026546197042147224,0.014705162146638407,0.0,1.0,1.0,1.0,1.0,1.0,1.0
0.9366977053276749,0.5785714285714285,1.0,0.0,0.0,0.0,0.0,0.0,0.0,0.0,0.0,0.0,0.0,0.0,0.0,0.0,0.0,0.0,0.0,0.0,0.0,0.0011654797683556817,0.026546197042147224,0.014705162146638407,0.0,1.0,1.0,1.0,1.0,1.0,1.0
0.9366977053276749,0.3,0.0,0.0,0.0,0.0,0.0,0.0,0.0,0.0,0.0,0.0,0.0,0.0,0.0,0.0,0.0,0.0,0.0,0.0,0.0,0.0011654797683556817,0.026546197042147224,0.014705162146638407,0.0,1.0,1.0,1.0,1.0,1.0,1.0
0.9366977053276749,0.3428571428571428,0.0,0.0,0.0,0.0,0.0,0.0,0.0,0.0,0.0,0.0,0.0,0.0,0.0,0.0,0.0,0.0,0.0,0.0,0.0,0.0011654797683556817,0.026546197042147224,0.014705162146638407,0.0,1.0,1.0,1.0,1.0,1.0,1.0
0.9366977053276749,0.31785714285714284,0.0,0.0,0.0,0.0,0.0,0.0,0.0,0.0,0.0,0.0,0.0,0.0,0.0,0.0,0.0,0.0,0.0,0.0,0.0,0.0011654797683556817,0.026546197042147224,0.014705162146638407,0.0,1.0,1.0,1.0,1.0,1.0,1.0
0.9366977053276749,0.4678571428571428,1.0,0.0,0.0,0.0,0.0,0.0,0.0,0.0,0.0,0.0,0.0,0.0,0.9417946774640643,0.5,0.0,0.9407527061995408,0.2573618572813938,1.0,0.9520246163414898,0.2180152272224849,0.609296725720547,0.8192989548739841,0.0,1.0,1.0,1.0,0.0,0.0,0.0
0.9366977053276749,0.5178571428571428,1.0,0.0,0.0,0.0,0.0,0.0,0.0,0.0,0.0,0.0,0.0,0.0,0.0,0.0,0.0,0.0,0.0,0.0,0.9520246163414898,0.587820112554769,0.5058153174438963,0.45109667661854197,0.0,1.0,1.0,1.0,1.0,1.0,0.0
0.9366977053276749,0.8142857142857143,1.0,0.0,0.0,0.0,0.0,0.0,0.0,0.9538635306947613,0.04267985529147776,0.0398101806640625,0.20841218484829985,0.37590990248592226,0.0,0.0,0.0,0.0,0.0,0.0,0.0,0.0011654797683556817,0.026546197042147224,0.014705162146638407,0.0,1.0,1.0,0.0,1.0,1.0,1.0
0.0,0.0,0.0,0.0,0.0,0.0,0.0,0.0,0.0,0.0,0.0,0.0,0.0,0.0,0.0,0.0,0.0,0.07504894626974007,0.2668383863799604,1.0,0.0,0.0011654797683556817,0.026546197042147224,0.014705162146638407,1.0,1.0,1.0,1.0,1.0,0.0,1.0
0.0,0.0,0.0,0.0,0.0,0.0,0.0,0.0,0.0,0.0,0.0,0.0,0.0,0.0,0.0,0.0,0.0,0.07504894626974007,0.6622110703305042,1.0,0.0,0.0011654797683556817,0.026546197042147224,0.014705162146638407,1.0,1.0,1.0,1.0,1.0,0.0,1.0
0.0,0.0,0.0,0.0,0.0,0.0,0.0,0.0,0.0,0.0,0.0,0.0,0.0,0.0,0.0,0.0,0.0,0.07504894626974007,0.5852952736601664,1.0,0.0,0.0011654797683556817,0.026546197042147224,0.014705162146638407,1.0,1.0,1.0,1.0,1.0,0.0,1.0
0.0,0.0,0.0,0.0,0.0,0.0,0.0,0.0,0.0,0.0,0.0,0.0,0.0,0.0,0.0,0.0,0.0,0.07504894626974007,0.37748531122284357,1.0,0.0,0.0011654797683556817,0.026546197042147224,0.014705162146638407,1.0,1.0,1.0,1.0,1.0,0.0,1.0
0.0,0.0,0.0,0.0,0.0,0.0,0.0,0.0,0.0,0.0,0.0,0.0,0.0,0.0,0.0,0.0,0.0,0.07504894626974007,0.18257730514304393,1.0,0.0,0.0011654797683556817,0.026546197042147224,0.014705162146638407,1.0,1.0,1.0,1.0,1.0,0.0,1.0
0.0,0.0,0.0,0.0,0.0,0.0,0.0,0.0,0.0,0.0,0.0,0.0,0.0,0.0,0.0,0.0,0.0,0.07504894626974007,0.3107702677645361,1.0,0.0,0.0011654797683556817,0.026546197042147224,0.014705162146638407,1.0,1.0,1.0,1.0,1.0,0.0,1.0
0.0,0.0,0.0,0.0,0.0,0.0,0.0,0.0,0.0,0.0,0.0,0.0,0.0,0.0,0.0,0.0,0.0,0.07504894626974007,0.1829114439940578,1.0,0.0,0.0011654797683556817,0.026546197042147224,0.014705162146638407,1.0,1.0,1.0,1.0,1.0,0.0,1.0
0.0,0.0,0.0,0.0,0.0,0.0,0.0,0.0,0.0,0.0,0.0,0.0,0.0,0.0,0.0,0.0,0.0,0.07504894626974007,0.8707730864014906,1.0,0.0,0.0011654797683556817,0.026546197042147224,0.014705162146638407,1.0,1.0,1.0,1.0,1.0,0.0,1.0
0.0,0.0,0.0,0.0,0.0,0.0,0.0,0.0,0.0,0.0,0.0,0.0,0.0,0.0,0.0,0.0,0.0,0.07504894626974007,0.5277112674747633,1.0,0.0,0.0011654797683556817,0.026546197042147224,0.014705162146638407,1.0,1.0,1.0,1.0,1.0,0.0,1.0
0.0,0.0,0.0,0.0,0.0,0.0,0.0,0.0,0.0,0.0,0.0,0.0,0.0,0.0,0.0,0.0,0.0,0.07504894626974007,0.542815724558487,1.0,0.0,0.0011654797683556817,0.026546197042147224,0.014705162146638407,1.0,1.0,1.0,1.0,1.0,0.0,1.0
0.0,0.0,0.0,0.0,0.0,0.0,0.0,0.0,0.0,0.0,0.0,0.0,0.0,0.0,0.0,0.0,0.0,0.07504894626974007,0.7404043931206608,1.0,0.0,0.0011654797683556817,0.026546197042147224,0.014705162146638407,1.0,1.0,1.0,1.0,1.0,0.0,1.0
0.0,0.0,0.0,0.0,0.0,0.0,0.0,0.0,0.0,0.0,0.0,0.0,0.0,0.0,0.0,0.0,0.0,0.07504894626974007,0.35184389318651155,1.0,0.0,0.0011654797683556817,0.026546197042147224,0.014705162146638407,1.0,1.0,1.0,1.0,1.0,0.0,1.0
0.0,0.0,0.0,0.0,0.0,0.0,0.0,0.0,0.0,0.0,0.0,0.0,0.0,0.0,0.0,0.0,0.0,0.07504894626974007,0.5707298327866801,1.0,0.0,0.0011654797683556817,0.026546197042147224,0.014705162146638407,1.0,1.0,1.0,1.0,1.0,0.0,1.0
0.0,0.0,0.0,0.0,0.0,0.0,0.0,0.0,0.0,0.0,0.0,0.0,0.0,0.0,0.0,0.0,0.0,0.07504894626974007,0.4984654445893941,1.0,0.0,0.0011654797683556817,0.026546197042147224,0.014705162146638407,1.0,1.0,1.0,1.0,1.0,0.0,1.0
0.0,0.0,0.0,0.0,0.0,0.0,0.0,0.0,0.0,0.0,0.0,0.0,0.0,0.0,0.0,0.0,0.0,0.07504894626974007,0.854522418119469,1.0,0.0,0.0011654797683556817,0.026546197042147224,0.014705162146638407,1.0,1.0,1.0,1.0,1.0,0.0,1.0
0.0,0.0,0.0,0.0,0.0,0.0,0.0,0.0,0.0,0.0,0.0,0.0,0.0,0.0,0.0,0.0,0.0,0.07504894626974007,0.2781640835149659,1.0,0.0,0.0011654797683556817,0.026546197042147224,0.014705162146638407,1.0,1.0,1.0,1.0,1.0,0.0,1.0
0.0,0.0,0.0,0.0,0.0,0.0,0.0,0.0,0.0,0.0,0.0,0.0,0.0,0.0,0.0,0.0,0.0,0.07504894626974007,0.7395396518467727,1.0,0.0,0.0011654797683556817,0.026546197042147224,0.014705162146638407,1.0,1.0,1.0,1.0,1.0,0.0,1.0
0.0,0.0,0.0,0.0,0.0,0.0,0.0,0.0,0.0,0.0,0.0,0.0,0.0,0.0,0.0,0.0,0.0,0.07504894626974007,0.5404466304787299,1.0,0.0,0.0011654797683556817,0.026546197042147224,0.014705162146638407,1.0,1.0,1.0,1.0,1.0,0.0,1.0
0.0,0.0,0.0,0.0,0.0,0.0,0.0,0.0,0.0,0.0,0.0,0.0,0.0,0.0,0.0,0.0,0.0,0.07504894626974007,0.2760820194434861,1.0,0.0,0.0011654797683556817,0.026546197042147224,0.014705162146638407,1.0,1.0,1.0,1.0,1.0,0.0,1.0
0.0,0.0,0.0,0.0,0.0,0.0,0.0,0.0,0.0,0.0,0.0,0.0,0.0,0.0,0.0,0.0,0.0,0.07504894626974007,0.41590806980978323,1.0,0.0,0.0011654797683556817,0.026546197042147224,0.014705162146638407,1.0,1.0,1.0,1.0,1.0,0.0,1.0
0.9702835232678404,0.5071428571428571,1.0,0.9720921655454517,0.0,0.0,0.0,0.0,0.0,0.0,0.0,0.0,0.0,0.0,0.9755632501790575,0.5,0.0,0.9744839184544943,0.18352266763300706,1.0,0.9861599892127363,0.21727491333995663,0.5537412825673627,0.36879802433943304,0.0,0.0,1.0,1.0,0.0,0.0,0.0
0.0,0.0,0.0,0.0,0.0,0.0,0.0,0.0,0.0,0.0,0.0,0.0,0.0,0.0,0.9755632501790575,1.0,1.0,0.9744839184544943,0.358166617945606,0.5,0.0,0.0011654797683556817,0.026546197042147224,0.014705162146638407,1.0,1.0,1.0,1.0,0.0,0.0,1.0
0.9702835232678404,0.3571428571428571,0.0,0.9720921655454517,0.0,0.0,0.9894192189625277,0.024870842962956444,0.027113586464852592,0.0,0.0,0.0,0.0,0.0,0.9755632501790575,0.5,0.0,0.9744839184544943,0.17056931005527698,1.0,0.9861599892127363,0.9682757651173793,0.5801725491329653,0.3718895301791981,0.0,0.0,0.0,1.0,0.0,0.0,0.0
0.9702835232678404,0.14285714285714285,0.0,0.9720921655454517,0.0,0.0,0.9894192189625277,0.009192902446161205,0.007950419899658459,0.0,0.0,0.0,0.0,0.0,0.0,0.0,0.0,0.0,0.0,0.0,0.9861599892127363,0.5141146078093252,0.5680410739819216,0.1442896693229905,0.0,0.0,0.0,1.0,1.0,1.0,0.0
0.9702835232678404,0.7857142857142857,1.0,0.9720921655454517,0.0,0.0,0.9894192189625277,0.03952592698186071,0.03837278967146347,0.0,0.0,0.0,0.0,0.0,0.9755632501790575,1.0,1.0,0.9744839184544943,0.3391223794657008,1.0,0.9861599892127363,0.20326316756179963,0.5537412825673627,0.36879802433943304,0.0,0.0,0.0,1.0,0.0,0.0,0.0
0.9702835232678404,0.33214285714285713,0.0,0.9720921655454517,0.0,0.0,0.9894192189625277,0.024954891309502056,0.027269092431479524,0.0,0.0,0.0,0.0,0.0,0.9755632501790575,0.5,0.0,0.9744839184544943,0.09094020064232877,0.5,0.9861599892127363,0.9658852272229413,0.5801725491329653,0.3718895301791981,0.0,0.0,0.0,1.0,0.0,0.0,0.0
0.9702835232678404,0.907142857142857,1.0,0.9720921655454517,1.0,0.0,0.9894192189625277,0.03954724881250409,0.03866645162064587,0.0,0.0,0.0,0.0,0.0,0.9755632501790575,0.5,0.0,0.9744839184544943,0.30828564871029496,1.0,0.9861599892127363,0.5039232663927266,0.5680410739819216,0.1442896693229905,0.0,0.0,0.0,1.0,0.0,0.0,0.0
0.9702835232678404,0.37857142857142856,0.0,0.9720921655454517,0.0,0.0,0.9894192189625277,0.009244591420995126,0.00798971324898929,0.0,0.0,0.0,0.0,0.0,0.9755632501790575,1.0,1.0,0.0,0.0,0.0,0.9861599892127363,0.2095179961468281,0.5537412825673627,0.36879802433943304,0.0,0.0,0.0,1.0,0.0,1.0,0.0
0.9702835232678404,0.782142857142857,1.0,0.9720921655454517,0.0,0.0,0.9894192189625277,0.03975355317447486,0.03872819057494188,0.0,0.0,0.0,0.0,0.0,0.0,0.0,0.0,0.9744839184544943,0.27229257129298645,1.0,0.9861599892127363,0.5175365831143129,0.5680410739819216,0.1442896693229905,0.0,0.0,0.0,1.0,1.0,0.0,0.0
0.9702835232678404,0.1357142857142857,0.0,0.9720921655454517,0.0,0.0,0.9894192189625277,0.00931559950623734,0.008067654666033937,0.0,0.0,0.0,0.0,0.0,0.9755632501790575,0.5,0.0,0.9744839184544943,0.09094020064232877,0.5,0.9861599892127363,0.21120534446548733,0.5537412825673627,0.36879802433943304,0.0,0.0,0.0,1.0,0.0,0.0,0.0
0.9702835232678404,0.21785714285714283,0.0,0.9720921655454517,0.0,0.0,0.9894192189625277,0.02518891872987864,0.027542788626587354,0.0,0.0,0.0,0.0,0.0,0.9755632501790575,0.5,0.0,0.9744839184544943,0.24875367432626838,1.0,0.9861599892127363,0.9686390198380835,0.5801725491329653,0.33129424794815443,0.0,0.0,0.0,1.0,0.0,0.0,0.0
0.9702835232678404,0.9785714285714284,1.0,0.9720921655454517,0.0,0.0,0.9894192189625277,0.009362163223648173,0.008077391531857995,0.0,0.0,0.0,0.0,0.0,0.0,0.0,0.0,0.9744839184544943,0.6556915882627017,0.5,0.9861599892127363,0.5221962665669667,0.5645318677596813,0.1442896693229905,0.0,0.0,0.0,1.0,1.0,0.0,0.0
0.9702835232678404,0.16428571428571426,0.0,0.9720921655454517,0.0,0.0,0.9894192189625277,0.039754562637147876,0.03883199893900842,0.0,0.0,0.0,0.0,0.0,0.9755632501790575,0.5,0.0,0.0,0.0,0.0,0.9861599892127363,0.21120534446548733,0.5537412825673627,0.36879802433943304,0.0,0.0,0.0,1.0,0.0,1.0,0.0
0.0,0.0,0.0,0.9720921655454517,0.0,0.0,0.9894192189625277,0.02525662685931284,0.027605216588061556,0.0,0.0,0.0,0.0,0.0,0.9755632501790575,1.0,1.0,0.9744839184544943,0.21857659741366398,1.0,0.9861599892127363,0.9666132624287366,0.5801725491329653,0.33129424794815443,1.0,0.0,0.0,1.0,0.0,0.0,0.0
0.9702835232678404,0.2857142857142857,0.0,0.0,0.0,0.0,0.0,0.0,0.0,0.0,0.0,0.0,0.0,0.0,0.9755632501790575,1.0,1.0,0.9744839184544943,0.6133604699377067,1.0,0.0,0.0011654797683556817,0.026546197042147224,0.014705162146638407,0.0,1.0,1.0,1.0,0.0,0.0,1.0
0.9702835232678404,0.7214285714285713,1.0,0.9720921655454517,0.0,0.0,0.9894192189625277,0.0397910008983273,0.03890140539384526,0.0,0.0,0.0,0.0,0.0,0.0,0.0,0.0,0.0,0.0,0.0,0.9861599892127363,0.53404521982084,0.5645318677596813,0.1442896693229905,0.0,0.0,0.0,1.0,1.0,1.0,0.0
0.0,0.0,0.0,0.0,0.0,0.0,0.9894192189625277,0.009365967496534892,0.008135914222106192,0.0,0.0,0.0,0.0,0.0,0.9755632501790575,1.0,1.0,0.9744839184544943,0.2057772088708374,1.0,0.0,0.0011654797683556817,0.026546197042147224,0.014705162146638407,1.0,1.0,0.0,1.0,0.0,0.0,1.0
0.9702835232678404,0.7428571428571429,1.0,0.9720921655454517,0.0,0.0,0.9894192189625277,0.025265859175733867,0.027608960891361136,0.0,0.0,0.0,0.0,0.0,0.0,0.0,0.0,0.0,0.0,0.0,0.9861599892127363,0.9726459496346923,0.5644526539344629,0.33129424794815443,0.0,0.0,0.0,1.0,1.0,1.0,0.0
0.9702835232678404,0.6714285714285714,1.0,0.9720921655454517,0.0,0.0,0.9894192189625277,0.03992274185475287,0.03912797847110691,0.0,0.0,0.0,0.0,0.0,0.0,0.0,0.0,0.0,0.0,0.0,0.9861599892127363,0.5447538492112497,0.5766070958641311,0.1442896693229905,0.0,0.0,0.0,1.0,1.0,1.0,0.0
0.9702835232678404,0.6071428571428571,1.0,0.9720921655454517,0.0,0.0,0.9894192189625277,0.009420776846421819,0.008161949699306077,0.0,0.0,0.0,0.0,0.0,0.9755632501790575,0.5,0.0,0.9744839184544943,0.6110779482007547,1.0,0.9861599892127363,0.2065998770327152,0.5537412825673627,0.38044350830796947,0.0,0.0,0.0,1.0,0.0,0.0,0.0
0.0,0.0,0.0,0.0,0.0,0.0,0.0,0.0,0.0,0.0,0.0,0.0,0.0,0.0,0.018314343351476765,0.5,0.0,0.0,0.0,0.0,0.0,0.0011654797683556817,0.026546197042147224,0.014705162146638407,1.0,1.0,1.0,1.0,0.0,1.0,1.0
0.0,0.0,0.0,0.0,0.0,0.0,0.0,0.0,0.0,0.0,0.0,0.0,0.0,0.0,0.018314343351476765,0.5,0.0,0.0,0.0,0.0,0.0,0.0011654797683556817,0.026546197042147224,0.014705162146638407,1.0,1.0,1.0,1.0,0.0,1.0,1.0
0.0,0.0,0.0,0.0,0.0,0.0,0.0,0.0,0.0,0.0,0.0,0.0,0.0,0.0,0.018314343351476765,1.0,1.0,0.0,0.0,0.0,0.0,0.0011654797683556817,0.026546197042147224,0.014705162146638407,1.0,1.0,1.0,1.0,0.0,1.0,1.0
0.0,0.0,0.0,0.0,0.0,0.0,0.0,0.0,0.0,0.0,0.0,0.0,0.0,0.0,0.018314343351476765,0.5,0.0,0.0,0.0,0.0,0.0,0.0011654797683556817,0.026546197042147224,0.014705162146638407,1.0,1.0,1.0,1.0,0.0,1.0,1.0
0.0,0.0,0.0,0.0,0.0,0.0,0.0,0.0,0.0,0.0,0.0,0.0,0.0,0.0,0.018314343351476765,1.0,1.0,0.0,0.0,0.0,0.0,0.0011654797683556817,0.026546197042147224,0.014705162146638407,1.0,1.0,1.0,1.0,0.0,1.0,1.0
0.0,0.0,0.0,0.0,0.0,0.0,0.0,0.0,0.0,0.0,0.0,0.0,0.0,0.0,0.018314343351476765,0.5,0.0,0.0,0.0,0.0,0.0,0.0011654797683556817,0.026546197042147224,0.014705162146638407,1.0,1.0,1.0,1.0,0.0,1.0,1.0
0.0,0.0,0.0,0.0,0.0,0.0,0.0,0.0,0.0,0.0,0.0,0.0,0.0,0.0,0.018314343351476765,1.0,1.0,0.0,0.0,0.0,0.0,0.0011654797683556817,0.026546197042147224,0.014705162146638407,1.0,1.0,1.0,1.0,0.0,1.0,1.0
0.0,0.0,0.0,0.0,0.0,0.0,0.0,0.0,0.0,0.0,0.0,0.0,0.0,0.0,0.018314343351476765,0.5,0.0,0.0,0.0,0.0,0.0,0.0011654797683556817,0.026546197042147224,0.014705162146638407,1.0,1.0,1.0,1.0,0.0,1.0,1.0
0.0,0.0,0.0,0.0,0.0,0.0,0.0,0.0,0.0,0.0,0.0,0.0,0.0,0.0,0.018314343351476765,0.5,0.0,0.0,0.0,0.0,0.0,0.0011654797683556817,0.026546197042147224,0.014705162146638407,1.0,1.0,1.0,1.0,0.0,1.0,1.0
0.0,0.0,0.0,0.0,0.0,0.0,0.0,0.0,0.0,0.0,0.0,0.0,0.0,0.0,0.018314343351476765,0.5,0.0,0.0,0.0,0.0,0.0,0.0011654797683556817,0.026546197042147224,0.014705162146638407,1.0,1.0,1.0,1.0,0.0,1.0,1.0
0.0,0.0,0.0,0.0,0.0,0.0,0.0,0.0,0.0,0.0,0.0,0.0,0.0,0.0,0.018314343351476765,0.5,0.0,0.0,0.0,0.0,0.0,0.0011654797683556817,0.026546197042147224,0.014705162146638407,1.0,1.0,1.0,1.0,0.0,1.0,1.0
0.0,0.0,0.0,0.0,0.0,0.0,0.0,0.0,0.0,0.0,0.0,0.0,0.0,0.0,0.018314343351476765,0.5,0.0,0.0,0.0,0.0,0.0,0.0011654797683556817,0.026546197042147224,0.014705162146638407,1.0,1.0,1.0,1.0,0.0,1.0,1.0
0.0,0.0,0.0,0.0,0.0,0.0,0.0,0.0,0.0,0.0,0.0,0.0,0.0,0.0,0.018314343351476765,1.0,1.0,0.0,0.0,0.0,0.0,0.0011654797683556817,0.026546197042147224,0.014705162146638407,1.0,1.0,1.0,1.0,0.0,1.0,1.0
0.0,0.0,0.0,0.0,0.0,0.0,0.0,0.0,0.0,0.0,0.0,0.0,0.0,0.0,0.018314343351476765,0.5,0.0,0.0,0.0,0.0,0.0,0.0011654797683556817,0.026546197042147224,0.014705162146638407,1.0,1.0,1.0,1.0,0.0,1.0,1.0
0.0,0.0,0.0,0.0,0.0,0.0,0.0,0.0,0.0,0.0,0.0,0.0,0.0,0.0,0.018314343351476765,0.5,0.0,0.0,0.0,0.0,0.0,0.0011654797683556817,0.026546197042147224,0.014705162146638407,1.0,1.0,1.0,1.0,0.0,1.0,1.0
0.0,0.0,0.0,0.0,0.0,0.0,0.0,0.0,0.0,0.018549036886293432,0.6761917845857948,0.7857208251953125,0.6261980343080398,0.42941293167910394,0.018314343351476765,0.5,0.0,0.0,0.0,0.0,0.0,0.0011654797683556817,0.026546197042147224,0.014705162146638407,1.0,1.0,1.0,0.0,0.0,1.0,1.0
0.0,0.0,0.0,0.0,0.0,0.0,0.0,0.0,0.0,0.0,0.0,0.0,0.0,0.0,0.018314343351476765,1.0,1.0,0.0,0.0,0.0,0.0,0.0011654797683556817,0.026546197042147224,0.014705162146638407,1.0,1.0,1.0,1.0,0.0,1.0,1.0
0.0,0.0,0.0,0.0,0.0,0.0,0.0,0.0,0.0,0.018549036886293432,0.6761917845857948,0.7857208251953125,0.6261980343080398,0.42941293167910394,0.018314343351476765,0.5,0.0,0.0,0.0,0.0,0.0,0.0011654797683556817,0.026546197042147224,0.014705162146638407,1.0,1.0,1.0,0.0,0.0,1.0,1.0
0.0,0.0,0.0,0.0,0.0,0.0,0.0,0.0,0.0,0.018549036886293432,0.2558348979560684,0.9745025634765625,0.8742903363653013,0.3338979688382243,0.0,0.0,0.0,0.0,0.0,0.0,0.0,0.0011654797683556817,0.026546197042147224,0.014705162146638407,1.0,1.0,1.0,0.0,1.0,1.0,1.0
0.0,0.0,0.0,0.0,0.0,0.0,0.0,0.0,0.0,0.018549036886293432,0.2558348979560684,0.9745025634765625,0.8742903363653013,0.3338979688382243,0.0,0.0,0.0,0.0,0.0,0.0,0.0,0.0011654797683556817,0.026546197042147224,0.014705162146638407,1.0,1.0,1.0,0.0,1.0,1.0,1.0
0.0,0.0,0.0,0.0,0.0,0.0,0.9332814396752476,0.028277751249421095,0.028224829524538062,0.932003904547922,0.5926943566729251,0.71246337890625,0.6250381539588548,0.21088373086724965,0.0,0.0,0.0,0.0,0.0,0.0,0.9302071324707571,0.706980423585638,0.6010954498804625,0.2017893129827095,1.0,1.0,0.0,0.0,1.0,1.0,0.0
0.0,0.0,0.0,0.0,0.0,0.0,0.0,0.0,0.0,0.0,0.0,0.0,0.0,0.0,0.9202116324120615,0.5,0.0,0.0,0.0,0.0,0.0,0.0011654797683556817,0.026546197042147224,0.014705162146638407,1.0,1.0,1.0,1.0,0.0,1.0,1.0
0.9152314672420745,0.2857142857142857,0.0,0.9169374905700594,0.0,0.0,0.0,0.0,0.0,0.0,0.0,0.0,0.0,0.0,0.9202116324120615,0.5,0.0,0.9191935399326736,0.2802678886602137,1.0,0.0,0.0011654797683556817,0.026546197042147224,0.014705162146638407,0.0,0.0,1.0,1.0,0.0,0.0,1.0
0.0,0.0,0.0,0.9169374905700594,1.0,0.0,0.0,0.0,0.0,0.0,0.0,0.0,0.0,0.0,0.9202116324120615,0.5,0.0,0.9191935399326736,0.3849698970793649,1.0,0.9302071324707571,0.12613914420331274,0.5637131314191719,0.3028283434782526,1.0,0.0,1.0,1.0,0.0,0.0,0.0
0.9152314672420745,0.2857142857142857,0.0,0.9169374905700594,0.0,0.0,0.0,0.0,0.0,0.0,0.0,0.0,0.0,0.0,0.0,0.0,0.0,0.0,0.0,0.0,0.0,0.0011654797683556817,0.026546197042147224,0.014705162146638407,0.0,0.0,1.0,1.0,1.0,1.0,1.0
0.9152314672420745,0.5499999999999999,1.0,0.0,0.0,0.0,0.0,0.0,0.0,0.932003904547922,0.5926943566729251,0.71246337890625,0.6250381539588548,0.21088373086724965,0.0,0.0,0.0,0.0,0.0,0.0,0.0,0.0011654797683556817,0.026546197042147224,0.014705162146638407,0.0,1.0,1.0,0.0,1.0,1.0,1.0
0.0,0.0,0.0,0.0,0.0,0.0,0.9332814396752476,0.02833664631676173,0.028237653089053624,0.932003904547922,0.5926943566729251,0.71246337890625,0.6250381539588548,0.21088373086724965,0.0,0.0,0.0,0.0,0.0,0.0,0.0,0.0011654797683556817,0.026546197042147224,0.014705162146638407,1.0,1.0,0.0,0.0,1.0,1.0,1.0
0.0,0.0,0.0,0.0,0.0,0.0,0.9332814396752476,0.02961115358114549,0.02704921156234223,0.0,0.0,0.0,0.0,0.0,0.0,0.0,0.0,0.0,0.0,0.0,0.9302071324707571,0.7113490541019089,0.6010954498804625,0.2017893129827095,1.0,1.0,0.0,1.0,1.0,1.0,0.0
0.0,0.0,0.0,0.0,0.0,0.0,0.0,0.0,0.0,0.0,0.0,0.0,0.0,0.0,0.9202116324120615,0.5,0.0,0.0,0.0,0.0,0.0,0.0011654797683556817,0.026546197042147224,0.014705162146638407,1.0,1.0,1.0,1.0,0.0,1.0,1.0
0.9152314672420745,0.7642857142857142,1.0,0.0,0.0,0.0,0.0,0.0,0.0,0.0,0.0,0.0,0.0,0.0,0.9202116324120615,1.0,1.0,0.9191935399326736,0.26155992885424384,1.0,0.9302071324707571,0.12916348403307754,0.5637131314191719,0.3028283434782526,0.0,1.0,1.0,1.0,0.0,0.0,0.0
0.9152314672420745,0.4321428571428571,1.0,0.9169374905700594,0.0,0.0,0.0,0.0,0.0,0.0,0.0,0.0,0.0,0.0,0.9202116324120615,1.0,1.0,0.9191935399326736,0.3574584529621738,1.0,0.0,0.0011654797683556817,0.026546197042147224,0.014705162146638407,0.0,0.0,1.0,1.0,0.0,0.0,1.0
0.9152314672420745,0.7107142857142856,1.0,0.9169374905700594,0.0,0.0,0.0,0.0,0.0,0.0,0.0,0.0,0.0,0.0,0.0,0.0,0.0,0.0,0.0,0.0,0.0,0.0011654797683556817,0.026546197042147224,0.014705162146638407,0.0,0.0,1.0,1.0,1.0,1.0,1.0
0.0,0.0,0.0,0.9169374905700594,0.0,0.0,0.0,0.0,0.0,0.932003904547922,0.7573689914670818,0.573150634765625,0.5342164703009584,0.3374536464771323,0.0,0.0,0.0,0.0,0.0,0.0,0.0,0.0011654797683556817,0.026546197042147224,0.014705162146638407,1.0,0.0,1.0,0.0,1.0,1.0,1.0
0.0,0.0,0.0,0.0,0.0,0.0,0.9332814396752476,0.0284850385288613,0.028249676208465826,0.932003904547922,0.7573689914670818,0.573150634765625,0.5342164703009584,0.3374536464771323,0.0,0.0,0.0,0.0,0.0,0.0,0.0,0.0011654797683556817,0.026546197042147224,0.014705162146638407,1.0,1.0,0.0,0.0,1.0,1.0,1.0
0.0,0.0,0.0,0.0,0.0,0.0,0.9332814396752476,0.029696803742675443,0.02718438569233823,0.0,0.0,0.0,0.0,0.0,0.0,0.0,0.0,0.9191935399326736,0.22051598176674814,1.0,0.0,0.0011654797683556817,0.026546197042147224,0.014705162146638407,1.0,1.0,0.0,1.0,1.0,0.0,1.0
0.0,0.0,0.0,0.0,0.0,0.0,0.0,0.0,0.0,0.0,0.0,0.0,0.0,0.0,0.9202116324120615,0.5,0.0,0.0,0.0,0.0,0.0,0.0011654797683556817,0.026546197042147224,0.014705162146638407,1.0,1.0,1.0,1.0,0.0,1.0,1.0
0.0,0.0,0.0,0.9169374905700594,0.0,0.0,0.0,0.0,0.0,0.0,0.0,0.0,0.0,0.0,0.0,0.0,0.0,0.9191935399326736,0.3398086105821396,1.0,0.9302071324707571,0.7108327251893792,0.6010954498804625,0.1667461162016819,1.0,0.0,1.0,1.0,1.0,0.0,0.0
0.9152314672420745,0.3571428571428571,0.0,0.9169374905700594,0.0,0.0,0.0,0.0,0.0,0.0,0.0,0.0,0.0,0.0,0.0,0.0,0.0,0.0,0.0,0.0,0.9302071324707571,0.1189227691829845,0.5637131314191719,0.3241955570682014,0.0,0.0,1.0,1.0,1.0,1.0,0.0
0.9152314672420745,0.14285714285714285,0.0,0.9169374905700594,1.0,0.0,0.0,0.0,0.0,0.0,0.0,0.0,0.0,0.0,0.0,0.0,0.0,0.0,0.0,0.0,0.0,0.0011654797683556817,0.026546197042147224,0.014705162146638407,0.0,0.0,1.0,1.0,1.0,1.0,1.0
0.9152314672420745,0.125,0.0,0.0,0.0,0.0,0.9332814396752476,0.02856303369687078,0.028389731451420385,0.0,0.0,0.0,0.0,0.0,0.0,0.0,0.0,0.0,0.0,0.0,0.0,0.0011654797683556817,0.026546197042147224,0.014705162146638407,0.0,1.0,0.0,1.0,1.0,1.0,1.0
0.8822432617207733,0.6285714285714286,1.0,0.8838877938848482,1.0,0.0,0.0,0.0,0.0,0.0,0.0,0.0,0.0,0.0,0.0,0.0,0.0,0.0,0.0,0.0,0.8966791505758674,0.8559152747442175,0.5429696627901421,0.07679784788349037,0.0,0.0,1.0,1.0,1.0,1.0,0.0
0.8822432617207733,0.6178571428571429,1.0,0.8838877938848482,0.0,0.0,0.8996426487866472,0.013351630976071466,0.012869094067416091,0.0,0.0,0.0,0.0,0.0,0.8870439239802532,1.0,1.0,0.0,0.0,0.0,0.0,0.0011654797683556817,0.026546197042147224,0.014705162146638407,0.0,0.0,0.0,1.0,0.0,1.0,1.0
0.0,0.0,0.0,0.0,0.0,0.0,0.8996426487866472,0.026405897468914277,0.025320733354140378,0.0,0.0,0.0,0.0,0.0,0.8870439239802532,0.5,0.0,0.0,0.0,0.0,0.8966791505758674,0.7986225777354737,0.5777520250639898,0.0719459085627863,1.0,1.0,0.0,1.0,0.0,1.0,0.0
0.0,0.0,0.0,0.0,0.0,0.0,0.0,0.0,0.0,0.0,0.0,0.0,0.0,0.0,0.0,0.0,0.0,0.0,0.0,0.0,0.8966791505758674,0.7039413974117744,0.5243515801500286,0.9534969065937218,1.0,1.0,1.0,1.0,1.0,1.0,0.0
0.8822432617207733,0.8357142857142856,1.0,0.8838877938848482,1.0,0.0,0.0,0.0,0.0,0.0,0.0,0.0,0.0,0.0,0.0,0.0,0.0,0.0,0.0,0.0,0.8966791505758674,0.853504591309541,0.5429696627901421,0.07679784788349037,0.0,0.0,1.0,1.0,1.0,1.0,0.0
0.8822432617207733,0.22499999999999998,0.0,0.8838877938848482,0.0,0.0,0.8996426487866472,0.013449655450425386,0.012896741146486555,0.0,0.0,0.0,0.0,0.0,0.8870439239802532,1.0,1.0,0.0,0.0,0.0,0.0,0.0011654797683556817,0.026546197042147224,0.014705162146638407,0.0,0.0,0.0,1.0,0.0,1.0,1.0
0.0,0.0,0.0,0.0,0.0,0.0,0.8996426487866472,0.026418198836027564,0.025413832214994183,0.0,0.0,0.0,0.0,0.0,0.0,0.0,0.0,0.0,0.0,0.0,0.8966791505758674,0.7171321259914979,0.5243515801500286,0.9534969065937218,1.0,1.0,0.0,1.0,1.0,1.0,0.0
0.0,0.0,0.0,0.0,0.0,0.0,0.0,0.0,0.0,0.0,0.0,0.0,0.0,0.0,0.0,0.0,0.0,0.0,0.0,0.0,0.8966791505758674,0.8065659691436734,0.5777520250639898,0.0719459085627863,1.0,1.0,1.0,1.0,1.0,1.0,0.0
0.8822432617207733,0.22499999999999998,0.0,0.8838877938848482,0.0,0.0,0.0,0.0,0.0,0.0,0.0,0.0,0.0,0.0,0.0,0.0,0.0,0.0,0.0,0.0,0.8966791505758674,0.8548443404912053,0.5429696627901421,0.07679784788349037,0.0,0.0,1.0,1.0,1.0,1.0,0.0
0.8822432617207733,0.9892857142857142,1.0,0.8838877938848482,0.0,0.0,0.8996426487866472,0.013517036087268,0.013078276035141292,0.0,0.0,0.0,0.0,0.0,0.8870439239802532,0.5,0.0,0.0,0.0,0.0,0.0,0.0011654797683556817,0.026546197042147224,0.014705162146638407,0.0,0.0,0.0,1.0,0.0,1.0,1.0
0.0,0.0,0.0,0.0,0.0,0.0,0.8996426487866472,0.02661710177385572,0.025644476933016542,0.0,0.0,0.0,0.0,0.0,0.0,0.0,0.0,0.0,0.0,0.0,0.8966791505758674,0.7145620006708878,0.5243515801500286,0.9534969065937218,1.0,1.0,0.0,1.0,1.0,1.0,0.0
0.0,0.0,0.0,0.0,0.0,0.0,0.0,0.0,0.0,0.0,0.0,0.0,0.0,0.0,0.0,0.0,0.0,0.0,0.0,0.0,0.8966791505758674,0.8038622844433966,0.5777520250639898,0.0719459085627863,1.0,1.0,1.0,1.0,1.0,1.0,0.0
0.0,0.0,0.0,0.8838877938848482,0.0,0.0,0.0,0.0,0.0,0.0,0.0,0.0,0.0,0.0,0.0,0.0,0.0,0.0,0.0,0.0,0.8966791505758674,0.8599618501182295,0.5429696627901421,0.08932555967524564,1.0,0.0,1.0,1.0,1.0,1.0,0.0
0.8822432617207733,0.3571428571428571,0.0,0.8838877938848482,1.0,0.0,0.0,0.0,0.0,0.0,0.0,0.0,0.0,0.0,0.0,0.0,0.0,0.0,0.0,0.0,0.0,0.0011654797683556817,0.026546197042147224,0.014705162146638407,0.0,0.0,1.0,1.0,1.0,1.0,1.0
0.8822432617207733,0.48571428571428565,1.0,0.0,0.0,0.0,0.8996426487866472,0.01366626647370919,0.013218407065406446,0.0,0.0,0.0,0.0,0.0,0.8870439239802532,0.5,0.0,0.0,0.0,0.0,0.0,0.0011654797683556817,0.026546197042147224,0.014705162146638407,0.0,1.0,0.0,1.0,0.0,1.0,1.0
0.0,0.0,0.0,0.0,0.0,0.0,0.8996426487866472,0.02683526335680609,0.02569915303730824,0.0,0.0,0.0,0.0,0.0,0.8870439239802532,1.0,1.0,0.0,0.0,0.0,0.8966791505758674,0.7096794410294566,0.5243515801500286,0.9534969065937218,1.0,1.0,0.0,1.0,0.0,1.0,0.0
0.0,0.0,0.0,0.0,0.0,0.0,0.0,0.0,0.0,0.0,0.0,0.0,0.0,0.0,0.0,0.0,0.0,0.0,0.0,0.0,0.8966791505758674,0.8151064748636084,0.5777520250639898,0.0719459085627863,1.0,1.0,1.0,1.0,1.0,1.0,0.0
0.0,0.0,0.0,0.8838877938848482,0.0,0.0,0.0,0.0,0.0,0.0,0.0,0.0,0.0,0.0,0.0,0.0,0.0,0.0,0.0,0.0,0.8966791505758674,0.8523064433726456,0.5379968334209247,0.04536357914212606,1.0,0.0,1.0,1.0,1.0,1.0,0.0
0.8822432617207733,0.09285714285714286,0.0,0.8838877938848482,1.0,0.0,0.0,0.0,0.0,0.0,0.0,0.0,0.0,0.0,0.0,0.0,0.0,0.0,0.0,0.0,0.0,0.0011654797683556817,0.026546197042147224,0.014705162146638407,0.0,0.0,1.0,1.0,1.0,1.0,1.0
0.8822432617207733,0.07142857142857142,0.0,0.0,0.0,0.0,0.8996426487866472,0.013771892840274916,0.01333160756282624,0.0,0.0,0.0,0.0,0.0,0.8870439239802532,1.0,1.0,0.0,0.0,0.0,0.8966791505758674,0.8507742984866228,0.5379968334209247,0.08672280612026266,0.0,1.0,0.0,1.0,0.0,1.0,0.0
0.9374865537205757,0.21428571428571427,0.0,0.0,0.0,0.0,0.0,0.0,0.0,0.9546668354418054,0.18754102364488406,0.8226470947265625,0.2586227947011782,0.8497001327656458,0.0,0.0,0.0,0.0,0.0,0.0,0.9528263724302807,0.041525472787637185,0.42252028301178096,0.6506362745059142,0.0,1.0,1.0,0.0,1.0,1.0,0.0
0.9374865537205757,0.8571428571428571,1.0,0.0,0.0,0.0,0.0,0.0,0.0,0.0,0.0,0.0,0.0,0.0,0.0,0.0,0.0,0.0,0.0,0.0,0.0,0.0011654797683556817,0.026546197042147224,0.014705162146638407,0.0,1.0,1.0,1.0,1.0,1.0,1.0
0.9374865537205757,0.8321428571428571,1.0,0.0,0.0,0.0,0.0,0.0,0.0,0.0,0.0,0.0,0.0,0.0,0.0,0.0,0.0,0.0,0.0,0.0,0.0,0.0011654797683556817,0.026546197042147224,0.014705162146638407,0.0,1.0,1.0,1.0,1.0,1.0,1.0
0.9374865537205757,0.07142857142857142,0.0,0.9392340613047925,0.0,0.0,0.9559754355573395,0.04075582042574884,0.04221961315224787,0.0,0.0,0.0,0.0,0.0,0.9425878183178684,1.0,1.0,0.9415449695478777,0.6790539748469828,1.0,0.0,0.0011654797683556817,0.026546197042147224,0.014705162146638407,0.0,0.0,0.0,1.0,0.0,0.0,1.0
0.0,0.0,0.0,0.9392340613047925,0.0,0.0,0.0,0.0,0.0,0.0,0.0,0.0,0.0,0.0,0.0,0.0,0.0,0.0,0.0,0.0,0.0,0.0011654797683556817,0.026546197042147224,0.014705162146638407,1.0,0.0,1.0,1.0,1.0,1.0,1.0
0.9374865537205757,0.9464285714285714,1.0,0.9392340613047925,0.0,0.0,0.0,0.0,0.0,0.0,0.0,0.0,0.0,0.0,0.0,0.0,0.0,0.0,0.0,0.0,0.9528263724302807,0.04726041398489922,0.42252028301178096,0.6506362745059142,0.0,0.0,1.0,1.0,1.0,1.0,0.0
0.9374865537205757,0.15357142857142855,0.0,0.0,0.0,0.0,0.0,0.0,0.0,0.0,0.0,0.0,0.0,0.0,0.0,0.0,0.0,0.0,0.0,0.0,0.9528263724302807,0.3090894122138743,0.6889955952731078,0.7533736752136441,0.0,1.0,1.0,1.0,1.0,1.0,0.0
0.9374865537205757,0.6607142857142857,1.0,0.0,0.0,0.0,0.0,0.0,0.0,0.9546668354418054,0.18754102364488406,0.8226470947265625,0.2586227947011782,0.8497001327656458,0.0,0.0,0.0,0.0,0.0,0.0,0.9528263724302807,0.8277291446499214,0.4801091583178021,0.31327447741450254,0.0,1.0,1.0,0.0,1.0,1.0,0.0
0.9374865537205757,0.6178571428571429,1.0,0.9392340613047925,0.0,0.0,0.9559754355573395,0.04229536832062182,0.041879880849515716,0.9546668354418054,0.9763551159347285,0.0394439697265625,0.8849276600940114,0.140289032336828,0.0,0.0,0.0,0.0,0.0,0.0,0.0,0.0011654797683556817,0.026546197042147224,0.014705162146638407,0.0,0.0,0.0,0.0,1.0,1.0,1.0
0.9374865537205757,0.28928571428571426,0.0,0.0,0.0,0.0,0.0,0.0,0.0,0.0,0.0,0.0,0.0,0.0,0.0,0.0,0.0,0.0,0.0,0.0,0.0,0.0011654797683556817,0.026546197042147224,0.014705162146638407,0.0,1.0,1.0,1.0,1.0,1.0,1.0
0.9374865537205757,0.49642857142857144,1.0,0.0,0.0,0.0,0.0,0.0,0.0,0.0,0.0,0.0,0.0,0.0,0.0,0.0,0.0,0.0,0.0,0.0,0.0,0.0011654797683556817,0.026546197042147224,0.014705162146638407,0.0,1.0,1.0,1.0,1.0,1.0,1.0
0.9374865537205757,0.5678571428571428,1.0,0.9392340613047925,0.0,0.0,0.9559754355573395,0.042379993757349396,0.04198344449326184,0.9546668354418054,0.9763551159347285,0.0394439697265625,0.8849276600940114,0.140289032336828,0.0,0.0,0.0,0.0,0.0,0.0,0.0,0.0011654797683556817,0.026546197042147224,0.014705162146638407,0.0,0.0,0.0,0.0,1.0,1.0,1.0
0.9374865537205757,0.6607142857142857,1.0,0.0,0.0,0.0,0.0,0.0,0.0,0.0,0.0,0.0,0.0,0.0,0.9425878183178684,0.5,0.0,0.9415449695478777,0.09094020064232877,0.5,0.9528263724302807,0.06802689731721223,0.41829364174456113,0.6085560583328291,0.0,1.0,1.0,1.0,0.0,0.0,0.0
0.9374865537205757,0.6,1.0,0.0,0.0,0.0,0.0,0.0,0.0,0.0,0.0,0.0,0.0,0.0,0.9425878183178684,0.5,0.0,0.0,0.0,0.0,0.9528263724302807,0.8377086500816399,0.4801091583178021,0.31327447741450254,0.0,1.0,1.0,1.0,0.0,1.0,0.0
0.9374865537205757,0.907142857142857,1.0,0.0,0.0,0.0,0.0,0.0,0.0,0.0,0.0,0.0,0.0,0.0,0.0,0.0,0.0,0.9415449695478777,0.6567605239349055,1.0,0.9528263724302807,0.2983733641347789,0.6889955952731078,0.7533736752136441,0.0,1.0,1.0,1.0,1.0,0.0,0.0
0.9374865537205757,0.6892857142857143,1.0,0.9392340613047925,0.0,0.0,0.9559754355573395,0.040922051396202135,0.04237302281879238,0.9546668354418054,0.9763551159347285,0.0394439697265625,0.8849276600940114,0.140289032336828,0.0,0.0,0.0,0.0,0.0,0.0,0.0,0.0011654797683556817,0.026546197042147224,0.014705162146638407,0.0,0.0,0.0,0.0,1.0,1.0,1.0
0.0,0.0,0.0,0.9392340613047925,0.0,0.0,0.0,0.0,0.0,0.0,0.0,0.0,0.0,0.0,0.0,0.0,0.0,0.0,0.0,0.0,0.0,0.0011654797683556817,0.026546197042147224,0.014705162146638407,1.0,0.0,1.0,1.0,1.0,1.0,1.0
0.9374865537205757,0.7607142857142857,1.0,0.9392340613047925,0.0,0.0,0.0,0.0,0.0,0.9546668354418054,0.9520385889392621,0.4433441162109375,0.486020389475612,0.3464267728791833,0.9425878183178684,0.5,0.0,0.9415449695478777,0.5969180296887764,0.5,0.0,0.0011654797683556817,0.026546197042147224,0.014705162146638407,0.0,0.0,1.0,0.0,0.0,0.0,1.0
0.0,0.0,0.0,0.0,0.0,0.0,0.0,0.0,0.0,0.0,0.0,0.0,0.0,0.0,0.9425878183178684,1.0,1.0,0.9415449695478777,0.6378396494747802,1.0,0.9528263724302807,0.28490173730792545,0.6889955952731078,0.7533736752136441,1.0,1.0,1.0,1.0,0.0,0.0,0.0
0.0,0.0,0.0,0.0,0.0,0.0,0.9559754355573395,0.04102405987136831,0.04239977088714146,0.0,0.0,0.0,0.0,0.0,0.0,0.0,0.0,0.0,0.0,0.0,0.9528263724302807,0.8281289733909297,0.4801091583178021,0.34791131199741443,1.0,1.0,0.0,1.0,1.0,1.0,0.0
0.936912845798466,0.21428571428571427,0.0,0.0,0.0,0.0,0.0,0.0,0.0,0.0,0.0,0.0,0.0,0.0,0.0,0.0,0.0,0.0,0.0,0.0,0.0,0.0011654797683556817,0.026546197042147224,0.014705162146638407,0.0,1.0,1.0,1.0,1.0,1.0,1.0
0.936912845798466,0.07142857142857142,0.0,0.0,0.0,0.0,0.0,0.0,0.0,0.0,0.0,0.0,0.0,0.0,0.0,0.0,0.0,0.0,0.0,0.0,0.0,0.0011654797683556817,0.026546197042147224,0.014705162146638407,0.0,1.0,1.0,1.0,1.0,1.0,1.0
0.936912845798466,0.2785714285714285,0.0,0.0,0.0,0.0,0.955390413107103,0.018064977069134843,0.017433594558783547,0.9540826138075915,0.1252308772572545,0.9332275390625,0.6584762834991759,0.3095270796136062,0.0,0.0,0.0,0.0,0.0,0.0,0.9522432770929782,0.29103951149498863,0.5537348811370989,0.9292100994547463,0.0,1.0,0.0,0.0,1.0,1.0,0.0
0.936912845798466,0.07142857142857142,0.0,0.9386592839711366,0.0,0.0,0.955390413107103,0.017640058393132246,0.01778011133643354,0.9540826138075915,0.1252308772572545,0.9332275390625,0.6584762834991759,0.3095270796136062,0.0,0.0,0.0,0.0,0.0,0.0,0.9522432770929782,0.038062995283924095,0.5349410047323905,0.9352046536274179,0.0,0.0,0.0,0.0,1.0,1.0,0.0
0.936912845798466,0.8964285714285715,1.0,0.9386592839711366,0.0,0.0,0.0,0.0,0.0,0.0,0.0,0.0,0.0,0.0,0.0,0.0,0.0,0.0,0.0,0.0,0.9522432770929782,0.5897379445424821,0.5385679153868985,0.37362998760796184,0.0,0.0,1.0,1.0,1.0,1.0,0.0
0.0,0.0,0.0,0.9386592839711366,0.0,0.0,0.0,0.0,0.0,0.0,0.0,0.0,0.0,0.0,0.0,0.0,0.0,0.0,0.0,0.0,0.0,0.0011654797683556817,0.026546197042147224,0.014705162146638407,1.0,0.0,1.0,1.0,1.0,1.0,1.0
0.936912845798466,0.19642857142857142,0.0,0.9386592839711366,0.0,0.0,0.0,0.0,0.0,0.0,0.0,0.0,0.0,0.0,0.0,0.0,0.0,0.0,0.0,0.0,0.0,0.0011654797683556817,0.026546197042147224,0.014705162146638407,0.0,0.0,1.0,1.0,1.0,1.0,1.0
0.936912845798466,0.14285714285714285,0.0,0.0,0.0,0.0,0.0,0.0,0.0,0.0,0.0,0.0,0.0,0.0,0.9420109886060108,0.5,0.0,0.9409687780218144,0.5199435120214821,1.0,0.9522432770929782,0.2992017491302519,0.5537348811370989,0.9292100994547463,0.0,1.0,1.0,1.0,0.0,0.0,0.0
0.936912845798466,0.6285714285714286,1.0,0.0,0.0,0.0,0.0,0.0,0.0,0.0,0.0,0.0,0.0,0.0,0.0,0.0,0.0,0.0,0.0,0.0,0.0,0.0011654797683556817,0.026546197042147224,0.014705162146638407,0.0,1.0,1.0,1.0,1.0,1.0,1.0
0.936912845798466,0.557142857142857,1.0,0.9386592839711366,1.0,0.0,0.0,0.0,0.0,0.0,0.0,0.0,0.0,0.0,0.0,0.0,0.0,0.0,0.0,0.0,0.0,0.0011654797683556817,0.026546197042147224,0.014705162146638407,0.0,0.0,1.0,1.0,1.0,1.0,1.0
0.0,0.0,0.0,0.9386592839711366,0.0,0.0,0.0,0.0,0.0,0.0,0.0,0.0,0.0,0.0,0.0,0.0,0.0,0.0,0.0,0.0,0.0,0.0011654797683556817,0.026546197042147224,0.014705162146638407,1.0,0.0,1.0,1.0,1.0,1.0,1.0
0.0,0.0,0.0,0.9386592839711366,0.0,0.0,0.0,0.0,0.0,0.0,0.0,0.0,0.0,0.0,0.0,0.0,0.0,0.0,0.0,0.0,0.0,0.0011654797683556817,0.026546197042147224,0.014705162146638407,1.0,0.0,1.0,1.0,1.0,1.0,1.0
0.936912845798466,0.5392857142857143,1.0,0.9386592839711366,0.0,0.0,0.955390413107103,0.017650797207088977,0.017793445233912058,0.0,0.0,0.0,0.0,0.0,0.0,0.0,0.0,0.0,0.0,0.0,0.0,0.0011654797683556817,0.026546197042147224,0.014705162146638407,0.0,0.0,0.0,1.0,1.0,1.0,1.0
0.0,0.0,0.0,0.0,0.0,0.0,0.955390413107103,0.018342169025470336,0.017510172023963867,0.0,0.0,0.0,0.0,0.0,0.0,0.0,0.0,0.0,0.0,0.0,0.9522432770929782,0.04504024162200526,0.5349410047323905,0.9352046536274179,1.0,1.0,0.0,1.0,1.0,1.0,0.0
0.0,0.0,0.0,0.0,0.0,0.0,0.0,0.0,0.0,0.9540826138075915,0.1252308772572545,0.9332275390625,0.6584762834991759,0.3095270796136062,0.0,0.0,0.0,0.0,0.0,0.0,0.9522432770929782,0.6022366222502843,0.5385679153868985,0.37362998760796184,1.0,1.0,1.0,0.0,1.0,1.0,0.0
0.936912845798466,0.33928571428571425,0.0,0.0,0.0,0.0,0.955390413107103,0.01837025215021241,0.017525931554834413,0.9540826138075915,0.09668605272397002,0.6947479248046875,0.3609669739332153,0.900425765691526,0.9420109886060108,1.0,1.0,0.9409687780218144,0.30467681507348665,1.0,0.9522432770929782,0.3152727288426377,0.5537348811370989,0.9292100994547463,0.0,1.0,0.0,0.0,0.0,0.0,0.0
0.0,0.0,0.0,0.0,0.0,0.0,0.0,0.0,0.0,0.9540826138075915,0.09668605272397002,0.6947479248046875,0.3609669739332153,0.900425765691526,0.0,0.0,0.0,0.0,0.0,0.0,0.9522432770929782,0.5960443493484532,0.5385679153868985,0.3856580593209479,1.0,1.0,1.0,0.0,1.0,1.0,0.0
0.936912845798466,0.38571428571428573,0.0,0.0,0.0,0.0,0.955390413107103,0.017654486201842155,0.017992977933419845,0.9540826138075915,0.09668605272397002,0.6947479248046875,0.3609669739332153,0.900425765691526,0.0,0.0,0.0,0.0,0.0,0.0,0.0,0.0011654797683556817,0.026546197042147224,0.014705162146638407,0.0,1.0,0.0,0.0,1.0,1.0,1.0
0.936912845798466,0.42142857142857143,0.0,0.0,0.0,0.0,0.0,0.0,0.0,0.0,0.0,0.0,0.0,0.0,0.0,0.0,0.0,0.0,0.0,0.0,0.0,0.0011654797683556817,0.026546197042147224,0.014705162146638407,0.0,1.0,1.0,1.0,1.0,1.0,1.0
0.936912845798466,0.6285714285714286,1.0,0.0,0.0,0.0,0.0,0.0,0.0,0.0,0.0,0.0,0.0,0.0,0.0,0.0,0.0,0.0,0.0,0.0,0.9522432770929782,0.05263877350544244,0.5349410047323905,0.9352046536274179,0.0,1.0,1.0,1.0,1.0,1.0,0.0
0.0,0.0,0.0,0.0,0.0,0.0,0.9333058156106742,0.02898999103905696,0.028777475848546088,0.9320282471160143,0.8388667552014165,0.3382720947265625,0.6560649532995544,0.7450289184941019,0.0,0.0,0.0,0.0,0.0,0.0,0.0,0.0011654797683556817,0.026546197042147224,0.014705162146638407,1.0,1.0,0.0,0.0,1.0,1.0,1.0
0.9152553717388291,0.14285714285714285,0.0,0.9169614396256284,0.0,0.0,0.9333058156106742,0.029883604429670908,0.027498682847120395,0.0,0.0,0.0,0.0,0.0,0.0,0.0,0.0,0.9192175479129263,0.3775775755128077,1.0,0.9302314281098114,0.693333501960888,0.6010954498804625,0.1667461162016819,0.0,0.0,0.0,1.0,1.0,0.0,0.0
0.0,0.0,0.0,0.0,0.0,0.0,0.0,0.0,0.0,0.0,0.0,0.0,0.0,0.0,0.9202356669833889,0.5,0.0,0.0,0.0,0.0,0.0,0.0011654797683556817,0.026546197042147224,0.014705162146638407,1.0,1.0,1.0,1.0,0.0,1.0,1.0
0.9152553717388291,0.4678571428571428,1.0,0.9169614396256284,0.0,0.0,0.0,0.0,0.0,0.0,0.0,0.0,0.0,0.0,0.0,0.0,0.0,0.9192175479129263,0.1857057480793607,1.0,0.9302314281098114,0.1153825243188531,0.5681364186866376,0.35387329344684315,0.0,0.0,1.0,1.0,1.0,0.0,0.0
0.9152553717388291,0.16785714285714284,0.0,0.9169614396256284,1.0,0.0,0.0,0.0,0.0,0.0,0.0,0.0,0.0,0.0,0.0,0.0,0.0,0.9192175479129263,0.35734672928807676,1.0,0.9302314281098114,0.7027959584453661,0.5923383587122895,0.11879469002459421,0.0,0.0,1.0,1.0,1.0,0.0,0.0
0.9152553717388291,0.3821428571428571,0.0,0.9169614396256284,1.0,0.0,0.0,0.0,0.0,0.0,0.0,0.0,0.0,0.0,0.9202356669833889,0.5,0.0,0.9192175479129263,0.09094020064232877,0.5,0.9302314281098114,0.11100366491002578,0.5681364186866376,0.35387329344684315,0.0,0.0,1.0,1.0,0.0,0.0,0.0
0.9152553717388291,0.2571428571428571,0.0,0.9169614396256284,0.0,0.0,0.0,0.0,0.0,0.0,0.0,0.0,0.0,0.0,0.0,0.0,0.0,0.0,0.0,0.0,0.0,0.0011654797683556817,0.026546197042147224,0.014705162146638407,0.0,0.0,1.0,1.0,1.0,1.0,1.0
0.0,0.0,0.0,0.0,0.0,0.0,0.0,0.0,0.0,0.0,0.0,0.0,0.0,0.0,0.9202356669833889,0.5,0.0,0.0,0.0,0.0,0.0,0.0011654797683556817,0.026546197042147224,0.014705162146638407,1.0,1.0,1.0,1.0,0.0,1.0,1.0
0.9152553717388291,0.5607142857142856,1.0,0.9169614396256284,0.0,0.0,0.9333058156106742,0.029338692557867162,0.028887151274719882,0.9320282471160143,0.9514890629054662,0.087677001953125,0.5691502350283866,0.6396862457843093,0.9202356669833889,0.5,0.0,0.0,0.0,0.0,0.0,0.0011654797683556817,0.026546197042147224,0.014705162146638407,0.0,0.0,0.0,0.0,0.0,1.0,1.0
0.0,0.0,0.0,0.0,0.0,0.0,0.9333058156106742,0.03005268918211562,0.02763937141491162,0.9320282471160143,0.9514890629054662,0.087677001953125,0.5691502350283866,0.6396862457843093,0.9202356669833889,1.0,1.0,0.9192175479129263,0.33716625756868845,1.0,0.9302314281098114,0.6910467702197388,0.5923383587122895,0.10645821826650903,1.0,1.0,0.0,0.0,0.0,0.0,0.0
0.9152553717388291,0.5392857142857143,1.0,0.9169614396256284,0.0,0.0,0.0,0.0,0.0,0.0,0.0,0.0,0.0,0.0,0.0,0.0,0.0,0.9192175479129263,0.8128701647546612,0.5,0.9302314281098114,0.11469328627746833,0.5681364186866376,0.35387329344684315,0.0,0.0,1.0,1.0,1.0,0.0,0.0
0.9152553717388291,0.125,0.0,0.0,0.0,0.0,0.0,0.0,0.0,0.0,0.0,0.0,0.0,0.0,0.0,0.0,0.0,0.0,0.0,0.0,0.0,0.0011654797683556817,0.026546197042147224,0.014705162146638407,0.0,1.0,1.0,1.0,1.0,1.0,1.0
0.0,0.0,0.0,0.0,0.0,0.0,0.0,0.0,0.0,0.0,0.0,0.0,0.0,0.0,0.9202356669833889,1.0,1.0,0.0,0.0,0.0,0.0,0.0011654797683556817,0.026546197042147224,0.014705162146638407,1.0,1.0,1.0,1.0,0.0,1.0,1.0
0.9152553717388291,0.5178571428571428,1.0,0.9169614396256284,0.0,0.0,0.0,0.0,0.0,0.0,0.0,0.0,0.0,0.0,0.0,0.0,0.0,0.0,0.0,0.0,0.0,0.0011654797683556817,0.026546197042147224,0.014705162146638407,0.0,0.0,1.0,1.0,1.0,1.0,1.0
0.0,0.0,0.0,0.9169614396256284,0.0,0.0,0.9333058156106742,0.030122490694284094,0.027713186168033376,0.0,0.0,0.0,0.0,0.0,0.9202356669833889,0.5,0.0,0.0,0.0,0.0,0.0,0.0011654797683556817,0.026546197042147224,0.014705162146638407,1.0,0.0,0.0,1.0,0.0,1.0,1.0
0.0,0.0,0.0,0.0,0.0,0.0,0.9333058156106742,0.029430744038005555,0.029044703407180284,0.9320282471160143,0.9514890629054662,0.087677001953125,0.5691502350283866,0.6396862457843093,0.0,0.0,0.0,0.0,0.0,0.0,0.0,0.0011654797683556817,0.026546197042147224,0.014705162146638407,1.0,1.0,0.0,0.0,1.0,1.0,1.0
0.0,0.0,0.0,0.0,0.0,0.0,0.0,0.0,0.0,0.9320282471160143,0.9514890629054662,0.087677001953125,0.5691502350283866,0.6396862457843093,0.0,0.0,0.0,0.9192175479129263,0.315010133634797,1.0,0.9302314281098114,0.7070000979677323,0.5923383587122895,0.10645821826650903,1.0,1.0,1.0,0.0,1.0,0.0,0.0
0.9152553717388291,0.7214285714285713,1.0,0.9169614396256284,0.0,0.0,0.0,0.0,0.0,0.0,0.0,0.0,0.0,0.0,0.0,0.0,0.0,0.9192175479129263,0.8100634427849607,1.0,0.9302314281098114,0.11753263168990058,0.5681364186866376,0.35387329344684315,0.0,0.0,1.0,1.0,1.0,0.0,0.0
0.9152553717388291,0.8357142857142856,1.0,0.9169614396256284,0.0,0.0,0.0,0.0,0.0,0.0,0.0,0.0,0.0,0.0,0.0,0.0,0.0,0.0,0.0,0.0,0.0,0.0011654797683556817,0.026546197042147224,0.014705162146638407,0.0,0.0,1.0,1.0,1.0,1.0,1.0
0.9152553717388291,0.22499999999999998,0.0,0.9169614396256284,1.0,0.0,0.0,0.0,0.0,0.0,0.0,0.0,0.0,0.0,0.0,0.0,0.0,0.0,0.0,0.0,0.0,0.0011654797683556817,0.026546197042147224,0.014705162146638407,0.0,0.0,1.0,1.0,1.0,1.0,1.0
0.0,0.0,0.0,0.0,0.0,0.0,0.018623214665862805,0.0027856352738133273,0.0027316645663828243,0.0,0.0,0.0,0.0,0.0,0.0,0.0,0.0,0.0,0.0,0.0,0.0,0.0011654797683556817,0.026546197042147224,0.014705162146638407,1.0,1.0,0.0,1.0,1.0,1.0,1.0
0.0,0.0,0.0,0.0,0.0,0.0,0.018623214665862805,0.0030453002098719574,0.002773306003983577,0.0,0.0,0.0,0.0,0.0,0.0,0.0,0.0,0.0,0.0,0.0,0.0,0.0011654797683556817,0.026546197042147224,0.014705162146638407,1.0,1.0,0.0,1.0,1.0,1.0,1.0
0.0,0.0,0.0,0.0,0.0,0.0,0.018623214665862805,0.0021220731591264845,0.002577412541916898,0.0,0.0,0.0,0.0,0.0,0.0,0.0,0.0,0.0,0.0,0.0,0.0,0.0011654797683556817,0.026546197042147224,0.014705162146638407,1.0,1.0,0.0,1.0,1.0,1.0,1.0
0.0,0.0,0.0,0.0,0.0,0.0,0.018623214665862805,0.0024177799298220003,0.002440061032782822,0.0,0.0,0.0,0.0,0.0,0.0,0.0,0.0,0.0,0.0,0.0,0.0,0.0011654797683556817,0.026546197042147224,0.014705162146638407,1.0,1.0,0.0,1.0,1.0,1.0,1.0
0.0,0.0,0.0,0.0,0.0,0.0,0.018623214665862805,0.0026610884345736915,0.0026505888249412184,0.0,0.0,0.0,0.0,0.0,0.0,0.0,0.0,0.0,0.0,0.0,0.0,0.0011654797683556817,0.026546197042147224,0.014705162146638407,1.0,1.0,0.0,1.0,1.0,1.0,1.0
0.0,0.0,0.0,0.0,0.0,0.0,0.018623214665862805,0.002074049829804737,0.002371389105117916,0.0,0.0,0.0,0.0,0.0,0.0,0.0,0.0,0.0,0.0,0.0,0.0,0.0011654797683556817,0.026546197042147224,0.014705162146638407,1.0,1.0,0.0,1.0,1.0,1.0,1.0
0.0,0.0,0.0,0.0,0.0,0.0,0.018623214665862805,0.0022949788310804493,0.0024180167764673056,0.0,0.0,0.0,0.0,0.0,0.0,0.0,0.0,0.0,0.0,0.0,0.0,0.0011654797683556817,0.026546197042147224,0.014705162146638407,1.0,1.0,0.0,1.0,1.0,1.0,1.0
0.0,0.0,0.0,0.0,0.0,0.0,0.018623214665862805,0.002168277907620838,0.002273153424663242,0.0,0.0,0.0,0.0,0.0,0.0,0.0,0.0,0.0,0.0,0.0,0.0,0.0011654797683556817,0.026546197042147224,0.014705162146638407,1.0,1.0,0.0,1.0,1.0,1.0,1.0
0.0,0.0,0.0,0.0,0.0,0.0,0.018623214665862805,0.002249107349349957,0.0019117944374005894,0.0,0.0,0.0,0.0,0.0,0.0,0.0,0.0,0.0,0.0,0.0,0.0,0.0011654797683556817,0.026546197042147224,0.014705162146638407,1.0,1.0,0.0,1.0,1.0,1.0,1.0
0.0,0.0,0.0,0.0,0.0,0.0,0.018623214665862805,0.0021736635333370335,0.002166303497377696,0.0,0.0,0.0,0.0,0.0,0.0,0.0,0.0,0.0,0.0,0.0,0.0,0.0011654797683556817,0.026546197042147224,0.014705162146638407,1.0,1.0,0.0,1.0,1.0,1.0,1.0
0.0,0.0,0.0,0.0,0.0,0.0,0.018623214665862805,0.0018521283231718916,0.002060603068952928,0.0,0.0,0.0,0.0,0.0,0.0,0.0,0.0,0.0,0.0,0.0,0.0,0.0011654797683556817,0.026546197042147224,0.014705162146638407,1.0,1.0,0.0,1.0,1.0,1.0,1.0
0.0,0.0,0.0,0.0,0.0,0.0,0.018623214665862805,0.0019164923038489682,0.0019303945001098548,0.0,0.0,0.0,0.0,0.0,0.0,0.0,0.0,0.0,0.0,0.0,0.0,0.0011654797683556817,0.026546197042147224,0.014705162146638407,1.0,1.0,0.0,1.0,1.0,1.0,1.0
0.0,0.0,0.0,0.0,0.0,0.0,0.018623214665862805,0.0018169201623653858,0.0018310536506032857,0.0,0.0,0.0,0.0,0.0,0.0,0.0,0.0,0.0,0.0,0.0,0.0,0.0011654797683556817,0.026546197042147224,0.014705162146638407,1.0,1.0,0.0,1.0,1.0,1.0,1.0
0.0,0.0,0.0,0.0,0.0,0.0,0.018623214665862805,0.007769485434504991,0.009067044883786474,0.0,0.0,0.0,0.0,0.0,0.0,0.0,0.0,0.0,0.0,0.0,0.0,0.0011654797683556817,0.026546197042147224,0.014705162146638407,1.0,1.0,0.0,1.0,1.0,1.0,1.0
0.0,0.0,0.0,0.0,0.0,0.0,0.018623214665862805,0.008149952352022765,0.009101324588495514,0.0,0.0,0.0,0.0,0.0,0.0,0.0,0.0,0.0,0.0,0.0,0.0,0.0011654797683556817,0.026546197042147224,0.014705162146638407,1.0,1.0,0.0,1.0,1.0,1.0,1.0
0.0,0.0,0.0,0.0,0.0,0.0,0.018623214665862805,0.008748800060274656,0.008441056639640902,0.0,0.0,0.0,0.0,0.0,0.0,0.0,0.0,0.0,0.0,0.0,0.0,0.0011654797683556817,0.026546197042147224,0.014705162146638407,1.0,1.0,0.0,1.0,1.0,1.0,1.0
0.0,0.0,0.0,0.0,0.0,0.0,0.018623214665862805,0.00931203473613258,0.009198502835466964,0.0,0.0,0.0,0.0,0.0,0.0,0.0,0.0,0.0,0.0,0.0,0.0,0.0011654797683556817,0.026546197042147224,0.014705162146638407,1.0,1.0,0.0,1.0,1.0,1.0,1.0
0.0,0.0,0.0,0.0,0.0,0.0,0.018623214665862805,0.008072932750223744,0.00995872511004324,0.0,0.0,0.0,0.0,0.0,0.0,0.0,0.0,0.0,0.0,0.0,0.0,0.0011654797683556817,0.026546197042147224,0.014705162146638407,1.0,1.0,0.0,1.0,1.0,1.0,1.0
0.0,0.0,0.0,0.0,0.0,0.0,0.018623214665862805,0.01006634378228124,0.00866233753239944,0.0,0.0,0.0,0.0,0.0,0.0,0.0,0.0,0.0,0.0,0.0,0.0,0.0011654797683556817,0.026546197042147224,0.014705162146638407,1.0,1.0,0.0,1.0,1.0,1.0,1.0
0.0,0.0,0.0,0.0,0.0,0.0,0.018623214665862805,0.009282199253669193,0.008447630158867639,0.0,0.0,0.0,0.0,0.0,0.0,0.0,0.0,0.0,0.0,0.0,0.0,0.0011654797683556817,0.026546197042147224,0.014705162146638407,1.0,1.0,0.0,1.0,1.0,1.0,1.0
0.0,0.0,0.0,0.0,0.0,0.0,0.8925004997066763,0.23150959818808978,0.2289074291501997,0.0,0.0,0.0,0.0,0.0,0.8800017945813258,1.0,1.0,0.0,0.0,0.0,0.0,0.0011654797683556817,0.026546197042147224,0.014705162146638407,1.0,1.0,0.0,1.0,0.0,1.0,1.0
0.0,0.0,0.0,0.0,0.0,0.0,0.8925004997066763,0.16388314056886333,0.16512134458643582,0.8912787881295902,0.862771137671536,0.5330657958984375,0.580565899517734,0.7774420485586535,0.8800017945813258,1.0,1.0,0.0,0.0,0.0,0.0,0.0011654797683556817,0.026546197042147224,0.014705162146638407,1.0,1.0,0.0,0.0,0.0,1.0,1.0
0.0,0.0,0.0,0.0,0.0,0.0,0.8925004997066763,0.2008314626748804,0.1968348702860152,0.8912787881295902,0.862771137671536,0.5330657958984375,0.580565899517734,0.7774420485586535,0.0,0.0,0.0,0.0,0.0,0.0,0.0,0.0011654797683556817,0.026546197042147224,0.014705162146638407,1.0,1.0,0.0,0.0,1.0,1.0,1.0
0.0,0.0,0.0,0.0,0.0,0.0,0.0,0.0,0.0,0.8912787881295902,0.862771137671536,0.5330657958984375,0.580565899517734,0.7774420485586535,0.0,0.0,0.0,0.0,0.0,0.0,0.0,0.0011654797683556817,0.026546197042147224,0.014705162146638407,1.0,1.0,1.0,0.0,1.0,1.0,1.0
0.0,0.0,0.0,0.0,0.0,0.0,0.8925004997066763,0.1658740304370528,0.16561479514318422,0.8912787881295902,0.9987788310360092,0.493133544921875,0.7577986691899151,0.5971859787269759,0.8800017945813258,0.5,0.0,0.0,0.0,0.0,0.0,0.0011654797683556817,0.026546197042147224,0.014705162146638407,1.0,1.0,0.0,0.0,0.0,1.0,1.0
0.0,0.0,0.0,0.0,0.0,0.0,0.0,0.0,0.0,0.0,0.0,0.0,0.0,0.0,0.8800017945813258,0.5,0.0,0.0,0.0,0.0,0.0,0.0011654797683556817,0.026546197042147224,0.014705162146638407,1.0,1.0,1.0,1.0,0.0,1.0,1.0
0.0,0.0,0.0,0.0,0.0,0.0,0.8925004997066763,0.015566390203773775,0.016787023477172622,0.8912787881295902,0.9987788310360092,0.493133544921875,0.7577986691899151,0.5971859787269759,0.8800017945813258,0.5,0.0,0.0,0.0,0.0,0.0,0.0011654797683556817,0.026546197042147224,0.014705162146638407,1.0,1.0,0.0,0.0,0.0,1.0,1.0
0.0,0.0,0.0,0.0,0.0,0.0,0.8925004997066763,0.2009397187753785,0.19686290115393082,0.8912787881295902,0.9987788310360092,0.493133544921875,0.7577986691899151,0.5971859787269759,0.0,0.0,0.0,0.0,0.0,0.0,0.0,0.0011654797683556817,0.026546197042147224,0.014705162146638407,1.0,1.0,0.0,0.0,1.0,1.0,1.0
0.0,0.0,0.0,0.0,0.0,0.0,0.8925004997066763,0.1638949124491029,0.1651702240143226,0.8912787881295902,0.9987788310360092,0.493133544921875,0.7577986691899151,0.5971859787269759,0.0,0.0,0.0,0.0,0.0,0.0,0.0,0.0011654797683556817,0.026546197042147224,0.014705162146638407,1.0,1.0,0.0,0.0,1.0,1.0,1.0
0.0,0.0,0.0,0.0,0.0,0.0,0.0,0.0,0.0,0.8912787881295902,0.2557433102837691,0.001983642578125,0.5469904157255356,0.8457324238123579,0.8800017945813258,0.5,0.0,0.0,0.0,0.0,0.0,0.0011654797683556817,0.026546197042147224,0.014705162146638407,1.0,1.0,1.0,0.0,0.0,1.0,1.0
0.0,0.0,0.0,0.0,0.0,0.0,0.0,0.0,0.0,0.8912787881295902,0.2557433102837691,0.001983642578125,0.5469904157255356,0.8457324238123579,0.8800017945813258,0.5,0.0,0.0,0.0,0.0,0.0,0.0011654797683556817,0.026546197042147224,0.014705162146638407,1.0,1.0,1.0,0.0,0.0,1.0,1.0
0.0,0.0,0.0,0.0,0.0,0.0,0.0,0.0,0.0,0.8912787881295902,0.2557433102837691,0.001983642578125,0.5469904157255356,0.8457324238123579,0.8800017945813258,0.5,0.0,0.0,0.0,0.0,0.0,0.0011654797683556817,0.026546197042147224,0.014705162146638407,1.0,1.0,1.0,0.0,0.0,1.0,1.0
0.0,0.0,0.0,0.0,0.0,0.0,0.8925004997066763,0.0155977296364508,0.016787907876085858,0.8912787881295902,0.34635404741188497,0.811279296875,0.47136926927538003,0.10955454836789819,0.0,0.0,0.0,0.0,0.0,0.0,0.0,0.0011654797683556817,0.026546197042147224,0.014705162146638407,1.0,1.0,0.0,0.0,1.0,1.0,1.0
0.0,0.0,0.0,0.0,0.0,0.0,0.0,0.0,0.0,0.8912787881295902,0.2557433102837691,0.001983642578125,0.5469904157255356,0.8457324238123579,0.0,0.0,0.0,0.0,0.0,0.0,0.0,0.0011654797683556817,0.026546197042147224,0.014705162146638407,1.0,1.0,1.0,0.0,1.0,1.0,1.0
0.0,0.0,0.0,0.0,0.0,0.0,0.0,0.0,0.0,0.8912787881295902,0.34635404741188497,0.811279296875,0.47136926927538003,0.10955454836789819,0.8800017945813258,1.0,1.0,0.0,0.0,0.0,0.0,0.0011654797683556817,0.026546197042147224,0.014705162146638407,1.0,1.0,1.0,0.0,0.0,1.0,1.0
0.0,0.0,0.0,0.0,0.0,0.0,0.0,0.0,0.0,0.0,0.0,0.0,0.0,0.0,0.8800017945813258,1.0,1.0,0.0,0.0,0.0,0.0,0.0011654797683556817,0.026546197042147224,0.014705162146638407,1.0,1.0,1.0,1.0,0.0,1.0,1.0
0.0,0.0,0.0,0.0,0.0,0.0,0.8925004997066763,0.16604754758440277,0.16561506480245536,0.0,0.0,0.0,0.0,0.0,0.8800017945813258,0.5,0.0,0.0,0.0,0.0,0.0,0.0011654797683556817,0.026546197042147224,0.014705162146638407,1.0,1.0,0.0,1.0,0.0,1.0,1.0
0.0,0.0,0.0,0.0,0.0,0.0,0.8925004997066763,0.26471041905830184,0.2666540327138601,0.0,0.0,0.0,0.0,0.0,0.0,0.0,0.0,0.0,0.0,0.0,0.0,0.0011654797683556817,0.026546197042147224,0.014705162146638407,1.0,1.0,0.0,1.0,1.0,1.0,1.0
0.0,0.0,0.0,0.0,0.0,0.0,0.8925004997066763,0.2316705222617944,0.22905722490277508,0.0,0.0,0.0,0.0,0.0,0.8800017945813258,0.5,0.0,0.0,0.0,0.0,0.0,0.0011654797683556817,0.026546197042147224,0.014705162146638407,1.0,1.0,0.0,1.0,0.0,1.0,1.0
0.0,0.0,0.0,0.0,0.0,0.0,0.8925004997066763,0.20099063523754854,0.1969978791048387,0.0,0.0,0.0,0.0,0.0,0.0,0.0,0.0,0.0,0.0,0.0,0.0,0.0011654797683556817,0.026546197042147224,0.014705162146638407,1.0,1.0,0.0,1.0,1.0,1.0,1.0
0.0,0.0,0.0,0.0,0.0,0.0,0.0,0.0,0.0,0.0,0.0,0.0,0.0,0.0,0.9189618347030368,0.5,0.0,0.0,0.0,0.0,0.0,0.0011654797683556817,0.026546197042147224,0.014705162146638407,1.0,1.0,1.0,1.0,0.0,1.0,1.0
0.0,0.0,0.0,0.0,0.0,0.0,0.0,0.0,0.0,0.0,0.0,0.0,0.0,0.0,0.9189618347030368,1.0,1.0,0.0,0.0,0.0,0.0,0.0011654797683556817,0.026546197042147224,0.014705162146638407,1.0,1.0,1.0,1.0,0.0,1.0,1.0
0.0,0.0,0.0,0.0,0.0,0.0,0.0,0.0,0.0,0.0,0.0,0.0,0.0,0.0,0.9189618347030368,0.5,0.0,0.0,0.0,0.0,0.0,0.0011654797683556817,0.026546197042147224,0.014705162146638407,1.0,1.0,1.0,1.0,0.0,1.0,1.0
0.0,0.0,0.0,0.0,0.0,0.0,0.0,0.0,0.0,0.0,0.0,0.0,0.0,0.0,0.9189618347030368,1.0,1.0,0.0,0.0,0.0,0.0,0.0011654797683556817,0.026546197042147224,0.014705162146638407,1.0,1.0,1.0,1.0,0.0,1.0,1.0
0.0,0.0,0.0,0.0,0.0,0.0,0.0,0.0,0.0,0.0,0.0,0.0,0.0,0.0,0.9189618347030368,0.5,0.0,0.0,0.0,0.0,0.0,0.0011654797683556817,0.026546197042147224,0.014705162146638407,1.0,1.0,1.0,1.0,0.0,1.0,1.0
0.0,0.0,0.0,0.0,0.0,0.0,0.0,0.0,0.0,0.0,0.0,0.0,0.0,0.0,0.9189618347030368,1.0,1.0,0.0,0.0,0.0,0.0,0.0011654797683556817,0.026546197042147224,0.014705162146638407,1.0,1.0,1.0,1.0,0.0,1.0,1.0
0.0,0.0,0.0,0.0,0.0,0.0,0.0,0.0,0.0,0.0,0.0,0.0,0.0,0.0,0.9189618347030368,0.5,0.0,0.0,0.0,0.0,0.0,0.0011654797683556817,0.026546197042147224,0.014705162146638407,1.0,1.0,1.0,1.0,0.0,1.0,1.0
0.0,0.0,0.0,0.0,0.0,0.0,0.0,0.0,0.0,0.0,0.0,0.0,0.0,0.0,0.9189858692743642,0.5,0.0,0.0,0.0,0.0,0.0,0.0011654797683556817,0.026546197042147224,0.014705162146638407,1.0,1.0,1.0,1.0,0.0,1.0,1.0
0.0,0.0,0.0,0.0,0.0,0.0,0.0,0.0,0.0,0.0,0.0,0.0,0.0,0.0,0.9189858692743642,1.0,1.0,0.0,0.0,0.0,0.0,0.0011654797683556817,0.026546197042147224,0.014705162146638407,1.0,1.0,1.0,1.0,0.0,1.0,1.0
0.0,0.0,0.0,0.0,0.0,0.0,0.0,0.0,0.0,0.0,0.0,0.0,0.0,0.0,0.9189858692743642,0.5,0.0,0.0,0.0,0.0,0.0,0.0011654797683556817,0.026546197042147224,0.014705162146638407,1.0,1.0,1.0,1.0,0.0,1.0,1.0
0.0,0.0,0.0,0.0,0.0,0.0,0.0,0.0,0.0,0.0,0.0,0.0,0.0,0.0,0.9189858692743642,0.5,0.0,0.0,0.0,0.0,0.0,0.0011654797683556817,0.026546197042147224,0.014705162146638407,1.0,1.0,1.0,1.0,0.0,1.0,1.0
0.0,0.0,0.0,0.0,0.0,0.0,0.0,0.0,0.0,0.0,0.0,0.0,0.0,0.0,0.9189858692743642,1.0,1.0,0.0,0.0,0.0,0.0,0.0011654797683556817,0.026546197042147224,0.014705162146638407,1.0,1.0,1.0,1.0,0.0,1.0,1.0
0.0,0.0,0.0,0.0,0.0,0.0,0.0,0.0,0.0,0.0,0.0,0.0,0.0,0.0,0.9189858692743642,0.5,0.0,0.0,0.0,0.0,0.0,0.0011654797683556817,0.026546197042147224,0.014705162146638407,1.0,1.0,1.0,1.0,0.0,1.0,1.0
0.0,0.0,0.0,0.0,0.0,0.0,0.0,0.0,0.0,0.0,0.0,0.0,0.0,0.0,0.9189858692743642,1.0,1.0,0.0,0.0,0.0,0.0,0.0011654797683556817,0.026546197042147224,0.014705162146638407,1.0,1.0,1.0,1.0,0.0,1.0,1.0
0.0,0.0,0.0,0.0,0.0,0.0,0.0,0.0,0.0,0.0,0.0,0.0,0.0,0.0,0.9189858692743642,0.5,0.0,0.0,0.0,0.0,0.0,0.0011654797683556817,0.026546197042147224,0.014705162146638407,1.0,1.0,1.0,1.0,0.0,1.0,1.0
0.0,0.0,0.0,0.0,0.0,0.0,0.0,0.0,0.0,0.0,0.0,0.0,0.0,0.0,0.9189858692743642,0.5,0.0,0.0,0.0,0.0,0.0,0.0011654797683556817,0.026546197042147224,0.014705162146638407,1.0,1.0,1.0,1.0,0.0,1.0,1.0
0.0,0.0,0.0,0.0,0.0,0.0,0.0,0.0,0.0,0.0,0.0,0.0,0.0,0.0,0.9189858692743642,1.0,1.0,0.0,0.0,0.0,0.0,0.0011654797683556817,0.026546197042147224,0.014705162146638407,1.0,1.0,1.0,1.0,0.0,1.0,1.0
0.0,0.0,0.0,0.0,0.0,0.0,0.0,0.0,0.0,0.0,0.0,0.0,0.0,0.0,0.9190099038456916,0.5,0.0,0.0,0.0,0.0,0.0,0.0011654797683556817,0.026546197042147224,0.014705162146638407,1.0,1.0,1.0,1.0,0.0,1.0,1.0
0.0,0.0,0.0,0.0,0.0,0.0,0.0,0.0,0.0,0.0,0.0,0.0,0.0,0.0,0.9190099038456916,0.5,0.0,0.0,0.0,0.0,0.0,0.0011654797683556817,0.026546197042147224,0.014705162146638407,1.0,1.0,1.0,1.0,0.0,1.0,1.0
0.0,0.0,0.0,0.0,0.0,0.0,0.0,0.0,0.0,0.0,0.0,0.0,0.0,0.0,0.9190099038456916,0.5,0.0,0.0,0.0,0.0,0.0,0.0011654797683556817,0.026546197042147224,0.014705162146638407,1.0,1.0,1.0,1.0,0.0,1.0,1.0
0.0,0.0,0.0,0.018249180343573153,0.0,0.0,0.0,0.0,0.0,0.0,0.0,0.0,0.0,0.0,0.0,0.0,0.0,0.0,0.0,0.0,0.0,0.0011654797683556817,0.026546197042147224,0.014705162146638407,1.0,0.0,1.0,1.0,1.0,1.0,1.0
0.0,0.0,0.0,0.018249180343573153,0.0,0.0,0.0,0.0,0.0,0.0,0.0,0.0,0.0,0.0,0.0,0.0,0.0,0.0,0.0,0.0,0.0,0.0011654797683556817,0.026546197042147224,0.014705162146638407,1.0,0.0,1.0,1.0,1.0,1.0,1.0
0.0,0.0,0.0,0.018249180343573153,0.0,0.0,0.0,0.0,0.0,0.0,0.0,0.0,0.0,0.0,0.0,0.0,0.0,0.0,0.0,0.0,0.0,0.0011654797683556817,0.026546197042147224,0.014705162146638407,1.0,0.0,1.0,1.0,1.0,1.0,1.0
0.0,0.0,0.0,0.018249180343573153,0.0,0.0,0.0,0.0,0.0,0.0,0.0,0.0,0.0,0.0,0.0,0.0,0.0,0.0,0.0,0.0,0.0,0.0011654797683556817,0.026546197042147224,0.014705162146638407,1.0,0.0,1.0,1.0,1.0,1.0,1.0
0.0,0.0,0.0,0.018249180343573153,0.0,0.0,0.0,0.0,0.0,0.0,0.0,0.0,0.0,0.0,0.0,0.0,0.0,0.0,0.0,0.0,0.0,0.0011654797683556817,0.026546197042147224,0.014705162146638407,1.0,0.0,1.0,1.0,1.0,1.0,1.0
0.0,0.0,0.0,0.018249180343573153,0.0,0.0,0.0,0.0,0.0,0.0,0.0,0.0,0.0,0.0,0.0,0.0,0.0,0.0,0.0,0.0,0.0,0.0011654797683556817,0.026546197042147224,0.014705162146638407,1.0,0.0,1.0,1.0,1.0,1.0,1.0
0.0,0.0,0.0,0.018249180343573153,0.0,0.0,0.0,0.0,0.0,0.0,0.0,0.0,0.0,0.0,0.0,0.0,0.0,0.0,0.0,0.0,0.0,0.0011654797683556817,0.026546197042147224,0.014705162146638407,1.0,0.0,1.0,1.0,1.0,1.0,1.0
0.0,0.0,0.0,0.018249180343573153,0.0,0.0,0.0,0.0,0.0,0.0,0.0,0.0,0.0,0.0,0.0,0.0,0.0,0.0,0.0,0.0,0.0,0.0011654797683556817,0.026546197042147224,0.014705162146638407,1.0,0.0,1.0,1.0,1.0,1.0,1.0
0.0,0.0,0.0,0.018249180343573153,0.0,0.0,0.0,0.0,0.0,0.0,0.0,0.0,0.0,0.0,0.0,0.0,0.0,0.0,0.0,0.0,0.0,0.0011654797683556817,0.026546197042147224,0.014705162146638407,1.0,0.0,1.0,1.0,1.0,1.0,1.0
0.0,0.0,0.0,0.018249180343573153,0.0,0.0,0.0,0.0,0.0,0.0,0.0,0.0,0.0,0.0,0.0,0.0,0.0,0.0,0.0,0.0,0.0,0.0011654797683556817,0.026546197042147224,0.014705162146638407,1.0,0.0,1.0,1.0,1.0,1.0,1.0
0.0,0.0,0.0,0.018249180343573153,0.0,0.0,0.0,0.0,0.0,0.0,0.0,0.0,0.0,0.0,0.0,0.0,0.0,0.0,0.0,0.0,0.0,0.0011654797683556817,0.026546197042147224,0.014705162146638407,1.0,0.0,1.0,1.0,1.0,1.0,1.0
0.0,0.0,0.0,0.018249180343573153,0.0,0.0,0.0,0.0,0.0,0.0,0.0,0.0,0.0,0.0,0.0,0.0,0.0,0.0,0.0,0.0,0.0,0.0011654797683556817,0.026546197042147224,0.014705162146638407,1.0,0.0,1.0,1.0,1.0,1.0,1.0
0.0,0.0,0.0,0.018249180343573153,0.0,0.0,0.0,0.0,0.0,0.0,0.0,0.0,0.0,0.0,0.0,0.0,0.0,0.0,0.0,0.0,0.0,0.0011654797683556817,0.026546197042147224,0.014705162146638407,1.0,0.0,1.0,1.0,1.0,1.0,1.0
0.0,0.0,0.0,0.018249180343573153,0.0,0.0,0.0,0.0,0.0,0.0,0.0,0.0,0.0,0.0,0.0,0.0,0.0,0.0,0.0,0.0,0.0,0.0011654797683556817,0.026546197042147224,0.014705162146638407,1.0,0.0,1.0,1.0,1.0,1.0,1.0
0.0,0.0,0.0,0.018249180343573153,0.0,0.0,0.0,0.0,0.0,0.0,0.0,0.0,0.0,0.0,0.0,0.0,0.0,0.0,0.0,0.0,0.0,0.0011654797683556817,0.026546197042147224,0.014705162146638407,1.0,0.0,1.0,1.0,1.0,1.0,1.0
0.0,0.0,0.0,0.018249180343573153,0.0,0.0,0.0,0.0,0.0,0.0,0.0,0.0,0.0,0.0,0.0,0.0,0.0,0.0,0.0,0.0,0.0,0.0011654797683556817,0.026546197042147224,0.014705162146638407,1.0,0.0,1.0,1.0,1.0,1.0,1.0
0.0,0.0,0.0,0.018249180343573153,0.0,0.0,0.0,0.0,0.0,0.0,0.0,0.0,0.0,0.0,0.0,0.0,0.0,0.0,0.0,0.0,0.0,0.0011654797683556817,0.026546197042147224,0.014705162146638407,1.0,0.0,1.0,1.0,1.0,1.0,1.0
0.0,0.0,0.0,0.018249180343573153,0.0,0.0,0.0,0.0,0.0,0.0,0.0,0.0,0.0,0.0,0.0,0.0,0.0,0.0,0.0,0.0,0.0,0.0011654797683556817,0.026546197042147224,0.014705162146638407,1.0,0.0,1.0,1.0,1.0,1.0,1.0
0.0,0.0,0.0,0.018249180343573153,0.0,0.0,0.0,0.0,0.0,0.0,0.0,0.0,0.0,0.0,0.0,0.0,0.0,0.0,0.0,0.0,0.0,0.0011654797683556817,0.026546197042147224,0.014705162146638407,1.0,0.0,1.0,1.0,1.0,1.0,1.0
0.0,0.0,0.0,0.018249180343573153,0.0,0.0,0.0,0.0,0.0,0.0,0.0,0.0,0.0,0.0,0.0,0.0,0.0,0.0,0.0,0.0,0.0,0.0011654797683556817,0.026546197042147224,0.014705162146638407,1.0,0.0,1.0,1.0,1.0,1.0,1.0
0.0,0.0,0.0,0.0,0.0,0.0,0.0,0.0,0.0,0.0,0.0,0.0,0.0,0.0,0.0,0.0,0.0,0.0,0.0,0.0,0.8972865415522241,0.5497687901728211,0.5448096088016683,0.5936859555807245,1.0,1.0,1.0,1.0,1.0,1.0,0.0
0.8828408741396374,0.3571428571428571,0.0,0.884486520274073,0.0,0.0,0.0,0.0,0.0,0.0,0.0,0.0,0.0,0.0,0.8876447882634381,1.0,1.0,0.0,0.0,0.0,0.8972865415522241,0.6817900538859237,0.5186770575031054,0.036757556089669546,0.0,0.0,1.0,1.0,0.0,1.0,0.0
0.8828408741396374,0.8464285714285713,1.0,0.884486520274073,0.0,0.0,0.9002520471723103,0.03950490505205933,0.04071116592296159,0.0,0.0,0.0,0.0,0.0,0.0,0.0,0.0,0.0,0.0,0.0,0.8972865415522241,0.6863098916914366,0.5186770575031054,0.05672726082258288,0.0,0.0,0.0,1.0,1.0,1.0,0.0
0.0,0.0,0.0,0.0,0.0,0.0,0.0,0.0,0.0,0.0,0.0,0.0,0.0,0.0,0.0,0.0,0.0,0.0,0.0,0.0,0.8972865415522241,0.5628761808910313,0.5448096088016683,0.5799354902880357,1.0,1.0,1.0,1.0,1.0,1.0,0.0
0.0,0.0,0.0,0.8845104693296421,0.0,0.0,0.9002520471723103,0.05069868782729022,0.04984256864383839,0.0,0.0,0.0,0.0,0.0,0.8876688228347656,0.5,0.0,0.0,0.0,0.0,0.8972865415522241,0.8392568852645305,0.4795713933277599,0.7833480269384052,1.0,0.0,0.0,1.0,0.0,1.0,0.0
0.8828647786363919,0.8214285714285714,1.0,0.8845104693296421,1.0,0.0,0.0,0.0,0.0,0.0,0.0,0.0,0.0,0.0,0.0,0.0,0.0,0.0,0.0,0.0,0.0,0.0011654797683556817,0.026546197042147224,0.014705162146638407,0.0,0.0,1.0,1.0,1.0,1.0,1.0
0.8828647786363919,0.7535714285714286,1.0,0.0,0.0,0.0,0.9002764231077368,0.039621609304405565,0.04071144687983373,0.0,0.0,0.0,0.0,0.0,0.0,0.0,0.0,0.0,0.0,0.0,0.8973108371912784,0.5592062490090105,0.5414575150829886,0.5799354902880357,0.0,1.0,0.0,1.0,1.0,1.0,0.0
0.0,0.0,0.0,0.0,0.0,0.0,0.9002764231077368,0.050707468893419726,0.049881075464073596,0.0,0.0,0.0,0.0,0.0,0.0,0.0,0.0,0.0,0.0,0.0,0.8973108371912784,0.6796926137870468,0.5186770575031054,0.05672726082258288,1.0,1.0,0.0,1.0,1.0,1.0,0.0
0.0,0.0,0.0,0.0,0.0,0.0,0.0,0.0,0.0,0.0,0.0,0.0,0.0,0.0,0.8876688228347656,1.0,1.0,0.0,0.0,0.0,0.8973108371912784,0.8415120205167091,0.4795713933277599,0.773062932211067,1.0,1.0,1.0,1.0,0.0,1.0,0.0
0.8828647786363919,0.42857142857142855,1.0,0.8845104693296421,0.0,0.0,0.0,0.0,0.0,0.0,0.0,0.0,0.0,0.0,0.8876688228347656,0.5,0.0,0.0,0.0,0.0,0.0,0.0011654797683556817,0.026546197042147224,0.014705162146638407,0.0,0.0,1.0,1.0,0.0,1.0,1.0
0.8828647786363919,0.3214285714285714,0.0,0.8845104693296421,0.0,0.0,0.9002764231077368,0.03971010921436418,0.04073288428834837,0.0,0.0,0.0,0.0,0.0,0.0,0.0,0.0,0.0,0.0,0.0,0.8973108371912784,0.6720640282523523,0.5186770575031054,0.05672726082258288,0.0,0.0,0.0,1.0,1.0,1.0,0.0
0.0,0.0,0.0,0.0,0.0,0.0,0.9002764231077368,0.05072765322302626,0.04994865562599933,0.0,0.0,0.0,0.0,0.0,0.0,0.0,0.0,0.0,0.0,0.0,0.8973108371912784,0.8417182022755284,0.4795713933277599,0.773062932211067,1.0,1.0,0.0,1.0,1.0,1.0,0.0
0.8828647786363919,0.7142857142857142,1.0,0.8845104693296421,0.0,0.0,0.0,0.0,0.0,0.0,0.0,0.0,0.0,0.0,0.8876688228347656,0.5,0.0,0.0,0.0,0.0,0.8973108371912784,0.5647933608090067,0.5414575150829886,0.5799354902880357,0.0,0.0,1.0,1.0,0.0,1.0,0.0
0.8828647786363919,0.6714285714285714,1.0,0.8845104693296421,0.0,0.0,0.9002764231077368,0.03972534926814808,0.0407568502904018,0.0,0.0,0.0,0.0,0.0,0.0,0.0,0.0,0.0,0.0,0.0,0.8973108371912784,0.8504023619794071,0.4795713933277599,0.773062932211067,0.0,0.0,0.0,1.0,1.0,1.0,0.0
0.0,0.0,0.0,0.0,0.0,0.0,0.0,0.0,0.0,0.0,0.0,0.0,0.0,0.0,0.0,0.0,0.0,0.0,0.0,0.0,0.8973108371912784,0.5585971859954099,0.5414575150829886,0.5799354902880357,1.0,1.0,1.0,1.0,1.0,1.0,0.0
0.0,0.0,0.0,0.0,0.0,0.0,0.9002764231077368,0.05092365388526386,0.05000631876473234,0.0,0.0,0.0,0.0,0.0,0.8876688228347656,0.5,0.0,0.0,0.0,0.0,0.8973108371912784,0.6749309635036985,0.5186770575031054,0.05672726082258288,1.0,1.0,0.0,1.0,0.0,1.0,0.0
0.8828647786363919,0.6821428571428572,1.0,0.8845104693296421,0.0,0.0,0.0,0.0,0.0,0.0,0.0,0.0,0.0,0.0,0.8876688228347656,1.0,1.0,0.0,0.0,0.0,0.0,0.0011654797683556817,0.026546197042147224,0.014705162146638407,0.0,0.0,1.0,1.0,0.0,1.0,1.0
0.8828647786363919,0.3892857142857143,0.0,0.8845104693296421,0.0,0.0,0.9002764231077368,0.03977117333916385,0.04083432054072107,0.0,0.0,0.0,0.0,0.0,0.0,0.0,0.0,0.0,0.0,0.0,0.8973108371912784,0.5439972532852638,0.5414575150829886,0.5799354902880357,0.0,0.0,0.0,1.0,1.0,1.0,0.0
0.0,0.0,0.0,0.0,0.0,0.0,0.9002764231077368,0.05092425895601633,0.050050045772441126,0.0,0.0,0.0,0.0,0.0,0.0,0.0,0.0,0.0,0.0,0.0,0.8973108371912784,0.8504023619794071,0.4795713933277599,0.773062932211067,1.0,1.0,0.0,1.0,1.0,1.0,0.0
0.8828647786363919,0.6499999999999999,1.0,0.0,0.0,0.0,0.0,0.0,0.0,0.0,0.0,0.0,0.0,0.0,0.8876688228347656,0.5,0.0,0.0,0.0,0.0,0.8973108371912784,0.676390749990463,0.5186770575031054,0.06713089250028079,0.0,1.0,1.0,1.0,0.0,1.0,0.0
0.0,0.0,0.0,0.0,0.0,0.0,0.0,0.0,0.0,0.0,0.0,0.0,0.0,0.0,0.0,0.0,0.0,0.0,0.0,0.0,0.018561868237460716,0.4347251799211195,0.5479677871541688,0.284791837365053,1.0,1.0,1.0,1.0,1.0,1.0,0.0
0.0,0.0,0.0,0.0,0.0,0.0,0.0,0.0,0.0,0.0,0.0,0.0,0.0,0.0,0.0,0.0,0.0,0.0,0.0,0.0,0.018561868237460716,0.17403036145641038,0.5518539801541511,0.37391476284592434,1.0,1.0,1.0,1.0,1.0,1.0,0.0
0.0,0.0,0.0,0.0,0.0,0.0,0.0,0.0,0.0,0.0,0.0,0.0,0.0,0.0,0.0,0.0,0.0,0.0,0.0,0.0,0.018561868237460716,0.8992406803202754,0.5402703657784517,0.492389062166134,1.0,1.0,1.0,1.0,1.0,1.0,0.0
0.0,0.0,0.0,0.0,0.0,0.0,0.0,0.0,0.0,0.0,0.0,0.0,0.0,0.0,0.0,0.0,0.0,0.0,0.0,0.0,0.018561868237460716,0.207484951382076,0.5442802888735337,0.11259742693369013,1.0,1.0,1.0,1.0,1.0,1.0,0.0
0.0,0.0,0.0,0.0,0.0,0.0,0.0,0.0,0.0,0.0,0.0,0.0,0.0,0.0,0.0,0.0,0.0,0.0,0.0,0.0,0.018561868237460716,0.7722407751694987,0.5411021975082899,0.454212533171393,1.0,1.0,1.0,1.0,1.0,1.0,0.0
0.0,0.0,0.0,0.0,0.0,0.0,0.0,0.0,0.0,0.0,0.0,0.0,0.0,0.0,0.0,0.0,0.0,0.0,0.0,0.0,0.018561868237460716,0.5428024297220325,0.5803302108862554,0.66242366262997,1.0,1.0,1.0,1.0,1.0,1.0,0.0
0.0,0.0,0.0,0.0,0.0,0.0,0.0,0.0,0.0,0.0,0.0,0.0,0.0,0.0,0.0,0.0,0.0,0.0,0.0,0.0,0.018561868237460716,0.12662657125745558,0.5892268929241711,0.5517981134307796,1.0,1.0,1.0,1.0,1.0,1.0,0.0
0.0,0.0,0.0,0.0,0.0,0.0,0.0,0.0,0.0,0.0,0.0,0.0,0.0,0.0,0.0,0.0,0.0,0.0,0.0,0.0,0.018561868237460716,0.7851200478593711,0.5589828276412664,0.02617230556462079,1.0,1.0,1.0,1.0,1.0,1.0,0.0
0.0,0.0,0.0,0.0,0.0,0.0,0.0,0.0,0.0,0.0,0.0,0.0,0.0,0.0,0.0,0.0,0.0,0.0,0.0,0.0,0.018561868237460716,0.8566097460884997,0.5371128646448018,0.50689732748323,1.0,1.0,1.0,1.0,1.0,1.0,0.0
0.0,0.0,0.0,0.0,0.0,0.0,0.0,0.0,0.0,0.0,0.0,0.0,0.0,0.0,0.0,0.0,0.0,0.0,0.0,0.0,0.018561868237460716,0.33957933785412986,0.5698175010526263,0.2929597323189827,1.0,1.0,1.0,1.0,1.0,1.0,0.0
0.0,0.0,0.0,0.0,0.0,0.0,0.0,0.0,0.0,0.0,0.0,0.0,0.0,0.0,0.0,0.0,0.0,0.0,0.0,0.0,0.018561868237460716,0.8079223342836609,0.5140161067665147,0.1316449868096436,1.0,1.0,1.0,1.0,1.0,1.0,0.0
0.0,0.0,0.0,0.0,0.0,0.0,0.0,0.0,0.0,0.0,0.0,0.0,0.0,0.0,0.0,0.0,0.0,0.0,0.0,0.0,0.018561868237460716,0.5101691643146767,0.5565551482591067,0.634329240509725,1.0,1.0,1.0,1.0,1.0,1.0,0.0
0.0,0.0,0.0,0.0,0.0,0.0,0.0,0.0,0.0,0.0,0.0,0.0,0.0,0.0,0.0,0.0,0.0,0.0,0.0,0.0,0.018561868237460716,0.7834541410120964,0.516233293145968,0.17207562227086345,1.0,1.0,1.0,1.0,1.0,1.0,0.0
0.0,0.0,0.0,0.0,0.0,0.0,0.0,0.0,0.0,0.0,0.0,0.0,0.0,0.0,0.0,0.0,0.0,0.0,0.0,0.0,0.018561868237460716,0.9133576325928251,0.5219327640970448,0.7371111481868003,1.0,1.0,1.0,1.0,1.0,1.0,0.0
0.0,0.0,0.0,0.0,0.0,0.0,0.0,0.0,0.0,0.0,0.0,0.0,0.0,0.0,0.0,0.0,0.0,0.0,0.0,0.0,0.018561868237460716,0.315154594885106,0.5210097719005439,0.4951179063916856,1.0,1.0,1.0,1.0,1.0,1.0,0.0
0.0,0.0,0.0,0.0,0.0,0.0,0.0,0.0,0.0,0.0,0.0,0.0,0.0,0.0,0.0,0.0,0.0,0.0,0.0,0.0,0.018561868237460716,0.5686604433168084,0.5683436691787926,0.9280546456383335,1.0,1.0,1.0,1.0,1.0,1.0,0.0
0.0,0.0,0.0,0.0,0.0,0.0,0.0,0.0,0.0,0.0,0.0,0.0,0.0,0.0,0.0,0.0,0.0,0.0,0.0,0.0,0.018561868237460716,0.6207339406527227,0.5518101282279397,0.5134054170719993,1.0,1.0,1.0,1.0,1.0,1.0,0.0
0.0,0.0,0.0,0.0,0.0,0.0,0.0,0.0,0.0,0.0,0.0,0.0,0.0,0.0,0.0,0.0,0.0,0.0,0.0,0.0,0.018561868237460716,0.35906222683221467,0.5518101282279397,0.42576737592933106,1.0,1.0,1.0,1.0,1.0,1.0,0.0
0.0,0.0,0.0,0.0,0.0,0.0,0.0,0.0,0.0,0.0,0.0,0.0,0.0,0.0,0.0,0.0,0.0,0.0,0.0,0.0,0.018561868237460716,0.8501982500330895,0.5518101282279397,0.21505699525090696,1.0,1.0,1.0,1.0,1.0,1.0,0.0
0.0,0.0,0.0,0.0,0.0,0.0,0.0,0.0,0.0,0.0,0.0,0.0,0.0,0.0,0.0,0.0,0.0,0.0,0.0,0.0,0.018561868237460716,0.4567484235917766,0.5469510363265029,0.1259319826313811,1.0,1.0,1.0,1.0,1.0,1.0,0.0
0.01816741753347028,0.9464285714285714,1.0,0.0,0.0,0.0,0.0,0.0,0.0,0.0,0.0,0.0,0.0,0.0,0.0,0.0,0.0,0.0,0.0,0.0,0.0,0.0011654797683556817,0.026546197042147224,0.014705162146638407,0.0,1.0,1.0,1.0,1.0,1.0,1.0
0.01816741753347028,0.475,1.0,0.0,0.0,0.0,0.0,0.0,0.0,0.0,0.0,0.0,0.0,0.0,0.01826627420882197,0.5,0.0,0.0,0.0,0.0,0.0,0.0011654797683556817,0.026546197042147224,0.014705162146638407,0.0,1.0,1.0,1.0,0.0,1.0,1.0
0.0,0.0,0.0,0.0,0.0,0.0,0.0,0.0,0.0,0.0,0.0,0.0,0.0,0.0,0.01826627420882197,0.5,0.0,0.0,0.0,0.0,0.0,0.0011654797683556817,0.026546197042147224,0.014705162146638407,1.0,1.0,1.0,1.0,0.0,1.0,1.0
0.0,0.0,0.0,0.0,0.0,0.0,0.0,0.0,0.0,0.0,0.0,0.0,0.0,0.0,0.01826627420882197,0.5,0.0,0.0,0.0,0.0,0.018464685681243646,0.6230127129404034,0.597698910137948,0.23322526595828558,1.0,1.0,1.0,1.0,0.0,1.0,0.0
0.0,0.0,0.0,0.0,0.0,0.0,0.0,0.0,0.0,0.0,0.0,0.0,0.0,0.0,0.0,0.0,0.0,0.0,0.0,0.0,0.018464685681243646,0.9593778969443726,0.5408860557842117,0.795674352514678,1.0,1.0,1.0,1.0,1.0,1.0,0.0
0.0,0.0,0.0,0.0,0.0,0.0,0.0,0.0,0.0,0.0,0.0,0.0,0.0,0.0,0.0,0.0,0.0,0.0,0.0,0.0,0.018464685681243646,0.3781247925108596,0.5775897687496389,0.956121131354008,1.0,1.0,1.0,1.0,1.0,1.0,0.0
0.0,0.0,0.0,0.0,0.0,0.0,0.0,0.0,0.0,0.0,0.0,0.0,0.0,0.0,0.0,0.0,0.0,0.0,0.0,0.0,0.018464685681243646,0.06519707356762072,0.521407447097808,0.6087024110281621,1.0,1.0,1.0,1.0,1.0,1.0,0.0
0.0,0.0,0.0,0.0,0.0,0.0,0.0,0.0,0.0,0.0,0.0,0.0,0.0,0.0,0.0,0.0,0.0,0.0,0.0,0.0,0.018464685681243646,0.5074658306025924,0.5233191566662413,0.9370021348930649,1.0,1.0,1.0,1.0,1.0,1.0,0.0
0.0,0.0,0.0,0.0,0.0,0.0,0.0,0.0,0.0,0.0,0.0,0.0,0.0,0.0,0.0,0.0,0.0,0.0,0.0,0.0,0.018464685681243646,0.7336898032016529,0.5362502104368059,0.9211705699894921,1.0,1.0,1.0,1.0,1.0,1.0,0.0
0.0,0.0,0.0,0.0,0.0,0.0,0.0,0.0,0.0,0.0,0.0,0.0,0.0,0.0,0.0,0.0,0.0,0.0,0.0,0.0,0.018464685681243646,0.70691143224336,0.5076738489548546,0.4722996437486003,1.0,1.0,1.0,1.0,1.0,1.0,0.0
0.0,0.0,0.0,0.0,0.0,0.0,0.0,0.0,0.0,0.0,0.0,0.0,0.0,0.0,0.0,0.0,0.0,0.0,0.0,0.0,0.018464685681243646,0.12086685436514877,0.5622989989405347,0.27718197008440587,1.0,1.0,1.0,1.0,1.0,1.0,0.0
0.0,0.0,0.0,0.0,0.0,0.0,0.0,0.0,0.0,0.0,0.0,0.0,0.0,0.0,0.0,0.0,0.0,0.0,0.0,0.0,0.018464685681243646,0.4326822795786608,0.5223941216207821,0.7938398104221915,1.0,1.0,1.0,1.0,1.0,1.0,0.0
0.0,0.0,0.0,0.0,0.0,0.0,0.0,0.0,0.0,0.0,0.0,0.0,0.0,0.0,0.0,0.0,0.0,0.0,0.0,0.0,0.018464685681243646,0.08890732671707291,0.5794425523338057,0.7835360759839983,1.0,1.0,1.0,1.0,1.0,1.0,0.0
0.0,0.0,0.0,0.0,0.0,0.0,0.0,0.0,0.0,0.0,0.0,0.0,0.0,0.0,0.0,0.0,0.0,0.0,0.0,0.0,0.018464685681243646,0.9504094102097417,0.532081477897175,0.40767345133548466,1.0,1.0,1.0,1.0,1.0,1.0,0.0
0.01816741753347028,0.2857142857142857,0.0,0.0,0.0,0.0,0.0,0.0,0.0,0.0,0.0,0.0,0.0,0.0,0.0,0.0,0.0,0.0,0.0,0.0,0.018464685681243646,0.14876232814956925,0.5192097183253908,0.06220847697062318,0.0,1.0,1.0,1.0,1.0,1.0,0.0
0.01816741753347028,0.21428571428571427,0.0,0.0,0.0,0.0,0.0,0.0,0.0,0.0,0.0,0.0,0.0,0.0,0.0,0.0,0.0,0.0,0.0,0.0,0.0,0.0011654797683556817,0.026546197042147224,0.014705162146638407,0.0,1.0,1.0,1.0,1.0,1.0,1.0
0.01816741753347028,0.425,0.0,0.0,0.0,0.0,0.0,0.0,0.0,0.0,0.0,0.0,0.0,0.0,0.0,0.0,0.0,0.0,0.0,0.0,0.0,0.0011654797683556817,0.026546197042147224,0.014705162146638407,0.0,1.0,1.0,1.0,1.0,1.0,1.0
0.01816741753347028,0.3964285714285714,0.0,0.0,0.0,0.0,0.0,0.0,0.0,0.0,0.0,0.0,0.0,0.0,0.0,0.0,0.0,0.0,0.0,0.0,0.0,0.0011654797683556817,0.026546197042147224,0.014705162146638407,0.0,1.0,1.0,1.0,1.0,1.0,1.0
0.01816741753347028,0.8857142857142857,1.0,0.0,0.0,0.0,0.0,0.0,0.0,0.0,0.0,0.0,0.0,0.0,0.0,0.0,0.0,0.0,0.0,0.0,0.0,0.0011654797683556817,0.026546197042147224,0.014705162146638407,0.0,1.0,1.0,1.0,1.0,1.0,1.0
0.01816741753347028,0.6,1.0,0.0,0.0,0.0,0.0,0.0,0.0,0.0,0.0,0.0,0.0,0.0,0.0,0.0,0.0,0.0,0.0,0.0,0.0,0.0011654797683556817,0.026546197042147224,0.014705162146638407,0.0,1.0,1.0,1.0,1.0,1.0,1.0
0.0,0.0,0.0,0.0,0.0,0.0,0.0,0.0,0.0,0.0,0.0,0.0,0.0,0.0,0.0,0.0,0.0,0.0,0.0,0.0,0.9867916758281472,0.39046521492891817,0.47333909026362,0.13839330520265342,1.0,1.0,1.0,1.0,1.0,1.0,0.0
0.9709050401834591,0.5357142857142857,1.0,0.0,0.0,0.0,0.9900529932836173,0.023876806723402012,0.022999311176293395,0.0,0.0,0.0,0.0,0.0,0.9761881490335699,1.0,1.0,0.9751081259410629,0.24628225069514054,1.0,0.9867916758281472,0.6501960254443168,0.5078456528614038,0.2177660244826777,0.0,1.0,0.0,1.0,0.0,0.0,0.0
0.0,0.0,0.0,0.0,0.0,0.0,0.9900529932836173,0.06327302237584294,0.06436471366724773,0.0,0.0,0.0,0.0,0.0,0.0,0.0,0.0,0.0,0.0,0.0,0.0,0.0011654797683556817,0.026546197042147224,0.014705162146638407,1.0,1.0,0.0,1.0,1.0,1.0,1.0
0.9709050401834591,0.825,1.0,0.9727148409902456,0.0,0.0,0.9900529932836173,0.03213188278739374,0.031162063939109547,0.0,0.0,0.0,0.0,0.0,0.9761881490335699,1.0,1.0,0.0,0.0,0.0,0.0,0.0011654797683556817,0.026546197042147224,0.014705162146638407,0.0,0.0,0.0,1.0,0.0,1.0,1.0
0.9709050401834591,0.2857142857142857,0.0,0.9727148409902456,0.0,0.0,0.0,0.0,0.0,0.0,0.0,0.0,0.0,0.0,0.9761881490335699,0.5,0.0,0.9751081259410629,0.40508560664426785,1.0,0.0,0.0011654797683556817,0.026546197042147224,0.014705162146638407,0.0,0.0,1.0,1.0,0.0,0.0,1.0
0.9709050401834591,0.8928571428571428,1.0,0.9727148409902456,0.0,0.0,0.9900529932836173,0.04765719543511622,0.05370543420538218,0.0,0.0,0.0,0.0,0.0,0.0,0.0,0.0,0.9751081259410629,0.2691430620591908,1.0,0.9867916758281472,0.21653679403654646,0.45269413062041597,0.32263033051642304,0.0,0.0,0.0,1.0,1.0,0.0,0.0
0.0,0.0,0.0,0.0,0.0,0.0,0.0,0.0,0.0,0.0,0.0,0.0,0.0,0.0,0.0,0.0,0.0,0.0,0.0,0.0,0.9867916758281472,0.3913065021058736,0.47333909026362,0.13839330520265342,1.0,1.0,1.0,1.0,1.0,1.0,0.0
0.0,0.0,0.0,0.0,0.0,0.0,0.0,0.0,0.0,0.0,0.0,0.0,0.0,0.0,0.0,0.0,0.0,0.0,0.0,0.0,0.9867916758281472,0.6385474733149187,0.5078456528614038,0.2177660244826777,1.0,1.0,1.0,1.0,1.0,1.0,0.0
0.9709050401834591,0.11428571428571428,0.0,0.9727148409902456,0.0,0.0,0.9900529932836173,0.023936922797430163,0.02331998103864844,0.0,0.0,0.0,0.0,0.0,0.0,0.0,0.0,0.0,0.0,0.0,0.9867916758281472,0.7154209853357322,0.7379091402521626,0.06570424962905144,0.0,0.0,0.0,1.0,1.0,1.0,0.0
0.9709050401834591,0.2785714285714285,0.0,0.9727148409902456,0.0,0.0,0.9900529932836173,0.06330660687320015,0.06449631193256945,0.0,0.0,0.0,0.0,0.0,0.0,0.0,0.0,0.0,0.0,0.0,0.0,0.0011654797683556817,0.026546197042147224,0.014705162146638407,0.0,0.0,0.0,1.0,1.0,1.0,1.0
0.9709050401834591,0.425,0.0,0.9727148409902456,0.0,0.0,0.9900529932836173,0.03225962561100202,0.031204116301770567,0.0,0.0,0.0,0.0,0.0,0.9761881490335699,0.5,0.0,0.9751081259410629,0.25121967883084073,1.0,0.9867916758281472,0.21653679403654646,0.45269413062041597,0.32263033051642304,0.0,0.0,0.0,1.0,0.0,0.0,0.0
0.0,0.0,0.0,0.0,0.0,0.0,0.0,0.0,0.0,0.0,0.0,0.0,0.0,0.0,0.9761881490335699,0.5,0.0,0.9751081259410629,0.25114284163651357,1.0,0.0,0.0011654797683556817,0.026546197042147224,0.014705162146638407,1.0,1.0,1.0,1.0,0.0,0.0,1.0
0.0,0.0,0.0,0.0,0.0,0.0,0.0,0.0,0.0,0.0,0.0,0.0,0.0,0.0,0.9761881490335699,0.5,0.0,0.9751081259410629,0.2014161388105622,1.0,0.0,0.0011654797683556817,0.026546197042147224,0.014705162146638407,1.0,1.0,1.0,1.0,0.0,0.0,1.0
0.9709050401834591,0.28928571428571426,0.0,0.9727148409902456,0.0,0.0,0.9900529932836173,0.04780180443788451,0.05370645155710099,0.0,0.0,0.0,0.0,0.0,0.9761881490335699,0.5,0.0,0.9751081259410629,0.38228106907637516,1.0,0.0,0.0011654797683556817,0.026546197042147224,0.014705162146638407,0.0,0.0,0.0,1.0,0.0,0.0,1.0
0.0,0.0,0.0,0.0,0.0,0.0,0.9900529932836173,0.023962819124304733,0.023325365178665885,0.0,0.0,0.0,0.0,0.0,0.0,0.0,0.0,0.0,0.0,0.0,0.9867916758281472,0.644928636307517,0.5078456528614038,0.2177660244826777,1.0,1.0,0.0,1.0,1.0,1.0,0.0
0.0,0.0,0.0,0.9727148409902456,0.0,0.0,0.0,0.0,0.0,0.0,0.0,0.0,0.0,0.0,0.0,0.0,0.0,0.0,0.0,0.0,0.9867916758281472,0.3889945379581966,0.47333909026362,0.17251218038305696,1.0,0.0,1.0,1.0,1.0,1.0,0.0
0.9709050401834591,0.2785714285714285,0.0,0.9727148409902456,0.0,0.0,0.9900529932836173,0.06331490387545999,0.06460564149101919,0.0,0.0,0.0,0.0,0.0,0.0,0.0,0.0,0.0,0.0,0.0,0.9867916758281472,0.6996495902979679,0.7245904505597242,0.06570424962905144,0.0,0.0,0.0,1.0,1.0,1.0,0.0
0.9709050401834591,0.8142857142857143,1.0,0.9727148409902456,0.0,0.0,0.9900529932836173,0.03227168888889723,0.031207310593174584,0.0,0.0,0.0,0.0,0.0,0.9761881490335699,0.5,0.0,0.9751081259410629,0.2178152751547504,1.0,0.9867916758281472,0.23234425056648722,0.45269413062041597,0.32263033051642304,0.0,0.0,0.0,1.0,0.0,0.0,0.0
0.9709050401834591,0.14285714285714285,0.0,0.0,0.0,0.0,0.0,0.0,0.0,0.0,0.0,0.0,0.0,0.0,0.0,0.0,0.0,0.9751081259410629,0.16644325675552185,1.0,0.0,0.0011654797683556817,0.026546197042147224,0.014705162146638407,0.0,1.0,1.0,1.0,1.0,0.0,1.0
0.0,0.0,0.0,0.9727148409902456,0.0,0.0,0.0,0.0,0.0,0.0,0.0,0.0,0.0,0.0,0.9761881490335699,1.0,1.0,0.9751081259410629,0.36385201559055913,1.0,0.0,0.0011654797683556817,0.026546197042147224,0.014705162146638407,1.0,0.0,1.0,1.0,0.0,0.0,1.0
0.018143513036715714,0.7642857142857142,1.0,0.0,0.0,0.0,0.0,0.0,0.0,0.0,0.0,0.0,0.0,0.0,0.0,0.0,0.0,0.0,0.0,0.0,0.0,0.0011654797683556817,0.026546197042147224,0.014705162146638407,0.0,1.0,1.0,1.0,1.0,1.0,1.0
0.018143513036715714,0.26785714285714285,0.0,0.0,0.0,0.0,0.0,0.0,0.0,0.0,0.0,0.0,0.0,0.0,0.0,0.0,0.0,0.0,0.0,0.0,0.0,0.0011654797683556817,0.026546197042147224,0.014705162146638407,0.0,1.0,1.0,1.0,1.0,1.0,1.0
0.018143513036715714,0.07142857142857142,0.0,0.0,0.0,0.0,0.0,0.0,0.0,0.0,0.0,0.0,0.0,0.0,0.0,0.0,0.0,0.0,0.0,0.0,0.0,0.0011654797683556817,0.026546197042147224,0.014705162146638407,0.0,1.0,1.0,1.0,1.0,1.0,1.0
0.018143513036715714,0.33928571428571425,0.0,0.0,0.0,0.0,0.018501334988730193,0.0029935415070929663,0.0036726744033768847,0.0,0.0,0.0,0.0,0.0,0.0,0.0,0.0,0.0,0.0,0.0,0.0,0.0011654797683556817,0.026546197042147224,0.014705162146638407,0.0,1.0,0.0,1.0,1.0,1.0,1.0
0.018143513036715714,0.7928571428571428,1.0,0.0,0.0,0.0,0.0,0.0,0.0,0.0,0.0,0.0,0.0,0.0,0.0,0.0,0.0,0.0,0.0,0.0,0.0,0.0011654797683556817,0.026546197042147224,0.014705162146638407,0.0,1.0,1.0,1.0,1.0,1.0,1.0
0.018143513036715714,0.8428571428571429,1.0,0.0,0.0,0.0,0.0,0.0,0.0,0.0,0.0,0.0,0.0,0.0,0.0,0.0,0.0,0.0,0.0,0.0,0.0,0.0011654797683556817,0.026546197042147224,0.014705162146638407,0.0,1.0,1.0,1.0,1.0,1.0,1.0
0.018143513036715714,0.475,1.0,0.0,0.0,0.0,0.0,0.0,0.0,0.0,0.0,0.0,0.0,0.0,0.0,0.0,0.0,0.0,0.0,0.0,0.0,0.0011654797683556817,0.026546197042147224,0.014705162146638407,0.0,1.0,1.0,1.0,1.0,1.0,1.0
0.018143513036715714,0.5392857142857143,1.0,0.0,0.0,0.0,0.0,0.0,0.0,0.0,0.0,0.0,0.0,0.0,0.0,0.0,0.0,0.0,0.0,0.0,0.0,0.0011654797683556817,0.026546197042147224,0.014705162146638407,0.0,1.0,1.0,1.0,1.0,1.0,1.0
0.018143513036715714,0.2857142857142857,0.0,0.0,0.0,0.0,0.0,0.0,0.0,0.0,0.0,0.0,0.0,0.0,0.0,0.0,0.0,0.0,0.0,0.0,0.0,0.0011654797683556817,0.026546197042147224,0.014705162146638407,0.0,1.0,1.0,1.0,1.0,1.0,1.0
0.018143513036715714,0.4035714285714286,0.0,0.0,0.0,0.0,0.018501334988730193,0.0018169201623653858,0.0018310536506032857,0.0,0.0,0.0,0.0,0.0,0.0,0.0,0.0,0.0,0.0,0.0,0.0,0.0011654797683556817,0.026546197042147224,0.014705162146638407,0.0,1.0,0.0,1.0,1.0,1.0,1.0
0.0,0.0,0.0,0.0,0.0,0.0,0.018501334988730193,0.001985406279588846,0.0018784417585337755,0.0,0.0,0.0,0.0,0.0,0.0,0.0,0.0,0.0,0.0,0.0,0.0,0.0011654797683556817,0.026546197042147224,0.014705162146638407,1.0,1.0,0.0,1.0,1.0,1.0,1.0
0.0,0.0,0.0,0.0,0.0,0.0,0.018501334988730193,0.003285367508929085,0.0035768384469050847,0.0,0.0,0.0,0.0,0.0,0.0,0.0,0.0,0.0,0.0,0.0,0.0,0.0011654797683556817,0.026546197042147224,0.014705162146638407,1.0,1.0,0.0,1.0,1.0,1.0,1.0
0.0,0.0,0.0,0.0,0.0,0.0,0.018501334988730193,0.004542964466612847,0.0048053052500230675,0.0,0.0,0.0,0.0,0.0,0.0,0.0,0.0,0.0,0.0,0.0,0.0,0.0011654797683556817,0.026546197042147224,0.014705162146638407,1.0,1.0,0.0,1.0,1.0,1.0,1.0
0.0,0.0,0.0,0.0,0.0,0.0,0.018501334988730193,0.0039529353293564495,0.0035445696236256763,0.0,0.0,0.0,0.0,0.0,0.01824223963749457,0.5,0.0,0.0,0.0,0.0,0.0,0.0011654797683556817,0.026546197042147224,0.014705162146638407,1.0,1.0,0.0,1.0,0.0,1.0,1.0
0.0,0.0,0.0,0.0,0.0,0.0,0.0,0.0,0.0,0.0,0.0,0.0,0.0,0.0,0.01824223963749457,0.5,0.0,0.0,0.0,0.0,0.0,0.0011654797683556817,0.026546197042147224,0.014705162146638407,1.0,1.0,1.0,1.0,0.0,1.0,1.0
0.0,0.0,0.0,0.0,0.0,0.0,0.0,0.0,0.0,0.0,0.0,0.0,0.0,0.0,0.01824223963749457,0.5,0.0,0.0,0.0,0.0,0.0,0.0011654797683556817,0.026546197042147224,0.014705162146638407,1.0,1.0,1.0,1.0,0.0,1.0,1.0
0.0,0.0,0.0,0.0,0.0,0.0,0.0,0.0,0.0,0.0,0.0,0.0,0.0,0.0,0.01824223963749457,0.5,0.0,0.0,0.0,0.0,0.0,0.0011654797683556817,0.026546197042147224,0.014705162146638407,1.0,1.0,1.0,1.0,0.0,1.0,1.0
0.0,0.0,0.0,0.0,0.0,0.0,0.0,0.0,0.0,0.0,0.0,0.0,0.0,0.0,0.01824223963749457,1.0,1.0,0.0,0.0,0.0,0.0,0.0011654797683556817,0.026546197042147224,0.014705162146638407,1.0,1.0,1.0,1.0,0.0,1.0,1.0
0.0,0.0,0.0,0.0,0.0,0.0,0.0,0.0,0.0,0.0,0.0,0.0,0.0,0.0,0.01824223963749457,0.5,0.0,0.0,0.0,0.0,0.0,0.0011654797683556817,0.026546197042147224,0.014705162146638407,1.0,1.0,1.0,1.0,0.0,1.0,1.0
0.0,0.0,0.0,0.0,0.0,0.0,0.0,0.0,0.0,0.0,0.0,0.0,0.0,0.0,0.01824223963749457,0.5,0.0,0.0,0.0,0.0,0.0,0.0011654797683556817,0.026546197042147224,0.014705162146638407,1.0,1.0,1.0,1.0,0.0,1.0,1.0
0.0,0.0,0.0,0.0,0.0,0.0,0.0,0.0,0.0,0.0,0.0,0.0,0.0,0.0,0.9173515184241012,1.0,1.0,0.0,0.0,0.0,0.0,0.0011654797683556817,0.026546197042147224,0.014705162146638407,1.0,1.0,1.0,1.0,0.0,1.0,1.0
0.0,0.0,0.0,0.0,0.0,0.0,0.0,0.0,0.0,0.0,0.0,0.0,0.0,0.0,0.9173515184241012,0.5,0.0,0.0,0.0,0.0,0.0,0.0011654797683556817,0.026546197042147224,0.014705162146638407,1.0,1.0,1.0,1.0,0.0,1.0,1.0
0.0,0.0,0.0,0.0,0.0,0.0,0.0,0.0,0.0,0.0,0.0,0.0,0.0,0.0,0.9173515184241012,0.5,0.0,0.0,0.0,0.0,0.0,0.0011654797683556817,0.026546197042147224,0.014705162146638407,1.0,1.0,1.0,1.0,0.0,1.0,1.0
0.0,0.0,0.0,0.0,0.0,0.0,0.0,0.0,0.0,0.0,0.0,0.0,0.0,0.0,0.9173515184241012,0.5,0.0,0.0,0.0,0.0,0.0,0.0011654797683556817,0.026546197042147224,0.014705162146638407,1.0,1.0,1.0,1.0,0.0,1.0,1.0
0.0,0.0,0.0,0.0,0.0,0.0,0.0,0.0,0.0,0.0,0.0,0.0,0.0,0.0,0.9173515184241012,1.0,1.0,0.0,0.0,0.0,0.0,0.0011654797683556817,0.026546197042147224,0.014705162146638407,1.0,1.0,1.0,1.0,0.0,1.0,1.0
0.0,0.0,0.0,0.0,0.0,0.0,0.0,0.0,0.0,0.0,0.0,0.0,0.0,0.0,0.9173515184241012,0.5,0.0,0.0,0.0,0.0,0.0,0.0011654797683556817,0.026546197042147224,0.014705162146638407,1.0,1.0,1.0,1.0,0.0,1.0,1.0
0.0,0.0,0.0,0.0,0.0,0.0,0.0,0.0,0.0,0.0,0.0,0.0,0.0,0.0,0.9173515184241012,0.5,0.0,0.0,0.0,0.0,0.0,0.0011654797683556817,0.026546197042147224,0.014705162146638407,1.0,1.0,1.0,1.0,0.0,1.0,1.0
0.0,0.0,0.0,0.0,0.0,0.0,0.0,0.0,0.0,0.0,0.0,0.0,0.0,0.0,0.9173515184241012,1.0,1.0,0.0,0.0,0.0,0.0,0.0011654797683556817,0.026546197042147224,0.014705162146638407,1.0,1.0,1.0,1.0,0.0,1.0,1.0
0.0,0.0,0.0,0.0,0.0,0.0,0.0,0.0,0.0,0.0,0.0,0.0,0.0,0.0,0.9173755529954286,0.5,0.0,0.0,0.0,0.0,0.0,0.0011654797683556817,0.026546197042147224,0.014705162146638407,1.0,1.0,1.0,1.0,0.0,1.0,1.0
0.0,0.0,0.0,0.0,0.0,0.0,0.0,0.0,0.0,0.0,0.0,0.0,0.0,0.0,0.9173755529954286,1.0,1.0,0.0,0.0,0.0,0.0,0.0011654797683556817,0.026546197042147224,0.014705162146638407,1.0,1.0,1.0,1.0,0.0,1.0,1.0
0.0,0.0,0.0,0.0,0.0,0.0,0.0,0.0,0.0,0.0,0.0,0.0,0.0,0.0,0.9173755529954286,0.5,0.0,0.0,0.0,0.0,0.0,0.0011654797683556817,0.026546197042147224,0.014705162146638407,1.0,1.0,1.0,1.0,0.0,1.0,1.0
0.0,0.0,0.0,0.0,0.0,0.0,0.0,0.0,0.0,0.0,0.0,0.0,0.0,0.0,0.9173755529954286,0.5,0.0,0.0,0.0,0.0,0.0,0.0011654797683556817,0.026546197042147224,0.014705162146638407,1.0,1.0,1.0,1.0,0.0,1.0,1.0
0.0,0.0,0.0,0.0,0.0,0.0,0.0,0.0,0.0,0.0,0.0,0.0,0.0,0.0,0.9173755529954286,0.5,0.0,0.0,0.0,0.0,0.0,0.0011654797683556817,0.026546197042147224,0.014705162146638407,1.0,1.0,1.0,1.0,0.0,1.0,1.0
0.0,0.0,0.0,0.0,0.0,0.0,0.0,0.0,0.0,0.0,0.0,0.0,0.0,0.0,0.9173755529954286,0.5,0.0,0.0,0.0,0.0,0.0,0.0011654797683556817,0.026546197042147224,0.014705162146638407,1.0,1.0,1.0,1.0,0.0,1.0,1.0
0.0,0.0,0.0,0.0,0.0,0.0,0.0,0.0,0.0,0.0,0.0,0.0,0.0,0.0,0.9173755529954286,0.5,0.0,0.0,0.0,0.0,0.0,0.0011654797683556817,0.026546197042147224,0.014705162146638407,1.0,1.0,1.0,1.0,0.0,1.0,1.0
0.0,0.0,0.0,0.0,0.0,0.0,0.0,0.0,0.0,0.0,0.0,0.0,0.0,0.0,0.9173755529954286,1.0,1.0,0.0,0.0,0.0,0.0,0.0011654797683556817,0.026546197042147224,0.014705162146638407,1.0,1.0,1.0,1.0,0.0,1.0,1.0
0.0,0.0,0.0,0.0,0.0,0.0,0.0,0.0,0.0,0.0,0.0,0.0,0.0,0.0,0.9173755529954286,0.5,0.0,0.0,0.0,0.0,0.0,0.0011654797683556817,0.026546197042147224,0.014705162146638407,1.0,1.0,1.0,1.0,0.0,1.0,1.0
0.0,0.0,0.0,0.0,0.0,0.0,0.0,0.0,0.0,0.0,0.0,0.0,0.0,0.0,0.9173755529954286,1.0,1.0,0.0,0.0,0.0,0.0,0.0011654797683556817,0.026546197042147224,0.014705162146638407,1.0,1.0,1.0,1.0,0.0,1.0,1.0
0.0,0.0,0.0,0.0,0.0,0.0,0.0,0.0,0.0,0.0,0.0,0.0,0.0,0.0,0.917399587566756,0.5,0.0,0.0,0.0,0.0,0.0,0.0011654797683556817,0.026546197042147224,0.014705162146638407,1.0,1.0,1.0,1.0,0.0,1.0,1.0
0.0,0.0,0.0,0.0,0.0,0.0,0.0,0.0,0.0,0.0,0.0,0.0,0.0,0.0,0.917399587566756,0.5,0.0,0.0,0.0,0.0,0.0,0.0011654797683556817,0.026546197042147224,0.014705162146638407,1.0,1.0,1.0,1.0,0.0,1.0,1.0
0.0,0.0,0.0,0.0,0.0,0.0,0.0,0.0,0.0,0.8911083901529444,0.7245653401718795,0.9983062744140625,0.4897747390269214,0.9107112881319722,0.879833552582034,0.5,0.0,0.0,0.0,0.0,0.0,0.0011654797683556817,0.026546197042147224,0.014705162146638407,1.0,1.0,1.0,0.0,0.0,1.0,1.0
0.0,0.0,0.0,0.0,0.0,0.0,0.0,0.0,0.0,0.8911083901529444,0.7245653401718795,0.9983062744140625,0.4897747390269214,0.9107112881319722,0.0,0.0,0.0,0.0,0.0,0.0,0.0,0.0011654797683556817,0.026546197042147224,0.014705162146638407,1.0,1.0,1.0,0.0,1.0,1.0,1.0
0.0,0.0,0.0,0.0,0.0,0.0,0.0,0.0,0.0,0.8911083901529444,0.6019294469631055,0.137908935546875,0.8958244307429339,0.8839750339544324,0.0,0.0,0.0,0.0,0.0,0.0,0.0,0.0011654797683556817,0.026546197042147224,0.014705162146638407,1.0,1.0,1.0,0.0,1.0,1.0,1.0
0.0,0.0,0.0,0.0,0.0,0.0,0.0,0.0,0.0,0.8911083901529444,0.6019294469631055,0.137908935546875,0.8958244307429339,0.8839750339544324,0.879833552582034,1.0,1.0,0.0,0.0,0.0,0.0,0.0011654797683556817,0.026546197042147224,0.014705162146638407,1.0,1.0,1.0,0.0,0.0,1.0,1.0
0.0,0.0,0.0,0.0,0.0,0.0,0.0,0.0,0.0,0.8911083901529444,0.6019294469631055,0.137908935546875,0.8958244307429339,0.8839750339544324,0.0,0.0,0.0,0.0,0.0,0.0,0.0,0.0011654797683556817,0.026546197042147224,0.014705162146638407,1.0,1.0,1.0,0.0,1.0,1.0,1.0
0.0,0.0,0.0,0.0,0.0,0.0,0.0,0.0,0.0,0.8911083901529444,0.6019294469631055,0.137908935546875,0.8958244307429339,0.8839750339544324,0.0,0.0,0.0,0.0,0.0,0.0,0.0,0.0011654797683556817,0.026546197042147224,0.014705162146638407,1.0,1.0,1.0,0.0,1.0,1.0,1.0
0.0,0.0,0.0,0.0,0.0,0.0,0.0,0.0,0.0,0.8911083901529444,0.1073102227106898,0.477447509765625,0.2767230327818815,0.5733186833310443,0.879833552582034,0.5,0.0,0.0,0.0,0.0,0.0,0.0011654797683556817,0.026546197042147224,0.014705162146638407,1.0,1.0,1.0,0.0,0.0,1.0,1.0
0.0,0.0,0.0,0.0,0.0,0.0,0.0,0.0,0.0,0.0,0.0,0.0,0.0,0.0,0.879833552582034,1.0,1.0,0.0,0.0,0.0,0.0,0.0011654797683556817,0.026546197042147224,0.014705162146638407,1.0,1.0,1.0,1.0,0.0,1.0,1.0
0.0,0.0,0.0,0.0,0.0,0.0,0.0,0.0,0.0,0.8911083901529444,0.1073102227106898,0.477447509765625,0.2767230327818815,0.5733186833310443,0.879833552582034,0.5,0.0,0.0,0.0,0.0,0.0,0.0011654797683556817,0.026546197042147224,0.014705162146638407,1.0,1.0,1.0,0.0,0.0,1.0,1.0
0.0,0.0,0.0,0.0,0.0,0.0,0.0,0.0,0.0,0.0,0.0,0.0,0.0,0.0,0.879833552582034,0.5,0.0,0.0,0.0,0.0,0.0,0.0011654797683556817,0.026546197042147224,0.014705162146638407,1.0,1.0,1.0,1.0,0.0,1.0,1.0
0.0,0.0,0.0,0.0,0.0,0.0,0.0,0.0,0.0,0.8911083901529444,0.21489520843827753,0.6983642578125,0.08587693059031805,0.5188542477376429,0.879833552582034,0.5,0.0,0.0,0.0,0.0,0.0,0.0011654797683556817,0.026546197042147224,0.014705162146638407,1.0,1.0,1.0,0.0,0.0,1.0,1.0
0.0,0.0,0.0,0.0,0.0,0.0,0.0,0.0,0.0,0.8911083901529444,0.1073102227106898,0.477447509765625,0.2767230327818815,0.5733186833310443,0.0,0.0,0.0,0.0,0.0,0.0,0.0,0.0011654797683556817,0.026546197042147224,0.014705162146638407,1.0,1.0,1.0,0.0,1.0,1.0,1.0
0.0,0.0,0.0,0.0,0.0,0.0,0.0,0.0,0.0,0.8911083901529444,0.1073102227106898,0.477447509765625,0.2767230327818815,0.5733186833310443,0.0,0.0,0.0,0.0,0.0,0.0,0.0,0.0011654797683556817,0.026546197042147224,0.014705162146638407,1.0,1.0,1.0,0.0,1.0,1.0,1.0
0.0,0.0,0.0,0.0,0.0,0.0,0.0,0.0,0.0,0.8911327327210367,0.21489520843827753,0.6983642578125,0.08587693059031805,0.5188542477376429,0.0,0.0,0.0,0.0,0.0,0.0,0.0,0.0011654797683556817,0.026546197042147224,0.014705162146638407,1.0,1.0,1.0,0.0,1.0,1.0,1.0
0.0,0.0,0.0,0.0,0.0,0.0,0.0,0.0,0.0,0.8911327327210367,0.21489520843827753,0.6983642578125,0.08587693059031805,0.5188542477376429,0.8798575871533614,0.5,0.0,0.0,0.0,0.0,0.0,0.0011654797683556817,0.026546197042147224,0.014705162146638407,1.0,1.0,1.0,0.0,0.0,1.0,1.0
0.0,0.0,0.0,0.0,0.0,0.0,0.0,0.0,0.0,0.8911327327210367,0.21489520843827753,0.6983642578125,0.08587693059031805,0.5188542477376429,0.8798575871533614,1.0,1.0,0.0,0.0,0.0,0.0,0.0011654797683556817,0.026546197042147224,0.014705162146638407,1.0,1.0,1.0,0.0,0.0,1.0,1.0
0.0,0.0,0.0,0.0,0.0,0.0,0.0,0.0,0.0,0.8911327327210367,0.06359237379981987,0.160614013671875,0.42128075209083693,0.09372949381190007,0.8798575871533614,1.0,1.0,0.0,0.0,0.0,0.0,0.0011654797683556817,0.026546197042147224,0.014705162146638407,1.0,1.0,1.0,0.0,0.0,1.0,1.0
0.0,0.0,0.0,0.0,0.0,0.0,0.0,0.0,0.0,0.0,0.0,0.0,0.0,0.0,0.8798575871533614,1.0,1.0,0.0,0.0,0.0,0.0,0.0011654797683556817,0.026546197042147224,0.014705162146638407,1.0,1.0,1.0,1.0,0.0,1.0,1.0
0.0,0.0,0.0,0.0,0.0,0.0,0.0,0.0,0.0,0.8911327327210367,0.06359237379981987,0.160614013671875,0.42128075209083693,0.09372949381190007,0.8798575871533614,0.5,0.0,0.0,0.0,0.0,0.0,0.0011654797683556817,0.026546197042147224,0.014705162146638407,1.0,1.0,1.0,0.0,0.0,1.0,1.0
0.0,0.0,0.0,0.0,0.0,0.0,0.0,0.0,0.0,0.8911327327210367,0.06359237379981987,0.160614013671875,0.42128075209083693,0.09372949381190007,0.0,0.0,0.0,0.0,0.0,0.0,0.0,0.0011654797683556817,0.026546197042147224,0.014705162146638407,1.0,1.0,1.0,0.0,1.0,1.0,1.0
0.0,0.0,0.0,0.0,0.0,0.0,0.0,0.0,0.0,0.0,0.0,0.0,0.0,0.0,0.9229996426860396,1.0,1.0,0.0,0.0,0.0,0.0,0.0011654797683556817,0.026546197042147224,0.014705162146638407,1.0,1.0,1.0,1.0,0.0,1.0,1.0
0.9180043888656042,0.5678571428571428,1.0,0.0,0.0,0.0,0.0,0.0,0.0,0.0,0.0,0.0,0.0,0.0,0.0,0.0,0.0,0.0,0.0,0.0,0.0,0.0011654797683556817,0.026546197042147224,0.014705162146638407,0.0,1.0,1.0,1.0,1.0,1.0,1.0
0.9180043888656042,0.7214285714285713,1.0,0.0,0.0,0.0,0.0,0.0,0.0,0.0,0.0,0.0,0.0,0.0,0.0,0.0,0.0,0.0,0.0,0.0,0.0,0.0011654797683556817,0.026546197042147224,0.014705162146638407,0.0,1.0,1.0,1.0,1.0,1.0,1.0
0.9180043888656042,0.46428571428571425,1.0,0.0,0.0,0.0,0.9361090481847242,0.14131834101564458,0.14211429618307858,0.0,0.0,0.0,0.0,0.0,0.9229996426860396,1.0,1.0,0.0,0.0,0.0,0.0,0.0011654797683556817,0.026546197042147224,0.014705162146638407,0.0,1.0,0.0,1.0,0.0,1.0,1.0
0.0,0.0,0.0,0.0,0.0,0.0,0.9361090481847242,0.1430716838347341,0.13717038006184165,0.0,0.0,0.0,0.0,0.0,0.0,0.0,0.0,0.9219784656419794,0.17318058334575692,1.0,0.0,0.0011654797683556817,0.026546197042147224,0.014705162146638407,1.0,1.0,0.0,1.0,1.0,0.0,1.0
0.9180043888656042,0.35000000000000003,0.0,0.0,0.0,0.0,0.0,0.0,0.0,0.0,0.0,0.0,0.0,0.0,0.0,0.0,0.0,0.9219784656419794,0.3661274449012626,1.0,0.0,0.0011654797683556817,0.026546197042147224,0.014705162146638407,0.0,1.0,1.0,1.0,1.0,0.0,1.0
0.9180043888656042,0.8928571428571428,1.0,0.0,0.0,0.0,0.0,0.0,0.0,0.0,0.0,0.0,0.0,0.0,0.0,0.0,0.0,0.0,0.0,0.0,0.0,0.0011654797683556817,0.026546197042147224,0.014705162146638407,0.0,1.0,1.0,1.0,1.0,1.0,1.0
0.9180043888656042,0.125,0.0,0.0,0.0,0.0,0.9361090481847242,0.1430810020733096,0.13718436449606114,0.0,0.0,0.0,0.0,0.0,0.0,0.0,0.0,0.9219784656419794,0.09094020064232877,0.5,0.0,0.0011654797683556817,0.026546197042147224,0.014705162146638407,0.0,1.0,0.0,1.0,1.0,0.0,1.0
0.0,0.0,0.0,0.0,0.0,0.0,0.0,0.0,0.0,0.0,0.0,0.0,0.0,0.0,0.9229996426860396,0.5,0.0,0.0,0.0,0.0,0.0,0.0011654797683556817,0.026546197042147224,0.014705162146638407,1.0,1.0,1.0,1.0,0.0,1.0,1.0
0.9180043888656042,0.42142857142857143,0.0,0.0,0.0,0.0,0.0,0.0,0.0,0.0,0.0,0.0,0.0,0.0,0.9229996426860396,0.5,0.0,0.9219784656419794,0.34290994424464527,1.0,0.0,0.0011654797683556817,0.026546197042147224,0.014705162146638407,0.0,1.0,1.0,1.0,0.0,0.0,1.0
0.9180043888656042,0.36071428571428565,0.0,0.0,0.0,0.0,0.0,0.0,0.0,0.0,0.0,0.0,0.0,0.0,0.0,0.0,0.0,0.0,0.0,0.0,0.0,0.0011654797683556817,0.026546197042147224,0.014705162146638407,0.0,1.0,1.0,1.0,1.0,1.0,1.0
0.9180043888656042,0.40714285714285714,0.0,0.0,0.0,0.0,0.9361090481847242,0.14151131972176054,0.14242196845757912,0.0,0.0,0.0,0.0,0.0,0.9229996426860396,1.0,1.0,0.0,0.0,0.0,0.0,0.0011654797683556817,0.026546197042147224,0.014705162146638407,0.0,1.0,0.0,1.0,0.0,1.0,1.0
0.0,0.0,0.0,0.0,0.0,0.0,0.9361090481847242,0.1431554779578106,0.1374675035630189,0.0,0.0,0.0,0.0,0.0,0.0,0.0,0.0,0.9219784656419794,0.804606190458967,0.5,0.0,0.0011654797683556817,0.026546197042147224,0.014705162146638407,1.0,1.0,0.0,1.0,1.0,0.0,1.0
0.0,0.0,0.0,0.0,0.0,0.0,0.0,0.0,0.0,0.0,0.0,0.0,0.0,0.0,0.9229996426860396,0.5,0.0,0.0,0.0,0.0,0.0,0.0011654797683556817,0.026546197042147224,0.014705162146638407,1.0,1.0,1.0,1.0,0.0,1.0,1.0
0.9180043888656042,0.15357142857142855,0.0,0.0,0.0,0.0,0.0,0.0,0.0,0.0,0.0,0.0,0.0,0.0,0.9229996426860396,1.0,1.0,0.9219784656419794,0.33572972523625166,1.0,0.0,0.0011654797683556817,0.026546197042147224,0.014705162146638407,0.0,1.0,1.0,1.0,0.0,0.0,1.0
0.9180043888656042,0.14285714285714285,0.0,0.0,0.0,0.0,0.0,0.0,0.0,0.0,0.0,0.0,0.0,0.0,0.0,0.0,0.0,0.0,0.0,0.0,0.0,0.0011654797683556817,0.026546197042147224,0.014705162146638407,0.0,1.0,1.0,1.0,1.0,1.0,1.0
0.9180043888656042,0.8464285714285713,1.0,0.0,0.0,0.0,0.9361090481847242,0.14155470056206476,0.1424941489953177,0.0,0.0,0.0,0.0,0.0,0.9229996426860396,0.5,0.0,0.9219784656419794,0.7952756804029635,1.0,0.0,0.0011654797683556817,0.026546197042147224,0.014705162146638407,0.0,1.0,0.0,1.0,0.0,0.0,1.0
0.0,0.0,0.0,0.0,0.0,0.0,0.9361090481847242,0.1431619572949708,0.13750567691176327,0.0,0.0,0.0,0.0,0.0,0.0,0.0,0.0,0.0,0.0,0.0,0.0,0.0011654797683556817,0.026546197042147224,0.014705162146638407,1.0,1.0,0.0,1.0,1.0,1.0,1.0
0.0,0.0,0.0,0.0,0.0,0.0,0.0,0.0,0.0,0.0,0.0,0.0,0.0,0.0,0.9229996426860396,0.5,0.0,0.0,0.0,0.0,0.0,0.0011654797683556817,0.026546197042147224,0.014705162146638407,1.0,1.0,1.0,1.0,0.0,1.0,1.0
0.9180043888656042,0.7642857142857142,1.0,0.0,0.0,0.0,0.0,0.0,0.0,0.0,0.0,0.0,0.0,0.0,0.0,0.0,0.0,0.9219784656419794,0.30321857713396083,1.0,0.0,0.0011654797683556817,0.026546197042147224,0.014705162146638407,0.0,1.0,1.0,1.0,1.0,0.0,1.0
0.0,0.0,0.0,0.8232727342397252,0.0,0.0,0.0,0.0,0.0,0.8368001207391378,0.8578254033673733,0.8089752197265625,0.5517520297906111,0.04645271559157015,0.0,0.0,0.0,0.0,0.0,0.0,0.8351868881295152,0.48413898198241456,0.3295068325930624,0.45422922153285816,1.0,0.0,1.0,0.0,1.0,1.0,0.0
0.0,0.0,0.0,0.8232727342397252,0.0,0.0,0.0,0.0,0.0,0.8368001207391378,0.8578254033673733,0.8089752197265625,0.5517520297906111,0.04645271559157015,0.0,0.0,0.0,0.0,0.0,0.0,0.8351868881295152,0.49510952999091395,0.33238065193547095,0.45422922153285816,1.0,0.0,1.0,0.0,1.0,1.0,0.0
0.0,0.0,0.0,0.8232966832952943,0.0,0.0,0.0,0.0,0.0,0.83682446330723,0.8221520050067928,0.874359130859375,0.7641932726939747,0.5821849867997375,0.0,0.0,0.0,0.0,0.0,0.0,0.8352111837685695,0.5052988610233206,0.33692286849927866,0.43551040329172236,1.0,0.0,1.0,0.0,1.0,1.0,0.0
0.0,0.0,0.0,0.8232966832952943,0.0,0.0,0.0,0.0,0.0,0.83682446330723,0.8221520050067928,0.874359130859375,0.7641932726939747,0.5821849867997375,0.0,0.0,0.0,0.0,0.0,0.0,0.8352111837685695,0.5059946095837561,0.34082917190535206,0.43551040329172236,1.0,0.0,1.0,0.0,1.0,1.0,0.0
0.0,0.0,0.0,0.8232966832952943,0.0,0.0,0.8380202840283997,0.27254096213301837,0.2758144989619799,0.83682446330723,0.4272106974401245,0.6520538330078125,0.7514193272693975,0.06816829190129561,0.0,0.0,0.0,0.0,0.0,0.0,0.8352111837685695,0.5003621195086606,0.34082917190535206,0.43551040329172236,1.0,0.0,0.0,0.0,1.0,1.0,0.0
0.0,0.0,0.0,0.0,0.0,0.0,0.8380202840283997,0.27271285459035927,0.27582977580879764,0.0,0.0,0.0,0.0,0.0,0.0,0.0,0.0,0.0,0.0,0.0,0.0,0.0011654797683556817,0.026546197042147224,0.014705162146638407,1.0,1.0,0.0,1.0,1.0,1.0,1.0
0.0,0.0,0.0,0.0,0.0,0.0,0.8380202840283997,0.2728328180159235,0.2758659592599872,0.0,0.0,0.0,0.0,0.0,0.0,0.0,0.0,0.0,0.0,0.0,0.0,0.0011654797683556817,0.026546197042147224,0.014705162146638407,1.0,1.0,0.0,1.0,1.0,1.0,1.0
0.0,0.0,0.0,0.8233685304620013,1.0,0.0,0.8380202840283997,0.2729011592875267,0.27612286286206533,0.8368974910115068,0.947413411488147,0.3213043212890625,0.7113424088883462,0.7507973568954204,0.0,0.0,0.0,0.0,0.0,0.0,0.8352840706857323,0.5040586657516538,0.33510297446635184,0.4406570753785655,1.0,0.0,0.0,0.0,1.0,1.0,0.0
0.0,0.0,0.0,0.8233685304620013,0.0,0.0,0.8380446599638262,0.2732157771828419,0.27692151389905967,0.8368974910115068,0.947413411488147,0.3213043212890625,0.7113424088883462,0.7507973568954204,0.0,0.0,0.0,0.0,0.0,0.0,0.8352840706857323,0.5155127149342068,0.33510297446635184,0.4406570753785655,1.0,0.0,0.0,0.0,1.0,1.0,0.0
0.0,0.0,0.0,0.8233685304620013,0.0,0.0,0.8380446599638262,0.27337354726483665,0.2774654888107419,0.8368974910115068,0.2404481690097846,0.1027374267578125,0.06637262682375923,0.11596392436936319,0.0,0.0,0.0,0.0,0.0,0.0,0.8352840706857323,0.5444331957234275,0.3519415601856873,0.4406570753785655,1.0,0.0,0.0,0.0,1.0,1.0,0.0
0.0,0.0,0.0,0.0,0.0,0.0,0.8380446599638262,0.27356521344599655,0.2775559276633364,0.0,0.0,0.0,0.0,0.0,0.0,0.0,0.0,0.0,0.0,0.0,0.0,0.0011654797683556817,0.026546197042147224,0.014705162146638407,1.0,1.0,0.0,1.0,1.0,1.0,1.0
0.0,0.0,0.0,0.0,0.0,0.0,0.8380446599638262,0.27362945919786175,0.2776499881569464,0.0,0.0,0.0,0.0,0.0,0.0,0.0,0.0,0.0,0.0,0.0,0.0,0.0011654797683556817,0.026546197042147224,0.014705162146638407,1.0,1.0,0.0,1.0,1.0,1.0,1.0
0.0,0.0,0.0,0.8233924795175702,0.0,0.0,0.8380690358992526,0.27387568658303735,0.27772455415475994,0.836921833579599,0.06432507517821434,0.341400146484375,0.014284842195226176,0.77339803751011,0.0,0.0,0.0,0.0,0.0,0.0,0.8353083663247866,0.5468016880133905,0.3519415601856873,0.39862652209121924,1.0,0.0,0.0,0.0,1.0,1.0,0.0
0.0,0.0,0.0,0.8233924795175702,0.0,0.0,0.8380690358992526,0.27412012702723326,0.2778048482377086,0.836921833579599,0.06432507517821434,0.341400146484375,0.014284842195226176,0.77339803751011,0.0,0.0,0.0,0.0,0.0,0.0,0.8353083663247866,0.5422199600560794,0.3519415601856873,0.39862652209121924,1.0,0.0,0.0,0.0,1.0,1.0,0.0
0.0,0.0,0.0,0.8233924795175702,0.0,0.0,0.8380690358992526,0.2742689284279226,0.27799839298894713,0.836921833579599,0.9957411732380821,0.8101654052734375,0.13624015627861547,0.18147690335576616,0.0,0.0,0.0,0.0,0.0,0.0,0.8353083663247866,0.5255638048838279,0.3519415601856873,0.36832867510793915,1.0,0.0,0.0,0.0,1.0,1.0,0.0
0.0,0.0,0.0,0.8233924795175702,0.0,0.0,0.8380690358992526,0.27458113854063865,0.27815095308321885,0.836921833579599,0.9957411732380821,0.8101654052734375,0.13624015627861547,0.18147690335576616,0.0,0.0,0.0,0.0,0.0,0.0,0.8353083663247866,0.534168954157788,0.3519415601856873,0.36832867510793915,1.0,0.0,0.0,0.0,1.0,1.0,0.0
0.0,0.0,0.0,0.0,0.0,0.0,0.8380690358992526,0.2749257559681387,0.2784531388251818,0.0,0.0,0.0,0.0,0.0,0.0,0.0,0.0,0.0,0.0,0.0,0.0,0.0011654797683556817,0.026546197042147224,0.014705162146638407,1.0,1.0,0.0,1.0,1.0,1.0,1.0
0.0,0.0,0.0,0.8234164285731392,0.0,0.0,0.8380934118346792,0.27512725677475336,0.27858872816490354,0.8369461761476913,0.6218345010761551,0.1546783447265625,0.3197606983700629,1.0000915625143068,0.0,0.0,0.0,0.0,0.0,0.0,0.8353326619638408,0.5261819308787868,0.3519415601856873,0.3413794515336128,1.0,0.0,0.0,0.0,1.0,1.0,0.0
0.0,0.0,0.0,0.0,0.0,0.0,0.8380934118346792,0.2753110115404503,0.2789591984751316,0.0,0.0,0.0,0.0,0.0,0.0,0.0,0.0,0.0,0.0,0.0,0.0,0.0011654797683556817,0.026546197042147224,0.014705162146638407,1.0,1.0,0.0,1.0,1.0,1.0,1.0
0.0,0.0,0.0,0.8234164285731392,0.0,0.0,0.8380934118346792,0.2760346853903599,0.27942421615613544,0.8369461761476913,0.7275114102975072,0.6562957763671875,0.5123924058360295,0.49756596316134843,0.0,0.0,0.0,0.0,0.0,0.0,0.8353326619638408,0.5203032943275977,0.3519415601856873,0.2998037360190099,1.0,0.0,0.0,0.0,1.0,1.0,0.0
0.0,0.0,0.0,0.0,0.0,0.0,0.0,0.0,0.0,0.0,0.0,0.0,0.0,0.0,0.991137652399211,0.5,0.0,0.0,0.0,0.0,0.0,0.0011654797683556817,0.026546197042147224,0.014705162146638407,1.0,1.0,1.0,1.0,0.0,1.0,1.0
0.0,0.0,0.0,0.0,0.0,0.0,0.0,0.0,0.0,0.0,0.0,0.0,0.0,0.0,0.991137652399211,0.5,0.0,0.0,0.0,0.0,0.0,0.0011654797683556817,0.026546197042147224,0.014705162146638407,1.0,1.0,1.0,1.0,0.0,1.0,1.0
0.0,0.0,0.0,0.0,0.0,0.0,0.0,0.0,0.0,0.0,0.0,0.0,0.0,0.0,0.991137652399211,0.5,0.0,0.0,0.0,0.0,0.0,0.0011654797683556817,0.026546197042147224,0.014705162146638407,1.0,1.0,1.0,1.0,0.0,1.0,1.0
0.0,0.0,0.0,0.0,0.0,0.0,0.0,0.0,0.0,0.0,0.0,0.0,0.0,0.0,0.991137652399211,0.5,0.0,0.0,0.0,0.0,0.0,0.0011654797683556817,0.026546197042147224,0.014705162146638407,1.0,1.0,1.0,1.0,0.0,1.0,1.0
0.0,0.0,0.0,0.0,0.0,0.0,0.0,0.0,0.0,0.0,0.0,0.0,0.0,0.0,0.991137652399211,1.0,1.0,0.0,0.0,0.0,0.0,0.0011654797683556817,0.026546197042147224,0.014705162146638407,1.0,1.0,1.0,1.0,0.0,1.0,1.0
0.0,0.0,0.0,0.0,0.0,0.0,0.0,0.0,0.0,0.0,0.0,0.0,0.0,0.0,0.991137652399211,0.5,0.0,0.0,0.0,0.0,0.0,0.0011654797683556817,0.026546197042147224,0.014705162146638407,1.0,1.0,1.0,1.0,0.0,1.0,1.0
0.0,0.0,0.0,0.0,0.0,0.0,0.0,0.0,0.0,0.0,0.0,0.0,0.0,0.0,0.991137652399211,1.0,1.0,0.0,0.0,0.0,0.0,0.0011654797683556817,0.026546197042147224,0.014705162146638407,1.0,1.0,1.0,1.0,0.0,1.0,1.0
0.0,0.0,0.0,0.0,0.0,0.0,0.0,0.0,0.0,0.0,0.0,0.0,0.0,0.0,0.991137652399211,0.5,0.0,0.0,0.0,0.0,0.0,0.0011654797683556817,0.026546197042147224,0.014705162146638407,1.0,1.0,1.0,1.0,0.0,1.0,1.0
0.0,0.0,0.0,0.0,0.0,0.0,0.0,0.0,0.0,0.0,0.0,0.0,0.0,0.0,0.991137652399211,0.5,0.0,0.0,0.0,0.0,0.0,0.0011654797683556817,0.026546197042147224,0.014705162146638407,1.0,1.0,1.0,1.0,0.0,1.0,1.0
0.0,0.0,0.0,0.0,0.0,0.0,0.0,0.0,0.0,0.0,0.0,0.0,0.0,0.0,0.991137652399211,0.5,0.0,0.0,0.0,0.0,0.0,0.0011654797683556817,0.026546197042147224,0.014705162146638407,1.0,1.0,1.0,1.0,0.0,1.0,1.0
0.0,0.0,0.0,0.0,0.0,0.0,0.0,0.0,0.0,0.0,0.0,0.0,0.0,0.0,0.991137652399211,0.5,0.0,0.0,0.0,0.0,0.0,0.0011654797683556817,0.026546197042147224,0.014705162146638407,1.0,1.0,1.0,1.0,0.0,1.0,1.0
0.0,0.0,0.0,0.0,0.0,0.0,0.0,0.0,0.0,0.0,0.0,0.0,0.0,0.0,0.991137652399211,0.5,0.0,0.0,0.0,0.0,0.0,0.0011654797683556817,0.026546197042147224,0.014705162146638407,1.0,1.0,1.0,1.0,0.0,1.0,1.0
0.0,0.0,0.0,0.0,0.0,0.0,0.0,0.0,0.0,0.0,0.0,0.0,0.0,0.0,0.991137652399211,0.5,0.0,0.0,0.0,0.0,0.0,0.0011654797683556817,0.026546197042147224,0.014705162146638407,1.0,1.0,1.0,1.0,0.0,1.0,1.0
0.0,0.0,0.0,0.0,0.0,0.0,0.0,0.0,0.0,0.0,0.0,0.0,0.0,0.0,0.991137652399211,0.5,0.0,0.0,0.0,0.0,0.0,0.0011654797683556817,0.026546197042147224,0.014705162146638407,1.0,1.0,1.0,1.0,0.0,1.0,1.0
0.0,0.0,0.0,0.0,0.0,0.0,0.0,0.0,0.0,0.0,0.0,0.0,0.0,0.0,0.9911616869705384,1.0,1.0,0.0,0.0,0.0,0.0,0.0011654797683556817,0.026546197042147224,0.014705162146638407,1.0,1.0,1.0,1.0,0.0,1.0,1.0
0.0,0.0,0.0,0.0,0.0,0.0,0.0,0.0,0.0,0.0,0.0,0.0,0.0,0.0,0.9911616869705384,0.5,0.0,0.0,0.0,0.0,0.0,0.0011654797683556817,0.026546197042147224,0.014705162146638407,1.0,1.0,1.0,1.0,0.0,1.0,1.0
0.0,0.0,0.0,0.0,0.0,0.0,0.0,0.0,0.0,0.0,0.0,0.0,0.0,0.0,0.9911616869705384,0.5,0.0,0.0,0.0,0.0,0.0,0.0011654797683556817,0.026546197042147224,0.014705162146638407,1.0,1.0,1.0,1.0,0.0,1.0,1.0
0.0,0.0,0.0,0.0,0.0,0.0,0.0,0.0,0.0,0.0,0.0,0.0,0.0,0.0,0.9911616869705384,0.5,0.0,0.0,0.0,0.0,0.0,0.0011654797683556817,0.026546197042147224,0.014705162146638407,1.0,1.0,1.0,1.0,0.0,1.0,1.0
0.0,0.0,0.0,0.0,0.0,0.0,0.0,0.0,0.0,0.0,0.0,0.0,0.0,0.0,0.9911616869705384,1.0,1.0,0.0,0.0,0.0,0.0,0.0011654797683556817,0.026546197042147224,0.014705162146638407,1.0,1.0,1.0,1.0,0.0,1.0,1.0
0.0,0.0,0.0,0.0,0.0,0.0,0.0,0.0,0.0,0.0,0.0,0.0,0.0,0.0,0.9911616869705384,0.5,0.0,0.0,0.0,0.0,0.0,0.0011654797683556817,0.026546197042147224,0.014705162146638407,1.0,1.0,1.0,1.0,0.0,1.0,1.0
0.07467764786126468,0.3535714285714286,0.0,0.0,0.0,0.0,0.0,0.0,0.0,0.0,0.0,0.0,0.0,0.0,0.0,0.0,0.0,0.0,0.0,0.0,0.0,0.0011654797683556817,0.026546197042147224,0.014705162146638407,0.0,1.0,1.0,1.0,1.0,1.0,1.0
0.07467764786126468,0.875,1.0,0.0,0.0,0.0,0.0,0.0,0.0,0.0,0.0,0.0,0.0,0.0,0.0,0.0,0.0,0.0,0.0,0.0,0.0,0.0011654797683556817,0.026546197042147224,0.014705162146638407,0.0,1.0,1.0,1.0,1.0,1.0,1.0
0.07467764786126468,0.7000000000000001,1.0,0.0,0.0,0.0,0.0,0.0,0.0,0.0,0.0,0.0,0.0,0.0,0.0,0.0,0.0,0.0,0.0,0.0,0.0,0.0011654797683556817,0.026546197042147224,0.014705162146638407,0.0,1.0,1.0,1.0,1.0,1.0,1.0
0.07467764786126468,0.6,1.0,0.0,0.0,0.0,0.0,0.0,0.0,0.0,0.0,0.0,0.0,0.0,0.0,0.0,0.0,0.0,0.0,0.0,0.0,0.0011654797683556817,0.026546197042147224,0.014705162146638407,0.0,1.0,1.0,1.0,1.0,1.0,1.0
0.07467764786126468,0.4892857142857142,1.0,0.0,0.0,0.0,0.0,0.0,0.0,0.0,0.0,0.0,0.0,0.0,0.0,0.0,0.0,0.0,0.0,0.0,0.0,0.0011654797683556817,0.026546197042147224,0.014705162146638407,0.0,1.0,1.0,1.0,1.0,1.0,1.0
0.07467764786126468,0.2857142857142857,0.0,0.0,0.0,0.0,0.0,0.0,0.0,0.0,0.0,0.0,0.0,0.0,0.0,0.0,0.0,0.0,0.0,0.0,0.0,0.0011654797683556817,0.026546197042147224,0.014705162146638407,0.0,1.0,1.0,1.0,1.0,1.0,1.0
0.07467764786126468,0.5178571428571428,1.0,0.0,0.0,0.0,0.0,0.0,0.0,0.0,0.0,0.0,0.0,0.0,0.0,0.0,0.0,0.0,0.0,0.0,0.0,0.0011654797683556817,0.026546197042147224,0.014705162146638407,0.0,1.0,1.0,1.0,1.0,1.0,1.0
0.07467764786126468,0.6892857142857143,1.0,0.0,0.0,0.0,0.0,0.0,0.0,0.0,0.0,0.0,0.0,0.0,0.0,0.0,0.0,0.0,0.0,0.0,0.0,0.0011654797683556817,0.026546197042147224,0.014705162146638407,0.0,1.0,1.0,1.0,1.0,1.0,1.0
0.07467764786126468,0.6928571428571427,1.0,0.0,0.0,0.0,0.0,0.0,0.0,0.0,0.0,0.0,0.0,0.0,0.0,0.0,0.0,0.0,0.0,0.0,0.0,0.0011654797683556817,0.026546197042147224,0.014705162146638407,0.0,1.0,1.0,1.0,1.0,1.0,1.0
0.07467764786126468,0.8035714285714285,1.0,0.0,0.0,0.0,0.0,0.0,0.0,0.0,0.0,0.0,0.0,0.0,0.0,0.0,0.0,0.0,0.0,0.0,0.0,0.0011654797683556817,0.026546197042147224,0.014705162146638407,0.0,1.0,1.0,1.0,1.0,1.0,1.0
0.07467764786126468,0.9678571428571429,1.0,0.0,0.0,0.0,0.0,0.0,0.0,0.0,0.0,0.0,0.0,0.0,0.0,0.0,0.0,0.0,0.0,0.0,0.0,0.0011654797683556817,0.026546197042147224,0.014705162146638407,0.0,1.0,1.0,1.0,1.0,1.0,1.0
0.07467764786126468,0.6499999999999999,1.0,0.0,0.0,0.0,0.0,0.0,0.0,0.0,0.0,0.0,0.0,0.0,0.0,0.0,0.0,0.0,0.0,0.0,0.0,0.0011654797683556817,0.026546197042147224,0.014705162146638407,0.0,1.0,1.0,1.0,1.0,1.0,1.0
0.07467764786126468,0.2857142857142857,0.0,0.0,0.0,0.0,0.0,0.0,0.0,0.0,0.0,0.0,0.0,0.0,0.0,0.0,0.0,0.0,0.0,0.0,0.0,0.0011654797683556817,0.026546197042147224,0.014705162146638407,0.0,1.0,1.0,1.0,1.0,1.0,1.0
0.07467764786126468,0.6714285714285714,1.0,0.0,0.0,0.0,0.0,0.0,0.0,0.0,0.0,0.0,0.0,0.0,0.0,0.0,0.0,0.0,0.0,0.0,0.0,0.0011654797683556817,0.026546197042147224,0.014705162146638407,0.0,1.0,1.0,1.0,1.0,1.0,1.0
0.07467764786126468,0.5785714285714285,1.0,0.0,0.0,0.0,0.0,0.0,0.0,0.0,0.0,0.0,0.0,0.0,0.0,0.0,0.0,0.0,0.0,0.0,0.0,0.0011654797683556817,0.026546197042147224,0.014705162146638407,0.0,1.0,1.0,1.0,1.0,1.0,1.0
0.07467764786126468,0.9464285714285714,1.0,0.0,0.0,0.0,0.0,0.0,0.0,0.0,0.0,0.0,0.0,0.0,0.0,0.0,0.0,0.0,0.0,0.0,0.0,0.0011654797683556817,0.026546197042147224,0.014705162146638407,0.0,1.0,1.0,1.0,1.0,1.0,1.0
0.07467764786126468,0.3571428571428571,0.0,0.0,0.0,0.0,0.0,0.0,0.0,0.0,0.0,0.0,0.0,0.0,0.0,0.0,0.0,0.0,0.0,0.0,0.0,0.0011654797683556817,0.026546197042147224,0.014705162146638407,0.0,1.0,1.0,1.0,1.0,1.0,1.0
0.07467764786126468,0.825,1.0,0.0,0.0,0.0,0.0,0.0,0.0,0.0,0.0,0.0,0.0,0.0,0.0,0.0,0.0,0.0,0.0,0.0,0.0,0.0011654797683556817,0.026546197042147224,0.014705162146638407,0.0,1.0,1.0,1.0,1.0,1.0,1.0
0.07467764786126468,0.8321428571428571,1.0,0.0,0.0,0.0,0.0,0.0,0.0,0.0,0.0,0.0,0.0,0.0,0.0,0.0,0.0,0.0,0.0,0.0,0.0,0.0011654797683556817,0.026546197042147224,0.014705162146638407,0.0,1.0,1.0,1.0,1.0,1.0,1.0
0.07467764786126468,0.2571428571428571,0.0,0.0,0.0,0.0,0.0,0.0,0.0,0.0,0.0,0.0,0.0,0.0,0.0,0.0,0.0,0.0,0.0,0.0,0.0,0.0011654797683556817,0.026546197042147224,0.014705162146638407,0.0,1.0,1.0,1.0,1.0,1.0,1.0
0.0,0.0,0.0,0.0,0.0,0.0,0.0,0.0,0.0,0.0,0.0,0.0,0.0,0.0,0.9241533021097547,1.0,1.0,0.923130848694106,0.5616912935200551,1.0,0.0,0.0011654797683556817,0.026546197042147224,0.014705162146638407,1.0,1.0,1.0,1.0,0.0,0.0,1.0
0.0,0.0,0.0,0.0,0.0,0.0,0.9372790930851972,0.018914507741368908,0.020882019327186568,0.0,0.0,0.0,0.0,0.0,0.9241533021097547,0.5,0.0,0.923130848694106,0.5589438636517712,1.0,0.9341916172756571,0.3323495947475066,0.577681116239063,0.9313814597605131,1.0,1.0,0.0,1.0,0.0,0.0,0.0
0.0,0.0,0.0,0.0,0.0,0.0,0.0,0.0,0.0,0.0,0.0,0.0,0.0,0.0,0.0,0.0,0.0,0.0,0.0,0.0,0.9341916172756571,0.4407937316193308,0.6264652431499554,0.9645937721108373,1.0,1.0,1.0,1.0,1.0,1.0,0.0
0.0,0.0,0.0,0.0,0.0,0.0,0.0,0.0,0.0,0.0,0.0,0.0,0.0,0.0,0.0,0.0,0.0,0.0,0.0,0.0,0.9341916172756571,0.7437873460609415,0.5508193668330206,0.6617582862862513,1.0,1.0,1.0,1.0,1.0,1.0,0.0
0.0,0.0,0.0,0.0,0.0,0.0,0.0,0.0,0.0,0.0,0.0,0.0,0.0,0.0,0.0,0.0,0.0,0.923130848694106,0.45886161833465255,1.0,0.9341916172756571,0.5281327682332381,0.7412143161079863,0.0485073562243311,1.0,1.0,1.0,1.0,1.0,0.0,0.0
0.0,0.0,0.0,0.0,0.0,0.0,0.9372790930851972,0.018222263543306947,0.01816157315044704,0.0,0.0,0.0,0.0,0.0,0.0,0.0,0.0,0.923130848694106,0.5023445688717474,1.0,0.0,0.0011654797683556817,0.026546197042147224,0.014705162146638407,1.0,1.0,0.0,1.0,1.0,0.0,1.0
0.0,0.0,0.0,0.0,0.0,0.0,0.9372790930851972,0.01896425130344658,0.020882932272226224,0.0,0.0,0.0,0.0,0.0,0.9241533021097547,1.0,1.0,0.923130848694106,0.4309421055303355,1.0,0.9341916172756571,0.3303745687577748,0.577681116239063,0.9313814597605131,1.0,1.0,0.0,1.0,0.0,0.0,0.0
0.0,0.0,0.0,0.0,0.0,0.0,0.9372790930851972,0.01850970995538845,0.017294210909686965,0.0,0.0,0.0,0.0,0.0,0.9241533021097547,0.5,0.0,0.923130848694106,0.3964617728806119,1.0,0.9341916172756571,0.4489744389821727,0.6264652431499554,0.9645937721108373,1.0,1.0,0.0,1.0,0.0,0.0,0.0
0.0,0.0,0.0,0.0,0.0,0.0,0.9372790930851972,0.01967929466085134,0.01856413262097031,0.0,0.0,0.0,0.0,0.0,0.9241533021097547,0.5,0.0,0.0,0.0,0.0,0.0,0.0011654797683556817,0.026546197042147224,0.014705162146638407,1.0,1.0,0.0,1.0,0.0,1.0,1.0
0.0,0.0,0.0,0.0,0.0,0.0,0.9372790930851972,0.18614687481595,0.1894279292289839,0.0,0.0,0.0,0.0,0.0,0.0,0.0,0.0,0.923130848694106,0.2943558925709264,1.0,0.9341916172756571,0.5375921771289408,0.7412143161079863,0.0485073562243311,1.0,1.0,0.0,1.0,1.0,0.0,0.0
0.0,0.0,0.0,0.0,0.0,0.0,0.9372790930851972,0.01823718185686849,0.018219187454979174,0.0,0.0,0.0,0.0,0.0,0.0,0.0,0.0,0.923130848694106,0.25779348311809436,1.0,0.9341916172756571,0.755156067682781,0.5508193668330206,0.6617582862862513,1.0,1.0,0.0,1.0,1.0,0.0,0.0
0.0,0.0,0.0,0.0,0.0,0.0,0.9372790930851972,0.019006178609437846,0.020980484786563853,0.0,0.0,0.0,0.0,0.0,0.9241533021097547,0.5,0.0,0.923130848694106,0.23804484276026017,1.0,0.9341916172756571,0.33635056660984275,0.577681116239063,0.9313814597605131,1.0,1.0,0.0,1.0,0.0,0.0,0.0
0.0,0.0,0.0,0.0,0.0,0.0,0.0,0.0,0.0,0.0,0.0,0.0,0.0,0.0,0.9241533021097547,1.0,1.0,0.923130848694106,0.22466134803691373,1.0,0.9341916172756571,0.4489744389821727,0.6264652431499554,0.9424073940752318,1.0,1.0,1.0,1.0,0.0,0.0,0.0
0.0,0.0,0.0,0.0,0.0,0.0,0.0,0.0,0.0,0.0,0.0,0.0,0.0,0.0,0.0,0.0,0.0,0.0,0.0,0.0,0.9341916172756571,0.4717562853513425,0.6028854385472666,0.19227769289386337,1.0,1.0,1.0,1.0,1.0,1.0,0.0
0.0,0.0,0.0,0.0,0.0,0.0,0.9372790930851972,0.19208699004421634,0.18399303240433626,0.0,0.0,0.0,0.0,0.0,0.9241533021097547,0.5,0.0,0.923130848694106,0.19579274601321117,1.0,0.9341916172756571,0.45616343758016786,0.6132575015506649,0.804074979930065,1.0,1.0,0.0,1.0,0.0,0.0,0.0
0.0,0.0,0.0,0.0,0.0,0.0,0.9372790930851972,0.018309704597617937,0.018229022923042317,0.0,0.0,0.0,0.0,0.0,0.0,0.0,0.0,0.923130848694106,0.22462922704864496,1.0,0.0,0.0011654797683556817,0.026546197042147224,0.014705162146638407,1.0,1.0,0.0,1.0,1.0,0.0,1.0
0.0,0.0,0.0,0.0,0.0,0.0,0.0,0.0,0.0,0.0,0.0,0.0,0.0,0.0,0.0,0.0,0.0,0.923130848694106,0.09094020064232877,0.5,0.0,0.0011654797683556817,0.026546197042147224,0.014705162146638407,1.0,1.0,1.0,1.0,1.0,0.0,1.0
0.0,0.0,0.0,0.0,0.0,0.0,0.0,0.0,0.0,0.0,0.0,0.0,0.0,0.0,0.0,0.0,0.0,0.923130848694106,0.16849662919369912,1.0,0.9341916172756571,0.7607523156824393,0.5508193668330206,0.6617582862862513,1.0,1.0,1.0,1.0,1.0,0.0,0.0
0.0,0.0,0.0,0.0,0.0,0.0,0.9372790930851972,0.019040946957465252,0.02122279586150513,0.0,0.0,0.0,0.0,0.0,0.0,0.0,0.0,0.923130848694106,0.7829478186192715,0.5,0.9341916172756571,0.5383632683091021,0.7412143161079863,0.0485073562243311,1.0,1.0,0.0,1.0,1.0,0.0,0.0
0.0,0.0,0.0,0.0,0.0,0.0,0.0,0.0,0.0,0.0,0.0,0.0,0.0,0.0,0.9241533021097547,0.5,0.0,0.923130848694106,0.7718821922700627,1.0,0.9341916172756571,0.3462781149541051,0.577681116239063,0.9313814597605131,1.0,1.0,1.0,1.0,0.0,0.0,0.0
0.0,0.0,0.0,0.9241940544074645,1.0,0.0,0.0,0.0,0.0,0.0,0.0,0.0,0.0,0.0,0.0,0.0,0.0,0.0,0.0,0.0,0.0,0.0011654797683556817,0.026546197042147224,0.014705162146638407,1.0,0.0,1.0,1.0,1.0,1.0,1.0
0.0,0.0,0.0,0.9241940544074645,0.0,0.0,0.0,0.0,0.0,0.0,0.0,0.0,0.0,0.0,0.0,0.0,0.0,0.0,0.0,0.0,0.0,0.0011654797683556817,0.026546197042147224,0.014705162146638407,1.0,0.0,1.0,1.0,1.0,1.0,1.0
0.0,0.0,0.0,0.9241940544074645,1.0,0.0,0.0,0.0,0.0,0.9393797026798734,0.25910152493474375,0.522247314453125,0.12680849764971613,0.9141906636756246,0.0,0.0,0.0,0.0,0.0,0.0,0.0,0.0011654797683556817,0.026546197042147224,0.014705162146638407,1.0,0.0,1.0,0.0,1.0,1.0,1.0
0.0,0.0,0.0,0.9241940544074645,0.0,0.0,0.0,0.0,0.0,0.9393797026798734,0.25910152493474375,0.522247314453125,0.12680849764971613,0.9141906636756246,0.0,0.0,0.0,0.0,0.0,0.0,0.0,0.0011654797683556817,0.026546197042147224,0.014705162146638407,1.0,0.0,1.0,0.0,1.0,1.0,1.0
0.0,0.0,0.0,0.0,0.0,0.0,0.0,0.0,0.0,0.9393797026798734,0.04402314115186762,0.961639404296875,0.33195470362004764,0.4434677776251736,0.0,0.0,0.0,0.0,0.0,0.0,0.0,0.0011654797683556817,0.026546197042147224,0.014705162146638407,1.0,1.0,1.0,0.0,1.0,1.0,1.0
0.0,0.0,0.0,0.9241940544074645,1.0,0.0,0.0,0.0,0.0,0.9393797026798734,0.04402314115186762,0.961639404296875,0.33195470362004764,0.4434677776251736,0.0,0.0,0.0,0.0,0.0,0.0,0.0,0.0011654797683556817,0.026546197042147224,0.014705162146638407,1.0,0.0,1.0,0.0,1.0,1.0,1.0
0.0,0.0,0.0,0.9241940544074645,0.0,0.0,0.0,0.0,0.0,0.0,0.0,0.0,0.0,0.0,0.0,0.0,0.0,0.0,0.0,0.0,0.0,0.0011654797683556817,0.026546197042147224,0.014705162146638407,1.0,0.0,1.0,1.0,1.0,1.0,1.0
0.0,0.0,0.0,0.9241940544074645,0.0,0.0,0.0,0.0,0.0,0.0,0.0,0.0,0.0,0.0,0.0,0.0,0.0,0.0,0.0,0.0,0.0,0.0011654797683556817,0.026546197042147224,0.014705162146638407,1.0,0.0,1.0,1.0,1.0,1.0,1.0
0.0,0.0,0.0,0.9241940544074645,0.0,0.0,0.0,0.0,0.0,0.9393797026798734,0.19207461342369983,0.574310302734375,0.6613759843721385,0.4086129805124449,0.0,0.0,0.0,0.0,0.0,0.0,0.0,0.0011654797683556817,0.026546197042147224,0.014705162146638407,1.0,0.0,1.0,0.0,1.0,1.0,1.0
0.0,0.0,0.0,0.9241940544074645,0.0,0.0,0.0,0.0,0.0,0.9393797026798734,0.19207461342369983,0.574310302734375,0.6613759843721385,0.4086129805124449,0.0,0.0,0.0,0.0,0.0,0.0,0.0,0.0011654797683556817,0.026546197042147224,0.014705162146638407,1.0,0.0,1.0,0.0,1.0,1.0,1.0
0.0,0.0,0.0,0.0,0.0,0.0,0.0,0.0,0.0,0.9393797026798734,0.19207461342369983,0.574310302734375,0.6613759843721385,0.4086129805124449,0.0,0.0,0.0,0.0,0.0,0.0,0.0,0.0011654797683556817,0.026546197042147224,0.014705162146638407,1.0,1.0,1.0,0.0,1.0,1.0,1.0
0.0,0.0,0.0,0.9241940544074645,1.0,0.0,0.0,0.0,0.0,0.9393797026798734,0.19207461342369983,0.574310302734375,0.6613759843721385,0.4086129805124449,0.0,0.0,0.0,0.0,0.0,0.0,0.0,0.0011654797683556817,0.026546197042147224,0.014705162146638407,1.0,0.0,1.0,0.0,1.0,1.0,1.0
0.0,0.0,0.0,0.9241940544074645,0.0,0.0,0.0,0.0,0.0,0.9393797026798734,0.7757475843751431,0.5065765380859375,0.1387277943959465,0.09794136947000565,0.0,0.0,0.0,0.0,0.0,0.0,0.0,0.0011654797683556817,0.026546197042147224,0.014705162146638407,1.0,0.0,1.0,0.0,1.0,1.0,1.0
0.0,0.0,0.0,0.9241940544074645,0.0,0.0,0.0,0.0,0.0,0.0,0.0,0.0,0.0,0.0,0.0,0.0,0.0,0.0,0.0,0.0,0.0,0.0011654797683556817,0.026546197042147224,0.014705162146638407,1.0,0.0,1.0,1.0,1.0,1.0,1.0
0.0,0.0,0.0,0.9241940544074645,0.0,0.0,0.0,0.0,0.0,0.9393797026798734,0.570194318511395,0.7325592041015625,0.754654782980282,0.1014817866898625,0.0,0.0,0.0,0.0,0.0,0.0,0.0,0.0011654797683556817,0.026546197042147224,0.014705162146638407,1.0,0.0,1.0,0.0,1.0,1.0,1.0
0.0,0.0,0.0,0.9241940544074645,1.0,0.0,0.0,0.0,0.0,0.0,0.0,0.0,0.0,0.0,0.0,0.0,0.0,0.0,0.0,0.0,0.0,0.0011654797683556817,0.026546197042147224,0.014705162146638407,1.0,0.0,1.0,1.0,1.0,1.0,1.0
0.0,0.0,0.0,0.9241940544074645,0.0,0.0,0.0,0.0,0.0,0.0,0.0,0.0,0.0,0.0,0.0,0.0,0.0,0.0,0.0,0.0,0.0,0.0011654797683556817,0.026546197042147224,0.014705162146638407,1.0,0.0,1.0,1.0,1.0,1.0,1.0
0.0,0.0,0.0,0.9241940544074645,0.0,0.0,0.0,0.0,0.0,0.9393797026798734,0.570194318511395,0.7325592041015625,0.754654782980282,0.1014817866898625,0.0,0.0,0.0,0.0,0.0,0.0,0.0,0.0011654797683556817,0.026546197042147224,0.014705162146638407,1.0,0.0,1.0,0.0,1.0,1.0,1.0
0.0,0.0,0.0,0.9241940544074645,0.0,0.0,0.0,0.0,0.0,0.9393797026798734,0.570194318511395,0.7325592041015625,0.754654782980282,0.1014817866898625,0.0,0.0,0.0,0.0,0.0,0.0,0.0,0.0011654797683556817,0.026546197042147224,0.014705162146638407,1.0,0.0,1.0,0.0,1.0,1.0,1.0
0.0,0.0,0.0,0.0,0.0,0.0,0.0,0.0,0.0,0.9393797026798734,0.7977591549510769,0.1917572021484375,0.3558390818631341,0.10769277724366312,0.0,0.0,0.0,0.0,0.0,0.0,0.0,0.0011654797683556817,0.026546197042147224,0.014705162146638407,1.0,1.0,1.0,0.0,1.0,1.0,1.0
0.07462983886775555,0.9142857142857143,1.0,0.0,0.0,0.0,0.0,0.0,0.0,0.0,0.0,0.0,0.0,0.0,0.0,0.0,0.0,0.0,0.0,0.0,0.0,0.0011654797683556817,0.026546197042147224,0.014705162146638407,0.0,1.0,1.0,1.0,1.0,1.0,1.0
0.07462983886775555,0.3428571428571428,0.0,0.0,0.0,0.0,0.0,0.0,0.0,0.0,0.0,0.0,0.0,0.0,0.0,0.0,0.0,0.0,0.0,0.0,0.0,0.0011654797683556817,0.026546197042147224,0.014705162146638407,0.0,1.0,1.0,1.0,1.0,1.0,1.0
0.07462983886775555,0.2571428571428571,0.0,0.0,0.0,0.0,0.0,0.0,0.0,0.0,0.0,0.0,0.0,0.0,0.0,0.0,0.0,0.0,0.0,0.0,0.0,0.0011654797683556817,0.026546197042147224,0.014705162146638407,0.0,1.0,1.0,1.0,1.0,1.0,1.0
0.07462983886775555,0.21428571428571427,0.0,0.0,0.0,0.0,0.0,0.0,0.0,0.0,0.0,0.0,0.0,0.0,0.0,0.0,0.0,0.0,0.0,0.0,0.0,0.0011654797683556817,0.026546197042147224,0.014705162146638407,0.0,1.0,1.0,1.0,1.0,1.0,1.0
0.07462983886775555,0.2857142857142857,0.0,0.0,0.0,0.0,0.0,0.0,0.0,0.0,0.0,0.0,0.0,0.0,0.0,0.0,0.0,0.0,0.0,0.0,0.0,0.0011654797683556817,0.026546197042147224,0.014705162146638407,0.0,1.0,1.0,1.0,1.0,1.0,1.0
0.07462983886775555,0.8321428571428571,1.0,0.0,0.0,0.0,0.0,0.0,0.0,0.0,0.0,0.0,0.0,0.0,0.0,0.0,0.0,0.0,0.0,0.0,0.0,0.0011654797683556817,0.026546197042147224,0.014705162146638407,0.0,1.0,1.0,1.0,1.0,1.0,1.0
0.07462983886775555,0.07142857142857142,0.0,0.0,0.0,0.0,0.0,0.0,0.0,0.0,0.0,0.0,0.0,0.0,0.0,0.0,0.0,0.0,0.0,0.0,0.0,0.0011654797683556817,0.026546197042147224,0.014705162146638407,0.0,1.0,1.0,1.0,1.0,1.0,1.0
0.07462983886775555,0.7000000000000001,1.0,0.0,0.0,0.0,0.0,0.0,0.0,0.0,0.0,0.0,0.0,0.0,0.0,0.0,0.0,0.0,0.0,0.0,0.0,0.0011654797683556817,0.026546197042147224,0.014705162146638407,0.0,1.0,1.0,1.0,1.0,1.0,1.0
0.07462983886775555,0.8535714285714284,1.0,0.0,0.0,0.0,0.0,0.0,0.0,0.0,0.0,0.0,0.0,0.0,0.0,0.0,0.0,0.0,0.0,0.0,0.0,0.0011654797683556817,0.026546197042147224,0.014705162146638407,0.0,1.0,1.0,1.0,1.0,1.0,1.0
0.07462983886775555,0.3571428571428571,0.0,0.0,0.0,0.0,0.0,0.0,0.0,0.0,0.0,0.0,0.0,0.0,0.0,0.0,0.0,0.0,0.0,0.0,0.0,0.0011654797683556817,0.026546197042147224,0.014705162146638407,0.0,1.0,1.0,1.0,1.0,1.0,1.0
0.07462983886775555,0.14285714285714285,0.0,0.0,0.0,0.0,0.0,0.0,0.0,0.0,0.0,0.0,0.0,0.0,0.0,0.0,0.0,0.0,0.0,0.0,0.0,0.0011654797683556817,0.026546197042147224,0.014705162146638407,0.0,1.0,1.0,1.0,1.0,1.0,1.0
0.07462983886775555,0.2857142857142857,0.0,0.0,0.0,0.0,0.0,0.0,0.0,0.0,0.0,0.0,0.0,0.0,0.0,0.0,0.0,0.0,0.0,0.0,0.0,0.0011654797683556817,0.026546197042147224,0.014705162146638407,0.0,1.0,1.0,1.0,1.0,1.0,1.0
0.07462983886775555,0.4464285714285714,1.0,0.0,0.0,0.0,0.0,0.0,0.0,0.0,0.0,0.0,0.0,0.0,0.0,0.0,0.0,0.0,0.0,0.0,0.0,0.0011654797683556817,0.026546197042147224,0.014705162146638407,0.0,1.0,1.0,1.0,1.0,1.0,1.0
0.07462983886775555,0.14285714285714285,0.0,0.0,0.0,0.0,0.0,0.0,0.0,0.0,0.0,0.0,0.0,0.0,0.0,0.0,0.0,0.0,0.0,0.0,0.0,0.0011654797683556817,0.026546197042147224,0.014705162146638407,0.0,1.0,1.0,1.0,1.0,1.0,1.0
0.07462983886775555,0.5392857142857143,1.0,0.0,0.0,0.0,0.0,0.0,0.0,0.0,0.0,0.0,0.0,0.0,0.0,0.0,0.0,0.0,0.0,0.0,0.0,0.0011654797683556817,0.026546197042147224,0.014705162146638407,0.0,1.0,1.0,1.0,1.0,1.0,1.0
0.07462983886775555,0.40714285714285714,0.0,0.0,0.0,0.0,0.0,0.0,0.0,0.0,0.0,0.0,0.0,0.0,0.0,0.0,0.0,0.0,0.0,0.0,0.0,0.0011654797683556817,0.026546197042147224,0.014705162146638407,0.0,1.0,1.0,1.0,1.0,1.0,1.0
0.07462983886775555,0.6285714285714286,1.0,0.0,0.0,0.0,0.0,0.0,0.0,0.0,0.0,0.0,0.0,0.0,0.0,0.0,0.0,0.0,0.0,0.0,0.0,0.0011654797683556817,0.026546197042147224,0.014705162146638407,0.0,1.0,1.0,1.0,1.0,1.0,1.0
0.07462983886775555,0.425,0.0,0.0,0.0,0.0,0.0,0.0,0.0,0.0,0.0,0.0,0.0,0.0,0.0,0.0,0.0,0.0,0.0,0.0,0.0,0.0011654797683556817,0.026546197042147224,0.014705162146638407,0.0,1.0,1.0,1.0,1.0,1.0,1.0
0.07462983886775555,0.22857142857142856,0.0,0.0,0.0,0.0,0.0,0.0,0.0,0.0,0.0,0.0,0.0,0.0,0.0,0.0,0.0,0.0,0.0,0.0,0.0,0.0011654797683556817,0.026546197042147224,0.014705162146638407,0.0,1.0,1.0,1.0,1.0,1.0,1.0
0.07462983886775555,0.5714285714285714,1.0,0.0,0.0,0.0,0.0,0.0,0.0,0.0,0.0,0.0,0.0,0.0,0.0,0.0,0.0,0.0,0.0,0.0,0.0,0.0011654797683556817,0.026546197042147224,0.014705162146638407,0.0,1.0,1.0,1.0,1.0,1.0,1.0
0.018191322030224846,0.14285714285714285,0.0,0.0,0.0,0.0,0.0,0.0,0.0,0.0,0.0,0.0,0.0,0.0,0.0,0.0,0.0,0.0,0.0,0.0,0.018488981320297915,0.5545474967093159,0.5335028275603053,0.48317759718909353,0.0,1.0,1.0,1.0,1.0,1.0,0.0
0.0,0.0,0.0,0.0,0.0,0.0,0.0,0.0,0.0,0.0,0.0,0.0,0.0,0.0,0.0,0.0,0.0,0.0,0.0,0.0,0.018488981320297915,0.05212530273343119,0.5493618736417526,0.26131708233622003,1.0,1.0,1.0,1.0,1.0,1.0,0.0
0.0,0.0,0.0,0.0,0.0,0.0,0.0,0.0,0.0,0.0,0.0,0.0,0.0,0.0,0.0,0.0,0.0,0.0,0.0,0.0,0.018488981320297915,0.3637306567530204,0.5337501081241238,0.34488706478728987,1.0,1.0,1.0,1.0,1.0,1.0,0.0
0.0,0.0,0.0,0.0,0.0,0.0,0.0,0.0,0.0,0.0,0.0,0.0,0.0,0.0,0.0,0.0,0.0,0.0,0.0,0.0,0.018488981320297915,0.6279516969708291,0.5505524826912724,0.2253140246434579,1.0,1.0,1.0,1.0,1.0,1.0,0.0
0.0,0.0,0.0,0.0,0.0,0.0,0.0,0.0,0.0,0.0,0.0,0.0,0.0,0.0,0.0,0.0,0.0,0.0,0.0,0.0,0.018488981320297915,0.18548808403082062,0.5518101282279397,0.6667396147637791,1.0,1.0,1.0,1.0,1.0,1.0,0.0
0.0,0.0,0.0,0.0,0.0,0.0,0.0,0.0,0.0,0.0,0.0,0.0,0.0,0.0,0.0,0.0,0.0,0.0,0.0,0.0,0.018488981320297915,0.1730668893468844,0.5518101282279397,0.11625595504413146,1.0,1.0,1.0,1.0,1.0,1.0,0.0
0.0,0.0,0.0,0.0,0.0,0.0,0.0,0.0,0.0,0.0,0.0,0.0,0.0,0.0,0.018290308780149367,1.0,1.0,0.0,0.0,0.0,0.018488981320297915,0.7922504284742534,0.5541512087534273,0.9451989625034033,1.0,1.0,1.0,1.0,0.0,1.0,0.0
0.0,0.0,0.0,0.0,0.0,0.0,0.0,0.0,0.0,0.0,0.0,0.0,0.0,0.0,0.0,0.0,0.0,0.0,0.0,0.0,0.018488981320297915,0.2352476042081998,0.544391218808372,0.5876742978256808,1.0,1.0,1.0,1.0,1.0,1.0,0.0
0.0,0.0,0.0,0.0,0.0,0.0,0.0,0.0,0.0,0.0,0.0,0.0,0.0,0.0,0.0,0.0,0.0,0.0,0.0,0.0,0.018488981320297915,0.23259165981207375,0.5518101282279397,0.12068030488506065,1.0,1.0,1.0,1.0,1.0,1.0,0.0
0.0,0.0,0.0,0.0,0.0,0.0,0.0,0.0,0.0,0.0,0.0,0.0,0.0,0.0,0.0,0.0,0.0,0.0,0.0,0.0,0.018488981320297915,0.07329800482751803,0.5666873657046256,0.381636090845854,1.0,1.0,1.0,1.0,1.0,1.0,0.0
0.0,0.0,0.0,0.0,0.0,0.0,0.0,0.0,0.0,0.0,0.0,0.0,0.0,0.0,0.0,0.0,0.0,0.0,0.0,0.0,0.018488981320297915,0.0781541375862348,0.5518101282279397,0.7802750513629502,1.0,1.0,1.0,1.0,1.0,1.0,0.0
0.0,0.0,0.0,0.0,0.0,0.0,0.0,0.0,0.0,0.0,0.0,0.0,0.0,0.0,0.0,0.0,0.0,0.0,0.0,0.0,0.018488981320297915,0.15808238816626508,0.5406951335649017,0.6573776407072647,1.0,1.0,1.0,1.0,1.0,1.0,0.0
0.0,0.0,0.0,0.0,0.0,0.0,0.0,0.0,0.0,0.0,0.0,0.0,0.0,0.0,0.0,0.0,0.0,0.0,0.0,0.0,0.018488981320297915,0.7109113074728034,0.5518101282279397,0.13505757252904457,1.0,1.0,1.0,1.0,1.0,1.0,0.0
0.0,0.0,0.0,0.0,0.0,0.0,0.0,0.0,0.0,0.0,0.0,0.0,0.0,0.0,0.0,0.0,0.0,0.0,0.0,0.0,0.018488981320297915,0.7351085247265846,0.5615515737254309,0.4768090718264863,1.0,1.0,1.0,1.0,1.0,1.0,0.0
0.0,0.0,0.0,0.0,0.0,0.0,0.0,0.0,0.0,0.0,0.0,0.0,0.0,0.0,0.0,0.0,0.0,0.0,0.0,0.0,0.018488981320297915,0.32305026371914825,0.5518101282279397,0.05929026941645828,1.0,1.0,1.0,1.0,1.0,1.0,0.0
0.0,0.0,0.0,0.0,0.0,0.0,0.0,0.0,0.0,0.0,0.0,0.0,0.0,0.0,0.0,0.0,0.0,0.0,0.0,0.0,0.018488981320297915,0.24974508054284805,0.5305960567562135,0.9609610023093739,1.0,1.0,1.0,1.0,1.0,1.0,0.0
0.018191322030224846,0.7000000000000001,1.0,0.0,0.0,0.0,0.0,0.0,0.0,0.0,0.0,0.0,0.0,0.0,0.0,0.0,0.0,0.0,0.0,0.0,0.018488981320297915,0.14575486366135704,0.5580622961305147,0.7423394115297599,0.0,1.0,1.0,1.0,1.0,1.0,0.0
0.0,0.0,0.0,0.0,0.0,0.0,0.0,0.0,0.0,0.0,0.0,0.0,0.0,0.0,0.0,0.0,0.0,0.0,0.0,0.0,0.018488981320297915,0.9583048387038805,0.5403684197107786,0.9112644788062163,1.0,1.0,1.0,1.0,1.0,1.0,0.0
0.0,0.0,0.0,0.0,0.0,0.0,0.0,0.0,0.0,0.0,0.0,0.0,0.0,0.0,0.0,0.0,0.0,0.0,0.0,0.0,0.018488981320297915,0.5989370282211216,0.5605017395926659,0.11453868736006226,1.0,1.0,1.0,1.0,1.0,1.0,0.0
0.0,0.0,0.0,0.0,0.0,0.0,0.0,0.0,0.0,0.0,0.0,0.0,0.0,0.0,0.0,0.0,0.0,0.0,0.0,0.0,0.018488981320297915,0.5897821720097108,0.5604120252553408,0.7217485889658934,1.0,1.0,1.0,1.0,1.0,1.0,0.0
0.0,0.0,0.0,0.0,0.0,0.0,0.0,0.0,0.0,0.0,0.0,0.0,0.0,0.0,0.877958856018497,0.5,0.0,0.0,0.0,0.0,0.0,0.0011654797683556817,0.026546197042147224,0.014705162146638407,1.0,1.0,1.0,1.0,0.0,1.0,1.0
0.8732073619475472,0.7749999999999999,1.0,0.0,0.0,0.0,0.0,0.0,0.0,0.0,0.0,0.0,0.0,0.0,0.877958856018497,0.5,0.0,0.0,0.0,0.0,0.0,0.0011654797683556817,0.026546197042147224,0.014705162146638407,0.0,1.0,1.0,1.0,0.0,1.0,1.0
0.8732073619475472,0.5285714285714286,1.0,0.0,0.0,0.0,0.0,0.0,0.0,0.0,0.0,0.0,0.0,0.0,0.877958856018497,0.5,0.0,0.0,0.0,0.0,0.0,0.0011654797683556817,0.026546197042147224,0.014705162146638407,0.0,1.0,1.0,1.0,0.0,1.0,1.0
0.0,0.0,0.0,0.8748350508797685,0.0,0.0,0.0,0.0,0.0,0.0,0.0,0.0,0.0,0.0,0.877958856018497,1.0,1.0,0.0,0.0,0.0,0.0,0.0011654797683556817,0.026546197042147224,0.014705162146638407,1.0,0.0,1.0,1.0,0.0,1.0,1.0
0.0,0.0,0.0,0.8748350508797685,0.0,0.0,0.0,0.0,0.0,0.0,0.0,0.0,0.0,0.0,0.0,0.0,0.0,0.8769875106485396,0.4008769832799377,1.0,0.0,0.0011654797683556817,0.026546197042147224,0.014705162146638407,1.0,0.0,1.0,1.0,1.0,0.0,1.0
0.0,0.0,0.0,0.8748350508797685,0.0,0.0,0.0,0.0,0.0,0.0,0.0,0.0,0.0,0.0,0.0,0.0,0.0,0.0,0.0,0.0,0.8874953990133542,0.35641819764796734,0.4526149163255861,0.18683454671752245,1.0,0.0,1.0,1.0,1.0,1.0,0.0
0.8732073619475472,0.6892857142857143,1.0,0.8748350508797685,0.0,0.0,0.0,0.0,0.0,0.0,0.0,0.0,0.0,0.0,0.0,0.0,0.0,0.0,0.0,0.0,0.0,0.0011654797683556817,0.026546197042147224,0.014705162146638407,0.0,0.0,1.0,1.0,1.0,1.0,1.0
0.8732073619475472,0.8428571428571429,1.0,0.0,0.0,0.0,0.8904285451954219,0.08259853553811143,0.07994323922647867,0.0,0.0,0.0,0.0,0.0,0.0,0.0,0.0,0.8769875106485396,0.6808616577826929,1.0,0.0,0.0011654797683556817,0.026546197042147224,0.014705162146638407,0.0,1.0,0.0,1.0,1.0,0.0,1.0
0.0,0.0,0.0,0.0,0.0,0.0,0.0,0.0,0.0,0.0,0.0,0.0,0.0,0.0,0.0,0.0,0.0,0.8769875106485396,0.1620851586210037,1.0,0.8874953990133542,0.43723955754746313,0.8144549984696459,0.1874907983407524,1.0,1.0,1.0,1.0,1.0,0.0,0.0
0.0,0.0,0.0,0.0,0.0,0.0,0.0,0.0,0.0,0.0,0.0,0.0,0.0,0.0,0.0,0.0,0.0,0.8769875106485396,0.48204037846579695,1.0,0.8874953990133542,0.44053100694323166,0.569779295030118,0.8634046632641394,1.0,1.0,1.0,1.0,1.0,0.0,0.0
0.0,0.0,0.0,0.0,0.0,0.0,0.0,0.0,0.0,0.0,0.0,0.0,0.0,0.0,0.0,0.0,0.0,0.0,0.0,0.0,0.8874953990133542,0.6379163052685336,0.3924889884645363,0.9010473006800729,1.0,1.0,1.0,1.0,1.0,1.0,0.0
0.0,0.0,0.0,0.0,0.0,0.0,0.0,0.0,0.0,0.0,0.0,0.0,0.0,0.0,0.0,0.0,0.0,0.8769875106485396,0.5166712626176837,0.5,0.8874953990133542,0.15783722143644419,0.4704420233149377,0.5100071612950989,1.0,1.0,1.0,1.0,1.0,0.0,0.0
0.8732073619475472,0.45714285714285713,1.0,0.8748350508797685,0.0,0.0,0.8904285451954219,0.18318131807644303,0.18432895952123496,0.0,0.0,0.0,0.0,0.0,0.0,0.0,0.0,0.8769875106485396,0.28977802289112375,1.0,0.8874953990133542,0.9604204421954586,0.6345923647586247,0.06607158985939866,0.0,0.0,0.0,1.0,1.0,0.0,0.0
0.0,0.0,0.0,0.0,0.0,0.0,0.8904285451954219,0.12375877381184863,0.11717173925662862,0.0,0.0,0.0,0.0,0.0,0.0,0.0,0.0,0.0,0.0,0.0,0.0,0.0011654797683556817,0.026546197042147224,0.014705162146638407,1.0,1.0,0.0,1.0,1.0,1.0,1.0
0.0,0.0,0.0,0.0,0.0,0.0,0.8904285451954219,0.1472009029902794,0.1480879042261001,0.0,0.0,0.0,0.0,0.0,0.877958856018497,0.5,0.0,0.0,0.0,0.0,0.0,0.0011654797683556817,0.026546197042147224,0.014705162146638407,1.0,1.0,0.0,1.0,0.0,1.0,1.0
0.0,0.0,0.0,0.0,0.0,0.0,0.0,0.0,0.0,0.0,0.0,0.0,0.0,0.0,0.877958856018497,0.5,0.0,0.0,0.0,0.0,0.0,0.0011654797683556817,0.026546197042147224,0.014705162146638407,1.0,1.0,1.0,1.0,0.0,1.0,1.0
0.8732073619475472,0.14285714285714285,0.0,0.0,0.0,0.0,0.8904285451954219,0.07943890419892338,0.08448737532508128,0.0,0.0,0.0,0.0,0.0,0.877958856018497,0.5,0.0,0.8769875106485396,0.5005339767590189,1.0,0.8874953990133542,0.6632534238209483,0.2704106515870506,0.4739711924994035,0.0,1.0,0.0,1.0,0.0,0.0,0.0
0.8732073619475472,0.25,0.0,0.8748350508797685,0.0,0.0,0.0,0.0,0.0,0.0,0.0,0.0,0.0,0.0,0.0,0.0,0.0,0.0,0.0,0.0,0.0,0.0011654797683556817,0.026546197042147224,0.014705162146638407,0.0,0.0,1.0,1.0,1.0,1.0,1.0
0.0,0.0,0.0,0.8748350508797685,0.0,0.0,0.0,0.0,0.0,0.0,0.0,0.0,0.0,0.0,0.877958856018497,1.0,1.0,0.0,0.0,0.0,0.0,0.0011654797683556817,0.026546197042147224,0.014705162146638407,1.0,0.0,1.0,1.0,0.0,1.0,1.0
0.8732073619475472,0.07142857142857142,0.0,0.8748350508797685,0.0,0.0,0.0,0.0,0.0,0.0,0.0,0.0,0.0,0.0,0.0,0.0,0.0,0.0,0.0,0.0,0.0,0.0011654797683556817,0.026546197042147224,0.014705162146638407,0.0,0.0,1.0,1.0,1.0,1.0,1.0
0.0,0.0,0.0,0.0,0.0,0.0,0.0,0.0,0.0,0.018524694318201182,0.2975836119125032,0.3484344482421875,0.40543922837433616,0.8093973660516718,0.0,0.0,0.0,0.0,0.0,0.0,0.0,0.0011654797683556817,0.026546197042147224,0.014705162146638407,1.0,1.0,1.0,0.0,1.0,1.0,1.0
0.0,0.0,0.0,0.0,0.0,0.0,0.0,0.0,0.0,0.018524694318201182,0.3866984170597304,0.78631591796875,0.9063396618033087,0.48416731523447637,0.0,0.0,0.0,0.0,0.0,0.0,0.0,0.0011654797683556817,0.026546197042147224,0.014705162146638407,1.0,1.0,1.0,0.0,1.0,1.0,1.0
0.0,0.0,0.0,0.0,0.0,0.0,0.0,0.0,0.0,0.018524694318201182,0.3866984170597304,0.78631591796875,0.9063396618033087,0.48416731523447637,0.0,0.0,0.0,0.0,0.0,0.0,0.0,0.0011654797683556817,0.026546197042147224,0.014705162146638407,1.0,1.0,1.0,0.0,1.0,1.0,1.0
0.0,0.0,0.0,0.0,0.0,0.0,0.0,0.0,0.0,0.018524694318201182,0.3866984170597304,0.78631591796875,0.9063396618033087,0.48416731523447637,0.0,0.0,0.0,0.0,0.0,0.0,0.0,0.0011654797683556817,0.026546197042147224,0.014705162146638407,1.0,1.0,1.0,0.0,1.0,1.0,1.0
0.0,0.0,0.0,0.0,0.0,0.0,0.0,0.0,0.0,0.018524694318201182,0.3866984170597304,0.78631591796875,0.9063396618033087,0.48416731523447637,0.0,0.0,0.0,0.0,0.0,0.0,0.0,0.0011654797683556817,0.026546197042147224,0.014705162146638407,1.0,1.0,1.0,0.0,1.0,1.0,1.0
0.0,0.0,0.0,0.0,0.0,0.0,0.0,0.0,0.0,0.018524694318201182,0.5984185861916319,0.417144775390625,0.09443867895732862,0.978055517404508,0.0,0.0,0.0,0.0,0.0,0.0,0.0,0.0011654797683556817,0.026546197042147224,0.014705162146638407,1.0,1.0,1.0,0.0,1.0,1.0,1.0
0.0,0.0,0.0,0.0,0.0,0.0,0.0,0.0,0.0,0.018524694318201182,0.5984185861916319,0.417144775390625,0.09443867895732862,0.978055517404508,0.0,0.0,0.0,0.0,0.0,0.0,0.0,0.0011654797683556817,0.026546197042147224,0.014705162146638407,1.0,1.0,1.0,0.0,1.0,1.0,1.0
0.0,0.0,0.0,0.0,0.0,0.0,0.0,0.0,0.0,0.018524694318201182,0.5984185861916319,0.417144775390625,0.09443867895732862,0.978055517404508,0.0,0.0,0.0,0.0,0.0,0.0,0.0,0.0011654797683556817,0.026546197042147224,0.014705162146638407,1.0,1.0,1.0,0.0,1.0,1.0,1.0
0.0,0.0,0.0,0.0,0.0,0.0,0.0,0.0,0.0,0.018524694318201182,0.5984185861916319,0.417144775390625,0.09443867895732862,0.978055517404508,0.0,0.0,0.0,0.0,0.0,0.0,0.0,0.0011654797683556817,0.026546197042147224,0.014705162146638407,1.0,1.0,1.0,0.0,1.0,1.0,1.0
0.0,0.0,0.0,0.0,0.0,0.0,0.0,0.0,0.0,0.018524694318201182,0.6062035383370732,0.0329742431640625,0.30697149136194374,0.6975537548261076,0.0,0.0,0.0,0.0,0.0,0.0,0.0,0.0011654797683556817,0.026546197042147224,0.014705162146638407,1.0,1.0,1.0,0.0,1.0,1.0,1.0
0.0,0.0,0.0,0.0,0.0,0.0,0.0,0.0,0.0,0.018524694318201182,0.6062035383370732,0.0329742431640625,0.30697149136194374,0.6975537548261076,0.0,0.0,0.0,0.0,0.0,0.0,0.0,0.0011654797683556817,0.026546197042147224,0.014705162146638407,1.0,1.0,1.0,0.0,1.0,1.0,1.0
0.0,0.0,0.0,0.0,0.0,0.0,0.0,0.0,0.0,0.018524694318201182,0.6062035383370732,0.0329742431640625,0.30697149136194374,0.6975537548261076,0.0,0.0,0.0,0.0,0.0,0.0,0.0,0.0011654797683556817,0.026546197042147224,0.014705162146638407,1.0,1.0,1.0,0.0,1.0,1.0,1.0
0.0,0.0,0.0,0.0,0.0,0.0,0.0,0.0,0.0,0.018524694318201182,0.7993772038283646,0.497406005859375,0.765643123130456,0.7059012040470631,0.0,0.0,0.0,0.0,0.0,0.0,0.0,0.0011654797683556817,0.026546197042147224,0.014705162146638407,1.0,1.0,1.0,0.0,1.0,1.0,1.0
0.0,0.0,0.0,0.0,0.0,0.0,0.0,0.0,0.0,0.018524694318201182,0.6062035383370732,0.0329742431640625,0.30697149136194374,0.6975537548261076,0.0,0.0,0.0,0.0,0.0,0.0,0.0,0.0011654797683556817,0.026546197042147224,0.014705162146638407,1.0,1.0,1.0,0.0,1.0,1.0,1.0
0.0,0.0,0.0,0.0,0.0,0.0,0.0,0.0,0.0,0.018524694318201182,0.7580406343972768,0.2451171875,0.5457084427080154,0.8912084725846572,0.0,0.0,0.0,0.0,0.0,0.0,0.0,0.0011654797683556817,0.026546197042147224,0.014705162146638407,1.0,1.0,1.0,0.0,1.0,1.0,1.0
0.0,0.0,0.0,0.0,0.0,0.0,0.0,0.0,0.0,0.018524694318201182,0.7580406343972768,0.2451171875,0.5457084427080154,0.8912084725846572,0.0,0.0,0.0,0.0,0.0,0.0,0.0,0.0011654797683556817,0.026546197042147224,0.014705162146638407,1.0,1.0,1.0,0.0,1.0,1.0,1.0
0.0,0.0,0.0,0.0,0.0,0.0,0.0,0.0,0.0,0.018524694318201182,0.7580406343972768,0.2451171875,0.5457084427080154,0.8912084725846572,0.0,0.0,0.0,0.0,0.0,0.0,0.0,0.0011654797683556817,0.026546197042147224,0.014705162146638407,1.0,1.0,1.0,0.0,1.0,1.0,1.0
0.0,0.0,0.0,0.0,0.0,0.0,0.0,0.0,0.0,0.018524694318201182,0.08317687105982201,0.55218505859375,0.47755021060985287,0.2728105113766424,0.0,0.0,0.0,0.0,0.0,0.0,0.0,0.0011654797683556817,0.026546197042147224,0.014705162146638407,1.0,1.0,1.0,0.0,1.0,1.0,1.0
0.0,0.0,0.0,0.0,0.0,0.0,0.0,0.0,0.0,0.018524694318201182,0.08317687105982201,0.55218505859375,0.47755021060985287,0.2728105113766424,0.0,0.0,0.0,0.0,0.0,0.0,0.0,0.0011654797683556817,0.026546197042147224,0.014705162146638407,1.0,1.0,1.0,0.0,1.0,1.0,1.0
0.0,0.0,0.0,0.0,0.0,0.0,0.0,0.0,0.0,0.018524694318201182,0.08317687105982201,0.55218505859375,0.47755021060985287,0.2728105113766424,0.0,0.0,0.0,0.0,0.0,0.0,0.0,0.0011654797683556817,0.026546197042147224,0.014705162146638407,1.0,1.0,1.0,0.0,1.0,1.0,1.0
0.0,0.0,0.0,0.0,0.0,0.0,0.0,0.0,0.0,0.0,0.0,0.0,0.0,0.0,0.9189618347030368,0.5,0.0,0.0,0.0,0.0,0.0,0.0011654797683556817,0.026546197042147224,0.014705162146638407,1.0,1.0,1.0,1.0,0.0,1.0,1.0
0.0,0.0,0.0,0.0,0.0,0.0,0.0,0.0,0.0,0.0,0.0,0.0,0.0,0.0,0.9189618347030368,1.0,1.0,0.0,0.0,0.0,0.0,0.0011654797683556817,0.026546197042147224,0.014705162146638407,1.0,1.0,1.0,1.0,0.0,1.0,1.0
0.0,0.0,0.0,0.0,0.0,0.0,0.0,0.0,0.0,0.0,0.0,0.0,0.0,0.0,0.9189618347030368,0.5,0.0,0.0,0.0,0.0,0.0,0.0011654797683556817,0.026546197042147224,0.014705162146638407,1.0,1.0,1.0,1.0,0.0,1.0,1.0
0.0,0.0,0.0,0.0,0.0,0.0,0.0,0.0,0.0,0.0,0.0,0.0,0.0,0.0,0.9189618347030368,1.0,1.0,0.0,0.0,0.0,0.0,0.0011654797683556817,0.026546197042147224,0.014705162146638407,1.0,1.0,1.0,1.0,0.0,1.0,1.0
0.0,0.0,0.0,0.0,0.0,0.0,0.0,0.0,0.0,0.0,0.0,0.0,0.0,0.0,0.9189618347030368,0.5,0.0,0.0,0.0,0.0,0.0,0.0011654797683556817,0.026546197042147224,0.014705162146638407,1.0,1.0,1.0,1.0,0.0,1.0,1.0
0.0,0.0,0.0,0.0,0.0,0.0,0.0,0.0,0.0,0.0,0.0,0.0,0.0,0.0,0.9189618347030368,1.0,1.0,0.0,0.0,0.0,0.0,0.0011654797683556817,0.026546197042147224,0.014705162146638407,1.0,1.0,1.0,1.0,0.0,1.0,1.0
0.0,0.0,0.0,0.0,0.0,0.0,0.0,0.0,0.0,0.0,0.0,0.0,0.0,0.0,0.9189618347030368,0.5,0.0,0.0,0.0,0.0,0.0,0.0011654797683556817,0.026546197042147224,0.014705162146638407,1.0,1.0,1.0,1.0,0.0,1.0,1.0
0.0,0.0,0.0,0.0,0.0,0.0,0.0,0.0,0.0,0.0,0.0,0.0,0.0,0.0,0.9189858692743642,0.5,0.0,0.0,0.0,0.0,0.0,0.0011654797683556817,0.026546197042147224,0.014705162146638407,1.0,1.0,1.0,1.0,0.0,1.0,1.0
0.0,0.0,0.0,0.0,0.0,0.0,0.0,0.0,0.0,0.0,0.0,0.0,0.0,0.0,0.9189858692743642,1.0,1.0,0.0,0.0,0.0,0.0,0.0011654797683556817,0.026546197042147224,0.014705162146638407,1.0,1.0,1.0,1.0,0.0,1.0,1.0
0.0,0.0,0.0,0.0,0.0,0.0,0.0,0.0,0.0,0.0,0.0,0.0,0.0,0.0,0.9189858692743642,0.5,0.0,0.0,0.0,0.0,0.0,0.0011654797683556817,0.026546197042147224,0.014705162146638407,1.0,1.0,1.0,1.0,0.0,1.0,1.0
0.0,0.0,0.0,0.0,0.0,0.0,0.0,0.0,0.0,0.0,0.0,0.0,0.0,0.0,0.9189858692743642,0.5,0.0,0.0,0.0,0.0,0.0,0.0011654797683556817,0.026546197042147224,0.014705162146638407,1.0,1.0,1.0,1.0,0.0,1.0,1.0
0.0,0.0,0.0,0.0,0.0,0.0,0.0,0.0,0.0,0.0,0.0,0.0,0.0,0.0,0.9189858692743642,1.0,1.0,0.0,0.0,0.0,0.0,0.0011654797683556817,0.026546197042147224,0.014705162146638407,1.0,1.0,1.0,1.0,0.0,1.0,1.0
0.0,0.0,0.0,0.0,0.0,0.0,0.0,0.0,0.0,0.0,0.0,0.0,0.0,0.0,0.9189858692743642,0.5,0.0,0.0,0.0,0.0,0.0,0.0011654797683556817,0.026546197042147224,0.014705162146638407,1.0,1.0,1.0,1.0,0.0,1.0,1.0
0.0,0.0,0.0,0.0,0.0,0.0,0.0,0.0,0.0,0.0,0.0,0.0,0.0,0.0,0.9189858692743642,1.0,1.0,0.0,0.0,0.0,0.0,0.0011654797683556817,0.026546197042147224,0.014705162146638407,1.0,1.0,1.0,1.0,0.0,1.0,1.0
0.0,0.0,0.0,0.0,0.0,0.0,0.0,0.0,0.0,0.0,0.0,0.0,0.0,0.0,0.9189858692743642,0.5,0.0,0.0,0.0,0.0,0.0,0.0011654797683556817,0.026546197042147224,0.014705162146638407,1.0,1.0,1.0,1.0,0.0,1.0,1.0
0.0,0.0,0.0,0.0,0.0,0.0,0.0,0.0,0.0,0.0,0.0,0.0,0.0,0.0,0.9189858692743642,0.5,0.0,0.0,0.0,0.0,0.0,0.0011654797683556817,0.026546197042147224,0.014705162146638407,1.0,1.0,1.0,1.0,0.0,1.0,1.0
0.0,0.0,0.0,0.0,0.0,0.0,0.0,0.0,0.0,0.0,0.0,0.0,0.0,0.0,0.9189858692743642,1.0,1.0,0.0,0.0,0.0,0.0,0.0011654797683556817,0.026546197042147224,0.014705162146638407,1.0,1.0,1.0,1.0,0.0,1.0,1.0
0.0,0.0,0.0,0.0,0.0,0.0,0.0,0.0,0.0,0.0,0.0,0.0,0.0,0.0,0.9190099038456916,0.5,0.0,0.0,0.0,0.0,0.0,0.0011654797683556817,0.026546197042147224,0.014705162146638407,1.0,1.0,1.0,1.0,0.0,1.0,1.0
0.0,0.0,0.0,0.0,0.0,0.0,0.0,0.0,0.0,0.0,0.0,0.0,0.0,0.0,0.9190099038456916,0.5,0.0,0.0,0.0,0.0,0.0,0.0011654797683556817,0.026546197042147224,0.014705162146638407,1.0,1.0,1.0,1.0,0.0,1.0,1.0
0.0,0.0,0.0,0.0,0.0,0.0,0.0,0.0,0.0,0.0,0.0,0.0,0.0,0.0,0.9190099038456916,0.5,0.0,0.0,0.0,0.0,0.0,0.0011654797683556817,0.026546197042147224,0.014705162146638407,1.0,1.0,1.0,1.0,0.0,1.0,1.0
0.9375343627140847,0.8857142857142857,1.0,0.0,0.0,0.0,0.0,0.0,0.0,0.0,0.0,0.0,0.0,0.0,0.0,0.0,0.0,0.0,0.0,0.0,0.9528749637083892,0.7535261944193604,0.49481480235213854,0.3723908358136997,0.0,1.0,1.0,1.0,1.0,1.0,0.0
0.9375343627140847,0.6178571428571429,1.0,0.0,0.0,0.0,0.0,0.0,0.0,0.0,0.0,0.0,0.0,0.0,0.0,0.0,0.0,0.0,0.0,0.0,0.9528749637083892,0.3066782845443763,0.6767497907873147,0.764575676811551,0.0,1.0,1.0,1.0,1.0,1.0,0.0
0.9375343627140847,0.10357142857142856,0.0,0.0,0.0,0.0,0.0,0.0,0.0,0.0,0.0,0.0,0.0,0.0,0.9426358874605232,1.0,1.0,0.941592985508383,0.09094020064232877,0.5,0.0,0.0011654797683556817,0.026546197042147224,0.014705162146638407,0.0,1.0,1.0,1.0,0.0,0.0,1.0
0.9375343627140847,0.14285714285714285,0.0,0.0,0.0,0.0,0.0,0.0,0.0,0.0,0.0,0.0,0.0,0.0,0.0,0.0,0.0,0.0,0.0,0.0,0.0,0.0011654797683556817,0.026546197042147224,0.014705162146638407,0.0,1.0,1.0,1.0,1.0,1.0,1.0
0.9375343627140847,0.8357142857142856,1.0,0.0,0.0,0.0,0.0,0.0,0.0,0.0,0.0,0.0,0.0,0.0,0.0,0.0,0.0,0.0,0.0,0.0,0.0,0.0011654797683556817,0.026546197042147224,0.014705162146638407,0.0,1.0,1.0,1.0,1.0,1.0,1.0
0.9375343627140847,0.5178571428571428,1.0,0.9392819594159305,1.0,0.0,0.0,0.0,0.0,0.0,0.0,0.0,0.0,0.0,0.0,0.0,0.0,0.0,0.0,0.0,0.0,0.0011654797683556817,0.026546197042147224,0.014705162146638407,0.0,0.0,1.0,1.0,1.0,1.0,1.0
0.0,0.0,0.0,0.9392819594159305,0.0,0.0,0.9560241874281926,0.04291886258903152,0.04428886502001406,0.0,0.0,0.0,0.0,0.0,0.0,0.0,0.0,0.0,0.0,0.0,0.9528749637083892,0.7646655700466886,0.49481480235213854,0.3723908358136997,1.0,0.0,0.0,1.0,1.0,1.0,0.0
0.0,0.0,0.0,0.0,0.0,0.0,0.0,0.0,0.0,0.9547155205779899,0.5971821526155913,0.6176300048828125,0.6518069714913619,0.7537120969341818,0.0,0.0,0.0,0.0,0.0,0.0,0.9528749637083892,0.3030407332110111,0.6767497907873147,0.7173964078387495,1.0,1.0,1.0,0.0,1.0,1.0,0.0
0.0,0.0,0.0,0.9392819594159305,0.0,0.0,0.0,0.0,0.0,0.0,0.0,0.0,0.0,0.0,0.0,0.0,0.0,0.0,0.0,0.0,0.9528749637083892,0.1334387290352057,0.4282866610329155,0.6891462403027871,1.0,0.0,1.0,1.0,1.0,1.0,0.0
0.9375343627140847,0.3964285714285714,0.0,0.9392819594159305,0.0,0.0,0.9560241874281926,0.04467839213028911,0.04319956495937721,0.9547155205779899,0.36557219398268986,0.8740386962890625,0.450567730907759,0.6954020357399014,0.9426358874605232,0.5,0.0,0.941592985508383,0.18293782210865617,1.0,0.0,0.0011654797683556817,0.026546197042147224,0.014705162146638407,0.0,0.0,0.0,0.0,0.0,0.0,1.0
0.9375343627140847,0.35000000000000003,0.0,0.0,0.0,0.0,0.0,0.0,0.0,0.0,0.0,0.0,0.0,0.0,0.0,0.0,0.0,0.0,0.0,0.0,0.0,0.0011654797683556817,0.026546197042147224,0.014705162146638407,0.0,1.0,1.0,1.0,1.0,1.0,1.0
0.9375343627140847,0.8142857142857143,1.0,0.0,0.0,0.0,0.0,0.0,0.0,0.0,0.0,0.0,0.0,0.0,0.0,0.0,0.0,0.0,0.0,0.0,0.0,0.0011654797683556817,0.026546197042147224,0.014705162146638407,0.0,1.0,1.0,1.0,1.0,1.0,1.0
0.9375343627140847,0.6392857142857142,1.0,0.9392819594159305,0.0,0.0,0.9560241874281926,0.04475572083381383,0.04333049000120323,0.9547155205779899,0.36557219398268986,0.8740386962890625,0.450567730907759,0.6954020357399014,0.0,0.0,0.0,0.0,0.0,0.0,0.0,0.0011654797683556817,0.026546197042147224,0.014705162146638407,0.0,0.0,0.0,0.0,1.0,1.0,1.0
0.9375343627140847,0.4892857142857142,1.0,0.0,0.0,0.0,0.0,0.0,0.0,0.0,0.0,0.0,0.0,0.0,0.0,0.0,0.0,0.0,0.0,0.0,0.9528749637083892,0.766240032157374,0.49481480235213854,0.4113663146462285,0.0,1.0,1.0,1.0,1.0,1.0,0.0
0.0,0.0,0.0,0.0,0.0,0.0,0.0,0.0,0.0,0.9547155205779899,0.36557219398268986,0.8740386962890625,0.450567730907759,0.6954020357399014,0.0,0.0,0.0,0.0,0.0,0.0,0.9528749637083892,0.11863121980680102,0.4174098594041853,0.6891462403027871,1.0,1.0,1.0,0.0,1.0,1.0,0.0
0.9375343627140847,0.21428571428571427,0.0,0.0,0.0,0.0,0.0,0.0,0.0,0.0,0.0,0.0,0.0,0.0,0.0,0.0,0.0,0.0,0.0,0.0,0.9528749637083892,0.30234484773563064,0.6767497907873147,0.7173964078387495,0.0,1.0,1.0,1.0,1.0,1.0,0.0
0.9375343627140847,0.49642857142857144,1.0,0.9392819594159305,0.0,0.0,0.0,0.0,0.0,0.0,0.0,0.0,0.0,0.0,0.0,0.0,0.0,0.0,0.0,0.0,0.0,0.0011654797683556817,0.026546197042147224,0.014705162146638407,0.0,0.0,1.0,1.0,1.0,1.0,1.0
0.0,0.0,0.0,0.9392819594159305,0.0,0.0,0.0,0.0,0.0,0.0,0.0,0.0,0.0,0.0,0.0,0.0,0.0,0.0,0.0,0.0,0.0,0.0011654797683556817,0.026546197042147224,0.014705162146638407,1.0,0.0,1.0,1.0,1.0,1.0,1.0
0.9375343627140847,0.5892857142857143,1.0,0.9392819594159305,0.0,0.0,0.9560241874281926,0.04311676612992437,0.04448076147506684,0.0,0.0,0.0,0.0,0.0,0.0,0.0,0.0,0.0,0.0,0.0,0.0,0.0011654797683556817,0.026546197042147224,0.014705162146638407,0.0,0.0,0.0,1.0,1.0,1.0,1.0
0.9375343627140847,0.7642857142857142,1.0,0.9392819594159305,0.0,0.0,0.9560241874281926,0.04329927576023397,0.044519933864993505,0.9547155205779899,0.31788554593884993,0.40899658203125,0.9176637567914047,0.5468571166964246,0.9426358874605232,1.0,1.0,0.941592985508383,0.5541597434157159,1.0,0.0,0.0011654797683556817,0.026546197042147224,0.014705162146638407,0.0,0.0,0.0,0.0,0.0,0.0,1.0
0.0,0.0,0.0,0.8837201504958653,0.0,0.0,0.8994720172386615,0.006647764863453066,0.006419416451455943,0.0,0.0,0.0,0.0,0.0,0.0,0.0,0.0,0.0,0.0,0.0,0.0,0.0011654797683556817,0.026546197042147224,0.014705162146638407,1.0,0.0,0.0,1.0,1.0,1.0,1.0
0.0,0.0,0.0,0.0,0.0,0.0,0.8994720172386615,0.01955837672899819,0.01965622562436149,0.0,0.0,0.0,0.0,0.0,0.0,0.0,0.0,0.0,0.0,0.0,0.8965090811024875,0.9075533582584222,0.543307072593005,0.034073215632574386,1.0,1.0,0.0,1.0,1.0,1.0,0.0
0.0,0.0,0.0,0.0,0.0,0.0,0.0,0.0,0.0,0.0,0.0,0.0,0.0,0.0,0.0,0.0,0.0,0.0,0.0,0.0,0.8965090811024875,0.8942034612943223,0.5883147718414824,0.11948925380355406,1.0,1.0,1.0,1.0,1.0,1.0,0.0
0.8820759302434913,0.9678571428571429,1.0,0.0,0.0,0.0,0.0,0.0,0.0,0.0,0.0,0.0,0.0,0.0,0.8868756819809615,0.5,0.0,0.0,0.0,0.0,0.8965090811024875,0.686370921610247,0.523883230737893,0.931753522246443,0.0,1.0,1.0,1.0,0.0,1.0,0.0
0.8820759302434913,0.14285714285714285,0.0,0.8837201504958653,1.0,0.0,0.0,0.0,0.0,0.0,0.0,0.0,0.0,0.0,0.0,0.0,0.0,0.0,0.0,0.0,0.0,0.0011654797683556817,0.026546197042147224,0.014705162146638407,0.0,0.0,1.0,1.0,1.0,1.0,1.0
0.0,0.0,0.0,0.8837201504958653,0.0,0.0,0.8994720172386615,0.006752140044287382,0.006541591968207382,0.0,0.0,0.0,0.0,0.0,0.8868756819809615,0.5,0.0,0.0,0.0,0.0,0.8965090811024875,0.8848511632255803,0.5883147718414824,0.11948925380355406,1.0,0.0,0.0,1.0,0.0,1.0,0.0
0.0,0.0,0.0,0.0,0.0,0.0,0.8994720172386615,0.01963688449379156,0.019657108668295033,0.0,0.0,0.0,0.0,0.0,0.0,0.0,0.0,0.0,0.0,0.0,0.8965090811024875,0.8930206662179244,0.543307072593005,0.04333702403110684,1.0,1.0,0.0,1.0,1.0,1.0,0.0
0.8820759302434913,0.5714285714285714,1.0,0.8837201504958653,0.0,0.0,0.0,0.0,0.0,0.0,0.0,0.0,0.0,0.0,0.8868756819809615,1.0,1.0,0.0,0.0,0.0,0.8965090811024875,0.7003584886031197,0.523883230737893,0.931753522246443,0.0,0.0,1.0,1.0,0.0,1.0,0.0
0.8820759302434913,0.5714285714285714,1.0,0.8837201504958653,0.0,0.0,0.8994720172386615,0.006787723422727379,0.006722922914106519,0.0,0.0,0.0,0.0,0.0,0.8868756819809615,1.0,1.0,0.0,0.0,0.0,0.8965090811024875,0.9060713938489028,0.543307072593005,0.04333702403110684,0.0,0.0,0.0,1.0,0.0,1.0,0.0
0.0,0.0,0.0,0.0,0.0,0.0,0.8994720172386615,0.019673474876611585,0.019726977372625975,0.0,0.0,0.0,0.0,0.0,0.0,0.0,0.0,0.0,0.0,0.0,0.8965090811024875,0.9002442008720423,0.5883147718414824,0.11948925380355406,1.0,1.0,0.0,1.0,1.0,1.0,0.0
0.8820759302434913,0.14285714285714285,0.0,0.8837201504958653,0.0,0.0,0.0,0.0,0.0,0.0,0.0,0.0,0.0,0.0,0.0,0.0,0.0,0.0,0.0,0.0,0.8965090811024875,0.7094060987142904,0.523883230737893,0.931753522246443,0.0,0.0,1.0,1.0,1.0,1.0,0.0
0.8820759302434913,0.6,1.0,0.8837201504958653,0.0,0.0,0.8994720172386615,0.006907951032117115,0.00673360612338882,0.0,0.0,0.0,0.0,0.0,0.8868756819809615,0.5,0.0,0.0,0.0,0.0,0.8965090811024875,0.8930509283607645,0.5883147718414824,0.11369075815555778,0.0,0.0,0.0,1.0,0.0,1.0,0.0
0.0,0.0,0.0,0.0,0.0,0.0,0.8994720172386615,0.01972956381614282,0.01979338736309522,0.0,0.0,0.0,0.0,0.0,0.0,0.0,0.0,0.0,0.0,0.0,0.8965090811024875,0.8906349695965411,0.543307072593005,0.04333702403110684,1.0,1.0,0.0,1.0,1.0,1.0,0.0
0.8820759302434913,0.6214285714285713,1.0,0.8837201504958653,0.0,0.0,0.0,0.0,0.0,0.0,0.0,0.0,0.0,0.0,0.8868756819809615,0.5,0.0,0.0,0.0,0.0,0.8965090811024875,0.7164454085641,0.523883230737893,0.931753522246443,0.0,0.0,1.0,1.0,0.0,1.0,0.0
0.8820759302434913,0.3821428571428571,0.0,0.8837201504958653,1.0,0.0,0.8994720172386615,0.00703390001044909,0.006876526580785303,0.0,0.0,0.0,0.0,0.0,0.8868756819809615,1.0,1.0,0.0,0.0,0.0,0.8965090811024875,0.8965383240561317,0.5883147718414824,0.11369075815555778,0.0,0.0,0.0,1.0,0.0,1.0,0.0
0.0,0.0,0.0,0.0,0.0,0.0,0.8994720172386615,0.019964000921128378,0.019833358165655696,0.0,0.0,0.0,0.0,0.0,0.0,0.0,0.0,0.0,0.0,0.0,0.8965090811024875,0.8881131273148634,0.543307072593005,0.05034898109878229,1.0,1.0,0.0,1.0,1.0,1.0,0.0
0.8820759302434913,0.21428571428571427,0.0,0.0,0.0,0.0,0.0,0.0,0.0,0.0,0.0,0.0,0.0,0.0,0.8868756819809615,1.0,1.0,0.0,0.0,0.0,0.8965090811024875,0.7161491141164898,0.523883230737893,0.931753522246443,0.0,1.0,1.0,1.0,0.0,1.0,0.0
0.8820759302434913,0.31071428571428567,0.0,0.8837201504958653,0.0,0.0,0.0,0.0,0.0,0.0,0.0,0.0,0.0,0.0,0.0,0.0,0.0,0.0,0.0,0.0,0.0,0.0011654797683556817,0.026546197042147224,0.014705162146638407,0.0,0.0,1.0,1.0,1.0,1.0,1.0
0.0,0.0,0.0,0.8837201504958653,0.0,0.0,0.8994720172386615,0.0071074920723062955,0.0069692249902057225,0.0,0.0,0.0,0.0,0.0,0.0,0.0,0.0,0.0,0.0,0.0,0.8965090811024875,0.8790208514116401,0.543307072593005,0.05034898109878229,1.0,0.0,0.0,1.0,1.0,1.0,0.0
0.0,0.0,0.0,0.0,0.0,0.0,0.8994720172386615,0.02001086362365345,0.019880743618558395,0.0,0.0,0.0,0.0,0.0,0.0,0.0,0.0,0.0,0.0,0.0,0.8965090811024875,0.8810531699033505,0.5883147718414824,0.11369075815555778,1.0,1.0,0.0,1.0,1.0,1.0,0.0
0.0,0.0,0.0,0.8255957926299177,0.0,0.0,0.8403116219584927,0.3711176766518466,0.3713504702520958,0.8391613498440859,0.06948451405107539,0.0601654052734375,0.6326842073133508,0.7990355415159701,0.0,0.0,0.0,0.0,0.0,0.0,0.8375435651177792,0.21337468362547363,0.25946937700183037,0.1471872293242026,1.0,0.0,0.0,0.0,1.0,1.0,0.0
0.0,0.0,0.0,0.8256197416854867,0.0,0.0,0.8403359978939192,0.37126596132044176,0.37143421861775633,0.8391856924121781,0.45529758361191247,0.2850189208984375,0.18593187229106892,0.1686886721909384,0.0,0.0,0.0,0.0,0.0,0.0,0.8375678607568334,0.2296610538579782,0.2423064172283061,0.1471872293242026,1.0,0.0,0.0,0.0,1.0,1.0,0.0
0.0,0.0,0.0,0.8256197416854867,1.0,0.0,0.8403359978939192,0.3715051750304066,0.37157243039251653,0.8391856924121781,0.45529758361191247,0.2850189208984375,0.18593187229106892,0.1686886721909384,0.0,0.0,0.0,0.0,0.0,0.0,0.8375678607568334,0.23386836442240366,0.2423064172283061,0.1471872293242026,1.0,0.0,0.0,0.0,1.0,1.0,0.0
0.0,0.0,0.0,0.8256197416854867,0.0,0.0,0.0,0.0,0.0,0.8391856924121781,0.45529758361191247,0.2850189208984375,0.18593187229106892,0.1686886721909384,0.0,0.0,0.0,0.0,0.0,0.0,0.8375678607568334,0.23474962879329553,0.2423064172283061,0.12556914814928233,1.0,0.0,1.0,0.0,1.0,1.0,0.0
0.0,0.0,0.0,0.8256197416854867,0.0,0.0,0.0,0.0,0.0,0.8391856924121781,0.14820411839233105,0.0580902099609375,0.7898632562114645,0.6572052068549803,0.0,0.0,0.0,0.0,0.0,0.0,0.8375678607568334,0.23751918895376878,0.2423064172283061,0.07037562530229122,1.0,0.0,1.0,0.0,1.0,1.0,0.0
0.0,0.0,0.0,0.8256197416854867,0.0,0.0,0.0,0.0,0.0,0.8391856924121781,0.14820411839233105,0.0580902099609375,0.7898632562114645,0.6572052068549803,0.0,0.0,0.0,0.0,0.0,0.0,0.8375678607568334,0.2108428974444585,0.2423064172283061,0.07037562530229122,1.0,0.0,1.0,0.0,1.0,1.0,0.0
0.0,0.0,0.0,0.8256197416854867,0.0,0.0,0.0,0.0,0.0,0.8391856924121781,0.17096365495870922,0.9388275146484375,0.5704779927965326,0.05573105037464329,0.0,0.0,0.0,0.0,0.0,0.0,0.8375678607568334,0.21768545493666003,0.2423064172283061,0.07037562530229122,1.0,0.0,1.0,0.0,1.0,1.0,0.0
0.0,0.0,0.0,0.8256197416854867,0.0,0.0,0.0,0.0,0.0,0.8391856924121781,0.17096365495870922,0.9388275146484375,0.5704779927965326,0.05573105037464329,0.0,0.0,0.0,0.0,0.0,0.0,0.8375678607568334,0.21567051183796782,0.2423064172283061,0.05387031123525765,1.0,0.0,1.0,0.0,1.0,1.0,0.0
0.0,0.0,0.0,0.8256436907410557,0.0,0.0,0.0,0.0,0.0,0.8392100349802704,0.9140754987711986,0.9020843505859375,0.5240827788291313,0.06679485418669596,0.0,0.0,0.0,0.0,0.0,0.0,0.8375921563958877,0.21293073773719262,0.2423064172283061,0.05387031123525765,1.0,0.0,1.0,0.0,1.0,1.0,0.0
0.0,0.0,0.0,0.8256436907410557,0.0,0.0,0.0,0.0,0.0,0.8392100349802704,0.9140754987711986,0.9020843505859375,0.5240827788291313,0.06679485418669596,0.0,0.0,0.0,0.0,0.0,0.0,0.8375921563958877,0.22370764598683335,0.2423064172283061,0.05387031123525765,1.0,0.0,1.0,0.0,1.0,1.0,0.0
0.0,0.0,0.0,0.8256436907410557,0.0,0.0,0.8403847497647723,0.37423616119942366,0.3737215906134694,0.8392100349802704,0.7943093526278029,0.194976806640625,0.6464196325010683,0.42362923285873433,0.0,0.0,0.0,0.0,0.0,0.0,0.8375921563958877,0.2228246785516258,0.2367761549934821,0.05387031123525765,1.0,0.0,0.0,0.0,1.0,1.0,0.0
0.0,0.0,0.0,0.0,0.0,0.0,0.8404091257001988,0.37453668506334736,0.37375199452691615,0.0,0.0,0.0,0.0,0.0,0.0,0.0,0.0,0.0,0.0,0.0,0.0,0.0011654797683556817,0.026546197042147224,0.014705162146638407,1.0,1.0,0.0,1.0,1.0,1.0,1.0
0.0,0.0,0.0,0.8256915888521936,0.0,0.0,0.8404091257001988,0.3745714102231825,0.37377410047142917,0.8392587201164549,0.9565263848819282,0.5123291015625,0.8529851657407973,0.34915838788933146,0.0,0.0,0.0,0.0,0.0,0.0,0.8376407476739963,0.24541034353462488,0.24169800115175655,0.02464581110134676,1.0,0.0,0.0,0.0,1.0,1.0,0.0
0.0,0.0,0.0,0.8256915888521936,0.0,0.0,0.8404091257001988,0.37516622191764865,0.3742940481140028,0.8392587201164549,0.5117613835844362,0.571319580078125,0.3328246138819364,0.8731859176852997,0.0,0.0,0.0,0.0,0.0,0.0,0.8376407476739963,0.22818423475805782,0.24169800115175655,0.02464581110134676,1.0,0.0,0.0,0.0,1.0,1.0,0.0
0.0,0.0,0.0,0.8256915888521936,0.0,0.0,0.8404091257001988,0.37538567189685534,0.37458608322694825,0.8392587201164549,0.5117613835844362,0.571319580078125,0.3328246138819364,0.8731859176852997,0.0,0.0,0.0,0.0,0.0,0.0,0.8376407476739963,0.23292045136662587,0.24169800115175655,0.02464581110134676,1.0,0.0,0.0,0.0,1.0,1.0,0.0
0.0,0.0,0.0,0.8256915888521936,0.0,0.0,0.8404091257001988,0.37547001460263646,0.37465455144989457,0.8392587201164549,0.5117613835844362,0.571319580078125,0.3328246138819364,0.8731859176852997,0.0,0.0,0.0,0.0,0.0,0.0,0.8376407476739963,0.21934091980313064,0.24169800115175655,0.02464581110134676,1.0,0.0,0.0,0.0,1.0,1.0,0.0
0.0,0.0,0.0,0.8256915888521936,0.0,0.0,0.8404091257001988,0.37555089607550823,0.3747280092940387,0.8392587201164549,0.6489597166888004,0.3906402587890625,0.8061321042671388,0.40826199087426945,0.0,0.0,0.0,0.0,0.0,0.0,0.8376407476739963,0.23197891388495295,0.24169800115175655,0.02464581110134676,1.0,0.0,0.0,0.0,1.0,1.0,0.0
0.0,0.0,0.0,0.8257155379077626,0.0,0.0,0.8404335016356254,0.3757586390930328,0.3747449578928394,0.8392830626845471,0.6489597166888004,0.3906402587890625,0.8061321042671388,0.40826199087426945,0.0,0.0,0.0,0.0,0.0,0.0,0.8376650433130506,0.20181580159171109,0.24169800115175655,0.034897215448458224,1.0,0.0,0.0,0.0,1.0,1.0,0.0
0.0,0.0,0.0,0.8257155379077626,1.0,0.0,0.8404335016356254,0.3758390250917763,0.37487860540016477,0.8392830626845471,0.06133321121643693,0.92529296875,0.058635003968011724,0.21153992888644724,0.0,0.0,0.0,0.0,0.0,0.0,0.8376650433130506,0.20401225943246737,0.23730979808639158,0.034897215448458224,1.0,0.0,0.0,0.0,1.0,1.0,0.0
0.0,0.0,0.0,0.8257155379077626,0.0,0.0,0.0,0.0,0.0,0.8392830626845471,0.33438659156477535,0.889984130859375,0.8473841645809169,0.6843382319278488,0.0,0.0,0.0,0.0,0.0,0.0,0.8376650433130506,0.1773680759552555,0.2229004526202853,0.034897215448458224,1.0,0.0,1.0,0.0,1.0,1.0,0.0
0.0,0.0,0.0,0.0,0.0,0.0,0.0,0.0,0.0,0.0,0.0,0.0,0.0,0.0,0.0,0.0,0.0,0.01831808893276125,0.5570113561966594,1.0,0.0,0.0011654797683556817,0.026546197042147224,0.014705162146638407,1.0,1.0,1.0,1.0,1.0,0.0,1.0
0.0,0.0,0.0,0.0,0.0,0.0,0.0,0.0,0.0,0.0,0.0,0.0,0.0,0.0,0.0,0.0,0.0,0.01831808893276125,0.33782827767551016,1.0,0.0,0.0011654797683556817,0.026546197042147224,0.014705162146638407,1.0,1.0,1.0,1.0,1.0,0.0,1.0
0.0,0.0,0.0,0.0,0.0,0.0,0.0,0.0,0.0,0.0,0.0,0.0,0.0,0.0,0.0,0.0,0.0,0.01831808893276125,0.5086291978713908,1.0,0.0,0.0011654797683556817,0.026546197042147224,0.014705162146638407,1.0,1.0,1.0,1.0,1.0,0.0,1.0
0.0,0.0,0.0,0.0,0.0,0.0,0.0,0.0,0.0,0.0,0.0,0.0,0.0,0.0,0.0,0.0,0.0,0.01831808893276125,0.09094020064232877,0.5,0.0,0.0011654797683556817,0.026546197042147224,0.014705162146638407,1.0,1.0,1.0,1.0,1.0,0.0,1.0
0.0,0.0,0.0,0.0,0.0,0.0,0.0,0.0,0.0,0.0,0.0,0.0,0.0,0.0,0.0,0.0,0.0,0.01831808893276125,0.6538566460018491,1.0,0.0,0.0011654797683556817,0.026546197042147224,0.014705162146638407,1.0,1.0,1.0,1.0,1.0,0.0,1.0
0.0,0.0,0.0,0.0,0.0,0.0,0.0,0.0,0.0,0.0,0.0,0.0,0.0,0.0,0.0,0.0,0.0,0.01831808893276125,0.4308646544896546,1.0,0.0,0.0011654797683556817,0.026546197042147224,0.014705162146638407,1.0,1.0,1.0,1.0,1.0,0.0,1.0
0.0,0.0,0.0,0.0,0.0,0.0,0.0,0.0,0.0,0.0,0.0,0.0,0.0,0.0,0.0,0.0,0.0,0.01831808893276125,0.4309889042669881,1.0,0.0,0.0011654797683556817,0.026546197042147224,0.014705162146638407,1.0,1.0,1.0,1.0,1.0,0.0,1.0
0.0,0.0,0.0,0.0,0.0,0.0,0.0,0.0,0.0,0.0,0.0,0.0,0.0,0.0,0.0,0.0,0.0,0.01831808893276125,0.26569826544689956,1.0,0.0,0.0011654797683556817,0.026546197042147224,0.014705162146638407,1.0,1.0,1.0,1.0,1.0,0.0,1.0
0.0,0.0,0.0,0.0,0.0,0.0,0.0,0.0,0.0,0.0,0.0,0.0,0.0,0.0,0.0,0.0,0.0,0.01831808893276125,0.24651652993063333,1.0,0.0,0.0011654797683556817,0.026546197042147224,0.014705162146638407,1.0,1.0,1.0,1.0,1.0,0.0,1.0
0.0,0.0,0.0,0.0,0.0,0.0,0.0,0.0,0.0,0.0,0.0,0.0,0.0,0.0,0.0,0.0,0.0,0.01831808893276125,0.2097409921141744,1.0,0.0,0.0011654797683556817,0.026546197042147224,0.014705162146638407,1.0,1.0,1.0,1.0,1.0,0.0,1.0
0.0,0.0,0.0,0.0,0.0,0.0,0.0,0.0,0.0,0.0,0.0,0.0,0.0,0.0,0.0,0.0,0.0,0.01831808893276125,0.3132020914852949,1.0,0.0,0.0011654797683556817,0.026546197042147224,0.014705162146638407,1.0,1.0,1.0,1.0,1.0,0.0,1.0
0.0,0.0,0.0,0.0,0.0,0.0,0.0,0.0,0.0,0.0,0.0,0.0,0.0,0.0,0.0,0.0,0.0,0.01831808893276125,0.5767571965057163,1.0,0.0,0.0011654797683556817,0.026546197042147224,0.014705162146638407,1.0,1.0,1.0,1.0,1.0,0.0,1.0
0.0,0.0,0.0,0.0,0.0,0.0,0.0,0.0,0.0,0.0,0.0,0.0,0.0,0.0,0.0,0.0,0.0,0.01831808893276125,0.5710345088314899,1.0,0.0,0.0011654797683556817,0.026546197042147224,0.014705162146638407,1.0,1.0,1.0,1.0,1.0,0.0,1.0
0.0,0.0,0.0,0.0,0.0,0.0,0.0,0.0,0.0,0.0,0.0,0.0,0.0,0.0,0.0,0.0,0.0,0.01831808893276125,0.7495208781426581,1.0,0.0,0.0011654797683556817,0.026546197042147224,0.014705162146638407,1.0,1.0,1.0,1.0,1.0,0.0,1.0
0.0,0.0,0.0,0.0,0.0,0.0,0.0,0.0,0.0,0.0,0.0,0.0,0.0,0.0,0.0,0.0,0.0,0.01831808893276125,0.21181703594437185,1.0,0.0,0.0011654797683556817,0.026546197042147224,0.014705162146638407,1.0,1.0,1.0,1.0,1.0,0.0,1.0
0.0,0.0,0.0,0.0,0.0,0.0,0.0,0.0,0.0,0.0,0.0,0.0,0.0,0.0,0.0,0.0,0.0,0.01831808893276125,0.32942820136613316,1.0,0.0,0.0011654797683556817,0.026546197042147224,0.014705162146638407,1.0,1.0,1.0,1.0,1.0,0.0,1.0
0.0,0.0,0.0,0.0,0.0,0.0,0.0,0.0,0.0,0.0,0.0,0.0,0.0,0.0,0.0,0.0,0.0,0.01831808893276125,0.5085067787202964,1.0,0.018537572598406448,0.20182657223404987,0.5722100376877907,0.1492860205068444,1.0,1.0,1.0,1.0,1.0,0.0,0.0
0.0,0.0,0.0,0.0,0.0,0.0,0.0,0.0,0.0,0.0,0.0,0.0,0.0,0.0,0.0,0.0,0.0,0.01831808893276125,0.37739714742652675,1.0,0.0,0.0011654797683556817,0.026546197042147224,0.014705162146638407,1.0,1.0,1.0,1.0,1.0,0.0,1.0
0.0,0.0,0.0,0.0,0.0,0.0,0.0,0.0,0.0,0.0,0.0,0.0,0.0,0.0,0.0,0.0,0.0,0.01831808893276125,0.4572100851798573,1.0,0.018537572598406448,0.25055241970844433,0.5308124209195836,0.8487470193181685,1.0,1.0,1.0,1.0,1.0,0.0,0.0
0.0,0.0,0.0,0.0,0.0,0.0,0.0,0.0,0.0,0.0,0.0,0.0,0.0,0.0,0.0,0.0,0.0,0.0,0.0,0.0,0.018537572598406448,0.7479197339438058,0.531767521312134,0.22373869928699996,1.0,1.0,1.0,1.0,1.0,1.0,0.0
0.971239703138023,0.6321428571428571,1.0,0.9730501277682115,0.0,0.0,0.9903942563795887,0.06230647944513978,0.06784885831898758,0.0,0.0,0.0,0.0,0.0,0.9765246330321534,0.5,0.0,0.9754442376645998,0.6824073092618801,1.0,0.0,0.0011654797683556817,0.026546197042147224,0.014705162146638407,0.0,0.0,0.0,1.0,0.0,0.0,1.0
0.971239703138023,0.47857142857142854,1.0,0.9730501277682115,1.0,0.0,0.9903942563795887,0.039989297566235676,0.0351819589222281,0.0,0.0,0.0,0.0,0.0,0.9765246330321534,0.5,0.0,0.9754442376645998,0.5075686141472135,1.0,0.0,0.0011654797683556817,0.026546197042147224,0.014705162146638407,0.0,0.0,0.0,1.0,0.0,0.0,1.0
0.971239703138023,0.7928571428571428,1.0,0.9730501277682115,0.0,0.0,0.0,0.0,0.0,0.0,0.0,0.0,0.0,0.0,0.0,0.0,0.0,0.0,0.0,0.0,0.987131814774907,0.6626058486361558,0.74944436500271,0.09297410471004254,0.0,0.0,1.0,1.0,1.0,1.0,0.0
0.971239703138023,0.43571428571428567,1.0,0.0,0.0,0.0,0.0,0.0,0.0,0.0,0.0,0.0,0.0,0.0,0.0,0.0,0.0,0.0,0.0,0.0,0.987131814774907,0.38667177493152527,0.5404654969686847,0.21328326597305938,0.0,1.0,1.0,1.0,1.0,1.0,0.0
0.0,0.0,0.0,0.0,0.0,0.0,0.9903942563795887,0.07791562760538005,0.07897933014097748,0.0,0.0,0.0,0.0,0.0,0.9765246330321534,1.0,1.0,0.9754442376645998,0.4946460407368032,1.0,0.987131814774907,0.48362545637875864,0.5262383295174846,0.06390567077659078,1.0,1.0,0.0,1.0,0.0,0.0,0.0
0.0,0.0,0.0,0.9730501277682115,0.0,0.0,0.9903942563795887,0.04608256417459809,0.04511203234561548,0.0,0.0,0.0,0.0,0.0,0.0,0.0,0.0,0.9754442376645998,0.936408584194385,1.0,0.0,0.0011654797683556817,0.026546197042147224,0.014705162146638407,1.0,0.0,0.0,1.0,1.0,0.0,1.0
0.0,0.0,0.0,0.0,0.0,0.0,0.0,0.0,0.0,0.0,0.0,0.0,0.0,0.0,0.9765246330321534,0.5,0.0,0.9754442376645998,0.6439943322029213,1.0,0.0,0.0011654797683556817,0.026546197042147224,0.014705162146638407,1.0,1.0,1.0,1.0,0.0,0.0,1.0
0.971239703138023,0.8428571428571429,1.0,0.0,0.0,0.0,0.9903942563795887,0.06234947095579163,0.06793502616569991,0.0,0.0,0.0,0.0,0.0,0.9765246330321534,1.0,1.0,0.0,0.0,0.0,0.987131814774907,0.18841058245317377,0.45315019816679786,0.3894812810216697,0.0,1.0,0.0,1.0,0.0,1.0,0.0
0.971239703138023,0.3071428571428571,0.0,0.9730501277682115,0.0,0.0,0.9903942563795887,0.04611293995461016,0.04514436802066367,0.0,0.0,0.0,0.0,0.0,0.9765246330321534,0.5,0.0,0.0,0.0,0.0,0.987131814774907,0.18841058245317377,0.45315019816679786,0.35709048616801636,0.0,0.0,0.0,1.0,0.0,1.0,0.0
0.971239703138023,0.7035714285714285,1.0,0.9730501277682115,0.0,0.0,0.9903942563795887,0.0624952903907721,0.06793692244148154,0.0,0.0,0.0,0.0,0.0,0.0,0.0,0.0,0.9754442376645998,0.4689178739336759,1.0,0.0,0.0011654797683556817,0.026546197042147224,0.014705162146638407,0.0,0.0,0.0,1.0,1.0,0.0,1.0
0.971239703138023,0.4321428571428571,1.0,0.9730501277682115,0.0,0.0,0.0,0.0,0.0,0.0,0.0,0.0,0.0,0.0,0.9765246330321534,0.5,0.0,0.9754442376645998,0.9245351987916091,1.0,0.987131814774907,0.3751898331868465,0.5565334985058045,0.25916577639506083,0.0,0.0,1.0,1.0,0.0,0.0,0.0
0.971239703138023,0.7642857142857142,1.0,0.9730501277682115,0.0,0.0,0.9903942563795887,0.04017946925788519,0.0353489190083453,0.0,0.0,0.0,0.0,0.0,0.0,0.0,0.0,0.0,0.0,0.0,0.987131814774907,0.4978028892686729,0.5262383295174846,0.06390567077659078,0.0,0.0,0.0,1.0,1.0,1.0,0.0
0.971239703138023,0.2857142857142857,0.0,0.9730501277682115,1.0,0.0,0.9903942563795887,0.07808037013666713,0.07925335440596788,0.0,0.0,0.0,0.0,0.0,0.0,0.0,0.0,0.0,0.0,0.0,0.987131814774907,0.6812848449622592,0.74944436500271,0.09297410471004254,0.0,0.0,0.0,1.0,1.0,1.0,0.0
0.971239703138023,0.5178571428571428,1.0,0.9730501277682115,0.0,0.0,0.9903942563795887,0.04623291293717451,0.04526728888611413,0.0,0.0,0.0,0.0,0.0,0.9765246330321534,0.5,0.0,0.9754442376645998,0.6293271519799664,1.0,0.987131814774907,0.19337841712200687,0.45315019816679786,0.3437584119545239,0.0,0.0,0.0,1.0,0.0,0.0,0.0
0.0,0.0,0.0,0.0,0.0,0.0,0.0,0.0,0.0,0.0,0.0,0.0,0.0,0.0,0.9765246330321534,0.5,0.0,0.9754442376645998,0.47604136262610464,1.0,0.0,0.0011654797683556817,0.026546197042147224,0.014705162146638407,1.0,1.0,1.0,1.0,0.0,0.0,1.0
0.971239703138023,0.6785714285714285,1.0,0.9730501277682115,0.0,0.0,0.9903942563795887,0.0626334896625916,0.0680472382603591,0.0,0.0,0.0,0.0,0.0,0.9765246330321534,0.5,0.0,0.9754442376645998,0.4511006297417013,1.0,0.0,0.0011654797683556817,0.026546197042147224,0.014705162146638407,0.0,0.0,0.0,1.0,0.0,0.0,1.0
0.0,0.0,0.0,0.0,0.0,0.0,0.0,0.0,0.0,0.0,0.0,0.0,0.0,0.0,0.0,0.0,0.0,0.9754442376645998,0.8815596709296463,1.0,0.987131814774907,0.3643090275072872,0.5565334985058045,0.25916577639506083,1.0,1.0,1.0,1.0,1.0,0.0,0.0
0.0,0.0,0.0,0.0,0.0,0.0,0.0,0.0,0.0,0.0,0.0,0.0,0.0,0.0,0.0,0.0,0.0,0.0,0.0,0.0,0.987131814774907,0.5080033859282597,0.5262383295174846,0.06390567077659078,1.0,1.0,1.0,1.0,1.0,1.0,0.0
0.0,0.0,0.0,0.9730501277682115,0.0,0.0,0.9903942563795887,0.04021952031945387,0.035357981405557154,0.0,0.0,0.0,0.0,0.0,0.0,0.0,0.0,0.0,0.0,0.0,0.987131814774907,0.6664592452311237,0.74944436500271,0.09297410471004254,1.0,0.0,0.0,1.0,1.0,1.0,0.0
0.971239703138023,0.3964285714285714,0.0,0.9730501277682115,0.0,0.0,0.0,0.0,0.0,0.0,0.0,0.0,0.0,0.0,0.0,0.0,0.0,0.0,0.0,0.0,0.0,0.0011654797683556817,0.026546197042147224,0.014705162146638407,0.0,0.0,1.0,1.0,1.0,1.0,1.0
0.0,0.0,0.0,0.0,0.0,0.0,0.0,0.0,0.0,0.0,0.0,0.0,0.0,0.0,0.0,0.0,0.0,0.07504894626974007,0.5452210082910902,1.0,0.0,0.0011654797683556817,0.026546197042147224,0.014705162146638407,1.0,1.0,1.0,1.0,1.0,0.0,1.0
0.0,0.0,0.0,0.0,0.0,0.0,0.0,0.0,0.0,0.0,0.0,0.0,0.0,0.0,0.0,0.0,0.0,0.07504894626974007,0.5121881717243926,1.0,0.0,0.0011654797683556817,0.026546197042147224,0.014705162146638407,1.0,1.0,1.0,1.0,1.0,0.0,1.0
0.0,0.0,0.0,0.0,0.0,0.0,0.0,0.0,0.0,0.0,0.0,0.0,0.0,0.0,0.0,0.0,0.0,0.07504894626974007,0.496404434083765,1.0,0.0,0.0011654797683556817,0.026546197042147224,0.014705162146638407,1.0,1.0,1.0,1.0,1.0,0.0,1.0
0.0,0.0,0.0,0.0,0.0,0.0,0.0,0.0,0.0,0.0,0.0,0.0,0.0,0.0,0.0,0.0,0.0,0.07504894626974007,0.16722893098136327,1.0,0.0,0.0011654797683556817,0.026546197042147224,0.014705162146638407,1.0,1.0,1.0,1.0,1.0,0.0,1.0
0.0,0.0,0.0,0.0,0.0,0.0,0.0,0.0,0.0,0.0,0.0,0.0,0.0,0.0,0.0,0.0,0.0,0.07504894626974007,0.5930727597149166,1.0,0.0,0.0011654797683556817,0.026546197042147224,0.014705162146638407,1.0,1.0,1.0,1.0,1.0,0.0,1.0
0.0,0.0,0.0,0.0,0.0,0.0,0.0,0.0,0.0,0.0,0.0,0.0,0.0,0.0,0.0,0.0,0.0,0.07504894626974007,0.4439512767468079,1.0,0.0,0.0011654797683556817,0.026546197042147224,0.014705162146638407,1.0,1.0,1.0,1.0,1.0,0.0,1.0
0.0,0.0,0.0,0.0,0.0,0.0,0.0,0.0,0.0,0.0,0.0,0.0,0.0,0.0,0.0,0.0,0.0,0.07504894626974007,0.3874615767307841,1.0,0.0,0.0011654797683556817,0.026546197042147224,0.014705162146638407,1.0,1.0,1.0,1.0,1.0,0.0,1.0
0.0,0.0,0.0,0.0,0.0,0.0,0.0,0.0,0.0,0.0,0.0,0.0,0.0,0.0,0.0,0.0,0.0,0.07504894626974007,0.17799245034643008,1.0,0.0,0.0011654797683556817,0.026546197042147224,0.014705162146638407,1.0,1.0,1.0,1.0,1.0,0.0,1.0
0.0,0.0,0.0,0.0,0.0,0.0,0.0,0.0,0.0,0.0,0.0,0.0,0.0,0.0,0.0,0.0,0.0,0.07504894626974007,0.61319983225789,1.0,0.0,0.0011654797683556817,0.026546197042147224,0.014705162146638407,1.0,1.0,1.0,1.0,1.0,0.0,1.0
0.0,0.0,0.0,0.0,0.0,0.0,0.0,0.0,0.0,0.0,0.0,0.0,0.0,0.0,0.0,0.0,0.0,0.07504894626974007,0.3688121715012036,1.0,0.0,0.0011654797683556817,0.026546197042147224,0.014705162146638407,1.0,1.0,1.0,1.0,1.0,0.0,1.0
0.0,0.0,0.0,0.0,0.0,0.0,0.0,0.0,0.0,0.0,0.0,0.0,0.0,0.0,0.0,0.0,0.0,0.07504894626974007,0.2770612680710127,1.0,0.0,0.0011654797683556817,0.026546197042147224,0.014705162146638407,1.0,1.0,1.0,1.0,1.0,0.0,1.0
0.0,0.0,0.0,0.0,0.0,0.0,0.0,0.0,0.0,0.0,0.0,0.0,0.0,0.0,0.0,0.0,0.0,0.07504894626974007,0.6161441940400665,1.0,0.0,0.0011654797683556817,0.026546197042147224,0.014705162146638407,1.0,1.0,1.0,1.0,1.0,0.0,1.0
0.0,0.0,0.0,0.0,0.0,0.0,0.0,0.0,0.0,0.0,0.0,0.0,0.0,0.0,0.0,0.0,0.0,0.07504894626974007,0.2904666666510858,1.0,0.0,0.0011654797683556817,0.026546197042147224,0.014705162146638407,1.0,1.0,1.0,1.0,1.0,0.0,1.0
0.0,0.0,0.0,0.0,0.0,0.0,0.0,0.0,0.0,0.0,0.0,0.0,0.0,0.0,0.0,0.0,0.0,0.07504894626974007,0.5934223292991758,1.0,0.0,0.0011654797683556817,0.026546197042147224,0.014705162146638407,1.0,1.0,1.0,1.0,1.0,0.0,1.0
0.0,0.0,0.0,0.0,0.0,0.0,0.0,0.0,0.0,0.0,0.0,0.0,0.0,0.0,0.0,0.0,0.0,0.07504894626974007,0.6343114006779671,1.0,0.0,0.0011654797683556817,0.026546197042147224,0.014705162146638407,1.0,1.0,1.0,1.0,1.0,0.0,1.0
0.0,0.0,0.0,0.0,0.0,0.0,0.0,0.0,0.0,0.0,0.0,0.0,0.0,0.0,0.0,0.0,0.0,0.07504894626974007,0.8447908090333169,1.0,0.0,0.0011654797683556817,0.026546197042147224,0.014705162146638407,1.0,1.0,1.0,1.0,1.0,0.0,1.0
0.0,0.0,0.0,0.0,0.0,0.0,0.0,0.0,0.0,0.0,0.0,0.0,0.0,0.0,0.0,0.0,0.0,0.07504894626974007,0.7637257147479404,1.0,0.0,0.0011654797683556817,0.026546197042147224,0.014705162146638407,1.0,1.0,1.0,1.0,1.0,0.0,1.0
0.0,0.0,0.0,0.0,0.0,0.0,0.0,0.0,0.0,0.0,0.0,0.0,0.0,0.0,0.0,0.0,0.0,0.07504894626974007,0.7029588761110199,1.0,0.0,0.0011654797683556817,0.026546197042147224,0.014705162146638407,1.0,1.0,1.0,1.0,1.0,0.0,1.0
0.0,0.0,0.0,0.0,0.0,0.0,0.0,0.0,0.0,0.0,0.0,0.0,0.0,0.0,0.0,0.0,0.0,0.07504894626974007,0.5313063527720381,1.0,0.0,0.0011654797683556817,0.026546197042147224,0.014705162146638407,1.0,1.0,1.0,1.0,1.0,0.0,1.0
0.0,0.0,0.0,0.0,0.0,0.0,0.0,0.0,0.0,0.0,0.0,0.0,0.0,0.0,0.0,0.0,0.0,0.07504894626974007,0.3781069338737364,1.0,0.0,0.0011654797683556817,0.026546197042147224,0.014705162146638407,1.0,1.0,1.0,1.0,1.0,0.0,1.0
0.0,0.0,0.0,0.0,0.0,0.0,0.0,0.0,0.0,0.0,0.0,0.0,0.0,0.0,0.018194170494839776,0.5,0.0,0.0,0.0,0.0,0.0,0.0011654797683556817,0.026546197042147224,0.014705162146638407,1.0,1.0,1.0,1.0,0.0,1.0,1.0
0.0,0.0,0.0,0.0,0.0,0.0,0.0,0.0,0.0,0.0,0.0,0.0,0.0,0.0,0.018194170494839776,0.5,0.0,0.0,0.0,0.0,0.0,0.0011654797683556817,0.026546197042147224,0.014705162146638407,1.0,1.0,1.0,1.0,0.0,1.0,1.0
0.0,0.0,0.0,0.0,0.0,0.0,0.0,0.0,0.0,0.0,0.0,0.0,0.0,0.0,0.018194170494839776,1.0,1.0,0.0,0.0,0.0,0.0,0.0011654797683556817,0.026546197042147224,0.014705162146638407,1.0,1.0,1.0,1.0,0.0,1.0,1.0
0.0,0.0,0.0,0.0,0.0,0.0,0.0,0.0,0.0,0.0,0.0,0.0,0.0,0.0,0.018194170494839776,1.0,1.0,0.0,0.0,0.0,0.0,0.0011654797683556817,0.026546197042147224,0.014705162146638407,1.0,1.0,1.0,1.0,0.0,1.0,1.0
0.0,0.0,0.0,0.0,0.0,0.0,0.0,0.0,0.0,0.0,0.0,0.0,0.0,0.0,0.018194170494839776,0.5,0.0,0.0,0.0,0.0,0.0,0.0011654797683556817,0.026546197042147224,0.014705162146638407,1.0,1.0,1.0,1.0,0.0,1.0,1.0
0.0,0.0,0.0,0.0,0.0,0.0,0.0,0.0,0.0,0.0,0.0,0.0,0.0,0.0,0.018194170494839776,1.0,1.0,0.0,0.0,0.0,0.0,0.0011654797683556817,0.026546197042147224,0.014705162146638407,1.0,1.0,1.0,1.0,0.0,1.0,1.0
0.0,0.0,0.0,0.0,0.0,0.0,0.0,0.0,0.0,0.0,0.0,0.0,0.0,0.0,0.018194170494839776,1.0,1.0,0.0,0.0,0.0,0.0,0.0011654797683556817,0.026546197042147224,0.014705162146638407,1.0,1.0,1.0,1.0,0.0,1.0,1.0
0.0,0.0,0.0,0.0,0.0,0.0,0.0,0.0,0.0,0.0,0.0,0.0,0.0,0.0,0.018194170494839776,0.5,0.0,0.0,0.0,0.0,0.0,0.0011654797683556817,0.026546197042147224,0.014705162146638407,1.0,1.0,1.0,1.0,0.0,1.0,1.0
0.0,0.0,0.0,0.0,0.0,0.0,0.0,0.0,0.0,0.0,0.0,0.0,0.0,0.0,0.018194170494839776,0.5,0.0,0.0,0.0,0.0,0.0,0.0011654797683556817,0.026546197042147224,0.014705162146638407,1.0,1.0,1.0,1.0,0.0,1.0,1.0
0.01809570404320658,0.41428571428571426,0.0,0.0,0.0,0.0,0.01845258311787715,0.002797102094974556,0.002352653965580844,0.0,0.0,0.0,0.0,0.0,0.018194170494839776,1.0,1.0,0.0,0.0,0.0,0.0,0.0011654797683556817,0.026546197042147224,0.014705162146638407,0.0,1.0,0.0,1.0,0.0,1.0,1.0
0.01809570404320658,0.5607142857142856,1.0,0.0,0.0,0.0,0.0,0.0,0.0,0.0,0.0,0.0,0.0,0.0,0.0,0.0,0.0,0.0,0.0,0.0,0.0,0.0011654797683556817,0.026546197042147224,0.014705162146638407,0.0,1.0,1.0,1.0,1.0,1.0,1.0
0.01809570404320658,0.47857142857142854,1.0,0.0,0.0,0.0,0.01845258311787715,0.0025621981341702,0.0027116337000404403,0.0,0.0,0.0,0.0,0.0,0.0,0.0,0.0,0.0,0.0,0.0,0.0,0.0011654797683556817,0.026546197042147224,0.014705162146638407,0.0,1.0,0.0,1.0,1.0,1.0,1.0
0.01809570404320658,0.3535714285714286,0.0,0.0,0.0,0.0,0.0,0.0,0.0,0.0,0.0,0.0,0.0,0.0,0.0,0.0,0.0,0.0,0.0,0.0,0.0,0.0011654797683556817,0.026546197042147224,0.014705162146638407,0.0,1.0,1.0,1.0,1.0,1.0,1.0
0.01809570404320658,0.7607142857142857,1.0,0.0,0.0,0.0,0.0,0.0,0.0,0.0,0.0,0.0,0.0,0.0,0.0,0.0,0.0,0.0,0.0,0.0,0.0,0.0011654797683556817,0.026546197042147224,0.014705162146638407,0.0,1.0,1.0,1.0,1.0,1.0,1.0
0.01809570404320658,0.7928571428571428,1.0,0.0,0.0,0.0,0.0,0.0,0.0,0.0,0.0,0.0,0.0,0.0,0.0,0.0,0.0,0.0,0.0,0.0,0.0,0.0011654797683556817,0.026546197042147224,0.014705162146638407,0.0,1.0,1.0,1.0,1.0,1.0,1.0
0.01809570404320658,0.6928571428571427,1.0,0.0,0.0,0.0,0.0,0.0,0.0,0.0,0.0,0.0,0.0,0.0,0.0,0.0,0.0,0.0,0.0,0.0,0.0,0.0011654797683556817,0.026546197042147224,0.014705162146638407,0.0,1.0,1.0,1.0,1.0,1.0,1.0
0.01809570404320658,0.8321428571428571,1.0,0.0,0.0,0.0,0.0,0.0,0.0,0.0,0.0,0.0,0.0,0.0,0.0,0.0,0.0,0.0,0.0,0.0,0.0,0.0011654797683556817,0.026546197042147224,0.014705162146638407,0.0,1.0,1.0,1.0,1.0,1.0,1.0
0.01809570404320658,0.3642857142857142,0.0,0.0,0.0,0.0,0.0,0.0,0.0,0.0,0.0,0.0,0.0,0.0,0.0,0.0,0.0,0.0,0.0,0.0,0.0,0.0011654797683556817,0.026546197042147224,0.014705162146638407,0.0,1.0,1.0,1.0,1.0,1.0,1.0
0.01809570404320658,0.14285714285714285,0.0,0.0,0.0,0.0,0.01845258311787715,0.0018169201623653858,0.0018310536506032857,0.0,0.0,0.0,0.0,0.0,0.0,0.0,0.0,0.0,0.0,0.0,0.0,0.0011654797683556817,0.026546197042147224,0.014705162146638407,0.0,1.0,0.0,1.0,1.0,1.0,1.0
0.0,0.0,0.0,0.0,0.0,0.0,0.01845258311787715,0.002002022230687177,0.0018323670470763304,0.0,0.0,0.0,0.0,0.0,0.0,0.0,0.0,0.0,0.0,0.0,0.0,0.0011654797683556817,0.026546197042147224,0.014705162146638407,1.0,1.0,0.0,1.0,1.0,1.0,1.0
0.0,0.0,0.0,0.0,0.0,0.0,0.0,0.0,0.0,0.0,0.0,0.0,0.0,0.0,0.9169909998541903,0.5,0.0,0.0,0.0,0.0,0.0,0.0011654797683556817,0.026546197042147224,0.014705162146638407,1.0,1.0,1.0,1.0,0.0,1.0,1.0
0.0,0.0,0.0,0.0,0.0,0.0,0.0,0.0,0.0,0.0,0.0,0.0,0.0,0.0,0.9169909998541903,0.5,0.0,0.0,0.0,0.0,0.0,0.0011654797683556817,0.026546197042147224,0.014705162146638407,1.0,1.0,1.0,1.0,0.0,1.0,1.0
0.0,0.0,0.0,0.0,0.0,0.0,0.0,0.0,0.0,0.0,0.0,0.0,0.0,0.0,0.9169909998541903,0.5,0.0,0.0,0.0,0.0,0.0,0.0011654797683556817,0.026546197042147224,0.014705162146638407,1.0,1.0,1.0,1.0,0.0,1.0,1.0
0.0,0.0,0.0,0.0,0.0,0.0,0.0,0.0,0.0,0.0,0.0,0.0,0.0,0.0,0.9169909998541903,0.5,0.0,0.0,0.0,0.0,0.0,0.0011654797683556817,0.026546197042147224,0.014705162146638407,1.0,1.0,1.0,1.0,0.0,1.0,1.0
0.0,0.0,0.0,0.0,0.0,0.0,0.0,0.0,0.0,0.0,0.0,0.0,0.0,0.0,0.9169909998541903,0.5,0.0,0.0,0.0,0.0,0.0,0.0011654797683556817,0.026546197042147224,0.014705162146638407,1.0,1.0,1.0,1.0,0.0,1.0,1.0
0.0,0.0,0.0,0.0,0.0,0.0,0.0,0.0,0.0,0.0,0.0,0.0,0.0,0.0,0.9170150344255177,1.0,1.0,0.0,0.0,0.0,0.0,0.0011654797683556817,0.026546197042147224,0.014705162146638407,1.0,1.0,1.0,1.0,0.0,1.0,1.0
0.0,0.0,0.0,0.0,0.0,0.0,0.0,0.0,0.0,0.0,0.0,0.0,0.0,0.0,0.9170150344255177,0.5,0.0,0.0,0.0,0.0,0.0,0.0011654797683556817,0.026546197042147224,0.014705162146638407,1.0,1.0,1.0,1.0,0.0,1.0,1.0
0.0,0.0,0.0,0.0,0.0,0.0,0.0,0.0,0.0,0.0,0.0,0.0,0.0,0.0,0.9170150344255177,0.5,0.0,0.0,0.0,0.0,0.0,0.0011654797683556817,0.026546197042147224,0.014705162146638407,1.0,1.0,1.0,1.0,0.0,1.0,1.0
0.0,0.0,0.0,0.0,0.0,0.0,0.0,0.0,0.0,0.0,0.0,0.0,0.0,0.0,0.9170150344255177,0.5,0.0,0.0,0.0,0.0,0.0,0.0011654797683556817,0.026546197042147224,0.014705162146638407,1.0,1.0,1.0,1.0,0.0,1.0,1.0
0.0,0.0,0.0,0.0,0.0,0.0,0.0,0.0,0.0,0.0,0.0,0.0,0.0,0.0,0.9170150344255177,0.5,0.0,0.0,0.0,0.0,0.0,0.0011654797683556817,0.026546197042147224,0.014705162146638407,1.0,1.0,1.0,1.0,0.0,1.0,1.0
0.0,0.0,0.0,0.0,0.0,0.0,0.0,0.0,0.0,0.0,0.0,0.0,0.0,0.0,0.9170150344255177,0.5,0.0,0.0,0.0,0.0,0.0,0.0011654797683556817,0.026546197042147224,0.014705162146638407,1.0,1.0,1.0,1.0,0.0,1.0,1.0
0.0,0.0,0.0,0.0,0.0,0.0,0.0,0.0,0.0,0.0,0.0,0.0,0.0,0.0,0.9170150344255177,1.0,1.0,0.0,0.0,0.0,0.0,0.0011654797683556817,0.026546197042147224,0.014705162146638407,1.0,1.0,1.0,1.0,0.0,1.0,1.0
0.0,0.0,0.0,0.0,0.0,0.0,0.0,0.0,0.0,0.0,0.0,0.0,0.0,0.0,0.9170150344255177,0.5,0.0,0.0,0.0,0.0,0.0,0.0011654797683556817,0.026546197042147224,0.014705162146638407,1.0,1.0,1.0,1.0,0.0,1.0,1.0
0.0,0.0,0.0,0.0,0.0,0.0,0.0,0.0,0.0,0.0,0.0,0.0,0.0,0.0,0.9170390689968451,0.5,0.0,0.0,0.0,0.0,0.0,0.0011654797683556817,0.026546197042147224,0.014705162146638407,1.0,1.0,1.0,1.0,0.0,1.0,1.0
0.0,0.0,0.0,0.0,0.0,0.0,0.0,0.0,0.0,0.0,0.0,0.0,0.0,0.0,0.9170390689968451,0.5,0.0,0.0,0.0,0.0,0.0,0.0011654797683556817,0.026546197042147224,0.014705162146638407,1.0,1.0,1.0,1.0,0.0,1.0,1.0
0.0,0.0,0.0,0.0,0.0,0.0,0.0,0.0,0.0,0.0,0.0,0.0,0.0,0.0,0.9170390689968451,1.0,1.0,0.0,0.0,0.0,0.0,0.0011654797683556817,0.026546197042147224,0.014705162146638407,1.0,1.0,1.0,1.0,0.0,1.0,1.0
0.0,0.0,0.0,0.0,0.0,0.0,0.0,0.0,0.0,0.0,0.0,0.0,0.0,0.0,0.9170390689968451,0.5,0.0,0.0,0.0,0.0,0.0,0.0011654797683556817,0.026546197042147224,0.014705162146638407,1.0,1.0,1.0,1.0,0.0,1.0,1.0
0.0,0.0,0.0,0.0,0.0,0.0,0.0,0.0,0.0,0.0,0.0,0.0,0.0,0.0,0.9170390689968451,1.0,1.0,0.0,0.0,0.0,0.0,0.0011654797683556817,0.026546197042147224,0.014705162146638407,1.0,1.0,1.0,1.0,0.0,1.0,1.0
0.0,0.0,0.0,0.0,0.0,0.0,0.0,0.0,0.0,0.0,0.0,0.0,0.0,0.0,0.9170390689968451,0.5,0.0,0.0,0.0,0.0,0.0,0.0011654797683556817,0.026546197042147224,0.014705162146638407,1.0,1.0,1.0,1.0,0.0,1.0,1.0
0.0,0.0,0.0,0.0,0.0,0.0,0.0,0.0,0.0,0.0,0.0,0.0,0.0,0.0,0.9170390689968451,0.5,0.0,0.0,0.0,0.0,0.0,0.0011654797683556817,0.026546197042147224,0.014705162146638407,1.0,1.0,1.0,1.0,0.0,1.0,1.0
0.0,0.0,0.0,0.0,0.0,0.0,0.0,0.0,0.0,0.0,0.0,0.0,0.0,0.0,0.0,0.0,0.0,0.0,0.0,0.0,0.018488981320297915,0.2594366226536088,0.5415376756057635,0.33419226810200664,1.0,1.0,1.0,1.0,1.0,1.0,0.0
0.0,0.0,0.0,0.0,0.0,0.0,0.0,0.0,0.0,0.0,0.0,0.0,0.0,0.0,0.0,0.0,0.0,0.0,0.0,0.0,0.018488981320297915,0.19696830038452595,0.5656810087872662,0.7737726154188674,1.0,1.0,1.0,1.0,1.0,1.0,0.0
0.0,0.0,0.0,0.0,0.0,0.0,0.0,0.0,0.0,0.0,0.0,0.0,0.0,0.0,0.0,0.0,0.0,0.0,0.0,0.0,0.018488981320297915,0.8841183208933833,0.587617571219152,0.47217719046089074,1.0,1.0,1.0,1.0,1.0,1.0,0.0
0.0,0.0,0.0,0.0,0.0,0.0,0.0,0.0,0.0,0.0,0.0,0.0,0.0,0.0,0.0,0.0,0.0,0.0,0.0,0.0,0.018488981320297915,0.9186081999063843,0.5245880151547249,0.0625303697766493,1.0,1.0,1.0,1.0,1.0,1.0,0.0
0.0,0.0,0.0,0.0,0.0,0.0,0.0,0.0,0.0,0.0,0.0,0.0,0.0,0.0,0.0,0.0,0.0,0.0,0.0,0.0,0.018488981320297915,0.27336852403551537,0.5069498735137553,0.7451452525428874,1.0,1.0,1.0,1.0,1.0,1.0,0.0
0.0,0.0,0.0,0.0,0.0,0.0,0.0,0.0,0.0,0.0,0.0,0.0,0.0,0.0,0.018290308780149367,1.0,1.0,0.0,0.0,0.0,0.018488981320297915,0.891834396391256,0.5730461878862894,0.7414011300769957,1.0,1.0,1.0,1.0,0.0,1.0,0.0
0.0,0.0,0.0,0.0,0.0,0.0,0.0,0.0,0.0,0.0,0.0,0.0,0.0,0.0,0.018290308780149367,1.0,1.0,0.0,0.0,0.0,0.0,0.0011654797683556817,0.026546197042147224,0.014705162146638407,1.0,1.0,1.0,1.0,0.0,1.0,1.0
0.0,0.0,0.0,0.0,0.0,0.0,0.0,0.0,0.0,0.0,0.0,0.0,0.0,0.0,0.018290308780149367,0.5,0.0,0.0,0.0,0.0,0.0,0.0011654797683556817,0.026546197042147224,0.014705162146638407,1.0,1.0,1.0,1.0,0.0,1.0,1.0
0.0,0.0,0.0,0.018225231288004157,0.0,0.0,0.0,0.0,0.0,0.0,0.0,0.0,0.0,0.0,0.018290308780149367,1.0,1.0,0.0,0.0,0.0,0.0,0.0011654797683556817,0.026546197042147224,0.014705162146638407,1.0,0.0,1.0,1.0,0.0,1.0,1.0
0.0,0.0,0.0,0.018225231288004157,0.0,0.0,0.0,0.0,0.0,0.0,0.0,0.0,0.0,0.0,0.018290308780149367,1.0,1.0,0.0,0.0,0.0,0.0,0.0011654797683556817,0.026546197042147224,0.014705162146638407,1.0,0.0,1.0,1.0,0.0,1.0,1.0
0.0,0.0,0.0,0.018225231288004157,0.0,0.0,0.0,0.0,0.0,0.0,0.0,0.0,0.0,0.0,0.0,0.0,0.0,0.0,0.0,0.0,0.0,0.0011654797683556817,0.026546197042147224,0.014705162146638407,1.0,0.0,1.0,1.0,1.0,1.0,1.0
0.0,0.0,0.0,0.018225231288004157,0.0,0.0,0.0,0.0,0.0,0.0,0.0,0.0,0.0,0.0,0.0,0.0,0.0,0.0,0.0,0.0,0.0,0.0011654797683556817,0.026546197042147224,0.014705162146638407,1.0,0.0,1.0,1.0,1.0,1.0,1.0
0.0,0.0,0.0,0.018225231288004157,0.0,0.0,0.0,0.0,0.0,0.0,0.0,0.0,0.0,0.0,0.0,0.0,0.0,0.0,0.0,0.0,0.0,0.0011654797683556817,0.026546197042147224,0.014705162146638407,1.0,0.0,1.0,1.0,1.0,1.0,1.0
0.0,0.0,0.0,0.018225231288004157,0.0,0.0,0.0,0.0,0.0,0.0,0.0,0.0,0.0,0.0,0.0,0.0,0.0,0.0,0.0,0.0,0.0,0.0011654797683556817,0.026546197042147224,0.014705162146638407,1.0,0.0,1.0,1.0,1.0,1.0,1.0
0.0,0.0,0.0,0.018225231288004157,0.0,0.0,0.0,0.0,0.0,0.0,0.0,0.0,0.0,0.0,0.0,0.0,0.0,0.0,0.0,0.0,0.0,0.0011654797683556817,0.026546197042147224,0.014705162146638407,1.0,0.0,1.0,1.0,1.0,1.0,1.0
0.0,0.0,0.0,0.018225231288004157,0.0,0.0,0.0,0.0,0.0,0.0,0.0,0.0,0.0,0.0,0.0,0.0,0.0,0.0,0.0,0.0,0.0,0.0011654797683556817,0.026546197042147224,0.014705162146638407,1.0,0.0,1.0,1.0,1.0,1.0,1.0
0.0,0.0,0.0,0.018225231288004157,0.0,0.0,0.0,0.0,0.0,0.0,0.0,0.0,0.0,0.0,0.0,0.0,0.0,0.0,0.0,0.0,0.0,0.0011654797683556817,0.026546197042147224,0.014705162146638407,1.0,0.0,1.0,1.0,1.0,1.0,1.0
0.0,0.0,0.0,0.018225231288004157,0.0,0.0,0.0,0.0,0.0,0.0,0.0,0.0,0.0,0.0,0.0,0.0,0.0,0.0,0.0,0.0,0.0,0.0011654797683556817,0.026546197042147224,0.014705162146638407,1.0,0.0,1.0,1.0,1.0,1.0,1.0
0.0,0.0,0.0,0.018225231288004157,0.0,0.0,0.0,0.0,0.0,0.0,0.0,0.0,0.0,0.0,0.0,0.0,0.0,0.0,0.0,0.0,0.0,0.0011654797683556817,0.026546197042147224,0.014705162146638407,1.0,0.0,1.0,1.0,1.0,1.0,1.0
0.0,0.0,0.0,0.018225231288004157,0.0,0.0,0.0,0.0,0.0,0.0,0.0,0.0,0.0,0.0,0.0,0.0,0.0,0.0,0.0,0.0,0.0,0.0011654797683556817,0.026546197042147224,0.014705162146638407,1.0,0.0,1.0,1.0,1.0,1.0,1.0
0.0,0.0,0.0,0.0,0.0,0.0,0.0,0.0,0.0,0.0,0.0,0.0,0.0,0.0,0.0,0.0,0.0,0.0,0.0,0.0,0.9080981009313733,0.28600694035383467,0.8809236624416215,0.8146986560435888,1.0,1.0,1.0,1.0,1.0,1.0,0.0
0.0,0.0,0.0,0.0,0.0,0.0,0.0,0.0,0.0,0.0,0.0,0.0,0.0,0.0,0.0,0.0,0.0,0.0,0.0,0.0,0.9080981009313733,0.9572695443632139,0.23759536896797434,0.3570785154397321,1.0,1.0,1.0,1.0,1.0,1.0,0.0
0.0,0.0,0.0,0.0,0.0,0.0,0.0,0.0,0.0,0.0,0.0,0.0,0.0,0.0,0.0,0.0,0.0,0.0,0.0,0.0,0.9080981009313733,0.47034061666851745,0.14909312784279882,0.4487271326761662,1.0,1.0,1.0,1.0,1.0,1.0,0.0
0.0,0.0,0.0,0.0,0.0,0.0,0.0,0.0,0.0,0.0,0.0,0.0,0.0,0.0,0.8983401725041299,0.5,0.0,0.0,0.0,0.0,0.9080981009313733,0.28359585471098636,0.8809236624416215,0.8146986560435888,1.0,1.0,1.0,1.0,0.0,1.0,0.0
0.0,0.0,0.0,0.0,0.0,0.0,0.0,0.0,0.0,0.0,0.0,0.0,0.0,0.0,0.0,0.0,0.0,0.0,0.0,0.0,0.9080981009313733,0.9637541424925836,0.2378523341722671,0.3570785154397321,1.0,1.0,1.0,1.0,1.0,1.0,0.0
0.0,0.0,0.0,0.0,0.0,0.0,0.0,0.0,0.0,0.0,0.0,0.0,0.0,0.0,0.0,0.0,0.0,0.0,0.0,0.0,0.9080981009313733,0.48453321625400403,0.14909312784279882,0.4487271326761662,1.0,1.0,1.0,1.0,1.0,1.0,0.0
0.0,0.0,0.0,0.0,0.0,0.0,0.0,0.0,0.0,0.0,0.0,0.0,0.0,0.0,0.8983401725041299,1.0,1.0,0.0,0.0,0.0,0.9080981009313733,0.29164446804523936,0.8809236624416215,0.8146986560435888,1.0,1.0,1.0,1.0,0.0,1.0,0.0
0.0,0.0,0.0,0.0,0.0,0.0,0.0,0.0,0.0,0.0,0.0,0.0,0.0,0.0,0.8983401725041299,0.5,0.0,0.0,0.0,0.0,0.9080981009313733,0.2941045088250832,0.8809236624416215,0.8146986560435888,1.0,1.0,1.0,1.0,0.0,1.0,0.0
0.0,0.0,0.0,0.0,0.0,0.0,0.0,0.0,0.0,0.0,0.0,0.0,0.0,0.0,0.0,0.0,0.0,0.0,0.0,0.0,0.9080981009313733,0.4841899862469202,0.14909312784279882,0.4487271326761662,1.0,1.0,1.0,1.0,1.0,1.0,0.0
0.0,0.0,0.0,0.0,0.0,0.0,0.0,0.0,0.0,0.0,0.0,0.0,0.0,0.0,0.8983401725041299,1.0,1.0,0.0,0.0,0.0,0.9080981009313733,0.9524320753769976,0.2378523341722671,0.3570785154397321,1.0,1.0,1.0,1.0,0.0,1.0,0.0
0.0,0.0,0.0,0.0,0.0,0.0,0.0,0.0,0.0,0.0,0.0,0.0,0.0,0.0,0.0,0.0,0.0,0.0,0.0,0.0,0.9080981009313733,0.29062523083978764,0.8809236624416215,0.8146986560435888,1.0,1.0,1.0,1.0,1.0,1.0,0.0
0.0,0.0,0.0,0.0,0.0,0.0,0.0,0.0,0.0,0.0,0.0,0.0,0.0,0.0,0.0,0.0,0.0,0.0,0.0,0.0,0.9080981009313733,0.4776231488589292,0.14909312784279882,0.42874525746756853,1.0,1.0,1.0,1.0,1.0,1.0,0.0
0.0,0.0,0.0,0.0,0.0,0.0,0.0,0.0,0.0,0.0,0.0,0.0,0.0,0.0,0.8983401725041299,0.5,0.0,0.0,0.0,0.0,0.9080981009313733,0.9366845327613157,0.2378523341722671,0.37808924473354094,1.0,1.0,1.0,1.0,0.0,1.0,0.0
0.0,0.0,0.0,0.0,0.0,0.0,0.0,0.0,0.0,0.0,0.0,0.0,0.0,0.0,0.8983401725041299,1.0,1.0,0.0,0.0,0.0,0.9080981009313733,0.9285569431437967,0.2378523341722671,0.37808924473354094,1.0,1.0,1.0,1.0,0.0,1.0,0.0
0.0,0.0,0.0,0.0,0.0,0.0,0.0,0.0,0.0,0.0,0.0,0.0,0.0,0.0,0.0,0.0,0.0,0.0,0.0,0.0,0.9080981009313733,0.4793620540268718,0.14909312784279882,0.42874525746756853,1.0,1.0,1.0,1.0,1.0,1.0,0.0
0.0,0.0,0.0,0.0,0.0,0.0,0.0,0.0,0.0,0.0,0.0,0.0,0.0,0.0,0.0,0.0,0.0,0.0,0.0,0.0,0.9080981009313733,0.2626677956552642,0.8809236624416215,0.797681508906532,1.0,1.0,1.0,1.0,1.0,1.0,0.0
0.0,0.0,0.0,0.0,0.0,0.0,0.0,0.0,0.0,0.0,0.0,0.0,0.0,0.0,0.0,0.0,0.0,0.0,0.0,0.0,0.9081223965704276,0.9184809950874974,0.2378523341722671,0.37808924473354094,1.0,1.0,1.0,1.0,1.0,1.0,0.0
0.0,0.0,0.0,0.0,0.0,0.0,0.0,0.0,0.0,0.0,0.0,0.0,0.0,0.0,0.0,0.0,0.0,0.0,0.0,0.0,0.9081223965704276,0.4852812879934151,0.14909312784279882,0.42874525746756853,1.0,1.0,1.0,1.0,1.0,1.0,0.0
0.0,0.0,0.0,0.0,0.0,0.0,0.0,0.0,0.0,0.0,0.0,0.0,0.0,0.0,0.8983642070754573,0.5,0.0,0.0,0.0,0.0,0.9081223965704276,0.2626677956552642,0.8809236624416215,0.7953141113490785,1.0,1.0,1.0,1.0,0.0,1.0,0.0
0.0,0.0,0.0,0.0,0.0,0.0,0.0,0.0,0.0,0.0,0.0,0.0,0.0,0.0,0.0,0.0,0.0,0.0,0.0,0.0,0.9081223965704276,0.2529846368761349,0.8785082819094965,0.7953141113490785,1.0,1.0,1.0,1.0,1.0,1.0,0.0
0.0,0.0,0.0,0.0,0.0,0.0,0.0,0.0,0.0,0.018549036886293432,0.9057715498160613,0.5512847900390625,0.9741316158964655,0.7788460071113553,0.0,0.0,0.0,0.0,0.0,0.0,0.0,0.0011654797683556817,0.026546197042147224,0.014705162146638407,1.0,1.0,1.0,0.0,1.0,1.0,1.0
0.0,0.0,0.0,0.0,0.0,0.0,0.0,0.0,0.0,0.018549036886293432,0.9057715498160613,0.5512847900390625,0.9741316158964655,0.7788460071113553,0.0,0.0,0.0,0.0,0.0,0.0,0.0,0.0011654797683556817,0.026546197042147224,0.014705162146638407,1.0,1.0,1.0,0.0,1.0,1.0,1.0
0.0,0.0,0.0,0.0,0.0,0.0,0.0,0.0,0.0,0.018549036886293432,0.20965944650516707,0.7444305419921875,0.06994383737256578,0.8462054968029422,0.0,0.0,0.0,0.0,0.0,0.0,0.0,0.0011654797683556817,0.026546197042147224,0.014705162146638407,1.0,1.0,1.0,0.0,1.0,1.0,1.0
0.0,0.0,0.0,0.0,0.0,0.0,0.0,0.0,0.0,0.018549036886293432,0.20965944650516707,0.7444305419921875,0.06994383737256578,0.8462054968029422,0.0,0.0,0.0,0.0,0.0,0.0,0.0,0.0011654797683556817,0.026546197042147224,0.014705162146638407,1.0,1.0,1.0,0.0,1.0,1.0,1.0
0.0,0.0,0.0,0.0,0.0,0.0,0.0,0.0,0.0,0.018549036886293432,0.20965944650516707,0.7444305419921875,0.06994383737256578,0.8462054968029422,0.0,0.0,0.0,0.0,0.0,0.0,0.0,0.0011654797683556817,0.026546197042147224,0.014705162146638407,1.0,1.0,1.0,0.0,1.0,1.0,1.0
0.0,0.0,0.0,0.0,0.0,0.0,0.0,0.0,0.0,0.018549036886293432,0.20965944650516707,0.7444305419921875,0.06994383737256578,0.8462054968029422,0.0,0.0,0.0,0.0,0.0,0.0,0.0,0.0011654797683556817,0.026546197042147224,0.014705162146638407,1.0,1.0,1.0,0.0,1.0,1.0,1.0
0.0,0.0,0.0,0.0,0.0,0.0,0.0,0.0,0.0,0.018549036886293432,0.9714551754667154,0.9670562744140625,0.796593614553446,0.926780509392788,0.0,0.0,0.0,0.0,0.0,0.0,0.0,0.0011654797683556817,0.026546197042147224,0.014705162146638407,1.0,1.0,1.0,0.0,1.0,1.0,1.0
0.0,0.0,0.0,0.0,0.0,0.0,0.0,0.0,0.0,0.018549036886293432,0.9714551754667154,0.9670562744140625,0.796593614553446,0.926780509392788,0.0,0.0,0.0,0.0,0.0,0.0,0.0,0.0011654797683556817,0.026546197042147224,0.014705162146638407,1.0,1.0,1.0,0.0,1.0,1.0,1.0
0.0,0.0,0.0,0.0,0.0,0.0,0.0,0.0,0.0,0.018549036886293432,0.9714551754667154,0.9670562744140625,0.796593614553446,0.926780509392788,0.0,0.0,0.0,0.0,0.0,0.0,0.0,0.0011654797683556817,0.026546197042147224,0.014705162146638407,1.0,1.0,1.0,0.0,1.0,1.0,1.0
0.0,0.0,0.0,0.0,0.0,0.0,0.0,0.0,0.0,0.018549036886293432,0.9714551754667154,0.9670562744140625,0.796593614553446,0.926780509392788,0.0,0.0,0.0,0.0,0.0,0.0,0.0,0.0011654797683556817,0.026546197042147224,0.014705162146638407,1.0,1.0,1.0,0.0,1.0,1.0,1.0
0.0,0.0,0.0,0.0,0.0,0.0,0.0,0.0,0.0,0.018549036886293432,0.0758803864999771,0.5948638916015625,0.9133447286490446,0.6114392101207099,0.0,0.0,0.0,0.0,0.0,0.0,0.0,0.0011654797683556817,0.026546197042147224,0.014705162146638407,1.0,1.0,1.0,0.0,1.0,1.0,1.0
0.0,0.0,0.0,0.0,0.0,0.0,0.0,0.0,0.0,0.018549036886293432,0.0758803864999771,0.5948638916015625,0.9133447286490446,0.6114392101207099,0.0,0.0,0.0,0.0,0.0,0.0,0.0,0.0011654797683556817,0.026546197042147224,0.014705162146638407,1.0,1.0,1.0,0.0,1.0,1.0,1.0
0.0,0.0,0.0,0.0,0.0,0.0,0.0,0.0,0.0,0.018549036886293432,0.0758803864999771,0.5948638916015625,0.9133447286490446,0.6114392101207099,0.0,0.0,0.0,0.0,0.0,0.0,0.0,0.0011654797683556817,0.026546197042147224,0.014705162146638407,1.0,1.0,1.0,0.0,1.0,1.0,1.0
0.0,0.0,0.0,0.0,0.0,0.0,0.0,0.0,0.0,0.018549036886293432,0.0758803864999771,0.5948638916015625,0.9133447286490446,0.6114392101207099,0.0,0.0,0.0,0.0,0.0,0.0,0.0,0.0011654797683556817,0.026546197042147224,0.014705162146638407,1.0,1.0,1.0,0.0,1.0,1.0,1.0
0.0,0.0,0.0,0.0,0.0,0.0,0.0,0.0,0.0,0.018549036886293432,0.028758529101982868,0.7701568603515625,0.6185367193700019,0.9194860290863588,0.0,0.0,0.0,0.0,0.0,0.0,0.0,0.0011654797683556817,0.026546197042147224,0.014705162146638407,1.0,1.0,1.0,0.0,1.0,1.0,1.0
0.0,0.0,0.0,0.0,0.0,0.0,0.0,0.0,0.0,0.018549036886293432,0.028758529101982868,0.7701568603515625,0.6185367193700019,0.9194860290863588,0.0,0.0,0.0,0.0,0.0,0.0,0.0,0.0011654797683556817,0.026546197042147224,0.014705162146638407,1.0,1.0,1.0,0.0,1.0,1.0,1.0
0.0,0.0,0.0,0.0,0.0,0.0,0.0,0.0,0.0,0.018549036886293432,0.028758529101982868,0.7701568603515625,0.6185367193700019,0.9194860290863588,0.0,0.0,0.0,0.0,0.0,0.0,0.0,0.0011654797683556817,0.026546197042147224,0.014705162146638407,1.0,1.0,1.0,0.0,1.0,1.0,1.0
0.0,0.0,0.0,0.0,0.0,0.0,0.0,0.0,0.0,0.018549036886293432,0.6274518783105127,0.0810546875,0.3168304743300165,0.4511590288269316,0.0,0.0,0.0,0.0,0.0,0.0,0.0,0.0011654797683556817,0.026546197042147224,0.014705162146638407,1.0,1.0,1.0,0.0,1.0,1.0,1.0
0.0,0.0,0.0,0.0,0.0,0.0,0.0,0.0,0.0,0.018549036886293432,0.6274518783105127,0.0810546875,0.3168304743300165,0.4511590288269316,0.0,0.0,0.0,0.0,0.0,0.0,0.0,0.0011654797683556817,0.026546197042147224,0.014705162146638407,1.0,1.0,1.0,0.0,1.0,1.0,1.0
0.0,0.0,0.0,0.0,0.0,0.0,0.0,0.0,0.0,0.018549036886293432,0.8806002045458015,0.6666259765625,0.36400402905805507,0.9256817592211083,0.0,0.0,0.0,0.0,0.0,0.0,0.0,0.0011654797683556817,0.026546197042147224,0.014705162146638407,1.0,1.0,1.0,0.0,1.0,1.0,1.0
0.9169047820148941,0.9178571428571428,1.0,0.918613924459889,1.0,0.0,0.9349877551551041,0.09557642820437008,0.09657120061110845,0.0,0.0,0.0,0.0,0.0,0.0,0.0,0.0,0.0,0.0,0.0,0.0,0.0011654797683556817,0.026546197042147224,0.014705162146638407,0.0,0.0,0.0,1.0,1.0,1.0,1.0
0.0,0.0,0.0,0.0,0.0,0.0,0.0,0.0,0.0,0.0,0.0,0.0,0.0,0.0,0.9218940524049793,0.5,0.0,0.0,0.0,0.0,0.0,0.0011654797683556817,0.026546197042147224,0.014705162146638407,1.0,1.0,1.0,1.0,0.0,1.0,1.0
0.0,0.0,0.0,0.0,0.0,0.0,0.0,0.0,0.0,0.9337078843143795,0.9171742150173253,0.9525299072265625,0.5426866491667175,0.7427093347983336,0.0,0.0,0.0,0.0,0.0,0.0,0.0,0.0011654797683556817,0.026546197042147224,0.014705162146638407,1.0,1.0,1.0,0.0,1.0,1.0,1.0
0.0,0.0,0.0,0.0,0.0,0.0,0.9349877551551041,0.09618697339179781,0.09430620374310557,0.9337078843143795,0.9171742150173253,0.9525299072265625,0.5426866491667175,0.7427093347983336,0.0,0.0,0.0,0.9208740985503582,0.5494097039292534,1.0,0.9319078272045559,0.8256542600569815,0.6010956821424607,0.14366711958131814,1.0,1.0,0.0,0.0,1.0,0.0,0.0
0.9169047820148941,0.5892857142857143,1.0,0.918613924459889,0.0,0.0,0.0,0.0,0.0,0.0,0.0,0.0,0.0,0.0,0.9218940524049793,0.5,0.0,0.9208740985503582,0.5870321205453903,1.0,0.9319078272045559,0.10932617315407278,0.6276454438877508,0.0910716766236194,0.0,0.0,1.0,1.0,0.0,0.0,0.0
0.9169047820148941,0.18571428571428572,0.0,0.918613924459889,0.0,0.0,0.0,0.0,0.0,0.0,0.0,0.0,0.0,0.0,0.9218940524049793,0.5,0.0,0.0,0.0,0.0,0.0,0.0011654797683556817,0.026546197042147224,0.014705162146638407,0.0,0.0,1.0,1.0,0.0,1.0,1.0
0.9169047820148941,0.8464285714285713,1.0,0.918613924459889,0.0,0.0,0.9349877551551041,0.09567157097430352,0.09658842229325061,0.9337078843143795,0.09000015264612049,0.250244140625,0.15295159025700505,0.2639747287460514,0.0,0.0,0.0,0.0,0.0,0.0,0.0,0.0011654797683556817,0.026546197042147224,0.014705162146638407,0.0,0.0,0.0,0.0,1.0,1.0,1.0
0.0,0.0,0.0,0.0,0.0,0.0,0.0,0.0,0.0,0.0,0.0,0.0,0.0,0.0,0.9218940524049793,0.5,0.0,0.0,0.0,0.0,0.0,0.0011654797683556817,0.026546197042147224,0.014705162146638407,1.0,1.0,1.0,1.0,0.0,1.0,1.0
0.9169047820148941,0.48571428571428565,1.0,0.918613924459889,0.0,0.0,0.0,0.0,0.0,0.0,0.0,0.0,0.0,0.0,0.9218940524049793,1.0,1.0,0.9208740985503582,0.5534396352557338,1.0,0.9319078272045559,0.10668650653307243,0.6276454438877508,0.07210516131779306,0.0,0.0,1.0,1.0,0.0,0.0,0.0
0.9169047820148941,0.6392857142857142,1.0,0.918613924459889,0.0,0.0,0.0,0.0,0.0,0.0,0.0,0.0,0.0,0.0,0.9218940524049793,1.0,1.0,0.0,0.0,0.0,0.0,0.0011654797683556817,0.026546197042147224,0.014705162146638407,0.0,0.0,1.0,1.0,0.0,1.0,1.0
0.9169047820148941,0.3571428571428571,0.0,0.918613924459889,0.0,0.0,0.9349877551551041,0.09569111443983039,0.09661876567206372,0.9337078843143795,0.09000015264612049,0.250244140625,0.15295159025700505,0.2639747287460514,0.0,0.0,0.0,0.0,0.0,0.0,0.0,0.0011654797683556817,0.026546197042147224,0.014705162146638407,0.0,0.0,0.0,0.0,1.0,1.0,1.0
0.0,0.0,0.0,0.0,0.0,0.0,0.0,0.0,0.0,0.0,0.0,0.0,0.0,0.0,0.9218940524049793,1.0,1.0,0.0,0.0,0.0,0.0,0.0011654797683556817,0.026546197042147224,0.014705162146638407,1.0,1.0,1.0,1.0,0.0,1.0,1.0
0.0,0.0,0.0,0.0,0.0,0.0,0.9349877551551041,0.09637263886707584,0.09462675414752046,0.9337078843143795,0.09000015264612049,0.250244140625,0.15295159025700505,0.2639747287460514,0.0,0.0,0.0,0.9208740985503582,0.4884993989412023,1.0,0.9319078272045559,0.8095355702471,0.5933711119024517,0.14366711958131814,1.0,1.0,0.0,0.0,1.0,0.0,0.0
0.9169047820148941,0.8321428571428571,1.0,0.918613924459889,0.0,0.0,0.0,0.0,0.0,0.0,0.0,0.0,0.0,0.0,0.0,0.0,0.0,0.9208740985503582,0.5471419581561019,1.0,0.9319078272045559,0.09576901027492268,0.6276454438877508,0.07210516131779306,0.0,0.0,1.0,1.0,1.0,0.0,0.0
0.9169047820148941,0.3642857142857142,0.0,0.0,0.0,0.0,0.0,0.0,0.0,0.0,0.0,0.0,0.0,0.0,0.0,0.0,0.0,0.0,0.0,0.0,0.0,0.0011654797683556817,0.026546197042147224,0.014705162146638407,0.0,1.0,1.0,1.0,1.0,1.0,1.0
0.9169047820148941,0.15714285714285714,0.0,0.918613924459889,0.0,0.0,0.0,0.0,0.0,0.0,0.0,0.0,0.0,0.0,0.0,0.0,0.0,0.0,0.0,0.0,0.0,0.0011654797683556817,0.026546197042147224,0.014705162146638407,0.0,0.0,1.0,1.0,1.0,1.0,1.0
0.0,0.0,0.0,0.918613924459889,0.0,0.0,0.9349877551551041,0.09570929072744268,0.09665583742231082,0.9337078843143795,0.8378440261940743,0.9354248046875,0.5260820462731213,0.8123273665094844,0.0,0.0,0.0,0.0,0.0,0.0,0.0,0.0011654797683556817,0.026546197042147224,0.014705162146638407,1.0,0.0,0.0,0.0,1.0,1.0,1.0
0.0,0.0,0.0,0.0,0.0,0.0,0.0,0.0,0.0,0.0,0.0,0.0,0.0,0.0,0.9218940524049793,0.5,0.0,0.0,0.0,0.0,0.0,0.0011654797683556817,0.026546197042147224,0.014705162146638407,1.0,1.0,1.0,1.0,0.0,1.0,1.0
0.0,0.0,0.0,0.0,0.0,0.0,0.9349877551551041,0.0964068672991078,0.09469053983527659,0.9337078843143795,0.8378440261940743,0.9354248046875,0.5260820462731213,0.8123273665094844,0.9218940524049793,0.5,0.0,0.9208740985503582,0.45663617430523207,1.0,0.9319078272045559,0.8156780061089565,0.5933711119024517,0.14366711958131814,1.0,1.0,0.0,0.0,0.0,0.0,0.0
0.9169047820148941,0.5392857142857143,1.0,0.918613924459889,0.0,0.0,0.0,0.0,0.0,0.0,0.0,0.0,0.0,0.0,0.9218940524049793,0.5,0.0,0.9208740985503582,0.5106810052287152,1.0,0.9319078272045559,0.10004648170448949,0.6276454438877508,0.07210516131779306,0.0,0.0,1.0,1.0,0.0,0.0,0.0
0.0,0.0,0.0,0.0,0.0,0.0,0.8906966804851136,0.15794158517699947,0.15863489342562612,0.0,0.0,0.0,0.0,0.0,0.0,0.0,0.0,0.0,0.0,0.0,0.0,0.0011654797683556817,0.026546197042147224,0.014705162146638407,1.0,1.0,0.0,1.0,1.0,1.0,1.0
0.8734703114118474,0.9785714285714284,1.0,0.8750984904910275,0.0,0.0,0.8906966804851136,0.1325357494726509,0.1270088349067401,0.0,0.0,0.0,0.0,0.0,0.8782232363030984,0.5,0.0,0.8772515984313186,0.47660401965090093,1.0,0.887762651042951,0.9148441713405066,0.6984147929996699,0.027315144558340946,0.0,0.0,0.0,1.0,0.0,0.0,0.0
0.8734703114118474,0.14285714285714285,0.0,0.8750984904910275,0.0,0.0,0.8906966804851136,0.09002204656194084,0.09408324553196093,0.0,0.0,0.0,0.0,0.0,0.8782232363030984,1.0,1.0,0.8772515984313186,0.20810651570341143,1.0,0.887762651042951,0.6413931598264696,0.2494002775272201,0.6322513632596061,0.0,0.0,0.0,1.0,0.0,0.0,0.0
0.8734703114118474,0.19642857142857142,0.0,0.8750984904910275,1.0,0.0,0.0,0.0,0.0,0.0,0.0,0.0,0.0,0.0,0.0,0.0,0.0,0.0,0.0,0.0,0.0,0.0011654797683556817,0.026546197042147224,0.014705162146638407,0.0,0.0,1.0,1.0,1.0,1.0,1.0
0.8734703114118474,0.9678571428571429,1.0,0.8750984904910275,0.0,0.0,0.0,0.0,0.0,0.0,0.0,0.0,0.0,0.0,0.8782232363030984,0.5,0.0,0.0,0.0,0.0,0.0,0.0011654797683556817,0.026546197042147224,0.014705162146638407,0.0,0.0,1.0,1.0,0.0,1.0,1.0
0.8734703114118474,0.3285714285714285,0.0,0.0,0.0,0.0,0.8906966804851136,0.09281930193230029,0.08966388259268172,0.0,0.0,0.0,0.0,0.0,0.0,0.0,0.0,0.0,0.0,0.0,0.887762651042951,0.5615181156417269,0.5212633814961936,0.8442612679773694,0.0,1.0,0.0,1.0,1.0,1.0,0.0
0.0,0.0,0.0,0.0,0.0,0.0,0.0,0.0,0.0,0.0,0.0,0.0,0.0,0.0,0.0,0.0,0.0,0.8772515984313186,0.29177787065540883,1.0,0.887762651042951,0.3236711404896685,0.41235714705256216,0.3064694449352309,1.0,1.0,1.0,1.0,1.0,0.0,0.0
0.0,0.0,0.0,0.0,0.0,0.0,0.0,0.0,0.0,0.0,0.0,0.0,0.0,0.0,0.8782232363030984,0.5,0.0,0.8772515984313186,0.27246069789832594,1.0,0.0,0.0011654797683556817,0.026546197042147224,0.014705162146638407,1.0,1.0,1.0,1.0,0.0,0.0,1.0
0.0,0.0,0.0,0.8750984904910275,0.0,0.0,0.0,0.0,0.0,0.0,0.0,0.0,0.0,0.0,0.0,0.0,0.0,0.8772515984313186,0.7824414817701353,1.0,0.887762651042951,0.3310620160698793,0.7321462149318391,0.27237410374419513,1.0,0.0,1.0,1.0,1.0,0.0,0.0
0.0,0.0,0.0,0.0,0.0,0.0,0.0,0.0,0.0,0.0,0.0,0.0,0.0,0.0,0.8782232363030984,0.5,0.0,0.0,0.0,0.0,0.887762651042951,0.6896482812433439,0.4299051746385909,0.8376196224894796,1.0,1.0,1.0,1.0,0.0,1.0,0.0
0.0,0.0,0.0,0.0,0.0,0.0,0.0,0.0,0.0,0.0,0.0,0.0,0.0,0.0,0.0,0.0,0.0,0.8772515984313186,0.6798893096975909,1.0,0.887762651042951,0.08038941984305736,0.43417009064812845,0.35638236930827166,1.0,1.0,1.0,1.0,1.0,0.0,0.0
0.8734703114118474,0.48571428571428565,1.0,0.0,0.0,0.0,0.0,0.0,0.0,0.0,0.0,0.0,0.0,0.0,0.0,0.0,0.0,0.8772515984313186,0.2965280665590164,1.0,0.0,0.0011654797683556817,0.026546197042147224,0.014705162146638407,0.0,1.0,1.0,1.0,1.0,0.0,1.0
0.0,0.0,0.0,0.8750984904910275,1.0,0.0,0.8906966804851136,0.13257864635810068,0.1270359219580515,0.0,0.0,0.0,0.0,0.0,0.0,0.0,0.0,0.8772515984313186,0.4701237373565852,1.0,0.0,0.0011654797683556817,0.026546197042147224,0.014705162146638407,1.0,0.0,0.0,1.0,1.0,0.0,1.0
0.0,0.0,0.0,0.0,0.0,0.0,0.8906966804851136,0.15807743106480948,0.15866413723841152,0.0,0.0,0.0,0.0,0.0,0.0,0.0,0.0,0.0,0.0,0.0,0.0,0.0011654797683556817,0.026546197042147224,0.014705162146638407,1.0,1.0,0.0,1.0,1.0,1.0,1.0
0.8734703114118474,0.125,0.0,0.0,0.0,0.0,0.8906966804851136,0.19257832104944714,0.19479084367251906,0.0,0.0,0.0,0.0,0.0,0.8782232363030984,0.5,0.0,0.8772515984313186,0.1711322044339969,1.0,0.887762651042951,0.9082607373658512,0.6984147929996699,0.027315144558340946,0.0,1.0,0.0,1.0,0.0,0.0,0.0
0.8734703114118474,0.8464285714285713,1.0,0.8750984904910275,0.0,0.0,0.8906966804851136,0.09029411265945267,0.0943543388110623,0.0,0.0,0.0,0.0,0.0,0.0,0.0,0.0,0.0,0.0,0.0,0.887762651042951,0.6511279952965009,0.26882586375407713,0.6322513632596061,0.0,0.0,0.0,1.0,1.0,1.0,0.0
0.0,0.0,0.0,0.8750984904910275,0.0,0.0,0.0,0.0,0.0,0.0,0.0,0.0,0.0,0.0,0.0,0.0,0.0,0.0,0.0,0.0,0.0,0.0011654797683556817,0.026546197042147224,0.014705162146638407,1.0,0.0,1.0,1.0,1.0,1.0,1.0
0.8734703114118474,0.18571428571428572,0.0,0.8750984904910275,0.0,0.0,0.8906966804851136,0.0930289851480202,0.08983246374721687,0.0,0.0,0.0,0.0,0.0,0.0,0.0,0.0,0.8772515984313186,0.25773694741415953,1.0,0.887762651042951,0.3232518143381615,0.41235714705256216,0.3064694449352309,0.0,0.0,0.0,1.0,1.0,0.0,0.0
0.8734703114118474,0.9357142857142856,1.0,0.0,0.0,0.0,0.0,0.0,0.0,0.0,0.0,0.0,0.0,0.0,0.0,0.0,0.0,0.8772515984313186,0.7451898701845101,1.0,0.887762651042951,0.5615181156417269,0.5093218266484232,0.8442612679773694,0.0,1.0,1.0,1.0,1.0,0.0,0.0
0.0,0.0,0.0,0.0,0.0,0.0,0.0,0.0,0.0,0.0,0.0,0.0,0.0,0.0,0.8782232363030984,0.5,0.0,0.8772515984313186,0.24139548898282648,1.0,0.0,0.0011654797683556817,0.026546197042147224,0.014705162146638407,1.0,1.0,1.0,1.0,0.0,0.0,1.0
0.0,0.0,0.0,0.0,0.0,0.0,0.8998620322054859,0.03407604290437407,0.03445400155247641,0.0,0.0,0.0,0.0,0.0,0.0,0.0,0.0,0.0,0.0,0.0,0.8968978113273558,0.6041509919643887,0.5403729459042388,0.8593917840214174,1.0,1.0,0.0,1.0,1.0,1.0,0.0
0.0,0.0,0.0,0.0,0.0,0.0,0.0,0.0,0.0,0.0,0.0,0.0,0.0,0.0,0.0,0.0,0.0,0.0,0.0,0.0,0.8968978113273558,0.723334869767455,0.5453634517616508,0.3506929514071905,1.0,1.0,1.0,1.0,1.0,1.0,0.0
0.8824584021915644,0.24642857142857144,0.0,0.0,0.0,0.0,0.0,0.0,0.0,0.0,0.0,0.0,0.0,0.0,0.8872602351221998,0.5,0.0,0.0,0.0,0.0,0.8968978113273558,0.806012779575955,0.5301796328695371,0.12599466428802342,0.0,1.0,1.0,1.0,0.0,1.0,0.0
0.8824584021915644,0.8464285714285713,1.0,0.8841033353849691,0.0,0.0,0.0,0.0,0.0,0.0,0.0,0.0,0.0,0.0,0.0,0.0,0.0,0.0,0.0,0.0,0.0,0.0011654797683556817,0.026546197042147224,0.014705162146638407,0.0,0.0,1.0,1.0,1.0,1.0,1.0
0.0,0.0,0.0,0.8841033353849691,0.0,0.0,0.8998620322054859,0.02235340479870589,0.021887357045233233,0.0,0.0,0.0,0.0,0.0,0.8872602351221998,1.0,1.0,0.0,0.0,0.0,0.0,0.0011654797683556817,0.026546197042147224,0.014705162146638407,1.0,0.0,0.0,1.0,0.0,1.0,1.0
0.0,0.0,0.0,0.0,0.0,0.0,0.8998620322054859,0.03409924066874669,0.03445680143492409,0.0,0.0,0.0,0.0,0.0,0.0,0.0,0.0,0.0,0.0,0.0,0.8968978113273558,0.7240779347538778,0.5453634517616508,0.3506929514071905,1.0,1.0,0.0,1.0,1.0,1.0,0.0
0.0,0.0,0.0,0.0,0.0,0.0,0.0,0.0,0.0,0.0,0.0,0.0,0.0,0.0,0.0,0.0,0.0,0.0,0.0,0.0,0.8968978113273558,0.5969158188832807,0.5403729459042388,0.8901418559772695,1.0,1.0,1.0,1.0,1.0,1.0,0.0
0.8824584021915644,0.3892857142857143,0.0,0.8841033353849691,0.0,0.0,0.0,0.0,0.0,0.0,0.0,0.0,0.0,0.0,0.8872602351221998,1.0,1.0,0.0,0.0,0.0,0.8968978113273558,0.8113768697355653,0.5301796328695371,0.12599466428802342,0.0,0.0,1.0,1.0,0.0,1.0,0.0
0.8824584021915644,0.7714285714285715,1.0,0.8841033353849691,0.0,0.0,0.8998620322054859,0.022358027806705413,0.02189582109073315,0.0,0.0,0.0,0.0,0.0,0.0,0.0,0.0,0.0,0.0,0.0,0.0,0.0011654797683556817,0.026546197042147224,0.014705162146638407,0.0,0.0,0.0,1.0,1.0,1.0,1.0
0.0,0.0,0.0,0.0,0.0,0.0,0.8998620322054859,0.03437080331585073,0.03447620210753155,0.0,0.0,0.0,0.0,0.0,0.0,0.0,0.0,0.0,0.0,0.0,0.8968978113273558,0.7090902697545297,0.5453634517616508,0.3506929514071905,1.0,1.0,0.0,1.0,1.0,1.0,0.0
0.0,0.0,0.0,0.0,0.0,0.0,0.0,0.0,0.0,0.0,0.0,0.0,0.0,0.0,0.8872602351221998,0.5,0.0,0.0,0.0,0.0,0.8968978113273558,0.5888661174527984,0.5403729459042388,0.8901418559772695,1.0,1.0,1.0,1.0,0.0,1.0,0.0
0.8824584021915644,0.41428571428571426,0.0,0.8841033353849691,0.0,0.0,0.0,0.0,0.0,0.0,0.0,0.0,0.0,0.0,0.0,0.0,0.0,0.0,0.0,0.0,0.8968978113273558,0.8100397291611864,0.5301796328695371,0.12599466428802342,0.0,0.0,1.0,1.0,1.0,1.0,0.0
0.8824584021915644,0.825,1.0,0.8841033353849691,0.0,0.0,0.8998620322054859,0.022358472225377127,0.02200459005379721,0.0,0.0,0.0,0.0,0.0,0.8872602351221998,0.5,0.0,0.0,0.0,0.0,0.0,0.0011654797683556817,0.026546197042147224,0.014705162146638407,0.0,0.0,0.0,1.0,0.0,1.0,1.0
0.0,0.0,0.0,0.0,0.0,0.0,0.8998620322054859,0.03442375243928323,0.03455341577230277,0.0,0.0,0.0,0.0,0.0,0.0,0.0,0.0,0.0,0.0,0.0,0.8968978113273558,0.7237074915060621,0.5453634517616508,0.33748944199238506,1.0,1.0,0.0,1.0,1.0,1.0,0.0
0.0,0.0,0.0,0.0,0.0,0.0,0.0,0.0,0.0,0.0,0.0,0.0,0.0,0.0,0.0,0.0,0.0,0.0,0.0,0.0,0.8968978113273558,0.595715607043881,0.5403729459042388,0.8901418559772695,1.0,1.0,1.0,1.0,1.0,1.0,0.0
0.8824584021915644,0.6178571428571429,1.0,0.8841033353849691,0.0,0.0,0.0,0.0,0.0,0.0,0.0,0.0,0.0,0.0,0.8872602351221998,0.5,0.0,0.0,0.0,0.0,0.8968978113273558,0.8004326244998302,0.5301796328695371,0.09353023161195718,0.0,0.0,1.0,1.0,0.0,1.0,0.0
0.8824584021915644,0.48571428571428565,1.0,0.8841033353849691,0.0,0.0,0.8998620322054859,0.02244215099219251,0.022285098189627626,0.0,0.0,0.0,0.0,0.0,0.8872602351221998,1.0,1.0,0.0,0.0,0.0,0.0,0.0011654797683556817,0.026546197042147224,0.014705162146638407,0.0,0.0,0.0,1.0,0.0,1.0,1.0
0.0,0.0,0.0,0.0,0.0,0.0,0.8998620322054859,0.03455213476428105,0.03457579771153252,0.0,0.0,0.0,0.0,0.0,0.0,0.0,0.0,0.0,0.0,0.0,0.8968978113273558,0.595715607043881,0.5403729459042388,0.8700399650274924,1.0,1.0,0.0,1.0,1.0,1.0,0.0
0.0,0.0,0.0,0.0,0.0,0.0,0.0,0.0,0.0,0.0,0.0,0.0,0.0,0.0,0.0,0.0,0.0,0.0,0.0,0.0,0.8968978113273558,0.7237074915060621,0.5453634517616508,0.33748944199238506,1.0,1.0,1.0,1.0,1.0,1.0,0.0
0.0,0.0,0.0,0.8841033353849691,0.0,0.0,0.0,0.0,0.0,0.0,0.0,0.0,0.0,0.0,0.8872602351221998,1.0,1.0,0.0,0.0,0.0,0.8968978113273558,0.7966956417247518,0.5301796328695371,0.09353023161195718,1.0,0.0,1.0,1.0,0.0,1.0,0.0
0.0,0.0,0.0,0.9896707723330931,0.0,0.0,0.0,0.0,0.0,0.0,0.0,0.0,0.0,0.0,0.0,0.0,0.0,0.0,0.0,0.0,0.0,0.0011654797683556817,0.026546197042147224,0.014705162146638407,1.0,0.0,1.0,1.0,1.0,1.0,1.0
0.0,0.0,0.0,0.9896707723330931,0.0,0.0,0.0,0.0,0.0,0.0,0.0,0.0,0.0,0.0,0.0,0.0,0.0,0.0,0.0,0.0,0.0,0.0011654797683556817,0.026546197042147224,0.014705162146638407,1.0,0.0,1.0,1.0,1.0,1.0,1.0
0.0,0.0,0.0,0.9896707723330931,0.0,0.0,0.0,0.0,0.0,0.0,0.0,0.0,0.0,0.0,0.0,0.0,0.0,0.0,0.0,0.0,0.0,0.0011654797683556817,0.026546197042147224,0.014705162146638407,1.0,0.0,1.0,1.0,1.0,1.0,1.0
0.0,0.0,0.0,0.9896707723330931,0.0,0.0,0.0,0.0,0.0,0.0,0.0,0.0,0.0,0.0,0.0,0.0,0.0,0.0,0.0,0.0,0.0,0.0011654797683556817,0.026546197042147224,0.014705162146638407,1.0,0.0,1.0,1.0,1.0,1.0,1.0
0.0,0.0,0.0,0.9896707723330931,0.0,0.0,0.0,0.0,0.0,0.0,0.0,0.0,0.0,0.0,0.0,0.0,0.0,0.0,0.0,0.0,0.0,0.0011654797683556817,0.026546197042147224,0.014705162146638407,1.0,0.0,1.0,1.0,1.0,1.0,1.0
0.0,0.0,0.0,0.9896707723330931,0.0,0.0,0.0,0.0,0.0,0.0,0.0,0.0,0.0,0.0,0.0,0.0,0.0,0.0,0.0,0.0,0.0,0.0011654797683556817,0.026546197042147224,0.014705162146638407,1.0,0.0,1.0,1.0,1.0,1.0,1.0
0.0,0.0,0.0,0.9896707723330931,0.0,0.0,0.0,0.0,0.0,0.0,0.0,0.0,0.0,0.0,0.0,0.0,0.0,0.0,0.0,0.0,0.0,0.0011654797683556817,0.026546197042147224,0.014705162146638407,1.0,0.0,1.0,1.0,1.0,1.0,1.0
0.0,0.0,0.0,0.9896947213886621,0.0,0.0,0.0,0.0,0.0,0.0,0.0,0.0,0.0,0.0,0.0,0.0,0.0,0.0,0.0,0.0,0.0,0.0011654797683556817,0.026546197042147224,0.014705162146638407,1.0,0.0,1.0,1.0,1.0,1.0,1.0
0.0,0.0,0.0,0.9896947213886621,0.0,0.0,0.0,0.0,0.0,0.0,0.0,0.0,0.0,0.0,0.0,0.0,0.0,0.0,0.0,0.0,0.0,0.0011654797683556817,0.026546197042147224,0.014705162146638407,1.0,0.0,1.0,1.0,1.0,1.0,1.0
0.0,0.0,0.0,0.9896947213886621,1.0,0.0,0.0,0.0,0.0,0.0,0.0,0.0,0.0,0.0,0.0,0.0,0.0,0.0,0.0,0.0,0.0,0.0011654797683556817,0.026546197042147224,0.014705162146638407,1.0,0.0,1.0,1.0,1.0,1.0,1.0
0.0,0.0,0.0,0.9896947213886621,0.0,0.0,0.0,0.0,0.0,0.0,0.0,0.0,0.0,0.0,0.0,0.0,0.0,0.0,0.0,0.0,0.0,0.0011654797683556817,0.026546197042147224,0.014705162146638407,1.0,0.0,1.0,1.0,1.0,1.0,1.0
0.0,0.0,0.0,0.9896947213886621,0.0,0.0,0.0,0.0,0.0,0.0,0.0,0.0,0.0,0.0,0.0,0.0,0.0,0.0,0.0,0.0,0.0,0.0011654797683556817,0.026546197042147224,0.014705162146638407,1.0,0.0,1.0,1.0,1.0,1.0,1.0
0.0,0.0,0.0,0.9896947213886621,0.0,0.0,0.0,0.0,0.0,0.0,0.0,0.0,0.0,0.0,0.0,0.0,0.0,0.0,0.0,0.0,0.0,0.0011654797683556817,0.026546197042147224,0.014705162146638407,1.0,0.0,1.0,1.0,1.0,1.0,1.0
0.0,0.0,0.0,0.9896947213886621,1.0,0.0,0.0,0.0,0.0,0.0,0.0,0.0,0.0,0.0,0.0,0.0,0.0,0.0,0.0,0.0,0.0,0.0011654797683556817,0.026546197042147224,0.014705162146638407,1.0,0.0,1.0,1.0,1.0,1.0,1.0
0.0,0.0,0.0,0.9896947213886621,0.0,0.0,0.0,0.0,0.0,0.0,0.0,0.0,0.0,0.0,0.0,0.0,0.0,0.0,0.0,0.0,0.0,0.0011654797683556817,0.026546197042147224,0.014705162146638407,1.0,0.0,1.0,1.0,1.0,1.0,1.0
0.0,0.0,0.0,0.9896947213886621,0.0,0.0,0.0,0.0,0.0,0.0,0.0,0.0,0.0,0.0,0.0,0.0,0.0,0.0,0.0,0.0,0.0,0.0011654797683556817,0.026546197042147224,0.014705162146638407,1.0,0.0,1.0,1.0,1.0,1.0,1.0
0.0,0.0,0.0,0.9896947213886621,0.0,0.0,0.0,0.0,0.0,0.0,0.0,0.0,0.0,0.0,0.0,0.0,0.0,0.0,0.0,0.0,0.0,0.0011654797683556817,0.026546197042147224,0.014705162146638407,1.0,0.0,1.0,1.0,1.0,1.0,1.0
0.0,0.0,0.0,0.9896947213886621,0.0,0.0,0.0,0.0,0.0,0.0,0.0,0.0,0.0,0.0,0.0,0.0,0.0,0.0,0.0,0.0,0.0,0.0011654797683556817,0.026546197042147224,0.014705162146638407,1.0,0.0,1.0,1.0,1.0,1.0,1.0
0.0,0.0,0.0,0.9896947213886621,0.0,0.0,0.0,0.0,0.0,0.0,0.0,0.0,0.0,0.0,0.0,0.0,0.0,0.0,0.0,0.0,0.0,0.0011654797683556817,0.026546197042147224,0.014705162146638407,1.0,0.0,1.0,1.0,1.0,1.0,1.0
0.0,0.0,0.0,0.9896947213886621,0.0,0.0,0.0,0.0,0.0,0.0,0.0,0.0,0.0,0.0,0.0,0.0,0.0,0.0,0.0,0.0,0.0,0.0011654797683556817,0.026546197042147224,0.014705162146638407,1.0,0.0,1.0,1.0,1.0,1.0,1.0
0.9375343627140847,0.8857142857142857,1.0,0.0,0.0,0.0,0.0,0.0,0.0,0.0,0.0,0.0,0.0,0.0,0.0,0.0,0.0,0.0,0.0,0.0,0.9528749637083892,0.7535261944193604,0.49481480235213854,0.3723908358136997,0.0,1.0,1.0,1.0,1.0,1.0,0.0
0.9375343627140847,0.6178571428571429,1.0,0.0,0.0,0.0,0.0,0.0,0.0,0.0,0.0,0.0,0.0,0.0,0.0,0.0,0.0,0.0,0.0,0.0,0.9528749637083892,0.3066782845443763,0.6767497907873147,0.764575676811551,0.0,1.0,1.0,1.0,1.0,1.0,0.0
0.9375343627140847,0.10357142857142856,0.0,0.0,0.0,0.0,0.0,0.0,0.0,0.0,0.0,0.0,0.0,0.0,0.9426358874605232,1.0,1.0,0.941592985508383,0.09094020064232877,0.5,0.0,0.0011654797683556817,0.026546197042147224,0.014705162146638407,0.0,1.0,1.0,1.0,0.0,0.0,1.0
0.9375343627140847,0.14285714285714285,0.0,0.0,0.0,0.0,0.0,0.0,0.0,0.0,0.0,0.0,0.0,0.0,0.0,0.0,0.0,0.0,0.0,0.0,0.0,0.0011654797683556817,0.026546197042147224,0.014705162146638407,0.0,1.0,1.0,1.0,1.0,1.0,1.0
0.9375343627140847,0.8357142857142856,1.0,0.0,0.0,0.0,0.0,0.0,0.0,0.0,0.0,0.0,0.0,0.0,0.0,0.0,0.0,0.0,0.0,0.0,0.0,0.0011654797683556817,0.026546197042147224,0.014705162146638407,0.0,1.0,1.0,1.0,1.0,1.0,1.0
0.9375343627140847,0.5178571428571428,1.0,0.9392819594159305,1.0,0.0,0.0,0.0,0.0,0.0,0.0,0.0,0.0,0.0,0.0,0.0,0.0,0.0,0.0,0.0,0.0,0.0011654797683556817,0.026546197042147224,0.014705162146638407,0.0,0.0,1.0,1.0,1.0,1.0,1.0
0.0,0.0,0.0,0.9392819594159305,0.0,0.0,0.9560241874281926,0.04291886258903152,0.04428886502001406,0.0,0.0,0.0,0.0,0.0,0.0,0.0,0.0,0.0,0.0,0.0,0.9528749637083892,0.7646655700466886,0.49481480235213854,0.3723908358136997,1.0,0.0,0.0,1.0,1.0,1.0,0.0
0.0,0.0,0.0,0.0,0.0,0.0,0.0,0.0,0.0,0.9547155205779899,0.5971821526155913,0.6176300048828125,0.6518069714913619,0.7537120969341818,0.0,0.0,0.0,0.0,0.0,0.0,0.9528749637083892,0.3030407332110111,0.6767497907873147,0.7173964078387495,1.0,1.0,1.0,0.0,1.0,1.0,0.0
0.0,0.0,0.0,0.9392819594159305,0.0,0.0,0.0,0.0,0.0,0.0,0.0,0.0,0.0,0.0,0.0,0.0,0.0,0.0,0.0,0.0,0.9528749637083892,0.1334387290352057,0.4282866610329155,0.6891462403027871,1.0,0.0,1.0,1.0,1.0,1.0,0.0
0.9375343627140847,0.3964285714285714,0.0,0.9392819594159305,0.0,0.0,0.9560241874281926,0.04467839213028911,0.04319956495937721,0.9547155205779899,0.36557219398268986,0.8740386962890625,0.450567730907759,0.6954020357399014,0.9426358874605232,0.5,0.0,0.941592985508383,0.18293782210865617,1.0,0.0,0.0011654797683556817,0.026546197042147224,0.014705162146638407,0.0,0.0,0.0,0.0,0.0,0.0,1.0
0.9375343627140847,0.35000000000000003,0.0,0.0,0.0,0.0,0.0,0.0,0.0,0.0,0.0,0.0,0.0,0.0,0.0,0.0,0.0,0.0,0.0,0.0,0.0,0.0011654797683556817,0.026546197042147224,0.014705162146638407,0.0,1.0,1.0,1.0,1.0,1.0,1.0
0.9375343627140847,0.8142857142857143,1.0,0.0,0.0,0.0,0.0,0.0,0.0,0.0,0.0,0.0,0.0,0.0,0.0,0.0,0.0,0.0,0.0,0.0,0.0,0.0011654797683556817,0.026546197042147224,0.014705162146638407,0.0,1.0,1.0,1.0,1.0,1.0,1.0
0.9375343627140847,0.6392857142857142,1.0,0.9392819594159305,0.0,0.0,0.9560241874281926,0.04475572083381383,0.04333049000120323,0.9547155205779899,0.36557219398268986,0.8740386962890625,0.450567730907759,0.6954020357399014,0.0,0.0,0.0,0.0,0.0,0.0,0.0,0.0011654797683556817,0.026546197042147224,0.014705162146638407,0.0,0.0,0.0,0.0,1.0,1.0,1.0
0.9375343627140847,0.4892857142857142,1.0,0.0,0.0,0.0,0.0,0.0,0.0,0.0,0.0,0.0,0.0,0.0,0.0,0.0,0.0,0.0,0.0,0.0,0.9528749637083892,0.766240032157374,0.49481480235213854,0.4113663146462285,0.0,1.0,1.0,1.0,1.0,1.0,0.0
0.0,0.0,0.0,0.0,0.0,0.0,0.0,0.0,0.0,0.9547155205779899,0.36557219398268986,0.8740386962890625,0.450567730907759,0.6954020357399014,0.0,0.0,0.0,0.0,0.0,0.0,0.9528749637083892,0.11863121980680102,0.4174098594041853,0.6891462403027871,1.0,1.0,1.0,0.0,1.0,1.0,0.0
0.9375343627140847,0.21428571428571427,0.0,0.0,0.0,0.0,0.0,0.0,0.0,0.0,0.0,0.0,0.0,0.0,0.0,0.0,0.0,0.0,0.0,0.0,0.9528749637083892,0.30234484773563064,0.6767497907873147,0.7173964078387495,0.0,1.0,1.0,1.0,1.0,1.0,0.0
0.9375343627140847,0.49642857142857144,1.0,0.9392819594159305,0.0,0.0,0.0,0.0,0.0,0.0,0.0,0.0,0.0,0.0,0.0,0.0,0.0,0.0,0.0,0.0,0.0,0.0011654797683556817,0.026546197042147224,0.014705162146638407,0.0,0.0,1.0,1.0,1.0,1.0,1.0
0.0,0.0,0.0,0.9392819594159305,0.0,0.0,0.0,0.0,0.0,0.0,0.0,0.0,0.0,0.0,0.0,0.0,0.0,0.0,0.0,0.0,0.0,0.0011654797683556817,0.026546197042147224,0.014705162146638407,1.0,0.0,1.0,1.0,1.0,1.0,1.0
0.9375343627140847,0.5892857142857143,1.0,0.9392819594159305,0.0,0.0,0.9560241874281926,0.04311676612992437,0.04448076147506684,0.0,0.0,0.0,0.0,0.0,0.0,0.0,0.0,0.0,0.0,0.0,0.0,0.0011654797683556817,0.026546197042147224,0.014705162146638407,0.0,0.0,0.0,1.0,1.0,1.0,1.0
0.9375343627140847,0.7642857142857142,1.0,0.9392819594159305,0.0,0.0,0.9560241874281926,0.04329927576023397,0.044519933864993505,0.9547155205779899,0.31788554593884993,0.40899658203125,0.9176637567914047,0.5468571166964246,0.9426358874605232,1.0,1.0,0.941592985508383,0.5541597434157159,1.0,0.0,0.0011654797683556817,0.026546197042147224,0.014705162146638407,0.0,0.0,0.0,0.0,0.0,0.0,1.0
0.0,0.0,0.0,0.0,0.0,0.0,0.0,0.0,0.0,0.0,0.0,0.0,0.0,0.0,0.9005032839235957,0.5,0.0,0.0,0.0,0.0,0.0,0.0011654797683556817,0.026546197042147224,0.014705162146638407,1.0,1.0,1.0,1.0,0.0,1.0,1.0
0.0,0.0,0.0,0.0,0.0,0.0,0.0,0.0,0.0,0.0,0.0,0.0,0.0,0.0,0.9005032839235957,0.5,0.0,0.0,0.0,0.0,0.0,0.0011654797683556817,0.026546197042147224,0.014705162146638407,1.0,1.0,1.0,1.0,0.0,1.0,1.0
0.0,0.0,0.0,0.0,0.0,0.0,0.0,0.0,0.0,0.0,0.0,0.0,0.0,0.0,0.9005032839235957,1.0,1.0,0.0,0.0,0.0,0.0,0.0011654797683556817,0.026546197042147224,0.014705162146638407,1.0,1.0,1.0,1.0,0.0,1.0,1.0
0.0,0.0,0.0,0.0,0.0,0.0,0.0,0.0,0.0,0.0,0.0,0.0,0.0,0.0,0.9005032839235957,1.0,1.0,0.0,0.0,0.0,0.0,0.0011654797683556817,0.026546197042147224,0.014705162146638407,1.0,1.0,1.0,1.0,0.0,1.0,1.0
0.0,0.0,0.0,0.0,0.0,0.0,0.0,0.0,0.0,0.0,0.0,0.0,0.0,0.0,0.9005032839235957,0.5,0.0,0.0,0.0,0.0,0.0,0.0011654797683556817,0.026546197042147224,0.014705162146638407,1.0,1.0,1.0,1.0,0.0,1.0,1.0
0.0,0.0,0.0,0.0,0.0,0.0,0.0,0.0,0.0,0.0,0.0,0.0,0.0,0.0,0.9005032839235957,1.0,1.0,0.0,0.0,0.0,0.0,0.0011654797683556817,0.026546197042147224,0.014705162146638407,1.0,1.0,1.0,1.0,0.0,1.0,1.0
0.0,0.0,0.0,0.0,0.0,0.0,0.0,0.0,0.0,0.0,0.0,0.0,0.0,0.0,0.9005032839235957,0.5,0.0,0.0,0.0,0.0,0.0,0.0011654797683556817,0.026546197042147224,0.014705162146638407,1.0,1.0,1.0,1.0,0.0,1.0,1.0
0.0,0.0,0.0,0.0,0.0,0.0,0.0,0.0,0.0,0.0,0.0,0.0,0.0,0.0,0.9005032839235957,0.5,0.0,0.0,0.0,0.0,0.0,0.0011654797683556817,0.026546197042147224,0.014705162146638407,1.0,1.0,1.0,1.0,0.0,1.0,1.0
0.0,0.0,0.0,0.0,0.0,0.0,0.0,0.0,0.0,0.0,0.0,0.0,0.0,0.0,0.9005273184949231,0.5,0.0,0.0,0.0,0.0,0.0,0.0011654797683556817,0.026546197042147224,0.014705162146638407,1.0,1.0,1.0,1.0,0.0,1.0,1.0
0.0,0.0,0.0,0.0,0.0,0.0,0.0,0.0,0.0,0.0,0.0,0.0,0.0,0.0,0.9005273184949231,0.5,0.0,0.0,0.0,0.0,0.0,0.0011654797683556817,0.026546197042147224,0.014705162146638407,1.0,1.0,1.0,1.0,0.0,1.0,1.0
0.0,0.0,0.0,0.0,0.0,0.0,0.0,0.0,0.0,0.0,0.0,0.0,0.0,0.0,0.9005273184949231,0.5,0.0,0.0,0.0,0.0,0.0,0.0011654797683556817,0.026546197042147224,0.014705162146638407,1.0,1.0,1.0,1.0,0.0,1.0,1.0
0.0,0.0,0.0,0.0,0.0,0.0,0.0,0.0,0.0,0.0,0.0,0.0,0.0,0.0,0.9005273184949231,1.0,1.0,0.0,0.0,0.0,0.0,0.0011654797683556817,0.026546197042147224,0.014705162146638407,1.0,1.0,1.0,1.0,0.0,1.0,1.0
0.0,0.0,0.0,0.0,0.0,0.0,0.0,0.0,0.0,0.0,0.0,0.0,0.0,0.0,0.9005273184949231,1.0,1.0,0.0,0.0,0.0,0.0,0.0011654797683556817,0.026546197042147224,0.014705162146638407,1.0,1.0,1.0,1.0,0.0,1.0,1.0
0.0,0.0,0.0,0.0,0.0,0.0,0.0,0.0,0.0,0.0,0.0,0.0,0.0,0.0,0.9005273184949231,0.5,0.0,0.0,0.0,0.0,0.0,0.0011654797683556817,0.026546197042147224,0.014705162146638407,1.0,1.0,1.0,1.0,0.0,1.0,1.0
0.0,0.0,0.0,0.0,0.0,0.0,0.0,0.0,0.0,0.0,0.0,0.0,0.0,0.0,0.9005273184949231,1.0,1.0,0.0,0.0,0.0,0.0,0.0011654797683556817,0.026546197042147224,0.014705162146638407,1.0,1.0,1.0,1.0,0.0,1.0,1.0
0.0,0.0,0.0,0.0,0.0,0.0,0.0,0.0,0.0,0.0,0.0,0.0,0.0,0.0,0.9005273184949231,0.5,0.0,0.0,0.0,0.0,0.0,0.0011654797683556817,0.026546197042147224,0.014705162146638407,1.0,1.0,1.0,1.0,0.0,1.0,1.0
0.0,0.0,0.0,0.0,0.0,0.0,0.0,0.0,0.0,0.0,0.0,0.0,0.0,0.0,0.9005273184949231,1.0,1.0,0.0,0.0,0.0,0.0,0.0011654797683556817,0.026546197042147224,0.014705162146638407,1.0,1.0,1.0,1.0,0.0,1.0,1.0
0.0,0.0,0.0,0.0,0.0,0.0,0.0,0.0,0.0,0.0,0.0,0.0,0.0,0.0,0.9005273184949231,0.5,0.0,0.0,0.0,0.0,0.0,0.0011654797683556817,0.026546197042147224,0.014705162146638407,1.0,1.0,1.0,1.0,0.0,1.0,1.0
0.0,0.0,0.0,0.0,0.0,0.0,0.0,0.0,0.0,0.0,0.0,0.0,0.0,0.0,0.9005273184949231,0.5,0.0,0.0,0.0,0.0,0.0,0.0011654797683556817,0.026546197042147224,0.014705162146638407,1.0,1.0,1.0,1.0,0.0,1.0,1.0
0.0,0.0,0.0,0.0,0.0,0.0,0.0,0.0,0.0,0.0,0.0,0.0,0.0,0.0,0.9005273184949231,1.0,1.0,0.0,0.0,0.0,0.0,0.0011654797683556817,0.026546197042147224,0.014705162146638407,1.0,1.0,1.0,1.0,0.0,1.0,1.0
0.0,0.0,0.0,0.0,0.0,0.0,0.0,0.0,0.0,0.0,0.0,0.0,0.0,0.0,0.018290308780149367,1.0,1.0,0.0,0.0,0.0,0.0,0.0011654797683556817,0.026546197042147224,0.014705162146638407,1.0,1.0,1.0,1.0,0.0,1.0,1.0
0.0,0.0,0.0,0.0,0.0,0.0,0.0,0.0,0.0,0.0,0.0,0.0,0.0,0.0,0.018290308780149367,1.0,1.0,0.0,0.0,0.0,0.0,0.0011654797683556817,0.026546197042147224,0.014705162146638407,1.0,1.0,1.0,1.0,0.0,1.0,1.0
0.0,0.0,0.0,0.018225231288004157,0.0,0.0,0.0,0.0,0.0,0.0,0.0,0.0,0.0,0.0,0.018290308780149367,0.5,0.0,0.0,0.0,0.0,0.0,0.0011654797683556817,0.026546197042147224,0.014705162146638407,1.0,0.0,1.0,1.0,0.0,1.0,1.0
0.0,0.0,0.0,0.0,0.0,0.0,0.0,0.0,0.0,0.0,0.0,0.0,0.0,0.0,0.018290308780149367,1.0,1.0,0.0,0.0,0.0,0.0,0.0011654797683556817,0.026546197042147224,0.014705162146638407,1.0,1.0,1.0,1.0,0.0,1.0,1.0
0.0,0.0,0.0,0.0,0.0,0.0,0.0,0.0,0.0,0.0,0.0,0.0,0.0,0.0,0.018290308780149367,0.5,0.0,0.0,0.0,0.0,0.0,0.0011654797683556817,0.026546197042147224,0.014705162146638407,1.0,1.0,1.0,1.0,0.0,1.0,1.0
0.0,0.0,0.0,0.0,0.0,0.0,0.0,0.0,0.0,0.0,0.0,0.0,0.0,0.0,0.018290308780149367,0.5,0.0,0.0,0.0,0.0,0.0,0.0011654797683556817,0.026546197042147224,0.014705162146638407,1.0,1.0,1.0,1.0,0.0,1.0,1.0
0.0,0.0,0.0,0.0,0.0,0.0,0.0,0.0,0.0,0.018524694318201182,0.2791897543923921,0.6739349365234375,0.41314632806299983,0.5606525355186254,0.018290308780149367,1.0,1.0,0.0,0.0,0.0,0.0,0.0011654797683556817,0.026546197042147224,0.014705162146638407,1.0,1.0,1.0,0.0,0.0,1.0,1.0
0.0,0.0,0.0,0.0,0.0,0.0,0.0,0.0,0.0,0.018524694318201182,0.3956892735571125,0.680877685546875,0.1048776020999939,0.12106090433243298,0.0,0.0,0.0,0.0,0.0,0.0,0.0,0.0011654797683556817,0.026546197042147224,0.014705162146638407,1.0,1.0,1.0,0.0,1.0,1.0,1.0
0.0,0.0,0.0,0.0,0.0,0.0,0.0,0.0,0.0,0.018524694318201182,0.07844484132435774,0.815338134765625,0.26788657591111653,0.7185368310213799,0.0,0.0,0.0,0.0,0.0,0.0,0.0,0.0011654797683556817,0.026546197042147224,0.014705162146638407,1.0,1.0,1.0,0.0,1.0,1.0,1.0
0.0,0.0,0.0,0.0,0.0,0.0,0.0,0.0,0.0,0.018524694318201182,0.07844484132435774,0.815338134765625,0.26788657591111653,0.7185368310213799,0.0,0.0,0.0,0.0,0.0,0.0,0.0,0.0011654797683556817,0.026546197042147224,0.014705162146638407,1.0,1.0,1.0,0.0,1.0,1.0,1.0
0.0,0.0,0.0,0.0,0.0,0.0,0.0,0.0,0.0,0.018524694318201182,0.04322938132527361,0.9205322265625,0.5231670838166168,0.25606983167757785,0.0,0.0,0.0,0.0,0.0,0.0,0.0,0.0011654797683556817,0.026546197042147224,0.014705162146638407,1.0,1.0,1.0,0.0,1.0,1.0,1.0
0.0,0.0,0.0,0.0,0.0,0.0,0.0,0.0,0.0,0.018524694318201182,0.04322938132527361,0.9205322265625,0.5231670838166168,0.25606983167757785,0.0,0.0,0.0,0.0,0.0,0.0,0.0,0.0011654797683556817,0.026546197042147224,0.014705162146638407,1.0,1.0,1.0,0.0,1.0,1.0,1.0
0.0,0.0,0.0,0.0,0.0,0.0,0.0,0.0,0.0,0.018524694318201182,0.04322938132527361,0.9205322265625,0.5231670838166168,0.25606983167757785,0.0,0.0,0.0,0.0,0.0,0.0,0.0,0.0011654797683556817,0.026546197042147224,0.014705162146638407,1.0,1.0,1.0,0.0,1.0,1.0,1.0
0.0,0.0,0.0,0.0,0.0,0.0,0.0,0.0,0.0,0.018524694318201182,0.04322938132527361,0.9205322265625,0.5231670838166168,0.25606983167757785,0.0,0.0,0.0,0.0,0.0,0.0,0.0,0.0011654797683556817,0.026546197042147224,0.014705162146638407,1.0,1.0,1.0,0.0,1.0,1.0,1.0
0.0,0.0,0.0,0.0,0.0,0.0,0.0,0.0,0.0,0.018524694318201182,0.7710155546396789,0.43743896484375,0.25210609852878335,0.24381571517953887,0.0,0.0,0.0,0.0,0.0,0.0,0.0,0.0011654797683556817,0.026546197042147224,0.014705162146638407,1.0,1.0,1.0,0.0,1.0,1.0,1.0
0.0,0.0,0.0,0.0,0.0,0.0,0.0,0.0,0.0,0.018524694318201182,0.7710155546396789,0.43743896484375,0.25210609852878335,0.24381571517953887,0.0,0.0,0.0,0.0,0.0,0.0,0.0,0.0011654797683556817,0.026546197042147224,0.014705162146638407,1.0,1.0,1.0,0.0,1.0,1.0,1.0
0.0,0.0,0.0,0.0,0.0,0.0,0.0,0.0,0.0,0.018524694318201182,0.7710155546396789,0.43743896484375,0.25210609852878335,0.24381571517953887,0.0,0.0,0.0,0.0,0.0,0.0,0.0,0.0011654797683556817,0.026546197042147224,0.014705162146638407,1.0,1.0,1.0,0.0,1.0,1.0,1.0
0.0,0.0,0.0,0.0,0.0,0.0,0.0,0.0,0.0,0.018524694318201182,0.7710155546396789,0.43743896484375,0.25210609852878335,0.24381571517953887,0.0,0.0,0.0,0.0,0.0,0.0,0.0,0.0011654797683556817,0.026546197042147224,0.014705162146638407,1.0,1.0,1.0,0.0,1.0,1.0,1.0
0.0,0.0,0.0,0.0,0.0,0.0,0.0,0.0,0.0,0.018524694318201182,0.844239898642976,0.562103271484375,0.5074323911849093,0.3043232767171787,0.0,0.0,0.0,0.0,0.0,0.0,0.0,0.0011654797683556817,0.026546197042147224,0.014705162146638407,1.0,1.0,1.0,0.0,1.0,1.0,1.0
0.0,0.0,0.0,0.0,0.0,0.0,0.0,0.0,0.0,0.018524694318201182,0.844239898642976,0.562103271484375,0.5074323911849093,0.3043232767171787,0.0,0.0,0.0,0.0,0.0,0.0,0.0,0.0011654797683556817,0.026546197042147224,0.014705162146638407,1.0,1.0,1.0,0.0,1.0,1.0,1.0
0.0,0.0,0.0,0.0,0.0,0.0,0.9900773692190439,0.0327689023185073,0.03202835047247096,0.0,0.0,0.0,0.0,0.0,0.0,0.0,0.0,0.0,0.0,0.0,0.0,0.0011654797683556817,0.026546197042147224,0.014705162146638407,1.0,1.0,0.0,1.0,1.0,1.0,1.0
0.9709289446802136,0.37142857142857144,0.0,0.9727387900458145,0.0,0.0,0.9900773692190439,0.025442094344800766,0.02369969176112426,0.0,0.0,0.0,0.0,0.0,0.0,0.0,0.0,0.0,0.0,0.0,0.9868159714672016,0.4021106262229118,0.4839078977291322,0.2456633670741932,0.0,0.0,0.0,1.0,1.0,1.0,0.0
0.0,0.0,0.0,0.0,0.0,0.0,0.0,0.0,0.0,0.0,0.0,0.0,0.0,0.0,0.0,0.0,0.0,0.0,0.0,0.0,0.9868159714672016,0.6305185694944128,0.49814165007213723,0.2177660244826777,1.0,1.0,1.0,1.0,1.0,1.0,0.0
0.9709289446802136,0.6285714285714286,1.0,0.0,0.0,0.0,0.9900773692190439,0.06417891373163848,0.0658451893730672,0.0,0.0,0.0,0.0,0.0,0.0,0.0,0.0,0.0,0.0,0.0,0.9868159714672016,0.6881243522390198,0.71896739764121,0.14967120126957387,0.0,1.0,0.0,1.0,1.0,1.0,0.0
0.0,0.0,0.0,0.9727387900458145,0.0,0.0,0.9900773692190439,0.03277638063471119,0.0322144545540949,0.0,0.0,0.0,0.0,0.0,0.9762121836048973,1.0,1.0,0.9751321339213155,0.46864120201425186,1.0,0.0,0.0011654797683556817,0.026546197042147224,0.014705162146638407,1.0,0.0,0.0,1.0,0.0,0.0,1.0
0.9709289446802136,0.21428571428571427,0.0,0.9727387900458145,0.0,0.0,0.0,0.0,0.0,0.0,0.0,0.0,0.0,0.0,0.9762121836048973,1.0,1.0,0.9751321339213155,0.68932936722869,1.0,0.9868159714672016,0.22602072646739513,0.48068913981216793,0.3114964777332705,0.0,0.0,1.0,1.0,0.0,0.0,0.0
0.9709289446802136,0.7535714285714286,1.0,0.9727387900458145,0.0,0.0,0.9900773692190439,0.0489001059491388,0.05456019447573948,0.0,0.0,0.0,0.0,0.0,0.9762121836048973,0.5,0.0,0.9751321339213155,0.19161064808660422,1.0,0.0,0.0011654797683556817,0.026546197042147224,0.014705162146638407,0.0,0.0,0.0,1.0,0.0,0.0,1.0
0.0,0.0,0.0,0.9727387900458145,0.0,0.0,0.0,0.0,0.0,0.0,0.0,0.0,0.0,0.0,0.0,0.0,0.0,0.0,0.0,0.0,0.9868159714672016,0.6869276108815591,0.71896739764121,0.14967120126957387,1.0,0.0,1.0,1.0,1.0,1.0,0.0
0.0,0.0,0.0,0.0,0.0,0.0,0.0,0.0,0.0,0.0,0.0,0.0,0.0,0.0,0.0,0.0,0.0,0.0,0.0,0.0,0.9868159714672016,0.625749644660654,0.49814165007213723,0.17365602441614902,1.0,1.0,1.0,1.0,1.0,1.0,0.0
0.9709289446802136,0.3428571428571428,0.0,0.0,0.0,0.0,0.9900773692190439,0.025445876845533184,0.0237597369541724,0.0,0.0,0.0,0.0,0.0,0.0,0.0,0.0,0.0,0.0,0.0,0.9868159714672016,0.3886860744971429,0.4839078977291322,0.2456633670741932,0.0,1.0,0.0,1.0,1.0,1.0,0.0
0.9709289446802136,0.6285714285714286,1.0,0.9727387900458145,0.0,0.0,0.9900773692190439,0.06436679303328834,0.06591586330155152,0.0,0.0,0.0,0.0,0.0,0.9762121836048973,0.5,0.0,0.9751321339213155,0.7159644042630546,1.0,0.0,0.0011654797683556817,0.026546197042147224,0.014705162146638407,0.0,0.0,0.0,1.0,0.0,0.0,1.0
0.9709289446802136,0.36071428571428565,0.0,0.9727387900458145,0.0,0.0,0.9900773692190439,0.03284689239914033,0.032381267405188055,0.0,0.0,0.0,0.0,0.0,0.0,0.0,0.0,0.0,0.0,0.0,0.9868159714672016,0.24215516871928056,0.48068913981216793,0.32980182114255696,0.0,0.0,0.0,1.0,1.0,1.0,0.0
0.9709289446802136,0.8464285714285713,1.0,0.9727387900458145,0.0,0.0,0.9900773692190439,0.04891123841883483,0.05465147799338302,0.0,0.0,0.0,0.0,0.0,0.9762121836048973,0.5,0.0,0.9751321339213155,0.42566881704562354,1.0,0.0,0.0011654797683556817,0.026546197042147224,0.014705162146638407,0.0,0.0,0.0,1.0,0.0,0.0,1.0
0.9709289446802136,0.7928571428571428,1.0,0.9727387900458145,0.0,0.0,0.0,0.0,0.0,0.0,0.0,0.0,0.0,0.0,0.0,0.0,0.0,0.0,0.0,0.0,0.9868159714672016,0.6224976425290348,0.49814165007213723,0.17365602441614902,0.0,0.0,1.0,1.0,1.0,1.0,0.0
0.0,0.0,0.0,0.0,0.0,0.0,0.0,0.0,0.0,0.0,0.0,0.0,0.0,0.0,0.0,0.0,0.0,0.0,0.0,0.0,0.9868159714672016,0.6840232893135688,0.71896739764121,0.14967120126957387,1.0,1.0,1.0,1.0,1.0,1.0,0.0
0.0,0.0,0.0,0.0,0.0,0.0,0.9900773692190439,0.025606290855240653,0.02376662975422419,0.0,0.0,0.0,0.0,0.0,0.0,0.0,0.0,0.0,0.0,0.0,0.9868159714672016,0.39953258314715,0.4839078977291322,0.2456633670741932,1.0,1.0,0.0,1.0,1.0,1.0,0.0
0.9709289446802136,0.7714285714285715,1.0,0.9727387900458145,0.0,0.0,0.9900773692190439,0.04891360244999649,0.05468701303185383,0.0,0.0,0.0,0.0,0.0,0.9762121836048973,0.5,0.0,0.9751321339213155,0.42340202159756846,1.0,0.9868159714672016,0.25703255152127524,0.48068913981216793,0.32980182114255696,0.0,0.0,0.0,1.0,0.0,0.0,0.0
0.9709289446802136,0.6892857142857143,1.0,0.9727387900458145,0.0,0.0,0.0,0.0,0.0,0.0,0.0,0.0,0.0,0.0,0.0,0.0,0.0,0.0,0.0,0.0,0.9868159714672016,0.668992844139744,0.71896739764121,0.14967120126957387,0.0,0.0,1.0,1.0,1.0,1.0,0.0
0.9709289446802136,0.17500000000000002,0.0,0.0,0.0,0.0,0.9900773692190439,0.025675666136108236,0.023839304713069515,0.0,0.0,0.0,0.0,0.0,0.0,0.0,0.0,0.0,0.0,0.0,0.9868159714672016,0.6101242413392277,0.49814165007213723,0.17365602441614902,0.0,1.0,0.0,1.0,1.0,1.0,0.0
0.0,0.0,0.0,0.9727387900458145,0.0,0.0,0.9900773692190439,0.06441848412120041,0.06645428440778499,0.0,0.0,0.0,0.0,0.0,0.9762121836048973,0.5,0.0,0.0,0.0,0.0,0.9868159714672016,0.39754029077102315,0.4839078977291322,0.2456633670741932,1.0,0.0,0.0,1.0,0.0,1.0,0.0
0.9182673383299044,0.8357142857142856,1.0,0.0,0.0,0.0,0.0,0.0,0.0,0.0,0.0,0.0,0.0,0.0,0.9232640229706409,1.0,1.0,0.9222425534247585,0.22325981313129217,1.0,0.0,0.0011654797683556817,0.026546197042147224,0.014705162146638407,0.0,1.0,1.0,1.0,0.0,0.0,1.0
0.9182673383299044,0.07142857142857142,0.0,0.0,0.0,0.0,0.0,0.0,0.0,0.0,0.0,0.0,0.0,0.0,0.9232640229706409,0.5,0.0,0.0,0.0,0.0,0.0,0.0011654797683556817,0.026546197042147224,0.014705162146638407,0.0,1.0,1.0,1.0,0.0,1.0,1.0
0.9182673383299044,0.5,1.0,0.0,0.0,0.0,0.9363771834744159,0.15278547590447822,0.15224958617116327,0.0,0.0,0.0,0.0,0.0,0.0,0.0,0.0,0.0,0.0,0.0,0.0,0.0011654797683556817,0.026546197042147224,0.014705162146638407,0.0,1.0,0.0,1.0,1.0,1.0,1.0
0.0,0.0,0.0,0.0,0.0,0.0,0.9363771834744159,0.15494621913684867,0.14886073705872077,0.0,0.0,0.0,0.0,0.0,0.0,0.0,0.0,0.9222425534247585,0.18486704025671052,1.0,0.0,0.0011654797683556817,0.026546197042147224,0.014705162146638407,1.0,1.0,0.0,1.0,1.0,0.0,1.0
0.9182673383299044,0.5892857142857143,1.0,0.0,0.0,0.0,0.0,0.0,0.0,0.0,0.0,0.0,0.0,0.0,0.9232640229706409,1.0,1.0,0.9222425534247585,0.21724927698698293,1.0,0.0,0.0011654797683556817,0.026546197042147224,0.014705162146638407,0.0,1.0,1.0,1.0,0.0,0.0,1.0
0.9182673383299044,0.3571428571428571,0.0,0.0,0.0,0.0,0.0,0.0,0.0,0.0,0.0,0.0,0.0,0.0,0.0,0.0,0.0,0.0,0.0,0.0,0.0,0.0011654797683556817,0.026546197042147224,0.014705162146638407,0.0,1.0,1.0,1.0,1.0,1.0,1.0
0.9182673383299044,0.3964285714285714,0.0,0.0,0.0,0.0,0.9363771834744159,0.15290050557418763,0.15240421590537626,0.0,0.0,0.0,0.0,0.0,0.0,0.0,0.0,0.0,0.0,0.0,0.0,0.0011654797683556817,0.026546197042147224,0.014705162146638407,0.0,1.0,0.0,1.0,1.0,1.0,1.0
0.0,0.0,0.0,0.0,0.0,0.0,0.9363771834744159,0.15496421540401126,0.14893955340813128,0.0,0.0,0.0,0.0,0.0,0.0,0.0,0.0,0.9222425534247585,0.1549071876543704,1.0,0.0,0.0011654797683556817,0.026546197042147224,0.014705162146638407,1.0,1.0,0.0,1.0,1.0,0.0,1.0
0.9182673383299044,0.6392857142857142,1.0,0.0,0.0,0.0,0.0,0.0,0.0,0.0,0.0,0.0,0.0,0.0,0.0,0.0,0.0,0.9222425534247585,0.20982785273741555,1.0,0.0,0.0011654797683556817,0.026546197042147224,0.014705162146638407,0.0,1.0,1.0,1.0,1.0,0.0,1.0
0.9182673383299044,0.6821428571428572,1.0,0.0,0.0,0.0,0.0,0.0,0.0,0.0,0.0,0.0,0.0,0.0,0.0,0.0,0.0,0.0,0.0,0.0,0.0,0.0011654797683556817,0.026546197042147224,0.014705162146638407,0.0,1.0,1.0,1.0,1.0,1.0,1.0
0.9182673383299044,0.2857142857142857,0.0,0.0,0.0,0.0,0.9363771834744159,0.1529195658479665,0.15244188787501003,0.0,0.0,0.0,0.0,0.0,0.9232640229706409,0.5,0.0,0.0,0.0,0.0,0.0,0.0011654797683556817,0.026546197042147224,0.014705162146638407,0.0,1.0,0.0,1.0,0.0,1.0,1.0
0.0,0.0,0.0,0.0,0.0,0.0,0.9363771834744159,0.15511973722899716,0.14906453300044328,0.0,0.0,0.0,0.0,0.0,0.0,0.0,0.0,0.9222425534247585,0.09094020064232877,0.5,0.0,0.0011654797683556817,0.026546197042147224,0.014705162146638407,1.0,1.0,0.0,1.0,1.0,0.0,1.0
0.9182673383299044,0.5785714285714285,1.0,0.0,0.0,0.0,0.0,0.0,0.0,0.0,0.0,0.0,0.0,0.0,0.0,0.0,0.0,0.9222425534247585,0.16585756366850113,1.0,0.0,0.0011654797683556817,0.026546197042147224,0.014705162146638407,0.0,1.0,1.0,1.0,1.0,0.0,1.0
0.9182673383299044,0.8571428571428571,1.0,0.0,0.0,0.0,0.0,0.0,0.0,0.0,0.0,0.0,0.0,0.0,0.0,0.0,0.0,0.0,0.0,0.0,0.0,0.0011654797683556817,0.026546197042147224,0.014705162146638407,0.0,1.0,1.0,1.0,1.0,1.0,1.0
0.9182673383299044,0.14285714285714285,0.0,0.0,0.0,0.0,0.0,0.0,0.0,0.0,0.0,0.0,0.0,0.0,0.9232640229706409,1.0,1.0,0.0,0.0,0.0,0.0,0.0011654797683556817,0.026546197042147224,0.014705162146638407,0.0,1.0,1.0,1.0,0.0,1.0,1.0
0.0,0.0,0.0,0.0,0.0,0.0,0.9363771834744159,0.15304398668742672,0.15247365715023245,0.0,0.0,0.0,0.0,0.0,0.9232640229706409,0.5,0.0,0.9222425534247585,0.8150411938056252,0.5,0.0,0.0011654797683556817,0.026546197042147224,0.014705162146638407,1.0,1.0,0.0,1.0,0.0,0.0,1.0
0.9182673383299044,0.3964285714285714,0.0,0.0,0.0,0.0,0.9363771834744159,0.15527699835531608,0.1491331654139704,0.0,0.0,0.0,0.0,0.0,0.0,0.0,0.0,0.9222425534247585,0.09094020064232877,0.5,0.0,0.0011654797683556817,0.026546197042147224,0.014705162146638407,0.0,1.0,0.0,1.0,1.0,0.0,1.0
0.9182673383299044,0.7428571428571429,1.0,0.0,0.0,0.0,0.0,0.0,0.0,0.0,0.0,0.0,0.0,0.0,0.9232640229706409,0.5,0.0,0.0,0.0,0.0,0.0,0.0011654797683556817,0.026546197042147224,0.014705162146638407,0.0,1.0,1.0,1.0,0.0,1.0,1.0
0.9182673383299044,0.5464285714285714,1.0,0.0,0.0,0.0,0.9364015594098424,0.15321725364487038,0.15253853013595686,0.0,0.0,0.0,0.0,0.0,0.9232880575419684,0.5,0.0,0.9222665614050111,0.7827299231703266,1.0,0.0,0.0011654797683556817,0.026546197042147224,0.014705162146638407,0.0,1.0,0.0,1.0,0.0,0.0,1.0
0.918291242826659,0.7642857142857142,1.0,0.0,0.0,0.0,0.9364015594098424,0.15541487072685997,0.14916511519446174,0.0,0.0,0.0,0.0,0.0,0.0,0.0,0.0,0.9222665614050111,0.5505803771321225,0.5,0.0,0.0011654797683556817,0.026546197042147224,0.014705162146638407,0.0,1.0,0.0,1.0,1.0,0.0,1.0
0.0,0.0,0.0,0.0,0.0,0.0,0.0,0.0,0.0,0.0,0.0,0.0,0.0,0.0,0.0,0.0,0.0,0.06222868481483245,0.4205169828364772,1.0,0.0,0.0011654797683556817,0.026546197042147224,0.014705162146638407,1.0,1.0,1.0,1.0,1.0,0.0,1.0
0.0,0.0,0.0,0.0,0.0,0.0,0.0,0.0,0.0,0.0,0.0,0.0,0.0,0.0,0.0,0.0,0.0,0.06222868481483245,0.42662869722921704,1.0,0.0,0.0011654797683556817,0.026546197042147224,0.014705162146638407,1.0,1.0,1.0,1.0,1.0,0.0,1.0
0.0,0.0,0.0,0.0,0.0,0.0,0.0,0.0,0.0,0.0,0.0,0.0,0.0,0.0,0.0,0.0,0.0,0.06222868481483245,0.388051694967968,1.0,0.0,0.0011654797683556817,0.026546197042147224,0.014705162146638407,1.0,1.0,1.0,1.0,1.0,0.0,1.0
0.0,0.0,0.0,0.0,0.0,0.0,0.0,0.0,0.0,0.0,0.0,0.0,0.0,0.0,0.0,0.0,0.0,0.06222868481483245,0.4128499954913214,1.0,0.0,0.0011654797683556817,0.026546197042147224,0.014705162146638407,1.0,1.0,1.0,1.0,1.0,0.0,1.0
0.0,0.0,0.0,0.0,0.0,0.0,0.0,0.0,0.0,0.0,0.0,0.0,0.0,0.0,0.0,0.0,0.0,0.06222868481483245,0.3703286239007686,1.0,0.0,0.0011654797683556817,0.026546197042147224,0.014705162146638407,1.0,1.0,1.0,1.0,1.0,0.0,1.0
0.0,0.0,0.0,0.0,0.0,0.0,0.0,0.0,0.0,0.0,0.0,0.0,0.0,0.0,0.0,0.0,0.0,0.06222868481483245,0.37711002647804914,1.0,0.0,0.0011654797683556817,0.026546197042147224,0.014705162146638407,1.0,1.0,1.0,1.0,1.0,0.0,1.0
0.0,0.0,0.0,0.0,0.0,0.0,0.0,0.0,0.0,0.0,0.0,0.0,0.0,0.0,0.0,0.0,0.0,0.06222868481483245,0.3278208878839002,1.0,0.0,0.0011654797683556817,0.026546197042147224,0.014705162146638407,1.0,1.0,1.0,1.0,1.0,0.0,1.0
0.0,0.0,0.0,0.0,0.0,0.0,0.0,0.0,0.0,0.0,0.0,0.0,0.0,0.0,0.0,0.0,0.0,0.06222868481483245,0.36589411599086663,1.0,0.0,0.0011654797683556817,0.026546197042147224,0.014705162146638407,1.0,1.0,1.0,1.0,1.0,0.0,1.0
0.0,0.0,0.0,0.0,0.0,0.0,0.0,0.0,0.0,0.0,0.0,0.0,0.0,0.0,0.0,0.0,0.0,0.06222868481483245,0.3245132018121173,1.0,0.0,0.0011654797683556817,0.026546197042147224,0.014705162146638407,1.0,1.0,1.0,1.0,1.0,0.0,1.0
0.0,0.0,0.0,0.0,0.0,0.0,0.0,0.0,0.0,0.0,0.0,0.0,0.0,0.0,0.0,0.0,0.0,0.06222868481483245,0.35838066844286764,1.0,0.0,0.0011654797683556817,0.026546197042147224,0.014705162146638407,1.0,1.0,1.0,1.0,1.0,0.0,1.0
0.0,0.0,0.0,0.0,0.0,0.0,0.0,0.0,0.0,0.0,0.0,0.0,0.0,0.0,0.0,0.0,0.0,0.06222868481483245,0.2967780357073262,1.0,0.0,0.0011654797683556817,0.026546197042147224,0.014705162146638407,1.0,1.0,1.0,1.0,1.0,0.0,1.0
0.0,0.0,0.0,0.0,0.0,0.0,0.0,0.0,0.0,0.0,0.0,0.0,0.0,0.0,0.0,0.0,0.0,0.06222868481483245,0.33671698205784706,1.0,0.0,0.0011654797683556817,0.026546197042147224,0.014705162146638407,1.0,1.0,1.0,1.0,1.0,0.0,1.0
0.0,0.0,0.0,0.0,0.0,0.0,0.0,0.0,0.0,0.0,0.0,0.0,0.0,0.0,0.0,0.0,0.0,0.06222868481483245,0.2810775265383265,1.0,0.0,0.0011654797683556817,0.026546197042147224,0.014705162146638407,1.0,1.0,1.0,1.0,1.0,0.0,1.0
0.0,0.0,0.0,0.0,0.0,0.0,0.0,0.0,0.0,0.0,0.0,0.0,0.0,0.0,0.0,0.0,0.0,0.06222868481483245,0.31164083103006934,1.0,0.0,0.0011654797683556817,0.026546197042147224,0.014705162146638407,1.0,1.0,1.0,1.0,1.0,0.0,1.0
0.0,0.0,0.0,0.0,0.0,0.0,0.0,0.0,0.0,0.0,0.0,0.0,0.0,0.0,0.0,0.0,0.0,0.06222868481483245,0.24731742936486611,1.0,0.0,0.0011654797683556817,0.026546197042147224,0.014705162146638407,1.0,1.0,1.0,1.0,1.0,0.0,1.0
0.0,0.0,0.0,0.0,0.0,0.0,0.0,0.0,0.0,0.0,0.0,0.0,0.0,0.0,0.0,0.0,0.0,0.06222868481483245,0.2029438887112529,1.0,0.0,0.0011654797683556817,0.026546197042147224,0.014705162146638407,1.0,1.0,1.0,1.0,1.0,0.0,1.0
0.0,0.0,0.0,0.0,0.0,0.0,0.0,0.0,0.0,0.0,0.0,0.0,0.0,0.0,0.0,0.0,0.0,0.06222868481483245,0.2876764312303597,1.0,0.0,0.0011654797683556817,0.026546197042147224,0.014705162146638407,1.0,1.0,1.0,1.0,1.0,0.0,1.0
0.0,0.0,0.0,0.0,0.0,0.0,0.0,0.0,0.0,0.0,0.0,0.0,0.0,0.0,0.0,0.0,0.0,0.06222868481483245,0.2856373600481352,1.0,0.0,0.0011654797683556817,0.026546197042147224,0.014705162146638407,1.0,1.0,1.0,1.0,1.0,0.0,1.0
0.0,0.0,0.0,0.0,0.0,0.0,0.0,0.0,0.0,0.0,0.0,0.0,0.0,0.0,0.0,0.0,0.0,0.06222868481483245,0.18925165018792223,1.0,0.0,0.0011654797683556817,0.026546197042147224,0.014705162146638407,1.0,1.0,1.0,1.0,1.0,0.0,1.0
0.0,0.0,0.0,0.0,0.0,0.0,0.0,0.0,0.0,0.0,0.0,0.0,0.0,0.0,0.0,0.0,0.0,0.062252692795085086,0.24710543229733473,1.0,0.0,0.0011654797683556817,0.026546197042147224,0.014705162146638407,1.0,1.0,1.0,1.0,1.0,0.0,1.0
0.0,0.0,0.0,0.0,0.0,0.0,0.0,0.0,0.0,0.0,0.0,0.0,0.0,0.0,0.0,0.0,0.0,0.0,0.0,0.0,0.9998627296393434,0.11990358812054025,0.5175396384861527,0.3436342956956507,1.0,1.0,1.0,1.0,1.0,1.0,0.0
0.0,0.0,0.0,0.0,0.0,0.0,0.0,0.0,0.0,0.0,0.0,0.0,0.0,0.0,0.9891187484077096,1.0,1.0,0.0,0.0,0.0,0.9998627296393434,0.30122030389415966,0.06568048485742095,0.8344745245236633,1.0,1.0,1.0,1.0,0.0,1.0,0.0
0.0,0.0,0.0,0.0,0.0,0.0,0.0,0.0,0.0,0.0,0.0,0.0,0.0,0.0,0.9891187484077096,0.5,0.0,0.0,0.0,0.0,0.9998627296393434,0.16581288767000868,0.8857887602039409,0.48546938915279214,1.0,1.0,1.0,1.0,0.0,1.0,0.0
0.0,0.0,0.0,0.0,0.0,0.0,0.0,0.0,0.0,0.0,0.0,0.0,0.0,0.0,0.0,0.0,0.0,0.0,0.0,0.0,0.9998627296393434,0.29074869069017917,0.06568048485742095,0.8344745245236633,1.0,1.0,1.0,1.0,1.0,1.0,0.0
0.0,0.0,0.0,0.0,0.0,0.0,0.0,0.0,0.0,0.0,0.0,0.0,0.0,0.0,0.9891187484077096,0.5,0.0,0.0,0.0,0.0,0.9998627296393434,0.11990358812054025,0.5175396384861527,0.3795620155957408,1.0,1.0,1.0,1.0,0.0,1.0,0.0
0.0,0.0,0.0,0.0,0.0,0.0,0.0,0.0,0.0,0.0,0.0,0.0,0.0,0.0,0.9891187484077096,0.5,0.0,0.0,0.0,0.0,0.9998627296393434,0.15327867642981774,0.874051679661948,0.48546938915279214,1.0,1.0,1.0,1.0,0.0,1.0,0.0
0.0,0.0,0.0,0.0,0.0,0.0,0.0,0.0,0.0,0.0,0.0,0.0,0.0,0.0,0.9891187484077096,0.5,0.0,0.0,0.0,0.0,0.9998627296393434,0.12856188042147954,0.5175396384861527,0.3795620155957408,1.0,1.0,1.0,1.0,0.0,1.0,0.0
0.0,0.0,0.0,0.0,0.0,0.0,0.0,0.0,0.0,0.0,0.0,0.0,0.0,0.0,0.9891187484077096,0.5,0.0,0.0,0.0,0.0,0.9998627296393434,0.2931386228098606,0.06568048485742095,0.8344745245236633,1.0,1.0,1.0,1.0,0.0,1.0,0.0
0.0,0.0,0.0,0.0,0.0,0.0,0.0,0.0,0.0,0.0,0.0,0.0,0.0,0.0,0.9891187484077096,0.5,0.0,0.0,0.0,0.0,0.9998627296393434,0.14479941371694094,0.874051679661948,0.48546938915279214,1.0,1.0,1.0,1.0,0.0,1.0,0.0
0.0,0.0,0.0,0.0,0.0,0.0,0.0,0.0,0.0,0.0,0.0,0.0,0.0,0.0,0.9891187484077096,1.0,1.0,0.0,0.0,0.0,0.9998627296393434,0.30164556072828363,0.06568048485742095,0.8344745245236633,1.0,1.0,1.0,1.0,0.0,1.0,0.0
0.0,0.0,0.0,0.0,0.0,0.0,0.0,0.0,0.0,0.0,0.0,0.0,0.0,0.0,0.9891187484077096,1.0,1.0,0.0,0.0,0.0,0.9998627296393434,0.11973857048018066,0.5175396384861527,0.3795620155957408,1.0,1.0,1.0,1.0,0.0,1.0,0.0
0.0,0.0,0.0,0.0,0.0,0.0,0.0,0.0,0.0,0.0,0.0,0.0,0.0,0.0,0.9891187484077096,1.0,1.0,0.0,0.0,0.0,0.9998627296393434,0.13092291035444104,0.874051679661948,0.48546938915279214,1.0,1.0,1.0,1.0,0.0,1.0,0.0
0.0,0.0,0.0,0.0,0.0,0.0,0.0,0.0,0.0,0.0,0.0,0.0,0.0,0.0,0.0,0.0,0.0,0.0,0.0,0.0,0.9998627296393434,0.29856612921398895,0.06568048485742095,0.8743115276904266,1.0,1.0,1.0,1.0,1.0,1.0,0.0
0.0,0.0,0.0,0.0,0.0,0.0,0.0,0.0,0.0,0.0,0.0,0.0,0.0,0.0,0.0,0.0,0.0,0.0,0.0,0.0,0.9998627296393434,0.1078457463289354,0.5175396384861527,0.3795620155957408,1.0,1.0,1.0,1.0,1.0,1.0,0.0
0.0,0.0,0.0,0.0,0.0,0.0,0.0,0.0,0.0,0.0,0.0,0.0,0.0,0.0,0.9891187484077096,0.5,0.0,0.0,0.0,0.0,0.9998627296393434,0.12868052362380655,0.874051679661948,0.48546938915279214,1.0,1.0,1.0,1.0,0.0,1.0,0.0
0.0,0.0,0.0,0.0,0.0,0.0,0.0,0.0,0.0,0.0,0.0,0.0,0.0,0.0,0.0,0.0,0.0,0.0,0.0,0.0,0.9998627296393434,0.28948609488584665,0.06568048485742095,0.8743115276904266,1.0,1.0,1.0,1.0,1.0,1.0,0.0
0.0,0.0,0.0,0.0,0.0,0.0,0.0,0.0,0.0,0.0,0.0,0.0,0.0,0.0,0.9891187484077096,0.5,0.0,0.0,0.0,0.0,0.9998627296393434,0.11924516841843857,0.5175396384861527,0.3795620155957408,1.0,1.0,1.0,1.0,0.0,1.0,0.0
0.0,0.0,0.0,0.0,0.0,0.0,0.0,0.0,0.0,0.0,0.0,0.0,0.0,0.0,0.9891187484077096,0.5,0.0,0.0,0.0,0.0,0.9998627296393434,0.12401161006819494,0.874051679661948,0.48546938915279214,1.0,1.0,1.0,1.0,0.0,1.0,0.0
0.0,0.0,0.0,0.0,0.0,0.0,0.0,0.0,0.0,0.0,0.0,0.0,0.0,0.0,0.9891187484077096,1.0,1.0,0.0,0.0,0.0,0.9998627296393434,0.11135205697170214,0.5175396384861527,0.391458801356795,1.0,1.0,1.0,1.0,0.0,1.0,0.0
0.0,0.0,0.0,0.0,0.0,0.0,0.0,0.0,0.0,0.0,0.0,0.0,0.0,0.0,0.9891187484077096,0.5,0.0,0.0,0.0,0.0,0.9998627296393434,0.28494612730008884,0.06568048485742095,0.8743115276904266,1.0,1.0,1.0,1.0,0.0,1.0,0.0
0.9702835232678404,0.5071428571428571,1.0,0.9720921655454517,0.0,0.0,0.0,0.0,0.0,0.0,0.0,0.0,0.0,0.0,0.9755632501790575,0.5,0.0,0.9744839184544943,0.18352266763300706,1.0,0.9861599892127363,0.21727491333995663,0.5537412825673627,0.36879802433943304,0.0,0.0,1.0,1.0,0.0,0.0,0.0
0.0,0.0,0.0,0.0,0.0,0.0,0.0,0.0,0.0,0.0,0.0,0.0,0.0,0.0,0.9755632501790575,1.0,1.0,0.9744839184544943,0.358166617945606,0.5,0.0,0.0011654797683556817,0.026546197042147224,0.014705162146638407,1.0,1.0,1.0,1.0,0.0,0.0,1.0
0.9702835232678404,0.3571428571428571,0.0,0.9720921655454517,0.0,0.0,0.9894192189625277,0.024870842962956444,0.027113586464852592,0.0,0.0,0.0,0.0,0.0,0.9755632501790575,0.5,0.0,0.9744839184544943,0.17056931005527698,1.0,0.9861599892127363,0.9682757651173793,0.5801725491329653,0.3718895301791981,0.0,0.0,0.0,1.0,0.0,0.0,0.0
0.9702835232678404,0.14285714285714285,0.0,0.9720921655454517,0.0,0.0,0.9894192189625277,0.009192902446161205,0.007950419899658459,0.0,0.0,0.0,0.0,0.0,0.0,0.0,0.0,0.0,0.0,0.0,0.9861599892127363,0.5141146078093252,0.5680410739819216,0.1442896693229905,0.0,0.0,0.0,1.0,1.0,1.0,0.0
0.9702835232678404,0.7857142857142857,1.0,0.9720921655454517,0.0,0.0,0.9894192189625277,0.03952592698186071,0.03837278967146347,0.0,0.0,0.0,0.0,0.0,0.9755632501790575,1.0,1.0,0.9744839184544943,0.3391223794657008,1.0,0.9861599892127363,0.20326316756179963,0.5537412825673627,0.36879802433943304,0.0,0.0,0.0,1.0,0.0,0.0,0.0
0.9702835232678404,0.33214285714285713,0.0,0.9720921655454517,0.0,0.0,0.9894192189625277,0.024954891309502056,0.027269092431479524,0.0,0.0,0.0,0.0,0.0,0.9755632501790575,0.5,0.0,0.9744839184544943,0.09094020064232877,0.5,0.9861599892127363,0.9658852272229413,0.5801725491329653,0.3718895301791981,0.0,0.0,0.0,1.0,0.0,0.0,0.0
0.9702835232678404,0.907142857142857,1.0,0.9720921655454517,1.0,0.0,0.9894192189625277,0.03954724881250409,0.03866645162064587,0.0,0.0,0.0,0.0,0.0,0.9755632501790575,0.5,0.0,0.9744839184544943,0.30828564871029496,1.0,0.9861599892127363,0.5039232663927266,0.5680410739819216,0.1442896693229905,0.0,0.0,0.0,1.0,0.0,0.0,0.0
0.9702835232678404,0.37857142857142856,0.0,0.9720921655454517,0.0,0.0,0.9894192189625277,0.009244591420995126,0.00798971324898929,0.0,0.0,0.0,0.0,0.0,0.9755632501790575,1.0,1.0,0.0,0.0,0.0,0.9861599892127363,0.2095179961468281,0.5537412825673627,0.36879802433943304,0.0,0.0,0.0,1.0,0.0,1.0,0.0
0.9702835232678404,0.782142857142857,1.0,0.9720921655454517,0.0,0.0,0.9894192189625277,0.03975355317447486,0.03872819057494188,0.0,0.0,0.0,0.0,0.0,0.0,0.0,0.0,0.9744839184544943,0.27229257129298645,1.0,0.9861599892127363,0.5175365831143129,0.5680410739819216,0.1442896693229905,0.0,0.0,0.0,1.0,1.0,0.0,0.0
0.9702835232678404,0.1357142857142857,0.0,0.9720921655454517,0.0,0.0,0.9894192189625277,0.00931559950623734,0.008067654666033937,0.0,0.0,0.0,0.0,0.0,0.9755632501790575,0.5,0.0,0.9744839184544943,0.09094020064232877,0.5,0.9861599892127363,0.21120534446548733,0.5537412825673627,0.36879802433943304,0.0,0.0,0.0,1.0,0.0,0.0,0.0
0.9702835232678404,0.21785714285714283,0.0,0.9720921655454517,0.0,0.0,0.9894192189625277,0.02518891872987864,0.027542788626587354,0.0,0.0,0.0,0.0,0.0,0.9755632501790575,0.5,0.0,0.9744839184544943,0.24875367432626838,1.0,0.9861599892127363,0.9686390198380835,0.5801725491329653,0.33129424794815443,0.0,0.0,0.0,1.0,0.0,0.0,0.0
0.9702835232678404,0.9785714285714284,1.0,0.9720921655454517,0.0,0.0,0.9894192189625277,0.009362163223648173,0.008077391531857995,0.0,0.0,0.0,0.0,0.0,0.0,0.0,0.0,0.9744839184544943,0.6556915882627017,0.5,0.9861599892127363,0.5221962665669667,0.5645318677596813,0.1442896693229905,0.0,0.0,0.0,1.0,1.0,0.0,0.0
0.9702835232678404,0.16428571428571426,0.0,0.9720921655454517,0.0,0.0,0.9894192189625277,0.039754562637147876,0.03883199893900842,0.0,0.0,0.0,0.0,0.0,0.9755632501790575,0.5,0.0,0.0,0.0,0.0,0.9861599892127363,0.21120534446548733,0.5537412825673627,0.36879802433943304,0.0,0.0,0.0,1.0,0.0,1.0,0.0
0.0,0.0,0.0,0.9720921655454517,0.0,0.0,0.9894192189625277,0.02525662685931284,0.027605216588061556,0.0,0.0,0.0,0.0,0.0,0.9755632501790575,1.0,1.0,0.9744839184544943,0.21857659741366398,1.0,0.9861599892127363,0.9666132624287366,0.5801725491329653,0.33129424794815443,1.0,0.0,0.0,1.0,0.0,0.0,0.0
0.9702835232678404,0.2857142857142857,0.0,0.0,0.0,0.0,0.0,0.0,0.0,0.0,0.0,0.0,0.0,0.0,0.9755632501790575,1.0,1.0,0.9744839184544943,0.6133604699377067,1.0,0.0,0.0011654797683556817,0.026546197042147224,0.014705162146638407,0.0,1.0,1.0,1.0,0.0,0.0,1.0
0.9702835232678404,0.7214285714285713,1.0,0.9720921655454517,0.0,0.0,0.9894192189625277,0.0397910008983273,0.03890140539384526,0.0,0.0,0.0,0.0,0.0,0.0,0.0,0.0,0.0,0.0,0.0,0.9861599892127363,0.53404521982084,0.5645318677596813,0.1442896693229905,0.0,0.0,0.0,1.0,1.0,1.0,0.0
0.0,0.0,0.0,0.0,0.0,0.0,0.9894192189625277,0.009365967496534892,0.008135914222106192,0.0,0.0,0.0,0.0,0.0,0.9755632501790575,1.0,1.0,0.9744839184544943,0.2057772088708374,1.0,0.0,0.0011654797683556817,0.026546197042147224,0.014705162146638407,1.0,1.0,0.0,1.0,0.0,0.0,1.0
0.9702835232678404,0.7428571428571429,1.0,0.9720921655454517,0.0,0.0,0.9894192189625277,0.025265859175733867,0.027608960891361136,0.0,0.0,0.0,0.0,0.0,0.0,0.0,0.0,0.0,0.0,0.0,0.9861599892127363,0.9726459496346923,0.5644526539344629,0.33129424794815443,0.0,0.0,0.0,1.0,1.0,1.0,0.0
0.9702835232678404,0.6714285714285714,1.0,0.9720921655454517,0.0,0.0,0.9894192189625277,0.03992274185475287,0.03912797847110691,0.0,0.0,0.0,0.0,0.0,0.0,0.0,0.0,0.0,0.0,0.0,0.9861599892127363,0.5447538492112497,0.5766070958641311,0.1442896693229905,0.0,0.0,0.0,1.0,1.0,1.0,0.0
0.9702835232678404,0.6071428571428571,1.0,0.9720921655454517,0.0,0.0,0.9894192189625277,0.009420776846421819,0.008161949699306077,0.0,0.0,0.0,0.0,0.0,0.9755632501790575,0.5,0.0,0.9744839184544943,0.6110779482007547,1.0,0.9861599892127363,0.2065998770327152,0.5537412825673627,0.38044350830796947,0.0,0.0,0.0,1.0,0.0,0.0,0.0
0.0,0.0,0.0,0.0,0.0,0.0,0.0,0.0,0.0,0.0,0.0,0.0,0.0,0.0,0.0,0.0,0.0,0.0,0.0,0.0,0.018488981320297915,0.9199554797383559,0.5902935824686381,0.47217719046089074,1.0,1.0,1.0,1.0,1.0,1.0,0.0
0.0,0.0,0.0,0.0,0.0,0.0,0.0,0.0,0.0,0.0,0.0,0.0,0.0,0.0,0.0,0.0,0.0,0.0,0.0,0.0,0.018488981320297915,0.930644095250141,0.5473769286367134,0.0625303697766493,1.0,1.0,1.0,1.0,1.0,1.0,0.0
0.0,0.0,0.0,0.0,0.0,0.0,0.0,0.0,0.0,0.0,0.0,0.0,0.0,0.0,0.0,0.0,0.0,0.0,0.0,0.0,0.018488981320297915,0.24602664793698237,0.5069498735137553,0.7299442869208846,1.0,1.0,1.0,1.0,1.0,1.0,0.0
0.0,0.0,0.0,0.0,0.0,0.0,0.0,0.0,0.0,0.0,0.0,0.0,0.0,0.0,0.0,0.0,0.0,0.0,0.0,0.0,0.018488981320297915,0.9066249127348222,0.5936328455414461,0.7414011300769957,1.0,1.0,1.0,1.0,1.0,1.0,0.0
0.0,0.0,0.0,0.0,0.0,0.0,0.0,0.0,0.0,0.0,0.0,0.0,0.0,0.0,0.0,0.0,0.0,0.0,0.0,0.0,0.018488981320297915,0.918155016691815,0.542484805987526,0.6937703381402514,1.0,1.0,1.0,1.0,1.0,1.0,0.0
0.0,0.0,0.0,0.0,0.0,0.0,0.0,0.0,0.0,0.018524694318201182,0.8896368548793332,0.760772705078125,0.3808070325376961,0.7905812693616567,0.0,0.0,0.0,0.0,0.0,0.0,0.018488981320297915,0.8804099090168244,0.5935666410883919,0.555217176775259,1.0,1.0,1.0,0.0,1.0,1.0,0.0
0.0,0.0,0.0,0.0,0.0,0.0,0.0,0.0,0.0,0.0,0.0,0.0,0.0,0.0,0.0,0.0,0.0,0.0,0.0,0.0,0.018488981320297915,0.2157575257180041,0.5913186449494245,0.9539722142501993,1.0,1.0,1.0,1.0,1.0,1.0,0.0
0.0,0.0,0.0,0.0,0.0,0.0,0.0,0.0,0.0,0.0,0.0,0.0,0.0,0.0,0.0,0.0,0.0,0.0,0.0,0.0,0.018488981320297915,0.7544373952265567,0.5463028829810315,0.12318350075322594,1.0,1.0,1.0,1.0,1.0,1.0,0.0
0.0,0.0,0.0,0.0,0.0,0.0,0.0,0.0,0.0,0.0,0.0,0.0,0.0,0.0,0.0,0.0,0.0,0.0,0.0,0.0,0.018488981320297915,0.8669134418132857,0.5645447141375367,0.4340392697538119,1.0,1.0,1.0,1.0,1.0,1.0,0.0
0.0,0.0,0.0,0.0,0.0,0.0,0.0,0.0,0.0,0.0,0.0,0.0,0.0,0.0,0.0,0.0,0.0,0.0,0.0,0.0,0.018488981320297915,0.9075006489596019,0.5411079467265129,0.9142621147002761,1.0,1.0,1.0,1.0,1.0,1.0,0.0
0.018191322030224846,0.4464285714285714,1.0,0.0,0.0,0.0,0.0,0.0,0.0,0.0,0.0,0.0,0.0,0.0,0.0,0.0,0.0,0.0,0.0,0.0,0.018488981320297915,0.18880953684286672,0.5426374670441162,0.0746715150394482,0.0,1.0,1.0,1.0,1.0,1.0,0.0
0.0,0.0,0.0,0.0,0.0,0.0,0.0,0.0,0.0,0.0,0.0,0.0,0.0,0.0,0.018290308780149367,0.5,0.0,0.0,0.0,0.0,0.018488981320297915,0.9417568653814926,0.5489179272366044,0.5678298564627675,1.0,1.0,1.0,1.0,0.0,1.0,0.0
0.018191322030224846,0.8035714285714285,1.0,0.0,0.0,0.0,0.0,0.0,0.0,0.0,0.0,0.0,0.0,0.0,0.0,0.0,0.0,0.0,0.0,0.0,0.018488981320297915,0.7685921140255979,0.5713894960825843,0.2707512089032618,0.0,1.0,1.0,1.0,1.0,1.0,0.0
0.018191322030224846,0.42857142857142855,1.0,0.0,0.0,0.0,0.0,0.0,0.0,0.0,0.0,0.0,0.0,0.0,0.0,0.0,0.0,0.0,0.0,0.0,0.018488981320297915,0.41274692249571954,0.5489259400994374,0.9294871425577322,0.0,1.0,1.0,1.0,1.0,1.0,0.0
0.0,0.0,0.0,0.0,0.0,0.0,0.0,0.0,0.0,0.0,0.0,0.0,0.0,0.0,0.0,0.0,0.0,0.0,0.0,0.0,0.018488981320297915,0.420172103970479,0.5425940293543413,0.07492883217710537,1.0,1.0,1.0,1.0,1.0,1.0,0.0
0.0,0.0,0.0,0.0,0.0,0.0,0.0,0.0,0.0,0.0,0.0,0.0,0.0,0.0,0.0,0.0,0.0,0.0,0.0,0.0,0.018488981320297915,0.895035655611598,0.5457168432641061,0.21246669802490967,1.0,1.0,1.0,1.0,1.0,1.0,0.0
0.018191322030224846,0.8428571428571429,1.0,0.0,0.0,0.0,0.0,0.0,0.0,0.0,0.0,0.0,0.0,0.0,0.0,0.0,0.0,0.0,0.0,0.0,0.018488981320297915,0.8224777115217102,0.544276249510614,0.14732319911110894,0.0,1.0,1.0,1.0,1.0,1.0,0.0
0.0,0.0,0.0,0.0,0.0,0.0,0.0,0.0,0.0,0.0,0.0,0.0,0.0,0.0,0.0,0.0,0.0,0.0,0.0,0.0,0.018488981320297915,0.32659294054730237,0.5750508706607311,0.1768413230621835,1.0,1.0,1.0,1.0,1.0,1.0,0.0
0.0,0.0,0.0,0.0,0.0,0.0,0.0,0.0,0.0,0.0,0.0,0.0,0.0,0.0,0.0,0.0,0.0,0.0,0.0,0.0,0.018488981320297915,0.0764654999030937,0.5560110233211459,0.5542666598747289,1.0,1.0,1.0,1.0,1.0,1.0,0.0
0.0,0.0,0.0,0.0,0.0,0.0,0.0,0.0,0.0,0.0,0.0,0.0,0.0,0.0,0.0,0.0,0.0,0.0,0.0,0.0,0.018488981320297915,0.7020739836138022,0.551716960837595,0.3639888234671002,1.0,1.0,1.0,1.0,1.0,1.0,0.0
0.937080177275748,0.7535714285714286,1.0,0.9388269273601196,0.0,0.0,0.0,0.0,0.0,0.0,0.0,0.0,0.0,0.0,0.0,0.0,0.0,0.0,0.0,0.0,0.0,0.0011654797683556817,0.026546197042147224,0.014705162146638407,0.0,0.0,1.0,1.0,1.0,1.0,1.0
0.937080177275748,0.47857142857142854,1.0,0.0,0.0,0.0,0.9555610446550887,0.02463289931652349,0.023708940193387023,0.9542530117842373,0.8689838347758392,0.7527008056640625,0.5896160185580855,0.7307146454241634,0.0,0.0,0.0,0.0,0.0,0.0,0.9524133465663581,0.38851638237699493,0.5466759463507486,0.8876055551635162,0.0,1.0,0.0,0.0,1.0,1.0,0.0
0.0,0.0,0.0,0.0,0.0,0.0,0.0,0.0,0.0,0.0,0.0,0.0,0.0,0.0,0.0,0.0,0.0,0.0,0.0,0.0,0.9524133465663581,0.6260746830383811,0.5213019106505163,0.30801670962900646,1.0,1.0,1.0,1.0,1.0,1.0,0.0
0.937080177275748,0.3571428571428571,0.0,0.9388269273601196,0.0,0.0,0.9555610446550887,0.025002638917555324,0.02529761104667753,0.9542530117842373,0.8168551846254827,0.420501708984375,0.6538672852695195,0.7847670497031849,0.9421792306053026,0.5,0.0,0.9411368338835829,0.3551929706906165,1.0,0.9524133465663581,0.14587526049131272,0.49060807554563074,0.8151921473339472,0.0,0.0,0.0,0.0,0.0,0.0,0.0
0.937080177275748,0.2571428571428571,0.0,0.0,0.0,0.0,0.0,0.0,0.0,0.0,0.0,0.0,0.0,0.0,0.9421792306053026,0.5,0.0,0.9411368338835829,0.46163927854443365,1.0,0.0,0.0011654797683556817,0.026546197042147224,0.014705162146638407,0.0,1.0,1.0,1.0,0.0,0.0,1.0
0.937080177275748,0.2857142857142857,0.0,0.0,0.0,0.0,0.0,0.0,0.0,0.0,0.0,0.0,0.0,0.0,0.0,0.0,0.0,0.0,0.0,0.0,0.0,0.0011654797683556817,0.026546197042147224,0.014705162146638407,0.0,1.0,1.0,1.0,1.0,1.0,1.0
0.937080177275748,0.7000000000000001,1.0,0.0,0.0,0.0,0.0,0.0,0.0,0.0,0.0,0.0,0.0,0.0,0.0,0.0,0.0,0.0,0.0,0.0,0.0,0.0011654797683556817,0.026546197042147224,0.014705162146638407,0.0,1.0,1.0,1.0,1.0,1.0,1.0
0.937080177275748,0.3571428571428571,0.0,0.0,0.0,0.0,0.0,0.0,0.0,0.0,0.0,0.0,0.0,0.0,0.0,0.0,0.0,0.0,0.0,0.0,0.0,0.0011654797683556817,0.026546197042147224,0.014705162146638407,0.0,1.0,1.0,1.0,1.0,1.0,1.0
0.937080177275748,0.5785714285714285,1.0,0.0,0.0,0.0,0.0,0.0,0.0,0.0,0.0,0.0,0.0,0.0,0.0,0.0,0.0,0.0,0.0,0.0,0.0,0.0011654797683556817,0.026546197042147224,0.014705162146638407,0.0,1.0,1.0,1.0,1.0,1.0,1.0
0.937080177275748,0.07142857142857142,0.0,0.0,0.0,0.0,0.0,0.0,0.0,0.0,0.0,0.0,0.0,0.0,0.0,0.0,0.0,0.0,0.0,0.0,0.9524133465663581,0.13587357615183948,0.49060807554563074,0.8151921473339472,0.0,1.0,1.0,1.0,1.0,1.0,0.0
0.0,0.0,0.0,0.0,0.0,0.0,0.0,0.0,0.0,0.0,0.0,0.0,0.0,0.0,0.0,0.0,0.0,0.0,0.0,0.0,0.9524133465663581,0.6308546063777204,0.5213019106505163,0.30801670962900646,1.0,1.0,1.0,1.0,1.0,1.0,0.0
0.937080177275748,0.8964285714285715,1.0,0.9388269273601196,0.0,0.0,0.9555610446550887,0.024803617334840565,0.023858434646084194,0.9542530117842373,0.8168551846254827,0.420501708984375,0.6538672852695195,0.7847670497031849,0.0,0.0,0.0,0.0,0.0,0.0,0.9524133465663581,0.37681973862692064,0.5466759463507486,0.8876055551635162,0.0,0.0,0.0,0.0,1.0,1.0,0.0
0.937080177275748,0.07142857142857142,0.0,0.9388269273601196,0.0,0.0,0.0,0.0,0.0,0.0,0.0,0.0,0.0,0.0,0.0,0.0,0.0,0.0,0.0,0.0,0.0,0.0011654797683556817,0.026546197042147224,0.014705162146638407,0.0,0.0,1.0,1.0,1.0,1.0,1.0
0.937080177275748,0.6785714285714285,1.0,0.9388269273601196,0.0,0.0,0.0,0.0,0.0,0.9542530117842373,0.6505014425058387,0.247528076171875,0.9790763689640437,0.9678462970593174,0.0,0.0,0.0,0.0,0.0,0.0,0.9524133465663581,0.6167515064829378,0.5213019106505163,0.30801670962900646,0.0,0.0,1.0,0.0,1.0,1.0,0.0
0.0,0.0,0.0,0.0,0.0,0.0,0.0,0.0,0.0,0.0,0.0,0.0,0.0,0.0,0.0,0.0,0.0,0.0,0.0,0.0,0.9524133465663581,0.3890518875901524,0.5466759463507486,0.8876055551635162,1.0,1.0,1.0,1.0,1.0,1.0,0.0
0.937080177275748,0.5892857142857143,1.0,0.9388269273601196,0.0,0.0,0.9555610446550887,0.024805733937814507,0.02388287132047851,0.0,0.0,0.0,0.0,0.0,0.0,0.0,0.0,0.0,0.0,0.0,0.9524133465663581,0.12486781506415612,0.49060807554563074,0.7876459934560606,0.0,0.0,0.0,1.0,1.0,1.0,0.0
0.937080177275748,0.425,0.0,0.9388269273601196,0.0,0.0,0.0,0.0,0.0,0.0,0.0,0.0,0.0,0.0,0.0,0.0,0.0,0.0,0.0,0.0,0.0,0.0011654797683556817,0.026546197042147224,0.014705162146638407,0.0,0.0,1.0,1.0,1.0,1.0,1.0
0.937080177275748,0.07142857142857142,0.0,0.9388269273601196,1.0,0.0,0.9555610446550887,0.025428480107516555,0.025480566887896756,0.0,0.0,0.0,0.0,0.0,0.0,0.0,0.0,0.0,0.0,0.0,0.0,0.0011654797683556817,0.026546197042147224,0.014705162146638407,0.0,0.0,0.0,1.0,1.0,1.0,1.0
0.937080177275748,0.40714285714285714,0.0,0.9388269273601196,0.0,0.0,0.0,0.0,0.0,0.9542530117842373,0.6505014425058387,0.247528076171875,0.9790763689640437,0.9678462970593174,0.9421792306053026,1.0,1.0,0.9411368338835829,0.3945887621423685,1.0,0.0,0.0011654797683556817,0.026546197042147224,0.014705162146638407,0.0,0.0,1.0,0.0,0.0,0.0,1.0
0.937080177275748,0.4464285714285714,1.0,0.0,0.0,0.0,0.0,0.0,0.0,0.0,0.0,0.0,0.0,0.0,0.9421792306053026,0.5,0.0,0.9411368338835829,0.2688206326684117,1.0,0.0,0.0011654797683556817,0.026546197042147224,0.014705162146638407,0.0,1.0,1.0,1.0,0.0,0.0,1.0
0.0,0.0,0.0,0.0,0.0,0.0,0.0,0.0,0.0,0.0,0.0,0.0,0.0,0.0,0.0,0.0,0.0,0.9944825660049401,0.6011999990531307,1.0,0.0,0.0011654797683556817,0.026546197042147224,0.014705162146638407,1.0,1.0,1.0,1.0,1.0,0.0,1.0
0.0,0.0,0.0,0.0,0.0,0.0,0.0,0.0,0.0,0.0,0.0,0.0,0.0,0.0,0.0,0.0,0.0,0.9944825660049401,0.19067278270678178,1.0,0.0,0.0011654797683556817,0.026546197042147224,0.014705162146638407,1.0,1.0,1.0,1.0,1.0,0.0,1.0
0.0,0.0,0.0,0.0,0.0,0.0,0.0,0.0,0.0,0.0,0.0,0.0,0.0,0.0,0.0,0.0,0.0,0.9944825660049401,0.33666700950819184,1.0,0.0,0.0011654797683556817,0.026546197042147224,0.014705162146638407,1.0,1.0,1.0,1.0,1.0,0.0,1.0
0.0,0.0,0.0,0.0,0.0,0.0,0.0,0.0,0.0,0.0,0.0,0.0,0.0,0.0,0.0,0.0,0.0,0.9944825660049401,0.5711540806449027,1.0,0.0,0.0011654797683556817,0.026546197042147224,0.014705162146638407,1.0,1.0,1.0,1.0,1.0,0.0,1.0
0.0,0.0,0.0,0.0,0.0,0.0,0.0,0.0,0.0,0.0,0.0,0.0,0.0,0.0,0.0,0.0,0.0,0.9944825660049401,0.1563194334968232,1.0,0.0,0.0011654797683556817,0.026546197042147224,0.014705162146638407,1.0,1.0,1.0,1.0,1.0,0.0,1.0
0.0,0.0,0.0,0.0,0.0,0.0,0.0,0.0,0.0,0.0,0.0,0.0,0.0,0.0,0.0,0.0,0.0,0.9944825660049401,0.3300183941742816,1.0,0.0,0.0011654797683556817,0.026546197042147224,0.014705162146638407,1.0,1.0,1.0,1.0,1.0,0.0,1.0
0.0,0.0,0.0,0.0,0.0,0.0,0.0,0.0,0.0,0.0,0.0,0.0,0.0,0.0,0.0,0.0,0.0,0.9944825660049401,0.5608520436938091,1.0,0.0,0.0011654797683556817,0.026546197042147224,0.014705162146638407,1.0,1.0,1.0,1.0,1.0,0.0,1.0
0.0,0.0,0.0,0.0,0.0,0.0,0.0,0.0,0.0,0.0,0.0,0.0,0.0,0.0,0.0,0.0,0.0,0.9944825660049401,0.09094020064232877,0.5,0.0,0.0011654797683556817,0.026546197042147224,0.014705162146638407,1.0,1.0,1.0,1.0,1.0,0.0,1.0
0.0,0.0,0.0,0.0,0.0,0.0,0.0,0.0,0.0,0.0,0.0,0.0,0.0,0.0,0.0,0.0,0.0,0.9944825660049401,0.3250254043041947,1.0,0.0,0.0011654797683556817,0.026546197042147224,0.014705162146638407,1.0,1.0,1.0,1.0,1.0,0.0,1.0
0.0,0.0,0.0,0.0,0.0,0.0,0.0,0.0,0.0,0.0,0.0,0.0,0.0,0.0,0.0,0.0,0.0,0.9944825660049401,0.5496469823725638,1.0,0.0,0.0011654797683556817,0.026546197042147224,0.014705162146638407,1.0,1.0,1.0,1.0,1.0,0.0,1.0
0.0,0.0,0.0,0.0,0.0,0.0,0.0,0.0,0.0,0.0,0.0,0.0,0.0,0.0,0.0,0.0,0.0,0.9944825660049401,0.390093648954553,0.5,0.0,0.0011654797683556817,0.026546197042147224,0.014705162146638407,1.0,1.0,1.0,1.0,1.0,0.0,1.0
0.0,0.0,0.0,0.0,0.0,0.0,0.0,0.0,0.0,0.0,0.0,0.0,0.0,0.0,0.0,0.0,0.0,0.9944825660049401,0.28305192377805977,1.0,0.0,0.0011654797683556817,0.026546197042147224,0.014705162146638407,1.0,1.0,1.0,1.0,1.0,0.0,1.0
0.0,0.0,0.0,0.0,0.0,0.0,0.0,0.0,0.0,0.0,0.0,0.0,0.0,0.0,0.0,0.0,0.0,0.9944825660049401,0.5284379005941418,1.0,0.0,0.0011654797683556817,0.026546197042147224,0.014705162146638407,1.0,1.0,1.0,1.0,1.0,0.0,1.0
0.0,0.0,0.0,0.0,0.0,0.0,0.0,0.0,0.0,0.0,0.0,0.0,0.0,0.0,0.0,0.0,0.0,0.9944825660049401,0.36022286318472174,1.0,0.0,0.0011654797683556817,0.026546197042147224,0.014705162146638407,1.0,1.0,1.0,1.0,1.0,0.0,1.0
0.0,0.0,0.0,0.0,0.0,0.0,0.0,0.0,0.0,0.0,0.0,0.0,0.0,0.0,0.0,0.0,0.0,0.9944825660049401,0.2725755390025011,1.0,0.0,0.0011654797683556817,0.026546197042147224,0.014705162146638407,1.0,1.0,1.0,1.0,1.0,0.0,1.0
0.0,0.0,0.0,0.0,0.0,0.0,0.0,0.0,0.0,0.0,0.0,0.0,0.0,0.0,0.0,0.0,0.0,0.9944825660049401,0.5030126146762641,1.0,0.0,0.0011654797683556817,0.026546197042147224,0.014705162146638407,1.0,1.0,1.0,1.0,1.0,0.0,1.0
0.0,0.0,0.0,0.0,0.0,0.0,0.0,0.0,0.0,0.0,0.0,0.0,0.0,0.0,0.0,0.0,0.0,0.9944825660049401,0.3439830176959786,1.0,0.0,0.0011654797683556817,0.026546197042147224,0.014705162146638407,1.0,1.0,1.0,1.0,1.0,0.0,1.0
0.0,0.0,0.0,0.0,0.0,0.0,0.0,0.0,0.0,0.0,0.0,0.0,0.0,0.0,0.0,0.0,0.0,0.9944825660049401,0.2332741580294475,1.0,0.0,0.0011654797683556817,0.026546197042147224,0.014705162146638407,1.0,1.0,1.0,1.0,1.0,0.0,1.0
0.0,0.0,0.0,0.0,0.0,0.0,0.0,0.0,0.0,0.0,0.0,0.0,0.0,0.0,0.0,0.0,0.0,0.9944825660049401,0.45889468964801816,1.0,0.0,0.0011654797683556817,0.026546197042147224,0.014705162146638407,1.0,1.0,1.0,1.0,1.0,0.0,1.0
0.0,0.0,0.0,0.0,0.0,0.0,0.0,0.0,0.0,0.0,0.0,0.0,0.0,0.0,0.0,0.0,0.0,0.9944825660049401,0.3385003966916136,1.0,0.0,0.0011654797683556817,0.026546197042147224,0.014705162146638407,1.0,1.0,1.0,1.0,1.0,0.0,1.0
0.91520756274532,0.557142857142857,1.0,0.0,0.0,0.0,0.0,0.0,0.0,0.0,0.0,0.0,0.0,0.0,0.0,0.0,0.0,0.0,0.0,0.0,0.0,0.0011654797683556817,0.026546197042147224,0.014705162146638407,0.0,1.0,1.0,1.0,1.0,1.0,1.0
0.0,0.0,0.0,0.0,0.0,0.0,0.0,0.0,0.0,0.0,0.0,0.0,0.0,0.0,0.9201875978407341,0.5,0.0,0.0,0.0,0.0,0.0,0.0011654797683556817,0.026546197042147224,0.014705162146638407,1.0,1.0,1.0,1.0,0.0,1.0,1.0
0.0,0.0,0.0,0.9169135415144904,0.0,0.0,0.9332570637398211,0.029227104534667727,0.02630043963528571,0.9319795619798298,0.3147257712445238,0.5373992919921875,0.3049417007508699,0.507897266858948,0.9201875978407341,0.5,0.0,0.0,0.0,0.0,0.0,0.0011654797683556817,0.026546197042147224,0.014705162146638407,1.0,0.0,0.0,0.0,0.0,1.0,1.0
0.0,0.0,0.0,0.9169374905700594,0.0,0.0,0.9332570637398211,0.02795059433383538,0.02768918070677377,0.9319795619798298,0.3147257712445238,0.5373992919921875,0.3049417007508699,0.507897266858948,0.9201875978407341,0.5,0.0,0.919169531952421,0.41379503969058273,1.0,0.9301828368317029,0.7147848351613489,0.6082472467705784,0.2017893129827095,1.0,0.0,0.0,0.0,0.0,0.0,0.0
0.9152314672420745,0.8142857142857143,1.0,0.0,0.0,0.0,0.0,0.0,0.0,0.0,0.0,0.0,0.0,0.0,0.0,0.0,0.0,0.9191935399326736,0.17069111536001724,1.0,0.9302071324707571,0.13650279389900832,0.5330870425408776,0.3028283434782526,0.0,1.0,1.0,1.0,1.0,0.0,0.0
0.9152314672420745,0.45714285714285713,1.0,0.9169374905700594,0.0,0.0,0.0,0.0,0.0,0.0,0.0,0.0,0.0,0.0,0.0,0.0,0.0,0.0,0.0,0.0,0.0,0.0011654797683556817,0.026546197042147224,0.014705162146638407,0.0,0.0,1.0,1.0,1.0,1.0,1.0
0.9152314672420745,0.5785714285714285,1.0,0.9169374905700594,0.0,0.0,0.0,0.0,0.0,0.0,0.0,0.0,0.0,0.0,0.0,0.0,0.0,0.0,0.0,0.0,0.0,0.0011654797683556817,0.026546197042147224,0.014705162146638407,0.0,0.0,1.0,1.0,1.0,1.0,1.0
0.0,0.0,0.0,0.0,0.0,0.0,0.0,0.0,0.0,0.0,0.0,0.0,0.0,0.0,0.9202116324120615,1.0,1.0,0.0,0.0,0.0,0.0,0.0011654797683556817,0.026546197042147224,0.014705162146638407,1.0,1.0,1.0,1.0,0.0,1.0,1.0
0.0,0.0,0.0,0.0,0.0,0.0,0.9332814396752476,0.02934969202900731,0.0263637982114673,0.932003904547922,0.16462884095800706,0.7453155517578125,0.0341706855503327,0.5412412824856171,0.9202116324120615,1.0,1.0,0.0,0.0,0.0,0.0,0.0011654797683556817,0.026546197042147224,0.014705162146638407,1.0,1.0,0.0,0.0,0.0,1.0,1.0
0.0,0.0,0.0,0.9169374905700594,0.0,0.0,0.9332814396752476,0.027991756042360913,0.027711414733489637,0.932003904547922,0.16462884095800706,0.7453155517578125,0.0341706855503327,0.5412412824856171,0.9202116324120615,1.0,1.0,0.9191935399326736,0.4090965241935982,1.0,0.9302071324707571,0.7015358015000536,0.6082472467705784,0.2017893129827095,1.0,0.0,0.0,0.0,0.0,0.0,0.0
0.9152314672420745,0.3428571428571428,0.0,0.9169374905700594,1.0,0.0,0.0,0.0,0.0,0.0,0.0,0.0,0.0,0.0,0.0,0.0,0.0,0.9191935399326736,0.09094020064232877,0.5,0.9302071324707571,0.12673981272195312,0.5330870425408776,0.3028283434782526,0.0,0.0,1.0,1.0,1.0,0.0,0.0
0.9152314672420745,0.9178571428571428,1.0,0.9169374905700594,1.0,0.0,0.0,0.0,0.0,0.0,0.0,0.0,0.0,0.0,0.0,0.0,0.0,0.0,0.0,0.0,0.0,0.0011654797683556817,0.026546197042147224,0.014705162146638407,0.0,0.0,1.0,1.0,1.0,1.0,1.0
0.9152314672420745,0.21428571428571427,0.0,0.0,0.0,0.0,0.9332814396752476,0.029368551460431443,0.02636996651852116,0.0,0.0,0.0,0.0,0.0,0.0,0.0,0.0,0.0,0.0,0.0,0.0,0.0011654797683556817,0.026546197042147224,0.014705162146638407,0.0,1.0,0.0,1.0,1.0,1.0,1.0
0.0,0.0,0.0,0.0,0.0,0.0,0.9332814396752476,0.02802333187997102,0.02776334755320199,0.932003904547922,0.16462884095800706,0.7453155517578125,0.0341706855503327,0.5412412824856171,0.0,0.0,0.0,0.0,0.0,0.0,0.0,0.0011654797683556817,0.026546197042147224,0.014705162146638407,1.0,1.0,0.0,0.0,1.0,1.0,1.0
0.0,0.0,0.0,0.0,0.0,0.0,0.0,0.0,0.0,0.932003904547922,0.16462884095800706,0.7453155517578125,0.0341706855503327,0.5412412824856171,0.0,0.0,0.0,0.0,0.0,0.0,0.9302071324707571,0.7115571582516219,0.6082472467705784,0.2017893129827095,1.0,1.0,1.0,0.0,1.0,1.0,0.0
0.0,0.0,0.0,0.0,0.0,0.0,0.0,0.0,0.0,0.0,0.0,0.0,0.0,0.0,0.9202116324120615,0.5,0.0,0.0,0.0,0.0,0.0,0.0011654797683556817,0.026546197042147224,0.014705162146638407,1.0,1.0,1.0,1.0,0.0,1.0,1.0
0.9152314672420745,0.37857142857142856,0.0,0.9169374905700594,0.0,0.0,0.0,0.0,0.0,0.0,0.0,0.0,0.0,0.0,0.0,0.0,0.0,0.9191935399326736,0.3832179832216984,1.0,0.9302071324707571,0.11491417539371096,0.5330870425408776,0.3028283434782526,0.0,0.0,1.0,1.0,1.0,0.0,0.0
0.0,0.0,0.0,0.9169374905700594,0.0,0.0,0.0,0.0,0.0,0.0,0.0,0.0,0.0,0.0,0.0,0.0,0.0,0.9191935399326736,0.5038890390377282,0.5,0.0,0.0011654797683556817,0.026546197042147224,0.014705162146638407,1.0,0.0,1.0,1.0,1.0,0.0,1.0
0.9152314672420745,0.4321428571428571,1.0,0.9169374905700594,0.0,0.0,0.0,0.0,0.0,0.0,0.0,0.0,0.0,0.0,0.9202116324120615,0.5,0.0,0.0,0.0,0.0,0.0,0.0011654797683556817,0.026546197042147224,0.014705162146638407,0.0,0.0,1.0,1.0,0.0,1.0,1.0
0.9152314672420745,0.37857142857142856,0.0,0.0,0.0,0.0,0.0,0.0,0.0,0.0,0.0,0.0,0.0,0.0,0.0,0.0,0.0,0.0,0.0,0.0,0.0,0.0011654797683556817,0.026546197042147224,0.014705162146638407,0.0,1.0,1.0,1.0,1.0,1.0,1.0
0.0,0.0,0.0,0.0,0.0,0.0,0.0,0.0,0.0,0.01857337945438568,0.43839965807269005,0.538818359375,0.055979488431719675,0.38228875764928505,0.0,0.0,0.0,0.01831808893276125,0.8992382549600944,1.0,0.0,0.0011654797683556817,0.026546197042147224,0.014705162146638407,1.0,1.0,1.0,0.0,1.0,0.0,1.0
0.0,0.0,0.0,0.0,0.0,0.0,0.0,0.0,0.0,0.0,0.0,0.0,0.0,0.0,0.0,0.0,0.0,0.01831808893276125,0.6013504841689477,0.5,0.0,0.0011654797683556817,0.026546197042147224,0.014705162146638407,1.0,1.0,1.0,1.0,1.0,0.0,1.0
0.0,0.0,0.0,0.0,0.0,0.0,0.0,0.0,0.0,0.0,0.0,0.0,0.0,0.0,0.0,0.0,0.0,0.01831808893276125,0.834997282402155,1.0,0.0,0.0011654797683556817,0.026546197042147224,0.014705162146638407,1.0,1.0,1.0,1.0,1.0,0.0,1.0
0.0,0.0,0.0,0.0,0.0,0.0,0.0,0.0,0.0,0.0,0.0,0.0,0.0,0.0,0.0,0.0,0.0,0.01831808893276125,0.9064099365024507,1.0,0.0,0.0011654797683556817,0.026546197042147224,0.014705162146638407,1.0,1.0,1.0,1.0,1.0,0.0,1.0
0.0,0.0,0.0,0.0,0.0,0.0,0.0,0.0,0.0,0.0,0.0,0.0,0.0,0.0,0.0,0.0,0.0,0.01831808893276125,0.4966713472102584,1.0,0.0,0.0011654797683556817,0.026546197042147224,0.014705162146638407,1.0,1.0,1.0,1.0,1.0,0.0,1.0
0.0,0.0,0.0,0.0,0.0,0.0,0.0,0.0,0.0,0.0,0.0,0.0,0.0,0.0,0.0,0.0,0.0,0.01831808893276125,0.2477819164430688,1.0,0.0,0.0011654797683556817,0.026546197042147224,0.014705162146638407,1.0,1.0,1.0,1.0,1.0,0.0,1.0
0.0,0.0,0.0,0.0,0.0,0.0,0.0,0.0,0.0,0.0,0.0,0.0,0.0,0.0,0.0,0.0,0.0,0.01831808893276125,0.3071986841433132,1.0,0.0,0.0011654797683556817,0.026546197042147224,0.014705162146638407,1.0,1.0,1.0,1.0,1.0,0.0,1.0
0.0,0.0,0.0,0.0,0.0,0.0,0.0,0.0,0.0,0.0,0.0,0.0,0.0,0.0,0.0,0.0,0.0,0.01831808893276125,0.25483957807126245,1.0,0.0,0.0011654797683556817,0.026546197042147224,0.014705162146638407,1.0,1.0,1.0,1.0,1.0,0.0,1.0
0.0,0.0,0.0,0.0,0.0,0.0,0.0,0.0,0.0,0.0,0.0,0.0,0.0,0.0,0.0,0.0,0.0,0.01831808893276125,0.5936104336477923,1.0,0.0,0.0011654797683556817,0.026546197042147224,0.014705162146638407,1.0,1.0,1.0,1.0,1.0,0.0,1.0
0.0,0.0,0.0,0.0,0.0,0.0,0.0,0.0,0.0,0.0,0.0,0.0,0.0,0.0,0.0,0.0,0.0,0.01831808893276125,0.845608316876393,0.5,0.0,0.0011654797683556817,0.026546197042147224,0.014705162146638407,1.0,1.0,1.0,1.0,1.0,0.0,1.0
0.0,0.0,0.0,0.0,0.0,0.0,0.0,0.0,0.0,0.0,0.0,0.0,0.0,0.0,0.0,0.0,0.0,0.01831808893276125,0.17886410489437088,1.0,0.0,0.0011654797683556817,0.026546197042147224,0.014705162146638407,1.0,1.0,1.0,1.0,1.0,0.0,1.0
0.0,0.0,0.0,0.0,0.0,0.0,0.0,0.0,0.0,0.0,0.0,0.0,0.0,0.0,0.0,0.0,0.0,0.01831808893276125,0.4778544555943509,1.0,0.0,0.0011654797683556817,0.026546197042147224,0.014705162146638407,1.0,1.0,1.0,1.0,1.0,0.0,1.0
0.0,0.0,0.0,0.0,0.0,0.0,0.0,0.0,0.0,0.0,0.0,0.0,0.0,0.0,0.0,0.0,0.0,0.01831808893276125,0.09094020064232877,0.5,0.0,0.0011654797683556817,0.026546197042147224,0.014705162146638407,1.0,1.0,1.0,1.0,1.0,0.0,1.0
0.0,0.0,0.0,0.0,0.0,0.0,0.0,0.0,0.0,0.0,0.0,0.0,0.0,0.0,0.0,0.0,0.0,0.01831808893276125,0.1783311380262802,1.0,0.0,0.0011654797683556817,0.026546197042147224,0.014705162146638407,1.0,1.0,1.0,1.0,1.0,0.0,1.0
0.0,0.0,0.0,0.0,0.0,0.0,0.0,0.0,0.0,0.0,0.0,0.0,0.0,0.0,0.0,0.0,0.0,0.01831808893276125,0.09188883425130934,0.5,0.0,0.0011654797683556817,0.026546197042147224,0.014705162146638407,1.0,1.0,1.0,1.0,1.0,0.0,1.0
0.0,0.0,0.0,0.0,0.0,0.0,0.0,0.0,0.0,0.0,0.0,0.0,0.0,0.0,0.0,0.0,0.0,0.01831808893276125,0.6065531439468312,1.0,0.0,0.0011654797683556817,0.026546197042147224,0.014705162146638407,1.0,1.0,1.0,1.0,1.0,0.0,1.0
0.0,0.0,0.0,0.0,0.0,0.0,0.0,0.0,0.0,0.0,0.0,0.0,0.0,0.0,0.0,0.0,0.0,0.01831808893276125,0.8754083166128481,1.0,0.0,0.0011654797683556817,0.026546197042147224,0.014705162146638407,1.0,1.0,1.0,1.0,1.0,0.0,1.0
0.0,0.0,0.0,0.0,0.0,0.0,0.0,0.0,0.0,0.0,0.0,0.0,0.0,0.0,0.0,0.0,0.0,0.01831808893276125,0.6847362814345161,1.0,0.0,0.0011654797683556817,0.026546197042147224,0.014705162146638407,1.0,1.0,1.0,1.0,1.0,0.0,1.0
0.0,0.0,0.0,0.0,0.0,0.0,0.0,0.0,0.0,0.0,0.0,0.0,0.0,0.0,0.0,0.0,0.0,0.01831808893276125,0.404940620682384,1.0,0.0,0.0011654797683556817,0.026546197042147224,0.014705162146638407,1.0,1.0,1.0,1.0,1.0,0.0,1.0
0.0,0.0,0.0,0.0,0.0,0.0,0.0,0.0,0.0,0.0,0.0,0.0,0.0,0.0,0.0,0.0,0.0,0.01831808893276125,0.49050209768077746,1.0,0.0,0.0011654797683556817,0.026546197042147224,0.014705162146638407,1.0,1.0,1.0,1.0,1.0,0.0,1.0
0.886283121672295,0.37142857142857144,0.0,0.8879351842760081,0.0,0.0,0.0,0.0,0.0,0.0,0.0,0.0,0.0,0.0,0.0,0.0,0.0,0.0,0.0,0.0,0.0,0.0011654797683556817,0.026546197042147224,0.014705162146638407,0.0,0.0,1.0,1.0,1.0,1.0,1.0
0.886283121672295,0.39285714285714285,0.0,0.0,0.0,0.0,0.0,0.0,0.0,0.0,0.0,0.0,0.0,0.0,0.0,0.0,0.0,0.0,0.0,0.0,0.0,0.0011654797683556817,0.026546197042147224,0.014705162146638407,0.0,1.0,1.0,1.0,1.0,1.0,1.0
0.886283121672295,0.7928571428571428,1.0,0.8879351842760081,0.0,0.0,0.0,0.0,0.0,0.0,0.0,0.0,0.0,0.0,0.0,0.0,0.0,0.0,0.0,0.0,0.0,0.0011654797683556817,0.026546197042147224,0.014705162146638407,0.0,0.0,1.0,1.0,1.0,1.0,1.0
0.0,0.0,0.0,0.8879351842760081,0.0,0.0,0.0,0.0,0.0,0.0,0.0,0.0,0.0,0.0,0.0,0.0,0.0,0.0,0.0,0.0,0.0,0.0011654797683556817,0.026546197042147224,0.014705162146638407,1.0,0.0,1.0,1.0,1.0,1.0,1.0
0.886283121672295,0.4464285714285714,1.0,0.8879351842760081,0.0,0.0,0.0,0.0,0.0,0.0,0.0,0.0,0.0,0.0,0.0,0.0,0.0,0.0,0.0,0.0,0.0,0.0011654797683556817,0.026546197042147224,0.014705162146638407,0.0,0.0,1.0,1.0,1.0,1.0,1.0
0.886283121672295,0.16785714285714284,0.0,0.8879351842760081,0.0,0.0,0.0,0.0,0.0,0.0,0.0,0.0,0.0,0.0,0.0,0.0,0.0,0.0,0.0,0.0,0.0,0.0011654797683556817,0.026546197042147224,0.014705162146638407,0.0,0.0,1.0,1.0,1.0,1.0,1.0
0.0,0.0,0.0,0.8879351842760081,0.0,0.0,0.0,0.0,0.0,0.0,0.0,0.0,0.0,0.0,0.0,0.0,0.0,0.0,0.0,0.0,0.0,0.0011654797683556817,0.026546197042147224,0.014705162146638407,1.0,0.0,1.0,1.0,1.0,1.0,1.0
0.886283121672295,0.11428571428571428,0.0,0.8879351842760081,0.0,0.0,0.0,0.0,0.0,0.0,0.0,0.0,0.0,0.0,0.0,0.0,0.0,0.0,0.0,0.0,0.0,0.0011654797683556817,0.026546197042147224,0.014705162146638407,0.0,0.0,1.0,1.0,1.0,1.0,1.0
0.886283121672295,0.7035714285714285,1.0,0.0,0.0,0.0,0.0,0.0,0.0,0.0,0.0,0.0,0.0,0.0,0.0,0.0,0.0,0.0,0.0,0.0,0.0,0.0011654797683556817,0.026546197042147224,0.014705162146638407,0.0,1.0,1.0,1.0,1.0,1.0,1.0
0.886283121672295,0.8571428571428571,1.0,0.0,0.0,0.0,0.0,0.0,0.0,0.0,0.0,0.0,0.0,0.0,0.0,0.0,0.0,0.0,0.0,0.0,0.0,0.0011654797683556817,0.026546197042147224,0.014705162146638407,0.0,1.0,1.0,1.0,1.0,1.0,1.0
0.886283121672295,0.42142857142857143,0.0,0.8879351842760081,0.0,0.0,0.0,0.0,0.0,0.0,0.0,0.0,0.0,0.0,0.0,0.0,0.0,0.0,0.0,0.0,0.0,0.0011654797683556817,0.026546197042147224,0.014705162146638407,0.0,0.0,1.0,1.0,1.0,1.0,1.0
0.0,0.0,0.0,0.8879351842760081,1.0,0.0,0.0,0.0,0.0,0.0,0.0,0.0,0.0,0.0,0.0,0.0,0.0,0.0,0.0,0.0,0.0,0.0011654797683556817,0.026546197042147224,0.014705162146638407,1.0,0.0,1.0,1.0,1.0,1.0,1.0
0.0,0.0,0.0,0.8879351842760081,0.0,0.0,0.0,0.0,0.0,0.0,0.0,0.0,0.0,0.0,0.0,0.0,0.0,0.0,0.0,0.0,0.0,0.0011654797683556817,0.026546197042147224,0.014705162146638407,1.0,0.0,1.0,1.0,1.0,1.0,1.0
0.886283121672295,0.6107142857142858,1.0,0.8879351842760081,0.0,0.0,0.0,0.0,0.0,0.0,0.0,0.0,0.0,0.0,0.0,0.0,0.0,0.0,0.0,0.0,0.0,0.0011654797683556817,0.026546197042147224,0.014705162146638407,0.0,0.0,1.0,1.0,1.0,1.0,1.0
0.886283121672295,0.44285714285714284,1.0,0.887959133331577,1.0,0.0,0.0,0.0,0.0,0.0,0.0,0.0,0.0,0.0,0.0,0.0,0.0,0.0,0.0,0.0,0.0,0.0011654797683556817,0.026546197042147224,0.014705162146638407,0.0,0.0,1.0,1.0,1.0,1.0,1.0
0.8863070261690494,0.8214285714285714,1.0,0.887959133331577,0.0,0.0,0.0,0.0,0.0,0.0,0.0,0.0,0.0,0.0,0.0,0.0,0.0,0.0,0.0,0.0,0.0,0.0011654797683556817,0.026546197042147224,0.014705162146638407,0.0,0.0,1.0,1.0,1.0,1.0,1.0
0.8863070261690494,0.18571428571428572,0.0,0.887959133331577,0.0,0.0,0.0,0.0,0.0,0.0,0.0,0.0,0.0,0.0,0.0,0.0,0.0,0.0,0.0,0.0,0.0,0.0011654797683556817,0.026546197042147224,0.014705162146638407,0.0,0.0,1.0,1.0,1.0,1.0,1.0
0.8863070261690494,0.9178571428571428,1.0,0.0,0.0,0.0,0.0,0.0,0.0,0.0,0.0,0.0,0.0,0.0,0.0,0.0,0.0,0.0,0.0,0.0,0.0,0.0011654797683556817,0.026546197042147224,0.014705162146638407,0.0,1.0,1.0,1.0,1.0,1.0,1.0
0.8863070261690494,0.9249999999999999,1.0,0.887959133331577,0.0,0.0,0.0,0.0,0.0,0.0,0.0,0.0,0.0,0.0,0.0,0.0,0.0,0.0,0.0,0.0,0.0,0.0011654797683556817,0.026546197042147224,0.014705162146638407,0.0,0.0,1.0,1.0,1.0,1.0,1.0
0.8863070261690494,0.14285714285714285,0.0,0.887959133331577,1.0,0.0,0.0,0.0,0.0,0.0,0.0,0.0,0.0,0.0,0.0,0.0,0.0,0.0,0.0,0.0,0.0,0.0011654797683556817,0.026546197042147224,0.014705162146638407,0.0,0.0,1.0,1.0,1.0,1.0,1.0
0.0,0.0,0.0,0.0,0.0,0.0,0.9906623916692804,0.08847963828965624,0.08889417146849836,0.0,0.0,0.0,0.0,0.0,0.9767890133167548,0.5,0.0,0.0,0.0,0.0,0.0,0.0011654797683556817,0.026546197042147224,0.014705162146638407,1.0,1.0,0.0,1.0,0.0,1.0,1.0
0.0,0.0,0.0,0.0,0.0,0.0,0.0,0.0,0.0,0.0,0.0,0.0,0.0,0.0,0.9767890133167548,0.5,0.0,0.9757083254473787,0.49758460689999273,1.0,0.0,0.0011654797683556817,0.026546197042147224,0.014705162146638407,1.0,1.0,1.0,1.0,0.0,0.0,1.0
0.9715026526023233,0.07142857142857142,0.0,0.9733135673794704,0.0,0.0,0.0,0.0,0.0,0.0,0.0,0.0,0.0,0.0,0.0,0.0,0.0,0.9757083254473787,0.3302204951291787,1.0,0.987399066804504,0.1656339611785712,0.4564630973699934,0.29628760044817104,0.0,0.0,1.0,1.0,1.0,0.0,0.0
0.9715026526023233,0.07142857142857142,0.0,0.9733135673794704,0.0,0.0,0.0,0.0,0.0,0.0,0.0,0.0,0.0,0.0,0.9767890133167548,0.5,0.0,0.9757083254473787,0.34045862294486895,1.0,0.0,0.0011654797683556817,0.026546197042147224,0.014705162146638407,0.0,0.0,1.0,1.0,0.0,0.0,1.0
0.9715026526023233,0.3571428571428571,0.0,0.9733135673794704,0.0,0.0,0.9906623916692804,0.0725396240258264,0.07742866544292248,0.0,0.0,0.0,0.0,0.0,0.9767890133167548,0.5,0.0,0.9757083254473787,0.4654422740566231,1.0,0.987399066804504,0.23709913029088936,0.4588466182087966,0.06749171068078949,0.0,0.0,0.0,1.0,0.0,0.0,0.0
0.9715026526023233,0.6892857142857143,1.0,0.0,0.0,0.0,0.0,0.0,0.0,0.0,0.0,0.0,0.0,0.0,0.0,0.0,0.0,0.0,0.0,0.0,0.987399066804504,0.5710750825098957,0.7699341297615906,0.12632423159314335,0.0,1.0,1.0,1.0,1.0,1.0,0.0
0.0,0.0,0.0,0.9733135673794704,0.0,0.0,0.9906623916692804,0.048935129774310235,0.04467593022440915,0.0,0.0,0.0,0.0,0.0,0.0,0.0,0.0,0.9757083254473787,0.3276648426842157,1.0,0.987399066804504,0.5136786893394852,0.5681115343279102,0.08212745034714485,1.0,0.0,0.0,1.0,1.0,0.0,0.0
0.0,0.0,0.0,0.0,0.0,0.0,0.9906623916692804,0.08860820693981673,0.08890076251090853,0.0,0.0,0.0,0.0,0.0,0.9767890133167548,0.5,0.0,0.0,0.0,0.0,0.0,0.0011654797683556817,0.026546197042147224,0.014705162146638407,1.0,1.0,0.0,1.0,0.0,1.0,1.0
0.9715026526023233,0.1464285714285714,0.0,0.9733135673794704,0.0,0.0,0.9906623916692804,0.05623883106585189,0.05597211690617061,0.0,0.0,0.0,0.0,0.0,0.9767890133167548,1.0,1.0,0.9757083254473787,0.4855254652245806,1.0,0.987399066804504,0.1627304213719334,0.4564630973699934,0.29628760044817104,0.0,0.0,0.0,1.0,0.0,0.0,0.0
0.9715026526023233,0.3821428571428571,0.0,0.9733135673794704,0.0,0.0,0.0,0.0,0.0,0.0,0.0,0.0,0.0,0.0,0.9767890133167548,1.0,1.0,0.9757083254473787,0.3173192735684771,1.0,0.0,0.0011654797683556817,0.026546197042147224,0.014705162146638407,0.0,0.0,1.0,1.0,0.0,0.0,1.0
0.9715026526023233,0.8857142857142857,1.0,0.9733135673794704,0.0,0.0,0.9906623916692804,0.07260348331877305,0.0774910651695494,0.0,0.0,0.0,0.0,0.0,0.9767890133167548,1.0,1.0,0.9757083254473787,0.4348294126119425,1.0,0.987399066804504,0.24397489277641526,0.4588466182087966,0.06749171068078949,0.0,0.0,0.0,1.0,0.0,0.0,0.0
0.0,0.0,0.0,0.0,0.0,0.0,0.0,0.0,0.0,0.0,0.0,0.0,0.0,0.0,0.0,0.0,0.0,0.0,0.0,0.0,0.987399066804504,0.519773422983843,0.5681115343279102,0.08212745034714485,1.0,1.0,1.0,1.0,1.0,1.0,0.0
0.9715026526023233,0.43571428571428567,1.0,0.9733135673794704,0.0,0.0,0.9906623916692804,0.049071246110686396,0.04472555983497656,0.0,0.0,0.0,0.0,0.0,0.0,0.0,0.0,0.0,0.0,0.0,0.987399066804504,0.5774455694201172,0.7699341297615906,0.12632423159314335,0.0,0.0,0.0,1.0,1.0,1.0,0.0
0.0,0.0,0.0,0.0,0.0,0.0,0.9906623916692804,0.08861405349819199,0.0889730837834307,0.0,0.0,0.0,0.0,0.0,0.0,0.0,0.0,0.0,0.0,0.0,0.0,0.0011654797683556817,0.026546197042147224,0.014705162146638407,1.0,1.0,0.0,1.0,1.0,1.0,1.0
0.9715026526023233,0.875,1.0,0.9733135673794704,0.0,0.0,0.9906623916692804,0.056423034974212895,0.055992462622188224,0.0,0.0,0.0,0.0,0.0,0.9767890133167548,0.5,0.0,0.9757083254473787,0.4731871489554229,1.0,0.987399066804504,0.1627304213719334,0.4564630973699934,0.29628760044817104,0.0,0.0,0.0,1.0,0.0,0.0,0.0
0.9715026526023233,0.7714285714285715,1.0,0.9733135673794704,0.0,0.0,0.9906623916692804,0.07272264759017313,0.07754458809456248,0.0,0.0,0.0,0.0,0.0,0.9767890133167548,0.5,0.0,0.9757083254473787,0.2856892941779181,1.0,0.0,0.0011654797683556817,0.026546197042147224,0.014705162146638407,0.0,0.0,0.0,1.0,0.0,0.0,1.0
0.9715026526023233,0.7214285714285713,1.0,0.9733135673794704,0.0,0.0,0.0,0.0,0.0,0.0,0.0,0.0,0.0,0.0,0.0,0.0,0.0,0.0,0.0,0.0,0.987399066804504,0.25255861633898447,0.4588466182087966,0.06749171068078949,0.0,0.0,1.0,1.0,1.0,1.0,0.0
0.9715026526023233,0.21428571428571427,0.0,0.9733135673794704,1.0,0.0,0.9906623916692804,0.049219200190658015,0.04473082468184866,0.0,0.0,0.0,0.0,0.0,0.0,0.0,0.0,0.0,0.0,0.0,0.987399066804504,0.5925818275197577,0.7699341297615906,0.1113440871493944,0.0,0.0,0.0,1.0,1.0,1.0,0.0
0.0,0.0,0.0,0.0,0.0,0.0,0.9906623916692804,0.05667362369454625,0.0560923019394301,0.0,0.0,0.0,0.0,0.0,0.9767890133167548,0.5,0.0,0.9757083254473787,0.4105194700600583,1.0,0.987399066804504,0.5223964299782041,0.5681115343279102,0.08212745034714485,1.0,1.0,0.0,1.0,0.0,0.0,0.0
0.0,0.0,0.0,0.9733135673794704,0.0,0.0,0.9906623916692804,0.0887051617060589,0.08906806950845039,0.0,0.0,0.0,0.0,0.0,0.9767890133167548,0.5,0.0,0.9757083254473787,0.29640055748489225,1.0,0.0,0.0011654797683556817,0.026546197042147224,0.014705162146638407,1.0,0.0,0.0,1.0,0.0,0.0,1.0
0.0,0.0,0.0,0.0,0.0,0.0,0.0,0.0,0.0,0.0,0.0,0.0,0.0,0.0,0.9190820075596738,1.0,1.0,0.0,0.0,0.0,0.0,0.0011654797683556817,0.026546197042147224,0.014705162146638407,1.0,1.0,1.0,1.0,0.0,1.0,1.0
0.0,0.0,0.0,0.0,0.0,0.0,0.0,0.0,0.0,0.0,0.0,0.0,0.0,0.0,0.9190820075596738,0.5,0.0,0.0,0.0,0.0,0.0,0.0011654797683556817,0.026546197042147224,0.014705162146638407,1.0,1.0,1.0,1.0,0.0,1.0,1.0
0.0,0.0,0.0,0.0,0.0,0.0,0.0,0.0,0.0,0.0,0.0,0.0,0.0,0.0,0.9190820075596738,1.0,1.0,0.0,0.0,0.0,0.0,0.0011654797683556817,0.026546197042147224,0.014705162146638407,1.0,1.0,1.0,1.0,0.0,1.0,1.0
0.0,0.0,0.0,0.0,0.0,0.0,0.0,0.0,0.0,0.0,0.0,0.0,0.0,0.0,0.9190820075596738,0.5,0.0,0.0,0.0,0.0,0.0,0.0011654797683556817,0.026546197042147224,0.014705162146638407,1.0,1.0,1.0,1.0,0.0,1.0,1.0
0.0,0.0,0.0,0.0,0.0,0.0,0.0,0.0,0.0,0.0,0.0,0.0,0.0,0.0,0.9190820075596738,1.0,1.0,0.0,0.0,0.0,0.0,0.0011654797683556817,0.026546197042147224,0.014705162146638407,1.0,1.0,1.0,1.0,0.0,1.0,1.0
0.0,0.0,0.0,0.0,0.0,0.0,0.0,0.0,0.0,0.0,0.0,0.0,0.0,0.0,0.9190820075596738,0.5,0.0,0.0,0.0,0.0,0.0,0.0011654797683556817,0.026546197042147224,0.014705162146638407,1.0,1.0,1.0,1.0,0.0,1.0,1.0
0.0,0.0,0.0,0.0,0.0,0.0,0.0,0.0,0.0,0.0,0.0,0.0,0.0,0.0,0.9190820075596738,1.0,1.0,0.0,0.0,0.0,0.0,0.0011654797683556817,0.026546197042147224,0.014705162146638407,1.0,1.0,1.0,1.0,0.0,1.0,1.0
0.0,0.0,0.0,0.0,0.0,0.0,0.0,0.0,0.0,0.0,0.0,0.0,0.0,0.0,0.9190820075596738,0.5,0.0,0.0,0.0,0.0,0.0,0.0011654797683556817,0.026546197042147224,0.014705162146638407,1.0,1.0,1.0,1.0,0.0,1.0,1.0
0.0,0.0,0.0,0.0,0.0,0.0,0.0,0.0,0.0,0.0,0.0,0.0,0.0,0.0,0.9190820075596738,0.5,0.0,0.0,0.0,0.0,0.0,0.0011654797683556817,0.026546197042147224,0.014705162146638407,1.0,1.0,1.0,1.0,0.0,1.0,1.0
0.0,0.0,0.0,0.0,0.0,0.0,0.0,0.0,0.0,0.0,0.0,0.0,0.0,0.0,0.9190820075596738,0.5,0.0,0.0,0.0,0.0,0.0,0.0011654797683556817,0.026546197042147224,0.014705162146638407,1.0,1.0,1.0,1.0,0.0,1.0,1.0
0.0,0.0,0.0,0.0,0.0,0.0,0.0,0.0,0.0,0.0,0.0,0.0,0.0,0.0,0.9191060421310012,0.5,0.0,0.0,0.0,0.0,0.0,0.0011654797683556817,0.026546197042147224,0.014705162146638407,1.0,1.0,1.0,1.0,0.0,1.0,1.0
0.0,0.0,0.0,0.0,0.0,0.0,0.0,0.0,0.0,0.0,0.0,0.0,0.0,0.0,0.9191060421310012,1.0,1.0,0.0,0.0,0.0,0.0,0.0011654797683556817,0.026546197042147224,0.014705162146638407,1.0,1.0,1.0,1.0,0.0,1.0,1.0
0.0,0.0,0.0,0.0,0.0,0.0,0.0,0.0,0.0,0.0,0.0,0.0,0.0,0.0,0.9191060421310012,1.0,1.0,0.0,0.0,0.0,0.0,0.0011654797683556817,0.026546197042147224,0.014705162146638407,1.0,1.0,1.0,1.0,0.0,1.0,1.0
0.0,0.0,0.0,0.0,0.0,0.0,0.0,0.0,0.0,0.0,0.0,0.0,0.0,0.0,0.9191060421310012,0.5,0.0,0.0,0.0,0.0,0.0,0.0011654797683556817,0.026546197042147224,0.014705162146638407,1.0,1.0,1.0,1.0,0.0,1.0,1.0
0.0,0.0,0.0,0.0,0.0,0.0,0.0,0.0,0.0,0.0,0.0,0.0,0.0,0.0,0.9191060421310012,0.5,0.0,0.0,0.0,0.0,0.0,0.0011654797683556817,0.026546197042147224,0.014705162146638407,1.0,1.0,1.0,1.0,0.0,1.0,1.0
0.0,0.0,0.0,0.0,0.0,0.0,0.0,0.0,0.0,0.0,0.0,0.0,0.0,0.0,0.9191060421310012,1.0,1.0,0.0,0.0,0.0,0.0,0.0011654797683556817,0.026546197042147224,0.014705162146638407,1.0,1.0,1.0,1.0,0.0,1.0,1.0
0.0,0.0,0.0,0.0,0.0,0.0,0.0,0.0,0.0,0.0,0.0,0.0,0.0,0.0,0.9191060421310012,0.5,0.0,0.0,0.0,0.0,0.0,0.0011654797683556817,0.026546197042147224,0.014705162146638407,1.0,1.0,1.0,1.0,0.0,1.0,1.0
0.0,0.0,0.0,0.0,0.0,0.0,0.0,0.0,0.0,0.0,0.0,0.0,0.0,0.0,0.9191060421310012,0.5,0.0,0.0,0.0,0.0,0.0,0.0011654797683556817,0.026546197042147224,0.014705162146638407,1.0,1.0,1.0,1.0,0.0,1.0,1.0
0.0,0.0,0.0,0.0,0.0,0.0,0.0,0.0,0.0,0.0,0.0,0.0,0.0,0.0,0.9191060421310012,1.0,1.0,0.0,0.0,0.0,0.0,0.0011654797683556817,0.026546197042147224,0.014705162146638407,1.0,1.0,1.0,1.0,0.0,1.0,1.0
0.0,0.0,0.0,0.0,0.0,0.0,0.0,0.0,0.0,0.0,0.0,0.0,0.0,0.0,0.9191300767023286,0.5,0.0,0.0,0.0,0.0,0.0,0.0011654797683556817,0.026546197042147224,0.014705162146638407,1.0,1.0,1.0,1.0,0.0,1.0,1.0
0.916856973021385,0.425,0.0,0.918566026348751,1.0,0.0,0.0,0.0,0.0,0.0,0.0,0.0,0.0,0.0,0.0,0.0,0.0,0.0,0.0,0.0,0.0,0.0011654797683556817,0.026546197042147224,0.014705162146638407,0.0,0.0,1.0,1.0,1.0,1.0,1.0
0.916856973021385,0.2857142857142857,0.0,0.0,0.0,0.0,0.9349390032842511,0.09452677267734334,0.0924782714530394,0.933659199178195,0.17195585474195174,0.903289794921875,0.90978877968378,0.3299149994658854,0.0,0.0,0.0,0.9208260825898529,0.5106143378770263,1.0,0.9318592359264474,0.7640059187667484,0.6134929464187452,0.15144730805243195,0.0,1.0,0.0,0.0,1.0,0.0,0.0
0.0,0.0,0.0,0.0,0.0,0.0,0.0,0.0,0.0,0.0,0.0,0.0,0.0,0.0,0.9218459832623245,0.5,0.0,0.9208260825898529,0.29308727040615157,1.0,0.9318592359264474,0.09403972231478219,0.6357960837162939,0.07904436626493679,1.0,1.0,1.0,1.0,0.0,0.0,0.0
0.0,0.0,0.0,0.0,0.0,0.0,0.0,0.0,0.0,0.0,0.0,0.0,0.0,0.0,0.9218459832623245,0.5,0.0,0.0,0.0,0.0,0.0,0.0011654797683556817,0.026546197042147224,0.014705162146638407,1.0,1.0,1.0,1.0,0.0,1.0,1.0
0.916856973021385,0.44285714285714284,1.0,0.918566026348751,0.0,0.0,0.0,0.0,0.0,0.0,0.0,0.0,0.0,0.0,0.0,0.0,0.0,0.0,0.0,0.0,0.0,0.0011654797683556817,0.026546197042147224,0.014705162146638407,0.0,0.0,1.0,1.0,1.0,1.0,1.0
0.916856973021385,0.5071428571428571,1.0,0.0,0.0,0.0,0.0,0.0,0.0,0.0,0.0,0.0,0.0,0.0,0.0,0.0,0.0,0.0,0.0,0.0,0.0,0.0011654797683556817,0.026546197042147224,0.014705162146638407,0.0,1.0,1.0,1.0,1.0,1.0,1.0
0.916856973021385,0.5499999999999999,1.0,0.918566026348751,1.0,0.0,0.0,0.0,0.0,0.0,0.0,0.0,0.0,0.0,0.0,0.0,0.0,0.0,0.0,0.0,0.0,0.0011654797683556817,0.026546197042147224,0.014705162146638407,0.0,0.0,1.0,1.0,1.0,1.0,1.0
0.0,0.0,0.0,0.918566026348751,0.0,0.0,0.9349390032842511,0.093922335030703,0.09464014530204663,0.933659199178195,0.17195585474195174,0.903289794921875,0.90978877968378,0.3299149994658854,0.9218459832623245,0.5,0.0,0.9208260825898529,0.48399122764997626,1.0,0.9318592359264474,0.7648630975989851,0.6134929464187452,0.15144730805243195,1.0,0.0,0.0,0.0,0.0,0.0,0.0
0.0,0.0,0.0,0.0,0.0,0.0,0.9349390032842511,0.09461511251663565,0.09250010286767857,0.933659199178195,0.17195585474195174,0.903289794921875,0.90978877968378,0.3299149994658854,0.9218459832623245,0.5,0.0,0.9208260825898529,0.26697062798212645,1.0,0.9318592359264474,0.08142648028801414,0.6357960837162939,0.09211281564114694,1.0,1.0,0.0,0.0,0.0,0.0,0.0
0.0,0.0,0.0,0.0,0.0,0.0,0.0,0.0,0.0,0.0,0.0,0.0,0.0,0.0,0.9218459832623245,0.5,0.0,0.0,0.0,0.0,0.0,0.0011654797683556817,0.026546197042147224,0.014705162146638407,1.0,1.0,1.0,1.0,0.0,1.0,1.0
0.916856973021385,0.1464285714285714,0.0,0.918566026348751,0.0,0.0,0.0,0.0,0.0,0.0,0.0,0.0,0.0,0.0,0.0,0.0,0.0,0.0,0.0,0.0,0.0,0.0011654797683556817,0.026546197042147224,0.014705162146638407,0.0,0.0,1.0,1.0,1.0,1.0,1.0
0.0,0.0,0.0,0.918566026348751,0.0,0.0,0.0,0.0,0.0,0.0,0.0,0.0,0.0,0.0,0.0,0.0,0.0,0.0,0.0,0.0,0.0,0.0011654797683556817,0.026546197042147224,0.014705162146638407,1.0,0.0,1.0,1.0,1.0,1.0,1.0
0.916856973021385,0.9464285714285714,1.0,0.918566026348751,0.0,0.0,0.0,0.0,0.0,0.0,0.0,0.0,0.0,0.0,0.0,0.0,0.0,0.0,0.0,0.0,0.0,0.0011654797683556817,0.026546197042147224,0.014705162146638407,0.0,0.0,1.0,1.0,1.0,1.0,1.0
0.916856973021385,0.42142857142857143,0.0,0.0,0.0,0.0,0.9349390032842511,0.09393961097986724,0.09464050843660662,0.933659199178195,0.878539481919067,0.2919464111328125,0.22698553201880226,0.8921851394039281,0.9218459832623245,1.0,1.0,0.0,0.0,0.0,0.9318592359264474,0.7586866500291282,0.6015024553572247,0.15144730805243195,0.0,1.0,0.0,0.0,0.0,1.0,0.0
0.0,0.0,0.0,0.0,0.0,0.0,0.9349390032842511,0.09466943265168427,0.09253502803710997,0.933659199178195,0.878539481919067,0.2919464111328125,0.22698553201880226,0.8921851394039281,0.0,0.0,0.0,0.9208260825898529,0.4813979887106856,1.0,0.9318592359264474,0.0758058637264809,0.6357960837162939,0.09211281564114694,1.0,1.0,0.0,0.0,1.0,0.0,0.0
0.0,0.0,0.0,0.0,0.0,0.0,0.0,0.0,0.0,0.0,0.0,0.0,0.0,0.0,0.0,0.0,0.0,0.9208260825898529,0.2606711275314719,1.0,0.0,0.0011654797683556817,0.026546197042147224,0.014705162146638407,1.0,1.0,1.0,1.0,1.0,0.0,1.0
0.0,0.0,0.0,0.0,0.0,0.0,0.0,0.0,0.0,0.0,0.0,0.0,0.0,0.0,0.9218459832623245,1.0,1.0,0.0,0.0,0.0,0.0,0.0011654797683556817,0.026546197042147224,0.014705162146638407,1.0,1.0,1.0,1.0,0.0,1.0,1.0
0.916856973021385,0.21428571428571427,0.0,0.918566026348751,0.0,0.0,0.0,0.0,0.0,0.0,0.0,0.0,0.0,0.0,0.9218459832623245,0.5,0.0,0.0,0.0,0.0,0.0,0.0011654797683556817,0.026546197042147224,0.014705162146638407,0.0,0.0,1.0,1.0,0.0,1.0,1.0
0.916856973021385,0.37142857142857144,0.0,0.918566026348751,0.0,0.0,0.0,0.0,0.0,0.0,0.0,0.0,0.0,0.0,0.0,0.0,0.0,0.0,0.0,0.0,0.0,0.0011654797683556817,0.026546197042147224,0.014705162146638407,0.0,0.0,1.0,1.0,1.0,1.0,1.0
0.916856973021385,0.425,0.0,0.918566026348751,0.0,0.0,0.9349390032842511,0.09402784779978635,0.09475354150248058,0.933659199178195,0.878539481919067,0.2919464111328125,0.22698553201880226,0.8921851394039281,0.0,0.0,0.0,0.0,0.0,0.0,0.9318592359264474,0.7729941130451271,0.6015024553572247,0.15144730805243195,0.0,0.0,0.0,0.0,1.0,1.0,0.0
0.0,0.0,0.0,0.0,0.0,0.0,0.0,0.0,0.0,0.0,0.0,0.0,0.0,0.0,0.917279414710119,1.0,1.0,0.0,0.0,0.0,0.0,0.0011654797683556817,0.026546197042147224,0.014705162146638407,1.0,1.0,1.0,1.0,0.0,1.0,1.0
0.0,0.0,0.0,0.0,0.0,0.0,0.0,0.0,0.0,0.0,0.0,0.0,0.0,0.0,0.917279414710119,1.0,1.0,0.0,0.0,0.0,0.0,0.0011654797683556817,0.026546197042147224,0.014705162146638407,1.0,1.0,1.0,1.0,0.0,1.0,1.0
0.0,0.0,0.0,0.0,0.0,0.0,0.0,0.0,0.0,0.0,0.0,0.0,0.0,0.0,0.917279414710119,0.5,0.0,0.0,0.0,0.0,0.0,0.0011654797683556817,0.026546197042147224,0.014705162146638407,1.0,1.0,1.0,1.0,0.0,1.0,1.0
0.0,0.0,0.0,0.0,0.0,0.0,0.0,0.0,0.0,0.0,0.0,0.0,0.0,0.0,0.9173034492814465,1.0,1.0,0.0,0.0,0.0,0.0,0.0011654797683556817,0.026546197042147224,0.014705162146638407,1.0,1.0,1.0,1.0,0.0,1.0,1.0
0.0,0.0,0.0,0.0,0.0,0.0,0.0,0.0,0.0,0.0,0.0,0.0,0.0,0.0,0.9173034492814465,0.5,0.0,0.0,0.0,0.0,0.0,0.0011654797683556817,0.026546197042147224,0.014705162146638407,1.0,1.0,1.0,1.0,0.0,1.0,1.0
0.0,0.0,0.0,0.0,0.0,0.0,0.0,0.0,0.0,0.0,0.0,0.0,0.0,0.0,0.9173034492814465,0.5,0.0,0.0,0.0,0.0,0.0,0.0011654797683556817,0.026546197042147224,0.014705162146638407,1.0,1.0,1.0,1.0,0.0,1.0,1.0
0.0,0.0,0.0,0.0,0.0,0.0,0.0,0.0,0.0,0.0,0.0,0.0,0.0,0.0,0.9173034492814465,1.0,1.0,0.0,0.0,0.0,0.0,0.0011654797683556817,0.026546197042147224,0.014705162146638407,1.0,1.0,1.0,1.0,0.0,1.0,1.0
0.0,0.0,0.0,0.0,0.0,0.0,0.0,0.0,0.0,0.0,0.0,0.0,0.0,0.0,0.9173034492814465,0.5,0.0,0.0,0.0,0.0,0.0,0.0011654797683556817,0.026546197042147224,0.014705162146638407,1.0,1.0,1.0,1.0,0.0,1.0,1.0
0.0,0.0,0.0,0.0,0.0,0.0,0.0,0.0,0.0,0.0,0.0,0.0,0.0,0.0,0.9173034492814465,1.0,1.0,0.0,0.0,0.0,0.0,0.0011654797683556817,0.026546197042147224,0.014705162146638407,1.0,1.0,1.0,1.0,0.0,1.0,1.0
0.0,0.0,0.0,0.0,0.0,0.0,0.0,0.0,0.0,0.0,0.0,0.0,0.0,0.0,0.9173034492814465,0.5,0.0,0.0,0.0,0.0,0.0,0.0011654797683556817,0.026546197042147224,0.014705162146638407,1.0,1.0,1.0,1.0,0.0,1.0,1.0
0.0,0.0,0.0,0.0,0.0,0.0,0.0,0.0,0.0,0.0,0.0,0.0,0.0,0.0,0.9173034492814465,1.0,1.0,0.0,0.0,0.0,0.0,0.0011654797683556817,0.026546197042147224,0.014705162146638407,1.0,1.0,1.0,1.0,0.0,1.0,1.0
0.0,0.0,0.0,0.0,0.0,0.0,0.0,0.0,0.0,0.0,0.0,0.0,0.0,0.0,0.9173034492814465,0.5,0.0,0.0,0.0,0.0,0.0,0.0011654797683556817,0.026546197042147224,0.014705162146638407,1.0,1.0,1.0,1.0,0.0,1.0,1.0
0.0,0.0,0.0,0.0,0.0,0.0,0.0,0.0,0.0,0.0,0.0,0.0,0.0,0.0,0.9173274838527739,1.0,1.0,0.0,0.0,0.0,0.0,0.0011654797683556817,0.026546197042147224,0.014705162146638407,1.0,1.0,1.0,1.0,0.0,1.0,1.0
0.0,0.0,0.0,0.0,0.0,0.0,0.0,0.0,0.0,0.0,0.0,0.0,0.0,0.0,0.9173274838527739,0.5,0.0,0.0,0.0,0.0,0.0,0.0011654797683556817,0.026546197042147224,0.014705162146638407,1.0,1.0,1.0,1.0,0.0,1.0,1.0
0.0,0.0,0.0,0.0,0.0,0.0,0.0,0.0,0.0,0.0,0.0,0.0,0.0,0.0,0.9173274838527739,1.0,1.0,0.0,0.0,0.0,0.0,0.0011654797683556817,0.026546197042147224,0.014705162146638407,1.0,1.0,1.0,1.0,0.0,1.0,1.0
0.0,0.0,0.0,0.0,0.0,0.0,0.0,0.0,0.0,0.0,0.0,0.0,0.0,0.0,0.9173274838527739,0.5,0.0,0.0,0.0,0.0,0.0,0.0011654797683556817,0.026546197042147224,0.014705162146638407,1.0,1.0,1.0,1.0,0.0,1.0,1.0
0.0,0.0,0.0,0.0,0.0,0.0,0.0,0.0,0.0,0.0,0.0,0.0,0.0,0.0,0.9173274838527739,1.0,1.0,0.0,0.0,0.0,0.0,0.0011654797683556817,0.026546197042147224,0.014705162146638407,1.0,1.0,1.0,1.0,0.0,1.0,1.0
0.0,0.0,0.0,0.0,0.0,0.0,0.0,0.0,0.0,0.0,0.0,0.0,0.0,0.0,0.9173274838527739,0.5,0.0,0.0,0.0,0.0,0.0,0.0011654797683556817,0.026546197042147224,0.014705162146638407,1.0,1.0,1.0,1.0,0.0,1.0,1.0
0.0,0.0,0.0,0.0,0.0,0.0,0.0,0.0,0.0,0.0,0.0,0.0,0.0,0.0,0.9173274838527739,0.5,0.0,0.0,0.0,0.0,0.0,0.0011654797683556817,0.026546197042147224,0.014705162146638407,1.0,1.0,1.0,1.0,0.0,1.0,1.0
0.0,0.0,0.0,0.0,0.0,0.0,0.0,0.0,0.0,0.0,0.0,0.0,0.0,0.0,0.9173274838527739,0.5,0.0,0.0,0.0,0.0,0.0,0.0011654797683556817,0.026546197042147224,0.014705162146638407,1.0,1.0,1.0,1.0,0.0,1.0,1.0
0.0,0.0,0.0,0.0,0.0,0.0,0.0,0.0,0.0,0.0,0.0,0.0,0.0,0.0,0.0,0.0,0.0,0.876699414885508,0.31107061960280546,1.0,0.0,0.0011654797683556817,0.026546197042147224,0.014705162146638407,1.0,1.0,1.0,1.0,1.0,0.0,1.0
0.0,0.0,0.0,0.0,0.0,0.0,0.0,0.0,0.0,0.0,0.0,0.0,0.0,0.0,0.0,0.0,0.0,0.876699414885508,0.9679755238378589,1.0,0.8872038513447029,0.6349535072290401,0.3766856757921554,0.8937631844894119,1.0,1.0,1.0,1.0,1.0,0.0,0.0
0.0,0.0,0.0,0.0,0.0,0.0,0.0,0.0,0.0,0.0,0.0,0.0,0.0,0.0,0.0,0.0,0.0,0.0,0.0,0.0,0.8872038513447029,0.3772667813539575,0.7548589194757648,0.2696329472296612,1.0,1.0,1.0,1.0,1.0,1.0,0.0
0.0,0.0,0.0,0.0,0.0,0.0,0.8901360339703036,0.07034415617869685,0.06842836859873024,0.0,0.0,0.0,0.0,0.0,0.0,0.0,0.0,0.0,0.0,0.0,0.8872038513447029,0.22047286066329597,0.46587252185605366,0.5041857704438366,1.0,1.0,0.0,1.0,1.0,1.0,0.0
0.0,0.0,0.0,0.0,0.0,0.0,0.8901360339703036,0.16994189397929674,0.171648421352902,0.0,0.0,0.0,0.0,0.0,0.0,0.0,0.0,0.0,0.0,0.0,0.0,0.0011654797683556817,0.026546197042147224,0.014705162146638407,1.0,1.0,0.0,1.0,1.0,1.0,1.0
0.8729205079864925,0.15714285714285714,0.0,0.8745476622129407,0.0,0.0,0.8901360339703036,0.13451004459138338,0.1361917199531996,0.0,0.0,0.0,0.0,0.0,0.8776704411625682,1.0,1.0,0.876699414885508,0.48715628674867917,1.0,0.8872038513447029,0.9640607948676984,0.5822978515310429,0.40183570742084646,0.0,0.0,0.0,1.0,0.0,0.0,0.0
0.0,0.0,0.0,0.0,0.0,0.0,0.0,0.0,0.0,0.0,0.0,0.0,0.0,0.0,0.8776704411625682,0.5,0.0,0.876699414885508,0.21516618438183377,1.0,0.8872038513447029,0.6522097290851739,0.3280207237452611,0.41363802371565694,1.0,1.0,1.0,1.0,0.0,0.0,0.0
0.0,0.0,0.0,0.0,0.0,0.0,0.8901360339703036,0.10992272444320696,0.10522327023550408,0.0,0.0,0.0,0.0,0.0,0.8776704411625682,0.5,0.0,0.0,0.0,0.0,0.0,0.0011654797683556817,0.026546197042147224,0.014705162146638407,1.0,1.0,0.0,1.0,0.0,1.0,1.0
0.0,0.0,0.0,0.8745476622129407,0.0,0.0,0.8901360339703036,0.06757418202809813,0.07296637555651657,0.0,0.0,0.0,0.0,0.0,0.0,0.0,0.0,0.0,0.0,0.0,0.0,0.0011654797683556817,0.026546197042147224,0.014705162146638407,1.0,0.0,0.0,1.0,1.0,1.0,1.0
0.8729205079864925,0.2785714285714285,0.0,0.8745476622129407,0.0,0.0,0.0,0.0,0.0,0.0,0.0,0.0,0.0,0.0,0.0,0.0,0.0,0.0,0.0,0.0,0.0,0.0011654797683556817,0.026546197042147224,0.014705162146638407,0.0,0.0,1.0,1.0,1.0,1.0,1.0
0.8729205079864925,0.9464285714285714,1.0,0.0,0.0,0.0,0.0,0.0,0.0,0.0,0.0,0.0,0.0,0.0,0.0,0.0,0.0,0.876699414885508,0.441707411870345,1.0,0.8872038513447029,0.5205963481265098,0.4037918754920531,0.3065967352433154,0.0,1.0,1.0,1.0,1.0,0.0,0.0
0.8729205079864925,0.14285714285714285,0.0,0.8745476622129407,0.0,0.0,0.0,0.0,0.0,0.0,0.0,0.0,0.0,0.0,0.0,0.0,0.0,0.0,0.0,0.0,0.0,0.0011654797683556817,0.026546197042147224,0.014705162146638407,0.0,0.0,1.0,1.0,1.0,1.0,1.0
0.8729205079864925,0.8964285714285715,1.0,0.8745476622129407,1.0,0.0,0.0,0.0,0.0,0.0,0.0,0.0,0.0,0.0,0.0,0.0,0.0,0.876699414885508,0.28800464805550785,1.0,0.0,0.0011654797683556817,0.026546197042147224,0.014705162146638407,0.0,0.0,1.0,1.0,1.0,0.0,1.0
0.0,0.0,0.0,0.0,0.0,0.0,0.0,0.0,0.0,0.0,0.0,0.0,0.0,0.0,0.0,0.0,0.0,0.876699414885508,0.9617110053541857,1.0,0.0,0.0011654797683556817,0.026546197042147224,0.014705162146638407,1.0,1.0,1.0,1.0,1.0,0.0,1.0
0.0,0.0,0.0,0.0,0.0,0.0,0.8901360339703036,0.07043477639814656,0.06843911686534873,0.0,0.0,0.0,0.0,0.0,0.0,0.0,0.0,0.876699414885508,0.32989645518744615,1.0,0.0,0.0011654797683556817,0.026546197042147224,0.014705162146638407,1.0,1.0,0.0,1.0,1.0,0.0,1.0
0.0,0.0,0.0,0.0,0.0,0.0,0.0,0.0,0.0,0.0,0.0,0.0,0.0,0.0,0.0,0.0,0.0,0.876699414885508,0.29547477169192105,1.0,0.8872038513447029,0.6415833153133951,0.5658192923761245,0.9526794615821148,1.0,1.0,1.0,1.0,1.0,0.0,0.0
0.0,0.0,0.0,0.0,0.0,0.0,0.0,0.0,0.0,0.0,0.0,0.0,0.0,0.0,0.0,0.0,0.0,0.0,0.0,0.0,0.8872038513447029,0.23579067848664925,0.46587252185605366,0.5062255695411021,1.0,1.0,1.0,1.0,1.0,1.0,0.0
0.0,0.0,0.0,0.0,0.0,0.0,0.0,0.0,0.0,0.0,0.0,0.0,0.0,0.0,0.0,0.0,0.0,0.0,0.0,0.0,0.8872038513447029,0.3848634476481444,0.7548589194757648,0.2696329472296612,1.0,1.0,1.0,1.0,1.0,1.0,0.0
0.0,0.0,0.0,0.0,0.0,0.0,0.0,0.0,0.0,0.0,0.0,0.0,0.0,0.0,0.0,0.0,0.0,0.0,0.0,0.0,0.8872038513447029,0.6464174224959621,0.3766856757921554,0.8851437598118981,1.0,1.0,1.0,1.0,1.0,1.0,0.0
0.8729205079864925,0.43571428571428567,1.0,0.8745476622129407,0.0,0.0,0.8901360339703036,0.13471738085499116,0.13638209637737486,0.0,0.0,0.0,0.0,0.0,0.8776704411625682,0.5,0.0,0.876699414885508,0.45456053152131926,1.0,0.8872038513447029,0.966035172071024,0.5822978515310429,0.40183570742084646,0.0,0.0,0.0,1.0,0.0,0.0,0.0
0.0,0.0,0.0,0.0,0.0,0.0,0.0,0.0,0.0,0.0,0.0,0.0,0.0,0.0,0.01836241249413156,1.0,1.0,0.0,0.0,0.0,0.0,0.0011654797683556817,0.026546197042147224,0.014705162146638407,1.0,1.0,1.0,1.0,0.0,1.0,1.0
0.0,0.0,0.0,0.0,0.0,0.0,0.0,0.0,0.0,0.0,0.0,0.0,0.0,0.0,0.01836241249413156,0.5,0.0,0.0,0.0,0.0,0.0,0.0011654797683556817,0.026546197042147224,0.014705162146638407,1.0,1.0,1.0,1.0,0.0,1.0,1.0
0.0,0.0,0.0,0.0,0.0,0.0,0.0,0.0,0.0,0.0,0.0,0.0,0.0,0.0,0.01836241249413156,1.0,1.0,0.0,0.0,0.0,0.0,0.0011654797683556817,0.026546197042147224,0.014705162146638407,1.0,1.0,1.0,1.0,0.0,1.0,1.0
0.0,0.0,0.0,0.0,0.0,0.0,0.0,0.0,0.0,0.0,0.0,0.0,0.0,0.0,0.01836241249413156,0.5,0.0,0.0,0.0,0.0,0.0,0.0011654797683556817,0.026546197042147224,0.014705162146638407,1.0,1.0,1.0,1.0,0.0,1.0,1.0
0.0,0.0,0.0,0.0,0.0,0.0,0.0,0.0,0.0,0.0,0.0,0.0,0.0,0.0,0.01836241249413156,1.0,1.0,0.0,0.0,0.0,0.0,0.0011654797683556817,0.026546197042147224,0.014705162146638407,1.0,1.0,1.0,1.0,0.0,1.0,1.0
0.0,0.0,0.0,0.0,0.0,0.0,0.0,0.0,0.0,0.0,0.0,0.0,0.0,0.0,0.01836241249413156,0.5,0.0,0.0,0.0,0.0,0.0,0.0011654797683556817,0.026546197042147224,0.014705162146638407,1.0,1.0,1.0,1.0,0.0,1.0,1.0
0.0,0.0,0.0,0.0,0.0,0.0,0.0,0.0,0.0,0.0,0.0,0.0,0.0,0.0,0.01836241249413156,1.0,1.0,0.0,0.0,0.0,0.0,0.0011654797683556817,0.026546197042147224,0.014705162146638407,1.0,1.0,1.0,1.0,0.0,1.0,1.0
0.0,0.0,0.0,0.0,0.0,0.0,0.0,0.0,0.0,0.0,0.0,0.0,0.0,0.0,0.01836241249413156,0.5,0.0,0.0,0.0,0.0,0.0,0.0011654797683556817,0.026546197042147224,0.014705162146638407,1.0,1.0,1.0,1.0,0.0,1.0,1.0
0.0,0.0,0.0,0.0,0.0,0.0,0.0,0.0,0.0,0.0,0.0,0.0,0.0,0.0,0.01836241249413156,0.5,0.0,0.0,0.0,0.0,0.0,0.0011654797683556817,0.026546197042147224,0.014705162146638407,1.0,1.0,1.0,1.0,0.0,1.0,1.0
0.0,0.0,0.0,0.0,0.0,0.0,0.0,0.0,0.0,0.0,0.0,0.0,0.0,0.0,0.01836241249413156,1.0,1.0,0.0,0.0,0.0,0.0,0.0011654797683556817,0.026546197042147224,0.014705162146638407,1.0,1.0,1.0,1.0,0.0,1.0,1.0
0.0,0.0,0.0,0.0,0.0,0.0,0.0,0.0,0.0,0.0,0.0,0.0,0.0,0.0,0.01836241249413156,1.0,1.0,0.0,0.0,0.0,0.0,0.0011654797683556817,0.026546197042147224,0.014705162146638407,1.0,1.0,1.0,1.0,0.0,1.0,1.0
0.0,0.0,0.0,0.0,0.0,0.0,0.0,0.0,0.0,0.0,0.0,0.0,0.0,0.0,0.01836241249413156,1.0,1.0,0.0,0.0,0.0,0.0,0.0011654797683556817,0.026546197042147224,0.014705162146638407,1.0,1.0,1.0,1.0,0.0,1.0,1.0
0.0,0.0,0.0,0.0,0.0,0.0,0.0,0.0,0.0,0.0,0.0,0.0,0.0,0.0,0.01836241249413156,0.5,0.0,0.0,0.0,0.0,0.0,0.0011654797683556817,0.026546197042147224,0.014705162146638407,1.0,1.0,1.0,1.0,0.0,1.0,1.0
0.0,0.0,0.0,0.0,0.0,0.0,0.0,0.0,0.0,0.0,0.0,0.0,0.0,0.0,0.01836241249413156,0.5,0.0,0.0,0.0,0.0,0.0,0.0011654797683556817,0.026546197042147224,0.014705162146638407,1.0,1.0,1.0,1.0,0.0,1.0,1.0
0.0,0.0,0.0,0.0,0.0,0.0,0.0,0.0,0.0,0.0,0.0,0.0,0.0,0.0,0.01836241249413156,0.5,0.0,0.0,0.0,0.0,0.0,0.0011654797683556817,0.026546197042147224,0.014705162146638407,1.0,1.0,1.0,1.0,0.0,1.0,1.0
0.0,0.0,0.0,0.0,0.0,0.0,0.018623214665862805,0.005814332194703566,0.006205353920088277,0.0,0.0,0.0,0.0,0.0,0.01836241249413156,0.5,0.0,0.0,0.0,0.0,0.0,0.0011654797683556817,0.026546197042147224,0.014705162146638407,1.0,1.0,0.0,1.0,0.0,1.0,1.0
0.0,0.0,0.0,0.0,0.0,0.0,0.018623214665862805,0.005143945222783074,0.004566260188857297,0.0,0.0,0.0,0.0,0.0,0.0,0.0,0.0,0.0,0.0,0.0,0.0,0.0011654797683556817,0.026546197042147224,0.014705162146638407,1.0,1.0,0.0,1.0,1.0,1.0,1.0
0.0,0.0,0.0,0.0,0.0,0.0,0.018623214665862805,0.00458925728122747,0.005151819885340279,0.0,0.0,0.0,0.0,0.0,0.0,0.0,0.0,0.018342096913013885,0.5658310906123334,1.0,0.0,0.0011654797683556817,0.026546197042147224,0.014705162146638407,1.0,1.0,0.0,1.0,1.0,0.0,1.0
0.0,0.0,0.0,0.0,0.0,0.0,0.0,0.0,0.0,0.0,0.0,0.0,0.0,0.0,0.0,0.0,0.0,0.018342096913013885,0.09094020064232877,0.5,0.0,0.0011654797683556817,0.026546197042147224,0.014705162146638407,1.0,1.0,1.0,1.0,1.0,0.0,1.0
0.0,0.0,0.0,0.0,0.0,0.0,0.0,0.0,0.0,0.0,0.0,0.0,0.0,0.0,0.0,0.0,0.0,0.018342096913013885,0.5537841221921789,1.0,0.0,0.0011654797683556817,0.026546197042147224,0.014705162146638407,1.0,1.0,1.0,1.0,1.0,0.0,1.0
0.0,0.0,0.0,0.0,0.0,0.0,0.0,0.0,0.0,0.0,0.0,0.0,0.0,0.0,0.0,0.0,0.0,0.0,0.0,0.0,0.889026024273773,0.670232989504764,0.4666209148620952,0.3887168046586114,1.0,1.0,1.0,1.0,1.0,1.0,0.0
0.0,0.0,0.0,0.0,0.0,0.0,0.0,0.0,0.0,0.0,0.0,0.0,0.0,0.0,0.0,0.0,0.0,0.0,0.0,0.0,0.889026024273773,0.4739274362539342,0.5460219653619414,0.8463051526813552,1.0,1.0,1.0,1.0,1.0,1.0,0.0
0.0,0.0,0.0,0.0,0.0,0.0,0.0,0.0,0.0,0.0,0.0,0.0,0.0,0.0,0.0,0.0,0.0,0.0,0.0,0.0,0.889026024273773,0.8719609613084333,0.8133550331185182,0.5238254274798286,1.0,1.0,1.0,1.0,1.0,1.0,0.0
0.8747133452430849,0.7321428571428571,1.0,0.0,0.0,0.0,0.0,0.0,0.0,0.8907432516315607,0.8322877074079162,0.4901123046875,0.9204566265795739,0.3852034976880465,0.0,0.0,0.0,0.0,0.0,0.0,0.889026024273773,0.09386409294535336,0.36458865705096727,0.9170163743818233,0.0,1.0,1.0,0.0,1.0,1.0,0.0
0.8747133452430849,0.33214285714285713,0.0,0.0,0.0,0.0,0.0,0.0,0.0,0.0,0.0,0.0,0.0,0.0,0.0,0.0,0.0,0.0,0.0,0.0,0.889026024273773,0.8001764523694316,0.3273699050808494,0.7124292971732024,0.0,1.0,1.0,1.0,1.0,1.0,0.0
0.8747133452430849,0.3571428571428571,0.0,0.0,0.0,0.0,0.0,0.0,0.0,0.8907432516315607,0.5278808139091145,0.2897796630859375,0.008103900860753311,0.7582597018114118,0.0,0.0,0.0,0.0,0.0,0.0,0.0,0.0011654797683556817,0.026546197042147224,0.014705162146638407,0.0,1.0,1.0,0.0,1.0,1.0,1.0
0.0,0.0,0.0,0.0,0.0,0.0,0.0,0.0,0.0,0.8907432516315607,0.5278808139091145,0.2897796630859375,0.008103900860753311,0.7582597018114118,0.8794730340121231,1.0,1.0,0.0,0.0,0.0,0.0,0.0011654797683556817,0.026546197042147224,0.014705162146638407,1.0,1.0,1.0,0.0,0.0,1.0,1.0
0.0,0.0,0.0,0.0,0.0,0.0,0.0,0.0,0.0,0.8907432516315607,0.5278808139091145,0.2897796630859375,0.008103900860753311,0.7582597018114118,0.0,0.0,0.0,0.0,0.0,0.0,0.0,0.0011654797683556817,0.026546197042147224,0.014705162146638407,1.0,1.0,1.0,0.0,1.0,1.0,1.0
0.8747133452430849,0.5499999999999999,1.0,0.0,0.0,0.0,0.0,0.0,0.0,0.8907432516315607,0.5278808139091145,0.2897796630859375,0.008103900860753311,0.7582597018114118,0.0,0.0,0.0,0.0,0.0,0.0,0.889026024273773,0.3216504298899605,0.21565528265000794,0.5250571607665889,0.0,1.0,1.0,0.0,1.0,1.0,0.0
0.8747133452430849,0.9464285714285714,1.0,0.0,0.0,0.0,0.0,0.0,0.0,0.0,0.0,0.0,0.0,0.0,0.0,0.0,0.0,0.0,0.0,0.0,0.889026024273773,0.9435676610738818,0.8318306818611478,0.07849281411925565,0.0,1.0,1.0,1.0,1.0,1.0,0.0
0.0,0.0,0.0,0.0,0.0,0.0,0.0,0.0,0.0,0.0,0.0,0.0,0.0,0.0,0.0,0.0,0.0,0.0,0.0,0.0,0.889026024273773,0.47085802218561434,0.5460219653619414,0.8463051526813552,1.0,1.0,1.0,1.0,1.0,1.0,0.0
0.0,0.0,0.0,0.0,0.0,0.0,0.0,0.0,0.0,0.0,0.0,0.0,0.0,0.0,0.0,0.0,0.0,0.0,0.0,0.0,0.889026024273773,0.6805847899835541,0.4666209148620952,0.3887168046586114,1.0,1.0,1.0,1.0,1.0,1.0,0.0
0.0,0.0,0.0,0.0,0.0,0.0,0.0,0.0,0.0,0.0,0.0,0.0,0.0,0.0,0.8794730340121231,0.5,0.0,0.0,0.0,0.0,0.889026024273773,0.09767753828470771,0.36458865705096727,0.9170163743818233,1.0,1.0,1.0,1.0,0.0,1.0,0.0
0.0,0.0,0.0,0.0,0.0,0.0,0.0,0.0,0.0,0.0,0.0,0.0,0.0,0.0,0.8794730340121231,0.5,0.0,0.0,0.0,0.0,0.889026024273773,0.7976443555852079,0.3366742010554342,0.7124292971732024,1.0,1.0,1.0,1.0,0.0,1.0,0.0
0.8747133452430849,0.23928571428571427,0.0,0.0,0.0,0.0,0.0,0.0,0.0,0.8907432516315607,0.5078078490635161,0.747314453125,0.7147610036017337,0.774512048100841,0.8794730340121231,0.5,0.0,0.0,0.0,0.0,0.889026024273773,0.8680502538248273,0.79551021265907,0.5238254274798286,0.0,1.0,1.0,0.0,0.0,1.0,0.0
0.8747133452430849,0.8964285714285715,1.0,0.0,0.0,0.0,0.0,0.0,0.0,0.0,0.0,0.0,0.0,0.0,0.0,0.0,0.0,0.0,0.0,0.0,0.0,0.0011654797683556817,0.026546197042147224,0.014705162146638407,0.0,1.0,1.0,1.0,1.0,1.0,1.0
0.8747133452430849,0.5892857142857143,1.0,0.0,0.0,0.0,0.0,0.0,0.0,0.8907432516315607,0.5078078490635161,0.747314453125,0.7147610036017337,0.774512048100841,0.0,0.0,0.0,0.0,0.0,0.0,0.0,0.0011654797683556817,0.026546197042147224,0.014705162146638407,0.0,1.0,1.0,0.0,1.0,1.0,1.0
0.0,0.0,0.0,0.0,0.0,0.0,0.0,0.0,0.0,0.8907432516315607,0.5078078490635161,0.747314453125,0.7147610036017337,0.774512048100841,0.8794730340121231,0.5,0.0,0.0,0.0,0.0,0.0,0.0011654797683556817,0.026546197042147224,0.014705162146638407,1.0,1.0,1.0,0.0,0.0,1.0,1.0
0.0,0.0,0.0,0.0,0.0,0.0,0.0,0.0,0.0,0.8907432516315607,0.7172841202240845,0.0699005126953125,0.39742689701483425,0.1748844023256879,0.0,0.0,0.0,0.0,0.0,0.0,0.0,0.0011654797683556817,0.026546197042147224,0.014705162146638407,1.0,1.0,1.0,0.0,1.0,1.0,1.0
0.8747133452430849,0.907142857142857,1.0,0.0,0.0,0.0,0.0,0.0,0.0,0.8907432516315607,0.5078078490635161,0.747314453125,0.7147610036017337,0.774512048100841,0.0,0.0,0.0,0.0,0.0,0.0,0.889026024273773,0.3322231598699771,0.21565528265000794,0.5665397223604308,0.0,1.0,1.0,0.0,1.0,1.0,0.0
0.0,0.0,0.0,0.0,0.0,0.0,0.0,0.0,0.0,0.0,0.0,0.0,0.0,0.0,0.9190820075596738,1.0,1.0,0.0,0.0,0.0,0.0,0.0011654797683556817,0.026546197042147224,0.014705162146638407,1.0,1.0,1.0,1.0,0.0,1.0,1.0
0.0,0.0,0.0,0.0,0.0,0.0,0.0,0.0,0.0,0.0,0.0,0.0,0.0,0.0,0.9190820075596738,0.5,0.0,0.0,0.0,0.0,0.0,0.0011654797683556817,0.026546197042147224,0.014705162146638407,1.0,1.0,1.0,1.0,0.0,1.0,1.0
0.0,0.0,0.0,0.0,0.0,0.0,0.0,0.0,0.0,0.0,0.0,0.0,0.0,0.0,0.9190820075596738,1.0,1.0,0.0,0.0,0.0,0.0,0.0011654797683556817,0.026546197042147224,0.014705162146638407,1.0,1.0,1.0,1.0,0.0,1.0,1.0
0.0,0.0,0.0,0.0,0.0,0.0,0.0,0.0,0.0,0.0,0.0,0.0,0.0,0.0,0.9190820075596738,0.5,0.0,0.0,0.0,0.0,0.0,0.0011654797683556817,0.026546197042147224,0.014705162146638407,1.0,1.0,1.0,1.0,0.0,1.0,1.0
0.0,0.0,0.0,0.0,0.0,0.0,0.0,0.0,0.0,0.0,0.0,0.0,0.0,0.0,0.9190820075596738,1.0,1.0,0.0,0.0,0.0,0.0,0.0011654797683556817,0.026546197042147224,0.014705162146638407,1.0,1.0,1.0,1.0,0.0,1.0,1.0
0.0,0.0,0.0,0.0,0.0,0.0,0.0,0.0,0.0,0.0,0.0,0.0,0.0,0.0,0.9190820075596738,0.5,0.0,0.0,0.0,0.0,0.0,0.0011654797683556817,0.026546197042147224,0.014705162146638407,1.0,1.0,1.0,1.0,0.0,1.0,1.0
0.0,0.0,0.0,0.0,0.0,0.0,0.0,0.0,0.0,0.0,0.0,0.0,0.0,0.0,0.9190820075596738,1.0,1.0,0.0,0.0,0.0,0.0,0.0011654797683556817,0.026546197042147224,0.014705162146638407,1.0,1.0,1.0,1.0,0.0,1.0,1.0
0.0,0.0,0.0,0.0,0.0,0.0,0.0,0.0,0.0,0.0,0.0,0.0,0.0,0.0,0.9190820075596738,0.5,0.0,0.0,0.0,0.0,0.0,0.0011654797683556817,0.026546197042147224,0.014705162146638407,1.0,1.0,1.0,1.0,0.0,1.0,1.0
0.0,0.0,0.0,0.0,0.0,0.0,0.0,0.0,0.0,0.0,0.0,0.0,0.0,0.0,0.9190820075596738,0.5,0.0,0.0,0.0,0.0,0.0,0.0011654797683556817,0.026546197042147224,0.014705162146638407,1.0,1.0,1.0,1.0,0.0,1.0,1.0
0.0,0.0,0.0,0.0,0.0,0.0,0.0,0.0,0.0,0.0,0.0,0.0,0.0,0.0,0.9190820075596738,0.5,0.0,0.0,0.0,0.0,0.0,0.0011654797683556817,0.026546197042147224,0.014705162146638407,1.0,1.0,1.0,1.0,0.0,1.0,1.0
0.0,0.0,0.0,0.0,0.0,0.0,0.0,0.0,0.0,0.0,0.0,0.0,0.0,0.0,0.9191060421310012,0.5,0.0,0.0,0.0,0.0,0.0,0.0011654797683556817,0.026546197042147224,0.014705162146638407,1.0,1.0,1.0,1.0,0.0,1.0,1.0
0.0,0.0,0.0,0.0,0.0,0.0,0.0,0.0,0.0,0.0,0.0,0.0,0.0,0.0,0.9191060421310012,1.0,1.0,0.0,0.0,0.0,0.0,0.0011654797683556817,0.026546197042147224,0.014705162146638407,1.0,1.0,1.0,1.0,0.0,1.0,1.0
0.0,0.0,0.0,0.0,0.0,0.0,0.0,0.0,0.0,0.0,0.0,0.0,0.0,0.0,0.9191060421310012,1.0,1.0,0.0,0.0,0.0,0.0,0.0011654797683556817,0.026546197042147224,0.014705162146638407,1.0,1.0,1.0,1.0,0.0,1.0,1.0
0.0,0.0,0.0,0.0,0.0,0.0,0.0,0.0,0.0,0.0,0.0,0.0,0.0,0.0,0.9191060421310012,0.5,0.0,0.0,0.0,0.0,0.0,0.0011654797683556817,0.026546197042147224,0.014705162146638407,1.0,1.0,1.0,1.0,0.0,1.0,1.0
0.0,0.0,0.0,0.0,0.0,0.0,0.0,0.0,0.0,0.0,0.0,0.0,0.0,0.0,0.9191060421310012,0.5,0.0,0.0,0.0,0.0,0.0,0.0011654797683556817,0.026546197042147224,0.014705162146638407,1.0,1.0,1.0,1.0,0.0,1.0,1.0
0.0,0.0,0.0,0.0,0.0,0.0,0.0,0.0,0.0,0.0,0.0,0.0,0.0,0.0,0.9191060421310012,1.0,1.0,0.0,0.0,0.0,0.0,0.0011654797683556817,0.026546197042147224,0.014705162146638407,1.0,1.0,1.0,1.0,0.0,1.0,1.0
0.0,0.0,0.0,0.0,0.0,0.0,0.0,0.0,0.0,0.0,0.0,0.0,0.0,0.0,0.9191060421310012,0.5,0.0,0.0,0.0,0.0,0.0,0.0011654797683556817,0.026546197042147224,0.014705162146638407,1.0,1.0,1.0,1.0,0.0,1.0,1.0
0.0,0.0,0.0,0.0,0.0,0.0,0.0,0.0,0.0,0.0,0.0,0.0,0.0,0.0,0.9191060421310012,0.5,0.0,0.0,0.0,0.0,0.0,0.0011654797683556817,0.026546197042147224,0.014705162146638407,1.0,1.0,1.0,1.0,0.0,1.0,1.0
0.0,0.0,0.0,0.0,0.0,0.0,0.0,0.0,0.0,0.0,0.0,0.0,0.0,0.0,0.9191060421310012,1.0,1.0,0.0,0.0,0.0,0.0,0.0011654797683556817,0.026546197042147224,0.014705162146638407,1.0,1.0,1.0,1.0,0.0,1.0,1.0
0.0,0.0,0.0,0.0,0.0,0.0,0.0,0.0,0.0,0.0,0.0,0.0,0.0,0.0,0.9191300767023286,0.5,0.0,0.0,0.0,0.0,0.0,0.0011654797683556817,0.026546197042147224,0.014705162146638407,1.0,1.0,1.0,1.0,0.0,1.0,1.0
0.9365781828439022,0.8035714285714285,1.0,0.0,0.0,0.0,0.0,0.0,0.0,0.0,0.0,0.0,0.0,0.0,0.0,0.0,0.0,0.0,0.0,0.0,0.0,0.0011654797683556817,0.026546197042147224,0.014705162146638407,0.0,1.0,1.0,1.0,1.0,1.0,1.0
0.9365781828439022,0.5892857142857143,1.0,0.9383239971931707,0.0,0.0,0.9550491500111318,0.0027197393841551544,0.0033846284422251807,0.0,0.0,0.0,0.0,0.0,0.0,0.0,0.0,0.0,0.0,0.0,0.0,0.0011654797683556817,0.026546197042147224,0.014705162146638407,0.0,0.0,0.0,1.0,1.0,1.0,1.0
0.9365781828439022,0.43571428571428567,1.0,0.0,0.0,0.0,0.9550491500111318,0.0043731833195575385,0.003695290662542313,0.9537418178543,0.6759170215688968,0.0862274169921875,0.7003845919052561,0.10688397503395444,0.0,0.0,0.0,0.0,0.0,0.0,0.9519031381462185,0.08934081289455698,0.5525777133931431,0.8728329097385116,0.0,1.0,0.0,0.0,1.0,1.0,0.0
0.9365781828439022,0.4535714285714285,1.0,0.9383239971931707,0.0,0.0,0.0,0.0,0.0,0.0,0.0,0.0,0.0,0.0,0.9416745046074273,0.5,0.0,0.9406326662982776,0.3506575337084339,1.0,0.9519031381462185,0.7021129324681518,0.5349110025871741,0.37948554466849443,0.0,0.0,1.0,1.0,0.0,0.0,0.0
0.9365781828439022,0.557142857142857,1.0,0.0,0.0,0.0,0.0,0.0,0.0,0.0,0.0,0.0,0.0,0.0,0.0,0.0,0.0,0.0,0.0,0.0,0.0,0.0011654797683556817,0.026546197042147224,0.014705162146638407,0.0,1.0,1.0,1.0,1.0,1.0,1.0
0.9365781828439022,0.557142857142857,1.0,0.0,0.0,0.0,0.0,0.0,0.0,0.0,0.0,0.0,0.0,0.0,0.0,0.0,0.0,0.0,0.0,0.0,0.0,0.0011654797683556817,0.026546197042147224,0.014705162146638407,0.0,1.0,1.0,1.0,1.0,1.0,1.0
0.9365781828439022,0.375,0.0,0.0,0.0,0.0,0.0,0.0,0.0,0.0,0.0,0.0,0.0,0.0,0.0,0.0,0.0,0.9406326662982776,0.3497664397832039,1.0,0.0,0.0011654797683556817,0.026546197042147224,0.014705162146638407,0.0,1.0,1.0,1.0,1.0,0.0,1.0
0.9365781828439022,0.2857142857142857,0.0,0.9383239971931707,0.0,0.0,0.0,0.0,0.0,0.0,0.0,0.0,0.0,0.0,0.9416745046074273,0.5,0.0,0.0,0.0,0.0,0.0,0.0011654797683556817,0.026546197042147224,0.014705162146638407,0.0,0.0,1.0,1.0,0.0,1.0,1.0
0.9365781828439022,0.5392857142857143,1.0,0.0,0.0,0.0,0.0,0.0,0.0,0.0,0.0,0.0,0.0,0.0,0.0,0.0,0.0,0.0,0.0,0.0,0.0,0.0011654797683556817,0.026546197042147224,0.014705162146638407,0.0,1.0,1.0,1.0,1.0,1.0,1.0
0.9365781828439022,1.0,1.0,0.9383239971931707,0.0,0.0,0.9550491500111318,0.002990767615081083,0.003689007548424557,0.9537418178543,0.6508067347468364,0.729583740234375,0.5530797875587571,0.9276961345358544,0.0,0.0,0.0,0.0,0.0,0.0,0.0,0.0011654797683556817,0.026546197042147224,0.014705162146638407,0.0,0.0,0.0,0.0,1.0,1.0,1.0
0.9365781828439022,0.2857142857142857,0.0,0.9383239971931707,0.0,0.0,0.0,0.0,0.0,0.0,0.0,0.0,0.0,0.0,0.0,0.0,0.0,0.0,0.0,0.0,0.0,0.0011654797683556817,0.026546197042147224,0.014705162146638407,0.0,0.0,1.0,1.0,1.0,1.0,1.0
0.9365781828439022,0.14285714285714285,0.0,0.0,0.0,0.0,0.0,0.0,0.0,0.0,0.0,0.0,0.0,0.0,0.0,0.0,0.0,0.0,0.0,0.0,0.0,0.0011654797683556817,0.026546197042147224,0.014705162146638407,0.0,1.0,1.0,1.0,1.0,1.0,1.0
0.9365781828439022,0.42142857142857143,0.0,0.0,0.0,0.0,0.0,0.0,0.0,0.0,0.0,0.0,0.0,0.0,0.0,0.0,0.0,0.0,0.0,0.0,0.0,0.0011654797683556817,0.026546197042147224,0.014705162146638407,0.0,1.0,1.0,1.0,1.0,1.0,1.0
0.9365781828439022,0.9142857142857143,1.0,0.0,0.0,0.0,0.9550491500111318,0.00462840671251786,0.0037534965621984218,0.9537418178543,0.10830242249393231,0.276123046875,0.7484891032293511,0.5689236826443255,0.0,0.0,0.0,0.0,0.0,0.0,0.9519031381462185,0.07265623293206036,0.5525777133931431,0.8728329097385116,0.0,1.0,0.0,0.0,1.0,1.0,0.0
0.9365781828439022,0.7642857142857142,1.0,0.0,0.0,0.0,0.0,0.0,0.0,0.0,0.0,0.0,0.0,0.0,0.0,0.0,0.0,0.0,0.0,0.0,0.9519031381462185,0.7158835122565471,0.5349110025871741,0.42774277681869266,0.0,1.0,1.0,1.0,1.0,1.0,0.0
0.9365781828439022,0.7428571428571429,1.0,0.9383239971931707,0.0,0.0,0.0,0.0,0.0,0.0,0.0,0.0,0.0,0.0,0.9416745046074273,0.5,0.0,0.9406326662982776,0.7059700025509001,1.0,0.0,0.0011654797683556817,0.026546197042147224,0.014705162146638407,0.0,0.0,1.0,1.0,0.0,0.0,1.0
0.9365781828439022,0.2857142857142857,0.0,0.0,0.0,0.0,0.0,0.0,0.0,0.0,0.0,0.0,0.0,0.0,0.9416745046074273,0.5,0.0,0.9406326662982776,0.29800843206816285,1.0,0.0,0.0011654797683556817,0.026546197042147224,0.014705162146638407,0.0,1.0,1.0,1.0,0.0,0.0,1.0
0.9365781828439022,0.3571428571428571,0.0,0.9383239971931707,0.0,0.0,0.0,0.0,0.0,0.0,0.0,0.0,0.0,0.0,0.0,0.0,0.0,0.0,0.0,0.0,0.9519031381462185,0.3706530632381374,0.58947822517821,0.7538940659994803,0.0,0.0,1.0,1.0,1.0,1.0,0.0
0.9365781828439022,0.14285714285714285,0.0,0.0,0.0,0.0,0.0,0.0,0.0,0.0,0.0,0.0,0.0,0.0,0.9416745046074273,1.0,1.0,0.0,0.0,0.0,0.0,0.0011654797683556817,0.026546197042147224,0.014705162146638407,0.0,1.0,1.0,1.0,0.0,1.0,1.0
0.0,0.0,0.0,0.9383239971931707,0.0,0.0,0.0,0.0,0.0,0.0,0.0,0.0,0.0,0.0,0.9416745046074273,1.0,1.0,0.9406326662982776,0.2706475912890496,1.0,0.0,0.0011654797683556817,0.026546197042147224,0.014705162146638407,1.0,0.0,1.0,1.0,0.0,0.0,1.0
0.8861396946917675,0.3285714285714285,0.0,0.0,0.0,0.0,0.0,0.0,0.0,0.0,0.0,0.0,0.0,0.0,0.0,0.0,0.0,0.0,0.0,0.0,0.0,0.0011654797683556817,0.026546197042147224,0.014705162146638407,0.0,1.0,1.0,1.0,1.0,1.0,1.0
0.8861396946917675,0.825,1.0,0.8877914899425942,0.0,0.0,0.0,0.0,0.0,0.0,0.0,0.0,0.0,0.0,0.0,0.0,0.0,0.0,0.0,0.0,0.0,0.0011654797683556817,0.026546197042147224,0.014705162146638407,0.0,0.0,1.0,1.0,1.0,1.0,1.0
0.8861396946917675,0.2785714285714285,0.0,0.8877914899425942,0.0,0.0,0.0,0.0,0.0,0.0,0.0,0.0,0.0,0.0,0.0,0.0,0.0,0.0,0.0,0.0,0.0,0.0011654797683556817,0.026546197042147224,0.014705162146638407,0.0,0.0,1.0,1.0,1.0,1.0,1.0
0.8861396946917675,0.14285714285714285,0.0,0.8877914899425942,0.0,0.0,0.0,0.0,0.0,0.0,0.0,0.0,0.0,0.0,0.0,0.0,0.0,0.0,0.0,0.0,0.0,0.0011654797683556817,0.026546197042147224,0.014705162146638407,0.0,0.0,1.0,1.0,1.0,1.0,1.0
0.8861396946917675,0.4892857142857142,1.0,0.8877914899425942,0.0,0.0,0.0,0.0,0.0,0.0,0.0,0.0,0.0,0.0,0.0,0.0,0.0,0.0,0.0,0.0,0.0,0.0011654797683556817,0.026546197042147224,0.014705162146638407,0.0,0.0,1.0,1.0,1.0,1.0,1.0
0.8861396946917675,0.07142857142857142,0.0,0.8877914899425942,0.0,0.0,0.0,0.0,0.0,0.0,0.0,0.0,0.0,0.0,0.0,0.0,0.0,0.0,0.0,0.0,0.0,0.0011654797683556817,0.026546197042147224,0.014705162146638407,0.0,0.0,1.0,1.0,1.0,1.0,1.0
0.8861396946917675,0.7214285714285713,1.0,0.8877914899425942,0.0,0.0,0.0,0.0,0.0,0.0,0.0,0.0,0.0,0.0,0.0,0.0,0.0,0.0,0.0,0.0,0.0,0.0011654797683556817,0.026546197042147224,0.014705162146638407,0.0,0.0,1.0,1.0,1.0,1.0,1.0
0.0,0.0,0.0,0.8877914899425942,0.0,0.0,0.0,0.0,0.0,0.0,0.0,0.0,0.0,0.0,0.0,0.0,0.0,0.0,0.0,0.0,0.0,0.0011654797683556817,0.026546197042147224,0.014705162146638407,1.0,0.0,1.0,1.0,1.0,1.0,1.0
0.8861396946917675,0.425,0.0,0.8877914899425942,0.0,0.0,0.0,0.0,0.0,0.0,0.0,0.0,0.0,0.0,0.0,0.0,0.0,0.0,0.0,0.0,0.0,0.0011654797683556817,0.026546197042147224,0.014705162146638407,0.0,0.0,1.0,1.0,1.0,1.0,1.0
0.8861396946917675,0.8035714285714285,1.0,0.8877914899425942,0.0,0.0,0.0,0.0,0.0,0.0,0.0,0.0,0.0,0.0,0.0,0.0,0.0,0.0,0.0,0.0,0.0,0.0011654797683556817,0.026546197042147224,0.014705162146638407,0.0,0.0,1.0,1.0,1.0,1.0,1.0
0.8861396946917675,0.4464285714285714,1.0,0.8877914899425942,0.0,0.0,0.0,0.0,0.0,0.0,0.0,0.0,0.0,0.0,0.0,0.0,0.0,0.0,0.0,0.0,0.0,0.0011654797683556817,0.026546197042147224,0.014705162146638407,0.0,0.0,1.0,1.0,1.0,1.0,1.0
0.8861396946917675,0.2857142857142857,0.0,0.0,0.0,0.0,0.0,0.0,0.0,0.0,0.0,0.0,0.0,0.0,0.0,0.0,0.0,0.0,0.0,0.0,0.0,0.0011654797683556817,0.026546197042147224,0.014705162146638407,0.0,1.0,1.0,1.0,1.0,1.0,1.0
0.886163599188522,0.2785714285714285,0.0,0.0,0.0,0.0,0.0,0.0,0.0,0.0,0.0,0.0,0.0,0.0,0.0,0.0,0.0,0.0,0.0,0.0,0.0,0.0011654797683556817,0.026546197042147224,0.014705162146638407,0.0,1.0,1.0,1.0,1.0,1.0,1.0
0.886163599188522,0.5392857142857143,1.0,0.8878154389981632,0.0,0.0,0.0,0.0,0.0,0.0,0.0,0.0,0.0,0.0,0.0,0.0,0.0,0.0,0.0,0.0,0.0,0.0011654797683556817,0.026546197042147224,0.014705162146638407,0.0,0.0,1.0,1.0,1.0,1.0,1.0
0.0,0.0,0.0,0.8878154389981632,0.0,0.0,0.0,0.0,0.0,0.0,0.0,0.0,0.0,0.0,0.0,0.0,0.0,0.0,0.0,0.0,0.0,0.0011654797683556817,0.026546197042147224,0.014705162146638407,1.0,0.0,1.0,1.0,1.0,1.0,1.0
0.886163599188522,0.4678571428571428,1.0,0.8878154389981632,0.0,0.0,0.0,0.0,0.0,0.0,0.0,0.0,0.0,0.0,0.0,0.0,0.0,0.0,0.0,0.0,0.0,0.0011654797683556817,0.026546197042147224,0.014705162146638407,0.0,0.0,1.0,1.0,1.0,1.0,1.0
0.886163599188522,0.6892857142857143,1.0,0.8878154389981632,0.0,0.0,0.0,0.0,0.0,0.0,0.0,0.0,0.0,0.0,0.0,0.0,0.0,0.0,0.0,0.0,0.0,0.0011654797683556817,0.026546197042147224,0.014705162146638407,0.0,0.0,1.0,1.0,1.0,1.0,1.0
0.0,0.0,0.0,0.8878154389981632,0.0,0.0,0.0,0.0,0.0,0.0,0.0,0.0,0.0,0.0,0.0,0.0,0.0,0.0,0.0,0.0,0.0,0.0011654797683556817,0.026546197042147224,0.014705162146638407,1.0,0.0,1.0,1.0,1.0,1.0,1.0
0.886163599188522,0.8357142857142856,1.0,0.8878154389981632,0.0,0.0,0.0,0.0,0.0,0.0,0.0,0.0,0.0,0.0,0.0,0.0,0.0,0.0,0.0,0.0,0.0,0.0011654797683556817,0.026546197042147224,0.014705162146638407,0.0,0.0,1.0,1.0,1.0,1.0,1.0
0.886163599188522,0.7428571428571429,1.0,0.8878154389981632,0.0,0.0,0.0,0.0,0.0,0.0,0.0,0.0,0.0,0.0,0.0,0.0,0.0,0.0,0.0,0.0,0.0,0.0011654797683556817,0.026546197042147224,0.014705162146638407,0.0,0.0,1.0,1.0,1.0,1.0,1.0
0.0,0.0,0.0,0.0,0.0,0.0,0.0,0.0,0.0,0.0,0.0,0.0,0.0,0.0,0.01826627420882197,1.0,1.0,0.0,0.0,0.0,0.0,0.0011654797683556817,0.026546197042147224,0.014705162146638407,1.0,1.0,1.0,1.0,0.0,1.0,1.0
0.0,0.0,0.0,0.0,0.0,0.0,0.0,0.0,0.0,0.0,0.0,0.0,0.0,0.0,0.01826627420882197,1.0,1.0,0.0,0.0,0.0,0.0,0.0011654797683556817,0.026546197042147224,0.014705162146638407,1.0,1.0,1.0,1.0,0.0,1.0,1.0
0.0,0.0,0.0,0.0,0.0,0.0,0.0,0.0,0.0,0.0,0.0,0.0,0.0,0.0,0.01826627420882197,1.0,1.0,0.0,0.0,0.0,0.018464685681243646,0.35616213321085866,0.5573906745005205,0.610087724160265,1.0,1.0,1.0,1.0,0.0,1.0,0.0
0.0,0.0,0.0,0.0,0.0,0.0,0.0,0.0,0.0,0.0,0.0,0.0,0.0,0.0,0.01826627420882197,0.5,0.0,0.0,0.0,0.0,0.0,0.0011654797683556817,0.026546197042147224,0.014705162146638407,1.0,1.0,1.0,1.0,0.0,1.0,1.0
0.0,0.0,0.0,0.0,0.0,0.0,0.0,0.0,0.0,0.0,0.0,0.0,0.0,0.0,0.01826627420882197,0.5,0.0,0.0,0.0,0.0,0.0,0.0011654797683556817,0.026546197042147224,0.014705162146638407,1.0,1.0,1.0,1.0,0.0,1.0,1.0
0.0,0.0,0.0,0.0,0.0,0.0,0.0,0.0,0.0,0.0,0.0,0.0,0.0,0.0,0.01826627420882197,1.0,1.0,0.0,0.0,0.0,0.0,0.0011654797683556817,0.026546197042147224,0.014705162146638407,1.0,1.0,1.0,1.0,0.0,1.0,1.0
0.0,0.0,0.0,0.0,0.0,0.0,0.0,0.0,0.0,0.0,0.0,0.0,0.0,0.0,0.01826627420882197,0.5,0.0,0.0,0.0,0.0,0.0,0.0011654797683556817,0.026546197042147224,0.014705162146638407,1.0,1.0,1.0,1.0,0.0,1.0,1.0
0.0,0.0,0.0,0.0,0.0,0.0,0.0,0.0,0.0,0.0,0.0,0.0,0.0,0.0,0.01826627420882197,1.0,1.0,0.0,0.0,0.0,0.0,0.0011654797683556817,0.026546197042147224,0.014705162146638407,1.0,1.0,1.0,1.0,0.0,1.0,1.0
0.0,0.0,0.0,0.0,0.0,0.0,0.0,0.0,0.0,0.0,0.0,0.0,0.0,0.0,0.01826627420882197,0.5,0.0,0.0,0.0,0.0,0.0,0.0011654797683556817,0.026546197042147224,0.014705162146638407,1.0,1.0,1.0,1.0,0.0,1.0,1.0
0.0,0.0,0.0,0.0,0.0,0.0,0.0,0.0,0.0,0.0,0.0,0.0,0.0,0.0,0.01826627420882197,0.5,0.0,0.0,0.0,0.0,0.0,0.0011654797683556817,0.026546197042147224,0.014705162146638407,1.0,1.0,1.0,1.0,0.0,1.0,1.0
0.0,0.0,0.0,0.0,0.0,0.0,0.0,0.0,0.0,0.0,0.0,0.0,0.0,0.0,0.01826627420882197,0.5,0.0,0.0,0.0,0.0,0.0,0.0011654797683556817,0.026546197042147224,0.014705162146638407,1.0,1.0,1.0,1.0,0.0,1.0,1.0
0.0,0.0,0.0,0.0,0.0,0.0,0.0,0.0,0.0,0.0,0.0,0.0,0.0,0.0,0.01826627420882197,0.5,0.0,0.0,0.0,0.0,0.0,0.0011654797683556817,0.026546197042147224,0.014705162146638407,1.0,1.0,1.0,1.0,0.0,1.0,1.0
0.0,0.0,0.0,0.0,0.0,0.0,0.0,0.0,0.0,0.0,0.0,0.0,0.0,0.0,0.01826627420882197,1.0,1.0,0.0,0.0,0.0,0.0,0.0011654797683556817,0.026546197042147224,0.014705162146638407,1.0,1.0,1.0,1.0,0.0,1.0,1.0
0.0,0.0,0.0,0.0,0.0,0.0,0.0,0.0,0.0,0.0,0.0,0.0,0.0,0.0,0.01826627420882197,0.5,0.0,0.0,0.0,0.0,0.0,0.0011654797683556817,0.026546197042147224,0.014705162146638407,1.0,1.0,1.0,1.0,0.0,1.0,1.0
0.0,0.0,0.0,0.0,0.0,0.0,0.0,0.0,0.0,0.0,0.0,0.0,0.0,0.0,0.01826627420882197,1.0,1.0,0.0,0.0,0.0,0.0,0.0011654797683556817,0.026546197042147224,0.014705162146638407,1.0,1.0,1.0,1.0,0.0,1.0,1.0
0.0,0.0,0.0,0.0,0.0,0.0,0.0,0.0,0.0,0.0,0.0,0.0,0.0,0.0,0.01826627420882197,1.0,1.0,0.0,0.0,0.0,0.018464685681243646,0.1720644549213476,0.5518101282279397,0.9694335099609135,1.0,1.0,1.0,1.0,0.0,1.0,0.0
0.0,0.0,0.0,0.0,0.0,0.0,0.0,0.0,0.0,0.0,0.0,0.0,0.0,0.0,0.0,0.0,0.0,0.0,0.0,0.0,0.018464685681243646,0.6707883017466293,0.5420883903273153,0.24335443365425008,1.0,1.0,1.0,1.0,1.0,1.0,0.0
0.01816741753347028,0.425,0.0,0.0,0.0,0.0,0.0,0.0,0.0,0.0,0.0,0.0,0.0,0.0,0.0,0.0,0.0,0.0,0.0,0.0,0.018464685681243646,0.1074783024049144,0.5518101282279397,0.695369972359663,0.0,1.0,1.0,1.0,1.0,1.0,0.0
0.0,0.0,0.0,0.0,0.0,0.0,0.0,0.0,0.0,0.0,0.0,0.0,0.0,0.0,0.0,0.0,0.0,0.0,0.0,0.0,0.018464685681243646,0.8258301360046446,0.544276249510614,0.14732319911110894,1.0,1.0,1.0,1.0,1.0,1.0,0.0
0.0,0.0,0.0,0.0,0.0,0.0,0.0,0.0,0.0,0.0,0.0,0.0,0.0,0.0,0.0,0.0,0.0,0.0,0.0,0.0,0.018464685681243646,0.9108156982892209,0.5457168432641061,0.21246669802490967,1.0,1.0,1.0,1.0,1.0,1.0,0.0
0.9368650368049569,0.14285714285714285,0.0,0.0,0.0,0.0,0.0,0.0,0.0,0.0,0.0,0.0,0.0,0.0,0.9419388848920287,0.5,0.0,0.9408967540810566,0.8119451728696419,1.0,0.0,0.0011654797683556817,0.026546197042147224,0.014705162146638407,0.0,1.0,1.0,1.0,0.0,0.0,1.0
0.9368650368049569,0.6785714285714285,1.0,0.0,0.0,0.0,0.0,0.0,0.0,0.0,0.0,0.0,0.0,0.0,0.0,0.0,0.0,0.0,0.0,0.0,0.0,0.0011654797683556817,0.026546197042147224,0.014705162146638407,0.0,1.0,1.0,1.0,1.0,1.0,1.0
0.9368650368049569,0.7928571428571428,1.0,0.9386113858599987,0.0,0.0,0.0,0.0,0.0,0.0,0.0,0.0,0.0,0.0,0.0,0.0,0.0,0.0,0.0,0.0,0.0,0.0011654797683556817,0.026546197042147224,0.014705162146638407,0.0,0.0,1.0,1.0,1.0,1.0,1.0
0.9368650368049569,0.29642857142857143,0.0,0.0,0.0,0.0,0.95534166123625,0.015021826261279602,0.01437949184491423,0.954033928671407,0.07288852253819969,0.85333251953125,0.6712960136743789,0.6590822383982664,0.9419629194633561,1.0,1.0,0.9409207620613093,0.30506049632700716,1.0,0.0,0.0011654797683556817,0.026546197042147224,0.014705162146638407,0.0,1.0,0.0,0.0,0.0,0.0,1.0
0.9368650368049569,0.9178571428571428,1.0,0.0,0.0,0.0,0.0,0.0,0.0,0.0,0.0,0.0,0.0,0.0,0.0,0.0,0.0,0.0,0.0,0.0,0.0,0.0011654797683556817,0.026546197042147224,0.014705162146638407,0.0,1.0,1.0,1.0,1.0,1.0,1.0
0.9368650368049569,0.6178571428571429,1.0,0.0,0.0,0.0,0.0,0.0,0.0,0.0,0.0,0.0,0.0,0.0,0.0,0.0,0.0,0.0,0.0,0.0,0.0,0.0011654797683556817,0.026546197042147224,0.014705162146638407,0.0,1.0,1.0,1.0,1.0,1.0,1.0
0.9368650368049569,0.425,0.0,0.0,0.0,0.0,0.0,0.0,0.0,0.0,0.0,0.0,0.0,0.0,0.0,0.0,0.0,0.0,0.0,0.0,0.0,0.0011654797683556817,0.026546197042147224,0.014705162146638407,0.0,1.0,1.0,1.0,1.0,1.0,1.0
0.9368650368049569,0.48571428571428565,1.0,0.9386113858599987,0.0,0.0,0.95534166123625,0.015256356877695155,0.014381278367340048,0.954033928671407,0.057822350444963436,0.915313720703125,0.6092729381600634,0.08585511758152879,0.0,0.0,0.0,0.0,0.0,0.0,0.0,0.0011654797683556817,0.026546197042147224,0.014705162146638407,0.0,0.0,0.0,0.0,1.0,1.0,1.0
0.9368650368049569,0.2857142857142857,0.0,0.0,0.0,0.0,0.0,0.0,0.0,0.0,0.0,0.0,0.0,0.0,0.0,0.0,0.0,0.0,0.0,0.0,0.0,0.0011654797683556817,0.026546197042147224,0.014705162146638407,0.0,1.0,1.0,1.0,1.0,1.0,1.0
0.9368650368049569,0.8642857142857142,1.0,0.9386113858599987,0.0,0.0,0.95534166123625,0.015794006975656884,0.015516693422614653,0.0,0.0,0.0,0.0,0.0,0.0,0.0,0.0,0.9409207620613093,0.3041250936078179,1.0,0.0,0.0011654797683556817,0.026546197042147224,0.014705162146638407,0.0,0.0,0.0,1.0,1.0,0.0,1.0
0.9368650368049569,0.10357142857142856,0.0,0.9386113858599987,0.0,0.0,0.0,0.0,0.0,0.0,0.0,0.0,0.0,0.0,0.0,0.0,0.0,0.0,0.0,0.0,0.0,0.0011654797683556817,0.026546197042147224,0.014705162146638407,0.0,0.0,1.0,1.0,1.0,1.0,1.0
0.0,0.0,0.0,0.9386113858599987,0.0,0.0,0.0,0.0,0.0,0.0,0.0,0.0,0.0,0.0,0.0,0.0,0.0,0.0,0.0,0.0,0.9521946858148697,0.31411068672290077,0.5606202115265863,0.8966774984603724,1.0,0.0,1.0,1.0,1.0,1.0,0.0
0.0,0.0,0.0,0.0,0.0,0.0,0.0,0.0,0.0,0.0,0.0,0.0,0.0,0.0,0.0,0.0,0.0,0.0,0.0,0.0,0.9521946858148697,0.6654502099949059,0.5390817963297442,0.37683130054005587,1.0,1.0,1.0,1.0,1.0,1.0,0.0
0.9368650368049569,0.6285714285714286,1.0,0.0,0.0,0.0,0.0,0.0,0.0,0.954033928671407,0.057822350444963436,0.915313720703125,0.6092729381600634,0.08585511758152879,0.9419629194633561,1.0,1.0,0.0,0.0,0.0,0.9521946858148697,0.09569262946561397,0.5448869723577588,0.9649363565963568,0.0,1.0,1.0,0.0,0.0,1.0,0.0
0.9368650368049569,0.5285714285714286,1.0,0.0,0.0,0.0,0.0,0.0,0.0,0.0,0.0,0.0,0.0,0.0,0.0,0.0,0.0,0.0,0.0,0.0,0.0,0.0011654797683556817,0.026546197042147224,0.014705162146638407,0.0,1.0,1.0,1.0,1.0,1.0,1.0
0.9368650368049569,0.3571428571428571,0.0,0.0,0.0,0.0,0.0,0.0,0.0,0.0,0.0,0.0,0.0,0.0,0.0,0.0,0.0,0.0,0.0,0.0,0.0,0.0011654797683556817,0.026546197042147224,0.014705162146638407,0.0,1.0,1.0,1.0,1.0,1.0,1.0
0.9368650368049569,0.4178571428571428,0.0,0.9386113858599987,0.0,0.0,0.95534166123625,0.015488090750693942,0.014695595682022906,0.954033928671407,0.797621773442628,0.5794830322265625,0.37902142726329285,0.6985609424834807,0.0,0.0,0.0,0.0,0.0,0.0,0.0,0.0011654797683556817,0.026546197042147224,0.014705162146638407,0.0,0.0,0.0,0.0,1.0,1.0,1.0
0.9368650368049569,0.8035714285714285,1.0,0.0,0.0,0.0,0.0,0.0,0.0,0.0,0.0,0.0,0.0,0.0,0.9419629194633561,1.0,1.0,0.9409207620613093,0.7080548457549121,1.0,0.0,0.0011654797683556817,0.026546197042147224,0.014705162146638407,0.0,1.0,1.0,1.0,0.0,0.0,1.0
0.9368650368049569,0.3571428571428571,0.0,0.0,0.0,0.0,0.0,0.0,0.0,0.0,0.0,0.0,0.0,0.0,0.9419629194633561,0.5,0.0,0.9409207620613093,0.2810724802665927,1.0,0.0,0.0011654797683556817,0.026546197042147224,0.014705162146638407,0.0,1.0,1.0,1.0,0.0,0.0,1.0
0.9368650368049569,0.6785714285714285,1.0,0.0,0.0,0.0,0.0,0.0,0.0,0.0,0.0,0.0,0.0,0.0,0.0,0.0,0.0,0.0,0.0,0.0,0.0,0.0011654797683556817,0.026546197042147224,0.014705162146638407,0.0,1.0,1.0,1.0,1.0,1.0,1.0
0.0,0.0,0.0,0.0,0.0,0.0,0.0,0.0,0.0,0.0,0.0,0.0,0.0,0.0,0.8958886462287354,0.5,0.0,0.0,0.0,0.0,0.0,0.0011654797683556817,0.026546197042147224,0.014705162146638407,1.0,1.0,1.0,1.0,0.0,1.0,1.0
0.0,0.0,0.0,0.0,0.0,0.0,0.0,0.0,0.0,0.0,0.0,0.0,0.0,0.0,0.8958886462287354,0.5,0.0,0.0,0.0,0.0,0.0,0.0011654797683556817,0.026546197042147224,0.014705162146638407,1.0,1.0,1.0,1.0,0.0,1.0,1.0
0.0,0.0,0.0,0.0,0.0,0.0,0.0,0.0,0.0,0.0,0.0,0.0,0.0,0.0,0.8958886462287354,1.0,1.0,0.0,0.0,0.0,0.0,0.0011654797683556817,0.026546197042147224,0.014705162146638407,1.0,1.0,1.0,1.0,0.0,1.0,1.0
0.0,0.0,0.0,0.0,0.0,0.0,0.0,0.0,0.0,0.0,0.0,0.0,0.0,0.0,0.8958886462287354,0.5,0.0,0.0,0.0,0.0,0.0,0.0011654797683556817,0.026546197042147224,0.014705162146638407,1.0,1.0,1.0,1.0,0.0,1.0,1.0
0.0,0.0,0.0,0.0,0.0,0.0,0.0,0.0,0.0,0.0,0.0,0.0,0.0,0.0,0.8958886462287354,0.5,0.0,0.0,0.0,0.0,0.0,0.0011654797683556817,0.026546197042147224,0.014705162146638407,1.0,1.0,1.0,1.0,0.0,1.0,1.0
0.0,0.0,0.0,0.0,0.0,0.0,0.0,0.0,0.0,0.0,0.0,0.0,0.0,0.0,0.8958886462287354,0.5,0.0,0.0,0.0,0.0,0.0,0.0011654797683556817,0.026546197042147224,0.014705162146638407,1.0,1.0,1.0,1.0,0.0,1.0,1.0
0.0,0.0,0.0,0.0,0.0,0.0,0.0,0.0,0.0,0.0,0.0,0.0,0.0,0.0,0.8958886462287354,0.5,0.0,0.0,0.0,0.0,0.0,0.0011654797683556817,0.026546197042147224,0.014705162146638407,1.0,1.0,1.0,1.0,0.0,1.0,1.0
0.0,0.0,0.0,0.0,0.0,0.0,0.0,0.0,0.0,0.0,0.0,0.0,0.0,0.0,0.8958886462287354,0.5,0.0,0.0,0.0,0.0,0.0,0.0011654797683556817,0.026546197042147224,0.014705162146638407,1.0,1.0,1.0,1.0,0.0,1.0,1.0
0.0,0.0,0.0,0.0,0.0,0.0,0.0,0.0,0.0,0.0,0.0,0.0,0.0,0.0,0.8958886462287354,0.5,0.0,0.0,0.0,0.0,0.0,0.0011654797683556817,0.026546197042147224,0.014705162146638407,1.0,1.0,1.0,1.0,0.0,1.0,1.0
0.0,0.0,0.0,0.0,0.0,0.0,0.0,0.0,0.0,0.0,0.0,0.0,0.0,0.0,0.8959126808000628,0.5,0.0,0.0,0.0,0.0,0.0,0.0011654797683556817,0.026546197042147224,0.014705162146638407,1.0,1.0,1.0,1.0,0.0,1.0,1.0
0.0,0.0,0.0,0.0,0.0,0.0,0.0,0.0,0.0,0.0,0.0,0.0,0.0,0.0,0.8959126808000628,1.0,1.0,0.0,0.0,0.0,0.0,0.0011654797683556817,0.026546197042147224,0.014705162146638407,1.0,1.0,1.0,1.0,0.0,1.0,1.0
0.0,0.0,0.0,0.0,0.0,0.0,0.0,0.0,0.0,0.0,0.0,0.0,0.0,0.0,0.8959126808000628,0.5,0.0,0.0,0.0,0.0,0.0,0.0011654797683556817,0.026546197042147224,0.014705162146638407,1.0,1.0,1.0,1.0,0.0,1.0,1.0
0.0,0.0,0.0,0.0,0.0,0.0,0.0,0.0,0.0,0.0,0.0,0.0,0.0,0.0,0.8959126808000628,0.5,0.0,0.0,0.0,0.0,0.0,0.0011654797683556817,0.026546197042147224,0.014705162146638407,1.0,1.0,1.0,1.0,0.0,1.0,1.0
0.0,0.0,0.0,0.0,0.0,0.0,0.0,0.0,0.0,0.0,0.0,0.0,0.0,0.0,0.8959126808000628,1.0,1.0,0.0,0.0,0.0,0.0,0.0011654797683556817,0.026546197042147224,0.014705162146638407,1.0,1.0,1.0,1.0,0.0,1.0,1.0
0.0,0.0,0.0,0.0,0.0,0.0,0.0,0.0,0.0,0.0,0.0,0.0,0.0,0.0,0.8959126808000628,0.5,0.0,0.0,0.0,0.0,0.0,0.0011654797683556817,0.026546197042147224,0.014705162146638407,1.0,1.0,1.0,1.0,0.0,1.0,1.0
0.0,0.0,0.0,0.0,0.0,0.0,0.0,0.0,0.0,0.0,0.0,0.0,0.0,0.0,0.8959126808000628,0.5,0.0,0.0,0.0,0.0,0.0,0.0011654797683556817,0.026546197042147224,0.014705162146638407,1.0,1.0,1.0,1.0,0.0,1.0,1.0
0.0,0.0,0.0,0.0,0.0,0.0,0.0,0.0,0.0,0.0,0.0,0.0,0.0,0.0,0.8959126808000628,0.5,0.0,0.0,0.0,0.0,0.0,0.0011654797683556817,0.026546197042147224,0.014705162146638407,1.0,1.0,1.0,1.0,0.0,1.0,1.0
0.0,0.0,0.0,0.0,0.0,0.0,0.0,0.0,0.0,0.0,0.0,0.0,0.0,0.0,0.8959126808000628,1.0,1.0,0.0,0.0,0.0,0.0,0.0011654797683556817,0.026546197042147224,0.014705162146638407,1.0,1.0,1.0,1.0,0.0,1.0,1.0
0.0,0.0,0.0,0.0,0.0,0.0,0.0,0.0,0.0,0.0,0.0,0.0,0.0,0.0,0.8959126808000628,0.5,0.0,0.0,0.0,0.0,0.0,0.0011654797683556817,0.026546197042147224,0.014705162146638407,1.0,1.0,1.0,1.0,0.0,1.0,1.0
0.0,0.0,0.0,0.0,0.0,0.0,0.0,0.0,0.0,0.0,0.0,0.0,0.0,0.0,0.8959126808000628,0.5,0.0,0.0,0.0,0.0,0.0,0.0011654797683556817,0.026546197042147224,0.014705162146638407,1.0,1.0,1.0,1.0,0.0,1.0,1.0
0.0,0.0,0.0,0.9181588924040781,0.0,0.0,0.0,0.0,0.0,0.0,0.0,0.0,0.0,0.0,0.9214373955497588,0.5,0.0,0.0,0.0,0.0,0.0,0.0011654797683556817,0.026546197042147224,0.014705162146638407,1.0,0.0,1.0,1.0,0.0,1.0,1.0
0.0,0.0,0.0,0.9181588924040781,0.0,0.0,0.0,0.0,0.0,0.0,0.0,0.0,0.0,0.0,0.9214373955497588,1.0,1.0,0.9204179469255581,0.4576424958304899,1.0,0.9314462100625248,0.05851402691132468,0.6792825768048829,0.14751763721059816,1.0,0.0,1.0,1.0,0.0,0.0,0.0
0.0,0.0,0.0,0.9181588924040781,0.0,0.0,0.0,0.0,0.0,0.0,0.0,0.0,0.0,0.0,0.0,0.0,0.0,0.0,0.0,0.0,0.0,0.0011654797683556817,0.026546197042147224,0.014705162146638407,1.0,0.0,1.0,1.0,1.0,1.0,1.0
0.0,0.0,0.0,0.9181588924040781,0.0,0.0,0.0,0.0,0.0,0.0,0.0,0.0,0.0,0.0,0.9214373955497588,1.0,1.0,0.0,0.0,0.0,0.0,0.0011654797683556817,0.026546197042147224,0.014705162146638407,1.0,0.0,1.0,1.0,0.0,1.0,1.0
0.0,0.0,0.0,0.9181588924040781,1.0,0.0,0.0,0.0,0.0,0.9332453755206267,0.7115904199294775,0.6753082275390625,0.02615835419083084,0.44093454806268984,0.9214373955497588,0.5,0.0,0.0,0.0,0.0,0.0,0.0011654797683556817,0.026546197042147224,0.014705162146638407,1.0,0.0,1.0,0.0,0.0,1.0,1.0
0.0,0.0,0.0,0.0,0.0,0.0,0.9345246123820002,0.07888578658875954,0.078605947466676,0.9332453755206267,0.7115904199294775,0.6753082275390625,0.02615835419083084,0.44093454806268984,0.0,0.0,0.0,0.0,0.0,0.0,0.9314462100625248,0.6834283091676426,0.6038668647317675,0.17256038060170853,1.0,1.0,0.0,0.0,1.0,1.0,0.0
0.0,0.0,0.0,0.0,0.0,0.0,0.9345246123820002,0.07632309277696601,0.07860827891066824,0.0,0.0,0.0,0.0,0.0,0.9214373955497588,0.5,0.0,0.9204179469255581,0.39939517545920955,1.0,0.0,0.0011654797683556817,0.026546197042147224,0.014705162146638407,1.0,1.0,0.0,1.0,0.0,0.0,1.0
0.0,0.0,0.0,0.9181588924040781,0.0,0.0,0.0,0.0,0.0,0.0,0.0,0.0,0.0,0.0,0.0,0.0,0.0,0.9204179469255581,0.4048383038626411,1.0,0.9314462100625248,0.044138493527677514,0.6792825768048829,0.10232314303983477,1.0,0.0,1.0,1.0,1.0,0.0,0.0
0.0,0.0,0.0,0.9181588924040781,0.0,0.0,0.0,0.0,0.0,0.0,0.0,0.0,0.0,0.0,0.0,0.0,0.0,0.0,0.0,0.0,0.0,0.0011654797683556817,0.026546197042147224,0.014705162146638407,1.0,0.0,1.0,1.0,1.0,1.0,1.0
0.0,0.0,0.0,0.9181588924040781,0.0,0.0,0.9345246123820002,0.07634517833183044,0.07863313751475527,0.0,0.0,0.0,0.0,0.0,0.9214373955497588,0.5,0.0,0.0,0.0,0.0,0.0,0.0011654797683556817,0.026546197042147224,0.014705162146638407,1.0,0.0,0.0,1.0,0.0,1.0,1.0
0.0,0.0,0.0,0.0,0.0,0.0,0.9345246123820002,0.07888661497716917,0.07868330095070397,0.9332453755206267,0.7115904199294775,0.6753082275390625,0.02615835419083084,0.44093454806268984,0.0,0.0,0.0,0.9204179469255581,0.3793245285825284,1.0,0.0,0.0011654797683556817,0.026546197042147224,0.014705162146638407,1.0,1.0,0.0,0.0,1.0,0.0,1.0
0.0,0.0,0.0,0.0,0.0,0.0,0.0,0.0,0.0,0.9332453755206267,0.7115904199294775,0.6753082275390625,0.02615835419083084,0.44093454806268984,0.9214373955497588,1.0,1.0,0.0,0.0,0.0,0.9314462100625248,0.691338560920825,0.6038668647317675,0.17256038060170853,1.0,1.0,1.0,0.0,0.0,1.0,0.0
0.0,0.0,0.0,0.9181588924040781,0.0,0.0,0.0,0.0,0.0,0.0,0.0,0.0,0.0,0.0,0.0,0.0,0.0,0.9204179469255581,0.38012902106408886,1.0,0.9314462100625248,0.0495379704547354,0.6792825768048829,0.06661557157463992,1.0,0.0,1.0,1.0,1.0,0.0,0.0
0.0,0.0,0.0,0.0,0.0,0.0,0.0,0.0,0.0,0.0,0.0,0.0,0.0,0.0,0.9214373955497588,0.5,0.0,0.0,0.0,0.0,0.0,0.0011654797683556817,0.026546197042147224,0.014705162146638407,1.0,1.0,1.0,1.0,0.0,1.0,1.0
0.0,0.0,0.0,0.9181588924040781,0.0,0.0,0.0,0.0,0.0,0.0,0.0,0.0,0.0,0.0,0.0,0.0,0.0,0.0,0.0,0.0,0.0,0.0011654797683556817,0.026546197042147224,0.014705162146638407,1.0,0.0,1.0,1.0,1.0,1.0,1.0
0.0,0.0,0.0,0.9181588924040781,0.0,0.0,0.9345246123820002,0.07897162511040273,0.0787299900355928,0.0,0.0,0.0,0.0,0.0,0.0,0.0,0.0,0.0,0.0,0.0,0.0,0.0011654797683556817,0.026546197042147224,0.014705162146638407,1.0,0.0,0.0,1.0,1.0,1.0,1.0
0.0,0.0,0.0,0.0,0.0,0.0,0.9345246123820002,0.07634790200416904,0.07866318565447776,0.9332453755206267,0.7129947642380668,0.306121826171875,0.034887979976802395,0.956416243190038,0.0,0.0,0.0,0.0,0.0,0.0,0.9314462100625248,0.6833503740289585,0.6038668647317675,0.19406487505075432,1.0,1.0,0.0,0.0,1.0,1.0,0.0
0.0,0.0,0.0,0.0,0.0,0.0,0.0,0.0,0.0,0.9332453755206267,0.7129947642380668,0.306121826171875,0.034887979976802395,0.956416243190038,0.9214373955497588,1.0,1.0,0.9204179469255581,0.3661412387108962,1.0,0.9314462100625248,0.04706780617729267,0.6792825768048829,0.06661557157463992,1.0,1.0,1.0,0.0,0.0,0.0,0.0
0.0,0.0,0.0,0.9181588924040781,0.0,0.0,0.0,0.0,0.0,0.0,0.0,0.0,0.0,0.0,0.0,0.0,0.0,0.9204179469255581,0.36110852616116906,1.0,0.0,0.0011654797683556817,0.026546197042147224,0.014705162146638407,1.0,0.0,1.0,1.0,1.0,0.0,1.0
0.0,0.0,0.0,0.9181588924040781,0.0,0.0,0.0,0.0,0.0,0.0,0.0,0.0,0.0,0.0,0.0,0.0,0.0,0.0,0.0,0.0,0.0,0.0011654797683556817,0.026546197042147224,0.014705162146638407,1.0,0.0,1.0,1.0,1.0,1.0,1.0
0.0,0.0,0.0,0.0,0.0,0.0,0.9998033674542262,0.26812173426645103,0.27571537981644934,0.9984347728716685,0.41318251896628044,0.4615020751953125,0.583221415054026,0.7781440278350044,0.0,0.0,0.0,0.0,0.0,0.0,0.0,0.0011654797683556817,0.026546197042147224,0.014705162146638407,1.0,1.0,0.0,0.0,1.0,1.0,1.0
0.0,0.0,0.0,0.0,0.0,0.0,0.9998033674542262,0.22271484828776877,0.228874748138433,0.9984347728716685,0.056555387644823,0.5438690185546875,0.8086807887186375,0.4152512627996765,0.0,0.0,0.0,0.0,0.0,0.0,0.0,0.0011654797683556817,0.026546197042147224,0.014705162146638407,1.0,1.0,0.0,0.0,1.0,1.0,1.0
0.0,0.0,0.0,0.0,0.0,0.0,0.9998033674542262,0.21983986083943938,0.2204916070116498,0.9984347728716685,0.056555387644823,0.5438690185546875,0.8086807887186375,0.4152512627996765,0.0,0.0,0.0,0.0,0.0,0.0,0.0,0.0011654797683556817,0.026546197042147224,0.014705162146638407,1.0,1.0,0.0,0.0,1.0,1.0,1.0
0.0,0.0,0.0,0.0,0.0,0.0,0.9998033674542262,0.2683427008289173,0.27583196831243884,0.9984347728716685,0.056555387644823,0.5438690185546875,0.8086807887186375,0.4152512627996765,0.0,0.0,0.0,0.0,0.0,0.0,0.0,0.0011654797683556817,0.026546197042147224,0.014705162146638407,1.0,1.0,0.0,0.0,1.0,1.0,1.0
0.0,0.0,0.0,0.0,0.0,0.0,0.9998033674542262,0.22272057013274413,0.22891156696523932,0.9984347728716685,0.056555387644823,0.5438690185546875,0.8086807887186375,0.4152512627996765,0.0,0.0,0.0,0.0,0.0,0.0,0.0,0.0011654797683556817,0.026546197042147224,0.014705162146638407,1.0,1.0,0.0,0.0,1.0,1.0,1.0
0.0,0.0,0.0,0.0,0.0,0.0,0.9998033674542262,0.2199639170593614,0.2205175808738943,0.9984347728716685,0.5746515852299614,0.8128204345703125,0.08998229656309138,0.18228570556547485,0.0,0.0,0.0,0.0,0.0,0.0,0.0,0.0011654797683556817,0.026546197042147224,0.014705162146638407,1.0,1.0,0.0,0.0,1.0,1.0,1.0
0.0,0.0,0.0,0.0,0.0,0.0,0.9998033674542262,0.22276394673962438,0.22893354418668074,0.9984347728716685,0.5746515852299614,0.8128204345703125,0.08998229656309138,0.18228570556547485,0.0,0.0,0.0,0.0,0.0,0.0,0.0,0.0011654797683556817,0.026546197042147224,0.014705162146638407,1.0,1.0,0.0,0.0,1.0,1.0,1.0
0.0,0.0,0.0,0.0,0.0,0.0,0.9998033674542262,0.2683565361308777,0.2759595195097399,0.9984347728716685,0.5746515852299614,0.8128204345703125,0.08998229656309138,0.18228570556547485,0.0,0.0,0.0,0.0,0.0,0.0,0.0,0.0011654797683556817,0.026546197042147224,0.014705162146638407,1.0,1.0,0.0,0.0,1.0,1.0,1.0
0.0,0.0,0.0,0.0,0.0,0.0,0.9998033674542262,0.22002940122400924,0.22068753286505552,0.9984347728716685,0.5746515852299614,0.8128204345703125,0.08998229656309138,0.18228570556547485,0.0,0.0,0.0,0.0,0.0,0.0,0.0,0.0011654797683556817,0.026546197042147224,0.014705162146638407,1.0,1.0,0.0,0.0,1.0,1.0,1.0
0.0,0.0,0.0,0.0,0.0,0.0,0.9998033674542262,0.22278749965738112,0.22894815343133743,0.9984347728716685,0.7886461815572957,0.3790283203125,0.7914199377327391,0.5026476827053671,0.0,0.0,0.0,0.0,0.0,0.0,0.0,0.0011654797683556817,0.026546197042147224,0.014705162146638407,1.0,1.0,0.0,0.0,1.0,1.0,1.0
0.0,0.0,0.0,0.0,0.0,0.0,0.9998033674542262,0.26838189216020353,0.2760153902666754,0.9984347728716685,0.7886461815572957,0.3790283203125,0.7914199377327391,0.5026476827053671,0.0,0.0,0.0,0.0,0.0,0.0,0.0,0.0011654797683556817,0.026546197042147224,0.014705162146638407,1.0,1.0,0.0,0.0,1.0,1.0,1.0
0.0,0.0,0.0,0.0,0.0,0.0,0.9998033674542262,0.22005600911132703,0.22075839738791436,0.9984347728716685,0.7886461815572957,0.3790283203125,0.7914199377327391,0.5026476827053671,0.0,0.0,0.0,0.0,0.0,0.0,0.0,0.0011654797683556817,0.026546197042147224,0.014705162146638407,1.0,1.0,0.0,0.0,1.0,1.0,1.0
0.0,0.0,0.0,0.0,0.0,0.0,0.9998033674542262,0.22290793330188344,0.22900156929464352,0.9984347728716685,0.7886461815572957,0.3790283203125,0.7914199377327391,0.5026476827053671,0.0,0.0,0.0,0.0,0.0,0.0,0.0,0.0011654797683556817,0.026546197042147224,0.014705162146638407,1.0,1.0,0.0,0.0,1.0,1.0,1.0
0.0,0.0,0.0,0.0,0.0,0.0,0.9998033674542262,0.2684221318544235,0.2761406085185202,0.9984347728716685,0.9650593030178137,0.125518798828125,0.37110066540504244,0.006653542706282715,0.0,0.0,0.0,0.0,0.0,0.0,0.0,0.0011654797683556817,0.026546197042147224,0.014705162146638407,1.0,1.0,0.0,0.0,1.0,1.0,1.0
0.0,0.0,0.0,0.0,0.0,0.0,0.9998033674542262,0.2201177135369611,0.22078488907213126,0.9984347728716685,0.9650593030178137,0.125518798828125,0.37110066540504244,0.006653542706282715,0.0,0.0,0.0,0.0,0.0,0.0,0.0,0.0011654797683556817,0.026546197042147224,0.014705162146638407,1.0,1.0,0.0,0.0,1.0,1.0,1.0
0.0,0.0,0.0,0.0,0.0,0.0,0.9998033674542262,0.26860392634495717,0.27614199004849954,0.0,0.0,0.0,0.0,0.0,0.0,0.0,0.0,0.0,0.0,0.0,0.0,0.0011654797683556817,0.026546197042147224,0.014705162146638407,1.0,1.0,0.0,1.0,1.0,1.0,1.0
0.0,0.0,0.0,0.0,0.0,0.0,0.9998033674542262,0.22294009206198925,0.22911081618102094,0.9984347728716685,0.9650593030178137,0.125518798828125,0.37110066540504244,0.006653542706282715,0.0,0.0,0.0,0.0,0.0,0.0,0.0,0.0011654797683556817,0.026546197042147224,0.014705162146638407,1.0,1.0,0.0,0.0,1.0,1.0,1.0
0.0,0.0,0.0,0.0,0.0,0.0,0.9998033674542262,0.22016675094029925,0.22090407912914756,0.9984347728716685,0.16710170811008837,0.91949462890625,0.5963463769000672,0.2891544201803782,0.0,0.0,0.0,0.0,0.0,0.0,0.0,0.0011654797683556817,0.026546197042147224,0.014705162146638407,1.0,1.0,0.0,0.0,1.0,1.0,1.0
0.0,0.0,0.0,0.0,0.0,0.0,0.9998033674542262,0.26866871117703456,0.27620329006261446,0.9984347728716685,0.16710170811008837,0.91949462890625,0.5963463769000672,0.2891544201803782,0.0,0.0,0.0,0.0,0.0,0.0,0.0,0.0011654797683556817,0.026546197042147224,0.014705162146638407,1.0,1.0,0.0,0.0,1.0,1.0,1.0
0.0,0.0,0.0,0.0,0.0,0.0,0.9998033674542262,0.22299532443631295,0.22926070916254515,0.9984347728716685,0.16710170811008837,0.91949462890625,0.5963463769000672,0.2891544201803782,0.0,0.0,0.0,0.0,0.0,0.0,0.0,0.0011654797683556817,0.026546197042147224,0.014705162146638407,1.0,1.0,0.0,0.0,1.0,1.0,1.0
0.0,0.0,0.0,0.0748886967642431,0.0,0.0,0.0,0.0,0.0,0.0,0.0,0.0,0.0,0.0,0.0,0.0,0.0,0.0,0.0,0.0,0.0,0.0011654797683556817,0.026546197042147224,0.014705162146638407,1.0,0.0,1.0,1.0,1.0,1.0,1.0
0.0,0.0,0.0,0.0748886967642431,0.0,0.0,0.0,0.0,0.0,0.0,0.0,0.0,0.0,0.0,0.0,0.0,0.0,0.0,0.0,0.0,0.0,0.0011654797683556817,0.026546197042147224,0.014705162146638407,1.0,0.0,1.0,1.0,1.0,1.0,1.0
0.0,0.0,0.0,0.0748886967642431,0.0,0.0,0.0,0.0,0.0,0.0,0.0,0.0,0.0,0.0,0.0,0.0,0.0,0.0,0.0,0.0,0.0,0.0011654797683556817,0.026546197042147224,0.014705162146638407,1.0,0.0,1.0,1.0,1.0,1.0,1.0
0.0,0.0,0.0,0.0748886967642431,0.0,0.0,0.0,0.0,0.0,0.0,0.0,0.0,0.0,0.0,0.0,0.0,0.0,0.0,0.0,0.0,0.0,0.0011654797683556817,0.026546197042147224,0.014705162146638407,1.0,0.0,1.0,1.0,1.0,1.0,1.0
0.0,0.0,0.0,0.0748886967642431,0.0,0.0,0.0,0.0,0.0,0.0,0.0,0.0,0.0,0.0,0.0,0.0,0.0,0.0,0.0,0.0,0.0,0.0011654797683556817,0.026546197042147224,0.014705162146638407,1.0,0.0,1.0,1.0,1.0,1.0,1.0
0.0,0.0,0.0,0.0748886967642431,0.0,0.0,0.0,0.0,0.0,0.0,0.0,0.0,0.0,0.0,0.0,0.0,0.0,0.0,0.0,0.0,0.0,0.0011654797683556817,0.026546197042147224,0.014705162146638407,1.0,0.0,1.0,1.0,1.0,1.0,1.0
0.0,0.0,0.0,0.0748886967642431,0.0,0.0,0.0,0.0,0.0,0.0,0.0,0.0,0.0,0.0,0.0,0.0,0.0,0.0,0.0,0.0,0.0,0.0011654797683556817,0.026546197042147224,0.014705162146638407,1.0,0.0,1.0,1.0,1.0,1.0,1.0
0.0,0.0,0.0,0.0748886967642431,0.0,0.0,0.0,0.0,0.0,0.0,0.0,0.0,0.0,0.0,0.0,0.0,0.0,0.0,0.0,0.0,0.0,0.0011654797683556817,0.026546197042147224,0.014705162146638407,1.0,0.0,1.0,1.0,1.0,1.0,1.0
0.0,0.0,0.0,0.0748886967642431,0.0,0.0,0.0,0.0,0.0,0.0,0.0,0.0,0.0,0.0,0.0,0.0,0.0,0.0,0.0,0.0,0.0,0.0011654797683556817,0.026546197042147224,0.014705162146638407,1.0,0.0,1.0,1.0,1.0,1.0,1.0
0.0,0.0,0.0,0.0748886967642431,0.0,0.0,0.0,0.0,0.0,0.0,0.0,0.0,0.0,0.0,0.0,0.0,0.0,0.0,0.0,0.0,0.0,0.0011654797683556817,0.026546197042147224,0.014705162146638407,1.0,0.0,1.0,1.0,1.0,1.0,1.0
0.0,0.0,0.0,0.0748886967642431,0.0,0.0,0.0,0.0,0.0,0.0,0.0,0.0,0.0,0.0,0.0,0.0,0.0,0.0,0.0,0.0,0.0,0.0011654797683556817,0.026546197042147224,0.014705162146638407,1.0,0.0,1.0,1.0,1.0,1.0,1.0
0.0,0.0,0.0,0.0748886967642431,0.0,0.0,0.0,0.0,0.0,0.0,0.0,0.0,0.0,0.0,0.0,0.0,0.0,0.0,0.0,0.0,0.0,0.0011654797683556817,0.026546197042147224,0.014705162146638407,1.0,0.0,1.0,1.0,1.0,1.0,1.0
0.0,0.0,0.0,0.0748886967642431,0.0,0.0,0.0,0.0,0.0,0.0,0.0,0.0,0.0,0.0,0.0,0.0,0.0,0.0,0.0,0.0,0.0,0.0011654797683556817,0.026546197042147224,0.014705162146638407,1.0,0.0,1.0,1.0,1.0,1.0,1.0
0.0,0.0,0.0,0.0748886967642431,0.0,0.0,0.0,0.0,0.0,0.0,0.0,0.0,0.0,0.0,0.0,0.0,0.0,0.0,0.0,0.0,0.0,0.0011654797683556817,0.026546197042147224,0.014705162146638407,1.0,0.0,1.0,1.0,1.0,1.0,1.0
0.0,0.0,0.0,0.0748886967642431,0.0,0.0,0.0,0.0,0.0,0.0,0.0,0.0,0.0,0.0,0.0,0.0,0.0,0.0,0.0,0.0,0.0,0.0011654797683556817,0.026546197042147224,0.014705162146638407,1.0,0.0,1.0,1.0,1.0,1.0,1.0
0.0,0.0,0.0,0.0748886967642431,1.0,1.0,0.0,0.0,0.0,0.0,0.0,0.0,0.0,0.0,0.0,0.0,0.0,0.0,0.0,0.0,0.0,0.0011654797683556817,0.026546197042147224,0.014705162146638407,1.0,0.0,1.0,1.0,1.0,1.0,1.0
0.0,0.0,0.0,0.0748886967642431,0.0,0.0,0.0,0.0,0.0,0.0,0.0,0.0,0.0,0.0,0.0,0.0,0.0,0.0,0.0,0.0,0.0,0.0011654797683556817,0.026546197042147224,0.014705162146638407,1.0,0.0,1.0,1.0,1.0,1.0,1.0
0.0,0.0,0.0,0.0748886967642431,0.0,0.0,0.0,0.0,0.0,0.0,0.0,0.0,0.0,0.0,0.0,0.0,0.0,0.0,0.0,0.0,0.0,0.0011654797683556817,0.026546197042147224,0.014705162146638407,1.0,0.0,1.0,1.0,1.0,1.0,1.0
0.0,0.0,0.0,0.0748886967642431,0.0,0.0,0.0,0.0,0.0,0.0,0.0,0.0,0.0,0.0,0.0,0.0,0.0,0.0,0.0,0.0,0.0,0.0011654797683556817,0.026546197042147224,0.014705162146638407,1.0,0.0,1.0,1.0,1.0,1.0,1.0
0.0,0.0,0.0,0.0748886967642431,0.0,0.0,0.0,0.0,0.0,0.0,0.0,0.0,0.0,0.0,0.0,0.0,0.0,0.0,0.0,0.0,0.0,0.0011654797683556817,0.026546197042147224,0.014705162146638407,1.0,0.0,1.0,1.0,1.0,1.0,1.0
0.0,0.0,0.0,0.0,0.0,0.0,0.0,0.0,0.0,0.0,0.0,0.0,0.0,0.0,0.9761881490335699,1.0,1.0,0.9751081259410629,0.2172132228350363,1.0,0.0,0.0011654797683556817,0.026546197042147224,0.014705162146638407,1.0,1.0,1.0,1.0,0.0,0.0,1.0
0.9709050401834591,0.7107142857142856,1.0,0.0,0.0,0.0,0.9900529932836173,0.04789958059739368,0.05374922138151392,0.0,0.0,0.0,0.0,0.0,0.9761881490335699,1.0,1.0,0.0,0.0,0.0,0.9867916758281472,0.3980697871582616,0.47333909026362,0.17251218038305696,0.0,1.0,0.0,1.0,0.0,1.0,0.0
0.0,0.0,0.0,0.0,0.0,0.0,0.0,0.0,0.0,0.0,0.0,0.0,0.0,0.0,0.0,0.0,0.0,0.0,0.0,0.0,0.9867916758281472,0.6426802131709747,0.5078456528614038,0.2177660244826777,1.0,1.0,1.0,1.0,1.0,1.0,0.0
0.9709050401834591,0.09285714285714286,0.0,0.9727148409902456,0.0,0.0,0.9900529932836173,0.02424048673216954,0.023395172853978654,0.0,0.0,0.0,0.0,0.0,0.0,0.0,0.0,0.0,0.0,0.0,0.9867916758281472,0.7149208412800326,0.7245904505597242,0.07222558954620088,0.0,0.0,0.0,1.0,1.0,1.0,0.0
0.0,0.0,0.0,0.0,0.0,0.0,0.9900529932836173,0.06342276072592161,0.06480956410503322,0.0,0.0,0.0,0.0,0.0,0.0,0.0,0.0,0.0,0.0,0.0,0.0,0.0011654797683556817,0.026546197042147224,0.014705162146638407,1.0,1.0,0.0,1.0,1.0,1.0,1.0
0.9709050401834591,0.7035714285714285,1.0,0.9727148409902456,0.0,0.0,0.9900529932836173,0.03229746271901446,0.031207779269666985,0.0,0.0,0.0,0.0,0.0,0.0,0.0,0.0,0.9751081259410629,0.1900688233710599,1.0,0.0,0.0011654797683556817,0.026546197042147224,0.014705162146638407,0.0,0.0,0.0,1.0,1.0,0.0,1.0
0.9709050401834591,0.07142857142857142,0.0,0.9727148409902456,0.0,0.0,0.0,0.0,0.0,0.0,0.0,0.0,0.0,0.0,0.9761881490335699,0.5,0.0,0.0,0.0,0.0,0.9867916758281472,0.24539063730420985,0.45269413062041597,0.32263033051642304,0.0,0.0,1.0,1.0,0.0,1.0,0.0
0.9709050401834591,0.10357142857142856,0.0,0.9727148409902456,0.0,0.0,0.9900529932836173,0.04799917293212795,0.05381867328310237,0.0,0.0,0.0,0.0,0.0,0.0,0.0,0.0,0.0,0.0,0.0,0.0,0.0011654797683556817,0.026546197042147224,0.014705162146638407,0.0,0.0,0.0,1.0,1.0,1.0,1.0
0.9709050401834591,0.2857142857142857,0.0,0.9727148409902456,1.0,0.0,0.0,0.0,0.0,0.0,0.0,0.0,0.0,0.0,0.0,0.0,0.0,0.0,0.0,0.0,0.9867916758281472,0.6347600565901054,0.5078456528614038,0.2177660244826777,0.0,0.0,1.0,1.0,1.0,1.0,0.0
0.0,0.0,0.0,0.0,0.0,0.0,0.9900529932836173,0.024261380296561448,0.023534473995797747,0.0,0.0,0.0,0.0,0.0,0.0,0.0,0.0,0.0,0.0,0.0,0.9867916758281472,0.7046648103427605,0.71896739764121,0.11364374902546395,1.0,1.0,0.0,1.0,1.0,1.0,0.0
0.0,0.0,0.0,0.0,0.0,0.0,0.9900529932836173,0.06363224424394646,0.06506211875327528,0.0,0.0,0.0,0.0,0.0,0.9761881490335699,0.5,0.0,0.9751081259410629,0.09094020064232877,0.5,0.9867916758281472,0.3899624773692606,0.47333909026362,0.20984948420551822,1.0,1.0,0.0,1.0,0.0,0.0,0.0
0.9709050401834591,0.2857142857142857,0.0,0.9727148409902456,0.0,0.0,0.9900529932836173,0.032310677433724164,0.031398925670212866,0.0,0.0,0.0,0.0,0.0,0.9761881490335699,0.5,0.0,0.9751081259410629,0.3634307096478273,1.0,0.9867916758281472,0.2298780302274599,0.45269413062041597,0.32263033051642304,0.0,0.0,0.0,1.0,0.0,0.0,0.0
0.9709050401834591,0.35000000000000003,0.0,0.9727148409902456,1.0,0.0,0.0,0.0,0.0,0.0,0.0,0.0,0.0,0.0,0.9761881490335699,0.5,0.0,0.9751081259410629,0.17264831489840748,1.0,0.0,0.0011654797683556817,0.026546197042147224,0.014705162146638407,0.0,0.0,1.0,1.0,0.0,0.0,1.0
0.9709050401834591,0.4678571428571428,1.0,0.9727148409902456,1.0,0.0,0.9900529932836173,0.04801330084908046,0.05405487854485089,0.0,0.0,0.0,0.0,0.0,0.9761881490335699,0.5,0.0,0.9751081259410629,0.17972347069299843,1.0,0.9867916758281472,0.6347600565901054,0.5078456528614038,0.2177660244826777,0.0,0.0,0.0,1.0,0.0,0.0,0.0
0.0,0.0,0.0,0.0,0.0,0.0,0.0,0.0,0.0,0.0,0.0,0.0,0.0,0.0,0.0,0.0,0.0,0.0,0.0,0.0,0.9867916758281472,0.6997630497757111,0.71896739764121,0.11364374902546395,1.0,1.0,1.0,1.0,1.0,1.0,0.0
0.9709050401834591,0.47857142857142854,1.0,0.9727148409902456,0.0,0.0,0.9900529932836173,0.024281824500258804,0.02354307472945268,0.0,0.0,0.0,0.0,0.0,0.9761881490335699,1.0,1.0,0.9751081259410629,0.8767934395404597,0.5,0.9867916758281472,0.3899624773692606,0.4662471504016119,0.20984948420551822,0.0,0.0,0.0,1.0,0.0,0.0,0.0
0.0,0.0,0.0,0.0,0.0,0.0,0.9900529932836173,0.06364223637821019,0.06515778361609398,0.0,0.0,0.0,0.0,0.0,0.9761881490335699,0.5,0.0,0.9751081259410629,0.3498231728273744,1.0,0.0,0.0011654797683556817,0.026546197042147224,0.014705162146638407,1.0,1.0,0.0,1.0,0.0,0.0,1.0
0.9709050401834591,0.7428571428571429,1.0,0.9727148409902456,0.0,0.0,0.9900529932836173,0.032412608453583826,0.03148076380746298,0.0,0.0,0.0,0.0,0.0,0.0,0.0,0.0,0.0,0.0,0.0,0.9867916758281472,0.22658774772788892,0.46545918038155704,0.32404843228266406,0.0,0.0,0.0,1.0,1.0,1.0,0.0
0.9709050401834591,0.9678571428571429,1.0,0.9727148409902456,0.0,0.0,0.0,0.0,0.0,0.0,0.0,0.0,0.0,0.0,0.9761881490335699,0.5,0.0,0.9751081259410629,0.09094020064232877,0.5,0.0,0.0011654797683556817,0.026546197042147224,0.014705162146638407,0.0,0.0,1.0,1.0,0.0,0.0,1.0
0.9709050401834591,0.9785714285714284,1.0,0.9727148409902456,0.0,0.0,0.9900529932836173,0.048177067676071154,0.05410908544164461,0.0,0.0,0.0,0.0,0.0,0.9761881490335699,0.5,0.0,0.9751081259410629,0.09094020064232877,0.5,0.9867916758281472,0.7118112812545109,0.71896739764121,0.11364374902546395,0.0,0.0,0.0,1.0,0.0,0.0,0.0
0.0,0.0,0.0,0.0,0.0,0.0,0.9995108562291078,0.2105788721464059,0.21558632597595626,0.9981426620545615,0.14744088778983683,0.8134307861328125,0.7939380990171541,0.020510003204688,0.0,0.0,0.0,0.0,0.0,0.0,0.0,0.0011654797683556817,0.026546197042147224,0.014705162146638407,1.0,1.0,0.0,0.0,1.0,1.0,1.0
0.0,0.0,0.0,0.0,0.0,0.0,0.9995108562291078,0.25624733285318324,0.2647172457857296,0.9981426620545615,0.14744088778983683,0.8134307861328125,0.7939380990171541,0.020510003204688,0.0,0.0,0.0,0.0,0.0,0.0,0.0,0.0011654797683556817,0.026546197042147224,0.014705162146638407,1.0,1.0,0.0,0.0,1.0,1.0,1.0
0.0,0.0,0.0,0.0,0.0,0.0,0.9995108562291078,0.20718334851815579,0.20904829842833783,0.9981426620545615,0.4819038024148616,0.9659271240234375,0.8241102496795067,0.22483175387996157,0.0,0.0,0.0,0.0,0.0,0.0,0.0,0.0011654797683556817,0.026546197042147224,0.014705162146638407,1.0,1.0,0.0,0.0,1.0,1.0,1.0
0.0,0.0,0.0,0.0,0.0,0.0,0.9995108562291078,0.21077241883993378,0.2156123772917702,0.9981426620545615,0.4819038024148616,0.9659271240234375,0.8241102496795067,0.22483175387996157,0.0,0.0,0.0,0.0,0.0,0.0,0.0,0.0011654797683556817,0.026546197042147224,0.014705162146638407,1.0,1.0,0.0,0.0,1.0,1.0,1.0
0.0,0.0,0.0,0.0,0.0,0.0,0.9995108562291078,0.2564525597996669,0.2647258077925998,0.9981426620545615,0.4819038024148616,0.9659271240234375,0.8241102496795067,0.22483175387996157,0.0,0.0,0.0,0.0,0.0,0.0,0.0,0.0011654797683556817,0.026546197042147224,0.014705162146638407,1.0,1.0,0.0,0.0,1.0,1.0,1.0
0.0,0.0,0.0,0.0,0.0,0.0,0.9995108562291078,0.20721781276825565,0.20905473330018215,0.9981426620545615,0.4819038024148616,0.9659271240234375,0.8241102496795067,0.22483175387996157,0.0,0.0,0.0,0.0,0.0,0.0,0.0,0.0011654797683556817,0.026546197042147224,0.014705162146638407,1.0,1.0,0.0,0.0,1.0,1.0,1.0
0.0,0.0,0.0,0.0,0.0,0.0,0.9995108562291078,0.21077590387449724,0.2157094540800589,0.9981426620545615,0.12039199523744103,0.8859710693359375,0.7896953787925035,0.7146301637442964,0.0,0.0,0.0,0.0,0.0,0.0,0.0,0.0011654797683556817,0.026546197042147224,0.014705162146638407,1.0,1.0,0.0,0.0,1.0,1.0,1.0
0.0,0.0,0.0,0.0,0.0,0.0,0.9995108562291078,0.2565201059870071,0.26486528098021994,0.9981426620545615,0.12039199523744103,0.8859710693359375,0.7896953787925035,0.7146301637442964,0.0,0.0,0.0,0.0,0.0,0.0,0.0,0.0011654797683556817,0.026546197042147224,0.014705162146638407,1.0,1.0,0.0,0.0,1.0,1.0,1.0
0.0,0.0,0.0,0.0,0.0,0.0,0.9995108562291078,0.20733186012007926,0.20911568431547123,0.9981426620545615,0.12039199523744103,0.8859710693359375,0.7896953787925035,0.7146301637442964,0.0,0.0,0.0,0.0,0.0,0.0,0.0,0.0011654797683556817,0.026546197042147224,0.014705162146638407,1.0,1.0,0.0,0.0,1.0,1.0,1.0
0.0,0.0,0.0,0.0,0.0,0.0,0.9995108562291078,0.2565560419424384,0.2649218356356939,0.9981426620545615,0.12039199523744103,0.8859710693359375,0.7896953787925035,0.7146301637442964,0.0,0.0,0.0,0.0,0.0,0.0,0.0,0.0011654797683556817,0.026546197042147224,0.014705162146638407,1.0,1.0,0.0,0.0,1.0,1.0,1.0
0.0,0.0,0.0,0.0,0.0,0.0,0.9995108562291078,0.210927037837291,0.21579252111065605,0.9981426620545615,0.29091297644670355,0.9179840087890625,0.7424149929796716,0.023165316119580646,0.0,0.0,0.0,0.0,0.0,0.0,0.0,0.0011654797683556817,0.026546197042147224,0.014705162146638407,1.0,1.0,0.0,0.0,1.0,1.0,1.0
0.0,0.0,0.0,0.0,0.0,0.0,0.9995108562291078,0.20740880614387938,0.20922457432949215,0.9981426620545615,0.29091297644670355,0.9179840087890625,0.7424149929796716,0.023165316119580646,0.0,0.0,0.0,0.0,0.0,0.0,0.0,0.0011654797683556817,0.026546197042147224,0.014705162146638407,1.0,1.0,0.0,0.0,1.0,1.0,1.0
0.0,0.0,0.0,0.0,0.0,0.0,0.9995108562291078,0.21101142578438417,0.2158758047549001,0.9981426620545615,0.29091297644670355,0.9179840087890625,0.7424149929796716,0.023165316119580646,0.0,0.0,0.0,0.0,0.0,0.0,0.0,0.0011654797683556817,0.026546197042147224,0.014705162146638407,1.0,1.0,0.0,0.0,1.0,1.0,1.0
0.0,0.0,0.0,0.0,0.0,0.0,0.9995108562291078,0.25662244074469603,0.26496946115804076,0.9981426620545615,0.29091297644670355,0.9179840087890625,0.7424149929796716,0.023165316119580646,0.0,0.0,0.0,0.0,0.0,0.0,0.0,0.0011654797683556817,0.026546197042147224,0.014705162146638407,1.0,1.0,0.0,0.0,1.0,1.0,1.0
0.0,0.0,0.0,0.0,0.0,0.0,0.9995108562291078,0.20746997021745717,0.20923164128105662,0.9981426620545615,0.002350750255682252,0.5915985107421875,0.7693974726817655,0.38285339315417605,0.0,0.0,0.0,0.0,0.0,0.0,0.0,0.0011654797683556817,0.026546197042147224,0.014705162146638407,1.0,1.0,0.0,0.0,1.0,1.0,1.0
0.0,0.0,0.0,0.0,0.0,0.0,0.9995108562291078,0.25669375740475714,0.2651535750674518,0.9981426620545615,0.002350750255682252,0.5915985107421875,0.7693974726817655,0.38285339315417605,0.0,0.0,0.0,0.0,0.0,0.0,0.0,0.0011654797683556817,0.026546197042147224,0.014705162146638407,1.0,1.0,0.0,0.0,1.0,1.0,1.0
0.0,0.0,0.0,0.0,0.0,0.0,0.9995108562291078,0.21112835077436093,0.21588605407770936,0.9981426620545615,0.002350750255682252,0.5915985107421875,0.7693974726817655,0.38285339315417605,0.0,0.0,0.0,0.0,0.0,0.0,0.0,0.0011654797683556817,0.026546197042147224,0.014705162146638407,1.0,1.0,0.0,0.0,1.0,1.0,1.0
0.0,0.0,0.0,0.0,0.0,0.0,0.9995108562291078,0.20751858645870166,0.20924048581950516,0.9981426620545615,0.002350750255682252,0.5915985107421875,0.7693974726817655,0.38285339315417605,0.0,0.0,0.0,0.0,0.0,0.0,0.0,0.0011654797683556817,0.026546197042147224,0.014705162146638407,1.0,1.0,0.0,0.0,1.0,1.0,1.0
0.0,0.0,0.0,0.0,0.0,0.0,0.9995108562291078,0.25681848170622285,0.26517336051767343,0.0,0.0,0.0,0.0,0.0,0.0,0.0,0.0,0.0,0.0,0.0,0.0,0.0011654797683556817,0.026546197042147224,0.014705162146638407,1.0,1.0,0.0,1.0,1.0,1.0,1.0
0.0,0.0,0.0,0.0,0.0,0.0,0.9995108562291078,0.21116515376409375,0.21600097961077336,0.9981426620545615,0.06502724733250904,0.953704833984375,0.3554880654416702,0.624273222542691,0.0,0.0,0.0,0.0,0.0,0.0,0.0,0.0011654797683556817,0.026546197042147224,0.014705162146638407,1.0,1.0,0.0,0.0,1.0,1.0,1.0
0.8854225597891305,0.6178571428571429,1.0,0.8870730182755243,1.0,0.0,0.0,0.0,0.0,0.0,0.0,0.0,0.0,0.0,0.0,0.0,0.0,0.0,0.0,0.0,0.0,0.0011654797683556817,0.026546197042147224,0.014705162146638407,0.0,0.0,1.0,1.0,1.0,1.0,1.0
0.0,0.0,0.0,0.8870730182755243,0.0,0.0,0.0,0.0,0.0,0.0,0.0,0.0,0.0,0.0,0.0,0.0,0.0,0.0,0.0,0.0,0.0,0.0011654797683556817,0.026546197042147224,0.014705162146638407,1.0,0.0,1.0,1.0,1.0,1.0,1.0
0.8854225597891305,0.22857142857142856,0.0,0.8870730182755243,0.0,0.0,0.0,0.0,0.0,0.0,0.0,0.0,0.0,0.0,0.0,0.0,0.0,0.0,0.0,0.0,0.0,0.0011654797683556817,0.026546197042147224,0.014705162146638407,0.0,0.0,1.0,1.0,1.0,1.0,1.0
0.8854225597891305,0.7214285714285713,1.0,0.0,0.0,0.0,0.0,0.0,0.0,0.0,0.0,0.0,0.0,0.0,0.0,0.0,0.0,0.0,0.0,0.0,0.0,0.0011654797683556817,0.026546197042147224,0.014705162146638407,0.0,1.0,1.0,1.0,1.0,1.0,1.0
0.8854225597891305,0.6214285714285713,1.0,0.8870730182755243,0.0,0.0,0.0,0.0,0.0,0.0,0.0,0.0,0.0,0.0,0.0,0.0,0.0,0.0,0.0,0.0,0.0,0.0011654797683556817,0.026546197042147224,0.014705162146638407,0.0,0.0,1.0,1.0,1.0,1.0,1.0
0.8854225597891305,0.375,0.0,0.8870730182755243,0.0,0.0,0.0,0.0,0.0,0.0,0.0,0.0,0.0,0.0,0.0,0.0,0.0,0.0,0.0,0.0,0.0,0.0011654797683556817,0.026546197042147224,0.014705162146638407,0.0,0.0,1.0,1.0,1.0,1.0,1.0
0.8854225597891305,0.2785714285714285,0.0,0.0,0.0,0.0,0.0,0.0,0.0,0.0,0.0,0.0,0.0,0.0,0.0,0.0,0.0,0.0,0.0,0.0,0.0,0.0011654797683556817,0.026546197042147224,0.014705162146638407,0.0,1.0,1.0,1.0,1.0,1.0,1.0
0.8854225597891305,0.3428571428571428,0.0,0.8870730182755243,1.0,0.0,0.0,0.0,0.0,0.0,0.0,0.0,0.0,0.0,0.0,0.0,0.0,0.0,0.0,0.0,0.0,0.0011654797683556817,0.026546197042147224,0.014705162146638407,0.0,0.0,1.0,1.0,1.0,1.0,1.0
0.8854225597891305,0.4107142857142857,0.0,0.8870730182755243,0.0,0.0,0.0,0.0,0.0,0.0,0.0,0.0,0.0,0.0,0.0,0.0,0.0,0.0,0.0,0.0,0.0,0.0011654797683556817,0.026546197042147224,0.014705162146638407,0.0,0.0,1.0,1.0,1.0,1.0,1.0
0.8854225597891305,0.5499999999999999,1.0,0.8870730182755243,0.0,0.0,0.0,0.0,0.0,0.0,0.0,0.0,0.0,0.0,0.0,0.0,0.0,0.0,0.0,0.0,0.0,0.0011654797683556817,0.026546197042147224,0.014705162146638407,0.0,0.0,1.0,1.0,1.0,1.0,1.0
0.0,0.0,0.0,0.8870730182755243,0.0,0.0,0.0,0.0,0.0,0.0,0.0,0.0,0.0,0.0,0.0,0.0,0.0,0.0,0.0,0.0,0.0,0.0011654797683556817,0.026546197042147224,0.014705162146638407,1.0,0.0,1.0,1.0,1.0,1.0,1.0
0.8854225597891305,0.4464285714285714,1.0,0.8870730182755243,0.0,0.0,0.0,0.0,0.0,0.0,0.0,0.0,0.0,0.0,0.0,0.0,0.0,0.0,0.0,0.0,0.0,0.0011654797683556817,0.026546197042147224,0.014705162146638407,0.0,0.0,1.0,1.0,1.0,1.0,1.0
0.8854225597891305,0.9285714285714285,1.0,0.8870730182755243,0.0,0.0,0.0,0.0,0.0,0.0,0.0,0.0,0.0,0.0,0.0,0.0,0.0,0.0,0.0,0.0,0.0,0.0011654797683556817,0.026546197042147224,0.014705162146638407,0.0,0.0,1.0,1.0,1.0,1.0,1.0
0.0,0.0,0.0,0.8870730182755243,0.0,0.0,0.0,0.0,0.0,0.0,0.0,0.0,0.0,0.0,0.0,0.0,0.0,0.0,0.0,0.0,0.0,0.0011654797683556817,0.026546197042147224,0.014705162146638407,1.0,0.0,1.0,1.0,1.0,1.0,1.0
0.8854225597891305,0.5178571428571428,1.0,0.8870730182755243,0.0,0.0,0.0,0.0,0.0,0.0,0.0,0.0,0.0,0.0,0.0,0.0,0.0,0.0,0.0,0.0,0.0,0.0011654797683556817,0.026546197042147224,0.014705162146638407,0.0,0.0,1.0,1.0,1.0,1.0,1.0
0.8854225597891305,0.21428571428571427,0.0,0.8870969673310933,0.0,0.0,0.0,0.0,0.0,0.0,0.0,0.0,0.0,0.0,0.0,0.0,0.0,0.0,0.0,0.0,0.0,0.0011654797683556817,0.026546197042147224,0.014705162146638407,0.0,0.0,1.0,1.0,1.0,1.0,1.0
0.8854464642858851,0.22499999999999998,0.0,0.8870969673310933,0.0,0.0,0.0,0.0,0.0,0.0,0.0,0.0,0.0,0.0,0.0,0.0,0.0,0.0,0.0,0.0,0.0,0.0011654797683556817,0.026546197042147224,0.014705162146638407,0.0,0.0,1.0,1.0,1.0,1.0,1.0
0.8854464642858851,0.5714285714285714,1.0,0.8870969673310933,0.0,0.0,0.0,0.0,0.0,0.0,0.0,0.0,0.0,0.0,0.0,0.0,0.0,0.0,0.0,0.0,0.0,0.0011654797683556817,0.026546197042147224,0.014705162146638407,0.0,0.0,1.0,1.0,1.0,1.0,1.0
0.8854464642858851,0.8321428571428571,1.0,0.8870969673310933,0.0,0.0,0.0,0.0,0.0,0.0,0.0,0.0,0.0,0.0,0.0,0.0,0.0,0.0,0.0,0.0,0.0,0.0011654797683556817,0.026546197042147224,0.014705162146638407,0.0,0.0,1.0,1.0,1.0,1.0,1.0
0.8854464642858851,0.45714285714285713,1.0,0.0,0.0,0.0,0.0,0.0,0.0,0.0,0.0,0.0,0.0,0.0,0.0,0.0,0.0,0.0,0.0,0.0,0.0,0.0011654797683556817,0.026546197042147224,0.014705162146638407,0.0,1.0,1.0,1.0,1.0,1.0,1.0
0.9185302877942046,0.907142857142857,1.0,0.0,0.0,0.0,0.0,0.0,0.0,0.0,0.0,0.0,0.0,0.0,0.0,0.0,0.0,0.0,0.0,0.0,0.0,0.0011654797683556817,0.026546197042147224,0.014705162146638407,0.0,1.0,1.0,1.0,1.0,1.0,1.0
0.9185302877942046,0.2571428571428571,0.0,0.0,0.0,0.0,0.9366453187641076,0.16272343004502415,0.16367388836265034,0.0,0.0,0.0,0.0,0.0,0.0,0.0,0.0,0.9225066412075374,0.6440012609368084,1.0,0.0,0.0011654797683556817,0.026546197042147224,0.014705162146638407,0.0,1.0,0.0,1.0,1.0,0.0,1.0
0.0,0.0,0.0,0.0,0.0,0.0,0.9366453187641076,0.1657100255935208,0.15955482523500558,0.0,0.0,0.0,0.0,0.0,0.0,0.0,0.0,0.0,0.0,0.0,0.9335599306602461,0.5935578770892299,0.5897563861389321,0.6193241863901994,1.0,1.0,0.0,1.0,1.0,1.0,0.0
0.9185302877942046,0.6321428571428571,1.0,0.0,0.0,0.0,0.0,0.0,0.0,0.0,0.0,0.0,0.0,0.0,0.0,0.0,0.0,0.9225066412075374,0.5266343181520785,1.0,0.9335599306602461,0.35810551575997185,0.7774184674838823,0.13924925253460477,0.0,1.0,1.0,1.0,1.0,0.0,0.0
0.9185302877942046,0.7428571428571429,1.0,0.0,0.0,0.0,0.0,0.0,0.0,0.0,0.0,0.0,0.0,0.0,0.0,0.0,0.0,0.0,0.0,0.0,0.0,0.0011654797683556817,0.026546197042147224,0.014705162146638407,0.0,1.0,1.0,1.0,1.0,1.0,1.0
0.9185302877942046,0.21428571428571427,0.0,0.0,0.0,0.0,0.0,0.0,0.0,0.0,0.0,0.0,0.0,0.0,0.9235284032552423,0.5,0.0,0.0,0.0,0.0,0.0,0.0011654797683556817,0.026546197042147224,0.014705162146638407,0.0,1.0,1.0,1.0,0.0,1.0,1.0
0.0,0.0,0.0,0.0,0.0,0.0,0.9366453187641076,0.1627331023286625,0.16367675421796107,0.0,0.0,0.0,0.0,0.0,0.9235284032552423,0.5,0.0,0.0,0.0,0.0,0.9335599306602461,0.5935578770892299,0.5897563861389321,0.6193241863901994,1.0,1.0,0.0,1.0,0.0,1.0,0.0
0.0,0.0,0.0,0.0,0.0,0.0,0.9366453187641076,0.16598771395061385,0.15978098551953224,0.0,0.0,0.0,0.0,0.0,0.0,0.0,0.0,0.9225066412075374,0.6019668113719567,1.0,0.0,0.0011654797683556817,0.026546197042147224,0.014705162146638407,1.0,1.0,0.0,1.0,1.0,0.0,1.0
0.9185302877942046,0.9464285714285714,1.0,0.0,0.0,0.0,0.0,0.0,0.0,0.0,0.0,0.0,0.0,0.0,0.0,0.0,0.0,0.9225066412075374,0.4966409395353697,1.0,0.9335599306602461,0.37360575616669134,0.7774184674838823,0.13924925253460477,0.0,1.0,1.0,1.0,1.0,0.0,0.0
0.9185302877942046,0.5714285714285714,1.0,0.0,0.0,0.0,0.0,0.0,0.0,0.0,0.0,0.0,0.0,0.0,0.0,0.0,0.0,0.0,0.0,0.0,0.0,0.0011654797683556817,0.026546197042147224,0.014705162146638407,0.0,1.0,1.0,1.0,1.0,1.0,1.0
0.9185302877942046,0.782142857142857,1.0,0.0,0.0,0.0,0.0,0.0,0.0,0.0,0.0,0.0,0.0,0.0,0.9235284032552423,1.0,1.0,0.0,0.0,0.0,0.0,0.0011654797683556817,0.026546197042147224,0.014705162146638407,0.0,1.0,1.0,1.0,0.0,1.0,1.0
0.0,0.0,0.0,0.0,0.0,0.0,0.9366453187641076,0.16621623059763038,0.1598748019153801,0.0,0.0,0.0,0.0,0.0,0.9235284032552423,1.0,1.0,0.9225066412075374,0.5941672086604108,1.0,0.9335599306602461,0.5912774408088842,0.5897563861389321,0.5919199035654711,1.0,1.0,0.0,1.0,0.0,0.0,0.0
0.9185302877942046,0.5892857142857143,1.0,0.0,0.0,0.0,0.0,0.0,0.0,0.0,0.0,0.0,0.0,0.0,0.0,0.0,0.0,0.9225066412075374,0.4751979804771418,1.0,0.9335599306602461,0.37360575616669134,0.7774184674838823,0.13924925253460477,0.0,1.0,1.0,1.0,1.0,0.0,0.0
0.9185302877942046,0.8321428571428571,1.0,0.0,0.0,0.0,0.0,0.0,0.0,0.0,0.0,0.0,0.0,0.0,0.0,0.0,0.0,0.0,0.0,0.0,0.0,0.0011654797683556817,0.026546197042147224,0.014705162146638407,0.0,1.0,1.0,1.0,1.0,1.0,1.0
0.9185302877942046,0.6785714285714285,1.0,0.0,0.0,0.0,0.9366453187641076,0.1629988611695227,0.1639022906258879,0.0,0.0,0.0,0.0,0.0,0.0,0.0,0.0,0.9225066412075374,0.5547804002816781,1.0,0.0,0.0011654797683556817,0.026546197042147224,0.014705162146638407,0.0,1.0,0.0,1.0,1.0,0.0,1.0
0.0,0.0,0.0,0.0,0.0,0.0,0.9366453187641076,0.1663705550540601,0.15992494455055933,0.0,0.0,0.0,0.0,0.0,0.0,0.0,0.0,0.0,0.0,0.0,0.9335599306602461,0.5759574050947555,0.5897563861389321,0.5919199035654711,1.0,1.0,0.0,1.0,1.0,1.0,0.0
0.9185302877942046,0.16428571428571426,0.0,0.0,0.0,0.0,0.0,0.0,0.0,0.0,0.0,0.0,0.0,0.0,0.0,0.0,0.0,0.9225066412075374,0.431383562002726,1.0,0.9335599306602461,0.38133617424380073,0.7654205071347866,0.13924925253460477,0.0,1.0,1.0,1.0,1.0,0.0,0.0
0.9185302877942046,0.7642857142857142,1.0,0.0,0.0,0.0,0.0,0.0,0.0,0.0,0.0,0.0,0.0,0.0,0.0,0.0,0.0,0.0,0.0,0.0,0.0,0.0011654797683556817,0.026546197042147224,0.014705162146638407,0.0,1.0,1.0,1.0,1.0,1.0,1.0
0.9185302877942046,0.7607142857142857,1.0,0.0,0.0,0.0,0.0,0.0,0.0,0.0,0.0,0.0,0.0,0.0,0.9235284032552423,0.5,0.0,0.0,0.0,0.0,0.0,0.0011654797683556817,0.026546197042147224,0.014705162146638407,0.0,1.0,1.0,1.0,0.0,1.0,1.0
0.0,0.0,0.0,0.0,0.0,0.0,0.9366453187641076,0.16320550883855814,0.16408985744472063,0.0,0.0,0.0,0.0,0.0,0.9235284032552423,0.5,0.0,0.0,0.0,0.0,0.9335599306602461,0.5838749793349957,0.5897563861389321,0.5919199035654711,1.0,1.0,0.0,1.0,0.0,1.0,0.0
0.0,0.0,0.0,0.8267213982416604,0.0,0.0,0.0,0.0,0.0,0.8403054505444215,0.03268153439880325,0.76416015625,0.44647762651852757,0.4366005890521754,0.0,0.0,0.0,0.0,0.0,0.0,0.8386854601533298,0.05639961789593306,0.25063403752958796,0.11355964020059327,1.0,0.0,1.0,0.0,1.0,1.0,0.0
0.0,0.0,0.0,0.8267213982416604,0.0,0.0,0.8414572909235393,0.4182726400513263,0.4118286041292853,0.8403054505444215,0.03268153439880325,0.76416015625,0.44647762651852757,0.4366005890521754,0.0,0.0,0.0,0.0,0.0,0.0,0.8386854601533298,0.07189835420825663,0.25063403752958796,0.11355964020059327,1.0,0.0,0.0,0.0,1.0,1.0,0.0
0.0,0.0,0.0,0.8267213982416604,0.0,0.0,0.8414572909235393,0.41838659201484135,0.4120024932520061,0.8403054505444215,0.4620292775259116,0.1750640869140625,0.9994047982418656,0.9289474888980452,0.0,0.0,0.0,0.0,0.0,0.0,0.8386854601533298,0.07355701999510755,0.2538922475047845,0.11355964020059327,1.0,0.0,0.0,0.0,1.0,1.0,0.0
0.0,0.0,0.0,0.0,0.0,0.0,0.8414572909235393,0.4185219536570897,0.41218634294037537,0.0,0.0,0.0,0.0,0.0,0.0,0.0,0.0,0.0,0.0,0.0,0.0,0.0011654797683556817,0.026546197042147224,0.014705162146638407,1.0,1.0,0.0,1.0,1.0,1.0,1.0
0.0,0.0,0.0,0.0,0.0,0.0,0.8414572909235393,0.4186763486281909,0.4121926697800543,0.0,0.0,0.0,0.0,0.0,0.0,0.0,0.0,0.0,0.0,0.0,0.0,0.0011654797683556817,0.026546197042147224,0.014705162146638407,1.0,1.0,0.0,1.0,1.0,1.0,1.0
0.0,0.0,0.0,0.0,0.0,0.0,0.8414572909235393,0.4188347083007784,0.41225320587858616,0.0,0.0,0.0,0.0,0.0,0.0,0.0,0.0,0.0,0.0,0.0,0.0,0.0011654797683556817,0.026546197042147224,0.014705162146638407,1.0,1.0,0.0,1.0,1.0,1.0,1.0
0.0,0.0,0.0,0.8267213982416604,0.0,0.0,0.8414572909235393,0.4189229648342812,0.41226789514028744,0.8403054505444215,0.8906748484987254,0.5419921875,0.10443501617727856,0.7958461139342887,0.0,0.0,0.0,0.0,0.0,0.0,0.8386854601533298,0.05236436837570346,0.27205824396442135,0.15078376506260016,1.0,0.0,0.0,0.0,1.0,1.0,0.0
0.0,0.0,0.0,0.8267453472972294,0.0,0.0,0.8414816668589657,0.41893145075989957,0.41232014150962687,0.8403297931125138,0.8906748484987254,0.5419921875,0.10443501617727856,0.7958461139342887,0.0,0.0,0.0,0.0,0.0,0.0,0.838709755792384,0.037168951856500376,0.27205824396442135,0.13166847825303388,1.0,0.0,0.0,0.0,1.0,1.0,0.0
0.0,0.0,0.0,0.8267453472972294,0.0,0.0,0.0,0.0,0.0,0.8403297931125138,0.1942269237227336,0.7930755615234375,0.038337097857273676,0.7134856323154635,0.0,0.0,0.0,0.0,0.0,0.0,0.838709755792384,0.04958657099187347,0.26603725317930327,0.13166847825303388,1.0,0.0,1.0,0.0,1.0,1.0,0.0
0.0,0.0,0.0,0.8267453472972294,0.0,0.0,0.0,0.0,0.0,0.8403297931125138,0.1942269237227336,0.7930755615234375,0.038337097857273676,0.7134856323154635,0.0,0.0,0.0,0.0,0.0,0.0,0.838709755792384,0.0476771459757821,0.26603725317930327,0.13706618671706775,1.0,0.0,1.0,0.0,1.0,1.0,0.0
0.0,0.0,0.0,0.8267453472972294,0.0,0.0,0.8414816668589657,0.41908266539394856,0.4127275027901751,0.8403297931125138,0.1942269237227336,0.7930755615234375,0.038337097857273676,0.7134856323154635,0.0,0.0,0.0,0.0,0.0,0.0,0.838709755792384,0.05412482336498714,0.26603725317930327,0.13706618671706775,1.0,0.0,0.0,0.0,1.0,1.0,0.0
0.0,0.0,0.0,0.8267453472972294,0.0,0.0,0.8414816668589657,0.4191334984594831,0.412729631390044,0.8403297931125138,1.526461204988475e-05,1.52587890625e-05,1.5261583541908308e-05,1.5260419051107145e-05,0.0,0.0,0.0,0.0,0.0,0.0,0.838709755792384,0.06012358488624148,0.26603725317930327,0.13706618671706775,1.0,0.0,0.0,0.0,1.0,1.0,0.0
0.0,0.0,0.0,0.8267453472972294,0.0,0.0,0.8414816668589657,0.4191811308384597,0.41273188029013763,0.8403297931125138,1.526461204988475e-05,1.52587890625e-05,1.5261583541908308e-05,1.5260419051107145e-05,0.0,0.0,0.0,0.0,0.0,0.0,0.838709755792384,0.05670915993155323,0.26603725317930327,0.18376548895063335,1.0,0.0,0.0,0.0,1.0,1.0,0.0
0.0,0.0,0.0,0.8267453472972294,1.0,0.0,0.8414816668589657,0.41931468573529856,0.412834653303228,0.8403297931125138,0.48872708400116005,0.8681182861328125,0.6574537574018681,0.8705916464466115,0.0,0.0,0.0,0.0,0.0,0.0,0.838709755792384,0.07088967422856274,0.26603725317930327,0.18376548895063335,1.0,0.0,0.0,0.0,1.0,1.0,0.0
0.0,0.0,0.0,0.8267453472972294,0.0,0.0,0.0,0.0,0.0,0.8403297931125138,0.48872708400116005,0.8681182861328125,0.6574537574018681,0.8705916464466115,0.0,0.0,0.0,0.0,0.0,0.0,0.838709755792384,0.06873924870264314,0.26603725317930327,0.18376548895063335,1.0,0.0,1.0,0.0,1.0,1.0,0.0
0.0,0.0,0.0,0.8267453472972294,0.0,0.0,0.8414816668589657,0.4197698781984999,0.41297834139324635,0.8403297931125138,0.48872708400116005,0.8681182861328125,0.6574537574018681,0.8705916464466115,0.0,0.0,0.0,0.0,0.0,0.0,0.838709755792384,0.05805907069746774,0.2771392397224743,0.18376548895063335,1.0,0.0,0.0,0.0,1.0,1.0,0.0
0.0,0.0,0.0,0.8267453472972294,0.0,0.0,0.0,0.0,0.0,0.8403297931125138,0.48872708400116005,0.8681182861328125,0.6574537574018681,0.8705916464466115,0.0,0.0,0.0,0.0,0.0,0.0,0.838709755792384,0.06461203797769866,0.2771392397224743,0.18376548895063335,1.0,0.0,1.0,0.0,1.0,1.0,0.0
0.0,0.0,0.0,0.8267692963527984,1.0,0.0,0.0,0.0,0.0,0.840354135680606,1.526461204988475e-05,1.52587890625e-05,1.5261583541908308e-05,1.5260419051107145e-05,0.0,0.0,0.0,0.0,0.0,0.0,0.8387340514314383,0.06194124898087072,0.2771392397224743,0.2254254380452514,1.0,0.0,1.0,0.0,1.0,1.0,0.0
0.0,0.0,0.0,0.8267692963527984,0.0,0.0,0.8415060427943923,0.4205558128149974,0.4136276815406721,0.840354135680606,1.526461204988475e-05,1.52587890625e-05,1.5261583541908308e-05,1.5260419051107145e-05,0.0,0.0,0.0,0.0,0.0,0.0,0.8387340514314383,0.05710780962803519,0.2771392397224743,0.2254254380452514,1.0,0.0,0.0,0.0,1.0,1.0,0.0
0.0,0.0,0.0,0.8267692963527984,0.0,0.0,0.8415060427943923,0.42065759886279724,0.4136724665494907,0.840354135680606,0.8698997114988323,0.9369964599609375,0.9010896770648923,0.6570678630835203,0.0,0.0,0.0,0.0,0.0,0.0,0.8387340514314383,0.04633508237338113,0.2771392397224743,0.2254254380452514,1.0,0.0,0.0,0.0,1.0,1.0,0.0
0.0,0.0,0.0,0.0,0.0,0.0,0.0,0.0,0.0,0.0,0.0,0.0,0.0,0.0,0.9173515184241012,1.0,1.0,0.0,0.0,0.0,0.0,0.0011654797683556817,0.026546197042147224,0.014705162146638407,1.0,1.0,1.0,1.0,0.0,1.0,1.0
0.0,0.0,0.0,0.0,0.0,0.0,0.0,0.0,0.0,0.0,0.0,0.0,0.0,0.0,0.9173515184241012,0.5,0.0,0.0,0.0,0.0,0.0,0.0011654797683556817,0.026546197042147224,0.014705162146638407,1.0,1.0,1.0,1.0,0.0,1.0,1.0
0.0,0.0,0.0,0.0,0.0,0.0,0.0,0.0,0.0,0.0,0.0,0.0,0.0,0.0,0.9173515184241012,0.5,0.0,0.0,0.0,0.0,0.0,0.0011654797683556817,0.026546197042147224,0.014705162146638407,1.0,1.0,1.0,1.0,0.0,1.0,1.0
0.0,0.0,0.0,0.0,0.0,0.0,0.0,0.0,0.0,0.0,0.0,0.0,0.0,0.0,0.9173515184241012,0.5,0.0,0.0,0.0,0.0,0.0,0.0011654797683556817,0.026546197042147224,0.014705162146638407,1.0,1.0,1.0,1.0,0.0,1.0,1.0
0.0,0.0,0.0,0.0,0.0,0.0,0.0,0.0,0.0,0.0,0.0,0.0,0.0,0.0,0.9173515184241012,1.0,1.0,0.0,0.0,0.0,0.0,0.0011654797683556817,0.026546197042147224,0.014705162146638407,1.0,1.0,1.0,1.0,0.0,1.0,1.0
0.0,0.0,0.0,0.0,0.0,0.0,0.0,0.0,0.0,0.0,0.0,0.0,0.0,0.0,0.9173515184241012,0.5,0.0,0.0,0.0,0.0,0.0,0.0011654797683556817,0.026546197042147224,0.014705162146638407,1.0,1.0,1.0,1.0,0.0,1.0,1.0
0.0,0.0,0.0,0.0,0.0,0.0,0.0,0.0,0.0,0.0,0.0,0.0,0.0,0.0,0.9173515184241012,0.5,0.0,0.0,0.0,0.0,0.0,0.0011654797683556817,0.026546197042147224,0.014705162146638407,1.0,1.0,1.0,1.0,0.0,1.0,1.0
0.0,0.0,0.0,0.0,0.0,0.0,0.0,0.0,0.0,0.0,0.0,0.0,0.0,0.0,0.9173515184241012,1.0,1.0,0.0,0.0,0.0,0.0,0.0011654797683556817,0.026546197042147224,0.014705162146638407,1.0,1.0,1.0,1.0,0.0,1.0,1.0
0.0,0.0,0.0,0.0,0.0,0.0,0.0,0.0,0.0,0.0,0.0,0.0,0.0,0.0,0.9173755529954286,0.5,0.0,0.0,0.0,0.0,0.0,0.0011654797683556817,0.026546197042147224,0.014705162146638407,1.0,1.0,1.0,1.0,0.0,1.0,1.0
0.0,0.0,0.0,0.0,0.0,0.0,0.0,0.0,0.0,0.0,0.0,0.0,0.0,0.0,0.9173755529954286,1.0,1.0,0.0,0.0,0.0,0.0,0.0011654797683556817,0.026546197042147224,0.014705162146638407,1.0,1.0,1.0,1.0,0.0,1.0,1.0
0.0,0.0,0.0,0.0,0.0,0.0,0.0,0.0,0.0,0.0,0.0,0.0,0.0,0.0,0.9173755529954286,0.5,0.0,0.0,0.0,0.0,0.0,0.0011654797683556817,0.026546197042147224,0.014705162146638407,1.0,1.0,1.0,1.0,0.0,1.0,1.0
0.0,0.0,0.0,0.0,0.0,0.0,0.0,0.0,0.0,0.0,0.0,0.0,0.0,0.0,0.9173755529954286,0.5,0.0,0.0,0.0,0.0,0.0,0.0011654797683556817,0.026546197042147224,0.014705162146638407,1.0,1.0,1.0,1.0,0.0,1.0,1.0
0.0,0.0,0.0,0.0,0.0,0.0,0.0,0.0,0.0,0.0,0.0,0.0,0.0,0.0,0.9173755529954286,0.5,0.0,0.0,0.0,0.0,0.0,0.0011654797683556817,0.026546197042147224,0.014705162146638407,1.0,1.0,1.0,1.0,0.0,1.0,1.0
0.0,0.0,0.0,0.0,0.0,0.0,0.0,0.0,0.0,0.0,0.0,0.0,0.0,0.0,0.9173755529954286,0.5,0.0,0.0,0.0,0.0,0.0,0.0011654797683556817,0.026546197042147224,0.014705162146638407,1.0,1.0,1.0,1.0,0.0,1.0,1.0
0.0,0.0,0.0,0.0,0.0,0.0,0.0,0.0,0.0,0.0,0.0,0.0,0.0,0.0,0.9173755529954286,0.5,0.0,0.0,0.0,0.0,0.0,0.0011654797683556817,0.026546197042147224,0.014705162146638407,1.0,1.0,1.0,1.0,0.0,1.0,1.0
0.0,0.0,0.0,0.0,0.0,0.0,0.0,0.0,0.0,0.0,0.0,0.0,0.0,0.0,0.9173755529954286,1.0,1.0,0.0,0.0,0.0,0.0,0.0011654797683556817,0.026546197042147224,0.014705162146638407,1.0,1.0,1.0,1.0,0.0,1.0,1.0
0.0,0.0,0.0,0.0,0.0,0.0,0.0,0.0,0.0,0.0,0.0,0.0,0.0,0.0,0.9173755529954286,0.5,0.0,0.0,0.0,0.0,0.0,0.0011654797683556817,0.026546197042147224,0.014705162146638407,1.0,1.0,1.0,1.0,0.0,1.0,1.0
0.0,0.0,0.0,0.0,0.0,0.0,0.0,0.0,0.0,0.0,0.0,0.0,0.0,0.0,0.9173755529954286,1.0,1.0,0.0,0.0,0.0,0.0,0.0011654797683556817,0.026546197042147224,0.014705162146638407,1.0,1.0,1.0,1.0,0.0,1.0,1.0
0.0,0.0,0.0,0.0,0.0,0.0,0.0,0.0,0.0,0.0,0.0,0.0,0.0,0.0,0.917399587566756,0.5,0.0,0.0,0.0,0.0,0.0,0.0011654797683556817,0.026546197042147224,0.014705162146638407,1.0,1.0,1.0,1.0,0.0,1.0,1.0
0.0,0.0,0.0,0.0,0.0,0.0,0.0,0.0,0.0,0.0,0.0,0.0,0.0,0.0,0.917399587566756,0.5,0.0,0.0,0.0,0.0,0.0,0.0011654797683556817,0.026546197042147224,0.014705162146638407,1.0,1.0,1.0,1.0,0.0,1.0,1.0
0.9168330685246304,0.6214285714285713,1.0,0.0,0.0,0.0,0.0,0.0,0.0,0.0,0.0,0.0,0.0,0.0,0.9218219486909971,1.0,1.0,0.9208020746096003,0.37839908836232006,1.0,0.9318349402873931,0.09721727522131651,0.6202660702737913,0.07904436626493679,0.0,1.0,1.0,1.0,0.0,0.0,0.0
0.0,0.0,0.0,0.0,0.0,0.0,0.0,0.0,0.0,0.0,0.0,0.0,0.0,0.0,0.9218219486909971,1.0,1.0,0.0,0.0,0.0,0.0,0.0011654797683556817,0.026546197042147224,0.014705162146638407,1.0,1.0,1.0,1.0,0.0,1.0,1.0
0.0,0.0,0.0,0.9185420772931819,0.0,0.0,0.0,0.0,0.0,0.0,0.0,0.0,0.0,0.0,0.0,0.0,0.0,0.0,0.0,0.0,0.0,0.0011654797683556817,0.026546197042147224,0.014705162146638407,1.0,0.0,1.0,1.0,1.0,1.0,1.0
0.0,0.0,0.0,0.9185420772931819,0.0,0.0,0.0,0.0,0.0,0.0,0.0,0.0,0.0,0.0,0.0,0.0,0.0,0.0,0.0,0.0,0.0,0.0011654797683556817,0.026546197042147224,0.014705162146638407,1.0,0.0,1.0,1.0,1.0,1.0,1.0
0.9168330685246304,0.5071428571428571,1.0,0.9185420772931819,0.0,0.0,0.0,0.0,0.0,0.0,0.0,0.0,0.0,0.0,0.0,0.0,0.0,0.0,0.0,0.0,0.0,0.0011654797683556817,0.026546197042147224,0.014705162146638407,0.0,0.0,1.0,1.0,1.0,1.0,1.0
0.9168330685246304,0.45714285714285713,1.0,0.0,0.0,0.0,0.9349146273488246,0.09351575119585066,0.09395668910948722,0.9336348566101027,0.8591686892277632,0.17041015625,0.32742201330810083,0.24018373544537536,0.9218219486909971,0.5,0.0,0.0,0.0,0.0,0.0,0.0011654797683556817,0.026546197042147224,0.014705162146638407,0.0,1.0,0.0,0.0,0.0,1.0,1.0
0.0,0.0,0.0,0.0,0.0,0.0,0.9349146273488246,0.09432313726207589,0.09232322292023545,0.9336348566101027,0.8591686892277632,0.17041015625,0.32742201330810083,0.24018373544537536,0.0,0.0,0.0,0.9208020746096003,0.18291336465109564,1.0,0.9318349402873931,0.7784850159937818,0.6189784956947573,0.15144730805243195,1.0,1.0,0.0,0.0,1.0,0.0,0.0
0.916856973021385,0.9571428571428571,1.0,0.918566026348751,0.0,0.0,0.0,0.0,0.0,0.0,0.0,0.0,0.0,0.0,0.9218459832623245,1.0,1.0,0.9208260825898529,0.37547409229587014,1.0,0.9318592359264474,0.08230574576637584,0.6202660702737913,0.07904436626493679,0.0,0.0,1.0,1.0,0.0,0.0,0.0
0.916856973021385,0.9571428571428571,1.0,0.918566026348751,0.0,0.0,0.9349390032842511,0.09355266752506321,0.09414759205313972,0.933659199178195,0.8591686892277632,0.17041015625,0.32742201330810083,0.24018373544537536,0.0,0.0,0.0,0.9208260825898529,0.15633461869152665,1.0,0.9318592359264474,0.7674813578802534,0.6189784956947573,0.15144730805243195,0.0,0.0,0.0,0.0,1.0,0.0,0.0
0.0,0.0,0.0,0.0,0.0,0.0,0.9349390032842511,0.09440552041946189,0.09238739430113255,0.933659199178195,0.8591686892277632,0.17041015625,0.32742201330810083,0.24018373544537536,0.9218459832623245,0.5,0.0,0.9208260825898529,0.3720248023282653,1.0,0.9318592359264474,0.06623033519743715,0.6202660702737913,0.07904436626493679,1.0,1.0,0.0,0.0,0.0,0.0,0.0
0.0,0.0,0.0,0.0,0.0,0.0,0.0,0.0,0.0,0.0,0.0,0.0,0.0,0.0,0.9218459832623245,0.5,0.0,0.0,0.0,0.0,0.0,0.0011654797683556817,0.026546197042147224,0.014705162146638407,1.0,1.0,1.0,1.0,0.0,1.0,1.0
0.916856973021385,0.6892857142857143,1.0,0.918566026348751,0.0,0.0,0.0,0.0,0.0,0.0,0.0,0.0,0.0,0.0,0.0,0.0,0.0,0.0,0.0,0.0,0.0,0.0011654797683556817,0.026546197042147224,0.014705162146638407,0.0,0.0,1.0,1.0,1.0,1.0,1.0
0.916856973021385,0.475,1.0,0.918566026348751,0.0,0.0,0.0,0.0,0.0,0.0,0.0,0.0,0.0,0.0,0.0,0.0,0.0,0.0,0.0,0.0,0.0,0.0011654797683556817,0.026546197042147224,0.014705162146638407,0.0,0.0,1.0,1.0,1.0,1.0,1.0
0.916856973021385,0.2857142857142857,0.0,0.918566026348751,1.0,0.0,0.9349390032842511,0.09356414619072698,0.09417363258404766,0.933659199178195,0.3440032971562027,0.1607666015625,0.06802087784628533,0.6616307283798013,0.0,0.0,0.0,0.0,0.0,0.0,0.0,0.0011654797683556817,0.026546197042147224,0.014705162146638407,0.0,0.0,0.0,0.0,1.0,1.0,1.0
0.0,0.0,0.0,0.0,0.0,0.0,0.9349390032842511,0.0944810909438531,0.09240087250394928,0.933659199178195,0.3440032971562027,0.1607666015625,0.06802087784628533,0.6616307283798013,0.0,0.0,0.0,0.9208260825898529,0.09094020064232877,0.5,0.9318592359264474,0.7647255755659107,0.6189784956947573,0.15144730805243195,1.0,1.0,0.0,0.0,1.0,0.0,0.0
0.0,0.0,0.0,0.0,0.0,0.0,0.0,0.0,0.0,0.0,0.0,0.0,0.0,0.0,0.9218459832623245,0.5,0.0,0.0,0.0,0.0,0.9318592359264474,0.07910097863411003,0.6202660702737913,0.07904436626493679,1.0,1.0,1.0,1.0,0.0,1.0,0.0
0.0,0.0,0.0,0.918566026348751,0.0,0.0,0.0,0.0,0.0,0.0,0.0,0.0,0.0,0.0,0.9218459832623245,1.0,1.0,0.9208260825898529,0.33908695461994265,1.0,0.0,0.0011654797683556817,0.026546197042147224,0.014705162146638407,1.0,0.0,1.0,1.0,0.0,0.0,1.0
0.0,0.0,0.0,0.0,0.0,0.0,0.0,0.0,0.0,0.0,0.0,0.0,0.0,0.0,0.9218459832623245,1.0,1.0,0.0,0.0,0.0,0.0,0.0011654797683556817,0.026546197042147224,0.014705162146638407,1.0,1.0,1.0,1.0,0.0,1.0,1.0
0.916856973021385,0.7535714285714286,1.0,0.918566026348751,0.0,0.0,0.0,0.0,0.0,0.0,0.0,0.0,0.0,0.0,0.0,0.0,0.0,0.0,0.0,0.0,0.0,0.0011654797683556817,0.026546197042147224,0.014705162146638407,0.0,0.0,1.0,1.0,1.0,1.0,1.0
0.916856973021385,0.3571428571428571,0.0,0.918566026348751,0.0,0.0,0.0,0.0,0.0,0.0,0.0,0.0,0.0,0.0,0.0,0.0,0.0,0.0,0.0,0.0,0.0,0.0011654797683556817,0.026546197042147224,0.014705162146638407,0.0,0.0,1.0,1.0,1.0,1.0,1.0
0.9716460795828507,0.2857142857142857,0.0,0.9734572617128844,0.0,0.0,0.9908086472818395,0.055795552475200794,0.049865704427856095,0.0,0.0,0.0,0.0,0.0,0.0,0.0,0.0,0.9758523733288945,0.4562727472531991,1.0,0.0,0.0011654797683556817,0.026546197042147224,0.014705162146638407,0.0,0.0,0.0,1.0,1.0,0.0,1.0
0.9716460795828507,0.40714285714285714,0.0,0.0,0.0,0.0,0.0,0.0,0.0,0.0,0.0,0.0,0.0,0.0,0.0,0.0,0.0,0.0,0.0,0.0,0.9875448406388295,0.5183060851617795,0.5765949867371238,0.2512137151969915,0.0,1.0,1.0,1.0,1.0,1.0,0.0
0.0,0.0,0.0,0.9734572617128844,1.0,0.0,0.9908086472818395,0.09379117534337579,0.09609360721701124,0.0,0.0,0.0,0.0,0.0,0.9769332207447192,1.0,1.0,0.0,0.0,0.0,0.9875448406388295,0.5358303053818932,0.7816549914110726,0.15227882097103315,1.0,0.0,0.0,1.0,0.0,1.0,0.0
0.9716460795828507,0.2857142857142857,0.0,0.9734572617128844,0.0,0.0,0.9908086472818395,0.061529508804124576,0.0619659397814948,0.0,0.0,0.0,0.0,0.0,0.0,0.0,0.0,0.9758523733288945,0.5973015390653171,1.0,0.9875448406388295,0.4833511960439615,0.4630080397590464,0.08129783868700337,0.0,0.0,0.0,1.0,1.0,0.0,0.0
0.0,0.0,0.0,0.9734572617128844,0.0,0.0,0.9908086472818395,0.07693847803984506,0.08363381631747145,0.0,0.0,0.0,0.0,0.0,0.9769332207447192,0.5,0.0,0.0,0.0,0.0,0.0,0.0011654797683556817,0.026546197042147224,0.014705162146638407,1.0,0.0,0.0,1.0,0.0,1.0,1.0
0.0,0.0,0.0,0.0,0.0,0.0,0.9908086472818395,0.05590848977965121,0.04986616911265156,0.0,0.0,0.0,0.0,0.0,0.0,0.0,0.0,0.0,0.0,0.0,0.9875448406388295,0.5501750568712424,0.7636619427923523,0.15227882097103315,1.0,1.0,0.0,1.0,1.0,1.0,0.0
0.9716460795828507,0.9892857142857142,1.0,0.0,0.0,0.0,0.9908086472818395,0.09383743164152898,0.09616132124726938,0.0,0.0,0.0,0.0,0.0,0.0,0.0,0.0,0.0,0.0,0.0,0.9875448406388295,0.5127839876039927,0.5765949867371238,0.2512137151969915,0.0,1.0,0.0,1.0,1.0,1.0,0.0
0.9716460795828507,0.3428571428571428,0.0,0.9734572617128844,0.0,0.0,0.9908086472818395,0.06162412886429651,0.062065171701619695,0.0,0.0,0.0,0.0,0.0,0.9769332207447192,1.0,1.0,0.0,0.0,0.0,0.0,0.0011654797683556817,0.026546197042147224,0.014705162146638407,0.0,0.0,0.0,1.0,0.0,1.0,1.0
0.0,0.0,0.0,0.0,0.0,0.0,0.0,0.0,0.0,0.0,0.0,0.0,0.0,0.0,0.9769332207447192,0.5,0.0,0.9758523733288945,0.4354642406893703,1.0,0.9875448406388295,0.25001813655146243,0.5280504966809538,0.3200650640433067,1.0,1.0,1.0,1.0,0.0,0.0,0.0
0.9716460795828507,0.5785714285714285,1.0,0.9734572617128844,0.0,0.0,0.9908086472818395,0.07694184564685841,0.08363421828867937,0.0,0.0,0.0,0.0,0.0,0.0,0.0,0.0,0.9758523733288945,0.21609539498276087,1.0,0.0,0.0011654797683556817,0.026546197042147224,0.014705162146638407,0.0,0.0,0.0,1.0,1.0,0.0,1.0
0.9738452932842707,0.22857142857142856,0.0,0.0,0.0,0.0,0.0,0.0,0.0,0.9916918815101156,1.526461204988475e-05,1.52587890625e-05,1.5261583541908308e-05,1.5260419051107145e-05,0.0,0.0,0.0,0.0,0.0,0.0,0.9897800394318222,0.6126033441597453,0.5518101282279397,0.9957524852579844,0.0,1.0,1.0,0.0,1.0,1.0,0.0
0.9738452932842707,0.2857142857142857,0.0,0.0,0.0,0.0,0.0,0.0,0.0,0.9916918815101156,1.526461204988475e-05,1.52587890625e-05,1.5261583541908308e-05,1.5260419051107145e-05,0.0,0.0,0.0,0.0,0.0,0.0,0.9897800394318222,0.6288859339637688,0.5518101282279397,0.9957524852579844,0.0,1.0,1.0,0.0,1.0,1.0,0.0
0.9738452932842707,0.33214285714285713,0.0,0.0,0.0,0.0,0.0,0.0,0.0,0.9916918815101156,1.526461204988475e-05,1.52587890625e-05,1.5261583541908308e-05,1.5260419051107145e-05,0.0,0.0,0.0,0.0,0.0,0.0,0.9897800394318222,0.6239799595684127,0.5518101282279397,0.9957524852579844,0.0,1.0,1.0,0.0,1.0,1.0,0.0
0.9738452932842707,0.14285714285714285,0.0,0.0,0.0,0.0,0.0,0.0,0.0,0.9916918815101156,0.31463418357222445,0.48486328125,0.27318234540015873,0.5708007141876116,0.0,0.0,0.0,0.0,0.0,0.0,0.9897800394318222,0.6175639259481592,0.5518101282279397,0.9957524852579844,0.0,1.0,1.0,0.0,1.0,1.0,0.0
0.9738452932842707,0.3535714285714286,0.0,0.0,0.0,0.0,0.0,0.0,0.0,0.9916918815101156,0.31463418357222445,0.48486328125,0.27318234540015873,0.5708007141876116,0.0,0.0,0.0,0.0,0.0,0.0,0.9897800394318222,0.6266222032767109,0.5518101282279397,0.9957524852579844,0.0,1.0,1.0,0.0,1.0,1.0,0.0
0.9738691977810253,0.9035714285714286,1.0,0.0,0.0,0.0,0.0,0.0,0.0,0.9917162240782078,0.31463418357222445,0.48486328125,0.27318234540015873,0.5708007141876116,0.0,0.0,0.0,0.0,0.0,0.0,0.0,0.0011654797683556817,0.026546197042147224,0.014705162146638407,0.0,1.0,1.0,0.0,1.0,1.0,1.0
0.9738691977810253,0.1357142857142857,0.0,0.0,0.0,0.0,0.0,0.0,0.0,0.9917162240782078,0.31463418357222445,0.48486328125,0.27318234540015873,0.5708007141876116,0.0,0.0,0.0,0.0,0.0,0.0,0.9898043350708765,0.6187421841163804,0.534703622795332,0.989923013056748,0.0,1.0,1.0,0.0,1.0,1.0,0.0
0.9738691977810253,0.9785714285714284,1.0,0.0,0.0,0.0,0.0,0.0,0.0,0.9917162240782078,0.7758544366594923,0.5121002197265625,0.9705756669312008,0.07108303194005708,0.0,0.0,0.0,0.0,0.0,0.0,0.9898043350708765,0.6317821942949985,0.534703622795332,0.989923013056748,0.0,1.0,1.0,0.0,1.0,1.0,0.0
0.9738691977810253,0.24642857142857144,0.0,0.0,0.0,0.0,0.0,0.0,0.0,0.9917162240782078,0.7758544366594923,0.5121002197265625,0.9705756669312008,0.07108303194005708,0.0,0.0,0.0,0.0,0.0,0.0,0.9898043350708765,0.6423357010227392,0.534703622795332,0.989923013056748,0.0,1.0,1.0,0.0,1.0,1.0,0.0
0.9738691977810253,0.7714285714285715,1.0,0.0,0.0,0.0,0.0,0.0,0.0,0.9917162240782078,0.7758544366594923,0.5121002197265625,0.9705756669312008,0.07108303194005708,0.0,0.0,0.0,0.0,0.0,0.0,0.9898043350708765,0.6518647756571158,0.534703622795332,0.989923013056748,0.0,1.0,1.0,0.0,1.0,1.0,0.0
0.9703552367581041,0.7321428571428571,1.0,0.9721640127121587,0.0,0.0,0.9894923467688073,0.011769623383078166,0.0105234544106073,0.0,0.0,0.0,0.0,0.0,0.9756353538930397,0.5,0.0,0.0,0.0,0.0,0.9862328761298991,0.4994363361106572,0.5649291725509112,0.12918469905684588,0.0,0.0,0.0,1.0,0.0,1.0,0.0
0.0,0.0,0.0,0.0,0.0,0.0,0.9894923467688073,0.04198114362499896,0.0420451177127318,0.0,0.0,0.0,0.0,0.0,0.0,0.0,0.0,0.9745559423952522,0.2982028549419198,1.0,0.0,0.0011654797683556817,0.026546197042147224,0.014705162146638407,1.0,1.0,0.0,1.0,1.0,0.0,1.0
0.9703552367581041,0.42142857142857143,0.0,0.9721640127121587,0.0,0.0,0.0,0.0,0.0,0.0,0.0,0.0,0.0,0.0,0.9756353538930397,0.5,0.0,0.9745559423952522,0.4601429775839292,1.0,0.9862328761298991,0.2619151528610233,0.5856920418465883,0.3742624601054208,0.0,0.0,1.0,1.0,0.0,0.0,0.0
0.9703552367581041,0.4321428571428571,1.0,0.9721640127121587,0.0,0.0,0.9894923467688073,0.027508879475522028,0.03109977239113231,0.0,0.0,0.0,0.0,0.0,0.9756353538930397,1.0,1.0,0.9745559423952522,0.27439759503692285,1.0,0.9862328761298991,0.8928234958921509,0.5714873433467373,0.30419235270617406,0.0,0.0,0.0,1.0,0.0,0.0,0.0
0.9703552367581041,0.9035714285714286,1.0,0.9721640127121587,0.0,0.0,0.9894923467688073,0.04216382608075441,0.04208703756204013,0.0,0.0,0.0,0.0,0.0,0.9756353538930397,1.0,1.0,0.9745559423952522,0.43205850744026497,1.0,0.9862328761298991,0.5032070521671811,0.578951946078161,0.12918469905684588,0.0,0.0,0.0,1.0,0.0,0.0,0.0
0.9703552367581041,0.37142857142857144,0.0,0.9721640127121587,0.0,0.0,0.9894923467688073,0.011790986105326723,0.010715521739586752,0.0,0.0,0.0,0.0,0.0,0.9756353538930397,1.0,1.0,0.9745559423952522,0.26892692175611854,1.0,0.9862328761298991,0.27559421502285864,0.5856920418465883,0.3742624601054208,0.0,0.0,0.0,1.0,0.0,0.0,0.0
0.9703552367581041,0.8964285714285715,1.0,0.9721640127121587,0.0,0.0,0.0,0.0,0.0,0.0,0.0,0.0,0.0,0.0,0.0,0.0,0.0,0.0,0.0,0.0,0.9862328761298991,0.4892255442352075,0.5518101282279397,0.16116007906159993,0.0,0.0,1.0,1.0,1.0,1.0,0.0
0.9703552367581041,0.6607142857142857,1.0,0.0,0.0,0.0,0.9894923467688073,0.02768781838531334,0.031149277398498796,0.0,0.0,0.0,0.0,0.0,0.0,0.0,0.0,0.0,0.0,0.0,0.9862328761298991,0.8969041315674767,0.5714873433467373,0.30419235270617406,0.0,1.0,0.0,1.0,1.0,1.0,0.0
0.9703552367581041,0.6071428571428571,1.0,0.9721640127121587,0.0,0.0,0.0,0.0,0.0,0.0,0.0,0.0,0.0,0.0,0.0,0.0,0.0,0.0,0.0,0.0,0.9862328761298991,0.49737250419827606,0.578951946078161,0.12918469905684588,0.0,0.0,1.0,1.0,1.0,1.0,0.0
0.9703552367581041,0.41428571428571426,0.0,0.9721640127121587,1.0,0.0,0.0,0.0,0.0,0.0,0.0,0.0,0.0,0.0,0.9756353538930397,0.5,0.0,0.9745559423952522,0.39890619090975754,1.0,0.9862328761298991,0.2665089454218198,0.5856920418465883,0.3742624601054208,0.0,0.0,1.0,1.0,0.0,0.0,0.0
0.9703552367581041,0.45714285714285713,1.0,0.9721640127121587,0.0,0.0,0.9894923467688073,0.027693705006778188,0.03115950787976599,0.0,0.0,0.0,0.0,0.0,0.9756353538930397,0.5,0.0,0.9745559423952522,0.23248512901960483,1.0,0.9862328761298991,0.9046808163893288,0.5714873433467373,0.32113135550713967,0.0,0.0,0.0,1.0,0.0,0.0,0.0
0.0,0.0,0.0,0.9721640127121587,0.0,0.0,0.9894923467688073,0.04222272470925857,0.04219889494498613,0.0,0.0,0.0,0.0,0.0,0.0,0.0,0.0,0.0,0.0,0.0,0.9862328761298991,0.5042640795391148,0.5697300430809338,0.16116007906159993,1.0,0.0,0.0,1.0,1.0,1.0,0.0
0.9703791412548587,0.3571428571428571,0.0,0.9721879617677277,0.0,0.0,0.9894923467688073,0.011844403877878213,0.010792849625484692,0.0,0.0,0.0,0.0,0.0,0.9756593884643672,1.0,1.0,0.9745799503755048,0.3038190398189684,1.0,0.9862571717689533,0.4926647895382553,0.578951946078161,0.12918469905684588,0.0,0.0,0.0,1.0,0.0,0.0,0.0
0.9703791412548587,0.6214285714285713,1.0,0.9721879617677277,1.0,0.0,0.9895167227042339,0.001823308493628506,0.0019071657351877637,0.0,0.0,0.0,0.0,0.0,0.9756593884643672,1.0,1.0,0.9745799503755048,0.19540651388706287,1.0,0.9862571717689533,0.27323303668329,0.5856920418465883,0.3742624601054208,0.0,0.0,0.0,1.0,0.0,0.0,0.0
0.9703791412548587,0.40714285714285714,0.0,0.9721879617677277,0.0,0.0,0.9895167227042339,0.011960123105127628,0.01086067044279173,0.0,0.0,0.0,0.0,0.0,0.0,0.0,0.0,0.0,0.0,0.0,0.0,0.0011654797683556817,0.026546197042147224,0.014705162146638407,0.0,0.0,0.0,1.0,1.0,1.0,1.0
0.0,0.0,0.0,0.9721879617677277,0.0,0.0,0.9895167227042339,0.04229631722534581,0.04234281215474785,0.0,0.0,0.0,0.0,0.0,0.9756593884643672,0.5,0.0,0.9745799503755048,0.2742472899827031,1.0,0.9862571717689533,0.27762609683141126,0.5856920418465883,0.3742624601054208,1.0,0.0,0.0,1.0,0.0,0.0,0.0
0.9703791412548587,0.2857142857142857,0.0,0.0,0.0,0.0,0.0,0.0,0.0,0.0,0.0,0.0,0.0,0.0,0.9756593884643672,0.5,0.0,0.9745799503755048,0.18134139598724452,1.0,0.0,0.0011654797683556817,0.026546197042147224,0.014705162146638407,0.0,1.0,1.0,1.0,0.0,0.0,1.0
0.9703791412548587,0.9892857142857142,1.0,0.9721879617677277,0.0,0.0,0.9895167227042339,0.02795322581564494,0.03141220551498762,0.0,0.0,0.0,0.0,0.0,0.0,0.0,0.0,0.0,0.0,0.0,0.0,0.0011654797683556817,0.026546197042147224,0.014705162146638407,0.0,0.0,0.0,1.0,1.0,1.0,1.0
0.9703791412548587,0.47857142857142854,1.0,0.9721879617677277,0.0,0.0,0.0,0.0,0.0,0.0,0.0,0.0,0.0,0.0,0.9756593884643672,1.0,1.0,0.0,0.0,0.0,0.9862571717689533,0.5193032665844272,0.5697300430809338,0.16116007906159993,0.0,0.0,1.0,1.0,0.0,1.0,0.0
0.0,0.0,0.0,0.9721879617677277,0.0,0.0,0.0,0.0,0.0,0.0,0.0,0.0,0.0,0.0,0.0,0.0,0.0,0.9745799503755048,0.09094020064232877,0.5,0.9862571717689533,0.9093421014513391,0.5714873433467373,0.36513023253823085,1.0,0.0,1.0,1.0,1.0,0.0,0.0
0.0,0.0,0.0,0.0,0.0,0.0,0.0,0.0,0.0,0.0,0.0,0.0,0.0,0.0,0.8963212685126285,1.0,1.0,0.0,0.0,0.0,0.0,0.0011654797683556817,0.026546197042147224,0.014705162146638407,1.0,1.0,1.0,1.0,0.0,1.0,1.0
0.0,0.0,0.0,0.0,0.0,0.0,0.0,0.0,0.0,0.0,0.0,0.0,0.0,0.0,0.8963212685126285,1.0,1.0,0.0,0.0,0.0,0.0,0.0011654797683556817,0.026546197042147224,0.014705162146638407,1.0,1.0,1.0,1.0,0.0,1.0,1.0
0.0,0.0,0.0,0.0,0.0,0.0,0.0,0.0,0.0,0.0,0.0,0.0,0.0,0.0,0.8963212685126285,0.5,0.0,0.0,0.0,0.0,0.0,0.0011654797683556817,0.026546197042147224,0.014705162146638407,1.0,1.0,1.0,1.0,0.0,1.0,1.0
0.0,0.0,0.0,0.0,0.0,0.0,0.0,0.0,0.0,0.0,0.0,0.0,0.0,0.0,0.8963212685126285,0.5,0.0,0.0,0.0,0.0,0.0,0.0011654797683556817,0.026546197042147224,0.014705162146638407,1.0,1.0,1.0,1.0,0.0,1.0,1.0
0.0,0.0,0.0,0.0,0.0,0.0,0.0,0.0,0.0,0.0,0.0,0.0,0.0,0.0,0.8963212685126285,1.0,1.0,0.0,0.0,0.0,0.0,0.0011654797683556817,0.026546197042147224,0.014705162146638407,1.0,1.0,1.0,1.0,0.0,1.0,1.0
0.0,0.0,0.0,0.0,0.0,0.0,0.0,0.0,0.0,0.0,0.0,0.0,0.0,0.0,0.8963212685126285,0.5,0.0,0.0,0.0,0.0,0.0,0.0011654797683556817,0.026546197042147224,0.014705162146638407,1.0,1.0,1.0,1.0,0.0,1.0,1.0
0.0,0.0,0.0,0.0,0.0,0.0,0.0,0.0,0.0,0.0,0.0,0.0,0.0,0.0,0.8963212685126285,0.5,0.0,0.0,0.0,0.0,0.0,0.0011654797683556817,0.026546197042147224,0.014705162146638407,1.0,1.0,1.0,1.0,0.0,1.0,1.0
0.0,0.0,0.0,0.0,0.0,0.0,0.0,0.0,0.0,0.0,0.0,0.0,0.0,0.0,0.896345303083956,0.5,0.0,0.0,0.0,0.0,0.0,0.0011654797683556817,0.026546197042147224,0.014705162146638407,1.0,1.0,1.0,1.0,0.0,1.0,1.0
0.0,0.0,0.0,0.0,0.0,0.0,0.0,0.0,0.0,0.0,0.0,0.0,0.0,0.0,0.896345303083956,0.5,0.0,0.0,0.0,0.0,0.0,0.0011654797683556817,0.026546197042147224,0.014705162146638407,1.0,1.0,1.0,1.0,0.0,1.0,1.0
0.0,0.0,0.0,0.0,0.0,0.0,0.0,0.0,0.0,0.0,0.0,0.0,0.0,0.0,0.896345303083956,1.0,1.0,0.0,0.0,0.0,0.0,0.0011654797683556817,0.026546197042147224,0.014705162146638407,1.0,1.0,1.0,1.0,0.0,1.0,1.0
0.0,0.0,0.0,0.0,0.0,0.0,0.0,0.0,0.0,0.0,0.0,0.0,0.0,0.0,0.896345303083956,1.0,1.0,0.0,0.0,0.0,0.0,0.0011654797683556817,0.026546197042147224,0.014705162146638407,1.0,1.0,1.0,1.0,0.0,1.0,1.0
0.0,0.0,0.0,0.0,0.0,0.0,0.0,0.0,0.0,0.0,0.0,0.0,0.0,0.0,0.896345303083956,0.5,0.0,0.0,0.0,0.0,0.0,0.0011654797683556817,0.026546197042147224,0.014705162146638407,1.0,1.0,1.0,1.0,0.0,1.0,1.0
0.0,0.0,0.0,0.0,0.0,0.0,0.0,0.0,0.0,0.0,0.0,0.0,0.0,0.0,0.896345303083956,0.5,0.0,0.0,0.0,0.0,0.0,0.0011654797683556817,0.026546197042147224,0.014705162146638407,1.0,1.0,1.0,1.0,0.0,1.0,1.0
0.0,0.0,0.0,0.0,0.0,0.0,0.0,0.0,0.0,0.0,0.0,0.0,0.0,0.0,0.896345303083956,0.5,0.0,0.0,0.0,0.0,0.0,0.0011654797683556817,0.026546197042147224,0.014705162146638407,1.0,1.0,1.0,1.0,0.0,1.0,1.0
0.0,0.0,0.0,0.0,0.0,0.0,0.0,0.0,0.0,0.0,0.0,0.0,0.0,0.0,0.896345303083956,0.5,0.0,0.0,0.0,0.0,0.0,0.0011654797683556817,0.026546197042147224,0.014705162146638407,1.0,1.0,1.0,1.0,0.0,1.0,1.0
0.0,0.0,0.0,0.0,0.0,0.0,0.0,0.0,0.0,0.0,0.0,0.0,0.0,0.0,0.896345303083956,0.5,0.0,0.0,0.0,0.0,0.0,0.0011654797683556817,0.026546197042147224,0.014705162146638407,1.0,1.0,1.0,1.0,0.0,1.0,1.0
0.0,0.0,0.0,0.0,0.0,0.0,0.0,0.0,0.0,0.0,0.0,0.0,0.0,0.0,0.8963693376552834,0.5,0.0,0.0,0.0,0.0,0.0,0.0011654797683556817,0.026546197042147224,0.014705162146638407,1.0,1.0,1.0,1.0,0.0,1.0,1.0
0.0,0.0,0.0,0.0,0.0,0.0,0.0,0.0,0.0,0.0,0.0,0.0,0.0,0.0,0.8963693376552834,0.5,0.0,0.0,0.0,0.0,0.0,0.0011654797683556817,0.026546197042147224,0.014705162146638407,1.0,1.0,1.0,1.0,0.0,1.0,1.0
0.0,0.0,0.0,0.0,0.0,0.0,0.0,0.0,0.0,0.0,0.0,0.0,0.0,0.0,0.8963693376552834,0.5,0.0,0.0,0.0,0.0,0.0,0.0011654797683556817,0.026546197042147224,0.014705162146638407,1.0,1.0,1.0,1.0,0.0,1.0,1.0
0.0,0.0,0.0,0.0,0.0,0.0,0.0,0.0,0.0,0.0,0.0,0.0,0.0,0.0,0.8963693376552834,1.0,1.0,0.0,0.0,0.0,0.0,0.0011654797683556817,0.026546197042147224,0.014705162146638407,1.0,1.0,1.0,1.0,0.0,1.0,1.0
0.9705225682353861,0.21428571428571427,0.0,0.9723316561011417,0.0,0.0,0.989662978316793,0.047146505763308276,0.04937821548882548,0.0,0.0,0.0,0.0,0.0,0.0,0.0,0.0,0.0,0.0,0.0,0.986402945603279,0.28283344958566814,0.5620115819380586,0.45242130646266177,0.0,0.0,0.0,1.0,1.0,1.0,0.0
0.0,0.0,0.0,0.0,0.0,0.0,0.989662978316793,0.017715751714072626,0.01649268583257207,0.0,0.0,0.0,0.0,0.0,0.0,0.0,0.0,0.9747239982570207,0.8512268361883915,1.0,0.0,0.0011654797683556817,0.026546197042147224,0.014705162146638407,1.0,1.0,0.0,1.0,1.0,0.0,1.0
0.9705225682353861,0.7107142857142856,1.0,0.0,0.0,0.0,0.0,0.0,0.0,0.0,0.0,0.0,0.0,0.0,0.9758035958923316,1.0,1.0,0.9747239982570207,0.2057614480246639,1.0,0.0,0.0011654797683556817,0.026546197042147224,0.014705162146638407,0.0,1.0,1.0,1.0,0.0,0.0,1.0
0.9705225682353861,0.37857142857142856,0.0,0.9723316561011417,0.0,0.0,0.0,0.0,0.0,0.0,0.0,0.0,0.0,0.0,0.9758035958923316,0.5,0.0,0.9747239982570207,0.7067521801260268,1.0,0.986402945603279,0.2816029197867842,0.5620115819380586,0.45242130646266177,0.0,0.0,1.0,1.0,0.0,0.0,0.0
0.0,0.0,0.0,0.9723316561011417,0.0,0.0,0.0,0.0,0.0,0.0,0.0,0.0,0.0,0.0,0.9758035958923316,0.5,0.0,0.0,0.0,0.0,0.0,0.0011654797683556817,0.026546197042147224,0.014705162146638407,1.0,0.0,1.0,1.0,0.0,1.0,1.0
0.9705225682353861,0.6714285714285714,1.0,0.9723316561011417,0.0,0.0,0.989662978316793,0.033566892745358096,0.03768886357560569,0.0,0.0,0.0,0.0,0.0,0.9758035958923316,1.0,1.0,0.9747239982570207,0.17282452608758403,1.0,0.986402945603279,0.5408485483904714,0.5754670699165955,0.130909504039172,0.0,0.0,0.0,1.0,0.0,0.0,0.0
0.9705225682353861,0.07142857142857142,0.0,0.0,0.0,0.0,0.989662978316793,0.008401431045274648,0.008235763390416703,0.0,0.0,0.0,0.0,0.0,0.0,0.0,0.0,0.0,0.0,0.0,0.986402945603279,0.765551387085751,0.5465298029532568,0.3284400580042668,0.0,1.0,0.0,1.0,1.0,1.0,0.0
0.0,0.0,0.0,0.9723316561011417,0.0,0.0,0.989662978316793,0.017885907853463324,0.01660434976469988,0.0,0.0,0.0,0.0,0.0,0.0,0.0,0.0,0.0,0.0,0.0,0.986402945603279,0.6149983569073852,0.6360987973335199,0.026213987759396675,1.0,0.0,0.0,1.0,1.0,1.0,0.0
0.9705225682353861,0.48571428571428565,1.0,0.9723316561011417,0.0,0.0,0.989662978316793,0.047166421788314435,0.049529184470716955,0.0,0.0,0.0,0.0,0.0,0.9758035958923316,0.5,0.0,0.9747239982570207,0.8164906778414371,1.0,0.0,0.0011654797683556817,0.026546197042147224,0.014705162146638407,0.0,0.0,0.0,1.0,0.0,0.0,1.0
0.9705225682353861,0.9357142857142856,1.0,0.9723316561011417,1.0,0.0,0.0,0.0,0.0,0.0,0.0,0.0,0.0,0.0,0.9758035958923316,1.0,1.0,0.9747239982570207,0.6848474030844849,1.0,0.986402945603279,0.2779857382452341,0.5620115819380586,0.45242130646266177,0.0,0.0,1.0,1.0,0.0,0.0,0.0
0.9705225682353861,0.8964285714285715,1.0,0.9723316561011417,0.0,0.0,0.989662978316793,0.033625891704193625,0.03791862466375735,0.0,0.0,0.0,0.0,0.0,0.0,0.0,0.0,0.0,0.0,0.0,0.986402945603279,0.5298811671556992,0.5754670699165955,0.130909504039172,0.0,0.0,0.0,1.0,1.0,1.0,0.0
0.9705225682353861,0.7535714285714286,1.0,0.0,0.0,0.0,0.0,0.0,0.0,0.0,0.0,0.0,0.0,0.0,0.0,0.0,0.0,0.0,0.0,0.0,0.986402945603279,0.7684972296703908,0.5465298029532568,0.3284400580042668,0.0,1.0,1.0,1.0,1.0,1.0,0.0
0.0,0.0,0.0,0.9723316561011417,0.0,0.0,0.989662978316793,0.008696956176644613,0.008240701595628088,0.0,0.0,0.0,0.0,0.0,0.0,0.0,0.0,0.0,0.0,0.0,0.986402945603279,0.6206729839522162,0.6360987973335199,0.026213987759396675,1.0,0.0,0.0,1.0,1.0,1.0,0.0
0.9705225682353861,0.22857142857142856,0.0,0.9723316561011417,0.0,0.0,0.989662978316793,0.03363419057788123,0.03801030506227965,0.0,0.0,0.0,0.0,0.0,0.0,0.0,0.0,0.0,0.0,0.0,0.986402945603279,0.5257288566708403,0.5754670699165955,0.130909504039172,0.0,0.0,0.0,1.0,1.0,1.0,0.0
0.9705225682353861,0.33214285714285713,0.0,0.9723316561011417,1.0,0.0,0.0,0.0,0.0,0.0,0.0,0.0,0.0,0.0,0.9758035958923316,1.0,1.0,0.9747239982570207,0.6746427194369833,0.5,0.0,0.0011654797683556817,0.026546197042147224,0.014705162146638407,0.0,0.0,1.0,1.0,0.0,0.0,1.0
0.9705464727321406,0.5678571428571428,1.0,0.9723556051567107,0.0,0.0,0.0,0.0,0.0,0.0,0.0,0.0,0.0,0.0,0.9758035958923316,1.0,1.0,0.9747239982570207,0.7593916220981858,1.0,0.0,0.0011654797683556817,0.026546197042147224,0.014705162146638407,0.0,0.0,1.0,1.0,0.0,0.0,1.0
0.9705464727321406,0.6607142857142857,1.0,0.9723556051567107,0.0,0.0,0.0,0.0,0.0,0.0,0.0,0.0,0.0,0.0,0.975827630463659,1.0,1.0,0.9747480062372733,0.7170293149219784,1.0,0.9864272412423333,0.2732677510243412,0.5769462946909615,0.45242130646266177,0.0,0.0,1.0,1.0,0.0,0.0,0.0
0.9705464727321406,0.5607142857142856,1.0,0.9723556051567107,0.0,0.0,0.9896873542522195,0.0338310110526653,0.03807636748214492,0.0,0.0,0.0,0.0,0.0,0.975827630463659,1.0,1.0,0.0,0.0,0.0,0.9864272412423333,0.5331275403429138,0.5717958622224865,0.15181876227005234,0.0,0.0,0.0,1.0,0.0,1.0,0.0
0.9705464727321406,0.47857142857142854,1.0,0.0,0.0,0.0,0.9896873542522195,0.00882726302345066,0.008517376109361846,0.0,0.0,0.0,0.0,0.0,0.0,0.0,0.0,0.9747480062372733,0.6193067795653127,1.0,0.0,0.0011654797683556817,0.026546197042147224,0.014705162146638407,0.0,1.0,0.0,1.0,1.0,0.0,1.0
0.0,0.0,0.0,0.9723556051567107,0.0,0.0,0.0,0.0,0.0,0.0,0.0,0.0,0.0,0.0,0.975827630463659,0.5,0.0,0.9747480062372733,0.5958001363595566,1.0,0.9864272412423333,0.5819676868430476,0.6360987973335199,0.026213987759396675,1.0,0.0,1.0,1.0,0.0,0.0,0.0
0.0,0.0,0.0,0.0,0.0,0.0,0.0,0.0,0.0,0.0,0.0,0.0,0.0,0.0,0.9921230698236343,1.0,1.0,0.0,0.0,0.0,0.0,0.0011654797683556817,0.026546197042147224,0.014705162146638407,1.0,1.0,1.0,1.0,0.0,1.0,1.0
0.0,0.0,0.0,0.0,0.0,0.0,0.0,0.0,0.0,0.0,0.0,0.0,0.0,0.0,0.9921230698236343,1.0,1.0,0.0,0.0,0.0,0.0,0.0011654797683556817,0.026546197042147224,0.014705162146638407,1.0,1.0,1.0,1.0,0.0,1.0,1.0
0.0,0.0,0.0,0.0,0.0,0.0,0.0,0.0,0.0,0.0,0.0,0.0,0.0,0.0,0.9921230698236343,0.5,0.0,0.0,0.0,0.0,0.0,0.0011654797683556817,0.026546197042147224,0.014705162146638407,1.0,1.0,1.0,1.0,0.0,1.0,1.0
0.0,0.0,0.0,0.0,0.0,0.0,0.0,0.0,0.0,0.0,0.0,0.0,0.0,0.0,0.9921230698236343,0.5,0.0,0.0,0.0,0.0,0.0,0.0011654797683556817,0.026546197042147224,0.014705162146638407,1.0,1.0,1.0,1.0,0.0,1.0,1.0
0.0,0.0,0.0,0.0,0.0,0.0,0.0,0.0,0.0,0.0,0.0,0.0,0.0,0.0,0.9921230698236343,0.5,0.0,0.0,0.0,0.0,0.0,0.0011654797683556817,0.026546197042147224,0.014705162146638407,1.0,1.0,1.0,1.0,0.0,1.0,1.0
0.0,0.0,0.0,0.0,0.0,0.0,0.0,0.0,0.0,0.0,0.0,0.0,0.0,0.0,0.9921230698236343,1.0,1.0,0.0,0.0,0.0,0.0,0.0011654797683556817,0.026546197042147224,0.014705162146638407,1.0,1.0,1.0,1.0,0.0,1.0,1.0
0.0,0.0,0.0,0.0,0.0,0.0,0.0,0.0,0.0,0.0,0.0,0.0,0.0,0.0,0.9921230698236343,0.5,0.0,0.0,0.0,0.0,0.0,0.0011654797683556817,0.026546197042147224,0.014705162146638407,1.0,1.0,1.0,1.0,0.0,1.0,1.0
0.0,0.0,0.0,0.0,0.0,0.0,0.0,0.0,0.0,0.0,0.0,0.0,0.0,0.0,0.9921230698236343,1.0,1.0,0.0,0.0,0.0,0.0,0.0011654797683556817,0.026546197042147224,0.014705162146638407,1.0,1.0,1.0,1.0,0.0,1.0,1.0
0.0,0.0,0.0,0.0,0.0,0.0,0.0,0.0,0.0,0.0,0.0,0.0,0.0,0.0,0.9921230698236343,1.0,1.0,0.0,0.0,0.0,0.0,0.0011654797683556817,0.026546197042147224,0.014705162146638407,1.0,1.0,1.0,1.0,0.0,1.0,1.0
0.0,0.0,0.0,0.0,0.0,0.0,0.0,0.0,0.0,0.0,0.0,0.0,0.0,0.0,0.9921230698236343,0.5,0.0,0.0,0.0,0.0,0.0,0.0011654797683556817,0.026546197042147224,0.014705162146638407,1.0,1.0,1.0,1.0,0.0,1.0,1.0
0.0,0.0,0.0,0.0,0.0,0.0,0.0,0.0,0.0,0.0,0.0,0.0,0.0,0.0,0.9921230698236343,0.5,0.0,0.0,0.0,0.0,0.0,0.0011654797683556817,0.026546197042147224,0.014705162146638407,1.0,1.0,1.0,1.0,0.0,1.0,1.0
0.0,0.0,0.0,0.0,0.0,0.0,0.0,0.0,0.0,0.0,0.0,0.0,0.0,0.0,0.9921230698236343,0.5,0.0,0.0,0.0,0.0,0.0,0.0011654797683556817,0.026546197042147224,0.014705162146638407,1.0,1.0,1.0,1.0,0.0,1.0,1.0
0.0,0.0,0.0,0.0,0.0,0.0,0.0,0.0,0.0,0.0,0.0,0.0,0.0,0.0,0.9921230698236343,0.5,0.0,0.0,0.0,0.0,0.0,0.0011654797683556817,0.026546197042147224,0.014705162146638407,1.0,1.0,1.0,1.0,0.0,1.0,1.0
0.0,0.0,0.0,0.0,0.0,0.0,0.0,0.0,0.0,0.0,0.0,0.0,0.0,0.0,0.9921230698236343,0.5,0.0,0.0,0.0,0.0,0.0,0.0011654797683556817,0.026546197042147224,0.014705162146638407,1.0,1.0,1.0,1.0,0.0,1.0,1.0
0.0,0.0,0.0,0.0,0.0,0.0,0.0,0.0,0.0,0.0,0.0,0.0,0.0,0.0,0.9921230698236343,0.5,0.0,0.0,0.0,0.0,0.0,0.0011654797683556817,0.026546197042147224,0.014705162146638407,1.0,1.0,1.0,1.0,0.0,1.0,1.0
0.0,0.0,0.0,0.0,0.0,0.0,0.0,0.0,0.0,0.0,0.0,0.0,0.0,0.0,0.9921230698236343,0.5,0.0,0.0,0.0,0.0,0.0,0.0011654797683556817,0.026546197042147224,0.014705162146638407,1.0,1.0,1.0,1.0,0.0,1.0,1.0
0.0,0.0,0.0,0.0,0.0,0.0,0.0,0.0,0.0,0.0,0.0,0.0,0.0,0.0,0.9921230698236343,1.0,1.0,0.0,0.0,0.0,0.0,0.0011654797683556817,0.026546197042147224,0.014705162146638407,1.0,1.0,1.0,1.0,0.0,1.0,1.0
0.0,0.0,0.0,0.0,0.0,0.0,0.0,0.0,0.0,0.0,0.0,0.0,0.0,0.0,0.9921230698236343,1.0,1.0,0.0,0.0,0.0,0.0,0.0011654797683556817,0.026546197042147224,0.014705162146638407,1.0,1.0,1.0,1.0,0.0,1.0,1.0
0.0,0.0,0.0,0.0,0.0,0.0,0.0,0.0,0.0,0.0,0.0,0.0,0.0,0.0,0.9921230698236343,0.5,0.0,0.0,0.0,0.0,0.0,0.0011654797683556817,0.026546197042147224,0.014705162146638407,1.0,1.0,1.0,1.0,0.0,1.0,1.0
0.0,0.0,0.0,0.0,0.0,0.0,0.0,0.0,0.0,0.0,0.0,0.0,0.0,0.0,0.9921230698236343,0.5,0.0,0.0,0.0,0.0,0.0,0.0011654797683556817,0.026546197042147224,0.014705162146638407,1.0,1.0,1.0,1.0,0.0,1.0,1.0
0.0,0.0,0.0,0.0,0.0,0.0,0.0,0.0,0.0,0.0,0.0,0.0,0.0,0.0,0.0,0.0,0.0,0.995082765511256,0.612239760190473,1.0,0.0,0.0011654797683556817,0.026546197042147224,0.014705162146638407,1.0,1.0,1.0,1.0,1.0,0.0,1.0
0.0,0.0,0.0,0.0,0.0,0.0,0.0,0.0,0.0,0.0,0.0,0.0,0.0,0.0,0.0,0.0,0.0,0.995082765511256,0.7908799130185353,1.0,0.0,0.0011654797683556817,0.026546197042147224,0.014705162146638407,1.0,1.0,1.0,1.0,1.0,0.0,1.0
0.0,0.0,0.0,0.0,0.0,0.0,0.0,0.0,0.0,0.0,0.0,0.0,0.0,0.0,0.0,0.0,0.0,0.995082765511256,0.46773092789130466,1.0,0.0,0.0011654797683556817,0.026546197042147224,0.014705162146638407,1.0,1.0,1.0,1.0,1.0,0.0,1.0
0.0,0.0,0.0,0.0,0.0,0.0,0.0,0.0,0.0,0.0,0.0,0.0,0.0,0.0,0.0,0.0,0.0,0.995082765511256,0.6098612465247331,1.0,0.0,0.0011654797683556817,0.026546197042147224,0.014705162146638407,1.0,1.0,1.0,1.0,1.0,0.0,1.0
0.0,0.0,0.0,0.0,0.0,0.0,0.0,0.0,0.0,0.0,0.0,0.0,0.0,0.0,0.0,0.0,0.0,0.995082765511256,0.7818534315131136,1.0,0.0,0.0011654797683556817,0.026546197042147224,0.014705162146638407,1.0,1.0,1.0,1.0,1.0,0.0,1.0
0.0,0.0,0.0,0.0,0.0,0.0,0.0,0.0,0.0,0.0,0.0,0.0,0.0,0.0,0.0,0.0,0.0,0.9951067734915086,0.5347918824095994,1.0,0.0,0.0011654797683556817,0.026546197042147224,0.014705162146638407,1.0,1.0,1.0,1.0,1.0,0.0,1.0
0.0,0.0,0.0,0.0,0.0,0.0,0.0,0.0,0.0,0.0,0.0,0.0,0.0,0.0,0.0,0.0,0.0,0.9951067734915086,0.41632023989995837,1.0,0.0,0.0011654797683556817,0.026546197042147224,0.014705162146638407,1.0,1.0,1.0,1.0,1.0,0.0,1.0
0.0,0.0,0.0,0.0,0.0,0.0,0.0,0.0,0.0,0.0,0.0,0.0,0.0,0.0,0.0,0.0,0.0,0.9951067734915086,0.5026827572898962,1.0,0.0,0.0011654797683556817,0.026546197042147224,0.014705162146638407,1.0,1.0,1.0,1.0,1.0,0.0,1.0
0.0,0.0,0.0,0.0,0.0,0.0,0.0,0.0,0.0,0.0,0.0,0.0,0.0,0.0,0.0,0.0,0.0,0.9951067734915086,0.7698963902197669,1.0,0.0,0.0011654797683556817,0.026546197042147224,0.014705162146638407,1.0,1.0,1.0,1.0,1.0,0.0,1.0
0.0,0.0,0.0,0.0,0.0,0.0,0.0,0.0,0.0,0.0,0.0,0.0,0.0,0.0,0.0,0.0,0.0,0.9951067734915086,0.3886023160572094,1.0,0.0,0.0011654797683556817,0.026546197042147224,0.014705162146638407,1.0,1.0,1.0,1.0,1.0,0.0,1.0
0.0,0.0,0.0,0.0,0.0,0.0,0.0,0.0,0.0,0.0,0.0,0.0,0.0,0.0,0.0,0.0,0.0,0.9951067734915086,0.4961424135400665,1.0,0.0,0.0011654797683556817,0.026546197042147224,0.014705162146638407,1.0,1.0,1.0,1.0,1.0,0.0,1.0
0.0,0.0,0.0,0.0,0.0,0.0,0.0,0.0,0.0,0.0,0.0,0.0,0.0,0.0,0.0,0.0,0.0,0.9951067734915086,0.7660676740906296,1.0,0.0,0.0011654797683556817,0.026546197042147224,0.014705162146638407,1.0,1.0,1.0,1.0,1.0,0.0,1.0
0.0,0.0,0.0,0.0,0.0,0.0,0.0,0.0,0.0,0.0,0.0,0.0,0.0,0.0,0.0,0.0,0.0,0.9951067734915086,0.38619037004550716,1.0,0.0,0.0011654797683556817,0.026546197042147224,0.014705162146638407,1.0,1.0,1.0,1.0,1.0,0.0,1.0
0.0,0.0,0.0,0.0,0.0,0.0,0.0,0.0,0.0,0.0,0.0,0.0,0.0,0.0,0.0,0.0,0.0,0.9951067734915086,0.4587173617131777,1.0,0.0,0.0011654797683556817,0.026546197042147224,0.014705162146638407,1.0,1.0,1.0,1.0,1.0,0.0,1.0
0.0,0.0,0.0,0.0,0.0,0.0,0.0,0.0,0.0,0.0,0.0,0.0,0.0,0.0,0.0,0.0,0.0,0.9951067734915086,0.7339049333568339,1.0,0.0,0.0011654797683556817,0.026546197042147224,0.014705162146638407,1.0,1.0,1.0,1.0,1.0,0.0,1.0
0.0,0.0,0.0,0.0,0.0,0.0,0.0,0.0,0.0,0.0,0.0,0.0,0.0,0.0,0.0,0.0,0.0,0.9951067734915086,0.3430922675247068,1.0,0.0,0.0011654797683556817,0.026546197042147224,0.014705162146638407,1.0,1.0,1.0,1.0,1.0,0.0,1.0
0.0,0.0,0.0,0.0,0.0,0.0,0.0,0.0,0.0,0.0,0.0,0.0,0.0,0.0,0.0,0.0,0.0,0.9951067734915086,0.4568785244835314,1.0,0.0,0.0011654797683556817,0.026546197042147224,0.014705162146638407,1.0,1.0,1.0,1.0,1.0,0.0,1.0
0.0,0.0,0.0,0.0,0.0,0.0,0.0,0.0,0.0,0.0,0.0,0.0,0.0,0.0,0.0,0.0,0.0,0.9951067734915086,0.7199966954877413,1.0,0.0,0.0011654797683556817,0.026546197042147224,0.014705162146638407,1.0,1.0,1.0,1.0,1.0,0.0,1.0
0.0,0.0,0.0,0.0,0.0,0.0,0.0,0.0,0.0,0.0,0.0,0.0,0.0,0.0,0.0,0.0,0.0,0.9951067734915086,0.32914559650801856,1.0,0.0,0.0011654797683556817,0.026546197042147224,0.014705162146638407,1.0,1.0,1.0,1.0,1.0,0.0,1.0
0.0,0.0,0.0,0.0,0.0,0.0,0.0,0.0,0.0,0.0,0.0,0.0,0.0,0.0,0.0,0.0,0.0,0.9951067734915086,0.45210450952257153,1.0,0.0,0.0011654797683556817,0.026546197042147224,0.014705162146638407,1.0,1.0,1.0,1.0,1.0,0.0,1.0
0.0,0.0,0.0,0.0,0.0,0.0,0.9900773692190439,0.0327689023185073,0.03202835047247096,0.0,0.0,0.0,0.0,0.0,0.0,0.0,0.0,0.0,0.0,0.0,0.0,0.0011654797683556817,0.026546197042147224,0.014705162146638407,1.0,1.0,0.0,1.0,1.0,1.0,1.0
0.9709289446802136,0.37142857142857144,0.0,0.9727387900458145,0.0,0.0,0.9900773692190439,0.025442094344800766,0.02369969176112426,0.0,0.0,0.0,0.0,0.0,0.0,0.0,0.0,0.0,0.0,0.0,0.9868159714672016,0.4021106262229118,0.4839078977291322,0.2456633670741932,0.0,0.0,0.0,1.0,1.0,1.0,0.0
0.0,0.0,0.0,0.0,0.0,0.0,0.0,0.0,0.0,0.0,0.0,0.0,0.0,0.0,0.0,0.0,0.0,0.0,0.0,0.0,0.9868159714672016,0.6305185694944128,0.49814165007213723,0.2177660244826777,1.0,1.0,1.0,1.0,1.0,1.0,0.0
0.9709289446802136,0.6285714285714286,1.0,0.0,0.0,0.0,0.9900773692190439,0.06417891373163848,0.0658451893730672,0.0,0.0,0.0,0.0,0.0,0.0,0.0,0.0,0.0,0.0,0.0,0.9868159714672016,0.6881243522390198,0.71896739764121,0.14967120126957387,0.0,1.0,0.0,1.0,1.0,1.0,0.0
0.0,0.0,0.0,0.9727387900458145,0.0,0.0,0.9900773692190439,0.03277638063471119,0.0322144545540949,0.0,0.0,0.0,0.0,0.0,0.9762121836048973,1.0,1.0,0.9751321339213155,0.46864120201425186,1.0,0.0,0.0011654797683556817,0.026546197042147224,0.014705162146638407,1.0,0.0,0.0,1.0,0.0,0.0,1.0
0.9709289446802136,0.21428571428571427,0.0,0.9727387900458145,0.0,0.0,0.0,0.0,0.0,0.0,0.0,0.0,0.0,0.0,0.9762121836048973,1.0,1.0,0.9751321339213155,0.68932936722869,1.0,0.9868159714672016,0.22602072646739513,0.48068913981216793,0.3114964777332705,0.0,0.0,1.0,1.0,0.0,0.0,0.0
0.9709289446802136,0.7535714285714286,1.0,0.9727387900458145,0.0,0.0,0.9900773692190439,0.0489001059491388,0.05456019447573948,0.0,0.0,0.0,0.0,0.0,0.9762121836048973,0.5,0.0,0.9751321339213155,0.19161064808660422,1.0,0.0,0.0011654797683556817,0.026546197042147224,0.014705162146638407,0.0,0.0,0.0,1.0,0.0,0.0,1.0
0.0,0.0,0.0,0.9727387900458145,0.0,0.0,0.0,0.0,0.0,0.0,0.0,0.0,0.0,0.0,0.0,0.0,0.0,0.0,0.0,0.0,0.9868159714672016,0.6869276108815591,0.71896739764121,0.14967120126957387,1.0,0.0,1.0,1.0,1.0,1.0,0.0
0.0,0.0,0.0,0.0,0.0,0.0,0.0,0.0,0.0,0.0,0.0,0.0,0.0,0.0,0.0,0.0,0.0,0.0,0.0,0.0,0.9868159714672016,0.625749644660654,0.49814165007213723,0.17365602441614902,1.0,1.0,1.0,1.0,1.0,1.0,0.0
0.9709289446802136,0.3428571428571428,0.0,0.0,0.0,0.0,0.9900773692190439,0.025445876845533184,0.0237597369541724,0.0,0.0,0.0,0.0,0.0,0.0,0.0,0.0,0.0,0.0,0.0,0.9868159714672016,0.3886860744971429,0.4839078977291322,0.2456633670741932,0.0,1.0,0.0,1.0,1.0,1.0,0.0
0.9709289446802136,0.6285714285714286,1.0,0.9727387900458145,0.0,0.0,0.9900773692190439,0.06436679303328834,0.06591586330155152,0.0,0.0,0.0,0.0,0.0,0.9762121836048973,0.5,0.0,0.9751321339213155,0.7159644042630546,1.0,0.0,0.0011654797683556817,0.026546197042147224,0.014705162146638407,0.0,0.0,0.0,1.0,0.0,0.0,1.0
0.9709289446802136,0.36071428571428565,0.0,0.9727387900458145,0.0,0.0,0.9900773692190439,0.03284689239914033,0.032381267405188055,0.0,0.0,0.0,0.0,0.0,0.0,0.0,0.0,0.0,0.0,0.0,0.9868159714672016,0.24215516871928056,0.48068913981216793,0.32980182114255696,0.0,0.0,0.0,1.0,1.0,1.0,0.0
0.9709289446802136,0.8464285714285713,1.0,0.9727387900458145,0.0,0.0,0.9900773692190439,0.04891123841883483,0.05465147799338302,0.0,0.0,0.0,0.0,0.0,0.9762121836048973,0.5,0.0,0.9751321339213155,0.42566881704562354,1.0,0.0,0.0011654797683556817,0.026546197042147224,0.014705162146638407,0.0,0.0,0.0,1.0,0.0,0.0,1.0
0.9709289446802136,0.7928571428571428,1.0,0.9727387900458145,0.0,0.0,0.0,0.0,0.0,0.0,0.0,0.0,0.0,0.0,0.0,0.0,0.0,0.0,0.0,0.0,0.9868159714672016,0.6224976425290348,0.49814165007213723,0.17365602441614902,0.0,0.0,1.0,1.0,1.0,1.0,0.0
0.0,0.0,0.0,0.0,0.0,0.0,0.0,0.0,0.0,0.0,0.0,0.0,0.0,0.0,0.0,0.0,0.0,0.0,0.0,0.0,0.9868159714672016,0.6840232893135688,0.71896739764121,0.14967120126957387,1.0,1.0,1.0,1.0,1.0,1.0,0.0
0.0,0.0,0.0,0.0,0.0,0.0,0.9900773692190439,0.025606290855240653,0.02376662975422419,0.0,0.0,0.0,0.0,0.0,0.0,0.0,0.0,0.0,0.0,0.0,0.9868159714672016,0.39953258314715,0.4839078977291322,0.2456633670741932,1.0,1.0,0.0,1.0,1.0,1.0,0.0
0.9709289446802136,0.7714285714285715,1.0,0.9727387900458145,0.0,0.0,0.9900773692190439,0.04891360244999649,0.05468701303185383,0.0,0.0,0.0,0.0,0.0,0.9762121836048973,0.5,0.0,0.9751321339213155,0.42340202159756846,1.0,0.9868159714672016,0.25703255152127524,0.48068913981216793,0.32980182114255696,0.0,0.0,0.0,1.0,0.0,0.0,0.0
0.9709289446802136,0.6892857142857143,1.0,0.9727387900458145,0.0,0.0,0.0,0.0,0.0,0.0,0.0,0.0,0.0,0.0,0.0,0.0,0.0,0.0,0.0,0.0,0.9868159714672016,0.668992844139744,0.71896739764121,0.14967120126957387,0.0,0.0,1.0,1.0,1.0,1.0,0.0
0.9709289446802136,0.17500000000000002,0.0,0.0,0.0,0.0,0.9900773692190439,0.025675666136108236,0.023839304713069515,0.0,0.0,0.0,0.0,0.0,0.0,0.0,0.0,0.0,0.0,0.0,0.9868159714672016,0.6101242413392277,0.49814165007213723,0.17365602441614902,0.0,1.0,0.0,1.0,1.0,1.0,0.0
0.0,0.0,0.0,0.9727387900458145,0.0,0.0,0.9900773692190439,0.06441848412120041,0.06645428440778499,0.0,0.0,0.0,0.0,0.0,0.9762121836048973,0.5,0.0,0.0,0.0,0.0,0.9868159714672016,0.39754029077102315,0.4839078977291322,0.2456633670741932,1.0,0.0,0.0,1.0,0.0,1.0,0.0
0.0,0.0,0.0,0.0,0.0,0.0,0.0,0.0,0.0,0.9997979566848344,0.6098517806169956,0.287322998046875,0.1625816494719492,0.7643638694318546,0.0,0.0,0.0,0.0,0.0,0.0,0.9978704872368934,0.404856425566266,0.2691703458271656,0.22180741072322027,1.0,1.0,1.0,0.0,1.0,1.0,0.0
0.0,0.0,0.0,0.0,0.0,0.0,0.0,0.0,0.0,0.9997979566848344,0.6098517806169956,0.287322998046875,0.1625816494719492,0.7643638694318546,0.0,0.0,0.0,0.0,0.0,0.0,0.9978704872368934,0.38108009864336345,0.5790629958813229,0.4922377104178481,1.0,1.0,1.0,0.0,1.0,1.0,0.0
0.0,0.0,0.0,0.0,0.0,0.0,0.0,0.0,0.0,0.9997979566848344,0.6098517806169956,0.287322998046875,0.1625816494719492,0.7643638694318546,0.0,0.0,0.0,0.0,0.0,0.0,0.0,0.0011654797683556817,0.026546197042147224,0.014705162146638407,1.0,1.0,1.0,0.0,1.0,1.0,1.0
0.0,0.0,0.0,0.0,0.0,0.0,0.0,0.0,0.0,0.9997979566848344,0.6098517806169956,0.287322998046875,0.1625816494719492,0.7643638694318546,0.0,0.0,0.0,0.0,0.0,0.0,0.9978704872368934,0.46624233505361545,0.7672499130694412,0.8818574510508271,1.0,1.0,1.0,0.0,1.0,1.0,0.0
0.0,0.0,0.0,0.0,0.0,0.0,0.0,0.0,0.0,0.0,0.0,0.0,0.0,0.0,0.0,0.0,0.0,0.0,0.0,0.0,0.9978704872368934,0.38418071257414643,0.5816163364008803,0.465568586000216,1.0,1.0,1.0,1.0,1.0,1.0,0.0
0.0,0.0,0.0,0.0,0.0,0.0,0.0,0.0,0.0,0.9997979566848344,0.8299827509883836,0.466064453125,0.7990049447530676,0.5619191502998673,0.0,0.0,0.0,0.0,0.0,0.0,0.9978704872368934,0.39121360121153625,0.2844341622868798,0.22180741072322027,1.0,1.0,1.0,0.0,1.0,1.0,0.0
0.0,0.0,0.0,0.0,0.0,0.0,0.0,0.0,0.0,0.9998222992529266,0.4387049503136877,0.802398681640625,0.6470758805933704,0.5786445695798808,0.0,0.0,0.0,0.0,0.0,0.0,0.0,0.0011654797683556817,0.026546197042147224,0.014705162146638407,1.0,1.0,1.0,0.0,1.0,1.0,1.0
0.0,0.0,0.0,0.0,0.0,0.0,0.0,0.0,0.0,0.9998222992529266,0.4387049503136877,0.802398681640625,0.6470758805933704,0.5786445695798808,0.0,0.0,0.0,0.0,0.0,0.0,0.9978947828759477,0.46754026574874985,0.7672499130694412,0.8818574510508271,1.0,1.0,1.0,0.0,1.0,1.0,0.0
0.0,0.0,0.0,0.0,0.0,0.0,0.0,0.0,0.0,0.0,0.0,0.0,0.0,0.0,0.0,0.0,0.0,0.0,0.0,0.0,0.9978947828759477,0.3626268579882138,0.28261341207400414,0.22180741072322027,1.0,1.0,1.0,1.0,1.0,1.0,0.0
0.0,0.0,0.0,0.0,0.0,0.0,0.0,0.0,0.0,0.9998222992529266,0.4387049503136877,0.802398681640625,0.6470758805933704,0.5786445695798808,0.0,0.0,0.0,0.0,0.0,0.0,0.9978947828759477,0.3846922599702639,0.5816163364008803,0.4552537138601209,1.0,1.0,1.0,0.0,1.0,1.0,0.0
0.0,0.0,0.0,0.0,0.0,0.0,0.0,0.0,0.0,0.9998222992529266,0.4387049503136877,0.802398681640625,0.6470758805933704,0.5786445695798808,0.0,0.0,0.0,0.0,0.0,0.0,0.0,0.0011654797683556817,0.026546197042147224,0.014705162146638407,1.0,1.0,1.0,0.0,1.0,1.0,1.0
0.0,0.0,0.0,0.0,0.0,0.0,0.0,0.0,0.0,0.9998222992529266,0.4378043382027445,0.8065948486328125,0.6154996642451621,0.09607959834577058,0.0,0.0,0.0,0.0,0.0,0.0,0.9978947828759477,0.46268291093385716,0.7672499130694412,0.8818574510508271,1.0,1.0,1.0,0.0,1.0,1.0,0.0
0.0,0.0,0.0,0.0,0.0,0.0,0.0,0.0,0.0,0.9998222992529266,0.4378043382027445,0.8065948486328125,0.6154996642451621,0.09607959834577058,0.0,0.0,0.0,0.0,0.0,0.0,0.0,0.0011654797683556817,0.026546197042147224,0.014705162146638407,1.0,1.0,1.0,0.0,1.0,1.0,1.0
0.0,0.0,0.0,0.0,0.0,0.0,0.0,0.0,0.0,0.9998222992529266,0.4378043382027445,0.8065948486328125,0.6154996642451621,0.09607959834577058,0.0,0.0,0.0,0.0,0.0,0.0,0.9978947828759477,0.4710945954505551,0.7672499130694412,0.8818574510508271,1.0,1.0,1.0,0.0,1.0,1.0,0.0
0.0,0.0,0.0,0.0,0.0,0.0,0.0,0.0,0.0,0.9998222992529266,0.2546137289920776,0.39776611328125,0.08195470362004761,0.4598269468479605,0.0,0.0,0.0,0.0,0.0,0.0,0.9978947828759477,0.3771742288211467,0.28261341207400414,0.2102539301447349,1.0,1.0,1.0,0.0,1.0,1.0,0.0
0.0,0.0,0.0,0.0,0.0,0.0,0.0,0.0,0.0,0.9998222992529266,0.2546137289920776,0.39776611328125,0.08195470362004761,0.4598269468479605,0.0,0.0,0.0,0.0,0.0,0.0,0.9978947828759477,0.3795153762087641,0.5646874480776053,0.4552537138601209,1.0,1.0,1.0,0.0,1.0,1.0,0.0
0.0,0.0,0.0,0.0,0.0,0.0,0.0,0.0,0.0,0.9998222992529266,0.2546137289920776,0.39776611328125,0.08195470362004761,0.4598269468479605,0.0,0.0,0.0,0.0,0.0,0.0,0.9978947828759477,0.48736699116534143,0.7672499130694412,0.8818574510508271,1.0,1.0,1.0,0.0,1.0,1.0,0.0
0.0,0.0,0.0,0.0,0.0,0.0,0.0,0.0,0.0,0.0,0.0,0.0,0.0,0.0,0.0,0.0,0.0,0.0,0.0,0.0,0.9978947828759477,0.3861595032323656,0.28261341207400414,0.2102539301447349,1.0,1.0,1.0,1.0,1.0,1.0,0.0
0.0,0.0,0.0,0.0,0.0,0.0,0.0,0.0,0.0,0.9998222992529266,0.2546137289920776,0.39776611328125,0.08195470362004761,0.4598269468479605,0.0,0.0,0.0,0.0,0.0,0.0,0.9978947828759477,0.3815362109184225,0.5518814492934544,0.4552537138601209,1.0,1.0,1.0,0.0,1.0,1.0,0.0
0.0,0.0,0.0,0.0,0.0,0.0,0.0,0.0,0.0,0.9998222992529266,0.13109248828441025,0.9010009765625,0.008103900860753311,0.4893100764546995,0.0,0.0,0.0,0.0,0.0,0.0,0.9978947828759477,0.39042423828871675,0.28261341207400414,0.2102539301447349,1.0,1.0,1.0,0.0,1.0,1.0,0.0
0.0,0.0,0.0,0.0,0.0,0.0,0.9986089466183266,0.175613523242216,0.1753786136375258,0.9972419870351482,0.8901253224649295,0.9081268310546875,0.7408888346254807,0.31135832989973905,0.0,0.0,0.0,0.0,0.0,0.0,0.0,0.0011654797683556817,0.026546197042147224,0.014705162146638407,1.0,1.0,0.0,0.0,1.0,1.0,1.0
0.0,0.0,0.0,0.0,0.0,0.0,0.9986089466183266,0.16937446652396454,0.17311855510290805,0.9972419870351482,0.8901253224649295,0.9081268310546875,0.7408888346254807,0.31135832989973905,0.0,0.0,0.0,0.0,0.0,0.0,0.0,0.0011654797683556817,0.026546197042147224,0.014705162146638407,1.0,1.0,0.0,0.0,1.0,1.0,1.0
0.0,0.0,0.0,0.0,0.0,0.0,0.9986089466183266,0.21810734134260826,0.22845241305044625,0.0,0.0,0.0,0.0,0.0,0.0,0.0,0.0,0.0,0.0,0.0,0.0,0.0011654797683556817,0.026546197042147224,0.014705162146638407,1.0,1.0,0.0,1.0,1.0,1.0,1.0
0.0,0.0,0.0,0.0,0.0,0.0,0.9986089466183266,0.1756643734231385,0.17540686826019752,0.9972419870351482,0.8901253224649295,0.9081268310546875,0.7408888346254807,0.31135832989973905,0.0,0.0,0.0,0.0,0.0,0.0,0.0,0.0011654797683556817,0.026546197042147224,0.014705162146638407,1.0,1.0,0.0,0.0,1.0,1.0,1.0
0.0,0.0,0.0,0.0,0.0,0.0,0.9986089466183266,0.16938695056423095,0.17319750061484307,0.9972419870351482,0.5436491581566455,0.0316925048828125,0.2264818997619193,0.8532558104045538,0.0,0.0,0.0,0.0,0.0,0.0,0.0,0.0011654797683556817,0.026546197042147224,0.014705162146638407,1.0,1.0,0.0,0.0,1.0,1.0,1.0
0.0,0.0,0.0,0.0,0.0,0.0,0.9986089466183266,0.21834550360087515,0.2286918538938586,0.9972419870351482,0.5436491581566455,0.0316925048828125,0.2264818997619193,0.8532558104045538,0.0,0.0,0.0,0.0,0.0,0.0,0.0,0.0011654797683556817,0.026546197042147224,0.014705162146638407,1.0,1.0,0.0,0.0,1.0,1.0,1.0
0.0,0.0,0.0,0.0,0.0,0.0,0.9986089466183266,0.1756866709580783,0.17540819028093324,0.9972419870351482,0.5436491581566455,0.0316925048828125,0.2264818997619193,0.8532558104045538,0.0,0.0,0.0,0.0,0.0,0.0,0.0,0.0011654797683556817,0.026546197042147224,0.014705162146638407,1.0,1.0,0.0,0.0,1.0,1.0,1.0
0.0,0.0,0.0,0.0,0.0,0.0,0.0,0.0,0.0,0.9972419870351482,0.5436491581566455,0.0316925048828125,0.2264818997619193,0.8532558104045538,0.0,0.0,0.0,0.0,0.0,0.0,0.0,0.0011654797683556817,0.026546197042147224,0.014705162146638407,1.0,1.0,1.0,0.0,1.0,1.0,1.0
0.0,0.0,0.0,0.0,0.0,0.0,0.9986089466183266,0.1695691953239193,0.17337199929532413,0.9972419870351482,0.03318526659644945,0.0311431884765625,0.8122825224345278,0.09212714981153383,0.0,0.0,0.0,0.0,0.0,0.0,0.0,0.0011654797683556817,0.026546197042147224,0.014705162146638407,1.0,1.0,0.0,0.0,1.0,1.0,1.0
0.0,0.0,0.0,0.0,0.0,0.0,0.9986089466183266,0.2185110201219822,0.22881285229946025,0.0,0.0,0.0,0.0,0.0,0.0,0.0,0.0,0.0,0.0,0.0,0.0,0.0011654797683556817,0.026546197042147224,0.014705162146638407,1.0,1.0,0.0,1.0,1.0,1.0,1.0
0.0,0.0,0.0,0.0,0.0,0.0,0.9986089466183266,0.17589094990829807,0.17542000423908694,0.9972419870351482,0.03318526659644945,0.0311431884765625,0.8122825224345278,0.09212714981153383,0.0,0.0,0.0,0.0,0.0,0.0,0.0,0.0011654797683556817,0.026546197042147224,0.014705162146638407,1.0,1.0,0.0,0.0,1.0,1.0,1.0
0.0,0.0,0.0,0.0,0.0,0.0,0.9986089466183266,0.16964989723057144,0.17339866767621834,0.9972419870351482,0.03318526659644945,0.0311431884765625,0.8122825224345278,0.09212714981153383,0.0,0.0,0.0,0.0,0.0,0.0,0.0,0.0011654797683556817,0.026546197042147224,0.014705162146638407,1.0,1.0,0.0,0.0,1.0,1.0,1.0
0.0,0.0,0.0,0.0,0.0,0.0,0.9986089466183266,0.21860896828932314,0.22882342791603,0.9972419870351482,0.03318526659644945,0.0311431884765625,0.8122825224345278,0.09212714981153383,0.0,0.0,0.0,0.0,0.0,0.0,0.0,0.0011654797683556817,0.026546197042147224,0.014705162146638407,1.0,1.0,0.0,0.0,1.0,1.0,1.0
0.0,0.0,0.0,0.0,0.0,0.0,0.9986089466183266,0.17602359665393216,0.17542805629751546,0.9972419870351482,0.5700264077788463,0.8432769775390625,0.4920639765582077,0.3867142791741061,0.0,0.0,0.0,0.0,0.0,0.0,0.0,0.0011654797683556817,0.026546197042147224,0.014705162146638407,1.0,1.0,0.0,0.0,1.0,1.0,1.0
0.0,0.0,0.0,0.0,0.0,0.0,0.9986089466183266,0.21872522374422007,0.22901460621353048,0.0,0.0,0.0,0.0,0.0,0.0,0.0,0.0,0.0,0.0,0.0,0.0,0.0011654797683556817,0.026546197042147224,0.014705162146638407,1.0,1.0,0.0,1.0,1.0,1.0,1.0
0.0,0.0,0.0,0.0,0.0,0.0,0.9986089466183266,0.17602656288511245,0.17542824105082883,0.9972419870351482,0.5700264077788463,0.8432769775390625,0.4920639765582077,0.3867142791741061,0.0,0.0,0.0,0.0,0.0,0.0,0.0,0.0011654797683556817,0.026546197042147224,0.014705162146638407,1.0,1.0,0.0,0.0,1.0,1.0,1.0
0.0,0.0,0.0,0.0,0.0,0.0,0.0,0.0,0.0,0.9972419870351482,0.7738242432568576,0.65740966796875,0.5871131188572126,0.5807047261517801,0.0,0.0,0.0,0.0,0.0,0.0,0.0,0.0011654797683556817,0.026546197042147224,0.014705162146638407,1.0,1.0,1.0,0.0,1.0,1.0,1.0
0.0,0.0,0.0,0.0,0.0,0.0,0.9986089466183266,0.16968648393412814,0.17359157723494545,0.9972419870351482,0.7738242432568576,0.65740966796875,0.5871131188572126,0.5807047261517801,0.0,0.0,0.0,0.0,0.0,0.0,0.0,0.0011654797683556817,0.026546197042147224,0.014705162146638407,1.0,1.0,0.0,0.0,1.0,1.0,1.0
0.0,0.0,0.0,0.0,0.0,0.0,0.9986089466183266,0.21874578074232112,0.22907951999513018,0.0,0.0,0.0,0.0,0.0,0.0,0.0,0.0,0.0,0.0,0.0,0.0,0.0011654797683556817,0.026546197042147224,0.014705162146638407,1.0,1.0,0.0,1.0,1.0,1.0,1.0
0.0,0.0,0.0,0.0,0.0,0.0,0.9986089466183266,0.17605919546165819,0.17547643621396633,0.9972419870351482,0.7738242432568576,0.65740966796875,0.5871131188572126,0.5807047261517801,0.0,0.0,0.0,0.0,0.0,0.0,0.0,0.0011654797683556817,0.026546197042147224,0.014705162146638407,1.0,1.0,0.0,0.0,1.0,1.0,1.0
0.9703791412548587,0.6,1.0,0.0,0.0,0.0,0.9895167227042339,0.001997618517683568,0.001962171300962809,0.0,0.0,0.0,0.0,0.0,0.0,0.0,0.0,0.0,0.0,0.0,0.9862571717689533,0.5239289294640842,0.578951946078161,0.11786583886786743,0.0,1.0,0.0,1.0,1.0,1.0,0.0
0.0,0.0,0.0,0.0,0.0,0.0,0.9895167227042339,0.04234709216760442,0.04252523537908119,0.0,0.0,0.0,0.0,0.0,0.0,0.0,0.0,0.0,0.0,0.0,0.0,0.0011654797683556817,0.026546197042147224,0.014705162146638407,1.0,1.0,0.0,1.0,1.0,1.0,1.0
0.0,0.0,0.0,0.0,0.0,0.0,0.9895167227042339,0.011976973651506562,0.010926665827782869,0.0,0.0,0.0,0.0,0.0,0.0,0.0,0.0,0.9745799503755048,0.253360406606951,1.0,0.9862571717689533,0.28200043837538735,0.5856920418465883,0.3742624601054208,1.0,1.0,0.0,1.0,1.0,0.0,0.0
0.0,0.0,0.0,0.0,0.0,0.0,0.0,0.0,0.0,0.0,0.0,0.0,0.0,0.0,0.0,0.0,0.0,0.9745799503755048,0.8056939443868902,0.5,0.0,0.0011654797683556817,0.026546197042147224,0.014705162146638407,1.0,1.0,1.0,1.0,1.0,0.0,1.0
0.0,0.0,0.0,0.0,0.0,0.0,0.0,0.0,0.0,0.0,0.0,0.0,0.0,0.0,0.9756593884643672,0.5,0.0,0.9745799503755048,0.27013652100247,1.0,0.0,0.0011654797683556817,0.026546197042147224,0.014705162146638407,1.0,1.0,1.0,1.0,0.0,0.0,1.0
0.0,0.0,0.0,0.9721879617677277,1.0,0.0,0.0,0.0,0.0,0.0,0.0,0.0,0.0,0.0,0.9756593884643672,0.5,0.0,0.0,0.0,0.0,0.0,0.0011654797683556817,0.026546197042147224,0.014705162146638407,1.0,0.0,1.0,1.0,0.0,1.0,1.0
0.9703791412548587,0.4178571428571428,0.0,0.0,0.0,0.0,0.0,0.0,0.0,0.0,0.0,0.0,0.0,0.0,0.9756593884643672,0.5,0.0,0.0,0.0,0.0,0.0,0.0011654797683556817,0.026546197042147224,0.014705162146638407,0.0,1.0,1.0,1.0,0.0,1.0,1.0
0.9703791412548587,0.29642857142857143,0.0,0.9721879617677277,0.0,0.0,0.0,0.0,0.0,0.0,0.0,0.0,0.0,0.0,0.0,0.0,0.0,0.0,0.0,0.0,0.9862571717689533,0.9231668811712893,0.5714873433467373,0.36513023253823085,0.0,0.0,1.0,1.0,1.0,1.0,0.0
0.9703791412548587,0.08214285714285713,0.0,0.9721879617677277,0.0,0.0,0.9895167227042339,0.028126841476406147,0.0315664035416814,0.0,0.0,0.0,0.0,0.0,0.0,0.0,0.0,0.0,0.0,0.0,0.9862571717689533,0.5180016047107919,0.5697300430809338,0.16116007906159993,0.0,0.0,0.0,1.0,1.0,1.0,0.0
0.9703791412548587,0.8857142857142857,1.0,0.9721879617677277,0.0,0.0,0.9895167227042339,0.0020817838866060753,0.0020689540835109876,0.0,0.0,0.0,0.0,0.0,0.0,0.0,0.0,0.0,0.0,0.0,0.9862571717689533,0.5353776281287871,0.578951946078161,0.11786583886786743,0.0,0.0,0.0,1.0,1.0,1.0,0.0
0.0,0.0,0.0,0.0,0.0,0.0,0.9895167227042339,0.042380814641878754,0.042650973265641476,0.0,0.0,0.0,0.0,0.0,0.0,0.0,0.0,0.0,0.0,0.0,0.0,0.0011654797683556817,0.026546197042147224,0.014705162146638407,1.0,1.0,0.0,1.0,1.0,1.0,1.0
0.9703791412548587,0.21428571428571427,0.0,0.9721879617677277,0.0,0.0,0.9895167227042339,0.012165290498419155,0.01098305037837272,0.0,0.0,0.0,0.0,0.0,0.9756593884643672,0.5,0.0,0.9745799503755048,0.7904292734046847,1.0,0.9862571717689533,0.29065324587019725,0.5856920418465883,0.3742624601054208,0.0,0.0,0.0,1.0,0.0,0.0,0.0
0.0,0.0,0.0,0.0,0.0,0.0,0.0,0.0,0.0,0.0,0.0,0.0,0.0,0.0,0.9756593884643672,1.0,1.0,0.0,0.0,0.0,0.0,0.0011654797683556817,0.026546197042147224,0.014705162146638407,1.0,1.0,1.0,1.0,0.0,1.0,1.0
0.0,0.0,0.0,0.0,0.0,0.0,0.0,0.0,0.0,0.0,0.0,0.0,0.0,0.0,0.9756593884643672,1.0,1.0,0.9745799503755048,0.2079291559395009,1.0,0.0,0.0011654797683556817,0.026546197042147224,0.014705162146638407,1.0,1.0,1.0,1.0,0.0,0.0,1.0
0.0,0.0,0.0,0.0,0.0,0.0,0.0,0.0,0.0,0.0,0.0,0.0,0.0,0.0,0.9756593884643672,0.5,0.0,0.9745799503755048,0.21904241221879595,1.0,0.0,0.0011654797683556817,0.026546197042147224,0.014705162146638407,1.0,1.0,1.0,1.0,0.0,0.0,1.0
0.9703791412548587,0.5785714285714285,1.0,0.9721879617677277,0.0,0.0,0.0,0.0,0.0,0.0,0.0,0.0,0.0,0.0,0.0,0.0,0.0,0.9745799503755048,0.7452506937189054,1.0,0.9862571717689533,0.5388527418640895,0.578951946078161,0.11786583886786743,0.0,0.0,1.0,1.0,1.0,0.0,0.0
0.9703791412548587,0.3571428571428571,0.0,0.9721879617677277,1.0,0.0,0.9895167227042339,0.002243923743352775,0.002187449145803641,0.0,0.0,0.0,0.0,0.0,0.9756593884643672,1.0,1.0,0.0,0.0,0.0,0.0,0.0011654797683556817,0.026546197042147224,0.014705162146638407,0.0,0.0,0.0,1.0,0.0,1.0,1.0
0.0,0.0,0.0,0.0,0.0,0.0,0.9895167227042339,0.01236205650193675,0.011083220676872473,0.0,0.0,0.0,0.0,0.0,0.0,0.0,0.0,0.9745799503755048,0.7336048288759103,1.0,0.0,0.0011654797683556817,0.026546197042147224,0.014705162146638407,1.0,1.0,0.0,1.0,1.0,0.0,1.0
0.9703791412548587,0.43571428571428567,1.0,0.9721879617677277,0.0,0.0,0.9895167227042339,0.04243974299519677,0.04275049117803606,0.0,0.0,0.0,0.0,0.0,0.9756593884643672,0.5,0.0,0.9745799503755048,0.18572390974683106,1.0,0.9862571717689533,0.29065324587019725,0.5856920418465883,0.3742624601054208,0.0,0.0,0.0,1.0,0.0,0.0,0.0
0.9703791412548587,0.8142857142857143,1.0,0.9721879617677277,0.0,0.0,0.0,0.0,0.0,0.0,0.0,0.0,0.0,0.0,0.0,0.0,0.0,0.0,0.0,0.0,0.0,0.0011654797683556817,0.026546197042147224,0.014705162146638407,0.0,0.0,1.0,1.0,1.0,1.0,1.0
0.0,0.0,0.0,0.0,0.0,0.0,0.9341102214797493,0.06035680590209596,0.06166425433832082,0.9328315518630584,0.5574178382256415,0.4733123779296875,0.5412062755631525,0.2780906163683255,0.921028807837193,0.5,0.0,0.9200098112612632,0.22903364830256612,1.0,0.9310331841986023,0.6709164048851551,0.6095299408343104,0.1571102978436086,1.0,1.0,0.0,0.0,0.0,0.0,0.0
0.0,0.0,0.0,0.9177517584594052,0.0,0.0,0.9341102214797493,0.06157473198330425,0.06183625694477589,0.9328315518630584,0.5574178382256415,0.4733123779296875,0.5412062755631525,0.2780906163683255,0.0,0.0,0.0,0.9200098112612632,0.5203961141248632,1.0,0.9310331841986023,0.08076642942656809,0.6327015698058971,0.34724694542481677,1.0,0.0,0.0,0.0,1.0,0.0,0.0
0.0,0.0,0.0,0.9177517584594052,1.0,0.0,0.0,0.0,0.0,0.0,0.0,0.0,0.0,0.0,0.921028807837193,0.5,0.0,0.0,0.0,0.0,0.0,0.0011654797683556817,0.026546197042147224,0.014705162146638407,1.0,0.0,1.0,1.0,0.0,1.0,1.0
0.0,0.0,0.0,0.9177517584594052,0.0,0.0,0.9341102214797493,0.06036362213259267,0.061677651004318476,0.9328315518630584,0.6445329791943337,0.4073944091796875,0.6219400524998474,0.9966732286468587,0.921028807837193,0.5,0.0,0.0,0.0,0.0,0.0,0.0011654797683556817,0.026546197042147224,0.014705162146638407,1.0,0.0,0.0,0.0,0.0,1.0,1.0
0.0,0.0,0.0,0.0,0.0,0.0,0.9341102214797493,0.06163213993783039,0.06196815427609037,0.9328315518630584,0.6445329791943337,0.4073944091796875,0.6219400524998474,0.9966732286468587,0.0,0.0,0.0,0.9200098112612632,0.21084714688229544,1.0,0.9310331841986023,0.6576639069802518,0.6095299408343104,0.1571102978436086,1.0,1.0,0.0,0.0,1.0,0.0,0.0
0.0,0.0,0.0,0.9177517584594052,0.0,0.0,0.0,0.0,0.0,0.0,0.0,0.0,0.0,0.0,0.0,0.0,0.0,0.9200098112612632,0.5009067451884617,1.0,0.9310331841986023,0.08322754352764716,0.6327015698058971,0.34724694542481677,1.0,0.0,1.0,1.0,1.0,0.0,0.0
0.0,0.0,0.0,0.0,0.0,0.0,0.0,0.0,0.0,0.0,0.0,0.0,0.0,0.0,0.921028807837193,0.5,0.0,0.0,0.0,0.0,0.0,0.0011654797683556817,0.026546197042147224,0.014705162146638407,1.0,1.0,1.0,1.0,0.0,1.0,1.0
0.0,0.0,0.0,0.9177517584594052,0.0,0.0,0.0,0.0,0.0,0.0,0.0,0.0,0.0,0.0,0.921028807837193,0.5,0.0,0.0,0.0,0.0,0.0,0.0011654797683556817,0.026546197042147224,0.014705162146638407,1.0,0.0,1.0,1.0,0.0,1.0,1.0
0.0,0.0,0.0,0.9177517584594052,0.0,0.0,0.9341102214797493,0.060427801148980304,0.06172885187864455,0.9328315518630584,0.6445329791943337,0.4073944091796875,0.6219400524998474,0.9966732286468587,0.921028807837193,1.0,1.0,0.9200098112612632,0.19266651019556402,1.0,0.9310331841986023,0.6661129108336205,0.6095299408343104,0.1571102978436086,1.0,0.0,0.0,0.0,0.0,0.0,0.0
0.0,0.0,0.0,0.0,0.0,0.0,0.9341102214797493,0.06191078176011706,0.06200208855252823,0.9328315518630584,0.6445329791943337,0.4073944091796875,0.6219400524998474,0.9966732286468587,0.0,0.0,0.0,0.9200098112612632,0.4874977226413928,1.0,0.9310331841986023,0.07947040240733538,0.6327015698058971,0.34724694542481677,1.0,1.0,0.0,0.0,1.0,0.0,0.0
0.0,0.0,0.0,0.0,0.0,0.0,0.0,0.0,0.0,0.0,0.0,0.0,0.0,0.0,0.921028807837193,0.5,0.0,0.0,0.0,0.0,0.0,0.0011654797683556817,0.026546197042147224,0.014705162146638407,1.0,1.0,1.0,1.0,0.0,1.0,1.0
0.0,0.0,0.0,0.9177517584594052,0.0,0.0,0.0,0.0,0.0,0.0,0.0,0.0,0.0,0.0,0.921028807837193,0.5,0.0,0.0,0.0,0.0,0.0,0.0011654797683556817,0.026546197042147224,0.014705162146638407,1.0,0.0,1.0,1.0,0.0,1.0,1.0
0.0,0.0,0.0,0.9177517584594052,0.0,0.0,0.0,0.0,0.0,0.0,0.0,0.0,0.0,0.0,0.0,0.0,0.0,0.0,0.0,0.0,0.0,0.0011654797683556817,0.026546197042147224,0.014705162146638407,1.0,0.0,1.0,1.0,1.0,1.0,1.0
0.0,0.0,0.0,0.9177517584594052,0.0,0.0,0.9341102214797493,0.060433967594319356,0.061819697335012705,0.9328315518630584,0.8949947337088427,0.0238800048828125,0.7884134057749832,0.9571487433044912,0.921028807837193,0.5,0.0,0.0,0.0,0.0,0.0,0.0011654797683556817,0.026546197042147224,0.014705162146638407,1.0,0.0,0.0,0.0,0.0,1.0,1.0
0.0,0.0,0.0,0.0,0.0,0.0,0.9341102214797493,0.061990545100320954,0.062058204395994854,0.9328315518630584,0.8949947337088427,0.0238800048828125,0.7884134057749832,0.9571487433044912,0.0,0.0,0.0,0.9200098112612632,0.14749733281712896,1.0,0.9310331841986023,0.6618055433527331,0.6095299408343104,0.1571102978436086,1.0,1.0,0.0,0.0,1.0,0.0,0.0
0.0,0.0,0.0,0.0,0.0,0.0,0.0,0.0,0.0,0.0,0.0,0.0,0.0,0.0,0.0,0.0,0.0,0.9200098112612632,0.457917012467159,1.0,0.9310331841986023,0.07100343642951756,0.6235282881870745,0.34724694542481677,1.0,1.0,1.0,1.0,1.0,0.0,0.0
0.0,0.0,0.0,0.0,0.0,0.0,0.0,0.0,0.0,0.0,0.0,0.0,0.0,0.0,0.921028807837193,1.0,1.0,0.0,0.0,0.0,0.0,0.0011654797683556817,0.026546197042147224,0.014705162146638407,1.0,1.0,1.0,1.0,0.0,1.0,1.0
0.0,0.0,0.0,0.9177517584594052,0.0,0.0,0.0,0.0,0.0,0.0,0.0,0.0,0.0,0.0,0.921028807837193,1.0,1.0,0.0,0.0,0.0,0.0,0.0011654797683556817,0.026546197042147224,0.014705162146638407,1.0,0.0,1.0,1.0,0.0,1.0,1.0
0.0,0.0,0.0,0.9177517584594052,0.0,0.0,0.0,0.0,0.0,0.0,0.0,0.0,0.0,0.0,0.0,0.0,0.0,0.0,0.0,0.0,0.0,0.0011654797683556817,0.026546197042147224,0.014705162146638407,1.0,0.0,1.0,1.0,1.0,1.0,1.0
0.0,0.0,0.0,0.9177517584594052,0.0,0.0,0.9341102214797493,0.06046364689432559,0.061833821332141464,0.9328315518630584,0.8949947337088427,0.0238800048828125,0.7884134057749832,0.9571487433044912,0.921028807837193,0.5,0.0,0.0,0.0,0.0,0.0,0.0011654797683556817,0.026546197042147224,0.014705162146638407,1.0,0.0,0.0,0.0,0.0,1.0,1.0
0.0,0.0,0.0,0.0,0.0,0.0,0.0,0.0,0.0,0.0,0.0,0.0,0.0,0.0,0.01826627420882197,0.5,0.0,0.0,0.0,0.0,0.0,0.0011654797683556817,0.026546197042147224,0.014705162146638407,1.0,1.0,1.0,1.0,0.0,1.0,1.0
0.01816741753347028,0.8428571428571429,1.0,0.0,0.0,0.0,0.0,0.0,0.0,0.0,0.0,0.0,0.0,0.0,0.01826627420882197,1.0,1.0,0.0,0.0,0.0,0.0,0.0011654797683556817,0.026546197042147224,0.014705162146638407,0.0,1.0,1.0,1.0,0.0,1.0,1.0
0.0,0.0,0.0,0.0,0.0,0.0,0.0,0.0,0.0,0.0,0.0,0.0,0.0,0.0,0.01826627420882197,0.5,0.0,0.0,0.0,0.0,0.0,0.0011654797683556817,0.026546197042147224,0.014705162146638407,1.0,1.0,1.0,1.0,0.0,1.0,1.0
0.0,0.0,0.0,0.0,0.0,0.0,0.0,0.0,0.0,0.0,0.0,0.0,0.0,0.0,0.01826627420882197,0.5,0.0,0.0,0.0,0.0,0.0,0.0011654797683556817,0.026546197042147224,0.014705162146638407,1.0,1.0,1.0,1.0,0.0,1.0,1.0
0.0,0.0,0.0,0.0,0.0,0.0,0.0,0.0,0.0,0.0,0.0,0.0,0.0,0.0,0.01826627420882197,0.5,0.0,0.0,0.0,0.0,0.0,0.0011654797683556817,0.026546197042147224,0.014705162146638407,1.0,1.0,1.0,1.0,0.0,1.0,1.0
0.0,0.0,0.0,0.0,0.0,0.0,0.0,0.0,0.0,0.0,0.0,0.0,0.0,0.0,0.01826627420882197,0.5,0.0,0.0,0.0,0.0,0.0,0.0011654797683556817,0.026546197042147224,0.014705162146638407,1.0,1.0,1.0,1.0,0.0,1.0,1.0
0.0,0.0,0.0,0.0,0.0,0.0,0.0,0.0,0.0,0.0,0.0,0.0,0.0,0.0,0.01826627420882197,1.0,1.0,0.0,0.0,0.0,0.0,0.0011654797683556817,0.026546197042147224,0.014705162146638407,1.0,1.0,1.0,1.0,0.0,1.0,1.0
0.0,0.0,0.0,0.0,0.0,0.0,0.0,0.0,0.0,0.0,0.0,0.0,0.0,0.0,0.01826627420882197,0.5,0.0,0.0,0.0,0.0,0.0,0.0011654797683556817,0.026546197042147224,0.014705162146638407,1.0,1.0,1.0,1.0,0.0,1.0,1.0
0.0,0.0,0.0,0.0,0.0,0.0,0.0,0.0,0.0,0.0,0.0,0.0,0.0,0.0,0.01826627420882197,1.0,1.0,0.0,0.0,0.0,0.0,0.0011654797683556817,0.026546197042147224,0.014705162146638407,1.0,1.0,1.0,1.0,0.0,1.0,1.0
0.0,0.0,0.0,0.0,0.0,0.0,0.0,0.0,0.0,0.0,0.0,0.0,0.0,0.0,0.01826627420882197,1.0,1.0,0.0,0.0,0.0,0.0,0.0011654797683556817,0.026546197042147224,0.014705162146638407,1.0,1.0,1.0,1.0,0.0,1.0,1.0
0.01816741753347028,0.3571428571428571,0.0,0.0,0.0,0.0,0.0,0.0,0.0,0.0,0.0,0.0,0.0,0.0,0.01826627420882197,1.0,1.0,0.0,0.0,0.0,0.0,0.0011654797683556817,0.026546197042147224,0.014705162146638407,0.0,1.0,1.0,1.0,0.0,1.0,1.0
0.01816741753347028,0.17500000000000002,0.0,0.0,0.0,0.0,0.0,0.0,0.0,0.0,0.0,0.0,0.0,0.0,0.0,0.0,0.0,0.0,0.0,0.0,0.0,0.0011654797683556817,0.026546197042147224,0.014705162146638407,0.0,1.0,1.0,1.0,1.0,1.0,1.0
0.01816741753347028,0.28928571428571426,0.0,0.0,0.0,0.0,0.0,0.0,0.0,0.0,0.0,0.0,0.0,0.0,0.0,0.0,0.0,0.0,0.0,0.0,0.0,0.0011654797683556817,0.026546197042147224,0.014705162146638407,0.0,1.0,1.0,1.0,1.0,1.0,1.0
0.01816741753347028,0.8642857142857142,1.0,0.0,0.0,0.0,0.0,0.0,0.0,0.0,0.0,0.0,0.0,0.0,0.0,0.0,0.0,0.0,0.0,0.0,0.0,0.0011654797683556817,0.026546197042147224,0.014705162146638407,0.0,1.0,1.0,1.0,1.0,1.0,1.0
0.01816741753347028,0.6607142857142857,1.0,0.0,0.0,0.0,0.0,0.0,0.0,0.0,0.0,0.0,0.0,0.0,0.0,0.0,0.0,0.0,0.0,0.0,0.0,0.0011654797683556817,0.026546197042147224,0.014705162146638407,0.0,1.0,1.0,1.0,1.0,1.0,1.0
0.01816741753347028,0.8964285714285715,1.0,0.0,0.0,0.0,0.0,0.0,0.0,0.0,0.0,0.0,0.0,0.0,0.0,0.0,0.0,0.0,0.0,0.0,0.0,0.0011654797683556817,0.026546197042147224,0.014705162146638407,0.0,1.0,1.0,1.0,1.0,1.0,1.0
0.01816741753347028,0.557142857142857,1.0,0.0,0.0,0.0,0.0,0.0,0.0,0.0,0.0,0.0,0.0,0.0,0.0,0.0,0.0,0.0,0.0,0.0,0.0,0.0011654797683556817,0.026546197042147224,0.014705162146638407,0.0,1.0,1.0,1.0,1.0,1.0,1.0
0.01816741753347028,0.42142857142857143,0.0,0.0,0.0,0.0,0.0,0.0,0.0,0.0,0.0,0.0,0.0,0.0,0.0,0.0,0.0,0.0,0.0,0.0,0.0,0.0011654797683556817,0.026546197042147224,0.014705162146638407,0.0,1.0,1.0,1.0,1.0,1.0,1.0
0.01816741753347028,0.21428571428571427,0.0,0.0,0.0,0.0,0.0,0.0,0.0,0.0,0.0,0.0,0.0,0.0,0.0,0.0,0.0,0.0,0.0,0.0,0.0,0.0011654797683556817,0.026546197042147224,0.014705162146638407,0.0,1.0,1.0,1.0,1.0,1.0,1.0
0.01816741753347028,0.6821428571428572,1.0,0.0,0.0,0.0,0.0,0.0,0.0,0.0,0.0,0.0,0.0,0.0,0.0,0.0,0.0,0.0,0.0,0.0,0.0,0.0011654797683556817,0.026546197042147224,0.014705162146638407,0.0,1.0,1.0,1.0,1.0,1.0,1.0
0.9366738008309203,0.5785714285714285,1.0,0.9384197934154467,0.0,0.0,0.9551466537528378,0.007861428575327942,0.007533419769588101,0.0,0.0,0.0,0.0,0.0,0.0,0.0,0.0,0.0,0.0,0.0,0.9520003207024356,0.0653582661261839,0.5329766663953461,0.8134324928221416,0.0,0.0,0.0,1.0,1.0,1.0,0.0
0.9366738008309203,0.7107142857142856,1.0,0.9384197934154467,0.0,0.0,0.0,0.0,0.0,0.0,0.0,0.0,0.0,0.0,0.9417706428927369,0.5,0.0,0.9407286982192882,0.14909417999166985,1.0,0.9520003207024356,0.6516156827188725,0.5081039977058792,0.4607369141915146,0.0,0.0,1.0,1.0,0.0,0.0,0.0
0.9366738008309203,0.38571428571428573,0.0,0.9384197934154467,0.0,0.0,0.0,0.0,0.0,0.0,0.0,0.0,0.0,0.0,0.0,0.0,0.0,0.0,0.0,0.0,0.0,0.0011654797683556817,0.026546197042147224,0.014705162146638407,0.0,0.0,1.0,1.0,1.0,1.0,1.0
0.9366738008309203,0.5714285714285714,1.0,0.0,0.0,0.0,0.0,0.0,0.0,0.0,0.0,0.0,0.0,0.0,0.0,0.0,0.0,0.0,0.0,0.0,0.0,0.0011654797683556817,0.026546197042147224,0.014705162146638407,0.0,1.0,1.0,1.0,1.0,1.0,1.0
0.9366738008309203,0.49642857142857144,1.0,0.0,0.0,0.0,0.9551466537528378,0.008395756854481346,0.008710472856703667,0.0,0.0,0.0,0.0,0.0,0.0,0.0,0.0,0.0,0.0,0.0,0.0,0.0011654797683556817,0.026546197042147224,0.014705162146638407,0.0,1.0,0.0,1.0,1.0,1.0,1.0
0.0,0.0,0.0,0.9384197934154467,0.0,0.0,0.9551466537528378,0.007917214272700998,0.007609352264430522,0.953839188126669,0.014562439895590052,0.611846923828125,0.33821195287223005,0.6557859878832273,0.0,0.0,0.0,0.0,0.0,0.0,0.0,0.0011654797683556817,0.026546197042147224,0.014705162146638407,1.0,0.0,0.0,0.0,1.0,1.0,1.0
0.0,0.0,0.0,0.9384197934154467,0.0,0.0,0.0,0.0,0.0,0.953839188126669,0.014562439895590052,0.611846923828125,0.33821195287223005,0.6557859878832273,0.9417706428927369,1.0,1.0,0.9407286982192882,0.39523901185902144,1.0,0.9520003207024356,0.06036354490815443,0.5329766663953461,0.8134324928221416,1.0,0.0,1.0,0.0,0.0,0.0,0.0
0.9366738008309203,0.6821428571428572,1.0,0.9384197934154467,0.0,0.0,0.0,0.0,0.0,0.0,0.0,0.0,0.0,0.0,0.9417706428927369,0.5,0.0,0.9407286982192882,0.09094020064232877,0.5,0.9520003207024356,0.20235867952690612,0.609296725720547,0.7677288398246772,0.0,0.0,1.0,1.0,0.0,0.0,0.0
0.9366738008309203,0.9249999999999999,1.0,0.0,0.0,0.0,0.0,0.0,0.0,0.0,0.0,0.0,0.0,0.0,0.0,0.0,0.0,0.0,0.0,0.0,0.0,0.0011654797683556817,0.026546197042147224,0.014705162146638407,0.0,1.0,1.0,1.0,1.0,1.0,1.0
0.9366738008309203,0.33214285714285713,0.0,0.0,0.0,0.0,0.0,0.0,0.0,0.0,0.0,0.0,0.0,0.0,0.0,0.0,0.0,0.0,0.0,0.0,0.0,0.0011654797683556817,0.026546197042147224,0.014705162146638407,0.0,1.0,1.0,1.0,1.0,1.0,1.0
0.9366738008309203,0.21428571428571427,0.0,0.0,0.0,0.0,0.0,0.0,0.0,0.0,0.0,0.0,0.0,0.0,0.0,0.0,0.0,0.0,0.0,0.0,0.9520003207024356,0.2063289361465842,0.609296725720547,0.7324185526178035,0.0,1.0,1.0,1.0,1.0,1.0,0.0
0.9366738008309203,0.2857142857142857,0.0,0.0,0.0,0.0,0.0,0.0,0.0,0.953839188126669,0.4792935537543313,0.051483154296875,0.8655301874122459,0.9079949335408751,0.0,0.0,0.0,0.0,0.0,0.0,0.9520003207024356,0.6308984139067843,0.5081039977058792,0.4607369141915146,0.0,1.0,1.0,0.0,1.0,1.0,0.0
0.9366738008309203,0.557142857142857,1.0,0.9384197934154467,0.0,0.0,0.0,0.0,0.0,0.953839188126669,0.4792935537543313,0.051483154296875,0.8655301874122459,0.9079949335408751,0.9417706428927369,0.5,0.0,0.9407286982192882,0.6767207612233892,0.5,0.0,0.0011654797683556817,0.026546197042147224,0.014705162146638407,0.0,0.0,1.0,0.0,0.0,0.0,1.0
0.9366738008309203,0.17500000000000002,0.0,0.9384197934154467,0.0,0.0,0.0,0.0,0.0,0.0,0.0,0.0,0.0,0.0,0.0,0.0,0.0,0.0,0.0,0.0,0.9520003207024356,0.04455375688415053,0.5329766663953461,0.8134324928221416,0.0,0.0,1.0,1.0,1.0,1.0,0.0
0.0,0.0,0.0,0.9384197934154467,0.0,0.0,0.9551466537528378,0.008292527579756551,0.00797592565303722,0.0,0.0,0.0,0.0,0.0,0.0,0.0,0.0,0.0,0.0,0.0,0.0,0.0011654797683556817,0.026546197042147224,0.014705162146638407,1.0,0.0,0.0,1.0,1.0,1.0,1.0
0.9366738008309203,0.5607142857142856,1.0,0.0,0.0,0.0,0.9551466537528378,0.008451035302266553,0.008849428735046398,0.0,0.0,0.0,0.0,0.0,0.0,0.0,0.0,0.0,0.0,0.0,0.9520003207024356,0.6275624119939177,0.5081039977058792,0.42055688169519095,0.0,1.0,0.0,1.0,1.0,1.0,0.0
0.9366738008309203,0.1357142857142857,0.0,0.9384197934154467,0.0,0.0,0.9551466537528378,0.008343305507214977,0.008010520720116505,0.0,0.0,0.0,0.0,0.0,0.9417706428927369,0.5,0.0,0.9407286982192882,0.3531591540331851,1.0,0.0,0.0011654797683556817,0.026546197042147224,0.014705162146638407,0.0,0.0,0.0,1.0,0.0,0.0,1.0
0.9366738008309203,0.29642857142857143,0.0,0.0,0.0,0.0,0.9551466537528378,0.008606519320777706,0.0088655092496219,0.0,0.0,0.0,0.0,0.0,0.9417706428927369,1.0,1.0,0.9407286982192882,0.6648877960115924,1.0,0.0,0.0011654797683556817,0.026546197042147224,0.014705162146638407,0.0,1.0,0.0,1.0,0.0,0.0,1.0
0.9366738008309203,0.7857142857142857,1.0,0.0,0.0,0.0,0.0,0.0,0.0,0.0,0.0,0.0,0.0,0.0,0.0,0.0,0.0,0.0,0.0,0.0,0.0,0.0011654797683556817,0.026546197042147224,0.014705162146638407,0.0,1.0,1.0,1.0,1.0,1.0,1.0
0.9366738008309203,0.07142857142857142,0.0,0.9384197934154467,0.0,0.0,0.0,0.0,0.0,0.0,0.0,0.0,0.0,0.0,0.0,0.0,0.0,0.0,0.0,0.0,0.0,0.0011654797683556817,0.026546197042147224,0.014705162146638407,0.0,0.0,1.0,1.0,1.0,1.0,1.0
0.0,0.0,0.0,0.07484079865310511,1.0,1.0,0.0,0.0,0.0,0.0,0.0,0.0,0.0,0.0,0.0,0.0,0.0,0.0,0.0,0.0,0.0,0.0011654797683556817,0.026546197042147224,0.014705162146638407,1.0,0.0,1.0,1.0,1.0,1.0,1.0
0.0,0.0,0.0,0.07484079865310511,0.0,0.0,0.0,0.0,0.0,0.0,0.0,0.0,0.0,0.0,0.0,0.0,0.0,0.0,0.0,0.0,0.0,0.0011654797683556817,0.026546197042147224,0.014705162146638407,1.0,0.0,1.0,1.0,1.0,1.0,1.0
0.0,0.0,0.0,0.07484079865310511,0.0,0.0,0.0,0.0,0.0,0.0,0.0,0.0,0.0,0.0,0.0,0.0,0.0,0.0,0.0,0.0,0.0,0.0011654797683556817,0.026546197042147224,0.014705162146638407,1.0,0.0,1.0,1.0,1.0,1.0,1.0
0.0,0.0,0.0,0.07484079865310511,0.0,0.0,0.0,0.0,0.0,0.0,0.0,0.0,0.0,0.0,0.0,0.0,0.0,0.0,0.0,0.0,0.0,0.0011654797683556817,0.026546197042147224,0.014705162146638407,1.0,0.0,1.0,1.0,1.0,1.0,1.0
0.0,0.0,0.0,0.07484079865310511,0.0,0.0,0.0,0.0,0.0,0.0,0.0,0.0,0.0,0.0,0.0,0.0,0.0,0.0,0.0,0.0,0.0,0.0011654797683556817,0.026546197042147224,0.014705162146638407,1.0,0.0,1.0,1.0,1.0,1.0,1.0
0.0,0.0,0.0,0.07484079865310511,0.0,0.0,0.0,0.0,0.0,0.0,0.0,0.0,0.0,0.0,0.0,0.0,0.0,0.0,0.0,0.0,0.0,0.0011654797683556817,0.026546197042147224,0.014705162146638407,1.0,0.0,1.0,1.0,1.0,1.0,1.0
0.0,0.0,0.0,0.07484079865310511,0.0,0.0,0.0,0.0,0.0,0.0,0.0,0.0,0.0,0.0,0.0,0.0,0.0,0.0,0.0,0.0,0.0,0.0011654797683556817,0.026546197042147224,0.014705162146638407,1.0,0.0,1.0,1.0,1.0,1.0,1.0
0.0,0.0,0.0,0.07484079865310511,0.0,0.0,0.0,0.0,0.0,0.0,0.0,0.0,0.0,0.0,0.0,0.0,0.0,0.0,0.0,0.0,0.0,0.0011654797683556817,0.026546197042147224,0.014705162146638407,1.0,0.0,1.0,1.0,1.0,1.0,1.0
0.0,0.0,0.0,0.07484079865310511,1.0,1.0,0.0,0.0,0.0,0.0,0.0,0.0,0.0,0.0,0.0,0.0,0.0,0.0,0.0,0.0,0.0,0.0011654797683556817,0.026546197042147224,0.014705162146638407,1.0,0.0,1.0,1.0,1.0,1.0,1.0
0.0,0.0,0.0,0.07484079865310511,0.0,0.0,0.0,0.0,0.0,0.0,0.0,0.0,0.0,0.0,0.0,0.0,0.0,0.0,0.0,0.0,0.0,0.0011654797683556817,0.026546197042147224,0.014705162146638407,1.0,0.0,1.0,1.0,1.0,1.0,1.0
0.0,0.0,0.0,0.07484079865310511,1.0,1.0,0.0,0.0,0.0,0.0,0.0,0.0,0.0,0.0,0.0,0.0,0.0,0.0,0.0,0.0,0.0,0.0011654797683556817,0.026546197042147224,0.014705162146638407,1.0,0.0,1.0,1.0,1.0,1.0,1.0
0.0,0.0,0.0,0.07484079865310511,0.0,0.0,0.0,0.0,0.0,0.0,0.0,0.0,0.0,0.0,0.0,0.0,0.0,0.0,0.0,0.0,0.0,0.0011654797683556817,0.026546197042147224,0.014705162146638407,1.0,0.0,1.0,1.0,1.0,1.0,1.0
0.0,0.0,0.0,0.07484079865310511,0.0,0.0,0.0,0.0,0.0,0.0,0.0,0.0,0.0,0.0,0.0,0.0,0.0,0.0,0.0,0.0,0.0,0.0011654797683556817,0.026546197042147224,0.014705162146638407,1.0,0.0,1.0,1.0,1.0,1.0,1.0
0.0,0.0,0.0,0.07484079865310511,1.0,1.0,0.0,0.0,0.0,0.0,0.0,0.0,0.0,0.0,0.0,0.0,0.0,0.0,0.0,0.0,0.0,0.0011654797683556817,0.026546197042147224,0.014705162146638407,1.0,0.0,1.0,1.0,1.0,1.0,1.0
0.0,0.0,0.0,0.07484079865310511,0.0,0.0,0.0,0.0,0.0,0.0,0.0,0.0,0.0,0.0,0.0,0.0,0.0,0.0,0.0,0.0,0.0,0.0011654797683556817,0.026546197042147224,0.014705162146638407,1.0,0.0,1.0,1.0,1.0,1.0,1.0
0.0,0.0,0.0,0.07484079865310511,1.0,1.0,0.0,0.0,0.0,0.0,0.0,0.0,0.0,0.0,0.0,0.0,0.0,0.0,0.0,0.0,0.0,0.0011654797683556817,0.026546197042147224,0.014705162146638407,1.0,0.0,1.0,1.0,1.0,1.0,1.0
0.0,0.0,0.0,0.07484079865310511,0.0,0.0,0.0,0.0,0.0,0.0,0.0,0.0,0.0,0.0,0.0,0.0,0.0,0.0,0.0,0.0,0.0,0.0011654797683556817,0.026546197042147224,0.014705162146638407,1.0,0.0,1.0,1.0,1.0,1.0,1.0
0.0,0.0,0.0,0.07484079865310511,0.0,0.0,0.0,0.0,0.0,0.0,0.0,0.0,0.0,0.0,0.0,0.0,0.0,0.0,0.0,0.0,0.0,0.0011654797683556817,0.026546197042147224,0.014705162146638407,1.0,0.0,1.0,1.0,1.0,1.0,1.0
0.0,0.0,0.0,0.07484079865310511,0.0,0.0,0.0,0.0,0.0,0.0,0.0,0.0,0.0,0.0,0.0,0.0,0.0,0.0,0.0,0.0,0.0,0.0011654797683556817,0.026546197042147224,0.014705162146638407,1.0,0.0,1.0,1.0,1.0,1.0,1.0
0.0,0.0,0.0,0.07484079865310511,0.0,0.0,0.0,0.0,0.0,0.0,0.0,0.0,0.0,0.0,0.0,0.0,0.0,0.0,0.0,0.0,0.0,0.0011654797683556817,0.026546197042147224,0.014705162146638407,1.0,0.0,1.0,1.0,1.0,1.0,1.0
0.0,0.0,0.0,0.018249180343573153,0.0,0.0,0.0,0.0,0.0,0.018549036886293432,0.6603165880539146,0.3310394287109375,0.21624137720529882,0.6644691663233073,0.0,0.0,0.0,0.0,0.0,0.0,0.0,0.0011654797683556817,0.026546197042147224,0.014705162146638407,1.0,0.0,1.0,0.0,1.0,1.0,1.0
0.0,0.0,0.0,0.018249180343573153,0.0,0.0,0.0,0.0,0.0,0.0,0.0,0.0,0.0,0.0,0.0,0.0,0.0,0.0,0.0,0.0,0.0,0.0011654797683556817,0.026546197042147224,0.014705162146638407,1.0,0.0,1.0,1.0,1.0,1.0,1.0
0.0,0.0,0.0,0.018249180343573153,0.0,0.0,0.0,0.0,0.0,0.018549036886293432,0.7569721115537849,0.4236907958984375,0.4046456260301569,0.7397945947595721,0.0,0.0,0.0,0.0,0.0,0.0,0.0,0.0011654797683556817,0.026546197042147224,0.014705162146638407,1.0,0.0,1.0,0.0,1.0,1.0,1.0
0.0,0.0,0.0,0.0,0.0,0.0,0.0,0.0,0.0,0.018549036886293432,0.7569721115537849,0.4236907958984375,0.4046456260301569,0.7397945947595721,0.0,0.0,0.0,0.0,0.0,0.0,0.0,0.0011654797683556817,0.026546197042147224,0.014705162146638407,1.0,1.0,1.0,0.0,1.0,1.0,1.0
0.0,0.0,0.0,0.0,0.0,0.0,0.0,0.0,0.0,0.018549036886293432,0.34629298896368543,0.751373291015625,0.5718210121482205,0.5892658212394513,0.0,0.0,0.0,0.0,0.0,0.0,0.0,0.0011654797683556817,0.026546197042147224,0.014705162146638407,1.0,1.0,1.0,0.0,1.0,1.0,1.0
0.0,0.0,0.0,0.0,0.0,0.0,0.0,0.0,0.0,0.018549036886293432,0.34629298896368543,0.751373291015625,0.5718210121482205,0.5892658212394513,0.0,0.0,0.0,0.0,0.0,0.0,0.0,0.0011654797683556817,0.026546197042147224,0.014705162146638407,1.0,1.0,1.0,0.0,1.0,1.0,1.0
0.0,0.0,0.0,0.0,0.0,0.0,0.0,0.0,0.0,0.018549036886293432,0.34629298896368543,0.751373291015625,0.5718210121482205,0.5892658212394513,0.0,0.0,0.0,0.0,0.0,0.0,0.0,0.0011654797683556817,0.026546197042147224,0.014705162146638407,1.0,1.0,1.0,0.0,1.0,1.0,1.0
0.0,0.0,0.0,0.0,0.0,0.0,0.0,0.0,0.0,0.018549036886293432,0.34629298896368543,0.751373291015625,0.5718210121482205,0.5892658212394513,0.0,0.0,0.0,0.0,0.0,0.0,0.0,0.0011654797683556817,0.026546197042147224,0.014705162146638407,1.0,1.0,1.0,0.0,1.0,1.0,1.0
0.0,0.0,0.0,0.0,0.0,0.0,0.0,0.0,0.0,0.018549036886293432,0.8717467295568683,0.90338134765625,0.3943440571393688,0.22907415037616935,0.0,0.0,0.0,0.0,0.0,0.0,0.0,0.0011654797683556817,0.026546197042147224,0.014705162146638407,1.0,1.0,1.0,0.0,1.0,1.0,1.0
0.0,0.0,0.0,0.0,0.0,0.0,0.0,0.0,0.0,0.018549036886293432,0.8717467295568683,0.90338134765625,0.3943440571393688,0.22907415037616935,0.0,0.0,0.0,0.0,0.0,0.0,0.0,0.0011654797683556817,0.026546197042147224,0.014705162146638407,1.0,1.0,1.0,0.0,1.0,1.0,1.0
0.0,0.0,0.0,0.0,0.0,0.0,0.0,0.0,0.0,0.018549036886293432,0.8717467295568683,0.90338134765625,0.3943440571393688,0.22907415037616935,0.0,0.0,0.0,0.0,0.0,0.0,0.0,0.0011654797683556817,0.026546197042147224,0.014705162146638407,1.0,1.0,1.0,0.0,1.0,1.0,1.0
0.0,0.0,0.0,0.0,0.0,0.0,0.0,0.0,0.0,0.018549036886293432,0.6603165880539146,0.3310394287109375,0.21624137720529882,0.6644691663233073,0.0,0.0,0.0,0.0,0.0,0.0,0.0,0.0011654797683556817,0.026546197042147224,0.014705162146638407,1.0,1.0,1.0,0.0,1.0,1.0,1.0
0.0,0.0,0.0,0.0,0.0,0.0,0.0,0.0,0.0,0.018549036886293432,0.6603165880539146,0.3310394287109375,0.21624137720529882,0.6644691663233073,0.0,0.0,0.0,0.0,0.0,0.0,0.0,0.0011654797683556817,0.026546197042147224,0.014705162146638407,1.0,1.0,1.0,0.0,1.0,1.0,1.0
0.0,0.0,0.0,0.0,0.0,0.0,0.0,0.0,0.0,0.018549036886293432,0.6603165880539146,0.3310394287109375,0.21624137720529882,0.6644691663233073,0.0,0.0,0.0,0.0,0.0,0.0,0.0,0.0011654797683556817,0.026546197042147224,0.014705162146638407,1.0,1.0,1.0,0.0,1.0,1.0,1.0
0.0,0.0,0.0,0.0,0.0,0.0,0.0,0.0,0.0,0.018549036886293432,0.2623376226893193,0.0013885498046875,0.617498931689152,0.709731569228891,0.0,0.0,0.0,0.0,0.0,0.0,0.0,0.0011654797683556817,0.026546197042147224,0.014705162146638407,1.0,1.0,1.0,0.0,1.0,1.0,1.0
0.0,0.0,0.0,0.0,0.0,0.0,0.0,0.0,0.0,0.018549036886293432,0.2623376226893193,0.0013885498046875,0.617498931689152,0.709731569228891,0.0,0.0,0.0,0.0,0.0,0.0,0.0,0.0011654797683556817,0.026546197042147224,0.014705162146638407,1.0,1.0,1.0,0.0,1.0,1.0,1.0
0.0,0.0,0.0,0.0,0.0,0.0,0.0,0.0,0.0,0.018549036886293432,0.2623376226893193,0.0013885498046875,0.617498931689152,0.709731569228891,0.0,0.0,0.0,0.0,0.0,0.0,0.0,0.0011654797683556817,0.026546197042147224,0.014705162146638407,1.0,1.0,1.0,0.0,1.0,1.0,1.0
0.0,0.0,0.0,0.0,0.0,0.0,0.0,0.0,0.0,0.018549036886293432,0.2623376226893193,0.0013885498046875,0.617498931689152,0.709731569228891,0.0,0.0,0.0,0.0,0.0,0.0,0.0,0.0011654797683556817,0.026546197042147224,0.014705162146638407,1.0,1.0,1.0,0.0,1.0,1.0,1.0
0.0,0.0,0.0,0.0,0.0,0.0,0.0,0.0,0.0,0.018549036886293432,0.8694875669734853,0.3262481689453125,0.21253281240461508,0.1772497672786095,0.0,0.0,0.0,0.0,0.0,0.0,0.0,0.0011654797683556817,0.026546197042147224,0.014705162146638407,1.0,1.0,1.0,0.0,1.0,1.0,1.0
0.0,0.0,0.0,0.0,0.0,0.0,0.0,0.0,0.0,0.018549036886293432,0.8694875669734853,0.3262481689453125,0.21253281240461508,0.1772497672786095,0.0,0.0,0.0,0.0,0.0,0.0,0.0,0.0011654797683556817,0.026546197042147224,0.014705162146638407,1.0,1.0,1.0,0.0,1.0,1.0,1.0
0.0,0.0,0.0,0.0,0.0,0.0,0.0,0.0,0.0,0.0,0.0,0.0,0.0,0.0,0.0,0.0,0.0,0.06237273269634827,0.5379981074089275,0.5,0.0,0.0011654797683556817,0.026546197042147224,0.014705162146638407,1.0,1.0,1.0,1.0,1.0,0.0,1.0
0.0,0.0,0.0,0.0,0.0,0.0,0.0,0.0,0.0,0.0,0.0,0.0,0.0,0.0,0.0,0.0,0.0,0.06237273269634827,0.7817802492054504,1.0,0.0,0.0011654797683556817,0.026546197042147224,0.014705162146638407,1.0,1.0,1.0,1.0,1.0,0.0,1.0
0.0,0.0,0.0,0.0,0.0,0.0,0.0,0.0,0.0,0.0,0.0,0.0,0.0,0.0,0.0,0.0,0.0,0.06237273269634827,0.5343586669381915,1.0,0.0,0.0011654797683556817,0.026546197042147224,0.014705162146638407,1.0,1.0,1.0,1.0,1.0,0.0,1.0
0.0,0.0,0.0,0.0,0.0,0.0,0.0,0.0,0.0,0.0,0.0,0.0,0.0,0.0,0.0,0.0,0.0,0.06237273269634827,0.7610434635402608,1.0,0.0,0.0011654797683556817,0.026546197042147224,0.014705162146638407,1.0,1.0,1.0,1.0,1.0,0.0,1.0
0.0,0.0,0.0,0.0,0.0,0.0,0.0,0.0,0.0,0.0,0.0,0.0,0.0,0.0,0.0,0.0,0.0,0.06237273269634827,0.5183652848530227,1.0,0.0,0.0011654797683556817,0.026546197042147224,0.014705162146638407,1.0,1.0,1.0,1.0,1.0,0.0,1.0
0.0,0.0,0.0,0.0,0.0,0.0,0.0,0.0,0.0,0.0,0.0,0.0,0.0,0.0,0.0,0.0,0.0,0.06237273269634827,0.7337357736708152,1.0,0.0,0.0011654797683556817,0.026546197042147224,0.014705162146638407,1.0,1.0,1.0,1.0,1.0,0.0,1.0
0.0,0.0,0.0,0.0,0.0,0.0,0.0,0.0,0.0,0.0,0.0,0.0,0.0,0.0,0.0,0.0,0.0,0.062396740676600906,0.48746942386975745,1.0,0.0,0.0011654797683556817,0.026546197042147224,0.014705162146638407,1.0,1.0,1.0,1.0,1.0,0.0,1.0
0.0,0.0,0.0,0.0,0.0,0.0,0.0,0.0,0.0,0.0,0.0,0.0,0.0,0.0,0.0,0.0,0.0,0.062396740676600906,0.7242709749487295,1.0,0.0,0.0011654797683556817,0.026546197042147224,0.014705162146638407,1.0,1.0,1.0,1.0,1.0,0.0,1.0
0.0,0.0,0.0,0.0,0.0,0.0,0.0,0.0,0.0,0.0,0.0,0.0,0.0,0.0,0.0,0.0,0.0,0.062396740676600906,0.4561276548912798,1.0,0.0,0.0011654797683556817,0.026546197042147224,0.014705162146638407,1.0,1.0,1.0,1.0,1.0,0.0,1.0
0.0,0.0,0.0,0.0,0.0,0.0,0.0,0.0,0.0,0.0,0.0,0.0,0.0,0.0,0.0,0.0,0.0,0.062396740676600906,0.7240653036815545,1.0,0.0,0.0011654797683556817,0.026546197042147224,0.014705162146638407,1.0,1.0,1.0,1.0,1.0,0.0,1.0
0.0,0.0,0.0,0.0,0.0,0.0,0.0,0.0,0.0,0.0,0.0,0.0,0.0,0.0,0.0,0.0,0.0,0.062396740676600906,0.4341248343100239,1.0,0.0,0.0011654797683556817,0.026546197042147224,0.014705162146638407,1.0,1.0,1.0,1.0,1.0,0.0,1.0
0.0,0.0,0.0,0.0,0.0,0.0,0.0,0.0,0.0,0.0,0.0,0.0,0.0,0.0,0.0,0.0,0.0,0.062396740676600906,0.683889638169958,1.0,0.0,0.0011654797683556817,0.026546197042147224,0.014705162146638407,1.0,1.0,1.0,1.0,1.0,0.0,1.0
0.0,0.0,0.0,0.0,0.0,0.0,0.0,0.0,0.0,0.0,0.0,0.0,0.0,0.0,0.0,0.0,0.0,0.062396740676600906,0.42820307398958146,1.0,0.0,0.0011654797683556817,0.026546197042147224,0.014705162146638407,1.0,1.0,1.0,1.0,1.0,0.0,1.0
0.0,0.0,0.0,0.0,0.0,0.0,0.0,0.0,0.0,0.0,0.0,0.0,0.0,0.0,0.0,0.0,0.0,0.062396740676600906,0.67763325337783,1.0,0.0,0.0011654797683556817,0.026546197042147224,0.014705162146638407,1.0,1.0,1.0,1.0,1.0,0.0,1.0
0.0,0.0,0.0,0.0,0.0,0.0,0.0,0.0,0.0,0.0,0.0,0.0,0.0,0.0,0.0,0.0,0.0,0.062396740676600906,0.41624061447908023,1.0,0.0,0.0011654797683556817,0.026546197042147224,0.014705162146638407,1.0,1.0,1.0,1.0,1.0,0.0,1.0
0.0,0.0,0.0,0.0,0.0,0.0,0.0,0.0,0.0,0.0,0.0,0.0,0.0,0.0,0.0,0.0,0.0,0.062396740676600906,0.6491905988847,1.0,0.0,0.0011654797683556817,0.026546197042147224,0.014705162146638407,1.0,1.0,1.0,1.0,1.0,0.0,1.0
0.0,0.0,0.0,0.0,0.0,0.0,0.0,0.0,0.0,0.0,0.0,0.0,0.0,0.0,0.0,0.0,0.0,0.062396740676600906,0.3800342431869792,1.0,0.0,0.0011654797683556817,0.026546197042147224,0.014705162146638407,1.0,1.0,1.0,1.0,1.0,0.0,1.0
0.0,0.0,0.0,0.0,0.0,0.0,0.0,0.0,0.0,0.0,0.0,0.0,0.0,0.0,0.0,0.0,0.0,0.062396740676600906,0.645660951427601,1.0,0.0,0.0011654797683556817,0.026546197042147224,0.014705162146638407,1.0,1.0,1.0,1.0,1.0,0.0,1.0
0.0,0.0,0.0,0.0,0.0,0.0,0.0,0.0,0.0,0.0,0.0,0.0,0.0,0.0,0.0,0.0,0.0,0.062396740676600906,0.3522686584944754,1.0,0.0,0.0011654797683556817,0.026546197042147224,0.014705162146638407,1.0,1.0,1.0,1.0,1.0,0.0,1.0
0.0,0.0,0.0,0.0,0.0,0.0,0.0,0.0,0.0,0.0,0.0,0.0,0.0,0.0,0.0,0.0,0.0,0.062396740676600906,0.6361366250689793,1.0,0.0,0.0011654797683556817,0.026546197042147224,0.014705162146638407,1.0,1.0,1.0,1.0,1.0,0.0,1.0
0.0,0.0,0.0,0.07481684959753612,1.0,1.0,0.0,0.0,0.0,0.0,0.0,0.0,0.0,0.0,0.0,0.0,0.0,0.0,0.0,0.0,0.0,0.0011654797683556817,0.026546197042147224,0.014705162146638407,1.0,0.0,1.0,1.0,1.0,1.0,1.0
0.0,0.0,0.0,0.07481684959753612,0.0,0.0,0.0,0.0,0.0,0.0,0.0,0.0,0.0,0.0,0.0,0.0,0.0,0.0,0.0,0.0,0.0,0.0011654797683556817,0.026546197042147224,0.014705162146638407,1.0,0.0,1.0,1.0,1.0,1.0,1.0
0.0,0.0,0.0,0.07481684959753612,0.0,0.0,0.0,0.0,0.0,0.0,0.0,0.0,0.0,0.0,0.0,0.0,0.0,0.0,0.0,0.0,0.0,0.0011654797683556817,0.026546197042147224,0.014705162146638407,1.0,0.0,1.0,1.0,1.0,1.0,1.0
0.0,0.0,0.0,0.07481684959753612,0.0,0.0,0.0,0.0,0.0,0.0,0.0,0.0,0.0,0.0,0.0,0.0,0.0,0.0,0.0,0.0,0.0,0.0011654797683556817,0.026546197042147224,0.014705162146638407,1.0,0.0,1.0,1.0,1.0,1.0,1.0
0.0,0.0,0.0,0.07481684959753612,0.0,0.0,0.0,0.0,0.0,0.0,0.0,0.0,0.0,0.0,0.0,0.0,0.0,0.0,0.0,0.0,0.0,0.0011654797683556817,0.026546197042147224,0.014705162146638407,1.0,0.0,1.0,1.0,1.0,1.0,1.0
0.0,0.0,0.0,0.07481684959753612,0.0,0.0,0.0,0.0,0.0,0.0,0.0,0.0,0.0,0.0,0.0,0.0,0.0,0.0,0.0,0.0,0.0,0.0011654797683556817,0.026546197042147224,0.014705162146638407,1.0,0.0,1.0,1.0,1.0,1.0,1.0
0.0,0.0,0.0,0.07481684959753612,0.0,0.0,0.0,0.0,0.0,0.0,0.0,0.0,0.0,0.0,0.0,0.0,0.0,0.0,0.0,0.0,0.0,0.0011654797683556817,0.026546197042147224,0.014705162146638407,1.0,0.0,1.0,1.0,1.0,1.0,1.0
0.0,0.0,0.0,0.07481684959753612,0.0,0.0,0.0,0.0,0.0,0.0,0.0,0.0,0.0,0.0,0.0,0.0,0.0,0.0,0.0,0.0,0.0,0.0011654797683556817,0.026546197042147224,0.014705162146638407,1.0,0.0,1.0,1.0,1.0,1.0,1.0
0.0,0.0,0.0,0.07481684959753612,0.0,0.0,0.0,0.0,0.0,0.0,0.0,0.0,0.0,0.0,0.0,0.0,0.0,0.0,0.0,0.0,0.0,0.0011654797683556817,0.026546197042147224,0.014705162146638407,1.0,0.0,1.0,1.0,1.0,1.0,1.0
0.0,0.0,0.0,0.07481684959753612,0.0,0.0,0.0,0.0,0.0,0.0,0.0,0.0,0.0,0.0,0.0,0.0,0.0,0.0,0.0,0.0,0.0,0.0011654797683556817,0.026546197042147224,0.014705162146638407,1.0,0.0,1.0,1.0,1.0,1.0,1.0
0.0,0.0,0.0,0.07481684959753612,0.0,0.0,0.0,0.0,0.0,0.0,0.0,0.0,0.0,0.0,0.0,0.0,0.0,0.0,0.0,0.0,0.0,0.0011654797683556817,0.026546197042147224,0.014705162146638407,1.0,0.0,1.0,1.0,1.0,1.0,1.0
0.0,0.0,0.0,0.07481684959753612,0.0,0.0,0.0,0.0,0.0,0.0,0.0,0.0,0.0,0.0,0.0,0.0,0.0,0.0,0.0,0.0,0.0,0.0011654797683556817,0.026546197042147224,0.014705162146638407,1.0,0.0,1.0,1.0,1.0,1.0,1.0
0.0,0.0,0.0,0.07481684959753612,0.0,0.0,0.0,0.0,0.0,0.0,0.0,0.0,0.0,0.0,0.0,0.0,0.0,0.0,0.0,0.0,0.0,0.0011654797683556817,0.026546197042147224,0.014705162146638407,1.0,0.0,1.0,1.0,1.0,1.0,1.0
0.0,0.0,0.0,0.07481684959753612,0.0,0.0,0.0,0.0,0.0,0.0,0.0,0.0,0.0,0.0,0.0,0.0,0.0,0.0,0.0,0.0,0.0,0.0011654797683556817,0.026546197042147224,0.014705162146638407,1.0,0.0,1.0,1.0,1.0,1.0,1.0
0.0,0.0,0.0,0.07481684959753612,0.0,0.0,0.0,0.0,0.0,0.0,0.0,0.0,0.0,0.0,0.0,0.0,0.0,0.0,0.0,0.0,0.0,0.0011654797683556817,0.026546197042147224,0.014705162146638407,1.0,0.0,1.0,1.0,1.0,1.0,1.0
0.0,0.0,0.0,0.07481684959753612,0.0,0.0,0.0,0.0,0.0,0.0,0.0,0.0,0.0,0.0,0.0,0.0,0.0,0.0,0.0,0.0,0.0,0.0011654797683556817,0.026546197042147224,0.014705162146638407,1.0,0.0,1.0,1.0,1.0,1.0,1.0
0.0,0.0,0.0,0.07481684959753612,0.0,0.0,0.0,0.0,0.0,0.0,0.0,0.0,0.0,0.0,0.0,0.0,0.0,0.0,0.0,0.0,0.0,0.0011654797683556817,0.026546197042147224,0.014705162146638407,1.0,0.0,1.0,1.0,1.0,1.0,1.0
0.0,0.0,0.0,0.07481684959753612,1.0,1.0,0.0,0.0,0.0,0.0,0.0,0.0,0.0,0.0,0.0,0.0,0.0,0.0,0.0,0.0,0.0,0.0011654797683556817,0.026546197042147224,0.014705162146638407,1.0,0.0,1.0,1.0,1.0,1.0,1.0
0.0,0.0,0.0,0.07481684959753612,0.0,0.0,0.0,0.0,0.0,0.0,0.0,0.0,0.0,0.0,0.0,0.0,0.0,0.0,0.0,0.0,0.0,0.0011654797683556817,0.026546197042147224,0.014705162146638407,1.0,0.0,1.0,1.0,1.0,1.0,1.0
0.0,0.0,0.0,0.07481684959753612,0.0,0.0,0.0,0.0,0.0,0.0,0.0,0.0,0.0,0.0,0.0,0.0,0.0,0.0,0.0,0.0,0.0,0.0011654797683556817,0.026546197042147224,0.014705162146638407,1.0,0.0,1.0,1.0,1.0,1.0,1.0
0.0,0.0,0.0,0.9389227235823956,0.0,0.0,0.9556585483967948,0.02979330284351009,0.029976161845774566,0.9543503820566063,0.4659675474347819,0.481536865234375,0.6636346987363408,0.979917288528743,0.0,0.0,0.0,0.0,0.0,0.0,0.0,0.0011654797683556817,0.026546197042147224,0.014705162146638407,1.0,0.0,0.0,0.0,1.0,1.0,1.0
0.9371757952627663,0.3892857142857143,0.0,0.9389227235823956,0.0,0.0,0.0,0.0,0.0,0.0,0.0,0.0,0.0,0.0,0.0,0.0,0.0,0.0,0.0,0.0,0.9525105291225752,0.09278683729321446,0.4580607162401813,0.8172399003420673,0.0,0.0,1.0,1.0,1.0,1.0,0.0
0.9371757952627663,0.4678571428571428,1.0,0.0,0.0,0.0,0.0,0.0,0.0,0.0,0.0,0.0,0.0,0.0,0.9422753688906123,0.5,0.0,0.9412328658045935,0.3603054487091306,1.0,0.0,0.0011654797683556817,0.026546197042147224,0.014705162146638407,0.0,1.0,1.0,1.0,0.0,0.0,1.0
0.9371757952627663,0.5285714285714286,1.0,0.0,0.0,0.0,0.0,0.0,0.0,0.0,0.0,0.0,0.0,0.0,0.0,0.0,0.0,0.0,0.0,0.0,0.0,0.0011654797683556817,0.026546197042147224,0.014705162146638407,0.0,1.0,1.0,1.0,1.0,1.0,1.0
0.9371757952627663,0.9249999999999999,1.0,0.9389227235823956,0.0,0.0,0.9556585483967948,0.029996473054539185,0.02998646177890672,0.0,0.0,0.0,0.0,0.0,0.0,0.0,0.0,0.0,0.0,0.0,0.0,0.0011654797683556817,0.026546197042147224,0.014705162146638407,0.0,0.0,0.0,1.0,1.0,1.0,1.0
0.9371757952627663,0.14285714285714285,0.0,0.9389227235823956,0.0,0.0,0.0,0.0,0.0,0.0,0.0,0.0,0.0,0.0,0.0,0.0,0.0,0.0,0.0,0.0,0.9525105291225752,0.08390865959062899,0.4580607162401813,0.8172399003420673,0.0,0.0,1.0,1.0,1.0,1.0,0.0
0.9371757952627663,0.8964285714285715,1.0,0.9389227235823956,1.0,0.0,0.9556585483967948,0.028733504650384174,0.028354685029616227,0.9543503820566063,0.4659675474347819,0.481536865234375,0.6636346987363408,0.979917288528743,0.9422753688906123,0.5,0.0,0.9412328658045935,0.31904852330933897,1.0,0.0,0.0011654797683556817,0.026546197042147224,0.014705162146638407,0.0,0.0,0.0,0.0,0.0,0.0,1.0
0.9371757952627663,0.22857142857142856,0.0,0.9389227235823956,0.0,0.0,0.0,0.0,0.0,0.9543503820566063,0.4659675474347819,0.481536865234375,0.6636346987363408,0.979917288528743,0.0,0.0,0.0,0.0,0.0,0.0,0.9525105291225752,0.6715855026396328,0.5141119982163657,0.2178780780622639,0.0,0.0,1.0,0.0,1.0,1.0,0.0
0.9371757952627663,0.75,1.0,0.0,0.0,0.0,0.0,0.0,0.0,0.0,0.0,0.0,0.0,0.0,0.0,0.0,0.0,0.0,0.0,0.0,0.9525105291225752,0.33859111073455095,0.5725539152144009,0.870237204004231,0.0,1.0,1.0,1.0,1.0,1.0,0.0
0.9371757952627663,0.31785714285714284,0.0,0.0,0.0,0.0,0.0,0.0,0.0,0.0,0.0,0.0,0.0,0.0,0.0,0.0,0.0,0.0,0.0,0.0,0.0,0.0011654797683556817,0.026546197042147224,0.014705162146638407,0.0,1.0,1.0,1.0,1.0,1.0,1.0
0.9371757952627663,0.07142857142857142,0.0,0.0,0.0,0.0,0.0,0.0,0.0,0.0,0.0,0.0,0.0,0.0,0.0,0.0,0.0,0.0,0.0,0.0,0.0,0.0011654797683556817,0.026546197042147224,0.014705162146638407,0.0,1.0,1.0,1.0,1.0,1.0,1.0
0.9371757952627663,0.33214285714285713,0.0,0.9389227235823956,0.0,0.0,0.9556585483967948,0.0287491300002577,0.028372530698221442,0.0,0.0,0.0,0.0,0.0,0.0,0.0,0.0,0.0,0.0,0.0,0.0,0.0011654797683556817,0.026546197042147224,0.014705162146638407,0.0,0.0,0.0,1.0,1.0,1.0,1.0
0.0,0.0,0.0,0.9389227235823956,0.0,0.0,0.0,0.0,0.0,0.9543503820566063,0.4106180641418998,0.803802490234375,0.6004670044563825,0.7926414259335562,0.0,0.0,0.0,0.0,0.0,0.0,0.9525105291225752,0.6653082708952728,0.5141119982163657,0.2178780780622639,1.0,0.0,1.0,0.0,1.0,1.0,0.0
0.9371757952627663,0.5357142857142857,1.0,0.0,0.0,0.0,0.0,0.0,0.0,0.0,0.0,0.0,0.0,0.0,0.0,0.0,0.0,0.0,0.0,0.0,0.9525105291225752,0.32289774703709884,0.5725539152144009,0.870237204004231,0.0,1.0,1.0,1.0,1.0,1.0,0.0
0.9371757952627663,0.07142857142857142,0.0,0.9389227235823956,0.0,0.0,0.0,0.0,0.0,0.0,0.0,0.0,0.0,0.0,0.0,0.0,0.0,0.0,0.0,0.0,0.0,0.0011654797683556817,0.026546197042147224,0.014705162146638407,0.0,0.0,1.0,1.0,1.0,1.0,1.0
0.9371757952627663,0.5357142857142857,1.0,0.9389227235823956,0.0,0.0,0.9556585483967948,0.030232505591668554,0.03018546217280774,0.9543503820566063,0.4106180641418998,0.803802490234375,0.6004670044563825,0.7926414259335562,0.0,0.0,0.0,0.0,0.0,0.0,0.9525105291225752,0.07196556467125015,0.4580607162401813,0.8172399003420673,0.0,0.0,0.0,0.0,1.0,1.0,0.0
0.9371757952627663,0.7928571428571428,1.0,0.0,0.0,0.0,0.0,0.0,0.0,0.0,0.0,0.0,0.0,0.0,0.0,0.0,0.0,0.0,0.0,0.0,0.0,0.0011654797683556817,0.026546197042147224,0.014705162146638407,0.0,1.0,1.0,1.0,1.0,1.0,1.0
0.9371757952627663,0.6,1.0,0.0,0.0,0.0,0.0,0.0,0.0,0.0,0.0,0.0,0.0,0.0,0.0,0.0,0.0,0.0,0.0,0.0,0.0,0.0011654797683556817,0.026546197042147224,0.014705162146638407,0.0,1.0,1.0,1.0,1.0,1.0,1.0
0.9371757952627663,0.7749999999999999,1.0,0.9389227235823956,0.0,0.0,0.0,0.0,0.0,0.0,0.0,0.0,0.0,0.0,0.0,0.0,0.0,0.0,0.0,0.0,0.0,0.0011654797683556817,0.026546197042147224,0.014705162146638407,0.0,0.0,1.0,1.0,1.0,1.0,1.0
0.9371757952627663,0.7535714285714286,1.0,0.9389227235823956,0.0,0.0,0.9556585483967948,0.03026026696892059,0.03025999495530803,0.9543503820566063,0.06362290302391964,0.370025634765625,0.9554056528905439,0.4852965862442583,0.9422994034619396,0.5,0.0,0.0,0.0,0.0,0.9525105291225752,0.0836242819965638,0.4580607162401813,0.8172399003420673,0.0,0.0,0.0,0.0,0.0,1.0,0.0
0.0,0.0,0.0,0.0,0.0,0.0,0.0,0.0,0.0,0.0,0.0,0.0,0.0,0.0,0.9169909998541903,0.5,0.0,0.0,0.0,0.0,0.0,0.0011654797683556817,0.026546197042147224,0.014705162146638407,1.0,1.0,1.0,1.0,0.0,1.0,1.0
0.0,0.0,0.0,0.0,0.0,0.0,0.0,0.0,0.0,0.0,0.0,0.0,0.0,0.0,0.9169909998541903,0.5,0.0,0.0,0.0,0.0,0.0,0.0011654797683556817,0.026546197042147224,0.014705162146638407,1.0,1.0,1.0,1.0,0.0,1.0,1.0
0.0,0.0,0.0,0.0,0.0,0.0,0.0,0.0,0.0,0.0,0.0,0.0,0.0,0.0,0.9169909998541903,0.5,0.0,0.0,0.0,0.0,0.0,0.0011654797683556817,0.026546197042147224,0.014705162146638407,1.0,1.0,1.0,1.0,0.0,1.0,1.0
0.0,0.0,0.0,0.0,0.0,0.0,0.0,0.0,0.0,0.0,0.0,0.0,0.0,0.0,0.9169909998541903,0.5,0.0,0.0,0.0,0.0,0.0,0.0011654797683556817,0.026546197042147224,0.014705162146638407,1.0,1.0,1.0,1.0,0.0,1.0,1.0
0.0,0.0,0.0,0.0,0.0,0.0,0.0,0.0,0.0,0.0,0.0,0.0,0.0,0.0,0.9169909998541903,0.5,0.0,0.0,0.0,0.0,0.0,0.0011654797683556817,0.026546197042147224,0.014705162146638407,1.0,1.0,1.0,1.0,0.0,1.0,1.0
0.0,0.0,0.0,0.0,0.0,0.0,0.0,0.0,0.0,0.0,0.0,0.0,0.0,0.0,0.9170150344255177,1.0,1.0,0.0,0.0,0.0,0.0,0.0011654797683556817,0.026546197042147224,0.014705162146638407,1.0,1.0,1.0,1.0,0.0,1.0,1.0
0.0,0.0,0.0,0.0,0.0,0.0,0.0,0.0,0.0,0.0,0.0,0.0,0.0,0.0,0.9170150344255177,0.5,0.0,0.0,0.0,0.0,0.0,0.0011654797683556817,0.026546197042147224,0.014705162146638407,1.0,1.0,1.0,1.0,0.0,1.0,1.0
0.0,0.0,0.0,0.0,0.0,0.0,0.0,0.0,0.0,0.0,0.0,0.0,0.0,0.0,0.9170150344255177,0.5,0.0,0.0,0.0,0.0,0.0,0.0011654797683556817,0.026546197042147224,0.014705162146638407,1.0,1.0,1.0,1.0,0.0,1.0,1.0
0.0,0.0,0.0,0.0,0.0,0.0,0.0,0.0,0.0,0.0,0.0,0.0,0.0,0.0,0.9170150344255177,0.5,0.0,0.0,0.0,0.0,0.0,0.0011654797683556817,0.026546197042147224,0.014705162146638407,1.0,1.0,1.0,1.0,0.0,1.0,1.0
0.0,0.0,0.0,0.0,0.0,0.0,0.0,0.0,0.0,0.0,0.0,0.0,0.0,0.0,0.9170150344255177,0.5,0.0,0.0,0.0,0.0,0.0,0.0011654797683556817,0.026546197042147224,0.014705162146638407,1.0,1.0,1.0,1.0,0.0,1.0,1.0
0.0,0.0,0.0,0.0,0.0,0.0,0.0,0.0,0.0,0.0,0.0,0.0,0.0,0.0,0.9170150344255177,0.5,0.0,0.0,0.0,0.0,0.0,0.0011654797683556817,0.026546197042147224,0.014705162146638407,1.0,1.0,1.0,1.0,0.0,1.0,1.0
0.0,0.0,0.0,0.0,0.0,0.0,0.0,0.0,0.0,0.0,0.0,0.0,0.0,0.0,0.9170150344255177,1.0,1.0,0.0,0.0,0.0,0.0,0.0011654797683556817,0.026546197042147224,0.014705162146638407,1.0,1.0,1.0,1.0,0.0,1.0,1.0
0.0,0.0,0.0,0.0,0.0,0.0,0.0,0.0,0.0,0.0,0.0,0.0,0.0,0.0,0.9170150344255177,0.5,0.0,0.0,0.0,0.0,0.0,0.0011654797683556817,0.026546197042147224,0.014705162146638407,1.0,1.0,1.0,1.0,0.0,1.0,1.0
0.0,0.0,0.0,0.0,0.0,0.0,0.0,0.0,0.0,0.0,0.0,0.0,0.0,0.0,0.9170390689968451,0.5,0.0,0.0,0.0,0.0,0.0,0.0011654797683556817,0.026546197042147224,0.014705162146638407,1.0,1.0,1.0,1.0,0.0,1.0,1.0
0.0,0.0,0.0,0.0,0.0,0.0,0.0,0.0,0.0,0.0,0.0,0.0,0.0,0.0,0.9170390689968451,0.5,0.0,0.0,0.0,0.0,0.0,0.0011654797683556817,0.026546197042147224,0.014705162146638407,1.0,1.0,1.0,1.0,0.0,1.0,1.0
0.0,0.0,0.0,0.0,0.0,0.0,0.0,0.0,0.0,0.0,0.0,0.0,0.0,0.0,0.9170390689968451,1.0,1.0,0.0,0.0,0.0,0.0,0.0011654797683556817,0.026546197042147224,0.014705162146638407,1.0,1.0,1.0,1.0,0.0,1.0,1.0
0.0,0.0,0.0,0.0,0.0,0.0,0.0,0.0,0.0,0.0,0.0,0.0,0.0,0.0,0.9170390689968451,0.5,0.0,0.0,0.0,0.0,0.0,0.0011654797683556817,0.026546197042147224,0.014705162146638407,1.0,1.0,1.0,1.0,0.0,1.0,1.0
0.0,0.0,0.0,0.0,0.0,0.0,0.0,0.0,0.0,0.0,0.0,0.0,0.0,0.0,0.9170390689968451,1.0,1.0,0.0,0.0,0.0,0.0,0.0011654797683556817,0.026546197042147224,0.014705162146638407,1.0,1.0,1.0,1.0,0.0,1.0,1.0
0.0,0.0,0.0,0.0,0.0,0.0,0.0,0.0,0.0,0.0,0.0,0.0,0.0,0.0,0.9170390689968451,0.5,0.0,0.0,0.0,0.0,0.0,0.0011654797683556817,0.026546197042147224,0.014705162146638407,1.0,1.0,1.0,1.0,0.0,1.0,1.0
0.0,0.0,0.0,0.0,0.0,0.0,0.0,0.0,0.0,0.0,0.0,0.0,0.0,0.0,0.9170390689968451,0.5,0.0,0.0,0.0,0.0,0.0,0.0011654797683556817,0.026546197042147224,0.014705162146638407,1.0,1.0,1.0,1.0,0.0,1.0,1.0
0.937080177275748,0.7535714285714286,1.0,0.9388269273601196,0.0,0.0,0.0,0.0,0.0,0.0,0.0,0.0,0.0,0.0,0.0,0.0,0.0,0.0,0.0,0.0,0.0,0.0011654797683556817,0.026546197042147224,0.014705162146638407,0.0,0.0,1.0,1.0,1.0,1.0,1.0
0.937080177275748,0.47857142857142854,1.0,0.0,0.0,0.0,0.9555610446550887,0.02463289931652349,0.023708940193387023,0.9542530117842373,0.8689838347758392,0.7527008056640625,0.5896160185580855,0.7307146454241634,0.0,0.0,0.0,0.0,0.0,0.0,0.9524133465663581,0.38851638237699493,0.5466759463507486,0.8876055551635162,0.0,1.0,0.0,0.0,1.0,1.0,0.0
0.0,0.0,0.0,0.0,0.0,0.0,0.0,0.0,0.0,0.0,0.0,0.0,0.0,0.0,0.0,0.0,0.0,0.0,0.0,0.0,0.9524133465663581,0.6260746830383811,0.5213019106505163,0.30801670962900646,1.0,1.0,1.0,1.0,1.0,1.0,0.0
0.937080177275748,0.3571428571428571,0.0,0.9388269273601196,0.0,0.0,0.9555610446550887,0.025002638917555324,0.02529761104667753,0.9542530117842373,0.8168551846254827,0.420501708984375,0.6538672852695195,0.7847670497031849,0.9421792306053026,0.5,0.0,0.9411368338835829,0.3551929706906165,1.0,0.9524133465663581,0.14587526049131272,0.49060807554563074,0.8151921473339472,0.0,0.0,0.0,0.0,0.0,0.0,0.0
0.937080177275748,0.2571428571428571,0.0,0.0,0.0,0.0,0.0,0.0,0.0,0.0,0.0,0.0,0.0,0.0,0.9421792306053026,0.5,0.0,0.9411368338835829,0.46163927854443365,1.0,0.0,0.0011654797683556817,0.026546197042147224,0.014705162146638407,0.0,1.0,1.0,1.0,0.0,0.0,1.0
0.937080177275748,0.2857142857142857,0.0,0.0,0.0,0.0,0.0,0.0,0.0,0.0,0.0,0.0,0.0,0.0,0.0,0.0,0.0,0.0,0.0,0.0,0.0,0.0011654797683556817,0.026546197042147224,0.014705162146638407,0.0,1.0,1.0,1.0,1.0,1.0,1.0
0.937080177275748,0.7000000000000001,1.0,0.0,0.0,0.0,0.0,0.0,0.0,0.0,0.0,0.0,0.0,0.0,0.0,0.0,0.0,0.0,0.0,0.0,0.0,0.0011654797683556817,0.026546197042147224,0.014705162146638407,0.0,1.0,1.0,1.0,1.0,1.0,1.0
0.937080177275748,0.3571428571428571,0.0,0.0,0.0,0.0,0.0,0.0,0.0,0.0,0.0,0.0,0.0,0.0,0.0,0.0,0.0,0.0,0.0,0.0,0.0,0.0011654797683556817,0.026546197042147224,0.014705162146638407,0.0,1.0,1.0,1.0,1.0,1.0,1.0
0.937080177275748,0.5785714285714285,1.0,0.0,0.0,0.0,0.0,0.0,0.0,0.0,0.0,0.0,0.0,0.0,0.0,0.0,0.0,0.0,0.0,0.0,0.0,0.0011654797683556817,0.026546197042147224,0.014705162146638407,0.0,1.0,1.0,1.0,1.0,1.0,1.0
0.937080177275748,0.07142857142857142,0.0,0.0,0.0,0.0,0.0,0.0,0.0,0.0,0.0,0.0,0.0,0.0,0.0,0.0,0.0,0.0,0.0,0.0,0.9524133465663581,0.13587357615183948,0.49060807554563074,0.8151921473339472,0.0,1.0,1.0,1.0,1.0,1.0,0.0
0.0,0.0,0.0,0.0,0.0,0.0,0.0,0.0,0.0,0.0,0.0,0.0,0.0,0.0,0.0,0.0,0.0,0.0,0.0,0.0,0.9524133465663581,0.6308546063777204,0.5213019106505163,0.30801670962900646,1.0,1.0,1.0,1.0,1.0,1.0,0.0
0.937080177275748,0.8964285714285715,1.0,0.9388269273601196,0.0,0.0,0.9555610446550887,0.024803617334840565,0.023858434646084194,0.9542530117842373,0.8168551846254827,0.420501708984375,0.6538672852695195,0.7847670497031849,0.0,0.0,0.0,0.0,0.0,0.0,0.9524133465663581,0.37681973862692064,0.5466759463507486,0.8876055551635162,0.0,0.0,0.0,0.0,1.0,1.0,0.0
0.937080177275748,0.07142857142857142,0.0,0.9388269273601196,0.0,0.0,0.0,0.0,0.0,0.0,0.0,0.0,0.0,0.0,0.0,0.0,0.0,0.0,0.0,0.0,0.0,0.0011654797683556817,0.026546197042147224,0.014705162146638407,0.0,0.0,1.0,1.0,1.0,1.0,1.0
0.937080177275748,0.6785714285714285,1.0,0.9388269273601196,0.0,0.0,0.0,0.0,0.0,0.9542530117842373,0.6505014425058387,0.247528076171875,0.9790763689640437,0.9678462970593174,0.0,0.0,0.0,0.0,0.0,0.0,0.9524133465663581,0.6167515064829378,0.5213019106505163,0.30801670962900646,0.0,0.0,1.0,0.0,1.0,1.0,0.0
0.0,0.0,0.0,0.0,0.0,0.0,0.0,0.0,0.0,0.0,0.0,0.0,0.0,0.0,0.0,0.0,0.0,0.0,0.0,0.0,0.9524133465663581,0.3890518875901524,0.5466759463507486,0.8876055551635162,1.0,1.0,1.0,1.0,1.0,1.0,0.0
0.937080177275748,0.5892857142857143,1.0,0.9388269273601196,0.0,0.0,0.9555610446550887,0.024805733937814507,0.02388287132047851,0.0,0.0,0.0,0.0,0.0,0.0,0.0,0.0,0.0,0.0,0.0,0.9524133465663581,0.12486781506415612,0.49060807554563074,0.7876459934560606,0.0,0.0,0.0,1.0,1.0,1.0,0.0
0.937080177275748,0.425,0.0,0.9388269273601196,0.0,0.0,0.0,0.0,0.0,0.0,0.0,0.0,0.0,0.0,0.0,0.0,0.0,0.0,0.0,0.0,0.0,0.0011654797683556817,0.026546197042147224,0.014705162146638407,0.0,0.0,1.0,1.0,1.0,1.0,1.0
0.937080177275748,0.07142857142857142,0.0,0.9388269273601196,1.0,0.0,0.9555610446550887,0.025428480107516555,0.025480566887896756,0.0,0.0,0.0,0.0,0.0,0.0,0.0,0.0,0.0,0.0,0.0,0.0,0.0011654797683556817,0.026546197042147224,0.014705162146638407,0.0,0.0,0.0,1.0,1.0,1.0,1.0
0.937080177275748,0.40714285714285714,0.0,0.9388269273601196,0.0,0.0,0.0,0.0,0.0,0.9542530117842373,0.6505014425058387,0.247528076171875,0.9790763689640437,0.9678462970593174,0.9421792306053026,1.0,1.0,0.9411368338835829,0.3945887621423685,1.0,0.0,0.0011654797683556817,0.026546197042147224,0.014705162146638407,0.0,0.0,1.0,0.0,0.0,0.0,1.0
0.937080177275748,0.4464285714285714,1.0,0.0,0.0,0.0,0.0,0.0,0.0,0.0,0.0,0.0,0.0,0.0,0.9421792306053026,0.5,0.0,0.9411368338835829,0.2688206326684117,1.0,0.0,0.0011654797683556817,0.026546197042147224,0.014705162146638407,0.0,1.0,1.0,1.0,0.0,0.0,1.0
0.9213271139144888,0.37142857142857144,0.0,0.0,0.0,0.0,0.0,0.0,0.0,0.0,0.0,0.0,0.0,0.0,0.0,0.0,0.0,0.0,0.0,0.0,0.0,0.0011654797683556817,0.026546197042147224,0.014705162146638407,0.0,1.0,1.0,1.0,1.0,1.0,1.0
0.9213271139144888,0.7607142857142857,1.0,0.0,0.0,0.0,0.0,0.0,0.0,0.0,0.0,0.0,0.0,0.0,0.0,0.0,0.0,0.0,0.0,0.0,0.0,0.0011654797683556817,0.026546197042147224,0.014705162146638407,0.0,1.0,1.0,1.0,1.0,1.0,1.0
0.9213271139144888,0.44285714285714284,1.0,0.0,0.0,0.0,0.0,0.0,0.0,0.0,0.0,0.0,0.0,0.0,0.0,0.0,0.0,0.0,0.0,0.0,0.0,0.0011654797683556817,0.026546197042147224,0.014705162146638407,0.0,1.0,1.0,1.0,1.0,1.0,1.0
0.9213271139144888,0.3571428571428571,0.0,0.0,0.0,0.0,0.0,0.0,0.0,0.0,0.0,0.0,0.0,0.0,0.0,0.0,0.0,0.0,0.0,0.0,0.0,0.0011654797683556817,0.026546197042147224,0.014705162146638407,0.0,1.0,1.0,1.0,1.0,1.0,1.0
0.9213271139144888,0.11428571428571428,0.0,0.0,0.0,0.0,0.0,0.0,0.0,0.0,0.0,0.0,0.0,0.0,0.0,0.0,0.0,0.0,0.0,0.0,0.0,0.0011654797683556817,0.026546197042147224,0.014705162146638407,0.0,1.0,1.0,1.0,1.0,1.0,1.0
0.9213271139144888,0.14285714285714285,0.0,0.0,0.0,0.0,0.0,0.0,0.0,0.0,0.0,0.0,0.0,0.0,0.0,0.0,0.0,0.0,0.0,0.0,0.0,0.0011654797683556817,0.026546197042147224,0.014705162146638407,0.0,1.0,1.0,1.0,1.0,1.0,1.0
0.9213271139144888,0.5285714285714286,1.0,0.0,0.0,0.0,0.0,0.0,0.0,0.0,0.0,0.0,0.0,0.0,0.0,0.0,0.0,0.0,0.0,0.0,0.0,0.0011654797683556817,0.026546197042147224,0.014705162146638407,0.0,1.0,1.0,1.0,1.0,1.0,1.0
0.9213271139144888,0.8464285714285713,1.0,0.0,0.0,0.0,0.0,0.0,0.0,0.0,0.0,0.0,0.0,0.0,0.0,0.0,0.0,0.0,0.0,0.0,0.0,0.0011654797683556817,0.026546197042147224,0.014705162146638407,0.0,1.0,1.0,1.0,1.0,1.0,1.0
0.9213271139144888,0.4678571428571428,1.0,0.0,0.0,0.0,0.0,0.0,0.0,0.0,0.0,0.0,0.0,0.0,0.0,0.0,0.0,0.0,0.0,0.0,0.0,0.0011654797683556817,0.026546197042147224,0.014705162146638407,0.0,1.0,1.0,1.0,1.0,1.0,1.0
0.9213271139144888,0.4678571428571428,1.0,0.0,0.0,0.0,0.0,0.0,0.0,0.0,0.0,0.0,0.0,0.0,0.0,0.0,0.0,0.0,0.0,0.0,0.0,0.0011654797683556817,0.026546197042147224,0.014705162146638407,0.0,1.0,1.0,1.0,1.0,1.0,1.0
0.9213271139144888,0.3964285714285714,0.0,0.0,0.0,0.0,0.0,0.0,0.0,0.0,0.0,0.0,0.0,0.0,0.0,0.0,0.0,0.0,0.0,0.0,0.0,0.0011654797683556817,0.026546197042147224,0.014705162146638407,0.0,1.0,1.0,1.0,1.0,1.0,1.0
0.9213271139144888,0.8142857142857143,1.0,0.0,0.0,0.0,0.0,0.0,0.0,0.0,0.0,0.0,0.0,0.0,0.0,0.0,0.0,0.0,0.0,0.0,0.0,0.0011654797683556817,0.026546197042147224,0.014705162146638407,0.0,1.0,1.0,1.0,1.0,1.0,1.0
0.9213271139144888,0.3964285714285714,0.0,0.0,0.0,0.0,0.0,0.0,0.0,0.0,0.0,0.0,0.0,0.0,0.0,0.0,0.0,0.0,0.0,0.0,0.0,0.0011654797683556817,0.026546197042147224,0.014705162146638407,0.0,1.0,1.0,1.0,1.0,1.0,1.0
0.9213271139144888,0.7928571428571428,1.0,0.0,0.0,0.0,0.0,0.0,0.0,0.0,0.0,0.0,0.0,0.0,0.0,0.0,0.0,0.0,0.0,0.0,0.0,0.0011654797683556817,0.026546197042147224,0.014705162146638407,0.0,1.0,1.0,1.0,1.0,1.0,1.0
0.9213271139144888,0.21428571428571427,0.0,0.0,0.0,0.0,0.0,0.0,0.0,0.0,0.0,0.0,0.0,0.0,0.0,0.0,0.0,0.0,0.0,0.0,0.0,0.0011654797683556817,0.026546197042147224,0.014705162146638407,0.0,1.0,1.0,1.0,1.0,1.0,1.0
0.9213271139144888,0.16785714285714284,0.0,0.0,0.0,0.0,0.0,0.0,0.0,0.0,0.0,0.0,0.0,0.0,0.0,0.0,0.0,0.0,0.0,0.0,0.0,0.0011654797683556817,0.026546197042147224,0.014705162146638407,0.0,1.0,1.0,1.0,1.0,1.0,1.0
0.9213271139144888,0.3571428571428571,0.0,0.0,0.0,0.0,0.0,0.0,0.0,0.0,0.0,0.0,0.0,0.0,0.0,0.0,0.0,0.0,0.0,0.0,0.0,0.0011654797683556817,0.026546197042147224,0.014705162146638407,0.0,1.0,1.0,1.0,1.0,1.0,1.0
0.9213271139144888,0.49642857142857144,1.0,0.0,0.0,0.0,0.0,0.0,0.0,0.0,0.0,0.0,0.0,0.0,0.0,0.0,0.0,0.0,0.0,0.0,0.0,0.0011654797683556817,0.026546197042147224,0.014705162146638407,0.0,1.0,1.0,1.0,1.0,1.0,1.0
0.9213271139144888,0.5285714285714286,1.0,0.0,0.0,0.0,0.0,0.0,0.0,0.0,0.0,0.0,0.0,0.0,0.0,0.0,0.0,0.0,0.0,0.0,0.0,0.0011654797683556817,0.026546197042147224,0.014705162146638407,0.0,1.0,1.0,1.0,1.0,1.0,1.0
0.9213271139144888,0.2857142857142857,0.0,0.0,0.0,0.0,0.0,0.0,0.0,0.0,0.0,0.0,0.0,0.0,0.0,0.0,0.0,0.0,0.0,0.0,0.0,0.0011654797683556817,0.026546197042147224,0.014705162146638407,0.0,1.0,1.0,1.0,1.0,1.0,1.0
0.0,0.0,0.0,0.0,0.0,0.0,0.9366696946995342,0.16722351427462664,0.1608075156511151,0.0,0.0,0.0,0.0,0.0,0.9235524378265697,0.5,0.0,0.92253064918779,0.28519082547494135,1.0,0.9335842262993004,0.5841842173340716,0.5897563861389321,0.5875780064372967,1.0,1.0,0.0,1.0,0.0,0.0,0.0
0.9185541922909592,0.3642857142857142,0.0,0.0,0.0,0.0,0.0,0.0,0.0,0.0,0.0,0.0,0.0,0.0,0.0,0.0,0.0,0.92253064918779,0.40371102550471516,0.5,0.9335842262993004,0.3574808838426272,0.7489084500469898,0.10782540478429331,0.0,1.0,1.0,1.0,1.0,0.0,0.0
0.9185541922909592,0.6285714285714286,1.0,0.0,0.0,0.0,0.0,0.0,0.0,0.0,0.0,0.0,0.0,0.0,0.0,0.0,0.0,0.0,0.0,0.0,0.0,0.0011654797683556817,0.026546197042147224,0.014705162146638407,0.0,1.0,1.0,1.0,1.0,1.0,1.0
0.9185541922909592,0.7214285714285713,1.0,0.0,0.0,0.0,0.9366940706349607,0.1639667540900757,0.1650694374014746,0.0,0.0,0.0,0.0,0.0,0.9235764723978971,1.0,1.0,0.9225546571680426,0.27287335724678075,1.0,0.9336085219383548,0.5812739437418063,0.5897563861389321,0.5875780064372967,0.0,1.0,0.0,1.0,0.0,0.0,0.0
0.9185780967877137,0.40714285714285714,0.0,0.0,0.0,0.0,0.9366940706349607,0.1673024256064588,0.16081920434688854,0.0,0.0,0.0,0.0,0.0,0.9235764723978971,0.5,0.0,0.9225546571680426,0.3736052211555596,1.0,0.9336085219383548,0.3609279145825469,0.7489084500469898,0.10782540478429331,0.0,1.0,0.0,1.0,0.0,0.0,0.0
0.9185780967877137,0.43571428571428567,1.0,0.0,0.0,0.0,0.0,0.0,0.0,0.0,0.0,0.0,0.0,0.0,0.0,0.0,0.0,0.0,0.0,0.0,0.0,0.0011654797683556817,0.026546197042147224,0.014705162146638407,0.0,1.0,1.0,1.0,1.0,1.0,1.0
0.9185780967877137,0.9464285714285714,1.0,0.0,0.0,0.0,0.9366940706349607,0.16405377820663242,0.16528801346178046,0.0,0.0,0.0,0.0,0.0,0.0,0.0,0.0,0.9225546571680426,0.2415320111402366,1.0,0.9336085219383548,0.5741535726929018,0.5971379254835135,0.5867188946985635,0.0,1.0,0.0,1.0,1.0,0.0,0.0
0.9185780967877137,0.7107142857142856,1.0,0.0,0.0,0.0,0.9366940706349607,0.16744767193031243,0.16085972179220587,0.0,0.0,0.0,0.0,0.0,0.9235764723978971,1.0,1.0,0.9225546571680426,0.36860348192876957,1.0,0.9336085219383548,0.3483239591320474,0.7489084500469898,0.10782540478429331,0.0,1.0,0.0,1.0,0.0,0.0,0.0
0.9185780967877137,0.5499999999999999,1.0,0.0,0.0,0.0,0.0,0.0,0.0,0.0,0.0,0.0,0.0,0.0,0.0,0.0,0.0,0.0,0.0,0.0,0.0,0.0011654797683556817,0.026546197042147224,0.014705162146638407,0.0,1.0,1.0,1.0,1.0,1.0,1.0
0.9185780967877137,0.7214285714285713,1.0,0.0,0.0,0.0,0.9366940706349607,0.16415435596618594,0.16535934067358624,0.0,0.0,0.0,0.0,0.0,0.9235764723978971,1.0,1.0,0.9225546571680426,0.3058715055833452,1.0,0.9336085219383548,0.3422842882788979,0.7429374453702954,0.10782540478429331,0.0,1.0,0.0,1.0,0.0,0.0,0.0
0.9185780967877137,0.4178571428571428,0.0,0.0,0.0,0.0,0.0,0.0,0.0,0.0,0.0,0.0,0.0,0.0,0.0,0.0,0.0,0.0,0.0,0.0,0.0,0.0011654797683556817,0.026546197042147224,0.014705162146638407,0.0,1.0,1.0,1.0,1.0,1.0,1.0
0.9185780967877137,0.2857142857142857,0.0,0.0,0.0,0.0,0.0,0.0,0.0,0.0,0.0,0.0,0.0,0.0,0.0,0.0,0.0,0.0,0.0,0.0,0.0,0.0011654797683556817,0.026546197042147224,0.014705162146638407,0.0,1.0,1.0,1.0,1.0,1.0,1.0
0.9185780967877137,0.37857142857142856,0.0,0.0,0.0,0.0,0.9366940706349607,0.16430942327042403,0.16567310506499822,0.0,0.0,0.0,0.0,0.0,0.9235764723978971,1.0,1.0,0.0,0.0,0.0,0.9336085219383548,0.5865378919466554,0.5783380000919375,0.572515118317998,0.0,1.0,0.0,1.0,0.0,1.0,0.0
0.0,0.0,0.0,0.0,0.0,0.0,0.9366940706349607,0.16769761620723342,0.16100753636304185,0.0,0.0,0.0,0.0,0.0,0.0,0.0,0.0,0.9225546571680426,0.16167518382727186,1.0,0.0,0.0011654797683556817,0.026546197042147224,0.014705162146638407,1.0,1.0,0.0,1.0,1.0,0.0,1.0
0.0,0.0,0.0,0.0,0.0,0.0,0.0,0.0,0.0,0.0,0.0,0.0,0.0,0.0,0.9235764723978971,0.5,0.0,0.9225546571680426,0.23336621042874395,1.0,0.9336085219383548,0.31607535347179505,0.7585304301475301,0.10782540478429331,1.0,1.0,1.0,1.0,0.0,0.0,0.0
0.9185780967877137,0.9785714285714284,1.0,0.0,0.0,0.0,0.0,0.0,0.0,0.0,0.0,0.0,0.0,0.0,0.9235764723978971,0.5,0.0,0.0,0.0,0.0,0.0,0.0011654797683556817,0.026546197042147224,0.014705162146638407,0.0,1.0,1.0,1.0,0.0,1.0,1.0
0.9185780967877137,0.7928571428571428,1.0,0.0,0.0,0.0,0.0,0.0,0.0,0.0,0.0,0.0,0.0,0.0,0.0,0.0,0.0,0.0,0.0,0.0,0.0,0.0011654797683556817,0.026546197042147224,0.014705162146638407,0.0,1.0,1.0,1.0,1.0,1.0,1.0
0.9185780967877137,0.8464285714285713,1.0,0.0,0.0,0.0,0.9366940706349607,0.1644098906702469,0.1657442408218343,0.0,0.0,0.0,0.0,0.0,0.0,0.0,0.0,0.0,0.0,0.0,0.9336085219383548,0.5958902875303579,0.5783380000919375,0.5245063252522315,0.0,1.0,0.0,1.0,1.0,1.0,0.0
0.0,0.0,0.0,0.0,0.0,0.0,0.9366940706349607,0.16788321285757568,0.16101502037369633,0.0,0.0,0.0,0.0,0.0,0.0,0.0,0.0,0.9225546571680426,0.09094020064232877,0.5,0.9336085219383548,0.3045620050147362,0.7585304301475301,0.10782540478429331,1.0,1.0,0.0,1.0,1.0,0.0,0.0
0.9185780967877137,0.8857142857142857,1.0,0.0,0.0,0.0,0.0,0.0,0.0,0.0,0.0,0.0,0.0,0.0,0.9235764723978971,0.5,0.0,0.9225546571680426,0.2120006833137551,1.0,0.0,0.0011654797683556817,0.026546197042147224,0.014705162146638407,0.0,1.0,1.0,1.0,0.0,0.0,1.0
0.8726575585221922,0.4035714285714286,0.0,0.0,0.0,0.0,0.0,0.0,0.0,0.0,0.0,0.0,0.0,0.0,0.0,0.0,0.0,0.876435327102729,0.4481258111769275,1.0,0.8869365993151059,0.3432278453380927,0.7549599291817163,0.3303336758823937,0.0,1.0,1.0,1.0,1.0,0.0,0.0
0.0,0.0,0.0,0.8742842226016817,0.0,0.0,0.0,0.0,0.0,0.0,0.0,0.0,0.0,0.0,0.0,0.0,0.0,0.876435327102729,0.42817465608628247,1.0,0.8869365993151059,0.5920082875318834,0.34432200747231345,0.20342499110057263,1.0,0.0,1.0,1.0,1.0,0.0,0.0
0.0,0.0,0.0,0.8742842226016817,1.0,0.0,0.8898678986806119,0.05862817619513287,0.057977592809075565,0.0,0.0,0.0,0.0,0.0,0.0,0.0,0.0,0.876435327102729,0.3217561450141937,1.0,0.0,0.0011654797683556817,0.026546197042147224,0.014705162146638407,1.0,0.0,0.0,1.0,1.0,0.0,1.0
0.0,0.0,0.0,0.0,0.0,0.0,0.0,0.0,0.0,0.0,0.0,0.0,0.0,0.0,0.0,0.0,0.0,0.876435327102729,0.7787841224422647,1.0,0.0,0.0011654797683556817,0.026546197042147224,0.014705162146638407,1.0,1.0,1.0,1.0,1.0,0.0,1.0
0.0,0.0,0.0,0.0,0.0,0.0,0.0,0.0,0.0,0.0,0.0,0.0,0.0,0.0,0.0,0.0,0.0,0.876435327102729,0.21298595400136833,1.0,0.8869365993151059,0.47949467897024733,0.5530687280150811,0.9441106285451716,1.0,1.0,1.0,1.0,1.0,0.0,0.0
0.0,0.0,0.0,0.0,0.0,0.0,0.0,0.0,0.0,0.0,0.0,0.0,0.0,0.0,0.0,0.0,0.0,0.0,0.0,0.0,0.8869365993151059,0.4894011522629783,0.3741464727297428,0.8667304265603181,1.0,1.0,1.0,1.0,1.0,1.0,0.0
0.0,0.0,0.0,0.0,0.0,0.0,0.0,0.0,0.0,0.0,0.0,0.0,0.0,0.0,0.0,0.0,0.0,0.0,0.0,0.0,0.8869365993151059,0.21790217750457697,0.4283227066079307,0.5063915892139531,1.0,1.0,1.0,1.0,1.0,1.0,0.0
0.0,0.0,0.0,0.0,0.0,0.0,0.8898678986806119,0.09827190059752472,0.09430919467769115,0.0,0.0,0.0,0.0,0.0,0.0,0.0,0.0,0.0,0.0,0.0,0.8869365993151059,0.8297545336694164,0.6232738289860363,0.23870201510672703,1.0,1.0,0.0,1.0,1.0,1.0,0.0
0.0,0.0,0.0,0.0,0.0,0.0,0.8898678986806119,0.12341896122971799,0.12630306930298602,0.0,0.0,0.0,0.0,0.0,0.0,0.0,0.0,0.0,0.0,0.0,0.0,0.0011654797683556817,0.026546197042147224,0.014705162146638407,1.0,1.0,0.0,1.0,1.0,1.0,1.0
0.0,0.0,0.0,0.0,0.0,0.0,0.8898678986806119,0.15960251422207025,0.1610814056998729,0.0,0.0,0.0,0.0,0.0,0.8774060608779669,0.5,0.0,0.0,0.0,0.0,0.0,0.0011654797683556817,0.026546197042147224,0.014705162146638407,1.0,1.0,0.0,1.0,0.0,1.0,1.0
0.8726575585221922,0.2857142857142857,0.0,0.8742842226016817,0.0,0.0,0.8898678986806119,0.058178409600612394,0.061261862299343356,0.8886497907756272,0.7805712017829066,0.041412353515625,0.017917099078200355,0.24212180866486596,0.8774060608779669,1.0,1.0,0.876435327102729,0.2793231027311225,1.0,0.8869365993151059,0.6006542748894338,0.3348335138013625,0.514766789841005,0.0,0.0,0.0,0.0,0.0,0.0,0.0
0.0,0.0,0.0,0.0,0.0,0.0,0.0,0.0,0.0,0.8886497907756272,0.005006792752362198,0.9822845458984375,0.9127037421402845,0.7593737124021426,0.0,0.0,0.0,0.876435327102729,0.17801318925918652,1.0,0.0,0.0011654797683556817,0.026546197042147224,0.014705162146638407,1.0,1.0,1.0,0.0,1.0,0.0,1.0
0.0,0.0,0.0,0.8742842226016817,0.0,0.0,0.0,0.0,0.0,0.8886497907756272,0.005006792752362198,0.9822845458984375,0.9127037421402845,0.7593737124021426,0.0,0.0,0.0,0.0,0.0,0.0,0.0,0.0011654797683556817,0.026546197042147224,0.014705162146638407,1.0,0.0,1.0,0.0,1.0,1.0,1.0
0.8726575585221922,0.6607142857142857,1.0,0.8742842226016817,0.0,0.0,0.0,0.0,0.0,0.0,0.0,0.0,0.0,0.0,0.0,0.0,0.0,0.876435327102729,0.38333293800112456,1.0,0.8869365993151059,0.5926808879449533,0.34432200747231345,0.20342499110057263,0.0,0.0,1.0,1.0,1.0,0.0,0.0
0.8726575585221922,0.5285714285714286,1.0,0.0,0.0,0.0,0.0,0.0,0.0,0.0,0.0,0.0,0.0,0.0,0.0,0.0,0.0,0.876435327102729,0.43640560635751546,1.0,0.8869365993151059,0.3496919541623619,0.7549599291817163,0.359654651714261,0.0,1.0,1.0,1.0,1.0,0.0,0.0
0.0,0.0,0.0,0.0,0.0,0.0,0.0,0.0,0.0,0.0,0.0,0.0,0.0,0.0,0.0,0.0,0.0,0.876435327102729,0.7677261223382819,1.0,0.8869365993151059,0.4803673328029324,0.5653059673358373,0.9441106285451716,1.0,1.0,1.0,1.0,1.0,0.0,0.0
0.0,0.0,0.0,0.0,0.0,0.0,0.8898678986806119,0.058684048161692155,0.05805215750684099,0.0,0.0,0.0,0.0,0.0,0.0,0.0,0.0,0.876435327102729,0.2108283349923905,1.0,0.8869365993151059,0.48415458765947716,0.3741464727297428,0.8667304265603181,1.0,1.0,0.0,1.0,1.0,0.0,0.0
0.0,0.0,0.0,0.0,0.0,0.0,0.0,0.0,0.0,0.0,0.0,0.0,0.0,0.0,0.0,0.0,0.0,0.876435327102729,0.31302849482688666,1.0,0.8869365993151059,0.20476486381172376,0.4283227066079307,0.5063915892139531,1.0,1.0,1.0,1.0,1.0,0.0,0.0
0.0,0.0,0.0,0.0,0.0,0.0,0.8898678986806119,0.15961564510408366,0.16125438002818981,0.0,0.0,0.0,0.0,0.0,0.0,0.0,0.0,0.876435327102729,0.2641717004970232,1.0,0.8869365993151059,0.8307661699612557,0.6232738289860363,0.2643906449069959,1.0,1.0,0.0,1.0,1.0,0.0,0.0
0.0,0.0,0.0,0.0,0.0,0.0,0.8898678986806119,0.12349073800664095,0.12636428388013757,0.0,0.0,0.0,0.0,0.0,0.8774060608779669,1.0,1.0,0.0,0.0,0.0,0.0,0.0011654797683556817,0.026546197042147224,0.014705162146638407,1.0,1.0,0.0,1.0,0.0,1.0,1.0
0.0,0.0,0.0,0.0,0.0,0.0,0.0,0.0,0.0,0.0,0.0,0.0,0.0,0.0,0.8961530265133367,1.0,1.0,0.0,0.0,0.0,0.0,0.0011654797683556817,0.026546197042147224,0.014705162146638407,1.0,1.0,1.0,1.0,0.0,1.0,1.0
0.0,0.0,0.0,0.0,0.0,0.0,0.0,0.0,0.0,0.0,0.0,0.0,0.0,0.0,0.8961530265133367,0.5,0.0,0.0,0.0,0.0,0.0,0.0011654797683556817,0.026546197042147224,0.014705162146638407,1.0,1.0,1.0,1.0,0.0,1.0,1.0
0.0,0.0,0.0,0.0,0.0,0.0,0.0,0.0,0.0,0.0,0.0,0.0,0.0,0.0,0.8961530265133367,1.0,1.0,0.0,0.0,0.0,0.0,0.0011654797683556817,0.026546197042147224,0.014705162146638407,1.0,1.0,1.0,1.0,0.0,1.0,1.0
0.0,0.0,0.0,0.0,0.0,0.0,0.0,0.0,0.0,0.0,0.0,0.0,0.0,0.0,0.8961530265133367,0.5,0.0,0.0,0.0,0.0,0.0,0.0011654797683556817,0.026546197042147224,0.014705162146638407,1.0,1.0,1.0,1.0,0.0,1.0,1.0
0.0,0.0,0.0,0.0,0.0,0.0,0.0,0.0,0.0,0.0,0.0,0.0,0.0,0.0,0.8961530265133367,0.5,0.0,0.0,0.0,0.0,0.0,0.0011654797683556817,0.026546197042147224,0.014705162146638407,1.0,1.0,1.0,1.0,0.0,1.0,1.0
0.0,0.0,0.0,0.0,0.0,0.0,0.0,0.0,0.0,0.0,0.0,0.0,0.0,0.0,0.8961530265133367,1.0,1.0,0.0,0.0,0.0,0.0,0.0011654797683556817,0.026546197042147224,0.014705162146638407,1.0,1.0,1.0,1.0,0.0,1.0,1.0
0.0,0.0,0.0,0.0,0.0,0.0,0.0,0.0,0.0,0.0,0.0,0.0,0.0,0.0,0.8961530265133367,0.5,0.0,0.0,0.0,0.0,0.0,0.0011654797683556817,0.026546197042147224,0.014705162146638407,1.0,1.0,1.0,1.0,0.0,1.0,1.0
0.0,0.0,0.0,0.0,0.0,0.0,0.0,0.0,0.0,0.0,0.0,0.0,0.0,0.0,0.8961530265133367,0.5,0.0,0.0,0.0,0.0,0.0,0.0011654797683556817,0.026546197042147224,0.014705162146638407,1.0,1.0,1.0,1.0,0.0,1.0,1.0
0.0,0.0,0.0,0.0,0.0,0.0,0.0,0.0,0.0,0.0,0.0,0.0,0.0,0.0,0.8961770610846642,0.5,0.0,0.0,0.0,0.0,0.0,0.0011654797683556817,0.026546197042147224,0.014705162146638407,1.0,1.0,1.0,1.0,0.0,1.0,1.0
0.0,0.0,0.0,0.0,0.0,0.0,0.0,0.0,0.0,0.0,0.0,0.0,0.0,0.0,0.8961770610846642,0.5,0.0,0.0,0.0,0.0,0.0,0.0011654797683556817,0.026546197042147224,0.014705162146638407,1.0,1.0,1.0,1.0,0.0,1.0,1.0
0.0,0.0,0.0,0.0,0.0,0.0,0.0,0.0,0.0,0.0,0.0,0.0,0.0,0.0,0.8961770610846642,1.0,1.0,0.0,0.0,0.0,0.0,0.0011654797683556817,0.026546197042147224,0.014705162146638407,1.0,1.0,1.0,1.0,0.0,1.0,1.0
0.0,0.0,0.0,0.0,0.0,0.0,0.0,0.0,0.0,0.0,0.0,0.0,0.0,0.0,0.8961770610846642,0.5,0.0,0.0,0.0,0.0,0.0,0.0011654797683556817,0.026546197042147224,0.014705162146638407,1.0,1.0,1.0,1.0,0.0,1.0,1.0
0.0,0.0,0.0,0.0,0.0,0.0,0.0,0.0,0.0,0.0,0.0,0.0,0.0,0.0,0.8961770610846642,0.5,0.0,0.0,0.0,0.0,0.0,0.0011654797683556817,0.026546197042147224,0.014705162146638407,1.0,1.0,1.0,1.0,0.0,1.0,1.0
0.0,0.0,0.0,0.0,0.0,0.0,0.0,0.0,0.0,0.0,0.0,0.0,0.0,0.0,0.8961770610846642,0.5,0.0,0.0,0.0,0.0,0.0,0.0011654797683556817,0.026546197042147224,0.014705162146638407,1.0,1.0,1.0,1.0,0.0,1.0,1.0
0.0,0.0,0.0,0.0,0.0,0.0,0.0,0.0,0.0,0.0,0.0,0.0,0.0,0.0,0.8961770610846642,1.0,1.0,0.0,0.0,0.0,0.0,0.0011654797683556817,0.026546197042147224,0.014705162146638407,1.0,1.0,1.0,1.0,0.0,1.0,1.0
0.0,0.0,0.0,0.0,0.0,0.0,0.0,0.0,0.0,0.0,0.0,0.0,0.0,0.0,0.8961770610846642,0.5,0.0,0.0,0.0,0.0,0.0,0.0011654797683556817,0.026546197042147224,0.014705162146638407,1.0,1.0,1.0,1.0,0.0,1.0,1.0
0.0,0.0,0.0,0.0,0.0,0.0,0.0,0.0,0.0,0.0,0.0,0.0,0.0,0.0,0.8961770610846642,0.5,0.0,0.0,0.0,0.0,0.0,0.0011654797683556817,0.026546197042147224,0.014705162146638407,1.0,1.0,1.0,1.0,0.0,1.0,1.0
0.0,0.0,0.0,0.0,0.0,0.0,0.0,0.0,0.0,0.0,0.0,0.0,0.0,0.0,0.8961770610846642,1.0,1.0,0.0,0.0,0.0,0.0,0.0011654797683556817,0.026546197042147224,0.014705162146638407,1.0,1.0,1.0,1.0,0.0,1.0,1.0
0.0,0.0,0.0,0.0,0.0,0.0,0.0,0.0,0.0,0.0,0.0,0.0,0.0,0.0,0.8961770610846642,1.0,1.0,0.0,0.0,0.0,0.0,0.0011654797683556817,0.026546197042147224,0.014705162146638407,1.0,1.0,1.0,1.0,0.0,1.0,1.0
0.0,0.0,0.0,0.0,0.0,0.0,0.0,0.0,0.0,0.0,0.0,0.0,0.0,0.0,0.8961770610846642,0.5,0.0,0.0,0.0,0.0,0.0,0.0011654797683556817,0.026546197042147224,0.014705162146638407,1.0,1.0,1.0,1.0,0.0,1.0,1.0
0.8844902844157024,0.825,1.0,0.0,0.0,0.0,0.0,0.0,0.0,0.0,0.0,0.0,0.0,0.0,0.0,0.0,0.0,0.0,0.0,0.0,0.8989629406469686,0.6576014534086801,0.41847021569031795,0.7240874257466157,0.0,1.0,1.0,1.0,1.0,1.0,0.0
0.0,0.0,0.0,0.0,0.0,0.0,0.0,0.0,0.0,0.0,0.0,0.0,0.0,0.0,0.0,0.0,0.0,0.0,0.0,0.0,0.8989629406469686,0.6466757399554987,0.6117300967543923,0.16715566447719404,1.0,1.0,1.0,1.0,1.0,1.0,0.0
0.8844902844157024,0.14285714285714285,0.0,0.0,0.0,0.0,0.0,0.0,0.0,0.0,0.0,0.0,0.0,0.0,0.0,0.0,0.0,0.0,0.0,0.0,0.8989629406469686,0.8310012417584661,0.6663962507076223,0.8224552838843958,0.0,1.0,1.0,1.0,1.0,1.0,0.0
0.8844902844157024,0.9142857142857143,1.0,0.8861390051083335,1.0,0.0,0.0,0.0,0.0,0.0,0.0,0.0,0.0,0.0,0.0,0.0,0.0,0.0,0.0,0.0,0.0,0.0011654797683556817,0.026546197042147224,0.014705162146638407,0.0,0.0,1.0,1.0,1.0,1.0,1.0
0.0,0.0,0.0,0.8861390051083335,0.0,0.0,0.0,0.0,0.0,0.0,0.0,0.0,0.0,0.0,0.8893031736850285,0.5,0.0,0.0,0.0,0.0,0.0,0.0011654797683556817,0.026546197042147224,0.014705162146638407,1.0,0.0,1.0,1.0,0.0,1.0,1.0
0.8844902844157024,0.9678571428571429,1.0,0.8861390051083335,0.0,0.0,0.0,0.0,0.0,0.0,0.0,0.0,0.0,0.0,0.0,0.0,0.0,0.0,0.0,0.0,0.0,0.0011654797683556817,0.026546197042147224,0.014705162146638407,0.0,0.0,1.0,1.0,1.0,1.0,1.0
0.8844902844157024,0.3285714285714285,0.0,0.8861390051083335,0.0,0.0,0.0,0.0,0.0,0.0,0.0,0.0,0.0,0.0,0.8893031736850285,1.0,1.0,0.0,0.0,0.0,0.8989629406469686,0.6317706317129778,0.6117300967543923,0.13276602331599346,0.0,0.0,1.0,1.0,0.0,1.0,0.0
0.0,0.0,0.0,0.0,0.0,0.0,0.0,0.0,0.0,0.0,0.0,0.0,0.0,0.0,0.8893031736850285,0.5,0.0,0.0,0.0,0.0,0.8989629406469686,0.8300526273829701,0.6663962507076223,0.8224552838843958,1.0,1.0,1.0,1.0,0.0,1.0,0.0
0.8844902844157024,0.5464285714285714,1.0,0.0,0.0,0.0,0.0,0.0,0.0,0.0,0.0,0.0,0.0,0.0,0.0,0.0,0.0,0.0,0.0,0.0,0.8989629406469686,0.6426013041960149,0.41847021569031795,0.7240874257466157,0.0,1.0,1.0,1.0,1.0,1.0,0.0
0.8844902844157024,0.14285714285714285,0.0,0.8861390051083335,0.0,0.0,0.0,0.0,0.0,0.0,0.0,0.0,0.0,0.0,0.0,0.0,0.0,0.0,0.0,0.0,0.0,0.0011654797683556817,0.026546197042147224,0.014705162146638407,0.0,0.0,1.0,1.0,1.0,1.0,1.0
0.0,0.0,0.0,0.8861390051083335,0.0,0.0,0.0,0.0,0.0,0.0,0.0,0.0,0.0,0.0,0.8893031736850285,0.5,0.0,0.0,0.0,0.0,0.8989629406469686,0.6484222752587089,0.41847021569031795,0.7240874257466157,1.0,0.0,1.0,1.0,0.0,1.0,0.0
0.0,0.0,0.0,0.0,0.0,0.0,0.0,0.0,0.0,0.0,0.0,0.0,0.0,0.0,0.8893031736850285,0.5,0.0,0.0,0.0,0.0,0.8989629406469686,0.8356328179190807,0.6663962507076223,0.8224552838843958,1.0,1.0,1.0,1.0,0.0,1.0,0.0
0.0,0.0,0.0,0.0,0.0,0.0,0.0,0.0,0.0,0.0,0.0,0.0,0.0,0.0,0.8893272082563559,1.0,1.0,0.0,0.0,0.0,0.8989629406469686,0.635370231339926,0.6117300967543923,0.13276602331599346,1.0,1.0,1.0,1.0,0.0,1.0,0.0
0.0,0.0,0.0,0.0,0.0,0.0,0.0,0.0,0.0,0.0,0.0,0.0,0.0,0.0,0.8893272082563559,1.0,1.0,0.0,0.0,0.0,0.8989872362860228,0.6263955555244488,0.6117300967543923,0.13276602331599346,1.0,1.0,1.0,1.0,0.0,1.0,0.0
0.0,0.0,0.0,0.0,0.0,0.0,0.0,0.0,0.0,0.0,0.0,0.0,0.0,0.0,0.0,0.0,0.0,0.0,0.0,0.0,0.8989872362860228,0.8306885638124394,0.6663962507076223,0.8224552838843958,1.0,1.0,1.0,1.0,1.0,1.0,0.0
0.884514188912457,0.6428571428571428,1.0,0.8861629541639026,0.0,0.0,0.0,0.0,0.0,0.0,0.0,0.0,0.0,0.0,0.0,0.0,0.0,0.0,0.0,0.0,0.8989872362860228,0.6456943638365004,0.41847021569031795,0.7240874257466157,0.0,0.0,1.0,1.0,1.0,1.0,0.0
0.884514188912457,0.875,1.0,0.8861629541639026,0.0,0.0,0.0,0.0,0.0,0.0,0.0,0.0,0.0,0.0,0.0,0.0,0.0,0.0,0.0,0.0,0.8989872362860228,0.6198110853302096,0.6244569143513208,0.13276602331599346,0.0,0.0,1.0,1.0,1.0,1.0,0.0
0.0,0.0,0.0,0.0,0.0,0.0,0.0,0.0,0.0,0.0,0.0,0.0,0.0,0.0,0.0,0.0,0.0,0.0,0.0,0.0,0.8989872362860228,0.8267300966530239,0.6663962507076223,0.8224552838843958,1.0,1.0,1.0,1.0,1.0,1.0,0.0
0.884514188912457,0.9892857142857142,1.0,0.8861629541639026,0.0,0.0,0.0,0.0,0.0,0.0,0.0,0.0,0.0,0.0,0.0,0.0,0.0,0.0,0.0,0.0,0.8989872362860228,0.6506916165035127,0.41488610577591634,0.7240874257466157,0.0,0.0,1.0,1.0,1.0,1.0,0.0
0.884514188912457,0.3428571428571428,0.0,0.8861629541639026,0.0,0.0,0.0,0.0,0.0,0.0,0.0,0.0,0.0,0.0,0.8893272082563559,0.5,0.0,0.0,0.0,0.0,0.8989872362860228,0.8227576809142133,0.6596206190882787,0.8224552838843958,0.0,0.0,1.0,1.0,0.0,1.0,0.0
0.01809570404320658,0.14285714285714285,0.0,0.0,0.0,0.0,0.01845258311787715,0.0019509147956727044,0.001975236253281134,0.0,0.0,0.0,0.0,0.0,0.0,0.0,0.0,0.0,0.0,0.0,0.0,0.0011654797683556817,0.026546197042147224,0.014705162146638407,0.0,1.0,0.0,1.0,1.0,1.0,1.0
0.0,0.0,0.0,0.0,0.0,0.0,0.01845258311787715,0.0018520489582822793,0.0019201288259915045,0.0,0.0,0.0,0.0,0.0,0.018194170494839776,0.5,0.0,0.0,0.0,0.0,0.0,0.0011654797683556817,0.026546197042147224,0.014705162146638407,1.0,1.0,0.0,1.0,0.0,1.0,1.0
0.0,0.0,0.0,0.0,0.0,0.0,0.0,0.0,0.0,0.0,0.0,0.0,0.0,0.0,0.018194170494839776,1.0,1.0,0.0,0.0,0.0,0.0,0.0011654797683556817,0.026546197042147224,0.014705162146638407,1.0,1.0,1.0,1.0,0.0,1.0,1.0
0.0,0.0,0.0,0.0,0.0,0.0,0.0,0.0,0.0,0.0,0.0,0.0,0.0,0.0,0.018194170494839776,0.5,0.0,0.0,0.0,0.0,0.0,0.0011654797683556817,0.026546197042147224,0.014705162146638407,1.0,1.0,1.0,1.0,0.0,1.0,1.0
0.01809570404320658,0.6392857142857142,1.0,0.0,0.0,0.0,0.01845258311787715,0.0018169201623653858,0.0018310536506032857,0.0,0.0,0.0,0.0,0.0,0.018194170494839776,1.0,1.0,0.0,0.0,0.0,0.0,0.0011654797683556817,0.026546197042147224,0.014705162146638407,0.0,1.0,0.0,1.0,0.0,1.0,1.0
0.01809570404320658,0.3,0.0,0.0,0.0,0.0,0.0,0.0,0.0,0.0,0.0,0.0,0.0,0.0,0.0,0.0,0.0,0.0,0.0,0.0,0.0,0.0011654797683556817,0.026546197042147224,0.014705162146638407,0.0,1.0,1.0,1.0,1.0,1.0,1.0
0.01809570404320658,0.3892857142857143,0.0,0.0,0.0,0.0,0.0,0.0,0.0,0.0,0.0,0.0,0.0,0.0,0.0,0.0,0.0,0.0,0.0,0.0,0.0,0.0011654797683556817,0.026546197042147224,0.014705162146638407,0.0,1.0,1.0,1.0,1.0,1.0,1.0
0.01809570404320658,0.125,0.0,0.0,0.0,0.0,0.01845258311787715,0.0018378593005657293,0.0019435779399099053,0.0,0.0,0.0,0.0,0.0,0.0,0.0,0.0,0.0,0.0,0.0,0.0,0.0011654797683556817,0.026546197042147224,0.014705162146638407,0.0,1.0,0.0,1.0,1.0,1.0,1.0
0.0,0.0,0.0,0.0,0.0,0.0,0.01845258311787715,0.00192042303437899,0.002516089566389223,0.0,0.0,0.0,0.0,0.0,0.018194170494839776,1.0,1.0,0.0,0.0,0.0,0.0,0.0011654797683556817,0.026546197042147224,0.014705162146638407,1.0,1.0,0.0,1.0,0.0,1.0,1.0
0.0,0.0,0.0,0.0,0.0,0.0,0.01845258311787715,0.0019167654414569766,0.001987467105729994,0.0,0.0,0.0,0.0,0.0,0.0,0.0,0.0,0.0,0.0,0.0,0.0,0.0011654797683556817,0.026546197042147224,0.014705162146638407,1.0,1.0,0.0,1.0,1.0,1.0,1.0
0.0,0.0,0.0,0.0,0.0,0.0,0.01845258311787715,0.0018169201623653858,0.0018310536506032857,0.0,0.0,0.0,0.0,0.0,0.0,0.0,0.0,0.0,0.0,0.0,0.0,0.0011654797683556817,0.026546197042147224,0.014705162146638407,1.0,1.0,0.0,1.0,1.0,1.0,1.0
0.01809570404320658,0.21428571428571427,0.0,0.0,0.0,0.0,0.01845258311787715,0.0020445887037546834,0.002133412701794249,0.0,0.0,0.0,0.0,0.0,0.0,0.0,0.0,0.0,0.0,0.0,0.0,0.0011654797683556817,0.026546197042147224,0.014705162146638407,0.0,1.0,0.0,1.0,1.0,1.0,1.0
0.01809570404320658,0.3571428571428571,0.0,0.0,0.0,0.0,0.01845258311787715,0.0019026864905028397,0.001910641972232896,0.0,0.0,0.0,0.0,0.0,0.0,0.0,0.0,0.0,0.0,0.0,0.0,0.0011654797683556817,0.026546197042147224,0.014705162146638407,0.0,1.0,0.0,1.0,1.0,1.0,1.0
0.01809570404320658,0.8928571428571428,1.0,0.0,0.0,0.0,0.0,0.0,0.0,0.0,0.0,0.0,0.0,0.0,0.0,0.0,0.0,0.0,0.0,0.0,0.0,0.0011654797683556817,0.026546197042147224,0.014705162146638407,0.0,1.0,1.0,1.0,1.0,1.0,1.0
0.01809570404320658,0.8428571428571429,1.0,0.0,0.0,0.0,0.0,0.0,0.0,0.0,0.0,0.0,0.0,0.0,0.018194170494839776,0.5,0.0,0.0,0.0,0.0,0.0,0.0011654797683556817,0.026546197042147224,0.014705162146638407,0.0,1.0,1.0,1.0,0.0,1.0,1.0
0.0,0.0,0.0,0.0,0.0,0.0,0.0,0.0,0.0,0.0,0.0,0.0,0.0,0.0,0.018194170494839776,0.5,0.0,0.0,0.0,0.0,0.0,0.0011654797683556817,0.026546197042147224,0.014705162146638407,1.0,1.0,1.0,1.0,0.0,1.0,1.0
0.0,0.0,0.0,0.0,0.0,0.0,0.0,0.0,0.0,0.0,0.0,0.0,0.0,0.0,0.018194170494839776,1.0,1.0,0.0,0.0,0.0,0.0,0.0011654797683556817,0.026546197042147224,0.014705162146638407,1.0,1.0,1.0,1.0,0.0,1.0,1.0
0.0,0.0,0.0,0.0,0.0,0.0,0.0,0.0,0.0,0.0,0.0,0.0,0.0,0.0,0.018194170494839776,1.0,1.0,0.0,0.0,0.0,0.0,0.0011654797683556817,0.026546197042147224,0.014705162146638407,1.0,1.0,1.0,1.0,0.0,1.0,1.0
0.01809570404320658,0.24642857142857144,0.0,0.0,0.0,0.0,0.01845258311787715,0.0018784232078363607,0.0019462432948458702,0.0,0.0,0.0,0.0,0.0,0.018194170494839776,0.5,0.0,0.0,0.0,0.0,0.0,0.0011654797683556817,0.026546197042147224,0.014705162146638407,0.0,1.0,0.0,1.0,0.0,1.0,1.0
0.01809570404320658,0.14285714285714285,0.0,0.0,0.0,0.0,0.0,0.0,0.0,0.0,0.0,0.0,0.0,0.0,0.0,0.0,0.0,0.0,0.0,0.0,0.0,0.0011654797683556817,0.026546197042147224,0.014705162146638407,0.0,1.0,1.0,1.0,1.0,1.0,1.0
0.018143513036715714,0.07142857142857142,0.0,0.0,0.0,0.0,0.0,0.0,0.0,0.0,0.0,0.0,0.0,0.0,0.0,0.0,0.0,0.0,0.0,0.0,0.0,0.0011654797683556817,0.026546197042147224,0.014705162146638407,0.0,1.0,1.0,1.0,1.0,1.0,1.0
0.018143513036715714,0.5678571428571428,1.0,0.0,0.0,0.0,0.0,0.0,0.0,0.0,0.0,0.0,0.0,0.0,0.0,0.0,0.0,0.0,0.0,0.0,0.0,0.0011654797683556817,0.026546197042147224,0.014705162146638407,0.0,1.0,1.0,1.0,1.0,1.0,1.0
0.018143513036715714,0.3821428571428571,0.0,0.0,0.0,0.0,0.0,0.0,0.0,0.0,0.0,0.0,0.0,0.0,0.0,0.0,0.0,0.0,0.0,0.0,0.0,0.0011654797683556817,0.026546197042147224,0.014705162146638407,0.0,1.0,1.0,1.0,1.0,1.0,1.0
0.018143513036715714,0.4892857142857142,1.0,0.0,0.0,0.0,0.0,0.0,0.0,0.0,0.0,0.0,0.0,0.0,0.01824223963749457,1.0,1.0,0.0,0.0,0.0,0.0,0.0011654797683556817,0.026546197042147224,0.014705162146638407,0.0,1.0,1.0,1.0,0.0,1.0,1.0
0.018143513036715714,0.5392857142857143,1.0,0.0,0.0,0.0,0.0,0.0,0.0,0.0,0.0,0.0,0.0,0.0,0.0,0.0,0.0,0.0,0.0,0.0,0.0,0.0011654797683556817,0.026546197042147224,0.014705162146638407,0.0,1.0,1.0,1.0,1.0,1.0,1.0
0.018143513036715714,0.09285714285714286,0.0,0.0,0.0,0.0,0.018501334988730193,0.00400043184812788,0.0048960145858628346,0.0,0.0,0.0,0.0,0.0,0.0,0.0,0.0,0.0,0.0,0.0,0.0,0.0011654797683556817,0.026546197042147224,0.014705162146638407,0.0,1.0,0.0,1.0,1.0,1.0,1.0
0.0,0.0,0.0,0.0,0.0,0.0,0.018501334988730193,0.0037076741932247055,0.0036431718993317347,0.0,0.0,0.0,0.0,0.0,0.0,0.0,0.0,0.0,0.0,0.0,0.0,0.0011654797683556817,0.026546197042147224,0.014705162146638407,1.0,1.0,0.0,1.0,1.0,1.0,1.0
0.0,0.0,0.0,0.0,0.0,0.0,0.018501334988730193,0.004371134665763826,0.003856925660122301,0.0,0.0,0.0,0.0,0.0,0.0,0.0,0.0,0.0,0.0,0.0,0.0,0.0011654797683556817,0.026546197042147224,0.014705162146638407,1.0,1.0,0.0,1.0,1.0,1.0,1.0
0.0,0.0,0.0,0.0,0.0,0.0,0.018501334988730193,0.0036175803337291307,0.004230517788650877,0.0,0.0,0.0,0.0,0.0,0.0,0.0,0.0,0.0,0.0,0.0,0.0,0.0011654797683556817,0.026546197042147224,0.014705162146638407,1.0,1.0,0.0,1.0,1.0,1.0,1.0
0.0,0.0,0.0,0.0,0.0,0.0,0.018501334988730193,0.0018567947591971383,0.0018397337421234353,0.0,0.0,0.0,0.0,0.0,0.0,0.0,0.0,0.0,0.0,0.0,0.0,0.0011654797683556817,0.026546197042147224,0.014705162146638407,1.0,1.0,0.0,1.0,1.0,1.0,1.0
0.0,0.0,0.0,0.0,0.0,0.0,0.018501334988730193,0.003871133435618029,0.003618769081119414,0.0,0.0,0.0,0.0,0.0,0.0,0.0,0.0,0.0,0.0,0.0,0.0,0.0011654797683556817,0.026546197042147224,0.014705162146638407,1.0,1.0,0.0,1.0,1.0,1.0,1.0
0.0,0.0,0.0,0.0,0.0,0.0,0.018501334988730193,0.003502938616446646,0.0040817104754571655,0.0,0.0,0.0,0.0,0.0,0.0,0.0,0.0,0.0,0.0,0.0,0.0,0.0011654797683556817,0.026546197042147224,0.014705162146638407,1.0,1.0,0.0,1.0,1.0,1.0,1.0
0.0,0.0,0.0,0.0,0.0,0.0,0.018501334988730193,0.0031591931961585736,0.004541085032215154,0.0,0.0,0.0,0.0,0.0,0.0,0.0,0.0,0.0,0.0,0.0,0.0,0.0011654797683556817,0.026546197042147224,0.014705162146638407,1.0,1.0,0.0,1.0,1.0,1.0,1.0
0.0,0.0,0.0,0.0,0.0,0.0,0.018501334988730193,0.003737246122333941,0.0036404471999469563,0.0,0.0,0.0,0.0,0.0,0.0,0.0,0.0,0.0,0.0,0.0,0.0,0.0011654797683556817,0.026546197042147224,0.014705162146638407,1.0,1.0,0.0,1.0,1.0,1.0,1.0
0.0,0.0,0.0,0.0,0.0,0.0,0.018501334988730193,0.003978695412655727,0.00340839808208512,0.0,0.0,0.0,0.0,0.0,0.0,0.0,0.0,0.0,0.0,0.0,0.0,0.0011654797683556817,0.026546197042147224,0.014705162146638407,1.0,1.0,0.0,1.0,1.0,1.0,1.0
0.0,0.0,0.0,0.0,0.0,0.0,0.018501334988730193,0.004044136807002965,0.003151959036628668,0.0,0.0,0.0,0.0,0.0,0.0,0.0,0.0,0.0,0.0,0.0,0.0,0.0011654797683556817,0.026546197042147224,0.014705162146638407,1.0,1.0,0.0,1.0,1.0,1.0,1.0
0.0,0.0,0.0,0.0,0.0,0.0,0.018501334988730193,0.0032104159892510746,0.0032405361471133827,0.0,0.0,0.0,0.0,0.0,0.0,0.0,0.0,0.0,0.0,0.0,0.0,0.0011654797683556817,0.026546197042147224,0.014705162146638407,1.0,1.0,0.0,1.0,1.0,1.0,1.0
0.0,0.0,0.0,0.0,0.0,0.0,0.018501334988730193,0.002846438628780536,0.003560753940632627,0.0,0.0,0.0,0.0,0.0,0.0,0.0,0.0,0.0,0.0,0.0,0.0,0.0011654797683556817,0.026546197042147224,0.014705162146638407,1.0,1.0,0.0,1.0,1.0,1.0,1.0
0.0,0.0,0.0,0.0,0.0,0.0,0.018501334988730193,0.003127942601792887,0.00303119366922517,0.0,0.0,0.0,0.0,0.0,0.0,0.0,0.0,0.0,0.0,0.0,0.0,0.0011654797683556817,0.026546197042147224,0.014705162146638407,1.0,1.0,0.0,1.0,1.0,1.0,1.0
0.0,0.0,0.0,0.0,0.0,0.0,0.018501334988730193,0.0038708623057068002,0.004290503655560735,0.0,0.0,0.0,0.0,0.0,0.0,0.0,0.0,0.0,0.0,0.0,0.0,0.0011654797683556817,0.026546197042147224,0.014705162146638407,1.0,1.0,0.0,1.0,1.0,1.0,1.0
0.0,0.0,0.0,0.0,0.0,0.0,0.0,0.0,0.0,0.0,0.0,0.0,0.0,0.0,0.879953725438671,0.5,0.0,0.0,0.0,0.0,0.0,0.0011654797683556817,0.026546197042147224,0.014705162146638407,1.0,1.0,1.0,1.0,0.0,1.0,1.0
0.0,0.0,0.0,0.0,0.0,0.0,0.0,0.0,0.0,0.0,0.0,0.0,0.0,0.0,0.879953725438671,0.5,0.0,0.0,0.0,0.0,0.0,0.0011654797683556817,0.026546197042147224,0.014705162146638407,1.0,1.0,1.0,1.0,0.0,1.0,1.0
0.0,0.0,0.0,0.0,0.0,0.0,0.0,0.0,0.0,0.8912301029934057,0.6466700248813176,0.3927459716796875,0.5168487882302668,0.7656457446321476,0.879953725438671,0.5,0.0,0.0,0.0,0.0,0.0,0.0011654797683556817,0.026546197042147224,0.014705162146638407,1.0,1.0,1.0,0.0,0.0,1.0,1.0
0.0,0.0,0.0,0.0,0.0,0.0,0.0,0.0,0.0,0.8912301029934057,0.48600998305628057,0.0966339111328125,0.010789939564129174,0.6271269209052481,0.879953725438671,0.5,0.0,0.0,0.0,0.0,0.0,0.0011654797683556817,0.026546197042147224,0.014705162146638407,1.0,1.0,1.0,0.0,0.0,1.0,1.0
0.0,0.0,0.0,0.0,0.0,0.0,0.0,0.0,0.0,0.8912301029934057,0.6466700248813176,0.3927459716796875,0.5168487882302668,0.7656457446321476,0.0,0.0,0.0,0.0,0.0,0.0,0.0,0.0011654797683556817,0.026546197042147224,0.014705162146638407,1.0,1.0,1.0,0.0,1.0,1.0,1.0
0.0,0.0,0.0,0.0,0.0,0.0,0.0,0.0,0.0,0.8912301029934057,0.6466700248813176,0.3927459716796875,0.5168487882302668,0.7656457446321476,0.879953725438671,0.5,0.0,0.0,0.0,0.0,0.0,0.0011654797683556817,0.026546197042147224,0.014705162146638407,1.0,1.0,1.0,0.0,0.0,1.0,1.0
0.0,0.0,0.0,0.0,0.0,0.0,0.0,0.0,0.0,0.8912301029934057,0.48600998305628057,0.0966339111328125,0.010789939564129174,0.6271269209052481,0.879953725438671,0.5,0.0,0.0,0.0,0.0,0.0,0.0011654797683556817,0.026546197042147224,0.014705162146638407,1.0,1.0,1.0,0.0,0.0,1.0,1.0
0.0,0.0,0.0,0.0,0.0,0.0,0.0,0.0,0.0,0.8912301029934057,0.48600998305628057,0.0966339111328125,0.010789939564129174,0.6271269209052481,0.879953725438671,1.0,1.0,0.0,0.0,0.0,0.0,0.0011654797683556817,0.026546197042147224,0.014705162146638407,1.0,1.0,1.0,0.0,0.0,1.0,1.0
0.0,0.0,0.0,0.0,0.0,0.0,0.0,0.0,0.0,0.8912301029934057,0.48600998305628057,0.0966339111328125,0.010789939564129174,0.6271269209052481,0.8799777600099984,1.0,1.0,0.0,0.0,0.0,0.0,0.0011654797683556817,0.026546197042147224,0.014705162146638407,1.0,1.0,1.0,0.0,0.0,1.0,1.0
0.0,0.0,0.0,0.0,0.0,0.0,0.0,0.0,0.0,0.8912544455614979,0.18116041580803224,0.3838348388671875,0.9317959831512118,0.6237848891330556,0.8799777600099984,1.0,1.0,0.0,0.0,0.0,0.0,0.0011654797683556817,0.026546197042147224,0.014705162146638407,1.0,1.0,1.0,0.0,0.0,1.0,1.0
0.0,0.0,0.0,0.0,0.0,0.0,0.0,0.0,0.0,0.8912544455614979,0.18116041580803224,0.3838348388671875,0.9317959831512118,0.6237848891330556,0.8799777600099984,1.0,1.0,0.0,0.0,0.0,0.0,0.0011654797683556817,0.026546197042147224,0.014705162146638407,1.0,1.0,1.0,0.0,0.0,1.0,1.0
0.0,0.0,0.0,0.0,0.0,0.0,0.0,0.0,0.0,0.8912544455614979,0.18116041580803224,0.3838348388671875,0.9317959831512118,0.6237848891330556,0.0,0.0,0.0,0.0,0.0,0.0,0.0,0.0011654797683556817,0.026546197042147224,0.014705162146638407,1.0,1.0,1.0,0.0,1.0,1.0,1.0
0.0,0.0,0.0,0.0,0.0,0.0,0.0,0.0,0.0,0.8912544455614979,0.18116041580803224,0.3838348388671875,0.9317959831512118,0.6237848891330556,0.8799777600099984,1.0,1.0,0.0,0.0,0.0,0.0,0.0011654797683556817,0.026546197042147224,0.014705162146638407,1.0,1.0,1.0,0.0,0.0,1.0,1.0
0.0,0.0,0.0,0.0,0.0,0.0,0.0,0.0,0.0,0.8912544455614979,0.5758727541939521,0.5363006591796875,0.5972773334961236,0.6659646873903158,0.8799777600099984,0.5,0.0,0.0,0.0,0.0,0.0,0.0011654797683556817,0.026546197042147224,0.014705162146638407,1.0,1.0,1.0,0.0,0.0,1.0,1.0
0.0,0.0,0.0,0.0,0.0,0.0,0.0,0.0,0.0,0.8912544455614979,0.5758727541939521,0.5363006591796875,0.5972773334961236,0.6659646873903158,0.8799777600099984,0.5,0.0,0.0,0.0,0.0,0.0,0.0011654797683556817,0.026546197042147224,0.014705162146638407,1.0,1.0,1.0,0.0,0.0,1.0,1.0
0.0,0.0,0.0,0.0,0.0,0.0,0.0,0.0,0.0,0.8912544455614979,0.12515455419700508,0.6752166748046875,0.9589768634393505,0.11723053915060508,0.0,0.0,0.0,0.0,0.0,0.0,0.0,0.0011654797683556817,0.026546197042147224,0.014705162146638407,1.0,1.0,1.0,0.0,1.0,1.0,1.0
0.0,0.0,0.0,0.0,0.0,0.0,0.0,0.0,0.0,0.8912544455614979,0.12515455419700508,0.6752166748046875,0.9589768634393505,0.11723053915060508,0.0,0.0,0.0,0.0,0.0,0.0,0.0,0.0011654797683556817,0.026546197042147224,0.014705162146638407,1.0,1.0,1.0,0.0,1.0,1.0,1.0
0.0,0.0,0.0,0.0,0.0,0.0,0.0,0.0,0.0,0.8912544455614979,0.12515455419700508,0.6752166748046875,0.9589768634393505,0.11723053915060508,0.8799777600099984,1.0,1.0,0.0,0.0,0.0,0.0,0.0011654797683556817,0.026546197042147224,0.014705162146638407,1.0,1.0,1.0,0.0,0.0,1.0,1.0
0.0,0.0,0.0,0.0,0.0,0.0,0.0,0.0,0.0,0.8912544455614979,0.12515455419700508,0.6752166748046875,0.9589768634393505,0.11723053915060508,0.8799777600099984,0.5,0.0,0.0,0.0,0.0,0.0,0.0011654797683556817,0.026546197042147224,0.014705162146638407,1.0,1.0,1.0,0.0,0.0,1.0,1.0
0.0,0.0,0.0,0.0,0.0,0.0,0.0,0.0,0.0,0.8912544455614979,0.054250431225290406,0.2489471435546875,0.3135034491178805,0.274748584596133,0.8799777600099984,0.5,0.0,0.0,0.0,0.0,0.0,0.0011654797683556817,0.026546197042147224,0.014705162146638407,1.0,1.0,1.0,0.0,0.0,1.0,1.0
0.07467764786126468,0.33214285714285713,0.0,0.0,0.0,0.0,0.0,0.0,0.0,0.0,0.0,0.0,0.0,0.0,0.0,0.0,0.0,0.0,0.0,0.0,0.0,0.0011654797683556817,0.026546197042147224,0.014705162146638407,0.0,1.0,1.0,1.0,1.0,1.0,1.0
0.07467764786126468,0.7321428571428571,1.0,0.0,0.0,0.0,0.0,0.0,0.0,0.0,0.0,0.0,0.0,0.0,0.0,0.0,0.0,0.0,0.0,0.0,0.0,0.0011654797683556817,0.026546197042147224,0.014705162146638407,0.0,1.0,1.0,1.0,1.0,1.0,1.0
0.07467764786126468,0.4892857142857142,1.0,0.0,0.0,0.0,0.0,0.0,0.0,0.0,0.0,0.0,0.0,0.0,0.0,0.0,0.0,0.0,0.0,0.0,0.0,0.0011654797683556817,0.026546197042147224,0.014705162146638407,0.0,1.0,1.0,1.0,1.0,1.0,1.0
0.07467764786126468,0.46428571428571425,1.0,0.0,0.0,0.0,0.0,0.0,0.0,0.0,0.0,0.0,0.0,0.0,0.0,0.0,0.0,0.0,0.0,0.0,0.0,0.0011654797683556817,0.026546197042147224,0.014705162146638407,0.0,1.0,1.0,1.0,1.0,1.0,1.0
0.07467764786126468,0.8321428571428571,1.0,0.0,0.0,0.0,0.0,0.0,0.0,0.0,0.0,0.0,0.0,0.0,0.0,0.0,0.0,0.0,0.0,0.0,0.0,0.0011654797683556817,0.026546197042147224,0.014705162146638407,0.0,1.0,1.0,1.0,1.0,1.0,1.0
0.07467764786126468,0.6392857142857142,1.0,0.0,0.0,0.0,0.0,0.0,0.0,0.0,0.0,0.0,0.0,0.0,0.0,0.0,0.0,0.0,0.0,0.0,0.0,0.0011654797683556817,0.026546197042147224,0.014705162146638407,0.0,1.0,1.0,1.0,1.0,1.0,1.0
0.07467764786126468,0.3642857142857142,0.0,0.0,0.0,0.0,0.0,0.0,0.0,0.0,0.0,0.0,0.0,0.0,0.0,0.0,0.0,0.0,0.0,0.0,0.0,0.0011654797683556817,0.026546197042147224,0.014705162146638407,0.0,1.0,1.0,1.0,1.0,1.0,1.0
0.07467764786126468,0.6285714285714286,1.0,0.0,0.0,0.0,0.0,0.0,0.0,0.0,0.0,0.0,0.0,0.0,0.0,0.0,0.0,0.0,0.0,0.0,0.0,0.0011654797683556817,0.026546197042147224,0.014705162146638407,0.0,1.0,1.0,1.0,1.0,1.0,1.0
0.07467764786126468,0.3071428571428571,0.0,0.0,0.0,0.0,0.0,0.0,0.0,0.0,0.0,0.0,0.0,0.0,0.0,0.0,0.0,0.0,0.0,0.0,0.0,0.0011654797683556817,0.026546197042147224,0.014705162146638407,0.0,1.0,1.0,1.0,1.0,1.0,1.0
0.07467764786126468,0.8857142857142857,1.0,0.0,0.0,0.0,0.0,0.0,0.0,0.0,0.0,0.0,0.0,0.0,0.0,0.0,0.0,0.0,0.0,0.0,0.0,0.0011654797683556817,0.026546197042147224,0.014705162146638407,0.0,1.0,1.0,1.0,1.0,1.0,1.0
0.07467764786126468,0.9892857142857142,1.0,0.0,0.0,0.0,0.0,0.0,0.0,0.0,0.0,0.0,0.0,0.0,0.0,0.0,0.0,0.0,0.0,0.0,0.0,0.0011654797683556817,0.026546197042147224,0.014705162146638407,0.0,1.0,1.0,1.0,1.0,1.0,1.0
0.07467764786126468,0.07142857142857142,0.0,0.0,0.0,0.0,0.0,0.0,0.0,0.0,0.0,0.0,0.0,0.0,0.0,0.0,0.0,0.0,0.0,0.0,0.0,0.0011654797683556817,0.026546197042147224,0.014705162146638407,0.0,1.0,1.0,1.0,1.0,1.0,1.0
0.07467764786126468,0.6428571428571428,1.0,0.0,0.0,0.0,0.0,0.0,0.0,0.0,0.0,0.0,0.0,0.0,0.0,0.0,0.0,0.0,0.0,0.0,0.0,0.0011654797683556817,0.026546197042147224,0.014705162146638407,0.0,1.0,1.0,1.0,1.0,1.0,1.0
0.07467764786126468,0.7535714285714286,1.0,0.0,0.0,0.0,0.0,0.0,0.0,0.0,0.0,0.0,0.0,0.0,0.0,0.0,0.0,0.0,0.0,0.0,0.0,0.0011654797683556817,0.026546197042147224,0.014705162146638407,0.0,1.0,1.0,1.0,1.0,1.0,1.0
0.07467764786126468,0.4035714285714286,0.0,0.0,0.0,0.0,0.0,0.0,0.0,0.0,0.0,0.0,0.0,0.0,0.0,0.0,0.0,0.0,0.0,0.0,0.0,0.0011654797683556817,0.026546197042147224,0.014705162146638407,0.0,1.0,1.0,1.0,1.0,1.0,1.0
0.07467764786126468,0.5071428571428571,1.0,0.0,0.0,0.0,0.0,0.0,0.0,0.0,0.0,0.0,0.0,0.0,0.0,0.0,0.0,0.0,0.0,0.0,0.0,0.0011654797683556817,0.026546197042147224,0.014705162146638407,0.0,1.0,1.0,1.0,1.0,1.0,1.0
0.07467764786126468,0.41428571428571426,0.0,0.0,0.0,0.0,0.0,0.0,0.0,0.0,0.0,0.0,0.0,0.0,0.0,0.0,0.0,0.0,0.0,0.0,0.0,0.0011654797683556817,0.026546197042147224,0.014705162146638407,0.0,1.0,1.0,1.0,1.0,1.0,1.0
0.07467764786126468,0.9571428571428571,1.0,0.0,0.0,0.0,0.0,0.0,0.0,0.0,0.0,0.0,0.0,0.0,0.0,0.0,0.0,0.0,0.0,0.0,0.0,0.0011654797683556817,0.026546197042147224,0.014705162146638407,0.0,1.0,1.0,1.0,1.0,1.0,1.0
0.07467764786126468,0.5,1.0,0.0,0.0,0.0,0.0,0.0,0.0,0.0,0.0,0.0,0.0,0.0,0.0,0.0,0.0,0.0,0.0,0.0,0.0,0.0011654797683556817,0.026546197042147224,0.014705162146638407,0.0,1.0,1.0,1.0,1.0,1.0,1.0
0.07467764786126468,0.3214285714285714,0.0,0.0,0.0,0.0,0.0,0.0,0.0,0.0,0.0,0.0,0.0,0.0,0.0,0.0,0.0,0.0,0.0,0.0,0.0,0.0011654797683556817,0.026546197042147224,0.014705162146638407,0.0,1.0,1.0,1.0,1.0,1.0,1.0
0.0,0.0,0.0,0.0,0.0,0.0,0.0,0.0,0.0,0.0,0.0,0.0,0.0,0.0,0.0,0.0,0.0,0.07504894626974007,0.7097806043014709,1.0,0.0,0.0011654797683556817,0.026546197042147224,0.014705162146638407,1.0,1.0,1.0,1.0,1.0,0.0,1.0
0.0,0.0,0.0,0.0,0.0,0.0,0.0,0.0,0.0,0.0,0.0,0.0,0.0,0.0,0.0,0.0,0.0,0.07504894626974007,0.1848340053194253,1.0,0.0,0.0011654797683556817,0.026546197042147224,0.014705162146638407,1.0,1.0,1.0,1.0,1.0,0.0,1.0
0.0,0.0,0.0,0.0,0.0,0.0,0.0,0.0,0.0,0.0,0.0,0.0,0.0,0.0,0.0,0.0,0.0,0.07504894626974007,0.35124935707438,1.0,0.0,0.0011654797683556817,0.026546197042147224,0.014705162146638407,1.0,1.0,1.0,1.0,1.0,0.0,1.0
0.0,0.0,0.0,0.0,0.0,0.0,0.0,0.0,0.0,0.0,0.0,0.0,0.0,0.0,0.0,0.0,0.0,0.07504894626974007,0.34212000128578524,1.0,0.0,0.0011654797683556817,0.026546197042147224,0.014705162146638407,1.0,1.0,1.0,1.0,1.0,0.0,1.0
0.0,0.0,0.0,0.0,0.0,0.0,0.0,0.0,0.0,0.0,0.0,0.0,0.0,0.0,0.0,0.0,0.0,0.07504894626974007,0.5101041378881668,1.0,0.0,0.0011654797683556817,0.026546197042147224,0.014705162146638407,1.0,1.0,1.0,1.0,1.0,0.0,1.0
0.0,0.0,0.0,0.0,0.0,0.0,0.0,0.0,0.0,0.0,0.0,0.0,0.0,0.0,0.0,0.0,0.0,0.07504894626974007,0.2143311159860133,1.0,0.0,0.0011654797683556817,0.026546197042147224,0.014705162146638407,1.0,1.0,1.0,1.0,1.0,0.0,1.0
0.0,0.0,0.0,0.0,0.0,0.0,0.0,0.0,0.0,0.0,0.0,0.0,0.0,0.0,0.0,0.0,0.0,0.07504894626974007,0.20243603316076575,1.0,0.0,0.0011654797683556817,0.026546197042147224,0.014705162146638407,1.0,1.0,1.0,1.0,1.0,0.0,1.0
0.0,0.0,0.0,0.0,0.0,0.0,0.0,0.0,0.0,0.0,0.0,0.0,0.0,0.0,0.0,0.0,0.0,0.07504894626974007,0.6231978070105275,1.0,0.0,0.0011654797683556817,0.026546197042147224,0.014705162146638407,1.0,1.0,1.0,1.0,1.0,0.0,1.0
0.0,0.0,0.0,0.0,0.0,0.0,0.0,0.0,0.0,0.0,0.0,0.0,0.0,0.0,0.0,0.0,0.0,0.07504894626974007,0.09094020064232877,0.5,0.0,0.0011654797683556817,0.026546197042147224,0.014705162146638407,1.0,1.0,1.0,1.0,1.0,0.0,1.0
0.0,0.0,0.0,0.0,0.0,0.0,0.0,0.0,0.0,0.0,0.0,0.0,0.0,0.0,0.0,0.0,0.0,0.07504894626974007,0.38213493272095267,1.0,0.0,0.0011654797683556817,0.026546197042147224,0.014705162146638407,1.0,1.0,1.0,1.0,1.0,0.0,1.0
0.0,0.0,0.0,0.0,0.0,0.0,0.0,0.0,0.0,0.0,0.0,0.0,0.0,0.0,0.0,0.0,0.0,0.07504894626974007,0.2299017007091595,1.0,0.0,0.0011654797683556817,0.026546197042147224,0.014705162146638407,1.0,1.0,1.0,1.0,1.0,0.0,1.0
0.0,0.0,0.0,0.0,0.0,0.0,0.0,0.0,0.0,0.0,0.0,0.0,0.0,0.0,0.0,0.0,0.0,0.07504894626974007,0.42564447781032344,1.0,0.0,0.0011654797683556817,0.026546197042147224,0.014705162146638407,1.0,1.0,1.0,1.0,1.0,0.0,1.0
0.0,0.0,0.0,0.0,0.0,0.0,0.0,0.0,0.0,0.0,0.0,0.0,0.0,0.0,0.0,0.0,0.0,0.07504894626974007,0.45189828715778146,1.0,0.0,0.0011654797683556817,0.026546197042147224,0.014705162146638407,1.0,1.0,1.0,1.0,1.0,0.0,1.0
0.0,0.0,0.0,0.0,0.0,0.0,0.0,0.0,0.0,0.0,0.0,0.0,0.0,0.0,0.0,0.0,0.0,0.07504894626974007,0.5436295165849652,1.0,0.0,0.0011654797683556817,0.026546197042147224,0.014705162146638407,1.0,1.0,1.0,1.0,1.0,0.0,1.0
0.0,0.0,0.0,0.0,0.0,0.0,0.0,0.0,0.0,0.0,0.0,0.0,0.0,0.0,0.0,0.0,0.0,0.07504894626974007,0.743620038615374,1.0,0.0,0.0011654797683556817,0.026546197042147224,0.014705162146638407,1.0,1.0,1.0,1.0,1.0,0.0,1.0
0.0,0.0,0.0,0.0,0.0,0.0,0.0,0.0,0.0,0.0,0.0,0.0,0.0,0.0,0.0,0.0,0.0,0.07504894626974007,0.4127514708779456,1.0,0.0,0.0011654797683556817,0.026546197042147224,0.014705162146638407,1.0,1.0,1.0,1.0,1.0,0.0,1.0
0.0,0.0,0.0,0.0,0.0,0.0,0.0,0.0,0.0,0.0,0.0,0.0,0.0,0.0,0.0,0.0,0.0,0.07504894626974007,0.275939388832799,1.0,0.0,0.0011654797683556817,0.026546197042147224,0.014705162146638407,1.0,1.0,1.0,1.0,1.0,0.0,1.0
0.0,0.0,0.0,0.0,0.0,0.0,0.0,0.0,0.0,0.0,0.0,0.0,0.0,0.0,0.0,0.0,0.0,0.07504894626974007,0.16713074375613202,1.0,0.0,0.0011654797683556817,0.026546197042147224,0.014705162146638407,1.0,1.0,1.0,1.0,1.0,0.0,1.0
0.0,0.0,0.0,0.0,0.0,0.0,0.0,0.0,0.0,0.0,0.0,0.0,0.0,0.0,0.0,0.0,0.0,0.07504894626974007,0.33252857651892365,1.0,0.0,0.0011654797683556817,0.026546197042147224,0.014705162146638407,1.0,1.0,1.0,1.0,1.0,0.0,1.0
0.0,0.0,0.0,0.0,0.0,0.0,0.0,0.0,0.0,0.0,0.0,0.0,0.0,0.0,0.0,0.0,0.0,0.07504894626974007,0.33483431983610945,1.0,0.0,0.0011654797683556817,0.026546197042147224,0.014705162146638407,1.0,1.0,1.0,1.0,1.0,0.0,1.0
0.0,0.0,0.0,0.0,0.0,0.0,0.0,0.0,0.0,0.0,0.0,0.0,0.0,0.0,0.018194170494839776,0.5,0.0,0.0,0.0,0.0,0.0,0.0011654797683556817,0.026546197042147224,0.014705162146638407,1.0,1.0,1.0,1.0,0.0,1.0,1.0
0.0,0.0,0.0,0.0,0.0,0.0,0.0,0.0,0.0,0.0,0.0,0.0,0.0,0.0,0.018194170494839776,0.5,0.0,0.0,0.0,0.0,0.0,0.0011654797683556817,0.026546197042147224,0.014705162146638407,1.0,1.0,1.0,1.0,0.0,1.0,1.0
0.0,0.0,0.0,0.0,0.0,0.0,0.0,0.0,0.0,0.0,0.0,0.0,0.0,0.0,0.018194170494839776,1.0,1.0,0.0,0.0,0.0,0.0,0.0011654797683556817,0.026546197042147224,0.014705162146638407,1.0,1.0,1.0,1.0,0.0,1.0,1.0
0.0,0.0,0.0,0.0,0.0,0.0,0.0,0.0,0.0,0.0,0.0,0.0,0.0,0.0,0.018194170494839776,1.0,1.0,0.0,0.0,0.0,0.0,0.0011654797683556817,0.026546197042147224,0.014705162146638407,1.0,1.0,1.0,1.0,0.0,1.0,1.0
0.0,0.0,0.0,0.0,0.0,0.0,0.0,0.0,0.0,0.0,0.0,0.0,0.0,0.0,0.018194170494839776,0.5,0.0,0.0,0.0,0.0,0.0,0.0011654797683556817,0.026546197042147224,0.014705162146638407,1.0,1.0,1.0,1.0,0.0,1.0,1.0
0.0,0.0,0.0,0.0,0.0,0.0,0.0,0.0,0.0,0.0,0.0,0.0,0.0,0.0,0.018194170494839776,1.0,1.0,0.0,0.0,0.0,0.0,0.0011654797683556817,0.026546197042147224,0.014705162146638407,1.0,1.0,1.0,1.0,0.0,1.0,1.0
0.0,0.0,0.0,0.0,0.0,0.0,0.0,0.0,0.0,0.0,0.0,0.0,0.0,0.0,0.018194170494839776,1.0,1.0,0.0,0.0,0.0,0.0,0.0011654797683556817,0.026546197042147224,0.014705162146638407,1.0,1.0,1.0,1.0,0.0,1.0,1.0
0.0,0.0,0.0,0.0,0.0,0.0,0.0,0.0,0.0,0.0,0.0,0.0,0.0,0.0,0.018194170494839776,0.5,0.0,0.0,0.0,0.0,0.0,0.0011654797683556817,0.026546197042147224,0.014705162146638407,1.0,1.0,1.0,1.0,0.0,1.0,1.0
0.0,0.0,0.0,0.0,0.0,0.0,0.0,0.0,0.0,0.0,0.0,0.0,0.0,0.0,0.018194170494839776,0.5,0.0,0.0,0.0,0.0,0.0,0.0011654797683556817,0.026546197042147224,0.014705162146638407,1.0,1.0,1.0,1.0,0.0,1.0,1.0
0.01809570404320658,0.41428571428571426,0.0,0.0,0.0,0.0,0.01845258311787715,0.002797102094974556,0.002352653965580844,0.0,0.0,0.0,0.0,0.0,0.018194170494839776,1.0,1.0,0.0,0.0,0.0,0.0,0.0011654797683556817,0.026546197042147224,0.014705162146638407,0.0,1.0,0.0,1.0,0.0,1.0,1.0
0.01809570404320658,0.5607142857142856,1.0,0.0,0.0,0.0,0.0,0.0,0.0,0.0,0.0,0.0,0.0,0.0,0.0,0.0,0.0,0.0,0.0,0.0,0.0,0.0011654797683556817,0.026546197042147224,0.014705162146638407,0.0,1.0,1.0,1.0,1.0,1.0,1.0
0.01809570404320658,0.47857142857142854,1.0,0.0,0.0,0.0,0.01845258311787715,0.0025621981341702,0.0027116337000404403,0.0,0.0,0.0,0.0,0.0,0.0,0.0,0.0,0.0,0.0,0.0,0.0,0.0011654797683556817,0.026546197042147224,0.014705162146638407,0.0,1.0,0.0,1.0,1.0,1.0,1.0
0.01809570404320658,0.3535714285714286,0.0,0.0,0.0,0.0,0.0,0.0,0.0,0.0,0.0,0.0,0.0,0.0,0.0,0.0,0.0,0.0,0.0,0.0,0.0,0.0011654797683556817,0.026546197042147224,0.014705162146638407,0.0,1.0,1.0,1.0,1.0,1.0,1.0
0.01809570404320658,0.7607142857142857,1.0,0.0,0.0,0.0,0.0,0.0,0.0,0.0,0.0,0.0,0.0,0.0,0.0,0.0,0.0,0.0,0.0,0.0,0.0,0.0011654797683556817,0.026546197042147224,0.014705162146638407,0.0,1.0,1.0,1.0,1.0,1.0,1.0
0.01809570404320658,0.7928571428571428,1.0,0.0,0.0,0.0,0.0,0.0,0.0,0.0,0.0,0.0,0.0,0.0,0.0,0.0,0.0,0.0,0.0,0.0,0.0,0.0011654797683556817,0.026546197042147224,0.014705162146638407,0.0,1.0,1.0,1.0,1.0,1.0,1.0
0.01809570404320658,0.6928571428571427,1.0,0.0,0.0,0.0,0.0,0.0,0.0,0.0,0.0,0.0,0.0,0.0,0.0,0.0,0.0,0.0,0.0,0.0,0.0,0.0011654797683556817,0.026546197042147224,0.014705162146638407,0.0,1.0,1.0,1.0,1.0,1.0,1.0
0.01809570404320658,0.8321428571428571,1.0,0.0,0.0,0.0,0.0,0.0,0.0,0.0,0.0,0.0,0.0,0.0,0.0,0.0,0.0,0.0,0.0,0.0,0.0,0.0011654797683556817,0.026546197042147224,0.014705162146638407,0.0,1.0,1.0,1.0,1.0,1.0,1.0
0.01809570404320658,0.3642857142857142,0.0,0.0,0.0,0.0,0.0,0.0,0.0,0.0,0.0,0.0,0.0,0.0,0.0,0.0,0.0,0.0,0.0,0.0,0.0,0.0011654797683556817,0.026546197042147224,0.014705162146638407,0.0,1.0,1.0,1.0,1.0,1.0,1.0
0.01809570404320658,0.14285714285714285,0.0,0.0,0.0,0.0,0.01845258311787715,0.0018169201623653858,0.0018310536506032857,0.0,0.0,0.0,0.0,0.0,0.0,0.0,0.0,0.0,0.0,0.0,0.0,0.0011654797683556817,0.026546197042147224,0.014705162146638407,0.0,1.0,0.0,1.0,1.0,1.0,1.0
0.0,0.0,0.0,0.0,0.0,0.0,0.01845258311787715,0.002002022230687177,0.0018323670470763304,0.0,0.0,0.0,0.0,0.0,0.0,0.0,0.0,0.0,0.0,0.0,0.0,0.0011654797683556817,0.026546197042147224,0.014705162146638407,1.0,1.0,0.0,1.0,1.0,1.0,1.0
0.0,0.0,0.0,0.0,0.0,0.0,0.9053222417410268,0.2525774341126022,0.26107251683161553,0.0,0.0,0.0,0.0,0.0,0.0,0.0,0.0,0.0,0.0,0.0,0.0,0.0011654797683556817,0.026546197042147224,0.014705162146638407,1.0,1.0,0.0,1.0,1.0,1.0,1.0
0.0,0.0,0.0,0.0,0.0,0.0,0.9053222417410268,0.24103587030665377,0.2541043548229856,0.0,0.0,0.0,0.0,0.0,0.0,0.0,0.0,0.0,0.0,0.0,0.0,0.0011654797683556817,0.026546197042147224,0.014705162146638407,1.0,1.0,0.0,1.0,1.0,1.0,1.0
0.0,0.0,0.0,0.0,0.0,0.0,0.9053222417410268,0.24116664150011188,0.2541362871169146,0.0,0.0,0.0,0.0,0.0,0.0,0.0,0.0,0.0,0.0,0.0,0.0,0.0011654797683556817,0.026546197042147224,0.014705162146638407,1.0,1.0,0.0,1.0,1.0,1.0,1.0
0.0,0.0,0.0,0.0,0.0,0.0,0.9053222417410268,0.2527538941255392,0.2613456369772449,0.0,0.0,0.0,0.0,0.0,0.0,0.0,0.0,0.0,0.0,0.0,0.0,0.0011654797683556817,0.026546197042147224,0.014705162146638407,1.0,1.0,0.0,1.0,1.0,1.0,1.0
0.0,0.0,0.0,0.0,0.0,0.0,0.9053222417410268,0.24130030759246468,0.2542273417528518,0.0,0.0,0.0,0.0,0.0,0.0,0.0,0.0,0.0,0.0,0.0,0.0,0.0011654797683556817,0.026546197042147224,0.014705162146638407,1.0,1.0,0.0,1.0,1.0,1.0,1.0
0.0,0.0,0.0,0.0,0.0,0.0,0.9053222417410268,0.2530115731951142,0.26135519086587766,0.0,0.0,0.0,0.0,0.0,0.0,0.0,0.0,0.0,0.0,0.0,0.0,0.0011654797683556817,0.026546197042147224,0.014705162146638407,1.0,1.0,0.0,1.0,1.0,1.0,1.0
0.0,0.0,0.0,0.0,0.0,0.0,0.9053222417410268,0.24130251969276237,0.2544091910151078,0.0,0.0,0.0,0.0,0.0,0.0,0.0,0.0,0.0,0.0,0.0,0.0,0.0011654797683556817,0.026546197042147224,0.014705162146638407,1.0,1.0,0.0,1.0,1.0,1.0,1.0
0.0,0.0,0.0,0.0,0.0,0.0,0.9053222417410268,0.2530138020110773,0.2613826575861635,0.0,0.0,0.0,0.0,0.0,0.0,0.0,0.0,0.0,0.0,0.0,0.0,0.0011654797683556817,0.026546197042147224,0.014705162146638407,1.0,1.0,0.0,1.0,1.0,1.0,1.0
0.0,0.0,0.0,0.0,0.0,0.0,0.9053222417410268,0.2530716100514232,0.26143104665788264,0.0,0.0,0.0,0.0,0.0,0.0,0.0,0.0,0.0,0.0,0.0,0.0,0.0011654797683556817,0.026546197042147224,0.014705162146638407,1.0,1.0,0.0,1.0,1.0,1.0,1.0
0.0,0.0,0.0,0.0,0.0,0.0,0.9053222417410268,0.24134402269157118,0.25452289615091367,0.0,0.0,0.0,0.0,0.0,0.0,0.0,0.0,0.0,0.0,0.0,0.0,0.0011654797683556817,0.026546197042147224,0.014705162146638407,1.0,1.0,0.0,1.0,1.0,1.0,1.0
0.0,0.0,0.0,0.0,0.0,0.0,0.9053222417410268,0.2532042417711276,0.2615223010617731,0.0,0.0,0.0,0.0,0.0,0.0,0.0,0.0,0.0,0.0,0.0,0.0,0.0011654797683556817,0.026546197042147224,0.014705162146638407,1.0,1.0,0.0,1.0,1.0,1.0,1.0
0.0,0.0,0.0,0.0,0.0,0.0,0.9053222417410268,0.24139305246384463,0.2545984959616183,0.0,0.0,0.0,0.0,0.0,0.0,0.0,0.0,0.0,0.0,0.0,0.0,0.0011654797683556817,0.026546197042147224,0.014705162146638407,1.0,1.0,0.0,1.0,1.0,1.0,1.0
0.0,0.0,0.0,0.0,0.0,0.0,0.9053222417410268,0.2533569433726374,0.2619262490752113,0.0,0.0,0.0,0.0,0.0,0.0,0.0,0.0,0.0,0.0,0.0,0.0,0.0011654797683556817,0.026546197042147224,0.014705162146638407,1.0,1.0,0.0,1.0,1.0,1.0,1.0
0.0,0.0,0.0,0.0,0.0,0.0,0.9053222417410268,0.24175547807093206,0.254760957661611,0.0,0.0,0.0,0.0,0.0,0.0,0.0,0.0,0.0,0.0,0.0,0.0,0.0011654797683556817,0.026546197042147224,0.014705162146638407,1.0,1.0,0.0,1.0,1.0,1.0,1.0
0.0,0.0,0.0,0.0,0.0,0.0,0.9053466176764534,0.2534577804430366,0.2619279913227598,0.0,0.0,0.0,0.0,0.0,0.0,0.0,0.0,0.0,0.0,0.0,0.0,0.0011654797683556817,0.026546197042147224,0.014705162146638407,1.0,1.0,0.0,1.0,1.0,1.0,1.0
0.0,0.0,0.0,0.0,0.0,0.0,0.9053466176764534,0.2418218605209082,0.2550075289941495,0.0,0.0,0.0,0.0,0.0,0.0,0.0,0.0,0.0,0.0,0.0,0.0,0.0011654797683556817,0.026546197042147224,0.014705162146638407,1.0,1.0,0.0,1.0,1.0,1.0,1.0
0.0,0.0,0.0,0.0,0.0,0.0,0.9053466176764534,0.25355889150499616,0.26194263718848954,0.0,0.0,0.0,0.0,0.0,0.0,0.0,0.0,0.0,0.0,0.0,0.0,0.0011654797683556817,0.026546197042147224,0.014705162146638407,1.0,1.0,0.0,1.0,1.0,1.0,1.0
0.0,0.0,0.0,0.0,0.0,0.0,0.9053466176764534,0.25359489523154954,0.26199877527925797,0.0,0.0,0.0,0.0,0.0,0.0,0.0,0.0,0.0,0.0,0.0,0.0,0.0011654797683556817,0.026546197042147224,0.014705162146638407,1.0,1.0,0.0,1.0,1.0,1.0,1.0
0.0,0.0,0.0,0.0,0.0,0.0,0.9053466176764534,0.24192402085426154,0.25512601830693377,0.0,0.0,0.0,0.0,0.0,0.0,0.0,0.0,0.0,0.0,0.0,0.0,0.0011654797683556817,0.026546197042147224,0.014705162146638407,1.0,1.0,0.0,1.0,1.0,1.0,1.0
0.0,0.0,0.0,0.0,0.0,0.0,0.9053466176764534,0.2536478998800622,0.2621850064360053,0.0,0.0,0.0,0.0,0.0,0.0,0.0,0.0,0.0,0.0,0.0,0.0,0.0011654797683556817,0.026546197042147224,0.014705162146638407,1.0,1.0,0.0,1.0,1.0,1.0,1.0
0.9929927951846782,0.3964285714285714,0.0,0.0,0.0,0.0,0.0,0.0,0.0,0.0,0.0,0.0,0.0,0.0,0.0,0.0,0.0,0.0,0.0,0.0,0.0,0.0011654797683556817,0.026546197042147224,0.014705162146638407,0.0,1.0,1.0,1.0,1.0,1.0,1.0
0.9929927951846782,0.3571428571428571,0.0,0.0,0.0,0.0,0.0,0.0,0.0,0.0,0.0,0.0,0.0,0.0,0.0,0.0,0.0,0.0,0.0,0.0,0.0,0.0011654797683556817,0.026546197042147224,0.014705162146638407,0.0,1.0,1.0,1.0,1.0,1.0,1.0
0.9929927951846782,0.6321428571428571,1.0,0.0,0.0,0.0,0.0,0.0,0.0,0.0,0.0,0.0,0.0,0.0,0.0,0.0,0.0,0.0,0.0,0.0,0.0,0.0011654797683556817,0.026546197042147224,0.014705162146638407,0.0,1.0,1.0,1.0,1.0,1.0,1.0
0.9929927951846782,0.4464285714285714,1.0,0.0,0.0,0.0,0.0,0.0,0.0,0.0,0.0,0.0,0.0,0.0,0.0,0.0,0.0,0.0,0.0,0.0,0.0,0.0011654797683556817,0.026546197042147224,0.014705162146638407,0.0,1.0,1.0,1.0,1.0,1.0,1.0
0.9929927951846782,0.46428571428571425,1.0,0.0,0.0,0.0,0.0,0.0,0.0,0.0,0.0,0.0,0.0,0.0,0.0,0.0,0.0,0.0,0.0,0.0,0.0,0.0011654797683556817,0.026546197042147224,0.014705162146638407,0.0,1.0,1.0,1.0,1.0,1.0,1.0
0.9929927951846782,0.3535714285714286,0.0,0.0,0.0,0.0,0.0,0.0,0.0,0.0,0.0,0.0,0.0,0.0,0.0,0.0,0.0,0.0,0.0,0.0,0.0,0.0011654797683556817,0.026546197042147224,0.014705162146638407,0.0,1.0,1.0,1.0,1.0,1.0,1.0
0.9929927951846782,0.3642857142857142,0.0,0.0,0.0,0.0,0.0,0.0,0.0,0.0,0.0,0.0,0.0,0.0,0.0,0.0,0.0,0.0,0.0,0.0,0.0,0.0011654797683556817,0.026546197042147224,0.014705162146638407,0.0,1.0,1.0,1.0,1.0,1.0,1.0
0.9929927951846782,0.22499999999999998,0.0,0.0,0.0,0.0,0.0,0.0,0.0,0.0,0.0,0.0,0.0,0.0,0.0,0.0,0.0,0.0,0.0,0.0,0.0,0.0011654797683556817,0.026546197042147224,0.014705162146638407,0.0,1.0,1.0,1.0,1.0,1.0,1.0
0.9929927951846782,0.22857142857142856,0.0,0.0,0.0,0.0,0.0,0.0,0.0,0.0,0.0,0.0,0.0,0.0,0.0,0.0,0.0,0.0,0.0,0.0,0.0,0.0011654797683556817,0.026546197042147224,0.014705162146638407,0.0,1.0,1.0,1.0,1.0,1.0,1.0
0.9929927951846782,0.21428571428571427,0.0,0.0,0.0,0.0,0.0,0.0,0.0,0.0,0.0,0.0,0.0,0.0,0.0,0.0,0.0,0.0,0.0,0.0,0.0,0.0011654797683556817,0.026546197042147224,0.014705162146638407,0.0,1.0,1.0,1.0,1.0,1.0,1.0
0.9929927951846782,0.41428571428571426,0.0,0.0,0.0,0.0,0.0,0.0,0.0,0.0,0.0,0.0,0.0,0.0,0.0,0.0,0.0,0.0,0.0,0.0,0.0,0.0011654797683556817,0.026546197042147224,0.014705162146638407,0.0,1.0,1.0,1.0,1.0,1.0,1.0
0.9929927951846782,0.19642857142857142,0.0,0.0,0.0,0.0,0.0,0.0,0.0,0.0,0.0,0.0,0.0,0.0,0.0,0.0,0.0,0.0,0.0,0.0,0.0,0.0011654797683556817,0.026546197042147224,0.014705162146638407,0.0,1.0,1.0,1.0,1.0,1.0,1.0
0.9929927951846782,0.21428571428571427,0.0,0.0,0.0,0.0,0.0,0.0,0.0,0.0,0.0,0.0,0.0,0.0,0.0,0.0,0.0,0.0,0.0,0.0,0.0,0.0011654797683556817,0.026546197042147224,0.014705162146638407,0.0,1.0,1.0,1.0,1.0,1.0,1.0
0.9929927951846782,0.22499999999999998,0.0,0.0,0.0,0.0,0.0,0.0,0.0,0.0,0.0,0.0,0.0,0.0,0.0,0.0,0.0,0.0,0.0,0.0,0.0,0.0011654797683556817,0.026546197042147224,0.014705162146638407,0.0,1.0,1.0,1.0,1.0,1.0,1.0
0.9929927951846782,0.6714285714285714,1.0,0.0,0.0,0.0,0.0,0.0,0.0,0.0,0.0,0.0,0.0,0.0,0.0,0.0,0.0,0.0,0.0,0.0,0.0,0.0011654797683556817,0.026546197042147224,0.014705162146638407,0.0,1.0,1.0,1.0,1.0,1.0,1.0
0.9929927951846782,0.8928571428571428,1.0,0.0,0.0,0.0,0.0,0.0,0.0,0.0,0.0,0.0,0.0,0.0,0.0,0.0,0.0,0.0,0.0,0.0,0.0,0.0011654797683556817,0.026546197042147224,0.014705162146638407,0.0,1.0,1.0,1.0,1.0,1.0,1.0
0.9929927951846782,0.47857142857142854,1.0,0.0,0.0,0.0,0.0,0.0,0.0,0.0,0.0,0.0,0.0,0.0,0.0,0.0,0.0,0.0,0.0,0.0,0.0,0.0011654797683556817,0.026546197042147224,0.014705162146638407,0.0,1.0,1.0,1.0,1.0,1.0,1.0
0.9929927951846782,0.5607142857142856,1.0,0.0,0.0,0.0,0.0,0.0,0.0,0.0,0.0,0.0,0.0,0.0,0.0,0.0,0.0,0.0,0.0,0.0,0.0,0.0011654797683556817,0.026546197042147224,0.014705162146638407,0.0,1.0,1.0,1.0,1.0,1.0,1.0
0.9930166996814328,0.7214285714285713,1.0,0.0,0.0,0.0,0.0,0.0,0.0,0.0,0.0,0.0,0.0,0.0,0.0,0.0,0.0,0.0,0.0,0.0,0.0,0.0011654797683556817,0.026546197042147224,0.014705162146638407,0.0,1.0,1.0,1.0,1.0,1.0,1.0
0.9930166996814328,0.4035714285714286,0.0,0.0,0.0,0.0,0.0,0.0,0.0,0.0,0.0,0.0,0.0,0.0,0.0,0.0,0.0,0.0,0.0,0.0,0.0,0.0011654797683556817,0.026546197042147224,0.014705162146638407,0.0,1.0,1.0,1.0,1.0,1.0,1.0
0.8740918283274661,0.8428571428571429,1.0,0.0,0.0,0.0,0.8913304548062032,0.15720872970274133,0.15094087259952294,0.0,0.0,0.0,0.0,0.0,0.0,0.0,0.0,0.0,0.0,0.0,0.0,0.0011654797683556817,0.026546197042147224,0.014705162146638407,0.0,1.0,0.0,1.0,1.0,1.0,1.0
0.0,0.0,0.0,0.8757211659358214,0.0,0.0,0.8913304548062032,0.11787032828634406,0.117750780182389,0.8901103448611621,0.6833966814733403,0.9546661376953125,0.348376167511141,0.11451418455950801,0.0,0.0,0.0,0.0,0.0,0.0,0.0,0.0011654797683556817,0.026546197042147224,0.014705162146638407,1.0,0.0,0.0,0.0,1.0,1.0,1.0
0.0,0.0,0.0,0.8757211659358214,0.0,0.0,0.0,0.0,0.0,0.0,0.0,0.0,0.0,0.0,0.0,0.0,0.0,0.0,0.0,0.0,0.0,0.0011654797683556817,0.026546197042147224,0.014705162146638407,1.0,0.0,1.0,1.0,1.0,1.0,1.0
0.8740918283274661,0.1464285714285714,0.0,0.8757211659358214,1.0,0.0,0.0,0.0,0.0,0.0,0.0,0.0,0.0,0.0,0.8788481351576107,1.0,1.0,0.0,0.0,0.0,0.0,0.0011654797683556817,0.026546197042147224,0.014705162146638407,0.0,0.0,1.0,1.0,0.0,1.0,1.0
0.8740918283274661,0.07142857142857142,0.0,0.0,0.0,0.0,0.0,0.0,0.0,0.8901103448611621,0.6833966814733403,0.9546661376953125,0.348376167511141,0.11451418455950801,0.0,0.0,0.0,0.0,0.0,0.0,0.0,0.0011654797683556817,0.026546197042147224,0.014705162146638407,0.0,1.0,1.0,0.0,1.0,1.0,1.0
0.0,0.0,0.0,0.8757211659358214,0.0,0.0,0.0,0.0,0.0,0.8901103448611621,0.6833966814733403,0.9546661376953125,0.348376167511141,0.11451418455950801,0.0,0.0,0.0,0.0,0.0,0.0,0.0,0.0011654797683556817,0.026546197042147224,0.014705162146638407,1.0,0.0,1.0,0.0,1.0,1.0,1.0
0.8740918283274661,0.6392857142857142,1.0,0.8757211659358214,0.0,0.0,0.0,0.0,0.0,0.8901103448611621,0.9337057898673505,0.830902099609375,0.26921433367926256,0.25172061224801234,0.8788481351576107,0.5,0.0,0.0,0.0,0.0,0.0,0.0011654797683556817,0.026546197042147224,0.014705162146638407,0.0,0.0,1.0,0.0,0.0,1.0,1.0
0.8740918283274661,0.7428571428571429,1.0,0.0,0.0,0.0,0.8913304548062032,0.11817526030745809,0.1151148165505818,0.8901103448611621,0.9337057898673505,0.830902099609375,0.26921433367926256,0.25172061224801234,0.0,0.0,0.0,0.0,0.0,0.0,0.0,0.0011654797683556817,0.026546197042147224,0.014705162146638407,0.0,1.0,0.0,0.0,1.0,1.0,1.0
0.0,0.0,0.0,0.0,0.0,0.0,0.8913304548062032,0.18427464360661786,0.1819081231235616,0.0,0.0,0.0,0.0,0.0,0.0,0.0,0.0,0.0,0.0,0.0,0.0,0.0011654797683556817,0.026546197042147224,0.014705162146638407,1.0,1.0,0.0,1.0,1.0,1.0,1.0
0.0,0.0,0.0,0.0,0.0,0.0,0.8913304548062032,0.21848661942927766,0.21910756647460927,0.0,0.0,0.0,0.0,0.0,0.8788481351576107,1.0,1.0,0.0,0.0,0.0,0.0,0.0011654797683556817,0.026546197042147224,0.014705162146638407,1.0,1.0,0.0,1.0,0.0,1.0,1.0
0.0,0.0,0.0,0.0,0.0,0.0,0.8913304548062032,0.11793566193732566,0.1178431188996303,0.0,0.0,0.0,0.0,0.0,0.0,0.0,0.0,0.0,0.0,0.0,0.0,0.0011654797683556817,0.026546197042147224,0.014705162146638407,1.0,1.0,0.0,1.0,1.0,1.0,1.0
0.8740918283274661,0.475,1.0,0.8757211659358214,0.0,0.0,0.8913304548062032,0.1573808387914731,0.15096133663822744,0.8901103448611621,0.9337057898673505,0.830902099609375,0.26921433367926256,0.25172061224801234,0.8788481351576107,0.5,0.0,0.0,0.0,0.0,0.0,0.0011654797683556817,0.026546197042147224,0.014705162146638407,0.0,0.0,0.0,0.0,0.0,1.0,1.0
0.0,0.0,0.0,0.8757211659358214,0.0,0.0,0.0,0.0,0.0,0.8901103448611621,0.7306101265436339,0.4442596435546875,0.7564861730053111,0.8668833646171924,0.0,0.0,0.0,0.0,0.0,0.0,0.0,0.0011654797683556817,0.026546197042147224,0.014705162146638407,1.0,0.0,1.0,0.0,1.0,1.0,1.0
0.8740918283274661,0.21785714285714283,0.0,0.8757211659358214,1.0,0.0,0.0,0.0,0.0,0.8901103448611621,0.9337057898673505,0.830902099609375,0.26921433367926256,0.25172061224801234,0.0,0.0,0.0,0.0,0.0,0.0,0.0,0.0011654797683556817,0.026546197042147224,0.014705162146638407,0.0,0.0,1.0,0.0,1.0,1.0,1.0
0.8740918283274661,0.5785714285714285,1.0,0.8757211659358214,0.0,0.0,0.0,0.0,0.0,0.8901103448611621,0.7306101265436339,0.4442596435546875,0.7564861730053111,0.8668833646171924,0.8788481351576107,0.5,0.0,0.0,0.0,0.0,0.0,0.0011654797683556817,0.026546197042147224,0.014705162146638407,0.0,0.0,1.0,0.0,0.0,1.0,1.0
0.8740918283274661,0.48571428571428565,1.0,0.0,0.0,0.0,0.0,0.0,0.0,0.0,0.0,0.0,0.0,0.0,0.8788481351576107,0.5,0.0,0.0,0.0,0.0,0.0,0.0011654797683556817,0.026546197042147224,0.014705162146638407,0.0,1.0,1.0,1.0,0.0,1.0,1.0
0.8740918283274661,0.43571428571428567,1.0,0.8757211659358214,0.0,0.0,0.8913304548062032,0.11842002983223383,0.11521664450195145,0.8901103448611621,0.7306101265436339,0.4442596435546875,0.7564861730053111,0.8668833646171924,0.8788481351576107,0.5,0.0,0.0,0.0,0.0,0.0,0.0011654797683556817,0.026546197042147224,0.014705162146638407,0.0,0.0,0.0,0.0,0.0,1.0,1.0
0.0,0.0,0.0,0.0,0.0,0.0,0.8913304548062032,0.21853302865760096,0.2192116155489887,0.0,0.0,0.0,0.0,0.0,0.0,0.0,0.0,0.0,0.0,0.0,0.0,0.0011654797683556817,0.026546197042147224,0.014705162146638407,1.0,1.0,0.0,1.0,1.0,1.0,1.0
0.8740918283274661,0.42142857142857143,0.0,0.0,0.0,0.0,0.8913304548062032,0.18438132080349484,0.1819187505589497,0.0,0.0,0.0,0.0,0.0,0.8788481351576107,0.5,0.0,0.0,0.0,0.0,0.0,0.0011654797683556817,0.026546197042147224,0.014705162146638407,0.0,1.0,0.0,1.0,0.0,1.0,1.0
0.0,0.0,0.0,0.8757211659358214,0.0,0.0,0.8913304548062032,0.1575378073573075,0.15102012735810902,0.0,0.0,0.0,0.0,0.0,0.8788481351576107,1.0,1.0,0.0,0.0,0.0,0.0,0.0011654797683556817,0.026546197042147224,0.014705162146638407,1.0,0.0,0.0,1.0,0.0,1.0,1.0
0.0,0.0,0.0,0.0,0.0,0.0,0.0,0.0,0.0,0.018524694318201182,0.3824701195219123,0.719573974609375,0.3878426225505159,0.8469074760792932,0.0,0.0,0.0,0.0,0.0,0.0,0.0,0.0011654797683556817,0.026546197042147224,0.014705162146638407,1.0,1.0,1.0,0.0,1.0,1.0,1.0
0.0,0.0,0.0,0.0,0.0,0.0,0.0,0.0,0.0,0.018524694318201182,0.3824701195219123,0.719573974609375,0.3878426225505159,0.8469074760792932,0.0,0.0,0.0,0.0,0.0,0.0,0.0,0.0011654797683556817,0.026546197042147224,0.014705162146638407,1.0,1.0,1.0,0.0,1.0,1.0,1.0
0.0,0.0,0.0,0.0,0.0,0.0,0.0,0.0,0.0,0.018524694318201182,0.3704263406145532,0.14715576171875,0.283957023380746,0.9012040470631324,0.0,0.0,0.0,0.0,0.0,0.0,0.0,0.0011654797683556817,0.026546197042147224,0.014705162146638407,1.0,1.0,1.0,0.0,1.0,1.0,1.0
0.0,0.0,0.0,0.0,0.0,0.0,0.0,0.0,0.0,0.018524694318201182,0.24994275770481292,0.1796722412109375,0.8751297234601062,0.3449770330693281,0.0,0.0,0.0,0.0,0.0,0.0,0.0,0.0011654797683556817,0.026546197042147224,0.014705162146638407,1.0,1.0,1.0,0.0,1.0,1.0,1.0
0.0,0.0,0.0,0.0,0.0,0.0,0.0,0.0,0.0,0.018524694318201182,0.5031063485521515,0.6379241943359375,0.3505890971247177,0.13569564620244473,0.0,0.0,0.0,0.0,0.0,0.0,0.0,0.0011654797683556817,0.026546197042147224,0.014705162146638407,1.0,1.0,1.0,0.0,1.0,1.0,1.0
0.0,0.0,0.0,0.0,0.0,0.0,0.0,0.0,0.0,0.018524694318201182,0.5031063485521515,0.6379241943359375,0.3505890971247177,0.13569564620244473,0.0,0.0,0.0,0.0,0.0,0.0,0.0,0.0011654797683556817,0.026546197042147224,0.014705162146638407,1.0,1.0,1.0,0.0,1.0,1.0,1.0
0.0,0.0,0.0,0.0,0.0,0.0,0.0,0.0,0.0,0.018524694318201182,0.7363190914502907,0.7937774658203125,0.7670471888163116,0.7454104289703796,0.0,0.0,0.0,0.0,0.0,0.0,0.0,0.0011654797683556817,0.026546197042147224,0.014705162146638407,1.0,1.0,1.0,0.0,1.0,1.0,1.0
0.0,0.0,0.0,0.0,0.0,0.0,0.0,0.0,0.0,0.018524694318201182,0.5031063485521515,0.6379241943359375,0.3505890971247177,0.13569564620244473,0.0,0.0,0.0,0.0,0.0,0.0,0.0,0.0011654797683556817,0.026546197042147224,0.014705162146638407,1.0,1.0,1.0,0.0,1.0,1.0,1.0
0.0,0.0,0.0,0.0,0.0,0.0,0.0,0.0,0.0,0.018524694318201182,0.5150738043992612,0.7600250244140625,0.08012331359501862,0.4742175220131545,0.0,0.0,0.0,0.0,0.0,0.0,0.0,0.0011654797683556817,0.026546197042147224,0.014705162146638407,1.0,1.0,1.0,0.0,1.0,1.0,1.0
0.0,0.0,0.0,0.0,0.0,0.0,0.0,0.0,0.0,0.018524694318201182,0.5150738043992612,0.7600250244140625,0.08012331359501862,0.4742175220131545,0.0,0.0,0.0,0.0,0.0,0.0,0.0,0.0011654797683556817,0.026546197042147224,0.014705162146638407,1.0,1.0,1.0,0.0,1.0,1.0,1.0
0.0,0.0,0.0,0.0,0.0,0.0,0.0,0.0,0.0,0.018524694318201182,0.5150738043992612,0.7600250244140625,0.08012331359501862,0.4742175220131545,0.0,0.0,0.0,0.0,0.0,0.0,0.0,0.0011654797683556817,0.026546197042147224,0.014705162146638407,1.0,1.0,1.0,0.0,1.0,1.0,1.0
0.0,0.0,0.0,0.0,0.0,0.0,0.0,0.0,0.0,0.018524694318201182,0.20988841568591535,0.459808349609375,0.1851535315304316,0.19890430191213054,0.0,0.0,0.0,0.0,0.0,0.0,0.0,0.0011654797683556817,0.026546197042147224,0.014705162146638407,1.0,1.0,1.0,0.0,1.0,1.0,1.0
0.0,0.0,0.0,0.0,0.0,0.0,0.0,0.0,0.0,0.018524694318201182,0.20988841568591535,0.459808349609375,0.1851535315304316,0.19890430191213054,0.0,0.0,0.0,0.0,0.0,0.0,0.0,0.0011654797683556817,0.026546197042147224,0.014705162146638407,1.0,1.0,1.0,0.0,1.0,1.0,1.0
0.0,0.0,0.0,0.0,0.0,0.0,0.0,0.0,0.0,0.018524694318201182,0.20988841568591535,0.459808349609375,0.1851535315304316,0.19890430191213054,0.0,0.0,0.0,0.0,0.0,0.0,0.0,0.0011654797683556817,0.026546197042147224,0.014705162146638407,1.0,1.0,1.0,0.0,1.0,1.0,1.0
0.0,0.0,0.0,0.0,0.0,0.0,0.0,0.0,0.0,0.018524694318201182,0.20988841568591535,0.459808349609375,0.1851535315304316,0.19890430191213054,0.0,0.0,0.0,0.0,0.0,0.0,0.0,0.0011654797683556817,0.026546197042147224,0.014705162146638407,1.0,1.0,1.0,0.0,1.0,1.0,1.0
0.0,0.0,0.0,0.0,0.0,0.0,0.0,0.0,0.0,0.018524694318201182,0.9773931095541206,0.380035400390625,0.43083450338807155,0.41412199178989456,0.0,0.0,0.0,0.0,0.0,0.0,0.0,0.0011654797683556817,0.026546197042147224,0.014705162146638407,1.0,1.0,1.0,0.0,1.0,1.0,1.0
0.0,0.0,0.0,0.0,0.0,0.0,0.0,0.0,0.0,0.018524694318201182,0.9773931095541206,0.380035400390625,0.43083450338807155,0.41412199178989456,0.0,0.0,0.0,0.0,0.0,0.0,0.0,0.0011654797683556817,0.026546197042147224,0.014705162146638407,1.0,1.0,1.0,0.0,1.0,1.0,1.0
0.0,0.0,0.0,0.0,0.0,0.0,0.0,0.0,0.0,0.018524694318201182,0.5150738043992612,0.7600250244140625,0.08012331359501862,0.4742175220131545,0.0,0.0,0.0,0.0,0.0,0.0,0.0,0.0011654797683556817,0.026546197042147224,0.014705162146638407,1.0,1.0,1.0,0.0,1.0,1.0,1.0
0.0,0.0,0.0,0.0,0.0,0.0,0.0,0.0,0.0,0.018524694318201182,0.9773931095541206,0.380035400390625,0.43083450338807155,0.41412199178989456,0.0,0.0,0.0,0.0,0.0,0.0,0.0,0.0011654797683556817,0.026546197042147224,0.014705162146638407,1.0,1.0,1.0,0.0,1.0,1.0,1.0
0.0,0.0,0.0,0.0,0.0,0.0,0.0,0.0,0.0,0.018524694318201182,0.954694631435942,0.2906646728515625,0.29705146205970334,0.06737475011063804,0.0,0.0,0.0,0.0,0.0,0.0,0.0,0.0011654797683556817,0.026546197042147224,0.014705162146638407,1.0,1.0,1.0,0.0,1.0,1.0,1.0
0.9706898997126681,0.20714285714285713,0.0,0.9724992994901247,0.0,0.0,0.0,0.0,0.0,0.0,0.0,0.0,0.0,0.0,0.0,0.0,0.0,0.0,0.0,0.0,0.0,0.0011654797683556817,0.026546197042147224,0.014705162146638407,0.0,0.0,1.0,1.0,1.0,1.0,1.0
0.9706898997126681,0.23571428571428568,0.0,0.9724992994901247,0.0,0.0,0.9898336098647786,0.039939344398797316,0.04494206687789938,0.0,0.0,0.0,0.0,0.0,0.0,0.0,0.0,0.0,0.0,0.0,0.9865730150766588,0.6406574445787602,0.5800127924038457,0.29125785802803933,0.0,0.0,0.0,1.0,1.0,1.0,0.0
0.9706898997126681,0.2857142857142857,0.0,0.0,0.0,0.0,0.9898336098647786,0.01596414137741476,0.014710566486533457,0.0,0.0,0.0,0.0,0.0,0.9759718378916233,0.5,0.0,0.9748920541187891,0.5673037925907711,1.0,0.9865730150766588,0.4661122363058915,0.5432124726920549,0.11294930980283549,0.0,1.0,0.0,1.0,0.0,0.0,0.0
0.0,0.0,0.0,0.9724992994901247,0.0,0.0,0.9898336098647786,0.02408628304642304,0.02253647094766983,0.0,0.0,0.0,0.0,0.0,0.0,0.0,0.0,0.0,0.0,0.0,0.9865730150766588,0.6837282241454646,0.6993575951683344,0.06387437008861009,1.0,0.0,0.0,1.0,1.0,1.0,0.0
0.9706898997126681,0.6821428571428572,1.0,0.9724992994901247,0.0,0.0,0.9898336098647786,0.05338185501963002,0.05595606664060143,0.0,0.0,0.0,0.0,0.0,0.9759718378916233,0.5,0.0,0.9748920541187891,0.6241281652767867,1.0,0.0,0.0011654797683556817,0.026546197042147224,0.014705162146638407,0.0,0.0,0.0,1.0,0.0,0.0,1.0
0.9706898997126681,0.7214285714285713,1.0,0.9724992994901247,0.0,0.0,0.9898336098647786,0.0400508031662964,0.04494338970429873,0.0,0.0,0.0,0.0,0.0,0.9759718378916233,0.5,0.0,0.9748920541187891,0.23317883723934063,1.0,0.9865730150766588,0.32359191138983756,0.5866493187316899,0.30098807149630213,0.0,0.0,0.0,1.0,0.0,0.0,0.0
0.9706898997126681,0.9464285714285714,1.0,0.9724992994901247,1.0,0.0,0.9898336098647786,0.024090919844846598,0.02262687078051104,0.0,0.0,0.0,0.0,0.0,0.0,0.0,0.0,0.0,0.0,0.0,0.0,0.0011654797683556817,0.026546197042147224,0.014705162146638407,0.0,0.0,0.0,1.0,1.0,1.0,1.0
0.9706898997126681,0.3571428571428571,0.0,0.9724992994901247,0.0,0.0,0.9898336098647786,0.05339711342430756,0.056090874779593736,0.0,0.0,0.0,0.0,0.0,0.9759718378916233,0.5,0.0,0.9748920541187891,0.6059118463835294,1.0,0.0,0.0011654797683556817,0.026546197042147224,0.014705162146638407,0.0,0.0,0.0,1.0,0.0,0.0,1.0
0.0,0.0,0.0,0.0,0.0,0.0,0.0,0.0,0.0,0.0,0.0,0.0,0.0,0.0,0.9759718378916233,1.0,1.0,0.9748920541187891,0.524702217199664,1.0,0.9865730150766588,0.315428817461585,0.5866493187316899,0.30098807149630213,1.0,1.0,1.0,1.0,0.0,0.0,0.0
0.9706898997126681,0.3571428571428571,0.0,0.9724992994901247,0.0,0.0,0.9898336098647786,0.040059462153560196,0.044996601936128366,0.0,0.0,0.0,0.0,0.0,0.9759718378916233,1.0,1.0,0.9748920541187891,0.22090310783506872,1.0,0.0,0.0011654797683556817,0.026546197042147224,0.014705162146638407,0.0,0.0,0.0,1.0,0.0,0.0,1.0
0.9706898997126681,0.22499999999999998,0.0,0.9724992994901247,0.0,0.0,0.9898336098647786,0.01640356521386934,0.014739845052717138,0.0,0.0,0.0,0.0,0.0,0.0,0.0,0.0,0.0,0.0,0.0,0.9865730150766588,0.6965773276107926,0.6993575951683344,0.06387437008861009,0.0,0.0,0.0,1.0,1.0,1.0,0.0
0.9706898997126681,0.3571428571428571,0.0,0.9724992994901247,0.0,0.0,0.0,0.0,0.0,0.0,0.0,0.0,0.0,0.0,0.0,0.0,0.0,0.0,0.0,0.0,0.9865730150766588,0.6379206540417862,0.5800127924038457,0.24402712343281105,0.0,0.0,1.0,1.0,1.0,1.0,0.0
0.0,0.0,0.0,0.0,0.0,0.0,0.9898336098647786,0.05346075145271684,0.056134448912633236,0.0,0.0,0.0,0.0,0.0,0.0,0.0,0.0,0.0,0.0,0.0,0.9865730150766588,0.46855096727596457,0.5432124726920549,0.11294930980283549,1.0,1.0,0.0,1.0,1.0,1.0,0.0
0.9706898997126681,0.5071428571428571,1.0,0.9724992994901247,1.0,0.0,0.9898336098647786,0.024250034829314784,0.02264515562733436,0.0,0.0,0.0,0.0,0.0,0.9759718378916233,1.0,1.0,0.9748920541187891,0.21944244179218586,1.0,0.0,0.0011654797683556817,0.026546197042147224,0.014705162146638407,0.0,0.0,0.0,1.0,0.0,0.0,1.0
0.9706898997126681,0.7428571428571429,1.0,0.9724992994901247,0.0,0.0,0.0,0.0,0.0,0.0,0.0,0.0,0.0,0.0,0.9759718378916233,0.5,0.0,0.9748920541187891,0.4942470678885451,1.0,0.9865730150766588,0.32880827426380743,0.5866493187316899,0.30098807149630213,0.0,0.0,1.0,1.0,0.0,0.0,0.0
0.9706898997126681,0.6607142857142857,1.0,0.9724992994901247,0.0,0.0,0.9898336098647786,0.0401488840233168,0.04517276702191575,0.0,0.0,0.0,0.0,0.0,0.0,0.0,0.0,0.0,0.0,0.0,0.0,0.0011654797683556817,0.026546197042147224,0.014705162146638407,0.0,0.0,0.0,1.0,1.0,1.0,1.0
0.9707138042094225,0.07142857142857142,0.0,0.9725232485456936,0.0,0.0,0.9898579858002051,0.04016678650106062,0.04520463264718129,0.0,0.0,0.0,0.0,0.0,0.0,0.0,0.0,0.0,0.0,0.0,0.0,0.0011654797683556817,0.026546197042147224,0.014705162146638407,0.0,0.0,0.0,1.0,1.0,1.0,1.0
0.9707138042094225,0.3964285714285714,0.0,0.9725232485456936,0.0,0.0,0.0,0.0,0.0,0.0,0.0,0.0,0.0,0.0,0.0,0.0,0.0,0.0,0.0,0.0,0.0,0.0011654797683556817,0.026546197042147224,0.014705162146638407,0.0,0.0,1.0,1.0,1.0,1.0,1.0
0.9707138042094225,0.9785714285714284,1.0,0.9725232485456936,0.0,0.0,0.0,0.0,0.0,0.0,0.0,0.0,0.0,0.0,0.0,0.0,0.0,0.0,0.0,0.0,0.9865973107157131,0.3283325224099731,0.5866493187316899,0.30098807149630213,0.0,0.0,1.0,1.0,1.0,1.0,0.0
0.9707138042094225,0.8428571428571429,1.0,0.9725232485456936,0.0,0.0,0.9898579858002051,0.04017745685528255,0.04533408242739155,0.0,0.0,0.0,0.0,0.0,0.0,0.0,0.0,0.0,0.0,0.0,0.9865973107157131,0.6971774868846375,0.7086193945153635,0.06046450634752784,0.0,0.0,0.0,1.0,1.0,1.0,0.0
0.0,0.0,0.0,0.0,0.0,0.0,0.906589790383206,0.29022257669712803,0.30657109220174605,0.0,0.0,0.0,0.0,0.0,0.8938937768085614,0.5,0.0,0.0,0.0,0.0,0.0,0.0011654797683556817,0.026546197042147224,0.014705162146638407,1.0,1.0,0.0,1.0,0.0,1.0,1.0
0.0,0.0,0.0,0.0,0.0,0.0,0.906589790383206,0.30389819862902223,0.3129670374933976,0.0,0.0,0.0,0.0,0.0,0.8938937768085614,0.5,0.0,0.0,0.0,0.0,0.0,0.0011654797683556817,0.026546197042147224,0.014705162146638407,1.0,1.0,0.0,1.0,0.0,1.0,1.0
0.0,0.0,0.0,0.0,0.0,0.0,0.906589790383206,0.2902243921637543,0.3067141734805846,0.0,0.0,0.0,0.0,0.0,0.0,0.0,0.0,0.0,0.0,0.0,0.0,0.0011654797683556817,0.026546197042147224,0.014705162146638407,1.0,1.0,0.0,1.0,1.0,1.0,1.0
0.0,0.0,0.0,0.0,0.0,0.0,0.906589790383206,0.3040090514718164,0.313096599187607,0.0,0.0,0.0,0.0,0.0,0.8938937768085614,1.0,1.0,0.0,0.0,0.0,0.0,0.0011654797683556817,0.026546197042147224,0.014705162146638407,1.0,1.0,0.0,1.0,0.0,1.0,1.0
0.0,0.0,0.0,0.0,0.0,0.0,0.906589790383206,0.2902740598566967,0.3067874842911207,0.0,0.0,0.0,0.0,0.0,0.8938937768085614,0.5,0.0,0.0,0.0,0.0,0.0,0.0011654797683556817,0.026546197042147224,0.014705162146638407,1.0,1.0,0.0,1.0,0.0,1.0,1.0
0.0,0.0,0.0,0.0,0.0,0.0,0.906589790383206,0.3040664285386998,0.31309778241447606,0.0,0.0,0.0,0.0,0.0,0.8938937768085614,1.0,1.0,0.0,0.0,0.0,0.0,0.0011654797683556817,0.026546197042147224,0.014705162146638407,1.0,1.0,0.0,1.0,0.0,1.0,1.0
0.0,0.0,0.0,0.0,0.0,0.0,0.906589790383206,0.29030246231605883,0.3069705067094506,0.0,0.0,0.0,0.0,0.0,0.8938937768085614,0.5,0.0,0.0,0.0,0.0,0.0,0.0011654797683556817,0.026546197042147224,0.014705162146638407,1.0,1.0,0.0,1.0,0.0,1.0,1.0
0.0,0.0,0.0,0.0,0.0,0.0,0.906589790383206,0.2904944637189887,0.3071687534233585,0.0,0.0,0.0,0.0,0.0,0.8938937768085614,0.5,0.0,0.0,0.0,0.0,0.0,0.0011654797683556817,0.026546197042147224,0.014705162146638407,1.0,1.0,0.0,1.0,0.0,1.0,1.0
0.0,0.0,0.0,0.0,0.0,0.0,0.906589790383206,0.30422661439774246,0.3131415121870758,0.0,0.0,0.0,0.0,0.0,0.8938937768085614,0.5,0.0,0.0,0.0,0.0,0.0,0.0011654797683556817,0.026546197042147224,0.014705162146638407,1.0,1.0,0.0,1.0,0.0,1.0,1.0
0.0,0.0,0.0,0.0,0.0,0.0,0.906589790383206,0.29061900033260163,0.30718854216947666,0.0,0.0,0.0,0.0,0.0,0.8938937768085614,1.0,1.0,0.0,0.0,0.0,0.0,0.0011654797683556817,0.026546197042147224,0.014705162146638407,1.0,1.0,0.0,1.0,0.0,1.0,1.0
0.0,0.0,0.0,0.0,0.0,0.0,0.906589790383206,0.3042519369957374,0.3131668385887495,0.0,0.0,0.0,0.0,0.0,0.8938937768085614,0.5,0.0,0.0,0.0,0.0,0.0,0.0011654797683556817,0.026546197042147224,0.014705162146638407,1.0,1.0,0.0,1.0,0.0,1.0,1.0
0.0,0.0,0.0,0.0,0.0,0.0,0.906589790383206,0.304322051399727,0.31322140710032864,0.0,0.0,0.0,0.0,0.0,0.8938937768085614,0.5,0.0,0.0,0.0,0.0,0.0,0.0011654797683556817,0.026546197042147224,0.014705162146638407,1.0,1.0,0.0,1.0,0.0,1.0,1.0
0.0,0.0,0.0,0.0,0.0,0.0,0.0,0.0,0.0,0.0,0.0,0.0,0.0,0.0,0.8938937768085614,0.5,0.0,0.0,0.0,0.0,0.0,0.0011654797683556817,0.026546197042147224,0.014705162146638407,1.0,1.0,1.0,1.0,0.0,1.0,1.0
0.0,0.0,0.0,0.0,0.0,0.0,0.9066141663186326,0.3043261087641416,0.31332924755439706,0.0,0.0,0.0,0.0,0.0,0.8939178113798888,1.0,1.0,0.0,0.0,0.0,0.0,0.0011654797683556817,0.026546197042147224,0.014705162146638407,1.0,1.0,0.0,1.0,0.0,1.0,1.0
0.0,0.0,0.0,0.0,0.0,0.0,0.9066141663186326,0.29088866616956377,0.30747788233765916,0.0,0.0,0.0,0.0,0.0,0.8939178113798888,1.0,1.0,0.0,0.0,0.0,0.0,0.0011654797683556817,0.026546197042147224,0.014705162146638407,1.0,1.0,0.0,1.0,0.0,1.0,1.0
0.0,0.0,0.0,0.0,0.0,0.0,0.9066141663186326,0.304338076453867,0.3134757787214188,0.0,0.0,0.0,0.0,0.0,0.8939178113798888,0.5,0.0,0.0,0.0,0.0,0.0,0.0011654797683556817,0.026546197042147224,0.014705162146638407,1.0,1.0,0.0,1.0,0.0,1.0,1.0
0.0,0.0,0.0,0.0,0.0,0.0,0.9066141663186326,0.29093562737823236,0.3074852807099344,0.0,0.0,0.0,0.0,0.0,0.8939178113798888,0.5,0.0,0.0,0.0,0.0,0.0,0.0011654797683556817,0.026546197042147224,0.014705162146638407,1.0,1.0,0.0,1.0,0.0,1.0,1.0
0.0,0.0,0.0,0.0,0.0,0.0,0.0,0.0,0.0,0.0,0.0,0.0,0.0,0.0,0.8939178113798888,0.5,0.0,0.0,0.0,0.0,0.0,0.0011654797683556817,0.026546197042147224,0.014705162146638407,1.0,1.0,1.0,1.0,0.0,1.0,1.0
0.0,0.0,0.0,0.0,0.0,0.0,0.9066141663186326,0.29114055653150145,0.3074855130706427,0.0,0.0,0.0,0.0,0.0,0.8939178113798888,1.0,1.0,0.0,0.0,0.0,0.0,0.0011654797683556817,0.026546197042147224,0.014705162146638407,1.0,1.0,0.0,1.0,0.0,1.0,1.0
0.0,0.0,0.0,0.0,0.0,0.0,0.9066141663186326,0.3044317626715831,0.3134842024837384,0.0,0.0,0.0,0.0,0.0,0.0,0.0,0.0,0.0,0.0,0.0,0.0,0.0011654797683556817,0.026546197042147224,0.014705162146638407,1.0,1.0,0.0,1.0,1.0,1.0,1.0
0.0,0.0,0.0,0.0,0.0,0.0,0.0,0.0,0.0,0.0,0.0,0.0,0.0,0.0,0.9170390689968451,1.0,1.0,0.0,0.0,0.0,0.0,0.0011654797683556817,0.026546197042147224,0.014705162146638407,1.0,1.0,1.0,1.0,0.0,1.0,1.0
0.0,0.0,0.0,0.0,0.0,0.0,0.0,0.0,0.0,0.0,0.0,0.0,0.0,0.0,0.9170390689968451,1.0,1.0,0.0,0.0,0.0,0.0,0.0011654797683556817,0.026546197042147224,0.014705162146638407,1.0,1.0,1.0,1.0,0.0,1.0,1.0
0.0,0.0,0.0,0.0,0.0,0.0,0.0,0.0,0.0,0.0,0.0,0.0,0.0,0.0,0.9170390689968451,0.5,0.0,0.0,0.0,0.0,0.0,0.0011654797683556817,0.026546197042147224,0.014705162146638407,1.0,1.0,1.0,1.0,0.0,1.0,1.0
0.0,0.0,0.0,0.0,0.0,0.0,0.0,0.0,0.0,0.0,0.0,0.0,0.0,0.0,0.9170390689968451,0.5,0.0,0.0,0.0,0.0,0.0,0.0011654797683556817,0.026546197042147224,0.014705162146638407,1.0,1.0,1.0,1.0,0.0,1.0,1.0
0.0,0.0,0.0,0.0,0.0,0.0,0.0,0.0,0.0,0.0,0.0,0.0,0.0,0.0,0.9170390689968451,1.0,1.0,0.0,0.0,0.0,0.0,0.0011654797683556817,0.026546197042147224,0.014705162146638407,1.0,1.0,1.0,1.0,0.0,1.0,1.0
0.0,0.0,0.0,0.0,0.0,0.0,0.0,0.0,0.0,0.0,0.0,0.0,0.0,0.0,0.9170631035681724,1.0,1.0,0.0,0.0,0.0,0.0,0.0011654797683556817,0.026546197042147224,0.014705162146638407,1.0,1.0,1.0,1.0,0.0,1.0,1.0
0.0,0.0,0.0,0.0,0.0,0.0,0.0,0.0,0.0,0.0,0.0,0.0,0.0,0.0,0.9170631035681724,0.5,0.0,0.0,0.0,0.0,0.0,0.0011654797683556817,0.026546197042147224,0.014705162146638407,1.0,1.0,1.0,1.0,0.0,1.0,1.0
0.0,0.0,0.0,0.0,0.0,0.0,0.0,0.0,0.0,0.0,0.0,0.0,0.0,0.0,0.9170631035681724,0.5,0.0,0.0,0.0,0.0,0.0,0.0011654797683556817,0.026546197042147224,0.014705162146638407,1.0,1.0,1.0,1.0,0.0,1.0,1.0
0.0,0.0,0.0,0.0,0.0,0.0,0.0,0.0,0.0,0.0,0.0,0.0,0.0,0.0,0.9170631035681724,1.0,1.0,0.0,0.0,0.0,0.0,0.0011654797683556817,0.026546197042147224,0.014705162146638407,1.0,1.0,1.0,1.0,0.0,1.0,1.0
0.0,0.0,0.0,0.0,0.0,0.0,0.0,0.0,0.0,0.0,0.0,0.0,0.0,0.0,0.9170631035681724,0.5,0.0,0.0,0.0,0.0,0.0,0.0011654797683556817,0.026546197042147224,0.014705162146638407,1.0,1.0,1.0,1.0,0.0,1.0,1.0
0.0,0.0,0.0,0.0,0.0,0.0,0.0,0.0,0.0,0.0,0.0,0.0,0.0,0.0,0.9170631035681724,0.5,0.0,0.0,0.0,0.0,0.0,0.0011654797683556817,0.026546197042147224,0.014705162146638407,1.0,1.0,1.0,1.0,0.0,1.0,1.0
0.0,0.0,0.0,0.0,0.0,0.0,0.0,0.0,0.0,0.0,0.0,0.0,0.0,0.0,0.9170631035681724,1.0,1.0,0.0,0.0,0.0,0.0,0.0011654797683556817,0.026546197042147224,0.014705162146638407,1.0,1.0,1.0,1.0,0.0,1.0,1.0
0.0,0.0,0.0,0.0,0.0,0.0,0.0,0.0,0.0,0.0,0.0,0.0,0.0,0.0,0.9170631035681724,0.5,0.0,0.0,0.0,0.0,0.0,0.0011654797683556817,0.026546197042147224,0.014705162146638407,1.0,1.0,1.0,1.0,0.0,1.0,1.0
0.0,0.0,0.0,0.0,0.0,0.0,0.0,0.0,0.0,0.0,0.0,0.0,0.0,0.0,0.9170631035681724,1.0,1.0,0.0,0.0,0.0,0.0,0.0011654797683556817,0.026546197042147224,0.014705162146638407,1.0,1.0,1.0,1.0,0.0,1.0,1.0
0.0,0.0,0.0,0.0,0.0,0.0,0.0,0.0,0.0,0.0,0.0,0.0,0.0,0.0,0.9170631035681724,0.5,0.0,0.0,0.0,0.0,0.0,0.0011654797683556817,0.026546197042147224,0.014705162146638407,1.0,1.0,1.0,1.0,0.0,1.0,1.0
0.0,0.0,0.0,0.0,0.0,0.0,0.0,0.0,0.0,0.0,0.0,0.0,0.0,0.0,0.9170631035681724,1.0,1.0,0.0,0.0,0.0,0.0,0.0011654797683556817,0.026546197042147224,0.014705162146638407,1.0,1.0,1.0,1.0,0.0,1.0,1.0
0.0,0.0,0.0,0.0,0.0,0.0,0.0,0.0,0.0,0.0,0.0,0.0,0.0,0.0,0.9170631035681724,0.5,0.0,0.0,0.0,0.0,0.0,0.0011654797683556817,0.026546197042147224,0.014705162146638407,1.0,1.0,1.0,1.0,0.0,1.0,1.0
0.0,0.0,0.0,0.0,0.0,0.0,0.0,0.0,0.0,0.0,0.0,0.0,0.0,0.0,0.9170631035681724,1.0,1.0,0.0,0.0,0.0,0.0,0.0011654797683556817,0.026546197042147224,0.014705162146638407,1.0,1.0,1.0,1.0,0.0,1.0,1.0
0.0,0.0,0.0,0.0,0.0,0.0,0.0,0.0,0.0,0.0,0.0,0.0,0.0,0.0,0.9170631035681724,0.5,0.0,0.0,0.0,0.0,0.0,0.0011654797683556817,0.026546197042147224,0.014705162146638407,1.0,1.0,1.0,1.0,0.0,1.0,1.0
0.0,0.0,0.0,0.0,0.0,0.0,0.0,0.0,0.0,0.0,0.0,0.0,0.0,0.0,0.9170871381394998,1.0,1.0,0.0,0.0,0.0,0.0,0.0011654797683556817,0.026546197042147224,0.014705162146638407,1.0,1.0,1.0,1.0,0.0,1.0,1.0
0.0,0.0,0.0,0.0,0.0,0.0,0.0,0.0,0.0,0.0,0.0,0.0,0.0,0.0,0.0,0.0,0.0,0.0,0.0,0.0,0.9872047016920698,0.5787942942465082,0.539454312641252,0.07040911511004405,1.0,1.0,1.0,1.0,1.0,1.0,0.0
0.0,0.0,0.0,0.0,0.0,0.0,0.9904673841858682,0.04264237272698516,0.037329626633039806,0.0,0.0,0.0,0.0,0.0,0.0,0.0,0.0,0.0,0.0,0.0,0.9872047016920698,0.6431517124531844,0.7520626703184865,0.22441379480201448,1.0,1.0,0.0,1.0,1.0,1.0,0.0
0.9713114166282867,0.3071428571428571,0.0,0.9731219749349185,0.0,0.0,0.9904673841858682,0.06445536598343747,0.06996540699834923,0.0,0.0,0.0,0.0,0.0,0.0,0.0,0.0,0.0,0.0,0.0,0.0,0.0011654797683556817,0.026546197042147224,0.014705162146638407,0.0,0.0,0.0,1.0,1.0,1.0,1.0
0.0,0.0,0.0,0.9731219749349185,0.0,0.0,0.9904673841858682,0.08059389425516553,0.0813993365769626,0.0,0.0,0.0,0.0,0.0,0.9765967367461357,1.0,1.0,0.9755162616053576,0.9116638829158883,0.5,0.0,0.0011654797683556817,0.026546197042147224,0.014705162146638407,1.0,0.0,0.0,1.0,0.0,0.0,1.0
0.0,0.0,0.0,0.9731219749349185,0.0,0.0,0.9904673841858682,0.04880045801664756,0.04863593814427283,0.0,0.0,0.0,0.0,0.0,0.9765967367461357,0.5,0.0,0.0,0.0,0.0,0.9872047016920698,0.1655622788173745,0.44112414190364513,0.3266232858158518,1.0,0.0,0.0,1.0,0.0,1.0,0.0
0.0,0.0,0.0,0.0,0.0,0.0,0.0,0.0,0.0,0.0,0.0,0.0,0.0,0.0,0.9765967367461357,0.5,0.0,0.9755162616053576,0.6839676766843352,1.0,0.0,0.0011654797683556817,0.026546197042147224,0.014705162146638407,1.0,1.0,1.0,1.0,0.0,0.0,1.0
0.9713114166282867,0.6214285714285713,1.0,0.9731219749349185,0.0,0.0,0.0,0.0,0.0,0.0,0.0,0.0,0.0,0.0,0.0,0.0,0.0,0.9755162616053576,0.6264063182465001,1.0,0.0,0.0011654797683556817,0.026546197042147224,0.014705162146638407,0.0,0.0,1.0,1.0,1.0,0.0,1.0
0.9713114166282867,0.5607142857142856,1.0,0.9731219749349185,1.0,0.0,0.0,0.0,0.0,0.0,0.0,0.0,0.0,0.0,0.0,0.0,0.0,0.0,0.0,0.0,0.0,0.0011654797683556817,0.026546197042147224,0.014705162146638407,0.0,0.0,1.0,1.0,1.0,1.0,1.0
0.9713114166282867,0.4035714285714286,0.0,0.9731219749349185,0.0,0.0,0.9904673841858682,0.06459817071180772,0.07011640932372769,0.0,0.0,0.0,0.0,0.0,0.0,0.0,0.0,0.0,0.0,0.0,0.0,0.0011654797683556817,0.026546197042147224,0.014705162146638407,0.0,0.0,0.0,1.0,1.0,1.0,1.0
0.0,0.0,0.0,0.0,0.0,0.0,0.9904673841858682,0.04267219770765001,0.03751522034507969,0.0,0.0,0.0,0.0,0.0,0.0,0.0,0.0,0.0,0.0,0.0,0.9872047016920698,0.343468620939678,0.5172026833063113,0.308732469555513,1.0,1.0,0.0,1.0,1.0,1.0,0.0
0.0,0.0,0.0,0.0,0.0,0.0,0.0,0.0,0.0,0.0,0.0,0.0,0.0,0.0,0.0,0.0,0.0,0.0,0.0,0.0,0.9872047016920698,0.5676071405567117,0.539454312641252,0.07040911511004405,1.0,1.0,1.0,1.0,1.0,1.0,0.0
0.9713114166282867,0.42142857142857143,0.0,0.0,0.0,0.0,0.9904673841858682,0.0806570029602239,0.081479289937448,0.0,0.0,0.0,0.0,0.0,0.0,0.0,0.0,0.0,0.0,0.0,0.9872047016920698,0.6387422661799808,0.7635790776598121,0.22441379480201448,0.0,1.0,0.0,1.0,1.0,1.0,0.0
0.0,0.0,0.0,0.0,0.0,0.0,0.9904673841858682,0.048804953622205306,0.04881594571445652,0.0,0.0,0.0,0.0,0.0,0.9765967367461357,1.0,1.0,0.0,0.0,0.0,0.0,0.0011654797683556817,0.026546197042147224,0.014705162146638407,1.0,1.0,0.0,1.0,0.0,1.0,1.0
0.9713114166282867,0.4535714285714285,1.0,0.9731219749349185,0.0,0.0,0.0,0.0,0.0,0.0,0.0,0.0,0.0,0.0,0.9765967367461357,1.0,1.0,0.9755162616053576,0.4168509505416709,1.0,0.0,0.0011654797683556817,0.026546197042147224,0.014705162146638407,0.0,0.0,1.0,1.0,0.0,0.0,1.0
0.9713114166282867,0.48571428571428565,1.0,0.0,0.0,0.0,0.0,0.0,0.0,0.0,0.0,0.0,0.0,0.0,0.9765967367461357,0.5,0.0,0.9755162616053576,0.8985289004788379,1.0,0.9872047016920698,0.15078142531992578,0.44112414190364513,0.3266232858158518,0.0,1.0,1.0,1.0,0.0,0.0,0.0
0.0,0.0,0.0,0.9731219749349185,0.0,0.0,0.0,0.0,0.0,0.0,0.0,0.0,0.0,0.0,0.0,0.0,0.0,0.9755162616053576,0.6027754634582947,1.0,0.9872047016920698,0.33875631716650134,0.5172026833063113,0.308732469555513,1.0,0.0,1.0,1.0,1.0,0.0,0.0
0.0,0.0,0.0,0.9731219749349185,0.0,0.0,0.0,0.0,0.0,0.0,0.0,0.0,0.0,0.0,0.0,0.0,0.0,0.0,0.0,0.0,0.9872047016920698,0.5705465464972711,0.539454312641252,0.0970265086191508,1.0,0.0,1.0,1.0,1.0,1.0,0.0
0.9713114166282867,0.8321428571428571,1.0,0.9731219749349185,0.0,0.0,0.9904673841858682,0.04268017405983961,0.03752763477896756,0.0,0.0,0.0,0.0,0.0,0.0,0.0,0.0,0.0,0.0,0.0,0.0,0.0011654797683556817,0.026546197042147224,0.014705162146638407,0.0,0.0,0.0,1.0,1.0,1.0,1.0
0.9713114166282867,0.6928571428571427,1.0,0.0,0.0,0.0,0.9904673841858682,0.06462162898619322,0.07014199958023241,0.0,0.0,0.0,0.0,0.0,0.9765967367461357,0.5,0.0,0.0,0.0,0.0,0.9872047016920698,0.6302603843531563,0.7635790776598121,0.22441379480201448,0.0,1.0,0.0,1.0,0.0,1.0,0.0
0.0,0.0,0.0,0.0,0.0,0.0,0.9904673841858682,0.08074803175051051,0.08148828074046212,0.0,0.0,0.0,0.0,0.0,0.0,0.0,0.0,0.9755162616053576,0.6470721851056211,1.0,0.0,0.0011654797683556817,0.026546197042147224,0.014705162146638407,1.0,1.0,0.0,1.0,1.0,0.0,1.0
0.0,0.0,0.0,0.0,0.0,0.0,0.0,0.0,0.0,0.0,0.0,0.0,0.0,0.0,0.0,0.0,0.0,0.9248834312525483,0.8214051790431536,1.0,0.0,0.0011654797683556817,0.026546197042147224,0.014705162146638407,1.0,1.0,1.0,1.0,1.0,0.0,1.0
0.0,0.0,0.0,0.0,0.0,0.0,0.0,0.0,0.0,0.0,0.0,0.0,0.0,0.0,0.0,0.0,0.0,0.9248834312525483,0.7763220547389786,1.0,0.0,0.0011654797683556817,0.026546197042147224,0.014705162146638407,1.0,1.0,1.0,1.0,1.0,0.0,1.0
0.0,0.0,0.0,0.0,0.0,0.0,0.0,0.0,0.0,0.0,0.0,0.0,0.0,0.0,0.0,0.0,0.0,0.9248834312525483,0.6973833787891408,1.0,0.0,0.0011654797683556817,0.026546197042147224,0.014705162146638407,1.0,1.0,1.0,1.0,1.0,0.0,1.0
0.0,0.0,0.0,0.0,0.0,0.0,0.0,0.0,0.0,0.0,0.0,0.0,0.0,0.0,0.0,0.0,0.0,0.9248834312525483,0.5969043077219016,1.0,0.0,0.0011654797683556817,0.026546197042147224,0.014705162146638407,1.0,1.0,1.0,1.0,1.0,0.0,1.0
0.0,0.0,0.0,0.0,0.0,0.0,0.0,0.0,0.0,0.0,0.0,0.0,0.0,0.0,0.0,0.0,0.0,0.9248834312525483,0.5547781185920435,1.0,0.0,0.0011654797683556817,0.026546197042147224,0.014705162146638407,1.0,1.0,1.0,1.0,1.0,0.0,1.0
0.0,0.0,0.0,0.0,0.0,0.0,0.0,0.0,0.0,0.0,0.0,0.0,0.0,0.0,0.0,0.0,0.0,0.9248834312525483,0.5099980206774393,1.0,0.0,0.0011654797683556817,0.026546197042147224,0.014705162146638407,1.0,1.0,1.0,1.0,1.0,0.0,1.0
0.0,0.0,0.0,0.0,0.0,0.0,0.0,0.0,0.0,0.0,0.0,0.0,0.0,0.0,0.0,0.0,0.0,0.9248834312525483,0.4905531778820764,1.0,0.0,0.0011654797683556817,0.026546197042147224,0.014705162146638407,1.0,1.0,1.0,1.0,1.0,0.0,1.0
0.0,0.0,0.0,0.0,0.0,0.0,0.0,0.0,0.0,0.0,0.0,0.0,0.0,0.0,0.0,0.0,0.0,0.9248834312525483,0.44162753181690517,1.0,0.0,0.0011654797683556817,0.026546197042147224,0.014705162146638407,1.0,1.0,1.0,1.0,1.0,0.0,1.0
0.0,0.0,0.0,0.0,0.0,0.0,0.0,0.0,0.0,0.0,0.0,0.0,0.0,0.0,0.0,0.0,0.0,0.9248834312525483,0.4031664655798468,1.0,0.0,0.0011654797683556817,0.026546197042147224,0.014705162146638407,1.0,1.0,1.0,1.0,1.0,0.0,1.0
0.0,0.0,0.0,0.0,0.0,0.0,0.0,0.0,0.0,0.0,0.0,0.0,0.0,0.0,0.0,0.0,0.0,0.924907439232801,0.3227220718117283,1.0,0.0,0.0011654797683556817,0.026546197042147224,0.014705162146638407,1.0,1.0,1.0,1.0,1.0,0.0,1.0
0.0,0.0,0.0,0.0,0.0,0.0,0.0,0.0,0.0,0.0,0.0,0.0,0.0,0.0,0.0,0.0,0.0,0.924907439232801,0.3444454367940182,1.0,0.0,0.0011654797683556817,0.026546197042147224,0.014705162146638407,1.0,1.0,1.0,1.0,1.0,0.0,1.0
0.0,0.0,0.0,0.0,0.0,0.0,0.0,0.0,0.0,0.0,0.0,0.0,0.0,0.0,0.0,0.0,0.0,0.924907439232801,0.28761913526634686,1.0,0.0,0.0011654797683556817,0.026546197042147224,0.014705162146638407,1.0,1.0,1.0,1.0,1.0,0.0,1.0
0.0,0.0,0.0,0.0,0.0,0.0,0.0,0.0,0.0,0.0,0.0,0.0,0.0,0.0,0.0,0.0,0.0,0.924907439232801,0.214837495577044,1.0,0.0,0.0011654797683556817,0.026546197042147224,0.014705162146638407,1.0,1.0,1.0,1.0,1.0,0.0,1.0
0.0,0.0,0.0,0.0,0.0,0.0,0.0,0.0,0.0,0.0,0.0,0.0,0.0,0.0,0.0,0.0,0.0,0.924907439232801,0.09094020064232877,0.5,0.0,0.0011654797683556817,0.026546197042147224,0.014705162146638407,1.0,1.0,1.0,1.0,1.0,0.0,1.0
0.0,0.0,0.0,0.0,0.0,0.0,0.0,0.0,0.0,0.0,0.0,0.0,0.0,0.0,0.0,0.0,0.0,0.924907439232801,0.843468533059565,0.5,0.0,0.0011654797683556817,0.026546197042147224,0.014705162146638407,1.0,1.0,1.0,1.0,1.0,0.0,1.0
0.0,0.0,0.0,0.0,0.0,0.0,0.0,0.0,0.0,0.0,0.0,0.0,0.0,0.0,0.0,0.0,0.0,0.924907439232801,0.7794087715830345,1.0,0.0,0.0011654797683556817,0.026546197042147224,0.014705162146638407,1.0,1.0,1.0,1.0,1.0,0.0,1.0
0.0,0.0,0.0,0.0,0.0,0.0,0.0,0.0,0.0,0.0,0.0,0.0,0.0,0.0,0.0,0.0,0.0,0.924907439232801,0.7742403753445473,1.0,0.0,0.0011654797683556817,0.026546197042147224,0.014705162146638407,1.0,1.0,1.0,1.0,1.0,0.0,1.0
0.0,0.0,0.0,0.0,0.0,0.0,0.0,0.0,0.0,0.0,0.0,0.0,0.0,0.0,0.0,0.0,0.0,0.924907439232801,0.6552420590287005,1.0,0.0,0.0011654797683556817,0.026546197042147224,0.014705162146638407,1.0,1.0,1.0,1.0,1.0,0.0,1.0
0.0,0.0,0.0,0.0,0.0,0.0,0.0,0.0,0.0,0.0,0.0,0.0,0.0,0.0,0.0,0.0,0.0,0.924907439232801,0.6257329533496478,1.0,0.0,0.0011654797683556817,0.026546197042147224,0.014705162146638407,1.0,1.0,1.0,1.0,1.0,0.0,1.0
0.0,0.0,0.0,0.0,0.0,0.0,0.0,0.0,0.0,0.0,0.0,0.0,0.0,0.0,0.0,0.0,0.0,0.924907439232801,0.5839677467992299,1.0,0.0,0.0011654797683556817,0.026546197042147224,0.014705162146638407,1.0,1.0,1.0,1.0,1.0,0.0,1.0
0.9178848663818314,0.2857142857142857,0.0,0.0,0.0,0.0,0.0,0.0,0.0,0.0,0.0,0.0,0.0,0.0,0.0,0.0,0.0,0.0,0.0,0.0,0.0,0.0011654797683556817,0.026546197042147224,0.014705162146638407,0.0,1.0,1.0,1.0,1.0,1.0,1.0
0.9178848663818314,0.9142857142857143,1.0,0.0,0.0,0.0,0.0,0.0,0.0,0.0,0.0,0.0,0.0,0.0,0.9228794698294026,1.0,1.0,0.0,0.0,0.0,0.0,0.0011654797683556817,0.026546197042147224,0.014705162146638407,0.0,1.0,1.0,1.0,0.0,1.0,1.0
0.9178848663818314,0.7714285714285715,1.0,0.0,0.0,0.0,0.9359871685075916,0.13644385769325387,0.13685874820706384,0.0,0.0,0.0,0.0,0.0,0.0,0.0,0.0,0.9218584257407162,0.4716604385012251,1.0,0.0,0.0011654797683556817,0.026546197042147224,0.014705162146638407,0.0,1.0,0.0,1.0,1.0,0.0,1.0
0.9178848663818314,0.875,1.0,0.0,0.0,0.0,0.9359871685075916,0.1390003298071662,0.13272498040024608,0.0,0.0,0.0,0.0,0.0,0.9228794698294026,1.0,1.0,0.0,0.0,0.0,0.0,0.0011654797683556817,0.026546197042147224,0.014705162146638407,0.0,1.0,0.0,1.0,0.0,1.0,1.0
0.9178848663818314,0.2857142857142857,0.0,0.0,0.0,0.0,0.0,0.0,0.0,0.0,0.0,0.0,0.0,0.0,0.0,0.0,0.0,0.0,0.0,0.0,0.0,0.0011654797683556817,0.026546197042147224,0.014705162146638407,0.0,1.0,1.0,1.0,1.0,1.0,1.0
0.9178848663818314,0.3964285714285714,0.0,0.0,0.0,0.0,0.9359871685075916,0.13675089723274103,0.13694961356698518,0.0,0.0,0.0,0.0,0.0,0.9228794698294026,0.5,0.0,0.0,0.0,0.0,0.0,0.0011654797683556817,0.026546197042147224,0.014705162146638407,0.0,1.0,0.0,1.0,0.0,1.0,1.0
0.0,0.0,0.0,0.0,0.0,0.0,0.9359871685075916,0.13911536198422542,0.13273539783209098,0.0,0.0,0.0,0.0,0.0,0.0,0.0,0.0,0.9218584257407162,0.4340197847372518,1.0,0.0,0.0011654797683556817,0.026546197042147224,0.014705162146638407,1.0,1.0,0.0,1.0,1.0,0.0,1.0
0.0,0.0,0.0,0.0,0.0,0.0,0.0,0.0,0.0,0.0,0.0,0.0,0.0,0.0,0.9228794698294026,0.5,0.0,0.0,0.0,0.0,0.0,0.0011654797683556817,0.026546197042147224,0.014705162146638407,1.0,1.0,1.0,1.0,0.0,1.0,1.0
0.9178848663818314,0.46428571428571425,1.0,0.0,0.0,0.0,0.0,0.0,0.0,0.0,0.0,0.0,0.0,0.0,0.0,0.0,0.0,0.9218584257407162,0.2593061187574386,1.0,0.0,0.0011654797683556817,0.026546197042147224,0.014705162146638407,0.0,1.0,1.0,1.0,1.0,0.0,1.0
0.9178848663818314,0.07142857142857142,0.0,0.0,0.0,0.0,0.0,0.0,0.0,0.0,0.0,0.0,0.0,0.0,0.0,0.0,0.0,0.0,0.0,0.0,0.0,0.0011654797683556817,0.026546197042147224,0.014705162146638407,0.0,1.0,1.0,1.0,1.0,1.0,1.0
0.9178848663818314,0.425,0.0,0.0,0.0,0.0,0.9359871685075916,0.13686147492114578,0.13706849216177547,0.0,0.0,0.0,0.0,0.0,0.9228794698294026,0.5,0.0,0.0,0.0,0.0,0.0,0.0011654797683556817,0.026546197042147224,0.014705162146638407,0.0,1.0,0.0,1.0,0.0,1.0,1.0
0.0,0.0,0.0,0.0,0.0,0.0,0.9359871685075916,0.13927237620926347,0.13280984177186816,0.0,0.0,0.0,0.0,0.0,0.9228794698294026,0.5,0.0,0.9218584257407162,0.39827552880292094,1.0,0.0,0.0011654797683556817,0.026546197042147224,0.014705162146638407,1.0,1.0,0.0,1.0,0.0,0.0,1.0
0.0,0.0,0.0,0.0,0.0,0.0,0.0,0.0,0.0,0.0,0.0,0.0,0.0,0.0,0.9228794698294026,1.0,1.0,0.0,0.0,0.0,0.0,0.0011654797683556817,0.026546197042147224,0.014705162146638407,1.0,1.0,1.0,1.0,0.0,1.0,1.0
0.9178848663818314,0.5,1.0,0.0,0.0,0.0,0.0,0.0,0.0,0.0,0.0,0.0,0.0,0.0,0.0,0.0,0.0,0.9218584257407162,0.25501301103730967,1.0,0.0,0.0011654797683556817,0.026546197042147224,0.014705162146638407,0.0,1.0,1.0,1.0,1.0,0.0,1.0
0.9178848663818314,0.5178571428571428,1.0,0.0,0.0,0.0,0.0,0.0,0.0,0.0,0.0,0.0,0.0,0.0,0.0,0.0,0.0,0.0,0.0,0.0,0.0,0.0011654797683556817,0.026546197042147224,0.014705162146638407,0.0,1.0,1.0,1.0,1.0,1.0,1.0
0.9178848663818314,0.3964285714285714,0.0,0.0,0.0,0.0,0.9359871685075916,0.1370337479142454,0.13708833466762882,0.0,0.0,0.0,0.0,0.0,0.9228794698294026,1.0,1.0,0.0,0.0,0.0,0.0,0.0011654797683556817,0.026546197042147224,0.014705162146638407,0.0,1.0,0.0,1.0,0.0,1.0,1.0
0.9178848663818314,0.5178571428571428,1.0,0.0,0.0,0.0,0.9359871685075916,0.13936104903551394,0.13290934258222165,0.0,0.0,0.0,0.0,0.0,0.9228794698294026,1.0,1.0,0.9218584257407162,0.36803500109352427,1.0,0.0,0.0011654797683556817,0.026546197042147224,0.014705162146638407,0.0,1.0,0.0,1.0,0.0,0.0,1.0
0.9178848663818314,0.49642857142857144,1.0,0.0,0.0,0.0,0.0,0.0,0.0,0.0,0.0,0.0,0.0,0.0,0.0,0.0,0.0,0.0,0.0,0.0,0.0,0.0011654797683556817,0.026546197042147224,0.014705162146638407,0.0,1.0,1.0,1.0,1.0,1.0,1.0
0.9178848663818314,0.14285714285714285,0.0,0.0,0.0,0.0,0.0,0.0,0.0,0.0,0.0,0.0,0.0,0.0,0.0,0.0,0.0,0.0,0.0,0.0,0.0,0.0011654797683556817,0.026546197042147224,0.014705162146638407,0.0,1.0,1.0,1.0,1.0,1.0,1.0
0.0,0.0,0.0,0.0,0.0,0.0,0.0,0.0,0.0,0.0,0.0,0.0,0.0,0.0,0.9228794698294026,0.5,0.0,0.0,0.0,0.0,0.0,0.0011654797683556817,0.026546197042147224,0.014705162146638407,1.0,1.0,1.0,1.0,0.0,1.0,1.0
0.0,0.0,0.0,0.8267213982416604,0.0,0.0,0.0,0.0,0.0,0.8403054505444215,0.03268153439880325,0.76416015625,0.44647762651852757,0.4366005890521754,0.0,0.0,0.0,0.0,0.0,0.0,0.8386854601533298,0.05639961789593306,0.25063403752958796,0.11355964020059327,1.0,0.0,1.0,0.0,1.0,1.0,0.0
0.0,0.0,0.0,0.8267213982416604,0.0,0.0,0.8414572909235393,0.4182726400513263,0.4118286041292853,0.8403054505444215,0.03268153439880325,0.76416015625,0.44647762651852757,0.4366005890521754,0.0,0.0,0.0,0.0,0.0,0.0,0.8386854601533298,0.07189835420825663,0.25063403752958796,0.11355964020059327,1.0,0.0,0.0,0.0,1.0,1.0,0.0
0.0,0.0,0.0,0.8267213982416604,0.0,0.0,0.8414572909235393,0.41838659201484135,0.4120024932520061,0.8403054505444215,0.4620292775259116,0.1750640869140625,0.9994047982418656,0.9289474888980452,0.0,0.0,0.0,0.0,0.0,0.0,0.8386854601533298,0.07355701999510755,0.2538922475047845,0.11355964020059327,1.0,0.0,0.0,0.0,1.0,1.0,0.0
0.0,0.0,0.0,0.0,0.0,0.0,0.8414572909235393,0.4185219536570897,0.41218634294037537,0.0,0.0,0.0,0.0,0.0,0.0,0.0,0.0,0.0,0.0,0.0,0.0,0.0011654797683556817,0.026546197042147224,0.014705162146638407,1.0,1.0,0.0,1.0,1.0,1.0,1.0
0.0,0.0,0.0,0.0,0.0,0.0,0.8414572909235393,0.4186763486281909,0.4121926697800543,0.0,0.0,0.0,0.0,0.0,0.0,0.0,0.0,0.0,0.0,0.0,0.0,0.0011654797683556817,0.026546197042147224,0.014705162146638407,1.0,1.0,0.0,1.0,1.0,1.0,1.0
0.0,0.0,0.0,0.0,0.0,0.0,0.8414572909235393,0.4188347083007784,0.41225320587858616,0.0,0.0,0.0,0.0,0.0,0.0,0.0,0.0,0.0,0.0,0.0,0.0,0.0011654797683556817,0.026546197042147224,0.014705162146638407,1.0,1.0,0.0,1.0,1.0,1.0,1.0
0.0,0.0,0.0,0.8267213982416604,0.0,0.0,0.8414572909235393,0.4189229648342812,0.41226789514028744,0.8403054505444215,0.8906748484987254,0.5419921875,0.10443501617727856,0.7958461139342887,0.0,0.0,0.0,0.0,0.0,0.0,0.8386854601533298,0.05236436837570346,0.27205824396442135,0.15078376506260016,1.0,0.0,0.0,0.0,1.0,1.0,0.0
0.0,0.0,0.0,0.8267453472972294,0.0,0.0,0.8414816668589657,0.41893145075989957,0.41232014150962687,0.8403297931125138,0.8906748484987254,0.5419921875,0.10443501617727856,0.7958461139342887,0.0,0.0,0.0,0.0,0.0,0.0,0.838709755792384,0.037168951856500376,0.27205824396442135,0.13166847825303388,1.0,0.0,0.0,0.0,1.0,1.0,0.0
0.0,0.0,0.0,0.8267453472972294,0.0,0.0,0.0,0.0,0.0,0.8403297931125138,0.1942269237227336,0.7930755615234375,0.038337097857273676,0.7134856323154635,0.0,0.0,0.0,0.0,0.0,0.0,0.838709755792384,0.04958657099187347,0.26603725317930327,0.13166847825303388,1.0,0.0,1.0,0.0,1.0,1.0,0.0
0.0,0.0,0.0,0.8267453472972294,0.0,0.0,0.0,0.0,0.0,0.8403297931125138,0.1942269237227336,0.7930755615234375,0.038337097857273676,0.7134856323154635,0.0,0.0,0.0,0.0,0.0,0.0,0.838709755792384,0.0476771459757821,0.26603725317930327,0.13706618671706775,1.0,0.0,1.0,0.0,1.0,1.0,0.0
0.0,0.0,0.0,0.8267453472972294,0.0,0.0,0.8414816668589657,0.41908266539394856,0.4127275027901751,0.8403297931125138,0.1942269237227336,0.7930755615234375,0.038337097857273676,0.7134856323154635,0.0,0.0,0.0,0.0,0.0,0.0,0.838709755792384,0.05412482336498714,0.26603725317930327,0.13706618671706775,1.0,0.0,0.0,0.0,1.0,1.0,0.0
0.0,0.0,0.0,0.8267453472972294,0.0,0.0,0.8414816668589657,0.4191334984594831,0.412729631390044,0.8403297931125138,1.526461204988475e-05,1.52587890625e-05,1.5261583541908308e-05,1.5260419051107145e-05,0.0,0.0,0.0,0.0,0.0,0.0,0.838709755792384,0.06012358488624148,0.26603725317930327,0.13706618671706775,1.0,0.0,0.0,0.0,1.0,1.0,0.0
0.0,0.0,0.0,0.8267453472972294,0.0,0.0,0.8414816668589657,0.4191811308384597,0.41273188029013763,0.8403297931125138,1.526461204988475e-05,1.52587890625e-05,1.5261583541908308e-05,1.5260419051107145e-05,0.0,0.0,0.0,0.0,0.0,0.0,0.838709755792384,0.05670915993155323,0.26603725317930327,0.18376548895063335,1.0,0.0,0.0,0.0,1.0,1.0,0.0
0.0,0.0,0.0,0.8267453472972294,1.0,0.0,0.8414816668589657,0.41931468573529856,0.412834653303228,0.8403297931125138,0.48872708400116005,0.8681182861328125,0.6574537574018681,0.8705916464466115,0.0,0.0,0.0,0.0,0.0,0.0,0.838709755792384,0.07088967422856274,0.26603725317930327,0.18376548895063335,1.0,0.0,0.0,0.0,1.0,1.0,0.0
0.0,0.0,0.0,0.8267453472972294,0.0,0.0,0.0,0.0,0.0,0.8403297931125138,0.48872708400116005,0.8681182861328125,0.6574537574018681,0.8705916464466115,0.0,0.0,0.0,0.0,0.0,0.0,0.838709755792384,0.06873924870264314,0.26603725317930327,0.18376548895063335,1.0,0.0,1.0,0.0,1.0,1.0,0.0
0.0,0.0,0.0,0.8267453472972294,0.0,0.0,0.8414816668589657,0.4197698781984999,0.41297834139324635,0.8403297931125138,0.48872708400116005,0.8681182861328125,0.6574537574018681,0.8705916464466115,0.0,0.0,0.0,0.0,0.0,0.0,0.838709755792384,0.05805907069746774,0.2771392397224743,0.18376548895063335,1.0,0.0,0.0,0.0,1.0,1.0,0.0
0.0,0.0,0.0,0.8267453472972294,0.0,0.0,0.0,0.0,0.0,0.8403297931125138,0.48872708400116005,0.8681182861328125,0.6574537574018681,0.8705916464466115,0.0,0.0,0.0,0.0,0.0,0.0,0.838709755792384,0.06461203797769866,0.2771392397224743,0.18376548895063335,1.0,0.0,1.0,0.0,1.0,1.0,0.0
0.0,0.0,0.0,0.8267692963527984,1.0,0.0,0.0,0.0,0.0,0.840354135680606,1.526461204988475e-05,1.52587890625e-05,1.5261583541908308e-05,1.5260419051107145e-05,0.0,0.0,0.0,0.0,0.0,0.0,0.8387340514314383,0.06194124898087072,0.2771392397224743,0.2254254380452514,1.0,0.0,1.0,0.0,1.0,1.0,0.0
0.0,0.0,0.0,0.8267692963527984,0.0,0.0,0.8415060427943923,0.4205558128149974,0.4136276815406721,0.840354135680606,1.526461204988475e-05,1.52587890625e-05,1.5261583541908308e-05,1.5260419051107145e-05,0.0,0.0,0.0,0.0,0.0,0.0,0.8387340514314383,0.05710780962803519,0.2771392397224743,0.2254254380452514,1.0,0.0,0.0,0.0,1.0,1.0,0.0
0.0,0.0,0.0,0.8267692963527984,0.0,0.0,0.8415060427943923,0.42065759886279724,0.4136724665494907,0.840354135680606,0.8698997114988323,0.9369964599609375,0.9010896770648923,0.6570678630835203,0.0,0.0,0.0,0.0,0.0,0.0,0.8387340514314383,0.04633508237338113,0.2771392397224743,0.2254254380452514,1.0,0.0,0.0,0.0,1.0,1.0,0.0
0.0,0.0,0.0,0.0,0.0,0.0,0.0,0.0,0.0,0.0,0.0,0.0,0.0,0.0,0.989743647262222,0.5,0.0,0.0,0.0,0.0,0.0,0.0011654797683556817,0.026546197042147224,0.014705162146638407,1.0,1.0,1.0,1.0,0.0,1.0,1.0
0.0,0.0,0.0,0.0,0.0,0.0,0.0,0.0,0.0,0.0,0.0,0.0,0.0,0.0,0.989743647262222,0.5,0.0,0.0,0.0,0.0,0.0,0.0011654797683556817,0.026546197042147224,0.014705162146638407,1.0,1.0,1.0,1.0,0.0,1.0,1.0
0.0,0.0,0.0,0.0,0.0,0.0,0.0,0.0,0.0,0.0,0.0,0.0,0.0,0.0,0.989743647262222,1.0,1.0,0.0,0.0,0.0,0.0,0.0011654797683556817,0.026546197042147224,0.014705162146638407,1.0,1.0,1.0,1.0,0.0,1.0,1.0
0.0,0.0,0.0,0.0,0.0,0.0,0.0,0.0,0.0,0.0,0.0,0.0,0.0,0.0,0.989743647262222,1.0,1.0,0.0,0.0,0.0,0.0,0.0011654797683556817,0.026546197042147224,0.014705162146638407,1.0,1.0,1.0,1.0,0.0,1.0,1.0
0.0,0.0,0.0,0.0,0.0,0.0,0.0,0.0,0.0,0.0,0.0,0.0,0.0,0.0,0.989743647262222,1.0,1.0,0.0,0.0,0.0,0.0,0.0011654797683556817,0.026546197042147224,0.014705162146638407,1.0,1.0,1.0,1.0,0.0,1.0,1.0
0.0,0.0,0.0,0.0,0.0,0.0,0.0,0.0,0.0,0.0,0.0,0.0,0.0,0.0,0.9897676818335494,0.5,0.0,0.0,0.0,0.0,0.0,0.0011654797683556817,0.026546197042147224,0.014705162146638407,1.0,1.0,1.0,1.0,0.0,1.0,1.0
0.0,0.0,0.0,0.0,0.0,0.0,0.0,0.0,0.0,0.0,0.0,0.0,0.0,0.0,0.9897676818335494,0.5,0.0,0.0,0.0,0.0,0.0,0.0011654797683556817,0.026546197042147224,0.014705162146638407,1.0,1.0,1.0,1.0,0.0,1.0,1.0
0.0,0.0,0.0,0.0,0.0,0.0,0.0,0.0,0.0,0.0,0.0,0.0,0.0,0.0,0.9897676818335494,0.5,0.0,0.0,0.0,0.0,0.0,0.0011654797683556817,0.026546197042147224,0.014705162146638407,1.0,1.0,1.0,1.0,0.0,1.0,1.0
0.0,0.0,0.0,0.0,0.0,0.0,0.0,0.0,0.0,0.0,0.0,0.0,0.0,0.0,0.9897676818335494,1.0,1.0,0.0,0.0,0.0,0.0,0.0011654797683556817,0.026546197042147224,0.014705162146638407,1.0,1.0,1.0,1.0,0.0,1.0,1.0
0.0,0.0,0.0,0.0,0.0,0.0,0.0,0.0,0.0,0.0,0.0,0.0,0.0,0.0,0.9897676818335494,0.5,0.0,0.0,0.0,0.0,0.0,0.0011654797683556817,0.026546197042147224,0.014705162146638407,1.0,1.0,1.0,1.0,0.0,1.0,1.0
0.0,0.0,0.0,0.0,0.0,0.0,0.0,0.0,0.0,0.0,0.0,0.0,0.0,0.0,0.9897676818335494,1.0,1.0,0.0,0.0,0.0,0.0,0.0011654797683556817,0.026546197042147224,0.014705162146638407,1.0,1.0,1.0,1.0,0.0,1.0,1.0
0.0,0.0,0.0,0.0,0.0,0.0,0.0,0.0,0.0,0.0,0.0,0.0,0.0,0.0,0.9897676818335494,0.5,0.0,0.0,0.0,0.0,0.0,0.0011654797683556817,0.026546197042147224,0.014705162146638407,1.0,1.0,1.0,1.0,0.0,1.0,1.0
0.0,0.0,0.0,0.0,0.0,0.0,0.0,0.0,0.0,0.0,0.0,0.0,0.0,0.0,0.9897676818335494,0.5,0.0,0.0,0.0,0.0,0.0,0.0011654797683556817,0.026546197042147224,0.014705162146638407,1.0,1.0,1.0,1.0,0.0,1.0,1.0
0.0,0.0,0.0,0.0,0.0,0.0,0.0,0.0,0.0,0.0,0.0,0.0,0.0,0.0,0.9897676818335494,0.5,0.0,0.0,0.0,0.0,0.0,0.0011654797683556817,0.026546197042147224,0.014705162146638407,1.0,1.0,1.0,1.0,0.0,1.0,1.0
0.0,0.0,0.0,0.0,0.0,0.0,0.0,0.0,0.0,0.0,0.0,0.0,0.0,0.0,0.9897676818335494,0.5,0.0,0.0,0.0,0.0,0.0,0.0011654797683556817,0.026546197042147224,0.014705162146638407,1.0,1.0,1.0,1.0,0.0,1.0,1.0
0.0,0.0,0.0,0.0,0.0,0.0,0.0,0.0,0.0,0.0,0.0,0.0,0.0,0.0,0.9897676818335494,0.5,0.0,0.0,0.0,0.0,0.0,0.0011654797683556817,0.026546197042147224,0.014705162146638407,1.0,1.0,1.0,1.0,0.0,1.0,1.0
0.0,0.0,0.0,0.0,0.0,0.0,0.0,0.0,0.0,0.0,0.0,0.0,0.0,0.0,0.9897676818335494,1.0,1.0,0.0,0.0,0.0,0.0,0.0011654797683556817,0.026546197042147224,0.014705162146638407,1.0,1.0,1.0,1.0,0.0,1.0,1.0
0.0,0.0,0.0,0.0,0.0,0.0,0.0,0.0,0.0,0.0,0.0,0.0,0.0,0.0,0.9897676818335494,0.5,0.0,0.0,0.0,0.0,0.0,0.0011654797683556817,0.026546197042147224,0.014705162146638407,1.0,1.0,1.0,1.0,0.0,1.0,1.0
0.0,0.0,0.0,0.0,0.0,0.0,0.0,0.0,0.0,0.0,0.0,0.0,0.0,0.0,0.9897676818335494,0.5,0.0,0.0,0.0,0.0,0.0,0.0011654797683556817,0.026546197042147224,0.014705162146638407,1.0,1.0,1.0,1.0,0.0,1.0,1.0
0.0,0.0,0.0,0.0,0.0,0.0,0.0,0.0,0.0,0.0,0.0,0.0,0.0,0.0,0.9897676818335494,0.5,0.0,0.0,0.0,0.0,0.0,0.0011654797683556817,0.026546197042147224,0.014705162146638407,1.0,1.0,1.0,1.0,0.0,1.0,1.0
0.0,0.0,0.0,0.0,0.0,0.0,0.018623214665862805,0.004312175715510278,0.0038932984239488065,0.0,0.0,0.0,0.0,0.0,0.0,0.0,0.0,0.0,0.0,0.0,0.0,0.0011654797683556817,0.026546197042147224,0.014705162146638407,1.0,1.0,0.0,1.0,1.0,1.0,1.0
0.0,0.0,0.0,0.0,0.0,0.0,0.018623214665862805,0.005542837493145912,0.0059183822381133795,0.0,0.0,0.0,0.0,0.0,0.0,0.0,0.0,0.0,0.0,0.0,0.0,0.0011654797683556817,0.026546197042147224,0.014705162146638407,1.0,1.0,0.0,1.0,1.0,1.0,1.0
0.0,0.0,0.0,0.0,0.0,0.0,0.018623214665862805,0.004874636363392914,0.0054994923874334516,0.0,0.0,0.0,0.0,0.0,0.0,0.0,0.0,0.0,0.0,0.0,0.0,0.0011654797683556817,0.026546197042147224,0.014705162146638407,1.0,1.0,0.0,1.0,1.0,1.0,1.0
0.0,0.0,0.0,0.0,0.0,0.0,0.018623214665862805,0.005012724337950945,0.00532137625904975,0.0,0.0,0.0,0.0,0.0,0.0,0.0,0.0,0.0,0.0,0.0,0.0,0.0011654797683556817,0.026546197042147224,0.014705162146638407,1.0,1.0,0.0,1.0,1.0,1.0,1.0
0.0,0.0,0.0,0.0,0.0,0.0,0.018623214665862805,0.005345931870215361,0.005205572955486706,0.0,0.0,0.0,0.0,0.0,0.0,0.0,0.0,0.0,0.0,0.0,0.0,0.0011654797683556817,0.026546197042147224,0.014705162146638407,1.0,1.0,0.0,1.0,1.0,1.0,1.0
0.0,0.0,0.0,0.0,0.0,0.0,0.018623214665862805,0.006137833094453968,0.00517558873784715,0.0,0.0,0.0,0.0,0.0,0.0,0.0,0.0,0.0,0.0,0.0,0.0,0.0011654797683556817,0.026546197042147224,0.014705162146638407,1.0,1.0,0.0,1.0,1.0,1.0,1.0
0.0,0.0,0.0,0.0,0.0,0.0,0.018623214665862805,0.007514872286885762,0.007470611479960129,0.0,0.0,0.0,0.0,0.0,0.0,0.0,0.0,0.0,0.0,0.0,0.0,0.0011654797683556817,0.026546197042147224,0.014705162146638407,1.0,1.0,0.0,1.0,1.0,1.0,1.0
0.0,0.0,0.0,0.0,0.0,0.0,0.018623214665862805,0.008277611511908327,0.008688957994619613,0.0,0.0,0.0,0.0,0.0,0.0,0.0,0.0,0.0,0.0,0.0,0.0,0.0011654797683556817,0.026546197042147224,0.014705162146638407,1.0,1.0,0.0,1.0,1.0,1.0,1.0
0.0,0.0,0.0,0.0,0.0,0.0,0.018623214665862805,0.008071040691328064,0.007794837175262494,0.0,0.0,0.0,0.0,0.0,0.0,0.0,0.0,0.0,0.0,0.0,0.0,0.0011654797683556817,0.026546197042147224,0.014705162146638407,1.0,1.0,0.0,1.0,1.0,1.0,1.0
0.0,0.0,0.0,0.0,0.0,0.0,0.018623214665862805,0.002217497789701633,0.0019573359094139063,0.0,0.0,0.0,0.0,0.0,0.0,0.0,0.0,0.0,0.0,0.0,0.0,0.0011654797683556817,0.026546197042147224,0.014705162146638407,1.0,1.0,0.0,1.0,1.0,1.0,1.0
0.0,0.0,0.0,0.0,0.0,0.0,0.018623214665862805,0.002080230038314019,0.002036033038921234,0.0,0.0,0.0,0.0,0.0,0.0,0.0,0.0,0.0,0.0,0.0,0.0,0.0011654797683556817,0.026546197042147224,0.014705162146638407,1.0,1.0,0.0,1.0,1.0,1.0,1.0
0.0,0.0,0.0,0.0,0.0,0.0,0.018623214665862805,0.0023239909162138953,0.00234318386596314,0.0,0.0,0.0,0.0,0.0,0.0,0.0,0.0,0.0,0.0,0.0,0.0,0.0011654797683556817,0.026546197042147224,0.014705162146638407,1.0,1.0,0.0,1.0,1.0,1.0,1.0
0.0,0.0,0.0,0.0,0.0,0.0,0.018623214665862805,0.0022479705605458105,0.002388893611806952,0.0,0.0,0.0,0.0,0.0,0.0,0.0,0.0,0.0,0.0,0.0,0.0,0.0011654797683556817,0.026546197042147224,0.014705162146638407,1.0,1.0,0.0,1.0,1.0,1.0,1.0
0.0,0.0,0.0,0.0,0.0,0.0,0.018623214665862805,0.002250598791885197,0.00232308878456923,0.0,0.0,0.0,0.0,0.0,0.0,0.0,0.0,0.0,0.0,0.0,0.0,0.0011654797683556817,0.026546197042147224,0.014705162146638407,1.0,1.0,0.0,1.0,1.0,1.0,1.0
0.0,0.0,0.0,0.0,0.0,0.0,0.018623214665862805,0.002374955279667102,0.0025535029180053653,0.0,0.0,0.0,0.0,0.0,0.0,0.0,0.0,0.0,0.0,0.0,0.0,0.0011654797683556817,0.026546197042147224,0.014705162146638407,1.0,1.0,0.0,1.0,1.0,1.0,1.0
0.0,0.0,0.0,0.0,0.0,0.0,0.018623214665862805,0.002586275516833347,0.0026887581270570136,0.0,0.0,0.0,0.0,0.0,0.0,0.0,0.0,0.0,0.0,0.0,0.0,0.0011654797683556817,0.026546197042147224,0.014705162146638407,1.0,1.0,0.0,1.0,1.0,1.0,1.0
0.0,0.0,0.0,0.0,0.0,0.0,0.018623214665862805,0.0026869751390390844,0.0026169080578812877,0.0,0.0,0.0,0.0,0.0,0.0,0.0,0.0,0.0,0.0,0.0,0.0,0.0011654797683556817,0.026546197042147224,0.014705162146638407,1.0,1.0,0.0,1.0,1.0,1.0,1.0
0.0,0.0,0.0,0.0,0.0,0.0,0.018623214665862805,0.0025151775303814995,0.0027850413000724376,0.0,0.0,0.0,0.0,0.0,0.0,0.0,0.0,0.0,0.0,0.0,0.0,0.0011654797683556817,0.026546197042147224,0.014705162146638407,1.0,1.0,0.0,1.0,1.0,1.0,1.0
0.0,0.0,0.0,0.0,0.0,0.0,0.018623214665862805,0.0028137099644120053,0.002697521751244703,0.0,0.0,0.0,0.0,0.0,0.0,0.0,0.0,0.0,0.0,0.0,0.0,0.0011654797683556817,0.026546197042147224,0.014705162146638407,1.0,1.0,0.0,1.0,1.0,1.0,1.0
0.0,0.0,0.0,0.0,0.0,0.0,0.018623214665862805,0.003351523677851277,0.002658819960416777,0.0,0.0,0.0,0.0,0.0,0.0,0.0,0.0,0.0,0.0,0.0,0.0,0.0011654797683556817,0.026546197042147224,0.014705162146638407,1.0,1.0,0.0,1.0,1.0,1.0,1.0
0.0,0.0,0.0,0.0,0.0,0.0,0.0,0.0,0.0,0.0,0.0,0.0,0.0,0.0,0.0,0.0,0.0,0.0,0.0,0.0,0.018488981320297915,0.10985369067710649,0.5518101282279397,0.5606600970006491,1.0,1.0,1.0,1.0,1.0,1.0,0.0
0.0,0.0,0.0,0.0,0.0,0.0,0.0,0.0,0.0,0.0,0.0,0.0,0.0,0.0,0.0,0.0,0.0,0.0,0.0,0.0,0.018488981320297915,0.7518695935200131,0.5482593867510581,0.46344525284640237,1.0,1.0,1.0,1.0,1.0,1.0,0.0
0.0,0.0,0.0,0.0,0.0,0.0,0.0,0.0,0.0,0.0,0.0,0.0,0.0,0.0,0.0,0.0,0.0,0.0,0.0,0.0,0.018488981320297915,0.5229299681471519,0.542316925802076,0.9636367887187557,1.0,1.0,1.0,1.0,1.0,1.0,0.0
0.0,0.0,0.0,0.0,0.0,0.0,0.0,0.0,0.0,0.0,0.0,0.0,0.0,0.0,0.0,0.0,0.0,0.0,0.0,0.0,0.018488981320297915,0.7156128268136467,0.5563622025231767,0.39236307773820833,1.0,1.0,1.0,1.0,1.0,1.0,0.0
0.0,0.0,0.0,0.0,0.0,0.0,0.0,0.0,0.0,0.0,0.0,0.0,0.0,0.0,0.0,0.0,0.0,0.0,0.0,0.0,0.018488981320297915,0.37648096245971396,0.5888220184659176,0.3181141284827134,1.0,1.0,1.0,1.0,1.0,1.0,0.0
0.0,0.0,0.0,0.0,0.0,0.0,0.0,0.0,0.0,0.0,0.0,0.0,0.0,0.0,0.0,0.0,0.0,0.0,0.0,0.0,0.018488981320297915,0.120840091269236,0.5501079940805664,0.9820054860707732,1.0,1.0,1.0,1.0,1.0,1.0,0.0
0.0,0.0,0.0,0.0,0.0,0.0,0.0,0.0,0.0,0.0,0.0,0.0,0.0,0.0,0.0,0.0,0.0,0.0,0.0,0.0,0.018488981320297915,0.32216848583512936,0.49793410611195776,0.08242637066135935,1.0,1.0,1.0,1.0,1.0,1.0,0.0
0.0,0.0,0.0,0.0,0.0,0.0,0.0,0.0,0.0,0.0,0.0,0.0,0.0,0.0,0.0,0.0,0.0,0.0,0.0,0.0,0.018488981320297915,0.8347036320041114,0.49662639514166546,0.9477081611318463,1.0,1.0,1.0,1.0,1.0,1.0,0.0
0.0,0.0,0.0,0.0,0.0,0.0,0.0,0.0,0.0,0.0,0.0,0.0,0.0,0.0,0.0,0.0,0.0,0.0,0.0,0.0,0.018488981320297915,0.05164256165073877,0.5404409582439873,0.4097241070130995,1.0,1.0,1.0,1.0,1.0,1.0,0.0
0.0,0.0,0.0,0.0,0.0,0.0,0.0,0.0,0.0,0.0,0.0,0.0,0.0,0.0,0.0,0.0,0.0,0.0,0.0,0.0,0.018488981320297915,0.9476710860283838,0.557085032973283,0.8191316981867771,1.0,1.0,1.0,1.0,1.0,1.0,0.0
0.0,0.0,0.0,0.0,0.0,0.0,0.0,0.0,0.0,0.0,0.0,0.0,0.0,0.0,0.0,0.0,0.0,0.0,0.0,0.0,0.018488981320297915,0.3566556508458876,0.4645123790408865,0.24269614598730116,1.0,1.0,1.0,1.0,1.0,1.0,0.0
0.0,0.0,0.0,0.0,0.0,0.0,0.0,0.0,0.0,0.0,0.0,0.0,0.0,0.0,0.0,0.0,0.0,0.0,0.0,0.0,0.018488981320297915,0.5883718472780718,0.5518101282279397,0.5242444698703446,1.0,1.0,1.0,1.0,1.0,1.0,0.0
0.0,0.0,0.0,0.0,0.0,0.0,0.0,0.0,0.0,0.0,0.0,0.0,0.0,0.0,0.0,0.0,0.0,0.0,0.0,0.0,0.018488981320297915,0.472280672545634,0.5463999776145613,0.7504314144998383,1.0,1.0,1.0,1.0,1.0,1.0,0.0
0.0,0.0,0.0,0.0,0.0,0.0,0.0,0.0,0.0,0.0,0.0,0.0,0.0,0.0,0.0,0.0,0.0,0.0,0.0,0.0,0.018488981320297915,0.19389502347609167,0.5740630338494089,0.07825727183396469,1.0,1.0,1.0,1.0,1.0,1.0,0.0
0.0,0.0,0.0,0.0,0.0,0.0,0.0,0.0,0.0,0.0,0.0,0.0,0.0,0.0,0.0,0.0,0.0,0.0,0.0,0.0,0.018488981320297915,0.18431672479982752,0.5272688921658863,0.10150503345608257,1.0,1.0,1.0,1.0,1.0,1.0,0.0
0.0,0.0,0.0,0.0,0.0,0.0,0.0,0.0,0.0,0.0,0.0,0.0,0.0,0.0,0.0,0.0,0.0,0.0,0.0,0.0,0.018488981320297915,0.32109532384134565,0.5113892551875622,0.6964524851732733,1.0,1.0,1.0,1.0,1.0,1.0,0.0
0.0,0.0,0.0,0.0,0.0,0.0,0.0,0.0,0.0,0.0,0.0,0.0,0.0,0.0,0.0,0.0,0.0,0.0,0.0,0.0,0.018488981320297915,0.6773877472181847,0.5241194339110683,0.900948885969072,1.0,1.0,1.0,1.0,1.0,1.0,0.0
0.0,0.0,0.0,0.0,0.0,0.0,0.0,0.0,0.0,0.0,0.0,0.0,0.0,0.0,0.0,0.0,0.0,0.0,0.0,0.0,0.018488981320297915,0.15474588423193347,0.5429290495001874,0.17533247877780486,1.0,1.0,1.0,1.0,1.0,1.0,0.0
0.0,0.0,0.0,0.0,0.0,0.0,0.0,0.0,0.0,0.0,0.0,0.0,0.0,0.0,0.0,0.0,0.0,0.0,0.0,0.0,0.018488981320297915,0.4342232441511399,0.5772079888434596,0.5783263044966692,1.0,1.0,1.0,1.0,1.0,1.0,0.0
0.0,0.0,0.0,0.0,0.0,0.0,0.0,0.0,0.0,0.0,0.0,0.0,0.0,0.0,0.0,0.0,0.0,0.0,0.0,0.0,0.018488981320297915,0.4606112489312889,0.5683451852019683,0.16732138901217758,1.0,1.0,1.0,1.0,1.0,1.0,0.0
0.0,0.0,0.0,0.9387311311378436,0.0,0.0,0.9554635409133826,0.02078555430240291,0.021515358830596975,0.9541556415118683,0.9119537176962647,0.28033447265625,0.2850711189793053,0.29687619222023837,0.9420830923199931,0.5,0.0,0.9410408019625723,0.4496246675570701,1.0,0.9523161640101411,0.38119789770102963,0.5593270849661398,0.9239935378461103,1.0,0.0,0.0,0.0,0.0,0.0,0.0
0.0,0.0,0.0,0.9387311311378436,0.0,0.0,0.9554635409133826,0.021635427665765716,0.021086110947452556,0.0,0.0,0.0,0.0,0.0,0.0,0.0,0.0,0.0,0.0,0.0,0.9523161640101411,0.051900398102135314,0.5211108573704766,0.9574318852450651,1.0,0.0,0.0,1.0,1.0,1.0,0.0
0.0,0.0,0.0,0.9387311311378436,0.0,0.0,0.0,0.0,0.0,0.0,0.0,0.0,0.0,0.0,0.0,0.0,0.0,0.0,0.0,0.0,0.9523161640101411,0.6524107271194092,0.5014004980536281,0.4015672272922765,1.0,0.0,1.0,1.0,1.0,1.0,0.0
0.9369845592887297,0.6285714285714286,1.0,0.9387311311378436,0.0,0.0,0.9554635409133826,0.020830150153558127,0.02168681320127851,0.9541556415118683,0.35038390499305455,0.8697509765625,0.34543068188755266,0.6756550534877688,0.0,0.0,0.0,0.0,0.0,0.0,0.9523161640101411,0.3811535316771898,0.5593270849661398,0.9239935378461103,0.0,0.0,0.0,0.0,1.0,1.0,0.0
0.9369845592887297,0.3071428571428571,0.0,0.0,0.0,0.0,0.0,0.0,0.0,0.0,0.0,0.0,0.0,0.0,0.0,0.0,0.0,0.0,0.0,0.0,0.0,0.0011654797683556817,0.026546197042147224,0.014705162146638407,0.0,1.0,1.0,1.0,1.0,1.0,1.0
0.9369845592887297,0.9142857142857143,1.0,0.0,0.0,0.0,0.0,0.0,0.0,0.0,0.0,0.0,0.0,0.0,0.0,0.0,0.0,0.0,0.0,0.0,0.0,0.0011654797683556817,0.026546197042147224,0.014705162146638407,0.0,1.0,1.0,1.0,1.0,1.0,1.0
0.9369845592887297,0.3821428571428571,0.0,0.0,0.0,0.0,0.0,0.0,0.0,0.0,0.0,0.0,0.0,0.0,0.9420830923199931,1.0,1.0,0.9410408019625723,0.5196528780530532,1.0,0.0,0.0011654797683556817,0.026546197042147224,0.014705162146638407,0.0,1.0,1.0,1.0,0.0,0.0,1.0
0.9369845592887297,0.3535714285714286,0.0,0.0,0.0,0.0,0.0,0.0,0.0,0.0,0.0,0.0,0.0,0.0,0.0,0.0,0.0,0.0,0.0,0.0,0.0,0.0011654797683556817,0.026546197042147224,0.014705162146638407,0.0,1.0,1.0,1.0,1.0,1.0,1.0
0.9369845592887297,0.1464285714285714,0.0,0.0,0.0,0.0,0.0,0.0,0.0,0.0,0.0,0.0,0.0,0.0,0.0,0.0,0.0,0.0,0.0,0.0,0.0,0.0011654797683556817,0.026546197042147224,0.014705162146638407,0.0,1.0,1.0,1.0,1.0,1.0,1.0
0.9369845592887297,0.31071428571428567,0.0,0.0,0.0,0.0,0.0,0.0,0.0,0.0,0.0,0.0,0.0,0.0,0.0,0.0,0.0,0.0,0.0,0.0,0.0,0.0011654797683556817,0.026546197042147224,0.014705162146638407,0.0,1.0,1.0,1.0,1.0,1.0,1.0
0.9369845592887297,0.2857142857142857,0.0,0.0,0.0,0.0,0.0,0.0,0.0,0.9541556415118683,0.9938483613438964,0.0935821533203125,0.8890635492338685,0.2896122327519114,0.0,0.0,0.0,0.0,0.0,0.0,0.9523161640101411,0.3761950439979346,0.5593270849661398,0.9239935378461103,0.0,1.0,1.0,0.0,1.0,1.0,0.0
0.9369845592887297,0.7642857142857142,1.0,0.0,0.0,0.0,0.0,0.0,0.0,0.0,0.0,0.0,0.0,0.0,0.0,0.0,0.0,0.0,0.0,0.0,0.0,0.0011654797683556817,0.026546197042147224,0.014705162146638407,0.0,1.0,1.0,1.0,1.0,1.0,1.0
0.9369845592887297,0.8321428571428571,1.0,0.0,0.0,0.0,0.0,0.0,0.0,0.0,0.0,0.0,0.0,0.0,0.0,0.0,0.0,0.0,0.0,0.0,0.9523161640101411,0.6480234709172891,0.5014004980536281,0.4015672272922765,0.0,1.0,1.0,1.0,1.0,1.0,0.0
0.9369845592887297,0.8464285714285713,1.0,0.0,0.0,0.0,0.0,0.0,0.0,0.0,0.0,0.0,0.0,0.0,0.0,0.0,0.0,0.0,0.0,0.0,0.0,0.0011654797683556817,0.026546197042147224,0.014705162146638407,0.0,1.0,1.0,1.0,1.0,1.0,1.0
0.9369845592887297,0.6392857142857142,1.0,0.9387311311378436,0.0,0.0,0.0,0.0,0.0,0.9541556415118683,0.9119537176962647,0.28033447265625,0.2850711189793053,0.29687619222023837,0.0,0.0,0.0,0.0,0.0,0.0,0.0,0.0011654797683556817,0.026546197042147224,0.014705162146638407,0.0,0.0,1.0,0.0,1.0,1.0,1.0
0.0,0.0,0.0,0.9387311311378436,0.0,0.0,0.0,0.0,0.0,0.0,0.0,0.0,0.0,0.0,0.0,0.0,0.0,0.0,0.0,0.0,0.0,0.0011654797683556817,0.026546197042147224,0.014705162146638407,1.0,0.0,1.0,1.0,1.0,1.0,1.0
0.0,0.0,0.0,0.9387311311378436,0.0,0.0,0.9554635409133826,0.020886416482638653,0.021748270429659846,0.0,0.0,0.0,0.0,0.0,0.0,0.0,0.0,0.0,0.0,0.0,0.9523161640101411,0.03399879990865895,0.5211108573704766,0.9246224770393048,1.0,0.0,0.0,1.0,1.0,1.0,0.0
0.0,0.0,0.0,0.9387311311378436,0.0,0.0,0.9554635409133826,0.021657973955244922,0.02142266794680706,0.9541556415118683,0.9938483613438964,0.0935821533203125,0.8890635492338685,0.2896122327519114,0.9420830923199931,0.5,0.0,0.9410408019625723,0.47561837519906325,1.0,0.0,0.0011654797683556817,0.026546197042147224,0.014705162146638407,1.0,0.0,0.0,0.0,0.0,0.0,1.0
0.0,0.0,0.0,0.0,0.0,0.0,0.9554635409133826,0.020954018322243355,0.021750310205116082,0.9541556415118683,0.9938483613438964,0.0935821533203125,0.8890635492338685,0.2896122327519114,0.0,0.0,0.0,0.0,0.0,0.0,0.9523161640101411,0.6520541546360198,0.5014004980536281,0.4015672272922765,1.0,1.0,0.0,0.0,1.0,1.0,0.0
0.0,0.0,0.0,0.0,0.0,0.0,0.9554635409133826,0.02166847346446399,0.021532681110826703,0.0,0.0,0.0,0.0,0.0,0.0,0.0,0.0,0.0,0.0,0.0,0.9523161640101411,0.04761593908537609,0.5211108573704766,0.9246224770393048,1.0,1.0,0.0,1.0,1.0,1.0,0.0
0.0,0.0,0.0,0.0,0.0,0.0,0.0,0.0,0.0,0.0,0.0,0.0,0.0,0.0,0.0,0.0,0.0,0.01831808893276125,0.5570113561966594,1.0,0.0,0.0011654797683556817,0.026546197042147224,0.014705162146638407,1.0,1.0,1.0,1.0,1.0,0.0,1.0
0.0,0.0,0.0,0.0,0.0,0.0,0.0,0.0,0.0,0.0,0.0,0.0,0.0,0.0,0.0,0.0,0.0,0.01831808893276125,0.33782827767551016,1.0,0.0,0.0011654797683556817,0.026546197042147224,0.014705162146638407,1.0,1.0,1.0,1.0,1.0,0.0,1.0
0.0,0.0,0.0,0.0,0.0,0.0,0.0,0.0,0.0,0.0,0.0,0.0,0.0,0.0,0.0,0.0,0.0,0.01831808893276125,0.5086291978713908,1.0,0.0,0.0011654797683556817,0.026546197042147224,0.014705162146638407,1.0,1.0,1.0,1.0,1.0,0.0,1.0
0.0,0.0,0.0,0.0,0.0,0.0,0.0,0.0,0.0,0.0,0.0,0.0,0.0,0.0,0.0,0.0,0.0,0.01831808893276125,0.09094020064232877,0.5,0.0,0.0011654797683556817,0.026546197042147224,0.014705162146638407,1.0,1.0,1.0,1.0,1.0,0.0,1.0
0.0,0.0,0.0,0.0,0.0,0.0,0.0,0.0,0.0,0.0,0.0,0.0,0.0,0.0,0.0,0.0,0.0,0.01831808893276125,0.6538566460018491,1.0,0.0,0.0011654797683556817,0.026546197042147224,0.014705162146638407,1.0,1.0,1.0,1.0,1.0,0.0,1.0
0.0,0.0,0.0,0.0,0.0,0.0,0.0,0.0,0.0,0.0,0.0,0.0,0.0,0.0,0.0,0.0,0.0,0.01831808893276125,0.4308646544896546,1.0,0.0,0.0011654797683556817,0.026546197042147224,0.014705162146638407,1.0,1.0,1.0,1.0,1.0,0.0,1.0
0.0,0.0,0.0,0.0,0.0,0.0,0.0,0.0,0.0,0.0,0.0,0.0,0.0,0.0,0.0,0.0,0.0,0.01831808893276125,0.4309889042669881,1.0,0.0,0.0011654797683556817,0.026546197042147224,0.014705162146638407,1.0,1.0,1.0,1.0,1.0,0.0,1.0
0.0,0.0,0.0,0.0,0.0,0.0,0.0,0.0,0.0,0.0,0.0,0.0,0.0,0.0,0.0,0.0,0.0,0.01831808893276125,0.26569826544689956,1.0,0.0,0.0011654797683556817,0.026546197042147224,0.014705162146638407,1.0,1.0,1.0,1.0,1.0,0.0,1.0
0.0,0.0,0.0,0.0,0.0,0.0,0.0,0.0,0.0,0.0,0.0,0.0,0.0,0.0,0.0,0.0,0.0,0.01831808893276125,0.24651652993063333,1.0,0.0,0.0011654797683556817,0.026546197042147224,0.014705162146638407,1.0,1.0,1.0,1.0,1.0,0.0,1.0
0.0,0.0,0.0,0.0,0.0,0.0,0.0,0.0,0.0,0.0,0.0,0.0,0.0,0.0,0.0,0.0,0.0,0.01831808893276125,0.2097409921141744,1.0,0.0,0.0011654797683556817,0.026546197042147224,0.014705162146638407,1.0,1.0,1.0,1.0,1.0,0.0,1.0
0.0,0.0,0.0,0.0,0.0,0.0,0.0,0.0,0.0,0.0,0.0,0.0,0.0,0.0,0.0,0.0,0.0,0.01831808893276125,0.3132020914852949,1.0,0.0,0.0011654797683556817,0.026546197042147224,0.014705162146638407,1.0,1.0,1.0,1.0,1.0,0.0,1.0
0.0,0.0,0.0,0.0,0.0,0.0,0.0,0.0,0.0,0.0,0.0,0.0,0.0,0.0,0.0,0.0,0.0,0.01831808893276125,0.5767571965057163,1.0,0.0,0.0011654797683556817,0.026546197042147224,0.014705162146638407,1.0,1.0,1.0,1.0,1.0,0.0,1.0
0.0,0.0,0.0,0.0,0.0,0.0,0.0,0.0,0.0,0.0,0.0,0.0,0.0,0.0,0.0,0.0,0.0,0.01831808893276125,0.5710345088314899,1.0,0.0,0.0011654797683556817,0.026546197042147224,0.014705162146638407,1.0,1.0,1.0,1.0,1.0,0.0,1.0
0.0,0.0,0.0,0.0,0.0,0.0,0.0,0.0,0.0,0.0,0.0,0.0,0.0,0.0,0.0,0.0,0.0,0.01831808893276125,0.7495208781426581,1.0,0.0,0.0011654797683556817,0.026546197042147224,0.014705162146638407,1.0,1.0,1.0,1.0,1.0,0.0,1.0
0.0,0.0,0.0,0.0,0.0,0.0,0.0,0.0,0.0,0.0,0.0,0.0,0.0,0.0,0.0,0.0,0.0,0.01831808893276125,0.21181703594437185,1.0,0.0,0.0011654797683556817,0.026546197042147224,0.014705162146638407,1.0,1.0,1.0,1.0,1.0,0.0,1.0
0.0,0.0,0.0,0.0,0.0,0.0,0.0,0.0,0.0,0.0,0.0,0.0,0.0,0.0,0.0,0.0,0.0,0.01831808893276125,0.32942820136613316,1.0,0.0,0.0011654797683556817,0.026546197042147224,0.014705162146638407,1.0,1.0,1.0,1.0,1.0,0.0,1.0
0.0,0.0,0.0,0.0,0.0,0.0,0.0,0.0,0.0,0.0,0.0,0.0,0.0,0.0,0.0,0.0,0.0,0.01831808893276125,0.5085067787202964,1.0,0.018537572598406448,0.20182657223404987,0.5722100376877907,0.1492860205068444,1.0,1.0,1.0,1.0,1.0,0.0,0.0
0.0,0.0,0.0,0.0,0.0,0.0,0.0,0.0,0.0,0.0,0.0,0.0,0.0,0.0,0.0,0.0,0.0,0.01831808893276125,0.37739714742652675,1.0,0.0,0.0011654797683556817,0.026546197042147224,0.014705162146638407,1.0,1.0,1.0,1.0,1.0,0.0,1.0
0.0,0.0,0.0,0.0,0.0,0.0,0.0,0.0,0.0,0.0,0.0,0.0,0.0,0.0,0.0,0.0,0.0,0.01831808893276125,0.4572100851798573,1.0,0.018537572598406448,0.25055241970844433,0.5308124209195836,0.8487470193181685,1.0,1.0,1.0,1.0,1.0,0.0,0.0
0.0,0.0,0.0,0.0,0.0,0.0,0.0,0.0,0.0,0.0,0.0,0.0,0.0,0.0,0.0,0.0,0.0,0.0,0.0,0.0,0.018537572598406448,0.7479197339438058,0.531767521312134,0.22373869928699996,1.0,1.0,1.0,1.0,1.0,1.0,0.0
0.0,0.0,0.0,0.0748886967642431,1.0,1.0,0.0,0.0,0.0,0.0,0.0,0.0,0.0,0.0,0.0,0.0,0.0,0.0,0.0,0.0,0.0,0.0011654797683556817,0.026546197042147224,0.014705162146638407,1.0,0.0,1.0,1.0,1.0,1.0,1.0
0.0,0.0,0.0,0.0748886967642431,0.0,0.0,0.0,0.0,0.0,0.0,0.0,0.0,0.0,0.0,0.0,0.0,0.0,0.0,0.0,0.0,0.0,0.0011654797683556817,0.026546197042147224,0.014705162146638407,1.0,0.0,1.0,1.0,1.0,1.0,1.0
0.0,0.0,0.0,0.0748886967642431,0.0,0.0,0.0,0.0,0.0,0.0,0.0,0.0,0.0,0.0,0.0,0.0,0.0,0.0,0.0,0.0,0.0,0.0011654797683556817,0.026546197042147224,0.014705162146638407,1.0,0.0,1.0,1.0,1.0,1.0,1.0
0.0,0.0,0.0,0.0748886967642431,1.0,1.0,0.0,0.0,0.0,0.0,0.0,0.0,0.0,0.0,0.0,0.0,0.0,0.0,0.0,0.0,0.0,0.0011654797683556817,0.026546197042147224,0.014705162146638407,1.0,0.0,1.0,1.0,1.0,1.0,1.0
0.0,0.0,0.0,0.0748886967642431,0.0,0.0,0.0,0.0,0.0,0.0,0.0,0.0,0.0,0.0,0.0,0.0,0.0,0.0,0.0,0.0,0.0,0.0011654797683556817,0.026546197042147224,0.014705162146638407,1.0,0.0,1.0,1.0,1.0,1.0,1.0
0.0,0.0,0.0,0.0748886967642431,0.0,0.0,0.0,0.0,0.0,0.0,0.0,0.0,0.0,0.0,0.0,0.0,0.0,0.0,0.0,0.0,0.0,0.0011654797683556817,0.026546197042147224,0.014705162146638407,1.0,0.0,1.0,1.0,1.0,1.0,1.0
0.0,0.0,0.0,0.0748886967642431,0.0,0.0,0.0,0.0,0.0,0.0,0.0,0.0,0.0,0.0,0.0,0.0,0.0,0.0,0.0,0.0,0.0,0.0011654797683556817,0.026546197042147224,0.014705162146638407,1.0,0.0,1.0,1.0,1.0,1.0,1.0
0.0,0.0,0.0,0.0748886967642431,0.0,0.0,0.0,0.0,0.0,0.0,0.0,0.0,0.0,0.0,0.0,0.0,0.0,0.0,0.0,0.0,0.0,0.0011654797683556817,0.026546197042147224,0.014705162146638407,1.0,0.0,1.0,1.0,1.0,1.0,1.0
0.0,0.0,0.0,0.0748886967642431,0.0,0.0,0.0,0.0,0.0,0.0,0.0,0.0,0.0,0.0,0.0,0.0,0.0,0.0,0.0,0.0,0.0,0.0011654797683556817,0.026546197042147224,0.014705162146638407,1.0,0.0,1.0,1.0,1.0,1.0,1.0
0.0,0.0,0.0,0.0748886967642431,0.0,0.0,0.0,0.0,0.0,0.0,0.0,0.0,0.0,0.0,0.0,0.0,0.0,0.0,0.0,0.0,0.0,0.0011654797683556817,0.026546197042147224,0.014705162146638407,1.0,0.0,1.0,1.0,1.0,1.0,1.0
0.0,0.0,0.0,0.0748886967642431,0.0,0.0,0.0,0.0,0.0,0.0,0.0,0.0,0.0,0.0,0.0,0.0,0.0,0.0,0.0,0.0,0.0,0.0011654797683556817,0.026546197042147224,0.014705162146638407,1.0,0.0,1.0,1.0,1.0,1.0,1.0
0.0,0.0,0.0,0.0748886967642431,0.0,0.0,0.0,0.0,0.0,0.0,0.0,0.0,0.0,0.0,0.0,0.0,0.0,0.0,0.0,0.0,0.0,0.0011654797683556817,0.026546197042147224,0.014705162146638407,1.0,0.0,1.0,1.0,1.0,1.0,1.0
0.0,0.0,0.0,0.0748886967642431,0.0,0.0,0.0,0.0,0.0,0.0,0.0,0.0,0.0,0.0,0.0,0.0,0.0,0.0,0.0,0.0,0.0,0.0011654797683556817,0.026546197042147224,0.014705162146638407,1.0,0.0,1.0,1.0,1.0,1.0,1.0
0.0,0.0,0.0,0.0748886967642431,0.0,0.0,0.0,0.0,0.0,0.0,0.0,0.0,0.0,0.0,0.0,0.0,0.0,0.0,0.0,0.0,0.0,0.0011654797683556817,0.026546197042147224,0.014705162146638407,1.0,0.0,1.0,1.0,1.0,1.0,1.0
0.0,0.0,0.0,0.0748886967642431,0.0,0.0,0.0,0.0,0.0,0.0,0.0,0.0,0.0,0.0,0.0,0.0,0.0,0.0,0.0,0.0,0.0,0.0011654797683556817,0.026546197042147224,0.014705162146638407,1.0,0.0,1.0,1.0,1.0,1.0,1.0
0.0,0.0,0.0,0.0748886967642431,0.0,0.0,0.0,0.0,0.0,0.0,0.0,0.0,0.0,0.0,0.0,0.0,0.0,0.0,0.0,0.0,0.0,0.0011654797683556817,0.026546197042147224,0.014705162146638407,1.0,0.0,1.0,1.0,1.0,1.0,1.0
0.0,0.0,0.0,0.0748886967642431,0.0,0.0,0.0,0.0,0.0,0.0,0.0,0.0,0.0,0.0,0.0,0.0,0.0,0.0,0.0,0.0,0.0,0.0011654797683556817,0.026546197042147224,0.014705162146638407,1.0,0.0,1.0,1.0,1.0,1.0,1.0
0.0,0.0,0.0,0.0748886967642431,0.0,0.0,0.0,0.0,0.0,0.0,0.0,0.0,0.0,0.0,0.0,0.0,0.0,0.0,0.0,0.0,0.0,0.0011654797683556817,0.026546197042147224,0.014705162146638407,1.0,0.0,1.0,1.0,1.0,1.0,1.0
0.0,0.0,0.0,0.0748886967642431,0.0,0.0,0.0,0.0,0.0,0.0,0.0,0.0,0.0,0.0,0.0,0.0,0.0,0.0,0.0,0.0,0.0,0.0011654797683556817,0.026546197042147224,0.014705162146638407,1.0,0.0,1.0,1.0,1.0,1.0,1.0
0.0,0.0,0.0,0.0748886967642431,1.0,1.0,0.0,0.0,0.0,0.0,0.0,0.0,0.0,0.0,0.0,0.0,0.0,0.0,0.0,0.0,0.0,0.0011654797683556817,0.026546197042147224,0.014705162146638407,1.0,0.0,1.0,1.0,1.0,1.0,1.0
0.0,0.0,0.0,0.8232727342397252,0.0,0.0,0.0,0.0,0.0,0.8368001207391378,0.8578254033673733,0.8089752197265625,0.5517520297906111,0.04645271559157015,0.0,0.0,0.0,0.0,0.0,0.0,0.8351868881295152,0.48413898198241456,0.3295068325930624,0.45422922153285816,1.0,0.0,1.0,0.0,1.0,1.0,0.0
0.0,0.0,0.0,0.8232727342397252,0.0,0.0,0.0,0.0,0.0,0.8368001207391378,0.8578254033673733,0.8089752197265625,0.5517520297906111,0.04645271559157015,0.0,0.0,0.0,0.0,0.0,0.0,0.8351868881295152,0.49510952999091395,0.33238065193547095,0.45422922153285816,1.0,0.0,1.0,0.0,1.0,1.0,0.0
0.0,0.0,0.0,0.8232966832952943,0.0,0.0,0.0,0.0,0.0,0.83682446330723,0.8221520050067928,0.874359130859375,0.7641932726939747,0.5821849867997375,0.0,0.0,0.0,0.0,0.0,0.0,0.8352111837685695,0.5052988610233206,0.33692286849927866,0.43551040329172236,1.0,0.0,1.0,0.0,1.0,1.0,0.0
0.0,0.0,0.0,0.8232966832952943,0.0,0.0,0.0,0.0,0.0,0.83682446330723,0.8221520050067928,0.874359130859375,0.7641932726939747,0.5821849867997375,0.0,0.0,0.0,0.0,0.0,0.0,0.8352111837685695,0.5059946095837561,0.34082917190535206,0.43551040329172236,1.0,0.0,1.0,0.0,1.0,1.0,0.0
0.0,0.0,0.0,0.8232966832952943,0.0,0.0,0.8380202840283997,0.27254096213301837,0.2758144989619799,0.83682446330723,0.4272106974401245,0.6520538330078125,0.7514193272693975,0.06816829190129561,0.0,0.0,0.0,0.0,0.0,0.0,0.8352111837685695,0.5003621195086606,0.34082917190535206,0.43551040329172236,1.0,0.0,0.0,0.0,1.0,1.0,0.0
0.0,0.0,0.0,0.0,0.0,0.0,0.8380202840283997,0.27271285459035927,0.27582977580879764,0.0,0.0,0.0,0.0,0.0,0.0,0.0,0.0,0.0,0.0,0.0,0.0,0.0011654797683556817,0.026546197042147224,0.014705162146638407,1.0,1.0,0.0,1.0,1.0,1.0,1.0
0.0,0.0,0.0,0.0,0.0,0.0,0.8380202840283997,0.2728328180159235,0.2758659592599872,0.0,0.0,0.0,0.0,0.0,0.0,0.0,0.0,0.0,0.0,0.0,0.0,0.0011654797683556817,0.026546197042147224,0.014705162146638407,1.0,1.0,0.0,1.0,1.0,1.0,1.0
0.0,0.0,0.0,0.8233685304620013,1.0,0.0,0.8380202840283997,0.2729011592875267,0.27612286286206533,0.8368974910115068,0.947413411488147,0.3213043212890625,0.7113424088883462,0.7507973568954204,0.0,0.0,0.0,0.0,0.0,0.0,0.8352840706857323,0.5040586657516538,0.33510297446635184,0.4406570753785655,1.0,0.0,0.0,0.0,1.0,1.0,0.0
0.0,0.0,0.0,0.8233685304620013,0.0,0.0,0.8380446599638262,0.2732157771828419,0.27692151389905967,0.8368974910115068,0.947413411488147,0.3213043212890625,0.7113424088883462,0.7507973568954204,0.0,0.0,0.0,0.0,0.0,0.0,0.8352840706857323,0.5155127149342068,0.33510297446635184,0.4406570753785655,1.0,0.0,0.0,0.0,1.0,1.0,0.0
0.0,0.0,0.0,0.8233685304620013,0.0,0.0,0.8380446599638262,0.27337354726483665,0.2774654888107419,0.8368974910115068,0.2404481690097846,0.1027374267578125,0.06637262682375923,0.11596392436936319,0.0,0.0,0.0,0.0,0.0,0.0,0.8352840706857323,0.5444331957234275,0.3519415601856873,0.4406570753785655,1.0,0.0,0.0,0.0,1.0,1.0,0.0
0.0,0.0,0.0,0.0,0.0,0.0,0.8380446599638262,0.27356521344599655,0.2775559276633364,0.0,0.0,0.0,0.0,0.0,0.0,0.0,0.0,0.0,0.0,0.0,0.0,0.0011654797683556817,0.026546197042147224,0.014705162146638407,1.0,1.0,0.0,1.0,1.0,1.0,1.0
0.0,0.0,0.0,0.0,0.0,0.0,0.8380446599638262,0.27362945919786175,0.2776499881569464,0.0,0.0,0.0,0.0,0.0,0.0,0.0,0.0,0.0,0.0,0.0,0.0,0.0011654797683556817,0.026546197042147224,0.014705162146638407,1.0,1.0,0.0,1.0,1.0,1.0,1.0
0.0,0.0,0.0,0.8233924795175702,0.0,0.0,0.8380690358992526,0.27387568658303735,0.27772455415475994,0.836921833579599,0.06432507517821434,0.341400146484375,0.014284842195226176,0.77339803751011,0.0,0.0,0.0,0.0,0.0,0.0,0.8353083663247866,0.5468016880133905,0.3519415601856873,0.39862652209121924,1.0,0.0,0.0,0.0,1.0,1.0,0.0
0.0,0.0,0.0,0.8233924795175702,0.0,0.0,0.8380690358992526,0.27412012702723326,0.2778048482377086,0.836921833579599,0.06432507517821434,0.341400146484375,0.014284842195226176,0.77339803751011,0.0,0.0,0.0,0.0,0.0,0.0,0.8353083663247866,0.5422199600560794,0.3519415601856873,0.39862652209121924,1.0,0.0,0.0,0.0,1.0,1.0,0.0
0.0,0.0,0.0,0.8233924795175702,0.0,0.0,0.8380690358992526,0.2742689284279226,0.27799839298894713,0.836921833579599,0.9957411732380821,0.8101654052734375,0.13624015627861547,0.18147690335576616,0.0,0.0,0.0,0.0,0.0,0.0,0.8353083663247866,0.5255638048838279,0.3519415601856873,0.36832867510793915,1.0,0.0,0.0,0.0,1.0,1.0,0.0
0.0,0.0,0.0,0.8233924795175702,0.0,0.0,0.8380690358992526,0.27458113854063865,0.27815095308321885,0.836921833579599,0.9957411732380821,0.8101654052734375,0.13624015627861547,0.18147690335576616,0.0,0.0,0.0,0.0,0.0,0.0,0.8353083663247866,0.534168954157788,0.3519415601856873,0.36832867510793915,1.0,0.0,0.0,0.0,1.0,1.0,0.0
0.0,0.0,0.0,0.0,0.0,0.0,0.8380690358992526,0.2749257559681387,0.2784531388251818,0.0,0.0,0.0,0.0,0.0,0.0,0.0,0.0,0.0,0.0,0.0,0.0,0.0011654797683556817,0.026546197042147224,0.014705162146638407,1.0,1.0,0.0,1.0,1.0,1.0,1.0
0.0,0.0,0.0,0.8234164285731392,0.0,0.0,0.8380934118346792,0.27512725677475336,0.27858872816490354,0.8369461761476913,0.6218345010761551,0.1546783447265625,0.3197606983700629,1.0000915625143068,0.0,0.0,0.0,0.0,0.0,0.0,0.8353326619638408,0.5261819308787868,0.3519415601856873,0.3413794515336128,1.0,0.0,0.0,0.0,1.0,1.0,0.0
0.0,0.0,0.0,0.0,0.0,0.0,0.8380934118346792,0.2753110115404503,0.2789591984751316,0.0,0.0,0.0,0.0,0.0,0.0,0.0,0.0,0.0,0.0,0.0,0.0,0.0011654797683556817,0.026546197042147224,0.014705162146638407,1.0,1.0,0.0,1.0,1.0,1.0,1.0
0.0,0.0,0.0,0.8234164285731392,0.0,0.0,0.8380934118346792,0.2760346853903599,0.27942421615613544,0.8369461761476913,0.7275114102975072,0.6562957763671875,0.5123924058360295,0.49756596316134843,0.0,0.0,0.0,0.0,0.0,0.0,0.8353326619638408,0.5203032943275977,0.3519415601856873,0.2998037360190099,1.0,0.0,0.0,0.0,1.0,1.0,0.0
0.8831038236039376,0.5464285714285714,1.0,0.884749959885332,0.0,0.0,0.0,0.0,0.0,0.0,0.0,0.0,0.0,0.0,0.0,0.0,0.0,0.0,0.0,0.0,0.8975537935818211,0.7819109339238518,0.36372901888339904,0.749314219358464,0.0,0.0,1.0,1.0,1.0,1.0,0.0
0.8831038236039376,0.425,0.0,0.884749959885332,1.0,0.0,0.900520182462002,0.04912776853466381,0.05046824092136601,0.0,0.0,0.0,0.0,0.0,0.0,0.0,0.0,0.0,0.0,0.0,0.8975537935818211,0.6313328328788935,0.5863193852605739,0.7876972889939837,0.0,0.0,0.0,1.0,1.0,1.0,0.0
0.0,0.0,0.0,0.0,0.0,0.0,0.900520182462002,0.061042747716486156,0.060325652130041485,0.0,0.0,0.0,0.0,0.0,0.0,0.0,0.0,0.0,0.0,0.0,0.8975537935818211,0.5527893712440962,0.4709422380557325,0.17649783447464143,1.0,1.0,0.0,1.0,1.0,1.0,0.0
0.0,0.0,0.0,0.0,0.0,0.0,0.0,0.0,0.0,0.0,0.0,0.0,0.0,0.0,0.8879091685480395,1.0,1.0,0.0,0.0,0.0,0.8975537935818211,0.7937171345832373,0.3706419607044602,0.749314219358464,1.0,1.0,1.0,1.0,0.0,1.0,0.0
0.8831038236039376,0.5678571428571428,1.0,0.884749959885332,0.0,0.0,0.0,0.0,0.0,0.0,0.0,0.0,0.0,0.0,0.8879091685480395,0.5,0.0,0.0,0.0,0.0,0.0,0.0011654797683556817,0.026546197042147224,0.014705162146638407,0.0,0.0,1.0,1.0,0.0,1.0,1.0
0.8831038236039376,0.7142857142857142,1.0,0.884749959885332,0.0,0.0,0.900520182462002,0.04912981469564306,0.05052499415460841,0.0,0.0,0.0,0.0,0.0,0.0,0.0,0.0,0.0,0.0,0.0,0.0,0.0011654797683556817,0.026546197042147224,0.014705162146638407,0.0,0.0,0.0,1.0,1.0,1.0,1.0
0.0,0.0,0.0,0.0,0.0,0.0,0.900520182462002,0.06106982558654232,0.0603809994070488,0.0,0.0,0.0,0.0,0.0,0.0,0.0,0.0,0.0,0.0,0.0,0.8975537935818211,0.5374680691488097,0.4709422380557325,0.17649783447464143,1.0,1.0,0.0,1.0,1.0,1.0,0.0
0.0,0.0,0.0,0.0,0.0,0.0,0.0,0.0,0.0,0.0,0.0,0.0,0.0,0.0,0.0,0.0,0.0,0.0,0.0,0.0,0.8975537935818211,0.6445682206840052,0.5863193852605739,0.7876972889939837,1.0,1.0,1.0,1.0,1.0,1.0,0.0
0.0,0.0,0.0,0.884749959885332,0.0,0.0,0.0,0.0,0.0,0.0,0.0,0.0,0.0,0.0,0.8879091685480395,1.0,1.0,0.0,0.0,0.0,0.8975537935818211,0.7864692172489166,0.3706419607044602,0.749314219358464,1.0,0.0,1.0,1.0,0.0,1.0,0.0
0.8831038236039376,0.3571428571428571,0.0,0.884749959885332,0.0,0.0,0.0,0.0,0.0,0.0,0.0,0.0,0.0,0.0,0.0,0.0,0.0,0.0,0.0,0.0,0.0,0.0011654797683556817,0.026546197042147224,0.014705162146638407,0.0,0.0,1.0,1.0,1.0,1.0,1.0
0.8831038236039376,0.4107142857142857,0.0,0.0,0.0,0.0,0.900520182462002,0.04920191199545188,0.050725487644587744,0.0,0.0,0.0,0.0,0.0,0.8879091685480395,0.5,0.0,0.0,0.0,0.0,0.0,0.0011654797683556817,0.026546197042147224,0.014705162146638407,0.0,1.0,0.0,1.0,0.0,1.0,1.0
0.0,0.0,0.0,0.0,0.0,0.0,0.900520182462002,0.061197910372694356,0.06053924876811828,0.0,0.0,0.0,0.0,0.0,0.0,0.0,0.0,0.0,0.0,0.0,0.8975537935818211,0.5301101125837048,0.4709422380557325,0.17649783447464143,1.0,1.0,0.0,1.0,1.0,1.0,0.0
0.0,0.0,0.0,0.0,0.0,0.0,0.0,0.0,0.0,0.0,0.0,0.0,0.0,0.0,0.0,0.0,0.0,0.0,0.0,0.0,0.8975537935818211,0.6598686276543545,0.5863193852605739,0.7876972889939837,1.0,1.0,1.0,1.0,1.0,1.0,0.0
0.0,0.0,0.0,0.884749959885332,0.0,0.0,0.0,0.0,0.0,0.0,0.0,0.0,0.0,0.0,0.0,0.0,0.0,0.0,0.0,0.0,0.8975537935818211,0.7825127703236895,0.3706419607044602,0.749314219358464,1.0,0.0,1.0,1.0,1.0,1.0,0.0
0.8831038236039376,0.07142857142857142,0.0,0.884749959885332,0.0,0.0,0.0,0.0,0.0,0.0,0.0,0.0,0.0,0.0,0.0,0.0,0.0,0.0,0.0,0.0,0.0,0.0011654797683556817,0.026546197042147224,0.014705162146638407,0.0,0.0,1.0,1.0,1.0,1.0,1.0
0.8831038236039376,0.6607142857142857,1.0,0.0,0.0,0.0,0.900520182462002,0.04930254566163881,0.05074020171706595,0.0,0.0,0.0,0.0,0.0,0.8879091685480395,0.5,0.0,0.0,0.0,0.0,0.0,0.0011654797683556817,0.026546197042147224,0.014705162146638407,0.0,1.0,0.0,1.0,0.0,1.0,1.0
0.0,0.0,0.0,0.0,0.0,0.0,0.900520182462002,0.06148604831004042,0.06057672455866392,0.0,0.0,0.0,0.0,0.0,0.0,0.0,0.0,0.0,0.0,0.0,0.8975537935818211,0.5407241836537765,0.4709422380557325,0.17649783447464143,1.0,1.0,0.0,1.0,1.0,1.0,0.0
0.0,0.0,0.0,0.0,0.0,0.0,0.0,0.0,0.0,0.0,0.0,0.0,0.0,0.0,0.8879091685480395,0.5,0.0,0.0,0.0,0.0,0.8975537935818211,0.6517177053662114,0.5863193852605739,0.8152943838268453,1.0,1.0,1.0,1.0,0.0,1.0,0.0
0.8831038236039376,0.5499999999999999,1.0,0.884749959885332,0.0,0.0,0.0,0.0,0.0,0.0,0.0,0.0,0.0,0.0,0.0,0.0,0.0,0.0,0.0,0.0,0.8975537935818211,0.7916287032907406,0.3706419607044602,0.749314219358464,0.0,0.0,1.0,1.0,1.0,1.0,0.0
0.8831038236039376,0.3571428571428571,0.0,0.884749959885332,0.0,0.0,0.900520182462002,0.049419558190828994,0.05092641527738764,0.0,0.0,0.0,0.0,0.0,0.8879091685480395,0.5,0.0,0.0,0.0,0.0,0.0,0.0011654797683556817,0.026546197042147224,0.014705162146638407,0.0,0.0,0.0,1.0,0.0,1.0,1.0
0.0,0.0,0.0,0.0,0.0,0.0,0.9061997754163816,0.289389054034506,0.2979388451979611,0.0,0.0,0.0,0.0,0.0,0.0,0.0,0.0,0.0,0.0,0.0,0.0,0.0011654797683556817,0.026546197042147224,0.014705162146638407,1.0,1.0,0.0,1.0,1.0,1.0,1.0
0.8886735713477515,0.6428571428571428,1.0,0.0,0.0,0.0,0.9061997754163816,0.27486214014249377,0.2905077186687858,0.0,0.0,0.0,0.0,0.0,0.0,0.0,0.0,0.0,0.0,0.0,0.0,0.0011654797683556817,0.026546197042147224,0.014705162146638407,0.0,1.0,0.0,1.0,1.0,1.0,1.0
0.8886735713477515,0.14285714285714285,0.0,0.0,0.0,0.0,0.9061997754163816,0.28941193142134636,0.2979618600775063,0.0,0.0,0.0,0.0,0.0,0.0,0.0,0.0,0.0,0.0,0.0,0.0,0.0011654797683556817,0.026546197042147224,0.014705162146638407,0.0,1.0,0.0,1.0,1.0,1.0,1.0
0.8886735713477515,0.6178571428571429,1.0,0.0,0.0,0.0,0.0,0.0,0.0,0.0,0.0,0.0,0.0,0.0,0.0,0.0,0.0,0.0,0.0,0.0,0.0,0.0011654797683556817,0.026546197042147224,0.014705162146638407,0.0,1.0,1.0,1.0,1.0,1.0,1.0
0.8886735713477515,0.6178571428571429,1.0,0.0,0.0,0.0,0.9061997754163816,0.27495025368437986,0.2906542948797273,0.0,0.0,0.0,0.0,0.0,0.0,0.0,0.0,0.0,0.0,0.0,0.0,0.0011654797683556817,0.026546197042147224,0.014705162146638407,0.0,1.0,0.0,1.0,1.0,1.0,1.0
0.8886735713477515,0.22857142857142856,0.0,0.0,0.0,0.0,0.9061997754163816,0.2750550014937364,0.2906902743515402,0.0,0.0,0.0,0.0,0.0,0.0,0.0,0.0,0.0,0.0,0.0,0.0,0.0011654797683556817,0.026546197042147224,0.014705162146638407,0.0,1.0,0.0,1.0,1.0,1.0,1.0
0.8886735713477515,0.3571428571428571,0.0,0.0,0.0,0.0,0.9061997754163816,0.28957481994913054,0.29823175500523547,0.0,0.0,0.0,0.0,0.0,0.0,0.0,0.0,0.0,0.0,0.0,0.0,0.0011654797683556817,0.026546197042147224,0.014705162146638407,0.0,1.0,0.0,1.0,1.0,1.0,1.0
0.8886735713477515,0.8642857142857142,1.0,0.0,0.0,0.0,0.9061997754163816,0.2751956525539614,0.29075920088721524,0.0,0.0,0.0,0.0,0.0,0.0,0.0,0.0,0.0,0.0,0.0,0.0,0.0011654797683556817,0.026546197042147224,0.014705162146638407,0.0,1.0,0.0,1.0,1.0,1.0,1.0
0.8886735713477515,0.5178571428571428,1.0,0.0,0.0,0.0,0.9061997754163816,0.2895892143174249,0.2982676052046606,0.0,0.0,0.0,0.0,0.0,0.0,0.0,0.0,0.0,0.0,0.0,0.0,0.0011654797683556817,0.026546197042147224,0.014705162146638407,0.0,1.0,0.0,1.0,1.0,1.0,1.0
0.8886735713477515,0.4035714285714286,0.0,0.0,0.0,0.0,0.9061997754163816,0.27521603349249874,0.2907700967550685,0.0,0.0,0.0,0.0,0.0,0.0,0.0,0.0,0.0,0.0,0.0,0.0,0.0011654797683556817,0.026546197042147224,0.014705162146638407,0.0,1.0,0.0,1.0,1.0,1.0,1.0
0.8886735713477515,1.0,1.0,0.0,0.0,0.0,0.9061997754163816,0.28959292210640025,0.2982932258566559,0.0,0.0,0.0,0.0,0.0,0.0,0.0,0.0,0.0,0.0,0.0,0.0,0.0011654797683556817,0.026546197042147224,0.014705162146638407,0.0,1.0,0.0,1.0,1.0,1.0,1.0
0.8886974758445061,0.9357142857142856,1.0,0.0,0.0,0.0,0.9061997754163816,0.28960133989751247,0.29845999895557435,0.0,0.0,0.0,0.0,0.0,0.0,0.0,0.0,0.0,0.0,0.0,0.0,0.0011654797683556817,0.026546197042147224,0.014705162146638407,0.0,1.0,0.0,1.0,1.0,1.0,1.0
0.8886974758445061,0.3535714285714286,0.0,0.0,0.0,0.0,0.9062241513518082,0.27547866167090396,0.2910157082492834,0.0,0.0,0.0,0.0,0.0,0.0,0.0,0.0,0.0,0.0,0.0,0.0,0.0011654797683556817,0.026546197042147224,0.014705162146638407,0.0,1.0,0.0,1.0,1.0,1.0,1.0
0.8886974758445061,0.7642857142857142,1.0,0.0,0.0,0.0,0.9062241513518082,0.2896604341356413,0.29858611771960447,0.0,0.0,0.0,0.0,0.0,0.0,0.0,0.0,0.0,0.0,0.0,0.0,0.0011654797683556817,0.026546197042147224,0.014705162146638407,0.0,1.0,0.0,1.0,1.0,1.0,1.0
0.8886974758445061,0.3535714285714286,0.0,0.0,0.0,0.0,0.9062241513518082,0.2755647515271132,0.2910775085072556,0.0,0.0,0.0,0.0,0.0,0.0,0.0,0.0,0.0,0.0,0.0,0.0,0.0011654797683556817,0.026546197042147224,0.014705162146638407,0.0,1.0,0.0,1.0,1.0,1.0,1.0
0.0,0.0,0.0,0.0,0.0,0.0,0.9062241513518082,0.2896961567846456,0.2987240392723611,0.0,0.0,0.0,0.0,0.0,0.0,0.0,0.0,0.0,0.0,0.0,0.0,0.0011654797683556817,0.026546197042147224,0.014705162146638407,1.0,1.0,0.0,1.0,1.0,1.0,1.0
0.8886974758445061,0.41428571428571426,0.0,0.0,0.0,0.0,0.9062241513518082,0.2757700591448521,0.2911254460411445,0.0,0.0,0.0,0.0,0.0,0.0,0.0,0.0,0.0,0.0,0.0,0.0,0.0011654797683556817,0.026546197042147224,0.014705162146638407,0.0,1.0,0.0,1.0,1.0,1.0,1.0
0.8886974758445061,0.24642857142857144,0.0,0.0,0.0,0.0,0.9062241513518082,0.28977881720404836,0.2987392139463851,0.0,0.0,0.0,0.0,0.0,0.0,0.0,0.0,0.0,0.0,0.0,0.0,0.0011654797683556817,0.026546197042147224,0.014705162146638407,0.0,1.0,0.0,1.0,1.0,1.0,1.0
0.8886974758445061,0.9035714285714286,1.0,0.0,0.0,0.0,0.0,0.0,0.0,0.0,0.0,0.0,0.0,0.0,0.0,0.0,0.0,0.0,0.0,0.0,0.0,0.0011654797683556817,0.026546197042147224,0.014705162146638407,0.0,1.0,1.0,1.0,1.0,1.0,1.0
0.8886974758445061,0.8928571428571428,1.0,0.0,0.0,0.0,0.9062241513518082,0.2758675859684074,0.2911685040001599,0.0,0.0,0.0,0.0,0.0,0.0,0.0,0.0,0.0,0.0,0.0,0.0,0.0011654797683556817,0.026546197042147224,0.014705162146638407,0.0,1.0,0.0,1.0,1.0,1.0,1.0
0.0,0.0,0.0,0.9903173968334559,1.0,0.0,0.0,0.0,0.0,0.0,0.0,0.0,0.0,0.0,0.0,0.0,0.0,0.9927539914267502,0.18271448570750692,1.0,0.0,0.0011654797683556817,0.026546197042147224,0.014705162146638407,1.0,0.0,1.0,1.0,1.0,0.0,1.0
0.0,0.0,0.0,0.9903173968334559,0.0,0.0,0.0,0.0,0.0,0.0,0.0,0.0,0.0,0.0,0.0,0.0,0.0,0.9927539914267502,0.23124782665993138,1.0,0.0,0.0011654797683556817,0.026546197042147224,0.014705162146638407,1.0,0.0,1.0,1.0,1.0,0.0,1.0
0.0,0.0,0.0,0.9903173968334559,0.0,0.0,0.0,0.0,0.0,0.0,0.0,0.0,0.0,0.0,0.0,0.0,0.0,0.9927539914267502,0.6099869677145127,1.0,0.0,0.0011654797683556817,0.026546197042147224,0.014705162146638407,1.0,0.0,1.0,1.0,1.0,0.0,1.0
0.0,0.0,0.0,0.9903173968334559,0.0,0.0,0.0,0.0,0.0,0.0,0.0,0.0,0.0,0.0,0.0,0.0,0.0,0.9927539914267502,0.15178537698688643,1.0,0.0,0.0011654797683556817,0.026546197042147224,0.014705162146638407,1.0,0.0,1.0,1.0,1.0,0.0,1.0
0.0,0.0,0.0,0.9903173968334559,0.0,0.0,0.0,0.0,0.0,0.0,0.0,0.0,0.0,0.0,0.0,0.0,0.0,0.9927539914267502,0.5826284031686222,1.0,0.0,0.0011654797683556817,0.026546197042147224,0.014705162146638407,1.0,0.0,1.0,1.0,1.0,0.0,1.0
0.0,0.0,0.0,0.9903173968334559,0.0,0.0,0.0,0.0,0.0,0.0,0.0,0.0,0.0,0.0,0.0,0.0,0.0,0.9927539914267502,0.5607536782257845,1.0,0.0,0.0011654797683556817,0.026546197042147224,0.014705162146638407,1.0,0.0,1.0,1.0,1.0,0.0,1.0
0.0,0.0,0.0,0.9903173968334559,0.0,0.0,0.0,0.0,0.0,0.0,0.0,0.0,0.0,0.0,0.0,0.0,0.0,0.9927539914267502,0.7030547861936274,0.5,0.0,0.0011654797683556817,0.026546197042147224,0.014705162146638407,1.0,0.0,1.0,1.0,1.0,0.0,1.0
0.0,0.0,0.0,0.9903173968334559,0.0,0.0,0.0,0.0,0.0,0.0,0.0,0.0,0.0,0.0,0.0,0.0,0.0,0.9927539914267502,0.09094020064232877,0.5,0.0,0.0011654797683556817,0.026546197042147224,0.014705162146638407,1.0,0.0,1.0,1.0,1.0,0.0,1.0
0.0,0.0,0.0,0.9903173968334559,0.0,0.0,0.0,0.0,0.0,0.0,0.0,0.0,0.0,0.0,0.0,0.0,0.0,0.9927539914267502,0.5569657096723493,1.0,0.0,0.0011654797683556817,0.026546197042147224,0.014705162146638407,1.0,0.0,1.0,1.0,1.0,0.0,1.0
0.0,0.0,0.0,0.9903173968334559,0.0,0.0,0.0,0.0,0.0,0.0,0.0,0.0,0.0,0.0,0.0,0.0,0.0,0.9927539914267502,0.6762919445294857,1.0,0.0,0.0011654797683556817,0.026546197042147224,0.014705162146638407,1.0,0.0,1.0,1.0,1.0,0.0,1.0
0.0,0.0,0.0,0.9903173968334559,0.0,0.0,0.0,0.0,0.0,0.0,0.0,0.0,0.0,0.0,0.0,0.0,0.0,0.9927539914267502,0.49469684175168593,0.5,0.0,0.0011654797683556817,0.026546197042147224,0.014705162146638407,1.0,0.0,1.0,1.0,1.0,0.0,1.0
0.0,0.0,0.0,0.9903173968334559,0.0,0.0,0.0,0.0,0.0,0.0,0.0,0.0,0.0,0.0,0.0,0.0,0.0,0.9927539914267502,0.544808145236586,1.0,0.0,0.0011654797683556817,0.026546197042147224,0.014705162146638407,1.0,0.0,1.0,1.0,1.0,0.0,1.0
0.0,0.0,0.0,0.9903173968334559,0.0,0.0,0.0,0.0,0.0,0.0,0.0,0.0,0.0,0.0,0.0,0.0,0.0,0.9927539914267502,0.6671518259681455,1.0,0.0,0.0011654797683556817,0.026546197042147224,0.014705162146638407,1.0,0.0,1.0,1.0,1.0,0.0,1.0
0.0,0.0,0.0,0.9903173968334559,0.0,0.0,0.0,0.0,0.0,0.0,0.0,0.0,0.0,0.0,0.0,0.0,0.0,0.9927539914267502,0.45706244467351675,1.0,0.0,0.0011654797683556817,0.026546197042147224,0.014705162146638407,1.0,0.0,1.0,1.0,1.0,0.0,1.0
0.0,0.0,0.0,0.9903173968334559,1.0,0.0,0.0,0.0,0.0,0.0,0.0,0.0,0.0,0.0,0.0,0.0,0.0,0.9927539914267502,0.5024833890880278,1.0,0.0,0.0011654797683556817,0.026546197042147224,0.014705162146638407,1.0,0.0,1.0,1.0,1.0,0.0,1.0
0.0,0.0,0.0,0.9903173968334559,0.0,0.0,0.0,0.0,0.0,0.0,0.0,0.0,0.0,0.0,0.0,0.0,0.0,0.9927539914267502,0.6522383642220171,1.0,0.0,0.0011654797683556817,0.026546197042147224,0.014705162146638407,1.0,0.0,1.0,1.0,1.0,0.0,1.0
0.0,0.0,0.0,0.9903173968334559,0.0,0.0,0.0,0.0,0.0,0.0,0.0,0.0,0.0,0.0,0.0,0.0,0.0,0.9927539914267502,0.4542068478023831,1.0,0.0,0.0011654797683556817,0.026546197042147224,0.014705162146638407,1.0,0.0,1.0,1.0,1.0,0.0,1.0
0.0,0.0,0.0,0.9903173968334559,0.0,0.0,0.0,0.0,0.0,0.0,0.0,0.0,0.0,0.0,0.0,0.0,0.0,0.9927539914267502,0.4869762451582518,1.0,0.0,0.0011654797683556817,0.026546197042147224,0.014705162146638407,1.0,0.0,1.0,1.0,1.0,0.0,1.0
0.0,0.0,0.0,0.9903173968334559,0.0,0.0,0.0,0.0,0.0,0.0,0.0,0.0,0.0,0.0,0.0,0.0,0.0,0.9927539914267502,0.6393398845083644,1.0,0.0,0.0011654797683556817,0.026546197042147224,0.014705162146638407,1.0,0.0,1.0,1.0,1.0,0.0,1.0
0.0,0.0,0.0,0.9903173968334559,0.0,0.0,0.0,0.0,0.0,0.0,0.0,0.0,0.0,0.0,0.0,0.0,0.0,0.9927539914267502,0.4450522551987084,1.0,0.0,0.0011654797683556817,0.026546197042147224,0.014705162146638407,1.0,0.0,1.0,1.0,1.0,0.0,1.0
0.07467764786126468,0.7535714285714286,1.0,0.0,0.0,0.0,0.0,0.0,0.0,0.0,0.0,0.0,0.0,0.0,0.0,0.0,0.0,0.0,0.0,0.0,0.0,0.0011654797683556817,0.026546197042147224,0.014705162146638407,0.0,1.0,1.0,1.0,1.0,1.0,1.0
0.07467764786126468,0.6392857142857142,1.0,0.0,0.0,0.0,0.0,0.0,0.0,0.0,0.0,0.0,0.0,0.0,0.0,0.0,0.0,0.0,0.0,0.0,0.0,0.0011654797683556817,0.026546197042147224,0.014705162146638407,0.0,1.0,1.0,1.0,1.0,1.0,1.0
0.07467764786126468,0.6928571428571427,1.0,0.0,0.0,0.0,0.0,0.0,0.0,0.0,0.0,0.0,0.0,0.0,0.0,0.0,0.0,0.0,0.0,0.0,0.0,0.0011654797683556817,0.026546197042147224,0.014705162146638407,0.0,1.0,1.0,1.0,1.0,1.0,1.0
0.07467764786126468,0.8464285714285713,1.0,0.0,0.0,0.0,0.0,0.0,0.0,0.0,0.0,0.0,0.0,0.0,0.0,0.0,0.0,0.0,0.0,0.0,0.0,0.0011654797683556817,0.026546197042147224,0.014705162146638407,0.0,1.0,1.0,1.0,1.0,1.0,1.0
0.07467764786126468,0.425,0.0,0.0,0.0,0.0,0.0,0.0,0.0,0.0,0.0,0.0,0.0,0.0,0.0,0.0,0.0,0.0,0.0,0.0,0.0,0.0011654797683556817,0.026546197042147224,0.014705162146638407,0.0,1.0,1.0,1.0,1.0,1.0,1.0
0.07467764786126468,0.14285714285714285,0.0,0.0,0.0,0.0,0.0,0.0,0.0,0.0,0.0,0.0,0.0,0.0,0.0,0.0,0.0,0.0,0.0,0.0,0.0,0.0011654797683556817,0.026546197042147224,0.014705162146638407,0.0,1.0,1.0,1.0,1.0,1.0,1.0
0.07467764786126468,0.7535714285714286,1.0,0.0,0.0,0.0,0.0,0.0,0.0,0.0,0.0,0.0,0.0,0.0,0.0,0.0,0.0,0.0,0.0,0.0,0.0,0.0011654797683556817,0.026546197042147224,0.014705162146638407,0.0,1.0,1.0,1.0,1.0,1.0,1.0
0.07467764786126468,0.4892857142857142,1.0,0.0,0.0,0.0,0.0,0.0,0.0,0.0,0.0,0.0,0.0,0.0,0.0,0.0,0.0,0.0,0.0,0.0,0.0,0.0011654797683556817,0.026546197042147224,0.014705162146638407,0.0,1.0,1.0,1.0,1.0,1.0,1.0
0.07467764786126468,0.38571428571428573,0.0,0.0,0.0,0.0,0.0,0.0,0.0,0.0,0.0,0.0,0.0,0.0,0.0,0.0,0.0,0.0,0.0,0.0,0.0,0.0011654797683556817,0.026546197042147224,0.014705162146638407,0.0,1.0,1.0,1.0,1.0,1.0,1.0
0.07467764786126468,0.23571428571428568,0.0,0.0,0.0,0.0,0.0,0.0,0.0,0.0,0.0,0.0,0.0,0.0,0.0,0.0,0.0,0.0750009303092348,0.4130392611463001,1.0,0.0,0.0011654797683556817,0.026546197042147224,0.014705162146638407,0.0,1.0,1.0,1.0,1.0,0.0,1.0
0.0,0.0,0.0,0.0,0.0,0.0,0.0,0.0,0.0,0.0,0.0,0.0,0.0,0.0,0.0,0.0,0.0,0.0750009303092348,0.09094020064232877,0.5,0.0,0.0011654797683556817,0.026546197042147224,0.014705162146638407,1.0,1.0,1.0,1.0,1.0,0.0,1.0
0.0,0.0,0.0,0.0,0.0,0.0,0.0,0.0,0.0,0.0,0.0,0.0,0.0,0.0,0.0,0.0,0.0,0.0750009303092348,0.3676030578755234,0.5,0.0,0.0011654797683556817,0.026546197042147224,0.014705162146638407,1.0,1.0,1.0,1.0,1.0,0.0,1.0
0.0,0.0,0.0,0.0,0.0,0.0,0.0,0.0,0.0,0.0,0.0,0.0,0.0,0.0,0.0,0.0,0.0,0.0750009303092348,0.09094020064232877,0.5,0.0,0.0011654797683556817,0.026546197042147224,0.014705162146638407,1.0,1.0,1.0,1.0,1.0,0.0,1.0
0.0,0.0,0.0,0.0,0.0,0.0,0.0,0.0,0.0,0.0,0.0,0.0,0.0,0.0,0.0,0.0,0.0,0.0750009303092348,0.6808830969349944,1.0,0.0,0.0011654797683556817,0.026546197042147224,0.014705162146638407,1.0,1.0,1.0,1.0,1.0,0.0,1.0
0.0,0.0,0.0,0.0,0.0,0.0,0.0,0.0,0.0,0.0,0.0,0.0,0.0,0.0,0.0,0.0,0.0,0.0750009303092348,0.8760875262363954,1.0,0.0,0.0011654797683556817,0.026546197042147224,0.014705162146638407,1.0,1.0,1.0,1.0,1.0,0.0,1.0
0.0,0.0,0.0,0.0,0.0,0.0,0.0,0.0,0.0,0.0,0.0,0.0,0.0,0.0,0.0,0.0,0.0,0.0750009303092348,0.6967818693824244,1.0,0.0,0.0011654797683556817,0.026546197042147224,0.014705162146638407,1.0,1.0,1.0,1.0,1.0,0.0,1.0
0.0,0.0,0.0,0.0,0.0,0.0,0.0,0.0,0.0,0.0,0.0,0.0,0.0,0.0,0.0,0.0,0.0,0.0750009303092348,0.8860242664049309,1.0,0.0,0.0011654797683556817,0.026546197042147224,0.014705162146638407,1.0,1.0,1.0,1.0,1.0,0.0,1.0
0.0,0.0,0.0,0.0,0.0,0.0,0.0,0.0,0.0,0.0,0.0,0.0,0.0,0.0,0.0,0.0,0.0,0.0750009303092348,0.6433875937346683,1.0,0.0,0.0011654797683556817,0.026546197042147224,0.014705162146638407,1.0,1.0,1.0,1.0,1.0,0.0,1.0
0.0,0.0,0.0,0.0,0.0,0.0,0.0,0.0,0.0,0.0,0.0,0.0,0.0,0.0,0.0,0.0,0.0,0.0750009303092348,0.8914503044164563,1.0,0.0,0.0011654797683556817,0.026546197042147224,0.014705162146638407,1.0,1.0,1.0,1.0,1.0,0.0,1.0
0.0,0.0,0.0,0.0,0.0,0.0,0.0,0.0,0.0,0.0,0.0,0.0,0.0,0.0,0.0,0.0,0.0,0.0750009303092348,0.5010912828624092,1.0,0.0,0.0011654797683556817,0.026546197042147224,0.014705162146638407,1.0,1.0,1.0,1.0,1.0,0.0,1.0
0.0,0.0,0.0,0.0,0.0,0.0,0.8906966804851136,0.19276204038520084,0.19499667790654432,0.0,0.0,0.0,0.0,0.0,0.0,0.0,0.0,0.8772515984313186,0.534348441622031,1.0,0.887762651042951,0.9397984261284297,0.6940761578537289,0.07190888997376428,1.0,1.0,0.0,1.0,1.0,0.0,0.0
0.8734703114118474,0.5464285714285714,1.0,0.8750984904910275,1.0,0.0,0.8906966804851136,0.13326369715484326,0.12758325388687564,0.0,0.0,0.0,0.0,0.0,0.0,0.0,0.0,0.8772515984313186,0.31584621874206054,1.0,0.0,0.0011654797683556817,0.026546197042147224,0.014705162146638407,0.0,0.0,0.0,1.0,1.0,0.0,1.0
0.8734703114118474,0.7535714285714286,1.0,0.0,0.0,0.0,0.8906966804851136,0.15843975085446663,0.15900209263174953,0.0,0.0,0.0,0.0,0.0,0.0,0.0,0.0,0.0,0.0,0.0,0.0,0.0011654797683556817,0.026546197042147224,0.014705162146638407,0.0,1.0,0.0,1.0,1.0,1.0,1.0
0.8734703114118474,0.7857142857142857,1.0,0.8750984904910275,0.0,0.0,0.8906966804851136,0.09080426321471004,0.0948590241636947,0.0,0.0,0.0,0.0,0.0,0.8782232363030984,1.0,1.0,0.8772515984313186,0.27058760167629403,1.0,0.887762651042951,0.6648379319425971,0.26882586375407713,0.6076261337848282,0.0,0.0,0.0,1.0,0.0,0.0,0.0
0.8734703114118474,0.3571428571428571,0.0,0.8750984904910275,1.0,0.0,0.0,0.0,0.0,0.0,0.0,0.0,0.0,0.0,0.0,0.0,0.0,0.0,0.0,0.0,0.0,0.0011654797683556817,0.026546197042147224,0.014705162146638407,0.0,0.0,1.0,1.0,1.0,1.0,1.0
0.8734703114118474,0.9785714285714284,1.0,0.8750984904910275,0.0,0.0,0.0,0.0,0.0,0.0,0.0,0.0,0.0,0.0,0.0,0.0,0.0,0.0,0.0,0.0,0.0,0.0011654797683556817,0.026546197042147224,0.014705162146638407,0.0,0.0,1.0,1.0,1.0,1.0,1.0
0.0,0.0,0.0,0.8750984904910275,0.0,0.0,0.0,0.0,0.0,0.0,0.0,0.0,0.0,0.0,0.0,0.0,0.0,0.8772515984313186,0.459960727056028,0.5,0.887762651042951,0.3095035155691467,0.41235714705256216,0.37456007677310943,1.0,0.0,1.0,1.0,1.0,0.0,0.0
0.0,0.0,0.0,0.0,0.0,0.0,0.0,0.0,0.0,0.0,0.0,0.0,0.0,0.0,0.0,0.0,0.0,0.8772515984313186,0.6772340577260803,1.0,0.887762651042951,0.09450924995611742,0.4368037414965146,0.3198868436155547,1.0,1.0,1.0,1.0,1.0,0.0,0.0
0.0,0.0,0.0,0.0,0.0,0.0,0.8906966804851136,0.09346145331807405,0.09060446533641178,0.0,0.0,0.0,0.0,0.0,0.0,0.0,0.0,0.8772515984313186,0.1947817938129366,1.0,0.887762651042951,0.34121526197011887,0.7305828951125355,0.27237410374419513,1.0,1.0,0.0,1.0,1.0,0.0,0.0
0.0,0.0,0.0,0.0,0.0,0.0,0.0,0.0,0.0,0.0,0.0,0.0,0.0,0.0,0.0,0.0,0.0,0.8772515984313186,0.5626389167834063,0.5,0.887762651042951,0.5617419265951288,0.5093218266484232,0.8119942486171431,1.0,1.0,1.0,1.0,1.0,0.0,0.0
0.0,0.0,0.0,0.0,0.0,0.0,0.0,0.0,0.0,0.0,0.0,0.0,0.0,0.0,0.8782232363030984,1.0,1.0,0.0,0.0,0.0,0.887762651042951,0.6762795149701591,0.42432956237788366,0.8376196224894796,1.0,1.0,1.0,1.0,0.0,1.0,0.0
0.0,0.0,0.0,0.0,0.0,0.0,0.0,0.0,0.0,0.0,0.0,0.0,0.0,0.0,0.8782232363030984,1.0,1.0,0.0,0.0,0.0,0.0,0.0011654797683556817,0.026546197042147224,0.014705162146638407,1.0,1.0,1.0,1.0,0.0,1.0,1.0
0.0,0.0,0.0,0.0,0.0,0.0,0.0,0.0,0.0,0.0,0.0,0.0,0.0,0.0,0.8782232363030984,1.0,1.0,0.8772515984313186,0.5237616527146867,1.0,0.0,0.0011654797683556817,0.026546197042147224,0.014705162146638407,1.0,1.0,1.0,1.0,0.0,0.0,1.0
0.8734703114118474,0.907142857142857,1.0,0.0,0.0,0.0,0.8906966804851136,0.19282855656050094,0.19502483127194917,0.0,0.0,0.0,0.0,0.0,0.0,0.0,0.0,0.8772515984313186,0.3080803221064805,1.0,0.887762651042951,0.9398524471183897,0.6940761578537289,0.07190888997376428,0.0,1.0,0.0,1.0,1.0,0.0,0.0
0.0,0.0,0.0,0.8750984904910275,1.0,0.0,0.8906966804851136,0.15848427135794274,0.15907786075290575,0.0,0.0,0.0,0.0,0.0,0.0,0.0,0.0,0.0,0.0,0.0,0.0,0.0011654797683556817,0.026546197042147224,0.014705162146638407,1.0,0.0,0.0,1.0,1.0,1.0,1.0
0.8734703114118474,0.3535714285714286,0.0,0.8750984904910275,0.0,0.0,0.8906966804851136,0.13337652008416945,0.12767270569168923,0.0,0.0,0.0,0.0,0.0,0.8782232363030984,0.5,0.0,0.8772515984313186,0.23317012516811886,1.0,0.887762651042951,0.6671667464785035,0.26882586375407713,0.6076261337848282,0.0,0.0,0.0,1.0,0.0,0.0,0.0
0.8734703114118474,0.14285714285714285,0.0,0.0,0.0,0.0,0.8906966804851136,0.09093223099120362,0.09488513570286322,0.0,0.0,0.0,0.0,0.0,0.0,0.0,0.0,0.0,0.0,0.0,0.0,0.0011654797683556817,0.026546197042147224,0.014705162146638407,0.0,1.0,0.0,1.0,1.0,1.0,1.0
0.8734703114118474,0.49642857142857144,1.0,0.8750984904910275,0.0,0.0,0.0,0.0,0.0,0.0,0.0,0.0,0.0,0.0,0.0,0.0,0.0,0.0,0.0,0.0,0.0,0.0011654797683556817,0.026546197042147224,0.014705162146638407,0.0,0.0,1.0,1.0,1.0,1.0,1.0
0.0,0.0,0.0,0.8750984904910275,1.0,0.0,0.0,0.0,0.0,0.0,0.0,0.0,0.0,0.0,0.0,0.0,0.0,0.8772515984313186,0.4361309405789173,1.0,0.887762651042951,0.3000239972498576,0.41235714705256216,0.4178811916106975,1.0,0.0,1.0,1.0,1.0,0.0,0.0
0.8734703114118474,0.22499999999999998,0.0,0.8750984904910275,0.0,0.0,0.0,0.0,0.0,0.0,0.0,0.0,0.0,0.0,0.0,0.0,0.0,0.8772515984313186,0.15683392313494693,1.0,0.0,0.0011654797683556817,0.026546197042147224,0.014705162146638407,0.0,0.0,1.0,1.0,1.0,0.0,1.0
0.8736137383923749,0.36071428571428565,0.0,0.8752421848244415,0.0,0.0,0.0,0.0,0.0,0.0,0.0,0.0,0.0,0.0,0.0,0.0,0.0,0.0,0.0,0.0,0.0,0.0011654797683556817,0.026546197042147224,0.014705162146638407,0.0,0.0,1.0,1.0,1.0,1.0,1.0
0.0,0.0,0.0,0.8752421848244415,0.0,0.0,0.0,0.0,0.0,0.0,0.0,0.0,0.0,0.0,0.0,0.0,0.0,0.8773956463128344,0.5951704018427666,1.0,0.0,0.0011654797683556817,0.026546197042147224,0.014705162146638407,1.0,0.0,1.0,1.0,1.0,0.0,1.0
0.8736137383923749,0.4892857142857142,1.0,0.8752421848244415,0.0,0.0,0.0,0.0,0.0,0.0,0.0,0.0,0.0,0.0,0.8783674437310628,0.5,0.0,0.8773956463128344,0.6710740931910855,1.0,0.0,0.0011654797683556817,0.026546197042147224,0.014705162146638407,0.0,0.0,1.0,1.0,0.0,0.0,1.0
0.0,0.0,0.0,0.0,0.0,0.0,0.0,0.0,0.0,0.0,0.0,0.0,0.0,0.0,0.0,0.0,0.0,0.8773956463128344,0.5074630353024743,1.0,0.0,0.0011654797683556817,0.026546197042147224,0.014705162146638407,1.0,1.0,1.0,1.0,1.0,0.0,1.0
0.0,0.0,0.0,0.0,0.0,0.0,0.8908429360976728,0.09954419189157084,0.09597052516390794,0.0,0.0,0.0,0.0,0.0,0.8783674437310628,0.5,0.0,0.8773956463128344,0.16764193681198236,1.0,0.0,0.0011654797683556817,0.026546197042147224,0.014705162146638407,1.0,1.0,0.0,1.0,0.0,0.0,1.0
0.0,0.0,0.0,0.0,0.0,0.0,0.8908429360976728,0.19795076192110042,0.20022970784111147,0.0,0.0,0.0,0.0,0.0,0.8783674437310628,1.0,1.0,0.0,0.0,0.0,0.0,0.0011654797683556817,0.026546197042147224,0.014705162146638407,1.0,1.0,0.0,1.0,0.0,1.0,1.0
0.0,0.0,0.0,0.0,0.0,0.0,0.8908429360976728,0.1630044328097082,0.16417574453597666,0.0,0.0,0.0,0.0,0.0,0.0,0.0,0.0,0.8773956463128344,0.39485042165347073,1.0,0.0,0.0011654797683556817,0.026546197042147224,0.014705162146638407,1.0,1.0,0.0,1.0,1.0,0.0,1.0
0.0,0.0,0.0,0.8752421848244415,0.0,0.0,0.0,0.0,0.0,0.0,0.0,0.0,0.0,0.0,0.0,0.0,0.0,0.8773956463128344,0.3837673120506886,1.0,0.0,0.0011654797683556817,0.026546197042147224,0.014705162146638407,1.0,0.0,1.0,1.0,1.0,0.0,1.0
0.0,0.0,0.0,0.0,0.0,0.0,0.8908429360976728,0.13862145516761884,0.13219694979105834,0.0,0.0,0.0,0.0,0.0,0.0,0.0,0.0,0.8773956463128344,0.859562103963782,1.0,0.0,0.0011654797683556817,0.026546197042147224,0.014705162146638407,1.0,1.0,0.0,1.0,1.0,0.0,1.0
0.8736137383923749,0.7642857142857142,1.0,0.0,0.0,0.0,0.8908429360976728,0.09605977484479337,0.10012190457574276,0.0,0.0,0.0,0.0,0.0,0.0,0.0,0.0,0.0,0.0,0.0,0.0,0.0011654797683556817,0.026546197042147224,0.014705162146638407,0.0,1.0,0.0,1.0,1.0,1.0,1.0
0.8736137383923749,0.9357142857142856,1.0,0.0,0.0,0.0,0.0,0.0,0.0,0.0,0.0,0.0,0.0,0.0,0.0,0.0,0.0,0.0,0.0,0.0,0.0,0.0011654797683556817,0.026546197042147224,0.014705162146638407,0.0,1.0,1.0,1.0,1.0,1.0,1.0
0.8736137383923749,0.7928571428571428,1.0,0.8752421848244415,0.0,0.0,0.0,0.0,0.0,0.0,0.0,0.0,0.0,0.0,0.0,0.0,0.0,0.0,0.0,0.0,0.0,0.0011654797683556817,0.026546197042147224,0.014705162146638407,0.0,0.0,1.0,1.0,1.0,1.0,1.0
0.0,0.0,0.0,0.8752421848244415,0.0,0.0,0.0,0.0,0.0,0.0,0.0,0.0,0.0,0.0,0.8783674437310628,0.5,0.0,0.0,0.0,0.0,0.0,0.0011654797683556817,0.026546197042147224,0.014705162146638407,1.0,0.0,1.0,1.0,0.0,1.0,1.0
0.0,0.0,0.0,0.8752421848244415,0.0,0.0,0.0,0.0,0.0,0.0,0.0,0.0,0.0,0.0,0.0,0.0,0.0,0.0,0.0,0.0,0.0,0.0011654797683556817,0.026546197042147224,0.014705162146638407,1.0,0.0,1.0,1.0,1.0,1.0,1.0
0.8736137383923749,0.5892857142857143,1.0,0.8752421848244415,0.0,0.0,0.0,0.0,0.0,0.0,0.0,0.0,0.0,0.0,0.0,0.0,0.0,0.0,0.0,0.0,0.0,0.0011654797683556817,0.026546197042147224,0.014705162146638407,0.0,0.0,1.0,1.0,1.0,1.0,1.0
0.8736137383923749,0.5464285714285714,1.0,0.0,0.0,0.0,0.0,0.0,0.0,0.0,0.0,0.0,0.0,0.0,0.8783674437310628,0.5,0.0,0.8773956463128344,0.5694858099461793,1.0,0.0,0.0011654797683556817,0.026546197042147224,0.014705162146638407,0.0,1.0,1.0,1.0,0.0,0.0,1.0
0.0,0.0,0.0,0.0,0.0,0.0,0.8908429360976728,0.09958731422047438,0.09602753591653576,0.0,0.0,0.0,0.0,0.0,0.8783674437310628,0.5,0.0,0.8773956463128344,0.648823602429792,1.0,0.0,0.0011654797683556817,0.026546197042147224,0.014705162146638407,1.0,1.0,0.0,1.0,0.0,0.0,1.0
0.0,0.0,0.0,0.0,0.0,0.0,0.0,0.0,0.0,0.0,0.0,0.0,0.0,0.0,0.0,0.0,0.0,0.8773956463128344,0.4835296233761337,1.0,0.0,0.0011654797683556817,0.026546197042147224,0.014705162146638407,1.0,1.0,1.0,1.0,1.0,0.0,1.0
0.0,0.0,0.0,0.0,0.0,0.0,0.0,0.0,0.0,0.0,0.0,0.0,0.0,0.0,0.8783674437310628,0.5,0.0,0.8773956463128344,0.09094020064232877,0.5,0.0,0.0011654797683556817,0.026546197042147224,0.014705162146638407,1.0,1.0,1.0,1.0,0.0,0.0,1.0
0.0,0.0,0.0,0.0,0.0,0.0,0.0,0.0,0.0,0.0,0.0,0.0,0.0,0.0,0.0,0.0,0.0,0.8773956463128344,0.34809605108720776,1.0,0.0,0.0011654797683556817,0.026546197042147224,0.014705162146638407,1.0,1.0,1.0,1.0,1.0,0.0,1.0
0.0,0.0,0.0,0.0,0.0,0.0,0.0,0.0,0.0,0.0,0.0,0.0,0.0,0.0,0.9895513706916028,1.0,1.0,0.0,0.0,0.0,0.0,0.0011654797683556817,0.026546197042147224,0.014705162146638407,1.0,1.0,1.0,1.0,0.0,1.0,1.0
0.0,0.0,0.0,0.0,0.0,0.0,0.0,0.0,0.0,0.0,0.0,0.0,0.0,0.0,0.9895513706916028,1.0,1.0,0.0,0.0,0.0,0.0,0.0011654797683556817,0.026546197042147224,0.014705162146638407,1.0,1.0,1.0,1.0,0.0,1.0,1.0
0.0,0.0,0.0,0.0,0.0,0.0,0.0,0.0,0.0,0.0,0.0,0.0,0.0,0.0,0.9895513706916028,0.5,0.0,0.0,0.0,0.0,0.0,0.0011654797683556817,0.026546197042147224,0.014705162146638407,1.0,1.0,1.0,1.0,0.0,1.0,1.0
0.0,0.0,0.0,0.0,0.0,0.0,0.0,0.0,0.0,0.0,0.0,0.0,0.0,0.0,0.9895513706916028,0.5,0.0,0.0,0.0,0.0,0.0,0.0011654797683556817,0.026546197042147224,0.014705162146638407,1.0,1.0,1.0,1.0,0.0,1.0,1.0
0.0,0.0,0.0,0.0,0.0,0.0,0.0,0.0,0.0,0.0,0.0,0.0,0.0,0.0,0.9895513706916028,0.5,0.0,0.0,0.0,0.0,0.0,0.0011654797683556817,0.026546197042147224,0.014705162146638407,1.0,1.0,1.0,1.0,0.0,1.0,1.0
0.0,0.0,0.0,0.0,0.0,0.0,0.0,0.0,0.0,0.0,0.0,0.0,0.0,0.0,0.9895513706916028,1.0,1.0,0.0,0.0,0.0,0.0,0.0011654797683556817,0.026546197042147224,0.014705162146638407,1.0,1.0,1.0,1.0,0.0,1.0,1.0
0.0,0.0,0.0,0.0,0.0,0.0,0.0,0.0,0.0,0.0,0.0,0.0,0.0,0.0,0.9895513706916028,1.0,1.0,0.0,0.0,0.0,0.0,0.0011654797683556817,0.026546197042147224,0.014705162146638407,1.0,1.0,1.0,1.0,0.0,1.0,1.0
0.0,0.0,0.0,0.0,0.0,0.0,0.0,0.0,0.0,0.0,0.0,0.0,0.0,0.0,0.9895513706916028,1.0,1.0,0.0,0.0,0.0,0.0,0.0011654797683556817,0.026546197042147224,0.014705162146638407,1.0,1.0,1.0,1.0,0.0,1.0,1.0
0.0,0.0,0.0,0.0,0.0,0.0,0.0,0.0,0.0,0.0,0.0,0.0,0.0,0.0,0.9895513706916028,0.5,0.0,0.0,0.0,0.0,0.0,0.0011654797683556817,0.026546197042147224,0.014705162146638407,1.0,1.0,1.0,1.0,0.0,1.0,1.0
0.0,0.0,0.0,0.0,0.0,0.0,0.0,0.0,0.0,0.0,0.0,0.0,0.0,0.0,0.9895754052629302,0.5,0.0,0.0,0.0,0.0,0.0,0.0011654797683556817,0.026546197042147224,0.014705162146638407,1.0,1.0,1.0,1.0,0.0,1.0,1.0
0.0,0.0,0.0,0.0,0.0,0.0,0.0,0.0,0.0,0.0,0.0,0.0,0.0,0.0,0.9895754052629302,0.5,0.0,0.0,0.0,0.0,0.0,0.0011654797683556817,0.026546197042147224,0.014705162146638407,1.0,1.0,1.0,1.0,0.0,1.0,1.0
0.0,0.0,0.0,0.0,0.0,0.0,0.0,0.0,0.0,0.0,0.0,0.0,0.0,0.0,0.9895754052629302,0.5,0.0,0.0,0.0,0.0,0.0,0.0011654797683556817,0.026546197042147224,0.014705162146638407,1.0,1.0,1.0,1.0,0.0,1.0,1.0
0.0,0.0,0.0,0.0,0.0,0.0,0.0,0.0,0.0,0.0,0.0,0.0,0.0,0.0,0.9895754052629302,0.5,0.0,0.0,0.0,0.0,0.0,0.0011654797683556817,0.026546197042147224,0.014705162146638407,1.0,1.0,1.0,1.0,0.0,1.0,1.0
0.0,0.0,0.0,0.0,0.0,0.0,0.0,0.0,0.0,0.0,0.0,0.0,0.0,0.0,0.9895754052629302,1.0,1.0,0.0,0.0,0.0,0.0,0.0011654797683556817,0.026546197042147224,0.014705162146638407,1.0,1.0,1.0,1.0,0.0,1.0,1.0
0.0,0.0,0.0,0.0,0.0,0.0,0.0,0.0,0.0,0.0,0.0,0.0,0.0,0.0,0.9895754052629302,1.0,1.0,0.0,0.0,0.0,0.0,0.0011654797683556817,0.026546197042147224,0.014705162146638407,1.0,1.0,1.0,1.0,0.0,1.0,1.0
0.0,0.0,0.0,0.0,0.0,0.0,0.0,0.0,0.0,0.0,0.0,0.0,0.0,0.0,0.9895754052629302,0.5,0.0,0.0,0.0,0.0,0.0,0.0011654797683556817,0.026546197042147224,0.014705162146638407,1.0,1.0,1.0,1.0,0.0,1.0,1.0
0.0,0.0,0.0,0.0,0.0,0.0,0.0,0.0,0.0,0.0,0.0,0.0,0.0,0.0,0.9895754052629302,1.0,1.0,0.0,0.0,0.0,0.0,0.0011654797683556817,0.026546197042147224,0.014705162146638407,1.0,1.0,1.0,1.0,0.0,1.0,1.0
0.0,0.0,0.0,0.0,0.0,0.0,0.0,0.0,0.0,0.0,0.0,0.0,0.0,0.0,0.9895754052629302,0.5,0.0,0.0,0.0,0.0,0.0,0.0011654797683556817,0.026546197042147224,0.014705162146638407,1.0,1.0,1.0,1.0,0.0,1.0,1.0
0.0,0.0,0.0,0.0,0.0,0.0,0.0,0.0,0.0,0.0,0.0,0.0,0.0,0.0,0.9895754052629302,0.5,0.0,0.0,0.0,0.0,0.0,0.0011654797683556817,0.026546197042147224,0.014705162146638407,1.0,1.0,1.0,1.0,0.0,1.0,1.0
0.0,0.0,0.0,0.0,0.0,0.0,0.0,0.0,0.0,0.0,0.0,0.0,0.0,0.0,0.9895754052629302,0.5,0.0,0.0,0.0,0.0,0.0,0.0011654797683556817,0.026546197042147224,0.014705162146638407,1.0,1.0,1.0,1.0,0.0,1.0,1.0
0.916856973021385,0.425,0.0,0.918566026348751,1.0,0.0,0.0,0.0,0.0,0.0,0.0,0.0,0.0,0.0,0.0,0.0,0.0,0.0,0.0,0.0,0.0,0.0011654797683556817,0.026546197042147224,0.014705162146638407,0.0,0.0,1.0,1.0,1.0,1.0,1.0
0.916856973021385,0.2857142857142857,0.0,0.0,0.0,0.0,0.9349390032842511,0.09452677267734334,0.0924782714530394,0.933659199178195,0.17195585474195174,0.903289794921875,0.90978877968378,0.3299149994658854,0.0,0.0,0.0,0.9208260825898529,0.5106143378770263,1.0,0.9318592359264474,0.7640059187667484,0.6134929464187452,0.15144730805243195,0.0,1.0,0.0,0.0,1.0,0.0,0.0
0.0,0.0,0.0,0.0,0.0,0.0,0.0,0.0,0.0,0.0,0.0,0.0,0.0,0.0,0.9218459832623245,0.5,0.0,0.9208260825898529,0.29308727040615157,1.0,0.9318592359264474,0.09403972231478219,0.6357960837162939,0.07904436626493679,1.0,1.0,1.0,1.0,0.0,0.0,0.0
0.0,0.0,0.0,0.0,0.0,0.0,0.0,0.0,0.0,0.0,0.0,0.0,0.0,0.0,0.9218459832623245,0.5,0.0,0.0,0.0,0.0,0.0,0.0011654797683556817,0.026546197042147224,0.014705162146638407,1.0,1.0,1.0,1.0,0.0,1.0,1.0
0.916856973021385,0.44285714285714284,1.0,0.918566026348751,0.0,0.0,0.0,0.0,0.0,0.0,0.0,0.0,0.0,0.0,0.0,0.0,0.0,0.0,0.0,0.0,0.0,0.0011654797683556817,0.026546197042147224,0.014705162146638407,0.0,0.0,1.0,1.0,1.0,1.0,1.0
0.916856973021385,0.5071428571428571,1.0,0.0,0.0,0.0,0.0,0.0,0.0,0.0,0.0,0.0,0.0,0.0,0.0,0.0,0.0,0.0,0.0,0.0,0.0,0.0011654797683556817,0.026546197042147224,0.014705162146638407,0.0,1.0,1.0,1.0,1.0,1.0,1.0
0.916856973021385,0.5499999999999999,1.0,0.918566026348751,1.0,0.0,0.0,0.0,0.0,0.0,0.0,0.0,0.0,0.0,0.0,0.0,0.0,0.0,0.0,0.0,0.0,0.0011654797683556817,0.026546197042147224,0.014705162146638407,0.0,0.0,1.0,1.0,1.0,1.0,1.0
0.0,0.0,0.0,0.918566026348751,0.0,0.0,0.9349390032842511,0.093922335030703,0.09464014530204663,0.933659199178195,0.17195585474195174,0.903289794921875,0.90978877968378,0.3299149994658854,0.9218459832623245,0.5,0.0,0.9208260825898529,0.48399122764997626,1.0,0.9318592359264474,0.7648630975989851,0.6134929464187452,0.15144730805243195,1.0,0.0,0.0,0.0,0.0,0.0,0.0
0.0,0.0,0.0,0.0,0.0,0.0,0.9349390032842511,0.09461511251663565,0.09250010286767857,0.933659199178195,0.17195585474195174,0.903289794921875,0.90978877968378,0.3299149994658854,0.9218459832623245,0.5,0.0,0.9208260825898529,0.26697062798212645,1.0,0.9318592359264474,0.08142648028801414,0.6357960837162939,0.09211281564114694,1.0,1.0,0.0,0.0,0.0,0.0,0.0
0.0,0.0,0.0,0.0,0.0,0.0,0.0,0.0,0.0,0.0,0.0,0.0,0.0,0.0,0.9218459832623245,0.5,0.0,0.0,0.0,0.0,0.0,0.0011654797683556817,0.026546197042147224,0.014705162146638407,1.0,1.0,1.0,1.0,0.0,1.0,1.0
0.916856973021385,0.1464285714285714,0.0,0.918566026348751,0.0,0.0,0.0,0.0,0.0,0.0,0.0,0.0,0.0,0.0,0.0,0.0,0.0,0.0,0.0,0.0,0.0,0.0011654797683556817,0.026546197042147224,0.014705162146638407,0.0,0.0,1.0,1.0,1.0,1.0,1.0
0.0,0.0,0.0,0.918566026348751,0.0,0.0,0.0,0.0,0.0,0.0,0.0,0.0,0.0,0.0,0.0,0.0,0.0,0.0,0.0,0.0,0.0,0.0011654797683556817,0.026546197042147224,0.014705162146638407,1.0,0.0,1.0,1.0,1.0,1.0,1.0
0.916856973021385,0.9464285714285714,1.0,0.918566026348751,0.0,0.0,0.0,0.0,0.0,0.0,0.0,0.0,0.0,0.0,0.0,0.0,0.0,0.0,0.0,0.0,0.0,0.0011654797683556817,0.026546197042147224,0.014705162146638407,0.0,0.0,1.0,1.0,1.0,1.0,1.0
0.916856973021385,0.42142857142857143,0.0,0.0,0.0,0.0,0.9349390032842511,0.09393961097986724,0.09464050843660662,0.933659199178195,0.878539481919067,0.2919464111328125,0.22698553201880226,0.8921851394039281,0.9218459832623245,1.0,1.0,0.0,0.0,0.0,0.9318592359264474,0.7586866500291282,0.6015024553572247,0.15144730805243195,0.0,1.0,0.0,0.0,0.0,1.0,0.0
0.0,0.0,0.0,0.0,0.0,0.0,0.9349390032842511,0.09466943265168427,0.09253502803710997,0.933659199178195,0.878539481919067,0.2919464111328125,0.22698553201880226,0.8921851394039281,0.0,0.0,0.0,0.9208260825898529,0.4813979887106856,1.0,0.9318592359264474,0.0758058637264809,0.6357960837162939,0.09211281564114694,1.0,1.0,0.0,0.0,1.0,0.0,0.0
0.0,0.0,0.0,0.0,0.0,0.0,0.0,0.0,0.0,0.0,0.0,0.0,0.0,0.0,0.0,0.0,0.0,0.9208260825898529,0.2606711275314719,1.0,0.0,0.0011654797683556817,0.026546197042147224,0.014705162146638407,1.0,1.0,1.0,1.0,1.0,0.0,1.0
0.0,0.0,0.0,0.0,0.0,0.0,0.0,0.0,0.0,0.0,0.0,0.0,0.0,0.0,0.9218459832623245,1.0,1.0,0.0,0.0,0.0,0.0,0.0011654797683556817,0.026546197042147224,0.014705162146638407,1.0,1.0,1.0,1.0,0.0,1.0,1.0
0.916856973021385,0.21428571428571427,0.0,0.918566026348751,0.0,0.0,0.0,0.0,0.0,0.0,0.0,0.0,0.0,0.0,0.9218459832623245,0.5,0.0,0.0,0.0,0.0,0.0,0.0011654797683556817,0.026546197042147224,0.014705162146638407,0.0,0.0,1.0,1.0,0.0,1.0,1.0
0.916856973021385,0.37142857142857144,0.0,0.918566026348751,0.0,0.0,0.0,0.0,0.0,0.0,0.0,0.0,0.0,0.0,0.0,0.0,0.0,0.0,0.0,0.0,0.0,0.0011654797683556817,0.026546197042147224,0.014705162146638407,0.0,0.0,1.0,1.0,1.0,1.0,1.0
0.916856973021385,0.425,0.0,0.918566026348751,0.0,0.0,0.9349390032842511,0.09402784779978635,0.09475354150248058,0.933659199178195,0.878539481919067,0.2919464111328125,0.22698553201880226,0.8921851394039281,0.0,0.0,0.0,0.0,0.0,0.0,0.9318592359264474,0.7729941130451271,0.6015024553572247,0.15144730805243195,0.0,0.0,0.0,0.0,1.0,1.0,0.0
0.0,0.0,0.0,0.0,0.0,0.0,0.0,0.0,0.0,0.8910110198805754,0.5302620933888965,0.4243927001953125,0.6933184787253526,0.7688962138900335,0.0,0.0,0.0,0.0,0.0,0.0,0.0,0.0011654797683556817,0.026546197042147224,0.014705162146638407,1.0,1.0,1.0,0.0,1.0,1.0,1.0
0.0,0.0,0.0,0.0,0.0,0.0,0.0,0.0,0.0,0.8910110198805754,0.5302620933888965,0.4243927001953125,0.6933184787253526,0.7688962138900335,0.0,0.0,0.0,0.0,0.0,0.0,0.0,0.0011654797683556817,0.026546197042147224,0.014705162146638407,1.0,1.0,1.0,0.0,1.0,1.0,1.0
0.0,0.0,0.0,0.0,0.0,0.0,0.0,0.0,0.0,0.8910110198805754,0.5302620933888965,0.4243927001953125,0.6933184787253526,0.7688962138900335,0.0,0.0,0.0,0.0,0.0,0.0,0.88929327630337,0.8341815300089014,0.8560979115367422,0.10520675740403482,1.0,1.0,1.0,0.0,1.0,1.0,0.0
0.0,0.0,0.0,0.0,0.0,0.0,0.0,0.0,0.0,0.0,0.0,0.0,0.0,0.0,0.0,0.0,0.0,0.0,0.0,0.0,0.88929327630337,0.4242572913289756,0.5118702082275658,0.9199051106653973,1.0,1.0,1.0,1.0,1.0,1.0,0.0
0.0,0.0,0.0,0.0,0.0,0.0,0.0,0.0,0.0,0.0,0.0,0.0,0.0,0.0,0.0,0.0,0.0,0.0,0.0,0.0,0.88929327630337,0.6752166626388995,0.4619745280681178,0.39698346035753207,1.0,1.0,1.0,1.0,1.0,1.0,0.0
0.0,0.0,0.0,0.0,0.0,0.0,0.0,0.0,0.0,0.8910110198805754,0.5302620933888965,0.4243927001953125,0.6933184787253526,0.7688962138900335,0.0,0.0,0.0,0.0,0.0,0.0,0.88929327630337,0.05882799849016518,0.3888672561372606,0.8148840008350403,1.0,1.0,1.0,0.0,1.0,1.0,0.0
0.0,0.0,0.0,0.0,0.0,0.0,0.0,0.0,0.0,0.0,0.0,0.0,0.0,0.0,0.0,0.0,0.0,0.0,0.0,0.0,0.88929327630337,0.9651513145245075,0.7505122489647753,0.6179861145023435,1.0,1.0,1.0,1.0,1.0,1.0,0.0
0.0,0.0,0.0,0.0,0.0,0.0,0.0,0.0,0.0,0.0,0.0,0.0,0.0,0.0,0.0,0.0,0.0,0.0,0.0,0.0,0.88929327630337,0.9436812019782591,0.3048838410511998,0.7315439544414705,1.0,1.0,1.0,1.0,1.0,1.0,0.0
0.0,0.0,0.0,0.0,0.0,0.0,0.0,0.0,0.0,0.8910110198805754,0.49490925188136337,0.3213348388671875,0.3460258836456871,0.2746875429199286,0.0,0.0,0.0,0.0,0.0,0.0,0.88929327630337,0.08327986769162243,0.5311178073695331,0.13850551226585947,1.0,1.0,1.0,0.0,1.0,1.0,0.0
0.0,0.0,0.0,0.0,0.0,0.0,0.0,0.0,0.0,0.8910110198805754,0.49490925188136337,0.3213348388671875,0.3460258836456871,0.2746875429199286,0.0,0.0,0.0,0.0,0.0,0.0,0.88929327630337,0.28482288152294455,0.5670903253613105,0.4442900912110906,1.0,1.0,1.0,0.0,1.0,1.0,0.0
0.0,0.0,0.0,0.0,0.0,0.0,0.0,0.0,0.0,0.8910110198805754,0.49490925188136337,0.3213348388671875,0.3460258836456871,0.2746875429199286,0.0,0.0,0.0,0.0,0.0,0.0,0.0,0.0011654797683556817,0.026546197042147224,0.014705162146638407,1.0,1.0,1.0,0.0,1.0,1.0,1.0
0.0,0.0,0.0,0.0,0.0,0.0,0.0,0.0,0.0,0.8910110198805754,0.49490925188136337,0.3213348388671875,0.3460258836456871,0.2746875429199286,0.0,0.0,0.0,0.0,0.0,0.0,0.0,0.0011654797683556817,0.026546197042147224,0.014705162146638407,1.0,1.0,1.0,0.0,1.0,1.0,1.0
0.0,0.0,0.0,0.0,0.0,0.0,0.0,0.0,0.0,0.8910110198805754,0.21634534658301657,0.7919921875,0.46534094377632623,0.920798425124754,0.0,0.0,0.0,0.0,0.0,0.0,0.88929327630337,0.24771897772697327,0.28237612957717095,0.5419927623745147,1.0,1.0,1.0,0.0,1.0,1.0,0.0
0.0,0.0,0.0,0.0,0.0,0.0,0.0,0.0,0.0,0.8910110198805754,0.21634534658301657,0.7919921875,0.46534094377632623,0.920798425124754,0.0,0.0,0.0,0.0,0.0,0.0,0.88929327630337,0.8326343369555919,0.8560979115367422,0.10520675740403482,1.0,1.0,1.0,0.0,1.0,1.0,0.0
0.0,0.0,0.0,0.0,0.0,0.0,0.0,0.0,0.0,0.0,0.0,0.0,0.0,0.0,0.0,0.0,0.0,0.0,0.0,0.0,0.88929327630337,0.4195277024544112,0.5118702082275658,0.9199051106653973,1.0,1.0,1.0,1.0,1.0,1.0,0.0
0.0,0.0,0.0,0.0,0.0,0.0,0.0,0.0,0.0,0.8910110198805754,0.21634534658301657,0.7919921875,0.46534094377632623,0.920798425124754,0.0,0.0,0.0,0.0,0.0,0.0,0.88929327630337,0.6707740665323493,0.4619745280681178,0.39698346035753207,1.0,1.0,1.0,0.0,1.0,1.0,0.0
0.0,0.0,0.0,0.0,0.0,0.0,0.0,0.0,0.0,0.0,0.0,0.0,0.0,0.0,0.0,0.0,0.0,0.0,0.0,0.0,0.88929327630337,0.049070815677446755,0.3888672561372606,0.8148840008350403,1.0,1.0,1.0,1.0,1.0,1.0,0.0
0.0,0.0,0.0,0.0,0.0,0.0,0.0,0.0,0.0,0.0,0.0,0.0,0.0,0.0,0.0,0.0,0.0,0.0,0.0,0.0,0.88929327630337,0.9688199232237268,0.7505122489647753,0.6179861145023435,1.0,1.0,1.0,1.0,1.0,1.0,0.0
0.0,0.0,0.0,0.0,0.0,0.0,0.0,0.0,0.0,0.0,0.0,0.0,0.0,0.0,0.0,0.0,0.0,0.0,0.0,0.0,0.88929327630337,0.9436812019782591,0.3048838410511998,0.7315439544414705,1.0,1.0,1.0,1.0,1.0,1.0,0.0
0.0,0.0,0.0,0.0,0.0,0.0,0.0,0.0,0.0,0.8910110198805754,0.1388316465937018,0.5484619140625,0.03587998290702644,0.40252407331105317,0.0,0.0,0.0,0.0,0.0,0.0,0.88929327630337,0.09001446889886955,0.5311178073695331,0.13850551226585947,1.0,1.0,1.0,0.0,1.0,1.0,0.0
0.0,0.0,0.0,0.0,0.0,0.0,0.0,0.0,0.0,0.0,0.0,0.0,0.0,0.0,0.9190820075596738,1.0,1.0,0.0,0.0,0.0,0.0,0.0011654797683556817,0.026546197042147224,0.014705162146638407,1.0,1.0,1.0,1.0,0.0,1.0,1.0
0.0,0.0,0.0,0.0,0.0,0.0,0.0,0.0,0.0,0.0,0.0,0.0,0.0,0.0,0.9190820075596738,0.5,0.0,0.0,0.0,0.0,0.0,0.0011654797683556817,0.026546197042147224,0.014705162146638407,1.0,1.0,1.0,1.0,0.0,1.0,1.0
0.0,0.0,0.0,0.0,0.0,0.0,0.0,0.0,0.0,0.0,0.0,0.0,0.0,0.0,0.9190820075596738,1.0,1.0,0.0,0.0,0.0,0.0,0.0011654797683556817,0.026546197042147224,0.014705162146638407,1.0,1.0,1.0,1.0,0.0,1.0,1.0
0.0,0.0,0.0,0.0,0.0,0.0,0.0,0.0,0.0,0.0,0.0,0.0,0.0,0.0,0.9190820075596738,0.5,0.0,0.0,0.0,0.0,0.0,0.0011654797683556817,0.026546197042147224,0.014705162146638407,1.0,1.0,1.0,1.0,0.0,1.0,1.0
0.0,0.0,0.0,0.0,0.0,0.0,0.0,0.0,0.0,0.0,0.0,0.0,0.0,0.0,0.9190820075596738,1.0,1.0,0.0,0.0,0.0,0.0,0.0011654797683556817,0.026546197042147224,0.014705162146638407,1.0,1.0,1.0,1.0,0.0,1.0,1.0
0.0,0.0,0.0,0.0,0.0,0.0,0.0,0.0,0.0,0.0,0.0,0.0,0.0,0.0,0.9190820075596738,0.5,0.0,0.0,0.0,0.0,0.0,0.0011654797683556817,0.026546197042147224,0.014705162146638407,1.0,1.0,1.0,1.0,0.0,1.0,1.0
0.0,0.0,0.0,0.0,0.0,0.0,0.0,0.0,0.0,0.0,0.0,0.0,0.0,0.0,0.9190820075596738,1.0,1.0,0.0,0.0,0.0,0.0,0.0011654797683556817,0.026546197042147224,0.014705162146638407,1.0,1.0,1.0,1.0,0.0,1.0,1.0
0.0,0.0,0.0,0.0,0.0,0.0,0.0,0.0,0.0,0.0,0.0,0.0,0.0,0.0,0.9190820075596738,0.5,0.0,0.0,0.0,0.0,0.0,0.0011654797683556817,0.026546197042147224,0.014705162146638407,1.0,1.0,1.0,1.0,0.0,1.0,1.0
0.0,0.0,0.0,0.0,0.0,0.0,0.0,0.0,0.0,0.0,0.0,0.0,0.0,0.0,0.9190820075596738,0.5,0.0,0.0,0.0,0.0,0.0,0.0011654797683556817,0.026546197042147224,0.014705162146638407,1.0,1.0,1.0,1.0,0.0,1.0,1.0
0.0,0.0,0.0,0.0,0.0,0.0,0.0,0.0,0.0,0.0,0.0,0.0,0.0,0.0,0.9190820075596738,0.5,0.0,0.0,0.0,0.0,0.0,0.0011654797683556817,0.026546197042147224,0.014705162146638407,1.0,1.0,1.0,1.0,0.0,1.0,1.0
0.0,0.0,0.0,0.0,0.0,0.0,0.0,0.0,0.0,0.0,0.0,0.0,0.0,0.0,0.9191060421310012,0.5,0.0,0.0,0.0,0.0,0.0,0.0011654797683556817,0.026546197042147224,0.014705162146638407,1.0,1.0,1.0,1.0,0.0,1.0,1.0
0.0,0.0,0.0,0.0,0.0,0.0,0.0,0.0,0.0,0.0,0.0,0.0,0.0,0.0,0.9191060421310012,1.0,1.0,0.0,0.0,0.0,0.0,0.0011654797683556817,0.026546197042147224,0.014705162146638407,1.0,1.0,1.0,1.0,0.0,1.0,1.0
0.0,0.0,0.0,0.0,0.0,0.0,0.0,0.0,0.0,0.0,0.0,0.0,0.0,0.0,0.9191060421310012,1.0,1.0,0.0,0.0,0.0,0.0,0.0011654797683556817,0.026546197042147224,0.014705162146638407,1.0,1.0,1.0,1.0,0.0,1.0,1.0
0.0,0.0,0.0,0.0,0.0,0.0,0.0,0.0,0.0,0.0,0.0,0.0,0.0,0.0,0.9191060421310012,0.5,0.0,0.0,0.0,0.0,0.0,0.0011654797683556817,0.026546197042147224,0.014705162146638407,1.0,1.0,1.0,1.0,0.0,1.0,1.0
0.0,0.0,0.0,0.0,0.0,0.0,0.0,0.0,0.0,0.0,0.0,0.0,0.0,0.0,0.9191060421310012,0.5,0.0,0.0,0.0,0.0,0.0,0.0011654797683556817,0.026546197042147224,0.014705162146638407,1.0,1.0,1.0,1.0,0.0,1.0,1.0
0.0,0.0,0.0,0.0,0.0,0.0,0.0,0.0,0.0,0.0,0.0,0.0,0.0,0.0,0.9191060421310012,1.0,1.0,0.0,0.0,0.0,0.0,0.0011654797683556817,0.026546197042147224,0.014705162146638407,1.0,1.0,1.0,1.0,0.0,1.0,1.0
0.0,0.0,0.0,0.0,0.0,0.0,0.0,0.0,0.0,0.0,0.0,0.0,0.0,0.0,0.9191060421310012,0.5,0.0,0.0,0.0,0.0,0.0,0.0011654797683556817,0.026546197042147224,0.014705162146638407,1.0,1.0,1.0,1.0,0.0,1.0,1.0
0.0,0.0,0.0,0.0,0.0,0.0,0.0,0.0,0.0,0.0,0.0,0.0,0.0,0.0,0.9191060421310012,0.5,0.0,0.0,0.0,0.0,0.0,0.0011654797683556817,0.026546197042147224,0.014705162146638407,1.0,1.0,1.0,1.0,0.0,1.0,1.0
0.0,0.0,0.0,0.0,0.0,0.0,0.0,0.0,0.0,0.0,0.0,0.0,0.0,0.0,0.9191060421310012,1.0,1.0,0.0,0.0,0.0,0.0,0.0011654797683556817,0.026546197042147224,0.014705162146638407,1.0,1.0,1.0,1.0,0.0,1.0,1.0
0.0,0.0,0.0,0.0,0.0,0.0,0.0,0.0,0.0,0.0,0.0,0.0,0.0,0.0,0.9191300767023286,0.5,0.0,0.0,0.0,0.0,0.0,0.0011654797683556817,0.026546197042147224,0.014705162146638407,1.0,1.0,1.0,1.0,0.0,1.0,1.0
0.0,0.0,0.0,0.0,0.0,0.0,0.0,0.0,0.0,0.0,0.0,0.0,0.0,0.0,0.0,0.0,0.0,0.0643894030375697,0.7812392104851513,1.0,0.0,0.0011654797683556817,0.026546197042147224,0.014705162146638407,1.0,1.0,1.0,1.0,1.0,0.0,1.0
0.0,0.0,0.0,0.0,0.0,0.0,0.0,0.0,0.0,0.0,0.0,0.0,0.0,0.0,0.06446072030007963,0.5,0.0,0.0643894030375697,0.7797768484075265,1.0,0.0,0.0011654797683556817,0.026546197042147224,0.014705162146638407,1.0,1.0,1.0,1.0,0.0,0.0,1.0
0.06411186029574643,0.41428571428571426,0.0,0.0,0.0,0.0,0.0,0.0,0.0,0.0,0.0,0.0,0.0,0.0,0.06446072030007963,0.5,0.0,0.0643894030375697,0.23529571321962628,1.0,0.0,0.0011654797683556817,0.026546197042147224,0.014705162146638407,0.0,1.0,1.0,1.0,0.0,0.0,1.0
0.06411186029574643,0.7535714285714286,1.0,0.0,0.0,0.0,0.0,0.0,0.0,0.0,0.0,0.0,0.0,0.0,0.0,0.0,0.0,0.0643894030375697,0.23212584429371086,1.0,0.0,0.0011654797683556817,0.026546197042147224,0.014705162146638407,0.0,1.0,1.0,1.0,1.0,0.0,1.0
0.0,0.0,0.0,0.0,0.0,0.0,0.0,0.0,0.0,0.0,0.0,0.0,0.0,0.0,0.06446072030007963,1.0,1.0,0.0643894030375697,0.7387914940913047,1.0,0.0,0.0011654797683556817,0.026546197042147224,0.014705162146638407,1.0,1.0,1.0,1.0,0.0,0.0,1.0
0.0,0.0,0.0,0.0,0.0,0.0,0.0,0.0,0.0,0.0,0.0,0.0,0.0,0.0,0.06446072030007963,1.0,1.0,0.0643894030375697,0.7024831088103292,1.0,0.0,0.0011654797683556817,0.026546197042147224,0.014705162146638407,1.0,1.0,1.0,1.0,0.0,0.0,1.0
0.06411186029574643,0.5285714285714286,1.0,0.0,0.0,0.0,0.0,0.0,0.0,0.0,0.0,0.0,0.0,0.0,0.06446072030007963,1.0,1.0,0.0,0.0,0.0,0.0,0.0011654797683556817,0.026546197042147224,0.014705162146638407,0.0,1.0,1.0,1.0,0.0,1.0,1.0
0.06411186029574643,0.47857142857142854,1.0,0.0,0.0,0.0,0.0,0.0,0.0,0.0,0.0,0.0,0.0,0.0,0.06446072030007963,0.5,0.0,0.0643894030375697,0.2090319604706301,1.0,0.0,0.0011654797683556817,0.026546197042147224,0.014705162146638407,0.0,1.0,1.0,1.0,0.0,0.0,1.0
0.06411186029574643,0.8964285714285715,1.0,0.0,0.0,0.0,0.0,0.0,0.0,0.0,0.0,0.0,0.0,0.0,0.0,0.0,0.0,0.0643894030375697,0.660425790513222,1.0,0.0,0.0011654797683556817,0.026546197042147224,0.014705162146638407,0.0,1.0,1.0,1.0,1.0,0.0,1.0
0.0,0.0,0.0,0.0,0.0,0.0,0.0,0.0,0.0,0.0,0.0,0.0,0.0,0.0,0.06446072030007963,1.0,1.0,0.0643894030375697,0.18538570405004418,1.0,0.0,0.0011654797683556817,0.026546197042147224,0.014705162146638407,1.0,1.0,1.0,1.0,0.0,0.0,1.0
0.06411186029574643,0.2857142857142857,0.0,0.0,0.0,0.0,0.0,0.0,0.0,0.0,0.0,0.0,0.0,0.0,0.06446072030007963,0.5,0.0,0.0,0.0,0.0,0.0,0.0011654797683556817,0.026546197042147224,0.014705162146638407,0.0,1.0,1.0,1.0,0.0,1.0,1.0
0.0,0.0,0.0,0.0,0.0,0.0,0.0,0.0,0.0,0.0,0.0,0.0,0.0,0.0,0.06446072030007963,0.5,0.0,0.0643894030375697,0.62699639374179,1.0,0.0,0.0011654797683556817,0.026546197042147224,0.014705162146638407,1.0,1.0,1.0,1.0,0.0,0.0,1.0
0.06411186029574643,0.9035714285714286,1.0,0.0,0.0,0.0,0.0,0.0,0.0,0.0,0.0,0.0,0.0,0.0,0.06446072030007963,0.5,0.0,0.0643894030375697,0.1755701262390308,1.0,0.0,0.0011654797683556817,0.026546197042147224,0.014705162146638407,0.0,1.0,1.0,1.0,0.0,0.0,1.0
0.06411186029574643,0.09285714285714286,0.0,0.0,0.0,0.0,0.0,0.0,0.0,0.0,0.0,0.0,0.0,0.0,0.06446072030007963,1.0,1.0,0.0643894030375697,0.6215167792204581,1.0,0.0,0.0011654797683556817,0.026546197042147224,0.014705162146638407,0.0,1.0,1.0,1.0,0.0,0.0,1.0
0.0,0.0,0.0,0.0,0.0,0.0,0.0,0.0,0.0,0.0,0.0,0.0,0.0,0.0,0.06446072030007963,1.0,1.0,0.0643894030375697,0.09094020064232877,0.5,0.0,0.0011654797683556817,0.026546197042147224,0.014705162146638407,1.0,1.0,1.0,1.0,0.0,0.0,1.0
0.0,0.0,0.0,0.0,0.0,0.0,0.0,0.0,0.0,0.0,0.0,0.0,0.0,0.0,0.06446072030007963,1.0,1.0,0.0,0.0,0.0,0.0,0.0011654797683556817,0.026546197042147224,0.014705162146638407,1.0,1.0,1.0,1.0,0.0,1.0,1.0
0.0,0.0,0.0,0.0,0.0,0.0,0.0,0.0,0.0,0.0,0.0,0.0,0.0,0.0,0.06446072030007963,0.5,0.0,0.0643894030375697,0.613330516963821,1.0,0.0,0.0011654797683556817,0.026546197042147224,0.014705162146638407,1.0,1.0,1.0,1.0,0.0,0.0,1.0
0.06411186029574643,0.8964285714285715,1.0,0.0,0.0,0.0,0.0,0.0,0.0,0.0,0.0,0.0,0.0,0.0,0.0,0.0,0.0,0.0643894030375697,0.9628204239661073,0.5,0.0,0.0011654797683556817,0.026546197042147224,0.014705162146638407,0.0,1.0,1.0,1.0,1.0,0.0,1.0
0.06411186029574643,0.45714285714285713,1.0,0.0,0.0,0.0,0.0,0.0,0.0,0.0,0.0,0.0,0.0,0.0,0.06448475487140704,0.5,0.0,0.06441341101782233,0.5681671597582274,1.0,0.0,0.0011654797683556817,0.026546197042147224,0.014705162146638407,0.0,1.0,1.0,1.0,0.0,0.0,1.0
0.06413576479250101,0.3428571428571428,0.0,0.0,0.0,0.0,0.0,0.0,0.0,0.0,0.0,0.0,0.0,0.0,0.06448475487140704,1.0,1.0,0.06441341101782233,0.9563340168492789,1.0,0.0,0.0011654797683556817,0.026546197042147224,0.014705162146638407,0.0,1.0,1.0,1.0,0.0,0.0,1.0
0.9703791412548587,0.3571428571428571,0.0,0.9721879617677277,0.0,0.0,0.9895167227042339,0.042784687395649224,0.04315897234930753,0.0,0.0,0.0,0.0,0.0,0.9756593884643672,1.0,1.0,0.9745799503755048,0.5789426805015729,1.0,0.9862571717689533,0.3021755302436655,0.5738069609068783,0.4102625154239792,0.0,0.0,0.0,1.0,0.0,0.0,0.0
0.9703791412548587,0.6321428571428571,1.0,0.9721879617677277,0.0,0.0,0.0,0.0,0.0,0.0,0.0,0.0,0.0,0.0,0.9756593884643672,0.5,0.0,0.9745799503755048,0.9175982530045528,1.0,0.9862571717689533,0.5491000644198606,0.5789241150640982,0.12597106807019315,0.0,0.0,1.0,1.0,0.0,0.0,0.0
0.9703791412548587,0.9464285714285714,1.0,0.9721879617677277,0.0,0.0,0.9895167227042339,0.02885845997324855,0.03175753132041165,0.0,0.0,0.0,0.0,0.0,0.0,0.0,0.0,0.9745799503755048,0.5572698109750913,1.0,0.9862571717689533,0.9261091120907136,0.559312415165278,0.32281539865961406,0.0,0.0,0.0,1.0,1.0,0.0,0.0
0.9703791412548587,0.16785714285714284,0.0,0.9721879617677277,0.0,0.0,0.9895167227042339,0.0024362625392721415,0.0027427293123142987,0.0,0.0,0.0,0.0,0.0,0.9756593884643672,1.0,1.0,0.9745799503755048,0.8793513973195095,1.0,0.9862571717689533,0.5314596155597832,0.578951946078161,0.11786583886786743,0.0,0.0,0.0,1.0,0.0,0.0,0.0
0.9703791412548587,0.557142857142857,1.0,0.9721879617677277,0.0,0.0,0.0,0.0,0.0,0.0,0.0,0.0,0.0,0.0,0.9756593884643672,0.5,0.0,0.9745799503755048,0.5232997437911715,1.0,0.9862571717689533,0.3102186955451075,0.5914759366880232,0.4102625154239792,0.0,0.0,1.0,1.0,0.0,0.0,0.0
0.9703791412548587,1.0,1.0,0.9721879617677277,1.0,0.0,0.0,0.0,0.0,0.0,0.0,0.0,0.0,0.0,0.0,0.0,0.0,0.0,0.0,0.0,0.9862571717689533,0.9394644291793023,0.559312415165278,0.32281539865961406,0.0,0.0,1.0,1.0,1.0,1.0,0.0
0.9703791412548587,0.6178571428571429,1.0,0.9721879617677277,0.0,0.0,0.9895167227042339,0.028906166573413754,0.03182828565046178,0.0,0.0,0.0,0.0,0.0,0.9756593884643672,1.0,1.0,0.9745799503755048,0.862456804211789,1.0,0.9862571717689533,0.5422302605252739,0.5789241150640982,0.12597106807019315,0.0,0.0,0.0,1.0,0.0,0.0,0.0
0.9703791412548587,0.38571428571428573,0.0,0.9721879617677277,0.0,0.0,0.9895167227042339,0.002437979656009988,0.0027508354417571275,0.0,0.0,0.0,0.0,0.0,0.0,0.0,0.0,0.0,0.0,0.0,0.9862571717689533,0.5181125695128709,0.578951946078161,0.11786583886786743,0.0,0.0,0.0,1.0,1.0,1.0,0.0
0.0,0.0,0.0,0.0,0.0,0.0,0.9895167227042339,0.012963410093758137,0.01150068355082141,0.0,0.0,0.0,0.0,0.0,0.0,0.0,0.0,0.0,0.0,0.0,0.0,0.0011654797683556817,0.026546197042147224,0.014705162146638407,1.0,1.0,0.0,1.0,1.0,1.0,1.0
0.9703791412548587,0.46428571428571425,1.0,0.9721879617677277,0.0,0.0,0.9895167227042339,0.04281894764195322,0.043309715415799574,0.0,0.0,0.0,0.0,0.0,0.9756593884643672,0.5,0.0,0.9745799503755048,0.47913659601995073,1.0,0.9862571717689533,0.3094155764461489,0.5914759366880232,0.4102625154239792,0.0,0.0,0.0,1.0,0.0,0.0,0.0
0.9703791412548587,0.9357142857142856,1.0,0.9721879617677277,0.0,0.0,0.0,0.0,0.0,0.0,0.0,0.0,0.0,0.0,0.9756593884643672,0.5,0.0,0.9745799503755048,0.8505842836503215,1.0,0.0,0.0011654797683556817,0.026546197042147224,0.014705162146638407,0.0,0.0,1.0,1.0,0.0,0.0,1.0
0.9703791412548587,0.907142857142857,1.0,0.0,0.0,0.0,0.0,0.0,0.0,0.0,0.0,0.0,0.0,0.0,0.0,0.0,0.0,0.9745799503755048,0.4597784219640064,1.0,0.9862571717689533,0.9431471778761732,0.559312415165278,0.32281539865961406,0.0,1.0,1.0,1.0,1.0,0.0,0.0
0.0,0.0,0.0,0.9721879617677277,0.0,0.0,0.9895167227042339,0.028919784608061105,0.031940075083006794,0.0,0.0,0.0,0.0,0.0,0.9756593884643672,0.5,0.0,0.0,0.0,0.0,0.9862571717689533,0.53625969461769,0.5904882569617323,0.12597106807019315,1.0,0.0,0.0,1.0,0.0,1.0,0.0
0.0,0.0,0.0,0.0,0.0,0.0,0.9895410986396603,0.013112643576231282,0.011631983207913806,0.0,0.0,0.0,0.0,0.0,0.0,0.0,0.0,0.9746039583557575,0.794513656995103,1.0,0.0,0.0011654797683556817,0.026546197042147224,0.014705162146638407,1.0,1.0,0.0,1.0,1.0,0.0,1.0
0.9704030457516132,0.6892857142857143,1.0,0.9722119108232967,1.0,0.0,0.9895410986396603,0.042949578932558824,0.043458829778379976,0.0,0.0,0.0,0.0,0.0,0.9756834230356946,0.5,0.0,0.0,0.0,0.0,0.9862814674080076,0.31962930460541894,0.5914759366880232,0.4102625154239792,0.0,0.0,0.0,1.0,0.0,1.0,0.0
0.9704030457516132,0.9785714285714284,1.0,0.9722119108232967,1.0,0.0,0.9895410986396603,0.028996433910629515,0.03222053315783041,0.0,0.0,0.0,0.0,0.0,0.9756834230356946,0.5,0.0,0.0,0.0,0.0,0.0,0.0011654797683556817,0.026546197042147224,0.014705162146638407,0.0,0.0,0.0,1.0,0.0,1.0,1.0
0.9704030457516132,0.21785714285714283,0.0,0.9722119108232967,0.0,0.0,0.0,0.0,0.0,0.0,0.0,0.0,0.0,0.0,0.0,0.0,0.0,0.9746039583557575,0.36341926391417445,1.0,0.9862814674080076,0.5450867403341547,0.5929754132215279,0.15065664593249065,0.0,0.0,1.0,1.0,1.0,0.0,0.0
0.0,0.0,0.0,0.9722119108232967,0.0,0.0,0.9895410986396603,0.0028347666264592107,0.0028461643245414683,0.0,0.0,0.0,0.0,0.0,0.0,0.0,0.0,0.9746039583557575,0.3183462448850949,1.0,0.9862814674080076,0.9355291439855721,0.559312415165278,0.364457679045967,1.0,0.0,0.0,1.0,1.0,0.0,0.0
0.9704030457516132,0.8964285714285715,1.0,0.0,0.0,0.0,0.0,0.0,0.0,0.0,0.0,0.0,0.0,0.0,0.9756834230356946,0.5,0.0,0.9746039583557575,0.773849040563741,1.0,0.0,0.0011654797683556817,0.026546197042147224,0.014705162146638407,0.0,1.0,1.0,1.0,0.0,0.0,1.0
0.0,0.0,0.0,0.0,0.0,0.0,0.0,0.0,0.0,0.0,0.0,0.0,0.0,0.0,0.9756834230356946,0.5,0.0,0.9746039583557575,0.7304641499355968,1.0,0.9862814674080076,0.527272926618738,0.5732776466532156,0.11786583886786743,1.0,1.0,1.0,1.0,0.0,0.0,0.0
0.0,0.0,0.0,0.9390424688602406,0.0,0.0,0.0,0.0,0.0,0.0,0.0,0.0,0.0,0.0,0.0,0.0,0.0,0.9413529057058566,0.24435103459087815,1.0,0.9526320073178465,0.05452382207966211,0.4867257283112463,0.8629393720043618,1.0,0.0,1.0,1.0,1.0,0.0,0.0
0.0,0.0,0.0,0.9390424688602406,0.0,0.0,0.0,0.0,0.0,0.0,0.0,0.0,0.0,0.0,0.0,0.0,0.0,0.0,0.0,0.0,0.9526563029569007,0.3295593479536789,0.6900235706363392,0.851133427969122,1.0,0.0,1.0,1.0,1.0,1.0,0.0
0.9373192222432937,0.8142857142857143,1.0,0.0,0.0,0.0,0.0,0.0,0.0,0.0,0.0,0.0,0.0,0.0,0.0,0.0,0.0,0.0,0.0,0.0,0.9526563029569007,0.6646412061799783,0.518511315536873,0.1549474756606354,0.0,1.0,1.0,1.0,1.0,1.0,0.0
0.9373192222432937,0.782142857142857,1.0,0.0,0.0,0.0,0.0,0.0,0.0,0.0,0.0,0.0,0.0,0.0,0.0,0.0,0.0,0.0,0.0,0.0,0.0,0.0011654797683556817,0.026546197042147224,0.014705162146638407,0.0,1.0,1.0,1.0,1.0,1.0,1.0
0.9373192222432937,0.41428571428571426,0.0,0.0,0.0,0.0,0.0,0.0,0.0,0.0,0.0,0.0,0.0,0.0,0.0,0.0,0.0,0.0,0.0,0.0,0.0,0.0011654797683556817,0.026546197042147224,0.014705162146638407,0.0,1.0,1.0,1.0,1.0,1.0,1.0
0.9373192222432937,0.4035714285714286,0.0,0.0,0.0,0.0,0.0,0.0,0.0,0.0,0.0,0.0,0.0,0.0,0.9424195763185766,1.0,1.0,0.9413769136861093,0.09094020064232877,0.5,0.9526563029569007,0.3434390180899062,0.6900235706363392,0.8223429949102422,0.0,1.0,1.0,1.0,0.0,0.0,0.0
0.9373192222432937,0.3535714285714286,0.0,0.0,0.0,0.0,0.0,0.0,0.0,0.0,0.0,0.0,0.0,0.0,0.0,0.0,0.0,0.0,0.0,0.0,0.9526563029569007,0.6622281892812395,0.518511315536873,0.1549474756606354,0.0,1.0,1.0,1.0,1.0,1.0,0.0
0.9373192222432937,0.5178571428571428,1.0,0.0,0.0,0.0,0.0,0.0,0.0,0.0,0.0,0.0,0.0,0.0,0.0,0.0,0.0,0.0,0.0,0.0,0.0,0.0011654797683556817,0.026546197042147224,0.014705162146638407,0.0,1.0,1.0,1.0,1.0,1.0,1.0
0.9373192222432937,0.15714285714285714,0.0,0.0,0.0,0.0,0.0,0.0,0.0,0.0,0.0,0.0,0.0,0.0,0.0,0.0,0.0,0.0,0.0,0.0,0.0,0.0011654797683556817,0.026546197042147224,0.014705162146638407,0.0,1.0,1.0,1.0,1.0,1.0,1.0
0.9373192222432937,0.6607142857142857,1.0,0.0,0.0,0.0,0.0,0.0,0.0,0.0,0.0,0.0,0.0,0.0,0.9424195763185766,0.5,0.0,0.9413769136861093,0.9580201691196542,0.5,0.0,0.0011654797683556817,0.026546197042147224,0.014705162146638407,0.0,1.0,1.0,1.0,0.0,0.0,1.0
0.9373192222432937,0.08214285714285713,0.0,0.0,0.0,0.0,0.0,0.0,0.0,0.0,0.0,0.0,0.0,0.0,0.0,0.0,0.0,0.0,0.0,0.0,0.0,0.0011654797683556817,0.026546197042147224,0.014705162146638407,0.0,1.0,1.0,1.0,1.0,1.0,1.0
0.9373192222432937,0.9571428571428571,1.0,0.0,0.0,0.0,0.0,0.0,0.0,0.0,0.0,0.0,0.0,0.0,0.0,0.0,0.0,0.0,0.0,0.0,0.0,0.0011654797683556817,0.026546197042147224,0.014705162146638407,0.0,1.0,1.0,1.0,1.0,1.0,1.0
0.9373192222432937,0.3821428571428571,0.0,0.0,0.0,0.0,0.0,0.0,0.0,0.0,0.0,0.0,0.0,0.0,0.0,0.0,0.0,0.0,0.0,0.0,0.0,0.0011654797683556817,0.026546197042147224,0.014705162146638407,0.0,1.0,1.0,1.0,1.0,1.0,1.0
0.9373192222432937,0.6928571428571427,1.0,0.0,0.0,0.0,0.0,0.0,0.0,0.0,0.0,0.0,0.0,0.0,0.0,0.0,0.0,0.0,0.0,0.0,0.0,0.0011654797683556817,0.026546197042147224,0.014705162146638407,0.0,1.0,1.0,1.0,1.0,1.0,1.0
0.9373192222432937,0.557142857142857,1.0,0.0,0.0,0.0,0.0,0.0,0.0,0.0,0.0,0.0,0.0,0.0,0.0,0.0,0.0,0.0,0.0,0.0,0.0,0.0011654797683556817,0.026546197042147224,0.014705162146638407,0.0,1.0,1.0,1.0,1.0,1.0,1.0
0.9373192222432937,0.5464285714285714,1.0,0.0,0.0,0.0,0.0,0.0,0.0,0.0,0.0,0.0,0.0,0.0,0.0,0.0,0.0,0.0,0.0,0.0,0.0,0.0011654797683556817,0.026546197042147224,0.014705162146638407,0.0,1.0,1.0,1.0,1.0,1.0,1.0
0.9373192222432937,0.7000000000000001,1.0,0.0,0.0,0.0,0.0,0.0,0.0,0.0,0.0,0.0,0.0,0.0,0.0,0.0,0.0,0.0,0.0,0.0,0.0,0.0011654797683556817,0.026546197042147224,0.014705162146638407,0.0,1.0,1.0,1.0,1.0,1.0,1.0
0.9373192222432937,0.19642857142857142,0.0,0.0,0.0,0.0,0.0,0.0,0.0,0.0,0.0,0.0,0.0,0.0,0.0,0.0,0.0,0.0,0.0,0.0,0.9526563029569007,0.6722985454947857,0.518511315536873,0.1549474756606354,0.0,1.0,1.0,1.0,1.0,1.0,0.0
0.9373192222432937,0.7214285714285713,1.0,0.0,0.0,0.0,0.955804804009354,0.035133858183511585,0.0354719464777393,0.0,0.0,0.0,0.0,0.0,0.0,0.0,0.0,0.0,0.0,0.0,0.9526563029569007,0.34182770812902674,0.7013980309498556,0.8223429949102422,0.0,1.0,0.0,1.0,1.0,1.0,0.0
0.9373192222432937,0.42857142857142855,1.0,0.0,0.0,0.0,0.0,0.0,0.0,0.0,0.0,0.0,0.0,0.0,0.0,0.0,0.0,0.0,0.0,0.0,0.0,0.0011654797683556817,0.026546197042147224,0.014705162146638407,0.0,1.0,1.0,1.0,1.0,1.0,1.0
0.0,0.0,0.0,0.0,0.0,0.0,0.9891267077374095,0.028167494719824243,0.024636264826949156,0.0,0.0,0.0,0.0,0.0,0.9752748353231288,0.5,0.0,0.9741958226914627,0.8752537501008266,1.0,0.985868441544085,0.3690676761685082,0.6033838288475636,0.13278908969723444,1.0,1.0,0.0,1.0,0.0,0.0,0.0
0.9699966693067856,0.21428571428571427,0.0,0.9718047768786239,0.0,0.0,0.9891267077374095,0.01400651310898204,0.015709358224400293,0.0,0.0,0.0,0.0,0.0,0.9752748353231288,0.5,0.0,0.9741958226914627,0.8552208997903366,1.0,0.0,0.0011654797683556817,0.026546197042147224,0.014705162146638407,0.0,0.0,0.0,1.0,0.0,0.0,1.0
0.9699966693067856,0.3428571428571428,0.0,0.9718047768786239,0.0,0.0,0.9891267077374095,0.028228871318553436,0.024659477918051998,0.0,0.0,0.0,0.0,0.0,0.0,0.0,0.0,0.0,0.0,0.0,0.985868441544085,0.817048570674905,0.5724944092599891,0.2923347969209677,0.0,0.0,0.0,1.0,1.0,1.0,0.0
0.0,0.0,0.0,0.9718047768786239,0.0,0.0,0.0,0.0,0.0,0.0,0.0,0.0,0.0,0.0,0.9752748353231288,1.0,1.0,0.9741958226914627,0.8407281392346055,1.0,0.985868441544085,0.38441956020317314,0.6033838288475636,0.16673141825635693,1.0,0.0,1.0,1.0,0.0,0.0,0.0
0.9699966693067856,0.7107142857142856,1.0,0.0,0.0,0.0,0.9891267077374095,0.014272959853984914,0.015778328101115225,0.0,0.0,0.0,0.0,0.0,0.9752748353231288,0.5,0.0,0.9741958226914627,0.8034744633064252,1.0,0.985868441544085,0.813732937897187,0.5724944092599891,0.2923347969209677,0.0,1.0,0.0,1.0,0.0,0.0,0.0
0.9699966693067856,0.2857142857142857,0.0,0.9718047768786239,0.0,0.0,0.9891267077374095,0.028233405679018244,0.024700904371643632,0.0,0.0,0.0,0.0,0.0,0.0,0.0,0.0,0.0,0.0,0.0,0.985868441544085,0.3917122802444911,0.6033838288475636,0.14088003667217447,0.0,0.0,0.0,1.0,1.0,1.0,0.0
0.9699966693067856,0.3571428571428571,0.0,0.9718047768786239,0.0,0.0,0.9891267077374095,0.014527186782519068,0.015798891712517252,0.0,0.0,0.0,0.0,0.0,0.9752748353231288,1.0,1.0,0.9741958226914627,0.7679626432497204,1.0,0.0,0.0011654797683556817,0.026546197042147224,0.014705162146638407,0.0,0.0,0.0,1.0,0.0,0.0,1.0
0.9699966693067856,0.21428571428571427,0.0,0.9718047768786239,0.0,0.0,0.0,0.0,0.0,0.0,0.0,0.0,0.0,0.0,0.0,0.0,0.0,0.9741958226914627,0.7673455239575637,1.0,0.985868441544085,0.7976169157945671,0.5724944092599891,0.2923347969209677,0.0,0.0,1.0,1.0,1.0,0.0,0.0
0.9699966693067856,0.24642857142857144,0.0,0.9718047768786239,1.0,0.0,0.9891267077374095,0.028246556674337852,0.02470797599239494,0.0,0.0,0.0,0.0,0.0,0.9752748353231288,0.5,0.0,0.9741958226914627,0.7373889779409186,1.0,0.985868441544085,0.38332883336811385,0.6033838288475636,0.14088003667217447,0.0,0.0,0.0,1.0,0.0,0.0,0.0
0.9699966693067856,0.43571428571428567,1.0,0.9718047768786239,0.0,0.0,0.9891267077374095,0.01453955502137893,0.01592460638131726,0.0,0.0,0.0,0.0,0.0,0.9752748353231288,0.5,0.0,0.0,0.0,0.0,0.985868441544085,0.798404421008133,0.5875634684575903,0.3056468893365898,0.0,0.0,0.0,1.0,0.0,1.0,0.0
0.9700205738035401,0.2857142857142857,0.0,0.9718287259341928,0.0,0.0,0.989151083672836,0.014586297996132981,0.016026532147572926,0.0,0.0,0.0,0.0,0.0,0.9752988698944561,0.5,0.0,0.9742198306717154,0.7216291639388741,1.0,0.9858927371831393,0.783680180034603,0.5875634684575903,0.34128127032845595,0.0,0.0,0.0,1.0,0.0,0.0,0.0
0.9700205738035401,0.825,1.0,0.9718287259341928,0.0,0.0,0.989151083672836,0.02826196904482995,0.025310432175891743,0.0,0.0,0.0,0.0,0.0,0.0,0.0,0.0,0.0,0.0,0.0,0.9858927371831393,0.38694496982508386,0.6033838288475636,0.14088003667217447,0.0,0.0,0.0,1.0,1.0,1.0,0.0
0.9700205738035401,0.24642857142857144,0.0,0.9718287259341928,0.0,0.0,0.0,0.0,0.0,0.0,0.0,0.0,0.0,0.0,0.9752988698944561,0.5,0.0,0.9742198306717154,0.6777344016159943,1.0,0.0,0.0011654797683556817,0.026546197042147224,0.014705162146638407,0.0,0.0,1.0,1.0,0.0,0.0,1.0
0.9700205738035401,0.3571428571428571,0.0,0.9718287259341928,0.0,0.0,0.989151083672836,0.014589389801933354,0.016058715497267926,0.0,0.0,0.0,0.0,0.0,0.9752988698944561,0.5,0.0,0.9742198306717154,0.6489243441652595,1.0,0.9858927371831393,0.7799523449508486,0.5875634684575903,0.34128127032845595,0.0,0.0,0.0,1.0,0.0,0.0,0.0
0.9700205738035401,0.7607142857142857,1.0,0.9718287259341928,0.0,0.0,0.989151083672836,0.014598085719916368,0.0163609395814943,0.0,0.0,0.0,0.0,0.0,0.9752988698944561,1.0,1.0,0.9742198306717154,0.6144561438477036,1.0,0.0,0.0011654797683556817,0.026546197042147224,0.014705162146638407,0.0,0.0,0.0,1.0,0.0,0.0,1.0
0.9700205738035401,0.6892857142857143,1.0,0.9718287259341928,0.0,0.0,0.0,0.0,0.0,0.0,0.0,0.0,0.0,0.0,0.9752988698944561,1.0,1.0,0.9742198306717154,0.5980655767986218,1.0,0.9858927371831393,0.7725329411554346,0.5875634684575903,0.36761559130353777,0.0,0.0,1.0,1.0,0.0,0.0,0.0
0.9700205738035401,0.8642857142857142,1.0,0.9718287259341928,0.0,0.0,0.989151083672836,0.028576050512636404,0.025412210542328523,0.0,0.0,0.0,0.0,0.0,0.0,0.0,0.0,0.0,0.0,0.0,0.9858927371831393,0.37498572156886245,0.6033838288475636,0.14088003667217447,0.0,0.0,0.0,1.0,1.0,1.0,0.0
0.9700205738035401,0.557142857142857,1.0,0.9718287259341928,1.0,0.0,0.989151083672836,0.014640703184848232,0.016398861361777605,0.0,0.0,0.0,0.0,0.0,0.0,0.0,0.0,0.0,0.0,0.0,0.9858927371831393,0.7842768034882021,0.5875634684575903,0.37971131072316444,0.0,0.0,0.0,1.0,1.0,1.0,0.0
0.9700205738035401,0.6785714285714285,1.0,0.9718287259341928,0.0,0.0,0.989151083672836,0.02863746764685442,0.025481008556347818,0.0,0.0,0.0,0.0,0.0,0.9752988698944561,0.5,0.0,0.9742198306717154,0.5865425567068603,1.0,0.9858927371831393,0.3592534792803658,0.6033838288475636,0.14088003667217447,0.0,0.0,0.0,1.0,0.0,0.0,0.0
0.9700205738035401,0.7642857142857142,1.0,0.9718287259341928,0.0,0.0,0.989151083672836,0.01464537715382447,0.016620630266955105,0.0,0.0,0.0,0.0,0.0,0.9752988698944561,0.5,0.0,0.9742198306717154,0.5545263606499873,1.0,0.9858927371831393,0.772798268200488,0.5875634684575903,0.3843740116791532,0.0,0.0,0.0,1.0,0.0,0.0,0.0
0.0,0.0,0.0,0.0,0.0,0.0,0.0,0.0,0.0,0.0,0.0,0.0,0.0,0.0,0.0,0.0,0.0,0.06218066885432718,0.36041114941373964,1.0,0.0,0.0011654797683556817,0.026546197042147224,0.014705162146638407,1.0,1.0,1.0,1.0,1.0,0.0,1.0
0.0,0.0,0.0,0.0,0.0,0.0,0.0,0.0,0.0,0.0,0.0,0.0,0.0,0.0,0.0,0.0,0.0,0.06218066885432718,0.21704501802112386,1.0,0.0,0.0011654797683556817,0.026546197042147224,0.014705162146638407,1.0,1.0,1.0,1.0,1.0,0.0,1.0
0.0,0.0,0.0,0.0,0.0,0.0,0.0,0.0,0.0,0.0,0.0,0.0,0.0,0.0,0.0,0.0,0.0,0.06218066885432718,0.3386771426091699,1.0,0.0,0.0011654797683556817,0.026546197042147224,0.014705162146638407,1.0,1.0,1.0,1.0,1.0,0.0,1.0
0.0,0.0,0.0,0.0,0.0,0.0,0.0,0.0,0.0,0.0,0.0,0.0,0.0,0.0,0.0,0.0,0.0,0.06218066885432718,0.20859902600444258,1.0,0.0,0.0011654797683556817,0.026546197042147224,0.014705162146638407,1.0,1.0,1.0,1.0,1.0,0.0,1.0
0.0,0.0,0.0,0.0,0.0,0.0,0.0,0.0,0.0,0.0,0.0,0.0,0.0,0.0,0.0,0.0,0.0,0.06218066885432718,0.31481570621402977,1.0,0.0,0.0011654797683556817,0.026546197042147224,0.014705162146638407,1.0,1.0,1.0,1.0,1.0,0.0,1.0
0.0,0.0,0.0,0.0,0.0,0.0,0.0,0.0,0.0,0.0,0.0,0.0,0.0,0.0,0.0,0.0,0.0,0.06218066885432718,0.19687594565588595,1.0,0.0,0.0011654797683556817,0.026546197042147224,0.014705162146638407,1.0,1.0,1.0,1.0,1.0,0.0,1.0
0.0,0.0,0.0,0.0,0.0,0.0,0.0,0.0,0.0,0.0,0.0,0.0,0.0,0.0,0.0,0.0,0.0,0.06218066885432718,0.27905037306939606,1.0,0.0,0.0011654797683556817,0.026546197042147224,0.014705162146638407,1.0,1.0,1.0,1.0,1.0,0.0,1.0
0.0,0.0,0.0,0.0,0.0,0.0,0.0,0.0,0.0,0.0,0.0,0.0,0.0,0.0,0.0,0.0,0.0,0.06218066885432718,0.18164540089337367,1.0,0.0,0.0011654797683556817,0.026546197042147224,0.014705162146638407,1.0,1.0,1.0,1.0,1.0,0.0,1.0
0.0,0.0,0.0,0.0,0.0,0.0,0.0,0.0,0.0,0.0,0.0,0.0,0.0,0.0,0.0,0.0,0.0,0.06218066885432718,0.25361681795907387,1.0,0.0,0.0011654797683556817,0.026546197042147224,0.014705162146638407,1.0,1.0,1.0,1.0,1.0,0.0,1.0
0.0,0.0,0.0,0.0,0.0,0.0,0.0,0.0,0.0,0.0,0.0,0.0,0.0,0.0,0.0,0.0,0.0,0.06218066885432718,0.09094020064232877,0.5,0.0,0.0011654797683556817,0.026546197042147224,0.014705162146638407,1.0,1.0,1.0,1.0,1.0,0.0,1.0
0.0,0.0,0.0,0.0,0.0,0.0,0.0,0.0,0.0,0.0,0.0,0.0,0.0,0.0,0.0,0.0,0.0,0.06218066885432718,0.21351253959557948,1.0,0.0,0.0011654797683556817,0.026546197042147224,0.014705162146638407,1.0,1.0,1.0,1.0,1.0,0.0,1.0
0.0,0.0,0.0,0.0,0.0,0.0,0.0,0.0,0.0,0.0,0.0,0.0,0.0,0.0,0.0,0.0,0.0,0.06218066885432718,0.5155977553815929,0.5,0.0,0.0011654797683556817,0.026546197042147224,0.014705162146638407,1.0,1.0,1.0,1.0,1.0,0.0,1.0
0.0,0.0,0.0,0.0,0.0,0.0,0.0,0.0,0.0,0.0,0.0,0.0,0.0,0.0,0.0,0.0,0.0,0.06218066885432718,0.17737998173613434,1.0,0.0,0.0011654797683556817,0.026546197042147224,0.014705162146638407,1.0,1.0,1.0,1.0,1.0,0.0,1.0
0.0,0.0,0.0,0.0,0.0,0.0,0.0,0.0,0.0,0.0,0.0,0.0,0.0,0.0,0.0,0.0,0.0,0.06218066885432718,0.4753091221339547,1.0,0.0,0.0011654797683556817,0.026546197042147224,0.014705162146638407,1.0,1.0,1.0,1.0,1.0,0.0,1.0
0.0,0.0,0.0,0.0,0.0,0.0,0.0,0.0,0.0,0.0,0.0,0.0,0.0,0.0,0.0,0.0,0.0,0.06218066885432718,0.09094020064232877,0.5,0.0,0.0011654797683556817,0.026546197042147224,0.014705162146638407,1.0,1.0,1.0,1.0,1.0,0.0,1.0
0.0,0.0,0.0,0.0,0.0,0.0,0.0,0.0,0.0,0.0,0.0,0.0,0.0,0.0,0.0,0.0,0.0,0.06218066885432718,0.4694596710952488,1.0,0.0,0.0011654797683556817,0.026546197042147224,0.014705162146638407,1.0,1.0,1.0,1.0,1.0,0.0,1.0
0.0,0.0,0.0,0.0,0.0,0.0,0.0,0.0,0.0,0.0,0.0,0.0,0.0,0.0,0.0,0.0,0.0,0.06218066885432718,0.5801577034214911,0.5,0.0,0.0011654797683556817,0.026546197042147224,0.014705162146638407,1.0,1.0,1.0,1.0,1.0,0.0,1.0
0.0,0.0,0.0,0.0,0.0,0.0,0.0,0.0,0.0,0.0,0.0,0.0,0.0,0.0,0.0,0.0,0.0,0.06218066885432718,0.4529252111854949,1.0,0.0,0.0011654797683556817,0.026546197042147224,0.014705162146638407,1.0,1.0,1.0,1.0,1.0,0.0,1.0
0.0,0.0,0.0,0.0,0.0,0.0,0.0,0.0,0.0,0.0,0.0,0.0,0.0,0.0,0.0,0.0,0.0,0.06218066885432718,0.571624180552289,1.0,0.0,0.0011654797683556817,0.026546197042147224,0.014705162146638407,1.0,1.0,1.0,1.0,1.0,0.0,1.0
0.0,0.0,0.0,0.0,0.0,0.0,0.0,0.0,0.0,0.0,0.0,0.0,0.0,0.0,0.0,0.0,0.0,0.06218066885432718,0.43802577787471675,1.0,0.0,0.0011654797683556817,0.026546197042147224,0.014705162146638407,1.0,1.0,1.0,1.0,1.0,0.0,1.0
0.0,0.0,0.0,0.0,0.0,0.0,0.840555381312758,0.38154007923137145,0.3802447979790506,0.0,0.0,0.0,0.0,0.0,0.0,0.0,0.0,0.0,0.0,0.0,0.0,0.0011654797683556817,0.026546197042147224,0.014705162146638407,1.0,1.0,0.0,1.0,1.0,1.0,1.0
0.0,0.0,0.0,0.0,0.0,0.0,0.840555381312758,0.381628779093394,0.38033861475941966,0.0,0.0,0.0,0.0,0.0,0.0,0.0,0.0,0.0,0.0,0.0,0.0,0.0011654797683556817,0.026546197042147224,0.014705162146638407,1.0,1.0,0.0,1.0,1.0,1.0,1.0
0.0,0.0,0.0,0.0,0.0,0.0,0.840555381312758,0.3819429972662734,0.38045854895663955,0.0,0.0,0.0,0.0,0.0,0.0,0.0,0.0,0.0,0.0,0.0,0.0,0.0011654797683556817,0.026546197042147224,0.014705162146638407,1.0,1.0,0.0,1.0,1.0,1.0,1.0
0.0,0.0,0.0,0.8258352831856076,0.0,0.0,0.840555381312758,0.38214455893971355,0.38064620247586267,0.8394047755250084,0.019538703423852482,0.380523681640625,0.7088700323545571,0.601184208518366,0.0,0.0,0.0,0.0,0.0,0.0,0.8377865215083219,0.2613001535831412,0.24946341737419558,0.08004326327010192,1.0,0.0,0.0,0.0,1.0,1.0,0.0
0.0,0.0,0.0,0.0,0.0,0.0,0.8405797572481845,0.3821448805345823,0.3807213002116563,0.0,0.0,0.0,0.0,0.0,0.0,0.0,0.0,0.0,0.0,0.0,0.0,0.0011654797683556817,0.026546197042147224,0.014705162146638407,1.0,1.0,0.0,1.0,1.0,1.0,1.0
0.0,0.0,0.0,0.8258592322411766,0.0,0.0,0.8405797572481845,0.3823769453904763,0.38092260753174123,0.8394291180931006,0.70595777808307,0.2920684814453125,0.30939808314510714,0.41174136641792186,0.0,0.0,0.0,0.0,0.0,0.0,0.8378108171473762,0.2458233801353258,0.24946341737419558,0.08004326327010192,1.0,0.0,0.0,0.0,1.0,1.0,0.0
0.0,0.0,0.0,0.0,0.0,0.0,0.8405797572481845,0.3823986948332799,0.38108470228858227,0.0,0.0,0.0,0.0,0.0,0.0,0.0,0.0,0.0,0.0,0.0,0.0,0.0011654797683556817,0.026546197042147224,0.014705162146638407,1.0,1.0,0.0,1.0,1.0,1.0,1.0
0.0,0.0,0.0,0.8258592322411766,0.0,0.0,0.8405797572481845,0.3825786395173963,0.3812241141359051,0.8394291180931006,0.7075910915724076,0.0853271484375,0.20435260362615223,0.9139007157136536,0.0,0.0,0.0,0.0,0.0,0.0,0.8378108171473762,0.22492658825037326,0.24946341737419558,0.08004326327010192,1.0,0.0,0.0,0.0,1.0,1.0,0.0
0.0,0.0,0.0,0.8258592322411766,0.0,0.0,0.8405797572481845,0.3827762114158519,0.38156003594274823,0.8394291180931006,0.7075910915724076,0.0853271484375,0.20435260362615223,0.9139007157136536,0.0,0.0,0.0,0.0,0.0,0.0,0.8378108171473762,0.22032104792763052,0.24946341737419558,0.08973135850696312,1.0,0.0,0.0,0.0,1.0,1.0,0.0
0.0,0.0,0.0,0.8258592322411766,1.0,0.0,0.0,0.0,0.0,0.8394291180931006,0.7075910915724076,0.0853271484375,0.20435260362615223,0.9139007157136536,0.0,0.0,0.0,0.0,0.0,0.0,0.8378108171473762,0.20639640500780732,0.24946341737419558,0.08973135850696312,1.0,0.0,1.0,0.0,1.0,1.0,0.0
0.0,0.0,0.0,0.8258592322411766,0.0,0.0,0.8405797572481845,0.3830902611602323,0.3817598222065655,0.8394291180931006,0.46972264199905356,0.5210723876953125,0.07523960686160797,0.8153794503197058,0.0,0.0,0.0,0.0,0.0,0.0,0.8378108171473762,0.20658078314372075,0.24946341737419558,0.05499268754227361,1.0,0.0,0.0,0.0,1.0,1.0,0.0
0.0,0.0,0.0,0.8258592322411766,0.0,0.0,0.8405797572481845,0.3831566659583265,0.38188028283171,0.8394291180931006,0.46972264199905356,0.5210723876953125,0.07523960686160797,0.8153794503197058,0.0,0.0,0.0,0.0,0.0,0.0,0.8378108171473762,0.20103698308965468,0.24946341737419558,0.05499268754227361,1.0,0.0,0.0,0.0,1.0,1.0,0.0
0.0,0.0,0.0,0.8258592322411766,1.0,0.0,0.8406041331836109,0.3831912824663359,0.38210853557110636,0.8394291180931006,0.46972264199905356,0.5210723876953125,0.07523960686160797,0.8153794503197058,0.0,0.0,0.0,0.0,0.0,0.0,0.8378108171473762,0.2132849731448544,0.24946341737419558,0.05499268754227361,1.0,0.0,0.0,0.0,1.0,1.0,0.0
0.0,0.0,0.0,0.0,0.0,0.0,0.8406041331836109,0.3832149691094166,0.3822565511733227,0.0,0.0,0.0,0.0,0.0,0.0,0.0,0.0,0.0,0.0,0.0,0.0,0.0011654797683556817,0.026546197042147224,0.014705162146638407,1.0,1.0,0.0,1.0,1.0,1.0,1.0
0.0,0.0,0.0,0.8258831812967456,0.0,0.0,0.8406041331836109,0.3834507364852175,0.3823610006991355,0.8394534606611929,0.48060631039062135,0.0032196044921875,0.4287131432757463,0.05609730043186987,0.0,0.0,0.0,0.0,0.0,0.0,0.8378351127864304,0.2282258339180092,0.24242207360675527,0.07115796637339004,1.0,0.0,0.0,0.0,1.0,1.0,0.0
0.0,0.0,0.0,0.8258831812967456,1.0,0.0,0.8406041331836109,0.3835171872513917,0.3823670171752206,0.8394534606611929,0.08630611653004838,0.181243896484375,0.18785483181734935,0.432846525965603,0.0,0.0,0.0,0.0,0.0,0.0,0.8378351127864304,0.21494720430193937,0.24242207360675527,0.07115796637339004,1.0,0.0,0.0,0.0,1.0,1.0,0.0
0.0,0.0,0.0,0.8258831812967456,0.0,0.0,0.8406041331836109,0.383546083367962,0.3824367014008963,0.8394534606611929,0.08630611653004838,0.181243896484375,0.18785483181734935,0.432846525965603,0.0,0.0,0.0,0.0,0.0,0.0,0.8378351127864304,0.19830017515102094,0.25431615179317396,0.0778757988935327,1.0,0.0,0.0,0.0,1.0,1.0,0.0
0.0,0.0,0.0,0.8258831812967456,1.0,0.0,0.0,0.0,0.0,0.8394534606611929,0.08630611653004838,0.181243896484375,0.18785483181734935,0.432846525965603,0.0,0.0,0.0,0.0,0.0,0.0,0.8378351127864304,0.21151429550134504,0.25431615179317396,0.0778757988935327,1.0,0.0,1.0,0.0,1.0,1.0,0.0
0.0,0.0,0.0,0.8258831812967456,0.0,0.0,0.8406041331836109,0.3837347787029643,0.3825761738560949,0.8394534606611929,0.34786524400482355,0.5135345458984375,0.43979305292717175,0.415892200399823,0.0,0.0,0.0,0.0,0.0,0.0,0.8378351127864304,0.22207894946960682,0.25431615179317396,0.10775552142570277,1.0,0.0,0.0,0.0,1.0,1.0,0.0
0.0,0.0,0.0,0.8258831812967456,1.0,0.0,0.8406041331836109,0.38373512337271914,0.38276575803828716,0.8394534606611929,0.34786524400482355,0.5135345458984375,0.43979305292717175,0.415892200399823,0.0,0.0,0.0,0.0,0.0,0.0,0.8378351127864304,0.2252820624592039,0.24164424081521318,0.10775552142570277,1.0,0.0,0.0,0.0,1.0,1.0,0.0
0.9937099300873152,0.46428571428571425,1.0,0.0,0.0,0.0,0.0,0.0,0.0,0.0,0.0,0.0,0.0,0.0,0.0,0.0,0.0,0.0,0.0,0.0,0.0,0.0011654797683556817,0.026546197042147224,0.014705162146638407,0.0,1.0,1.0,1.0,1.0,1.0,1.0
0.9937099300873152,0.17500000000000002,0.0,0.0,0.0,0.0,0.0,0.0,0.0,0.0,0.0,0.0,0.0,0.0,0.0,0.0,0.0,0.0,0.0,0.0,0.0,0.0011654797683556817,0.026546197042147224,0.014705162146638407,0.0,1.0,1.0,1.0,1.0,1.0,1.0
0.9937099300873152,0.5071428571428571,1.0,0.0,0.0,0.0,0.0,0.0,0.0,0.0,0.0,0.0,0.0,0.0,0.0,0.0,0.0,0.0,0.0,0.0,0.0,0.0011654797683556817,0.026546197042147224,0.014705162146638407,0.0,1.0,1.0,1.0,1.0,1.0,1.0
0.9937099300873152,0.6178571428571429,1.0,0.0,0.0,0.0,0.0,0.0,0.0,0.0,0.0,0.0,0.0,0.0,0.0,0.0,0.0,0.0,0.0,0.0,0.0,0.0011654797683556817,0.026546197042147224,0.014705162146638407,0.0,1.0,1.0,1.0,1.0,1.0,1.0
0.9937099300873152,0.4035714285714286,0.0,0.0,0.0,0.0,0.0,0.0,0.0,0.0,0.0,0.0,0.0,0.0,0.0,0.0,0.0,0.0,0.0,0.0,0.0,0.0011654797683556817,0.026546197042147224,0.014705162146638407,0.0,1.0,1.0,1.0,1.0,1.0,1.0
0.9937099300873152,0.21428571428571427,0.0,0.0,0.0,0.0,0.0,0.0,0.0,0.0,0.0,0.0,0.0,0.0,0.0,0.0,0.0,0.0,0.0,0.0,0.0,0.0011654797683556817,0.026546197042147224,0.014705162146638407,0.0,1.0,1.0,1.0,1.0,1.0,1.0
0.9937099300873152,0.14285714285714285,0.0,0.0,0.0,0.0,0.0,0.0,0.0,0.0,0.0,0.0,0.0,0.0,0.0,0.0,0.0,0.0,0.0,0.0,0.0,0.0011654797683556817,0.026546197042147224,0.014705162146638407,0.0,1.0,1.0,1.0,1.0,1.0,1.0
0.9937099300873152,0.4035714285714286,0.0,0.0,0.0,0.0,0.0,0.0,0.0,0.0,0.0,0.0,0.0,0.0,0.0,0.0,0.0,0.0,0.0,0.0,0.0,0.0011654797683556817,0.026546197042147224,0.014705162146638407,0.0,1.0,1.0,1.0,1.0,1.0,1.0
0.9937099300873152,0.9142857142857143,1.0,0.0,0.0,0.0,0.0,0.0,0.0,0.0,0.0,0.0,0.0,0.0,0.0,0.0,0.0,0.0,0.0,0.0,0.0,0.0011654797683556817,0.026546197042147224,0.014705162146638407,0.0,1.0,1.0,1.0,1.0,1.0,1.0
0.9937099300873152,0.44285714285714284,1.0,0.0,0.0,0.0,0.0,0.0,0.0,0.0,0.0,0.0,0.0,0.0,0.0,0.0,0.0,0.0,0.0,0.0,0.0,0.0011654797683556817,0.026546197042147224,0.014705162146638407,0.0,1.0,1.0,1.0,1.0,1.0,1.0
0.9937338345840698,0.40714285714285714,0.0,0.0,0.0,0.0,0.0,0.0,0.0,0.0,0.0,0.0,0.0,0.0,0.0,0.0,0.0,0.0,0.0,0.0,0.0,0.0011654797683556817,0.026546197042147224,0.014705162146638407,0.0,1.0,1.0,1.0,1.0,1.0,1.0
0.9937338345840698,0.5892857142857143,1.0,0.0,0.0,0.0,0.0,0.0,0.0,0.0,0.0,0.0,0.0,0.0,0.0,0.0,0.0,0.0,0.0,0.0,0.0,0.0011654797683556817,0.026546197042147224,0.014705162146638407,0.0,1.0,1.0,1.0,1.0,1.0,1.0
0.9937338345840698,0.09285714285714286,0.0,0.0,0.0,0.0,0.0,0.0,0.0,0.0,0.0,0.0,0.0,0.0,0.0,0.0,0.0,0.0,0.0,0.0,0.0,0.0011654797683556817,0.026546197042147224,0.014705162146638407,0.0,1.0,1.0,1.0,1.0,1.0,1.0
0.9937338345840698,0.7607142857142857,1.0,0.0,0.0,0.0,0.0,0.0,0.0,0.0,0.0,0.0,0.0,0.0,0.0,0.0,0.0,0.0,0.0,0.0,0.0,0.0011654797683556817,0.026546197042147224,0.014705162146638407,0.0,1.0,1.0,1.0,1.0,1.0,1.0
0.9937338345840698,0.8321428571428571,1.0,0.0,0.0,0.0,0.0,0.0,0.0,0.0,0.0,0.0,0.0,0.0,0.0,0.0,0.0,0.0,0.0,0.0,0.0,0.0011654797683556817,0.026546197042147224,0.014705162146638407,0.0,1.0,1.0,1.0,1.0,1.0,1.0
0.9937338345840698,0.21428571428571427,0.0,0.0,0.0,0.0,0.0,0.0,0.0,0.0,0.0,0.0,0.0,0.0,0.0,0.0,0.0,0.0,0.0,0.0,0.0,0.0011654797683556817,0.026546197042147224,0.014705162146638407,0.0,1.0,1.0,1.0,1.0,1.0,1.0
0.9937338345840698,0.33214285714285713,0.0,0.0,0.0,0.0,0.0,0.0,0.0,0.0,0.0,0.0,0.0,0.0,0.0,0.0,0.0,0.0,0.0,0.0,0.0,0.0011654797683556817,0.026546197042147224,0.014705162146638407,0.0,1.0,1.0,1.0,1.0,1.0,1.0
0.9937338345840698,0.3571428571428571,0.0,0.0,0.0,0.0,0.0,0.0,0.0,0.0,0.0,0.0,0.0,0.0,0.0,0.0,0.0,0.0,0.0,0.0,0.0,0.0011654797683556817,0.026546197042147224,0.014705162146638407,0.0,1.0,1.0,1.0,1.0,1.0,1.0
0.9937338345840698,0.3428571428571428,0.0,0.0,0.0,0.0,0.0,0.0,0.0,0.0,0.0,0.0,0.0,0.0,0.0,0.0,0.0,0.0,0.0,0.0,0.0,0.0011654797683556817,0.026546197042147224,0.014705162146638407,0.0,1.0,1.0,1.0,1.0,1.0,1.0
0.9937338345840698,0.07142857142857142,0.0,0.0,0.0,0.0,0.0,0.0,0.0,0.0,0.0,0.0,0.0,0.0,0.0,0.0,0.0,0.0,0.0,0.0,0.0,0.0011654797683556817,0.026546197042147224,0.014705162146638407,0.0,1.0,1.0,1.0,1.0,1.0,1.0
0.9150641357647925,0.3571428571428571,0.0,0.9167698471810765,1.0,0.0,0.933110808127262,0.02288520871802867,0.020413025293454064,0.9318335065712763,0.9750576239104882,0.579742431640625,0.903958854770771,0.6964550046544279,0.0,0.0,0.0,0.0,0.0,0.0,0.0,0.0011654797683556817,0.026546197042147224,0.014705162146638407,0.0,0.0,0.0,0.0,1.0,1.0,1.0
0.0,0.0,0.0,0.0,0.0,0.0,0.0,0.0,0.0,0.0,0.0,0.0,0.0,0.0,0.9200433904127697,0.5,0.0,0.0,0.0,0.0,0.0,0.0011654797683556817,0.026546197042147224,0.014705162146638407,1.0,1.0,1.0,1.0,0.0,1.0,1.0
0.0,0.0,0.0,0.0,0.0,0.0,0.933110808127262,0.02205090130941928,0.021687737681956167,0.9318335065712763,0.9750576239104882,0.579742431640625,0.903958854770771,0.6964550046544279,0.0,0.0,0.0,0.9190254840709052,0.40086403703297435,1.0,0.9300370629973773,0.8219066951028217,0.5713342444948695,0.12218671758729845,1.0,1.0,0.0,0.0,1.0,0.0,0.0
0.9150641357647925,0.39999999999999997,0.0,0.9167698471810765,1.0,0.0,0.0,0.0,0.0,0.0,0.0,0.0,0.0,0.0,0.0,0.0,0.0,0.9190254840709052,0.2350260909845563,1.0,0.9300370629973773,0.18082471635131392,0.4984775762158805,0.3479413490599219,0.0,0.0,1.0,1.0,1.0,0.0,0.0
0.9150641357647925,0.14285714285714285,0.0,0.0,0.0,0.0,0.0,0.0,0.0,0.0,0.0,0.0,0.0,0.0,0.9200433904127697,0.5,0.0,0.0,0.0,0.0,0.0,0.0011654797683556817,0.026546197042147224,0.014705162146638407,0.0,1.0,1.0,1.0,0.0,1.0,1.0
0.9150641357647925,0.07142857142857142,0.0,0.9167698471810765,0.0,0.0,0.0,0.0,0.0,0.0,0.0,0.0,0.0,0.0,0.0,0.0,0.0,0.0,0.0,0.0,0.0,0.0011654797683556817,0.026546197042147224,0.014705162146638407,0.0,0.0,1.0,1.0,1.0,1.0,1.0
0.0,0.0,0.0,0.9167698471810765,0.0,0.0,0.0,0.0,0.0,0.9318335065712763,0.9750576239104882,0.579742431640625,0.903958854770771,0.6964550046544279,0.9200433904127697,0.5,0.0,0.0,0.0,0.0,0.0,0.0011654797683556817,0.026546197042147224,0.014705162146638407,1.0,0.0,1.0,0.0,0.0,1.0,1.0
0.0,0.0,0.0,0.0,0.0,0.0,0.0,0.0,0.0,0.0,0.0,0.0,0.0,0.0,0.9200433904127697,1.0,1.0,0.0,0.0,0.0,0.0,0.0011654797683556817,0.026546197042147224,0.014705162146638407,1.0,1.0,1.0,1.0,0.0,1.0,1.0
0.0,0.0,0.0,0.0,0.0,0.0,0.933110808127262,0.02315874977315911,0.02054035354166259,0.9318335065712763,0.9750576239104882,0.579742431640625,0.903958854770771,0.6964550046544279,0.0,0.0,0.0,0.9190254840709052,0.3988951780514598,1.0,0.9300370629973773,0.8127495875106489,0.5713342444948695,0.12218671758729845,1.0,1.0,0.0,0.0,1.0,0.0,0.0
0.9150641357647925,0.42142857142857143,0.0,0.9167698471810765,0.0,0.0,0.933110808127262,0.022061184932184653,0.02169476314184494,0.0,0.0,0.0,0.0,0.0,0.0,0.0,0.0,0.9190254840709052,0.1963820712518456,1.0,0.9300370629973773,0.1815653572537108,0.4984775762158805,0.3479413490599219,0.0,0.0,0.0,1.0,1.0,0.0,0.0
0.9150641357647925,0.3642857142857142,0.0,0.9167698471810765,0.0,0.0,0.0,0.0,0.0,0.0,0.0,0.0,0.0,0.0,0.0,0.0,0.0,0.0,0.0,0.0,0.0,0.0011654797683556817,0.026546197042147224,0.014705162146638407,0.0,0.0,1.0,1.0,1.0,1.0,1.0
0.9150641357647925,0.07142857142857142,0.0,0.0,0.0,0.0,0.0,0.0,0.0,0.0,0.0,0.0,0.0,0.0,0.9200433904127697,1.0,1.0,0.0,0.0,0.0,0.0,0.0011654797683556817,0.026546197042147224,0.014705162146638407,0.0,1.0,1.0,1.0,0.0,1.0,1.0
0.0,0.0,0.0,0.9167698471810765,0.0,0.0,0.933110808127262,0.023422998971394802,0.020701070888395037,0.9318335065712763,0.051945474805757806,0.1931915283203125,0.6888468347475735,0.6380228601077386,0.9200433904127697,0.5,0.0,0.0,0.0,0.0,0.9300370629973773,0.8185078791085284,0.5639735780879772,0.12218671758729845,1.0,0.0,0.0,0.0,0.0,1.0,0.0
0.9150641357647925,0.21428571428571427,0.0,0.0,0.0,0.0,0.933110808127262,0.022179796968870576,0.02171281703787131,0.9318335065712763,0.051945474805757806,0.1931915283203125,0.6888468347475735,0.6380228601077386,0.0,0.0,0.0,0.9190254840709052,0.3567348254164271,1.0,0.9300370629973773,0.17505342046032646,0.4984775762158805,0.3450624648541205,0.0,1.0,0.0,0.0,1.0,0.0,0.0
0.9150641357647925,0.14285714285714285,0.0,0.9167698471810765,0.0,0.0,0.0,0.0,0.0,0.0,0.0,0.0,0.0,0.0,0.0,0.0,0.0,0.9190254840709052,0.15851640324002103,1.0,0.0,0.0011654797683556817,0.026546197042147224,0.014705162146638407,0.0,0.0,1.0,1.0,1.0,0.0,1.0
0.9150641357647925,0.6892857142857143,1.0,0.9167698471810765,0.0,0.0,0.0,0.0,0.0,0.0,0.0,0.0,0.0,0.0,0.0,0.0,0.0,0.0,0.0,0.0,0.0,0.0011654797683556817,0.026546197042147224,0.014705162146638407,0.0,0.0,1.0,1.0,1.0,1.0,1.0
0.0,0.0,0.0,0.9167698471810765,0.0,0.0,0.933110808127262,0.023554739455421123,0.020772761729145304,0.0,0.0,0.0,0.0,0.0,0.9200433904127697,0.5,0.0,0.0,0.0,0.0,0.0,0.0011654797683556817,0.026546197042147224,0.014705162146638407,1.0,0.0,0.0,1.0,0.0,1.0,1.0
0.0,0.0,0.0,0.0,0.0,0.0,0.0,0.0,0.0,0.0,0.0,0.0,0.0,0.0,0.9200433904127697,0.5,0.0,0.0,0.0,0.0,0.0,0.0011654797683556817,0.026546197042147224,0.014705162146638407,1.0,1.0,1.0,1.0,0.0,1.0,1.0
0.0,0.0,0.0,0.0,0.0,0.0,0.0,0.0,0.0,0.9318335065712763,0.051945474805757806,0.1931915283203125,0.6888468347475735,0.6380228601077386,0.0,0.0,0.0,0.9190254840709052,0.3432376181567953,1.0,0.9300370629973773,0.8113151279903742,0.5639735780879772,0.12218671758729845,1.0,1.0,1.0,0.0,1.0,0.0,0.0
0.9150880402615471,0.3571428571428571,0.0,0.9167937962366455,0.0,0.0,0.933110808127262,0.02232254951529377,0.02171526294102725,0.9318335065712763,0.051945474805757806,0.1931915283203125,0.6888468347475735,0.6380228601077386,0.9200433904127697,0.5,0.0,0.9190494920511578,0.09094020064232877,0.5,0.9300613586364316,0.18584535586392892,0.5106409240919639,0.3450624648541205,0.0,0.0,0.0,0.0,0.0,0.0,0.0
0.0,0.0,0.0,0.9722119108232967,0.0,0.0,0.9895410986396603,0.043232014938374544,0.04389975712878744,0.0,0.0,0.0,0.0,0.0,0.0,0.0,0.0,0.0,0.0,0.0,0.9862814674080076,0.9350276547487465,0.559312415165278,0.364457679045967,1.0,0.0,0.0,1.0,1.0,1.0,0.0
0.9704030457516132,0.47857142857142854,1.0,0.9722119108232967,0.0,0.0,0.9895410986396603,0.01337187955015802,0.011909717077737119,0.0,0.0,0.0,0.0,0.0,0.9756834230356946,0.5,0.0,0.9746039583557575,0.1822107261036563,1.0,0.9862814674080076,0.3010984587864526,0.577098988972562,0.363865899589069,0.0,0.0,0.0,1.0,0.0,0.0,0.0
0.9704030457516132,0.42142857142857143,0.0,0.9722119108232967,1.0,0.0,0.9895410986396603,0.029371588606005652,0.0324833746837921,0.0,0.0,0.0,0.0,0.0,0.9756834230356946,0.5,0.0,0.9746039583557575,0.5588473069843372,1.0,0.9862814674080076,0.5178947529387269,0.5961466211394851,0.1271814341308382,0.0,0.0,0.0,1.0,0.0,0.0,0.0
0.9704030457516132,0.6285714285714286,1.0,0.9722119108232967,0.0,0.0,0.9895410986396603,0.0030208596321360352,0.0035327675490101733,0.0,0.0,0.0,0.0,0.0,0.9756834230356946,1.0,1.0,0.9746039583557575,0.13769496770786693,1.0,0.9862814674080076,0.5160050607480399,0.5781640101832051,0.07366790135540446,0.0,0.0,0.0,1.0,0.0,0.0,0.0
0.9704030457516132,0.18571428571428572,0.0,0.9722119108232967,0.0,0.0,0.0,0.0,0.0,0.0,0.0,0.0,0.0,0.0,0.0,0.0,0.0,0.0,0.0,0.0,0.9862814674080076,0.9485515903079144,0.559312415165278,0.364457679045967,0.0,0.0,1.0,1.0,1.0,1.0,0.0
0.9704030457516132,0.07142857142857142,0.0,0.9722119108232967,0.0,0.0,0.0,0.0,0.0,0.0,0.0,0.0,0.0,0.0,0.9756834230356946,1.0,1.0,0.9746039583557575,0.5012191984392307,1.0,0.9862814674080076,0.28745681610291474,0.577098988972562,0.363865899589069,0.0,0.0,1.0,1.0,0.0,0.0,0.0
0.9704030457516132,0.14285714285714285,0.0,0.9722119108232967,0.0,0.0,0.0,0.0,0.0,0.0,0.0,0.0,0.0,0.0,0.0,0.0,0.0,0.0,0.0,0.0,0.9862814674080076,0.5234142629025534,0.5961466211394851,0.1271814341308382,0.0,0.0,1.0,1.0,1.0,1.0,0.0
0.9704030457516132,0.21428571428571427,0.0,0.9722119108232967,0.0,0.0,0.9895410986396603,0.029472894350960635,0.03258708515973047,0.0,0.0,0.0,0.0,0.0,0.0,0.0,0.0,0.0,0.0,0.0,0.0,0.0011654797683556817,0.026546197042147224,0.014705162146638407,0.0,0.0,0.0,1.0,1.0,1.0,1.0
0.9704030457516132,0.14285714285714285,0.0,0.9722119108232967,0.0,0.0,0.0,0.0,0.0,0.0,0.0,0.0,0.0,0.0,0.0,0.0,0.0,0.0,0.0,0.0,0.0,0.0011654797683556817,0.026546197042147224,0.014705162146638407,0.0,0.0,1.0,1.0,1.0,1.0,1.0
0.9704030457516132,0.7214285714285713,1.0,0.9722119108232967,0.0,0.0,0.9895410986396603,0.0295476833453132,0.03264391912412831,0.0,0.0,0.0,0.0,0.0,0.0,0.0,0.0,0.0,0.0,0.0,0.9862814674080076,0.5393611080398185,0.5961466211394851,0.1271814341308382,0.0,0.0,0.0,1.0,1.0,1.0,0.0
0.9704030457516132,0.6714285714285714,1.0,0.9722119108232967,0.0,0.0,0.9895410986396603,0.0031368455033207975,0.003729562512031194,0.0,0.0,0.0,0.0,0.0,0.9756834230356946,0.5,0.0,0.9746039583557575,0.6082870461883583,1.0,0.9862814674080076,0.519770777274906,0.5781640101832051,0.07366790135540446,0.0,0.0,0.0,1.0,0.0,0.0,0.0
0.0,0.0,0.0,0.0,0.0,0.0,0.9895410986396603,0.01370962605241369,0.012026291273197605,0.0,0.0,0.0,0.0,0.0,0.0,0.0,0.0,0.9746039583557575,0.45892740902280726,1.0,0.9862814674080076,0.9430223147296787,0.559312415165278,0.3688684013506507,1.0,1.0,0.0,1.0,1.0,0.0,0.0
0.9704030457516132,0.5785714285714285,1.0,0.9722119108232967,0.0,0.0,0.9895410986396603,0.043403863517093445,0.044221551532742,0.0,0.0,0.0,0.0,0.0,0.9756834230356946,0.5,0.0,0.0,0.0,0.0,0.9862814674080076,0.29107082791573846,0.577098988972562,0.4040927804751929,0.0,0.0,0.0,1.0,0.0,1.0,0.0
0.9704030457516132,0.6892857142857143,1.0,0.9722119108232967,0.0,0.0,0.0,0.0,0.0,0.0,0.0,0.0,0.0,0.0,0.9756834230356946,0.5,0.0,0.9746039583557575,0.601442405614355,1.0,0.0,0.0011654797683556817,0.026546197042147224,0.014705162146638407,0.0,0.0,1.0,1.0,0.0,0.0,1.0
0.9704030457516132,0.43571428571428567,1.0,0.9722119108232967,0.0,0.0,0.9895410986396603,0.02969784823556918,0.03270397178787535,0.0,0.0,0.0,0.0,0.0,0.0,0.0,0.0,0.0,0.0,0.0,0.9862814674080076,0.528427313321551,0.586185219029271,0.1271814341308382,0.0,0.0,0.0,1.0,1.0,1.0,0.0
0.0,0.0,0.0,0.9722119108232967,0.0,0.0,0.0,0.0,0.0,0.0,0.0,0.0,0.0,0.0,0.0,0.0,0.0,0.0,0.0,0.0,0.9862814674080076,0.5075175066368282,0.5957046557902547,0.07366790135540446,1.0,0.0,1.0,1.0,1.0,1.0,0.0
0.9704030457516132,0.6892857142857143,1.0,0.0,0.0,0.0,0.9895410986396603,0.0031865992019960553,0.003765478794182601,0.0,0.0,0.0,0.0,0.0,0.9756834230356946,0.5,0.0,0.9746039583557575,0.4189441047706195,1.0,0.9862814674080076,0.9430223147296787,0.559312415165278,0.3688684013506507,0.0,1.0,0.0,1.0,0.0,0.0,0.0
0.0,0.0,0.0,0.0,0.0,0.0,0.0,0.0,0.0,0.0,0.0,0.0,0.0,0.0,0.9756834230356946,0.5,0.0,0.9746039583557575,0.5630598817003856,1.0,0.0,0.0011654797683556817,0.026546197042147224,0.014705162146638407,1.0,1.0,1.0,1.0,0.0,0.0,1.0
0.0,0.0,0.0,0.0,0.0,0.0,0.9895410986396603,0.043415340220483434,0.04422820946354203,0.0,0.0,0.0,0.0,0.0,0.9756834230356946,0.5,0.0,0.9746039583557575,0.3988921361017481,1.0,0.0,0.0011654797683556817,0.026546197042147224,0.014705162146638407,1.0,1.0,0.0,1.0,0.0,0.0,1.0
0.9704030457516132,0.7214285714285713,1.0,0.9722119108232967,0.0,0.0,0.9895410986396603,0.013710268539003066,0.012062867668500597,0.0,0.0,0.0,0.0,0.0,0.9756834230356946,0.5,0.0,0.0,0.0,0.0,0.9862814674080076,0.29417785780561023,0.577098988972562,0.4040927804751929,0.0,0.0,0.0,1.0,0.0,1.0,0.0
0.937462649223821,0.5357142857142857,1.0,0.0,0.0,0.0,0.0,0.0,0.0,0.0,0.0,0.0,0.0,0.0,0.0,0.0,0.0,0.0,0.0,0.0,0.0,0.0011654797683556817,0.026546197042147224,0.014705162146638407,0.0,1.0,1.0,1.0,1.0,1.0,1.0
0.937462649223821,0.07142857142857142,0.0,0.0,0.0,0.0,0.0,0.0,0.0,0.0,0.0,0.0,0.0,0.0,0.0,0.0,0.0,0.0,0.0,0.0,0.0,0.0011654797683556817,0.026546197042147224,0.014705162146638407,0.0,1.0,1.0,1.0,1.0,1.0,1.0
0.937462649223821,0.8035714285714285,1.0,0.0,0.0,0.0,0.0,0.0,0.0,0.0,0.0,0.0,0.0,0.0,0.0,0.0,0.0,0.0,0.0,0.0,0.0,0.0011654797683556817,0.026546197042147224,0.014705162146638407,0.0,1.0,1.0,1.0,1.0,1.0,1.0
0.937462649223821,0.07142857142857142,0.0,0.9392101122492235,0.0,0.0,0.0,0.0,0.0,0.0,0.0,0.0,0.0,0.0,0.0,0.0,0.0,0.0,0.0,0.0,0.0,0.0011654797683556817,0.026546197042147224,0.014705162146638407,0.0,0.0,1.0,1.0,1.0,1.0,1.0
0.937462649223821,0.9464285714285714,1.0,0.9392101122492235,0.0,0.0,0.0,0.0,0.0,0.0,0.0,0.0,0.0,0.0,0.0,0.0,0.0,0.0,0.0,0.0,0.9528020767912264,0.3132489036741811,0.6854494629152422,0.7716961691251655,0.0,0.0,1.0,1.0,1.0,1.0,0.0
0.937462649223821,0.6499999999999999,1.0,0.9392101122492235,0.0,0.0,0.9559510596219131,0.03977590421771342,0.04113047920479822,0.0,0.0,0.0,0.0,0.0,0.0,0.0,0.0,0.0,0.0,0.0,0.9528020767912264,0.7686214929521263,0.476953140999809,0.20845177935864795,0.0,0.0,0.0,1.0,1.0,1.0,0.0
0.937462649223821,0.907142857142857,1.0,0.0,0.0,0.0,0.0,0.0,0.0,0.9546424928737132,0.38883546274671427,0.2425537109375,0.3069562297784018,0.5108120068977094,0.942563783746541,1.0,1.0,0.9415209615676251,0.3189438711452439,1.0,0.9528020767912264,0.061410435649161155,0.4037897768767347,0.641134754315219,0.0,1.0,1.0,0.0,0.0,0.0,0.0
0.937462649223821,0.6821428571428572,1.0,0.0,0.0,0.0,0.0,0.0,0.0,0.0,0.0,0.0,0.0,0.0,0.0,0.0,0.0,0.0,0.0,0.0,0.0,0.0011654797683556817,0.026546197042147224,0.014705162146638407,0.0,1.0,1.0,1.0,1.0,1.0,1.0
0.937462649223821,0.21428571428571427,0.0,0.0,0.0,0.0,0.0,0.0,0.0,0.0,0.0,0.0,0.0,0.0,0.0,0.0,0.0,0.0,0.0,0.0,0.0,0.0011654797683556817,0.026546197042147224,0.014705162146638407,0.0,1.0,1.0,1.0,1.0,1.0,1.0
0.937462649223821,0.21428571428571427,0.0,0.0,0.0,0.0,0.0,0.0,0.0,0.0,0.0,0.0,0.0,0.0,0.0,0.0,0.0,0.0,0.0,0.0,0.0,0.0011654797683556817,0.026546197042147224,0.014705162146638407,0.0,1.0,1.0,1.0,1.0,1.0,1.0
0.937462649223821,0.3678571428571429,0.0,0.9392101122492235,0.0,0.0,0.9559510596219131,0.041208348611731706,0.04073817594184592,0.9546424928737132,0.06189800186228266,0.30352783203125,0.2720377266345156,0.6886874513574143,0.942563783746541,0.5,0.0,0.9415209615676251,0.2958653416656398,1.0,0.0,0.0011654797683556817,0.026546197042147224,0.014705162146638407,0.0,0.0,0.0,0.0,0.0,0.0,1.0
0.937462649223821,0.6499999999999999,1.0,0.0,0.0,0.0,0.0,0.0,0.0,0.0,0.0,0.0,0.0,0.0,0.0,0.0,0.0,0.0,0.0,0.0,0.0,0.0011654797683556817,0.026546197042147224,0.014705162146638407,0.0,1.0,1.0,1.0,1.0,1.0,1.0
0.937462649223821,0.9035714285714286,1.0,0.0,0.0,0.0,0.0,0.0,0.0,0.0,0.0,0.0,0.0,0.0,0.0,0.0,0.0,0.0,0.0,0.0,0.0,0.0011654797683556817,0.026546197042147224,0.014705162146638407,0.0,1.0,1.0,1.0,1.0,1.0,1.0
0.937462649223821,0.5607142857142856,1.0,0.9392101122492235,0.0,0.0,0.9559510596219131,0.04125636941190059,0.04075590004679927,0.9546424928737132,0.06189800186228266,0.30352783203125,0.2720377266345156,0.6886874513574143,0.0,0.0,0.0,0.0,0.0,0.0,0.0,0.0011654797683556817,0.026546197042147224,0.014705162146638407,0.0,0.0,0.0,0.0,1.0,1.0,1.0
0.937462649223821,0.6821428571428572,1.0,0.0,0.0,0.0,0.0,0.0,0.0,0.0,0.0,0.0,0.0,0.0,0.942563783746541,1.0,1.0,0.9415209615676251,0.25940078204989536,1.0,0.0,0.0011654797683556817,0.026546197042147224,0.014705162146638407,0.0,1.0,1.0,1.0,0.0,0.0,1.0
0.937462649223821,0.6107142857142858,1.0,0.0,0.0,0.0,0.0,0.0,0.0,0.0,0.0,0.0,0.0,0.0,0.0,0.0,0.0,0.0,0.0,0.0,0.0,0.0011654797683556817,0.026546197042147224,0.014705162146638407,0.0,1.0,1.0,1.0,1.0,1.0,1.0
0.937462649223821,0.07142857142857142,0.0,0.0,0.0,0.0,0.0,0.0,0.0,0.0,0.0,0.0,0.0,0.0,0.0,0.0,0.0,0.0,0.0,0.0,0.0,0.0011654797683556817,0.026546197042147224,0.014705162146638407,0.0,1.0,1.0,1.0,1.0,1.0,1.0
0.937462649223821,0.42857142857142855,1.0,0.9392101122492235,0.0,0.0,0.9559510596219131,0.040171330345848674,0.04154768441287744,0.0,0.0,0.0,0.0,0.0,0.0,0.0,0.0,0.0,0.0,0.0,0.0,0.0011654797683556817,0.026546197042147224,0.014705162146638407,0.0,0.0,0.0,1.0,1.0,1.0,1.0
0.0,0.0,0.0,0.9392101122492235,0.0,0.0,0.0,0.0,0.0,0.9546424928737132,0.06189800186228266,0.30352783203125,0.2720377266345156,0.6886874513574143,0.942563783746541,1.0,1.0,0.9415209615676251,0.3712664247130486,0.5,0.9528020767912264,0.056824634718486644,0.42252028301178096,0.641134754315219,1.0,0.0,1.0,0.0,0.0,0.0,0.0
0.0,0.0,0.0,0.0,0.0,0.0,0.0,0.0,0.0,0.0,0.0,0.0,0.0,0.0,0.0,0.0,0.0,0.0,0.0,0.0,0.9528020767912264,0.7777868453193196,0.48323340501211237,0.20845177935864795,1.0,1.0,1.0,1.0,1.0,1.0,0.0
0.8731595529540381,0.3571428571428571,0.0,0.8747871527686306,1.0,0.0,0.8903797933245688,0.0771791754649837,0.0818793631667034,0.0,0.0,0.0,0.0,0.0,0.0,0.0,0.0,0.0,0.0,0.0,0.0,0.0011654797683556817,0.026546197042147224,0.014705162146638407,0.0,0.0,0.0,1.0,1.0,1.0,1.0
0.8731595529540381,0.6285714285714286,1.0,0.0,0.0,0.0,0.0,0.0,0.0,0.0,0.0,0.0,0.0,0.0,0.0,0.0,0.0,0.0,0.0,0.0,0.0,0.0011654797683556817,0.026546197042147224,0.014705162146638407,0.0,1.0,1.0,1.0,1.0,1.0,1.0
0.8731595529540381,0.8142857142857143,1.0,0.8747871527686306,0.0,0.0,0.0,0.0,0.0,0.0,0.0,0.0,0.0,0.0,0.8779107868758422,1.0,1.0,0.0,0.0,0.0,0.0,0.0011654797683556817,0.026546197042147224,0.014705162146638407,0.0,0.0,1.0,1.0,0.0,1.0,1.0
0.8731595529540381,0.48571428571428565,1.0,0.8747871527686306,0.0,0.0,0.0,0.0,0.0,0.0,0.0,0.0,0.0,0.0,0.0,0.0,0.0,0.8769394946880343,0.2733309619705988,1.0,0.8874468077352455,0.3764915535037917,0.45047173765877463,0.16114712699245087,0.0,0.0,1.0,1.0,1.0,0.0,0.0
0.0,0.0,0.0,0.8747871527686306,0.0,0.0,0.0,0.0,0.0,0.0,0.0,0.0,0.0,0.0,0.8779107868758422,0.5,0.0,0.0,0.0,0.0,0.8874468077352455,0.20859810961312208,0.481543245604602,0.5532139881934351,1.0,0.0,1.0,1.0,0.0,1.0,0.0
0.0,0.0,0.0,0.0,0.0,0.0,0.0,0.0,0.0,0.0,0.0,0.0,0.0,0.0,0.0,0.0,0.0,0.0,0.0,0.0,0.8874468077352455,0.5817849923997908,0.4013989714641947,0.8811059067762135,1.0,1.0,1.0,1.0,1.0,1.0,0.0
0.0,0.0,0.0,0.0,0.0,0.0,0.0,0.0,0.0,0.0,0.0,0.0,0.0,0.0,0.0,0.0,0.0,0.0,0.0,0.0,0.8874468077352455,0.4606211235523211,0.5812053688905511,0.8595782803376436,1.0,1.0,1.0,1.0,1.0,1.0,0.0
0.0,0.0,0.0,0.0,0.0,0.0,0.0,0.0,0.0,0.0,0.0,0.0,0.0,0.0,0.0,0.0,0.0,0.8769394946880343,0.5766356203702818,1.0,0.8874468077352455,0.40798861168936285,0.7994653340542099,0.19751686182457168,1.0,1.0,1.0,1.0,1.0,0.0,0.0
0.0,0.0,0.0,0.0,0.0,0.0,0.8903797933245688,0.07998784509118717,0.07786865815030455,0.0,0.0,0.0,0.0,0.0,0.0,0.0,0.0,0.8769394946880343,0.3211178948570157,1.0,0.0,0.0011654797683556817,0.026546197042147224,0.014705162146638407,1.0,1.0,0.0,1.0,1.0,0.0,1.0
0.0,0.0,0.0,0.0,0.0,0.0,0.0,0.0,0.0,0.0,0.0,0.0,0.0,0.0,0.0,0.0,0.0,0.8769394946880343,0.24665676426703387,0.5,0.0,0.0011654797683556817,0.026546197042147224,0.014705162146638407,1.0,1.0,1.0,1.0,1.0,0.0,1.0
0.0,0.0,0.0,0.0,0.0,0.0,0.8903797933245688,0.1450912541692397,0.14612392917249664,0.0,0.0,0.0,0.0,0.0,0.8779107868758422,0.5,0.0,0.8769394946880343,0.31970278621704606,1.0,0.0,0.0011654797683556817,0.026546197042147224,0.014705162146638407,1.0,1.0,0.0,1.0,0.0,0.0,1.0
0.8731595529540381,0.9035714285714286,1.0,0.8747871527686306,0.0,0.0,0.8903797933245688,0.12110902623136131,0.1144195011179119,0.0,0.0,0.0,0.0,0.0,0.0,0.0,0.0,0.8769394946880343,0.36316384108203215,1.0,0.8874468077352455,0.9534110149353084,0.6167419515398361,0.1350285544824614,0.0,0.0,0.0,1.0,1.0,0.0,0.0
0.8731595529540381,0.24642857142857144,0.0,0.0,0.0,0.0,0.8903797933245688,0.18075206396875004,0.18167660158718812,0.0,0.0,0.0,0.0,0.0,0.0,0.0,0.0,0.0,0.0,0.0,0.0,0.0011654797683556817,0.026546197042147224,0.014705162146638407,0.0,1.0,0.0,1.0,1.0,1.0,1.0
0.8731595529540381,0.3821428571428571,0.0,0.8747871527686306,0.0,0.0,0.8903797933245688,0.07740314092685473,0.08206458894682274,0.0,0.0,0.0,0.0,0.0,0.0,0.0,0.0,0.8769394946880343,0.41073187726789495,1.0,0.8874468077352455,0.6719509457011245,0.2616144207696648,0.512704247532996,0.0,0.0,0.0,1.0,1.0,0.0,0.0
0.8731595529540381,0.07142857142857142,0.0,0.8747871527686306,0.0,0.0,0.0,0.0,0.0,0.0,0.0,0.0,0.0,0.0,0.0,0.0,0.0,0.0,0.0,0.0,0.0,0.0011654797683556817,0.026546197042147224,0.014705162146638407,0.0,0.0,1.0,1.0,1.0,1.0,1.0
0.8731595529540381,0.19642857142857142,0.0,0.8747871527686306,0.0,0.0,0.0,0.0,0.0,0.0,0.0,0.0,0.0,0.0,0.8779107868758422,0.5,0.0,0.0,0.0,0.0,0.8874468077352455,0.3705209150345702,0.45047173765877463,0.16114712699245087,0.0,0.0,1.0,1.0,0.0,1.0,0.0
0.0,0.0,0.0,0.8747871527686306,0.0,0.0,0.0,0.0,0.0,0.0,0.0,0.0,0.0,0.0,0.0,0.0,0.0,0.8769394946880343,0.2627096494348846,1.0,0.8874468077352455,0.4053486059001655,0.7994653340542099,0.15448254783098359,1.0,0.0,1.0,1.0,1.0,0.0,0.0
0.0,0.0,0.0,0.0,0.0,0.0,0.0,0.0,0.0,0.0,0.0,0.0,0.0,0.0,0.0,0.0,0.0,0.8769394946880343,0.3191952253128094,1.0,0.8874468077352455,0.45091897036915773,0.5812053688905511,0.8595782803376436,1.0,1.0,1.0,1.0,1.0,0.0,0.0
0.0,0.0,0.0,0.0,0.0,0.0,0.0,0.0,0.0,0.0,0.0,0.0,0.0,0.0,0.0,0.0,0.0,0.8769394946880343,0.2013496497016667,1.0,0.0,0.0011654797683556817,0.026546197042147224,0.014705162146638407,1.0,1.0,1.0,1.0,1.0,0.0,1.0
0.0,0.0,0.0,0.0,0.0,0.0,0.0,0.0,0.0,0.0,0.0,0.0,0.0,0.0,0.0,0.0,0.0,0.8769394946880343,0.2841780035441417,1.0,0.0,0.0011654797683556817,0.026546197042147224,0.014705162146638407,1.0,1.0,1.0,1.0,1.0,0.0,1.0
0.0,0.0,0.0,0.0,0.0,0.0,0.0,0.0,0.0,0.018597722022477926,0.23249530613179464,0.94158935546875,0.5552469324217081,0.8137008042240841,0.0,0.0,0.0,0.0,0.0,0.0,0.0,0.0011654797683556817,0.026546197042147224,0.014705162146638407,1.0,1.0,1.0,0.0,1.0,1.0,1.0
0.0,0.0,0.0,0.0,0.0,0.0,0.0,0.0,0.0,0.018597722022477926,0.23249530613179464,0.94158935546875,0.5552469324217081,0.8137008042240841,0.0,0.0,0.0,0.0,0.0,0.0,0.0,0.0011654797683556817,0.026546197042147224,0.014705162146638407,1.0,1.0,1.0,0.0,1.0,1.0,1.0
0.0,0.0,0.0,0.0,0.0,0.0,0.0,0.0,0.0,0.018597722022477926,0.40542809604493896,0.72332763671875,0.8420120871741652,0.06401745791939446,0.0,0.0,0.0,0.0,0.0,0.0,0.0,0.0011654797683556817,0.026546197042147224,0.014705162146638407,1.0,1.0,1.0,0.0,1.0,1.0,1.0
0.0,0.0,0.0,0.0,0.0,0.0,0.0,0.0,0.0,0.018597722022477926,0.40542809604493896,0.72332763671875,0.8420120871741652,0.06401745791939446,0.0,0.0,0.0,0.0,0.0,0.0,0.0,0.0011654797683556817,0.026546197042147224,0.014705162146638407,1.0,1.0,1.0,0.0,1.0,1.0,1.0
0.0,0.0,0.0,0.0,0.0,0.0,0.0,0.0,0.0,0.018597722022477926,0.40542809604493896,0.72332763671875,0.8420120871741652,0.06401745791939446,0.0,0.0,0.0,0.0,0.0,0.0,0.0,0.0011654797683556817,0.026546197042147224,0.014705162146638407,1.0,1.0,1.0,0.0,1.0,1.0,1.0
0.0,0.0,0.0,0.0,0.0,0.0,0.0,0.0,0.0,0.018597722022477926,0.40542809604493896,0.72332763671875,0.8420120871741652,0.06401745791939446,0.0,0.0,0.0,0.0,0.0,0.0,0.0,0.0011654797683556817,0.026546197042147224,0.014705162146638407,1.0,1.0,1.0,0.0,1.0,1.0,1.0
0.0,0.0,0.0,0.0,0.0,0.0,0.0,0.0,0.0,0.018597722022477926,0.24950008395536627,0.115386962890625,0.6678468957939075,0.052846831173984046,0.0,0.0,0.0,0.0,0.0,0.0,0.0,0.0011654797683556817,0.026546197042147224,0.014705162146638407,1.0,1.0,1.0,0.0,1.0,1.0,1.0
0.0,0.0,0.0,0.0,0.0,0.0,0.0,0.0,0.0,0.018597722022477926,0.24950008395536627,0.115386962890625,0.6678468957939075,0.052846831173984046,0.0,0.0,0.0,0.0,0.0,0.0,0.0,0.0011654797683556817,0.026546197042147224,0.014705162146638407,1.0,1.0,1.0,0.0,1.0,1.0,1.0
0.0,0.0,0.0,0.0,0.0,0.0,0.0,0.0,0.0,0.018597722022477926,0.24950008395536627,0.115386962890625,0.6678468957939075,0.052846831173984046,0.0,0.0,0.0,0.0,0.0,0.0,0.0,0.0011654797683556817,0.026546197042147224,0.014705162146638407,1.0,1.0,1.0,0.0,1.0,1.0,1.0
0.0,0.0,0.0,0.0,0.0,0.0,0.0,0.0,0.0,0.018597722022477926,0.24950008395536627,0.115386962890625,0.6678468957939075,0.052846831173984046,0.0,0.0,0.0,0.0,0.0,0.0,0.0,0.0011654797683556817,0.026546197042147224,0.014705162146638407,1.0,1.0,1.0,0.0,1.0,1.0,1.0
0.0,0.0,0.0,0.0,0.0,0.0,0.0,0.0,0.0,0.018597722022477926,0.06820228663888507,0.4853668212890625,0.3162963189060497,0.03258099467411375,0.0,0.0,0.0,0.0,0.0,0.0,0.0,0.0011654797683556817,0.026546197042147224,0.014705162146638407,1.0,1.0,1.0,0.0,1.0,1.0,1.0
0.0,0.0,0.0,0.0,0.0,0.0,0.0,0.0,0.0,0.018597722022477926,0.06820228663888507,0.4853668212890625,0.3162963189060497,0.03258099467411375,0.0,0.0,0.0,0.0,0.0,0.0,0.0,0.0011654797683556817,0.026546197042147224,0.014705162146638407,1.0,1.0,1.0,0.0,1.0,1.0,1.0
0.0,0.0,0.0,0.0,0.0,0.0,0.0,0.0,0.0,0.018597722022477926,0.06820228663888507,0.4853668212890625,0.3162963189060497,0.03258099467411375,0.0,0.0,0.0,0.0,0.0,0.0,0.0,0.0011654797683556817,0.026546197042147224,0.014705162146638407,1.0,1.0,1.0,0.0,1.0,1.0,1.0
0.0,0.0,0.0,0.0,0.0,0.0,0.0,0.0,0.0,0.018597722022477926,0.06820228663888507,0.4853668212890625,0.3162963189060497,0.03258099467411375,0.0,0.0,0.0,0.0,0.0,0.0,0.0,0.0011654797683556817,0.026546197042147224,0.014705162146638407,1.0,1.0,1.0,0.0,1.0,1.0,1.0
0.0,0.0,0.0,0.0,0.0,0.0,0.0,0.0,0.0,0.018597722022477926,0.9716383508113141,0.7617034912109375,0.6276936694951468,0.6914648476247158,0.0,0.0,0.0,0.0,0.0,0.0,0.0,0.0011654797683556817,0.026546197042147224,0.014705162146638407,1.0,1.0,1.0,0.0,1.0,1.0,1.0
0.0,0.0,0.0,0.0,0.0,0.0,0.0,0.0,0.0,0.018597722022477926,0.9716383508113141,0.7617034912109375,0.6276936694951468,0.6914648476247158,0.0,0.0,0.0,0.0,0.0,0.0,0.0,0.0011654797683556817,0.026546197042147224,0.014705162146638407,1.0,1.0,1.0,0.0,1.0,1.0,1.0
0.0,0.0,0.0,0.0,0.0,0.0,0.0,0.0,0.0,0.018597722022477926,0.9716383508113141,0.7617034912109375,0.6276936694951468,0.6914648476247158,0.0,0.0,0.0,0.0,0.0,0.0,0.0,0.0011654797683556817,0.026546197042147224,0.014705162146638407,1.0,1.0,1.0,0.0,1.0,1.0,1.0
0.0,0.0,0.0,0.0,0.0,0.0,0.0,0.0,0.0,0.018597722022477926,0.9716383508113141,0.7617034912109375,0.6276936694951468,0.6914648476247158,0.0,0.0,0.0,0.0,0.0,0.0,0.0,0.0011654797683556817,0.026546197042147224,0.014705162146638407,1.0,1.0,1.0,0.0,1.0,1.0,1.0
0.0,0.0,0.0,0.0,0.0,0.0,0.018623214665862805,0.0050800107365954975,0.00599341526447102,0.018597722022477926,0.6051808093297308,0.049346923828125,0.9004792137232159,0.2552610294678692,0.0,0.0,0.0,0.0,0.0,0.0,0.0,0.0011654797683556817,0.026546197042147224,0.014705162146638407,1.0,1.0,0.0,0.0,1.0,1.0,1.0
0.0,0.0,0.0,0.0,0.0,0.0,0.018623214665862805,0.005668283377186449,0.006314659583287866,0.0,0.0,0.0,0.0,0.0,0.0,0.0,0.0,0.0,0.0,0.0,0.0,0.0011654797683556817,0.026546197042147224,0.014705162146638407,1.0,1.0,0.0,1.0,1.0,1.0,1.0
0.9934708851197696,0.48571428571428565,1.0,0.0,0.0,0.0,0.0,0.0,0.0,0.0,0.0,0.0,0.0,0.0,0.0,0.0,0.0,0.0,0.0,0.0,0.0,0.0011654797683556817,0.026546197042147224,0.014705162146638407,0.0,1.0,1.0,1.0,1.0,1.0,1.0
0.9934708851197696,0.5178571428571428,1.0,0.0,0.0,0.0,0.0,0.0,0.0,0.0,0.0,0.0,0.0,0.0,0.0,0.0,0.0,0.0,0.0,0.0,0.0,0.0011654797683556817,0.026546197042147224,0.014705162146638407,0.0,1.0,1.0,1.0,1.0,1.0,1.0
0.9934708851197696,0.8642857142857142,1.0,0.0,0.0,0.0,0.0,0.0,0.0,0.0,0.0,0.0,0.0,0.0,0.0,0.0,0.0,0.0,0.0,0.0,0.0,0.0011654797683556817,0.026546197042147224,0.014705162146638407,0.0,1.0,1.0,1.0,1.0,1.0,1.0
0.9934708851197696,0.125,0.0,0.0,0.0,0.0,0.0,0.0,0.0,0.0,0.0,0.0,0.0,0.0,0.0,0.0,0.0,0.0,0.0,0.0,0.0,0.0011654797683556817,0.026546197042147224,0.014705162146638407,0.0,1.0,1.0,1.0,1.0,1.0,1.0
0.9934708851197696,0.3535714285714286,0.0,0.0,0.0,0.0,0.0,0.0,0.0,0.0,0.0,0.0,0.0,0.0,0.0,0.0,0.0,0.0,0.0,0.0,0.0,0.0011654797683556817,0.026546197042147224,0.014705162146638407,0.0,1.0,1.0,1.0,1.0,1.0,1.0
0.9934708851197696,0.17500000000000002,0.0,0.0,0.0,0.0,0.0,0.0,0.0,0.0,0.0,0.0,0.0,0.0,0.0,0.0,0.0,0.0,0.0,0.0,0.0,0.0011654797683556817,0.026546197042147224,0.014705162146638407,0.0,1.0,1.0,1.0,1.0,1.0,1.0
0.9934708851197696,0.9678571428571429,1.0,0.0,0.0,0.0,0.0,0.0,0.0,0.0,0.0,0.0,0.0,0.0,0.0,0.0,0.0,0.0,0.0,0.0,0.0,0.0011654797683556817,0.026546197042147224,0.014705162146638407,0.0,1.0,1.0,1.0,1.0,1.0,1.0
0.9934708851197696,0.4035714285714286,0.0,0.0,0.0,0.0,0.0,0.0,0.0,0.0,0.0,0.0,0.0,0.0,0.0,0.0,0.0,0.0,0.0,0.0,0.0,0.0011654797683556817,0.026546197042147224,0.014705162146638407,0.0,1.0,1.0,1.0,1.0,1.0,1.0
0.9934708851197696,0.08214285714285713,0.0,0.0,0.0,0.0,0.0,0.0,0.0,0.0,0.0,0.0,0.0,0.0,0.0,0.0,0.0,0.0,0.0,0.0,0.0,0.0011654797683556817,0.026546197042147224,0.014705162146638407,0.0,1.0,1.0,1.0,1.0,1.0,1.0
0.9934708851197696,0.3,0.0,0.0,0.0,0.0,0.0,0.0,0.0,0.0,0.0,0.0,0.0,0.0,0.0,0.0,0.0,0.0,0.0,0.0,0.0,0.0011654797683556817,0.026546197042147224,0.014705162146638407,0.0,1.0,1.0,1.0,1.0,1.0,1.0
0.9934708851197696,0.7714285714285715,1.0,0.0,0.0,0.0,0.0,0.0,0.0,0.0,0.0,0.0,0.0,0.0,0.0,0.0,0.0,0.0,0.0,0.0,0.0,0.0011654797683556817,0.026546197042147224,0.014705162146638407,0.0,1.0,1.0,1.0,1.0,1.0,1.0
0.9934708851197696,0.8642857142857142,1.0,0.0,0.0,0.0,0.0,0.0,0.0,0.0,0.0,0.0,0.0,0.0,0.0,0.0,0.0,0.0,0.0,0.0,0.0,0.0011654797683556817,0.026546197042147224,0.014705162146638407,0.0,1.0,1.0,1.0,1.0,1.0,1.0
0.9934947896165242,0.07142857142857142,0.0,0.0,0.0,0.0,0.0,0.0,0.0,0.0,0.0,0.0,0.0,0.0,0.0,0.0,0.0,0.0,0.0,0.0,0.0,0.0011654797683556817,0.026546197042147224,0.014705162146638407,0.0,1.0,1.0,1.0,1.0,1.0,1.0
0.9934947896165242,0.3821428571428571,0.0,0.0,0.0,0.0,0.0,0.0,0.0,0.0,0.0,0.0,0.0,0.0,0.0,0.0,0.0,0.0,0.0,0.0,0.0,0.0011654797683556817,0.026546197042147224,0.014705162146638407,0.0,1.0,1.0,1.0,1.0,1.0,1.0
0.9934947896165242,0.2857142857142857,0.0,0.0,0.0,0.0,0.0,0.0,0.0,0.0,0.0,0.0,0.0,0.0,0.0,0.0,0.0,0.0,0.0,0.0,0.0,0.0011654797683556817,0.026546197042147224,0.014705162146638407,0.0,1.0,1.0,1.0,1.0,1.0,1.0
0.9934947896165242,0.8464285714285713,1.0,0.0,0.0,0.0,0.0,0.0,0.0,0.0,0.0,0.0,0.0,0.0,0.0,0.0,0.0,0.0,0.0,0.0,0.0,0.0011654797683556817,0.026546197042147224,0.014705162146638407,0.0,1.0,1.0,1.0,1.0,1.0,1.0
0.9934947896165242,0.3535714285714286,0.0,0.0,0.0,0.0,0.0,0.0,0.0,0.0,0.0,0.0,0.0,0.0,0.0,0.0,0.0,0.0,0.0,0.0,0.0,0.0011654797683556817,0.026546197042147224,0.014705162146638407,0.0,1.0,1.0,1.0,1.0,1.0,1.0
0.9934947896165242,0.4321428571428571,1.0,0.0,0.0,0.0,0.0,0.0,0.0,0.0,0.0,0.0,0.0,0.0,0.0,0.0,0.0,0.0,0.0,0.0,0.0,0.0011654797683556817,0.026546197042147224,0.014705162146638407,0.0,1.0,1.0,1.0,1.0,1.0,1.0
0.9934947896165242,0.7214285714285713,1.0,0.0,0.0,0.0,0.0,0.0,0.0,0.0,0.0,0.0,0.0,0.0,0.0,0.0,0.0,0.0,0.0,0.0,0.0,0.0011654797683556817,0.026546197042147224,0.014705162146638407,0.0,1.0,1.0,1.0,1.0,1.0,1.0
0.9934947896165242,1.0,1.0,0.0,0.0,0.0,0.0,0.0,0.0,0.0,0.0,0.0,0.0,0.0,0.0,0.0,0.0,0.0,0.0,0.0,0.0,0.0011654797683556817,0.026546197042147224,0.014705162146638407,0.0,1.0,1.0,1.0,1.0,1.0,1.0
0.0,0.0,0.0,0.0,0.0,0.0,0.0,0.0,0.0,0.0,0.0,0.0,0.0,0.0,0.9894792669776206,1.0,1.0,0.0,0.0,0.0,0.0,0.0011654797683556817,0.026546197042147224,0.014705162146638407,1.0,1.0,1.0,1.0,0.0,1.0,1.0
0.0,0.0,0.0,0.0,0.0,0.0,0.0,0.0,0.0,0.0,0.0,0.0,0.0,0.0,0.9894792669776206,0.5,0.0,0.0,0.0,0.0,0.0,0.0011654797683556817,0.026546197042147224,0.014705162146638407,1.0,1.0,1.0,1.0,0.0,1.0,1.0
0.0,0.0,0.0,0.0,0.0,0.0,0.0,0.0,0.0,0.0,0.0,0.0,0.0,0.0,0.9894792669776206,1.0,1.0,0.0,0.0,0.0,0.0,0.0011654797683556817,0.026546197042147224,0.014705162146638407,1.0,1.0,1.0,1.0,0.0,1.0,1.0
0.0,0.0,0.0,0.0,0.0,0.0,0.0,0.0,0.0,0.0,0.0,0.0,0.0,0.0,0.9894792669776206,0.5,0.0,0.0,0.0,0.0,0.0,0.0011654797683556817,0.026546197042147224,0.014705162146638407,1.0,1.0,1.0,1.0,0.0,1.0,1.0
0.0,0.0,0.0,0.0,0.0,0.0,0.0,0.0,0.0,0.0,0.0,0.0,0.0,0.0,0.9894792669776206,0.5,0.0,0.0,0.0,0.0,0.0,0.0011654797683556817,0.026546197042147224,0.014705162146638407,1.0,1.0,1.0,1.0,0.0,1.0,1.0
0.0,0.0,0.0,0.0,0.0,0.0,0.0,0.0,0.0,0.0,0.0,0.0,0.0,0.0,0.9894792669776206,1.0,1.0,0.0,0.0,0.0,0.0,0.0011654797683556817,0.026546197042147224,0.014705162146638407,1.0,1.0,1.0,1.0,0.0,1.0,1.0
0.0,0.0,0.0,0.0,0.0,0.0,0.0,0.0,0.0,0.0,0.0,0.0,0.0,0.0,0.9894792669776206,0.5,0.0,0.0,0.0,0.0,0.0,0.0011654797683556817,0.026546197042147224,0.014705162146638407,1.0,1.0,1.0,1.0,0.0,1.0,1.0
0.0,0.0,0.0,0.0,0.0,0.0,0.0,0.0,0.0,0.0,0.0,0.0,0.0,0.0,0.9894792669776206,0.5,0.0,0.0,0.0,0.0,0.0,0.0011654797683556817,0.026546197042147224,0.014705162146638407,1.0,1.0,1.0,1.0,0.0,1.0,1.0
0.0,0.0,0.0,0.0,0.0,0.0,0.0,0.0,0.0,0.0,0.0,0.0,0.0,0.0,0.9894792669776206,0.5,0.0,0.0,0.0,0.0,0.0,0.0011654797683556817,0.026546197042147224,0.014705162146638407,1.0,1.0,1.0,1.0,0.0,1.0,1.0
0.0,0.0,0.0,0.0,0.0,0.0,0.0,0.0,0.0,0.0,0.0,0.0,0.0,0.0,0.9894792669776206,0.5,0.0,0.0,0.0,0.0,0.0,0.0011654797683556817,0.026546197042147224,0.014705162146638407,1.0,1.0,1.0,1.0,0.0,1.0,1.0
0.0,0.0,0.0,0.0,0.0,0.0,0.0,0.0,0.0,0.0,0.0,0.0,0.0,0.0,0.9894792669776206,1.0,1.0,0.0,0.0,0.0,0.0,0.0011654797683556817,0.026546197042147224,0.014705162146638407,1.0,1.0,1.0,1.0,0.0,1.0,1.0
0.0,0.0,0.0,0.0,0.0,0.0,0.0,0.0,0.0,0.0,0.0,0.0,0.0,0.0,0.9894792669776206,1.0,1.0,0.0,0.0,0.0,0.0,0.0011654797683556817,0.026546197042147224,0.014705162146638407,1.0,1.0,1.0,1.0,0.0,1.0,1.0
0.0,0.0,0.0,0.0,0.0,0.0,0.0,0.0,0.0,0.0,0.0,0.0,0.0,0.0,0.9894792669776206,1.0,1.0,0.0,0.0,0.0,0.0,0.0011654797683556817,0.026546197042147224,0.014705162146638407,1.0,1.0,1.0,1.0,0.0,1.0,1.0
0.0,0.0,0.0,0.0,0.0,0.0,0.0,0.0,0.0,0.0,0.0,0.0,0.0,0.0,0.9894792669776206,0.5,0.0,0.0,0.0,0.0,0.0,0.0011654797683556817,0.026546197042147224,0.014705162146638407,1.0,1.0,1.0,1.0,0.0,1.0,1.0
0.0,0.0,0.0,0.0,0.0,0.0,0.0,0.0,0.0,0.0,0.0,0.0,0.0,0.0,0.9894792669776206,0.5,0.0,0.0,0.0,0.0,0.0,0.0011654797683556817,0.026546197042147224,0.014705162146638407,1.0,1.0,1.0,1.0,0.0,1.0,1.0
0.0,0.0,0.0,0.0,0.0,0.0,0.0,0.0,0.0,0.0,0.0,0.0,0.0,0.0,0.9894792669776206,1.0,1.0,0.0,0.0,0.0,0.0,0.0011654797683556817,0.026546197042147224,0.014705162146638407,1.0,1.0,1.0,1.0,0.0,1.0,1.0
0.0,0.0,0.0,0.0,0.0,0.0,0.0,0.0,0.0,0.0,0.0,0.0,0.0,0.0,0.9894792669776206,0.5,0.0,0.0,0.0,0.0,0.0,0.0011654797683556817,0.026546197042147224,0.014705162146638407,1.0,1.0,1.0,1.0,0.0,1.0,1.0
0.0,0.0,0.0,0.0,0.0,0.0,0.0,0.0,0.0,0.0,0.0,0.0,0.0,0.0,0.9894792669776206,1.0,1.0,0.0,0.0,0.0,0.0,0.0011654797683556817,0.026546197042147224,0.014705162146638407,1.0,1.0,1.0,1.0,0.0,1.0,1.0
0.0,0.0,0.0,0.0,0.0,0.0,0.0,0.0,0.0,0.0,0.0,0.0,0.0,0.0,0.9894792669776206,0.5,0.0,0.0,0.0,0.0,0.0,0.0011654797683556817,0.026546197042147224,0.014705162146638407,1.0,1.0,1.0,1.0,0.0,1.0,1.0
0.0,0.0,0.0,0.0,0.0,0.0,0.0,0.0,0.0,0.0,0.0,0.0,0.0,0.0,0.9894792669776206,0.5,0.0,0.0,0.0,0.0,0.0,0.0011654797683556817,0.026546197042147224,0.014705162146638407,1.0,1.0,1.0,1.0,0.0,1.0,1.0
0.9366738008309203,0.5785714285714285,1.0,0.9384197934154467,0.0,0.0,0.9551466537528378,0.007861428575327942,0.007533419769588101,0.0,0.0,0.0,0.0,0.0,0.0,0.0,0.0,0.0,0.0,0.0,0.9520003207024356,0.0653582661261839,0.5329766663953461,0.8134324928221416,0.0,0.0,0.0,1.0,1.0,1.0,0.0
0.9366738008309203,0.7107142857142856,1.0,0.9384197934154467,0.0,0.0,0.0,0.0,0.0,0.0,0.0,0.0,0.0,0.0,0.9417706428927369,0.5,0.0,0.9407286982192882,0.14909417999166985,1.0,0.9520003207024356,0.6516156827188725,0.5081039977058792,0.4607369141915146,0.0,0.0,1.0,1.0,0.0,0.0,0.0
0.9366738008309203,0.38571428571428573,0.0,0.9384197934154467,0.0,0.0,0.0,0.0,0.0,0.0,0.0,0.0,0.0,0.0,0.0,0.0,0.0,0.0,0.0,0.0,0.0,0.0011654797683556817,0.026546197042147224,0.014705162146638407,0.0,0.0,1.0,1.0,1.0,1.0,1.0
0.9366738008309203,0.5714285714285714,1.0,0.0,0.0,0.0,0.0,0.0,0.0,0.0,0.0,0.0,0.0,0.0,0.0,0.0,0.0,0.0,0.0,0.0,0.0,0.0011654797683556817,0.026546197042147224,0.014705162146638407,0.0,1.0,1.0,1.0,1.0,1.0,1.0
0.9366738008309203,0.49642857142857144,1.0,0.0,0.0,0.0,0.9551466537528378,0.008395756854481346,0.008710472856703667,0.0,0.0,0.0,0.0,0.0,0.0,0.0,0.0,0.0,0.0,0.0,0.0,0.0011654797683556817,0.026546197042147224,0.014705162146638407,0.0,1.0,0.0,1.0,1.0,1.0,1.0
0.0,0.0,0.0,0.9384197934154467,0.0,0.0,0.9551466537528378,0.007917214272700998,0.007609352264430522,0.953839188126669,0.014562439895590052,0.611846923828125,0.33821195287223005,0.6557859878832273,0.0,0.0,0.0,0.0,0.0,0.0,0.0,0.0011654797683556817,0.026546197042147224,0.014705162146638407,1.0,0.0,0.0,0.0,1.0,1.0,1.0
0.0,0.0,0.0,0.9384197934154467,0.0,0.0,0.0,0.0,0.0,0.953839188126669,0.014562439895590052,0.611846923828125,0.33821195287223005,0.6557859878832273,0.9417706428927369,1.0,1.0,0.9407286982192882,0.39523901185902144,1.0,0.9520003207024356,0.06036354490815443,0.5329766663953461,0.8134324928221416,1.0,0.0,1.0,0.0,0.0,0.0,0.0
0.9366738008309203,0.6821428571428572,1.0,0.9384197934154467,0.0,0.0,0.0,0.0,0.0,0.0,0.0,0.0,0.0,0.0,0.9417706428927369,0.5,0.0,0.9407286982192882,0.09094020064232877,0.5,0.9520003207024356,0.20235867952690612,0.609296725720547,0.7677288398246772,0.0,0.0,1.0,1.0,0.0,0.0,0.0
0.9366738008309203,0.9249999999999999,1.0,0.0,0.0,0.0,0.0,0.0,0.0,0.0,0.0,0.0,0.0,0.0,0.0,0.0,0.0,0.0,0.0,0.0,0.0,0.0011654797683556817,0.026546197042147224,0.014705162146638407,0.0,1.0,1.0,1.0,1.0,1.0,1.0
0.9366738008309203,0.33214285714285713,0.0,0.0,0.0,0.0,0.0,0.0,0.0,0.0,0.0,0.0,0.0,0.0,0.0,0.0,0.0,0.0,0.0,0.0,0.0,0.0011654797683556817,0.026546197042147224,0.014705162146638407,0.0,1.0,1.0,1.0,1.0,1.0,1.0
0.9366738008309203,0.21428571428571427,0.0,0.0,0.0,0.0,0.0,0.0,0.0,0.0,0.0,0.0,0.0,0.0,0.0,0.0,0.0,0.0,0.0,0.0,0.9520003207024356,0.2063289361465842,0.609296725720547,0.7324185526178035,0.0,1.0,1.0,1.0,1.0,1.0,0.0
0.9366738008309203,0.2857142857142857,0.0,0.0,0.0,0.0,0.0,0.0,0.0,0.953839188126669,0.4792935537543313,0.051483154296875,0.8655301874122459,0.9079949335408751,0.0,0.0,0.0,0.0,0.0,0.0,0.9520003207024356,0.6308984139067843,0.5081039977058792,0.4607369141915146,0.0,1.0,1.0,0.0,1.0,1.0,0.0
0.9366738008309203,0.557142857142857,1.0,0.9384197934154467,0.0,0.0,0.0,0.0,0.0,0.953839188126669,0.4792935537543313,0.051483154296875,0.8655301874122459,0.9079949335408751,0.9417706428927369,0.5,0.0,0.9407286982192882,0.6767207612233892,0.5,0.0,0.0011654797683556817,0.026546197042147224,0.014705162146638407,0.0,0.0,1.0,0.0,0.0,0.0,1.0
0.9366738008309203,0.17500000000000002,0.0,0.9384197934154467,0.0,0.0,0.0,0.0,0.0,0.0,0.0,0.0,0.0,0.0,0.0,0.0,0.0,0.0,0.0,0.0,0.9520003207024356,0.04455375688415053,0.5329766663953461,0.8134324928221416,0.0,0.0,1.0,1.0,1.0,1.0,0.0
0.0,0.0,0.0,0.9384197934154467,0.0,0.0,0.9551466537528378,0.008292527579756551,0.00797592565303722,0.0,0.0,0.0,0.0,0.0,0.0,0.0,0.0,0.0,0.0,0.0,0.0,0.0011654797683556817,0.026546197042147224,0.014705162146638407,1.0,0.0,0.0,1.0,1.0,1.0,1.0
0.9366738008309203,0.5607142857142856,1.0,0.0,0.0,0.0,0.9551466537528378,0.008451035302266553,0.008849428735046398,0.0,0.0,0.0,0.0,0.0,0.0,0.0,0.0,0.0,0.0,0.0,0.9520003207024356,0.6275624119939177,0.5081039977058792,0.42055688169519095,0.0,1.0,0.0,1.0,1.0,1.0,0.0
0.9366738008309203,0.1357142857142857,0.0,0.9384197934154467,0.0,0.0,0.9551466537528378,0.008343305507214977,0.008010520720116505,0.0,0.0,0.0,0.0,0.0,0.9417706428927369,0.5,0.0,0.9407286982192882,0.3531591540331851,1.0,0.0,0.0011654797683556817,0.026546197042147224,0.014705162146638407,0.0,0.0,0.0,1.0,0.0,0.0,1.0
0.9366738008309203,0.29642857142857143,0.0,0.0,0.0,0.0,0.9551466537528378,0.008606519320777706,0.0088655092496219,0.0,0.0,0.0,0.0,0.0,0.9417706428927369,1.0,1.0,0.9407286982192882,0.6648877960115924,1.0,0.0,0.0011654797683556817,0.026546197042147224,0.014705162146638407,0.0,1.0,0.0,1.0,0.0,0.0,1.0
0.9366738008309203,0.7857142857142857,1.0,0.0,0.0,0.0,0.0,0.0,0.0,0.0,0.0,0.0,0.0,0.0,0.0,0.0,0.0,0.0,0.0,0.0,0.0,0.0011654797683556817,0.026546197042147224,0.014705162146638407,0.0,1.0,1.0,1.0,1.0,1.0,1.0
0.9366738008309203,0.07142857142857142,0.0,0.9384197934154467,0.0,0.0,0.0,0.0,0.0,0.0,0.0,0.0,0.0,0.0,0.0,0.0,0.0,0.0,0.0,0.0,0.0,0.0011654797683556817,0.026546197042147224,0.014705162146638407,0.0,0.0,1.0,1.0,1.0,1.0,1.0
0.0,0.0,0.0,0.0,0.0,0.0,0.0,0.0,0.0,0.0,0.0,0.0,0.0,0.0,0.01826627420882197,0.5,0.0,0.0,0.0,0.0,0.018464685681243646,0.9576579957021271,0.5363303370692877,0.32330622714833684,1.0,1.0,1.0,1.0,0.0,1.0,0.0
0.0,0.0,0.0,0.0,0.0,0.0,0.0,0.0,0.0,0.0,0.0,0.0,0.0,0.0,0.01826627420882197,1.0,1.0,0.0,0.0,0.0,0.0,0.0011654797683556817,0.026546197042147224,0.014705162146638407,1.0,1.0,1.0,1.0,0.0,1.0,1.0
0.0,0.0,0.0,0.0,0.0,0.0,0.0,0.0,0.0,0.0,0.0,0.0,0.0,0.0,0.01826627420882197,0.5,0.0,0.0,0.0,0.0,0.0,0.0011654797683556817,0.026546197042147224,0.014705162146638407,1.0,1.0,1.0,1.0,0.0,1.0,1.0
0.0,0.0,0.0,0.0,0.0,0.0,0.0,0.0,0.0,0.0,0.0,0.0,0.0,0.0,0.01826627420882197,0.5,0.0,0.0,0.0,0.0,0.0,0.0011654797683556817,0.026546197042147224,0.014705162146638407,1.0,1.0,1.0,1.0,0.0,1.0,1.0
0.0,0.0,0.0,0.0,0.0,0.0,0.0,0.0,0.0,0.0,0.0,0.0,0.0,0.0,0.01826627420882197,0.5,0.0,0.0,0.0,0.0,0.0,0.0011654797683556817,0.026546197042147224,0.014705162146638407,1.0,1.0,1.0,1.0,0.0,1.0,1.0
0.0,0.0,0.0,0.0,0.0,0.0,0.0,0.0,0.0,0.0,0.0,0.0,0.0,0.0,0.01826627420882197,0.5,0.0,0.0,0.0,0.0,0.0,0.0011654797683556817,0.026546197042147224,0.014705162146638407,1.0,1.0,1.0,1.0,0.0,1.0,1.0
0.0,0.0,0.0,0.0,0.0,0.0,0.0,0.0,0.0,0.0,0.0,0.0,0.0,0.0,0.01826627420882197,0.5,0.0,0.0,0.0,0.0,0.0,0.0011654797683556817,0.026546197042147224,0.014705162146638407,1.0,1.0,1.0,1.0,0.0,1.0,1.0
0.0,0.0,0.0,0.0,0.0,0.0,0.0,0.0,0.0,0.0,0.0,0.0,0.0,0.0,0.01826627420882197,0.5,0.0,0.0,0.0,0.0,0.0,0.0011654797683556817,0.026546197042147224,0.014705162146638407,1.0,1.0,1.0,1.0,0.0,1.0,1.0
0.0,0.0,0.0,0.0,0.0,0.0,0.0,0.0,0.0,0.0,0.0,0.0,0.0,0.0,0.01826627420882197,0.5,0.0,0.0,0.0,0.0,0.018464685681243646,0.1784421566253368,0.5518101282279397,0.8313658012810958,1.0,1.0,1.0,1.0,0.0,1.0,0.0
0.0,0.0,0.0,0.0,0.0,0.0,0.0,0.0,0.0,0.0,0.0,0.0,0.0,0.0,0.01826627420882197,0.5,0.0,0.0,0.0,0.0,0.0,0.0011654797683556817,0.026546197042147224,0.014705162146638407,1.0,1.0,1.0,1.0,0.0,1.0,1.0
0.0,0.0,0.0,0.0,0.0,0.0,0.0,0.0,0.0,0.0,0.0,0.0,0.0,0.0,0.01826627420882197,0.5,0.0,0.0,0.0,0.0,0.0,0.0011654797683556817,0.026546197042147224,0.014705162146638407,1.0,1.0,1.0,1.0,0.0,1.0,1.0
0.0,0.0,0.0,0.0,0.0,0.0,0.0,0.0,0.0,0.0,0.0,0.0,0.0,0.0,0.01826627420882197,1.0,1.0,0.0,0.0,0.0,0.0,0.0011654797683556817,0.026546197042147224,0.014705162146638407,1.0,1.0,1.0,1.0,0.0,1.0,1.0
0.0,0.0,0.0,0.0,0.0,0.0,0.0,0.0,0.0,0.0,0.0,0.0,0.0,0.0,0.01826627420882197,0.5,0.0,0.0,0.0,0.0,0.0,0.0011654797683556817,0.026546197042147224,0.014705162146638407,1.0,1.0,1.0,1.0,0.0,1.0,1.0
0.0,0.0,0.0,0.0,0.0,0.0,0.0,0.0,0.0,0.0,0.0,0.0,0.0,0.0,0.01826627420882197,1.0,1.0,0.0,0.0,0.0,0.0,0.0011654797683556817,0.026546197042147224,0.014705162146638407,1.0,1.0,1.0,1.0,0.0,1.0,1.0
0.0,0.0,0.0,0.0,0.0,0.0,0.0,0.0,0.0,0.0,0.0,0.0,0.0,0.0,0.01826627420882197,0.5,0.0,0.0,0.0,0.0,0.0,0.0011654797683556817,0.026546197042147224,0.014705162146638407,1.0,1.0,1.0,1.0,0.0,1.0,1.0
0.0,0.0,0.0,0.0,0.0,0.0,0.0,0.0,0.0,0.0,0.0,0.0,0.0,0.0,0.01826627420882197,0.5,0.0,0.0,0.0,0.0,0.0,0.0011654797683556817,0.026546197042147224,0.014705162146638407,1.0,1.0,1.0,1.0,0.0,1.0,1.0
0.0,0.0,0.0,0.0,0.0,0.0,0.0,0.0,0.0,0.0,0.0,0.0,0.0,0.0,0.01826627420882197,0.5,0.0,0.0,0.0,0.0,0.0,0.0011654797683556817,0.026546197042147224,0.014705162146638407,1.0,1.0,1.0,1.0,0.0,1.0,1.0
0.0,0.0,0.0,0.0,0.0,0.0,0.0,0.0,0.0,0.0,0.0,0.0,0.0,0.0,0.01826627420882197,1.0,1.0,0.0,0.0,0.0,0.0,0.0011654797683556817,0.026546197042147224,0.014705162146638407,1.0,1.0,1.0,1.0,0.0,1.0,1.0
0.0,0.0,0.0,0.0,0.0,0.0,0.0,0.0,0.0,0.0,0.0,0.0,0.0,0.0,0.01826627420882197,1.0,1.0,0.0,0.0,0.0,0.0,0.0011654797683556817,0.026546197042147224,0.014705162146638407,1.0,1.0,1.0,1.0,0.0,1.0,1.0
0.0,0.0,0.0,0.0,0.0,0.0,0.0,0.0,0.0,0.0,0.0,0.0,0.0,0.0,0.01826627420882197,0.5,0.0,0.0,0.0,0.0,0.0,0.0011654797683556817,0.026546197042147224,0.014705162146638407,1.0,1.0,1.0,1.0,0.0,1.0,1.0
0.0,0.0,0.0,0.0,0.0,0.0,0.0,0.0,0.0,0.0,0.0,0.0,0.0,0.0,0.01836241249413156,0.5,0.0,0.0,0.0,0.0,0.0,0.0011654797683556817,0.026546197042147224,0.014705162146638407,1.0,1.0,1.0,1.0,0.0,1.0,1.0
0.0,0.0,0.0,0.0,0.0,0.0,0.0,0.0,0.0,0.0,0.0,0.0,0.0,0.0,0.01836241249413156,1.0,1.0,0.0,0.0,0.0,0.0,0.0011654797683556817,0.026546197042147224,0.014705162146638407,1.0,1.0,1.0,1.0,0.0,1.0,1.0
0.0,0.0,0.0,0.0,0.0,0.0,0.0,0.0,0.0,0.0,0.0,0.0,0.0,0.0,0.01836241249413156,1.0,1.0,0.0,0.0,0.0,0.0,0.0011654797683556817,0.026546197042147224,0.014705162146638407,1.0,1.0,1.0,1.0,0.0,1.0,1.0
0.0,0.0,0.0,0.0,0.0,0.0,0.0,0.0,0.0,0.0,0.0,0.0,0.0,0.0,0.01836241249413156,0.5,0.0,0.0,0.0,0.0,0.0,0.0011654797683556817,0.026546197042147224,0.014705162146638407,1.0,1.0,1.0,1.0,0.0,1.0,1.0
0.0,0.0,0.0,0.0,0.0,0.0,0.0,0.0,0.0,0.0,0.0,0.0,0.0,0.0,0.01836241249413156,0.5,0.0,0.0,0.0,0.0,0.0,0.0011654797683556817,0.026546197042147224,0.014705162146638407,1.0,1.0,1.0,1.0,0.0,1.0,1.0
0.0,0.0,0.0,0.0,0.0,0.0,0.0,0.0,0.0,0.0,0.0,0.0,0.0,0.0,0.01836241249413156,0.5,0.0,0.0,0.0,0.0,0.0,0.0011654797683556817,0.026546197042147224,0.014705162146638407,1.0,1.0,1.0,1.0,0.0,1.0,1.0
0.0,0.0,0.0,0.0,0.0,0.0,0.0,0.0,0.0,0.0,0.0,0.0,0.0,0.0,0.01836241249413156,1.0,1.0,0.0,0.0,0.0,0.0,0.0011654797683556817,0.026546197042147224,0.014705162146638407,1.0,1.0,1.0,1.0,0.0,1.0,1.0
0.0,0.0,0.0,0.0,0.0,0.0,0.0,0.0,0.0,0.0,0.0,0.0,0.0,0.0,0.01836241249413156,0.5,0.0,0.0,0.0,0.0,0.0,0.0011654797683556817,0.026546197042147224,0.014705162146638407,1.0,1.0,1.0,1.0,0.0,1.0,1.0
0.0,0.0,0.0,0.0,0.0,0.0,0.0,0.0,0.0,0.0,0.0,0.0,0.0,0.0,0.01836241249413156,0.5,0.0,0.0,0.0,0.0,0.0,0.0011654797683556817,0.026546197042147224,0.014705162146638407,1.0,1.0,1.0,1.0,0.0,1.0,1.0
0.0,0.0,0.0,0.0,0.0,0.0,0.0,0.0,0.0,0.0,0.0,0.0,0.0,0.0,0.01836241249413156,1.0,1.0,0.0,0.0,0.0,0.0,0.0011654797683556817,0.026546197042147224,0.014705162146638407,1.0,1.0,1.0,1.0,0.0,1.0,1.0
0.0,0.0,0.0,0.0,0.0,0.0,0.0,0.0,0.0,0.0,0.0,0.0,0.0,0.0,0.01836241249413156,0.5,0.0,0.0,0.0,0.0,0.0,0.0011654797683556817,0.026546197042147224,0.014705162146638407,1.0,1.0,1.0,1.0,0.0,1.0,1.0
0.0,0.0,0.0,0.0,0.0,0.0,0.0,0.0,0.0,0.0,0.0,0.0,0.0,0.0,0.01836241249413156,1.0,1.0,0.0,0.0,0.0,0.0,0.0011654797683556817,0.026546197042147224,0.014705162146638407,1.0,1.0,1.0,1.0,0.0,1.0,1.0
0.0,0.0,0.0,0.0,0.0,0.0,0.0,0.0,0.0,0.0,0.0,0.0,0.0,0.0,0.01836241249413156,0.5,0.0,0.0,0.0,0.0,0.0,0.0011654797683556817,0.026546197042147224,0.014705162146638407,1.0,1.0,1.0,1.0,0.0,1.0,1.0
0.0,0.0,0.0,0.0,0.0,0.0,0.0,0.0,0.0,0.0,0.0,0.0,0.0,0.0,0.01836241249413156,0.5,0.0,0.0,0.0,0.0,0.0,0.0011654797683556817,0.026546197042147224,0.014705162146638407,1.0,1.0,1.0,1.0,0.0,1.0,1.0
0.0,0.0,0.0,0.0,0.0,0.0,0.0,0.0,0.0,0.0,0.0,0.0,0.0,0.0,0.01836241249413156,1.0,1.0,0.0,0.0,0.0,0.0,0.0011654797683556817,0.026546197042147224,0.014705162146638407,1.0,1.0,1.0,1.0,0.0,1.0,1.0
0.0,0.0,0.0,0.0,0.0,0.0,0.0,0.0,0.0,0.0,0.0,0.0,0.0,0.0,0.01836241249413156,0.5,0.0,0.0,0.0,0.0,0.0,0.0011654797683556817,0.026546197042147224,0.014705162146638407,1.0,1.0,1.0,1.0,0.0,1.0,1.0
0.0,0.0,0.0,0.0,0.0,0.0,0.0,0.0,0.0,0.0,0.0,0.0,0.0,0.0,0.01836241249413156,0.5,0.0,0.0,0.0,0.0,0.0,0.0011654797683556817,0.026546197042147224,0.014705162146638407,1.0,1.0,1.0,1.0,0.0,1.0,1.0
0.0,0.0,0.0,0.0,0.0,0.0,0.0,0.0,0.0,0.0,0.0,0.0,0.0,0.0,0.01836241249413156,1.0,1.0,0.0,0.0,0.0,0.0,0.0011654797683556817,0.026546197042147224,0.014705162146638407,1.0,1.0,1.0,1.0,0.0,1.0,1.0
0.0,0.0,0.0,0.0,0.0,0.0,0.0,0.0,0.0,0.0,0.0,0.0,0.0,0.0,0.01836241249413156,1.0,1.0,0.0,0.0,0.0,0.0,0.0011654797683556817,0.026546197042147224,0.014705162146638407,1.0,1.0,1.0,1.0,0.0,1.0,1.0
0.0,0.0,0.0,0.0,0.0,0.0,0.0,0.0,0.0,0.0,0.0,0.0,0.0,0.0,0.01836241249413156,0.5,0.0,0.0,0.0,0.0,0.0,0.0011654797683556817,0.026546197042147224,0.014705162146638407,1.0,1.0,1.0,1.0,0.0,1.0,1.0
0.0,0.0,0.0,0.018249180343573153,0.0,0.0,0.0,0.0,0.0,0.0,0.0,0.0,0.0,0.0,0.0,0.0,0.0,0.0,0.0,0.0,0.0,0.0011654797683556817,0.026546197042147224,0.014705162146638407,1.0,0.0,1.0,1.0,1.0,1.0,1.0
0.0,0.0,0.0,0.018249180343573153,0.0,0.0,0.0,0.0,0.0,0.0,0.0,0.0,0.0,0.0,0.0,0.0,0.0,0.0,0.0,0.0,0.0,0.0011654797683556817,0.026546197042147224,0.014705162146638407,1.0,0.0,1.0,1.0,1.0,1.0,1.0
0.0,0.0,0.0,0.018249180343573153,0.0,0.0,0.0,0.0,0.0,0.0,0.0,0.0,0.0,0.0,0.0,0.0,0.0,0.0,0.0,0.0,0.0,0.0011654797683556817,0.026546197042147224,0.014705162146638407,1.0,0.0,1.0,1.0,1.0,1.0,1.0
0.0,0.0,0.0,0.018249180343573153,0.0,0.0,0.0,0.0,0.0,0.0,0.0,0.0,0.0,0.0,0.0,0.0,0.0,0.0,0.0,0.0,0.0,0.0011654797683556817,0.026546197042147224,0.014705162146638407,1.0,0.0,1.0,1.0,1.0,1.0,1.0
0.0,0.0,0.0,0.018249180343573153,0.0,0.0,0.0,0.0,0.0,0.0,0.0,0.0,0.0,0.0,0.0,0.0,0.0,0.0,0.0,0.0,0.0,0.0011654797683556817,0.026546197042147224,0.014705162146638407,1.0,0.0,1.0,1.0,1.0,1.0,1.0
0.0,0.0,0.0,0.018249180343573153,0.0,0.0,0.0,0.0,0.0,0.0,0.0,0.0,0.0,0.0,0.0,0.0,0.0,0.0,0.0,0.0,0.0,0.0011654797683556817,0.026546197042147224,0.014705162146638407,1.0,0.0,1.0,1.0,1.0,1.0,1.0
0.0,0.0,0.0,0.018249180343573153,0.0,0.0,0.0,0.0,0.0,0.0,0.0,0.0,0.0,0.0,0.0,0.0,0.0,0.0,0.0,0.0,0.0,0.0011654797683556817,0.026546197042147224,0.014705162146638407,1.0,0.0,1.0,1.0,1.0,1.0,1.0
0.0,0.0,0.0,0.018249180343573153,1.0,1.0,0.0,0.0,0.0,0.0,0.0,0.0,0.0,0.0,0.0,0.0,0.0,0.0,0.0,0.0,0.0,0.0011654797683556817,0.026546197042147224,0.014705162146638407,1.0,0.0,1.0,1.0,1.0,1.0,1.0
0.0,0.0,0.0,0.018249180343573153,0.0,0.0,0.0,0.0,0.0,0.0,0.0,0.0,0.0,0.0,0.0,0.0,0.0,0.0,0.0,0.0,0.0,0.0011654797683556817,0.026546197042147224,0.014705162146638407,1.0,0.0,1.0,1.0,1.0,1.0,1.0
0.0,0.0,0.0,0.018249180343573153,0.0,0.0,0.0,0.0,0.0,0.0,0.0,0.0,0.0,0.0,0.0,0.0,0.0,0.0,0.0,0.0,0.0,0.0011654797683556817,0.026546197042147224,0.014705162146638407,1.0,0.0,1.0,1.0,1.0,1.0,1.0
0.0,0.0,0.0,0.018249180343573153,0.0,0.0,0.0,0.0,0.0,0.0,0.0,0.0,0.0,0.0,0.0,0.0,0.0,0.0,0.0,0.0,0.0,0.0011654797683556817,0.026546197042147224,0.014705162146638407,1.0,0.0,1.0,1.0,1.0,1.0,1.0
0.0,0.0,0.0,0.018249180343573153,0.0,0.0,0.0,0.0,0.0,0.0,0.0,0.0,0.0,0.0,0.0,0.0,0.0,0.0,0.0,0.0,0.0,0.0011654797683556817,0.026546197042147224,0.014705162146638407,1.0,0.0,1.0,1.0,1.0,1.0,1.0
0.0,0.0,0.0,0.018249180343573153,0.0,0.0,0.0,0.0,0.0,0.0,0.0,0.0,0.0,0.0,0.0,0.0,0.0,0.0,0.0,0.0,0.0,0.0011654797683556817,0.026546197042147224,0.014705162146638407,1.0,0.0,1.0,1.0,1.0,1.0,1.0
0.0,0.0,0.0,0.018249180343573153,0.0,0.0,0.0,0.0,0.0,0.0,0.0,0.0,0.0,0.0,0.0,0.0,0.0,0.0,0.0,0.0,0.0,0.0011654797683556817,0.026546197042147224,0.014705162146638407,1.0,0.0,1.0,1.0,1.0,1.0,1.0
0.0,0.0,0.0,0.018249180343573153,0.0,0.0,0.0,0.0,0.0,0.0,0.0,0.0,0.0,0.0,0.0,0.0,0.0,0.0,0.0,0.0,0.0,0.0011654797683556817,0.026546197042147224,0.014705162146638407,1.0,0.0,1.0,1.0,1.0,1.0,1.0
0.0,0.0,0.0,0.018249180343573153,0.0,0.0,0.0,0.0,0.0,0.0,0.0,0.0,0.0,0.0,0.0,0.0,0.0,0.0,0.0,0.0,0.0,0.0011654797683556817,0.026546197042147224,0.014705162146638407,1.0,0.0,1.0,1.0,1.0,1.0,1.0
0.0,0.0,0.0,0.018249180343573153,0.0,0.0,0.0,0.0,0.0,0.0,0.0,0.0,0.0,0.0,0.0,0.0,0.0,0.0,0.0,0.0,0.0,0.0011654797683556817,0.026546197042147224,0.014705162146638407,1.0,0.0,1.0,1.0,1.0,1.0,1.0
0.0,0.0,0.0,0.018249180343573153,0.0,0.0,0.0,0.0,0.0,0.0,0.0,0.0,0.0,0.0,0.0,0.0,0.0,0.0,0.0,0.0,0.0,0.0011654797683556817,0.026546197042147224,0.014705162146638407,1.0,0.0,1.0,1.0,1.0,1.0,1.0
0.0,0.0,0.0,0.018249180343573153,0.0,0.0,0.0,0.0,0.0,0.0,0.0,0.0,0.0,0.0,0.0,0.0,0.0,0.0,0.0,0.0,0.0,0.0011654797683556817,0.026546197042147224,0.014705162146638407,1.0,0.0,1.0,1.0,1.0,1.0,1.0
0.0,0.0,0.0,0.018249180343573153,0.0,0.0,0.0,0.0,0.0,0.0,0.0,0.0,0.0,0.0,0.0,0.0,0.0,0.0,0.0,0.0,0.0,0.0011654797683556817,0.026546197042147224,0.014705162146638407,1.0,0.0,1.0,1.0,1.0,1.0,1.0
0.8744503957787847,0.23928571428571427,0.0,0.0,0.0,0.0,0.0,0.0,0.0,0.8904754833825459,0.8738685106318023,0.3585205078125,0.4723612722056041,0.21750675273543013,0.0,0.0,0.0,0.0,0.0,0.0,0.0,0.0011654797683556817,0.026546197042147224,0.014705162146638407,0.0,1.0,1.0,0.0,1.0,1.0,1.0
0.8744503957787847,0.3571428571428571,0.0,0.8760804017693563,0.0,0.0,0.0,0.0,0.0,0.8904754833825459,0.8738685106318023,0.3585205078125,0.4723612722056041,0.21750675273543013,0.8792086537275217,0.5,0.0,0.0,0.0,0.0,0.0,0.0011654797683556817,0.026546197042147224,0.014705162146638407,0.0,0.0,1.0,0.0,0.0,1.0,1.0
0.8744503957787847,0.1357142857142857,0.0,0.8760804017693563,1.0,0.0,0.0,0.0,0.0,0.0,0.0,0.0,0.0,0.0,0.0,0.0,0.0,0.0,0.0,0.0,0.0,0.0011654797683556817,0.026546197042147224,0.014705162146638407,0.0,0.0,1.0,1.0,1.0,1.0,1.0
0.8744503957787847,0.14285714285714285,0.0,0.0,0.0,0.0,0.0,0.0,0.0,0.8904754833825459,0.9339805528842484,0.4014739990234375,0.5914321469995727,0.5038990370675579,0.0,0.0,0.0,0.0,0.0,0.0,0.0,0.0011654797683556817,0.026546197042147224,0.014705162146638407,0.0,1.0,1.0,0.0,1.0,1.0,1.0
0.0,0.0,0.0,0.8760804017693563,0.0,0.0,0.0,0.0,0.0,0.8904754833825459,0.8738685106318023,0.3585205078125,0.4723612722056041,0.21750675273543013,0.0,0.0,0.0,0.0,0.0,0.0,0.0,0.0011654797683556817,0.026546197042147224,0.014705162146638407,1.0,0.0,1.0,0.0,1.0,1.0,1.0
0.0,0.0,0.0,0.8760804017693563,0.0,0.0,0.0,0.0,0.0,0.0,0.0,0.0,0.0,0.0,0.8792086537275217,0.5,0.0,0.0,0.0,0.0,0.0,0.0011654797683556817,0.026546197042147224,0.014705162146638407,1.0,0.0,1.0,1.0,0.0,1.0,1.0
0.0,0.0,0.0,0.0,0.0,0.0,0.0,0.0,0.0,0.0,0.0,0.0,0.0,0.0,0.8792086537275217,0.5,0.0,0.0,0.0,0.0,0.0,0.0011654797683556817,0.026546197042147224,0.014705162146638407,1.0,1.0,1.0,1.0,0.0,1.0,1.0
0.0,0.0,0.0,0.0,0.0,0.0,0.8916960938376011,0.13293748365688265,0.13012775992276876,0.0,0.0,0.0,0.0,0.0,0.8792086537275217,0.5,0.0,0.0,0.0,0.0,0.0,0.0011654797683556817,0.026546197042147224,0.014705162146638407,1.0,1.0,0.0,1.0,0.0,1.0,1.0
0.0,0.0,0.0,0.0,0.0,0.0,0.8916960938376011,0.19879531692294838,0.19648540600637224,0.0,0.0,0.0,0.0,0.0,0.0,0.0,0.0,0.0,0.0,0.0,0.0,0.0011654797683556817,0.026546197042147224,0.014705162146638407,1.0,1.0,0.0,1.0,1.0,1.0,1.0
0.8744503957787847,0.9464285714285714,1.0,0.8760804017693563,0.0,0.0,0.8916960938376011,0.23355360430002822,0.2336549715056869,0.8904754833825459,0.9339805528842484,0.4014739990234375,0.5914321469995727,0.5038990370675579,0.0,0.0,0.0,0.0,0.0,0.0,0.0,0.0011654797683556817,0.026546197042147224,0.014705162146638407,0.0,0.0,0.0,0.0,1.0,1.0,1.0
0.0,0.0,0.0,0.0,0.0,0.0,0.8916960938376011,0.13101796942598276,0.1326895225223761,0.0,0.0,0.0,0.0,0.0,0.0,0.0,0.0,0.0,0.0,0.0,0.0,0.0011654797683556817,0.026546197042147224,0.014705162146638407,1.0,1.0,0.0,1.0,1.0,1.0,1.0
0.0,0.0,0.0,0.8760804017693563,0.0,0.0,0.8916960938376011,0.1713773785168075,0.16388936003628646,0.0,0.0,0.0,0.0,0.0,0.8792086537275217,0.5,0.0,0.0,0.0,0.0,0.0,0.0011654797683556817,0.026546197042147224,0.014705162146638407,1.0,0.0,0.0,1.0,0.0,1.0,1.0
0.0,0.0,0.0,0.8760804017693563,0.0,0.0,0.0,0.0,0.0,0.8904754833825459,0.9339805528842484,0.4014739990234375,0.5914321469995727,0.5038990370675579,0.0,0.0,0.0,0.0,0.0,0.0,0.0,0.0011654797683556817,0.026546197042147224,0.014705162146638407,1.0,0.0,1.0,0.0,1.0,1.0,1.0
0.8744503957787847,0.28928571428571426,0.0,0.0,0.0,0.0,0.0,0.0,0.0,0.8904754833825459,0.9339805528842484,0.4014739990234375,0.5914321469995727,0.5038990370675579,0.8792086537275217,1.0,1.0,0.0,0.0,0.0,0.0,0.0011654797683556817,0.026546197042147224,0.014705162146638407,0.0,1.0,1.0,0.0,0.0,1.0,1.0
0.8744503957787847,0.14285714285714285,0.0,0.0,0.0,0.0,0.0,0.0,0.0,0.8904754833825459,0.9261956007388071,0.8973541259765625,0.5979335815884256,0.48627325306352914,0.8792086537275217,0.5,0.0,0.0,0.0,0.0,0.0,0.0011654797683556817,0.026546197042147224,0.014705162146638407,0.0,1.0,1.0,0.0,0.0,1.0,1.0
0.8744503957787847,0.7928571428571428,1.0,0.0,0.0,0.0,0.0,0.0,0.0,0.0,0.0,0.0,0.0,0.0,0.0,0.0,0.0,0.0,0.0,0.0,0.0,0.0011654797683556817,0.026546197042147224,0.014705162146638407,0.0,1.0,1.0,1.0,1.0,1.0,1.0
0.8744503957787847,0.6928571428571427,1.0,0.8760804017693563,0.0,0.0,0.0,0.0,0.0,0.8904754833825459,0.9261956007388071,0.8973541259765625,0.5979335815884256,0.48627325306352914,0.0,0.0,0.0,0.0,0.0,0.0,0.0,0.0011654797683556817,0.026546197042147224,0.014705162146638407,0.0,0.0,1.0,0.0,1.0,1.0,1.0
0.0,0.0,0.0,0.8760804017693563,0.0,0.0,0.8916960938376011,0.13297046170262805,0.1301354944948048,0.0,0.0,0.0,0.0,0.0,0.8792086537275217,1.0,1.0,0.0,0.0,0.0,0.0,0.0011654797683556817,0.026546197042147224,0.014705162146638407,1.0,0.0,0.0,1.0,0.0,1.0,1.0
0.0,0.0,0.0,0.0,0.0,0.0,0.8916960938376011,0.23360895931646294,0.23367149548314606,0.0,0.0,0.0,0.0,0.0,0.8792086537275217,1.0,1.0,0.0,0.0,0.0,0.0,0.0011654797683556817,0.026546197042147224,0.014705162146638407,1.0,1.0,0.0,1.0,0.0,1.0,1.0
0.8744503957787847,0.425,0.0,0.8760804017693563,0.0,0.0,0.8916960938376011,0.19896386424857826,0.19673140330359132,0.8904754833825459,0.9261956007388071,0.8973541259765625,0.5979335815884256,0.48627325306352914,0.0,0.0,0.0,0.0,0.0,0.0,0.0,0.0011654797683556817,0.026546197042147224,0.014705162146638407,0.0,0.0,0.0,0.0,1.0,1.0,1.0
0.9754707990635813,0.38571428571428573,0.0,0.0,0.0,0.0,0.0,0.0,0.0,0.0,0.0,0.0,0.0,0.0,0.0,0.0,0.0,0.0,0.0,0.0,0.9914321428875125,0.36384967753852904,0.6171640355750965,0.5271897184450065,0.0,1.0,1.0,1.0,1.0,1.0,0.0
0.9754707990635813,0.5,1.0,0.0,0.0,0.0,0.0,0.0,0.0,0.0,0.0,0.0,0.0,0.0,0.0,0.0,0.0,0.0,0.0,0.0,0.9914321428875125,0.3063422213944126,0.461200598882651,0.6720902195621474,0.0,1.0,1.0,1.0,1.0,1.0,0.0
0.9754707990635813,0.3571428571428571,0.0,0.0,0.0,0.0,0.0,0.0,0.0,0.0,0.0,0.0,0.0,0.0,0.0,0.0,0.0,0.0,0.0,0.0,0.0,0.0011654797683556817,0.026546197042147224,0.014705162146638407,0.0,1.0,1.0,1.0,1.0,1.0,1.0
0.9754707990635813,0.14285714285714285,0.0,0.0,0.0,0.0,0.0,0.0,0.0,0.0,0.0,0.0,0.0,0.0,0.0,0.0,0.0,0.0,0.0,0.0,0.9914321428875125,0.6459886915682341,0.6076859610169334,0.624531845451851,0.0,1.0,1.0,1.0,1.0,1.0,0.0
0.0,0.0,0.0,0.0,0.0,0.0,0.0,0.0,0.0,0.0,0.0,0.0,0.0,0.0,0.0,0.0,0.0,0.0,0.0,0.0,0.9914321428875125,0.310637785953376,0.461200598882651,0.6720902195621474,1.0,1.0,1.0,1.0,1.0,1.0,0.0
0.9754707990635813,0.49642857142857144,1.0,0.0,0.0,0.0,0.0,0.0,0.0,0.0,0.0,0.0,0.0,0.0,0.0,0.0,0.0,0.0,0.0,0.0,0.9914321428875125,0.3490132759734006,0.6171640355750965,0.5271897184450065,0.0,1.0,1.0,1.0,1.0,1.0,0.0
0.9754707990635813,0.3428571428571428,0.0,0.0,0.0,0.0,0.0,0.0,0.0,0.0,0.0,0.0,0.0,0.0,0.0,0.0,0.0,0.0,0.0,0.0,0.9914321428875125,0.3216203680303732,0.461200598882651,0.6720902195621474,0.0,1.0,1.0,1.0,1.0,1.0,0.0
0.9754707990635813,0.8857142857142857,1.0,0.0,0.0,0.0,0.0,0.0,0.0,0.0,0.0,0.0,0.0,0.0,0.0,0.0,0.0,0.0,0.0,0.0,0.9914321428875125,0.3366129104194281,0.6171640355750965,0.5520427047882205,0.0,1.0,1.0,1.0,1.0,1.0,0.0
0.9754707990635813,0.3642857142857142,0.0,0.0,0.0,0.0,0.0,0.0,0.0,0.0,0.0,0.0,0.0,0.0,0.0,0.0,0.0,0.0,0.0,0.0,0.9914564385265667,0.3300771215322945,0.6171640355750965,0.5520427047882205,0.0,1.0,1.0,1.0,1.0,1.0,0.0
0.9754947035603359,0.07142857142857142,0.0,0.0,0.0,0.0,0.0,0.0,0.0,0.0,0.0,0.0,0.0,0.0,0.0,0.0,0.0,0.0,0.0,0.0,0.9914564385265667,0.31355378666167344,0.4461274373941952,0.6792424137981564,0.0,1.0,1.0,1.0,1.0,1.0,0.0
0.9754947035603359,0.5178571428571428,1.0,0.0,0.0,0.0,0.0,0.0,0.0,0.0,0.0,0.0,0.0,0.0,0.0,0.0,0.0,0.0,0.0,0.0,0.9914564385265667,0.6564350556206934,0.6103690571770197,0.5892067793827699,0.0,1.0,1.0,1.0,1.0,1.0,0.0
0.9754947035603359,0.9464285714285714,1.0,0.0,0.0,0.0,0.0,0.0,0.0,0.0,0.0,0.0,0.0,0.0,0.0,0.0,0.0,0.0,0.0,0.0,0.9914564385265667,0.3318040267783924,0.6171640355750965,0.5520427047882205,0.0,1.0,1.0,1.0,1.0,1.0,0.0
0.9754947035603359,0.10357142857142856,0.0,0.0,0.0,0.0,0.0,0.0,0.0,0.0,0.0,0.0,0.0,0.0,0.0,0.0,0.0,0.0,0.0,0.0,0.9914564385265667,0.31160199845427106,0.4461274373941952,0.6792424137981564,0.0,1.0,1.0,1.0,1.0,1.0,0.0
0.9754947035603359,0.38571428571428573,0.0,0.0,0.0,0.0,0.0,0.0,0.0,0.0,0.0,0.0,0.0,0.0,0.0,0.0,0.0,0.0,0.0,0.0,0.0,0.0011654797683556817,0.026546197042147224,0.014705162146638407,0.0,1.0,1.0,1.0,1.0,1.0,1.0
0.9754947035603359,0.4464285714285714,1.0,0.0,0.0,0.0,0.0,0.0,0.0,0.0,0.0,0.0,0.0,0.0,0.0,0.0,0.0,0.0,0.0,0.0,0.9914564385265667,0.6586380555004877,0.6103690571770197,0.5892067793827699,0.0,1.0,1.0,1.0,1.0,1.0,0.0
0.0,0.0,0.0,0.0,0.0,0.0,0.0,0.0,0.0,0.0,0.0,0.0,0.0,0.0,0.0,0.0,0.0,0.0,0.0,0.0,0.9914564385265667,0.30972014718876684,0.4461274373941952,0.6792424137981564,1.0,1.0,1.0,1.0,1.0,1.0,0.0
0.9754947035603359,0.7642857142857142,1.0,0.0,0.0,0.0,0.0,0.0,0.0,0.0,0.0,0.0,0.0,0.0,0.0,0.0,0.0,0.0,0.0,0.0,0.9914564385265667,0.34281299896478556,0.6171640355750965,0.5616245219625382,0.0,1.0,1.0,1.0,1.0,1.0,0.0
0.9754947035603359,0.5178571428571428,1.0,0.0,0.0,0.0,0.0,0.0,0.0,0.0,0.0,0.0,0.0,0.0,0.0,0.0,0.0,0.0,0.0,0.0,0.0,0.0011654797683556817,0.026546197042147224,0.014705162146638407,0.0,1.0,1.0,1.0,1.0,1.0,1.0
0.9754947035603359,0.475,1.0,0.0,0.0,0.0,0.0,0.0,0.0,0.0,0.0,0.0,0.0,0.0,0.0,0.0,0.0,0.0,0.0,0.0,0.9914564385265667,0.6523721584749066,0.6103690571770197,0.5892067793827699,0.0,1.0,1.0,1.0,1.0,1.0,0.0
0.9754947035603359,0.3642857142857142,0.0,0.0,0.0,0.0,0.0,0.0,0.0,0.0,0.0,0.0,0.0,0.0,0.0,0.0,0.0,0.0,0.0,0.0,0.9914564385265667,0.32367203092931074,0.4461274373941952,0.6792424137981564,0.0,1.0,1.0,1.0,1.0,1.0,0.0
0.8744025867852755,0.3964285714285714,0.0,0.8760325036582183,0.0,0.0,0.0,0.0,0.0,0.0,0.0,0.0,0.0,0.0,0.0,0.0,0.0,0.0,0.0,0.0,0.0,0.0011654797683556817,0.026546197042147224,0.014705162146638407,0.0,0.0,1.0,1.0,1.0,1.0,1.0
0.8744025867852755,0.6892857142857143,1.0,0.8760325036582183,0.0,0.0,0.891647341966748,0.13182013231914042,0.12851998361765085,0.8904267982463614,0.950191570881226,0.6622161865234375,0.006882974177400647,0.5503975339162813,0.0,0.0,0.0,0.0,0.0,0.0,0.0,0.0011654797683556817,0.026546197042147224,0.014705162146638407,0.0,0.0,0.0,0.0,1.0,1.0,1.0
0.8744025867852755,0.9035714285714286,1.0,0.0,0.0,0.0,0.891647341966748,0.12986685077237656,0.13122198939955948,0.0,0.0,0.0,0.0,0.0,0.0,0.0,0.0,0.0,0.0,0.0,0.0,0.0011654797683556817,0.026546197042147224,0.014705162146638407,0.0,1.0,0.0,1.0,1.0,1.0,1.0
0.0,0.0,0.0,0.0,0.0,0.0,0.891647341966748,0.23247267761473342,0.2320669482960726,0.0,0.0,0.0,0.0,0.0,0.0,0.0,0.0,0.0,0.0,0.0,0.0,0.0011654797683556817,0.026546197042147224,0.014705162146638407,1.0,1.0,0.0,1.0,1.0,1.0,1.0
0.0,0.0,0.0,0.0,0.0,0.0,0.891647341966748,0.17017679261289118,0.16216593147122116,0.0,0.0,0.0,0.0,0.0,0.0,0.0,0.0,0.0,0.0,0.0,0.0,0.0011654797683556817,0.026546197042147224,0.014705162146638407,1.0,1.0,0.0,1.0,1.0,1.0,1.0
0.8744025867852755,0.16428571428571426,0.0,0.0,0.0,0.0,0.891647341966748,0.196953431369092,0.19442798633405411,0.8904267982463614,0.950191570881226,0.6622161865234375,0.006882974177400647,0.5503975339162813,0.8791605845848669,0.5,0.0,0.0,0.0,0.0,0.0,0.0011654797683556817,0.026546197042147224,0.014705162146638407,0.0,1.0,0.0,0.0,0.0,1.0,1.0
0.8744025867852755,0.1464285714285714,0.0,0.8760325036582183,1.0,0.0,0.0,0.0,0.0,0.8904267982463614,0.950191570881226,0.6622161865234375,0.006882974177400647,0.5503975339162813,0.0,0.0,0.0,0.0,0.0,0.0,0.0,0.0011654797683556817,0.026546197042147224,0.014705162146638407,0.0,0.0,1.0,0.0,1.0,1.0,1.0
0.0,0.0,0.0,0.8760325036582183,0.0,0.0,0.0,0.0,0.0,0.0,0.0,0.0,0.0,0.0,0.0,0.0,0.0,0.0,0.0,0.0,0.0,0.0011654797683556817,0.026546197042147224,0.014705162146638407,1.0,0.0,1.0,1.0,1.0,1.0,1.0
0.8744025867852755,0.22499999999999998,0.0,0.8760325036582183,0.0,0.0,0.0,0.0,0.0,0.0,0.0,0.0,0.0,0.0,0.8791605845848669,1.0,1.0,0.0,0.0,0.0,0.0,0.0011654797683556817,0.026546197042147224,0.014705162146638407,0.0,0.0,1.0,1.0,0.0,1.0,1.0
0.8744025867852755,0.6928571428571427,1.0,0.0,0.0,0.0,0.0,0.0,0.0,0.8904267982463614,0.950191570881226,0.6622161865234375,0.006882974177400647,0.5503975339162813,0.0,0.0,0.0,0.0,0.0,0.0,0.0,0.0011654797683556817,0.026546197042147224,0.014705162146638407,0.0,1.0,1.0,0.0,1.0,1.0,1.0
0.0,0.0,0.0,0.8760325036582183,1.0,0.0,0.891647341966748,0.13188688293164905,0.1285905738303623,0.8904267982463614,0.9460243317916075,0.687347412109375,0.1736462975398327,0.03793740176105236,0.8791605845848669,0.5,0.0,0.0,0.0,0.0,0.0,0.0011654797683556817,0.026546197042147224,0.014705162146638407,1.0,0.0,0.0,0.0,0.0,1.0,1.0
0.0,0.0,0.0,0.8760325036582183,1.0,0.0,0.891647341966748,0.1972095731425176,0.1944793675305437,0.0,0.0,0.0,0.0,0.0,0.0,0.0,0.0,0.0,0.0,0.0,0.0,0.0011654797683556817,0.026546197042147224,0.014705162146638407,1.0,0.0,0.0,1.0,1.0,1.0,1.0
0.0,0.0,0.0,0.0,0.0,0.0,0.891647341966748,0.17030100392511827,0.16225207957917515,0.0,0.0,0.0,0.0,0.0,0.0,0.0,0.0,0.0,0.0,0.0,0.0,0.0011654797683556817,0.026546197042147224,0.014705162146638407,1.0,1.0,0.0,1.0,1.0,1.0,1.0
0.8744025867852755,0.8321428571428571,1.0,0.0,0.0,0.0,0.891647341966748,0.12989382044483708,0.13130958295957573,0.8904267982463614,0.9460243317916075,0.687347412109375,0.1736462975398327,0.03793740176105236,0.0,0.0,0.0,0.0,0.0,0.0,0.0,0.0011654797683556817,0.026546197042147224,0.014705162146638407,0.0,1.0,0.0,0.0,1.0,1.0,1.0
0.8744025867852755,0.6107142857142858,1.0,0.8760325036582183,0.0,0.0,0.891647341966748,0.23262496168798996,0.23219986466367523,0.0,0.0,0.0,0.0,0.0,0.0,0.0,0.0,0.0,0.0,0.0,0.0,0.0011654797683556817,0.026546197042147224,0.014705162146638407,0.0,0.0,0.0,1.0,1.0,1.0,1.0
0.8744025867852755,0.14285714285714285,0.0,0.8760325036582183,0.0,0.0,0.0,0.0,0.0,0.8904267982463614,0.9460243317916075,0.687347412109375,0.1736462975398327,0.03793740176105236,0.0,0.0,0.0,0.0,0.0,0.0,0.0,0.0011654797683556817,0.026546197042147224,0.014705162146638407,0.0,0.0,1.0,0.0,1.0,1.0,1.0
0.0,0.0,0.0,0.0,0.0,0.0,0.0,0.0,0.0,0.8904267982463614,0.9460243317916075,0.687347412109375,0.1736462975398327,0.03793740176105236,0.8791605845848669,1.0,1.0,0.0,0.0,0.0,0.0,0.0011654797683556817,0.026546197042147224,0.014705162146638407,1.0,1.0,1.0,0.0,0.0,1.0,1.0
0.0,0.0,0.0,0.8760325036582183,0.0,0.0,0.0,0.0,0.0,0.8904267982463614,0.21333821800918928,0.105926513671875,0.4987638117331054,0.9330983228799463,0.0,0.0,0.0,0.0,0.0,0.0,0.0,0.0011654797683556817,0.026546197042147224,0.014705162146638407,1.0,0.0,1.0,0.0,1.0,1.0,1.0
0.8744025867852755,0.7607142857142857,1.0,0.8760325036582183,0.0,0.0,0.0,0.0,0.0,0.8904267982463614,0.21333821800918928,0.105926513671875,0.4987638117331054,0.9330983228799463,0.8791605845848669,0.5,0.0,0.0,0.0,0.0,0.0,0.0011654797683556817,0.026546197042147224,0.014705162146638407,0.0,0.0,1.0,0.0,0.0,1.0,1.0
0.8744025867852755,0.07142857142857142,0.0,0.8760325036582183,0.0,0.0,0.891647341966748,0.19721735137773266,0.19454785735992303,0.8904267982463614,0.21333821800918928,0.105926513671875,0.4987638117331054,0.9330983228799463,0.8791605845848669,0.5,0.0,0.0,0.0,0.0,0.0,0.0011654797683556817,0.026546197042147224,0.014705162146638407,0.0,0.0,0.0,0.0,0.0,1.0,1.0
0.0,0.0,0.0,0.8267213982416604,0.0,0.0,0.0,0.0,0.0,0.8403054505444215,0.03268153439880325,0.76416015625,0.44647762651852757,0.4366005890521754,0.0,0.0,0.0,0.0,0.0,0.0,0.8386854601533298,0.05639961789593306,0.25063403752958796,0.11355964020059327,1.0,0.0,1.0,0.0,1.0,1.0,0.0
0.0,0.0,0.0,0.8267213982416604,0.0,0.0,0.8414572909235393,0.4182726400513263,0.4118286041292853,0.8403054505444215,0.03268153439880325,0.76416015625,0.44647762651852757,0.4366005890521754,0.0,0.0,0.0,0.0,0.0,0.0,0.8386854601533298,0.07189835420825663,0.25063403752958796,0.11355964020059327,1.0,0.0,0.0,0.0,1.0,1.0,0.0
0.0,0.0,0.0,0.8267213982416604,0.0,0.0,0.8414572909235393,0.41838659201484135,0.4120024932520061,0.8403054505444215,0.4620292775259116,0.1750640869140625,0.9994047982418656,0.9289474888980452,0.0,0.0,0.0,0.0,0.0,0.0,0.8386854601533298,0.07355701999510755,0.2538922475047845,0.11355964020059327,1.0,0.0,0.0,0.0,1.0,1.0,0.0
0.0,0.0,0.0,0.0,0.0,0.0,0.8414572909235393,0.4185219536570897,0.41218634294037537,0.0,0.0,0.0,0.0,0.0,0.0,0.0,0.0,0.0,0.0,0.0,0.0,0.0011654797683556817,0.026546197042147224,0.014705162146638407,1.0,1.0,0.0,1.0,1.0,1.0,1.0
0.0,0.0,0.0,0.0,0.0,0.0,0.8414572909235393,0.4186763486281909,0.4121926697800543,0.0,0.0,0.0,0.0,0.0,0.0,0.0,0.0,0.0,0.0,0.0,0.0,0.0011654797683556817,0.026546197042147224,0.014705162146638407,1.0,1.0,0.0,1.0,1.0,1.0,1.0
0.0,0.0,0.0,0.0,0.0,0.0,0.8414572909235393,0.4188347083007784,0.41225320587858616,0.0,0.0,0.0,0.0,0.0,0.0,0.0,0.0,0.0,0.0,0.0,0.0,0.0011654797683556817,0.026546197042147224,0.014705162146638407,1.0,1.0,0.0,1.0,1.0,1.0,1.0
0.0,0.0,0.0,0.8267213982416604,0.0,0.0,0.8414572909235393,0.4189229648342812,0.41226789514028744,0.8403054505444215,0.8906748484987254,0.5419921875,0.10443501617727856,0.7958461139342887,0.0,0.0,0.0,0.0,0.0,0.0,0.8386854601533298,0.05236436837570346,0.27205824396442135,0.15078376506260016,1.0,0.0,0.0,0.0,1.0,1.0,0.0
0.0,0.0,0.0,0.8267453472972294,0.0,0.0,0.8414816668589657,0.41893145075989957,0.41232014150962687,0.8403297931125138,0.8906748484987254,0.5419921875,0.10443501617727856,0.7958461139342887,0.0,0.0,0.0,0.0,0.0,0.0,0.838709755792384,0.037168951856500376,0.27205824396442135,0.13166847825303388,1.0,0.0,0.0,0.0,1.0,1.0,0.0
0.0,0.0,0.0,0.8267453472972294,0.0,0.0,0.0,0.0,0.0,0.8403297931125138,0.1942269237227336,0.7930755615234375,0.038337097857273676,0.7134856323154635,0.0,0.0,0.0,0.0,0.0,0.0,0.838709755792384,0.04958657099187347,0.26603725317930327,0.13166847825303388,1.0,0.0,1.0,0.0,1.0,1.0,0.0
0.0,0.0,0.0,0.8267453472972294,0.0,0.0,0.0,0.0,0.0,0.8403297931125138,0.1942269237227336,0.7930755615234375,0.038337097857273676,0.7134856323154635,0.0,0.0,0.0,0.0,0.0,0.0,0.838709755792384,0.0476771459757821,0.26603725317930327,0.13706618671706775,1.0,0.0,1.0,0.0,1.0,1.0,0.0
0.0,0.0,0.0,0.8267453472972294,0.0,0.0,0.8414816668589657,0.41908266539394856,0.4127275027901751,0.8403297931125138,0.1942269237227336,0.7930755615234375,0.038337097857273676,0.7134856323154635,0.0,0.0,0.0,0.0,0.0,0.0,0.838709755792384,0.05412482336498714,0.26603725317930327,0.13706618671706775,1.0,0.0,0.0,0.0,1.0,1.0,0.0
0.0,0.0,0.0,0.8267453472972294,0.0,0.0,0.8414816668589657,0.4191334984594831,0.412729631390044,0.8403297931125138,1.526461204988475e-05,1.52587890625e-05,1.5261583541908308e-05,1.5260419051107145e-05,0.0,0.0,0.0,0.0,0.0,0.0,0.838709755792384,0.06012358488624148,0.26603725317930327,0.13706618671706775,1.0,0.0,0.0,0.0,1.0,1.0,0.0
0.0,0.0,0.0,0.8267453472972294,0.0,0.0,0.8414816668589657,0.4191811308384597,0.41273188029013763,0.8403297931125138,1.526461204988475e-05,1.52587890625e-05,1.5261583541908308e-05,1.5260419051107145e-05,0.0,0.0,0.0,0.0,0.0,0.0,0.838709755792384,0.05670915993155323,0.26603725317930327,0.18376548895063335,1.0,0.0,0.0,0.0,1.0,1.0,0.0
0.0,0.0,0.0,0.8267453472972294,1.0,0.0,0.8414816668589657,0.41931468573529856,0.412834653303228,0.8403297931125138,0.48872708400116005,0.8681182861328125,0.6574537574018681,0.8705916464466115,0.0,0.0,0.0,0.0,0.0,0.0,0.838709755792384,0.07088967422856274,0.26603725317930327,0.18376548895063335,1.0,0.0,0.0,0.0,1.0,1.0,0.0
0.0,0.0,0.0,0.8267453472972294,0.0,0.0,0.0,0.0,0.0,0.8403297931125138,0.48872708400116005,0.8681182861328125,0.6574537574018681,0.8705916464466115,0.0,0.0,0.0,0.0,0.0,0.0,0.838709755792384,0.06873924870264314,0.26603725317930327,0.18376548895063335,1.0,0.0,1.0,0.0,1.0,1.0,0.0
0.0,0.0,0.0,0.8267453472972294,0.0,0.0,0.8414816668589657,0.4197698781984999,0.41297834139324635,0.8403297931125138,0.48872708400116005,0.8681182861328125,0.6574537574018681,0.8705916464466115,0.0,0.0,0.0,0.0,0.0,0.0,0.838709755792384,0.05805907069746774,0.2771392397224743,0.18376548895063335,1.0,0.0,0.0,0.0,1.0,1.0,0.0
0.0,0.0,0.0,0.8267453472972294,0.0,0.0,0.0,0.0,0.0,0.8403297931125138,0.48872708400116005,0.8681182861328125,0.6574537574018681,0.8705916464466115,0.0,0.0,0.0,0.0,0.0,0.0,0.838709755792384,0.06461203797769866,0.2771392397224743,0.18376548895063335,1.0,0.0,1.0,0.0,1.0,1.0,0.0
0.0,0.0,0.0,0.8267692963527984,1.0,0.0,0.0,0.0,0.0,0.840354135680606,1.526461204988475e-05,1.52587890625e-05,1.5261583541908308e-05,1.5260419051107145e-05,0.0,0.0,0.0,0.0,0.0,0.0,0.8387340514314383,0.06194124898087072,0.2771392397224743,0.2254254380452514,1.0,0.0,1.0,0.0,1.0,1.0,0.0
0.0,0.0,0.0,0.8267692963527984,0.0,0.0,0.8415060427943923,0.4205558128149974,0.4136276815406721,0.840354135680606,1.526461204988475e-05,1.52587890625e-05,1.5261583541908308e-05,1.5260419051107145e-05,0.0,0.0,0.0,0.0,0.0,0.0,0.8387340514314383,0.05710780962803519,0.2771392397224743,0.2254254380452514,1.0,0.0,0.0,0.0,1.0,1.0,0.0
0.0,0.0,0.0,0.8267692963527984,0.0,0.0,0.8415060427943923,0.42065759886279724,0.4136724665494907,0.840354135680606,0.8698997114988323,0.9369964599609375,0.9010896770648923,0.6570678630835203,0.0,0.0,0.0,0.0,0.0,0.0,0.8387340514314383,0.04633508237338113,0.2771392397224743,0.2254254380452514,1.0,0.0,0.0,0.0,1.0,1.0,0.0
0.9929688906879237,0.7607142857142857,1.0,0.0,0.0,0.0,0.0,0.0,0.0,0.0,0.0,0.0,0.0,0.0,0.0,0.0,0.0,0.0,0.0,0.0,0.0,0.0011654797683556817,0.026546197042147224,0.014705162146638407,0.0,1.0,1.0,1.0,1.0,1.0,1.0
0.9929688906879237,0.21428571428571427,0.0,0.0,0.0,0.0,0.0,0.0,0.0,0.0,0.0,0.0,0.0,0.0,0.0,0.0,0.0,0.0,0.0,0.0,0.0,0.0011654797683556817,0.026546197042147224,0.014705162146638407,0.0,1.0,1.0,1.0,1.0,1.0,1.0
0.9929688906879237,0.6321428571428571,1.0,0.0,0.0,0.0,0.0,0.0,0.0,0.0,0.0,0.0,0.0,0.0,0.0,0.0,0.0,0.0,0.0,0.0,0.0,0.0011654797683556817,0.026546197042147224,0.014705162146638407,0.0,1.0,1.0,1.0,1.0,1.0,1.0
0.9929688906879237,0.7714285714285715,1.0,0.0,0.0,0.0,0.0,0.0,0.0,0.0,0.0,0.0,0.0,0.0,0.0,0.0,0.0,0.0,0.0,0.0,0.0,0.0011654797683556817,0.026546197042147224,0.014705162146638407,0.0,1.0,1.0,1.0,1.0,1.0,1.0
0.9929688906879237,0.8464285714285713,1.0,0.0,0.0,0.0,0.0,0.0,0.0,0.0,0.0,0.0,0.0,0.0,0.0,0.0,0.0,0.0,0.0,0.0,0.0,0.0011654797683556817,0.026546197042147224,0.014705162146638407,0.0,1.0,1.0,1.0,1.0,1.0,1.0
0.9929927951846782,0.2857142857142857,0.0,0.0,0.0,0.0,0.0,0.0,0.0,0.0,0.0,0.0,0.0,0.0,0.0,0.0,0.0,0.0,0.0,0.0,0.0,0.0011654797683556817,0.026546197042147224,0.014705162146638407,0.0,1.0,1.0,1.0,1.0,1.0,1.0
0.9929927951846782,0.41428571428571426,0.0,0.0,0.0,0.0,0.0,0.0,0.0,0.0,0.0,0.0,0.0,0.0,0.0,0.0,0.0,0.0,0.0,0.0,0.0,0.0011654797683556817,0.026546197042147224,0.014705162146638407,0.0,1.0,1.0,1.0,1.0,1.0,1.0
0.9929927951846782,0.8642857142857142,1.0,0.0,0.0,0.0,0.0,0.0,0.0,0.0,0.0,0.0,0.0,0.0,0.0,0.0,0.0,0.0,0.0,0.0,0.0,0.0011654797683556817,0.026546197042147224,0.014705162146638407,0.0,1.0,1.0,1.0,1.0,1.0,1.0
0.9929927951846782,0.5785714285714285,1.0,0.0,0.0,0.0,0.0,0.0,0.0,0.0,0.0,0.0,0.0,0.0,0.0,0.0,0.0,0.0,0.0,0.0,0.0,0.0011654797683556817,0.026546197042147224,0.014705162146638407,0.0,1.0,1.0,1.0,1.0,1.0,1.0
0.9929927951846782,0.40714285714285714,0.0,0.0,0.0,0.0,0.0,0.0,0.0,0.0,0.0,0.0,0.0,0.0,0.0,0.0,0.0,0.0,0.0,0.0,0.0,0.0011654797683556817,0.026546197042147224,0.014705162146638407,0.0,1.0,1.0,1.0,1.0,1.0,1.0
0.9929927951846782,0.5464285714285714,1.0,0.0,0.0,0.0,0.0,0.0,0.0,0.0,0.0,0.0,0.0,0.0,0.0,0.0,0.0,0.0,0.0,0.0,0.0,0.0011654797683556817,0.026546197042147224,0.014705162146638407,0.0,1.0,1.0,1.0,1.0,1.0,1.0
0.9929927951846782,0.5714285714285714,1.0,0.0,0.0,0.0,0.0,0.0,0.0,0.0,0.0,0.0,0.0,0.0,0.0,0.0,0.0,0.0,0.0,0.0,0.0,0.0011654797683556817,0.026546197042147224,0.014705162146638407,0.0,1.0,1.0,1.0,1.0,1.0,1.0
0.9929927951846782,0.3535714285714286,0.0,0.0,0.0,0.0,0.0,0.0,0.0,0.0,0.0,0.0,0.0,0.0,0.0,0.0,0.0,0.0,0.0,0.0,0.0,0.0011654797683556817,0.026546197042147224,0.014705162146638407,0.0,1.0,1.0,1.0,1.0,1.0,1.0
0.9929927951846782,0.8428571428571429,1.0,0.0,0.0,0.0,0.0,0.0,0.0,0.0,0.0,0.0,0.0,0.0,0.0,0.0,0.0,0.0,0.0,0.0,0.0,0.0011654797683556817,0.026546197042147224,0.014705162146638407,0.0,1.0,1.0,1.0,1.0,1.0,1.0
0.9929927951846782,0.3571428571428571,0.0,0.0,0.0,0.0,0.0,0.0,0.0,0.0,0.0,0.0,0.0,0.0,0.0,0.0,0.0,0.0,0.0,0.0,0.0,0.0011654797683556817,0.026546197042147224,0.014705162146638407,0.0,1.0,1.0,1.0,1.0,1.0,1.0
0.9929927951846782,0.7607142857142857,1.0,0.0,0.0,0.0,0.0,0.0,0.0,0.0,0.0,0.0,0.0,0.0,0.0,0.0,0.0,0.0,0.0,0.0,0.0,0.0011654797683556817,0.026546197042147224,0.014705162146638407,0.0,1.0,1.0,1.0,1.0,1.0,1.0
0.9929927951846782,0.3571428571428571,0.0,0.0,0.0,0.0,0.0,0.0,0.0,0.0,0.0,0.0,0.0,0.0,0.0,0.0,0.0,0.0,0.0,0.0,0.0,0.0011654797683556817,0.026546197042147224,0.014705162146638407,0.0,1.0,1.0,1.0,1.0,1.0,1.0
0.9929927951846782,0.18571428571428572,0.0,0.0,0.0,0.0,0.0,0.0,0.0,0.0,0.0,0.0,0.0,0.0,0.0,0.0,0.0,0.0,0.0,0.0,0.0,0.0011654797683556817,0.026546197042147224,0.014705162146638407,0.0,1.0,1.0,1.0,1.0,1.0,1.0
0.9929927951846782,0.6928571428571427,1.0,0.0,0.0,0.0,0.0,0.0,0.0,0.0,0.0,0.0,0.0,0.0,0.0,0.0,0.0,0.0,0.0,0.0,0.0,0.0011654797683556817,0.026546197042147224,0.014705162146638407,0.0,1.0,1.0,1.0,1.0,1.0,1.0
0.9929927951846782,0.9249999999999999,1.0,0.0,0.0,0.0,0.0,0.0,0.0,0.0,0.0,0.0,0.0,0.0,0.0,0.0,0.0,0.0,0.0,0.0,0.0,0.0011654797683556817,0.026546197042147224,0.014705162146638407,0.0,1.0,1.0,1.0,1.0,1.0,1.0
0.9371040817725026,0.38571428571428573,0.0,0.0,0.0,0.0,0.0,0.0,0.0,0.0,0.0,0.0,0.0,0.0,0.0,0.0,0.0,0.9411608418638355,0.16905219106404124,1.0,0.0,0.0011654797683556817,0.026546197042147224,0.014705162146638407,0.0,1.0,1.0,1.0,1.0,0.0,1.0
0.0,0.0,0.0,0.0,0.0,0.0,0.0,0.0,0.0,0.0,0.0,0.0,0.0,0.0,0.94220326517663,0.5,0.0,0.9411608418638355,0.2864952908103975,1.0,0.0,0.0011654797683556817,0.026546197042147224,0.014705162146638407,1.0,1.0,1.0,1.0,0.0,0.0,1.0
0.0,0.0,0.0,0.9388508764156885,0.0,0.0,0.0,0.0,0.0,0.9542773543523295,0.5864206011204225,0.9001312255859375,0.15647701605518588,0.9061484228356911,0.94220326517663,1.0,1.0,0.0,0.0,0.0,0.9524376422054124,0.3631695192234957,0.5503907793052739,0.8511470047086512,1.0,0.0,1.0,0.0,0.0,1.0,0.0
0.0,0.0,0.0,0.9388508764156885,0.0,0.0,0.0,0.0,0.0,0.0,0.0,0.0,0.0,0.0,0.0,0.0,0.0,0.0,0.0,0.0,0.9524376422054124,0.14734459228090824,0.4861056820722381,0.8063353481107269,1.0,0.0,1.0,1.0,1.0,1.0,0.0
0.9371040817725026,0.14285714285714285,0.0,0.9388508764156885,0.0,0.0,0.9555854205905152,0.02564737136560413,0.025037452362214174,0.0,0.0,0.0,0.0,0.0,0.0,0.0,0.0,0.0,0.0,0.0,0.0,0.0011654797683556817,0.026546197042147224,0.014705162146638407,0.0,0.0,0.0,1.0,1.0,1.0,1.0
0.9371040817725026,0.4035714285714286,0.0,0.0,0.0,0.0,0.0,0.0,0.0,0.0,0.0,0.0,0.0,0.0,0.0,0.0,0.0,0.0,0.0,0.0,0.0,0.0011654797683556817,0.026546197042147224,0.014705162146638407,0.0,1.0,1.0,1.0,1.0,1.0,1.0
0.9371040817725026,0.26785714285714285,0.0,0.0,0.0,0.0,0.0,0.0,0.0,0.0,0.0,0.0,0.0,0.0,0.0,0.0,0.0,0.0,0.0,0.0,0.9524376422054124,0.6200447298629935,0.5375851151975525,0.30801670962900646,0.0,1.0,1.0,1.0,1.0,1.0,0.0
0.9371040817725026,0.23571428571428568,0.0,0.0,0.0,0.0,0.0,0.0,0.0,0.0,0.0,0.0,0.0,0.0,0.94220326517663,0.5,0.0,0.9411608418638355,0.09094020064232877,0.5,0.0,0.0011654797683556817,0.026546197042147224,0.014705162146638407,0.0,1.0,1.0,1.0,0.0,0.0,1.0
0.9371040817725026,0.31071428571428567,0.0,0.0,0.0,0.0,0.0,0.0,0.0,0.0,0.0,0.0,0.0,0.0,0.0,0.0,0.0,0.0,0.0,0.0,0.9524376422054124,0.1362719861650844,0.4861056820722381,0.8063353481107269,0.0,1.0,1.0,1.0,1.0,1.0,0.0
0.0,0.0,0.0,0.0,0.0,0.0,0.0,0.0,0.0,0.0,0.0,0.0,0.0,0.0,0.0,0.0,0.0,0.0,0.0,0.0,0.9524376422054124,0.3484126941347254,0.5503907793052739,0.8511470047086512,1.0,1.0,1.0,1.0,1.0,1.0,0.0
0.0,0.0,0.0,0.9388508764156885,0.0,0.0,0.0,0.0,0.0,0.0,0.0,0.0,0.0,0.0,0.0,0.0,0.0,0.0,0.0,0.0,0.9524376422054124,0.6328229878884551,0.5375851151975525,0.30801670962900646,1.0,0.0,1.0,1.0,1.0,1.0,0.0
0.0,0.0,0.0,0.9388508764156885,0.0,0.0,0.0,0.0,0.0,0.0,0.0,0.0,0.0,0.0,0.0,0.0,0.0,0.0,0.0,0.0,0.0,0.0011654797683556817,0.026546197042147224,0.014705162146638407,1.0,0.0,1.0,1.0,1.0,1.0,1.0
0.9371040817725026,0.39999999999999997,0.0,0.9388508764156885,0.0,0.0,0.9555854205905152,0.02565001138693845,0.025174184975214346,0.9542773543523295,0.5864206011204225,0.9001312255859375,0.15647701605518588,0.9061484228356911,0.0,0.0,0.0,0.0,0.0,0.0,0.0,0.0011654797683556817,0.026546197042147224,0.014705162146638407,0.0,0.0,0.0,0.0,1.0,1.0,1.0
0.9371040817725026,0.11428571428571428,0.0,0.9388508764156885,0.0,0.0,0.9555854205905152,0.026542719079189862,0.026663110993631365,0.0,0.0,0.0,0.0,0.0,0.0,0.0,0.0,0.0,0.0,0.0,0.0,0.0011654797683556817,0.026546197042147224,0.014705162146638407,0.0,0.0,0.0,1.0,1.0,1.0,1.0
0.9371040817725026,0.907142857142857,1.0,0.0,0.0,0.0,0.0,0.0,0.0,0.9542773543523295,0.15754606096686052,0.66815185546875,0.7954184726207192,0.375589433685849,0.94220326517663,1.0,1.0,0.9411608418638355,0.24716028106054821,1.0,0.0,0.0011654797683556817,0.026546197042147224,0.014705162146638407,0.0,1.0,1.0,0.0,0.0,0.0,1.0
0.9371040817725026,0.7142857142857142,1.0,0.0,0.0,0.0,0.0,0.0,0.0,0.0,0.0,0.0,0.0,0.0,0.94220326517663,0.5,0.0,0.9411608418638355,0.125653974968297,0.5,0.0,0.0011654797683556817,0.026546197042147224,0.014705162146638407,0.0,1.0,1.0,1.0,0.0,0.0,1.0
0.9371040817725026,0.875,1.0,0.0,0.0,0.0,0.0,0.0,0.0,0.0,0.0,0.0,0.0,0.0,0.0,0.0,0.0,0.0,0.0,0.0,0.0,0.0011654797683556817,0.026546197042147224,0.014705162146638407,0.0,1.0,1.0,1.0,1.0,1.0,1.0
0.9371040817725026,0.9678571428571429,1.0,0.9388508764156885,1.0,0.0,0.0,0.0,0.0,0.0,0.0,0.0,0.0,0.0,0.0,0.0,0.0,0.0,0.0,0.0,0.0,0.0011654797683556817,0.026546197042147224,0.014705162146638407,0.0,0.0,1.0,1.0,1.0,1.0,1.0
0.9371040817725026,0.6821428571428572,1.0,0.0,0.0,0.0,0.9555854205905152,0.026607000297336623,0.02678669459064011,0.9542773543523295,0.15754606096686052,0.66815185546875,0.7954184726207192,0.375589433685849,0.94220326517663,0.5,0.0,0.9411608418638355,0.09094020064232877,0.5,0.0,0.0011654797683556817,0.026546197042147224,0.014705162146638407,0.0,1.0,0.0,0.0,0.0,0.0,1.0
0.9371040817725026,0.21785714285714283,0.0,0.9388508764156885,0.0,0.0,0.0,0.0,0.0,0.0,0.0,0.0,0.0,0.0,0.0,0.0,0.0,0.0,0.0,0.0,0.0,0.0011654797683556817,0.026546197042147224,0.014705162146638407,0.0,0.0,1.0,1.0,1.0,1.0,1.0
0.0,0.0,0.0,0.0,0.0,0.0,0.0,0.0,0.0,0.0,0.0,0.0,0.0,0.0,0.01826627420882197,1.0,1.0,0.0,0.0,0.0,0.0,0.0011654797683556817,0.026546197042147224,0.014705162146638407,1.0,1.0,1.0,1.0,0.0,1.0,1.0
0.0,0.0,0.0,0.0,0.0,0.0,0.0,0.0,0.0,0.0,0.0,0.0,0.0,0.0,0.01826627420882197,1.0,1.0,0.0,0.0,0.0,0.0,0.0011654797683556817,0.026546197042147224,0.014705162146638407,1.0,1.0,1.0,1.0,0.0,1.0,1.0
0.0,0.0,0.0,0.0,0.0,0.0,0.0,0.0,0.0,0.0,0.0,0.0,0.0,0.0,0.01826627420882197,1.0,1.0,0.0,0.0,0.0,0.0,0.0011654797683556817,0.026546197042147224,0.014705162146638407,1.0,1.0,1.0,1.0,0.0,1.0,1.0
0.0,0.0,0.0,0.0,0.0,0.0,0.0,0.0,0.0,0.0,0.0,0.0,0.0,0.0,0.01826627420882197,0.5,0.0,0.0,0.0,0.0,0.0,0.0011654797683556817,0.026546197042147224,0.014705162146638407,1.0,1.0,1.0,1.0,0.0,1.0,1.0
0.0,0.0,0.0,0.0,0.0,0.0,0.0,0.0,0.0,0.0,0.0,0.0,0.0,0.0,0.01826627420882197,1.0,1.0,0.0,0.0,0.0,0.0,0.0011654797683556817,0.026546197042147224,0.014705162146638407,1.0,1.0,1.0,1.0,0.0,1.0,1.0
0.0,0.0,0.0,0.0,0.0,0.0,0.0,0.0,0.0,0.0,0.0,0.0,0.0,0.0,0.01826627420882197,0.5,0.0,0.0,0.0,0.0,0.0,0.0011654797683556817,0.026546197042147224,0.014705162146638407,1.0,1.0,1.0,1.0,0.0,1.0,1.0
0.0,0.0,0.0,0.0,0.0,0.0,0.0,0.0,0.0,0.0,0.0,0.0,0.0,0.0,0.01826627420882197,0.5,0.0,0.0,0.0,0.0,0.0,0.0011654797683556817,0.026546197042147224,0.014705162146638407,1.0,1.0,1.0,1.0,0.0,1.0,1.0
0.0,0.0,0.0,0.0,0.0,0.0,0.0,0.0,0.0,0.0,0.0,0.0,0.0,0.0,0.01826627420882197,0.5,0.0,0.0,0.0,0.0,0.0,0.0011654797683556817,0.026546197042147224,0.014705162146638407,1.0,1.0,1.0,1.0,0.0,1.0,1.0
0.0,0.0,0.0,0.0,0.0,0.0,0.0,0.0,0.0,0.0,0.0,0.0,0.0,0.0,0.01826627420882197,0.5,0.0,0.0,0.0,0.0,0.0,0.0011654797683556817,0.026546197042147224,0.014705162146638407,1.0,1.0,1.0,1.0,0.0,1.0,1.0
0.0,0.0,0.0,0.0,0.0,0.0,0.0,0.0,0.0,0.0,0.0,0.0,0.0,0.0,0.01826627420882197,0.5,0.0,0.0,0.0,0.0,0.0,0.0011654797683556817,0.026546197042147224,0.014705162146638407,1.0,1.0,1.0,1.0,0.0,1.0,1.0
0.0,0.0,0.0,0.0,0.0,0.0,0.0,0.0,0.0,0.0,0.0,0.0,0.0,0.0,0.01826627420882197,0.5,0.0,0.0,0.0,0.0,0.0,0.0011654797683556817,0.026546197042147224,0.014705162146638407,1.0,1.0,1.0,1.0,0.0,1.0,1.0
0.0,0.0,0.0,0.0,0.0,0.0,0.0,0.0,0.0,0.0,0.0,0.0,0.0,0.0,0.01826627420882197,1.0,1.0,0.0,0.0,0.0,0.0,0.0011654797683556817,0.026546197042147224,0.014705162146638407,1.0,1.0,1.0,1.0,0.0,1.0,1.0
0.0,0.0,0.0,0.0,0.0,0.0,0.0,0.0,0.0,0.0,0.0,0.0,0.0,0.0,0.01826627420882197,0.5,0.0,0.0,0.0,0.0,0.0,0.0011654797683556817,0.026546197042147224,0.014705162146638407,1.0,1.0,1.0,1.0,0.0,1.0,1.0
0.0,0.0,0.0,0.0,0.0,0.0,0.0,0.0,0.0,0.0,0.0,0.0,0.0,0.0,0.01826627420882197,0.5,0.0,0.0,0.0,0.0,0.0,0.0011654797683556817,0.026546197042147224,0.014705162146638407,1.0,1.0,1.0,1.0,0.0,1.0,1.0
0.0,0.0,0.0,0.0,0.0,0.0,0.0,0.0,0.0,0.0,0.0,0.0,0.0,0.0,0.01826627420882197,0.5,0.0,0.0,0.0,0.0,0.018464685681243646,0.8696667928202723,0.5501488295358731,0.28027700773733805,1.0,1.0,1.0,1.0,0.0,1.0,0.0
0.0,0.0,0.0,0.0,0.0,0.0,0.0,0.0,0.0,0.0,0.0,0.0,0.0,0.0,0.01826627420882197,0.5,0.0,0.0,0.0,0.0,0.018464685681243646,0.5671373312054894,0.5518101282279397,0.7755452504300782,1.0,1.0,1.0,1.0,0.0,1.0,0.0
0.01816741753347028,0.14285714285714285,0.0,0.0,0.0,0.0,0.0,0.0,0.0,0.0,0.0,0.0,0.0,0.0,0.01826627420882197,1.0,1.0,0.0,0.0,0.0,0.0,0.0011654797683556817,0.026546197042147224,0.014705162146638407,0.0,1.0,1.0,1.0,0.0,1.0,1.0
0.0,0.0,0.0,0.0,0.0,0.0,0.0,0.0,0.0,0.0,0.0,0.0,0.0,0.0,0.01826627420882197,0.5,0.0,0.0,0.0,0.0,0.018464685681243646,0.3728544506735795,0.5775897687496389,0.956121131354008,1.0,1.0,1.0,1.0,0.0,1.0,0.0
0.0,0.0,0.0,0.0,0.0,0.0,0.0,0.0,0.0,0.0,0.0,0.0,0.0,0.0,0.01826627420882197,1.0,1.0,0.0,0.0,0.0,0.018464685681243646,0.9359656068318599,0.5408860557842117,0.795674352514678,1.0,1.0,1.0,1.0,0.0,1.0,0.0
0.0,0.0,0.0,0.0,0.0,0.0,0.0,0.0,0.0,0.0,0.0,0.0,0.0,0.0,0.0,0.0,0.0,0.0,0.0,0.0,0.018464685681243646,0.08639129921639221,0.521407447097808,0.6087024110281621,1.0,1.0,1.0,1.0,1.0,1.0,0.0
0.0,0.0,0.0,0.07484079865310511,0.0,0.0,0.0,0.0,0.0,0.0,0.0,0.0,0.0,0.0,0.0,0.0,0.0,0.0,0.0,0.0,0.0,0.0011654797683556817,0.026546197042147224,0.014705162146638407,1.0,0.0,1.0,1.0,1.0,1.0,1.0
0.0,0.0,0.0,0.07484079865310511,0.0,0.0,0.0,0.0,0.0,0.0,0.0,0.0,0.0,0.0,0.0,0.0,0.0,0.0,0.0,0.0,0.0,0.0011654797683556817,0.026546197042147224,0.014705162146638407,1.0,0.0,1.0,1.0,1.0,1.0,1.0
0.0,0.0,0.0,0.07484079865310511,0.0,0.0,0.0,0.0,0.0,0.0,0.0,0.0,0.0,0.0,0.0,0.0,0.0,0.0,0.0,0.0,0.0,0.0011654797683556817,0.026546197042147224,0.014705162146638407,1.0,0.0,1.0,1.0,1.0,1.0,1.0
0.0,0.0,0.0,0.07484079865310511,0.0,0.0,0.0,0.0,0.0,0.0,0.0,0.0,0.0,0.0,0.0,0.0,0.0,0.0,0.0,0.0,0.0,0.0011654797683556817,0.026546197042147224,0.014705162146638407,1.0,0.0,1.0,1.0,1.0,1.0,1.0
0.0,0.0,0.0,0.07484079865310511,0.0,0.0,0.0,0.0,0.0,0.0,0.0,0.0,0.0,0.0,0.0,0.0,0.0,0.0,0.0,0.0,0.0,0.0011654797683556817,0.026546197042147224,0.014705162146638407,1.0,0.0,1.0,1.0,1.0,1.0,1.0
0.0,0.0,0.0,0.07484079865310511,0.0,0.0,0.0,0.0,0.0,0.0,0.0,0.0,0.0,0.0,0.0,0.0,0.0,0.0,0.0,0.0,0.0,0.0011654797683556817,0.026546197042147224,0.014705162146638407,1.0,0.0,1.0,1.0,1.0,1.0,1.0
0.0,0.0,0.0,0.07484079865310511,0.0,0.0,0.0,0.0,0.0,0.0,0.0,0.0,0.0,0.0,0.0,0.0,0.0,0.0,0.0,0.0,0.0,0.0011654797683556817,0.026546197042147224,0.014705162146638407,1.0,0.0,1.0,1.0,1.0,1.0,1.0
0.0,0.0,0.0,0.07484079865310511,0.0,0.0,0.0,0.0,0.0,0.0,0.0,0.0,0.0,0.0,0.0,0.0,0.0,0.0,0.0,0.0,0.0,0.0011654797683556817,0.026546197042147224,0.014705162146638407,1.0,0.0,1.0,1.0,1.0,1.0,1.0
0.0,0.0,0.0,0.07484079865310511,1.0,1.0,0.0,0.0,0.0,0.0,0.0,0.0,0.0,0.0,0.0,0.0,0.0,0.0,0.0,0.0,0.0,0.0011654797683556817,0.026546197042147224,0.014705162146638407,1.0,0.0,1.0,1.0,1.0,1.0,1.0
0.0,0.0,0.0,0.07484079865310511,0.0,0.0,0.0,0.0,0.0,0.0,0.0,0.0,0.0,0.0,0.0,0.0,0.0,0.0,0.0,0.0,0.0,0.0011654797683556817,0.026546197042147224,0.014705162146638407,1.0,0.0,1.0,1.0,1.0,1.0,1.0
0.0,0.0,0.0,0.07484079865310511,0.0,0.0,0.0,0.0,0.0,0.0,0.0,0.0,0.0,0.0,0.0,0.0,0.0,0.0,0.0,0.0,0.0,0.0011654797683556817,0.026546197042147224,0.014705162146638407,1.0,0.0,1.0,1.0,1.0,1.0,1.0
0.0,0.0,0.0,0.07484079865310511,0.0,0.0,0.0,0.0,0.0,0.0,0.0,0.0,0.0,0.0,0.0,0.0,0.0,0.0,0.0,0.0,0.0,0.0011654797683556817,0.026546197042147224,0.014705162146638407,1.0,0.0,1.0,1.0,1.0,1.0,1.0
0.0,0.0,0.0,0.07484079865310511,0.0,0.0,0.0,0.0,0.0,0.0,0.0,0.0,0.0,0.0,0.0,0.0,0.0,0.0,0.0,0.0,0.0,0.0011654797683556817,0.026546197042147224,0.014705162146638407,1.0,0.0,1.0,1.0,1.0,1.0,1.0
0.0,0.0,0.0,0.07484079865310511,0.0,0.0,0.0,0.0,0.0,0.0,0.0,0.0,0.0,0.0,0.0,0.0,0.0,0.0,0.0,0.0,0.0,0.0011654797683556817,0.026546197042147224,0.014705162146638407,1.0,0.0,1.0,1.0,1.0,1.0,1.0
0.0,0.0,0.0,0.07484079865310511,0.0,0.0,0.0,0.0,0.0,0.0,0.0,0.0,0.0,0.0,0.0,0.0,0.0,0.0,0.0,0.0,0.0,0.0011654797683556817,0.026546197042147224,0.014705162146638407,1.0,0.0,1.0,1.0,1.0,1.0,1.0
0.0,0.0,0.0,0.07484079865310511,0.0,0.0,0.0,0.0,0.0,0.0,0.0,0.0,0.0,0.0,0.0,0.0,0.0,0.0,0.0,0.0,0.0,0.0011654797683556817,0.026546197042147224,0.014705162146638407,1.0,0.0,1.0,1.0,1.0,1.0,1.0
0.0,0.0,0.0,0.07484079865310511,0.0,0.0,0.0,0.0,0.0,0.0,0.0,0.0,0.0,0.0,0.0,0.0,0.0,0.0,0.0,0.0,0.0,0.0011654797683556817,0.026546197042147224,0.014705162146638407,1.0,0.0,1.0,1.0,1.0,1.0,1.0
0.0,0.0,0.0,0.07484079865310511,0.0,0.0,0.0,0.0,0.0,0.0,0.0,0.0,0.0,0.0,0.0,0.0,0.0,0.0,0.0,0.0,0.0,0.0011654797683556817,0.026546197042147224,0.014705162146638407,1.0,0.0,1.0,1.0,1.0,1.0,1.0
0.0,0.0,0.0,0.07484079865310511,0.0,0.0,0.0,0.0,0.0,0.0,0.0,0.0,0.0,0.0,0.0,0.0,0.0,0.0,0.0,0.0,0.0,0.0011654797683556817,0.026546197042147224,0.014705162146638407,1.0,0.0,1.0,1.0,1.0,1.0,1.0
0.0,0.0,0.0,0.07484079865310511,0.0,0.0,0.0,0.0,0.0,0.0,0.0,0.0,0.0,0.0,0.0,0.0,0.0,0.0,0.0,0.0,0.0,0.0011654797683556817,0.026546197042147224,0.014705162146638407,1.0,0.0,1.0,1.0,1.0,1.0,1.0
0.018119608539961148,0.07142857142857142,0.0,0.0,0.0,0.0,0.0,0.0,0.0,0.0,0.0,0.0,0.0,0.0,0.0,0.0,0.0,0.0,0.0,0.0,0.0,0.0011654797683556817,0.026546197042147224,0.014705162146638407,0.0,1.0,1.0,1.0,1.0,1.0,1.0
0.018119608539961148,0.2857142857142857,0.0,0.0,0.0,0.0,0.0,0.0,0.0,0.0,0.0,0.0,0.0,0.0,0.0,0.0,0.0,0.0,0.0,0.0,0.0,0.0011654797683556817,0.026546197042147224,0.014705162146638407,0.0,1.0,1.0,1.0,1.0,1.0,1.0
0.018119608539961148,0.557142857142857,1.0,0.0,0.0,0.0,0.0,0.0,0.0,0.0,0.0,0.0,0.0,0.0,0.018218205066167174,0.5,0.0,0.0,0.0,0.0,0.0,0.0011654797683556817,0.026546197042147224,0.014705162146638407,0.0,1.0,1.0,1.0,0.0,1.0,1.0
0.0,0.0,0.0,0.0,0.0,0.0,0.0,0.0,0.0,0.0,0.0,0.0,0.0,0.0,0.018218205066167174,1.0,1.0,0.0,0.0,0.0,0.0,0.0011654797683556817,0.026546197042147224,0.014705162146638407,1.0,1.0,1.0,1.0,0.0,1.0,1.0
0.018119608539961148,0.825,1.0,0.0,0.0,0.0,0.0,0.0,0.0,0.0,0.0,0.0,0.0,0.0,0.018218205066167174,1.0,1.0,0.0,0.0,0.0,0.0,0.0011654797683556817,0.026546197042147224,0.014705162146638407,0.0,1.0,1.0,1.0,0.0,1.0,1.0
0.0,0.0,0.0,0.0,0.0,0.0,0.0,0.0,0.0,0.0,0.0,0.0,0.0,0.0,0.018218205066167174,0.5,0.0,0.0,0.0,0.0,0.0,0.0011654797683556817,0.026546197042147224,0.014705162146638407,1.0,1.0,1.0,1.0,0.0,1.0,1.0
0.0,0.0,0.0,0.0,0.0,0.0,0.0,0.0,0.0,0.0,0.0,0.0,0.0,0.0,0.018218205066167174,0.5,0.0,0.0,0.0,0.0,0.0,0.0011654797683556817,0.026546197042147224,0.014705162146638407,1.0,1.0,1.0,1.0,0.0,1.0,1.0
0.018119608539961148,0.6107142857142858,1.0,0.0,0.0,0.0,0.0,0.0,0.0,0.0,0.0,0.0,0.0,0.0,0.018218205066167174,1.0,1.0,0.0,0.0,0.0,0.0,0.0011654797683556817,0.026546197042147224,0.014705162146638407,0.0,1.0,1.0,1.0,0.0,1.0,1.0
0.018119608539961148,0.49642857142857144,1.0,0.0,0.0,0.0,0.0,0.0,0.0,0.0,0.0,0.0,0.0,0.0,0.018218205066167174,0.5,0.0,0.0,0.0,0.0,0.0,0.0011654797683556817,0.026546197042147224,0.014705162146638407,0.0,1.0,1.0,1.0,0.0,1.0,1.0
0.018119608539961148,0.8928571428571428,1.0,0.0,0.0,0.0,0.0,0.0,0.0,0.0,0.0,0.0,0.0,0.0,0.0,0.0,0.0,0.0,0.0,0.0,0.0,0.0011654797683556817,0.026546197042147224,0.014705162146638407,0.0,1.0,1.0,1.0,1.0,1.0,1.0
0.018119608539961148,0.9892857142857142,1.0,0.0,0.0,0.0,0.0,0.0,0.0,0.0,0.0,0.0,0.0,0.0,0.0,0.0,0.0,0.0,0.0,0.0,0.0,0.0011654797683556817,0.026546197042147224,0.014705162146638407,0.0,1.0,1.0,1.0,1.0,1.0,1.0
0.018119608539961148,0.8357142857142856,1.0,0.0,0.0,0.0,0.0,0.0,0.0,0.0,0.0,0.0,0.0,0.0,0.018218205066167174,1.0,1.0,0.0,0.0,0.0,0.0,0.0011654797683556817,0.026546197042147224,0.014705162146638407,0.0,1.0,1.0,1.0,0.0,1.0,1.0
0.018119608539961148,0.4178571428571428,0.0,0.0,0.0,0.0,0.0,0.0,0.0,0.0,0.0,0.0,0.0,0.0,0.018218205066167174,0.5,0.0,0.0,0.0,0.0,0.0,0.0011654797683556817,0.026546197042147224,0.014705162146638407,0.0,1.0,1.0,1.0,0.0,1.0,1.0
0.018143513036715714,0.9464285714285714,1.0,0.0,0.0,0.0,0.0,0.0,0.0,0.0,0.0,0.0,0.0,0.0,0.01824223963749457,0.5,0.0,0.0,0.0,0.0,0.0,0.0011654797683556817,0.026546197042147224,0.014705162146638407,0.0,1.0,1.0,1.0,0.0,1.0,1.0
0.018143513036715714,0.45714285714285713,1.0,0.0,0.0,0.0,0.0,0.0,0.0,0.0,0.0,0.0,0.0,0.0,0.0,0.0,0.0,0.0,0.0,0.0,0.0,0.0011654797683556817,0.026546197042147224,0.014705162146638407,0.0,1.0,1.0,1.0,1.0,1.0,1.0
0.018143513036715714,0.7714285714285715,1.0,0.0,0.0,0.0,0.0,0.0,0.0,0.0,0.0,0.0,0.0,0.0,0.0,0.0,0.0,0.0,0.0,0.0,0.0,0.0011654797683556817,0.026546197042147224,0.014705162146638407,0.0,1.0,1.0,1.0,1.0,1.0,1.0
0.018143513036715714,0.9249999999999999,1.0,0.0,0.0,0.0,0.0,0.0,0.0,0.0,0.0,0.0,0.0,0.0,0.01824223963749457,0.5,0.0,0.0,0.0,0.0,0.0,0.0011654797683556817,0.026546197042147224,0.014705162146638407,0.0,1.0,1.0,1.0,0.0,1.0,1.0
0.018143513036715714,0.21428571428571427,0.0,0.0,0.0,0.0,0.0,0.0,0.0,0.0,0.0,0.0,0.0,0.0,0.0,0.0,0.0,0.0,0.0,0.0,0.0,0.0011654797683556817,0.026546197042147224,0.014705162146638407,0.0,1.0,1.0,1.0,1.0,1.0,1.0
0.018143513036715714,0.9464285714285714,1.0,0.0,0.0,0.0,0.0,0.0,0.0,0.0,0.0,0.0,0.0,0.0,0.0,0.0,0.0,0.0,0.0,0.0,0.0,0.0011654797683556817,0.026546197042147224,0.014705162146638407,0.0,1.0,1.0,1.0,1.0,1.0,1.0
0.018143513036715714,0.9357142857142856,1.0,0.0,0.0,0.0,0.0,0.0,0.0,0.0,0.0,0.0,0.0,0.0,0.0,0.0,0.0,0.0,0.0,0.0,0.0,0.0011654797683556817,0.026546197042147224,0.014705162146638407,0.0,1.0,1.0,1.0,1.0,1.0,1.0
0.0,0.0,0.0,0.0,0.0,0.0,0.018623214665862805,0.004393153961183775,0.004672114773688913,0.0,0.0,0.0,0.0,0.0,0.0,0.0,0.0,0.0,0.0,0.0,0.0,0.0011654797683556817,0.026546197042147224,0.014705162146638407,1.0,1.0,0.0,1.0,1.0,1.0,1.0
0.0,0.0,0.0,0.0,0.0,0.0,0.018623214665862805,0.004103068189126888,0.004583217009088907,0.0,0.0,0.0,0.0,0.0,0.0,0.0,0.0,0.0,0.0,0.0,0.0,0.0011654797683556817,0.026546197042147224,0.014705162146638407,1.0,1.0,0.0,1.0,1.0,1.0,1.0
0.0,0.0,0.0,0.0,0.0,0.0,0.018623214665862805,0.00431085583566137,0.0038038283085986904,0.0,0.0,0.0,0.0,0.0,0.0,0.0,0.0,0.0,0.0,0.0,0.0,0.0011654797683556817,0.026546197042147224,0.014705162146638407,1.0,1.0,0.0,1.0,1.0,1.0,1.0
0.0,0.0,0.0,0.0,0.0,0.0,0.018623214665862805,0.00473817935993707,0.003734687850925667,0.0,0.0,0.0,0.0,0.0,0.0,0.0,0.0,0.0,0.0,0.0,0.0,0.0011654797683556817,0.026546197042147224,0.014705162146638407,1.0,1.0,0.0,1.0,1.0,1.0,1.0
0.0,0.0,0.0,0.0,0.0,0.0,0.018623214665862805,0.004043098366270287,0.003518084164991161,0.0,0.0,0.0,0.0,0.0,0.01836241249413156,1.0,1.0,0.0,0.0,0.0,0.0,0.0011654797683556817,0.026546197042147224,0.014705162146638407,1.0,1.0,0.0,1.0,0.0,1.0,1.0
0.0,0.0,0.0,0.0,0.0,0.0,0.0,0.0,0.0,0.0,0.0,0.0,0.0,0.0,0.01836241249413156,1.0,1.0,0.0,0.0,0.0,0.0,0.0011654797683556817,0.026546197042147224,0.014705162146638407,1.0,1.0,1.0,1.0,0.0,1.0,1.0
0.0,0.0,0.0,0.0,0.0,0.0,0.0,0.0,0.0,0.0,0.0,0.0,0.0,0.0,0.01836241249413156,1.0,1.0,0.0,0.0,0.0,0.0,0.0011654797683556817,0.026546197042147224,0.014705162146638407,1.0,1.0,1.0,1.0,0.0,1.0,1.0
0.0,0.0,0.0,0.0,0.0,0.0,0.0,0.0,0.0,0.0,0.0,0.0,0.0,0.0,0.01836241249413156,0.5,0.0,0.0,0.0,0.0,0.0,0.0011654797683556817,0.026546197042147224,0.014705162146638407,1.0,1.0,1.0,1.0,0.0,1.0,1.0
0.0,0.0,0.0,0.0,0.0,0.0,0.0,0.0,0.0,0.0,0.0,0.0,0.0,0.0,0.01836241249413156,0.5,0.0,0.0,0.0,0.0,0.0,0.0011654797683556817,0.026546197042147224,0.014705162146638407,1.0,1.0,1.0,1.0,0.0,1.0,1.0
0.0,0.0,0.0,0.0,0.0,0.0,0.0,0.0,0.0,0.0,0.0,0.0,0.0,0.0,0.01836241249413156,1.0,1.0,0.0,0.0,0.0,0.0,0.0011654797683556817,0.026546197042147224,0.014705162146638407,1.0,1.0,1.0,1.0,0.0,1.0,1.0
0.0,0.0,0.0,0.0,0.0,0.0,0.0,0.0,0.0,0.0,0.0,0.0,0.0,0.0,0.01836241249413156,0.5,0.0,0.0,0.0,0.0,0.0,0.0011654797683556817,0.026546197042147224,0.014705162146638407,1.0,1.0,1.0,1.0,0.0,1.0,1.0
0.0,0.0,0.0,0.0,0.0,0.0,0.018623214665862805,0.005858018141326071,0.005563615098924508,0.0,0.0,0.0,0.0,0.0,0.01836241249413156,0.5,0.0,0.0,0.0,0.0,0.0,0.0011654797683556817,0.026546197042147224,0.014705162146638407,1.0,1.0,0.0,1.0,0.0,1.0,1.0
0.0,0.0,0.0,0.0,0.0,0.0,0.018623214665862805,0.005898960186020894,0.00494896940817028,0.0,0.0,0.0,0.0,0.0,0.01836241249413156,0.5,0.0,0.0,0.0,0.0,0.0,0.0011654797683556817,0.026546197042147224,0.014705162146638407,1.0,1.0,0.0,1.0,0.0,1.0,1.0
0.0,0.0,0.0,0.0,0.0,0.0,0.018623214665862805,0.005598465054872636,0.006094584805568983,0.0,0.0,0.0,0.0,0.0,0.0,0.0,0.0,0.0,0.0,0.0,0.0,0.0011654797683556817,0.026546197042147224,0.014705162146638407,1.0,1.0,0.0,1.0,1.0,1.0,1.0
0.0,0.0,0.0,0.0,0.0,0.0,0.018623214665862805,0.00822778846320739,0.007536787736430874,0.0,0.0,0.0,0.0,0.0,0.0,0.0,0.0,0.0,0.0,0.0,0.0,0.0011654797683556817,0.026546197042147224,0.014705162146638407,1.0,1.0,0.0,1.0,1.0,1.0,1.0
0.0,0.0,0.0,0.0,0.0,0.0,0.018623214665862805,0.007938180059669363,0.007689892514232011,0.0,0.0,0.0,0.0,0.0,0.0,0.0,0.0,0.0,0.0,0.0,0.0,0.0011654797683556817,0.026546197042147224,0.014705162146638407,1.0,1.0,0.0,1.0,1.0,1.0,1.0
0.0,0.0,0.0,0.0,0.0,0.0,0.018623214665862805,0.007016636320045196,0.008352143402637544,0.0,0.0,0.0,0.0,0.0,0.0,0.0,0.0,0.0,0.0,0.0,0.0,0.0011654797683556817,0.026546197042147224,0.014705162146638407,1.0,1.0,0.0,1.0,1.0,1.0,1.0
0.0,0.0,0.0,0.0,0.0,0.0,0.018623214665862805,0.0070730767118941966,0.006945074582739137,0.0,0.0,0.0,0.0,0.0,0.0,0.0,0.0,0.0,0.0,0.0,0.0,0.0011654797683556817,0.026546197042147224,0.014705162146638407,1.0,1.0,0.0,1.0,1.0,1.0,1.0
0.0,0.0,0.0,0.0,0.0,0.0,0.018623214665862805,0.007878465270628273,0.00669643240176393,0.0,0.0,0.0,0.0,0.0,0.0,0.0,0.0,0.0,0.0,0.0,0.0,0.0011654797683556817,0.026546197042147224,0.014705162146638407,1.0,1.0,0.0,1.0,1.0,1.0,1.0
0.0,0.0,0.0,0.0,0.0,0.0,0.018623214665862805,0.007214210758555195,0.007405608892258345,0.0,0.0,0.0,0.0,0.0,0.0,0.0,0.0,0.0,0.0,0.0,0.0,0.0011654797683556817,0.026546197042147224,0.014705162146638407,1.0,1.0,0.0,1.0,1.0,1.0,1.0
0.9371040817725026,0.38571428571428573,0.0,0.0,0.0,0.0,0.0,0.0,0.0,0.0,0.0,0.0,0.0,0.0,0.0,0.0,0.0,0.9411608418638355,0.16905219106404124,1.0,0.0,0.0011654797683556817,0.026546197042147224,0.014705162146638407,0.0,1.0,1.0,1.0,1.0,0.0,1.0
0.0,0.0,0.0,0.0,0.0,0.0,0.0,0.0,0.0,0.0,0.0,0.0,0.0,0.0,0.94220326517663,0.5,0.0,0.9411608418638355,0.2864952908103975,1.0,0.0,0.0011654797683556817,0.026546197042147224,0.014705162146638407,1.0,1.0,1.0,1.0,0.0,0.0,1.0
0.0,0.0,0.0,0.9388508764156885,0.0,0.0,0.0,0.0,0.0,0.9542773543523295,0.5864206011204225,0.9001312255859375,0.15647701605518588,0.9061484228356911,0.94220326517663,1.0,1.0,0.0,0.0,0.0,0.9524376422054124,0.3631695192234957,0.5503907793052739,0.8511470047086512,1.0,0.0,1.0,0.0,0.0,1.0,0.0
0.0,0.0,0.0,0.9388508764156885,0.0,0.0,0.0,0.0,0.0,0.0,0.0,0.0,0.0,0.0,0.0,0.0,0.0,0.0,0.0,0.0,0.9524376422054124,0.14734459228090824,0.4861056820722381,0.8063353481107269,1.0,0.0,1.0,1.0,1.0,1.0,0.0
0.9371040817725026,0.14285714285714285,0.0,0.9388508764156885,0.0,0.0,0.9555854205905152,0.02564737136560413,0.025037452362214174,0.0,0.0,0.0,0.0,0.0,0.0,0.0,0.0,0.0,0.0,0.0,0.0,0.0011654797683556817,0.026546197042147224,0.014705162146638407,0.0,0.0,0.0,1.0,1.0,1.0,1.0
0.9371040817725026,0.4035714285714286,0.0,0.0,0.0,0.0,0.0,0.0,0.0,0.0,0.0,0.0,0.0,0.0,0.0,0.0,0.0,0.0,0.0,0.0,0.0,0.0011654797683556817,0.026546197042147224,0.014705162146638407,0.0,1.0,1.0,1.0,1.0,1.0,1.0
0.9371040817725026,0.26785714285714285,0.0,0.0,0.0,0.0,0.0,0.0,0.0,0.0,0.0,0.0,0.0,0.0,0.0,0.0,0.0,0.0,0.0,0.0,0.9524376422054124,0.6200447298629935,0.5375851151975525,0.30801670962900646,0.0,1.0,1.0,1.0,1.0,1.0,0.0
0.9371040817725026,0.23571428571428568,0.0,0.0,0.0,0.0,0.0,0.0,0.0,0.0,0.0,0.0,0.0,0.0,0.94220326517663,0.5,0.0,0.9411608418638355,0.09094020064232877,0.5,0.0,0.0011654797683556817,0.026546197042147224,0.014705162146638407,0.0,1.0,1.0,1.0,0.0,0.0,1.0
0.9371040817725026,0.31071428571428567,0.0,0.0,0.0,0.0,0.0,0.0,0.0,0.0,0.0,0.0,0.0,0.0,0.0,0.0,0.0,0.0,0.0,0.0,0.9524376422054124,0.1362719861650844,0.4861056820722381,0.8063353481107269,0.0,1.0,1.0,1.0,1.0,1.0,0.0
0.0,0.0,0.0,0.0,0.0,0.0,0.0,0.0,0.0,0.0,0.0,0.0,0.0,0.0,0.0,0.0,0.0,0.0,0.0,0.0,0.9524376422054124,0.3484126941347254,0.5503907793052739,0.8511470047086512,1.0,1.0,1.0,1.0,1.0,1.0,0.0
0.0,0.0,0.0,0.9388508764156885,0.0,0.0,0.0,0.0,0.0,0.0,0.0,0.0,0.0,0.0,0.0,0.0,0.0,0.0,0.0,0.0,0.9524376422054124,0.6328229878884551,0.5375851151975525,0.30801670962900646,1.0,0.0,1.0,1.0,1.0,1.0,0.0
0.0,0.0,0.0,0.9388508764156885,0.0,0.0,0.0,0.0,0.0,0.0,0.0,0.0,0.0,0.0,0.0,0.0,0.0,0.0,0.0,0.0,0.0,0.0011654797683556817,0.026546197042147224,0.014705162146638407,1.0,0.0,1.0,1.0,1.0,1.0,1.0
0.9371040817725026,0.39999999999999997,0.0,0.9388508764156885,0.0,0.0,0.9555854205905152,0.02565001138693845,0.025174184975214346,0.9542773543523295,0.5864206011204225,0.9001312255859375,0.15647701605518588,0.9061484228356911,0.0,0.0,0.0,0.0,0.0,0.0,0.0,0.0011654797683556817,0.026546197042147224,0.014705162146638407,0.0,0.0,0.0,0.0,1.0,1.0,1.0
0.9371040817725026,0.11428571428571428,0.0,0.9388508764156885,0.0,0.0,0.9555854205905152,0.026542719079189862,0.026663110993631365,0.0,0.0,0.0,0.0,0.0,0.0,0.0,0.0,0.0,0.0,0.0,0.0,0.0011654797683556817,0.026546197042147224,0.014705162146638407,0.0,0.0,0.0,1.0,1.0,1.0,1.0
0.9371040817725026,0.907142857142857,1.0,0.0,0.0,0.0,0.0,0.0,0.0,0.9542773543523295,0.15754606096686052,0.66815185546875,0.7954184726207192,0.375589433685849,0.94220326517663,1.0,1.0,0.9411608418638355,0.24716028106054821,1.0,0.0,0.0011654797683556817,0.026546197042147224,0.014705162146638407,0.0,1.0,1.0,0.0,0.0,0.0,1.0
0.9371040817725026,0.7142857142857142,1.0,0.0,0.0,0.0,0.0,0.0,0.0,0.0,0.0,0.0,0.0,0.0,0.94220326517663,0.5,0.0,0.9411608418638355,0.125653974968297,0.5,0.0,0.0011654797683556817,0.026546197042147224,0.014705162146638407,0.0,1.0,1.0,1.0,0.0,0.0,1.0
0.9371040817725026,0.875,1.0,0.0,0.0,0.0,0.0,0.0,0.0,0.0,0.0,0.0,0.0,0.0,0.0,0.0,0.0,0.0,0.0,0.0,0.0,0.0011654797683556817,0.026546197042147224,0.014705162146638407,0.0,1.0,1.0,1.0,1.0,1.0,1.0
0.9371040817725026,0.9678571428571429,1.0,0.9388508764156885,1.0,0.0,0.0,0.0,0.0,0.0,0.0,0.0,0.0,0.0,0.0,0.0,0.0,0.0,0.0,0.0,0.0,0.0011654797683556817,0.026546197042147224,0.014705162146638407,0.0,0.0,1.0,1.0,1.0,1.0,1.0
0.9371040817725026,0.6821428571428572,1.0,0.0,0.0,0.0,0.9555854205905152,0.026607000297336623,0.02678669459064011,0.9542773543523295,0.15754606096686052,0.66815185546875,0.7954184726207192,0.375589433685849,0.94220326517663,0.5,0.0,0.9411608418638355,0.09094020064232877,0.5,0.0,0.0011654797683556817,0.026546197042147224,0.014705162146638407,0.0,1.0,0.0,0.0,0.0,0.0,1.0
0.9371040817725026,0.21785714285714283,0.0,0.9388508764156885,0.0,0.0,0.0,0.0,0.0,0.0,0.0,0.0,0.0,0.0,0.0,0.0,0.0,0.0,0.0,0.0,0.0,0.0011654797683556817,0.026546197042147224,0.014705162146638407,0.0,0.0,1.0,1.0,1.0,1.0,1.0
0.937462649223821,0.5357142857142857,1.0,0.0,0.0,0.0,0.0,0.0,0.0,0.0,0.0,0.0,0.0,0.0,0.0,0.0,0.0,0.0,0.0,0.0,0.0,0.0011654797683556817,0.026546197042147224,0.014705162146638407,0.0,1.0,1.0,1.0,1.0,1.0,1.0
0.937462649223821,0.07142857142857142,0.0,0.0,0.0,0.0,0.0,0.0,0.0,0.0,0.0,0.0,0.0,0.0,0.0,0.0,0.0,0.0,0.0,0.0,0.0,0.0011654797683556817,0.026546197042147224,0.014705162146638407,0.0,1.0,1.0,1.0,1.0,1.0,1.0
0.937462649223821,0.8035714285714285,1.0,0.0,0.0,0.0,0.0,0.0,0.0,0.0,0.0,0.0,0.0,0.0,0.0,0.0,0.0,0.0,0.0,0.0,0.0,0.0011654797683556817,0.026546197042147224,0.014705162146638407,0.0,1.0,1.0,1.0,1.0,1.0,1.0
0.937462649223821,0.07142857142857142,0.0,0.9392101122492235,0.0,0.0,0.0,0.0,0.0,0.0,0.0,0.0,0.0,0.0,0.0,0.0,0.0,0.0,0.0,0.0,0.0,0.0011654797683556817,0.026546197042147224,0.014705162146638407,0.0,0.0,1.0,1.0,1.0,1.0,1.0
0.937462649223821,0.9464285714285714,1.0,0.9392101122492235,0.0,0.0,0.0,0.0,0.0,0.0,0.0,0.0,0.0,0.0,0.0,0.0,0.0,0.0,0.0,0.0,0.9528020767912264,0.3132489036741811,0.6854494629152422,0.7716961691251655,0.0,0.0,1.0,1.0,1.0,1.0,0.0
0.937462649223821,0.6499999999999999,1.0,0.9392101122492235,0.0,0.0,0.9559510596219131,0.03977590421771342,0.04113047920479822,0.0,0.0,0.0,0.0,0.0,0.0,0.0,0.0,0.0,0.0,0.0,0.9528020767912264,0.7686214929521263,0.476953140999809,0.20845177935864795,0.0,0.0,0.0,1.0,1.0,1.0,0.0
0.937462649223821,0.907142857142857,1.0,0.0,0.0,0.0,0.0,0.0,0.0,0.9546424928737132,0.38883546274671427,0.2425537109375,0.3069562297784018,0.5108120068977094,0.942563783746541,1.0,1.0,0.9415209615676251,0.3189438711452439,1.0,0.9528020767912264,0.061410435649161155,0.4037897768767347,0.641134754315219,0.0,1.0,1.0,0.0,0.0,0.0,0.0
0.937462649223821,0.6821428571428572,1.0,0.0,0.0,0.0,0.0,0.0,0.0,0.0,0.0,0.0,0.0,0.0,0.0,0.0,0.0,0.0,0.0,0.0,0.0,0.0011654797683556817,0.026546197042147224,0.014705162146638407,0.0,1.0,1.0,1.0,1.0,1.0,1.0
0.937462649223821,0.21428571428571427,0.0,0.0,0.0,0.0,0.0,0.0,0.0,0.0,0.0,0.0,0.0,0.0,0.0,0.0,0.0,0.0,0.0,0.0,0.0,0.0011654797683556817,0.026546197042147224,0.014705162146638407,0.0,1.0,1.0,1.0,1.0,1.0,1.0
0.937462649223821,0.21428571428571427,0.0,0.0,0.0,0.0,0.0,0.0,0.0,0.0,0.0,0.0,0.0,0.0,0.0,0.0,0.0,0.0,0.0,0.0,0.0,0.0011654797683556817,0.026546197042147224,0.014705162146638407,0.0,1.0,1.0,1.0,1.0,1.0,1.0
0.937462649223821,0.3678571428571429,0.0,0.9392101122492235,0.0,0.0,0.9559510596219131,0.041208348611731706,0.04073817594184592,0.9546424928737132,0.06189800186228266,0.30352783203125,0.2720377266345156,0.6886874513574143,0.942563783746541,0.5,0.0,0.9415209615676251,0.2958653416656398,1.0,0.0,0.0011654797683556817,0.026546197042147224,0.014705162146638407,0.0,0.0,0.0,0.0,0.0,0.0,1.0
0.937462649223821,0.6499999999999999,1.0,0.0,0.0,0.0,0.0,0.0,0.0,0.0,0.0,0.0,0.0,0.0,0.0,0.0,0.0,0.0,0.0,0.0,0.0,0.0011654797683556817,0.026546197042147224,0.014705162146638407,0.0,1.0,1.0,1.0,1.0,1.0,1.0
0.937462649223821,0.9035714285714286,1.0,0.0,0.0,0.0,0.0,0.0,0.0,0.0,0.0,0.0,0.0,0.0,0.0,0.0,0.0,0.0,0.0,0.0,0.0,0.0011654797683556817,0.026546197042147224,0.014705162146638407,0.0,1.0,1.0,1.0,1.0,1.0,1.0
0.937462649223821,0.5607142857142856,1.0,0.9392101122492235,0.0,0.0,0.9559510596219131,0.04125636941190059,0.04075590004679927,0.9546424928737132,0.06189800186228266,0.30352783203125,0.2720377266345156,0.6886874513574143,0.0,0.0,0.0,0.0,0.0,0.0,0.0,0.0011654797683556817,0.026546197042147224,0.014705162146638407,0.0,0.0,0.0,0.0,1.0,1.0,1.0
0.937462649223821,0.6821428571428572,1.0,0.0,0.0,0.0,0.0,0.0,0.0,0.0,0.0,0.0,0.0,0.0,0.942563783746541,1.0,1.0,0.9415209615676251,0.25940078204989536,1.0,0.0,0.0011654797683556817,0.026546197042147224,0.014705162146638407,0.0,1.0,1.0,1.0,0.0,0.0,1.0
0.937462649223821,0.6107142857142858,1.0,0.0,0.0,0.0,0.0,0.0,0.0,0.0,0.0,0.0,0.0,0.0,0.0,0.0,0.0,0.0,0.0,0.0,0.0,0.0011654797683556817,0.026546197042147224,0.014705162146638407,0.0,1.0,1.0,1.0,1.0,1.0,1.0
0.937462649223821,0.07142857142857142,0.0,0.0,0.0,0.0,0.0,0.0,0.0,0.0,0.0,0.0,0.0,0.0,0.0,0.0,0.0,0.0,0.0,0.0,0.0,0.0011654797683556817,0.026546197042147224,0.014705162146638407,0.0,1.0,1.0,1.0,1.0,1.0,1.0
0.937462649223821,0.42857142857142855,1.0,0.9392101122492235,0.0,0.0,0.9559510596219131,0.040171330345848674,0.04154768441287744,0.0,0.0,0.0,0.0,0.0,0.0,0.0,0.0,0.0,0.0,0.0,0.0,0.0011654797683556817,0.026546197042147224,0.014705162146638407,0.0,0.0,0.0,1.0,1.0,1.0,1.0
0.0,0.0,0.0,0.9392101122492235,0.0,0.0,0.0,0.0,0.0,0.9546424928737132,0.06189800186228266,0.30352783203125,0.2720377266345156,0.6886874513574143,0.942563783746541,1.0,1.0,0.9415209615676251,0.3712664247130486,0.5,0.9528020767912264,0.056824634718486644,0.42252028301178096,0.641134754315219,1.0,0.0,1.0,0.0,0.0,0.0,0.0
0.0,0.0,0.0,0.0,0.0,0.0,0.0,0.0,0.0,0.0,0.0,0.0,0.0,0.0,0.0,0.0,0.0,0.0,0.0,0.0,0.9528020767912264,0.7777868453193196,0.48323340501211237,0.20845177935864795,1.0,1.0,1.0,1.0,1.0,1.0,0.0
0.0,0.0,0.0,0.9722837579900037,0.0,0.0,0.0,0.0,0.0,0.0,0.0,0.0,0.0,0.0,0.9757555267496767,1.0,1.0,0.9746759822965154,0.17878433851618158,1.0,0.9863543543251704,0.5451546780551894,0.5798379809490092,0.05940365810472428,1.0,0.0,1.0,1.0,0.0,0.0,0.0
0.9704747592418769,0.8857142857142857,1.0,0.0,0.0,0.0,0.0,0.0,0.0,0.0,0.0,0.0,0.0,0.0,0.0,0.0,0.0,0.9746759822965154,0.1640984728102004,1.0,0.0,0.0011654797683556817,0.026546197042147224,0.014705162146638407,0.0,1.0,1.0,1.0,1.0,0.0,1.0
0.9704747592418769,0.782142857142857,1.0,0.9722837579900037,0.0,0.0,0.9896142264459399,0.005860301412203431,0.0061002466614936204,0.0,0.0,0.0,0.0,0.0,0.9757555267496767,1.0,1.0,0.9746759822965154,0.20053183357131044,1.0,0.9863543543251704,0.8893170447227742,0.5530475160570566,0.38310254253691983,0.0,0.0,0.0,1.0,0.0,0.0,0.0
0.0,0.0,0.0,0.0,0.0,0.0,0.9896142264459399,0.0160066236144297,0.01433429752236252,0.0,0.0,0.0,0.0,0.0,0.0,0.0,0.0,0.9746759822965154,0.09094020064232877,0.5,0.9863543543251704,0.6132287831200992,0.5920756069947976,0.12975548674593967,1.0,1.0,0.0,1.0,1.0,0.0,0.0
0.9704747592418769,0.08214285714285713,0.0,0.9722837579900037,0.0,0.0,0.9896142264459399,0.04555739350374249,0.04734910476654089,0.0,0.0,0.0,0.0,0.0,0.9757555267496767,0.5,0.0,0.0,0.0,0.0,0.9863543543251704,0.27211365259807907,0.5516129000268941,0.4377192593277205,0.0,0.0,0.0,1.0,0.0,1.0,0.0
0.9704747592418769,0.6499999999999999,1.0,0.9722837579900037,0.0,0.0,0.0,0.0,0.0,0.0,0.0,0.0,0.0,0.0,0.9757555267496767,1.0,1.0,0.9746759822965154,0.09094020064232877,0.5,0.0,0.0011654797683556817,0.026546197042147224,0.014705162146638407,0.0,0.0,1.0,1.0,0.0,0.0,1.0
0.9704747592418769,0.9571428571428571,1.0,0.9722837579900037,0.0,0.0,0.9896142264459399,0.03184184863948943,0.03516737053327247,0.0,0.0,0.0,0.0,0.0,0.0,0.0,0.0,0.0,0.0,0.0,0.9863543543251704,0.5612281265049163,0.5798379809490092,0.044144984261979534,0.0,0.0,0.0,1.0,1.0,1.0,0.0
0.0,0.0,0.0,0.0,0.0,0.0,0.9896142264459399,0.005864514726509385,0.006155401110240998,0.0,0.0,0.0,0.0,0.0,0.0,0.0,0.0,0.0,0.0,0.0,0.9863543543251704,0.620515311125572,0.5920756069947976,0.12975548674593967,1.0,1.0,0.0,1.0,1.0,1.0,0.0
0.9704747592418769,0.9464285714285714,1.0,0.9722837579900037,0.0,0.0,0.9896142264459399,0.0160832969675703,0.014384125857182635,0.0,0.0,0.0,0.0,0.0,0.9757555267496767,0.5,0.0,0.0,0.0,0.0,0.9863543543251704,0.8891069439788631,0.5530475160570566,0.38310254253691983,0.0,0.0,0.0,1.0,0.0,1.0,0.0
0.9704747592418769,0.6107142857142858,1.0,0.9722837579900037,0.0,0.0,0.9896142264459399,0.045780491913142825,0.047414705541159785,0.0,0.0,0.0,0.0,0.0,0.0,0.0,0.0,0.9746759822965154,0.16071506083334253,1.0,0.0,0.0011654797683556817,0.026546197042147224,0.014705162146638407,0.0,0.0,0.0,1.0,1.0,0.0,1.0
0.9704747592418769,0.3214285714285714,0.0,0.9722837579900037,0.0,0.0,0.9896142264459399,0.0318579735697308,0.03521709266698085,0.0,0.0,0.0,0.0,0.0,0.0,0.0,0.0,0.0,0.0,0.0,0.9863543543251704,0.5466529806531438,0.5798379809490092,0.044144984261979534,0.0,0.0,0.0,1.0,1.0,1.0,0.0
0.9704747592418769,0.7321428571428571,1.0,0.9722837579900037,0.0,0.0,0.0,0.0,0.0,0.0,0.0,0.0,0.0,0.0,0.0,0.0,0.0,0.0,0.0,0.0,0.9863543543251704,0.9023392513618794,0.5530475160570566,0.43274742148596945,0.0,0.0,1.0,1.0,1.0,1.0,0.0
0.0,0.0,0.0,0.0,0.0,0.0,0.9896142264459399,0.0058706072958746355,0.006169816464626637,0.0,0.0,0.0,0.0,0.0,0.0,0.0,0.0,0.9746759822965154,0.09094020064232877,0.5,0.9863543543251704,0.6354107578353084,0.5920756069947976,0.10432303635617386,1.0,1.0,0.0,1.0,1.0,0.0,0.0
0.0,0.0,0.0,0.0,0.0,0.0,0.9896142264459399,0.045800119429396394,0.04751993408874826,0.0,0.0,0.0,0.0,0.0,0.9757555267496767,1.0,1.0,0.0,0.0,0.0,0.0,0.0011654797683556817,0.026546197042147224,0.014705162146638407,1.0,1.0,0.0,1.0,0.0,1.0,1.0
0.0,0.0,0.0,0.0,0.0,0.0,0.9896142264459399,0.0161271892127588,0.014400615978459777,0.0,0.0,0.0,0.0,0.0,0.0,0.0,0.0,0.9746759822965154,0.7481871664386763,0.5,0.0,0.0011654797683556817,0.026546197042147224,0.014705162146638407,1.0,1.0,0.0,1.0,1.0,0.0,1.0
0.0,0.0,0.0,0.0,0.0,0.0,0.0,0.0,0.0,0.0,0.0,0.0,0.0,0.0,0.0,0.0,0.0,0.9746759822965154,0.7355904072133126,1.0,0.0,0.0011654797683556817,0.026546197042147224,0.014705162146638407,1.0,1.0,1.0,1.0,1.0,0.0,1.0
0.9704747592418769,0.10357142857142856,0.0,0.9722837579900037,0.0,0.0,0.0,0.0,0.0,0.0,0.0,0.0,0.0,0.0,0.9757555267496767,1.0,1.0,0.9746759822965154,0.18499401642125957,1.0,0.9863543543251704,0.2685921870797351,0.5516129000268941,0.4377192593277205,0.0,0.0,1.0,1.0,0.0,0.0,0.0
0.0,0.0,0.0,0.0,0.0,0.0,0.0,0.0,0.0,0.0,0.0,0.0,0.0,0.0,0.9757555267496767,1.0,1.0,0.0,0.0,0.0,0.0,0.0011654797683556817,0.026546197042147224,0.014705162146638407,1.0,1.0,1.0,1.0,0.0,1.0,1.0
0.9704747592418769,0.14285714285714285,0.0,0.9722837579900037,0.0,0.0,0.0,0.0,0.0,0.0,0.0,0.0,0.0,0.0,0.9757555267496767,0.5,0.0,0.0,0.0,0.0,0.0,0.0011654797683556817,0.026546197042147224,0.014705162146638407,0.0,0.0,1.0,1.0,0.0,1.0,1.0
0.9704747592418769,0.1464285714285714,0.0,0.9722837579900037,0.0,0.0,0.9896142264459399,0.03187661371706054,0.03527357495921457,0.0,0.0,0.0,0.0,0.0,0.0,0.0,0.0,0.0,0.0,0.0,0.9863543543251704,0.5357926964553384,0.5798379809490092,0.08482967079105797,0.0,0.0,0.0,1.0,1.0,1.0,0.0
0.0,0.0,0.0,0.0,0.0,0.0,0.8912817029353503,0.15528230854069022,0.1488436566057467,0.8900616597249776,0.46866938376761147,0.22900390625,0.6654203040107441,0.8468311739840376,0.0,0.0,0.0,0.0,0.0,0.0,0.0,0.0011654797683556817,0.026546197042147224,0.014705162146638407,1.0,1.0,0.0,0.0,1.0,1.0,1.0
0.0,0.0,0.0,0.0,0.0,0.0,0.8912817029353503,0.181911715715222,0.18009861181915765,0.0,0.0,0.0,0.0,0.0,0.0,0.0,0.0,0.0,0.0,0.0,0.0,0.0011654797683556817,0.026546197042147224,0.014705162146638407,1.0,1.0,0.0,1.0,1.0,1.0,1.0
0.874044019333957,0.14285714285714285,0.0,0.0,0.0,0.0,0.8912817029353503,0.216592225609497,0.21685425262611352,0.0,0.0,0.0,0.0,0.0,0.8788000660149559,0.5,0.0,0.0,0.0,0.0,0.0,0.0011654797683556817,0.026546197042147224,0.014705162146638407,0.0,1.0,0.0,1.0,0.0,1.0,1.0
0.0,0.0,0.0,0.8756732678246834,0.0,0.0,0.8912817029353503,0.11565957220070792,0.11598551724159979,0.8900616597249776,0.0789791027461037,0.9913482666015625,0.7259324827544106,0.31134306948068796,0.8788000660149559,0.5,0.0,0.0,0.0,0.0,0.0,0.0011654797683556817,0.026546197042147224,0.014705162146638407,1.0,0.0,0.0,0.0,0.0,1.0,1.0
0.874044019333957,0.3571428571428571,0.0,0.8756732678246834,0.0,0.0,0.0,0.0,0.0,0.8900616597249776,0.46866938376761147,0.22900390625,0.6654203040107441,0.8468311739840376,0.8788000660149559,1.0,1.0,0.0,0.0,0.0,0.0,0.0011654797683556817,0.026546197042147224,0.014705162146638407,0.0,0.0,1.0,0.0,0.0,1.0,1.0
0.874044019333957,0.21428571428571427,0.0,0.0,0.0,0.0,0.0,0.0,0.0,0.0,0.0,0.0,0.0,0.0,0.0,0.0,0.0,0.0,0.0,0.0,0.0,0.0011654797683556817,0.026546197042147224,0.014705162146638407,0.0,1.0,1.0,1.0,1.0,1.0,1.0
0.874044019333957,0.3892857142857143,0.0,0.0,0.0,0.0,0.0,0.0,0.0,0.0,0.0,0.0,0.0,0.0,0.0,0.0,0.0,0.0,0.0,0.0,0.0,0.0011654797683556817,0.026546197042147224,0.014705162146638407,0.0,1.0,1.0,1.0,1.0,1.0,1.0
0.874044019333957,0.8321428571428571,1.0,0.8756732678246834,0.0,0.0,0.0,0.0,0.0,0.0,0.0,0.0,0.0,0.0,0.0,0.0,0.0,0.0,0.0,0.0,0.0,0.0011654797683556817,0.026546197042147224,0.014705162146638407,0.0,0.0,1.0,1.0,1.0,1.0,1.0
0.0,0.0,0.0,0.8756732678246834,0.0,0.0,0.0,0.0,0.0,0.8900616597249776,0.0789791027461037,0.9913482666015625,0.7259324827544106,0.31134306948068796,0.0,0.0,0.0,0.0,0.0,0.0,0.0,0.0011654797683556817,0.026546197042147224,0.014705162146638407,1.0,0.0,1.0,0.0,1.0,1.0,1.0
0.874044019333957,0.8357142857142856,1.0,0.0,0.0,0.0,0.8912817029353503,0.11649773009920221,0.11272390962204386,0.8900616597249776,0.0789791027461037,0.9913482666015625,0.7259324827544106,0.31134306948068796,0.8788000660149559,0.5,0.0,0.0,0.0,0.0,0.0,0.0011654797683556817,0.026546197042147224,0.014705162146638407,0.0,1.0,0.0,0.0,0.0,1.0,1.0
0.0,0.0,0.0,0.0,0.0,0.0,0.8912817029353503,0.216739736270103,0.2169969048890818,0.8900616597249776,0.0789791027461037,0.9913482666015625,0.7259324827544106,0.31134306948068796,0.0,0.0,0.0,0.0,0.0,0.0,0.0,0.0011654797683556817,0.026546197042147224,0.014705162146638407,1.0,1.0,0.0,0.0,1.0,1.0,1.0
0.0,0.0,0.0,0.0,0.0,0.0,0.8912817029353503,0.1553867474372808,0.14901741032205,0.0,0.0,0.0,0.0,0.0,0.8788000660149559,0.5,0.0,0.0,0.0,0.0,0.0,0.0011654797683556817,0.026546197042147224,0.014705162146638407,1.0,1.0,0.0,1.0,0.0,1.0,1.0
0.0,0.0,0.0,0.8756732678246834,0.0,0.0,0.8912817029353503,0.1819463622387525,0.18010848833944365,0.0,0.0,0.0,0.0,0.0,0.8788000660149559,1.0,1.0,0.0,0.0,0.0,0.0,0.0011654797683556817,0.026546197042147224,0.014705162146638407,1.0,0.0,0.0,1.0,0.0,1.0,1.0
0.874044019333957,0.7607142857142857,1.0,0.0,0.0,0.0,0.8912817029353503,0.11573539978296371,0.1160539041840745,0.8900616597249776,0.8846911205751705,0.722320556640625,0.4617392100604359,0.44070564177692323,0.8788000660149559,1.0,1.0,0.0,0.0,0.0,0.0,0.0011654797683556817,0.026546197042147224,0.014705162146638407,0.0,1.0,0.0,0.0,0.0,1.0,1.0
0.874044019333957,0.6714285714285714,1.0,0.8756732678246834,0.0,0.0,0.0,0.0,0.0,0.8900616597249776,0.8846911205751705,0.722320556640625,0.4617392100604359,0.44070564177692323,0.0,0.0,0.0,0.0,0.0,0.0,0.0,0.0011654797683556817,0.026546197042147224,0.014705162146638407,0.0,0.0,1.0,0.0,1.0,1.0,1.0
0.874044019333957,0.47857142857142854,1.0,0.8756732678246834,0.0,0.0,0.0,0.0,0.0,0.8900616597249776,0.8846911205751705,0.722320556640625,0.4617392100604359,0.44070564177692323,0.0,0.0,0.0,0.0,0.0,0.0,0.0,0.0011654797683556817,0.026546197042147224,0.014705162146638407,0.0,0.0,1.0,0.0,1.0,1.0,1.0
0.874044019333957,0.5178571428571428,1.0,0.8756732678246834,0.0,0.0,0.0,0.0,0.0,0.8900616597249776,0.8846911205751705,0.722320556640625,0.4617392100604359,0.44070564177692323,0.0,0.0,0.0,0.0,0.0,0.0,0.0,0.0011654797683556817,0.026546197042147224,0.014705162146638407,0.0,0.0,1.0,0.0,1.0,1.0,1.0
0.0,0.0,0.0,0.8756732678246834,0.0,0.0,0.8912817029353503,0.11654738065858752,0.11295654046565047,0.0,0.0,0.0,0.0,0.0,0.8788000660149559,1.0,1.0,0.0,0.0,0.0,0.0,0.0011654797683556817,0.026546197042147224,0.014705162146638407,1.0,0.0,0.0,1.0,0.0,1.0,1.0
0.0,0.0,0.0,0.0,0.0,0.0,0.8912817029353503,0.1554020167071409,0.14904744906846723,0.8900616597249776,0.7792737097586665,0.8603973388671875,0.9157865820157499,0.17163393306780206,0.0,0.0,0.0,0.0,0.0,0.0,0.0,0.0011654797683556817,0.026546197042147224,0.014705162146638407,1.0,1.0,0.0,0.0,1.0,1.0,1.0
0.0,0.0,0.0,0.0,0.0,0.0,0.8912817029353503,0.21678096146181902,0.2171434287318889,0.0,0.0,0.0,0.0,0.0,0.8788000660149559,0.5,0.0,0.0,0.0,0.0,0.0,0.0011654797683556817,0.026546197042147224,0.014705162146638407,1.0,1.0,0.0,1.0,0.0,1.0,1.0
0.0,0.0,0.0,0.9384197934154467,0.0,0.0,0.0,0.0,0.0,0.0,0.0,0.0,0.0,0.0,0.0,0.0,0.0,0.0,0.0,0.0,0.0,0.0011654797683556817,0.026546197042147224,0.014705162146638407,1.0,0.0,1.0,1.0,1.0,1.0,1.0
0.0,0.0,0.0,0.9384197934154467,0.0,0.0,0.0,0.0,0.0,0.953839188126669,0.4792935537543313,0.051483154296875,0.8655301874122459,0.9079949335408751,0.0,0.0,0.0,0.0,0.0,0.0,0.9520003207024356,0.05417813811023098,0.5329766663953461,0.8134324928221416,1.0,0.0,1.0,0.0,1.0,1.0,0.0
0.9366977053276749,0.5392857142857143,1.0,0.9384437424710157,1.0,0.0,0.0,0.0,0.0,0.953839188126669,0.4792935537543313,0.051483154296875,0.8655301874122459,0.9079949335408751,0.9417946774640643,0.5,0.0,0.9407527061995408,0.32315678234003453,1.0,0.9520003207024356,0.2104117883993526,0.609296725720547,0.7753054433081662,0.0,0.0,1.0,0.0,0.0,0.0,0.0
0.9366977053276749,0.31785714285714284,0.0,0.0,0.0,0.0,0.0,0.0,0.0,0.0,0.0,0.0,0.0,0.0,0.0,0.0,0.0,0.0,0.0,0.0,0.0,0.0011654797683556817,0.026546197042147224,0.014705162146638407,0.0,1.0,1.0,1.0,1.0,1.0,1.0
0.9366977053276749,0.22857142857142856,0.0,0.0,0.0,0.0,0.0,0.0,0.0,0.0,0.0,0.0,0.0,0.0,0.0,0.0,0.0,0.0,0.0,0.0,0.0,0.0011654797683556817,0.026546197042147224,0.014705162146638407,0.0,1.0,1.0,1.0,1.0,1.0,1.0
0.9366977053276749,0.7142857142857142,1.0,0.0,0.0,0.0,0.0,0.0,0.0,0.0,0.0,0.0,0.0,0.0,0.9417946774640643,0.5,0.0,0.9407527061995408,0.6281234647560585,1.0,0.9520246163414898,0.2174406411650307,0.609296725720547,0.7753054433081662,0.0,1.0,1.0,1.0,0.0,0.0,0.0
0.9366977053276749,0.9357142857142856,1.0,0.0,0.0,0.0,0.0,0.0,0.0,0.0,0.0,0.0,0.0,0.0,0.0,0.0,0.0,0.0,0.0,0.0,0.9520246163414898,0.610334257701506,0.5081039977058792,0.44830256089907583,0.0,1.0,1.0,1.0,1.0,1.0,0.0
0.9366977053276749,0.35000000000000003,0.0,0.0,0.0,0.0,0.9551710296882644,0.008430897127882905,0.008102874635103098,0.0,0.0,0.0,0.0,0.0,0.0,0.0,0.0,0.0,0.0,0.0,0.9520246163414898,0.08316038723963193,0.5329766663953461,0.8448631713887889,0.0,1.0,0.0,1.0,1.0,1.0,0.0
0.9366977053276749,0.14285714285714285,0.0,0.9384437424710157,0.0,0.0,0.9551710296882644,0.00888437035400058,0.009087672014439642,0.9538635306947613,0.7350826578742501,0.7051239013671875,0.17665282949758865,0.41841016954325566,0.0,0.0,0.0,0.0,0.0,0.0,0.0,0.0011654797683556817,0.026546197042147224,0.014705162146638407,0.0,0.0,0.0,0.0,1.0,1.0,1.0
0.9366977053276749,0.14285714285714285,0.0,0.9384437424710157,0.0,0.0,0.0,0.0,0.0,0.9538635306947613,0.7350826578742501,0.7051239013671875,0.17665282949758865,0.41841016954325566,0.0,0.0,0.0,0.0,0.0,0.0,0.0,0.0011654797683556817,0.026546197042147224,0.014705162146638407,0.0,0.0,1.0,0.0,1.0,1.0,1.0
0.9366977053276749,0.07142857142857142,0.0,0.9384437424710157,0.0,0.0,0.0,0.0,0.0,0.0,0.0,0.0,0.0,0.0,0.0,0.0,0.0,0.0,0.0,0.0,0.9520246163414898,0.6028642587447551,0.5081039977058792,0.44830256089907583,0.0,0.0,1.0,1.0,1.0,1.0,0.0
0.9366977053276749,0.20714285714285713,0.0,0.9384437424710157,0.0,0.0,0.0,0.0,0.0,0.0,0.0,0.0,0.0,0.0,0.0,0.0,0.0,0.0,0.0,0.0,0.0,0.0011654797683556817,0.026546197042147224,0.014705162146638407,0.0,0.0,1.0,1.0,1.0,1.0,1.0
0.9366977053276749,0.7928571428571428,1.0,0.0,0.0,0.0,0.0,0.0,0.0,0.0,0.0,0.0,0.0,0.0,0.0,0.0,0.0,0.0,0.0,0.0,0.0,0.0011654797683556817,0.026546197042147224,0.014705162146638407,0.0,1.0,1.0,1.0,1.0,1.0,1.0
0.9366977053276749,0.5785714285714285,1.0,0.0,0.0,0.0,0.0,0.0,0.0,0.0,0.0,0.0,0.0,0.0,0.0,0.0,0.0,0.0,0.0,0.0,0.0,0.0011654797683556817,0.026546197042147224,0.014705162146638407,0.0,1.0,1.0,1.0,1.0,1.0,1.0
0.9366977053276749,0.3,0.0,0.0,0.0,0.0,0.0,0.0,0.0,0.0,0.0,0.0,0.0,0.0,0.0,0.0,0.0,0.0,0.0,0.0,0.0,0.0011654797683556817,0.026546197042147224,0.014705162146638407,0.0,1.0,1.0,1.0,1.0,1.0,1.0
0.9366977053276749,0.3428571428571428,0.0,0.0,0.0,0.0,0.0,0.0,0.0,0.0,0.0,0.0,0.0,0.0,0.0,0.0,0.0,0.0,0.0,0.0,0.0,0.0011654797683556817,0.026546197042147224,0.014705162146638407,0.0,1.0,1.0,1.0,1.0,1.0,1.0
0.9366977053276749,0.31785714285714284,0.0,0.0,0.0,0.0,0.0,0.0,0.0,0.0,0.0,0.0,0.0,0.0,0.0,0.0,0.0,0.0,0.0,0.0,0.0,0.0011654797683556817,0.026546197042147224,0.014705162146638407,0.0,1.0,1.0,1.0,1.0,1.0,1.0
0.9366977053276749,0.4678571428571428,1.0,0.0,0.0,0.0,0.0,0.0,0.0,0.0,0.0,0.0,0.0,0.0,0.9417946774640643,0.5,0.0,0.9407527061995408,0.2573618572813938,1.0,0.9520246163414898,0.2180152272224849,0.609296725720547,0.8192989548739841,0.0,1.0,1.0,1.0,0.0,0.0,0.0
0.9366977053276749,0.5178571428571428,1.0,0.0,0.0,0.0,0.0,0.0,0.0,0.0,0.0,0.0,0.0,0.0,0.0,0.0,0.0,0.0,0.0,0.0,0.9520246163414898,0.587820112554769,0.5058153174438963,0.45109667661854197,0.0,1.0,1.0,1.0,1.0,1.0,0.0
0.9366977053276749,0.8142857142857143,1.0,0.0,0.0,0.0,0.0,0.0,0.0,0.9538635306947613,0.04267985529147776,0.0398101806640625,0.20841218484829985,0.37590990248592226,0.0,0.0,0.0,0.0,0.0,0.0,0.0,0.0011654797683556817,0.026546197042147224,0.014705162146638407,0.0,1.0,1.0,0.0,1.0,1.0,1.0
0.0,0.0,0.0,0.0,0.0,0.0,0.8912817029353503,0.11631620124239624,0.11225658246969165,0.8900616597249776,0.518813634351483,0.9344482421875,0.6838868200964532,0.9656487967159579,0.0,0.0,0.0,0.0,0.0,0.0,0.0,0.0011654797683556817,0.026546197042147224,0.014705162146638407,1.0,1.0,0.0,0.0,1.0,1.0,1.0
0.874044019333957,0.3964285714285714,0.0,0.8756732678246834,0.0,0.0,0.8912817029353503,0.21645441839271018,0.21680812545496897,0.0,0.0,0.0,0.0,0.0,0.0,0.0,0.0,0.0,0.0,0.0,0.0,0.0011654797683556817,0.026546197042147224,0.014705162146638407,0.0,0.0,0.0,1.0,1.0,1.0,1.0
0.0,0.0,0.0,0.0,0.0,0.0,0.8912817029353503,0.18177028732204392,0.179812683270137,0.8900616597249776,0.016852131703072763,0.6451568603515625,0.725032049325438,0.962535671229532,0.8788000660149559,0.5,0.0,0.0,0.0,0.0,0.0,0.0011654797683556817,0.026546197042147224,0.014705162146638407,1.0,1.0,0.0,0.0,0.0,1.0,1.0
0.0,0.0,0.0,0.0,0.0,0.0,0.8912817029353503,0.15527073047132436,0.14866420228842353,0.0,0.0,0.0,0.0,0.0,0.8788000660149559,0.5,0.0,0.0,0.0,0.0,0.0,0.0011654797683556817,0.026546197042147224,0.014705162146638407,1.0,1.0,0.0,1.0,0.0,1.0,1.0
0.874044019333957,0.23928571428571427,0.0,0.8756732678246834,0.0,0.0,0.8912817029353503,0.11546727207793421,0.11586890660817166,0.8900616597249776,0.016852131703072763,0.6451568603515625,0.725032049325438,0.962535671229532,0.8788000660149559,0.5,0.0,0.0,0.0,0.0,0.0,0.0011654797683556817,0.026546197042147224,0.014705162146638407,0.0,0.0,0.0,0.0,0.0,1.0,1.0
0.874044019333957,0.07142857142857142,0.0,0.8756732678246834,0.0,0.0,0.0,0.0,0.0,0.0,0.0,0.0,0.0,0.0,0.8788000660149559,0.5,0.0,0.0,0.0,0.0,0.0,0.0011654797683556817,0.026546197042147224,0.014705162146638407,0.0,0.0,1.0,1.0,0.0,1.0,1.0
0.874044019333957,0.5071428571428571,1.0,0.0,0.0,0.0,0.0,0.0,0.0,0.8900616597249776,0.016852131703072763,0.6451568603515625,0.725032049325438,0.962535671229532,0.8788000660149559,0.5,0.0,0.0,0.0,0.0,0.0,0.0011654797683556817,0.026546197042147224,0.014705162146638407,0.0,1.0,1.0,0.0,0.0,1.0,1.0
0.874044019333957,0.3428571428571428,0.0,0.8756732678246834,0.0,0.0,0.0,0.0,0.0,0.0,0.0,0.0,0.0,0.0,0.0,0.0,0.0,0.0,0.0,0.0,0.0,0.0011654797683556817,0.026546197042147224,0.014705162146638407,0.0,0.0,1.0,1.0,1.0,1.0,1.0
0.0,0.0,0.0,0.8756732678246834,1.0,0.0,0.0,0.0,0.0,0.8900616597249776,0.016852131703072763,0.6451568603515625,0.725032049325438,0.962535671229532,0.0,0.0,0.0,0.0,0.0,0.0,0.0,0.0011654797683556817,0.026546197042147224,0.014705162146638407,1.0,0.0,1.0,0.0,1.0,1.0,1.0
0.874044019333957,0.49642857142857144,1.0,0.8756732678246834,1.0,0.0,0.8912817029353503,0.11636460368664522,0.11226172432469005,0.8900616597249776,0.027201538672894626,0.6051025390625,0.9534674317807216,0.16087533763677153,0.8788000660149559,1.0,1.0,0.0,0.0,0.0,0.0,0.0011654797683556817,0.026546197042147224,0.014705162146638407,0.0,0.0,0.0,0.0,0.0,1.0,1.0
0.0,0.0,0.0,0.0,0.0,0.0,0.8912817029353503,0.1552822424956423,0.14873688676874783,0.8900616597249776,0.027201538672894626,0.6051025390625,0.9534674317807216,0.16087533763677153,0.0,0.0,0.0,0.0,0.0,0.0,0.0,0.0011654797683556817,0.026546197042147224,0.014705162146638407,1.0,1.0,0.0,0.0,1.0,1.0,1.0
0.0,0.0,0.0,0.0,0.0,0.0,0.8912817029353503,0.18178065217930975,0.1798811989173728,0.0,0.0,0.0,0.0,0.0,0.0,0.0,0.0,0.0,0.0,0.0,0.0,0.0011654797683556817,0.026546197042147224,0.014705162146638407,1.0,1.0,0.0,1.0,1.0,1.0,1.0
0.0,0.0,0.0,0.0,0.0,0.0,0.8912817029353503,0.2165121001571048,0.21684882245340728,0.0,0.0,0.0,0.0,0.0,0.8788000660149559,0.5,0.0,0.0,0.0,0.0,0.0,0.0011654797683556817,0.026546197042147224,0.014705162146638407,1.0,1.0,0.0,1.0,0.0,1.0,1.0
0.0,0.0,0.0,0.0,0.0,0.0,0.8912817029353503,0.11552905523071894,0.1159410354186446,0.0,0.0,0.0,0.0,0.0,0.8788000660149559,1.0,1.0,0.0,0.0,0.0,0.0,0.0011654797683556817,0.026546197042147224,0.014705162146638407,1.0,1.0,0.0,1.0,0.0,1.0,1.0
0.874044019333957,0.4107142857142857,0.0,0.8756732678246834,0.0,0.0,0.0,0.0,0.0,0.0,0.0,0.0,0.0,0.0,0.8788000660149559,1.0,1.0,0.0,0.0,0.0,0.0,0.0011654797683556817,0.026546197042147224,0.014705162146638407,0.0,0.0,1.0,1.0,0.0,1.0,1.0
0.874044019333957,0.15357142857142855,0.0,0.0,0.0,0.0,0.0,0.0,0.0,0.8900616597249776,0.027201538672894626,0.6051025390625,0.9534674317807216,0.16087533763677153,0.0,0.0,0.0,0.0,0.0,0.0,0.0,0.0011654797683556817,0.026546197042147224,0.014705162146638407,0.0,1.0,1.0,0.0,1.0,1.0,1.0
0.0,0.0,0.0,0.8756732678246834,0.0,0.0,0.0,0.0,0.0,0.8900616597249776,0.027201538672894626,0.6051025390625,0.9534674317807216,0.16087533763677153,0.8788000660149559,0.5,0.0,0.0,0.0,0.0,0.0,0.0011654797683556817,0.026546197042147224,0.014705162146638407,1.0,0.0,1.0,0.0,0.0,1.0,1.0
0.874044019333957,0.07142857142857142,0.0,0.8756732678246834,0.0,0.0,0.0,0.0,0.0,0.0,0.0,0.0,0.0,0.0,0.0,0.0,0.0,0.0,0.0,0.0,0.0,0.0011654797683556817,0.026546197042147224,0.014705162146638407,0.0,0.0,1.0,1.0,1.0,1.0,1.0
0.874044019333957,0.33214285714285713,0.0,0.8756732678246834,0.0,0.0,0.0,0.0,0.0,0.8900616597249776,0.46866938376761147,0.22900390625,0.6654203040107441,0.8468311739840376,0.0,0.0,0.0,0.0,0.0,0.0,0.0,0.0011654797683556817,0.026546197042147224,0.014705162146638407,0.0,0.0,1.0,0.0,1.0,1.0,1.0
0.0,0.0,0.0,0.8756732678246834,0.0,0.0,0.8912817029353503,0.11647612290307813,0.11244900553577432,0.8900616597249776,0.46866938376761147,0.22900390625,0.6654203040107441,0.8468311739840376,0.0,0.0,0.0,0.0,0.0,0.0,0.0,0.0011654797683556817,0.026546197042147224,0.014705162146638407,1.0,0.0,0.0,0.0,1.0,1.0,1.0
0.0,0.0,0.0,0.0,0.0,0.0,0.9229704189898288,0.9715355287893463,0.9720858613883899,0.0,0.0,0.0,0.0,0.0,0.0,0.0,0.0,0.0,0.0,0.0,0.0,0.0011654797683556817,0.026546197042147224,0.014705162146638407,1.0,1.0,0.0,1.0,1.0,1.0,1.0
0.0,0.0,0.0,0.0,0.0,0.0,0.9229704189898288,0.935106410533864,0.9657369379206964,0.0,0.0,0.0,0.0,0.0,0.0,0.0,0.0,0.0,0.0,0.0,0.0,0.0011654797683556817,0.026546197042147224,0.014705162146638407,1.0,1.0,0.0,1.0,1.0,1.0,1.0
0.0,0.0,0.0,0.0,0.0,0.0,0.9229704189898288,0.9352640109155157,0.9659663801125442,0.0,0.0,0.0,0.0,0.0,0.0,0.0,0.0,0.0,0.0,0.0,0.0,0.0011654797683556817,0.026546197042147224,0.014705162146638407,1.0,1.0,0.0,1.0,1.0,1.0,1.0
0.0,0.0,0.0,0.0,0.0,0.0,0.9229704189898288,0.9719119850173115,0.9721036454969714,0.0,0.0,0.0,0.0,0.0,0.0,0.0,0.0,0.0,0.0,0.0,0.0,0.0011654797683556817,0.026546197042147224,0.014705162146638407,1.0,1.0,0.0,1.0,1.0,1.0,1.0
0.0,0.0,0.0,0.0,0.0,0.0,0.9229704189898288,0.9352909075114473,0.9660040879158979,0.0,0.0,0.0,0.0,0.0,0.0,0.0,0.0,0.0,0.0,0.0,0.0,0.0011654797683556817,0.026546197042147224,0.014705162146638407,1.0,1.0,0.0,1.0,1.0,1.0,1.0
0.0,0.0,0.0,0.0,0.0,0.0,0.9229704189898288,0.9720714128572626,0.972108110887509,0.0,0.0,0.0,0.0,0.0,0.0,0.0,0.0,0.0,0.0,0.0,0.0,0.0011654797683556817,0.026546197042147224,0.014705162146638407,1.0,1.0,0.0,1.0,1.0,1.0,1.0
0.0,0.0,0.0,0.0,0.0,0.0,0.9229704189898288,0.9355760478757401,0.9661299856717525,0.0,0.0,0.0,0.0,0.0,0.0,0.0,0.0,0.0,0.0,0.0,0.0,0.0011654797683556817,0.026546197042147224,0.014705162146638407,1.0,1.0,0.0,1.0,1.0,1.0,1.0
0.0,0.0,0.0,0.0,0.0,0.0,0.9229704189898288,0.9721305794088138,0.9722174121561798,0.0,0.0,0.0,0.0,0.0,0.0,0.0,0.0,0.0,0.0,0.0,0.0,0.0011654797683556817,0.026546197042147224,0.014705162146638407,1.0,1.0,0.0,1.0,1.0,1.0,1.0
0.0,0.0,0.0,0.0,0.0,0.0,0.9229704189898288,0.9355959229837043,0.9661422929157597,0.0,0.0,0.0,0.0,0.0,0.0,0.0,0.0,0.0,0.0,0.0,0.0,0.0011654797683556817,0.026546197042147224,0.014705162146638407,1.0,1.0,0.0,1.0,1.0,1.0,1.0
0.0,0.0,0.0,0.0,0.0,0.0,0.9229704189898288,0.9721708965038327,0.9723011119989187,0.0,0.0,0.0,0.0,0.0,0.0,0.0,0.0,0.0,0.0,0.0,0.0,0.0011654797683556817,0.026546197042147224,0.014705162146638407,1.0,1.0,0.0,1.0,1.0,1.0,1.0
0.0,0.0,0.0,0.0,0.0,0.0,0.9229947949252553,0.9358290163981022,0.9663985955660297,0.0,0.0,0.0,0.0,0.0,0.0,0.0,0.0,0.0,0.0,0.0,0.0,0.0011654797683556817,0.026546197042147224,0.014705162146638407,1.0,1.0,0.0,1.0,1.0,1.0,1.0
0.0,0.0,0.0,0.0,0.0,0.0,0.9229947949252553,0.972322136574764,0.9723034621562792,0.0,0.0,0.0,0.0,0.0,0.0,0.0,0.0,0.0,0.0,0.0,0.0,0.0011654797683556817,0.026546197042147224,0.014705162146638407,1.0,1.0,0.0,1.0,1.0,1.0,1.0
0.0,0.0,0.0,0.0,0.0,0.0,0.9229947949252553,0.9361822334904226,0.9665594647986624,0.0,0.0,0.0,0.0,0.0,0.0,0.0,0.0,0.0,0.0,0.0,0.0,0.0011654797683556817,0.026546197042147224,0.014705162146638407,1.0,1.0,0.0,1.0,1.0,1.0,1.0
0.0,0.0,0.0,0.0,0.0,0.0,0.9229947949252553,0.9726739702640729,0.9725073928269293,0.0,0.0,0.0,0.0,0.0,0.0,0.0,0.0,0.0,0.0,0.0,0.0,0.0011654797683556817,0.026546197042147224,0.014705162146638407,1.0,1.0,0.0,1.0,1.0,1.0,1.0
0.0,0.0,0.0,0.0,0.0,0.0,0.9229947949252553,0.9361845911260254,0.9666944021001792,0.0,0.0,0.0,0.0,0.0,0.0,0.0,0.0,0.0,0.0,0.0,0.0,0.0011654797683556817,0.026546197042147224,0.014705162146638407,1.0,1.0,0.0,1.0,1.0,1.0,1.0
0.0,0.0,0.0,0.0,0.0,0.0,0.9229947949252553,0.9727872316162341,0.9725200913671016,0.0,0.0,0.0,0.0,0.0,0.0,0.0,0.0,0.0,0.0,0.0,0.0,0.0011654797683556817,0.026546197042147224,0.014705162146638407,1.0,1.0,0.0,1.0,1.0,1.0,1.0
0.0,0.0,0.0,0.0,0.0,0.0,0.9229947949252553,0.9729261484261642,0.9726515729210636,0.0,0.0,0.0,0.0,0.0,0.0,0.0,0.0,0.0,0.0,0.0,0.0,0.0011654797683556817,0.026546197042147224,0.014705162146638407,1.0,1.0,0.0,1.0,1.0,1.0,1.0
0.0,0.0,0.0,0.0,0.0,0.0,0.9229947949252553,0.9362035893883192,0.9668413410428489,0.0,0.0,0.0,0.0,0.0,0.0,0.0,0.0,0.0,0.0,0.0,0.0,0.0011654797683556817,0.026546197042147224,0.014705162146638407,1.0,1.0,0.0,1.0,1.0,1.0,1.0
0.0,0.0,0.0,0.0,0.0,0.0,0.9229947949252553,0.9364096513913094,0.9668558887641031,0.0,0.0,0.0,0.0,0.0,0.0,0.0,0.0,0.0,0.0,0.0,0.0,0.0011654797683556817,0.026546197042147224,0.014705162146638407,1.0,1.0,0.0,1.0,1.0,1.0,1.0
0.0,0.0,0.0,0.0,0.0,0.0,0.9229947949252553,0.9731079405547016,0.9728665270840064,0.0,0.0,0.0,0.0,0.0,0.0,0.0,0.0,0.0,0.0,0.0,0.0,0.0011654797683556817,0.026546197042147224,0.014705162146638407,1.0,1.0,0.0,1.0,1.0,1.0,1.0
0.0,0.0,0.0,0.0,0.0,0.0,0.0,0.0,0.0,0.0,0.0,0.0,0.0,0.0,0.9189618347030368,0.5,0.0,0.0,0.0,0.0,0.0,0.0011654797683556817,0.026546197042147224,0.014705162146638407,1.0,1.0,1.0,1.0,0.0,1.0,1.0
0.0,0.0,0.0,0.0,0.0,0.0,0.0,0.0,0.0,0.0,0.0,0.0,0.0,0.0,0.9189618347030368,1.0,1.0,0.0,0.0,0.0,0.0,0.0011654797683556817,0.026546197042147224,0.014705162146638407,1.0,1.0,1.0,1.0,0.0,1.0,1.0
0.0,0.0,0.0,0.0,0.0,0.0,0.0,0.0,0.0,0.0,0.0,0.0,0.0,0.0,0.9189618347030368,0.5,0.0,0.0,0.0,0.0,0.0,0.0011654797683556817,0.026546197042147224,0.014705162146638407,1.0,1.0,1.0,1.0,0.0,1.0,1.0
0.0,0.0,0.0,0.0,0.0,0.0,0.0,0.0,0.0,0.0,0.0,0.0,0.0,0.0,0.9189618347030368,1.0,1.0,0.0,0.0,0.0,0.0,0.0011654797683556817,0.026546197042147224,0.014705162146638407,1.0,1.0,1.0,1.0,0.0,1.0,1.0
0.0,0.0,0.0,0.0,0.0,0.0,0.0,0.0,0.0,0.0,0.0,0.0,0.0,0.0,0.9189618347030368,0.5,0.0,0.0,0.0,0.0,0.0,0.0011654797683556817,0.026546197042147224,0.014705162146638407,1.0,1.0,1.0,1.0,0.0,1.0,1.0
0.0,0.0,0.0,0.0,0.0,0.0,0.0,0.0,0.0,0.0,0.0,0.0,0.0,0.0,0.9189618347030368,1.0,1.0,0.0,0.0,0.0,0.0,0.0011654797683556817,0.026546197042147224,0.014705162146638407,1.0,1.0,1.0,1.0,0.0,1.0,1.0
0.0,0.0,0.0,0.0,0.0,0.0,0.0,0.0,0.0,0.0,0.0,0.0,0.0,0.0,0.9189618347030368,0.5,0.0,0.0,0.0,0.0,0.0,0.0011654797683556817,0.026546197042147224,0.014705162146638407,1.0,1.0,1.0,1.0,0.0,1.0,1.0
0.0,0.0,0.0,0.0,0.0,0.0,0.0,0.0,0.0,0.0,0.0,0.0,0.0,0.0,0.9189858692743642,0.5,0.0,0.0,0.0,0.0,0.0,0.0011654797683556817,0.026546197042147224,0.014705162146638407,1.0,1.0,1.0,1.0,0.0,1.0,1.0
0.0,0.0,0.0,0.0,0.0,0.0,0.0,0.0,0.0,0.0,0.0,0.0,0.0,0.0,0.9189858692743642,1.0,1.0,0.0,0.0,0.0,0.0,0.0011654797683556817,0.026546197042147224,0.014705162146638407,1.0,1.0,1.0,1.0,0.0,1.0,1.0
0.0,0.0,0.0,0.0,0.0,0.0,0.0,0.0,0.0,0.0,0.0,0.0,0.0,0.0,0.9189858692743642,0.5,0.0,0.0,0.0,0.0,0.0,0.0011654797683556817,0.026546197042147224,0.014705162146638407,1.0,1.0,1.0,1.0,0.0,1.0,1.0
0.0,0.0,0.0,0.0,0.0,0.0,0.0,0.0,0.0,0.0,0.0,0.0,0.0,0.0,0.9189858692743642,0.5,0.0,0.0,0.0,0.0,0.0,0.0011654797683556817,0.026546197042147224,0.014705162146638407,1.0,1.0,1.0,1.0,0.0,1.0,1.0
0.0,0.0,0.0,0.0,0.0,0.0,0.0,0.0,0.0,0.0,0.0,0.0,0.0,0.0,0.9189858692743642,1.0,1.0,0.0,0.0,0.0,0.0,0.0011654797683556817,0.026546197042147224,0.014705162146638407,1.0,1.0,1.0,1.0,0.0,1.0,1.0
0.0,0.0,0.0,0.0,0.0,0.0,0.0,0.0,0.0,0.0,0.0,0.0,0.0,0.0,0.9189858692743642,0.5,0.0,0.0,0.0,0.0,0.0,0.0011654797683556817,0.026546197042147224,0.014705162146638407,1.0,1.0,1.0,1.0,0.0,1.0,1.0
0.0,0.0,0.0,0.0,0.0,0.0,0.0,0.0,0.0,0.0,0.0,0.0,0.0,0.0,0.9189858692743642,1.0,1.0,0.0,0.0,0.0,0.0,0.0011654797683556817,0.026546197042147224,0.014705162146638407,1.0,1.0,1.0,1.0,0.0,1.0,1.0
0.0,0.0,0.0,0.0,0.0,0.0,0.0,0.0,0.0,0.0,0.0,0.0,0.0,0.0,0.9189858692743642,0.5,0.0,0.0,0.0,0.0,0.0,0.0011654797683556817,0.026546197042147224,0.014705162146638407,1.0,1.0,1.0,1.0,0.0,1.0,1.0
0.0,0.0,0.0,0.0,0.0,0.0,0.0,0.0,0.0,0.0,0.0,0.0,0.0,0.0,0.9189858692743642,0.5,0.0,0.0,0.0,0.0,0.0,0.0011654797683556817,0.026546197042147224,0.014705162146638407,1.0,1.0,1.0,1.0,0.0,1.0,1.0
0.0,0.0,0.0,0.0,0.0,0.0,0.0,0.0,0.0,0.0,0.0,0.0,0.0,0.0,0.9189858692743642,1.0,1.0,0.0,0.0,0.0,0.0,0.0011654797683556817,0.026546197042147224,0.014705162146638407,1.0,1.0,1.0,1.0,0.0,1.0,1.0
0.0,0.0,0.0,0.0,0.0,0.0,0.0,0.0,0.0,0.0,0.0,0.0,0.0,0.0,0.9190099038456916,0.5,0.0,0.0,0.0,0.0,0.0,0.0011654797683556817,0.026546197042147224,0.014705162146638407,1.0,1.0,1.0,1.0,0.0,1.0,1.0
0.0,0.0,0.0,0.0,0.0,0.0,0.0,0.0,0.0,0.0,0.0,0.0,0.0,0.0,0.9190099038456916,0.5,0.0,0.0,0.0,0.0,0.0,0.0011654797683556817,0.026546197042147224,0.014705162146638407,1.0,1.0,1.0,1.0,0.0,1.0,1.0
0.0,0.0,0.0,0.0,0.0,0.0,0.0,0.0,0.0,0.0,0.0,0.0,0.0,0.0,0.9190099038456916,0.5,0.0,0.0,0.0,0.0,0.0,0.0011654797683556817,0.026546197042147224,0.014705162146638407,1.0,1.0,1.0,1.0,0.0,1.0,1.0
0.0,0.0,0.0,0.07484079865310511,0.0,0.0,0.0,0.0,0.0,0.0,0.0,0.0,0.0,0.0,0.0,0.0,0.0,0.0,0.0,0.0,0.0,0.0011654797683556817,0.026546197042147224,0.014705162146638407,1.0,0.0,1.0,1.0,1.0,1.0,1.0
0.0,0.0,0.0,0.07484079865310511,0.0,0.0,0.0,0.0,0.0,0.0,0.0,0.0,0.0,0.0,0.0,0.0,0.0,0.0,0.0,0.0,0.0,0.0011654797683556817,0.026546197042147224,0.014705162146638407,1.0,0.0,1.0,1.0,1.0,1.0,1.0
0.0,0.0,0.0,0.07484079865310511,0.0,0.0,0.0,0.0,0.0,0.0,0.0,0.0,0.0,0.0,0.0,0.0,0.0,0.0,0.0,0.0,0.0,0.0011654797683556817,0.026546197042147224,0.014705162146638407,1.0,0.0,1.0,1.0,1.0,1.0,1.0
0.0,0.0,0.0,0.07484079865310511,0.0,0.0,0.0,0.0,0.0,0.0,0.0,0.0,0.0,0.0,0.0,0.0,0.0,0.0,0.0,0.0,0.0,0.0011654797683556817,0.026546197042147224,0.014705162146638407,1.0,0.0,1.0,1.0,1.0,1.0,1.0
0.0,0.0,0.0,0.07484079865310511,0.0,0.0,0.0,0.0,0.0,0.0,0.0,0.0,0.0,0.0,0.0,0.0,0.0,0.0,0.0,0.0,0.0,0.0011654797683556817,0.026546197042147224,0.014705162146638407,1.0,0.0,1.0,1.0,1.0,1.0,1.0
0.0,0.0,0.0,0.07484079865310511,0.0,0.0,0.0,0.0,0.0,0.0,0.0,0.0,0.0,0.0,0.0,0.0,0.0,0.0,0.0,0.0,0.0,0.0011654797683556817,0.026546197042147224,0.014705162146638407,1.0,0.0,1.0,1.0,1.0,1.0,1.0
0.0,0.0,0.0,0.07484079865310511,0.0,0.0,0.0,0.0,0.0,0.0,0.0,0.0,0.0,0.0,0.0,0.0,0.0,0.0,0.0,0.0,0.0,0.0011654797683556817,0.026546197042147224,0.014705162146638407,1.0,0.0,1.0,1.0,1.0,1.0,1.0
0.0,0.0,0.0,0.07484079865310511,0.0,0.0,0.0,0.0,0.0,0.0,0.0,0.0,0.0,0.0,0.0,0.0,0.0,0.0,0.0,0.0,0.0,0.0011654797683556817,0.026546197042147224,0.014705162146638407,1.0,0.0,1.0,1.0,1.0,1.0,1.0
0.0,0.0,0.0,0.07484079865310511,1.0,1.0,0.0,0.0,0.0,0.0,0.0,0.0,0.0,0.0,0.0,0.0,0.0,0.0,0.0,0.0,0.0,0.0011654797683556817,0.026546197042147224,0.014705162146638407,1.0,0.0,1.0,1.0,1.0,1.0,1.0
0.0,0.0,0.0,0.07484079865310511,0.0,0.0,0.0,0.0,0.0,0.0,0.0,0.0,0.0,0.0,0.0,0.0,0.0,0.0,0.0,0.0,0.0,0.0011654797683556817,0.026546197042147224,0.014705162146638407,1.0,0.0,1.0,1.0,1.0,1.0,1.0
0.0,0.0,0.0,0.07484079865310511,0.0,0.0,0.0,0.0,0.0,0.0,0.0,0.0,0.0,0.0,0.0,0.0,0.0,0.0,0.0,0.0,0.0,0.0011654797683556817,0.026546197042147224,0.014705162146638407,1.0,0.0,1.0,1.0,1.0,1.0,1.0
0.0,0.0,0.0,0.07484079865310511,0.0,0.0,0.0,0.0,0.0,0.0,0.0,0.0,0.0,0.0,0.0,0.0,0.0,0.0,0.0,0.0,0.0,0.0011654797683556817,0.026546197042147224,0.014705162146638407,1.0,0.0,1.0,1.0,1.0,1.0,1.0
0.0,0.0,0.0,0.07484079865310511,0.0,0.0,0.0,0.0,0.0,0.0,0.0,0.0,0.0,0.0,0.0,0.0,0.0,0.0,0.0,0.0,0.0,0.0011654797683556817,0.026546197042147224,0.014705162146638407,1.0,0.0,1.0,1.0,1.0,1.0,1.0
0.0,0.0,0.0,0.07484079865310511,0.0,0.0,0.0,0.0,0.0,0.0,0.0,0.0,0.0,0.0,0.0,0.0,0.0,0.0,0.0,0.0,0.0,0.0011654797683556817,0.026546197042147224,0.014705162146638407,1.0,0.0,1.0,1.0,1.0,1.0,1.0
0.0,0.0,0.0,0.07484079865310511,0.0,0.0,0.0,0.0,0.0,0.0,0.0,0.0,0.0,0.0,0.0,0.0,0.0,0.0,0.0,0.0,0.0,0.0011654797683556817,0.026546197042147224,0.014705162146638407,1.0,0.0,1.0,1.0,1.0,1.0,1.0
0.0,0.0,0.0,0.07484079865310511,0.0,0.0,0.0,0.0,0.0,0.0,0.0,0.0,0.0,0.0,0.0,0.0,0.0,0.0,0.0,0.0,0.0,0.0011654797683556817,0.026546197042147224,0.014705162146638407,1.0,0.0,1.0,1.0,1.0,1.0,1.0
0.0,0.0,0.0,0.07484079865310511,0.0,0.0,0.0,0.0,0.0,0.0,0.0,0.0,0.0,0.0,0.0,0.0,0.0,0.0,0.0,0.0,0.0,0.0011654797683556817,0.026546197042147224,0.014705162146638407,1.0,0.0,1.0,1.0,1.0,1.0,1.0
0.0,0.0,0.0,0.07484079865310511,0.0,0.0,0.0,0.0,0.0,0.0,0.0,0.0,0.0,0.0,0.0,0.0,0.0,0.0,0.0,0.0,0.0,0.0011654797683556817,0.026546197042147224,0.014705162146638407,1.0,0.0,1.0,1.0,1.0,1.0,1.0
0.0,0.0,0.0,0.07484079865310511,0.0,0.0,0.0,0.0,0.0,0.0,0.0,0.0,0.0,0.0,0.0,0.0,0.0,0.0,0.0,0.0,0.0,0.0011654797683556817,0.026546197042147224,0.014705162146638407,1.0,0.0,1.0,1.0,1.0,1.0,1.0
0.0,0.0,0.0,0.07484079865310511,0.0,0.0,0.0,0.0,0.0,0.0,0.0,0.0,0.0,0.0,0.0,0.0,0.0,0.0,0.0,0.0,0.0,0.0011654797683556817,0.026546197042147224,0.014705162146638407,1.0,0.0,1.0,1.0,1.0,1.0,1.0
0.0,0.0,0.0,0.0,0.0,0.0,0.060964214501731506,0.16107320863737706,0.1648061237566396,0.0,0.0,0.0,0.0,0.0,0.0,0.0,0.0,0.0,0.0,0.0,0.0,0.0011654797683556817,0.026546197042147224,0.014705162146638407,1.0,1.0,0.0,1.0,1.0,1.0,1.0
0.0,0.0,0.0,0.0,0.0,0.0,0.060964214501731506,0.1599239611753385,0.16452335729078923,0.0,0.0,0.0,0.0,0.0,0.0,0.0,0.0,0.0,0.0,0.0,0.0,0.0011654797683556817,0.026546197042147224,0.014705162146638407,1.0,1.0,0.0,1.0,1.0,1.0,1.0
0.0,0.0,0.0,0.0,0.0,0.0,0.060964214501731506,0.16825605245145014,0.16213927947825713,0.0,0.0,0.0,0.0,0.0,0.0,0.0,0.0,0.0,0.0,0.0,0.0,0.0011654797683556817,0.026546197042147224,0.014705162146638407,1.0,1.0,0.0,1.0,1.0,1.0,1.0
0.0,0.0,0.0,0.0,0.0,0.0,0.060964214501731506,0.16113967631907802,0.1648251171113625,0.0,0.0,0.0,0.0,0.0,0.0,0.0,0.0,0.0,0.0,0.0,0.0,0.0011654797683556817,0.026546197042147224,0.014705162146638407,1.0,1.0,0.0,1.0,1.0,1.0,1.0
0.0,0.0,0.0,0.0,0.0,0.0,0.060964214501731506,0.15993787856575178,0.16453247077439795,0.0,0.0,0.0,0.0,0.0,0.0,0.0,0.0,0.0,0.0,0.0,0.0,0.0011654797683556817,0.026546197042147224,0.014705162146638407,1.0,1.0,0.0,1.0,1.0,1.0,1.0
0.0,0.0,0.0,0.0,0.0,0.0,0.060964214501731506,0.16835139560950826,0.16219384299105985,0.0,0.0,0.0,0.0,0.0,0.0,0.0,0.0,0.0,0.0,0.0,0.0,0.0011654797683556817,0.026546197042147224,0.014705162146638407,1.0,1.0,0.0,1.0,1.0,1.0,1.0
0.0,0.0,0.0,0.0,0.0,0.0,0.060964214501731506,0.16114524928561522,0.16504315136289316,0.0,0.0,0.0,0.0,0.0,0.0,0.0,0.0,0.0,0.0,0.0,0.0,0.0011654797683556817,0.026546197042147224,0.014705162146638407,1.0,1.0,0.0,1.0,1.0,1.0,1.0
0.0,0.0,0.0,0.0,0.0,0.0,0.060964214501731506,0.16002737147708676,0.16463410851591437,0.0,0.0,0.0,0.0,0.0,0.0,0.0,0.0,0.0,0.0,0.0,0.0,0.0011654797683556817,0.026546197042147224,0.014705162146638407,1.0,1.0,0.0,1.0,1.0,1.0,1.0
0.0,0.0,0.0,0.0,0.0,0.0,0.060964214501731506,0.1683852040059371,0.1622564722951935,0.0,0.0,0.0,0.0,0.0,0.0,0.0,0.0,0.0,0.0,0.0,0.0,0.0011654797683556817,0.026546197042147224,0.014705162146638407,1.0,1.0,0.0,1.0,1.0,1.0,1.0
0.0,0.0,0.0,0.0,0.0,0.0,0.060964214501731506,0.16116759584106097,0.1651516324293917,0.0,0.0,0.0,0.0,0.0,0.0,0.0,0.0,0.0,0.0,0.0,0.0,0.0011654797683556817,0.026546197042147224,0.014705162146638407,1.0,1.0,0.0,1.0,1.0,1.0,1.0
0.0,0.0,0.0,0.0,0.0,0.0,0.060964214501731506,0.16011896545672824,0.16465073468447775,0.0,0.0,0.0,0.0,0.0,0.0,0.0,0.0,0.0,0.0,0.0,0.0,0.0011654797683556817,0.026546197042147224,0.014705162146638407,1.0,1.0,0.0,1.0,1.0,1.0,1.0
0.0,0.0,0.0,0.0,0.0,0.0,0.060964214501731506,0.16842628782309527,0.16237045944988263,0.0,0.0,0.0,0.0,0.0,0.0,0.0,0.0,0.0,0.0,0.0,0.0,0.0011654797683556817,0.026546197042147224,0.014705162146638407,1.0,1.0,0.0,1.0,1.0,1.0,1.0
0.0,0.0,0.0,0.0,0.0,0.0,0.060964214501731506,0.16119483052949637,0.16540245924047747,0.0,0.0,0.0,0.0,0.0,0.0,0.0,0.0,0.0,0.0,0.0,0.0,0.0011654797683556817,0.026546197042147224,0.014705162146638407,1.0,1.0,0.0,1.0,1.0,1.0,1.0
0.0,0.0,0.0,0.0,0.0,0.0,0.060964214501731506,0.16037354213512597,0.16476418451647312,0.0,0.0,0.0,0.0,0.0,0.0,0.0,0.0,0.0,0.0,0.0,0.0,0.0011654797683556817,0.026546197042147224,0.014705162146638407,1.0,1.0,0.0,1.0,1.0,1.0,1.0
0.0,0.0,0.0,0.0,0.0,0.0,0.060964214501731506,0.16846311922945942,0.16240471540582582,0.0,0.0,0.0,0.0,0.0,0.0,0.0,0.0,0.0,0.0,0.0,0.0,0.0011654797683556817,0.026546197042147224,0.014705162146638407,1.0,1.0,0.0,1.0,1.0,1.0,1.0
0.0,0.0,0.0,0.0,0.0,0.0,0.060964214501731506,0.161221021088422,0.16554671698959716,0.0,0.0,0.0,0.0,0.0,0.0,0.0,0.0,0.0,0.0,0.0,0.0,0.0011654797683556817,0.026546197042147224,0.014705162146638407,1.0,1.0,0.0,1.0,1.0,1.0,1.0
0.0,0.0,0.0,0.0,0.0,0.0,0.060964214501731506,0.16047027639993725,0.16484086294595177,0.0,0.0,0.0,0.0,0.0,0.0,0.0,0.0,0.0,0.0,0.0,0.0,0.0011654797683556817,0.026546197042147224,0.014705162146638407,1.0,1.0,0.0,1.0,1.0,1.0,1.0
0.0,0.0,0.0,0.0,0.0,0.0,0.060964214501731506,0.1684636088167664,0.16245166786947174,0.0,0.0,0.0,0.0,0.0,0.0,0.0,0.0,0.0,0.0,0.0,0.0,0.0011654797683556817,0.026546197042147224,0.014705162146638407,1.0,1.0,0.0,1.0,1.0,1.0,1.0
0.0,0.0,0.0,0.0,0.0,0.0,0.060964214501731506,0.16122330760976955,0.1655710605915344,0.0,0.0,0.0,0.0,0.0,0.0,0.0,0.0,0.0,0.0,0.0,0.0,0.0011654797683556817,0.026546197042147224,0.014705162146638407,1.0,1.0,0.0,1.0,1.0,1.0,1.0
0.0,0.0,0.0,0.0,0.0,0.0,0.060964214501731506,0.16054372000124797,0.16487249577105617,0.0,0.0,0.0,0.0,0.0,0.0,0.0,0.0,0.0,0.0,0.0,0.0,0.0011654797683556817,0.026546197042147224,0.014705162146638407,1.0,1.0,0.0,1.0,1.0,1.0,1.0
0.0,0.0,0.0,0.0,0.0,0.0,0.0,0.0,0.0,0.0,0.0,0.0,0.0,0.0,0.01826627420882197,0.5,0.0,0.0,0.0,0.0,0.0,0.0011654797683556817,0.026546197042147224,0.014705162146638407,1.0,1.0,1.0,1.0,0.0,1.0,1.0
0.0,0.0,0.0,0.0,0.0,0.0,0.0,0.0,0.0,0.0,0.0,0.0,0.0,0.0,0.01826627420882197,0.5,0.0,0.0,0.0,0.0,0.0,0.0011654797683556817,0.026546197042147224,0.014705162146638407,1.0,1.0,1.0,1.0,0.0,1.0,1.0
0.0,0.0,0.0,0.0,0.0,0.0,0.0,0.0,0.0,0.0,0.0,0.0,0.0,0.0,0.01826627420882197,0.5,0.0,0.0,0.0,0.0,0.0,0.0011654797683556817,0.026546197042147224,0.014705162146638407,1.0,1.0,1.0,1.0,0.0,1.0,1.0
0.0,0.0,0.0,0.0,0.0,0.0,0.0,0.0,0.0,0.0,0.0,0.0,0.0,0.0,0.01826627420882197,0.5,0.0,0.0,0.0,0.0,0.0,0.0011654797683556817,0.026546197042147224,0.014705162146638407,1.0,1.0,1.0,1.0,0.0,1.0,1.0
0.0,0.0,0.0,0.0,0.0,0.0,0.0,0.0,0.0,0.0,0.0,0.0,0.0,0.0,0.01826627420882197,0.5,0.0,0.0,0.0,0.0,0.0,0.0011654797683556817,0.026546197042147224,0.014705162146638407,1.0,1.0,1.0,1.0,0.0,1.0,1.0
0.0,0.0,0.0,0.0,0.0,0.0,0.0,0.0,0.0,0.0,0.0,0.0,0.0,0.0,0.01826627420882197,0.5,0.0,0.0,0.0,0.0,0.0,0.0011654797683556817,0.026546197042147224,0.014705162146638407,1.0,1.0,1.0,1.0,0.0,1.0,1.0
0.0,0.0,0.0,0.0,0.0,0.0,0.0,0.0,0.0,0.0,0.0,0.0,0.0,0.0,0.01826627420882197,0.5,0.0,0.0,0.0,0.0,0.0,0.0011654797683556817,0.026546197042147224,0.014705162146638407,1.0,1.0,1.0,1.0,0.0,1.0,1.0
0.0,0.0,0.0,0.0,0.0,0.0,0.0,0.0,0.0,0.0,0.0,0.0,0.0,0.0,0.01826627420882197,1.0,1.0,0.0,0.0,0.0,0.0,0.0011654797683556817,0.026546197042147224,0.014705162146638407,1.0,1.0,1.0,1.0,0.0,1.0,1.0
0.0,0.0,0.0,0.0,0.0,0.0,0.0,0.0,0.0,0.0,0.0,0.0,0.0,0.0,0.01826627420882197,0.5,0.0,0.0,0.0,0.0,0.0,0.0011654797683556817,0.026546197042147224,0.014705162146638407,1.0,1.0,1.0,1.0,0.0,1.0,1.0
0.0,0.0,0.0,0.0,0.0,0.0,0.0,0.0,0.0,0.0,0.0,0.0,0.0,0.0,0.01826627420882197,0.5,0.0,0.0,0.0,0.0,0.0,0.0011654797683556817,0.026546197042147224,0.014705162146638407,1.0,1.0,1.0,1.0,0.0,1.0,1.0
0.0,0.0,0.0,0.0,0.0,0.0,0.0,0.0,0.0,0.0,0.0,0.0,0.0,0.0,0.01826627420882197,1.0,1.0,0.0,0.0,0.0,0.0,0.0011654797683556817,0.026546197042147224,0.014705162146638407,1.0,1.0,1.0,1.0,0.0,1.0,1.0
0.0,0.0,0.0,0.0,0.0,0.0,0.0,0.0,0.0,0.0,0.0,0.0,0.0,0.0,0.01826627420882197,1.0,1.0,0.0,0.0,0.0,0.0,0.0011654797683556817,0.026546197042147224,0.014705162146638407,1.0,1.0,1.0,1.0,0.0,1.0,1.0
0.0,0.0,0.0,0.0,0.0,0.0,0.0,0.0,0.0,0.0,0.0,0.0,0.0,0.0,0.01826627420882197,1.0,1.0,0.0,0.0,0.0,0.0,0.0011654797683556817,0.026546197042147224,0.014705162146638407,1.0,1.0,1.0,1.0,0.0,1.0,1.0
0.0,0.0,0.0,0.0,0.0,0.0,0.0,0.0,0.0,0.0,0.0,0.0,0.0,0.0,0.01826627420882197,1.0,1.0,0.0,0.0,0.0,0.018464685681243646,0.41959723981480324,0.5195462886586458,0.7850494691093386,1.0,1.0,1.0,1.0,0.0,1.0,0.0
0.0,0.0,0.0,0.0,0.0,0.0,0.0,0.0,0.0,0.0,0.0,0.0,0.0,0.0,0.01826627420882197,1.0,1.0,0.0,0.0,0.0,0.018464685681243646,0.21361148508198924,0.56314525153803,0.7574839978665577,1.0,1.0,1.0,1.0,0.0,1.0,0.0
0.0,0.0,0.0,0.0,0.0,0.0,0.0,0.0,0.0,0.0,0.0,0.0,0.0,0.0,0.0,0.0,0.0,0.0,0.0,0.0,0.018464685681243646,0.22038634453639316,0.5117304306090016,0.06328706264139804,1.0,1.0,1.0,1.0,1.0,1.0,0.0
0.0,0.0,0.0,0.0,0.0,0.0,0.0,0.0,0.0,0.0,0.0,0.0,0.0,0.0,0.0,0.0,0.0,0.0,0.0,0.0,0.018464685681243646,0.3160429387764866,0.5518101282279397,0.8704208578912952,1.0,1.0,1.0,1.0,1.0,1.0,0.0
0.0,0.0,0.0,0.0,0.0,0.0,0.0,0.0,0.0,0.0,0.0,0.0,0.0,0.0,0.0,0.0,0.0,0.0,0.0,0.0,0.018464685681243646,0.847069129228761,0.5518101282279397,0.1804580305642529,1.0,1.0,1.0,1.0,1.0,1.0,0.0
0.0,0.0,0.0,0.0,0.0,0.0,0.0,0.0,0.0,0.0,0.0,0.0,0.0,0.0,0.0,0.0,0.0,0.0,0.0,0.0,0.018464685681243646,0.30984419606892166,0.5518101282279397,0.6379868381754241,1.0,1.0,1.0,1.0,1.0,1.0,0.0
0.0,0.0,0.0,0.0,0.0,0.0,0.0,0.0,0.0,0.0,0.0,0.0,0.0,0.0,0.0,0.0,0.0,0.0,0.0,0.0,0.018464685681243646,0.14523719186603368,0.5518101282279397,0.5728457938066633,1.0,1.0,1.0,1.0,1.0,1.0,0.0
0.8731595529540381,0.3571428571428571,0.0,0.8747871527686306,1.0,0.0,0.8903797933245688,0.0771791754649837,0.0818793631667034,0.0,0.0,0.0,0.0,0.0,0.0,0.0,0.0,0.0,0.0,0.0,0.0,0.0011654797683556817,0.026546197042147224,0.014705162146638407,0.0,0.0,0.0,1.0,1.0,1.0,1.0
0.8731595529540381,0.6285714285714286,1.0,0.0,0.0,0.0,0.0,0.0,0.0,0.0,0.0,0.0,0.0,0.0,0.0,0.0,0.0,0.0,0.0,0.0,0.0,0.0011654797683556817,0.026546197042147224,0.014705162146638407,0.0,1.0,1.0,1.0,1.0,1.0,1.0
0.8731595529540381,0.8142857142857143,1.0,0.8747871527686306,0.0,0.0,0.0,0.0,0.0,0.0,0.0,0.0,0.0,0.0,0.8779107868758422,1.0,1.0,0.0,0.0,0.0,0.0,0.0011654797683556817,0.026546197042147224,0.014705162146638407,0.0,0.0,1.0,1.0,0.0,1.0,1.0
0.8731595529540381,0.48571428571428565,1.0,0.8747871527686306,0.0,0.0,0.0,0.0,0.0,0.0,0.0,0.0,0.0,0.0,0.0,0.0,0.0,0.8769394946880343,0.2733309619705988,1.0,0.8874468077352455,0.3764915535037917,0.45047173765877463,0.16114712699245087,0.0,0.0,1.0,1.0,1.0,0.0,0.0
0.0,0.0,0.0,0.8747871527686306,0.0,0.0,0.0,0.0,0.0,0.0,0.0,0.0,0.0,0.0,0.8779107868758422,0.5,0.0,0.0,0.0,0.0,0.8874468077352455,0.20859810961312208,0.481543245604602,0.5532139881934351,1.0,0.0,1.0,1.0,0.0,1.0,0.0
0.0,0.0,0.0,0.0,0.0,0.0,0.0,0.0,0.0,0.0,0.0,0.0,0.0,0.0,0.0,0.0,0.0,0.0,0.0,0.0,0.8874468077352455,0.5817849923997908,0.4013989714641947,0.8811059067762135,1.0,1.0,1.0,1.0,1.0,1.0,0.0
0.0,0.0,0.0,0.0,0.0,0.0,0.0,0.0,0.0,0.0,0.0,0.0,0.0,0.0,0.0,0.0,0.0,0.0,0.0,0.0,0.8874468077352455,0.4606211235523211,0.5812053688905511,0.8595782803376436,1.0,1.0,1.0,1.0,1.0,1.0,0.0
0.0,0.0,0.0,0.0,0.0,0.0,0.0,0.0,0.0,0.0,0.0,0.0,0.0,0.0,0.0,0.0,0.0,0.8769394946880343,0.5766356203702818,1.0,0.8874468077352455,0.40798861168936285,0.7994653340542099,0.19751686182457168,1.0,1.0,1.0,1.0,1.0,0.0,0.0
0.0,0.0,0.0,0.0,0.0,0.0,0.8903797933245688,0.07998784509118717,0.07786865815030455,0.0,0.0,0.0,0.0,0.0,0.0,0.0,0.0,0.8769394946880343,0.3211178948570157,1.0,0.0,0.0011654797683556817,0.026546197042147224,0.014705162146638407,1.0,1.0,0.0,1.0,1.0,0.0,1.0
0.0,0.0,0.0,0.0,0.0,0.0,0.0,0.0,0.0,0.0,0.0,0.0,0.0,0.0,0.0,0.0,0.0,0.8769394946880343,0.24665676426703387,0.5,0.0,0.0011654797683556817,0.026546197042147224,0.014705162146638407,1.0,1.0,1.0,1.0,1.0,0.0,1.0
0.0,0.0,0.0,0.0,0.0,0.0,0.8903797933245688,0.1450912541692397,0.14612392917249664,0.0,0.0,0.0,0.0,0.0,0.8779107868758422,0.5,0.0,0.8769394946880343,0.31970278621704606,1.0,0.0,0.0011654797683556817,0.026546197042147224,0.014705162146638407,1.0,1.0,0.0,1.0,0.0,0.0,1.0
0.8731595529540381,0.9035714285714286,1.0,0.8747871527686306,0.0,0.0,0.8903797933245688,0.12110902623136131,0.1144195011179119,0.0,0.0,0.0,0.0,0.0,0.0,0.0,0.0,0.8769394946880343,0.36316384108203215,1.0,0.8874468077352455,0.9534110149353084,0.6167419515398361,0.1350285544824614,0.0,0.0,0.0,1.0,1.0,0.0,0.0
0.8731595529540381,0.24642857142857144,0.0,0.0,0.0,0.0,0.8903797933245688,0.18075206396875004,0.18167660158718812,0.0,0.0,0.0,0.0,0.0,0.0,0.0,0.0,0.0,0.0,0.0,0.0,0.0011654797683556817,0.026546197042147224,0.014705162146638407,0.0,1.0,0.0,1.0,1.0,1.0,1.0
0.8731595529540381,0.3821428571428571,0.0,0.8747871527686306,0.0,0.0,0.8903797933245688,0.07740314092685473,0.08206458894682274,0.0,0.0,0.0,0.0,0.0,0.0,0.0,0.0,0.8769394946880343,0.41073187726789495,1.0,0.8874468077352455,0.6719509457011245,0.2616144207696648,0.512704247532996,0.0,0.0,0.0,1.0,1.0,0.0,0.0
0.8731595529540381,0.07142857142857142,0.0,0.8747871527686306,0.0,0.0,0.0,0.0,0.0,0.0,0.0,0.0,0.0,0.0,0.0,0.0,0.0,0.0,0.0,0.0,0.0,0.0011654797683556817,0.026546197042147224,0.014705162146638407,0.0,0.0,1.0,1.0,1.0,1.0,1.0
0.8731595529540381,0.19642857142857142,0.0,0.8747871527686306,0.0,0.0,0.0,0.0,0.0,0.0,0.0,0.0,0.0,0.0,0.8779107868758422,0.5,0.0,0.0,0.0,0.0,0.8874468077352455,0.3705209150345702,0.45047173765877463,0.16114712699245087,0.0,0.0,1.0,1.0,0.0,1.0,0.0
0.0,0.0,0.0,0.8747871527686306,0.0,0.0,0.0,0.0,0.0,0.0,0.0,0.0,0.0,0.0,0.0,0.0,0.0,0.8769394946880343,0.2627096494348846,1.0,0.8874468077352455,0.4053486059001655,0.7994653340542099,0.15448254783098359,1.0,0.0,1.0,1.0,1.0,0.0,0.0
0.0,0.0,0.0,0.0,0.0,0.0,0.0,0.0,0.0,0.0,0.0,0.0,0.0,0.0,0.0,0.0,0.0,0.8769394946880343,0.3191952253128094,1.0,0.8874468077352455,0.45091897036915773,0.5812053688905511,0.8595782803376436,1.0,1.0,1.0,1.0,1.0,0.0,0.0
0.0,0.0,0.0,0.0,0.0,0.0,0.0,0.0,0.0,0.0,0.0,0.0,0.0,0.0,0.0,0.0,0.0,0.8769394946880343,0.2013496497016667,1.0,0.0,0.0011654797683556817,0.026546197042147224,0.014705162146638407,1.0,1.0,1.0,1.0,1.0,0.0,1.0
0.0,0.0,0.0,0.0,0.0,0.0,0.0,0.0,0.0,0.0,0.0,0.0,0.0,0.0,0.0,0.0,0.0,0.8769394946880343,0.2841780035441417,1.0,0.0,0.0011654797683556817,0.026546197042147224,0.014705162146638407,1.0,1.0,1.0,1.0,1.0,0.0,1.0
0.0,0.0,0.0,0.9384437424710157,1.0,0.0,0.0,0.0,0.0,0.9538635306947613,0.04267985529147776,0.0398101806640625,0.20841218484829985,0.37590990248592226,0.0,0.0,0.0,0.0,0.0,0.0,0.0,0.0011654797683556817,0.026546197042147224,0.014705162146638407,1.0,0.0,1.0,0.0,1.0,1.0,1.0
0.0,0.0,0.0,0.9384437424710157,0.0,0.0,0.0,0.0,0.0,0.0,0.0,0.0,0.0,0.0,0.0,0.0,0.0,0.0,0.0,0.0,0.0,0.0011654797683556817,0.026546197042147224,0.014705162146638407,1.0,0.0,1.0,1.0,1.0,1.0,1.0
0.9366977053276749,0.75,1.0,0.9384437424710157,1.0,0.0,0.9551710296882644,0.009263392741861708,0.009213038508387984,0.0,0.0,0.0,0.0,0.0,0.0,0.0,0.0,0.0,0.0,0.0,0.0,0.0011654797683556817,0.026546197042147224,0.014705162146638407,0.0,0.0,0.0,1.0,1.0,1.0,1.0
0.9366977053276749,0.31785714285714284,0.0,0.0,0.0,0.0,0.9551710296882644,0.008743256495139507,0.008231868519575435,0.0,0.0,0.0,0.0,0.0,0.0,0.0,0.0,0.0,0.0,0.0,0.9520246163414898,0.0836942192667951,0.5420875095318994,0.8584615723874746,0.0,1.0,0.0,1.0,1.0,1.0,0.0
0.9366977053276749,0.2857142857142857,0.0,0.9384437424710157,0.0,0.0,0.0,0.0,0.0,0.0,0.0,0.0,0.0,0.0,0.0,0.0,0.0,0.0,0.0,0.0,0.9520246163414898,0.5972667650489306,0.5058153174438963,0.45109667661854197,0.0,0.0,1.0,1.0,1.0,1.0,0.0
0.9366977053276749,0.6714285714285714,1.0,0.0,0.0,0.0,0.0,0.0,0.0,0.0,0.0,0.0,0.0,0.0,0.0,0.0,0.0,0.0,0.0,0.0,0.0,0.0011654797683556817,0.026546197042147224,0.014705162146638407,0.0,1.0,1.0,1.0,1.0,1.0,1.0
0.9366977053276749,0.14285714285714285,0.0,0.0,0.0,0.0,0.0,0.0,0.0,0.0,0.0,0.0,0.0,0.0,0.0,0.0,0.0,0.0,0.0,0.0,0.0,0.0011654797683556817,0.026546197042147224,0.014705162146638407,0.0,1.0,1.0,1.0,1.0,1.0,1.0
0.9366977053276749,0.825,1.0,0.0,0.0,0.0,0.9551710296882644,0.008860910133693585,0.008471509790120374,0.9538635306947613,0.04267985529147776,0.0398101806640625,0.20841218484829985,0.37590990248592226,0.0,0.0,0.0,0.0,0.0,0.0,0.9520246163414898,0.0836942192667951,0.5322400703420979,0.8584615723874746,0.0,1.0,0.0,0.0,1.0,1.0,0.0
0.0,0.0,0.0,0.9384437424710157,0.0,0.0,0.0,0.0,0.0,0.9538635306947613,0.04267985529147776,0.0398101806640625,0.20841218484829985,0.37590990248592226,0.0,0.0,0.0,0.0,0.0,0.0,0.0,0.0011654797683556817,0.026546197042147224,0.014705162146638407,1.0,0.0,1.0,0.0,1.0,1.0,1.0
0.0,0.0,0.0,0.9384437424710157,0.0,0.0,0.0,0.0,0.0,0.0,0.0,0.0,0.0,0.0,0.0,0.0,0.0,0.0,0.0,0.0,0.0,0.0011654797683556817,0.026546197042147224,0.014705162146638407,1.0,0.0,1.0,1.0,1.0,1.0,1.0
0.0,0.0,0.0,0.9384437424710157,0.0,0.0,0.9551710296882644,0.009289706733258603,0.009290954748444939,0.0,0.0,0.0,0.0,0.0,0.0,0.0,0.0,0.9407527061995408,0.5803645960155603,1.0,0.9520246163414898,0.23570511288436446,0.5917477508890818,0.8465047165770715,1.0,0.0,0.0,1.0,1.0,0.0,0.0
0.0,0.0,0.0,0.0,0.0,0.0,0.0,0.0,0.0,0.0,0.0,0.0,0.0,0.0,0.9417946774640643,1.0,1.0,0.9407527061995408,0.23743835892456833,1.0,0.0,0.0011654797683556817,0.026546197042147224,0.014705162146638407,1.0,1.0,1.0,1.0,0.0,0.0,1.0
0.9366977053276749,0.9285714285714285,1.0,0.9384437424710157,0.0,0.0,0.0,0.0,0.0,0.0,0.0,0.0,0.0,0.0,0.9417946774640643,0.5,0.0,0.0,0.0,0.0,0.0,0.0011654797683556817,0.026546197042147224,0.014705162146638407,0.0,0.0,1.0,1.0,0.0,1.0,1.0
0.9366977053276749,0.825,1.0,0.0,0.0,0.0,0.0,0.0,0.0,0.0,0.0,0.0,0.0,0.0,0.0,0.0,0.0,0.0,0.0,0.0,0.0,0.0011654797683556817,0.026546197042147224,0.014705162146638407,0.0,1.0,1.0,1.0,1.0,1.0,1.0
0.9366977053276749,0.8357142857142856,1.0,0.0,0.0,0.0,0.0,0.0,0.0,0.0,0.0,0.0,0.0,0.0,0.0,0.0,0.0,0.0,0.0,0.0,0.0,0.0011654797683556817,0.026546197042147224,0.014705162146638407,0.0,1.0,1.0,1.0,1.0,1.0,1.0
0.9366977053276749,0.9035714285714286,1.0,0.0,0.0,0.0,0.0,0.0,0.0,0.0,0.0,0.0,0.0,0.0,0.0,0.0,0.0,0.0,0.0,0.0,0.9520246163414898,0.5921126459416169,0.5058153174438963,0.45109667661854197,0.0,1.0,1.0,1.0,1.0,1.0,0.0
0.9366977053276749,0.9285714285714285,1.0,0.0,0.0,0.0,0.0,0.0,0.0,0.0,0.0,0.0,0.0,0.0,0.0,0.0,0.0,0.0,0.0,0.0,0.9520246163414898,0.081265824225902,0.5322400703420979,0.9014012762546362,0.0,1.0,1.0,1.0,1.0,1.0,0.0
0.9366977053276749,0.4178571428571428,0.0,0.0,0.0,0.0,0.0,0.0,0.0,0.0,0.0,0.0,0.0,0.0,0.0,0.0,0.0,0.0,0.0,0.0,0.0,0.0011654797683556817,0.026546197042147224,0.014705162146638407,0.0,1.0,1.0,1.0,1.0,1.0,1.0
0.9366977053276749,0.36071428571428565,0.0,0.9384437424710157,0.0,0.0,0.9551710296882644,0.009214960941633658,0.008674262415783285,0.9538635306947613,0.05382302208789363,0.357330322265625,0.037543495513094445,0.6092111889392483,0.0,0.0,0.0,0.0,0.0,0.0,0.0,0.0011654797683556817,0.026546197042147224,0.014705162146638407,0.0,0.0,0.0,0.0,1.0,1.0,1.0
0.9366977053276749,0.36071428571428565,0.0,0.9384437424710157,0.0,0.0,0.0,0.0,0.0,0.0,0.0,0.0,0.0,0.0,0.9417946774640643,0.5,0.0,0.9407527061995408,0.5039049854019106,1.0,0.9520246163414898,0.5778451870428768,0.5058153174438963,0.45109667661854197,0.0,0.0,1.0,1.0,0.0,0.0,0.0
0.0,0.0,0.0,0.8232727342397252,0.0,0.0,0.0,0.0,0.0,0.8368001207391378,0.8578254033673733,0.8089752197265625,0.5517520297906111,0.04645271559157015,0.0,0.0,0.0,0.0,0.0,0.0,0.8351868881295152,0.48413898198241456,0.3295068325930624,0.45422922153285816,1.0,0.0,1.0,0.0,1.0,1.0,0.0
0.0,0.0,0.0,0.8232727342397252,0.0,0.0,0.0,0.0,0.0,0.8368001207391378,0.8578254033673733,0.8089752197265625,0.5517520297906111,0.04645271559157015,0.0,0.0,0.0,0.0,0.0,0.0,0.8351868881295152,0.49510952999091395,0.33238065193547095,0.45422922153285816,1.0,0.0,1.0,0.0,1.0,1.0,0.0
0.0,0.0,0.0,0.8232966832952943,0.0,0.0,0.0,0.0,0.0,0.83682446330723,0.8221520050067928,0.874359130859375,0.7641932726939747,0.5821849867997375,0.0,0.0,0.0,0.0,0.0,0.0,0.8352111837685695,0.5052988610233206,0.33692286849927866,0.43551040329172236,1.0,0.0,1.0,0.0,1.0,1.0,0.0
0.0,0.0,0.0,0.8232966832952943,0.0,0.0,0.0,0.0,0.0,0.83682446330723,0.8221520050067928,0.874359130859375,0.7641932726939747,0.5821849867997375,0.0,0.0,0.0,0.0,0.0,0.0,0.8352111837685695,0.5059946095837561,0.34082917190535206,0.43551040329172236,1.0,0.0,1.0,0.0,1.0,1.0,0.0
0.0,0.0,0.0,0.8232966832952943,0.0,0.0,0.8380202840283997,0.27254096213301837,0.2758144989619799,0.83682446330723,0.4272106974401245,0.6520538330078125,0.7514193272693975,0.06816829190129561,0.0,0.0,0.0,0.0,0.0,0.0,0.8352111837685695,0.5003621195086606,0.34082917190535206,0.43551040329172236,1.0,0.0,0.0,0.0,1.0,1.0,0.0
0.0,0.0,0.0,0.0,0.0,0.0,0.8380202840283997,0.27271285459035927,0.27582977580879764,0.0,0.0,0.0,0.0,0.0,0.0,0.0,0.0,0.0,0.0,0.0,0.0,0.0011654797683556817,0.026546197042147224,0.014705162146638407,1.0,1.0,0.0,1.0,1.0,1.0,1.0
0.0,0.0,0.0,0.0,0.0,0.0,0.8380202840283997,0.2728328180159235,0.2758659592599872,0.0,0.0,0.0,0.0,0.0,0.0,0.0,0.0,0.0,0.0,0.0,0.0,0.0011654797683556817,0.026546197042147224,0.014705162146638407,1.0,1.0,0.0,1.0,1.0,1.0,1.0
0.0,0.0,0.0,0.8233685304620013,1.0,0.0,0.8380202840283997,0.2729011592875267,0.27612286286206533,0.8368974910115068,0.947413411488147,0.3213043212890625,0.7113424088883462,0.7507973568954204,0.0,0.0,0.0,0.0,0.0,0.0,0.8352840706857323,0.5040586657516538,0.33510297446635184,0.4406570753785655,1.0,0.0,0.0,0.0,1.0,1.0,0.0
0.0,0.0,0.0,0.8233685304620013,0.0,0.0,0.8380446599638262,0.2732157771828419,0.27692151389905967,0.8368974910115068,0.947413411488147,0.3213043212890625,0.7113424088883462,0.7507973568954204,0.0,0.0,0.0,0.0,0.0,0.0,0.8352840706857323,0.5155127149342068,0.33510297446635184,0.4406570753785655,1.0,0.0,0.0,0.0,1.0,1.0,0.0
0.0,0.0,0.0,0.8233685304620013,0.0,0.0,0.8380446599638262,0.27337354726483665,0.2774654888107419,0.8368974910115068,0.2404481690097846,0.1027374267578125,0.06637262682375923,0.11596392436936319,0.0,0.0,0.0,0.0,0.0,0.0,0.8352840706857323,0.5444331957234275,0.3519415601856873,0.4406570753785655,1.0,0.0,0.0,0.0,1.0,1.0,0.0
0.0,0.0,0.0,0.0,0.0,0.0,0.8380446599638262,0.27356521344599655,0.2775559276633364,0.0,0.0,0.0,0.0,0.0,0.0,0.0,0.0,0.0,0.0,0.0,0.0,0.0011654797683556817,0.026546197042147224,0.014705162146638407,1.0,1.0,0.0,1.0,1.0,1.0,1.0
0.0,0.0,0.0,0.0,0.0,0.0,0.8380446599638262,0.27362945919786175,0.2776499881569464,0.0,0.0,0.0,0.0,0.0,0.0,0.0,0.0,0.0,0.0,0.0,0.0,0.0011654797683556817,0.026546197042147224,0.014705162146638407,1.0,1.0,0.0,1.0,1.0,1.0,1.0
0.0,0.0,0.0,0.8233924795175702,0.0,0.0,0.8380690358992526,0.27387568658303735,0.27772455415475994,0.836921833579599,0.06432507517821434,0.341400146484375,0.014284842195226176,0.77339803751011,0.0,0.0,0.0,0.0,0.0,0.0,0.8353083663247866,0.5468016880133905,0.3519415601856873,0.39862652209121924,1.0,0.0,0.0,0.0,1.0,1.0,0.0
0.0,0.0,0.0,0.8233924795175702,0.0,0.0,0.8380690358992526,0.27412012702723326,0.2778048482377086,0.836921833579599,0.06432507517821434,0.341400146484375,0.014284842195226176,0.77339803751011,0.0,0.0,0.0,0.0,0.0,0.0,0.8353083663247866,0.5422199600560794,0.3519415601856873,0.39862652209121924,1.0,0.0,0.0,0.0,1.0,1.0,0.0
0.0,0.0,0.0,0.8233924795175702,0.0,0.0,0.8380690358992526,0.2742689284279226,0.27799839298894713,0.836921833579599,0.9957411732380821,0.8101654052734375,0.13624015627861547,0.18147690335576616,0.0,0.0,0.0,0.0,0.0,0.0,0.8353083663247866,0.5255638048838279,0.3519415601856873,0.36832867510793915,1.0,0.0,0.0,0.0,1.0,1.0,0.0
0.0,0.0,0.0,0.8233924795175702,0.0,0.0,0.8380690358992526,0.27458113854063865,0.27815095308321885,0.836921833579599,0.9957411732380821,0.8101654052734375,0.13624015627861547,0.18147690335576616,0.0,0.0,0.0,0.0,0.0,0.0,0.8353083663247866,0.534168954157788,0.3519415601856873,0.36832867510793915,1.0,0.0,0.0,0.0,1.0,1.0,0.0
0.0,0.0,0.0,0.0,0.0,0.0,0.8380690358992526,0.2749257559681387,0.2784531388251818,0.0,0.0,0.0,0.0,0.0,0.0,0.0,0.0,0.0,0.0,0.0,0.0,0.0011654797683556817,0.026546197042147224,0.014705162146638407,1.0,1.0,0.0,1.0,1.0,1.0,1.0
0.0,0.0,0.0,0.8234164285731392,0.0,0.0,0.8380934118346792,0.27512725677475336,0.27858872816490354,0.8369461761476913,0.6218345010761551,0.1546783447265625,0.3197606983700629,1.0000915625143068,0.0,0.0,0.0,0.0,0.0,0.0,0.8353326619638408,0.5261819308787868,0.3519415601856873,0.3413794515336128,1.0,0.0,0.0,0.0,1.0,1.0,0.0
0.0,0.0,0.0,0.0,0.0,0.0,0.8380934118346792,0.2753110115404503,0.2789591984751316,0.0,0.0,0.0,0.0,0.0,0.0,0.0,0.0,0.0,0.0,0.0,0.0,0.0011654797683556817,0.026546197042147224,0.014705162146638407,1.0,1.0,0.0,1.0,1.0,1.0,1.0
0.0,0.0,0.0,0.8234164285731392,0.0,0.0,0.8380934118346792,0.2760346853903599,0.27942421615613544,0.8369461761476913,0.7275114102975072,0.6562957763671875,0.5123924058360295,0.49756596316134843,0.0,0.0,0.0,0.0,0.0,0.0,0.8353326619638408,0.5203032943275977,0.3519415601856873,0.2998037360190099,1.0,0.0,0.0,0.0,1.0,1.0,0.0
0.0,0.0,0.0,0.0,0.0,0.0,0.018501334988730193,0.0035965258955922034,0.00342754074092267,0.0,0.0,0.0,0.0,0.0,0.0,0.0,0.0,0.0,0.0,0.0,0.0,0.0011654797683556817,0.026546197042147224,0.014705162146638407,1.0,1.0,0.0,1.0,1.0,1.0,1.0
0.0,0.0,0.0,0.0,0.0,0.0,0.018501334988730193,0.0038854936058410564,0.004746872208161602,0.0,0.0,0.0,0.0,0.0,0.0,0.0,0.0,0.0,0.0,0.0,0.0,0.0011654797683556817,0.026546197042147224,0.014705162146638407,1.0,1.0,0.0,1.0,1.0,1.0,1.0
0.018143513036715714,0.9142857142857143,1.0,0.0,0.0,0.0,0.018501334988730193,0.0046077429031312405,0.00460515409383425,0.0,0.0,0.0,0.0,0.0,0.0,0.0,0.0,0.0,0.0,0.0,0.0,0.0011654797683556817,0.026546197042147224,0.014705162146638407,0.0,1.0,0.0,1.0,1.0,1.0,1.0
0.018143513036715714,0.24642857142857144,0.0,0.0,0.0,0.0,0.0,0.0,0.0,0.0,0.0,0.0,0.0,0.0,0.0,0.0,0.0,0.0,0.0,0.0,0.0,0.0011654797683556817,0.026546197042147224,0.014705162146638407,0.0,1.0,1.0,1.0,1.0,1.0,1.0
0.018143513036715714,0.07142857142857142,0.0,0.0,0.0,0.0,0.0,0.0,0.0,0.0,0.0,0.0,0.0,0.0,0.0,0.0,0.0,0.0,0.0,0.0,0.0,0.0011654797683556817,0.026546197042147224,0.014705162146638407,0.0,1.0,1.0,1.0,1.0,1.0,1.0
0.018143513036715714,0.7321428571428571,1.0,0.0,0.0,0.0,0.0,0.0,0.0,0.0,0.0,0.0,0.0,0.0,0.0,0.0,0.0,0.0,0.0,0.0,0.0,0.0011654797683556817,0.026546197042147224,0.014705162146638407,0.0,1.0,1.0,1.0,1.0,1.0,1.0
0.018143513036715714,0.6821428571428572,1.0,0.0,0.0,0.0,0.0,0.0,0.0,0.0,0.0,0.0,0.0,0.0,0.0,0.0,0.0,0.0,0.0,0.0,0.0,0.0011654797683556817,0.026546197042147224,0.014705162146638407,0.0,1.0,1.0,1.0,1.0,1.0,1.0
0.018143513036715714,0.3821428571428571,0.0,0.0,0.0,0.0,0.0,0.0,0.0,0.0,0.0,0.0,0.0,0.0,0.0,0.0,0.0,0.0,0.0,0.0,0.0,0.0011654797683556817,0.026546197042147224,0.014705162146638407,0.0,1.0,1.0,1.0,1.0,1.0,1.0
0.018143513036715714,0.4535714285714285,1.0,0.0,0.0,0.0,0.0,0.0,0.0,0.0,0.0,0.0,0.0,0.0,0.0,0.0,0.0,0.0,0.0,0.0,0.0,0.0011654797683556817,0.026546197042147224,0.014705162146638407,0.0,1.0,1.0,1.0,1.0,1.0,1.0
0.018143513036715714,0.41428571428571426,0.0,0.0,0.0,0.0,0.0,0.0,0.0,0.0,0.0,0.0,0.0,0.0,0.0,0.0,0.0,0.0,0.0,0.0,0.0,0.0011654797683556817,0.026546197042147224,0.014705162146638407,0.0,1.0,1.0,1.0,1.0,1.0,1.0
0.018143513036715714,0.8535714285714284,1.0,0.0,0.0,0.0,0.0,0.0,0.0,0.0,0.0,0.0,0.0,0.0,0.0,0.0,0.0,0.0,0.0,0.0,0.0,0.0011654797683556817,0.026546197042147224,0.014705162146638407,0.0,1.0,1.0,1.0,1.0,1.0,1.0
0.018143513036715714,0.2857142857142857,0.0,0.0,0.0,0.0,0.018501334988730193,0.0019901696810093175,0.002162446474415384,0.0,0.0,0.0,0.0,0.0,0.0,0.0,0.0,0.0,0.0,0.0,0.0,0.0011654797683556817,0.026546197042147224,0.014705162146638407,0.0,1.0,0.0,1.0,1.0,1.0,1.0
0.018143513036715714,0.7035714285714285,1.0,0.0,0.0,0.0,0.018501334988730193,0.0022792979888313224,0.0020235002457253855,0.0,0.0,0.0,0.0,0.0,0.0,0.0,0.0,0.0,0.0,0.0,0.0,0.0011654797683556817,0.026546197042147224,0.014705162146638407,0.0,1.0,0.0,1.0,1.0,1.0,1.0
0.018143513036715714,0.5464285714285714,1.0,0.0,0.0,0.0,0.0,0.0,0.0,0.0,0.0,0.0,0.0,0.0,0.0,0.0,0.0,0.0,0.0,0.0,0.0,0.0011654797683556817,0.026546197042147224,0.014705162146638407,0.0,1.0,1.0,1.0,1.0,1.0,1.0
0.018143513036715714,0.14285714285714285,0.0,0.0,0.0,0.0,0.018501334988730193,0.004255190883534625,0.004928672672837826,0.0,0.0,0.0,0.0,0.0,0.0,0.0,0.0,0.0,0.0,0.0,0.0,0.0011654797683556817,0.026546197042147224,0.014705162146638407,0.0,1.0,0.0,1.0,1.0,1.0,1.0
0.0,0.0,0.0,0.0,0.0,0.0,0.018501334988730193,0.002639358476421918,0.0023278690797137874,0.0,0.0,0.0,0.0,0.0,0.0,0.0,0.0,0.0,0.0,0.0,0.0,0.0011654797683556817,0.026546197042147224,0.014705162146638407,1.0,1.0,0.0,1.0,1.0,1.0,1.0
0.0,0.0,0.0,0.0,0.0,0.0,0.018501334988730193,0.0024365844212142656,0.002305649994395715,0.0,0.0,0.0,0.0,0.0,0.0,0.0,0.0,0.0,0.0,0.0,0.0,0.0011654797683556817,0.026546197042147224,0.014705162146638407,1.0,1.0,0.0,1.0,1.0,1.0,1.0
0.0,0.0,0.0,0.0,0.0,0.0,0.018501334988730193,0.0024900010963459784,0.0029463316567343092,0.0,0.0,0.0,0.0,0.0,0.0,0.0,0.0,0.0,0.0,0.0,0.0,0.0011654797683556817,0.026546197042147224,0.014705162146638407,1.0,1.0,0.0,1.0,1.0,1.0,1.0
0.0,0.0,0.0,0.0,0.0,0.0,0.018501334988730193,0.0026236476241024696,0.0025652478820575066,0.0,0.0,0.0,0.0,0.0,0.0,0.0,0.0,0.0,0.0,0.0,0.0,0.0011654797683556817,0.026546197042147224,0.014705162146638407,1.0,1.0,0.0,1.0,1.0,1.0,1.0
0.0,0.0,0.0,0.0,0.0,0.0,0.018501334988730193,0.0029293542128170785,0.0028945709011334968,0.0,0.0,0.0,0.0,0.0,0.0,0.0,0.0,0.0,0.0,0.0,0.0,0.0011654797683556817,0.026546197042147224,0.014705162146638407,1.0,1.0,0.0,1.0,1.0,1.0,1.0
0.0,0.0,0.0,0.9722119108232967,0.0,0.0,0.9895410986396603,0.043232014938374544,0.04389975712878744,0.0,0.0,0.0,0.0,0.0,0.0,0.0,0.0,0.0,0.0,0.0,0.9862814674080076,0.9350276547487465,0.559312415165278,0.364457679045967,1.0,0.0,0.0,1.0,1.0,1.0,0.0
0.9704030457516132,0.47857142857142854,1.0,0.9722119108232967,0.0,0.0,0.9895410986396603,0.01337187955015802,0.011909717077737119,0.0,0.0,0.0,0.0,0.0,0.9756834230356946,0.5,0.0,0.9746039583557575,0.1822107261036563,1.0,0.9862814674080076,0.3010984587864526,0.577098988972562,0.363865899589069,0.0,0.0,0.0,1.0,0.0,0.0,0.0
0.9704030457516132,0.42142857142857143,0.0,0.9722119108232967,1.0,0.0,0.9895410986396603,0.029371588606005652,0.0324833746837921,0.0,0.0,0.0,0.0,0.0,0.9756834230356946,0.5,0.0,0.9746039583557575,0.5588473069843372,1.0,0.9862814674080076,0.5178947529387269,0.5961466211394851,0.1271814341308382,0.0,0.0,0.0,1.0,0.0,0.0,0.0
0.9704030457516132,0.6285714285714286,1.0,0.9722119108232967,0.0,0.0,0.9895410986396603,0.0030208596321360352,0.0035327675490101733,0.0,0.0,0.0,0.0,0.0,0.9756834230356946,1.0,1.0,0.9746039583557575,0.13769496770786693,1.0,0.9862814674080076,0.5160050607480399,0.5781640101832051,0.07366790135540446,0.0,0.0,0.0,1.0,0.0,0.0,0.0
0.9704030457516132,0.18571428571428572,0.0,0.9722119108232967,0.0,0.0,0.0,0.0,0.0,0.0,0.0,0.0,0.0,0.0,0.0,0.0,0.0,0.0,0.0,0.0,0.9862814674080076,0.9485515903079144,0.559312415165278,0.364457679045967,0.0,0.0,1.0,1.0,1.0,1.0,0.0
0.9704030457516132,0.07142857142857142,0.0,0.9722119108232967,0.0,0.0,0.0,0.0,0.0,0.0,0.0,0.0,0.0,0.0,0.9756834230356946,1.0,1.0,0.9746039583557575,0.5012191984392307,1.0,0.9862814674080076,0.28745681610291474,0.577098988972562,0.363865899589069,0.0,0.0,1.0,1.0,0.0,0.0,0.0
0.9704030457516132,0.14285714285714285,0.0,0.9722119108232967,0.0,0.0,0.0,0.0,0.0,0.0,0.0,0.0,0.0,0.0,0.0,0.0,0.0,0.0,0.0,0.0,0.9862814674080076,0.5234142629025534,0.5961466211394851,0.1271814341308382,0.0,0.0,1.0,1.0,1.0,1.0,0.0
0.9704030457516132,0.21428571428571427,0.0,0.9722119108232967,0.0,0.0,0.9895410986396603,0.029472894350960635,0.03258708515973047,0.0,0.0,0.0,0.0,0.0,0.0,0.0,0.0,0.0,0.0,0.0,0.0,0.0011654797683556817,0.026546197042147224,0.014705162146638407,0.0,0.0,0.0,1.0,1.0,1.0,1.0
0.9704030457516132,0.14285714285714285,0.0,0.9722119108232967,0.0,0.0,0.0,0.0,0.0,0.0,0.0,0.0,0.0,0.0,0.0,0.0,0.0,0.0,0.0,0.0,0.0,0.0011654797683556817,0.026546197042147224,0.014705162146638407,0.0,0.0,1.0,1.0,1.0,1.0,1.0
0.9704030457516132,0.7214285714285713,1.0,0.9722119108232967,0.0,0.0,0.9895410986396603,0.0295476833453132,0.03264391912412831,0.0,0.0,0.0,0.0,0.0,0.0,0.0,0.0,0.0,0.0,0.0,0.9862814674080076,0.5393611080398185,0.5961466211394851,0.1271814341308382,0.0,0.0,0.0,1.0,1.0,1.0,0.0
0.9704030457516132,0.6714285714285714,1.0,0.9722119108232967,0.0,0.0,0.9895410986396603,0.0031368455033207975,0.003729562512031194,0.0,0.0,0.0,0.0,0.0,0.9756834230356946,0.5,0.0,0.9746039583557575,0.6082870461883583,1.0,0.9862814674080076,0.519770777274906,0.5781640101832051,0.07366790135540446,0.0,0.0,0.0,1.0,0.0,0.0,0.0
0.0,0.0,0.0,0.0,0.0,0.0,0.9895410986396603,0.01370962605241369,0.012026291273197605,0.0,0.0,0.0,0.0,0.0,0.0,0.0,0.0,0.9746039583557575,0.45892740902280726,1.0,0.9862814674080076,0.9430223147296787,0.559312415165278,0.3688684013506507,1.0,1.0,0.0,1.0,1.0,0.0,0.0
0.9704030457516132,0.5785714285714285,1.0,0.9722119108232967,0.0,0.0,0.9895410986396603,0.043403863517093445,0.044221551532742,0.0,0.0,0.0,0.0,0.0,0.9756834230356946,0.5,0.0,0.0,0.0,0.0,0.9862814674080076,0.29107082791573846,0.577098988972562,0.4040927804751929,0.0,0.0,0.0,1.0,0.0,1.0,0.0
0.9704030457516132,0.6892857142857143,1.0,0.9722119108232967,0.0,0.0,0.0,0.0,0.0,0.0,0.0,0.0,0.0,0.0,0.9756834230356946,0.5,0.0,0.9746039583557575,0.601442405614355,1.0,0.0,0.0011654797683556817,0.026546197042147224,0.014705162146638407,0.0,0.0,1.0,1.0,0.0,0.0,1.0
0.9704030457516132,0.43571428571428567,1.0,0.9722119108232967,0.0,0.0,0.9895410986396603,0.02969784823556918,0.03270397178787535,0.0,0.0,0.0,0.0,0.0,0.0,0.0,0.0,0.0,0.0,0.0,0.9862814674080076,0.528427313321551,0.586185219029271,0.1271814341308382,0.0,0.0,0.0,1.0,1.0,1.0,0.0
0.0,0.0,0.0,0.9722119108232967,0.0,0.0,0.0,0.0,0.0,0.0,0.0,0.0,0.0,0.0,0.0,0.0,0.0,0.0,0.0,0.0,0.9862814674080076,0.5075175066368282,0.5957046557902547,0.07366790135540446,1.0,0.0,1.0,1.0,1.0,1.0,0.0
0.9704030457516132,0.6892857142857143,1.0,0.0,0.0,0.0,0.9895410986396603,0.0031865992019960553,0.003765478794182601,0.0,0.0,0.0,0.0,0.0,0.9756834230356946,0.5,0.0,0.9746039583557575,0.4189441047706195,1.0,0.9862814674080076,0.9430223147296787,0.559312415165278,0.3688684013506507,0.0,1.0,0.0,1.0,0.0,0.0,0.0
0.0,0.0,0.0,0.0,0.0,0.0,0.0,0.0,0.0,0.0,0.0,0.0,0.0,0.0,0.9756834230356946,0.5,0.0,0.9746039583557575,0.5630598817003856,1.0,0.0,0.0011654797683556817,0.026546197042147224,0.014705162146638407,1.0,1.0,1.0,1.0,0.0,0.0,1.0
0.0,0.0,0.0,0.0,0.0,0.0,0.9895410986396603,0.043415340220483434,0.04422820946354203,0.0,0.0,0.0,0.0,0.0,0.9756834230356946,0.5,0.0,0.9746039583557575,0.3988921361017481,1.0,0.0,0.0011654797683556817,0.026546197042147224,0.014705162146638407,1.0,1.0,0.0,1.0,0.0,0.0,1.0
0.9704030457516132,0.7214285714285713,1.0,0.9722119108232967,0.0,0.0,0.9895410986396603,0.013710268539003066,0.012062867668500597,0.0,0.0,0.0,0.0,0.0,0.9756834230356946,0.5,0.0,0.0,0.0,0.0,0.9862814674080076,0.29417785780561023,0.577098988972562,0.4040927804751929,0.0,0.0,0.0,1.0,0.0,1.0,0.0
0.0,0.0,0.0,0.0,0.0,0.0,0.0,0.0,0.0,0.8909623347443909,0.6530048388820198,0.3529052734375,0.13329467065502715,0.8015992919165561,0.0,0.0,0.0,0.0,0.0,0.0,0.0,0.0011654797683556817,0.026546197042147224,0.014705162146638407,1.0,1.0,1.0,0.0,1.0,1.0,1.0
0.0,0.0,0.0,0.0,0.0,0.0,0.0,0.0,0.0,0.8909623347443909,0.4418189311718642,0.7863616943359375,0.0036017337158903606,0.44893100764546995,0.0,0.0,0.0,0.0,0.0,0.0,0.0,0.0011654797683556817,0.026546197042147224,0.014705162146638407,1.0,1.0,1.0,0.0,1.0,1.0,1.0
0.0,0.0,0.0,0.0,0.0,0.0,0.0,0.0,0.0,0.8909623347443909,0.4418189311718642,0.7863616943359375,0.0036017337158903606,0.44893100764546995,0.0,0.0,0.0,0.0,0.0,0.0,0.8892446850252614,0.28702246378244545,0.2656888471111756,0.5617091981996511,1.0,1.0,1.0,0.0,1.0,1.0,0.0
0.0,0.0,0.0,0.0,0.0,0.0,0.0,0.0,0.0,0.8909623347443909,0.4418189311718642,0.7863616943359375,0.0036017337158903606,0.44893100764546995,0.0,0.0,0.0,0.0,0.0,0.0,0.8892446850252614,0.45942198240749155,0.529492793754323,0.9874981015884178,1.0,1.0,1.0,0.0,1.0,1.0,0.0
0.0,0.0,0.0,0.0,0.0,0.0,0.0,0.0,0.0,0.0,0.0,0.0,0.0,0.0,0.0,0.0,0.0,0.0,0.0,0.0,0.8892446850252614,0.8671130828463997,0.883083238844639,0.14326641758871725,1.0,1.0,1.0,1.0,1.0,1.0,0.0
0.0,0.0,0.0,0.0,0.0,0.0,0.0,0.0,0.0,0.0,0.0,0.0,0.0,0.0,0.0,0.0,0.0,0.0,0.0,0.0,0.8892446850252614,0.768649658030809,0.4882048050797358,0.3096413600879517,1.0,1.0,1.0,1.0,1.0,1.0,0.0
0.0,0.0,0.0,0.0,0.0,0.0,0.0,0.0,0.0,0.0,0.0,0.0,0.0,0.0,0.0,0.0,0.0,0.0,0.0,0.0,0.8892446850252614,0.10192715326880131,0.3888672561372606,0.8314428429009986,1.0,1.0,1.0,1.0,1.0,1.0,0.0
0.0,0.0,0.0,0.0,0.0,0.0,0.0,0.0,0.0,0.8909623347443909,0.720917097891957,0.3150787353515625,0.33863927721140347,0.9203863938103741,0.0,0.0,0.0,0.0,0.0,0.0,0.8892446850252614,0.9734408377486251,0.7376507704008772,0.5537400533999143,1.0,1.0,1.0,0.0,1.0,1.0,0.0
0.0,0.0,0.0,0.0,0.0,0.0,0.0,0.0,0.0,0.0,0.0,0.0,0.0,0.0,0.0,0.0,0.0,0.0,0.0,0.0,0.8892446850252614,0.9431739554187467,0.3048646733509679,0.7460771613438263,1.0,1.0,1.0,1.0,1.0,1.0,0.0
0.0,0.0,0.0,0.0,0.0,0.0,0.0,0.0,0.0,0.0,0.0,0.0,0.0,0.0,0.0,0.0,0.0,0.0,0.0,0.0,0.8892446850252614,0.05171951671481678,0.5544249167409417,0.12224831342685545,1.0,1.0,1.0,1.0,1.0,1.0,0.0
0.0,0.0,0.0,0.0,0.0,0.0,0.0,0.0,0.0,0.8909623347443909,0.720917097891957,0.3150787353515625,0.33863927721140347,0.9203863938103741,0.0,0.0,0.0,0.0,0.0,0.0,0.8892446850252614,0.3224228196279334,0.5628833963870719,0.4689696372864154,1.0,1.0,1.0,0.0,1.0,1.0,0.0
0.0,0.0,0.0,0.0,0.0,0.0,0.0,0.0,0.0,0.8909623347443909,0.720917097891957,0.3150787353515625,0.33863927721140347,0.9203863938103741,0.0,0.0,0.0,0.0,0.0,0.0,0.0,0.0011654797683556817,0.026546197042147224,0.014705162146638407,1.0,1.0,1.0,0.0,1.0,1.0,1.0
0.0,0.0,0.0,0.0,0.0,0.0,0.0,0.0,0.0,0.8909623347443909,0.720917097891957,0.3150787353515625,0.33863927721140347,0.9203863938103741,0.0,0.0,0.0,0.0,0.0,0.0,0.8892446850252614,0.27307791303562157,0.25256244487681195,0.5617091981996511,1.0,1.0,1.0,0.0,1.0,1.0,0.0
0.0,0.0,0.0,0.0,0.0,0.0,0.0,0.0,0.0,0.8909623347443909,0.7752438521774969,0.3341064453125,0.15400463952139673,0.7168734453448092,0.0,0.0,0.0,0.0,0.0,0.0,0.0,0.0011654797683556817,0.026546197042147224,0.014705162146638407,1.0,1.0,1.0,0.0,1.0,1.0,1.0
0.0,0.0,0.0,0.0,0.0,0.0,0.0,0.0,0.0,0.8909623347443909,0.7752438521774969,0.3341064453125,0.15400463952139673,0.7168734453448092,0.0,0.0,0.0,0.0,0.0,0.0,0.0,0.0011654797683556817,0.026546197042147224,0.014705162146638407,1.0,1.0,1.0,0.0,1.0,1.0,1.0
0.0,0.0,0.0,0.0,0.0,0.0,0.0,0.0,0.0,0.8909623347443909,0.7752438521774969,0.3341064453125,0.15400463952139673,0.7168734453448092,0.0,0.0,0.0,0.0,0.0,0.0,0.8892446850252614,0.45123114957705146,0.529492793754323,0.9874981015884178,1.0,1.0,1.0,0.0,1.0,1.0,0.0
0.0,0.0,0.0,0.0,0.0,0.0,0.0,0.0,0.0,0.0,0.0,0.0,0.0,0.0,0.0,0.0,0.0,0.0,0.0,0.0,0.8892446850252614,0.8546949879562179,0.883083238844639,0.14326641758871725,1.0,1.0,1.0,1.0,1.0,1.0,0.0
0.0,0.0,0.0,0.0,0.0,0.0,0.0,0.0,0.0,0.0,0.0,0.0,0.0,0.0,0.0,0.0,0.0,0.0,0.0,0.0,0.8892446850252614,0.09411588018584727,0.3888672561372606,0.8314428429009986,1.0,1.0,1.0,1.0,1.0,1.0,0.0
0.0,0.0,0.0,0.0,0.0,0.0,0.0,0.0,0.0,0.0,0.0,0.0,0.0,0.0,0.0,0.0,0.0,0.0,0.0,0.0,0.8892446850252614,0.7785999306442736,0.4882048050797358,0.3096413600879517,1.0,1.0,1.0,1.0,1.0,1.0,0.0
0.0,0.0,0.0,0.0,0.0,0.0,0.0,0.0,0.0,0.8909623347443909,0.7752438521774969,0.3341064453125,0.15400463952139673,0.7168734453448092,0.0,0.0,0.0,0.0,0.0,0.0,0.8892446850252614,0.9523282413153867,0.3048646733509679,0.734773292349317,1.0,1.0,1.0,0.0,1.0,1.0,0.0
0.018119608539961148,0.49642857142857144,1.0,0.0,0.0,0.0,0.0,0.0,0.0,0.0,0.0,0.0,0.0,0.0,0.0,0.0,0.0,0.0,0.0,0.0,0.0,0.0011654797683556817,0.026546197042147224,0.014705162146638407,0.0,1.0,1.0,1.0,1.0,1.0,1.0
0.018119608539961148,0.4178571428571428,0.0,0.0,0.0,0.0,0.01847695905330367,0.0033145806217431354,0.0031006586994682984,0.0,0.0,0.0,0.0,0.0,0.0,0.0,0.0,0.0,0.0,0.0,0.0,0.0011654797683556817,0.026546197042147224,0.014705162146638407,0.0,1.0,0.0,1.0,1.0,1.0,1.0
0.0,0.0,0.0,0.0,0.0,0.0,0.01847695905330367,0.003321299323599379,0.0029293187330188507,0.0,0.0,0.0,0.0,0.0,0.0,0.0,0.0,0.0,0.0,0.0,0.0,0.0011654797683556817,0.026546197042147224,0.014705162146638407,1.0,1.0,0.0,1.0,1.0,1.0,1.0
0.0,0.0,0.0,0.0,0.0,0.0,0.01847695905330367,0.0037891275289991776,0.0036640533084053607,0.0,0.0,0.0,0.0,0.0,0.0,0.0,0.0,0.0,0.0,0.0,0.0,0.0011654797683556817,0.026546197042147224,0.014705162146638407,1.0,1.0,0.0,1.0,1.0,1.0,1.0
0.0,0.0,0.0,0.0,0.0,0.0,0.01847695905330367,0.003421474202909944,0.003526145085719353,0.0,0.0,0.0,0.0,0.0,0.0,0.0,0.0,0.0,0.0,0.0,0.0,0.0011654797683556817,0.026546197042147224,0.014705162146638407,1.0,1.0,0.0,1.0,1.0,1.0,1.0
0.0,0.0,0.0,0.0,0.0,0.0,0.01847695905330367,0.00322980204408275,0.002630788231905934,0.0,0.0,0.0,0.0,0.0,0.0,0.0,0.0,0.0,0.0,0.0,0.0,0.0011654797683556817,0.026546197042147224,0.014705162146638407,1.0,1.0,0.0,1.0,1.0,1.0,1.0
0.0,0.0,0.0,0.0,0.0,0.0,0.01847695905330367,0.003944707050284826,0.004181599670600479,0.0,0.0,0.0,0.0,0.0,0.0,0.0,0.0,0.0,0.0,0.0,0.0,0.0011654797683556817,0.026546197042147224,0.014705162146638407,1.0,1.0,0.0,1.0,1.0,1.0,1.0
0.0,0.0,0.0,0.0,0.0,0.0,0.01847695905330367,0.0037304332168011196,0.003313457730574905,0.0,0.0,0.0,0.0,0.0,0.0,0.0,0.0,0.0,0.0,0.0,0.0,0.0011654797683556817,0.026546197042147224,0.014705162146638407,1.0,1.0,0.0,1.0,1.0,1.0,1.0
0.0,0.0,0.0,0.0,0.0,0.0,0.01847695905330367,0.0033497408085896743,0.003606041262399242,0.0,0.0,0.0,0.0,0.0,0.0,0.0,0.0,0.0,0.0,0.0,0.0,0.0011654797683556817,0.026546197042147224,0.014705162146638407,1.0,1.0,0.0,1.0,1.0,1.0,1.0
0.0,0.0,0.0,0.0,0.0,0.0,0.01847695905330367,0.003385024893039005,0.0030819571963867885,0.0,0.0,0.0,0.0,0.0,0.0,0.0,0.0,0.0,0.0,0.0,0.0,0.0011654797683556817,0.026546197042147224,0.014705162146638407,1.0,1.0,0.0,1.0,1.0,1.0,1.0
0.0,0.0,0.0,0.0,0.0,0.0,0.01847695905330367,0.0025519390579962185,0.003589605029031037,0.0,0.0,0.0,0.0,0.0,0.0,0.0,0.0,0.0,0.0,0.0,0.0,0.0011654797683556817,0.026546197042147224,0.014705162146638407,1.0,1.0,0.0,1.0,1.0,1.0,1.0
0.0,0.0,0.0,0.0,0.0,0.0,0.01847695905330367,0.002893468437086779,0.002897510016900761,0.0,0.0,0.0,0.0,0.0,0.0,0.0,0.0,0.0,0.0,0.0,0.0,0.0011654797683556817,0.026546197042147224,0.014705162146638407,1.0,1.0,0.0,1.0,1.0,1.0,1.0
0.0,0.0,0.0,0.0,0.0,0.0,0.01847695905330367,0.0030078635946693905,0.0023797838086160802,0.0,0.0,0.0,0.0,0.0,0.0,0.0,0.0,0.0,0.0,0.0,0.0,0.0011654797683556817,0.026546197042147224,0.014705162146638407,1.0,1.0,0.0,1.0,1.0,1.0,1.0
0.0,0.0,0.0,0.0,0.0,0.0,0.01847695905330367,0.0026240270787937785,0.0025361253399553904,0.0,0.0,0.0,0.0,0.0,0.0,0.0,0.0,0.0,0.0,0.0,0.0,0.0011654797683556817,0.026546197042147224,0.014705162146638407,1.0,1.0,0.0,1.0,1.0,1.0,1.0
0.0,0.0,0.0,0.0,0.0,0.0,0.01847695905330367,0.0018169201623653858,0.0018310536506032857,0.0,0.0,0.0,0.0,0.0,0.0,0.0,0.0,0.0,0.0,0.0,0.0,0.0011654797683556817,0.026546197042147224,0.014705162146638407,1.0,1.0,0.0,1.0,1.0,1.0,1.0
0.0,0.0,0.0,0.0,0.0,0.0,0.01847695905330367,0.0018184644918127115,0.0018592453582715815,0.0,0.0,0.0,0.0,0.0,0.0,0.0,0.0,0.0,0.0,0.0,0.0,0.0011654797683556817,0.026546197042147224,0.014705162146638407,1.0,1.0,0.0,1.0,1.0,1.0,1.0
0.0,0.0,0.0,0.0,0.0,0.0,0.01847695905330367,0.0020089202952680084,0.0018624879162498255,0.0,0.0,0.0,0.0,0.0,0.0,0.0,0.0,0.0,0.0,0.0,0.0,0.0011654797683556817,0.026546197042147224,0.014705162146638407,1.0,1.0,0.0,1.0,1.0,1.0,1.0
0.0,0.0,0.0,0.0,0.0,0.0,0.01847695905330367,0.002092650152061437,0.0018867007443353588,0.0,0.0,0.0,0.0,0.0,0.0,0.0,0.0,0.0,0.0,0.0,0.0,0.0011654797683556817,0.026546197042147224,0.014705162146638407,1.0,1.0,0.0,1.0,1.0,1.0,1.0
0.0,0.0,0.0,0.0,0.0,0.0,0.01847695905330367,0.0022347257885258582,0.002047889715556594,0.0,0.0,0.0,0.0,0.0,0.0,0.0,0.0,0.0,0.0,0.0,0.0,0.0011654797683556817,0.026546197042147224,0.014705162146638407,1.0,1.0,0.0,1.0,1.0,1.0,1.0
0.0,0.0,0.0,0.0,0.0,0.0,0.01847695905330367,0.002129352722433808,0.0022497286820689286,0.0,0.0,0.0,0.0,0.0,0.0,0.0,0.0,0.0,0.0,0.0,0.0,0.0011654797683556817,0.026546197042147224,0.014705162146638407,1.0,1.0,0.0,1.0,1.0,1.0,1.0
0.0,0.0,0.0,0.0,0.0,0.0,0.018501334988730193,0.002503827032082905,0.0029468717992507006,0.0,0.0,0.0,0.0,0.0,0.0,0.0,0.0,0.0,0.0,0.0,0.0,0.0011654797683556817,0.026546197042147224,0.014705162146638407,1.0,1.0,0.0,1.0,1.0,1.0,1.0
0.018143513036715714,0.2857142857142857,0.0,0.0,0.0,0.0,0.018501334988730193,0.0028011920803737295,0.00261360412298468,0.0,0.0,0.0,0.0,0.0,0.0,0.0,0.0,0.0,0.0,0.0,0.0,0.0011654797683556817,0.026546197042147224,0.014705162146638407,0.0,1.0,0.0,1.0,1.0,1.0,1.0
0.018143513036715714,0.6928571428571427,1.0,0.0,0.0,0.0,0.018501334988730193,0.0027133419573897016,0.0032267758155501702,0.0,0.0,0.0,0.0,0.0,0.01824223963749457,1.0,1.0,0.0,0.0,0.0,0.0,0.0011654797683556817,0.026546197042147224,0.014705162146638407,0.0,1.0,0.0,1.0,0.0,1.0,1.0
0.0,0.0,0.0,0.0,0.0,0.0,0.018501334988730193,0.0034384913590508473,0.004005657533905603,0.0,0.0,0.0,0.0,0.0,0.0,0.0,0.0,0.0,0.0,0.0,0.0,0.0011654797683556817,0.026546197042147224,0.014705162146638407,1.0,1.0,0.0,1.0,1.0,1.0,1.0
0.0,0.0,0.0,0.0,0.0,0.0,0.018501334988730193,0.003841121599249842,0.003776644797380959,0.0,0.0,0.0,0.0,0.0,0.0,0.0,0.0,0.0,0.0,0.0,0.0,0.0011654797683556817,0.026546197042147224,0.014705162146638407,1.0,1.0,0.0,1.0,1.0,1.0,1.0
0.0,0.0,0.0,0.0,0.0,0.0,0.018501334988730193,0.004040868649114712,0.004523175588011286,0.0,0.0,0.0,0.0,0.0,0.0,0.0,0.0,0.0,0.0,0.0,0.0,0.0011654797683556817,0.026546197042147224,0.014705162146638407,1.0,1.0,0.0,1.0,1.0,1.0,1.0
0.018143513036715714,0.14285714285714285,0.0,0.0,0.0,0.0,0.018501334988730193,0.0038449080390651697,0.003640988862237876,0.0,0.0,0.0,0.0,0.0,0.0,0.0,0.0,0.0,0.0,0.0,0.0,0.0011654797683556817,0.026546197042147224,0.014705162146638407,0.0,1.0,0.0,1.0,1.0,1.0,1.0
0.018143513036715714,0.2857142857142857,0.0,0.0,0.0,0.0,0.0,0.0,0.0,0.0,0.0,0.0,0.0,0.0,0.0,0.0,0.0,0.0,0.0,0.0,0.0,0.0011654797683556817,0.026546197042147224,0.014705162146638407,0.0,1.0,1.0,1.0,1.0,1.0,1.0
0.018143513036715714,0.9785714285714284,1.0,0.0,0.0,0.0,0.0,0.0,0.0,0.0,0.0,0.0,0.0,0.0,0.0,0.0,0.0,0.0,0.0,0.0,0.0,0.0011654797683556817,0.026546197042147224,0.014705162146638407,0.0,1.0,1.0,1.0,1.0,1.0,1.0
0.018143513036715714,0.782142857142857,1.0,0.0,0.0,0.0,0.0,0.0,0.0,0.0,0.0,0.0,0.0,0.0,0.0,0.0,0.0,0.0,0.0,0.0,0.0,0.0011654797683556817,0.026546197042147224,0.014705162146638407,0.0,1.0,1.0,1.0,1.0,1.0,1.0
0.018143513036715714,0.21785714285714283,0.0,0.0,0.0,0.0,0.0,0.0,0.0,0.0,0.0,0.0,0.0,0.0,0.0,0.0,0.0,0.0,0.0,0.0,0.0,0.0011654797683556817,0.026546197042147224,0.014705162146638407,0.0,1.0,1.0,1.0,1.0,1.0,1.0
0.018143513036715714,0.8642857142857142,1.0,0.0,0.0,0.0,0.0,0.0,0.0,0.0,0.0,0.0,0.0,0.0,0.0,0.0,0.0,0.0,0.0,0.0,0.0,0.0011654797683556817,0.026546197042147224,0.014705162146638407,0.0,1.0,1.0,1.0,1.0,1.0,1.0
0.018143513036715714,0.43571428571428567,1.0,0.0,0.0,0.0,0.0,0.0,0.0,0.0,0.0,0.0,0.0,0.0,0.0,0.0,0.0,0.0,0.0,0.0,0.0,0.0011654797683556817,0.026546197042147224,0.014705162146638407,0.0,1.0,1.0,1.0,1.0,1.0,1.0
0.018143513036715714,0.46428571428571425,1.0,0.0,0.0,0.0,0.0,0.0,0.0,0.0,0.0,0.0,0.0,0.0,0.0,0.0,0.0,0.0,0.0,0.0,0.0,0.0011654797683556817,0.026546197042147224,0.014705162146638407,0.0,1.0,1.0,1.0,1.0,1.0,1.0
0.018143513036715714,0.47857142857142854,1.0,0.0,0.0,0.0,0.0,0.0,0.0,0.0,0.0,0.0,0.0,0.0,0.0,0.0,0.0,0.0,0.0,0.0,0.0,0.0011654797683556817,0.026546197042147224,0.014705162146638407,0.0,1.0,1.0,1.0,1.0,1.0,1.0
0.018143513036715714,0.4178571428571428,0.0,0.0,0.0,0.0,0.0,0.0,0.0,0.0,0.0,0.0,0.0,0.0,0.0,0.0,0.0,0.0,0.0,0.0,0.0,0.0011654797683556817,0.026546197042147224,0.014705162146638407,0.0,1.0,1.0,1.0,1.0,1.0,1.0
0.018143513036715714,0.6214285714285713,1.0,0.0,0.0,0.0,0.0,0.0,0.0,0.0,0.0,0.0,0.0,0.0,0.0,0.0,0.0,0.0,0.0,0.0,0.0,0.0011654797683556817,0.026546197042147224,0.014705162146638407,0.0,1.0,1.0,1.0,1.0,1.0,1.0
0.018143513036715714,0.28928571428571426,0.0,0.0,0.0,0.0,0.0,0.0,0.0,0.0,0.0,0.0,0.0,0.0,0.0,0.0,0.0,0.0,0.0,0.0,0.0,0.0011654797683556817,0.026546197042147224,0.014705162146638407,0.0,1.0,1.0,1.0,1.0,1.0,1.0
0.018143513036715714,0.7535714285714286,1.0,0.0,0.0,0.0,0.0,0.0,0.0,0.0,0.0,0.0,0.0,0.0,0.0,0.0,0.0,0.0,0.0,0.0,0.0,0.0011654797683556817,0.026546197042147224,0.014705162146638407,0.0,1.0,1.0,1.0,1.0,1.0,1.0
0.018143513036715714,0.3571428571428571,0.0,0.0,0.0,0.0,0.0,0.0,0.0,0.0,0.0,0.0,0.0,0.0,0.0,0.0,0.0,0.0,0.0,0.0,0.0,0.0011654797683556817,0.026546197042147224,0.014705162146638407,0.0,1.0,1.0,1.0,1.0,1.0,1.0
0.0,0.0,0.0,0.0,0.0,0.0,0.0,0.0,0.0,0.0,0.0,0.0,0.0,0.0,0.01836241249413156,0.5,0.0,0.0,0.0,0.0,0.0,0.0011654797683556817,0.026546197042147224,0.014705162146638407,1.0,1.0,1.0,1.0,0.0,1.0,1.0
0.0,0.0,0.0,0.0,0.0,0.0,0.0,0.0,0.0,0.0,0.0,0.0,0.0,0.0,0.01836241249413156,0.5,0.0,0.0,0.0,0.0,0.0,0.0011654797683556817,0.026546197042147224,0.014705162146638407,1.0,1.0,1.0,1.0,0.0,1.0,1.0
0.0,0.0,0.0,0.0,0.0,0.0,0.0,0.0,0.0,0.0,0.0,0.0,0.0,0.0,0.01836241249413156,1.0,1.0,0.0,0.0,0.0,0.0,0.0011654797683556817,0.026546197042147224,0.014705162146638407,1.0,1.0,1.0,1.0,0.0,1.0,1.0
0.0,0.0,0.0,0.0,0.0,0.0,0.0,0.0,0.0,0.0,0.0,0.0,0.0,0.0,0.01836241249413156,0.5,0.0,0.0,0.0,0.0,0.0,0.0011654797683556817,0.026546197042147224,0.014705162146638407,1.0,1.0,1.0,1.0,0.0,1.0,1.0
0.0,0.0,0.0,0.0,0.0,0.0,0.0,0.0,0.0,0.0,0.0,0.0,0.0,0.0,0.01836241249413156,1.0,1.0,0.0,0.0,0.0,0.0,0.0011654797683556817,0.026546197042147224,0.014705162146638407,1.0,1.0,1.0,1.0,0.0,1.0,1.0
0.0,0.0,0.0,0.0,0.0,0.0,0.0,0.0,0.0,0.0,0.0,0.0,0.0,0.0,0.01836241249413156,0.5,0.0,0.0,0.0,0.0,0.0,0.0011654797683556817,0.026546197042147224,0.014705162146638407,1.0,1.0,1.0,1.0,0.0,1.0,1.0
0.0,0.0,0.0,0.0,0.0,0.0,0.0,0.0,0.0,0.0,0.0,0.0,0.0,0.0,0.01836241249413156,0.5,0.0,0.0,0.0,0.0,0.0,0.0011654797683556817,0.026546197042147224,0.014705162146638407,1.0,1.0,1.0,1.0,0.0,1.0,1.0
0.0,0.0,0.0,0.0,0.0,0.0,0.0,0.0,0.0,0.0,0.0,0.0,0.0,0.0,0.01836241249413156,0.5,0.0,0.018342096913013885,0.33619124129809963,1.0,0.018561868237460716,0.8972501199017858,0.5277840640314843,0.9150696712513354,1.0,1.0,1.0,1.0,0.0,0.0,0.0
0.0,0.0,0.0,0.0,0.0,0.0,0.0,0.0,0.0,0.0,0.0,0.0,0.0,0.0,0.0,0.0,0.0,0.0,0.0,0.0,0.018561868237460716,0.18142831031877893,0.5495505111622057,0.6951858334683363,1.0,1.0,1.0,1.0,1.0,1.0,0.0
0.0,0.0,0.0,0.0,0.0,0.0,0.0,0.0,0.0,0.0,0.0,0.0,0.0,0.0,0.0,0.0,0.0,0.0,0.0,0.0,0.018561868237460716,0.18645723006640003,0.5554705619395389,0.20127137674191317,1.0,1.0,1.0,1.0,1.0,1.0,0.0
0.0,0.0,0.0,0.0,0.0,0.0,0.0,0.0,0.0,0.0,0.0,0.0,0.0,0.0,0.0,0.0,0.0,0.0,0.0,0.0,0.018561868237460716,0.2300233728290585,0.5873710978000197,0.8891602150042687,1.0,1.0,1.0,1.0,1.0,1.0,0.0
0.0,0.0,0.0,0.0,0.0,0.0,0.0,0.0,0.0,0.0,0.0,0.0,0.0,0.0,0.0,0.0,0.0,0.0,0.0,0.0,0.018561868237460716,0.5450371416640841,0.5505720697545325,0.7515626831149703,1.0,1.0,1.0,1.0,1.0,1.0,0.0
0.0,0.0,0.0,0.0,0.0,0.0,0.0,0.0,0.0,0.0,0.0,0.0,0.0,0.0,0.0,0.0,0.0,0.0,0.0,0.0,0.018561868237460716,0.642859315649008,0.5512973219517717,0.6755588145757992,1.0,1.0,1.0,1.0,1.0,1.0,0.0
0.0,0.0,0.0,0.0,0.0,0.0,0.0,0.0,0.0,0.0,0.0,0.0,0.0,0.0,0.0,0.0,0.0,0.0,0.0,0.0,0.018561868237460716,0.6715324981692642,0.5368255064220259,0.6523509271034629,1.0,1.0,1.0,1.0,1.0,1.0,0.0
0.0,0.0,0.0,0.0,0.0,0.0,0.0,0.0,0.0,0.0,0.0,0.0,0.0,0.0,0.0,0.0,0.0,0.0,0.0,0.0,0.018561868237460716,0.06420210281241812,0.625918628097261,0.8086879135240946,1.0,1.0,1.0,1.0,1.0,1.0,0.0
0.0,0.0,0.0,0.0,0.0,0.0,0.0,0.0,0.0,0.0,0.0,0.0,0.0,0.0,0.0,0.0,0.0,0.0,0.0,0.0,0.018561868237460716,0.35088620511249,0.49144574885061115,0.8538407082431155,1.0,1.0,1.0,1.0,1.0,1.0,0.0
0.0,0.0,0.0,0.0,0.0,0.0,0.0,0.0,0.0,0.0,0.0,0.0,0.0,0.0,0.0,0.0,0.0,0.0,0.0,0.0,0.018561868237460716,0.08559458589819291,0.5435666187035793,0.9393166060497277,1.0,1.0,1.0,1.0,1.0,1.0,0.0
0.0,0.0,0.0,0.0,0.0,0.0,0.0,0.0,0.0,0.0,0.0,0.0,0.0,0.0,0.0,0.0,0.0,0.0,0.0,0.0,0.018561868237460716,0.6130997704986053,0.5567758318303602,0.480033952844374,1.0,1.0,1.0,1.0,1.0,1.0,0.0
0.0,0.0,0.0,0.0,0.0,0.0,0.018623214665862805,0.00710910128033878,0.00870926293307242,0.0,0.0,0.0,0.0,0.0,0.0,0.0,0.0,0.0,0.0,0.0,0.018561868237460716,0.167087235504619,0.5450413820517315,0.5923656747705223,1.0,1.0,0.0,1.0,1.0,1.0,0.0
0.0,0.0,0.0,0.0,0.0,0.0,0.0,0.0,0.0,0.0,0.0,0.0,0.0,0.0,0.0,0.0,0.0,0.0,0.0,0.0,0.018561868237460716,0.7701422154544054,0.5643868485337414,0.3051649374497576,1.0,1.0,1.0,1.0,1.0,1.0,0.0
0.0,0.0,0.0,0.9997054266165014,0.0,0.0,0.0,0.0,0.0,0.0,0.0,0.0,0.0,0.0,0.0,0.0,0.0,0.0,0.0,0.0,0.0,0.0011654797683556817,0.026546197042147224,0.014705162146638407,1.0,0.0,1.0,1.0,1.0,1.0,1.0
0.0,0.0,0.0,0.9997054266165014,1.0,0.0,0.0,0.0,0.0,0.0,0.0,0.0,0.0,0.0,0.0,0.0,0.0,0.0,0.0,0.0,0.0,0.0011654797683556817,0.026546197042147224,0.014705162146638407,1.0,0.0,1.0,1.0,1.0,1.0,1.0
0.0,0.0,0.0,0.9997054266165014,0.0,0.0,0.0,0.0,0.0,0.0,0.0,0.0,0.0,0.0,0.0,0.0,0.0,0.0,0.0,0.0,0.0,0.0011654797683556817,0.026546197042147224,0.014705162146638407,1.0,0.0,1.0,1.0,1.0,1.0,1.0
0.0,0.0,0.0,0.9997054266165014,1.0,0.0,0.0,0.0,0.0,0.0,0.0,0.0,0.0,0.0,0.0,0.0,0.0,0.0,0.0,0.0,0.0,0.0011654797683556817,0.026546197042147224,0.014705162146638407,1.0,0.0,1.0,1.0,1.0,1.0,1.0
0.0,0.0,0.0,0.9997054266165014,0.0,0.0,0.0,0.0,0.0,0.0,0.0,0.0,0.0,0.0,0.0,0.0,0.0,0.0,0.0,0.0,0.0,0.0011654797683556817,0.026546197042147224,0.014705162146638407,1.0,0.0,1.0,1.0,1.0,1.0,1.0
0.0,0.0,0.0,0.9997054266165014,0.0,0.0,0.0,0.0,0.0,0.0,0.0,0.0,0.0,0.0,0.0,0.0,0.0,0.0,0.0,0.0,0.0,0.0011654797683556817,0.026546197042147224,0.014705162146638407,1.0,0.0,1.0,1.0,1.0,1.0,1.0
0.0,0.0,0.0,0.9997054266165014,0.0,0.0,0.0,0.0,0.0,0.0,0.0,0.0,0.0,0.0,0.0,0.0,0.0,0.0,0.0,0.0,0.0,0.0011654797683556817,0.026546197042147224,0.014705162146638407,1.0,0.0,1.0,1.0,1.0,1.0,1.0
0.0,0.0,0.0,0.9997054266165014,0.0,0.0,0.0,0.0,0.0,0.0,0.0,0.0,0.0,0.0,0.0,0.0,0.0,0.0,0.0,0.0,0.0,0.0011654797683556817,0.026546197042147224,0.014705162146638407,1.0,0.0,1.0,1.0,1.0,1.0,1.0
0.0,0.0,0.0,0.9997054266165014,0.0,0.0,0.0,0.0,0.0,0.0,0.0,0.0,0.0,0.0,0.0,0.0,0.0,0.0,0.0,0.0,0.0,0.0011654797683556817,0.026546197042147224,0.014705162146638407,1.0,0.0,1.0,1.0,1.0,1.0,1.0
0.0,0.0,0.0,0.9997054266165014,1.0,0.0,0.0,0.0,0.0,0.0,0.0,0.0,0.0,0.0,0.0,0.0,0.0,0.0,0.0,0.0,0.0,0.0011654797683556817,0.026546197042147224,0.014705162146638407,1.0,0.0,1.0,1.0,1.0,1.0,1.0
0.0,0.0,0.0,0.9997054266165014,0.0,0.0,0.0,0.0,0.0,0.0,0.0,0.0,0.0,0.0,0.0,0.0,0.0,0.0,0.0,0.0,0.0,0.0011654797683556817,0.026546197042147224,0.014705162146638407,1.0,0.0,1.0,1.0,1.0,1.0,1.0
0.0,0.0,0.0,0.9997054266165014,0.0,0.0,0.0,0.0,0.0,0.0,0.0,0.0,0.0,0.0,0.0,0.0,0.0,0.0,0.0,0.0,0.0,0.0011654797683556817,0.026546197042147224,0.014705162146638407,1.0,0.0,1.0,1.0,1.0,1.0,1.0
0.0,0.0,0.0,0.9997293756720704,0.0,0.0,0.0,0.0,0.0,0.0,0.0,0.0,0.0,0.0,0.0,0.0,0.0,0.0,0.0,0.0,0.0,0.0011654797683556817,0.026546197042147224,0.014705162146638407,1.0,0.0,1.0,1.0,1.0,1.0,1.0
0.0,0.0,0.0,0.9997293756720704,0.0,0.0,0.0,0.0,0.0,0.0,0.0,0.0,0.0,0.0,0.0,0.0,0.0,0.0,0.0,0.0,0.0,0.0011654797683556817,0.026546197042147224,0.014705162146638407,1.0,0.0,1.0,1.0,1.0,1.0,1.0
0.0,0.0,0.0,0.9997293756720704,0.0,0.0,0.0,0.0,0.0,0.0,0.0,0.0,0.0,0.0,0.0,0.0,0.0,0.0,0.0,0.0,0.0,0.0011654797683556817,0.026546197042147224,0.014705162146638407,1.0,0.0,1.0,1.0,1.0,1.0,1.0
0.0,0.0,0.0,0.9997293756720704,0.0,0.0,0.0,0.0,0.0,0.0,0.0,0.0,0.0,0.0,0.0,0.0,0.0,0.0,0.0,0.0,0.0,0.0011654797683556817,0.026546197042147224,0.014705162146638407,1.0,0.0,1.0,1.0,1.0,1.0,1.0
0.0,0.0,0.0,0.9997293756720704,0.0,0.0,0.0,0.0,0.0,0.0,0.0,0.0,0.0,0.0,0.0,0.0,0.0,0.0,0.0,0.0,0.0,0.0011654797683556817,0.026546197042147224,0.014705162146638407,1.0,0.0,1.0,1.0,1.0,1.0,1.0
0.0,0.0,0.0,0.9997293756720704,0.0,0.0,0.0,0.0,0.0,0.0,0.0,0.0,0.0,0.0,0.0,0.0,0.0,0.0,0.0,0.0,0.0,0.0011654797683556817,0.026546197042147224,0.014705162146638407,1.0,0.0,1.0,1.0,1.0,1.0,1.0
0.0,0.0,0.0,0.9997293756720704,0.0,0.0,0.0,0.0,0.0,0.0,0.0,0.0,0.0,0.0,0.0,0.0,0.0,0.0,0.0,0.0,0.0,0.0011654797683556817,0.026546197042147224,0.014705162146638407,1.0,0.0,1.0,1.0,1.0,1.0,1.0
0.0,0.0,0.0,0.9997293756720704,0.0,0.0,0.0,0.0,0.0,0.0,0.0,0.0,0.0,0.0,0.0,0.0,0.0,0.0,0.0,0.0,0.0,0.0011654797683556817,0.026546197042147224,0.014705162146638407,1.0,0.0,1.0,1.0,1.0,1.0,1.0
0.0,0.0,0.0,0.0,0.0,0.0,0.9897848579939256,0.05089258115284671,0.053840258329472854,0.0,0.0,0.0,0.0,0.0,0.9759237687489685,1.0,1.0,0.0,0.0,0.0,0.0,0.0011654797683556817,0.026546197042147224,0.014705162146638407,1.0,1.0,0.0,1.0,0.0,1.0,1.0
0.9706420907191589,0.07142857142857142,0.0,0.9724514013789867,0.0,0.0,0.9897848579939256,0.021663513090728715,0.020292006673020144,0.0,0.0,0.0,0.0,0.0,0.9759237687489685,0.5,0.0,0.9748440381582838,0.26515197947702296,1.0,0.0,0.0011654797683556817,0.026546197042147224,0.014705162146638407,0.0,0.0,0.0,1.0,0.0,0.0,1.0
0.9706420907191589,0.38571428571428573,0.0,0.9724514013789867,0.0,0.0,0.9897848579939256,0.013485663579376339,0.012734583877473803,0.0,0.0,0.0,0.0,0.0,0.9759237687489685,0.5,0.0,0.9748440381582838,0.2016773754497314,1.0,0.9865244237985503,0.3215175662483476,0.5436788304428807,0.2998321284011478,0.0,0.0,0.0,1.0,0.0,0.0,0.0
0.0,0.0,0.0,0.9724514013789867,0.0,0.0,0.0,0.0,0.0,0.0,0.0,0.0,0.0,0.0,0.0,0.0,0.0,0.0,0.0,0.0,0.9865244237985503,0.6775105901304906,0.6582414431948297,0.06387437008861009,1.0,0.0,1.0,1.0,1.0,1.0,0.0
0.9706420907191589,0.9035714285714286,1.0,0.0,0.0,0.0,0.9897848579939256,0.05097940648016848,0.05384753949600393,0.0,0.0,0.0,0.0,0.0,0.0,0.0,0.0,0.0,0.0,0.0,0.9865244237985503,0.666958988063651,0.5794195846942269,0.26548227468738844,0.0,1.0,0.0,1.0,1.0,1.0,0.0
0.0,0.0,0.0,0.0,0.0,0.0,0.9897848579939256,0.02174238485003973,0.02031494944567255,0.0,0.0,0.0,0.0,0.0,0.9759237687489685,1.0,1.0,0.9748440381582838,0.5905308783445364,1.0,0.0,0.0011654797683556817,0.026546197042147224,0.014705162146638407,1.0,1.0,0.0,1.0,0.0,0.0,1.0
0.9706420907191589,0.7642857142857142,1.0,0.9724514013789867,0.0,0.0,0.0,0.0,0.0,0.0,0.0,0.0,0.0,0.0,0.9759237687489685,1.0,1.0,0.9748440381582838,0.26082656525061587,1.0,0.0,0.0011654797683556817,0.026546197042147224,0.014705162146638407,0.0,0.0,1.0,1.0,0.0,0.0,1.0
0.9706420907191589,0.3,0.0,0.9724514013789867,1.0,0.0,0.0,0.0,0.0,0.0,0.0,0.0,0.0,0.0,0.9759237687489685,0.5,0.0,0.9748440381582838,0.19380368011911386,1.0,0.9865244237985503,0.31097483278961113,0.5436788304428807,0.2998321284011478,0.0,0.0,1.0,1.0,0.0,0.0,0.0
0.9706420907191589,0.21785714285714283,0.0,0.9724514013789867,0.0,0.0,0.9897848579939256,0.03814114825279637,0.042824192552315773,0.0,0.0,0.0,0.0,0.0,0.0,0.0,0.0,0.0,0.0,0.0,0.9865244237985503,0.5831485562452191,0.5818817653732703,0.08156585539245968,0.0,0.0,0.0,1.0,1.0,1.0,0.0
0.9706420907191589,0.7535714285714286,1.0,0.9724514013789867,0.0,0.0,0.9897848579939256,0.01372195889221803,0.012851976791953088,0.0,0.0,0.0,0.0,0.0,0.0,0.0,0.0,0.0,0.0,0.0,0.9865244237985503,0.6753494711205347,0.6582414431948297,0.06387437008861009,0.0,0.0,0.0,1.0,1.0,1.0,0.0
0.0,0.0,0.0,0.0,0.0,0.0,0.9897848579939256,0.02178611753693341,0.02032446427793094,0.0,0.0,0.0,0.0,0.0,0.0,0.0,0.0,0.9748440381582838,0.5624005552423066,1.0,0.9865244237985503,0.6804639643504374,0.5794195846942269,0.26548227468738844,1.0,1.0,0.0,1.0,1.0,0.0,0.0
0.9706420907191589,0.7000000000000001,1.0,0.9724514013789867,0.0,0.0,0.9897848579939256,0.0510231150201932,0.0538513003886496,0.0,0.0,0.0,0.0,0.0,0.9759237687489685,0.5,0.0,0.0,0.0,0.0,0.9865244237985503,0.31097483278961113,0.5436788304428807,0.2998321284011478,0.0,0.0,0.0,1.0,0.0,1.0,0.0
0.9706420907191589,0.21428571428571427,0.0,0.9724514013789867,0.0,0.0,0.9897848579939256,0.03816622353161877,0.042929133569549485,0.0,0.0,0.0,0.0,0.0,0.9759237687489685,1.0,1.0,0.9748440381582838,0.2581815404140695,1.0,0.9865244237985503,0.576118658394961,0.5818817653732703,0.08156585539245968,0.0,0.0,0.0,1.0,0.0,0.0,0.0
0.9706420907191589,0.43571428571428567,1.0,0.9724514013789867,0.0,0.0,0.0,0.0,0.0,0.0,0.0,0.0,0.0,0.0,0.9759237687489685,0.5,0.0,0.9748440381582838,0.19054116859200043,1.0,0.9865244237985503,0.6689566000943074,0.6582414431948297,0.06387437008861009,0.0,0.0,1.0,1.0,0.0,0.0,0.0
0.9706420907191589,0.7214285714285713,1.0,0.9724514013789867,0.0,0.0,0.9897848579939256,0.013906640805019955,0.012922890570155113,0.0,0.0,0.0,0.0,0.0,0.0,0.0,0.0,0.0,0.0,0.0,0.9865244237985503,0.6744751240735299,0.5799793407668298,0.2178023220664904,0.0,0.0,0.0,1.0,1.0,1.0,0.0
0.9706420907191589,0.21428571428571427,0.0,0.9724514013789867,0.0,0.0,0.0,0.0,0.0,0.0,0.0,0.0,0.0,0.0,0.9759237687489685,0.5,0.0,0.9748440381582838,0.24280953544125206,1.0,0.0,0.0011654797683556817,0.026546197042147224,0.014705162146638407,0.0,0.0,1.0,1.0,0.0,0.0,1.0
0.9706420907191589,0.8214285714285714,1.0,0.9724514013789867,0.0,0.0,0.9897848579939256,0.03817451342972078,0.04293495311581452,0.0,0.0,0.0,0.0,0.0,0.0,0.0,0.0,0.0,0.0,0.0,0.9865244237985503,0.3021306878083506,0.5436788304428807,0.2998321284011478,0.0,0.0,0.0,1.0,1.0,1.0,0.0
0.9706420907191589,0.5392857142857143,1.0,0.9724514013789867,0.0,0.0,0.9897848579939256,0.014055251225597185,0.01293712549251402,0.0,0.0,0.0,0.0,0.0,0.9759237687489685,1.0,1.0,0.9748440381582838,0.17828902543816705,1.0,0.9865244237985503,0.5801104277343282,0.5818817653732703,0.08156585539245968,0.0,0.0,0.0,1.0,0.0,0.0,0.0
0.9706420907191589,0.6285714285714286,1.0,0.9724514013789867,0.0,0.0,0.0,0.0,0.0,0.0,0.0,0.0,0.0,0.0,0.0,0.0,0.0,0.0,0.0,0.0,0.9865244237985503,0.6641246411958769,0.6582414431948297,0.06387437008861009,0.0,0.0,1.0,1.0,1.0,1.0,0.0
0.0,0.0,0.0,0.0,0.0,0.0,0.9897848579939256,0.02211207746551616,0.020626230287465536,0.0,0.0,0.0,0.0,0.0,0.0,0.0,0.0,0.0,0.0,0.0,0.9865244237985503,0.6637338337379105,0.5799793407668298,0.2178023220664904,1.0,1.0,0.0,1.0,1.0,1.0,0.0
0.0,0.0,0.0,0.0,0.0,0.0,0.0,0.0,0.0,0.0,0.0,0.0,0.0,0.0,0.0,0.0,0.0,0.07504894626974007,0.47011848646940013,1.0,0.0,0.0011654797683556817,0.026546197042147224,0.014705162146638407,1.0,1.0,1.0,1.0,1.0,0.0,1.0
0.0,0.0,0.0,0.0,0.0,0.0,0.0,0.0,0.0,0.0,0.0,0.0,0.0,0.0,0.0,0.0,0.0,0.07504894626974007,0.4680544467456875,1.0,0.0,0.0011654797683556817,0.026546197042147224,0.014705162146638407,1.0,1.0,1.0,1.0,1.0,0.0,1.0
0.0,0.0,0.0,0.0,0.0,0.0,0.0,0.0,0.0,0.0,0.0,0.0,0.0,0.0,0.0,0.0,0.0,0.07504894626974007,0.24710529497763156,1.0,0.0,0.0011654797683556817,0.026546197042147224,0.014705162146638407,1.0,1.0,1.0,1.0,1.0,0.0,1.0
0.0,0.0,0.0,0.0,0.0,0.0,0.0,0.0,0.0,0.0,0.0,0.0,0.0,0.0,0.0,0.0,0.0,0.07504894626974007,0.1696581892790614,1.0,0.0,0.0011654797683556817,0.026546197042147224,0.014705162146638407,1.0,1.0,1.0,1.0,1.0,0.0,1.0
0.0,0.0,0.0,0.0,0.0,0.0,0.0,0.0,0.0,0.0,0.0,0.0,0.0,0.0,0.0,0.0,0.0,0.07504894626974007,0.4803653208998995,1.0,0.0,0.0011654797683556817,0.026546197042147224,0.014705162146638407,1.0,1.0,1.0,1.0,1.0,0.0,1.0
0.0,0.0,0.0,0.0,0.0,0.0,0.0,0.0,0.0,0.0,0.0,0.0,0.0,0.0,0.0,0.0,0.0,0.07504894626974007,0.2745216429270112,1.0,0.0,0.0011654797683556817,0.026546197042147224,0.014705162146638407,1.0,1.0,1.0,1.0,1.0,0.0,1.0
0.0,0.0,0.0,0.0,0.0,0.0,0.0,0.0,0.0,0.0,0.0,0.0,0.0,0.0,0.0,0.0,0.0,0.07504894626974007,0.2528599281255399,1.0,0.0,0.0011654797683556817,0.026546197042147224,0.014705162146638407,1.0,1.0,1.0,1.0,1.0,0.0,1.0
0.0,0.0,0.0,0.0,0.0,0.0,0.0,0.0,0.0,0.0,0.0,0.0,0.0,0.0,0.0,0.0,0.0,0.07504894626974007,0.3915553226148587,1.0,0.0,0.0011654797683556817,0.026546197042147224,0.014705162146638407,1.0,1.0,1.0,1.0,1.0,0.0,1.0
0.0,0.0,0.0,0.0,0.0,0.0,0.0,0.0,0.0,0.0,0.0,0.0,0.0,0.0,0.0,0.0,0.0,0.07504894626974007,0.3704617085185946,1.0,0.0,0.0011654797683556817,0.026546197042147224,0.014705162146638407,1.0,1.0,1.0,1.0,1.0,0.0,1.0
0.0,0.0,0.0,0.0,0.0,0.0,0.0,0.0,0.0,0.0,0.0,0.0,0.0,0.0,0.0,0.0,0.0,0.07504894626974007,0.2731012070100878,0.5,0.0,0.0011654797683556817,0.026546197042147224,0.014705162146638407,1.0,1.0,1.0,1.0,1.0,0.0,1.0
0.0,0.0,0.0,0.0,0.0,0.0,0.0,0.0,0.0,0.0,0.0,0.0,0.0,0.0,0.0,0.0,0.0,0.07504894626974007,0.3159406310395636,1.0,0.0,0.0011654797683556817,0.026546197042147224,0.014705162146638407,1.0,1.0,1.0,1.0,1.0,0.0,1.0
0.0,0.0,0.0,0.0,0.0,0.0,0.0,0.0,0.0,0.0,0.0,0.0,0.0,0.0,0.0,0.0,0.0,0.07504894626974007,0.5960402530465285,1.0,0.0,0.0011654797683556817,0.026546197042147224,0.014705162146638407,1.0,1.0,1.0,1.0,1.0,0.0,1.0
0.0,0.0,0.0,0.0,0.0,0.0,0.0,0.0,0.0,0.0,0.0,0.0,0.0,0.0,0.0,0.0,0.0,0.07504894626974007,0.41395869567565846,1.0,0.0,0.0011654797683556817,0.026546197042147224,0.014705162146638407,1.0,1.0,1.0,1.0,1.0,0.0,1.0
0.0,0.0,0.0,0.0,0.0,0.0,0.0,0.0,0.0,0.0,0.0,0.0,0.0,0.0,0.0,0.0,0.0,0.07504894626974007,0.16921660094338042,1.0,0.0,0.0011654797683556817,0.026546197042147224,0.014705162146638407,1.0,1.0,1.0,1.0,1.0,0.0,1.0
0.0,0.0,0.0,0.0,0.0,0.0,0.0,0.0,0.0,0.0,0.0,0.0,0.0,0.0,0.0,0.0,0.0,0.07504894626974007,0.09094020064232877,0.5,0.0,0.0011654797683556817,0.026546197042147224,0.014705162146638407,1.0,1.0,1.0,1.0,1.0,0.0,1.0
0.0,0.0,0.0,0.0,0.0,0.0,0.0,0.0,0.0,0.0,0.0,0.0,0.0,0.0,0.0,0.0,0.0,0.07504894626974007,0.4922075165420612,1.0,0.0,0.0011654797683556817,0.026546197042147224,0.014705162146638407,1.0,1.0,1.0,1.0,1.0,0.0,1.0
0.0,0.0,0.0,0.0,0.0,0.0,0.0,0.0,0.0,0.0,0.0,0.0,0.0,0.0,0.0,0.0,0.0,0.07504894626974007,0.3187442073877236,1.0,0.0,0.0011654797683556817,0.026546197042147224,0.014705162146638407,1.0,1.0,1.0,1.0,1.0,0.0,1.0
0.0,0.0,0.0,0.0,0.0,0.0,0.0,0.0,0.0,0.0,0.0,0.0,0.0,0.0,0.0,0.0,0.0,0.07504894626974007,0.3505990891696871,1.0,0.0,0.0011654797683556817,0.026546197042147224,0.014705162146638407,1.0,1.0,1.0,1.0,1.0,0.0,1.0
0.0,0.0,0.0,0.0,0.0,0.0,0.0,0.0,0.0,0.0,0.0,0.0,0.0,0.0,0.0,0.0,0.0,0.07504894626974007,0.8706905172463175,1.0,0.0,0.0011654797683556817,0.026546197042147224,0.014705162146638407,1.0,1.0,1.0,1.0,1.0,0.0,1.0
0.0,0.0,0.0,0.0,0.0,0.0,0.0,0.0,0.0,0.0,0.0,0.0,0.0,0.0,0.0,0.0,0.0,0.07504894626974007,0.2065927596807957,1.0,0.0,0.0011654797683556817,0.026546197042147224,0.014705162146638407,1.0,1.0,1.0,1.0,1.0,0.0,1.0
0.0,0.0,0.0,0.0,0.0,0.0,0.0,0.0,0.0,0.0,0.0,0.0,0.0,0.0,0.0,0.0,0.0,0.06237273269634827,0.5379981074089275,0.5,0.0,0.0011654797683556817,0.026546197042147224,0.014705162146638407,1.0,1.0,1.0,1.0,1.0,0.0,1.0
0.0,0.0,0.0,0.0,0.0,0.0,0.0,0.0,0.0,0.0,0.0,0.0,0.0,0.0,0.0,0.0,0.0,0.06237273269634827,0.7817802492054504,1.0,0.0,0.0011654797683556817,0.026546197042147224,0.014705162146638407,1.0,1.0,1.0,1.0,1.0,0.0,1.0
0.0,0.0,0.0,0.0,0.0,0.0,0.0,0.0,0.0,0.0,0.0,0.0,0.0,0.0,0.0,0.0,0.0,0.06237273269634827,0.5343586669381915,1.0,0.0,0.0011654797683556817,0.026546197042147224,0.014705162146638407,1.0,1.0,1.0,1.0,1.0,0.0,1.0
0.0,0.0,0.0,0.0,0.0,0.0,0.0,0.0,0.0,0.0,0.0,0.0,0.0,0.0,0.0,0.0,0.0,0.06237273269634827,0.7610434635402608,1.0,0.0,0.0011654797683556817,0.026546197042147224,0.014705162146638407,1.0,1.0,1.0,1.0,1.0,0.0,1.0
0.0,0.0,0.0,0.0,0.0,0.0,0.0,0.0,0.0,0.0,0.0,0.0,0.0,0.0,0.0,0.0,0.0,0.06237273269634827,0.5183652848530227,1.0,0.0,0.0011654797683556817,0.026546197042147224,0.014705162146638407,1.0,1.0,1.0,1.0,1.0,0.0,1.0
0.0,0.0,0.0,0.0,0.0,0.0,0.0,0.0,0.0,0.0,0.0,0.0,0.0,0.0,0.0,0.0,0.0,0.06237273269634827,0.7337357736708152,1.0,0.0,0.0011654797683556817,0.026546197042147224,0.014705162146638407,1.0,1.0,1.0,1.0,1.0,0.0,1.0
0.0,0.0,0.0,0.0,0.0,0.0,0.0,0.0,0.0,0.0,0.0,0.0,0.0,0.0,0.0,0.0,0.0,0.062396740676600906,0.48746942386975745,1.0,0.0,0.0011654797683556817,0.026546197042147224,0.014705162146638407,1.0,1.0,1.0,1.0,1.0,0.0,1.0
0.0,0.0,0.0,0.0,0.0,0.0,0.0,0.0,0.0,0.0,0.0,0.0,0.0,0.0,0.0,0.0,0.0,0.062396740676600906,0.7242709749487295,1.0,0.0,0.0011654797683556817,0.026546197042147224,0.014705162146638407,1.0,1.0,1.0,1.0,1.0,0.0,1.0
0.0,0.0,0.0,0.0,0.0,0.0,0.0,0.0,0.0,0.0,0.0,0.0,0.0,0.0,0.0,0.0,0.0,0.062396740676600906,0.4561276548912798,1.0,0.0,0.0011654797683556817,0.026546197042147224,0.014705162146638407,1.0,1.0,1.0,1.0,1.0,0.0,1.0
0.0,0.0,0.0,0.0,0.0,0.0,0.0,0.0,0.0,0.0,0.0,0.0,0.0,0.0,0.0,0.0,0.0,0.062396740676600906,0.7240653036815545,1.0,0.0,0.0011654797683556817,0.026546197042147224,0.014705162146638407,1.0,1.0,1.0,1.0,1.0,0.0,1.0
0.0,0.0,0.0,0.0,0.0,0.0,0.0,0.0,0.0,0.0,0.0,0.0,0.0,0.0,0.0,0.0,0.0,0.062396740676600906,0.4341248343100239,1.0,0.0,0.0011654797683556817,0.026546197042147224,0.014705162146638407,1.0,1.0,1.0,1.0,1.0,0.0,1.0
0.0,0.0,0.0,0.0,0.0,0.0,0.0,0.0,0.0,0.0,0.0,0.0,0.0,0.0,0.0,0.0,0.0,0.062396740676600906,0.683889638169958,1.0,0.0,0.0011654797683556817,0.026546197042147224,0.014705162146638407,1.0,1.0,1.0,1.0,1.0,0.0,1.0
0.0,0.0,0.0,0.0,0.0,0.0,0.0,0.0,0.0,0.0,0.0,0.0,0.0,0.0,0.0,0.0,0.0,0.062396740676600906,0.42820307398958146,1.0,0.0,0.0011654797683556817,0.026546197042147224,0.014705162146638407,1.0,1.0,1.0,1.0,1.0,0.0,1.0
0.0,0.0,0.0,0.0,0.0,0.0,0.0,0.0,0.0,0.0,0.0,0.0,0.0,0.0,0.0,0.0,0.0,0.062396740676600906,0.67763325337783,1.0,0.0,0.0011654797683556817,0.026546197042147224,0.014705162146638407,1.0,1.0,1.0,1.0,1.0,0.0,1.0
0.0,0.0,0.0,0.0,0.0,0.0,0.0,0.0,0.0,0.0,0.0,0.0,0.0,0.0,0.0,0.0,0.0,0.062396740676600906,0.41624061447908023,1.0,0.0,0.0011654797683556817,0.026546197042147224,0.014705162146638407,1.0,1.0,1.0,1.0,1.0,0.0,1.0
0.0,0.0,0.0,0.0,0.0,0.0,0.0,0.0,0.0,0.0,0.0,0.0,0.0,0.0,0.0,0.0,0.0,0.062396740676600906,0.6491905988847,1.0,0.0,0.0011654797683556817,0.026546197042147224,0.014705162146638407,1.0,1.0,1.0,1.0,1.0,0.0,1.0
0.0,0.0,0.0,0.0,0.0,0.0,0.0,0.0,0.0,0.0,0.0,0.0,0.0,0.0,0.0,0.0,0.0,0.062396740676600906,0.3800342431869792,1.0,0.0,0.0011654797683556817,0.026546197042147224,0.014705162146638407,1.0,1.0,1.0,1.0,1.0,0.0,1.0
0.0,0.0,0.0,0.0,0.0,0.0,0.0,0.0,0.0,0.0,0.0,0.0,0.0,0.0,0.0,0.0,0.0,0.062396740676600906,0.645660951427601,1.0,0.0,0.0011654797683556817,0.026546197042147224,0.014705162146638407,1.0,1.0,1.0,1.0,1.0,0.0,1.0
0.0,0.0,0.0,0.0,0.0,0.0,0.0,0.0,0.0,0.0,0.0,0.0,0.0,0.0,0.0,0.0,0.0,0.062396740676600906,0.3522686584944754,1.0,0.0,0.0011654797683556817,0.026546197042147224,0.014705162146638407,1.0,1.0,1.0,1.0,1.0,0.0,1.0
0.0,0.0,0.0,0.0,0.0,0.0,0.0,0.0,0.0,0.0,0.0,0.0,0.0,0.0,0.0,0.0,0.0,0.062396740676600906,0.6361366250689793,1.0,0.0,0.0011654797683556817,0.026546197042147224,0.014705162146638407,1.0,1.0,1.0,1.0,1.0,0.0,1.0
0.0,0.0,0.0,0.0,0.0,0.0,0.0,0.0,0.0,0.0,0.0,0.0,0.0,0.0,0.9001908344963395,0.5,0.0,0.0,0.0,0.0,0.0,0.0011654797683556817,0.026546197042147224,0.014705162146638407,1.0,1.0,1.0,1.0,0.0,1.0,1.0
0.0,0.0,0.0,0.0,0.0,0.0,0.0,0.0,0.0,0.0,0.0,0.0,0.0,0.0,0.9001908344963395,0.5,0.0,0.0,0.0,0.0,0.0,0.0011654797683556817,0.026546197042147224,0.014705162146638407,1.0,1.0,1.0,1.0,0.0,1.0,1.0
0.0,0.0,0.0,0.0,0.0,0.0,0.0,0.0,0.0,0.0,0.0,0.0,0.0,0.0,0.9001908344963395,0.5,0.0,0.0,0.0,0.0,0.0,0.0011654797683556817,0.026546197042147224,0.014705162146638407,1.0,1.0,1.0,1.0,0.0,1.0,1.0
0.0,0.0,0.0,0.0,0.0,0.0,0.0,0.0,0.0,0.0,0.0,0.0,0.0,0.0,0.9001908344963395,0.5,0.0,0.0,0.0,0.0,0.0,0.0011654797683556817,0.026546197042147224,0.014705162146638407,1.0,1.0,1.0,1.0,0.0,1.0,1.0
0.0,0.0,0.0,0.0,0.0,0.0,0.0,0.0,0.0,0.0,0.0,0.0,0.0,0.0,0.9001908344963395,1.0,1.0,0.0,0.0,0.0,0.0,0.0011654797683556817,0.026546197042147224,0.014705162146638407,1.0,1.0,1.0,1.0,0.0,1.0,1.0
0.0,0.0,0.0,0.0,0.0,0.0,0.0,0.0,0.0,0.0,0.0,0.0,0.0,0.0,0.9001908344963395,0.5,0.0,0.0,0.0,0.0,0.0,0.0011654797683556817,0.026546197042147224,0.014705162146638407,1.0,1.0,1.0,1.0,0.0,1.0,1.0
0.0,0.0,0.0,0.0,0.0,0.0,0.0,0.0,0.0,0.0,0.0,0.0,0.0,0.0,0.9001908344963395,0.5,0.0,0.0,0.0,0.0,0.0,0.0011654797683556817,0.026546197042147224,0.014705162146638407,1.0,1.0,1.0,1.0,0.0,1.0,1.0
0.0,0.0,0.0,0.0,0.0,0.0,0.0,0.0,0.0,0.0,0.0,0.0,0.0,0.0,0.9002148690676669,0.5,0.0,0.0,0.0,0.0,0.0,0.0011654797683556817,0.026546197042147224,0.014705162146638407,1.0,1.0,1.0,1.0,0.0,1.0,1.0
0.0,0.0,0.0,0.0,0.0,0.0,0.0,0.0,0.0,0.0,0.0,0.0,0.0,0.0,0.9002148690676669,1.0,1.0,0.0,0.0,0.0,0.0,0.0011654797683556817,0.026546197042147224,0.014705162146638407,1.0,1.0,1.0,1.0,0.0,1.0,1.0
0.0,0.0,0.0,0.0,0.0,0.0,0.0,0.0,0.0,0.0,0.0,0.0,0.0,0.0,0.9002148690676669,0.5,0.0,0.0,0.0,0.0,0.0,0.0011654797683556817,0.026546197042147224,0.014705162146638407,1.0,1.0,1.0,1.0,0.0,1.0,1.0
0.0,0.0,0.0,0.0,0.0,0.0,0.0,0.0,0.0,0.0,0.0,0.0,0.0,0.0,0.9002148690676669,1.0,1.0,0.0,0.0,0.0,0.0,0.0011654797683556817,0.026546197042147224,0.014705162146638407,1.0,1.0,1.0,1.0,0.0,1.0,1.0
0.0,0.0,0.0,0.0,0.0,0.0,0.0,0.0,0.0,0.0,0.0,0.0,0.0,0.0,0.9002148690676669,0.5,0.0,0.0,0.0,0.0,0.0,0.0011654797683556817,0.026546197042147224,0.014705162146638407,1.0,1.0,1.0,1.0,0.0,1.0,1.0
0.0,0.0,0.0,0.0,0.0,0.0,0.0,0.0,0.0,0.0,0.0,0.0,0.0,0.0,0.9002148690676669,1.0,1.0,0.0,0.0,0.0,0.0,0.0011654797683556817,0.026546197042147224,0.014705162146638407,1.0,1.0,1.0,1.0,0.0,1.0,1.0
0.0,0.0,0.0,0.0,0.0,0.0,0.0,0.0,0.0,0.0,0.0,0.0,0.0,0.0,0.9002148690676669,0.5,0.0,0.0,0.0,0.0,0.0,0.0011654797683556817,0.026546197042147224,0.014705162146638407,1.0,1.0,1.0,1.0,0.0,1.0,1.0
0.0,0.0,0.0,0.0,0.0,0.0,0.0,0.0,0.0,0.0,0.0,0.0,0.0,0.0,0.9002148690676669,0.5,0.0,0.0,0.0,0.0,0.0,0.0011654797683556817,0.026546197042147224,0.014705162146638407,1.0,1.0,1.0,1.0,0.0,1.0,1.0
0.0,0.0,0.0,0.0,0.0,0.0,0.0,0.0,0.0,0.0,0.0,0.0,0.0,0.0,0.9002148690676669,1.0,1.0,0.0,0.0,0.0,0.0,0.0011654797683556817,0.026546197042147224,0.014705162146638407,1.0,1.0,1.0,1.0,0.0,1.0,1.0
0.0,0.0,0.0,0.0,0.0,0.0,0.0,0.0,0.0,0.0,0.0,0.0,0.0,0.0,0.9002148690676669,0.5,0.0,0.0,0.0,0.0,0.0,0.0011654797683556817,0.026546197042147224,0.014705162146638407,1.0,1.0,1.0,1.0,0.0,1.0,1.0
0.0,0.0,0.0,0.0,0.0,0.0,0.0,0.0,0.0,0.0,0.0,0.0,0.0,0.0,0.9002148690676669,1.0,1.0,0.0,0.0,0.0,0.0,0.0011654797683556817,0.026546197042147224,0.014705162146638407,1.0,1.0,1.0,1.0,0.0,1.0,1.0
0.0,0.0,0.0,0.0,0.0,0.0,0.0,0.0,0.0,0.0,0.0,0.0,0.0,0.0,0.9002148690676669,0.5,0.0,0.0,0.0,0.0,0.0,0.0011654797683556817,0.026546197042147224,0.014705162146638407,1.0,1.0,1.0,1.0,0.0,1.0,1.0
0.0,0.0,0.0,0.0,0.0,0.0,0.0,0.0,0.0,0.0,0.0,0.0,0.0,0.0,0.9002148690676669,1.0,1.0,0.0,0.0,0.0,0.0,0.0011654797683556817,0.026546197042147224,0.014705162146638407,1.0,1.0,1.0,1.0,0.0,1.0,1.0
0.0,0.0,0.0,0.0,0.0,0.0,0.8911110713873646,0.17398925702965673,0.17419915855592083,0.0,0.0,0.0,0.0,0.0,0.0,0.0,0.0,0.0,0.0,0.0,0.0,0.0011654797683556817,0.026546197042147224,0.014705162146638407,1.0,1.0,0.0,1.0,1.0,1.0,1.0
0.873876687856675,0.5071428571428571,1.0,0.8755295734912694,0.0,0.0,0.8911110713873646,0.21030160377040835,0.2112681576448995,0.8899156043164242,0.6443040100135855,0.7739105224609375,0.017581344240278372,0.3563002640052496,0.0,0.0,0.0,0.0,0.0,0.0,0.0,0.0011654797683556817,0.026546197042147224,0.014705162146638407,0.0,0.0,0.0,0.0,1.0,1.0,1.0
0.8739005923534297,0.6107142857142858,1.0,0.0,0.0,0.0,0.0,0.0,0.0,0.0,0.0,0.0,0.0,0.0,0.0,0.0,0.0,0.0,0.0,0.0,0.0,0.0011654797683556817,0.026546197042147224,0.014705162146638407,0.0,1.0,1.0,1.0,1.0,1.0,1.0
0.8739005923534297,0.07142857142857142,0.0,0.0,0.0,0.0,0.0,0.0,0.0,0.8899156043164242,0.6443040100135855,0.7739105224609375,0.017581344240278372,0.3563002640052496,0.0,0.0,0.0,0.0,0.0,0.0,0.0,0.0011654797683556817,0.026546197042147224,0.014705162146638407,0.0,1.0,1.0,0.0,1.0,1.0,1.0
0.0,0.0,0.0,0.8755295734912694,0.0,0.0,0.0,0.0,0.0,0.8899156043164242,0.6443040100135855,0.7739105224609375,0.017581344240278372,0.3563002640052496,0.0,0.0,0.0,0.0,0.0,0.0,0.0,0.0011654797683556817,0.026546197042147224,0.014705162146638407,1.0,0.0,1.0,0.0,1.0,1.0,1.0
0.8739005923534297,0.08214285714285713,0.0,0.8755295734912694,0.0,0.0,0.0,0.0,0.0,0.0,0.0,0.0,0.0,0.0,0.8786558585869915,0.5,0.0,0.0,0.0,0.0,0.0,0.0011654797683556817,0.026546197042147224,0.014705162146638407,0.0,0.0,1.0,1.0,0.0,1.0,1.0
0.0,0.0,0.0,0.0,0.0,0.0,0.0,0.0,0.0,0.0,0.0,0.0,0.0,0.0,0.8786558585869915,1.0,1.0,0.0,0.0,0.0,0.0,0.0011654797683556817,0.026546197042147224,0.014705162146638407,1.0,1.0,1.0,1.0,0.0,1.0,1.0
0.8739005923534297,0.44285714285714284,1.0,0.8755295734912694,0.0,0.0,0.0,0.0,0.0,0.8899156043164242,0.6443040100135855,0.7739105224609375,0.017581344240278372,0.3563002640052496,0.8786558585869915,0.5,0.0,0.8776837420758661,0.3302036129903314,1.0,0.0,0.0011654797683556817,0.026546197042147224,0.014705162146638407,0.0,0.0,1.0,0.0,0.0,0.0,1.0
0.0,0.0,0.0,0.0,0.0,0.0,0.0,0.0,0.0,0.0,0.0,0.0,0.0,0.0,0.0,0.0,0.0,0.8776837420758661,0.26839530262180133,1.0,0.0,0.0011654797683556817,0.026546197042147224,0.014705162146638407,1.0,1.0,1.0,1.0,1.0,0.0,1.0
0.0,0.0,0.0,0.0,0.0,0.0,0.891135447322791,0.11090582293239916,0.10648111547047186,0.0,0.0,0.0,0.0,0.0,0.8786558585869915,0.5,0.0,0.8776837420758661,0.4425622770384434,1.0,0.0,0.0011654797683556817,0.026546197042147224,0.014705162146638407,1.0,1.0,0.0,1.0,0.0,0.0,1.0
0.0,0.0,0.0,0.0,0.0,0.0,0.0,0.0,0.0,0.0,0.0,0.0,0.0,0.0,0.0,0.0,0.0,0.8776837420758661,0.3253753040013825,1.0,0.0,0.0011654797683556817,0.026546197042147224,0.014705162146638407,1.0,1.0,1.0,1.0,1.0,0.0,1.0
0.8739005923534297,0.4892857142857142,1.0,0.8755295734912694,1.0,0.0,0.0,0.0,0.0,0.8899156043164242,0.8755170887331898,0.324859619140625,0.8013399670349796,0.48433517984403857,0.0,0.0,0.0,0.8776837420758661,0.702979031187688,1.0,0.0,0.0011654797683556817,0.026546197042147224,0.014705162146638407,0.0,0.0,1.0,0.0,1.0,0.0,1.0
0.0,0.0,0.0,0.0,0.0,0.0,0.891135447322791,0.10871623354876293,0.11033570470613598,0.0,0.0,0.0,0.0,0.0,0.0,0.0,0.0,0.8776837420758661,0.4015047634918161,1.0,0.0,0.0011654797683556817,0.026546197042147224,0.014705162146638407,1.0,1.0,0.0,1.0,1.0,0.0,1.0
0.0,0.0,0.0,0.0,0.0,0.0,0.891135447322791,0.14900634835702095,0.14244768853578768,0.0,0.0,0.0,0.0,0.0,0.0,0.0,0.0,0.0,0.0,0.0,0.0,0.0011654797683556817,0.026546197042147224,0.014705162146638407,1.0,1.0,0.0,1.0,1.0,1.0,1.0
0.0,0.0,0.0,0.0,0.0,0.0,0.891135447322791,0.17413434073915585,0.1743619311688234,0.0,0.0,0.0,0.0,0.0,0.0,0.0,0.0,0.0,0.0,0.0,0.0,0.0011654797683556817,0.026546197042147224,0.014705162146638407,1.0,1.0,0.0,1.0,1.0,1.0,1.0
0.8739005923534297,0.7142857142857142,1.0,0.8755295734912694,1.0,0.0,0.891135447322791,0.21038955469793993,0.211363377012365,0.8899156043164242,0.8755170887331898,0.324859619140625,0.8013399670349796,0.48433517984403857,0.8786558585869915,0.5,0.0,0.8776837420758661,0.4207691927513304,1.0,0.0,0.0011654797683556817,0.026546197042147224,0.014705162146638407,0.0,0.0,0.0,0.0,0.0,0.0,1.0
0.0,0.0,0.0,0.0,0.0,0.0,0.0,0.0,0.0,0.8899156043164242,0.8755170887331898,0.324859619140625,0.8013399670349796,0.48433517984403857,0.0,0.0,0.0,0.0,0.0,0.0,0.0,0.0011654797683556817,0.026546197042147224,0.014705162146638407,1.0,1.0,1.0,0.0,1.0,1.0,1.0
0.8739005923534297,0.8928571428571428,1.0,0.0,0.0,0.0,0.0,0.0,0.0,0.8899156043164242,0.8755170887331898,0.324859619140625,0.8013399670349796,0.48433517984403857,0.0,0.0,0.0,0.0,0.0,0.0,0.0,0.0011654797683556817,0.026546197042147224,0.014705162146638407,0.0,1.0,1.0,0.0,1.0,1.0,1.0
0.8739005923534297,0.9464285714285714,1.0,0.8755295734912694,0.0,0.0,0.0,0.0,0.0,0.0,0.0,0.0,0.0,0.0,0.0,0.0,0.0,0.0,0.0,0.0,0.0,0.0011654797683556817,0.026546197042147224,0.014705162146638407,0.0,0.0,1.0,1.0,1.0,1.0,1.0
0.0,0.0,0.0,0.8755295734912694,0.0,0.0,0.0,0.0,0.0,0.0,0.0,0.0,0.0,0.0,0.8786558585869915,0.5,0.0,0.8776837420758661,0.4061105718200597,1.0,0.0,0.0011654797683556817,0.026546197042147224,0.014705162146638407,1.0,0.0,1.0,1.0,0.0,0.0,1.0
