dns_emb_0,dns_emb_1,dns_emb_2,dns_emb_3,dns_emb_4,dns_emb_5,dns_emb_6,dns_emb_7,dns_emb_8,dns_emb_9,dns_emb_10,dns_emb_11,dns_emb_12,dns_emb_13,dns_emb_14,dns_emb_15,dns_emb_16,dns_emb_17,dns_emb_18,dns_emb_19,dns_emb_20,dns_emb_21,dns_emb_22,dns_emb_23,dns_emb_24,dns_emb_25,dns_emb_26,dns_emb_27,dns_emb_28,dns_emb_29,dns_emb_30,dns_emb_31,dns_emb_32,dns_emb_33,dns_emb_34,dns_emb_35,dns_emb_36,dns_emb_37,dns_emb_38,dns_emb_39,dns_emb_40,dns_emb_41,dns_emb_42,dns_emb_43,dns_emb_44,dns_emb_45,dns_emb_46,dns_emb_47,dns_emb_48,dns_emb_49,dns_emb_50,dns_emb_51,dns_emb_52,dns_emb_53,dns_emb_54,dns_emb_55,dns_emb_56,dns_emb_57,dns_emb_58,dns_emb_59,dns_emb_60,dns_emb_61,dns_emb_62,dns_emb_63
0.057884146,-0.03498483,-0.07457273,-0.009443232,-0.093949914,-0.09111649,0.0628148,-0.04052457,0.021764291,-0.09704204,0.012101085,0.010206868,0.012179611,-0.059582002,0.09218092,0.097468786,0.07496027,0.091570005,-0.07967278,0.019881774,-0.097343616,-0.06819399,0.06929275,0.055533886,0.03220977,-0.08558265,0.0019014742,-0.062016007,0.029380806,-0.08456717,0.044936992,0.002378825,0.081318215,0.06071349,0.056415044,0.0682998,-0.067588866,-0.03281354,0.06534414,-0.080538385,-0.06101338,-0.030928234,-0.008109376,0.004123777,0.026191054,-0.053029034,0.025789805,-0.018276954,0.0030428525,0.033227123,0.079849124,0.07829014,0.061764482,-0.075981654,0.06034547,0.0630662,-0.0024896164,-0.01649027,0.002616087,-0.04886929,0.058614902,0.0909931,0.031702176,-0.0022660808
0.0019060771,-0.055994797,-0.010438392,0.0796185,-0.09044704,-0.06677503,-0.063167945,0.057503752,-0.0658031,0.07388254,0.09330565,-0.019849364,-0.06148635,-0.07434602,0.0011117142,-0.07319432,-0.085615605,-0.047357205,0.0057018683,-0.096619345,-0.07220279,-0.0769184,0.10068306,0.06975699,0.017503317,0.023584073,-0.09198446,-0.06686698,-0.09884896,-0.08568231,0.06250099,0.08776809,0.008512655,0.05577226,0.042713776,0.10095318,0.06088498,-0.055952948,0.05579309,-0.0047272993,-0.030447638,0.08174295,-0.06192482,-0.045770444,0.0897869,-0.053215917,0.09524961,0.013822589,0.03271071,0.0071893297,0.040479157,0.0028815998,0.013350474,-0.05349387,0.0022980163,-0.010402689,-0.09411077,0.017591242,0.07268019,0.07809264,-0.074809924,-0.07378595,-0.0619924,0.07957833
-0.055356443,-0.08818739,0.03203488,0.05478888,0.037411395,0.043464214,0.0031913456,-0.008081899,-0.014337415,0.060857575,0.0722475,0.09369417,-0.08209629,0.045231245,0.04858935,-0.027841879,0.0616061,0.027764976,0.07446917,-0.0538514,0.07776924,0.10330871,0.095951475,0.017798625,0.043693736,-0.013307475,-0.05852578,0.024956688,0.025740944,0.023223143,-0.048428185,-0.05999286,-0.032135047,0.06038944,0.03804275,-0.01638594,-0.0747128,-0.08964946,0.038130812,-0.0017626277,0.034537386,0.076624796,-0.061900157,0.09023248,-0.06632745,-0.081660435,0.025909485,-0.06816987,0.03911179,0.09393209,0.09076038,0.07806575,-0.06451372,-0.0024141136,-0.09087348,-0.0983033,-0.06572136,-0.07353924,-0.021276716,0.0058981758,-0.014312082,0.053207956,0.081797354,-0.06503432
0.02732217,-0.008532363,0.0599012,-0.025987212,0.09067519,-0.012217728,-0.07721045,-0.09661277,-0.0004023848,0.06965814,0.09851201,-0.06568658,0.040568348,-0.029284352,-0.06249491,0.08112316,0.019112678,-0.0053645256,-0.090159096,0.06119049,0.020697506,0.04680288,-0.0849704,-0.08956978,0.00581251,0.10040623,0.095618784,0.1008558,-0.024359522,-0.008251352,0.06322852,0.0007479478,0.051070675,-0.017819837,0.06687706,-0.03128762,0.07670959,-0.03984061,-0.098356195,-0.067833394,-0.0085893795,-0.059364676,0.08197623,0.01823878,0.013405002,0.08196457,-0.06727527,0.07020814,-0.01775456,-0.07217611,-0.0619521,0.019334428,-0.09470226,-0.06085318,0.07858704,-0.07073891,-0.00081157166,-0.074127294,0.08437033,0.06704483,0.020151462,0.0009181695,0.016385647,-0.022518482
0.048638634,0.013150272,-0.009676696,0.0107956575,0.047627512,-0.07932406,0.016868845,-0.0019701235,-0.024507787,0.06851993,0.002001647,-0.09475726,0.0072825765,0.09717979,-0.065532714,0.07700269,-0.040580336,0.036668755,0.06558006,0.012530617,-0.097957164,-0.058252037,-0.11161202,0.044689447,-0.08439932,0.093238614,0.02337485,-0.064248025,-0.05232291,-0.08674738,-0.062991336,0.0066193976,-0.019430505,-0.093649,0.0731551,-0.06408749,0.05184216,-0.008038768,0.027743928,-0.033597887,0.007149313,0.050567847,0.01024639,-0.0784878,-0.06812634,0.05258779,0.0005838295,-0.067241296,-0.09769603,0.10019354,-0.05425023,-0.010293105,0.021577697,-0.06548015,0.08594161,-0.06376074,-0.030576862,0.039489258,-0.07108137,-0.087303616,0.096383266,-0.01964576,-0.05356538,0.059126113
0.023964984,-0.07072852,-0.056149643,0.061404176,0.0837903,0.008836425,0.019702524,-0.021642627,0.05956992,-0.09180496,-0.10113565,0.10037774,-0.09806706,-0.09412926,-0.06354258,-0.06413777,0.09053257,0.09925571,0.02659553,0.08385901,-0.086196125,-0.05078695,0.018805658,-0.0028493963,0.09457913,-0.008865319,0.021160895,-0.08145368,0.073646866,-0.093748085,0.061549086,0.09351506,-0.025278995,0.08817236,0.043077536,-0.071746424,-0.07299095,0.0011992503,-0.09881179,0.07526439,0.07477125,0.0739486,0.012713678,-0.07464705,0.0853842,-0.0029786178,0.006130824,-0.012843879,0.06700896,-0.01901395,0.10444382,-0.082403,-0.028135227,-0.0660724,-0.08740947,0.040965542,0.07042713,-0.057366166,0.07727306,-0.06059065,0.028169066,0.03835946,0.09585339,0.09091126
0.024741001,-0.0907794,-0.025120053,0.043846518,-0.055769064,0.029562926,-0.07226281,0.0029983253,-0.07137121,0.047016233,0.0806195,-0.039087735,0.0775877,0.0092813615,-0.03570068,-0.050123688,0.012456784,0.04563255,-9.7766344e-05,0.04286781,-0.09242355,0.09400147,0.0058726426,0.06630395,-0.031470437,0.02527108,0.09624411,0.046161655,0.023108343,0.05252404,-0.01747556,0.09105302,0.008479311,0.04111882,-0.04492623,0.091255024,0.09649194,0.02818506,0.055543985,-0.07646667,0.044715546,0.093225114,-0.08421473,0.075911365,-0.10326086,0.07941647,-0.08336396,-0.051043283,-0.092326395,0.09496728,0.06545641,-0.0628901,0.06307522,-0.08205794,-0.08718749,0.06397249,0.044814646,0.028634358,-0.07542111,-0.09562094,-0.09781514,0.0852095,-0.07395186,0.09094648
0.07761759,0.062334254,0.06189344,-0.09618449,0.10181561,0.08293526,-0.00085630314,-0.09073705,0.0837199,0.07108967,-0.024694538,0.07669695,-0.05618432,0.027894616,0.002788957,-0.07862783,-0.01903904,-0.03671172,0.036574475,-0.02429426,-0.0551011,-0.021573294,0.00096197415,-0.073689714,0.08834656,-0.013167929,0.07635633,-0.059352472,-0.06044946,-0.07680833,0.069733895,0.09576901,0.016540041,0.08696507,0.008563236,0.07473077,0.013273081,0.00251398,0.06453069,-0.039270177,-0.05827947,-0.018430652,-0.021461183,0.07667196,0.08071281,-0.023915786,-0.048285507,-0.035608202,-0.0020418128,0.064287156,0.075754255,0.09679094,-0.040534656,-0.09709983,-0.013481948,-0.089616716,0.07512178,-0.08539716,0.09986587,-0.04997135,-0.013117269,-0.032520503,-0.050106708,0.0010314031
0.066776805,0.10030336,-0.02101823,0.0890004,0.104044296,0.025320632,0.03737619,0.06049524,0.03495758,-0.07636204,-0.04470438,0.021160878,-0.03598241,0.012238628,-0.08857621,-0.07552472,0.051407818,0.085311875,-0.038175028,-0.01276165,0.08474644,0.011877866,0.08214537,0.044406846,-0.014020476,0.005166247,-0.09295502,-0.06342888,0.02548288,-0.072219044,-0.0714409,0.0076430193,0.03917838,-0.043594565,-0.0024916534,-0.04137592,-0.013360334,0.06158266,0.004763406,-0.0009343082,-0.09920723,-0.06816596,0.005549229,-0.006818268,-0.10266531,-0.0021252616,-0.037725545,-0.07256779,-0.0883235,-0.07206079,-0.095994584,0.017887186,0.069291,0.017134449,0.06536101,0.0154228695,0.006347211,-0.09181054,0.098020874,-0.012326099,-0.0017629405,-0.000105492465,-0.061919305,-0.08873605
0.07908305,0.071266316,0.025756307,-0.005353867,-0.049278982,0.011436913,0.022700308,0.0006619843,-0.03740872,-0.018669397,0.08723926,0.0083886115,0.091358975,0.05414938,0.09289888,0.00994935,-0.08584936,0.022839416,0.026058715,0.064996526,0.097171925,0.0679737,-0.0968212,0.07074637,-0.0050257845,0.06755187,-0.09762738,0.04261516,0.028632728,0.08413693,0.05800988,-0.099534445,-0.05789029,0.045828532,-0.08994937,0.0074561173,-0.0025159162,0.046851184,0.027666712,-0.037384316,-0.044198338,-0.09832882,0.03284774,0.05119239,0.09140298,-0.065931365,-0.037799973,-0.059867043,0.024941465,-0.03527787,-0.03861261,0.07713542,0.05571502,-0.09784255,0.087028705,-0.09173875,0.039036974,-0.09318555,0.016543021,0.076433584,0.071964666,0.088428855,-0.0105212005,0.0083955405
0.060115278,-0.0930692,-0.052014522,0.0032279843,-6.1402025e-05,-0.0030763533,-0.061259016,0.09482592,0.04390855,0.0040608626,0.09178081,-0.06640675,0.09319474,-0.09548421,0.08426661,-0.05606248,-0.07704922,-0.0480853,-0.04541008,-0.045150362,-0.045716077,-0.0964991,-0.0010206515,-3.1409116e-05,0.09254445,0.0060483045,-0.074389584,0.09338671,-0.009036814,0.006482136,-0.09465667,0.10038112,0.061868988,0.08492644,-0.007911821,0.027380431,0.08139403,0.062319513,0.09202502,-0.08849845,-0.065989256,-0.09620973,0.009911932,-0.029846044,-0.056211688,-0.07529466,0.036363993,-0.03799356,-0.02223877,0.06053513,0.07172659,-0.08644278,-0.09716959,0.06112949,0.052624073,-0.08347947,0.06899466,0.060084503,-0.08457448,-0.040676467,0.07419962,-0.100374445,-0.07442708,0.04633281
0.060303044,0.067010134,-0.011700873,0.073229596,0.056376107,0.09412064,0.0071055354,-0.024010245,-0.08681869,-0.011852413,-0.07198274,-0.0031360893,0.095403574,0.021930953,-0.019122662,0.061988533,-0.07076342,-0.07001525,0.059929408,-0.022818651,0.09611959,0.017822474,-0.10667402,0.036666337,-0.06435113,-0.08479716,-0.05937789,0.051778346,-0.012435367,0.030635623,-0.095760636,-0.053449277,-0.057208892,-0.067075334,-0.07346833,0.025636699,-0.04332241,-0.012329899,-0.01654763,0.08931958,0.09363192,-0.047624968,-0.006471694,-0.069293685,-0.10654679,-0.05541549,0.07947776,-0.06826496,-0.038059518,-0.072673745,-0.047439698,-0.083194345,0.045323424,-0.07836531,-0.030327858,-0.0046744607,-0.009318829,-0.09716128,0.06684123,-0.0037237545,0.011147996,-0.10302915,0.0075942827,-0.060623664
0.018029641,-0.017187899,0.09463404,-0.017350301,0.04191268,0.039777644,0.074819796,-0.052395962,0.045794226,0.07778777,-0.07009151,-0.00085668586,-0.07846188,0.077221885,-0.0017085056,0.09017655,-0.006496039,0.07055499,0.088001706,0.092749216,0.06491414,-0.06327445,-0.0007116579,-0.059411786,0.00824634,-0.04461461,-0.061431557,0.10081456,0.06147777,0.06430506,-0.0021364945,-0.07811958,-0.0023635677,0.051059082,0.04778638,0.1013483,-0.03583644,-0.06577156,-0.10258316,0.09629271,0.015482557,0.06783883,0.08387673,0.08809148,0.08452142,0.06833826,0.06621652,-0.061037645,0.09678732,0.019181618,-0.046965748,-0.069775626,-0.027688429,0.02413054,0.09546978,0.05808179,-0.0117652975,0.08457011,0.025478445,-0.040391132,0.07769131,-0.04961103,0.005714481,-0.047049653
-0.048959482,-0.037886966,0.048043877,0.093129754,0.0904224,-0.001729699,0.088661745,0.0109279845,-0.058080472,-0.0693671,0.063101955,-0.066171214,-0.07858561,-0.082114235,0.06108566,-0.08089415,-0.06282897,0.058269925,0.074671306,-0.013143289,0.0486216,-0.032922816,-0.069441184,0.059653927,-0.03393707,0.07246317,0.06790555,0.052092582,-0.039722513,-0.08988864,-0.0033816982,-0.06591938,0.017029682,0.007050488,0.064483695,-0.016281523,0.012251794,-0.056808263,-0.07693283,-0.072067365,-0.0408627,-0.0042720335,-0.09428995,0.004627951,-0.017298434,-0.007923076,-0.006733385,-0.07185369,0.00689192,0.05045391,0.079424,-0.07858228,-0.08837128,0.0010206406,0.06864129,0.020692563,-0.02668528,-0.09107635,-0.08949332,0.09080886,0.043185078,0.057318967,0.038333442,-0.06642824
0.09083177,0.02212767,0.0039095813,0.08545478,-0.04406051,-0.00968076,-0.05444315,0.04493169,0.07856713,0.01293894,0.06084212,-0.06486578,-0.047695152,-0.04746181,-0.07317265,-0.03583984,0.03899657,0.01910396,-0.099110246,0.032258518,-0.0711134,0.0044609574,0.0014561375,-0.07218592,0.08923958,-0.01624904,0.039896175,0.08493869,0.044395745,-0.05956374,0.09790267,0.07113648,0.016007291,-0.082882814,-0.027648514,-0.0768523,-0.09057281,0.09394275,0.002644813,0.061755635,-0.05062384,-0.085606486,-0.047316656,-0.07311545,-0.08225948,0.059894025,0.020934725,-0.0075009125,-0.02592682,-0.058476374,0.06803813,-0.08334483,-0.021104872,0.0842274,-0.09015357,-0.0661899,0.04380488,-0.011876229,-0.07501154,-0.08805397,0.041959383,-0.0788448,0.011407588,-0.0549908
-0.055703253,-0.0078095896,0.097646944,-0.056109637,-0.028692925,-0.09679765,0.08328645,0.06849997,-0.04488263,-0.06728476,-0.0048632696,-0.0670476,0.061008576,-0.030678622,-0.01172443,-0.07889487,-0.05951135,-0.07428851,-0.059044022,0.007962708,-0.06819509,0.082570344,0.0059541203,0.018168695,-0.08915214,0.047215063,-0.06559735,-0.058248296,-0.08088149,-0.10592647,-0.007682058,0.028086076,-0.060083475,0.07508335,-0.10053963,0.014783377,0.002833123,0.05986343,-0.08986237,-0.029111544,0.027797956,-0.05119039,-0.0620264,-0.05381959,0.018454956,-0.08944883,-0.07916924,-0.0035018846,0.00953993,-0.049764674,-0.062390376,0.012303956,0.10649607,0.054202467,-0.09861379,-0.0022912235,0.029262273,0.09685039,-0.10110818,0.03428143,0.053844366,-0.0020153404,-0.037266195,0.04259471
-0.06855152,0.0701122,-0.0575671,-0.030554606,-0.09271117,-0.05649894,0.07345974,0.09329945,-0.065804265,-0.06882376,-0.05474551,0.034743145,0.09632488,-0.020737343,-0.09232434,0.002075532,0.016493909,0.03815137,-0.06546898,0.086429305,-0.026179003,-0.046153437,-0.074869156,-0.01064199,0.016146852,0.031601038,-0.064091295,0.087924905,-0.05872011,-0.045281198,-0.045508783,0.045244843,-0.07732574,0.013477828,-0.016696412,-0.047631424,0.00031762774,-0.018896202,0.054401707,0.00492629,0.062878996,-0.06934819,0.079830214,0.080783345,0.07834391,0.043551873,0.0052873106,-0.008590382,-0.0035562506,0.052282453,0.013546129,0.06976853,-0.054885007,0.03052007,-0.08332815,-0.023950532,-0.001507079,0.044994567,-0.0028477912,-0.07826332,0.052160285,0.06963451,0.09806483,-0.06444561
-0.07753872,0.04072032,-0.022911942,0.022014242,0.024862364,-0.058210265,0.08040544,-0.043401264,-0.0013527004,0.03639828,0.05839789,-0.03745018,0.002767784,0.018544262,-0.04182372,0.065610155,-0.00701708,0.03778809,0.081672005,0.035639733,0.025563264,0.103575796,-0.0074758376,-0.0710758,0.014752776,0.017798973,-0.07385947,-0.068708524,0.03023659,0.092825875,0.093835294,-0.01624791,0.09092222,-0.07706343,0.07397476,-0.045559283,0.007483741,0.08820132,0.08728544,-0.04890067,0.004253508,-0.03332565,0.08460202,0.015762154,0.053156335,0.05712682,0.030284481,-0.013729075,0.010381995,0.09596069,0.005054769,0.038995374,0.054176785,-0.07521754,-0.0965178,0.0976995,0.07408453,0.0025747253,0.007296086,-0.004704568,0.018277515,-0.027508246,0.090502374,-0.037059847
-0.010825073,-0.079466544,0.0769421,0.08879023,-0.0024562413,-0.07095319,-0.017388904,0.035653207,0.0010872551,0.011509275,0.058088638,0.05662886,0.06936225,0.07936678,-0.025797492,-0.08119461,-0.07917313,-0.011128904,-0.0056916745,-0.06002502,0.05207209,-0.023505768,-0.0043418426,0.06305051,0.08158341,0.057216305,0.012868483,-0.068309605,0.025991807,0.0012898353,-0.012899699,-0.017347466,-0.04735384,0.04971916,-0.030202128,-0.063429594,0.008042152,0.07621229,-0.087944694,0.033216324,0.033459276,-0.007529868,0.08651997,0.038690746,0.049399503,0.06958734,-0.02947944,0.0049406644,0.07146303,0.08701797,0.0058292365,0.013480267,1.9701823e-05,0.08295252,0.04598689,-0.07887022,-0.045413062,-0.015871057,-0.019389266,0.07243437,-0.085166775,-0.014673742,-0.03885276,-0.031862084
-0.04689755,0.0005824283,-0.08793943,-0.035456657,-0.059883375,-0.06595429,0.009191186,0.0275967,0.054091997,0.09731445,-0.06593191,0.038220167,0.008034779,0.008116157,0.021711586,-0.08634737,0.056220785,0.08655888,-0.036012363,-0.0930308,-0.07599672,0.042229656,-0.070462614,-0.060662456,0.012750608,-0.07009668,0.077165924,-0.0204419,-0.043537974,-0.04110781,0.061696615,-0.018854557,0.083226085,-0.09536035,0.051517166,-0.08879697,-0.10286255,-0.08590068,0.06492575,-0.05241246,0.07343102,0.011675773,-0.009245542,-0.009922897,0.0015609602,0.00871606,-0.009370366,0.03507983,0.0022578468,-0.081527494,0.03977413,-0.0143551715,0.014077256,-0.042179897,0.07351695,-0.00018734633,-0.09180094,0.0287607,0.048709437,0.05075965,0.06125333,0.053665243,0.05646095,0.0813844
0.037514243,-0.0030177878,-0.05334514,0.099821955,-0.0095062535,0.02272669,0.099415496,-0.054687742,0.0074039157,0.09897538,-0.00088753673,0.04979339,-0.012632115,0.006677583,0.072028324,-0.006821141,-0.02249147,-0.07407087,-0.08228659,-0.081937805,-0.06483996,0.009031391,0.098049276,0.022257382,-0.09715463,0.08449102,0.08583193,0.06150827,-0.007959849,0.06645484,-0.10052841,0.10988488,-0.0051356405,0.02562717,-0.028248692,0.08963138,-0.09515525,-0.092021145,0.052057117,0.05911307,0.03597117,-0.047372706,-0.05818497,-0.0722743,0.08041327,0.025340643,0.07834268,0.07313856,-0.05990056,0.012582943,-0.09260022,0.04176106,-0.078947075,0.09080553,-0.03838182,-0.085951924,-0.021344338,0.059424758,-0.00877759,0.07474714,0.09669701,-0.032355826,-0.06782181,0.056328148
-0.04399343,-0.053950384,0.06941253,0.016743895,0.098886535,-0.07750628,-0.051904004,-0.09311343,-0.09131672,0.019054402,-0.09088506,-0.09417306,-0.0031331999,0.0031880594,-0.07202887,0.078822464,0.07855644,-0.014805737,-0.01309217,-0.06014289,0.069868304,0.0778918,-0.04342604,-0.010302158,0.0009541409,-0.08763905,0.0918286,0.06089912,-0.0058179125,-0.059919514,9.397592e-05,-0.090254985,0.00013385102,0.05977711,-0.027303105,-0.020668337,-0.0057924427,0.013199489,0.04927287,0.092261754,0.044148672,0.080428414,-0.03589926,0.05625282,-0.09261138,0.043984942,-0.057230357,-0.014948865,0.022535503,0.039580073,-0.010928029,0.07314986,-0.05270257,-0.07175723,0.06978489,-0.049459737,0.005739747,-0.02856165,0.08645381,-0.023436086,-0.09547131,0.0060045742,-0.07954675,0.06270691
-0.043047834,0.06271348,-0.07143659,-0.030663978,-0.0020919554,-0.00058434694,0.010533022,-0.07151526,-0.005478534,-0.10456119,0.05042217,0.09627146,-0.0708004,0.07639533,0.03767373,-0.0914656,-0.09081588,0.096037716,-0.07119495,-0.08748188,-0.011843421,-0.00233755,0.062611595,0.10817917,0.012282765,-0.06588212,0.09851329,0.024992445,-0.0344813,-0.042928893,-0.059776686,-0.012028596,-0.09013798,0.08821217,0.026348682,-0.08614468,-0.0825555,0.09597189,0.07450397,-0.006779861,0.05638891,0.01405632,-0.013152261,-0.053301726,-0.055059332,-0.0917113,0.066872835,-0.048934393,0.004326001,-3.30599e-05,-0.0609968,0.090446964,-0.090236366,-0.072467804,0.062587164,0.05324904,0.06543034,0.024323186,-0.0638595,-0.057923585,0.013254096,0.04065872,-0.07680981,-0.069270015
0.04236683,-0.047686633,0.07962876,0.00029169343,0.05203432,-0.05504719,-0.0022635064,-0.05250612,0.05231196,-0.044468917,0.007813677,0.07988949,0.077038035,-0.011269751,0.06591738,0.019894442,0.035612244,0.009486684,-0.07408372,-0.017112145,-0.06979697,-0.052653138,0.05954065,-0.017841257,-0.011255191,-0.044458013,0.038218904,0.06438428,-0.061641622,-0.015308881,0.054607507,-0.0037957174,-0.054076213,-0.06743257,0.020458065,0.0069708847,-0.067206055,-0.03873493,0.07311207,0.055688404,0.008347854,0.033379205,0.086781554,0.053533465,-0.043281876,0.074650176,0.08058928,0.08361272,0.004147376,-0.052138764,0.01407842,-0.07334919,-0.06980002,-0.05472301,0.0047560064,-0.020734917,0.073711544,-0.014709878,-0.06493733,-0.043907363,0.07632307,0.040945373,-0.051916637,0.0216637
0.09305073,0.025306106,-0.083000645,0.059407827,0.090124615,0.07128975,-0.0024836112,-0.0015028864,-0.07103114,-0.0571359,-0.0500477,0.0030386676,-0.02836845,0.030258598,0.032643802,0.004575391,0.08598434,-0.03468262,0.00901088,0.01002933,-0.041938394,-0.013674783,0.018306963,0.06581726,-0.06830913,0.091755815,0.067062795,0.096654825,0.07136903,-0.048213113,0.087379985,0.006581604,-0.04053568,0.05532373,0.026784899,0.051288877,0.058020916,0.024869436,0.07783467,0.003393247,-0.022987202,0.0865435,0.060945623,0.034427397,-0.074428834,0.08803949,0.07659495,0.013006491,-0.08599424,-0.015014077,-0.054383572,-0.08359356,-0.060572557,-0.094940476,0.07006503,-0.06282576,-0.0076944917,-0.029049294,-0.05701281,0.051206637,0.06323585,-0.046205945,0.07407593,0.009634105
0.073278815,-0.064670414,-0.055940673,0.07810654,0.05751282,0.083543345,0.026096141,0.035241533,0.00565573,-0.009394284,0.08468981,-0.06750556,0.052698683,-0.025874007,0.062732905,0.018159475,-0.034062132,0.09317481,0.07391115,0.08977711,0.057720914,-0.0348716,-0.04302741,-0.0873458,0.022921864,0.068918854,0.07863973,0.014640305,0.04227617,0.079956606,-0.00076542376,-0.06997553,0.040151004,0.02139711,0.012019043,-0.095939405,-0.011617342,-0.050769944,0.05819558,0.088870786,0.09046073,0.009090199,-0.057251163,-0.090459034,0.090872,-0.029976057,0.0858935,0.0057324455,-0.027666103,0.07878694,0.051927865,-0.033607904,0.0132334,-0.010384596,0.05135382,0.007347181,0.05600851,-0.06803562,-0.09607061,-0.051505532,-0.022266673,-0.088279456,-0.057290543,-0.010617762
0.065212496,-0.068851866,-0.09250682,0.0002493189,0.047422364,0.011499942,-0.092190735,-0.030107899,-0.014792238,0.0030166716,0.015376645,-0.091899864,-0.078245424,0.066099554,-0.09986358,0.05554087,0.06910363,-0.08141022,-0.018795235,-0.050989844,0.10486427,-0.0002662065,0.026411831,-0.006136182,-0.050233968,-0.0979789,-0.098855995,0.07455562,0.09536114,0.009674199,-0.07479905,-0.093905486,-0.03793551,-0.067309566,-0.051233016,-0.053113833,-0.002474666,0.020372132,-0.05726902,-0.08736235,-0.06609791,-0.081822984,-0.07386837,-0.063500546,-0.0787631,0.08414433,0.06703386,-0.00026637022,-0.041336235,0.03170579,-0.07093292,-0.067804314,0.07238884,0.103595965,-0.07598895,0.06289387,-0.0021561251,0.023435649,-0.008662511,-0.040311135,0.0070801415,0.08229557,0.04596861,0.06510727
0.0685343,0.06533405,0.025660781,-0.06414854,0.024206772,-0.07137181,0.095232524,-0.06160829,0.015472787,0.021159768,-0.045161493,0.022673178,0.06571422,-0.07032228,0.047328226,0.019340022,-0.0002870729,-0.097378165,0.039187912,-0.05045536,-0.09820787,-0.031467017,0.061586242,-0.08437446,-0.0037495769,-0.07176335,-0.07230698,0.06905067,0.019212298,0.020998528,-0.046292156,0.08082298,0.066856824,-0.08556755,0.022542978,-0.10262998,-0.08693238,-0.092522174,0.082408465,-0.0007317534,0.016653117,0.036452085,-0.008980865,0.081690386,0.10612118,0.036559626,0.06414382,-0.027843216,0.046820585,0.007637583,-0.10119398,0.10122701,-0.034242257,0.06813813,0.07369622,0.0975024,-0.059010744,0.04039047,-0.017977793,0.007817968,0.069109954,0.0526982,0.031306837,-0.01797745
-0.10826323,-0.07505959,-0.06419294,0.06689622,-0.0036319937,-0.013795509,-0.00013757407,-0.06386275,-0.085821085,-0.0521593,0.0064375764,0.057634924,0.081004046,-0.057778243,-0.016223533,0.07858176,0.08575891,0.06040203,0.047284964,-0.02835082,0.082693815,-0.062690966,-0.016024556,0.07620071,-0.09424076,-0.052536767,0.011517023,0.005379534,-0.06655431,0.0716018,-0.07751105,0.06898439,-0.09361009,-0.09708561,0.08913066,0.056270678,0.09785792,-0.07471164,0.06320779,-0.0063648545,-0.05594678,-0.059392955,-0.025230804,0.039695147,0.07619961,0.09705435,0.042048886,-0.002244453,-0.011592684,0.07720886,0.06793594,0.00038288548,0.0731264,0.080009736,-0.019836986,0.031204231,-0.044307176,-0.07233563,0.0908679,-0.003128697,0.03463903,-0.07140554,0.045102254,0.06967372
-0.068203665,0.05625087,0.016884668,-0.020969972,-0.0009847216,-0.06958117,0.07337052,-0.06909376,0.012311667,-0.008358939,-0.06450758,0.0009562236,-0.04051538,0.08405999,0.09301204,0.05777329,0.097520955,0.017801145,0.09102372,-0.02451608,-0.04616951,-0.05739594,-0.0899452,0.00875445,0.0674007,-0.027056064,0.09459397,-0.014697709,0.07863836,0.0607919,0.018151214,0.06391573,0.05179109,-0.051605448,-0.058011062,-0.00209624,0.076838136,-0.014016799,0.0047054943,0.08370138,-0.007786453,-0.05705762,-0.06694671,-0.06079729,-0.06543173,0.020691846,-0.09991076,-0.06280803,-0.012179172,-0.008820961,0.06955785,-0.056851447,-0.07989016,-0.036801994,0.07931335,0.06622723,-0.089691095,-0.09368279,0.08228305,-0.00049716496,-0.08540358,0.04979403,0.075538725,0.015552066
-0.028184129,-0.04295718,-0.06589807,-0.05799589,0.021745743,-0.091659635,-0.031047594,-0.028028153,0.044146515,0.08898305,-0.060306493,-0.06760651,-0.064869836,0.1002706,0.029438885,0.038288582,-0.07960179,-0.010640916,-0.0892212,-0.0916924,0.06254764,-0.0064357575,-0.03335881,0.051801547,0.014683912,0.08392866,-0.027289763,0.071729586,0.05434905,-0.03883854,-0.029067053,-0.006678594,0.009226176,0.04115334,0.050354566,0.06843542,0.10630662,-0.03024127,0.066779934,-0.014338218,0.020705841,0.0044283015,0.015859574,-0.009005833,-0.09625632,0.07848529,-0.070458606,-0.07588122,0.03768419,0.004088223,-0.0011491206,0.009978732,-0.019516798,-0.054384258,-0.102901794,0.06733866,0.04552678,-0.0121697085,0.06984554,0.095645145,-0.09061349,0.054836653,0.08880894,0.0070398706
0.0046095196,-0.047035635,-0.09078781,-0.05800042,0.08966695,0.08199596,-0.0723137,0.061344054,0.068064705,-0.09281943,0.0032012793,0.020490771,0.015124453,-0.08449279,-0.05218348,-0.04411215,-0.085324325,-0.07507318,-0.05428718,-0.0825363,0.008049778,0.06047943,0.060858943,0.06146994,0.041908037,0.06053027,0.079479605,0.013387197,-0.07871171,-0.041987214,0.03076241,-0.08499175,0.053386755,0.008240617,0.07164424,0.085385315,0.0036638123,0.057020348,-0.046363205,0.0011188961,-0.08089384,-0.022809355,-0.010293553,-0.053775832,-0.08179197,0.030751036,0.0634468,0.051914632,0.0894882,0.10288341,0.013136375,-0.004069215,0.06362239,0.040759932,0.018451693,0.07281086,-0.005249161,-0.07023693,0.09505408,0.089397505,-0.014161496,0.05791917,0.026365412,-0.018390764
0.0036588265,0.08370096,-0.0651845,0.00033762614,-0.033229742,0.011975848,-0.089782156,-0.091949254,-0.08744691,-0.09522791,0.034975994,-0.05641463,0.09132545,-0.00945094,-0.025224693,0.004082376,-0.011381206,0.089958355,-0.08225362,-0.05211215,0.02377769,0.08234306,0.011641349,-0.017641868,0.05396822,-0.010493312,-0.082425795,0.072825946,0.06643537,-0.08991335,0.057584178,-0.010029754,-0.08376016,0.017360324,0.033924975,0.052260134,0.02532604,0.064692296,-0.0044501186,0.0020800657,-0.10924494,0.07254539,0.0072070984,-0.010029637,0.0025567093,-0.09087364,-0.077695735,-0.0020092526,0.097697355,-0.084642366,-0.006082329,0.010153968,-0.030220397,0.061580542,-0.02874591,0.07674725,0.11072792,0.0018222089,-0.09603,0.071536876,0.03971872,0.023210237,-0.06071461,-0.06325365
-0.048948266,0.09905907,0.060286924,-0.086712345,-0.07764668,0.015107685,0.063641794,-0.092825174,0.07889732,0.09044948,-0.04441908,0.034909766,-0.0670116,-0.005660006,-0.016335286,-0.0023602452,-0.09268612,-0.096077904,0.09104369,-0.080195375,-0.073960304,0.06311345,0.054259982,0.023148362,-0.104728535,0.002418432,0.048391905,-0.0733372,-0.08054117,0.047866464,0.0023844186,-0.003258684,-0.012407988,0.0014272021,0.012715296,0.07140152,0.06405588,0.05554991,0.06834074,-0.03365384,-0.07456692,0.039718963,0.0045452057,0.051172026,0.09297075,0.063113414,0.07923992,-0.0641699,0.09499452,-0.07358926,-0.028194135,0.012553924,-0.06503971,0.05857231,0.08049634,-0.03222821,0.06996662,0.042020414,0.0570591,0.06122729,0.0068539768,-0.06037039,0.01697166,-0.0714346
0.008007507,-0.070239045,-0.02575651,0.032005787,0.078141555,-0.051962864,-0.019763498,0.070626654,0.065653585,0.091335654,-0.085864455,-0.04524788,-0.05241199,0.07419368,-0.01683864,-0.08957307,-0.018064776,0.06994833,0.10202793,0.053137477,-0.06908705,0.07807841,0.08727837,0.081527084,0.06667208,0.0046537886,0.07312805,0.0057278085,0.010476493,0.04829412,-0.02143115,0.004431343,0.0021968745,0.038779564,0.09365923,0.058418855,0.08463622,-0.013370057,0.10119478,-0.040753532,-0.096990116,-0.041662432,-0.012210058,-0.096025705,0.07404399,-0.09819563,0.008157131,-0.003621689,0.013201652,0.032993365,0.06854955,0.060102616,0.080182426,0.09296566,-0.0024398481,0.102787815,-0.08740663,0.09430522,0.057629358,-0.06603479,0.03407003,0.10151054,-0.03872745,0.036884155
0.086439066,-0.00713509,-0.076599434,0.025225488,-0.073501,-0.057853967,0.0092707295,0.072767675,0.09027704,0.04260458,-0.06914982,0.006114402,-0.05796434,0.002232404,0.038522933,-0.0022321749,-0.101885825,0.00089023786,-0.054025024,-0.028521864,0.08694077,0.07563864,0.027538242,0.0822819,0.0779204,-0.010470138,-0.057346374,0.012843073,0.0067075603,0.014527261,-0.08862373,0.010315046,0.07529392,0.028931774,-0.012478367,-0.0021403064,-0.06303399,0.05262195,0.100007296,0.058907732,0.08286021,0.020149874,0.040467616,-0.07921862,-0.086471334,0.09659411,0.018398048,0.057354297,-0.04566718,0.030179689,0.06703876,-0.009052106,-0.077304825,0.06558665,-0.031873696,-0.052431814,-0.06682005,0.017953783,-0.07120441,-0.08148095,0.08048525,0.03818178,-0.06802798,0.018084943
-0.079821154,-0.06998469,-0.09200007,0.05821475,0.033218004,-0.05584117,-0.09935836,0.0630964,0.00039484102,-0.075371325,-0.051339906,-0.0035713732,0.055822775,0.010572921,0.05727355,-0.009437882,-0.09178899,-0.016192038,-0.04491299,0.06637232,-0.011319862,-0.05522323,-0.020820897,-0.09113889,0.098309875,0.065827586,0.0058098887,-0.052111734,-0.106345914,0.05450776,0.00037004822,0.08454757,-0.025040366,0.03900435,0.09394862,0.10073771,0.09354005,-0.092112444,0.07224935,0.047459293,-0.07235166,-0.08516274,0.080387115,0.09497895,0.066340156,-0.100431174,-0.005462915,-0.0155057255,0.049929652,9.670034e-05,0.05793983,0.03263462,-0.03967799,0.0877406,0.029698122,0.023598252,-0.06432142,-0.047717843,0.07280476,-0.010829907,-0.0012949099,-0.07626405,-0.065520786,-0.016283887
0.06518108,0.058701847,0.07133757,0.06380963,0.08676282,-0.087813064,0.01223324,-0.043856017,-0.07245292,-0.027573831,0.056271702,0.05318337,-0.073763356,0.06985774,-0.0145108765,-0.015243355,-0.053290978,-0.08714896,-0.028272662,-0.015352132,0.074750856,0.043462165,-0.0344163,0.09468086,0.058536407,-0.009552273,-0.012606072,0.08373899,-0.051207226,-0.02920153,0.09508363,0.0005667523,0.07863554,-0.058633134,-0.06329013,0.0707964,0.097175606,-0.06088945,-0.06843556,-0.020393977,0.01199285,-0.0880791,0.038293347,0.054751776,0.00033209872,-0.09558859,0.09298453,-0.06060491,0.05786295,-0.014818717,0.061942536,-0.011649586,0.07242502,-0.020194149,-0.066224806,0.07439038,-0.00049425353,-0.06833465,-0.011795895,-0.09069583,-0.013590147,-0.08449543,0.07268207,-0.059047394
0.025065534,-0.05874323,0.058066465,0.06204115,0.046526376,0.0018104006,0.10147373,0.10132114,-0.06438557,-0.07780798,-0.02297169,-0.023475599,-0.055474028,0.09850237,-0.025754744,-0.012554959,-0.031765014,-0.02750653,-0.0643753,0.0965985,0.06973409,0.11309338,-0.057291605,0.02944533,0.00608432,0.051914047,-0.005774448,0.049494363,0.04827632,0.07732476,0.015435139,0.05034564,-0.006535397,-0.018680371,0.03867952,-0.0974602,-0.09120128,0.04058596,0.055692814,0.07759265,-0.05873899,-0.001872927,0.060939103,0.0634672,-0.0033329872,0.06259204,0.0112343365,0.09414296,0.076844506,0.00449052,0.0725846,0.08678622,-0.096155375,0.099705964,0.084282614,-0.06440355,0.045245465,-0.07020658,-0.018435663,0.042985823,-0.08854362,0.036170773,0.060420252,0.014515968
-0.04587368,-0.009305122,0.044477906,-0.09237434,-0.10268561,-0.055203356,0.07686214,0.09187852,-0.0023003542,0.046617985,-0.0019680085,0.009634711,0.054600604,-0.0031717508,-0.0026726015,0.053820573,0.049007688,-0.009519868,-0.07036653,-0.024593221,0.017596805,0.06353235,-0.04871916,-0.018243453,-0.08854,0.07751524,-0.006810879,0.056468155,-0.0727434,-0.09489387,0.043253645,-0.0954266,0.07629915,-0.0030722483,-0.073654294,-0.09346256,0.05841478,-0.011299767,-0.08358709,-0.008963658,-0.054586116,0.04396702,-0.049184155,0.093711704,-0.07698041,0.043945525,0.06752766,0.041260533,-0.08228888,-0.0888667,0.0478887,0.07286087,0.04447951,-0.07421209,0.038637433,-0.099660955,0.06420237,-0.09133105,0.01016902,-0.0834779,-0.03954348,-0.080718264,-0.08490529,-0.09390262
-0.012197199,0.056716874,-0.019266935,-0.03968555,-0.015624948,0.059875164,0.07372255,0.09648064,-0.066677436,-0.053714313,-0.004605755,0.012590913,-0.0015152292,0.0787171,-0.02739728,0.022701109,0.07081559,0.00336138,-0.035812747,-0.0732888,0.09029735,-0.039577346,-0.004037608,0.048046526,0.005707694,0.07521159,-0.0006923791,0.09425839,-0.013965008,0.017756488,0.09402527,-0.0030530395,0.032303125,0.016984971,0.014732192,-0.08865795,-0.08437562,0.008255282,-0.06262645,-0.10345445,-0.06189101,-0.011065641,0.021592252,-0.0021592116,0.062462386,-0.076879196,-0.05913372,-0.08469365,-0.043204535,0.02707604,0.062073328,0.07639475,0.05851819,0.03037747,0.08366144,-0.005609865,-0.075973205,0.08076892,-0.074640386,-0.021534303,-0.080259144,0.0031267826,-0.078564964,0.07653784
0.042346906,0.085378215,0.076704636,-0.026906945,-0.069580235,-0.050734594,0.013360682,-0.09835679,-0.011234638,0.04253131,0.055223703,0.065798886,-0.07465556,-0.0018942032,0.070621155,0.053151738,-0.027307643,0.016126325,-0.0683318,0.08474408,0.014118062,-0.0230669,-0.033400767,-0.020493008,-0.06722331,-0.09013967,-0.07038245,0.062339723,0.011912878,0.010696284,0.015099353,0.089932196,-0.03838924,0.07126463,0.08497166,0.071432695,-0.047042586,0.0247619,0.005317617,-0.024310263,-0.0031194678,0.051116657,-0.06007103,-0.08825273,-0.009053717,-0.09516446,0.04597059,0.044588886,-0.057494655,0.009273602,-0.00088042393,0.08065555,-0.046081517,-0.07523208,0.06494976,-0.0952918,-0.060989816,0.006124958,0.07468524,0.096226856,0.009910559,0.102276675,-0.07759991,-0.06401904
0.04701494,0.08899967,-0.10932923,0.0032196366,-0.0630853,-0.10110841,0.08538615,0.024234984,-0.061736524,-0.049737312,0.0886584,0.07519214,0.012631677,-0.013665262,0.08750065,0.08921621,-0.016948722,-0.0940586,-0.0018251641,0.07480022,0.09353061,-0.017310923,-0.030551482,0.08449638,-0.109108604,-0.010859381,0.053251613,0.057038814,-0.087496944,-0.093638554,0.012850779,-0.008802032,0.05422647,-0.035060298,0.022463929,0.04671834,0.00033718278,0.07006362,0.07343776,0.032121006,0.05823498,0.028672202,0.070086636,-0.0027452598,0.099047504,-0.0040419986,-0.005761883,0.009562806,-0.010696788,-0.013492377,0.025596106,-0.014935624,-0.07482074,0.03052413,0.07383005,0.009330703,-0.046865776,-0.005740963,0.0595623,0.06315458,-0.044483595,0.06886886,-0.043281946,-0.08548936
0.08560401,0.07615351,0.07271446,-0.05640771,-0.012580309,-0.052413404,-0.047515735,0.008363006,0.024272976,-0.083982505,-0.08309164,-0.014430615,-0.004134291,-0.0048652794,0.08708348,0.064188555,0.04986711,-0.062084682,-0.06269536,0.049578775,-0.02076619,0.012038237,0.08502637,0.07232719,-0.028429085,0.049147245,0.0064732847,0.014156096,-0.0068549016,0.0082702795,-0.09636929,-0.060246192,-0.07036942,0.09789559,0.024411092,0.027280457,-0.05245175,-0.024651704,-0.031282384,0.04503899,-0.07101254,0.05637981,0.08614262,-0.06467614,-0.09828384,-0.09257859,-0.07520544,-0.04119205,0.10809316,0.024073748,0.08241858,-0.096661694,-0.030890193,-0.005909169,-0.03976099,-0.049507223,0.035647087,0.010469771,-0.07382959,-0.015818551,-0.05181288,-0.05494054,-0.009507102,0.009082884
0.020129945,-0.086375095,-0.002059869,0.09003409,0.004672316,0.084817864,-0.066797234,-0.05486296,-0.0011290088,-0.021957902,0.08049148,0.07426436,-0.050876286,-0.08679404,-0.055893347,-0.066894956,-0.086255796,-0.045985952,-0.09175346,0.08289802,-0.106697425,-0.06822427,-0.068607114,-0.06315196,-0.0017018545,-0.0535251,0.014480123,-0.051559728,0.09784154,-0.042891424,-0.09721256,-0.08561221,-0.087682076,0.004690186,0.076181345,-0.09702653,0.02834784,0.0630989,0.08822136,-0.08758502,0.10000501,-0.056403667,0.025639797,-0.07395768,-0.10025005,0.05943359,0.0046882657,-0.07909908,-0.0918478,-0.026289864,-0.061822876,0.020095028,0.08725831,-0.0069892495,-0.0610844,0.026215905,-0.07250968,-0.06257978,-0.060270127,-0.072549425,-0.0652445,0.022068541,0.06366308,0.010836105
-0.043588825,-0.010543042,-0.026324028,-0.07822886,-0.007484296,-0.0814652,-0.06677306,0.040326517,0.081278026,-0.04243956,-0.07011661,-0.09711828,0.05534941,-0.0065544997,0.025835207,0.06612028,-0.0816248,0.08876769,-0.07728047,0.05010737,0.0949774,-0.09622658,-0.07847441,-0.075690635,-0.062916964,-0.04767237,0.004869733,0.0115017025,-0.05218151,0.07177062,-0.0034496062,-0.0009734927,0.024056394,-0.017417315,-0.08152008,-0.055587232,0.07162237,-0.051061068,-0.009975556,-0.07668857,-0.06601928,-0.08656363,-0.0085764015,0.092983074,-0.053974286,0.08147574,0.078503445,0.012960169,-0.016965635,0.009226731,-0.05688892,-0.06975627,0.00019566395,-0.034140218,0.017231219,-0.085458435,-0.053952638,-0.095907934,0.0022668382,0.061491735,0.08796931,-0.03820412,0.072573826,0.006850068
-0.07149996,0.05316338,0.0997358,-0.08540182,-0.043570753,-0.06177589,0.072972246,-0.0066138734,-0.025115503,0.0091407895,-0.005886316,-0.013219151,0.037969653,-0.06739493,-0.044216644,0.08493916,0.06575755,-0.03832018,-0.060683094,-0.06574714,0.008100579,-0.08636831,-0.07729245,-0.03249114,0.099686734,0.0022203785,-0.03689613,0.10597583,-0.04930524,0.07633059,0.017253237,-0.04852402,-0.085810274,0.036105093,0.025817707,0.011709171,-0.04749254,-0.020693675,0.0602244,0.06591742,-0.034959015,-0.022188278,0.07956434,0.034806386,0.037331868,-0.06272299,-0.054096103,0.055278946,-0.09604123,0.0046325107,0.096941106,0.04898956,-0.0683724,0.009280669,-0.07242916,0.037967272,0.009527173,0.07482374,0.014242561,-0.064043246,-0.019195637,-0.0052310014,0.065137975,0.057951044
0.07363995,0.07774978,0.065892294,-0.09498839,0.0001397603,0.09804736,-0.054813135,-0.005380513,0.0537312,0.005841058,0.075430326,-0.09726241,0.07413711,-0.07794663,-0.0013316715,0.008210255,0.07044216,-0.015758883,0.10641223,-0.03251203,0.02123386,0.075218946,-0.09547823,-0.0003526364,0.009860064,0.01347539,0.09531747,0.07588334,0.006161738,-0.080822304,-0.080739796,0.07504325,0.095510505,0.014289682,-0.050889745,-0.08482882,0.07745549,-0.05523853,-0.06412529,0.09714074,0.060459968,0.010339719,0.08793431,0.030911332,-0.080946065,0.08267549,-0.03024677,-0.006081027,0.06891796,0.012554673,-0.047413398,-0.015896508,0.0840093,0.06487441,-0.06258431,0.014731933,-0.047131404,-0.006182022,0.09090975,0.09288512,-0.07946751,0.0067037335,-0.083437085,0.021813557
0.054927528,0.0032963466,-0.10206671,0.08534071,0.075769424,0.1030122,-0.08256247,-0.04475664,0.004080249,0.057479303,0.07821461,-0.061856866,0.06350263,0.014094849,-0.040892914,0.005122097,0.022401756,0.096421786,-0.039319918,0.007359161,0.06627496,0.08771722,-0.0053195814,0.00045726792,0.002645807,0.007564084,-0.0649631,0.071272746,-0.0037637379,-0.045246452,-0.07371278,-0.0019204756,-0.0947738,-0.10453866,-0.047153655,0.081970595,-0.061187536,-0.0106570665,-0.008107051,-0.10340542,-0.012835088,0.010620232,0.002222234,0.09704664,0.103237584,0.01813641,-0.0077065197,0.060415067,-0.06953807,0.059266873,-0.05747733,0.01414986,-0.042479023,-0.04033148,-0.0505457,-0.102445684,-0.016581977,0.014066419,0.0029353425,-0.00041318694,-0.03895797,0.080597416,-0.061313663,0.07974767
-0.0885625,0.022550873,0.085188314,0.082965374,0.11205989,-0.014912953,-0.081951484,-0.06378125,0.012546465,-0.078790374,-0.013193778,-0.07593855,-0.07789854,-0.006731542,-0.093515046,0.0015928926,-0.007632702,-0.02720384,-0.0670852,-0.032916393,-0.07105248,-0.076775685,-0.016827308,-0.055346396,0.075518906,-0.043811075,0.0653767,0.080149524,0.052200075,-0.067301214,0.04183108,-0.0860375,-0.03478948,0.00562081,-0.079633065,0.07568388,0.08899668,-0.095200896,-0.0065087792,-0.10343046,-0.08351392,0.07753373,-0.09228085,0.07056904,0.024570972,0.060096122,0.062628604,0.0048103943,0.071008965,-0.02098519,0.08155806,0.09432904,-0.06032144,-0.09216987,0.060087495,0.00467485,-0.087010935,0.041862123,0.0042618373,0.07239334,-0.08822145,0.014264459,-0.039072555,0.09325497
-0.0624352,0.098316945,-0.0075571,-0.05748104,0.08569772,0.09641042,0.08360338,-0.064737864,0.08387398,0.076496944,-0.07503917,0.084728055,-0.05546627,0.07377926,0.082397364,0.036933843,-0.06763863,0.0020861195,0.037339635,0.0024332544,-0.05389146,0.0030314475,-0.056804754,-0.011140086,-0.005890789,-0.000834794,0.0074578044,-0.06562666,-0.032929417,-0.014040901,-0.013576249,-0.00040487415,0.009119041,0.016502261,-0.05854317,0.011071455,0.06459959,-0.08389451,0.09895006,-0.07395703,-0.06638816,0.102507316,-0.0064446717,0.05854557,0.01177273,-0.08610557,0.06967933,0.09640241,0.0048080203,-0.10657185,-0.06492389,-0.028570551,-0.06541761,0.0725776,0.056002278,-0.07117593,0.07192954,-0.078489125,0.092679024,0.10365455,-0.063788645,0.029412903,0.05479682,0.090873525
-0.08113987,0.016376823,-0.051252864,0.07633553,0.05100148,0.033066858,-0.05672191,-0.016918804,0.058489922,0.04217317,-0.049193498,0.01488787,-0.057175223,-0.0292738,-0.03313004,0.08163161,-0.015102691,0.04534251,-0.044838823,0.054383744,-0.05031782,0.07295314,0.07954426,-0.056882605,-0.04136905,0.002290169,-0.08723227,-0.05261393,0.0887866,-0.03304721,0.046589248,0.07679076,-0.0076389536,0.07376549,0.06422815,0.042478375,-0.0075100693,0.066420875,0.055998374,-0.061674368,0.03530129,-0.07778301,0.012782622,-0.010356166,-0.022074433,-0.07051277,-0.032204945,0.06171442,0.025088081,-0.018135706,-0.006785069,-0.0025284658,0.06696181,-0.050264847,0.0009009668,0.050275166,-0.0041781566,0.009304768,-0.01871457,-0.03860556,0.069419466,0.0032642698,0.017564517,0.03878175
0.06282884,-0.018713081,0.0018270997,-0.028169947,-0.028247489,-0.09063761,-0.055754814,-0.07239863,0.046465643,-0.014096415,-0.010163593,-0.09588951,-0.08353868,-0.020040845,-0.07103524,-0.095200956,-0.014079965,0.103448,0.06604399,0.037591778,-0.0027711526,0.07628166,0.08732161,0.084686056,0.09287227,-0.035797916,0.009149162,-0.00794845,0.07834845,-0.0013061941,-0.009879245,-0.075847164,-0.012839661,0.083782494,0.011812731,-0.08841549,-0.0011415276,-0.09291716,0.073443525,0.05698099,0.08145822,-0.045740027,0.09092833,0.05062464,0.10020529,0.033930585,0.04486712,0.0028309226,0.0124631645,0.00959198,-0.0048828325,-0.063242085,0.09113158,-0.07793027,0.031072093,0.054284263,-0.06429829,-0.05233152,-0.025685206,0.078251086,0.07874679,-0.0583447,-0.08376644,0.02640553
0.038052045,-0.0051278295,-0.004675894,0.07641838,0.0073609855,0.09879402,-0.10243692,-0.035580896,-0.09873581,0.08803116,0.08812979,-0.09797763,0.09614633,0.0735059,-0.08548146,-0.090133406,-0.044760916,-0.01560286,0.080690786,-0.10572512,-0.09637208,-0.016076421,0.041638177,-0.06899252,-0.010961768,0.08584733,0.048644293,-0.015006337,0.09740097,-0.045284774,0.07808307,0.025307722,-0.084472276,-0.09499924,0.057085197,0.036497112,-0.0011692445,0.10072429,0.00027476042,0.04249307,-0.0060840664,0.06464152,0.06968986,0.094486155,0.033795245,-0.047128916,0.054536175,0.05107587,-0.012167877,0.013319821,-0.041095182,-0.057187177,-0.0018460407,0.03354261,-0.082759716,-0.03286284,0.022503335,0.02911807,0.06430826,-0.06353293,-0.080726765,0.058473386,0.019678324,0.009571965
0.06214594,0.08002342,-0.07632193,0.052282654,0.0910795,0.101792954,0.05515104,-0.005307244,0.05572999,0.017941294,0.052351736,-0.027041117,-0.016688775,-0.029488167,-0.0807529,0.00015810973,0.044725858,0.099227756,0.0559768,-0.05592472,-0.08346615,-0.044100728,0.06514537,0.08245993,0.0970354,-0.042085607,-0.07343203,-0.057075545,0.008802794,0.069486625,-0.09899251,-0.04711728,-0.096505985,0.06777249,-0.036609422,0.011402749,-0.08782615,0.006091488,-0.06484072,0.024992717,-0.02621609,-0.06439172,0.05274846,-0.102616735,-0.08612162,-0.079748355,0.07552559,0.00538815,0.081434056,-0.03821203,-0.08486797,0.09294233,-0.07702336,0.03986202,0.0014359623,-0.018660339,0.081785254,0.059223343,-0.043703906,0.046925176,0.09504053,0.07761442,-0.056285363,0.06761776
0.054896023,0.031000996,0.0072188075,-0.012339124,-0.076330975,0.09610243,0.021475887,-0.07707462,-0.082698874,-0.064318925,0.03520974,0.070654064,0.08475965,0.015332862,-0.041859362,0.047146983,0.03091759,-0.058671955,0.09196073,-0.0141783925,0.0185875,-0.0450492,-0.08059797,0.01865216,0.017324895,-0.07485471,-0.084561646,-0.011752667,0.072637,0.051506676,-0.05450067,0.08689911,-0.058381885,-0.056339297,0.09127177,-0.03882082,-0.07532847,-0.07682733,0.06489687,0.07254505,-0.04452846,-0.07308637,-0.07785712,0.0032410955,-0.036728963,0.006023701,0.0715336,-0.050039556,-0.061497148,-0.10218039,-0.004561306,-0.005243607,0.03206154,-0.007192645,-0.034607746,0.052960802,0.058497455,-0.070885286,-0.067827545,-0.023591004,-0.06287636,-0.07031795,-0.107067324,-0.036481276
0.0723171,0.037381925,0.0020911728,-0.069058426,0.04167383,0.0077197147,-0.03610368,-0.052814513,-0.07579424,0.021770418,-0.0037206938,-0.04239951,0.029340167,0.0097254645,0.07283581,0.082669415,0.10355213,0.09382808,-0.069050685,0.061940502,-0.004314318,0.027813114,-0.003213904,0.027574405,-0.013607749,0.05861823,0.05966759,0.07867505,-0.029388687,-0.0019584207,0.04996967,-0.008066725,-0.04345598,0.043755148,-0.06307733,0.07402311,0.014530115,-0.08264321,-0.067410834,-0.08720513,-0.05314525,-0.0060222237,0.050643567,0.07236717,0.06976244,0.10150649,-0.020318964,-0.020202601,-0.08366758,-0.05634083,0.058805782,-0.0848368,-0.026118707,-0.010086469,-0.024251597,-0.0692278,-0.00017982253,0.031746645,-0.051804584,0.010836485,0.057259474,0.06264531,0.024119478,-0.09185053
-0.07583722,0.0125706745,0.0030839273,0.084777266,-0.06900775,-0.012802796,-0.024243139,-0.060825955,-0.06710989,-0.0421622,-0.0791733,-0.04022464,-0.026413947,-0.10505184,0.03483235,0.027887939,0.051706605,-0.010270266,0.07819086,0.09105549,-0.03472707,0.0365696,0.028243111,0.09045216,-0.07751364,0.015197617,0.06340192,-0.07097997,-0.07378265,0.025979286,0.01695146,0.07719987,-0.025234962,0.033252604,-0.032952305,0.045913804,-0.082294375,-0.011044949,0.08850569,0.0075643864,0.058908906,-0.09717535,-0.023175756,0.0007054698,-0.089683704,-0.06615978,-0.09072222,0.03740618,0.08139587,-0.08096894,-0.056685653,0.045127235,-0.050190642,0.07704867,0.00060181617,0.09969075,0.034727,0.09102783,-0.010430568,0.09311625,-0.08547667,0.085972294,0.0837994,0.09003694
-0.103332646,-0.073129386,0.0840263,-0.004263372,0.006742437,-0.060116787,0.007195856,0.026190398,-0.093896806,-0.046493143,0.09056827,0.07286383,0.061272815,-0.087486096,0.042068988,-0.09247064,-0.015350925,0.015411829,0.047619097,-0.08502266,0.06710648,-0.092248335,0.08635279,0.039244607,0.008576533,-0.022963649,0.062439036,-0.06742532,-0.054860372,0.0663047,0.06968923,0.0904377,0.034656137,-0.021806477,-0.08866747,0.047666695,0.06329457,0.02767564,-0.060821343,0.021136967,0.073588446,-0.026963362,0.000594876,0.029052585,0.007952564,-0.009630506,-0.10692831,-0.006624236,-0.07257656,-0.006031679,-0.011012873,0.06252089,-0.07226776,-0.09050518,-0.05945028,-0.03601738,0.025829691,-0.01897195,0.03023032,-0.020597002,-0.042151734,-0.06972301,-0.015150774,-0.044650104
-0.090610184,-0.05878486,0.05713324,0.08956316,0.030496182,-0.032310136,-0.07884059,0.07468855,0.089822635,-0.09330188,0.041631617,0.06274623,-0.028730066,-0.062003758,0.051948108,-0.058934554,-0.08708152,-0.019788563,0.06006421,0.09008423,0.08718641,0.013162606,-0.08559057,-0.09298333,0.092206255,0.013126129,0.09550262,-0.0010864183,-0.080174565,-0.040120292,-0.05569023,0.09891768,-0.0721519,-0.006948554,-0.09723149,-0.06227478,-0.001657025,0.06892088,0.07978905,-0.074733615,-0.0012045625,0.07275873,-0.014400174,0.07336641,0.064011365,-0.08730454,0.07036892,0.003320229,-0.09749279,-0.09334808,-0.01697836,0.058002625,-0.00171172,-0.018384557,0.08117411,-0.0049310965,0.08732313,0.071307175,0.028239192,0.02763334,-0.06391087,-0.0019666066,-0.10780876,0.100027196
-0.063605666,-0.07688852,-0.015218025,-0.029221606,0.056896504,-0.07110492,-0.01995739,0.10376363,0.09279539,0.062544174,0.069890425,0.05525291,-0.026079463,-0.011122849,0.041621756,0.085148275,-0.037212703,0.07906358,-0.07696685,-0.07457393,0.0036278127,0.043153115,0.024164587,-0.018151889,0.025758905,-0.067342624,-0.071150295,-0.06436434,0.091814816,0.005000664,0.010528399,-0.09859172,0.051408272,0.09274288,0.093054846,-0.09641642,0.08955129,-0.09566828,-0.07428177,-0.051494263,-0.050553966,-0.08667102,0.0405525,-0.075015485,-0.052388985,0.07729597,-0.0798301,-0.039714508,0.04310098,0.009487475,0.011236472,0.04322608,0.0064019733,-0.0851769,0.061114423,-0.038047493,-0.01275388,0.09843979,-0.009795011,-0.05747725,0.005821854,0.0138045065,-0.017607786,0.09402912
0.02249273,0.015322409,-0.008520746,0.09295581,-0.0933545,0.033079885,0.05169735,-0.06486244,-0.073796034,-0.091343015,0.07264607,-0.08122721,-0.009162005,0.06765881,-0.075239964,0.06308585,-0.06719721,0.037361935,-0.06653694,0.058862705,0.046603803,-0.016913287,0.113917254,0.094625,0.027447812,-0.02713489,0.05185023,0.019716619,-0.060215786,-0.020621875,0.070246704,0.01991217,0.046294965,0.07250608,0.061837025,-0.028622106,-0.0575162,-0.056777813,0.020156877,-0.001365911,-0.037439648,0.0052739517,0.039125483,-0.091063954,0.02575876,-0.040998474,0.08486666,0.09343459,-0.026778072,-0.068254806,-0.07769247,0.017289352,-0.07150719,0.08950607,-0.08964288,-0.09749269,-0.062409457,-0.05790792,-0.053082693,0.07254307,0.028643126,-0.08251544,0.098059766,0.06898389
-0.012067177,0.056182195,0.06284495,0.052530374,0.08957636,0.056422338,0.02039546,0.013805511,0.006178503,-0.08235212,-0.03070998,-0.052200284,0.06444686,-0.039852604,-0.10006662,0.087876715,0.001812563,-0.09941495,-0.06049612,0.08303698,0.0020925135,0.07184613,-0.056081124,0.112260856,0.09454384,-0.015268889,-0.060143843,-0.08056749,-0.02359815,0.04402918,-0.000763757,0.08905685,0.09439346,0.08696451,0.083386675,0.10312504,0.0680526,0.048934538,0.0966781,-0.020347016,0.10020156,0.027931854,0.008408964,0.07538358,-0.0522019,-0.09589256,-0.09683205,-0.0906645,0.033672206,-0.07638677,-0.06181905,-0.10626792,0.07600417,-0.056664012,-0.105969355,0.06945572,-0.07968765,-0.010996924,-0.05292976,0.045234635,0.024337808,-0.076817654,-0.0875123,-0.08429728
-0.09623834,0.098886065,-0.0038955987,-0.101337664,-0.012871334,-0.039022755,0.05762397,0.026829297,0.06297526,-0.0637503,-0.06590721,-0.084997475,0.025674697,-0.016881013,-0.0012391614,0.05911757,0.024563026,0.0021389532,-0.096975975,0.06765952,-0.08664423,0.09415454,0.032270286,-0.08706899,0.08981264,0.005286479,0.054070227,0.0034909567,-0.07406027,-0.062108308,-0.091406494,-0.087446995,0.037181,-0.07093752,-0.09261915,-0.038275775,-0.011068368,0.009581113,0.0046685957,-0.017623192,0.03666603,-0.064929746,-0.0028601303,-0.088115394,0.012275527,0.06618499,0.018821524,0.09513882,-0.04111232,-0.07605182,-0.013995106,-0.016379517,0.0054516387,-0.03808846,0.0273533,-0.08249003,-0.004479034,0.074722484,0.07749605,0.057838593,-0.014290705,0.056866024,0.027951205,-0.06613125
-0.061995823,0.03140959,0.013863344,0.034566447,-0.082422234,0.03359829,0.03829171,-0.0333386,0.033436824,0.090438165,-0.053881437,-0.0699221,0.09213022,-0.033404775,0.05668976,0.08371305,-0.058706257,0.08568964,-0.06846991,-0.01280521,0.085715644,0.04689025,0.09169623,-0.08798044,-0.075582996,-0.08760635,-0.04992875,-0.08280331,0.073560536,0.03231611,0.002410351,0.06654572,-0.100310385,0.036475692,-0.055745006,-0.022451358,0.002670627,-0.029893422,0.061803404,-0.049850643,0.07337142,-0.08142736,-0.051093254,-0.06950741,-0.067137055,-0.0710964,0.056571558,-0.04832538,-0.049419206,-0.010882976,-0.069036976,0.08352471,0.023026315,0.094631925,-0.059263803,0.03735706,-0.08337896,0.07133486,-0.00532328,-0.06820101,-0.05346404,0.07252489,-0.043164864,-0.05282659
0.038588908,0.09083809,0.11107744,-0.017139236,-0.033904087,-0.010961338,-0.013516811,0.067641705,-0.0045311744,-0.075091965,0.022230731,0.09327968,-0.059330426,0.07696538,-0.07532673,-0.09174408,0.071116775,0.09058698,0.009029839,-0.043575812,0.065555364,-0.014339811,0.0031588152,-0.0047161486,0.08459277,-0.03666833,-0.044232946,-0.0913152,-0.095905975,0.03787309,-0.0024705413,0.05523864,-0.014375477,-0.10160542,0.07651798,0.015628058,0.08092205,-0.013527386,-0.057208963,-0.08438559,-0.013585289,-0.07903796,-0.041645054,-4.6505695e-05,0.06803834,0.07940048,0.08680949,0.0033769058,0.002326721,-0.0033241482,-0.071307436,0.013724813,0.03278253,0.07133926,-0.060614437,-0.016847294,0.0010416765,-0.07740101,0.0072339904,-0.07264837,-0.020027773,0.099443555,0.097445376,-0.012147861
0.0064852727,-0.03160882,-0.09032504,-0.102806225,-0.05704937,0.061246824,-0.028637271,-0.0069210287,0.09810148,0.011112445,-0.04130007,0.06839536,-0.055906415,-0.008508262,-0.09043323,0.015994152,0.06240006,0.006805643,-0.078500025,-0.08935375,0.04184233,0.065610245,0.023512028,0.099769026,-0.040722724,0.013559026,0.0019487923,0.07178159,-0.03682675,-0.093683116,0.047011398,-0.078400984,-0.09281078,-0.052400094,-0.0696782,0.023560664,-0.047992736,0.08603478,-0.04256791,0.081976764,0.09523695,0.07534858,0.08366,0.05693605,0.06988985,-0.092535056,0.07091148,-0.0003595613,0.07764395,-0.09603871,-0.046047803,-0.009209836,0.07203724,-0.0049623484,-0.030579828,-0.0695429,0.06739146,0.07860185,0.06933729,-0.07367903,-0.0876726,0.0649031,-0.08435212,0.09871783
-0.08382288,-0.09415133,-0.024517654,-0.04143541,-0.025724586,0.040957082,-0.03033933,0.04738706,-0.038843643,0.024631815,-0.05014851,-0.056777444,0.079439744,-0.071878135,-0.0118953055,-0.032315485,-0.018065033,0.0650742,-0.052193094,-0.050213892,0.0098232245,-0.030219058,-0.075105354,0.08747747,-0.000307925,0.07436955,0.019270536,0.03598845,0.08069089,0.07297995,-0.09684079,-0.012504207,0.08856481,0.074122824,-0.09622398,0.036773965,0.014653856,-0.00077974465,0.08650144,0.094794765,-0.07590556,0.041791517,-0.08084296,0.024832655,-0.06461045,0.06642259,0.073187396,-0.008624851,-0.09771279,-0.07828607,0.003557368,-0.06601712,0.097119294,-0.040917233,-0.09638003,-0.0618535,0.057565764,-0.008611952,0.054425318,-0.025058143,0.009895754,-0.062026724,0.06569555,0.0728048
-0.041368414,-0.07244062,-0.05963835,-0.097647846,-0.069144,0.06353278,0.06506134,-0.05119533,0.002860105,-0.058966868,-0.06606537,-0.09128743,0.09894395,-0.055532545,-0.058304317,-0.057346687,0.074859336,-0.09031015,0.020257806,0.053833406,0.07633125,0.077104926,0.059288744,0.022771953,0.096118234,0.06727541,-0.07565737,0.062342126,0.010054803,-0.0010685486,-0.045552183,0.076333195,-0.09732285,0.069058456,-0.0065105874,-0.044340096,-0.017223336,-0.00861952,0.022892991,0.011795507,-0.09647102,0.013152705,0.00029769185,-0.019596227,0.07058781,0.041273326,-0.084206276,0.05584969,0.04634461,-0.091754824,0.055609092,0.02297565,-0.097036034,-0.0915405,-0.06742607,0.017017152,-0.01554471,0.07908925,0.08299414,0.01612324,0.0722869,0.058609575,-0.08293174,-0.05253875
-0.077181265,-0.069270454,0.053489674,0.027252227,-0.05135259,0.09501755,0.0018455415,-0.091026396,0.0042391964,-0.04633755,-0.007851954,-0.08347184,-0.043329317,0.028050885,-0.094218776,0.05905129,-0.00817058,0.04606916,-0.09253542,0.053309318,0.11062273,-0.081719264,-0.06302305,0.09393346,-0.096602,-0.071369074,0.066700645,0.1006633,-0.091156505,0.007167835,-0.006759524,-0.087179184,-0.08290457,-0.06785005,-0.08735195,0.05744473,0.021696439,0.067474246,0.0029103064,0.07509081,0.071750924,-0.042796124,0.08748444,0.0015101627,-0.092521615,0.035924107,-0.009107844,-0.07190495,0.09780551,-0.092777826,-0.003306591,0.03237808,0.018112207,0.09278317,0.093973555,-0.054347772,0.09666032,0.007618301,0.105631895,0.0106401555,0.0020182217,0.031594656,0.07691504,0.036837343
0.09798443,-0.10439633,-0.033435725,0.07059514,-0.07334808,0.041619997,0.065045655,0.04333263,-0.026669737,0.08374926,-0.08931741,-0.08956566,-0.096941024,-0.06161793,-0.024740815,0.015117218,0.010799871,-0.0046491027,0.004065413,-0.04331607,-0.014714444,0.08759091,-0.01890998,-0.0571331,-0.06888497,0.014151372,-0.09258876,-0.056782775,0.05577934,-0.064198375,0.09196949,-0.037223216,-0.03596595,-0.049862757,-0.057571296,0.035086006,0.0816406,-0.06755532,-0.07709431,-0.017481742,0.0075579984,-0.06685761,-0.045193225,0.006679866,-0.09307686,0.06250577,0.0028144806,-0.06927713,-0.10703798,-0.06738615,-0.07176893,0.019841012,-0.009764216,-0.08225788,-0.031709924,0.069881834,0.025787784,-0.04447706,0.03192351,-0.05693449,0.03813722,-0.026787996,0.019418692,0.10690557
0.01445474,0.05848038,-0.010312278,-0.09044042,0.022263728,0.09508677,-0.054455765,0.028731858,0.057664037,-0.026701722,0.06923657,0.06814688,0.08206787,0.012885916,0.0037588163,0.08545396,-0.07878257,0.012024316,-0.0624475,0.04713253,-0.07566076,-0.09272034,0.042681392,-0.055049907,0.091894835,0.009911575,-0.052214004,0.10988438,-0.010702238,0.010493286,0.07548389,0.004927548,-0.08445307,0.06724543,0.06371114,-0.041913375,-0.067222394,-0.06480648,-0.004443669,-0.043505296,-0.0884722,-0.08748956,-0.074265756,-0.01658021,-0.09161328,0.027304783,0.0015680746,-0.066553816,0.046311937,0.0031571076,-0.053579923,-0.0931097,0.03569317,0.0014930045,0.08752651,-0.098694324,-0.06616487,-0.06423043,-0.07493442,0.005770325,-0.036493618,-0.0647237,-0.0914478,-0.08201798
0.046204917,0.027768787,0.01778448,0.106143355,0.078169376,-0.0071744137,-0.06346461,0.071582116,0.014627243,-0.0038251514,0.08307215,0.052681554,-0.08129315,0.019312074,0.070302926,0.0013838434,-0.02238569,0.007321246,0.0004079348,-0.014449875,0.09770348,0.017172229,0.06531795,0.08200214,-0.062282898,-0.068128124,-0.082354926,0.027112508,-0.0050374162,-0.042044412,-0.015353525,0.0025264968,-0.084755935,0.072496235,0.059748463,0.061255556,-0.090969354,-0.044901904,-0.10236372,0.07506712,-0.10988782,0.026120938,-0.011453433,0.07844637,-0.030721406,0.007816746,-0.054350976,0.008823398,0.0313175,0.09400664,0.09336915,-0.015127617,-0.09087475,0.025781488,0.08589126,0.032314643,0.045936484,-0.08226134,-0.06439841,0.029969545,-0.039167993,-0.040015936,0.06539077,-0.059294082
0.02057527,-0.08629961,0.022069177,-0.07023329,-0.069176555,-0.032262165,0.07137886,-0.088838145,-0.08474831,0.01358036,0.10650123,-0.014398574,-0.013527758,0.09886416,0.049215358,0.08066795,-0.09676037,0.0021542527,-0.046271354,0.076565936,-0.07074791,-0.07751275,-0.0022394997,0.01909397,-0.057500646,0.06371238,-0.016352363,0.06623762,0.06584455,0.07877852,-0.10534771,0.08184842,0.07945589,-0.058615137,0.05118148,-0.06832487,-0.08857671,-0.099066384,-0.097692184,0.009145721,0.00013902069,0.06806146,-0.07291,-0.039409578,-0.059453435,0.083285645,-0.019373754,-0.015270638,-0.09138357,0.06411607,0.059383374,-0.091032274,0.071149714,-0.07215521,0.096152,-0.08798211,-0.030201154,0.09430728,0.06907496,-0.013887038,-0.01078363,-0.08651445,-0.091252565,-0.06162515
0.05711962,-0.07801586,-0.093270235,0.0995495,-0.009453745,-0.034267765,0.06731406,-0.054537266,-0.009615852,0.079933174,0.056817617,0.0059349677,-0.09704635,-0.062027294,-0.0022936498,-0.05177745,0.075367466,-0.08937828,0.061579447,0.08979179,0.05725429,0.011053737,-0.00047055652,0.062005185,-0.041500174,-0.054936446,-0.059813555,0.09235141,0.09416269,0.051917784,0.09594898,0.020987056,0.06654866,-0.05038999,0.03417175,-0.031255797,-0.09821419,-0.059570372,-0.07060292,0.091075815,0.036827195,-0.05520676,-0.0084559815,0.02222234,0.09767041,0.028167428,-0.08930267,0.030907558,-0.07609709,-0.029231155,0.06660747,0.08154526,-0.035755984,-0.04737912,0.079617955,-0.0845415,0.0092034945,-0.06816944,0.029909126,0.010211422,-0.017696826,-0.04365101,0.08162342,0.058784273
0.08694001,0.01570118,-0.05387165,-0.045788176,0.06394251,-0.085532546,-0.06259784,0.10364936,0.09289087,-0.008773074,0.027205791,-0.05990494,-0.040047422,0.053719003,0.08308312,0.048289124,0.06559356,0.013621528,0.0059003136,0.038966913,0.0384237,-0.08334267,0.06766348,0.064724006,0.05219397,-0.1007403,-0.03210339,0.08907777,0.019018935,-0.048397876,0.0022027635,0.011100993,-0.049302034,-0.07822849,0.041174483,0.08868799,0.061573386,0.013090983,-0.098182164,-0.00041176516,0.061230373,0.0951893,0.0385639,0.028299624,-0.018011488,0.07980084,0.030362517,0.015065448,0.0061260993,-0.07167126,0.07278206,-0.066246174,-0.010691347,-0.027661413,-0.00937137,-0.085762545,-0.0051571685,-0.070487626,-0.0057565235,0.10195213,0.06323909,0.09871803,0.07646353,-0.059755877
0.073637724,-0.0046618055,0.030767992,-0.059750993,-0.084670946,0.06412984,-0.052608594,-0.09293603,0.019777026,0.08946849,0.08332318,0.059699323,-0.09332735,-0.09295287,-0.006757684,-0.085090175,0.0590507,-0.024155468,0.093193844,-0.043049306,-0.006380673,-0.050308954,-0.0002545469,0.060705747,-0.063627794,0.09073651,-0.064007685,0.02073059,-0.01161303,-0.07348484,-0.08530042,-0.009437683,-0.08298765,0.08160971,0.030544717,0.06246534,-0.02124921,0.057233993,0.05884461,-0.04769609,0.08019344,-0.100009374,0.031566184,-0.0714343,0.05470227,-0.041593622,0.0027300946,-0.07894626,-0.01711781,-0.011088647,-0.013883389,0.0022937483,0.0012046931,0.06512098,-0.06421664,0.023352815,0.0073376894,0.053623375,-0.038222462,-0.00647401,-0.08966123,0.08501154,-0.07654341,0.002286641
-0.046137176,0.049805827,-0.060385652,0.07126542,0.07705097,0.0085923895,-0.04148866,-0.011901439,0.0046986705,-0.0535419,0.031082623,0.047953214,0.063180394,-0.052478645,0.03572899,0.06782359,0.034631528,0.007865745,-0.079947464,-0.019815829,-0.0026145054,0.06789022,0.05978406,-0.031988595,0.03354563,-0.09133695,-0.0445458,0.034926698,0.076599546,0.008939993,0.019644763,0.037421096,0.02959585,0.052739155,0.0628777,0.07077337,0.0055999234,-0.027317462,-0.068379395,0.073804475,-0.0068459855,-0.080539666,0.03514812,-0.08380436,-0.054479092,0.023189243,-0.011251159,0.072094865,0.055806585,-0.047604043,-0.06137272,0.045528352,0.014145313,0.054039102,-0.08214018,-0.04247079,-0.044064052,-0.050520103,-0.048686687,0.04514652,0.024501307,-0.017249098,0.04660556,-0.021223452
0.099993445,0.09676903,0.047141187,0.10304924,-0.0653971,-0.06605878,0.016456041,-0.10015187,0.05386851,0.080251366,0.0816324,0.07043953,-0.08620953,-0.089926526,-0.0032778934,0.05318576,0.007417184,0.05780101,0.07972267,0.00829878,-0.04142769,-0.07340381,0.03285845,0.0089764185,-0.040919278,0.05310562,-0.040335976,-0.08784427,-0.050855517,-0.025265645,-0.011780252,-0.08013279,0.05925735,-0.0036927306,-0.062230814,0.04238162,-0.004455705,0.009298542,0.0378671,-0.008523587,0.1008068,-0.034501627,-0.06945084,-0.08044666,0.08977147,0.05112301,-0.087497756,-0.09415105,0.10460804,-0.088144585,-0.07000381,0.10154323,-0.09442359,-0.054194625,-0.013430862,0.041050524,-0.092392504,-0.0896424,-0.0446108,0.059029624,-0.07275575,0.08837189,0.00019210312,-0.090338215
0.018738559,0.036450036,0.084003605,-0.070015125,-0.013817194,-0.045934252,0.018384758,0.007387862,-0.08493147,-0.06788071,-0.06469566,0.072654694,-0.0059251157,0.008738564,-0.05209243,0.0764729,0.0652349,-0.019536542,0.046530984,-0.018771166,-0.045730505,0.09938195,0.06348352,-0.06647436,0.005306976,0.049033396,-0.07251333,-0.00062899245,-0.03909247,-0.0038625307,-0.03459581,-0.08215903,0.088892825,0.090070814,0.092660345,-0.05401528,-0.010096292,-0.015596453,-0.021723941,0.02027898,-0.037659448,0.07739546,0.002789555,0.07416728,0.06939674,-0.0036567422,0.0030240966,-0.0072074374,0.05971866,0.027728334,0.009555119,-0.09512527,-0.035753094,0.059139367,0.04898555,-0.044102117,-0.050154813,-0.05665881,-0.079107784,0.09798492,-0.07843397,-0.073094666,-0.06301472,-0.031122569
-0.010246096,0.09956607,-0.0064564473,-0.005562029,-0.062395133,-0.019834602,-0.014136668,0.093278535,0.0188894,0.045936678,0.050870042,-0.07281163,0.095235854,0.047637247,-0.09367864,0.0849621,0.042119984,0.0642577,-0.08812539,-0.06490374,0.074750096,-0.042569496,-0.003258316,0.070459686,-0.099287674,0.058091726,-0.007260787,-0.06924486,-0.09500085,-0.059228953,-0.06252344,0.072691396,-0.01351461,0.021672461,-0.08145924,-0.074579455,-0.0641868,0.046042453,0.0547068,-0.043150652,0.0035014255,0.06981876,-0.067454025,0.005272465,0.06496662,-0.047165807,-0.06556424,-0.06414062,0.06890431,-0.0127481045,0.016069455,-0.06436721,0.059032273,0.04921327,0.07860793,0.08950783,-0.030821031,0.003992058,0.06272709,0.085390575,0.063779384,-0.01106594,0.016418029,-0.08064428
0.065327995,-0.018486515,0.070490085,0.096114345,0.02501616,0.05303869,-0.085425176,0.012990561,0.0061198855,0.0167153,-0.05001255,0.053691965,-0.08443748,-0.040594317,0.0032453237,-0.06893942,0.06281421,-0.063709535,-0.003769165,0.069221094,-0.05128782,0.016338192,-0.03839718,0.084738575,-0.089292794,0.04067696,-0.0011061681,0.001684081,-0.06675676,0.004966449,-0.08728975,0.012188904,0.0020858254,-0.059476748,-0.04444463,-0.061544634,0.081596404,-0.007649828,0.08599434,-0.018037222,-0.08013834,-0.009291866,-0.040656682,-0.022293229,0.009592831,0.052652843,0.089955375,0.033722535,-0.07841258,-0.014187867,0.03635585,0.04095755,-0.04962404,0.003506282,-0.078275494,0.009433278,-0.084809124,0.09247806,-0.00791317,-0.00046521626,-0.085445926,-0.035764232,-0.078242436,0.048703253
0.008686489,0.05947184,-0.086269885,-0.08941851,-0.01853267,0.09702477,0.08306369,-0.084928624,0.0127893835,0.09258337,0.090751186,-0.008430256,-0.012505406,0.007601607,-0.018746449,0.06235152,-0.07466895,0.069580555,-0.0069088573,-0.0071771536,-0.06721862,0.0904109,-0.052710816,0.069249436,0.0031981051,-0.055110015,0.041017164,0.026342535,0.08271047,0.08346867,0.029305551,-0.08624979,-0.0688148,-0.0476172,-0.051651824,-0.054852344,0.0072923317,0.076531254,0.054260086,-0.018137781,0.014924128,-0.012483788,0.039629247,0.0371662,0.004269559,-0.09504519,0.053112958,0.026522622,0.005612811,0.0046882126,-0.044789687,0.072907224,-0.07259518,-0.05482727,-0.009336881,0.010024641,0.09105268,-0.097033076,-0.09311343,0.02202123,-0.00906435,-0.045952797,-0.05278729,-0.015809916
-0.07472486,-0.028413946,-0.077989735,0.082628004,0.086614706,0.08094848,0.00015093657,0.04147723,0.056608498,0.059782248,-0.09099992,-0.014653062,0.0042353724,-0.046654906,0.09717321,-0.017899312,-0.018413108,0.0072999685,0.0031180412,-0.043406922,-0.0024838366,0.0011594411,-0.08801149,0.09536335,-0.063369475,0.0670857,0.0033518495,0.09626353,0.07719004,0.097070664,-0.046388578,-0.036001466,0.07312638,0.09451981,-0.038741786,-0.0073828846,0.07111189,0.008477091,-0.061456174,-0.012178614,-0.0736907,0.0686714,-0.07335794,-0.024563877,-0.046956938,-0.05378823,0.08331819,0.046238855,-0.052686725,0.023772778,0.055564813,0.036154617,-0.008849848,0.015886527,-0.072143316,0.057992607,0.0049424437,0.0201121,0.10416847,0.06714644,-0.05542761,-0.04706009,0.063206784,-0.100003034
-0.02633517,-0.0927652,0.0155087095,-0.030192383,-0.10494864,0.002351438,-0.045748323,0.024649963,0.03898083,0.050995365,-0.008044127,-0.1036577,-0.073083356,-0.0016501192,0.022793539,-0.0760963,-0.06219383,0.07489086,0.081360355,-0.070546195,0.05690752,0.055915117,-0.04880026,-0.101625554,0.04964451,0.09360495,0.07100773,0.091753446,-0.071389176,0.008173744,-0.0073551736,0.09500983,-0.093549214,0.070432834,0.03940554,0.08551093,0.04913408,-0.062641874,-0.05482852,-0.0097645745,-0.09566605,0.0005097365,0.00044292244,0.06861356,0.027191006,0.08335164,-0.080353305,0.037550103,-0.0020743096,0.08317774,-0.022301285,0.046404067,-0.058002625,-0.008147007,-0.011517601,0.04725195,0.03558441,0.05920751,-0.056743342,-0.08220167,-0.01954657,-0.07541456,0.0024490887,-0.086377054
-0.099483654,-0.052449144,-0.04203728,-0.045784745,0.08915607,0.004331426,-0.09375945,0.0038497855,-0.087341286,-0.068026625,0.0405813,-0.09999125,0.10836974,0.09509395,0.053043623,-0.08472913,-0.0614559,-0.06742727,0.09870209,0.09868202,-0.064108424,-0.008700758,-0.0044106725,0.054047838,0.053323902,0.009374937,0.063943364,0.0880205,0.100238524,-0.05181541,0.09683127,-0.08685653,0.0009789392,-0.081298195,-0.0806561,-0.036600273,0.011909737,-0.01887626,-0.051517285,0.09366364,0.018023144,0.06720092,0.04005016,0.007836637,-0.016048096,-0.034942005,-0.0046264236,0.061740864,-0.02022818,-0.018938383,0.081037305,-0.0071909213,-0.004840063,-0.010527252,-0.019667642,0.000320155,-0.0072679296,-0.018677391,-0.03118938,-0.093797535,-0.00140738,-0.06860436,0.06717719,0.08760661
0.06217344,0.011667269,0.071435675,0.06821854,-0.024710003,-0.08665163,0.09988938,0.08961265,0.10146414,0.013541241,0.086246744,0.009080671,0.012568012,0.087396584,-0.04789005,0.0082709305,-0.003456506,0.061343282,-0.07981905,0.04700141,-0.007468775,0.053545356,-0.07730893,0.058186118,-0.06413257,0.0661819,-0.038354468,-0.013116904,0.007209584,0.08629404,-0.09740331,0.01198336,-0.052791942,-0.055351514,-0.036689825,0.031727184,0.087153725,-0.012645259,-0.06437798,0.08422627,-0.080489576,-0.023431217,-0.09237922,-0.10244528,-0.006439251,0.08794387,0.0975765,-0.031608105,0.01676766,0.0727225,0.08926027,-0.08174463,-0.0072332183,0.09177542,0.054965224,0.05733517,0.07604674,-0.076054595,0.06704836,-0.052026488,0.06835806,-0.011375484,0.0055256635,0.08275935
0.07465856,-0.049084775,0.095782846,0.0665846,0.06459445,0.08159486,-0.00938595,-0.08531456,-0.09267932,-0.087368496,0.078301266,-0.06583513,-0.034070585,-0.05886274,0.0663018,0.0008623363,-0.029172555,-0.08027227,0.083518565,-0.043576933,0.08173275,0.0067522847,-0.05092626,-0.08346867,-0.07004061,-0.084551014,0.08871921,0.0625673,-0.084879875,0.09506991,-0.009610204,-0.02626577,-0.073288105,0.00053443527,-0.0675337,0.009169008,0.044803858,-0.025505213,-0.05711883,-0.04537162,0.009236314,0.008871788,-0.0055730892,-0.053940624,0.0747138,0.034092065,0.012202163,0.07870431,0.06433486,0.014030682,0.0035887165,0.048228517,-0.062875785,0.013941615,0.09238978,-0.06713714,-0.020954082,0.0600894,-0.03261858,0.05063615,-0.010524997,-0.02520351,0.042418756,0.05489318
-0.06644499,-0.060239125,-0.058594417,0.09498997,0.019304145,0.10223668,0.074180834,-0.025248248,-0.054169256,-0.059527718,-0.06389848,-0.08613785,-0.05643346,-0.086599685,0.06770282,-0.0973521,0.005367702,0.051479816,0.06867105,-0.09586382,-0.0071313325,0.0063469117,-0.027609581,-0.09342584,-0.051802136,0.01920621,0.016119724,0.054202095,-0.08847497,-0.019337451,-0.064050846,0.063870095,0.0507061,0.10022237,-0.06321681,-0.037880983,0.07643401,-0.028600778,0.070366755,0.052960083,0.0756564,-0.061500408,-0.0065866606,-0.056789245,0.0704731,-0.0636679,-0.048988424,-0.01824967,-0.098365776,0.0005499836,-0.06307911,0.08017035,0.05591357,0.04749145,-0.10448173,-0.00952171,-0.09456891,0.01606133,-0.0817486,0.0447423,0.012164958,0.09088219,-0.07096819,0.00058603456
0.05305188,-0.07327996,-0.08062989,0.040868767,-0.043457907,-0.07034511,0.08260065,-0.060437683,0.057050757,-0.08107528,0.046185337,3.1269534e-05,-0.083159685,0.028686114,-0.0056664655,0.079312146,0.06957836,0.09050033,0.046787918,0.021602036,0.07766394,0.009734335,0.0032573277,0.0047315415,0.10763523,0.009857627,0.033118002,-0.012025281,-0.09173566,0.07871186,-0.07137878,-0.09769472,-0.09554026,-0.07203927,0.071706735,0.015394811,0.0111340005,-0.021516316,0.020467564,0.10237723,0.06295586,0.06823842,-0.010286601,0.07679446,-0.008549056,-0.038157042,-0.012736227,-0.009241476,0.0015942062,0.061927624,0.070132926,0.013955164,0.07845672,0.016382413,-0.00048019737,0.049976096,-0.06879315,-0.09237933,-0.0023352224,0.06102866,-0.08325412,0.0249782,-0.083245724,-0.046359345
0.09611943,0.0034187739,-0.007827125,0.033341695,-0.037498202,-0.08712903,-0.07184615,0.03313453,0.046691637,-0.0017131111,-0.07422237,-0.04495302,0.0707435,-0.07994042,0.07021828,-0.032595173,-0.06498662,-0.08954539,0.045463745,-0.0682281,-0.0012676613,-0.08963177,0.09615371,-0.06504121,-0.02568245,-0.065893985,-0.07752692,0.035652123,0.00282971,0.050438855,-0.053390082,0.013894374,0.025839433,-0.06153705,-0.035012357,-0.057429705,0.087209895,-0.002340876,-0.082582116,-0.05455816,0.06033997,0.056152552,0.089065,-0.05359028,-0.08901558,-0.095502086,0.057837114,0.0040067486,0.012227302,-0.008225516,-0.044190098,0.009406317,-0.017371787,0.011425855,-0.07957698,0.039245337,0.052213132,-0.020847606,0.07969887,0.07269652,0.05472609,-0.08337432,0.054177314,0.077842645
-0.01951981,0.06815296,0.07690399,0.04858181,0.048735518,0.023135025,0.0742193,0.005406535,-0.026723962,0.015473818,-0.0046569486,0.01587762,0.047385577,0.04253293,0.02457135,-0.019670174,0.004789951,0.00506763,0.025653696,0.008971322,0.043984946,0.09913396,0.074025095,-0.01308155,0.045689914,-0.078420416,0.0056900913,-0.08650153,0.096509755,0.08924923,0.08184981,0.002764094,-0.070001,-0.084791295,-0.0021806713,0.07668597,-0.0056484654,-0.008953304,-0.052652396,-0.0130211245,-0.006689108,-0.052142948,-0.06981489,0.003034076,-0.031798672,0.014283276,0.007056816,-0.009557015,-0.0805038,-0.09402173,-0.045373525,0.086444356,0.08930175,-0.016884657,-0.102335624,-0.10844593,0.008969649,-0.0075463527,0.07568899,-0.049017023,-0.06892901,-0.094113015,-0.046891842,0.09474512
-0.08917356,-0.02594525,-0.007228468,0.08760479,0.030412007,-0.016433354,0.004873378,0.033907667,-0.08578991,-0.0355906,-0.096787654,-0.06296794,0.03531748,0.031672098,0.06602483,-0.0864497,-0.002769356,-0.013647861,-0.07852509,0.029468628,-0.034477197,-0.06005682,-0.0012053174,0.0036266493,0.06020876,-0.01362106,-0.03321279,0.08312496,-0.06680006,0.0048447023,-0.08127853,0.05924041,-0.0026422408,0.004637829,-0.09411439,0.064897254,0.08019796,-0.09841163,-0.032794468,0.039421372,0.06408935,-0.05111093,0.083612666,-0.056288745,-0.05127676,-0.037812646,-0.05702297,0.058733862,0.055452824,0.030625528,0.07259164,-0.08442322,0.06381974,0.02221075,0.044749618,-0.07950593,-0.0899226,-0.07393715,-0.06374002,-0.007503778,-0.071514,0.024305245,-0.008237517,-0.020887958
-0.05624905,0.051286258,0.06804565,-0.010796547,-0.08165674,-0.0060743326,-0.0075874026,-0.07114924,-0.061192926,-0.0787229,-0.03390958,-0.039486997,-0.0125793945,0.07529554,-0.04703637,-0.06534551,0.035713494,0.08085812,0.0064821662,-0.09321894,0.08429545,-0.017306136,-0.033578128,0.08680868,-0.031564225,-0.07069996,0.06389492,0.06144801,0.0026359397,-0.014996549,0.06104236,-0.015868016,0.002090546,-0.05270814,-0.005351108,0.045290735,0.037671678,-0.009096538,-0.08035698,-0.08583344,0.044944417,0.06947971,-0.024880676,-0.1081428,0.052134346,0.09851401,-0.069323525,0.020447372,-0.07864789,0.013167557,0.05812286,-0.047412828,0.07043373,-0.08709785,0.09188892,6.250067e-05,0.08813627,0.024248647,-0.0363886,0.0076442827,0.008349927,-0.0017881407,-0.00198523,0.07591157
0.035195872,-0.09156809,0.027957201,0.09175368,0.080068275,0.025986658,0.069815315,-0.016629795,-0.08502383,-0.08317631,0.012125493,0.06694693,-0.027551442,-0.0515142,0.002484261,-0.05797543,-0.026536243,0.09396963,0.061076727,-0.08494065,-0.059702806,-0.086704634,0.05092258,0.04075838,0.0528432,0.052789863,-0.029736988,-0.076158196,-0.07335534,0.07855778,0.020489441,-0.074547976,0.07790598,-0.09937606,-0.04075742,-0.049443115,0.05493573,0.07813738,0.0065725674,0.048634216,0.056758348,0.07381117,-0.00823023,-0.094274074,0.026866095,-0.089046046,-0.010308975,0.004197699,0.09080684,-0.06252475,-0.072963595,-0.09122606,0.055113796,-0.089005604,0.10157933,0.004945186,-0.049790706,0.059630264,-0.0052278372,0.0223763,-0.04560873,0.089204445,-0.067112274,-0.016885722
-0.06213065,-0.040763486,0.060054,0.008351654,-0.048927274,-0.07934697,0.062392995,-0.07972613,-0.009546566,-0.055501524,-0.0040755644,-0.0071740197,-0.0877248,-0.099901386,-0.07750852,0.09623524,0.097259276,-0.033166908,-0.07958524,0.0052961702,0.10031341,0.007970742,0.055005025,-0.100043274,-0.044396862,0.038682017,0.00072555227,-0.018994574,0.06823773,0.0030120732,0.028922955,0.08274856,-0.094277054,-0.016206132,0.07554403,-0.009550488,-0.04658303,-0.084676206,-0.03719434,-0.066960394,0.0898708,0.050236583,-0.0025846642,0.058589913,-0.030256946,-0.092306875,0.09324583,-0.06719143,-0.08096493,-0.060173087,-0.033713542,-0.016505882,0.03740286,0.091574796,0.06351076,-0.014092198,-0.06758868,0.011752841,0.094507344,0.065698236,-0.037648104,0.08073839,-0.09766886,0.084488325
0.06250692,0.096616074,0.00543721,-0.07877103,0.004132268,0.0068350444,-0.03457103,0.072457,0.074194774,-0.07075578,0.026034473,0.07955039,-0.01212638,-0.054706287,0.034675773,-0.061184626,0.05892901,-0.10446817,0.050208624,0.094140634,-0.079381675,-0.07038093,-0.025999358,0.05753579,0.0049675913,0.07283894,-0.039542045,-0.036251992,0.042467315,-0.001203812,0.013278297,0.09258644,0.05389959,0.09163596,0.101621464,-0.08469643,0.057917118,0.013347938,-0.027592596,-0.0037887364,-0.10015114,0.057915688,0.014612643,0.061281797,0.010193113,-0.0068352656,0.09769535,0.068949014,-0.04316238,-0.1037972,-0.0088030705,-0.028125439,0.07393151,-0.0125544565,0.09444471,0.02862319,-0.08060467,-0.014048565,-0.024205856,0.064183876,-0.041373536,-0.061222836,-0.048374474,-0.045694213
0.010284591,0.060486123,0.08230454,0.04227921,0.0020147993,0.09288868,0.0018565158,0.0015370474,0.06282626,-0.09303936,-0.03551134,-0.08487425,-0.0013002716,0.06038667,0.009273547,-0.016110905,-0.08943608,0.0565533,0.032168332,-0.09263252,-0.024862943,0.058946136,0.0031478526,-0.08059468,0.007866177,0.08797264,-0.089243874,-0.09812091,0.087089464,0.06548204,0.09683846,-0.053406455,0.088579886,-0.02948956,-0.036353413,0.01204229,0.011087834,0.013893549,0.051880278,-0.087668434,0.07417136,0.056200724,0.043796398,0.0931253,-0.07218897,0.07473525,-0.036315836,-0.076585434,0.06823315,0.042429388,0.055504408,-0.06574781,-0.10287133,-0.06739737,-0.004045759,-0.08630506,0.076017305,0.065564066,-0.095292956,-0.06281852,-0.049133167,0.07226705,-0.09961784,0.0696658
-0.019087033,-0.06858331,0.05079629,-0.07080247,0.0076710065,0.045007404,0.0071018026,-0.09184287,0.06489551,0.051170073,0.05361575,0.0070543024,0.06745173,0.0653937,-0.03227816,0.06992143,0.07801893,0.05567665,-0.089429095,-0.08329436,0.0043938654,-0.0005224622,0.072877266,0.037853375,0.05321112,0.048770085,0.00076524576,0.08498876,-0.08651552,0.009408179,0.006595099,0.008759953,-0.08069242,-0.08463511,0.05054366,-0.0700266,-0.0011958766,0.10054556,0.0067621144,0.05291804,0.08025634,-0.012612402,0.0077367243,0.0063087423,0.09135431,0.010252682,-0.019070182,-0.020115523,0.04774314,0.077599235,0.077262685,0.011814311,-0.07954669,-0.008951163,-0.041129377,-0.099135585,0.059862796,0.072561346,0.0069697103,-0.009877033,0.03300706,0.09213517,-0.0014496419,0.064683914
-0.03634558,-0.083522156,0.017829135,-0.092873834,-0.06514692,-0.09538738,0.05153561,-0.04799323,0.087481625,0.069041245,0.06720232,0.03575827,0.017094364,0.024247726,-0.093651064,0.079755,-0.06430907,-0.052015413,0.054677937,0.080312796,-0.06117697,0.02876643,0.04784611,-0.053871945,-0.06521256,-0.0005688478,0.0055266437,-0.085639246,0.06035185,0.0036837412,-0.07324956,0.007179017,-0.08124117,0.07252516,-0.03321151,-0.043453965,-0.08416903,-0.013245811,-0.06563119,0.019639185,-0.06357006,0.06231559,0.05824293,-0.060649607,-0.007080152,0.050578017,-0.070869766,0.065734014,0.023187755,0.017030792,0.010952281,0.07132365,-0.06327348,0.07509624,0.0014261098,0.09432681,0.08037977,0.026808247,-0.056287225,0.008096258,-0.08508585,0.101719715,0.05181527,0.063386
-0.01876736,0.070733175,0.02554628,-0.09285717,0.017423222,0.011639493,-0.078320354,-0.07390615,0.060286492,-0.07060617,0.07386413,-0.05973014,0.08450518,-0.071322404,0.0012836596,0.006197521,-0.044824187,0.08082363,0.03410279,0.02862627,-0.0359291,-0.08171674,-0.04149958,0.04695536,-0.050993107,0.092246816,0.051983766,-0.009441637,0.034122538,-0.05843821,0.0062896623,-0.08230278,-0.044856437,0.004410917,-0.041131757,-0.09473661,0.06697389,-0.008159491,-0.039370388,0.048856437,-0.09036543,0.0001253121,-0.0513362,-0.07866133,-0.02128779,0.10120799,-0.08870832,-0.07303071,-0.052968573,-0.08847618,-0.0060539413,-0.05712297,-0.09448946,-0.07507458,-0.062363822,-0.09069569,0.00854312,0.010701455,0.057582993,-0.03696178,-0.07594215,0.013884309,0.010480763,-0.008526713
-0.07911788,-0.014669871,-0.028306954,-0.09546768,-0.06470704,-0.079742774,-0.0044201505,0.0020101855,-0.09579884,-0.037170306,-0.07987863,-0.03493228,-0.047374282,0.07276502,0.039233536,-0.08957011,-0.07444134,-0.09818893,0.0012632596,0.077491544,0.06131457,-0.047936372,-0.03844799,-0.006648435,0.09216953,0.009631893,0.0760437,0.08109666,0.040172,-0.011180257,-0.052358642,0.058321793,-0.058167048,0.10124996,-0.031387657,0.09548332,-0.089141324,-0.008788273,-0.07576347,0.0681994,-0.07596284,0.018314017,-0.06056756,0.063438445,0.07459538,-0.08795064,0.084398285,-0.0074696634,-0.0415547,0.00226432,-0.05235971,0.08098781,-0.038404807,0.060336247,0.0450656,0.06368686,-0.082421236,0.07515669,-0.048388764,-0.0016876854,0.005702171,-0.06755163,0.08213434,-0.08672661
0.009806458,-0.021812508,-0.09297151,0.071362436,0.05902364,0.07884757,0.0028495267,-0.02391536,0.07540705,0.06810267,0.08098334,0.023679212,0.062533274,-0.0020786766,0.041514143,0.027807498,-0.083666965,-0.066709645,-0.05903106,-0.035788085,-0.09028258,-0.0919833,-0.089148484,-0.08411703,0.009418028,-0.021556292,0.09188922,-0.016913582,-0.058410842,0.059804488,-0.025975376,0.05745319,-0.013226421,-0.056397796,-0.086219266,0.042003717,-0.09831593,0.1093491,-0.05883524,0.07523752,0.010428362,-0.00033133692,-0.035507005,0.059293754,-0.008336753,-0.05091276,-0.07778442,0.056630112,-0.09161508,-0.06877625,-0.08268763,-0.022494601,0.07804114,0.03531234,-0.065660745,0.07422084,-0.070764564,0.073289685,-0.0983798,0.04959774,-0.06594136,-0.02365436,0.035980795,-0.0029199007
0.033929214,-0.08861709,-0.04240671,0.08082352,0.07749571,0.08715511,0.08068127,0.09539863,0.068311244,-0.034331538,-0.036489774,0.0442491,-0.03840321,0.051928945,0.07038126,-0.042049155,0.013491708,-0.07817215,0.01142856,0.084001906,-0.014682132,0.04526948,0.0879105,0.08327313,-0.079485506,-0.101552956,0.058421314,0.04400928,-0.01945094,-0.048691954,0.012312299,0.017982064,-0.05538871,0.09523772,0.088831104,0.015858697,0.07772002,0.047245238,0.025227051,-0.042277068,-0.009536867,-0.07772031,0.0017706829,-0.08645743,-0.012191725,0.007279719,-0.08612261,-0.08052297,-0.01487598,0.013596687,-0.0055597452,0.076689616,0.007944281,0.07219226,0.049971536,-0.0154425725,0.015298279,-0.008730242,-0.055465456,0.091851324,0.021643316,-0.09339113,0.05262472,-0.024185117
0.06419112,-0.06435279,-0.08748852,-0.053787827,-0.03472206,0.026214859,-0.10044901,-0.10157389,-0.024883067,0.09874639,0.007531837,-0.012946972,0.025262937,-0.08688998,0.0015984176,0.07976079,0.006227117,0.011864744,-0.01439106,0.08743652,-0.0053912452,0.0037895176,0.010807886,-0.07739847,0.035438966,0.07753961,-0.07460853,-0.043782946,-0.08894006,-0.044048123,-0.01763839,-0.11105634,0.08995159,-0.018751334,-0.013454326,0.06998113,0.04884989,0.00559753,-0.08015205,0.07989137,-0.08427538,0.059200913,-0.0098409215,0.048710633,-0.0020505977,-0.009554855,0.027147949,0.05718765,-0.07097472,-0.05499317,-0.07761818,0.09157678,0.04330681,-0.04907227,0.08978056,0.06265458,0.05441343,0.028736318,0.040862612,0.01001805,-0.05888618,0.012710311,-0.07959085,-0.0049766083
-0.05377022,0.005263786,0.057242744,0.06864092,-0.048770715,-0.021403193,0.06646639,-0.07470506,0.014160475,-0.06024201,0.060868468,0.0027223132,-0.00699955,-0.09474219,0.048490398,0.045793395,0.035974417,-0.024002457,0.056531046,0.0021936065,-0.09192632,-0.012846138,-0.05062213,-0.07224065,0.051427025,-0.04210169,0.06575019,-0.07543585,-0.0004848366,-0.08232653,0.06285351,-0.036289573,-0.013199492,-0.06694187,0.0063765976,0.001216427,-0.06693695,-0.021200888,0.04479387,0.08925161,0.027560791,0.025950896,-0.009915112,0.053002454,0.071725234,-0.09198805,0.09582609,0.07744241,-0.065625906,-0.07907489,-0.017569628,0.002736264,-0.09460917,0.01555302,0.020542264,-0.07969848,0.0047383355,0.057316363,-0.071304806,-0.07012146,0.09251499,0.09562665,-0.055013184,0.06835995
0.07732345,0.02933488,-0.06429543,0.026438966,-0.064785905,0.017214231,-0.0882574,0.06162712,-0.005443075,0.0067882393,-0.09199667,-0.06567148,-0.07741766,-0.0032081972,-0.09943871,0.03938527,0.06749553,0.07666935,0.030848032,-0.049209107,0.093072295,-0.059306394,-0.09074183,0.06392666,0.08315399,-0.07670058,-0.08349861,0.09270958,-0.039104532,-0.055792183,0.086155884,-0.018312972,0.062611684,0.083872095,-0.07482746,0.0671444,-0.008282596,-0.06586984,-0.07010813,0.054261994,-0.022031901,0.047453832,-0.0944315,0.06655307,0.0580884,-0.09186483,0.06433358,-0.055784203,0.06965173,-0.024420422,0.08136126,0.08207758,-0.058276676,0.07462899,-0.048865303,-0.1109366,0.006191376,-0.07827579,0.059660695,0.014335687,0.0014928057,-0.05158665,-0.0058444156,0.015432603
-0.054901555,-0.02260165,0.077042565,-0.00974756,-0.056641623,-0.019173756,0.03248655,0.0023368918,-0.008867857,-0.083447754,-0.06407398,-0.05341094,-0.04623307,0.08782023,-0.06259909,-0.00069134624,-0.05531979,-0.06761582,-0.07940806,0.06473997,0.06593998,-0.0441716,0.05544247,0.021066383,0.07059314,-0.010805033,0.002011861,-0.024339387,-0.06692388,0.0026387903,-0.067516975,0.0010451989,0.057304658,0.05026389,0.0044176234,-0.07646361,-0.042766895,0.07351802,-0.056497566,0.038232002,0.084276535,-0.07115202,0.057845894,-0.005606289,0.027712302,0.050695777,0.07540565,-0.08365292,0.061293364,0.014853049,-0.052738406,-0.060888417,0.0003411144,0.07089178,-0.0042883763,0.0438343,-0.048507717,-0.013494449,0.08400268,-0.06563639,-0.071586505,0.055892106,0.08206098,0.0013708003
0.0142502645,0.018540662,0.031523146,0.02192649,-0.09644584,-0.013025628,-0.06113926,0.013136949,-0.010987654,0.062105466,-0.001418065,0.0009909375,-0.0041502984,0.012903507,0.0016451671,0.099065416,-0.04620324,0.038919497,-0.07209429,0.053100705,0.0047265864,-0.08033338,0.030619685,-0.0786709,-0.086896375,0.016287321,-0.0689885,0.009632983,-0.020607565,-0.08480963,-0.04575644,-0.0050857784,-0.0647879,0.023852227,0.02701608,0.059576355,-0.0044627194,0.037202567,0.027168348,0.08385232,-0.04427022,0.0660785,-0.0760516,0.051425707,0.030600289,-0.008924826,0.054443307,0.0023760574,-0.09530256,-0.009360054,-0.044672266,-0.091822796,0.01723644,-0.039616767,0.057146687,-0.093091,-0.060344394,0.05530976,0.044041704,0.09552021,-0.0845696,-0.05919037,0.06803766,-0.08200445
-0.08746575,0.046775553,-0.07868854,0.009990617,-0.07343114,0.004508102,0.0065797083,-0.07924143,0.099003054,-0.0509209,0.09421001,0.08006397,0.045956742,0.010663407,-0.0625503,-0.06208067,-0.010992895,-0.013667689,-0.0034141932,-0.084380716,-0.0653969,0.06836941,-0.056908652,0.029684318,0.038874663,-0.075805716,0.023176193,-0.031127982,-0.056478042,0.06819506,-0.10954775,0.08319249,-0.0022262784,-0.10623789,0.06393592,-0.07967954,0.062003605,-0.02477713,0.009381396,-0.032907892,0.03923993,0.00041543675,-0.0025934929,0.07784267,0.057099205,0.061584163,-0.035053037,0.07353097,0.06283166,0.015996922,-0.031239215,0.07152935,-0.09496091,0.07173147,-0.055313583,-0.067989424,0.06520447,0.014153716,0.046168488,-0.0015458383,0.021538712,-0.07453772,0.09220993,-0.08566186
-0.06982279,-0.040937394,-0.09487112,0.042566784,0.08809084,0.052052632,0.01769149,0.037560873,0.094162636,0.012300023,0.09033749,-0.08757228,-0.058322735,-0.052267466,0.059126697,-0.061872434,0.07910838,0.10013798,0.072605334,0.08516931,-0.094531104,0.07505594,-0.03188894,0.08111968,0.058089644,0.08046763,0.03853763,0.07664394,0.008724765,-0.052917812,-0.061549142,0.020512769,-0.04767805,0.0581493,0.044250127,-0.094987154,-0.02563376,-0.07678526,0.029960694,-0.090614684,0.0515214,-0.08148314,-0.023736423,-0.070406094,0.0024848478,-0.103845514,-0.09196646,0.0436252,0.0965038,-0.0045749126,-0.0037898351,-0.08548094,0.09294249,-0.03557653,-0.07212318,-0.04656697,-0.009061014,-0.06535423,-0.01751459,-0.093576856,-0.06790448,0.0570589,0.08069249,-0.024102127
0.061107084,-0.032685444,0.07757624,0.020588482,-0.08561959,0.045945555,0.013226992,-0.0051500797,0.058510363,0.09632221,0.02128378,0.07025099,-0.0023655596,0.06738671,0.008076614,0.029582173,-0.055106156,-0.013737647,0.074195065,-0.013685609,0.088656366,-0.102102675,-0.01617013,0.058031704,0.0121788625,0.00687281,0.0071996073,0.056166492,0.012787553,-0.053703547,-0.051448062,-0.028468868,-0.0034108912,0.051637854,-0.024184447,-0.056890063,0.061368622,-0.07204373,0.029824832,0.06588172,0.03617484,0.032110997,-0.09273078,0.07122163,0.05839241,0.0068756696,0.04762882,-0.048742108,-0.07507985,0.025785174,-0.07078471,0.026753228,-0.062025897,0.015672727,0.07723934,0.028195072,0.07557357,0.035542615,0.06065271,0.0574306,0.04554259,0.034331474,-0.06956574,0.06445648
-0.027856499,-0.05089446,-0.012793736,-0.08648008,0.0942955,-0.072019644,0.0741898,-0.010853696,-0.088987745,-0.08317536,0.03539243,0.051475726,0.0837931,0.05825704,0.035914402,0.09687768,-0.034475654,0.01124181,0.041995786,-0.06871715,0.0893638,-0.07168711,0.036119718,0.09336514,-0.09366443,0.112309076,0.09718233,-0.00051979016,-0.06135237,0.011631351,0.059326943,0.0631,0.020308277,-0.06776311,-0.062217895,0.05435947,0.07700285,-0.103490174,-0.08790564,0.058367167,0.085585475,-0.03485612,0.00042594303,-0.06101018,0.085559055,-0.016193865,-0.08895233,-0.0015436088,0.011901706,-0.07437441,-0.093785554,0.09993865,0.0553617,-0.1040427,-0.08110712,0.095456235,0.066392295,0.09359747,0.08070056,-0.099686496,0.06895041,0.0075285006,-0.012986842,-0.05711736
0.08200735,0.05508494,-0.052951552,-0.07807673,-0.018188933,-0.02506713,0.017470352,-0.08704042,-0.0933515,0.069450624,-0.031638,-0.016089013,0.036018733,0.034097776,-0.08552423,0.096349634,0.07419362,0.080074295,0.06546453,0.04895592,-0.09885188,0.08828489,-0.07276754,0.05685853,0.049314518,0.097555876,-0.074350394,0.09183274,0.0751818,0.06714715,0.06559499,0.030609615,0.035491858,0.0112389885,-0.010057207,0.023282066,-0.022695944,-0.077753834,0.0947256,0.034509584,-0.055679716,-0.01409814,0.09258593,0.0057076854,0.005069424,0.00040159342,-0.07201813,-0.06276381,0.00614059,-0.08876673,0.071225606,-0.020117221,-0.07236205,0.004407254,-0.017512476,-0.051270798,-0.084717356,0.005102036,-0.06318879,-0.060414556,-0.07509992,0.08637305,0.05790327,-0.042612292
-0.0637519,-0.098795645,0.030523974,-0.04214059,0.009450029,0.0019632208,0.009630722,-0.020637676,-0.011257265,0.018230874,0.010067073,0.04799372,-0.06688729,-0.0823172,-0.096440315,-0.08657833,0.07558757,-0.038726546,0.06884199,-0.054316446,0.09189881,0.07081492,-0.017391095,-0.043899793,-0.06118904,-0.0878821,-0.008843714,0.06952486,-0.012955006,0.043606434,0.0025640612,0.05136248,0.079369135,0.056511886,-0.00014649288,-0.07371225,-0.020112574,0.06950833,0.057385225,-0.054626502,-0.068262376,-0.089945346,-0.041964334,0.0827262,0.0071688504,0.036420483,0.05979934,0.0916499,0.0053100195,-0.100448966,-0.08545433,-0.007181505,-0.055518523,-0.10074191,-0.08601744,-0.0779909,-0.04469908,0.0467182,0.009561058,0.076972514,0.010818958,-0.10135127,-0.05473513,0.025838837
-0.06641794,0.05964102,0.079902604,-0.056517553,0.003985497,0.08233474,0.00735476,0.05795887,-0.09541418,-0.092222296,0.094845064,0.050406836,0.0077927704,0.026416536,0.04463387,-0.0099517265,0.09272754,-0.004667619,0.012914363,-0.082881354,0.0013842079,0.0035712032,-0.010010634,0.08016478,0.07430417,0.01575487,0.09958133,-0.055270996,0.04707106,0.049273655,0.048906896,-0.05609654,-0.025136376,0.046728134,-0.05250284,0.045052763,0.052249677,-0.02615193,0.039673604,0.07138426,0.075076215,-0.037545223,-0.022563832,0.07272699,0.0561347,0.087883025,-0.09980513,-0.051481478,0.0128189875,0.055076092,-0.091306984,-0.09011012,-0.041439973,-0.0801341,0.08090199,0.091015354,-0.037507884,-0.009545999,-0.02712484,-0.0072264276,-0.015124687,-0.08259833,-0.017266676,0.061799552
-0.0187274,-0.08993424,-0.06600348,0.039467555,0.095007315,0.017357552,0.04928483,0.08858621,-0.012347703,-0.008788013,-0.049192406,0.07255091,0.0564689,0.041678634,-0.06327886,-0.013026037,0.030897634,0.09221868,0.06492339,0.061472006,0.0774811,0.089403085,-0.09552413,-0.06814673,-0.033913847,-0.0038032972,0.064493746,0.086192176,0.0023681973,0.019764617,0.05253766,0.053581245,-0.06873901,0.085070126,-0.0747062,0.011291809,-0.019613681,-0.05919249,-0.07469685,-0.032951895,-0.0756643,-0.10049933,0.05809623,0.017299108,-0.03941649,0.0561363,0.05333022,-0.03748502,-0.041100048,0.010149523,-0.06553976,0.029420642,-0.0078791,0.09518923,-0.09904225,-0.09337944,0.08730368,0.06248184,-0.08193552,0.038511693,0.09672362,-0.05407993,-0.06502331,0.0037625465
0.062028352,0.01586535,0.04971785,0.0677418,0.08433583,0.044503488,-0.008659505,0.008536926,-0.088757895,-0.03253303,-0.011549158,-0.060517307,0.096631885,0.09461113,0.061237838,0.105215214,-0.08883228,-0.0015058517,0.02995562,0.09728096,-0.01230138,0.012763633,0.09708712,0.068703584,-0.092462696,0.02510154,-0.06832109,0.07423989,0.007665442,0.05514432,-0.05983344,0.0590361,0.056768503,-0.026566107,0.018932221,0.03422074,-0.04158087,0.0022042366,0.059666686,-0.063250855,-0.08918049,0.057103187,0.04911738,-0.060045317,-0.022602309,0.061002705,-0.06594852,0.008596812,0.027887218,0.06969982,-0.009889903,0.06775006,-0.07355992,-0.06380335,-0.00097629684,-0.065434255,0.06927952,-0.06586417,0.08050804,-0.009337819,0.0008170826,-0.013094092,0.0649864,-0.05571083
0.074234836,0.085731365,0.018900132,-0.044925064,-0.09455859,0.072051615,-0.0066714715,0.004718216,0.10816399,0.027346378,0.06651681,0.01081105,-0.014810411,-0.090715975,0.10938798,-0.071460046,-0.07207243,-0.059777446,-0.08884276,0.08826978,0.09868187,-0.07213334,-0.015482907,0.06559007,-0.060001265,0.07864099,0.09642061,0.06780564,0.00429436,0.10530306,0.0023539078,-0.07560174,-0.105126046,0.09902137,-0.05388952,-0.0676535,0.073986016,0.04008166,0.056544833,0.011388637,-0.064432435,-0.10072513,-0.08381774,0.07801043,-0.01919001,-0.046359792,-0.03904984,-0.013273665,-0.09057577,-0.095925674,0.09819609,-0.08722778,0.06397786,-0.019245164,-0.082872055,-0.09939949,-0.08680145,-0.096058756,-0.038006403,0.07336614,-0.09741713,0.09012911,-0.084996685,0.031093108
-0.0884742,0.031805266,-0.08166555,0.033937886,0.005152567,-0.04141383,0.096031964,0.0071540554,0.04105573,0.08698111,-0.05461338,0.05965433,0.05368756,-0.0931865,0.009472145,-0.08805361,-0.005047356,-0.064195305,0.008278405,0.0011256654,-0.066620335,-0.0912927,0.050554585,-0.052505564,-0.010715886,-0.018295776,-0.013975783,-0.0656076,0.0074968166,-0.03898969,0.023302702,0.09878579,-0.08977023,0.01843309,-0.091443874,-0.09797314,0.0742359,-0.09708111,-0.041896358,0.07014251,-0.09175084,0.088088155,-0.0981965,-0.0848671,-0.0227203,0.09538012,0.05485641,0.07257099,-0.07805918,0.051221732,0.0014476246,0.0010895503,-0.0022335968,-0.09347288,0.030776508,0.098456465,0.06530134,-0.01484418,-0.03329813,0.03200194,0.069440305,-0.08330426,0.036983773,0.10197515
0.07928175,-0.07673336,0.09479371,-0.022604143,-0.05705335,0.09266719,0.0432294,0.10527025,0.05810771,-0.058029294,-0.08927983,0.08381934,0.100522906,0.063889444,-0.0636896,0.060705293,-0.09061832,0.009739492,0.078063756,-0.068553224,0.08105148,-0.0020800668,-0.0027063226,0.07200398,-0.07211202,-0.096567474,0.00085900316,-0.020863272,-0.05398994,0.09658277,0.09680555,-0.021342546,-0.03560071,0.074143,0.030325325,-0.06297577,0.06637142,-0.002638281,-0.06550537,-0.007423058,-0.068053864,0.055567615,-0.106705554,-0.07584638,0.00081269885,0.019077402,0.002588403,0.074440695,-0.10714391,0.054713536,0.0054419464,-0.050508637,-0.09218716,-0.075215295,0.0008357831,0.070685714,-0.03881965,-0.06394458,-0.028285751,-0.050472245,-0.096449696,-0.106074356,0.09775651,0.08487448
-0.034393355,0.044142652,0.078543514,-0.011921769,-0.04078141,-0.042343218,0.045192536,0.070580214,-0.0074453717,-0.05006634,-0.08798368,-0.08435805,0.012276644,0.071802884,-0.095340736,0.014308042,0.049209915,0.084662095,0.022790516,-0.04091423,0.09886035,-0.045687407,-0.07925675,0.0015416,-0.025154518,-0.09248125,-0.04209403,0.09869856,0.09423068,0.0031441243,0.035818685,-0.080274224,0.082514,-0.09106174,-0.090982035,-0.056069218,-0.011607835,-0.023913262,-0.034341834,-0.029656317,-0.028855992,-0.021107573,-0.06582563,0.03734868,0.08289595,-0.08488562,0.064793736,-0.07467952,-0.10017968,0.013932715,0.077890955,-0.101281576,0.005045704,-0.031255648,0.09647681,0.032427367,0.030072344,-0.045922317,-0.046531867,-0.06419038,-0.093617365,0.10812894,0.024358558,0.023740683
-0.006666592,0.0078229625,0.032528467,0.04884215,-0.086547896,-0.06691855,-0.07875251,0.08904148,0.10290356,0.00040550993,0.06596155,0.07827366,0.0952631,0.05576843,-0.06358522,0.00862908,-0.036573734,0.03513676,-0.0020266867,0.067206144,0.009124392,0.086749494,0.092944205,0.03676087,0.081672326,-0.074529,0.078396104,-0.087698184,0.06690648,-0.097180836,0.017690327,0.094041556,-0.06087636,0.063439995,0.08925969,-0.036850963,-0.015284216,-0.09501186,0.041629933,-0.016850637,0.035661496,0.05249745,0.0042321715,4.0477607e-07,-0.0004095475,0.08006239,0.07638015,-0.005819775,-0.058333553,0.10580624,0.04116745,0.017845169,-0.074833125,-0.056261063,0.08974922,0.025656521,0.08670037,-0.055485073,0.06057944,-0.077238925,-0.03792165,-0.061750755,-0.015886663,0.046754293
0.054396555,-0.035299554,-0.04566987,0.06711552,0.0045248643,0.08347444,0.045469522,0.027002001,-0.009015119,-0.014063525,-0.040206786,-0.048931662,0.09194969,0.10106989,0.043622304,-0.09333706,0.09722847,0.08854952,-0.05448871,-0.005107734,-0.07998391,-0.098497875,0.07166143,-0.05762281,-0.07872215,-0.052335538,-0.008546536,-0.058926474,0.0816034,-0.10142098,0.04066684,-0.0072407713,-0.0703358,0.07964168,0.064337805,0.08043737,0.089498654,-0.06030493,0.0242002,-0.035400048,-0.011856534,0.0039623966,-0.077816926,-0.080525585,-0.007714051,-0.037061006,0.06665704,0.073507674,0.0676822,0.05153047,-0.07420034,0.07795763,0.07210719,0.008321205,-0.043863203,-0.04847746,0.08177669,0.00038141216,-0.007526062,-0.08136013,0.06752473,0.07247344,-0.018002335,-0.070113115
-0.0030750309,0.0052625076,0.034233373,-0.060244348,-0.04980817,0.07792059,-0.07306236,-0.01489865,0.07550363,0.09406542,-0.018650701,0.007368784,0.026290229,-0.06580896,0.07855883,0.002632874,-0.07788746,0.054936957,0.084190875,-0.06888735,0.012491927,-0.008076336,-0.08352779,0.03170131,-0.093257874,-0.08020052,-0.056856047,-0.0611056,0.08971971,0.081800975,-0.04819738,-0.06388045,-0.094054215,-0.06931944,0.0070119267,-0.036453504,0.05435756,0.07314023,0.058876082,-0.07561983,-0.007574901,-0.02909197,-0.020852784,-0.089957915,0.0083753,0.071981974,-0.023070652,-0.084830634,-0.030596253,0.0048569487,0.038491897,0.047902346,-0.037406724,0.008793042,0.076649204,0.002002892,-0.068170875,-0.002474776,0.075017214,0.04308388,-0.053118207,0.02320793,-0.046677787,-0.06924587
0.04476864,0.030530404,0.021718614,-0.07536117,0.06721988,0.021127239,0.08404531,-0.015161139,0.07707211,0.087187834,0.0959521,0.088991165,-0.013438754,-0.07249444,-0.054003805,-0.0806137,0.035354506,0.060823977,0.04598,-0.083029926,-0.012394999,-0.030481352,-0.09050387,-0.08516381,0.043560844,0.08515495,0.06923613,0.096939355,-0.040525127,0.08324943,0.05133559,0.019074718,-0.09450649,-0.087281466,0.08626401,0.051418234,0.100147516,-0.0009205024,-0.081102885,0.0012404809,-0.050848927,-0.074723236,0.018880598,-0.09675679,0.0037454069,-0.057153292,0.056284316,0.008875498,0.06715152,0.06970781,-0.059111677,0.08458034,0.066326365,0.058835953,-0.082450226,0.08402054,0.052741494,0.009612919,0.008302977,0.011339309,-0.07911485,0.066088654,0.05313224,-0.09544247
-0.06194714,-0.07558825,-0.01837839,-0.045694277,0.07704652,-0.092471145,-0.09019655,-0.082795575,-0.067172386,0.005787799,0.019830326,0.015758311,0.07724913,-0.07719878,0.014372314,0.08394599,0.09750514,-0.007400144,0.095431864,0.033830352,0.08307089,-0.09424201,-0.012455224,0.040877145,-0.031074103,0.09437955,0.01554556,-0.09111513,0.035498258,-0.050383106,0.07258195,-0.10167597,-0.0063817254,0.061833393,0.026519889,-0.08730144,0.08609802,-0.002200084,0.0694495,-0.0072822543,-0.08736101,0.048998214,-0.041149255,0.01295311,-0.06547879,0.011424507,0.09674611,0.06878697,-0.097785644,-0.0019398519,-0.009207516,-0.033899628,-0.015010067,-0.0052238866,0.026979933,0.105492696,0.069489315,-0.05484831,0.0032161209,0.013622223,0.004589215,-0.06982745,-0.061084673,-0.007444479
-0.047333136,0.09378037,0.063755505,0.0069095157,0.066168614,-0.0037878435,0.083665445,0.014522798,0.055723343,-0.004788201,0.025534073,-0.08471592,-0.0131542785,-0.08826498,-0.043192368,0.005445864,-0.076534264,0.07367178,0.0014073413,-0.053399432,-0.023261651,-0.0897247,0.061364833,-0.028552443,0.068277314,-0.06268618,-0.011937937,0.06784777,0.03351803,-0.017284144,0.059098393,0.03939009,-0.0064306445,-0.0941731,-0.011316307,-0.006312313,-0.08309118,0.093145385,0.095405206,-0.07168465,-0.03780686,-0.09376433,-0.019941809,0.07043022,0.09422639,-0.07572595,0.074930914,0.011157243,-0.0661429,0.08998344,0.016674886,0.08277889,0.0022718334,-0.055188756,-0.019551776,0.014072377,0.050380323,-0.08263441,0.04057162,0.01685276,-0.07287753,-0.0032356256,-0.028951101,-0.0046648975
-0.055561714,0.042207606,-0.008531065,0.07326433,0.07530721,0.045972813,0.017381312,0.09546389,0.033394974,-0.08644455,-0.026178464,0.061082117,0.028059807,-0.0052955816,0.045585964,-0.02632258,0.08739869,0.08786545,-0.044873137,0.030582711,0.05130408,-0.02933616,-0.058551285,0.07612912,0.093812026,-0.014758119,-0.03209264,0.06063705,0.008046441,-0.051728543,-0.06436767,-0.067347355,0.066110745,0.085570954,0.0851947,-0.077253714,-0.02042065,0.057735328,-0.0018418075,0.09478443,0.09115339,0.02517057,-0.0049686786,0.05799381,0.04713723,0.006548265,-0.0774399,-0.08725963,0.051555153,0.04674294,0.047840834,-0.08143805,0.0014454477,-0.062867835,-0.061717823,-0.006006971,0.06825612,0.04433395,-0.08323752,-0.09186341,-0.049746554,0.028574675,-0.056200698,0.07084197
0.05092654,-0.045709554,-0.050902884,0.071590245,0.045584038,0.05815891,0.018121624,0.06297797,0.06657646,-0.08835519,-0.012267133,0.029431827,0.08110306,-0.025922362,-0.05769196,0.077976264,-0.0037093812,-0.098496355,-0.072148375,-0.087758005,-0.04903423,0.08044238,-0.03216345,-0.00069319067,0.054619584,0.049401138,0.009990649,0.09110503,-0.060716055,-0.0693121,0.045173217,0.029364858,0.09002081,0.013594115,-0.09353893,0.08049204,0.053330284,0.06749136,0.057766814,0.00077098736,-0.043357193,0.00087300595,0.048003446,-0.07963701,0.08326509,0.08773249,-0.05181212,0.09618045,0.011185902,0.05824785,0.00821056,-0.09339926,0.0017633339,0.047738962,-0.0030895472,-0.007502273,0.06711996,-0.030786546,0.098825246,-0.0905318,0.076448105,0.04477735,0.08941734,-0.08106575
-0.08031606,-0.013320326,0.08516647,0.003606671,-0.0926156,-0.048344277,-0.035552073,-0.005743026,0.03888796,0.082526214,-0.09560235,-0.0026326762,-0.05679512,-0.06157961,0.06767641,-0.06314618,0.09641573,0.058774035,0.025780214,0.0748916,0.056402355,-0.066669635,-0.09251839,-0.0053636734,-0.055203516,0.025100728,-0.092589706,0.0077132983,0.052938707,-0.08163902,-0.10403734,0.0011021507,0.011553946,0.09838617,-0.056345053,-0.023421245,-0.004452643,-0.008494051,0.009581775,-0.02063211,0.06270801,0.07365273,0.024984596,0.061798304,0.0010241626,0.061156165,0.057485677,0.039427415,0.044339076,0.0032346898,-0.002723459,-0.08148793,-0.013463464,-0.010864109,0.020675464,0.016020749,0.08482301,-0.08229306,-0.010484873,-0.05696724,-0.023012776,-0.06364497,-0.05493771,0.09831306
0.07704198,0.0051516946,-0.050533634,0.07112685,-0.024268067,0.074274406,0.06391477,0.011361331,-0.066633515,-0.04781023,0.088918,0.01777987,-0.03319097,-0.03743631,-0.016446799,-0.05849483,0.061060477,0.015643585,-0.062301937,0.03849104,0.039074972,0.0732123,-0.07488211,-0.09306932,0.07370152,0.09511177,-0.0064294557,0.0020583926,-0.033372357,0.0005145328,-0.009645271,0.04027229,0.001850262,0.060152948,-0.0900342,0.06750443,0.067038834,-0.047645267,0.06704946,-0.0070452117,-0.06759601,-0.0749324,0.080727555,-0.06154238,-0.040128037,-0.06981016,0.06964892,-0.007816602,-0.0652019,-0.05788953,-0.007006903,0.042608906,-0.021484766,0.059936076,0.023953022,-0.073001355,0.0138707245,0.05982419,-0.06729142,-0.09153142,-0.009930786,0.088993445,0.08047837,0.04349927
-0.041859612,0.08037771,0.09668882,-0.07478577,0.05317288,0.012333022,0.0023444225,-0.07507828,-0.060144123,-0.009374521,-0.052191857,0.09737926,-0.01240226,-0.06043256,-0.07558757,0.083000265,0.061709426,0.069571935,-0.07542982,0.07405305,0.026317496,-0.072609715,0.007794939,0.065203376,-0.05700756,-0.02040896,0.076876216,-0.058897533,0.07166071,-0.021640517,-0.08068768,-0.0025182252,-0.030508969,0.08129879,-0.04510313,-0.09566611,0.0068110237,-0.09754575,0.049622633,-0.077856116,0.075935274,-0.05409432,-0.060423996,0.09433272,-0.07258916,-0.03462847,-0.04272033,-0.07471073,-0.045673456,0.05958945,-0.09985241,0.014551331,0.029270848,-0.086991616,0.07682716,-0.09555184,-0.032159496,-0.006819985,-0.005945325,-0.051682748,-0.032824714,-0.021604404,-0.06122128,0.028614048
0.03307302,0.0030752376,-0.058407944,-0.0023896142,0.10047453,-0.011513131,0.021127015,-0.072235316,-0.07080251,-0.06317975,-0.08843434,0.054622285,-0.0029847028,0.061381612,-0.0030233948,-0.015630225,-0.051540878,0.07149666,-0.009656768,-0.10257526,-0.08948768,-0.046192553,-0.017428964,-0.082498915,0.070321955,0.046223953,0.018529234,-0.06065557,-0.022063827,-0.06312448,-0.07477862,0.080648735,-0.09515985,0.09068668,-0.09779343,0.07781004,0.108066484,-0.07331462,0.08609133,-0.060322527,0.004643789,0.095045835,0.011862359,-0.03335438,-0.0033252046,-0.052701842,-0.052801024,-0.06431877,0.06559167,-0.06003754,-0.0639644,0.010950361,0.007374262,0.05677435,-0.008442511,-0.08250175,0.08497567,0.057294633,-0.06236753,0.06602245,0.08112996,-0.06485171,-0.06777171,-0.06647769
-0.06407608,0.058632456,0.019865746,-0.06263137,-0.065728314,0.09981636,-0.058678675,0.08920271,0.040224217,-0.058190025,-0.07542402,0.10091173,-0.009109869,0.066882744,0.034341693,-0.03641198,-0.09459872,-0.06726417,0.06467874,0.098479226,0.07440915,-0.09263688,-0.06881442,0.094641626,-0.06211368,-0.08533608,0.08312244,0.06624396,0.043975923,-0.05004851,0.0371045,0.06950155,0.09187349,0.00090083637,-0.09365363,0.026126683,-0.08848134,-0.0616993,0.016281907,0.089337476,-0.07997882,-0.08895834,-0.05889268,-0.036988933,-0.087949745,-0.10188103,0.10284802,-0.0037079793,0.087337956,-0.08241738,-0.045529496,0.010166716,-0.0050852876,0.048939534,-0.06497067,-0.08181055,-0.08158552,-0.083327174,0.07739781,-0.09026441,0.09200087,0.080715515,0.013048871,-0.092934825
0.078236476,-0.09769398,0.073877275,0.05482339,0.0074734595,-0.07952272,-0.01012699,0.011247504,0.08327728,-0.039582167,0.022591006,-0.07551622,0.087273635,0.0069927806,-0.07767951,-0.0018832915,-0.046683416,0.003390539,0.021294974,-0.010059155,-0.016897114,0.0864317,0.05922805,-0.09674948,-0.03622759,0.07759166,-0.06567894,0.0023115354,0.090253405,0.055032052,0.012038383,0.011804629,0.06253671,-0.09331713,-0.029870922,0.03137064,-0.10361463,0.09733043,-0.0020674153,-0.06452237,0.027321523,-0.053474657,-0.013123895,-0.07046878,0.04006467,-0.030288124,0.06057196,-0.0026819159,0.025531864,-0.07638826,-0.059118878,-0.016315585,0.032859243,0.08939293,0.03679669,-0.0012621634,0.06530514,-0.060575742,0.08619595,0.07911081,0.09408531,-0.11182121,0.018798169,-0.108208425
-0.08028038,0.054386634,-0.08941929,-0.038015846,-0.00070805923,0.014627506,-0.0027828843,-0.070414394,0.09644103,0.019441916,-0.028410234,0.014346338,0.07722984,-0.065707386,-0.00800766,0.083836704,0.015078153,-0.096695065,-0.06733954,-0.048543576,-0.0013198778,0.0023126602,0.075449035,0.07145756,0.077843495,-0.09171638,0.013199719,-0.0022542207,0.106619634,0.010972974,0.05014057,-0.04253027,0.08644376,0.09096374,-0.00018962105,0.0626696,-0.0025747593,0.06842672,0.010452071,0.08171895,-0.08745375,-0.0898039,0.050549213,0.07141059,-0.007901702,0.08420824,-0.09623484,-0.08354218,-0.010460554,0.099034235,-0.08782271,-0.006167836,-0.06780266,-0.039743103,-0.034207653,-0.013805064,-0.024014851,-0.009444399,-0.0467189,-0.09972793,0.07875626,0.003820124,0.0567421,0.06294261
0.069747984,0.090700164,0.06264792,0.06530333,-0.07023473,-0.099233806,-0.050026122,-0.063296534,-0.055412035,-0.012251798,0.0096170595,-0.08711995,-0.09113477,0.04082116,0.02774614,-0.09344811,-0.07870294,-0.06886201,0.008794647,0.003502324,-0.033521138,0.005843845,-0.059836164,0.00052927306,0.01034576,0.09004305,0.05757908,-0.010183309,-0.059305467,-0.08692692,-0.031979937,0.0769954,0.034795895,0.09330214,-0.015307809,-0.0025872549,0.05203278,-0.014915622,0.03616124,-0.029292133,0.044601366,-0.07306603,-0.07139709,-0.09208845,-0.0890354,0.05382743,0.0823899,0.06838111,-0.08720093,-0.06494295,-0.001610564,-0.030691309,0.050361745,0.0026301476,-0.07928386,0.019818246,-0.0023805795,0.010084629,0.08137157,-0.082778424,0.060973246,-0.012984446,0.08545336,0.056657385
0.06114071,-0.0085145505,-0.028244616,-0.07181871,0.015130295,0.08683782,-0.038606685,0.053899076,-0.09852124,-0.026473396,-0.02035119,0.09353542,-0.06254305,0.06713663,0.04599499,-0.0934387,0.050530024,-0.04487932,0.011130435,-0.060025286,-0.096538216,-0.021693537,-0.10518456,-0.057160012,0.056357,-0.00503996,0.0072951405,-0.023099491,-0.030190347,0.077134654,-0.07749623,0.05975523,-0.021564681,-0.049006186,0.06280801,0.07995761,0.052732345,-0.0034920769,0.0027119038,0.0008521919,0.107651815,-0.046582468,-0.0017407417,0.08726678,0.0699933,-0.003957052,-0.052745383,-0.013562552,-0.089157075,-0.031651806,0.001958678,0.006003152,-0.08839099,0.09748045,0.00069100043,0.08038595,0.106884256,-0.014399416,0.079676434,-0.07427365,-0.0031256366,0.040052727,-0.09009095,0.072857656
-0.08504237,-0.061623774,-0.07311214,0.0016721502,0.07140824,-0.056359384,0.043684397,-0.08685672,0.03268847,0.07051644,-0.088877216,0.004385366,-0.04215755,0.07888826,-0.034664758,-0.08309697,-0.054456346,0.06775258,-0.088515826,-0.08502886,-0.005764212,0.042345017,0.10534809,-0.07688329,0.060039967,-0.08259763,-0.007124213,-0.012385388,-0.057143375,-0.08717095,-0.07878574,-0.048439234,-0.04209247,-0.07725094,-0.07502536,0.0048982315,-0.07132078,-0.07939633,0.00023564181,0.07559918,-0.0105445,0.02739521,0.097592175,0.0678364,-0.071046785,0.0319876,0.09660632,0.009570491,-0.044563893,0.0873102,-0.081455424,-0.011070976,0.07275073,0.03171228,-0.010279696,-0.07197008,-0.067872904,0.08919926,-0.0911774,-0.01345374,0.084002115,-0.06258885,-0.08151455,0.0962682
0.06468975,-0.00615685,-0.09774794,-0.0022012282,-0.018782446,0.08102857,-0.057831682,-0.06393662,-0.05110703,0.06180459,0.010757884,-0.09505344,-0.023962962,-0.03318275,-0.06374823,-0.08515727,0.036898177,0.05314385,0.019297363,-0.062636554,-0.08325054,0.049926016,-0.09414537,0.012811024,-0.10027759,-0.07623186,-0.06566531,-0.069810696,0.05711436,0.06983189,-0.003454924,0.0025692317,0.033708166,-0.10196985,0.02608546,-0.08135925,-0.08057983,0.075151324,-0.09494387,0.022433687,-0.05775298,-0.064355224,-0.0050943927,0.08891501,-0.08108162,-0.06111696,0.020920908,0.04561303,-0.08801168,-0.08193138,-0.025161695,-0.04475772,0.068870895,-0.059790943,0.06418763,0.01806558,0.043157414,-0.047936834,-0.07171673,0.037170123,-0.093191996,0.04004087,-0.070097506,0.0847398
-0.058730073,-0.004008989,0.08450383,-0.0052227415,-0.060946282,-0.047662936,0.013617255,0.08341808,-0.09925354,-0.08879861,-0.0050416803,0.08381497,-0.036037557,0.09706684,0.00683984,-0.08944956,-0.02152769,0.087230235,-0.03731387,-0.09036998,-0.041753292,-0.09286535,-0.0824949,-0.092942566,0.014959196,-0.06763797,-0.085831724,-0.08351538,0.007898756,0.015366423,-0.053520385,-0.078589305,-0.044583756,-0.08058959,0.091269344,0.009896886,0.07899713,-0.08012173,-0.094853476,-0.07050872,0.07028724,0.09586633,-0.033091024,0.012978169,0.010877711,0.072196424,0.056836706,0.09228578,0.016512586,-0.07752699,0.056330856,0.0099272365,-0.0048818034,0.046424948,-0.087753944,0.04774737,-0.015550037,-0.07153886,-0.06665397,0.07785907,-0.075889826,-0.010724125,-0.06405855,-0.055290326
0.012743305,0.03740935,0.08899259,0.07767867,0.093152806,-0.08451652,-0.005015382,-0.012379993,0.024408901,0.06014309,0.06594155,-0.09333124,0.06802523,-0.055794526,-0.042417623,-0.0058548045,-0.080426335,-0.02901245,0.023642732,-0.04362814,0.06990554,0.053432766,-0.008029139,0.050217517,0.059469536,0.061366647,-0.056990623,-0.06854213,0.010239865,-0.064041704,0.045208707,0.09790708,0.07318445,0.067840554,0.10708198,-0.07339617,-0.035097316,-0.056677304,0.08565822,-0.09339315,-0.090214215,-0.007938419,-0.00030040802,0.050046034,0.07588695,-0.06790246,-0.090502836,-0.06363099,-0.048967317,0.09833918,-0.0034635817,-0.069572076,0.032673396,0.031207703,-0.055185944,-0.05664528,-0.085262455,-0.033644255,-0.076247826,-0.077043094,0.072678626,-0.058674745,-0.077381,-0.041539077
-0.021261005,-0.07610185,0.07589398,0.051892255,-0.0015263549,-0.0034961249,0.0031694118,-0.06836804,0.05368492,0.06204011,0.01752002,0.02293534,0.08196654,-0.028690144,0.07837005,-0.022992598,0.008273256,-0.02839169,-0.07616019,-0.009177549,-0.010816954,0.0301791,-0.022775294,0.03707536,0.06878999,-0.021143172,0.004107036,-0.039054986,0.0028850657,0.065035254,0.014561889,0.058705598,0.03532577,-0.01004354,0.0684526,-0.07303933,0.0016297247,0.0523024,-0.0074178935,-0.06097962,-0.062436912,-0.024170415,0.0001255619,-0.0021249694,0.0042378483,-0.038185373,-0.04984236,-0.019792106,-0.02822976,0.08550015,0.019644495,0.009294285,-0.07109698,-0.034645345,0.009729169,-0.048922785,0.02033806,-0.07056676,-0.033578794,-0.048416216,-0.066608965,0.057274107,0.032068048,0.015303278
-0.021352073,-0.05903874,0.04567282,-0.010247467,-0.010480992,-0.059712328,-0.034855735,0.023552895,-0.030424163,0.09355595,-0.03272314,-0.06809628,-0.012520438,-0.014179887,-0.06360271,0.010897574,-0.056905378,-0.040920652,-0.0019099278,-0.0789814,0.057757758,0.06579623,-0.06906656,0.025838414,-0.06238845,0.06628891,-0.03047576,-0.039611645,0.046855737,-0.035165813,-0.0961383,0.080159076,-0.08785819,0.050688643,-0.081207044,-0.086736366,0.079564855,-0.028037593,0.06905306,0.08323752,0.024069518,-0.088149644,0.024373116,0.050038163,0.008201451,0.041778676,0.06370406,0.09589301,-0.033220947,0.010198999,0.09199566,0.097457826,-0.00418282,-0.035933405,0.08524159,-0.07851158,0.05965665,0.09659512,-0.07140838,0.030832054,-0.00048685237,-0.04406708,-0.075702354,-0.06345036
-0.10016517,-0.0031609032,-0.07628194,-0.050779138,-0.048607305,0.014601241,0.007833214,-0.0943798,-0.07873908,-0.011383842,0.09749001,-0.051609535,0.07620395,0.05434851,-0.00032865693,0.089744546,0.025648514,-0.05681121,-0.07245191,-0.019994913,-0.055048443,0.0657929,0.075996876,0.068675414,-0.048938543,-0.10777319,0.0075341077,0.033009455,-0.09940906,-0.035967927,0.07038564,0.080071636,0.07776593,0.01891431,-0.09037712,0.081632756,0.0045166984,0.0049372637,0.0530335,-0.043255165,-0.046391033,0.08907349,-0.0023770207,0.08569996,0.096920736,-0.06054626,0.011059247,-0.051813904,0.05810415,0.016796088,0.040600568,0.054533847,0.052949537,-0.047861636,0.077543505,-0.03652276,0.03477384,-0.022883745,-0.099961944,-0.07733607,0.0009521631,0.00062631373,0.01064271,-0.094103865
-0.019349635,0.059568424,0.0094128065,0.026837733,-0.07052265,0.019052548,0.011545449,0.07211558,0.059784617,0.09106237,0.04739885,-0.10942606,0.06554832,-0.07675445,0.014463191,-0.091977775,0.08088998,-0.065038994,-0.02487513,-0.07909682,-0.07248522,-0.1011012,-0.039802108,-0.07450833,-0.027201863,-0.017603306,-0.08970524,-0.06771419,-0.007427914,-0.092054114,-0.025050618,0.06760453,-0.086726725,0.081293136,-0.069110386,-0.055065133,0.09441039,0.002531153,-0.05689297,-0.09792907,0.07496202,0.007579742,0.01170638,0.04772727,0.09631959,-0.08280861,-0.066265926,-0.07631133,0.00039480883,0.05497939,-0.04497293,0.009528354,-0.08158559,0.053302847,-0.063924626,0.034523558,-0.008481629,0.008746024,0.022303486,0.061862092,-0.06650781,-0.08117014,0.046230644,0.010294044
0.02759853,-0.009720815,0.024576146,0.018702742,-0.054266516,-0.0721929,0.022671238,0.055438556,-0.0012508036,-0.051713645,0.050310485,0.01638959,0.042161312,0.06726276,0.059098985,0.080462806,0.0017658375,-0.05541591,0.008731,-0.005179848,0.08543429,0.0521484,0.038119186,0.045961823,-0.024085067,0.07466876,0.002326189,-0.016367774,0.017913695,0.031592533,-0.0067215757,0.09493453,0.014758137,-0.044249307,-0.07377613,-0.0019289516,0.054491248,0.06258446,-0.06270481,-0.06403391,-0.069690295,-0.0057200883,-0.08425839,-0.037344977,-0.061476678,0.04909201,-0.08545238,-0.006544923,-0.020436702,0.101684324,-0.03330354,0.07715524,-0.04087446,-0.0021441884,0.009687188,0.08216741,-0.06066513,0.109321535,0.074989736,0.0113552995,0.020803021,0.05119902,0.0004148214,0.021999242
0.10060262,-0.091764934,0.07349581,0.10709178,-0.06916267,0.07945026,0.021283016,0.06717294,0.045486398,0.07734052,-0.07241393,0.03840568,0.012373569,0.096085526,0.070520364,-0.064128004,-0.06276975,0.03539721,0.021418046,-0.002350768,-0.05448988,-0.08934369,-0.056679856,0.033532884,-0.059814334,-0.061964605,-0.012645826,0.007848551,0.09889983,0.013137168,0.010474778,0.07584624,0.0666387,0.08297905,-0.0032446296,0.04665353,-0.06360854,-0.09673414,0.06790462,0.044217005,0.07514355,-0.083934546,0.09192177,-0.08389317,-0.07955483,0.0141966855,-0.043863658,0.06156822,-0.077591985,-0.014950732,0.03940735,-0.037021663,-0.08503529,0.06704704,-0.0661516,0.07787972,0.06636529,-0.010788503,0.08741162,-0.009427722,-0.075057104,-0.029655548,0.0055323746,0.08414679
0.06917508,-0.084300645,0.08289526,-0.07492001,0.09321149,0.00961464,0.014396497,-0.039862327,0.033623576,-0.06787611,-0.06477138,0.024654811,0.019317906,-0.0029044696,0.07601947,0.019665565,-0.033692144,0.06445096,-0.015467762,-0.08016158,0.030342072,0.09369991,0.076919094,-0.020670108,-0.0047952887,0.07546514,0.092722036,-0.05559429,0.018391924,-0.052079074,-0.08050913,0.102958195,0.08228583,0.048920862,-0.046595592,0.005515527,-0.019691443,0.10481937,-0.051293854,-0.051797677,0.09497808,-0.07292501,0.09558365,0.09487485,0.08543018,0.010690589,-0.023511732,0.02614943,-0.0034982315,-0.050027188,0.0404904,0.09514682,-0.023245733,-0.07998396,-0.09438347,0.049766224,-0.084242865,0.076550804,-0.018378198,-0.0051640184,0.010058278,-0.057411086,0.08462974,0.04413577
0.06010709,0.07731761,0.08829524,0.08627194,-0.0005062909,0.016087558,0.012315371,0.085969955,0.09803566,0.09445919,0.008810206,0.07799946,-0.0009878627,0.005102804,0.041516148,-0.050152175,-0.047138188,-0.0401483,-0.019395316,0.030075237,0.005228266,0.08575783,-0.001039177,-0.0861612,0.010283302,-0.08653398,0.0122663565,0.06893178,0.050764903,-0.06438717,0.005095731,-0.054256797,-0.030859133,0.096905306,-0.044176713,0.08885587,0.03345274,-0.0676954,0.09332059,-0.0043920144,-0.06769229,0.055813976,0.08774357,0.027081456,-0.096747376,-0.058570083,0.035802603,0.103624165,0.013681016,-0.08205226,-0.069813564,-0.08410597,0.062950194,-0.025119767,-0.019943008,-0.05536835,0.049276635,-0.09799989,0.08211319,0.009312242,0.074375495,0.06015242,-0.0339159,0.05472182
0.06084378,0.03322726,0.060384426,-0.07743633,-0.01687494,-0.050493456,0.048542485,-0.080890045,0.047176357,-0.018229146,0.047327146,-0.05296491,0.03585976,0.029865578,0.09674921,0.08848162,0.03877508,0.07730502,6.420187e-05,-0.10198389,-0.03419118,0.06033104,-0.020346062,0.03723432,0.00012128538,0.09818942,-0.08378893,0.06310075,-0.07450561,0.0034570873,-0.06559739,-0.0803623,-0.08319443,0.0024698435,-0.0076521495,3.796049e-05,0.09562864,-0.024646819,0.107091166,-0.07449011,-0.0008881045,-0.0837186,-0.05572242,0.053133316,0.03979656,-0.09803853,-0.07371449,0.018426647,0.008375634,0.02581188,0.029431807,-0.015382386,0.07217026,-0.017130025,-0.062305063,0.09128242,0.09343256,-0.07638573,-0.008154752,0.097745195,-0.049801264,0.09658504,-0.095291585,-0.09455189
-0.039772816,-0.016655106,0.08362701,-0.09601659,-0.087718956,-0.00010806743,0.022300258,0.016079236,-0.065934576,0.003742099,0.00020754212,0.09696758,0.090757884,-0.0604071,-0.08011834,-0.041412715,-0.08195871,0.018487709,-0.056007978,0.056989633,0.08597023,-0.006854885,0.0071967933,-0.0936505,0.06639975,0.09465927,-0.038019862,-0.050318602,0.07340625,0.09656372,-0.066757806,-0.08369515,-0.03144919,0.07799126,0.04937135,0.020794002,-0.06766407,-0.08795043,-0.095978506,0.016736565,0.09395259,0.06223731,0.07417705,0.05171581,-0.07387882,0.10606567,-0.05901977,-0.026010819,0.06597742,-0.09287727,-0.062121414,0.024127092,0.08787077,0.046485238,0.002902925,0.03653816,-0.09253928,0.07845448,0.094662786,0.09123779,0.052227397,0.07928559,0.027455948,-0.058668688
-0.0025991292,0.0789449,-0.03106304,-0.028096214,-0.054782193,0.0036191617,0.035120204,0.09663729,-0.10801928,0.055531092,0.08278301,0.0853036,-0.033577528,0.08321637,-0.0006196472,0.053807817,-0.03276992,-0.05682119,0.08609476,-0.00101692,-0.05965308,0.051134005,0.08747613,-0.07979587,0.008568684,-0.055737503,-0.013489886,0.016036192,-0.047586568,0.056754082,0.080144696,0.062408708,0.07744461,-0.09908491,0.003081467,-0.0054649552,0.008489225,0.09871565,-0.060546637,-0.064068064,0.0009546063,-0.06874174,-0.06663532,0.09089153,-0.026865583,-0.10127122,-0.08252092,0.012845384,0.025354221,-0.08825851,-0.020463822,0.06310307,-0.0005849943,0.067763865,0.057969213,-0.01992782,0.042918235,0.07780194,-0.07529073,-0.052840877,-0.004093852,0.07650811,0.09433915,0.055340156
-0.04968618,-0.040556632,0.012460359,0.076707765,0.065340795,0.06510822,0.04461736,0.039680738,-0.05677348,0.00095647277,-0.005825627,0.04959968,-0.015177748,0.022027055,-0.00070474844,-0.004784634,0.05339746,0.040107135,0.059368383,-0.06283829,0.006329478,0.008437697,-0.056618765,-0.025216494,0.05926228,-0.020130962,0.027480915,-0.05381002,-0.082201466,0.04421757,-0.09115696,-0.012386278,0.01638144,0.013214787,0.07794449,0.013563228,0.02725737,0.027936177,0.046878293,-0.024401046,0.05042711,-0.046121746,-0.024780529,0.031579748,-0.033615626,0.08321005,-0.027640186,0.05179418,-0.07899633,0.05170587,-0.004598845,0.014560257,0.040657207,0.003927794,-0.08456521,-0.06764376,0.06175715,-0.033832125,-0.029650116,-0.021303257,-0.016550679,0.02885547,0.005000608,-0.053329844
-0.0496138,0.05706341,-0.02141597,-0.09042858,0.028383244,-0.08699513,-0.05569503,-0.042383686,-0.015343017,0.10142944,0.100374795,-0.07965641,0.084219635,0.084511265,-0.09414677,-0.04313771,0.09062325,-0.046047315,0.050855696,-0.081908226,0.05494826,0.041414153,0.05471276,0.07908821,-0.04079408,0.04574919,0.0738254,0.09070173,0.07883291,-8.794923e-05,0.010695583,-0.082476735,-0.0038388064,0.012954659,0.056869604,0.053279176,-0.066916615,0.07250893,-0.049547352,-0.0454473,0.043148912,-0.019841949,-0.047445774,-0.04971146,-0.062289186,-0.07456609,0.008255126,0.06985773,-0.010052328,-0.06287186,-0.08623883,-0.003309885,0.00065162784,0.0874275,-0.0011079327,-0.015569007,0.074194595,-0.08812949,-0.008798419,0.047275744,0.07972953,-0.012219029,-0.0124062905,-0.035169315
-0.0065976116,-0.08710052,-0.007438061,0.07486107,0.065244645,0.040553987,0.071379185,0.04640639,0.008645314,0.006772776,-0.053850513,-0.06130966,-0.079865396,-0.009208904,-0.07919818,-0.09162154,-0.014794971,-0.09625449,-0.032241136,0.060919795,-0.08878517,0.036844734,0.026070848,-0.09944033,0.110257916,-0.0646645,-0.0807041,-0.0041226097,-0.060287066,-0.04989493,0.07212976,0.043466587,0.043295037,-0.09365535,0.019663375,0.013139459,-0.102346376,-0.013856951,-0.06579482,0.059944298,-0.0782258,0.09529871,-0.007350309,-0.08533022,-0.01748803,-0.030059623,-0.028849358,-0.0035844515,-0.037453827,-0.07255905,0.071163155,-0.09694504,0.0005777754,-0.04619542,0.07767407,-0.09774954,-0.07873483,0.042043913,0.08392542,-0.004441096,0.08363166,-0.019054545,0.09688005,-0.07538609
-0.025192194,-0.034454394,-0.09456577,-0.014127069,0.08805015,-0.056911167,0.06485978,0.032618187,-0.09390807,0.01465742,0.082489096,-0.051694546,-0.10016778,0.03824615,-0.095758,0.0612453,-0.08639477,0.07525019,0.050271984,0.03992729,-0.086710066,0.03717771,-0.080513366,-0.0070617776,0.044345155,0.07876309,0.07907882,0.07655477,0.100884065,0.023838386,0.076602004,-0.0755897,-0.08418194,-0.08173422,0.0412268,0.06219868,0.035061844,0.066264845,-0.06404697,0.037514023,-0.066680565,0.023625009,0.09261958,0.034671806,0.05580209,0.0047729337,0.09357447,-0.083888456,-0.03032358,0.022144848,0.019010674,0.08263182,-0.04832551,0.056945305,0.08223706,0.09836837,0.057155214,0.05586106,-0.009125558,0.06694466,-0.019432046,-0.08851239,0.0992331,-0.06826629
-0.016915279,-0.08464273,0.0038262594,0.061421525,-0.004437783,0.06543118,0.056901686,0.08929274,0.008749996,-0.013019834,-0.06295525,0.024162393,-0.06016309,-0.025234781,-0.044649117,-0.094348855,-0.08470953,0.06670873,-0.053800404,0.06909398,-0.085546106,-0.01372155,-0.09937776,-0.095207274,0.019632572,-0.0722672,0.074029334,-0.0032793654,-0.057717167,-0.097076416,-0.08891815,-0.09192608,-0.009732017,-0.016781878,0.059036154,0.014888034,-0.055914477,-0.068533905,-0.06351671,-0.034227613,-0.055441454,0.1022755,0.017214408,0.055283755,0.029894996,0.09337245,-0.06306656,-0.054354634,-0.086645804,0.054660454,0.06841225,-0.037560645,0.01735234,-0.043002404,-0.06490653,0.07117551,-0.028451065,0.008559039,0.076865494,0.093825564,-0.06985991,0.062827855,0.04567064,-0.067170925
-0.07122008,0.0949332,0.032075044,-0.0980738,0.031520747,-0.09230251,-0.012354741,-0.00080436474,0.035683937,0.06769955,-0.09440277,-0.074511796,-0.021300193,-0.042174242,-0.09778473,0.09131868,-0.07646329,0.024264066,0.053389713,0.07623416,-0.042468477,-0.06913283,-0.012235259,0.016679337,0.09451028,0.0035272497,0.07487259,0.0057913843,-0.026257357,-0.006174456,-0.068998516,0.065012194,-0.09017462,0.04772067,-0.010396784,0.077512905,-0.03219761,-0.030290378,-0.024199437,0.09867862,0.03541346,-0.0836549,0.033693448,-0.08980201,0.08049541,-0.036906224,0.08550564,-0.03679631,0.094470836,-0.09107685,0.0067696683,0.09517609,0.042696442,0.08165228,-0.07712883,0.06858907,-0.004140929,-0.005183531,-0.04586711,0.09315848,-0.099001236,0.07959166,0.07132164,-0.1007298
-0.00040539482,0.0103480285,-0.039177533,0.09940287,-0.007260286,0.010888928,-0.0145051535,0.062391415,-0.08063367,-0.0158005,-0.07799962,-0.085797854,-0.08260189,0.017355582,-0.034490373,0.06256157,-0.004187414,0.03542629,-0.088377155,0.05536624,0.05098954,0.013519208,0.060851835,0.08042513,-0.07362514,0.02700441,-0.03214758,-0.040522788,0.0273624,0.04960645,-0.04607168,-0.027993519,0.081594504,-0.05151583,0.08767704,0.005595396,0.015240976,-0.0007134451,-0.09325475,-0.011101525,0.058602225,-0.09386565,0.05583151,0.048603117,-0.09944508,0.003761438,-0.013183904,0.0220534,0.058669396,0.05036318,-0.08402457,-0.007235723,0.012812816,-0.0024335857,-0.07150157,-0.036231145,-0.074317046,0.08095295,-0.009960114,0.07619108,0.045486435,0.05143942,0.021091292,0.06916014
-0.0022732983,-0.09406673,-0.09429812,-0.082246564,0.06299726,-0.016503476,-0.09184776,0.0767152,-0.07452842,-0.068476796,-0.022738498,-0.037207365,0.09089067,0.07903747,0.08648425,-0.0050653517,-0.020672858,-0.105620936,0.004359997,-0.06761339,0.0017152894,0.07567847,-0.09268509,-0.06029226,-0.05844297,-0.08663656,-0.008558981,-0.0852965,-0.0070827864,0.065509304,0.09298626,0.068002604,0.028645454,0.090643264,0.010719105,0.08581041,0.06534272,0.08340647,-0.0004656478,0.06462923,0.024547702,0.015373349,-0.05835525,0.014898603,0.015977398,0.004645974,-0.06424836,-0.019951103,-0.08040969,0.0058934256,-0.10144812,0.06411221,-0.090490416,-0.07455013,0.08345484,-0.08531244,-0.04685303,0.015544142,-0.07445721,0.01478521,-0.07545643,0.086082846,-0.09612714,0.07991403
0.0070599383,-0.0939593,-0.0092536975,0.07397393,-0.077316776,-0.080464795,-0.065389715,0.03976598,0.07250806,0.07949913,-0.08407268,-0.030109936,0.057402335,0.06344599,-0.015613005,0.0032766997,-0.109533526,-0.03386672,-0.017358163,-0.054847296,0.005792447,0.07682817,0.09102179,-0.053567525,0.03256549,0.0058566686,-0.003095421,0.02019548,-0.10129741,-0.026997741,-0.050154593,0.0734812,-0.042001273,-0.074645326,-0.04208652,-0.07091885,0.007504804,0.004448102,0.085325696,-0.07355622,0.037332308,0.02637781,0.080354206,-0.09686001,-0.07976251,0.05435488,0.084349684,0.020625228,-0.009966808,0.000666643,0.068952225,-0.09795548,0.030309416,0.03289238,0.006435449,-0.013329454,0.09110254,-0.0037031008,-0.0027229548,0.0031566413,0.05520916,0.070224985,-0.09461452,-0.034045845
0.065453544,0.004531609,0.046719566,-0.04888904,-0.054584242,-0.015868623,0.083387844,-0.0013383316,-0.06847975,0.08896552,0.06349484,-0.0074861594,-0.045517355,-0.0903359,0.03211253,0.025806837,0.08850433,-0.008124564,-0.0045209182,0.07409217,-0.007044234,0.0402031,-0.029411819,-0.033538576,-0.085997075,0.0923782,0.017000431,0.026003858,-0.048937567,0.049913976,-0.080758095,0.06473187,-0.073491335,-0.040438615,0.009411889,-0.093444675,0.0006325979,0.0502318,-0.005028256,-0.06782579,0.063931406,-0.073261544,0.05374356,0.0047657876,0.05631734,0.008091401,-0.0031245262,-0.059138276,-0.094996564,-0.079689234,0.0041525313,0.05959895,0.048596628,0.055852804,0.0011199783,-0.037089165,0.09014006,0.0147085255,-0.06417279,-0.051190004,0.0032939722,-0.08191901,-0.07265896,0.018131144
0.013080548,0.001708855,-0.005105239,0.021953395,-0.0619199,-0.023779826,0.06401768,-0.06954939,0.01296539,0.018550884,0.04648958,-0.030288968,-0.02945716,-0.009705399,-0.014496268,-0.026740458,0.041369606,-0.03813511,-0.046199635,-0.055035427,0.030939538,-0.05130312,0.096111774,-0.07360234,-0.0139211295,-0.09301826,0.020855602,0.05238936,0.031533998,-0.009916969,0.044426408,-0.02181815,0.055384845,0.06812586,-0.041314505,-0.0043466426,0.053267688,0.041809663,-0.01217109,-0.07993913,-0.06853792,0.072966866,0.015578153,0.08145516,0.04055291,-0.059633877,0.03409852,0.06994402,-0.059502073,0.08148701,0.030049352,0.029331451,0.059478562,0.0131281875,0.005559196,0.005833694,-0.021957953,-0.063914664,0.073438704,0.03425596,-0.06224032,0.0011091158,-0.0047343927,-0.01919134
-0.027217032,0.02252128,0.053258803,0.08830346,-0.06183189,0.04942417,0.014154311,-0.04672052,-0.08881748,0.06811045,0.054123428,0.090718016,0.059735477,0.0132439295,-0.06873171,0.04690228,0.08167843,-0.056378596,0.011288277,-0.06147608,-0.052297704,0.075025,-0.032550216,-0.057129793,-0.061418507,0.039141074,-0.056500807,0.01231906,-0.004595846,-0.04920064,-0.0639754,0.0757961,0.079770885,0.0073119937,-0.06734207,-0.00020383604,0.018197037,-0.011862188,0.05320506,-0.033759173,0.011974016,-0.061016463,0.015279,0.05530154,0.006812858,0.0692513,-0.06763781,-0.02698084,0.038647544,0.06786006,0.020861724,-0.009327497,-0.01384515,-0.050145958,0.07692092,-0.053281616,-0.071053036,-0.044685002,-0.011976207,0.05569111,0.089365214,-0.032263335,-0.010944757,-0.083565235
0.022922885,0.019596793,0.0011691115,-0.086966865,0.001261303,-0.065414,0.08523686,0.021755945,0.049078334,-0.079281814,0.08832778,-0.09057636,0.019285463,-0.08835178,-0.075407,-0.051214397,0.0020273542,-0.07914609,-0.011387225,0.0007804099,0.05802894,0.03573207,0.05746154,0.010649736,0.06278492,-0.00800092,-0.047891974,-0.016739566,-0.008098098,0.07463113,0.06854208,-0.047034044,-0.06381194,0.077585295,0.056342285,-0.00893014,-0.09172152,-0.011406372,0.013184857,0.012828995,0.06245318,-0.047823712,0.06458983,-0.008673486,-0.010454079,0.008981822,0.05444779,-0.025246615,-0.07361426,0.08829464,-0.08960364,0.0068023936,-0.09520623,-0.05650692,-0.046924572,-0.035668943,0.010256205,0.03149579,0.02462577,0.07290892,0.0079387305,-0.091402106,0.023459338,0.018426802
0.00851053,0.10942049,0.0745038,-0.031557787,0.002889905,-0.080353305,0.009997291,-0.017333375,0.002990098,0.09144525,0.08203658,-0.022401806,0.061655793,0.06612124,0.05290275,0.07858387,0.07291176,0.057361778,0.074876,0.10150139,-0.053997744,0.068244606,0.10134129,-0.08881352,0.10100682,-0.03690748,0.019020883,0.060706127,-0.09363791,-0.09843589,-0.005791982,-0.028363276,0.06255709,-0.01743983,0.093452975,-0.032662086,-0.08992873,-0.019633453,0.08843088,-0.0040071257,-0.012206977,0.05706278,0.04878752,0.07199075,0.05205838,0.06919573,-0.02119589,0.10431914,0.07699781,-0.08923831,-0.0746069,-0.020611905,0.030421073,-0.05346065,-0.0010199726,0.08831281,-0.02375454,-0.076074705,0.07734916,-0.078049585,-0.059309576,0.0421526,0.07172979,-0.060050853
0.086564116,0.0368703,0.043527454,-0.07103773,0.01556228,0.007615639,-0.05762782,-0.083312996,0.012285994,-0.07240793,0.08020683,0.0796798,-0.1060486,-0.0824317,0.049856316,-0.061814073,0.09576554,-0.066185005,0.011118877,-0.06571843,-0.07185806,-0.042887833,-0.05215131,0.060006633,0.10661096,0.05024187,0.048986103,-0.051530264,0.08972954,0.029789468,0.009610712,-0.049653772,0.0012758228,-0.07155704,-0.011464442,0.0021633732,-0.02149887,0.0016923978,0.0082785385,0.066700965,-0.0711446,0.075516105,-0.01134177,0.0752308,-0.029654242,-0.061744243,-0.02182156,-0.036969196,0.08475452,0.01986552,0.060711388,0.07734312,-0.040218692,0.07670389,0.10003706,0.08847995,-0.10544642,0.095803455,0.06403344,0.0818424,-0.06482066,0.070298724,-0.101507336,0.020217178
0.01311632,0.07547218,-0.0985602,-0.043086328,-0.09267288,-0.025610164,-0.08998853,0.026512118,-0.06636819,-0.06066928,0.08641462,0.0005367468,-0.063508056,0.06458847,0.086389996,0.004790301,0.056084916,0.006163166,0.08346748,0.063842125,0.047890767,0.012028623,-0.040267684,0.09518494,-0.08231516,-0.07769791,0.020501725,-0.0114822425,0.063485526,-0.100757405,-0.0006961156,-0.015836582,-0.06975485,0.035190586,0.03704421,0.06644168,-0.0811802,0.041986294,0.0050332705,-0.07904347,-0.060041897,0.0129123675,-0.06191327,-0.07789853,-0.06670412,-0.09469648,-0.08999734,-0.011572111,0.0058323466,-0.001990238,0.04358279,-0.00789846,0.0795973,-0.01046671,0.07969626,0.0014915115,-0.06519465,-0.09075589,-0.025183057,0.025310073,-0.08931883,0.053005204,0.030024016,-0.06281371
0.08010168,-0.031437308,-0.07371284,-0.06257623,0.05581309,-0.05941003,0.012853714,0.054908495,-0.061065085,0.09017436,-0.012376872,0.08535118,0.075791694,0.08984671,0.089110054,-0.06188119,-0.05055593,-0.02053266,0.075347036,-0.066265985,-0.092991345,-0.081112765,0.052630045,0.08703204,-0.041374747,0.014328759,-0.042235047,-0.040626068,0.087275535,-0.045103826,0.07675171,0.09525267,0.056797724,-0.035556193,0.095085606,-0.07245113,0.07909919,-0.014265137,0.00749231,-0.059518367,0.06737927,-0.07894612,-0.0071312706,-0.013150438,-0.097182654,0.059984054,0.07998411,-0.09468039,0.006409642,-0.08167182,-0.06284923,-0.07642952,0.015702903,0.0144317895,0.058175948,0.05331715,0.075448185,0.0028190713,0.022130974,-0.0044967546,0.09828198,-0.061829973,-0.0343613,0.08571929
-0.050769918,-0.046647206,0.09051985,0.09260098,-0.057673223,0.07962649,0.016276473,0.058899887,-0.07493456,-0.008738184,0.07531749,-0.009842389,-0.0006088558,-0.048755508,-0.09345861,-0.07353306,-0.02568906,-0.10425613,-0.09471187,0.050749782,-0.062001336,-0.09070577,0.0726709,0.021373956,-0.09939996,-0.09061407,0.07878462,-0.035221037,-0.021462305,-0.065300666,0.05891008,-0.096686676,0.06541655,0.023093449,-0.042614453,0.06709717,-0.057185914,-0.054316953,-0.049682673,0.0986217,0.063353024,0.07628494,-0.070245005,0.004779865,0.060619246,0.062077463,-0.020643352,0.060952373,-0.0696792,-0.011291602,0.0071058483,0.0066347294,0.035013426,0.014815793,-0.019900322,0.086177655,0.01968544,0.0036711236,0.093872406,0.07031912,-0.063897446,-0.025481619,0.07161291,-0.099218875
0.03310022,-0.08411549,0.07266289,0.03776638,0.06763128,-0.0072285114,-0.068716705,-0.0074989167,-0.057601687,0.0255075,0.08406943,0.03343771,0.06280671,-0.029719593,-0.021558866,-0.04868902,0.05019506,-0.061238486,-0.03372279,-0.108600795,-0.08676352,0.07229231,0.08154917,-0.06669614,0.005703861,-0.04283855,-0.029095866,0.073968984,0.08536633,-0.0004755957,-0.0822598,-0.08292304,0.006867879,-0.059608497,-0.03128594,-0.0538689,0.064261824,0.07310707,-0.0033517638,-0.0705568,0.011779819,0.09418849,-0.016255546,-0.07756855,0.08446103,0.03840333,-0.010644707,-0.094978675,0.08776408,-0.093891405,-0.028933866,0.002824127,-0.0069461237,0.03162876,-0.06619034,0.08388568,-0.08239776,0.057924286,0.09676664,0.0045762477,-0.084747136,0.09623221,0.029372944,0.058530748
-0.02533914,0.06454945,-0.06632891,-0.052613582,0.06570243,-0.08399013,-0.054970067,-0.014518451,0.019641604,0.05222096,0.0002591713,0.08617275,-0.0948983,0.021129655,-0.012427586,0.016272057,0.09109547,-0.029315215,-0.06755783,-0.0059181903,-0.026820304,0.08140903,-0.07844847,-0.09720943,-0.035524875,0.08321854,-0.067205,0.019393714,-0.003963272,-0.003112957,0.09659872,-0.013553399,-0.10228376,-0.057268664,-0.018029094,0.023495374,0.021867784,-0.0006788954,-0.075630516,-0.09551078,0.094048634,-0.0415124,-0.08055367,0.054589037,0.007863255,0.06603657,-0.099142924,0.054929532,-0.046679974,-0.048294947,-0.065541334,-0.0786954,0.01201852,-0.10188528,0.0667512,-0.011153235,0.06725305,-0.07554019,-0.09089951,0.04552593,0.008874573,0.0008930386,0.09573493,0.0798374
0.043792717,0.08907884,-0.030944442,-0.06811243,0.0038336865,-0.055693284,-0.028162112,-0.008962679,0.051735345,0.06410285,-0.06555958,-0.07086811,0.09354063,0.026992932,-0.09174719,-0.022274125,0.07927219,-0.0037741223,0.05099427,-0.02369349,-0.06687025,-0.05658189,-0.07456608,-0.051267244,-0.013696084,0.07304138,0.06528292,0.07961123,0.077728376,-0.098061346,0.07110764,-0.070313334,-0.06970408,0.06090988,0.07644595,0.040831428,-0.08262981,-0.0039642826,0.021881199,0.092766136,-0.08098271,0.10424006,0.05732084,-0.06722027,-0.002277921,-0.009311668,0.03774183,0.067031845,0.09592699,0.014194788,-0.09129152,0.08416851,0.08686001,-0.010856573,-0.08809559,-0.024492847,0.014693726,-0.01131562,-0.010704952,-0.016941462,-0.029016001,-0.07729645,-0.09873875,-0.08234682
-0.08895483,0.012760577,0.054171443,0.086578704,-0.05121508,0.071633175,0.09352739,-0.088838644,-0.09399975,-0.0012190661,-0.07553686,0.0029893832,-0.09123735,0.02072708,0.08668757,0.048090454,-0.027076475,0.088181116,-0.009151229,-0.0644252,-0.034354042,-0.03694041,0.0077832555,0.02399029,-0.10021774,-0.06692916,-0.05149622,0.025283081,0.030928306,0.016006911,-0.036512133,0.017007908,-0.071611404,-0.08229771,0.050592165,-0.013714903,0.033080205,-0.0720861,0.02381068,-0.08464942,-0.028504424,-0.072371624,-0.07679253,0.041614026,0.02744507,0.07951558,-0.060180444,-0.09508288,-0.014550262,0.0679585,-0.10559995,0.07508668,0.06287021,-0.09495546,-0.07593303,0.0074168737,0.05811334,-0.025741689,0.011198659,0.047882657,0.00034414537,0.025226973,0.06268754,0.07674721
-0.047351994,-0.031156898,-0.03018209,0.06450115,-0.058276314,0.08183049,-0.10184598,0.04206452,0.07659071,0.05760367,0.04826329,0.054049376,-0.08364272,0.087589554,-0.0821877,-0.02885364,0.010437961,-0.0841039,0.05323528,0.015186279,-0.024659187,-0.04770006,-0.047629982,0.020829095,0.016312797,-0.068282895,0.09442976,-0.001063777,0.09494368,-0.01342486,-0.0076396996,0.0641551,-0.09158647,0.086597085,0.048931688,-0.06971132,-0.010213213,-0.08934878,-0.084815904,-0.058437914,0.08952934,-0.04785846,0.0014730042,0.005953261,-0.06656239,0.09628517,-0.04359693,-0.065521024,-0.09914808,-0.018024633,0.09872131,-0.06769268,-0.09126686,-0.10044857,-0.09652718,0.1018142,-0.054038204,0.009570213,-0.1010319,0.040815648,0.0051028766,-0.017615274,0.01323133,0.010336703
0.09351431,0.09105078,-0.09309957,-0.029076286,-0.002304219,-0.0897491,0.08103292,-0.09880264,0.07024832,0.029063396,-0.008204289,-0.10745077,0.09724519,0.029230427,-0.004109517,-0.08622338,0.093972825,0.073209524,0.096213795,-0.007900001,-0.024120066,-0.04516713,-0.09351506,0.09725688,0.05536219,-0.0657442,-0.011102278,-0.0035267414,-0.06287935,-0.05575407,0.0024716042,0.08563206,-0.027149575,-0.005636883,0.0007137635,0.084834434,-0.016621476,0.037013758,-0.057535604,-0.102651,0.06508295,0.023006812,0.052337404,0.026970854,0.07595987,0.06977404,0.09344479,0.089445285,-0.0896839,-0.0068140184,-0.087848864,0.09481947,-0.076686084,-0.060483493,0.001791041,-0.09687705,0.09631982,-0.06357759,0.015646067,-0.041906644,-0.08322472,0.05425224,-0.05140657,-0.038201973
0.08702496,0.089551285,-0.045706514,-0.082929514,-0.06782617,0.09072324,-0.06430283,-0.095021285,0.045712817,-0.058978382,0.09194296,0.061555624,-0.104884945,-0.009273764,-0.075417206,0.07466945,-0.030803818,-0.052388582,0.016716642,0.013965421,0.0750561,-0.03567953,-0.0040707383,0.07816949,-0.08723388,-4.6770925e-05,-0.040916234,0.053465635,-0.026431251,-0.011962806,0.094511524,0.063920565,-0.020257607,0.05310311,-0.0670071,0.07307983,0.056566,0.06401192,0.02027483,0.053367876,0.016798409,-0.0013943505,0.08396509,-0.081671275,0.007194945,-0.058741353,0.0042712856,0.052500196,0.06470631,-0.021785,0.006260188,-0.024941532,0.10040691,0.01296841,0.002462467,0.03735722,-0.078413375,-0.08776981,-0.076830156,-0.102025345,-0.0033815703,0.077565506,0.110721305,0.0885787
-0.024166487,0.0013821037,-0.08137437,-0.06377519,0.0952407,0.07451336,0.04624283,0.05388369,-0.06749336,-0.036429763,0.0075219255,-0.069037616,-0.07739371,-0.094768055,-0.03696545,0.054824334,0.06883587,0.007427111,-0.057682343,-0.063272215,0.08288294,0.0123234205,0.09778608,-0.022172667,0.0634801,-0.0722926,0.05118153,0.009409429,0.0053189676,0.08719945,0.09536031,0.011861575,0.07202236,0.09125888,-0.089395545,-0.051380344,0.06637057,0.010481186,0.039009135,-0.007402245,-0.101011775,-0.08236523,0.047711253,0.04756294,0.038913738,-0.05361988,0.027675373,0.08954866,0.0043759868,0.11287562,-0.07999577,0.06795512,-0.08425482,-0.09830075,0.05578897,0.011557347,-0.093748294,0.07315902,-0.04298857,0.012959198,-0.06903423,-0.08365996,-0.08343155,-0.063467674
0.012853099,-0.006555257,-0.07430976,0.076676525,0.0530175,0.07254741,-0.05796858,-0.01610236,0.033761136,0.011418415,0.046256308,0.06025894,-0.050345458,-0.008532262,-0.039924577,0.009197195,0.00040049083,-0.040909912,0.06180461,0.053972334,0.027683824,0.00738579,0.08049043,-0.012409431,-0.020927163,0.0072678104,-0.054471076,-0.0034081712,0.06252586,0.026670078,-0.044906087,-0.056110766,-0.06330195,0.06401989,-0.035216045,0.036133554,0.042443376,-0.007814422,-0.0008109626,-0.033551164,0.010501038,-0.07628479,-0.0361343,-0.040801536,0.0075642522,0.032616433,0.007523961,-0.06554729,0.012572453,0.050706845,0.008797195,-0.01893136,0.069104716,0.056566477,0.0111171575,0.057563074,-0.007767575,-0.050862554,-0.079111986,-0.028851666,0.07265252,-0.020382553,-0.07302575,-0.03230151
0.09978097,0.09179971,-0.04920405,0.04881579,0.0019051587,0.006529657,-0.083913006,0.04064198,-0.021545064,0.09973167,0.086655684,0.09584562,0.073051676,0.0024732742,0.06583499,0.0536659,-0.0054165665,-0.06975074,-0.04155331,0.066221505,-0.0010825605,-0.028664066,-0.074732736,0.035391767,0.010875858,-0.09760824,0.04876863,-0.0935556,-0.093878806,-0.06788935,-0.035302334,0.010279452,0.013648479,-0.004345119,0.06381267,0.023949904,0.012668184,0.09639902,-0.08813805,0.0498735,-0.051720276,-0.05506896,-0.045610044,0.089601554,-0.019940937,0.013798618,-0.03540554,-0.071152434,0.09903171,0.07975969,0.096764065,0.05876641,0.07563381,0.025714232,-0.07865061,-0.05579382,-0.042280667,0.058568817,-0.080788046,0.07836499,-0.10674651,-0.051110283,0.029610205,-0.058465056
0.065831356,-0.00058744627,0.08387181,0.07390493,0.087565675,0.08403461,0.007786175,0.06862429,0.0062393993,-0.022326121,-0.044249058,-0.01953728,-0.0030998602,0.070551954,0.06713857,0.039777435,-0.06688104,0.09968786,-0.014501052,0.094831355,-0.0066323243,-0.0023911519,0.090680115,-0.058873307,0.027747244,0.064855434,0.02865518,-0.030023612,-0.0009368453,-0.088144585,-0.09853797,0.004055712,0.06766373,-0.061190847,0.07735017,0.07492985,-0.04449034,-0.013398887,0.003889118,0.025281094,-0.0022882994,0.0047760243,-0.05749819,0.06800761,0.032260526,0.046515584,0.09902455,0.03589469,0.09852955,-0.030584699,0.09059876,-0.0732882,-0.0014035611,-0.058129653,-0.00020952013,0.012920806,0.062147196,-0.058429677,0.052118007,0.08679459,0.077916175,-0.07456698,-0.08247881,0.058321867
0.009091957,-0.06901513,-0.0936214,-0.07588579,-0.043134965,0.01576268,0.07718344,-0.07589174,-0.03568488,-0.022867396,0.08667246,-0.007809229,0.03520001,0.054037556,-0.016103264,-0.07998896,0.0036299464,0.0003516137,0.06477755,-0.0014641886,0.057717018,0.088287756,-0.09206266,-0.08619869,-0.0091097895,0.078788035,0.008368438,-0.05003636,0.0012142794,0.013122016,-0.07320521,0.0030261802,0.06725518,0.031262193,-0.0568586,-0.016164035,0.060470905,-0.006109661,-0.08222114,0.026671784,0.079844005,0.0032467127,-0.08166358,0.034048382,0.06392331,-0.0059530176,0.003171991,-0.052945063,-0.048928212,-0.01502161,0.03274907,-0.081069216,0.06163811,0.08104839,0.06239825,-0.0763734,-0.020981131,-0.08929173,-0.011872014,-0.020761264,-0.044595905,-0.004294671,-0.04942096,0.0048407586
0.073567316,0.07644793,-0.0066419425,0.038357265,0.05990596,0.017978292,0.054914355,0.08127142,-0.0053180624,0.061884906,0.03652246,0.07878181,-0.06776032,0.013116907,-0.018500756,0.05710516,0.064565375,-0.07662362,0.03609989,-0.07457977,0.05433319,-0.029162804,0.030798651,-0.0734567,-0.07563634,0.04692711,-0.07176561,0.06496143,0.080939166,-0.023003694,0.04966969,-0.074950255,0.008893422,0.009909362,-0.05607238,0.08589879,-0.036357377,0.0469628,0.0052606096,0.015215891,0.053960875,0.06695175,-0.0012553888,-0.034935836,-0.07600041,0.0249692,-0.07937113,-0.018661072,-0.049054824,-0.015827196,0.040475067,0.03660442,0.004772828,-0.041752078,-0.00050657615,-0.038781166,-0.0077114054,0.04073189,-0.048877407,0.010598239,-0.06662312,-0.0036645844,0.05590539,0.07053197
0.06077876,0.06525245,0.050098818,0.012286836,0.088123724,0.08919997,-0.053409167,-0.051563513,-0.0064117853,0.006066219,0.09186655,0.006724011,-0.053848032,0.071765795,-0.054416794,0.07883415,-0.056857713,-0.045013826,-0.08263257,0.014463972,0.06967661,0.053105593,-0.006737614,-0.010094794,-0.096361294,-0.009272203,-0.061100665,0.07632114,0.0743749,0.00851889,0.0026010394,-0.0436455,0.08111459,-0.066918164,0.086800836,-0.018955361,-0.094181165,-0.007491605,0.00089844543,-0.092247814,0.061691042,0.054667573,-0.033820283,0.048895113,-0.0020781804,-0.09927175,0.07948057,0.10656423,-0.07057572,0.05849039,-0.054074988,-0.06048258,-0.018669114,0.07127748,-0.025324803,0.041029837,-0.09515206,-0.070518345,0.026440715,-0.095051706,-0.07594274,-0.06255399,-0.005670301,-0.047754314
0.008776388,-0.047545843,-0.10761744,0.005647979,-0.048978537,0.054495454,0.039520446,0.007928168,-0.043709487,-0.06469975,-0.05095168,-0.061448373,0.044557363,-0.07064571,0.07893686,0.058448948,-0.05876661,0.061033215,-0.03598127,-0.071713634,0.022860486,-0.047124144,-0.05222047,0.013929158,-0.057287056,0.0098222215,0.09099981,0.08296938,0.05257484,-0.09569007,0.006727928,-0.071752764,-0.038070973,-0.08677041,-0.0029853368,0.07893859,0.035029653,-0.09121988,-0.03335117,-0.06329622,0.0074324715,0.056417137,-0.0048593683,-0.030112928,-0.073586226,0.026625853,0.051988535,-0.044026773,0.0044344636,-0.061512027,-0.027871873,-0.021248184,-0.06046444,-0.07445318,0.008416505,-0.10121687,0.025606569,0.061324142,-0.078276165,0.0054265484,-0.026772425,-0.04899551,-0.00046771375,0.017787337
-0.08015391,-0.053439572,-0.077842385,-0.0080007985,-0.020468134,-0.013612839,0.07419884,-0.031124393,0.06062697,0.011682263,-0.078307964,0.03567781,0.0078097265,0.042113394,0.08789545,0.080554664,0.04431427,-0.0043723625,-0.07173617,0.08023332,0.06425883,-0.02626139,-0.0011094139,0.096728735,-0.00985435,-0.02724235,0.00891399,0.09466573,-0.03194093,0.035189886,0.0110377455,-0.006154199,-0.057088573,0.07398432,-0.043189015,0.061758954,-0.0036294207,-0.0451945,0.042115632,-0.016450658,0.008457546,0.09648572,-0.04888585,0.071732834,-0.043846793,-0.000983,-0.010618573,0.05581425,0.012503805,0.07437932,0.07019452,-0.025726931,-0.06095441,0.045124535,0.010348314,0.058764767,0.010913789,0.04479365,-0.007106286,0.00017939697,-0.069814116,-0.053857613,0.09775466,0.07273858
-0.060106203,-0.08014384,-0.025930641,-0.09472949,0.020076621,0.059404865,-0.01878979,-0.090598844,0.052182034,-0.091513224,0.03725836,0.010320212,0.023542857,-0.052784003,-0.06894422,-0.06758284,-0.07857779,-0.08137896,0.041463643,-0.011460077,0.061929673,0.099801965,-0.093151785,0.018457105,0.07944636,-0.049042184,-0.087669335,-0.10059227,-0.06329512,0.061472476,-0.0041378494,-0.006048039,0.06996447,0.062058497,0.002939919,0.01682987,-0.047196448,-0.059040457,-0.06487272,0.031410206,0.07769491,0.011245066,-0.09338535,0.060981862,-0.08418608,0.08977209,-0.020053772,-0.03677723,0.009505075,-0.08710474,-0.06592169,-0.024980055,-0.07181974,-0.096029095,-0.032793794,0.065412484,0.092756614,0.072926395,0.0025864479,-0.029885685,0.019178592,0.094838195,0.057036057,-0.10160919
0.053413536,0.046437893,0.08035486,-0.010100299,0.05133976,-0.082718834,0.044566587,0.056370683,0.084176674,0.03447676,-0.09600604,0.06019454,0.04746738,0.10072519,-0.07891104,-0.00032941886,-0.013232471,-0.00566456,-0.08836028,-0.10186706,-0.059417717,-0.0035626527,0.060289048,-0.05831405,0.013927945,-0.04285956,0.043515813,-0.08150177,-0.09136339,0.012207495,0.067166544,0.06764391,0.010429412,0.015453139,-0.0033962121,0.08103167,0.085262835,-0.08197655,0.10397598,-0.090358354,-0.06078366,-0.02080195,0.0031724866,0.02461329,0.10093057,-0.065249175,0.07296311,-0.027096355,-0.06464465,0.054374143,-0.028219655,-0.061069068,0.043914314,0.06460805,-0.016850896,-0.06737208,0.03557534,-0.07366093,0.09302114,-0.07117354,0.021868357,0.0026183103,0.09258263,0.07614488
-0.08976968,-0.05591896,-0.09540401,-0.0693522,0.045029964,-0.0047180383,-0.04021929,0.09404486,0.028372053,-0.07870819,0.054130968,0.043593716,0.028388962,0.09521643,-0.05150648,0.066273436,0.029344657,0.061160445,-0.062398184,0.07227258,0.061891843,0.013822097,-0.09157104,-0.08692026,0.058962554,0.08307329,0.0779016,-0.04442832,0.019533267,0.031213684,0.008546976,0.08140389,-0.06675769,0.034832202,-0.03320136,0.07690133,0.041568026,-0.09843428,-0.061899167,-0.08695084,0.06353709,0.050792705,-0.05940242,-0.054009542,0.046532348,-0.034998488,-0.09923257,-0.08256344,-0.09873714,-0.07799786,0.004154457,0.045598123,-0.066187866,0.010729098,-0.008997113,0.017630823,-0.018960021,0.083090596,-0.006762269,0.054602966,-0.010335979,-0.038805787,-0.01317155,0.0014996357
-0.06791324,0.024577705,0.07758614,0.0015717143,0.013050112,0.069936305,0.012352768,-0.01567309,-0.05087767,-0.021942617,0.00032326404,0.06056067,0.08791852,0.08317695,0.06859474,-0.01909089,0.06218121,-0.0948824,-0.10524092,0.024424592,0.08512752,0.064523846,0.02438005,-0.020316502,0.09302045,-0.08654681,-0.08790287,-0.090362735,0.03613126,0.026616916,-0.08642827,0.012223846,0.033651415,0.014970059,0.009561856,0.080649,0.007205904,0.0751844,0.09222586,0.0113730505,0.050247017,-0.08189155,0.014499013,-0.06847568,0.101399735,-0.105867356,0.08221974,-0.07507001,-0.078994565,-0.008940655,0.08150446,0.06496317,-0.099208064,0.066167764,-0.01461988,-0.018441826,0.04361481,0.062349122,0.06566125,0.0762419,-0.08172029,-0.041069247,-0.057784043,0.06199113
-0.0041204244,-0.09956184,0.07348645,0.0061175097,0.019019874,0.05103021,0.045163427,-0.06839263,-0.08061168,0.079066955,0.059038285,0.03121771,-0.024698634,-0.037847303,-0.064425744,-0.10715005,0.005373608,0.024341712,0.020539634,-0.0131727485,0.0012330976,0.09173853,-0.008157034,-0.056244954,0.061392404,0.0636278,0.0057369173,0.09784795,0.059495017,-0.010884552,-0.08828037,0.060334347,-0.04887967,-0.06948302,0.060784344,-0.10711344,0.06694401,-0.05060208,0.009999294,-0.08209824,-0.090905055,-0.04036397,0.079845764,0.071895584,0.05347654,-0.10151456,0.0071364897,-0.012943221,0.053431563,-0.045721497,0.07338524,0.06855768,-0.07064667,-0.057211515,0.031050136,-0.10340568,-0.06177049,-0.07980802,-0.079179265,0.02496923,0.094298206,-0.07162032,0.0063069263,0.07829875
0.060960874,0.028015347,0.097943954,-0.10173123,-0.09654191,-0.10986557,-0.0019294936,0.020544313,-0.0029945767,0.056844827,0.047820304,-0.014093196,-0.08880183,0.0774334,-0.08690912,0.011498143,0.09644089,0.03747735,0.07073756,0.07439822,0.0036223007,0.07885244,0.09043856,-0.09486909,-0.050455406,0.004925233,0.040898263,-0.049651492,0.027309269,-0.08134327,-0.027854763,0.068722576,0.10921333,-0.008513429,0.10089246,0.004344616,-0.010474507,0.08562417,-0.043658584,-0.054016892,-0.090545855,-0.04078261,0.055940285,-0.02705153,0.008713604,-0.08781374,-0.08587569,-0.021894936,0.073999815,0.0691611,0.060497694,0.0047162944,-0.045382183,0.0987737,-0.087046444,-0.08103216,0.00023417761,0.054724548,-0.09834617,0.00031983198,0.02890681,0.062899575,0.010831716,-0.0058122566
0.091918126,0.039313998,-0.084288634,0.057523426,0.10246462,0.056808643,-0.01276534,-0.09976098,-0.06651763,-0.06350229,0.078316435,-0.06740261,0.018768186,-0.016643563,-0.08711216,0.08013717,-0.09438673,0.06715764,0.01809965,0.052275784,0.00791938,-0.008460458,-0.0414581,0.020529069,0.087422155,-0.055410724,0.016935842,-0.09107697,0.07799763,0.07414998,-0.07746653,-0.06930665,0.079958685,-0.10106226,0.08669936,0.0029313117,-0.093106374,-0.07009116,-0.09716958,0.057217702,-0.007816267,0.061458766,0.09827508,-0.08290339,-0.064185835,0.042994067,0.07381021,-0.0046482543,0.0017717788,-0.049504124,0.031107727,-0.047518853,0.026997725,-0.05035002,0.072086625,0.09321986,-0.08085783,-0.026735445,-0.0104667265,-0.014213625,0.0661799,0.066016346,0.011571622,-0.024137614
-0.02925474,0.09537855,-0.082604624,0.08626686,-0.066741996,-0.015953451,0.034579832,0.069703415,0.0069077853,0.07540824,-0.07082931,0.074368194,-0.040822107,-0.073558606,-0.09345866,0.07207106,-0.09550372,-0.009038323,0.09957915,-0.028688991,0.07218333,-0.06514109,0.002638243,0.086110875,-0.0042676,-0.08288268,0.08101985,0.01491089,-0.01161682,0.049580123,-0.08411715,-0.06484708,0.06791895,0.016439054,-0.07267807,0.011368985,-0.03683301,0.10468376,-0.02081892,-0.06030188,0.09095757,0.077873476,0.0727536,-0.006813676,-0.01003067,0.0711733,-0.028764034,0.08569036,-0.039851062,-0.08196341,-0.021927154,0.05131986,-0.0545948,-0.083803214,-0.07447472,0.041485716,-0.077111654,-0.0041926084,0.04029702,0.040854357,-0.07056629,-0.06271167,0.050929576,-0.079204224
0.039248314,0.06969252,-0.07751347,0.08195896,-0.07124951,-0.0042817714,0.030420199,0.09521799,-0.00045389138,0.011380897,-0.017754454,-0.060254138,-0.06083357,-0.04815252,0.05317282,-0.083551146,0.059526723,0.0812851,0.024043975,0.015710069,0.090949036,-0.078276746,-0.00068086,0.09343224,-0.08753799,0.012604506,-0.033699244,0.09619334,0.09008849,-0.08287176,-0.006475817,0.10049252,0.004367175,-0.08045546,0.059498962,-0.06271111,-0.008857841,-0.08739949,0.058450904,0.08846325,-0.047027458,0.0749401,-0.014792399,0.048709776,-0.059147764,-0.057934605,-0.08457843,-0.055072345,-0.06718826,-0.06437701,-0.05202905,-0.06546478,-0.021514175,0.009494659,-0.060804803,0.035812687,-0.012813903,-0.07931829,-0.07013139,0.014218973,-0.002892331,0.07897591,0.065404594,-0.09840753
-0.07868488,-0.077055216,-0.05739638,-0.066199966,-0.09049579,-0.047257643,0.054763574,0.053186547,-0.0045774393,0.012375553,-0.004519368,0.070535734,0.050548136,0.00046846527,-0.07498954,0.0048015728,0.07113163,-0.008731486,-0.06525819,0.028890666,0.06650534,-0.043847322,-0.0967121,-0.049580768,-0.042524673,-0.06706798,-0.08333621,-0.10036105,0.07462969,0.08249758,-0.095367104,-0.07609397,0.0106061995,-0.071127795,-0.053305205,-0.07725744,0.08821003,0.04982705,-0.0053063044,-0.073040955,-0.0707302,-0.012615293,-0.08369144,-0.08885745,0.09017835,0.035934232,0.02307889,0.06242814,0.06731704,-0.061189163,0.051470403,-0.07075961,-0.08166196,0.057068795,-0.07345759,0.09228205,-0.015747966,0.06754221,0.04448612,-0.081166364,-0.025395598,0.04874115,-0.0046373885,-0.046152316
0.034388527,0.0097985035,-0.07779779,0.09700208,0.04701274,0.05882286,0.06813525,-0.005019307,0.07605768,-0.0012669296,0.011319106,0.009577567,-0.08874587,-0.07949504,-0.07258146,-0.0771985,-0.08813391,0.09330964,-0.06470058,0.021266077,0.06964555,0.07245306,0.016137358,-0.05242218,-0.002575703,-0.015435453,0.047509454,-0.005912214,-0.052746654,-0.073587775,-0.007308664,-0.074939854,-0.019622758,-0.07483868,-0.09120614,0.012562898,0.023314754,0.0009995782,-0.050799906,-0.010688045,-0.045552336,-0.03046642,-0.07664929,0.0423187,-0.009722488,0.09165682,0.07804265,-0.008922729,0.100941725,0.07881342,0.021279266,0.06949529,0.020760702,0.06106724,0.008147964,0.08237021,-0.09365675,-0.00010002247,0.08811352,0.041428998,0.08758608,0.051993318,-0.060798526,-0.050117966
-0.056343846,0.088056974,0.03239687,0.020926394,0.0644917,0.09795851,-0.044482544,-0.0019394184,0.065413475,0.067148015,0.07988597,0.04534989,-0.045727585,-0.0015399756,-0.097757116,-0.08316805,0.059395265,0.10599191,-0.07728453,-0.0046222843,-0.09025898,-0.028100748,-0.10019173,-0.0020909414,0.035417058,0.015662659,-0.0048624356,-0.009127468,-0.054528117,0.008152058,0.002193349,-0.093837135,-0.07570547,0.044213716,0.027060121,-0.054816272,0.012299776,0.07018746,0.019419368,0.019253822,-0.019770982,0.048022717,-0.06852436,0.09346831,-0.06907436,-0.0022344154,0.08792235,-0.060537435,0.0024671017,-0.07645399,0.07934963,0.010185562,-0.04128425,0.072043955,0.071122356,0.051764674,-0.03143966,-0.017143028,-0.07085574,-0.05898061,0.032567337,-0.045939732,-0.0927515,0.094117746
0.02769862,-0.09457667,-0.084486544,0.09987768,0.004871179,0.008900946,0.08315143,0.0042640753,-0.04816774,-0.014181762,-0.0017221062,-0.01248745,0.090127364,-0.058185425,-0.08699418,0.06157578,-0.011734316,-0.09884424,-0.07779066,-0.075400405,-0.08472949,0.049818117,-0.0628558,0.011860412,0.068605416,0.06396328,-0.026587134,0.10143679,-0.0045187823,0.0068036197,-0.007608484,0.030443057,0.04949465,-0.10146272,-0.008386882,-0.054676834,0.037818316,0.009683293,0.030183366,0.0893885,-0.0888044,-0.04829831,-0.0022269227,0.031365443,0.045412645,-0.088208005,-0.006236355,0.07696651,0.08552292,-0.0043093427,-0.08929093,0.09641504,-0.07016792,0.006079182,-0.07107054,-0.097644374,0.01202235,0.07037583,-0.07766117,0.08408441,0.08640384,0.08911353,0.062457666,0.019526597
-0.08478415,-0.0830493,-0.053857476,-0.06368262,0.0072413865,0.053352457,0.032691836,0.06942593,-0.0664799,-0.09032903,0.05550293,-0.08206059,0.060963966,0.06365347,0.084650114,0.010524636,0.036870867,0.019599289,-0.045553662,-0.080817334,-0.005644078,0.021928968,0.0058856844,0.07414769,-0.06864357,0.01029362,0.081627324,-0.03154393,0.09308986,-0.080101155,-0.034845904,0.07893089,-0.022531807,-0.08813617,0.07957981,0.064835496,-0.0872111,0.07098569,-0.07575892,0.08588558,-0.061871573,0.07536412,-0.005475873,0.051095508,-0.005969364,-0.058804095,0.049043287,-0.0074018617,0.011790243,-0.05133983,-0.044502832,-0.078654364,-0.08319797,-0.054410115,-0.054960337,0.0010999187,-0.105056316,0.098914236,0.09268769,-0.053203855,-0.08928259,-0.04514967,-0.004674674,0.007982077
-0.004873592,-0.046030615,-0.05312717,0.0711002,-0.0010055881,0.061771754,-0.04693624,-0.0051527056,-0.08079545,-0.0025405262,-0.023720266,-0.077616006,0.016880428,0.053179108,0.010166466,0.019703772,-0.060066707,0.0018353725,0.00331034,-0.07255443,-0.07749323,0.026221413,-0.08808672,0.040505126,-0.058431774,0.043065008,-0.050219882,0.08171511,-0.058577806,0.0214527,-0.047754142,0.035993196,0.088816226,0.0015628438,0.015996592,0.038142372,0.044048373,-0.024751712,0.07162025,0.07368124,0.010779441,-0.061399642,0.05503786,-0.014045454,-0.049951654,0.050361358,-0.015028748,0.09403732,0.023495618,0.09474823,-0.01759461,0.012147878,-0.055283275,-0.050391007,0.017605634,-0.0010086644,0.090469316,-0.05288146,0.005207822,-0.05925924,0.044810627,-0.008445045,-0.030935004,0.029802112
0.022305865,0.021226991,0.04567461,-0.02021466,0.06707548,-0.08679265,-0.004181427,0.07858099,0.031157825,0.087358825,0.054751676,-0.07790342,0.013467602,-0.052116238,-0.06599631,-0.06590732,0.06092052,0.0012826547,0.09198397,-0.04998513,0.00014290128,0.015535289,-0.07596545,-0.04504893,-0.08610342,0.09220202,-0.087184556,-0.07213675,0.0036416284,-0.0609898,0.059614893,-0.014664978,0.0015609794,-0.09734159,0.08179548,-0.020454647,-0.085389525,-0.026644293,0.037324086,0.07175932,-0.017544385,0.06815675,-0.0010946647,0.07236387,-0.00020105354,0.012649521,0.017104069,-0.06061496,-0.089869164,0.016939713,0.013859759,0.065652244,0.05593158,-0.035148755,0.009668296,0.078299455,-0.016894732,-0.019312827,-0.06205232,0.0062615057,-0.050515197,0.0010078419,0.045108818,0.039818224
0.071677625,-0.038549736,0.02024657,0.033052176,0.018613389,-0.061296333,0.00516824,-0.009858843,0.0063214465,-0.020840293,-0.01363307,-0.08576387,0.06694196,-0.068506315,-0.0040658936,-0.06608307,0.075541794,0.0236488,-0.020873548,0.07303633,-0.030386524,-0.050819878,0.022882817,-0.04386703,-0.0003217134,-0.08121003,-0.10817522,0.031583887,-0.059644468,0.04923943,-0.0860806,0.052842908,-0.054648217,-0.029173413,0.04310933,-0.07919395,0.05566577,0.083200894,-0.037626017,0.0760494,-0.081952244,-0.0062353215,-0.09303409,-0.035586912,0.0386046,-0.08572167,-0.06391824,-0.046545483,-0.018165456,-0.09005292,-0.06836033,-0.028231163,-0.08142236,0.012098706,0.078429386,-0.06967534,-0.03235788,0.076952845,-0.01215896,-0.06526837,-0.009378863,-0.099702984,-0.062559135,0.07982819
0.044740036,0.042567596,0.043788753,0.008675486,0.059247326,-0.063669324,-0.07087605,0.06785631,0.018477151,-0.07165821,-0.08161862,-0.09152601,0.06662949,-0.028914608,0.031431787,-0.060103737,-0.0920722,0.055982083,0.034500696,0.10295037,0.053515185,0.005466994,0.08071228,0.09143326,0.053729497,-0.07452845,0.031602245,-0.060664825,0.039913718,0.058880556,-0.0049385177,0.1033613,0.022230439,-0.043145407,0.056917578,-0.04008499,0.029397003,0.080842376,0.067440175,-0.03287852,0.05361519,-0.009392968,-0.009512904,-0.055284906,0.028261416,0.017562555,-0.003616908,-0.0865773,0.07646607,-0.046204787,0.06186721,-0.05371906,0.07759775,0.062166877,-0.07101038,0.081268586,-0.0678028,0.08079202,-0.035775404,-0.08391751,0.08368848,-0.034274016,-0.0993777,0.03613816
-0.09483708,0.057368524,0.059523154,-0.017745366,0.06996466,0.055628683,0.08978728,-0.008173157,0.006675147,-0.05441523,0.060145322,0.06275616,-0.07473077,0.086974725,-0.0035404456,-0.07269547,0.0054046577,0.0715735,-0.048961453,0.032614175,-0.017077953,-0.06952461,-0.0055927713,-0.058661122,0.038185716,-0.0637706,-0.047710214,-0.04083925,0.0224473,0.07534455,0.05433834,0.0054003703,-0.002633815,-0.032663945,-0.066643484,0.025785046,0.0037301541,-0.022169825,0.03406515,-0.011159231,0.061120186,0.08775447,0.07185668,0.0936396,0.004783755,0.0637057,-0.08747839,0.09306254,0.064795874,-0.084963776,0.059946865,0.09239188,-0.013256156,0.04554188,-0.044532366,0.039536152,0.077310964,-0.061621096,0.07192374,-0.0009878211,0.06764648,-0.005472698,0.08909609,0.03737069
0.002823631,0.06194719,-0.06415671,0.07961643,0.02982916,-0.020122005,-0.09735188,-0.06958629,-0.09768709,-0.06935089,0.07643599,-0.06197658,-0.061330702,0.02023334,-0.07935855,-0.056026105,0.04979784,-0.032584187,0.01120781,0.051693596,-0.006685043,-0.07308032,-0.02932062,0.09097214,-0.03164055,0.06851354,0.033228032,-0.070656195,-0.069526166,-0.052564796,-0.02378293,-0.023223855,0.015754055,0.005316979,0.09571226,0.100686096,-0.0110519305,0.097360216,-0.06620014,-0.038451217,0.067064054,0.090912975,-0.022415686,0.071938775,0.07941347,-0.069789216,-0.07062375,0.044059474,0.049676426,-0.06180329,-0.078868225,0.0028909352,-0.005860071,-0.044905625,0.07190954,-0.09007857,-0.028341742,-0.052755807,-0.0867196,-0.014325507,-0.09945554,-0.0066627213,-0.06959108,0.047401868
0.06448209,0.0059619662,-0.08978108,-0.0049233558,0.09673548,0.070213445,-0.09184567,-0.07143805,-0.042079806,0.013809672,0.08560929,-0.044948608,-0.09207214,0.004998966,0.0604503,0.006864689,0.04191278,0.043176804,-0.068170995,0.06101505,-0.074799135,0.07335933,0.038538583,-0.05589182,-0.0045300093,-0.010622707,0.1103267,0.0029391602,0.08563367,-0.0068453243,-0.07949736,-0.08407846,-0.017006103,-0.064306185,0.06850629,0.063356474,-0.0793879,-0.07316303,-0.08077076,0.055901024,-0.0010188185,-0.009236413,0.012536079,-0.0025379574,-0.07584997,-0.007577232,0.08444334,0.04884345,-0.014249543,-0.05789503,0.059211224,-0.09482883,-0.0520505,0.08311086,0.055069547,0.026198022,-0.011806693,-0.011576799,-0.036739714,-0.07946967,-0.062201962,-0.07293329,0.017429031,0.010796963
-0.03963156,-0.0373237,-0.07389924,0.035706017,0.072193675,0.04865259,0.005447714,-0.06260141,0.078220166,0.055151008,0.039204713,0.046873454,0.08210798,0.00052719173,0.0063724224,0.08955195,0.07246411,0.069752164,-0.023960905,-0.08575642,0.03004627,0.046756305,0.07076705,0.0075956904,-0.05174549,0.0058071637,-0.08366641,0.060837485,-0.021691559,-0.003635861,-0.04042513,0.01634785,0.005650372,-0.0083182175,-0.047754295,-0.051738486,-0.023226527,0.080221735,-0.03854864,0.009820786,0.07067822,-0.07023723,0.06509149,-0.055281047,0.04981882,0.095935285,-0.01734492,-0.0004951002,-0.08715161,0.016295379,0.038512457,0.09077126,0.043969285,-0.03731078,-0.0068169436,0.070473395,0.0031956485,0.008739561,0.07685071,-0.010293934,-0.021471774,-0.027871871,0.081849165,-0.02827273
0.07536622,0.07446441,-0.07155866,-0.08024653,-1.1955228e-05,-0.056488562,0.054270726,0.02417378,-0.07324896,-0.014372345,0.06592868,-0.09050296,0.08241787,-0.024048917,0.08453591,-0.06557723,-0.042929366,-0.028879387,0.07833173,-0.0941364,0.04166561,0.09920191,0.060193792,-0.094638094,-0.042784203,-0.055639658,0.077524655,-0.075436264,0.029836401,0.0746552,-0.07389027,0.0025172997,-0.023059426,0.07274788,0.07084864,-0.0462812,0.0031792808,-0.059648477,0.023291735,-0.052316036,0.006828349,0.0021044542,-0.009013321,0.008729327,-0.05713122,-0.076236956,0.062516816,-0.080601625,-0.096553,0.019171253,0.0008822498,-0.092869125,0.07942663,-0.00085198035,-0.051053878,-0.08397177,-0.06408106,0.040137593,0.0933325,-0.032107156,0.0016316979,-0.08945401,0.08278771,0.06877368
0.0019236731,-0.06360711,0.0068154186,-0.079710394,-0.07397468,-0.0977754,0.008734919,-0.037241336,-0.054768205,0.089164056,0.081778884,-0.09806913,0.08250216,0.0056120525,0.014672231,0.08497349,0.09468151,-0.021983927,0.08234511,-0.058805212,-0.049836777,-0.0592175,0.05207485,0.09083708,0.09140976,-0.050366636,0.012683601,-0.082295366,-0.0661723,-0.07448991,-0.0024274716,-0.07051697,-0.09141029,-0.008676615,0.10534294,-0.056894485,-0.03265182,0.015925596,-0.079691306,-0.077542864,0.0061481907,-0.006945229,-0.00016261534,0.008428079,0.09153064,-0.010028149,0.064502865,-0.09766194,0.051784728,-0.08297748,0.09300097,0.09880518,-0.06461579,0.012119229,-0.0822185,-0.012422992,-0.07022905,-0.09333538,0.06821102,0.06546197,0.052666582,-0.003362294,-0.017583292,-0.09302112
0.045145284,0.017018316,0.076794945,-0.007445046,0.056484338,-0.085313715,0.07790417,0.07784137,-0.061443094,-0.09791513,0.06604006,0.027664347,0.057288084,-0.054195877,-0.081701614,-0.0559815,0.004624461,-0.0010832048,0.06429389,-0.042166017,-0.043812484,-0.08877747,0.054754145,-0.089437075,-0.0851121,0.04459559,-0.08313982,-0.002247859,0.053203292,0.058758568,-0.040129136,0.03841503,-0.060925808,0.04027613,0.059269864,-0.06853189,-0.06486515,0.018578911,0.042736415,-0.070911616,0.010704913,0.027603777,0.04503116,-0.09126888,-0.03893052,-0.08279719,-0.07927792,0.0114921,0.010632622,-0.07175032,0.07992724,0.014206322,-0.051345114,-0.04567467,0.014235805,-0.070621744,-0.07076376,0.073134735,-0.0041058133,0.07950021,-0.079486184,-0.0005186641,-0.04921137,0.090209596
0.025830643,-0.007982261,-0.011838276,0.007315655,0.06918589,0.07707189,0.10226668,-0.0014918282,0.036195274,0.070507765,-0.057457834,-0.07600625,0.08784969,0.090701595,0.09785565,0.08534381,0.06692573,0.026213506,0.101946235,-0.0043680994,0.039993092,0.086397715,-0.004774289,-0.100923456,-0.06108201,0.005404645,-0.053875577,0.061789446,-0.07006422,0.059063755,0.061544575,0.006621134,0.064858414,-0.07055073,0.07711746,0.05716072,0.0069964724,0.008449758,0.07239652,-0.099399544,0.09068599,0.002850989,0.029466799,-0.07046744,0.06826636,-0.08918102,-0.087845884,0.0011020598,0.008281334,0.07019685,-0.06653637,0.09356439,0.015522238,-0.042239506,0.00377119,0.022119652,-0.045082815,0.083536565,0.060056034,-0.035475664,0.08746697,-0.09083733,0.011207623,-0.01281515
0.0056754774,0.061450075,-0.08256935,-0.06147833,-0.052155063,-0.0618058,-0.09800188,-0.10073982,-0.049292568,0.009500783,0.06681823,0.021240367,0.080408745,0.06978449,0.02910955,0.067832455,0.0012073672,0.05744692,0.03087538,-0.03212725,0.051712293,0.035233937,-0.09498348,-0.008832617,0.09325524,0.0004646001,0.027333181,0.013053876,-0.06675973,-0.0068330048,0.086679794,-0.10321476,0.0017330452,0.002554001,0.08615306,0.0025219817,-0.022826903,0.048996415,0.0780402,-0.063980944,0.07106608,-0.0008472761,0.030426499,0.067379214,-0.0663719,-0.06427952,0.06923671,-0.055754278,0.08722499,-0.054369964,-0.094255306,0.06858498,-0.008612656,0.077465616,0.042090245,-0.026096227,0.09319022,-0.048850812,-0.0517849,0.096998446,-0.06631307,-0.09521041,-0.0949267,-0.04694289
0.022591287,-0.06989567,0.09446134,0.03057206,-0.049745977,0.022505783,-0.09460027,0.012954104,-0.007645509,-0.008088325,0.07847327,-0.082955554,-0.003961993,0.016696705,-0.07419002,-0.008448293,-0.045986213,-0.002625349,0.050835595,0.052095145,0.005449437,0.04294409,-0.09806738,0.0028628637,-0.045418918,0.035099417,0.06297379,-0.07355161,0.012529938,0.06928544,0.09461189,-0.101889275,-0.015636852,0.09464388,-0.008745365,0.070225246,0.041716225,0.07266345,0.07306427,0.046600457,-0.08240527,-0.00581523,-0.034349494,0.0588419,-0.09093893,0.094862886,-0.032353975,0.06941954,-0.09812849,0.07324452,-0.035687067,-0.08110917,0.08714454,0.006039832,-0.057087094,-0.05995947,-0.04881143,-0.083887026,0.08162043,0.04429199,0.03832205,-0.05906046,0.024304774,0.06165624
-0.054545686,-0.0050726514,-0.008870582,-0.050859436,-0.0018328081,0.07621114,0.08299702,0.010578141,0.07218108,0.020299496,-0.028207803,0.002196555,-0.06755186,-0.0639112,0.06974542,0.050344698,0.060519144,-0.012365945,0.09562096,0.078052506,-0.07843523,0.0025141016,0.062095493,-0.025799317,0.017106969,-0.041673288,0.047684003,0.04965804,-0.0824713,0.08404433,-0.06576176,-0.07551289,0.032172613,-0.055728402,0.0035441858,0.08712495,-0.05636283,-0.05958965,0.05959656,-0.06580496,-0.06474701,0.06466539,-0.06449751,-0.06600008,-0.0064899875,-0.0953096,-0.068139024,-0.0034583542,-0.057856083,-0.072951525,-0.053771988,0.015342358,-0.050069142,0.09314424,0.059795838,0.0338819,-0.044681005,0.004795525,0.0583848,-0.08593865,-0.082411215,-0.08141962,-0.06710421,0.09340243
0.08253901,0.0045403093,0.031467795,-0.08862297,-0.07075817,0.04628194,-0.078592315,-0.019054322,-0.04996984,-0.088360466,-0.09581905,-0.06832756,0.06450908,-0.09542394,0.033659004,-0.085951865,-0.010151363,0.09044898,0.093018904,0.069673486,-0.027138192,-0.07859097,0.09415676,-0.10087553,0.0021537156,0.0041465117,0.0897801,-0.061532505,-0.065069556,-0.06721392,0.011791026,0.0971224,-0.035692327,-0.0039583934,-0.04745246,0.08105197,-0.07527984,-0.07267656,0.090829425,0.059439648,-0.09885144,0.05547923,-0.0023745513,-0.0990338,-0.060959384,0.022278683,-0.045702446,-0.036790106,-0.07048525,0.057948135,0.00016525338,-0.036749005,-0.0892367,0.027418626,0.06900603,-0.072609365,-0.02881478,0.00958807,0.0011086068,-0.060870312,-0.09068515,0.049794838,-0.071448006,-0.07722492
0.023395272,0.050671015,0.03505181,-0.09454157,-0.06188503,0.013843716,-0.06753236,-0.066051446,0.0027906804,0.011711025,-0.08539311,0.09575968,-0.09705381,-0.096252315,0.004443565,0.09279182,0.010232886,-0.05914006,0.07697487,-0.038489398,-0.008828308,-0.058557697,0.028754795,-0.07481611,0.07305848,0.09889459,0.065936886,-0.031855524,0.029865723,-0.0070342124,-0.07932556,-0.0073955953,-0.050935313,0.00023319172,0.0003714794,0.042828828,0.03343996,0.008441401,-0.05951974,-0.0015811154,0.077483945,0.04507399,0.071584955,-0.05778471,-0.006106473,0.08503687,-0.06673891,0.07898137,0.009638379,-0.081276245,0.10332925,0.055317067,-0.07307551,-0.08669454,0.08497787,-0.0025630791,-0.073834464,0.086420685,0.05012461,-0.0036568893,0.10062053,0.06620739,0.048155043,-0.06598401
-0.072314255,0.020339034,0.05800354,-0.026533978,-0.071451895,0.0054188804,-0.027198685,0.04000072,0.054740712,0.05415229,-0.07527809,-0.016111063,-0.055887148,0.0030015253,-0.009003965,-0.011527766,-0.03364818,0.004465408,0.043269023,0.0436708,0.03640901,-0.00588607,0.061162934,-0.028703332,-0.038222753,-0.051853023,0.0516302,-0.05785855,-0.017884854,-0.015720515,-0.03028804,0.07435601,-0.030792018,0.025909478,-0.012904521,-0.015294218,0.048097078,-0.018759765,0.018178359,-0.038181197,0.029716881,-0.06790462,0.07132181,-0.006280616,-0.034235403,0.011618966,-0.045696836,-0.023753509,0.05733213,0.055072814,-0.0735942,0.06328964,0.027458053,0.048233263,-0.07121981,-0.060913634,-0.077781126,0.058944866,0.0013869673,0.05102559,-0.040830273,-0.063664906,-0.07386002,0.0069266153
0.06815791,0.030226892,-0.028216723,0.05415629,-0.05792658,-0.042004704,-0.050912976,0.078978695,-0.0299693,-0.0354896,-0.009885171,-0.039218396,0.09740761,0.053705893,0.06716548,0.003344844,-0.07072123,0.05410072,0.041690666,-0.07259936,-0.08946038,0.007418582,0.05631956,-0.045534536,0.08570525,-0.08728432,-0.07683957,-0.039770264,0.0819409,-0.06363783,0.0009282903,0.07703148,-0.041128304,-0.010522856,-0.073920324,-0.041474562,0.09540473,-0.0022250742,-0.0065893116,0.015425682,0.061772402,0.08054784,0.06022668,0.04138826,0.011676238,0.037790224,0.056652483,-0.03443577,-0.055871017,-0.0374576,-0.09736501,0.037920903,0.07622005,-0.05912571,-0.03512094,0.062499866,0.030811902,0.095191844,-0.009974387,0.054188065,-0.0013871932,0.054684766,-0.075590566,0.039296933
-0.086906165,0.045636725,-0.095902,-0.021971151,0.062047392,-0.09857996,-0.098515235,-0.00016875609,0.021006847,0.10169723,0.09469395,-0.07394299,0.060124066,-0.013614531,0.06298599,0.08123216,0.06446445,0.07578454,0.06868828,-0.02399826,0.062971696,-0.09062136,-0.018330496,-0.06793125,-0.092216425,-0.0017755615,0.0702539,-0.057298288,-0.052760974,0.099954605,-0.07410608,-0.07523589,0.021495072,0.027307635,0.058872946,-0.097080536,-0.0647056,0.026704388,0.015021403,0.052660782,0.05149562,0.050856173,-0.03652957,0.102238655,-0.061600324,-0.10004114,-0.095158175,0.009866384,-0.0018176811,-0.022882208,0.081270315,0.0020142943,-0.025927488,0.081353016,-0.00074326084,0.07725832,-0.07973635,-0.007953125,-0.065507606,-0.004234474,0.070899166,0.061536014,0.001062478,0.019999838
0.06569239,0.004021751,0.0354501,0.08300151,-0.10106343,0.029444642,0.05704903,-0.0050526224,0.083403125,0.0670549,0.10102951,-0.09638826,-0.07268814,-0.048701126,-0.10150814,0.015228393,0.011965739,-0.02426308,-0.016049301,0.06695804,0.057598323,-0.0056549027,4.222768e-05,0.015462343,0.00915758,-0.02939392,0.09627539,-0.09529886,0.028090362,0.05098643,0.052424252,-0.006534671,-0.089131184,-0.0029087868,-0.04379575,-0.0025584812,-0.029398708,-0.09206108,0.07982226,-0.009866373,-0.04575873,-0.01047284,0.08317188,-0.01311348,0.046252638,-0.005795737,0.08575077,-0.09705475,0.068721496,-0.03739112,-0.084241375,0.07315286,-0.06749864,0.00035273182,0.030798528,-0.027248314,-0.03005303,-0.054278538,-0.049362972,-0.043004416,-0.06515921,0.044869866,0.07672924,0.061047204
-0.0075013232,0.007988781,0.0765185,0.016446779,0.092692755,-0.08416292,-0.05668984,0.08809279,-0.10081747,0.068350144,-0.063094325,0.0939117,-0.010423594,-0.030349163,-0.04575245,0.022465235,0.05568695,0.0269882,-0.09534003,-0.0570704,-0.056599,-0.07536106,-0.048416242,-0.047684193,0.09100687,-0.06874337,-0.008858051,0.077875964,0.016097276,0.018807082,0.00933704,-0.07435415,-0.06093057,0.091096945,-0.0921856,-0.00057128177,-0.095032096,0.05860767,-0.005862248,0.09080436,0.0071026385,-0.078177914,-0.009516446,-0.008024093,-0.015352774,-0.03220187,0.08633147,-0.078869045,0.01063692,-0.08517479,0.09857498,-0.11108714,0.061554052,0.06566872,-0.08723423,-0.08247274,0.012441663,0.04734235,0.012162476,-0.07531818,0.008132383,0.08615557,0.032456726,0.065788314
0.09205703,-0.07075461,0.05877151,0.00013270785,-0.07113592,-0.088595346,0.07877967,0.09012395,-0.10747429,0.002548463,-0.06329948,0.011351977,-0.11092943,0.011543713,0.06309858,-0.057510987,-0.07209382,-0.070862845,-0.01798881,0.05312559,0.06223969,-0.044985652,0.023053857,-0.06058291,0.0058316416,-0.098541126,-0.09983753,0.041943226,0.04585878,0.09409835,-0.009764628,-0.10161312,0.010656159,-0.0057531497,-0.069444455,0.10233064,0.072740056,0.05120606,-0.078625195,-0.05551446,0.005419768,-0.06995491,0.054587055,0.0016319936,-0.073456034,-0.09455458,0.014421328,-0.011284714,0.06947157,0.10698921,-0.094999194,0.0944609,-0.0010924978,-0.09461491,-0.07058655,-0.05674365,0.06924214,-0.08569909,-0.014141834,0.06820943,-0.037496258,-0.077104814,-0.098952554,0.107724756
0.047891743,-0.09211016,0.073554665,-0.040346127,0.09298666,0.012723768,-0.072809026,-0.012592001,0.07208754,-0.05676931,-0.06616184,-0.02223656,-0.01843231,-0.069391824,-0.088273875,0.07252831,-0.10003448,-0.08800032,-0.058400087,0.034181453,0.04705382,-0.10206582,0.07395441,0.0027318862,0.06895144,-0.08902563,-0.052758288,-0.053736664,0.0015521083,-0.06342718,0.07918066,0.006877924,-0.030365268,-0.094830565,0.0051127975,0.084043466,0.07028761,-0.0053426255,0.084627084,0.005655437,0.053675946,-0.0395507,-0.09499181,-0.102053106,-0.0783994,-0.025128737,-0.0018004554,-0.07678017,-0.08831899,0.017282732,0.07715784,0.11073173,-0.00077485794,0.014469905,0.06943519,-0.0014568745,-0.06454903,-0.08166099,0.08158393,0.09329441,0.012331895,-0.005745774,-0.07049326,-0.03353953
-0.004065319,-0.072215654,0.02622031,-0.06736914,-0.046850886,-0.041932702,0.011612259,-0.040082105,-0.042091765,0.04957937,-0.018425599,0.011497386,-0.053667244,-0.0037062226,-0.057077117,0.07149111,0.03309513,-0.042697575,0.07613219,-5.242668e-05,-0.060263306,0.053186197,-0.006293387,0.05897126,-0.02002157,-0.017526213,-0.05516887,-0.0032361387,0.054251194,-0.054794554,-0.01476713,-0.019049214,-0.03073762,-0.04665276,-0.03739442,0.025252592,0.05589369,-0.010316682,-0.06776698,-0.044159267,-0.03033929,0.012223585,0.04676877,0.0059715356,0.070604324,-0.056302175,0.061346356,0.086548865,-0.041434273,0.0033384764,0.059792805,0.017318614,-0.019131934,0.06595019,-0.0037230607,0.010757311,0.0582281,-0.03748363,0.05011455,-0.06245403,-0.026056606,0.03863106,0.05092541,0.0018549821
0.04800954,0.09530298,0.09664117,-0.004199613,0.07635321,-0.048628405,0.08081549,0.090024024,-0.093481824,0.04047311,0.003986922,0.079504676,0.032246187,-0.085868984,0.10178667,0.059573885,0.08257517,-0.055701178,-0.03388468,0.06503829,0.03006554,-0.091132864,-0.0060966853,-0.058509454,-0.048816495,-0.09300487,0.0011775165,0.056984052,-0.067707114,-0.06181803,0.002994252,-0.0039214445,-0.010577494,-0.027095584,-0.061677735,0.015947234,0.008994251,-0.051189777,-0.07479398,0.07302342,-0.05300114,-0.06681842,0.061304428,0.06705594,-0.00031001132,-0.015572599,0.034655225,-0.08606028,-0.06409484,-0.04081571,-0.015998343,-0.09433388,0.022735724,-0.06935432,0.040762626,-0.031705584,-0.009553368,-0.08141017,-0.073764145,0.070259504,-0.06493363,-0.009926501,-0.0072786678,0.049361274
-0.014760169,-0.10077378,0.013251936,-0.09334439,-0.09276961,0.071058586,-0.028790995,0.003815915,0.089216374,0.0044939592,-0.075438745,-0.07794358,-0.040885568,-0.007234762,-0.09136668,0.06357384,-0.03995781,-0.05636795,-0.092160285,0.020762313,-0.04556497,0.042945642,-0.010863731,0.10114464,0.09613099,-0.049289126,0.027589742,0.09194542,0.067899734,0.038175,-0.06457728,0.08262627,-0.10784484,-0.05186973,-0.008955977,-0.09761472,-0.055667445,-0.072441526,-0.029861871,-0.0063854507,0.0003577695,-0.061047107,-0.07737811,-0.0956243,0.030999418,0.051989652,0.033753466,0.07840635,0.032323178,-0.05529712,0.04456374,-0.0030772064,-0.06870683,-0.10045027,0.056785606,0.06379528,-0.077845864,-0.004532952,-0.09908455,-0.0041069565,-0.0850131,0.040317126,-0.0036644253,-0.07262551
-0.089995004,-0.08758346,-0.07743513,0.03399607,0.046342354,0.04286099,-0.060265787,0.0022844588,-0.07755005,-0.042435173,0.07698986,0.0899595,-0.11255864,0.07890017,-0.031113153,-0.09967704,-0.012586112,0.018677093,0.038717233,-0.01028175,-0.026495382,-0.022002792,-0.09008239,-0.08876971,0.052796986,0.072984286,0.035825882,-0.04416897,-0.106350265,0.06282323,-0.052878775,-0.005633547,-0.0012484671,-0.094458416,-0.06006078,-0.0610065,-0.07674047,0.050906297,-0.0729144,-0.057764206,0.05893642,-0.024448732,0.064080864,0.014404608,-0.0779724,0.07219585,-0.05766977,-0.024595384,0.10498832,0.01014096,0.07550801,0.030530438,0.08958995,0.026452815,-0.05541935,-0.0017533122,-0.017156402,0.055052783,-0.012803382,-0.04041438,-0.0014404102,0.004908322,-0.03677948,-0.08959132
0.06662451,0.014522708,0.06322999,0.011983957,-0.092062905,-0.07206054,-0.0989211,-0.074754424,0.097383425,0.06743982,-0.08467704,-0.03677026,0.083120145,-0.016551152,0.014414781,-0.015977211,0.064336605,-0.08455529,0.057164673,-0.09726836,0.010890142,0.040426165,0.058136202,0.021322321,0.072588265,0.042979714,0.107553504,-0.06359948,-0.017372914,0.04880604,0.036523953,-0.08651936,0.031840395,-0.025958272,0.08488484,0.040472448,-0.062496345,-0.06211086,-0.08612024,-0.05790415,0.003928041,-0.091412015,0.07823379,-0.03112955,0.033908956,0.04713541,-0.040048793,-0.091488205,0.01160792,-0.02205204,-0.06844022,-0.053573232,-0.052512232,0.068207845,-0.019160716,-0.05860925,-0.075742766,-0.078218885,-0.04940833,0.07669713,0.07366303,0.026424805,-0.063177794,0.06551155
0.06257786,-0.06418888,-0.0038704756,0.082325056,0.0028849968,0.09124115,0.012709247,0.05033828,-0.010842699,0.006432776,0.015571852,0.08354827,0.0012998359,0.050423376,-0.057081085,-0.09472151,0.086833164,-0.02882125,0.007886821,0.06732099,0.056606594,-0.040430907,0.006124813,0.057193037,0.07267501,0.08253639,0.08114547,0.0060374993,0.040611807,0.037803177,-0.024403343,-0.08845503,0.0878353,-0.028332649,-0.02654868,0.089185014,0.08155091,-0.07234019,0.052082762,0.044027776,-0.0025071565,0.040750343,0.093983725,0.1066062,0.064212166,-0.025505245,0.04735424,-0.056125034,-0.051149577,0.027223255,0.055701736,0.05628422,0.0006242544,-0.07971981,0.042064767,0.0035695813,-0.040524125,0.00958167,0.097418465,-0.03790039,0.0701657,-0.03149931,-0.09202732,-0.035360567
-0.05759202,0.0073071583,0.015593177,-0.0026523236,-0.012624445,-0.024681116,0.0365295,0.03600023,0.042788845,0.062437855,0.073620774,-0.06552688,0.039260928,-0.05011726,0.033886436,0.021474132,0.035296254,-0.010712825,0.014524611,0.0148867965,-0.006290874,0.03360504,0.04056585,0.014669597,-0.044317216,0.06001783,0.023365395,0.030254139,0.06313715,0.05708825,0.01067718,-0.056976326,-0.007894114,0.01983766,0.019738462,0.07448176,-0.06971305,0.00921923,-0.052173797,0.0125418315,-0.07160419,0.058256954,-0.05285091,-0.035198316,0.052175727,0.052857555,-0.01654311,-0.025440628,-0.032791194,-0.05495846,0.058509726,-0.035301864,0.071646765,0.07359758,-0.0010281071,0.06197108,0.001676786,-0.025545886,0.06997858,-0.054380167,0.025350554,-0.03862585,-0.0084595755,-0.030687535
-0.069574304,0.047127474,0.071066864,-0.013140783,0.07731671,0.08256703,-0.02033536,-0.08534095,0.08681058,0.013770305,-0.08760306,0.028267233,0.08925033,-0.00083255017,0.036427382,0.07891125,-0.025484687,-0.072104424,0.07487335,0.004747969,-0.079447664,0.032408483,0.07862647,-0.023761386,-0.010876357,0.028500954,0.08588584,0.0041935323,-0.08117741,-0.08290131,0.023004875,0.056898266,-0.07452228,0.09652603,-0.042625424,-0.058573492,-0.049883693,-0.03812884,-0.021929394,-0.04100605,0.08735614,0.05001658,-0.102283165,-0.08406553,-0.059480492,-0.06516478,0.06952689,0.063771605,0.016600182,0.04733194,-0.08723632,0.029181851,0.059284426,-0.06582102,0.06871471,-0.020246813,0.048167203,0.088754825,0.09970721,0.03640399,-0.091615096,0.08305267,-0.054437198,-0.012603546
0.026347877,0.042861953,-0.015137787,-0.08993759,0.061248478,-0.08309783,-0.04350646,-0.09097168,-0.056802314,0.09313074,0.08407733,-0.017271476,0.08774172,-0.06517323,-0.004715054,-0.059519596,-0.013073521,-0.04215899,0.041031644,0.00700307,-0.016243473,0.06243557,-0.0518823,0.027186193,-0.08683579,0.07120732,0.09927579,-0.056704935,0.063077524,-0.08347255,-0.005478661,-0.059139747,0.032198425,-0.095605575,-0.018069685,0.03531758,-0.017426971,0.08911898,-0.053975355,-0.094599485,0.056641497,-0.100855075,-0.009384143,0.09797785,-0.062137224,0.017062243,0.05835772,-0.041658174,-0.03904133,0.092862494,-0.068240084,-0.018951533,0.089158766,0.09706454,-0.015838569,0.07852368,-0.08409432,0.014235149,0.07016479,0.07374028,-0.011300814,-0.064469196,-0.07485145,0.028744766
0.06720794,0.07028183,0.03247443,0.007734377,-0.015206025,-0.066759735,0.0897553,-0.06496948,0.063106,0.05593705,0.083057225,0.03220753,0.043354243,0.091838375,-0.07569515,0.06403198,0.07678842,0.0018578967,0.03432007,-0.08063692,0.07529196,0.015739536,0.0045813974,0.050215192,0.079326384,0.07185576,-0.08330888,0.059501,-0.03209086,-0.05297929,-0.015895208,-0.018204512,0.089049324,0.053925294,0.045062304,0.08977494,0.09886932,0.02386747,-0.0985673,0.011998406,0.017827915,0.037764717,0.048414398,-0.059231725,-0.07391266,0.058291223,-0.04373148,-0.012038279,0.05487781,-0.04587763,0.003049298,0.057082728,-0.04009434,0.07451451,0.07018852,-0.047908824,0.047136333,-0.039877094,0.04262965,-0.013660891,0.014422655,0.07852571,0.09472988,-0.06580519
0.09584414,-0.005654312,0.09991924,-0.06825407,-0.08639976,0.10091781,0.031133635,0.043225277,0.0493259,-0.06587589,0.059604753,-0.008656644,0.069510154,0.0644183,-0.09404685,-0.046760425,-0.06253512,-0.07073046,0.019991875,-0.008033144,0.0035405857,-0.07906802,-0.078436956,0.09418137,0.028657291,-0.02461249,0.049898427,0.038687717,-0.06309714,0.09846766,0.038793106,-0.008108327,0.05983494,0.05479734,0.047785684,-0.0065561566,-0.04900051,0.09430856,-0.08194363,0.06320878,0.07203232,-0.013214186,-0.00041986455,0.06703018,0.07706518,0.06068321,0.020914938,-0.076919,0.03128321,-0.020452758,0.01614399,-0.03783757,0.108010024,-0.0041759764,0.019425115,0.061530694,0.087346,0.060360618,0.04324636,-0.09115927,0.052691754,0.08394933,-0.069009334,0.038864717
-0.09731517,-0.057783447,-0.07185315,0.010453019,-0.055520773,-0.0817895,-0.015064084,-0.045852017,-0.002851977,0.073588364,0.06419081,-0.018799301,-0.05288892,0.0909122,-0.10020089,0.069330215,-0.018815137,-0.02854305,-0.062252354,-0.0010611082,0.0027946807,0.06168313,0.09195145,0.08621917,-0.06378852,-0.0061071217,0.07032404,-0.09914049,0.05800541,-0.022229241,-0.05166922,-0.05403136,0.077795476,-0.0060027544,-0.08140551,0.039092924,-0.064339235,0.08523979,0.09803015,-0.046268255,-0.025899054,-0.09728711,-0.07793728,0.06457258,-0.07626568,-0.01769786,0.03427148,-0.09056563,-0.020529062,0.09908045,0.029386485,0.058502305,-0.07510499,-0.06025364,0.049593847,0.046272043,-0.10195586,0.06934464,0.08267224,0.052229688,0.08419787,0.055594675,0.06721574,-0.008915253
0.066269025,-0.063316606,-0.006059563,-0.04379448,-0.04575229,-0.043718435,-0.09618118,0.037565313,-0.096396,-0.0021693239,0.08928084,-0.05264049,-0.08710932,-0.10761215,0.013270528,-0.08590637,0.080212615,0.08946359,0.10574596,-0.08721996,0.0063534696,-0.027779084,-0.08748004,-0.06927536,-0.06959368,0.060732603,0.03209388,0.09023822,0.03749593,-0.016657716,-0.07767047,0.06410909,0.09763795,-0.064351976,0.021416068,-0.002046747,-0.08132326,0.092302546,0.0066409106,-0.06391887,-0.074215084,0.051706225,0.057154,0.053456083,0.06665036,-0.09617145,0.06550103,0.05644773,0.086393006,-0.07133912,-0.07161133,-0.044356063,-0.08166542,0.015035073,0.09811671,-0.06694841,0.053043377,0.09593686,-0.08213289,0.09115043,-0.07225366,0.02647325,0.0057372455,-0.02809468
0.09484594,-0.023883704,-0.10150673,-0.036291648,0.007964808,-0.07202984,0.06558112,0.061921254,0.08495937,0.054635417,-0.009479873,-0.011451747,-0.024532016,-0.10277191,-0.06646971,0.08361202,0.045331806,0.053992126,0.06328348,0.0573769,-0.04544804,-0.012358916,0.07666369,-0.0067776204,-0.07063533,0.032380685,-0.018111246,-0.10003871,0.057411753,-0.031987075,0.0910664,0.012151558,0.09101318,0.084075056,0.026098141,-0.052735973,0.09388125,0.05431118,0.09557103,-0.07909814,0.07958256,0.025610862,-0.097473934,-0.008738631,-0.05092891,-0.071276106,-0.03830672,-0.095714845,0.063139476,-0.06820456,0.06696004,-0.055357464,-0.04754998,0.07010456,0.010581501,0.08118197,0.056472335,-0.03708721,0.0041373344,0.071044795,0.06789005,-0.062129162,0.059139658,0.044414066
-0.016463323,-0.07843918,-0.007857014,0.043657497,0.092737585,-0.054953523,-0.07005259,0.034809563,0.103385784,-0.003142629,-0.025142916,0.032815725,-0.062584385,-0.0702601,-0.025541836,-0.087467104,0.07720873,-0.06850508,0.03078809,-0.094460025,0.057503045,0.04548356,-0.0144065255,-0.057768695,0.10472989,-0.04115576,-0.015181987,-0.08518333,-0.061419997,-0.062888965,-0.008784377,-0.08856119,0.077411495,0.09190453,0.09160603,-0.0033480858,-0.0061372053,-0.0033911243,-0.029726598,0.07057472,-0.002730745,-0.08938067,-0.0044719414,0.011262783,0.0040045134,-0.03807889,0.044577472,0.06562334,0.04121432,0.049563617,0.07029935,0.008812922,-0.054640226,-0.08305641,0.091211475,0.07494005,-0.08432564,-0.07810161,-0.009155598,-0.0044351905,0.013486704,-0.020100314,-0.06571136,0.0687971
-0.015274055,-0.0054685688,0.08622546,-0.04406195,0.040088993,-0.057302456,0.06524288,0.021283103,0.07267272,0.021570075,-0.09796973,0.041592915,0.009160641,0.06872309,0.077643104,-0.01738675,-0.014459924,-0.0289993,-0.048144788,0.002089308,-0.034828745,0.08831284,-0.018319225,0.07398787,0.086983055,-0.06815665,0.040101778,0.036287107,-0.09087725,-0.037545685,-0.00073608477,0.092585154,0.03927621,0.051361665,0.017193615,-0.10060384,-0.0073131374,-0.037719984,-0.09516903,-0.09054646,-0.0010642038,0.0063604014,0.06392886,0.028394196,0.05734233,0.008455724,-0.07030763,-0.04578159,-0.053084586,-0.061949518,0.035803966,-0.08677806,-0.109658495,-0.05414862,0.06101079,0.010256129,-0.07872463,-0.010433697,0.0022190271,-0.093983896,-0.0049856035,0.03628869,0.06402314,0.004103335
-0.09037492,-0.09515461,-0.0018911267,0.057625346,-0.051864807,-0.00077835977,-0.012944793,-0.07938985,0.07831481,0.058491487,-0.07082524,-0.10502415,-0.09475985,-0.08089857,-0.061618485,0.06683493,-0.10062538,0.009072039,0.031386018,-0.019724403,0.036007438,-0.0051272586,0.07638278,-0.05111111,0.08614487,0.057896808,0.005020625,0.09620537,-0.009395244,-0.059877936,0.060784608,0.07884521,0.07556875,0.09409002,0.022121346,0.012198324,-0.07916872,-0.07154656,-0.019989176,-0.046981033,-0.0036307387,-0.101752736,-0.055721886,-0.05112831,-0.048236005,0.0023807702,0.026475897,-0.007946724,-0.076513134,-0.061275378,0.046926975,-0.07444065,-0.07934746,-0.06883218,0.076386645,0.083852604,-0.099315554,-0.041872215,-0.010706045,0.09292186,-0.09818131,0.07433953,0.095804445,0.007964889
0.021001387,-0.084712446,0.09471795,0.014686161,-0.0744021,0.004109565,0.072376885,-0.029378094,0.04098945,-0.069365844,0.0630504,-0.10416483,0.014632204,0.08265583,0.05993985,0.11024173,-0.0789217,0.001519024,-0.0039261873,-0.096454345,0.08100115,-0.0061722146,-0.074847914,0.08037418,0.088478215,-0.06650139,0.039243266,-0.08105381,-0.10779626,0.08986206,0.08489335,-0.040702563,-0.097821414,-0.009186217,0.05816304,0.0095954295,-0.092076525,-0.051351704,0.0792598,0.09786694,0.038298104,0.006696744,-0.062085506,0.08601759,0.044980574,-0.062666304,0.054994594,-0.07106727,0.09635941,-0.09530338,0.034288555,-0.10180248,0.06857984,-0.045884397,0.040182218,-0.106160305,-0.07247043,-0.07184615,0.048637055,-0.019298658,0.061636027,-0.056117706,-0.070579454,-0.076388344
0.030766916,0.06897342,-0.08808637,-0.07648152,0.05173833,-0.03823328,0.062619254,-0.011084574,0.07778935,-0.09916001,0.06417356,0.06309413,-0.08265289,-0.08533145,0.09629342,0.061067063,0.06712136,-0.05141698,-0.05396722,0.07924941,0.05209081,0.046561,0.057466645,0.09159844,0.03674551,0.061784577,0.09023829,-0.074156925,-0.094213255,0.08229442,0.0052966736,-0.0790276,-0.01238985,0.08861515,-0.017629225,0.071568765,-0.092114694,0.04698438,0.05676003,-0.06975697,0.010444311,0.049273517,0.07065817,0.07592688,-0.008540488,-0.068758085,-0.085578375,-0.10333607,0.066507414,0.033195786,-0.09108387,-0.019795388,-0.067280784,0.08082635,-0.06098938,0.053661574,-0.009007923,0.030062757,0.103071064,0.066339836,0.062317554,-0.009899152,0.07501762,-0.015637694
-0.046831824,-0.002393396,-0.03677722,-0.050051875,0.091057666,-0.0036265235,0.060087647,-0.016197834,0.08051721,-0.05773038,-0.08611971,-0.09172635,0.007397795,-0.06905979,-0.02809162,0.040601425,-0.07348155,-0.047909517,0.07899732,-0.07001489,-0.01005824,0.04750722,-0.05038472,-0.0127506,-0.004517214,-0.019711902,-0.02489482,-0.012446865,-0.016893173,-0.007118406,0.005208973,-0.08765441,0.0059234663,-0.03786721,0.063740276,-0.09798738,-0.0026544624,-0.07909495,-0.091243535,0.028577691,0.09660698,-0.014692828,0.035428446,0.0053554596,0.0019557436,-0.054561708,-0.066839695,-0.07201841,-0.065061755,0.069191135,0.071571454,0.020349408,-0.010408198,0.04463369,-0.013095877,0.028650349,-0.047348395,0.044785194,0.053492557,-0.015344602,0.012786344,0.045954593,-0.0657207,0.073151395
0.021686656,0.06468704,0.05795143,-0.085329644,0.019572098,0.032751136,-0.03721352,0.09426536,-0.037514977,-0.011314669,0.0670619,-0.07815779,0.01958754,-0.015126131,0.042516816,0.07278761,0.031397633,-0.07204231,-0.051219866,0.09889767,-0.05995819,-0.007866956,-0.05435395,-0.018680844,-0.014870272,-0.09257736,-0.0957442,-0.09597833,-0.038070392,-0.038522027,-0.015369375,-0.06800208,-0.055747498,-0.007942368,-0.081297085,-0.05478678,0.05247119,0.03770273,0.05258045,0.10141931,-0.058865353,0.044445537,-0.07016135,-0.05079592,0.0690295,0.058145266,-0.08990001,0.073307544,-0.0010364531,-0.0037864065,0.06949863,0.06521069,0.06734479,-0.0938172,0.044734217,-0.06547848,-0.05470684,-0.0690927,0.00016042353,-0.088557266,0.082254715,-0.013458685,0.07387632,0.0093592
0.041012347,0.024297476,0.095612444,0.0010042324,0.09317704,-0.037664726,0.06987749,-0.091413654,0.01657343,0.07372734,0.024223583,-0.058064852,0.037727818,-0.07925024,0.04071902,-0.07059317,-0.104107745,0.007151084,-0.04615276,0.094818056,0.014931548,-0.096624106,0.048531435,0.046487156,0.08255632,0.09195215,0.05580332,-0.0498574,-0.07177081,0.102538384,0.079839304,0.006188362,0.053458937,0.088568285,-0.10508708,0.0077120857,-0.003220583,0.054204926,0.074278474,0.014919973,-0.04393958,-0.067689344,-0.042134292,0.0026919094,0.0033026377,-0.07545283,-0.052388195,-0.048351742,0.016130397,0.016722957,0.08813359,-0.023122508,-0.03943577,-0.031125385,-0.08240146,0.07559957,0.02153552,-0.07839545,0.08433144,0.069060355,0.017400049,-0.05139152,0.08229246,0.017733034
0.01399079,0.00547302,0.039928544,-0.03581968,-0.011304129,0.012955476,0.03821769,-0.029095484,0.013571072,0.037545618,-0.0062970594,-0.07042493,-0.016731083,0.03053708,-0.0057680197,0.011665674,-0.0023997882,0.071933866,-0.044251613,0.007342551,-0.06745533,-0.07295362,0.0065205633,-0.023204673,0.041646007,0.06134814,0.02029474,-0.024892878,-0.0070743887,-0.006749927,0.029648578,0.03210932,-0.0022387055,0.037225265,0.004047328,0.011524159,0.028165622,0.010932751,0.018442417,0.036112994,0.027493674,0.016787903,-0.032392077,-0.014211742,-0.0318315,-0.069154166,-0.054599967,0.023366887,-0.04820001,-0.0037100425,0.0046909535,0.0025970247,0.0034279395,-0.077078775,0.04282117,0.036525294,0.056070853,-0.058764312,-0.04239368,0.0014257455,0.044885773,0.033748217,-0.022765933,0.08786607
-0.06097477,0.05560002,-0.09795303,-0.0055977684,-0.06770255,-0.082427554,-0.046743773,0.08545917,0.023217779,0.08652151,-0.075315066,-0.09247447,0.037511814,0.07660966,0.0987736,-0.092293926,0.016204707,-0.08544566,-0.06317166,-0.060272202,0.06434547,0.08791107,0.0019469227,0.0067569306,-0.03771527,-0.04457132,-0.06534048,0.09381269,0.08402307,-0.02544727,0.019074507,0.027805166,-0.012091033,-0.0008630387,0.08238002,-0.030252222,-0.10089047,0.048228316,0.0054027312,0.060470056,0.007632131,-0.053850323,0.019808004,-0.057527374,-0.06540485,-0.006092845,0.053926904,0.05153929,-0.0034629612,0.07616532,0.03049134,0.04525755,0.03892104,-0.09652122,0.0021235046,-0.007370361,-0.050301954,-0.0019151416,0.09662736,-0.00587805,0.020026939,-0.030953754,0.052014932,-0.04351401
0.04699462,-0.03399728,0.0037303306,0.058988057,-0.0077059674,0.04297701,0.0089237075,0.0025077024,-0.022303209,-0.07485917,-0.040113557,-0.06490346,0.01660564,0.078727745,0.062158894,0.08877947,-0.03972651,-0.08363033,-0.047515947,-0.042617764,0.049643934,-0.092446856,-0.08090884,0.077385925,-0.016769525,-0.04931092,-0.05176362,0.028911758,-0.014814258,-0.03572959,-0.052440647,0.08402418,0.06949861,0.09476837,0.08195241,-0.006999537,0.07575105,0.057819076,0.092409946,-0.07487031,-0.005459906,-0.038940325,-0.057782095,-0.07831462,-0.0052039362,-0.024341041,-0.07280775,-0.097750776,0.069488175,-0.002245354,0.06477425,-0.059112754,0.0008514542,0.0870132,-0.08758257,0.045524877,0.008017697,0.0045210314,-0.04264226,0.04839907,-0.02814488,0.072981834,0.06335383,-0.052364394
-0.032697015,0.06267258,0.0011983247,0.09675675,0.022730704,-0.073050804,-0.083461866,0.070661284,-0.00041564528,0.07606112,-0.05607579,-0.007430215,0.07836412,-0.007837523,-0.05361969,0.014980413,0.0045997356,0.018772073,-0.046370175,0.07045881,-0.005652084,-0.08118309,-0.028498325,0.072673224,-0.025036782,-0.07946005,0.00088946347,0.010335505,-0.05201041,0.049233153,-0.09078628,-0.07679787,0.042573348,0.018124398,-0.02982062,0.049979758,-0.00035011928,-0.023097835,0.03873409,-0.016441245,0.0037237168,-0.016065294,0.028445784,0.029568566,0.0761099,-0.07289758,0.0045463676,0.069529235,0.005933126,0.055595715,-0.06465318,0.095493466,0.04305958,0.08480429,-0.03460553,0.072327696,0.017872157,-0.076797836,0.07733684,0.08440922,0.096386455,0.0829999,-0.06708688,-0.0032948563
0.09287636,-0.06973312,0.078182384,0.0481229,0.0691563,-0.045770418,-0.0018599177,-0.07212377,-0.096653104,0.082356595,0.048803274,-0.028971972,0.009756768,-0.025621528,0.021753844,-0.0645468,0.08043592,-0.018765902,-0.06799166,-0.09217422,0.06398196,0.066294625,-0.050247137,-0.017096652,-0.0945769,-0.026258027,-0.01951083,0.10496524,-0.07299554,-0.050106764,-0.07826968,-0.05787381,0.07517732,-0.0042543,-0.09536319,-0.10215719,0.05195794,-0.0030948394,-0.035802595,-0.04081901,-0.052616455,-0.087576404,0.016823113,0.09305238,-0.08304477,0.05658337,0.077240795,-0.0011252039,0.006915809,-0.09807311,-0.0583328,-0.0021954756,0.06597851,0.06392687,-0.02972327,-0.08395154,-0.06645056,-0.06347121,0.013614947,0.107113756,0.0129788425,-0.07295343,0.009976429,0.053613942
-0.09012264,-0.050371826,0.05868343,-0.048949547,-0.08544614,-0.058652647,-0.08414155,0.053296257,0.09655647,0.075932086,-0.007209528,-0.046902332,0.0929268,0.006820339,0.006934404,-0.0009969526,0.053457666,0.088840276,0.050222714,-0.02853374,-0.049274363,-0.0036409874,-0.09666189,-0.009261415,-0.08600618,0.08026024,0.010688232,0.01037995,-0.059356436,-0.092644796,0.075180024,0.10656848,0.09622299,-0.044680785,0.081888914,-0.09463823,-0.016014276,-0.09584496,0.04195961,-0.002145132,-0.093527965,0.09909539,-0.10636036,0.028470155,0.06590925,0.075410806,-0.08653661,-0.05055771,-0.07854455,0.096173815,-0.07679239,-0.04232157,-0.06543608,-0.0825334,-0.065949,0.053453296,-0.103048444,-0.002903942,0.082913086,-0.09385036,0.076840006,-0.062802084,-0.10310444,-0.030785348
-0.0227121,0.04446722,-0.022182042,-0.017295271,-0.025238333,0.010207855,0.02708752,0.062243316,0.06004803,-0.06955494,-0.09376329,0.06526143,-0.059518866,-0.05669061,-0.053370826,-0.04415877,-0.086190246,0.061226416,-0.075408705,0.03199942,-0.073835485,0.037249524,-0.018036572,-0.046392865,-0.072561406,0.058424093,0.0526454,0.090793274,-0.0005435242,-0.0147834085,0.040029157,-0.06521927,-0.008942537,-0.08039291,0.044342883,-0.07808652,-0.020697558,-0.015263332,-0.0940367,0.058651265,-0.061044548,-0.053652946,0.09907188,-0.092306376,-0.05431944,0.055875763,-0.08383696,-0.025036138,0.02192623,-0.09673403,-0.06527419,-0.09721623,-0.05547162,-0.057622187,-0.09217378,0.056294866,0.015082512,-0.0049571358,-0.08034275,0.04842723,0.033855554,-0.021951789,0.016616786,-0.06301185
0.0052144444,-0.09792461,0.008170283,0.010837173,-0.06657545,0.084737375,-0.08945105,-0.06418605,0.08946164,-0.018419601,0.0027352436,0.041854385,0.09400554,0.010213343,-0.059661224,0.06525957,0.056091364,0.05488185,-0.08521899,-0.06435621,-0.033894736,-0.046384033,0.09120493,0.07373181,0.07596226,-0.088465594,-0.07860159,0.033017848,0.08728182,-0.045754783,0.09207297,0.07670084,0.01552965,-0.059956573,0.06518903,0.068438515,0.07053239,-0.047156043,-0.06314638,0.09276549,-0.06568361,0.014857637,0.062028658,0.054070503,0.02260075,-0.00630631,-0.0365253,0.077082224,-0.09356541,0.08830908,0.08621288,0.06499422,-0.07664961,-0.005568913,-0.029760582,0.03369563,-0.02718051,0.0534523,-0.0033024226,-0.06602825,-0.00093603786,-0.059135,0.052873157,0.02936624
-0.035051752,-0.09503405,0.026042769,0.013977828,0.075151846,0.07265258,-0.047795217,-0.07401072,-0.050478715,-0.09692099,-0.06376162,-0.08808528,-0.048388615,0.07123174,-0.09458816,-0.09385611,0.05348756,-0.006986309,-0.075563855,-0.09938775,-0.079571664,-0.06360117,-0.07950461,-0.05156098,0.05693843,-0.039222334,-0.08215945,-0.08811186,-0.084078915,-0.08826586,-0.05806068,0.0064906906,-0.10789064,-0.0063313562,0.05270142,0.048622552,-0.081313506,0.06827629,-0.06902701,0.09297754,0.008211542,0.023483524,0.005042649,-0.052078266,0.04933171,-0.013710849,0.025676068,0.016487708,-0.0088349795,0.105059,0.02572204,0.07139207,0.0006198034,0.07340119,-0.08731814,0.02561618,0.010458118,-0.022304231,-0.061728153,-0.018528154,-0.07444768,0.10810726,-0.039312273,0.07046282
-0.05209032,-0.0478703,0.09288906,-0.04906365,-0.0871978,0.04560221,0.0015401487,-0.013702541,-0.06576003,0.008106588,0.06726478,-0.09257868,-0.03751891,0.07946559,-0.00027087872,-0.065818176,0.010208914,0.005329668,-0.00018305134,-0.07949668,-0.018811654,-0.06776569,-0.06107568,-0.080939166,0.06815488,-0.035066836,-0.06982963,0.0017187803,0.0677319,0.007580294,-0.090032324,0.08079983,-0.058865257,0.07846739,0.09193114,-0.08789741,0.013112709,0.07040097,-0.07529637,0.10076146,-0.04773525,-0.101414636,0.025891228,-0.06432057,0.072976574,0.020978505,-0.005458413,0.009211517,-0.08362991,0.0053857486,-0.09797294,-0.018515222,-0.0033117873,0.083349936,0.09396005,-0.075051345,-0.09628721,0.08895564,-0.048559755,-0.005293825,0.056047685,-0.08145565,0.01727701,0.016781708
-0.06348407,-0.08753471,-0.017671548,-0.0808857,-0.049166966,0.081166714,-0.071732916,-0.06720021,0.09318981,0.03658473,0.051104408,-0.064876124,0.0081213275,-0.081775405,-0.075040504,-0.010200386,-0.0853829,0.023274893,0.053676013,0.056431185,-0.08787159,0.007443011,0.09432479,-0.065781005,0.0025871464,0.0956912,0.077307336,-0.088384144,-0.012282128,0.05586491,-0.08646533,-0.007658579,-0.013984794,-0.023564242,0.099103235,-0.020676728,0.017178018,-0.060406167,0.06337993,0.037010457,-0.0065882453,0.0028225223,0.08428508,-0.07817162,-0.047845375,-0.028370293,-0.053362697,-0.027498204,-0.07500368,0.09477575,0.023422081,-0.027014084,-0.059580147,0.04400527,-0.08025511,0.0734166,0.04065128,0.063006826,-0.0899285,-0.034722622,-0.076447256,0.08672339,-0.0794228,0.03625911
-0.049979325,-0.035470653,0.001694666,-0.09010396,0.0061204117,-0.06519227,0.057038903,0.0024658174,0.06469842,0.001073554,-0.07599894,-0.050554805,-0.03528125,0.08215119,-0.020471381,0.0072479765,-0.025252476,-0.038901567,-0.062271528,-0.06895446,-0.007193552,0.0750687,-0.056654744,-0.038592033,0.0044232416,0.062396936,0.0026912142,-0.097521484,-0.012458759,-0.10255405,-0.02098542,0.053172354,-0.06603746,-0.042071693,-0.070169665,-0.05801993,-0.08091369,-0.013422805,-0.100228816,0.05261375,-0.002467068,0.09788678,-0.05395449,0.029730741,-0.034831945,-0.085185155,-0.070722714,0.0692722,0.057749134,0.08616858,-0.017646827,-0.10142257,0.059488032,0.09166218,0.08057776,-0.0892199,0.003162216,0.06581207,0.054692775,-0.09615238,-0.0031173371,0.024988264,0.00011554247,0.057735104
0.07045683,0.08688716,-0.062252928,0.08960307,0.010308813,-0.103512734,0.017529337,0.01276573,0.0045369323,-0.089922905,0.06335725,0.06456573,-0.08149202,-0.055864096,-0.099460624,-0.07887561,0.047028814,-0.085094884,-0.02106811,0.0120152375,-0.02763193,0.035403557,-0.08585728,0.09799307,-0.07173854,0.00922306,-0.08231507,-0.012387181,0.079196066,0.010370551,0.008904374,-0.08024803,0.033683855,0.099694096,-0.072236136,-0.02270607,-0.08366325,-0.06854745,-0.01404173,0.08014033,0.023926578,0.01368493,0.070963666,-0.030057574,0.06950383,0.071023375,-0.06187544,-0.09237795,-0.06733082,0.018438417,-0.030364681,-0.07239704,0.07466433,0.07289382,0.060863223,-0.013909598,-0.09307366,-0.055354774,-0.06858709,-0.07985201,-0.013817322,-0.085047126,-0.089084856,-0.02570716
-0.02932139,-0.068290405,0.0026561,0.07428528,0.10025805,-0.08445887,0.08222338,-0.0071431906,0.047544558,-0.09230692,0.04588522,-0.011978045,0.049177725,-0.08270171,-0.049992494,-0.007989457,0.03146519,0.055184986,-0.0058503286,-0.014085905,-0.09279433,0.0093989195,-0.052175935,0.05938526,-0.093563855,0.056653876,0.0649915,0.07719688,-0.09394629,0.00018170771,-0.064753264,-0.005836999,0.0062528937,0.036491558,-0.05602783,-0.07009255,-0.09668656,0.06621812,0.07731583,0.08213273,0.021556394,-0.06285847,-0.08202173,-0.09202922,0.05357053,-0.06818657,0.0662225,0.030649697,-0.011902792,0.05737529,0.0019026251,0.0034092313,0.07339787,0.06434113,-0.01485512,-0.09016821,0.068754464,-0.09368465,0.07494705,0.08933464,0.0068312082,-0.020873468,0.034817845,-0.07964951
0.090728626,0.040909566,-0.0841982,-0.057974275,-0.1042949,-0.0213915,-0.07091078,0.08875746,-0.051213577,-0.086338975,0.0056598107,-0.0061082346,-0.10573271,0.061487116,-0.06291043,-0.09108372,-0.004429166,0.06589507,0.013685074,0.014155388,0.08654448,-0.052904963,0.061711594,-0.049817603,-0.04285941,-0.015449095,0.017997012,0.09375044,0.098383985,-0.06205299,-0.008893542,0.06345361,-0.09635731,0.079047464,0.0017259015,-0.06290649,-0.090396814,-0.07364797,0.030246219,0.09693179,0.0843411,0.01949504,-0.08802996,-0.026186377,0.07417471,-0.05941099,0.03259531,-0.06869836,-0.09154221,-0.096916415,-0.07301313,0.06781914,0.048918378,-0.052445944,-0.07868303,0.09912992,0.07892494,-0.06045372,-0.014414384,-0.026088897,0.07977768,-0.07953363,0.0624567,-0.06537407
0.031781185,0.047006723,-0.072485834,-0.051867444,-0.04191875,0.006958942,0.072808065,-0.05799188,-0.085005626,-0.091085985,0.086330734,0.04149436,-0.0075504733,0.08677328,-0.010709002,0.07937322,0.100632735,-0.08025827,-0.09766246,-0.09619452,0.06639061,0.033952158,0.040002238,-0.021372136,-0.09396903,-0.073958,-0.042218786,0.03592924,-0.08444447,0.007344488,-0.06768031,0.0035955901,0.095455565,-0.082210355,-0.083038926,0.056004524,0.09807616,-0.053565715,-0.08595106,0.001973793,-0.06694658,-0.06838694,-0.0734447,-0.031482,-0.03033833,-0.014615676,0.048594445,-0.06449395,-0.06525647,-0.04668004,-0.05164809,0.043972407,0.059528776,-0.0032711849,0.045928832,-0.008782322,-0.04512419,0.052913684,-0.10300127,-0.012044237,0.06522429,-0.04101825,0.054541696,0.04140824
-0.06226778,0.045455817,-0.09332619,0.056606706,-0.08317474,0.061468285,0.0134283425,-0.08079553,0.0018202023,0.054603297,0.049115803,0.012665327,0.0019493827,0.056918167,0.06458417,-0.07581216,0.07165023,0.0737958,-0.008673453,-0.021069337,-0.06721774,-0.091297574,0.051125683,-0.06868919,-0.034523305,-0.045392532,0.011943456,-0.06813594,0.007045919,0.053550616,-0.06884057,-0.0013145241,0.014217486,-0.09367698,-0.00038218926,0.031036787,0.07752614,0.08899644,-0.0077501307,-0.062276307,-0.045589183,-0.048686445,-0.07413511,-0.024452921,-0.08628407,0.09146485,-0.0640639,0.051972333,-0.09693423,-0.012465844,0.019453108,-0.002987821,-0.081852786,0.05341952,-0.06497105,0.08965787,0.09347762,0.0040471735,0.050377205,-0.09718631,-0.06613047,0.05340057,0.011479691,0.0025538208
-0.0029758823,-0.09557724,0.02654779,-0.0210894,-0.0040583643,0.10024465,0.011308059,0.0071948916,0.07724309,-0.09044134,0.028581016,0.020969957,0.052717876,0.029785316,-0.09216034,-0.06969916,0.008451354,0.008706111,0.08905364,-0.021172382,-0.055261202,0.04376038,-0.08707026,-0.088800274,0.087585874,0.08450401,-0.089477845,0.09426175,-0.09727471,-0.0060061007,0.012695614,-0.0059863883,-0.07296346,0.037783857,-0.0030701002,0.10028021,0.048808344,-0.106841534,-0.035115797,-0.043554943,0.061213866,-0.0761903,0.009951664,-0.009898414,0.049211524,-0.087623335,0.032250945,-0.062127497,0.06996266,-0.040168557,0.0881253,-0.065660335,-0.044717878,0.02573397,-0.0937885,0.036265388,0.052903835,-0.07157288,0.064859875,-0.00882529,-0.09111725,-0.065383285,0.00771403,0.061636284
-0.051878918,0.023334753,-0.024257641,-0.068671376,-0.07025673,-0.0984221,-0.06005464,-0.059921175,-0.06734319,0.09915247,-0.00654175,-0.026069729,0.07445838,0.08152496,-0.012567558,0.034489937,-0.040698845,0.0006532473,0.07496451,-0.052510567,0.019811697,-0.010936501,-0.041827075,0.0017741051,-0.05118953,0.08413774,-0.07459769,0.0005987019,-0.024810443,-0.09094324,-0.08325313,-0.07520209,0.0027377799,-0.07149191,0.033787113,0.013598604,0.023584435,0.050238475,0.05796811,-0.0060878517,-0.019707447,-0.06521549,-0.009675593,0.00038461864,0.04785856,-0.096399814,0.07238251,-0.09354757,0.07247551,-0.026712235,0.07707204,-0.09174694,-0.030829389,0.007214585,0.004145858,-0.018878477,-0.055954758,0.050741266,-0.07003371,0.07766782,0.038801067,0.043363698,-0.015582101,0.08989171
-0.0302804,-0.07804413,0.08054103,-0.01141461,0.061421312,-0.09312703,-0.04887006,0.092470266,-0.015686795,-0.009241887,-0.051468477,-0.021775236,0.015581273,0.100216314,-0.1091178,0.08744719,-0.0071601314,-0.07034523,-0.07261246,-0.021557976,-0.06521454,0.08437495,0.022708012,-0.06290493,-0.025992217,0.0968748,0.0050351885,0.08075186,-0.0635062,0.023959216,0.05465827,-0.06679877,0.033120092,-0.0020826752,-0.010240317,-0.09839301,-0.060746096,0.06541239,0.0004695234,0.059418518,0.070596494,-0.053627815,-0.05505792,-0.05823796,-0.0045638247,-0.06068323,0.06237694,0.051406898,0.0050987354,-0.021926895,0.049455427,-0.05486031,-0.0716296,-0.08351078,-0.08494219,-0.04199209,0.07323388,-0.04665151,0.054983165,0.001026059,0.073265,-0.09098693,0.091109686,0.06560111
-0.104417704,0.054734603,0.007826119,0.00979775,0.086779684,-0.08911388,0.03724429,0.03537303,-0.065209895,0.0727073,-0.0014054428,0.028790276,-0.027110483,-0.057252657,-0.08212846,0.08657854,-0.001452344,-0.06760257,0.085647896,-0.075672925,-0.069747254,0.090183355,0.005706051,-0.0512319,-0.06429742,-0.0030661547,-0.056534555,-0.09706325,-0.057098668,-0.09361078,-0.008709951,0.060543526,-0.033806045,0.077698626,-0.025601782,-0.01002852,0.09678191,-0.07981613,-0.056629606,0.06886309,-0.006976675,0.0129495105,-0.06520378,0.097659536,-0.059879884,0.05155459,-0.078390345,-0.08644627,0.06150075,0.060897667,0.08720882,-0.006239457,-0.02337397,0.032555263,0.015464789,0.0048836176,0.055884756,0.097979896,-0.078587525,-0.06350818,-0.07579124,0.10906362,0.05202736,0.054943465
-0.014340925,-0.097702965,-0.08996365,0.08977505,0.08375742,0.05309458,0.07763902,0.0972727,-0.08496944,0.038731463,0.043408215,0.074612506,-0.08652171,-0.063701995,-0.051727254,0.013094289,-0.03508734,0.0023217753,0.0113071315,0.011281165,0.016939625,-0.09467955,-0.06666003,0.021296369,0.06329484,0.0070385975,-0.027783157,-0.031516705,0.020512128,-0.07434461,0.037652053,-0.08399203,0.023694217,-0.027593043,0.09294483,-0.024432193,-0.046750307,-0.063984364,-0.004241449,0.0846712,0.07260912,0.014943252,-0.034389738,-0.06524977,-0.054053765,0.07759774,0.0697873,0.05275009,0.026424661,0.05509234,-0.023447484,0.031644102,0.06562723,-0.09701262,0.022458129,-0.02672436,0.09286444,0.01421308,0.062167127,0.041527815,-0.042760674,-0.0014976818,-0.07260258,-0.07917797
0.0024074437,-0.05449651,-0.041416172,0.06264301,-0.07562418,0.019806249,-0.034323033,-0.028632134,-0.039895117,-0.0065054563,-0.08584645,-0.07677872,0.081809185,0.041674115,0.06910584,0.098562494,0.05377769,-0.078905016,0.0017154416,-0.06805851,-0.0006229912,0.038228583,-0.03476016,0.018049698,-0.096468806,0.0268028,0.007892813,0.073364444,-0.057300583,0.08165526,6.1635554e-05,-0.10095938,-0.08621338,0.00031633844,0.11038239,-0.085598335,0.014940639,0.055797044,0.08664399,0.009512732,-0.10310653,-0.028667077,-0.09645231,0.07336398,-0.03783844,0.033411954,0.06336126,-0.09316701,-0.07008982,0.029752478,0.09434147,0.095842086,-0.03599326,0.08342783,0.08729336,0.106100045,0.061021905,-0.04739085,-0.07565724,0.072112486,-0.037724797,0.05704427,0.025624935,-0.059607215
0.053448576,0.0019147468,0.07780091,-0.07803549,-0.0045505506,0.013890996,-0.09331646,-0.082208276,-0.025931148,-0.030544955,0.101049356,-0.026521115,-0.09638898,0.06960423,0.09065051,0.018878313,0.00091096596,0.07412155,-0.048910502,-0.085188955,-0.017806366,-0.060307704,-0.03320662,-0.097772785,0.0440571,0.02028552,-0.0017106859,-0.03031966,-0.01836891,-0.039859664,0.0068027554,-0.098620266,-0.059141457,0.060989037,0.09215188,-0.068693355,-0.01940132,-0.043195084,0.071430594,-0.010713366,-0.040538106,-0.10804274,-0.099407814,-0.0012063639,-0.017387215,0.0065426673,0.054169625,0.053348504,-0.012613539,-0.06292256,-0.0006804605,-0.084200785,0.107653,-0.066277996,0.06901882,0.0034626056,-0.011191063,0.053328175,0.059907712,0.05620728,-0.0917944,-0.07147356,-0.07340212,0.07218994
-0.0048206807,-0.053886876,0.004944708,-0.09604378,-0.007869651,0.06386579,-0.074001014,-0.09468656,-0.088501915,0.07977331,-0.07824631,0.041854363,0.023682706,0.075490996,-0.0683345,0.0035993436,0.031557523,0.00013713841,0.047001272,-0.05781219,-0.011404462,0.022034284,-0.0012853965,-0.015227735,-0.07755173,0.032990612,-0.07924262,0.055774447,0.08687864,-0.005350954,0.07575299,-0.08475834,-0.0067434125,-0.03248948,0.012506309,0.073935054,0.072299734,-0.0942398,-0.07168464,-0.075773366,-0.05796321,-0.050456963,-0.0809076,0.08430944,-0.085690744,-0.08376624,-0.0392454,0.03683824,-0.080514796,0.06886608,-0.07773961,0.0045979903,0.0898064,-0.060723525,-0.06542875,-0.07548979,-0.025189258,-0.076628044,0.08183152,0.017585915,-0.0775067,-0.012095885,-0.099316925,-0.008943027
-0.025924506,0.09435987,0.010895024,-0.065998524,-0.08170335,-0.11101469,-0.04528181,-0.064852186,0.072477326,-0.06868962,0.07046191,0.03599196,0.04552702,-0.053939883,-0.08633372,0.07752859,-0.04235816,-0.10687035,0.045951772,0.008352191,-0.062000148,0.077396795,0.095573306,0.004332898,-0.06563167,-0.093933195,-0.083552115,-0.05420839,-0.008352027,-0.029751146,-0.03377397,-0.048627153,-0.06040204,-0.084685996,0.08993136,-0.076102115,0.07906951,0.09757352,0.06456241,0.08022616,-0.001004062,0.0934667,0.04539049,-0.09359421,0.04939979,0.07257567,0.0652996,0.0024316509,0.08863069,0.053504802,-0.090600215,0.0430773,0.0014832022,-0.07396909,-0.08283524,-0.0095722005,-0.017251475,0.06452936,0.082119666,0.08158891,-0.04341662,0.08214958,-0.058770634,0.0025801435
-0.11256557,-0.06115801,-0.054486897,-0.019565215,0.100193456,-0.07875918,0.06687442,0.05548162,0.02086208,-0.09050314,-0.02125882,0.0003576136,0.00461581,-0.019695828,-0.08946601,0.049603645,-0.0136144925,0.033086322,-0.0074247946,-0.04664855,-0.058521993,0.005317827,0.012290018,0.10749829,-0.0036131726,-0.037691183,-0.020382008,0.03147091,0.10034462,0.09439882,-0.03207715,-0.07010687,0.062084462,0.07923592,-0.009161559,-0.06092655,-0.0048284577,0.087058544,-0.055575714,-0.08188753,0.07049027,0.016310375,0.088763125,0.063217096,-0.0077306842,0.0734129,-0.038083073,0.00862859,0.076262675,-0.05055668,-0.09949654,-0.0024661878,0.084193,-0.099811114,-0.04459641,-0.058076624,-0.020913232,0.08045396,-0.09151964,0.07213499,-0.075579375,-0.025586467,-0.0656832,0.01012778
0.019399086,-0.08069805,-0.06653416,-0.0072917333,-0.01601901,-0.06705067,-0.044633515,-0.07404312,0.012382347,0.093444146,-0.05337706,0.09810567,0.021500975,-0.06974298,0.06340638,0.026532223,-0.059657607,0.07213288,-0.08182809,0.049923267,0.054869965,0.0463236,0.10326985,0.08914571,0.09665588,-0.0770624,-0.07682191,-0.08806132,-0.010758678,0.066748224,0.105000846,0.0009101236,-0.01590488,-0.094729856,0.06613775,-0.014956836,0.09261387,-0.0015520355,0.09162038,-0.062468637,-0.03913146,0.10507852,-0.08051025,-0.055283666,-0.10733868,-0.07120256,-0.09168381,-0.0593481,0.03027137,0.047932196,-0.05158272,0.029612867,0.012807445,-0.018767824,0.0103226695,0.06364876,-0.07682946,0.081102826,0.009096213,0.08648041,0.063832745,0.09931202,-0.02844612,0.077225894
-0.09698566,-0.046705704,-0.074780166,0.0958138,0.077156916,0.0780163,-0.054805357,-0.017608492,0.0036504855,0.06333527,0.040574048,0.021140294,-0.011569991,0.09433946,0.06770533,0.09539775,-0.073123604,0.06550648,-0.010706994,0.04566089,-0.062421955,-0.056268748,0.056392748,-0.07792466,-0.0032674938,0.09319548,-0.04543479,-0.064467914,0.010294566,-0.08493206,0.0802464,-0.085198306,0.083504565,-0.07119484,-0.09688024,-0.04966361,0.07729737,0.08291202,-0.10449797,-0.066950016,0.07905005,-0.0092263855,0.07114049,-0.06442048,0.020813782,-0.0067124213,-0.09131358,-0.02551598,0.038959477,-0.043686453,0.005885299,0.06782165,-0.07784729,0.08839326,0.013373212,0.034972206,0.098845154,0.0901836,0.09493679,-0.007215864,0.10406771,0.07172043,-0.055097863,0.06405044
-0.023602303,0.04644576,0.07920958,0.076494396,0.077216394,-0.0678756,-0.06663876,-0.043780137,-0.07314636,-0.07975822,-0.0009938467,-0.031301353,0.014810898,0.087516084,0.07726755,-0.057853807,0.03988178,0.056635488,0.014051585,0.10222129,-7.6961645e-05,-0.03982831,0.057792276,-0.006903372,0.05540917,0.057651162,0.056895286,0.0730954,-0.002312283,0.0010912693,0.06909492,0.06531155,-0.007341273,-0.08757443,-0.098289326,-0.07938312,-0.07892447,0.057765823,-0.09077928,-0.06652862,-0.09613237,0.0020550678,-0.008913557,-0.04382353,-0.04893228,0.088914,0.040526878,-0.09802554,0.045579072,0.093025275,0.059306618,0.0656713,-0.049722876,-0.059065692,-0.012112382,-0.0059348866,0.019325819,-0.021684324,-0.021455383,0.06629575,-0.018299136,-0.07422142,0.0076482077,0.10592175
0.073461026,-0.009281621,-0.06506404,0.06574896,0.07524193,0.0781715,0.028986631,0.047216233,-0.0060100504,-0.06633275,-0.09169667,-0.09629866,-0.104468584,-0.04083051,0.05031967,-0.019818252,0.07660507,-0.07873904,-0.09256935,-0.090877526,0.08102264,-0.0713209,-0.09363741,-0.087071836,0.079263344,-0.015467722,1.1078839e-05,-0.017503427,-0.032783043,0.06495152,0.06366096,-0.053013287,0.022795934,0.0030501664,0.097540155,-0.022088032,0.03565796,0.020186823,-0.10263938,-0.08767374,-0.07500537,-0.040771443,-0.014013161,0.0028528806,-0.09575222,-0.0715544,-0.07946779,0.052473728,0.0070631686,0.08107409,-0.0018906601,0.093990564,0.011071647,0.091971934,-0.013161539,0.08349692,0.073464565,0.01969421,0.071838275,0.0051787016,0.0790465,-0.10060129,0.092397876,0.0772586
0.012668246,-0.085610576,-0.059322927,-0.06919276,0.08902227,-0.08253149,0.025824279,-0.009640276,-0.08592077,-0.05256958,0.073852696,-0.0055982796,0.09303725,-0.061766274,-0.04802835,-0.06059965,-0.081277005,0.0030839662,0.07179957,0.02432263,0.071858674,0.08844567,0.04035749,0.061838806,0.045482676,0.046856515,-0.0027782093,0.089874916,0.03805581,-0.0495736,0.03444527,-0.077914424,0.08434911,-0.074373454,0.08948898,0.019589309,0.0018158819,0.0012730366,-0.002854164,-0.0020670714,0.028881487,-0.0630905,0.07306578,0.07254901,0.042011444,0.047768142,0.071725875,0.022449775,0.020663353,0.0709149,-0.07849218,-0.07830427,0.06343893,0.09798501,0.028456055,0.05395498,-0.050359305,-0.009744124,-0.08894045,0.05869482,-0.06467079,-0.105089955,-0.05312082,-0.07546837
0.06045944,0.07679809,-0.09359384,-0.09125571,0.037374385,-0.009529861,-0.019968143,0.019899296,-0.026302991,0.00044240337,0.084369875,-0.0035577836,0.03626946,-0.08006869,0.024147715,-0.023301074,-0.071415,-0.08103869,-0.08334246,-0.08033186,-0.007879262,-0.09663519,-0.010892452,-0.0028695108,0.09949489,0.011791172,-0.08393607,-0.0016543375,0.097228326,0.094334014,0.056003243,-0.082003325,0.050647337,0.040130813,0.09499788,-0.058454122,-0.03033996,0.08543025,0.014268589,0.007275391,0.019082937,0.053508915,0.071949616,-0.10419322,0.045061603,-0.05920841,-0.08246061,-0.06646499,-0.0075861453,-0.08323091,0.049434148,-0.01061846,-0.09235787,-0.009574097,0.069975875,0.034566388,0.009319806,-0.07217616,0.024853269,0.018840196,-0.030193858,-0.0146711,-0.007903606,0.0778622
0.0690864,-0.05963964,0.0024138493,-0.09427321,0.10238233,-0.0460681,0.06467944,0.0041921716,-0.0769322,-0.015494152,0.040951442,0.08604066,-0.028453505,0.019325608,-0.057541292,-0.06658241,-0.009527158,0.09102408,-0.09409703,-0.031689093,0.09893812,-0.04927532,-0.015482303,0.031448524,0.011566252,-0.048182808,-0.08763592,-0.05521297,0.084551156,0.040968943,0.068209104,0.0026824225,0.014448284,0.027925625,0.043773998,-0.06999276,-0.025681812,-0.009230475,0.08175238,0.065246224,0.010810837,0.08088482,-0.011123165,-0.10005902,-0.0032532702,0.07171679,0.076823086,0.038425006,0.011866002,-0.0008366575,-0.085556775,0.027526597,-0.053828612,-0.07842775,-0.075416744,0.041849297,0.049816173,-0.07623939,-0.055134844,-0.05148601,-0.00789112,-0.1046999,-0.01310563,0.014865634
-0.09179522,-0.014586715,-0.002646622,0.06682555,0.07378519,-0.08322551,0.033482496,0.056277093,-0.080721,0.07660547,-0.05264067,-0.05363231,0.002546599,0.076602094,0.08455968,-0.083151154,-0.016700694,-0.012178566,-0.0790954,-0.083411194,0.0064514177,-0.08103645,0.083188646,0.055461377,0.08988159,-0.058260664,0.003416854,-0.0032847621,0.014617414,0.044417012,0.07664387,-0.05931164,-0.009768627,0.04133812,0.09872752,0.09642384,-0.07730137,-0.05024458,0.039956667,0.04771823,-0.016722806,-0.0520702,-0.07826609,0.08433277,0.066015944,-0.09024691,0.07518922,-0.098646566,-0.014902797,0.10088906,-0.09853595,-0.087405376,0.08140777,0.0074735903,0.085503235,-0.063205846,0.028976038,-0.07155123,0.052464265,0.065096855,0.024572155,-0.07225228,-0.010675555,0.009406552
0.0028650959,-0.006584265,0.023854015,-0.094599344,0.0008691227,0.04476912,-0.03633053,-0.078403294,0.009522509,0.011388028,0.095121786,-0.01710136,-0.054887284,0.0428222,0.07455768,-0.0014688176,0.055680513,0.07368967,-0.053855114,0.04332601,0.020413117,0.051710907,-0.06267632,-0.010563878,0.0219361,-0.093174785,0.019588856,0.04991584,-0.027995173,-0.054586925,0.041476298,0.07047503,-0.0049869176,0.083027184,0.067433365,-0.07110574,-0.020720426,0.015834432,0.03642896,0.080768175,-0.09685072,-0.07125853,-0.053985175,0.03676816,-0.07743542,-0.07854385,-0.0062364372,-0.09142774,0.058438044,0.066952236,0.07010012,0.064949565,-0.012499666,0.092150316,-0.056325864,0.0012800075,0.07469483,-0.020406159,0.015683154,0.092942275,-0.09057895,-0.052080043,-0.098205775,0.05049417
-0.013628382,0.04656089,-0.0671818,0.056618832,0.07659191,-0.021832787,-0.048629012,-0.04297823,0.07007894,-0.07011286,0.050128706,-0.05759661,0.050936118,0.0048583737,-0.008675816,-0.061265264,-0.013837151,-0.024335982,-0.09521765,0.069036424,0.01579553,0.014267316,-0.08345201,-0.045616385,0.065879524,0.05829299,0.027233304,0.029991122,-0.095155686,0.012551686,0.06281611,-0.09268931,-0.044169232,-0.019848984,0.085966565,-0.016497146,-0.055999994,-0.08466178,0.08126658,-0.09987034,-0.10238349,-0.08795291,0.00038837554,0.06944332,0.05944684,-0.00942546,-0.060703848,-0.00016723423,0.057033554,0.031832363,-0.037075847,-0.08702165,0.07826988,-0.07036306,0.0414387,0.02681088,0.004420457,0.09785112,0.07998878,0.07144652,0.011781356,-0.034005668,0.06626639,-0.05188952
-0.047720525,-0.010276808,-0.026609179,-0.049635798,0.070374094,-0.024680398,-0.04896983,0.06650792,-0.028729394,0.07461963,0.033358313,-0.06757294,0.093484156,-0.08084256,0.057009917,0.0501631,-0.05733299,0.021685554,-0.08927178,0.06698626,-0.0024898122,-0.09100914,0.044123236,-0.06430867,-0.0847504,0.027772566,0.08271429,0.03483291,-0.045635488,-0.008153117,-0.09313557,-0.064192325,-0.036893073,0.053454183,0.06028504,0.050960835,0.053542525,-0.04533956,0.09870112,-0.056012988,8.670602e-05,-0.059088767,-0.09454014,-0.027677722,-0.06693209,-0.05984528,-0.09320556,0.099069834,0.06949442,0.05890589,0.029268766,0.062301792,-0.053234078,0.06052056,-0.00075485033,0.00048931537,0.0066600167,0.022581026,-0.005317443,-0.023604423,-0.07859582,-0.08492939,0.0019826316,0.015722075
0.096589655,0.05353876,0.0845232,0.0051787854,-0.0610981,-0.02999176,0.03642225,0.08372078,0.016517613,0.06686841,0.0831528,0.06252701,0.05185573,-0.049970135,0.025378944,0.0050790515,-0.09932351,-0.012047148,-0.065262765,-0.09731319,-0.03141157,0.042888895,0.0890963,0.10421002,0.0007047086,0.013708898,0.017597577,-0.017703487,0.08806049,-0.0725836,0.009607081,-0.06711898,-0.10546833,0.07929795,0.04712464,0.079118475,0.061966076,-0.095633306,0.08217185,0.08274904,0.09105917,-0.029951902,-0.026350033,0.048643034,0.06613964,0.032382555,0.058326446,0.06296413,0.074926555,0.046649657,-0.0967039,-0.0023964203,-0.079107374,-0.027560767,0.0751532,-0.07559728,0.09724383,0.0714327,0.07753161,0.08502031,-0.06828807,0.013726871,-0.007994522,-0.09551268
0.058831178,-0.018638521,-0.037203096,-0.041042525,-0.008072595,0.069929846,-0.09819084,-0.09796838,0.024070902,0.06407213,-0.090419516,-0.06241848,-0.011363979,-0.05269283,-0.090400234,-0.08720815,0.085659176,-0.07310692,0.095354564,-0.078654654,0.006178025,-0.0042002043,-0.09278793,-0.09678777,-0.047977854,-0.030567683,0.07586031,0.06602874,-0.007655631,-0.07708544,0.008326805,-0.057789687,-0.061705068,0.09207449,-0.009272235,0.04531876,0.08788689,0.06520055,-0.05078523,-0.018733617,-0.10415562,0.094065994,-0.010127193,-0.07760011,-0.038901214,-0.031289235,-0.015485288,-0.081960134,-0.095180206,0.059023194,-0.018711952,-0.05144666,-0.08295803,-0.102306776,-0.0062323012,-0.040369265,0.0061239875,0.02123431,0.021135665,0.034001198,-0.06114208,-0.09620178,0.068171255,0.004118004
-0.0047211996,-0.046300963,-0.05250027,-0.0069222166,0.023052413,0.082880095,-0.06059005,0.010443301,-0.010908317,-0.085851125,-0.022008864,-0.08195032,-0.096022666,0.06601467,0.0752451,0.075979434,0.036612548,0.1013442,0.07211083,0.097380936,-0.059475075,0.029002361,-0.051611345,-0.027390294,-0.08468098,0.08119781,-0.025043385,-0.084768295,-0.06514734,-0.08829001,0.06019895,-0.0006383122,0.073479295,0.059249304,-0.06660708,-0.031491272,0.07032612,0.03803566,-0.046305995,0.029552463,-0.05761372,-0.088641085,0.09837296,0.05597349,-0.051934227,-0.0067904494,-0.08810412,0.087078,0.0727698,-0.044740763,-0.054892763,0.08023642,-0.077584155,-0.076385096,0.09167649,0.020014752,0.0784752,-0.084218256,-0.04498807,-0.07578478,0.049729988,0.00073157024,0.065773346,0.061564647
0.040564273,0.012527119,-0.04643299,-0.0047782077,-0.089041926,-0.06343518,0.096203245,0.07955987,-0.011133374,0.07689545,-0.086394735,0.0952388,-0.072086036,0.042399645,-0.067650266,0.06465755,-0.06396049,0.07870817,-0.0076291515,-0.06419959,-0.059767038,-0.080668315,-0.05173756,0.09012556,-0.06775251,-0.098261215,0.08315687,0.07285642,-0.020798827,-0.06960055,0.030175487,0.007545986,0.051567927,0.056793507,-0.04814351,0.05764844,0.08206333,-0.06420282,-0.09281543,0.05633158,0.0023831928,0.0027113368,-0.05541697,-0.03164879,0.097176656,0.033583947,0.0061883414,-0.090392955,-0.06241232,-0.055045553,0.0025158778,-0.029036637,-0.013461921,0.087071374,-0.09316651,-0.08410608,0.0013668966,0.06701305,0.05528965,0.011552858,0.038563043,0.018384581,0.061285865,-0.09173172
-0.092620715,0.089434005,-0.098228514,0.018625855,0.005781935,-0.07322888,0.03595573,0.061952524,-0.0027735324,0.05486696,0.009055058,-0.078811236,0.006203184,-0.048242033,-0.043214176,-0.07303919,0.08830816,0.025748303,0.09597099,0.07567703,-0.065912485,-0.013307393,0.0879764,-0.09389407,-0.032767877,0.0654995,-0.0034649682,-0.007686447,0.07227442,-0.008923648,-0.049359046,-0.03740411,-0.09555161,0.09618008,0.06249659,0.035213977,-0.010822777,-0.081157334,0.093327746,0.007232177,0.056240153,-0.089741886,0.012565417,0.091241084,-0.0031744116,0.0028230187,0.100796744,-0.057421226,0.005084803,0.014952158,0.010544251,-0.08014396,0.09591341,0.083465874,0.09644825,-0.09985078,0.07262762,-0.08147995,0.06838111,-0.030773314,0.050907325,-0.10471104,-0.10036211,-0.033992004
0.09160178,-0.06778326,-0.05466544,-0.01911762,-0.07201902,-0.05539812,0.018422572,-0.096738905,0.09506323,0.019597905,0.042494576,-0.046333533,-0.059919916,0.066392146,0.049775157,-0.08959818,-0.08434803,0.0047764373,-0.011492961,-0.00741417,-0.09871458,-0.0064509767,0.061550494,-0.102917865,-0.0939171,-0.031804882,0.039217107,0.071043916,0.0018742073,0.022446964,0.043617878,0.05800266,-0.06452443,0.06532589,-0.019935995,-0.019550795,0.058120895,-0.007582196,0.09389137,-0.09380101,0.09329109,-0.057916693,0.08741412,-0.040520012,-0.05438141,0.009057973,0.06594814,-0.07815504,-0.08762777,-0.02016116,0.09932377,-0.06312646,-0.030619293,0.0037618887,-0.09802525,0.031242032,-0.07116782,-0.08252419,-0.0047072223,-0.005586399,0.104563855,0.086855955,-0.05839943,0.00012503359
0.06582474,-0.034429688,0.010360561,-0.0895145,-0.0058093145,-0.05504322,0.064680666,0.07197402,0.061172463,0.05785154,0.04044877,-0.08582583,0.034963146,-0.005371762,-0.017529558,0.013652828,0.01236603,0.071785696,-0.08703492,-0.08456627,0.036470804,-0.0067065796,-0.07385552,0.033801567,-0.015088252,-0.020716265,-0.085203275,-0.0046859276,0.050239787,0.073816836,0.05418,-0.006633539,0.09434737,-0.071311064,0.09747273,0.08227146,0.00019397699,-0.08778219,0.0015294264,-0.003236396,0.1119183,-0.09348388,-0.10018728,0.004421839,-0.0064319656,0.08348622,-0.061227355,-0.06623251,0.08631081,-0.056216516,-0.06632365,0.03472377,0.07506482,-0.045644082,0.07477327,-0.07717349,-0.044670425,-0.094604194,-0.06481359,-0.08496754,-0.0064655566,0.04772937,0.0012616881,0.09416714
0.04408501,0.046521634,-0.004202321,-0.07884291,-0.052603267,-0.08495726,0.007948411,0.09932345,0.04866287,-0.10404044,0.03465641,0.056579724,-0.0708076,-0.062274057,-0.08847699,-0.0807024,-0.10246514,-0.06061322,0.04604274,0.098193705,0.07070584,-0.00023612872,0.08173847,0.09778813,0.03693509,-0.07252167,0.095674135,-0.08169584,-0.081628986,-0.08107388,0.06402883,0.050532714,-0.07148059,-0.033798642,-0.07327237,0.0714351,-0.09991161,0.019805208,-0.052983124,0.07644541,0.05043719,-0.071710505,-0.10478997,0.030963544,0.08745216,-0.03811694,0.000106025764,-0.014446594,0.08112014,0.0030952531,-0.10072965,0.0093201585,0.06917223,-0.022219652,-0.078797035,0.056804027,0.06856531,0.0688205,-0.002946845,0.039063882,0.06831586,-0.0051896875,0.059333846,0.09047586
-0.08530607,-0.019259468,-0.090042196,0.071556635,0.08462699,0.06009253,0.0051437253,0.03015691,6.150003e-05,0.084149554,0.006803416,0.03961104,0.029153802,-0.00012764099,0.070921965,0.08731419,-0.014027394,0.07867876,-0.011313079,0.0013226588,0.062966496,0.07060288,0.0047538234,-0.085483596,-0.03620706,0.07703032,0.035168026,0.092439964,-0.026301112,0.093332134,0.060869932,0.058821775,0.087004974,0.021298885,0.004520457,0.0581905,-0.052169383,0.07415129,0.054926813,-0.0044164457,0.0647954,0.06763762,0.05263218,-0.032657962,0.017415011,0.012898592,-0.07324389,-0.0853585,-0.0893507,0.05356467,-0.08459017,-0.055062387,0.089506485,0.063944325,-0.087733395,0.006716091,-0.07306424,-0.06808999,-0.068723954,-0.013039613,-0.07703092,0.094049364,0.06782601,0.012677711
0.090566866,0.04542616,-0.08666806,0.07611941,-0.00014927806,0.025154803,0.10030687,0.06665415,-0.040917546,0.003208031,0.005972572,-0.08218147,0.079818405,0.05824227,-0.08587445,0.09876311,-0.11069627,-0.104213595,0.05969238,0.06395248,-0.032712817,-0.10225111,-0.0059920973,0.036532056,-0.015412427,0.0662032,0.031310722,0.010968232,0.026263205,-0.07666876,0.06390093,0.087715745,-0.09061997,0.090488486,-0.07924401,-0.027103422,-0.0133971935,0.08131127,-0.0399346,-0.039931145,0.07741241,-0.096398026,-0.08012753,-0.0054562353,-0.023671897,-0.0011179489,0.04810944,0.07872836,0.00799677,-0.081482574,-0.08501119,-0.018582517,0.0730644,0.06293999,-0.05561638,-0.024891157,0.086211614,-0.090271585,-0.04931768,0.04565536,-0.04416933,0.05822617,0.07217286,-0.07999907
-0.07529605,0.07049841,-0.059389137,0.07241074,-0.08137644,0.07295096,0.023256695,-0.07017669,-0.09386886,0.0013033266,0.085225895,0.09428242,-0.03484541,0.086417645,0.010130715,-0.08212882,0.014648675,-0.0811251,-0.019032316,-0.08444427,0.05513717,0.03391384,-0.0104160905,-0.008581165,0.09101515,-0.028249204,0.05901863,-0.071666986,0.08454579,-0.017948307,0.014256894,-0.0031277302,0.0137643125,0.099429786,-0.047759194,-0.045409635,0.07645206,0.030026963,0.07084083,-0.058148704,-0.07847121,0.042961244,-0.027311254,0.098132305,-0.02494923,0.004539676,0.09290766,-0.0004973085,-0.05976204,-0.0023283595,0.04936543,-0.0557525,-0.062186833,0.09626027,0.011701355,-0.06773535,0.060336206,-0.03217577,0.031348564,-0.07422592,0.05401907,-0.0012247426,-0.029640138,-0.0049852785
0.09242958,0.05247001,0.0012960668,-0.07875421,0.023375418,-0.035186414,0.09520709,0.0035909936,0.09626251,0.04848931,-0.09132204,-0.051796515,-0.0865596,-0.08962613,0.0579666,0.0035176289,-0.03021689,0.0002545612,0.09015954,-0.020452324,-0.088358164,0.1032486,0.055194817,-0.05866532,-0.08248569,-0.06292261,0.06437434,-0.06284544,0.08470251,0.077343635,-0.04758677,0.060626864,-0.01527319,0.081053436,0.058792103,0.09141311,0.080496565,-0.058672093,0.09644859,0.06908734,0.049644195,-0.006458662,0.0010318566,0.028336,0.06645741,0.06718214,-0.07821128,-0.0658586,0.06346759,-0.0082921535,0.09829443,-0.035972033,0.016556624,0.019164147,0.07826514,0.06918231,-0.097764,0.07046484,0.05182325,-0.029922567,-0.0070073246,0.053375155,0.08144314,-0.09957307
0.030730365,-0.027691504,0.053552654,-0.054141056,-0.09698508,-0.0057218485,-0.07487973,-0.050779194,0.08798427,0.08363082,-0.08584166,0.002060548,0.012017023,0.10039507,0.06972788,0.067669526,0.10645199,0.07575285,-0.009728664,-0.09721546,0.010552057,0.09640921,0.019029342,0.06431001,-0.005253261,0.028641153,0.012347707,-0.022879085,0.008377913,0.016044846,0.06664521,-0.044203885,-0.07597583,-0.027978307,-0.04903479,0.07626987,-0.04042581,-0.026855748,0.0026405344,0.0077990955,-0.08408154,0.083745524,-0.043256532,-0.010246905,0.08651155,-0.07813861,0.08792823,-0.0065957163,-0.030028038,-0.05708063,-0.068472244,0.060044847,-0.0058084023,-0.04910102,-0.068375476,0.08472105,0.010713049,-0.06388765,0.026862536,-0.0927495,-0.03176281,0.0009377212,0.051065132,-0.0713536
-0.014616863,0.058983643,0.06930028,0.09126861,0.017241575,-0.015392305,0.07984094,-0.09956479,-0.08721932,-0.036884967,0.054236922,-0.07584843,-0.089431755,0.062676296,0.0051701656,-0.0050356314,-0.08956425,-0.024991373,0.008992185,-0.06476071,-0.093052,0.0010501351,-0.068896964,0.0019467823,-0.046877485,-0.08523051,-0.056322895,0.05297443,0.046972267,-0.09056127,-0.09013197,0.09307723,0.059591327,0.08086528,-0.003438354,0.07344689,-0.07537744,-0.0889927,-0.092306614,-0.037816774,-0.08454053,0.106362835,-0.09187636,-0.037395608,0.013614694,0.031922482,0.10060816,0.10818694,-0.07624898,0.028254323,0.040573087,0.07768979,0.0887725,-0.008759335,0.0076584234,-0.070867024,-0.044294346,0.031969108,0.02437254,0.08510833,-0.08212543,0.007185971,0.058706667,-0.07103661
-0.09235869,0.09246502,-0.07927857,0.100526,-0.0797201,-0.09336727,0.06426726,0.07168768,0.074269764,0.0026934121,-0.050768286,-0.06538067,-0.052259587,0.07801274,0.06904914,0.071450464,-0.07663787,0.095736764,0.0046074186,0.039760143,-0.09886666,0.089553885,-0.06318389,-0.06574851,-0.09280013,-0.052503046,0.090413176,0.044209562,0.054790083,0.049782746,0.0036262665,-0.10148763,-0.046336956,-0.063377164,-0.064993545,0.005952775,0.022027774,-0.07806009,0.0843206,0.06489832,-0.09885857,0.099308185,-0.071170606,0.0016884498,-0.01284573,0.06782206,0.019534133,-0.055820826,-0.025575768,0.008675493,-0.07356801,0.022017308,0.03712685,0.038293634,-0.07975131,0.027312638,-0.065447345,0.0040201675,-0.005583083,-0.06449115,-0.0080754645,-0.03268418,-0.046544354,-0.06370468
0.0058450587,0.09910437,-0.013708742,-0.05898761,-0.09796632,0.09312214,-0.014292535,0.030263593,0.053479604,-0.06185782,-0.07459387,0.07736254,0.0031504992,-0.09134593,0.053351056,0.0058248774,0.005740994,-0.0424327,0.069956735,0.06723439,0.0905117,0.005041075,0.028479433,-0.07399886,-0.03339018,0.038948894,0.025586719,0.083338186,0.04502494,-0.06499402,0.03768139,0.035577845,0.021098211,-0.078802526,0.072885975,-0.006905016,0.0011916088,-0.053749908,0.007075234,-0.07507205,0.07298025,0.08509837,0.098975234,-0.07172704,0.0058715506,0.03581676,0.06932571,-0.020100094,-0.05555985,-0.011564458,-0.0029248782,0.065089665,0.0126309395,-0.013417913,0.08322701,0.054748338,0.07715791,0.03304135,-0.08587662,0.065354235,-0.028200977,-0.07781953,0.08776974,-0.06275071
-0.07665147,-0.08054891,-0.062561564,0.06309448,0.09168733,-0.100603126,-0.07841596,-0.06882492,-0.011497531,-0.08571422,0.08885551,0.07306176,-0.05692976,0.013437344,0.057419896,-0.06531885,-0.046246696,-0.0036151954,0.05592155,0.0961948,0.021117993,0.099373035,-0.07674599,-0.06777054,0.06388702,0.0738868,0.037366834,0.0529092,0.0649558,0.018345183,0.0063973283,0.04340055,0.043108106,-0.004137915,0.09982492,-0.05965736,-0.061936237,-0.031527888,0.081548385,0.07554765,0.036032125,-0.046102557,-0.06772803,-0.08199709,0.075205006,-0.04555025,0.046429344,-0.06973704,-0.054755587,0.08096317,-0.010889716,0.041750092,-0.093529165,0.08174082,-0.08722577,-0.052358698,0.026081322,-0.098607205,-0.008588225,0.086055525,-0.032657016,-0.077138245,0.057086635,0.026662447
0.015000139,0.0010770191,0.026810957,-0.034725104,-0.010445601,0.0060947677,0.056396484,0.04854334,-0.025001267,0.052106496,-0.046619438,0.046452478,0.006755514,0.010457518,-0.086745605,-0.06657283,-0.0017840579,-0.030150136,0.07694908,0.0758378,-0.044362817,-0.05524488,0.040787198,-0.06544965,-0.0017122775,-0.08533142,-0.08764617,0.07763981,0.006867073,-0.07360876,0.0030497636,-0.028967256,0.076542646,-0.012665876,-0.01861116,0.05223923,0.07632039,0.02158235,-0.050292388,0.058029495,0.07413177,-0.009827978,-0.070017524,-0.004417507,-0.034578115,-0.05951974,-0.0072428146,0.084633775,0.06874029,0.08992372,-0.059274167,0.086850725,-0.016406145,-0.09253915,-0.013126672,0.10072482,0.07749778,0.07505334,0.06509558,0.0065553375,-0.049739655,-0.09142064,-0.08156038,-0.03460772
0.1002885,-0.0859187,0.074390516,-0.049946565,-0.05586439,-0.047942225,-0.05666355,-0.08889538,-0.05986247,0.08638,0.0793194,-0.039537195,0.0534259,-0.08214836,-0.105798975,0.06944222,0.010405236,0.05369589,0.09122128,-0.021809481,0.068397366,-0.097692,0.0061420877,0.06334404,0.0032527985,-0.012031097,-0.026438922,0.048257675,0.00021995103,0.0021615087,-0.020575216,-0.06049267,0.066242486,-0.05012237,0.045764003,0.044824082,-0.07443098,0.09823593,0.023372235,-0.07993349,0.10544357,0.044967253,0.022109933,0.09625187,0.0734194,-0.041571777,0.0081406,0.08462342,0.08652227,-0.10615382,0.003134314,-0.06891093,0.065249674,0.037537128,-0.05823288,0.08631051,0.051646255,0.074728265,0.054123607,0.007697938,-0.08667869,0.066279754,-0.08649208,0.009774938
-0.054818,0.077253416,-0.08371065,0.021858627,0.022625597,0.062440086,0.05318169,0.009585496,-0.0683238,0.076238796,0.017399034,-0.06570841,-0.06899463,0.008331342,-0.021758357,-0.0783644,-0.06125682,0.019108402,0.008633675,-0.065349884,-0.08419809,-0.008846133,0.030072812,-0.05733635,0.09634127,0.050937735,-0.025181707,-0.07912032,-0.09756625,-0.04687102,-0.0044285366,-0.064398855,-0.07486958,-0.0956605,0.07264736,-0.07421748,0.086796984,0.062727965,-0.019662526,-0.094136134,-0.09786391,-0.008928485,-0.046433352,-0.023616225,0.07525285,0.09843548,0.0132342195,-0.107772544,0.07150047,-0.009756043,-0.03986305,-0.08892523,-0.028885644,-0.034359775,0.0645349,0.057932474,-0.028598838,-0.05856272,-0.0129196765,-0.09494778,0.05050893,-0.10177558,-0.0026464981,-0.04543858
-0.006282763,-0.012818288,-0.0073598316,0.005612661,0.05357003,-0.09582546,-0.06666465,-0.0036887717,-0.025562987,0.02205864,0.03518984,-0.06479823,0.084619984,-0.05629175,0.005756709,0.028885307,0.010814726,-0.047309514,-0.0017894288,0.10138059,-0.059334043,0.08588695,-0.08562124,0.09635559,0.04975518,-0.07121191,0.014832448,-0.0072647394,-0.059912983,-0.019496368,-0.066757105,-0.05639071,-0.024699265,-0.082137495,-0.046498515,-0.05954224,-0.06494932,0.015650954,0.05192447,0.043507315,0.057258792,-0.023243671,0.04437776,0.0131902285,-0.0050894613,0.087094784,-0.046493728,-0.08684568,-0.078623675,-0.06256019,0.09674584,-0.035643697,-0.045265466,0.019450502,0.08886445,0.019703852,0.09024443,0.0765012,-9.110847e-05,0.02662844,0.059903163,-0.03484808,0.057630524,-0.041969474
-0.044536624,0.09699119,0.072237715,0.06292687,-0.02825164,-0.09608071,-0.048181247,-0.010577418,-0.02720607,-0.0024187427,0.013788273,0.008180054,-0.06503528,0.08158621,0.07982148,-0.08384813,0.026768694,-0.07703514,-0.016454173,0.006877493,0.054765303,0.057767533,-0.089190274,-0.078925505,-0.041860614,-0.0002567439,-0.030493101,0.02916124,0.08168739,-0.07770069,-0.09780983,0.07766944,-0.046673574,0.10185531,-0.04062795,0.0949941,0.085474424,-0.048399847,0.015351514,0.010455706,0.10981519,0.0005022349,0.042185392,0.031441532,-0.046239216,0.063359156,0.067602955,0.08905761,0.1033678,-0.08275486,0.01515486,-0.062242914,0.022209015,0.06606391,0.07914621,0.03894983,-0.023082798,0.0668677,-0.08012026,-0.067781456,0.08650238,-0.009240512,0.047927853,0.023082621
-0.0474895,-0.069445886,-0.055471648,-0.029232701,-0.0110583315,-0.050280284,-0.013418185,-0.0069137304,-0.099185854,-0.05304573,-0.084572345,0.0954498,0.0135945175,0.0037895956,-0.08513277,0.09330353,0.025365429,0.07722026,0.058490664,0.0039611673,-0.080777384,-0.053445965,-0.09252333,0.006855843,-0.0932544,0.0004999967,-0.00050878007,-0.05836087,-0.0006290074,0.04197002,-0.06380469,-0.0563802,-0.04390841,0.024718864,-0.02030612,0.07218633,0.06844096,-0.08438632,0.085082605,0.0869355,-0.081730805,0.010744139,0.02458715,0.058796186,0.051926848,0.0003880274,0.050504003,0.00059258234,0.06130148,0.015981585,0.09438155,0.0070321085,0.06669618,-0.060943596,0.038217634,0.0047259023,-0.0048138606,-0.07045255,-0.082390316,-0.094119065,-0.05493915,0.0025826856,-0.0025780804,-0.08555474
0.037145384,-0.057716504,-0.09081193,0.10370903,0.059666324,0.08734464,0.03181726,0.097027615,-0.00010783129,-0.09504651,-0.08910989,0.03204512,0.030875923,-0.0050926683,-0.08119363,-0.050302535,-0.098636664,0.070072226,-0.070601165,-0.0811937,-0.08946175,0.103962585,0.01699713,-0.068373516,0.09097161,0.08491436,0.058702886,0.097920515,-0.023821747,-0.004352532,-0.047129188,-0.03515273,-0.05238901,-0.07078433,0.09443073,0.066724226,-0.095707275,0.09315298,0.056233607,0.06684014,0.04732825,-0.03348228,-0.06870223,0.0816589,0.07262487,-0.052043192,-0.080221966,-0.08059483,0.10019109,-0.040679917,0.087349,-0.0432129,-0.029518291,0.0025779959,-0.05106935,0.095821545,0.078559846,-0.060635608,0.03797731,-0.05318018,-0.1058319,0.027158232,0.09176027,0.078144394
0.03275339,-0.046986684,-0.07992668,0.038340084,-0.008245527,-0.01048602,0.05646814,0.09598125,-0.07613843,0.09565219,-0.07635248,-0.034709364,-0.0062333844,-0.0058262195,0.09326708,0.05998906,-0.06345972,-0.046814937,-0.05383945,0.03888618,0.0042407336,-0.06917165,0.0826609,0.04969394,0.06746678,-0.004817263,0.094376214,-0.064262964,0.061439134,-0.09538629,0.05808931,0.055094775,0.06577715,-0.09322163,0.025606187,0.09940758,-0.04776944,-0.0120657375,0.10464693,-0.081176706,-0.04412484,0.094412476,0.024625512,0.02859614,-0.0021155083,-0.007445304,0.07982518,0.09051426,0.048902545,-0.048521016,0.047930732,0.0009660812,-0.080916636,0.012096028,-0.013076576,0.01718624,0.03274763,0.0422676,-0.087835215,-0.00463588,-0.07654021,0.060047466,0.086259186,-0.02223224
0.037111327,0.07561587,0.0778081,-0.0098699685,-0.007894765,-0.017881997,0.07436235,-0.089212045,-0.015691217,0.07556045,-0.06712423,-0.103954285,-0.008351593,0.010311449,-0.02999663,-0.012572351,-0.00924972,-0.029096648,0.020900028,0.033683315,-0.059390407,-0.08223642,-0.05474106,-0.0016105955,0.019373048,0.09051411,0.017500808,0.040254172,0.054773957,0.07641068,-0.09851024,-0.019820519,-0.014564799,0.084744014,0.07811643,0.09516589,-0.046699353,0.024475165,-0.014560224,0.07651158,-0.087854624,0.06902818,0.045186527,0.09222838,0.057265975,0.046862323,0.058353383,-0.03163599,0.07345558,0.031354845,0.04957971,-0.071630724,0.052080773,0.06617059,0.059118386,0.051108018,-0.015974415,0.06280235,-0.06350476,0.06696467,-0.07897458,-0.08963403,0.011276358,0.017725715
0.00838353,-0.009958742,0.05117416,0.05359697,0.0801869,-0.06739312,-0.013100348,-0.056795266,-0.061347876,-0.077923805,0.0037527438,0.07689325,-0.08391134,0.016433323,-0.07848094,0.0044190916,-0.0125831505,-0.07541383,0.07028445,0.09204016,0.075812645,-0.0043512164,-0.051628616,-0.0018752201,0.05967819,-0.100559175,0.10238341,-0.07738344,0.014878033,-0.073997244,-0.057437174,-0.09563093,0.052227538,0.07034896,0.07026947,0.08156704,-0.073396415,-0.060877338,-0.089986295,0.0029132995,0.08414289,0.075691596,-0.041448977,0.012711524,0.08770721,-0.083353214,0.06906517,-0.08069778,-0.076496586,0.081090435,-0.0814888,0.011138843,0.07229015,0.019768566,-0.07589405,0.028156858,-0.05502544,-0.056225907,0.09094814,-0.004756443,0.07755693,0.015898585,0.003232282,-0.0084766755
-0.06818483,0.07526323,-0.07728049,0.07986833,-0.07839526,0.008180802,0.050137665,-0.09250437,-0.010037389,8.170077e-05,-0.054523528,0.009964411,-0.017998056,0.09070323,0.006979782,0.067400604,-0.05170839,0.058982067,0.020914687,-0.029040458,0.050469715,-0.09556315,0.005427029,-0.07323291,-0.02071315,-0.08594163,0.06835232,0.04031714,0.08106052,-0.030240597,0.054745432,-0.032884,0.057002876,0.011696628,6.5236614e-05,0.0050266227,0.08645263,0.046112698,0.0013340748,0.05927796,-0.04482235,0.048561033,0.01843024,-0.015457247,-0.07324886,0.074436866,0.044818453,0.0039014441,0.036743484,0.06284149,-0.08691433,-0.011198905,0.025085635,-0.04748756,0.0874267,-0.022302914,0.03876697,-0.007999769,0.080912896,-0.068997405,-0.060167868,-0.09700482,0.0977806,0.07768704
-0.055302832,0.0039074663,-0.0101644695,-0.014070049,0.06955234,-0.07663964,0.048182793,0.080814205,0.00078790024,-0.057008058,0.0606822,0.052147564,-0.10257495,0.0038175941,0.09843333,0.078638285,0.054217193,-0.035296034,-0.07105504,-0.06533837,0.07197576,-0.003971227,0.012233735,-0.0006029676,0.07533898,-0.031803153,0.07477506,-0.10044362,0.08081222,-0.09246649,0.07064529,0.09305174,-0.015537449,0.06054387,0.09891291,-0.021232765,0.00098318,-0.055720862,0.06652445,-0.080906875,0.08592511,0.043986592,0.037901185,0.06492773,-0.06520192,0.09099245,-0.084996834,0.09490422,-0.06469154,0.07688712,0.072887726,0.029750966,-0.073701136,0.012335772,0.06083078,0.008436376,-0.036931932,0.077973254,0.019469215,0.087546796,0.09533002,-0.019617327,0.09427779,0.07642568
0.014153666,0.06995312,-0.01982706,-0.0765826,-0.00063965074,-0.06486057,-0.08578786,-0.038073555,-0.09403906,0.04104123,0.0037212414,-0.051028892,0.0364941,0.09493444,-0.037058257,0.07335205,0.0045786183,0.06845546,0.079764076,-0.075733155,-0.048968993,-0.07099778,0.021737453,0.015078049,-0.08773704,0.016492771,-0.006215249,-0.015646763,-0.021123959,-0.02346755,0.09705452,-0.08945708,0.07582122,-0.060661517,-0.07389349,0.0574165,0.059712946,0.07639715,0.0783887,-0.0045203203,0.09837784,-0.08134474,0.0046482957,0.07416845,0.054036964,0.0102501875,0.05978358,-0.019391626,-0.08901085,-0.0964429,-0.0038269071,0.010682143,-0.039508004,-0.051210158,0.016270276,0.061087314,-0.09683316,-0.074958086,-0.0111403065,-0.060385827,-0.062084317,0.045800477,0.018269774,0.009593898
-0.008524597,0.07040945,-0.022145448,0.085322045,0.09054471,0.0065332465,-0.05835365,-0.01971081,0.07851638,0.030648021,-0.09399429,0.016110249,0.0767039,-0.04660493,0.06448255,0.050517857,0.06271715,-0.01984962,0.045475513,0.051710118,-0.0441586,-0.03747236,-0.009793594,-0.0012622393,-0.035655998,-0.06698625,0.0060549304,-0.05623879,0.087164074,-0.06304911,0.016869025,-0.10203127,-0.09351332,-0.0674632,-0.09799181,-0.0061948276,-0.023103617,-0.09373829,0.09643742,0.07097389,-0.057972867,0.04385521,0.009495028,0.0032154603,0.07333214,0.0024261184,-0.019843597,0.007859154,-0.032439325,0.044480477,0.053196248,-0.027221268,0.008924039,0.010685833,0.07606239,0.06719837,-0.0035913624,0.08742362,0.028475963,0.00694322,-0.05677805,0.081571765,-0.0029545906,0.0254188
0.058739785,-0.0027453562,0.06994255,-0.0012984561,0.052242152,0.054656737,-0.07519227,0.07601732,0.08294367,-0.08605922,-0.045179848,0.05748536,-0.054292284,0.07090864,0.03615751,0.03798471,-0.012450418,0.008422094,-0.07110108,-0.00413298,-0.039298475,-0.05692534,-0.059148073,-0.06096926,0.025464926,-0.09481875,0.007455499,0.036092997,-0.07941351,0.09614641,0.09518722,0.09603675,-0.07605964,-0.037350938,-0.04783279,-0.010521222,-0.05888795,0.003026319,0.060868148,-0.04802107,-0.051131014,-0.06431056,-0.08271294,0.090278596,0.05642953,-0.037437577,0.027689386,-0.0974267,0.08369061,0.054737076,-0.0971592,-0.077397004,0.059352417,-0.07165472,0.01194884,0.09765157,-0.06198325,-0.057731386,-0.06224757,0.01187766,-0.07456487,-0.039396267,-0.069807895,0.08861579
0.04647467,-0.008017582,0.059043925,-0.06692403,0.0731993,-0.07287294,-0.013098926,0.06700019,0.0763522,0.03587084,0.06271796,0.015739618,0.06297641,-0.003029479,0.038326636,0.09845402,-0.07552639,0.08200572,-0.004409849,-0.08601436,-0.017733244,-0.044323258,0.041172706,-0.09431646,-0.0864611,-0.015380774,0.054434408,0.07906006,0.0068620276,-0.056014553,0.010623195,-0.07761313,0.056873348,0.0054837493,0.06512368,-0.09571627,0.0007333576,-0.06896,-0.051213086,-0.10224674,-0.0096170185,-0.025179423,-0.096517354,-0.045229312,-0.034883153,-0.0134090455,-0.067244716,0.062440205,0.05778262,-0.07825023,0.08970348,-0.09302483,0.03560162,0.03585503,-0.049431216,0.015345394,-0.09142087,0.0026804172,-0.09500988,-0.06578101,-0.06886506,-0.018338542,-0.005231051,-0.014426203
-0.04418974,-0.03526093,-0.031629417,0.067141704,0.056255586,-0.093628205,-0.065940894,0.025557356,-0.06739328,-0.012050018,-0.026807908,0.10736724,0.06332508,-0.02900176,0.082933575,-0.02954904,-0.07826838,0.09830965,0.019179042,-0.06758824,-0.06912476,-0.07631164,-0.044516027,0.07060509,-0.018256763,0.058909785,0.05682949,0.019200673,0.06771198,0.040428374,0.07482841,-0.08156692,0.0152309835,0.021225363,-0.0005028524,0.072291344,-0.06368459,-0.07174605,0.05119177,0.00191111,-0.060688242,0.008396097,0.089724906,0.0026492493,0.036723886,-0.04271887,-0.082552895,-0.07199056,0.059328683,0.028644046,-0.036400735,-0.0013353463,-0.068653904,0.015132909,0.006888196,-0.044818692,0.053927884,-0.071963415,-0.058742207,0.09922946,-0.0132678095,0.020618236,0.03307634,-0.0021106845
-0.061831936,0.063688226,0.04785113,0.0941545,0.07838684,-0.01916071,0.06699731,0.08699217,-0.009909919,-0.009170275,-0.059880063,0.083652996,-0.020561997,-0.07268346,0.0732281,0.021316582,0.07854774,0.008482227,-0.05339766,-0.10024302,-0.013938819,0.069218054,-0.048421737,0.009130413,-0.011145597,-0.055355195,-0.05558169,-0.059543986,0.021710334,-0.026021687,0.056143325,0.07467936,-0.0971141,0.04966103,0.065280035,0.014605368,0.09340666,-0.034159858,-0.00907123,0.06360767,-0.007611854,-0.057467833,0.08717723,-0.008728063,0.0021992836,-0.07768822,0.08073125,0.092731066,0.071757965,-0.07265071,0.07406477,0.091079466,-0.078594334,-0.05992519,-0.07133406,0.0011303003,-0.0036477419,-0.09114832,-0.033888545,-0.0021805041,-0.07812307,0.09735237,-0.007981761,0.06649871
0.012961112,-0.011749703,-0.09206573,-0.05456037,0.041152924,0.073630095,-0.09123036,0.053995736,-0.008005605,-0.029515484,0.0915193,-0.051997915,-0.06776524,-0.08021687,0.023922766,0.0050054654,0.08071587,-0.056159694,-0.0036681828,0.0167159,-0.07668801,0.089771464,-0.006645145,-0.06192091,-0.0056117983,0.074192755,-0.10847649,0.009817069,-0.012852158,-0.10747838,-0.07300213,0.061387468,0.06815754,0.08777621,-0.05917336,0.079847574,-0.048788533,-0.047941867,0.046664663,-0.09808224,0.05662818,0.084713146,0.09783489,0.0824826,-0.013649911,-0.094742954,-0.087708466,0.10269803,-0.06713228,0.058127653,0.013635139,-0.053476978,0.09172013,-0.06710016,-0.06940403,-0.09947747,-0.062861,-0.085418105,0.05465811,0.08860044,-0.006839993,-0.06733073,-0.09808304,-0.07083826
0.031920895,-0.04556981,-0.07422512,-0.03920901,0.061101586,-0.06528278,0.049509834,0.093654156,-0.0010059085,0.049630843,0.0848898,-0.09819709,0.075018495,-0.0099381395,0.019447634,-0.030984405,-0.07508614,-0.0702956,0.04258635,-0.07018635,0.036193885,0.0037412192,-0.08059658,0.08449796,-0.068459295,-0.048494928,0.014997297,-0.06645641,0.08328036,0.07903918,0.035092488,-0.024191184,-0.02701681,0.05504095,-0.011515,0.019811105,0.007993452,0.069336645,-0.0069547305,0.07940783,-0.026603492,0.09370455,-0.06718639,-0.075683415,0.02627464,-0.051370133,0.035500582,0.0836808,-0.076066956,-0.051786408,-0.011380142,-0.095952965,-0.030367285,-0.024636565,-0.08282795,0.007983518,0.06316586,0.0925239,-0.06533308,-0.08264443,0.02363041,0.07803774,0.07520109,0.022080094
0.020106634,-0.07752074,-0.100990355,-0.09435764,0.005259718,-0.0909899,-0.00746168,0.08590215,0.08137196,0.06750936,-0.021892453,0.035454202,-0.014566789,-0.089331284,-0.0009235226,-0.07871958,0.08556625,0.039047305,-0.06618193,-0.059548922,-0.08948677,0.08248004,-0.06024382,0.06719947,0.037081283,-0.11110235,-0.06740442,-0.08596672,-0.0094607975,0.037276577,-0.049998913,-0.10923375,-0.07284549,-0.053479,0.07246782,0.0953776,0.057495136,0.070729665,-0.0712439,0.012481672,0.039041795,0.053805232,0.06040975,-0.044453997,0.07306118,0.02001753,-0.068199486,-0.068120584,0.084287465,-0.08475233,-0.09742329,-0.07814054,-0.077939756,-0.008741495,-0.08687301,-0.0772042,-0.0105964625,-0.01912736,-0.05023901,0.06995581,0.057184897,0.0813986,0.083100125,0.06569031
-0.06479473,-0.018483154,0.059056073,-0.053831715,0.0600482,-0.053864427,-0.087361515,0.053454407,-0.058547456,0.088535324,-0.092107214,0.0967369,-0.064897254,-0.056270722,-0.012490579,0.047401592,-0.045400474,-0.043129027,-0.037437662,-0.01429703,0.06808661,-0.001945815,-0.08489585,0.014646487,-0.09177294,0.04734165,0.07202545,0.096222706,0.024920797,0.018219648,-0.09364475,0.044796072,0.007311461,0.08974112,0.091548525,-0.015668258,0.081269994,-0.077992946,-0.09048626,-0.028015897,-0.048850786,0.077059165,0.02086443,-0.04944527,0.057959102,0.058633268,0.10241886,-0.0488296,0.057736155,0.006226949,-0.066800214,-0.07527774,0.010873343,0.10091091,-0.06677332,-0.035841636,-0.013787783,-0.06468419,-0.023775766,-0.08805757,-0.09104961,0.044993993,-0.010038282,-0.076940395
0.064702556,-0.066745,0.04974538,0.08241441,-0.025200283,0.06434201,0.049861923,0.053069316,-0.053895146,0.079278894,0.018242186,0.07500413,0.068067476,-0.068637975,0.019775948,-0.09843607,0.0707889,-0.027151665,-0.10555294,0.049545053,-0.0112625165,-0.08025225,0.0050242175,0.018870505,-0.00095998903,-0.07627136,0.04284682,-0.09542391,0.026614042,-0.07511399,-0.08423303,0.06638864,0.024128001,-0.027807321,0.07082793,0.026026411,0.010637052,0.04829825,-0.04591087,0.019159297,-0.0021921254,0.0902977,0.096512906,-0.065652534,-0.08449415,0.08893066,-0.106333636,-0.024660543,0.07358397,-0.004801773,0.019543432,-0.009374702,0.056255795,-0.07995876,0.06497832,0.09339513,0.0027609922,-0.041094277,-0.07785426,-0.01642924,-0.007171666,0.08836937,-0.026912384,-0.08579623
0.07420595,0.07090296,0.01323157,-0.069519594,-0.024875866,0.061053064,0.049052067,-0.0649113,-0.021738486,0.04575623,0.051827803,-0.06253576,0.08638949,-0.08661116,-0.00928908,0.0061224103,-0.0004737009,0.0052927197,0.010122118,0.08837308,-0.07599323,-0.070570014,0.07520482,-0.058312483,0.05602296,0.007642674,-0.081738085,0.106647275,-0.09336903,0.002169463,0.05065701,0.044225886,-0.08942911,-0.08818918,-0.06644416,-0.008611227,0.0075864233,0.08519322,0.055395897,-0.00087105914,-0.074346766,-0.026938226,0.06386617,0.039345834,0.06310797,-0.023488559,0.014685236,-0.07269288,0.06830532,0.07952281,0.04645821,-0.07198008,-0.013997451,-0.03574641,0.06681418,-0.0274565,0.06912658,0.022649206,-0.058518905,-0.097693816,0.054517057,0.094835356,-0.036147743,-0.03511842
-0.032917246,0.005251151,0.07294314,0.025050713,-0.05235904,0.055305775,-0.016264666,-0.07377026,-0.043468103,0.04517472,0.07411503,-0.032711793,0.0063717123,0.062081914,0.017205935,0.054777924,-0.06039935,-0.013250233,0.05635144,-0.08401832,-0.10022076,0.052462455,-0.048816565,0.026155794,0.00584227,0.05249835,-0.09255974,0.024708137,0.022160847,0.058875132,0.0037501827,0.08942479,-0.095626436,0.079216585,0.033027958,-0.06776911,-0.070363805,0.08938976,0.039290167,0.0022395859,-0.043612808,-0.098496266,-0.07548874,0.05290935,0.051112443,0.03597655,-0.057726856,-0.0151932975,-0.045387015,0.00056914525,-0.040386245,0.067906104,0.009858235,0.040775653,-0.033624534,-0.06126333,-0.044692434,-0.046512075,0.009408839,-0.06394939,-0.07269483,-0.088452585,0.023255259,-0.0049294867
-0.04962637,-0.039785773,-0.06496619,-0.0007093328,-0.085505724,0.06323576,0.03408691,-0.08023343,0.081842914,0.09221663,-0.08705788,-0.019872816,0.008590403,0.06791543,-0.006183509,0.0895903,0.0895248,-0.087932035,0.051628064,-0.09673067,-0.085061654,-0.07408581,-0.059253484,0.07813679,0.010392867,0.06079883,0.090328656,0.091081396,0.07783041,0.0016849975,0.021295631,0.02824567,-0.011113989,-0.07536306,0.026851341,-0.09287313,-0.0061714016,0.012582361,0.0048235594,0.08124926,-0.010166546,0.019658765,0.0023979922,0.09349122,0.084861755,-0.032692365,0.05382453,-0.07267142,0.05794505,-0.012494441,0.08065014,-0.01794843,-0.0027117915,0.06977132,-0.0037149407,-0.036648996,0.030943327,0.023959301,-0.03334834,0.022249237,0.059450492,-0.06140607,-0.07497703,0.084751755
0.0056391503,-0.000572564,0.030396974,-0.09582683,-0.006343538,-0.062391557,-0.013477238,-0.009680219,-0.06632374,0.06018807,-0.00080179534,0.07843787,-0.029476097,-0.0861936,-0.09077567,-0.0042198533,0.09774405,-0.056710094,-0.054791156,-0.07958968,-0.055176057,-0.0020380858,-0.06381414,-0.10127904,-0.08207056,-0.06579217,0.011319854,0.08357485,0.014620958,0.098751076,-0.03316406,-0.084558606,-0.033691153,-0.05756365,0.06487483,-0.090652786,0.0068893456,0.10276748,-0.043123033,-0.077399634,0.05357676,-0.049043525,-0.010404469,0.038395993,-0.085140094,0.009037223,0.082202844,0.10744068,0.038020156,0.02139883,-0.07741772,0.06561815,-0.10215066,0.06739919,-0.010538959,-0.035320092,-0.07685587,0.009296647,-0.018500464,0.05999595,-0.06264238,0.027059712,0.10861602,0.024626896
-0.0016760044,0.06624351,-0.008422191,-0.054462813,-0.036486126,-0.028459935,-0.01153516,0.08007832,-0.040484644,0.09302625,-0.018231317,-0.041986123,-0.05611751,-0.05144853,-0.028032811,-0.029695185,-0.051944163,-0.053085014,-0.017218282,0.015708799,-0.023831623,-0.09382717,0.062229138,-0.0786509,0.10460898,-0.0062382687,-0.016639529,0.0070676054,-0.08503278,0.033585493,-0.089672096,-0.07413605,-0.009688988,-0.02323537,-0.067566544,0.08129929,0.06065627,0.059628185,-0.08160982,-0.007641588,0.08532457,0.006097579,0.09127088,0.08987926,0.07433961,-0.09096214,-0.05824248,0.04213682,-0.08079112,-0.057830237,-0.026422953,-0.0007008112,-0.0934153,0.020370662,0.012692147,0.04729191,-0.08435566,0.078570865,0.100345835,0.011559336,-0.06591305,-0.064939454,-0.08978749,0.008499335
-0.025601324,0.005560706,0.0034082267,0.09629217,-0.067453474,-0.058274377,0.0084678065,-0.04611696,0.013110239,0.041851755,0.023985349,-0.060770962,-0.08193698,-0.024721852,0.048186164,0.05372089,-0.07412155,0.056268994,-0.014751257,0.008517355,0.0975649,-0.09305326,-0.09659978,0.046853885,0.03472522,-0.0030112378,0.044204365,-0.060711402,0.04108649,-0.013680158,0.081772245,-0.07288047,0.08933836,0.041183166,-0.08273292,0.0073923026,-0.099389456,-0.0324046,-0.08928291,-0.07637197,-0.07270064,-0.0016283708,0.021395173,0.088896446,0.01513803,-0.037079126,0.07721121,0.072248,-0.10028946,0.054284796,0.080974475,-0.058350943,0.033654526,-0.08499055,-0.06496955,-0.05478673,0.039709292,-0.0072048353,-0.09234448,0.03808497,0.06680267,-0.009085582,0.084790565,-0.0119544165
0.10136187,0.039466903,-0.10048137,-0.020534426,0.07817938,0.079891965,-0.064911574,0.09401311,-0.034508076,-0.06270582,-0.05707322,-0.08451705,0.056843534,0.05456825,0.053989712,-0.03535369,0.06536077,0.11197948,-0.021306796,0.061883826,0.014802481,0.030662889,-0.042810805,-0.06628696,-0.06116224,-0.091978915,-0.07417138,-0.09469726,0.075028114,-0.081626095,0.059088744,-0.0046579046,-0.04826384,-0.05504967,-0.06363187,0.080839016,-0.07035396,0.087620124,-0.04179852,-0.063942835,-0.032902896,0.085585214,0.012901276,-0.08964486,0.09594935,0.077903464,-0.037353884,-0.08021076,-0.06280177,0.040467314,-0.0026294342,0.055883873,-0.07851632,-0.07452786,-0.09797107,-0.06931507,0.009425039,-0.08735872,-0.090265185,-0.0063143927,0.08652105,-0.012578861,0.06397512,0.0020208308
-0.07523152,0.076098345,0.001065227,0.07141409,0.021620719,-0.04866098,0.05654511,-0.04237461,0.07909989,-0.08057008,-0.08757634,0.063204765,-0.050293967,0.04469982,0.073358804,-0.07164283,-0.025079392,-0.01922514,0.06080284,-0.03404127,0.07488527,-0.06382671,0.104327016,-0.010099774,-0.014369241,-0.06726661,0.0610306,-0.0609972,-0.0075575267,0.07518736,0.05154458,-0.0019279225,-0.07081807,-0.08292199,-0.020860856,0.011129169,0.028096259,0.018783094,-0.0033937732,0.0022584293,0.013256511,-0.016290072,0.06764389,-0.017731478,0.07185824,-0.07618227,0.089477204,0.027900841,-0.08261668,0.10096069,0.05475807,-0.00012381459,0.088038355,0.0792322,0.015530302,0.012755398,0.06434645,0.08293345,-0.06763646,-0.05490594,-0.07659932,0.05712827,0.046803784,0.04853022
0.01593283,-0.00086042634,0.069163084,0.02642711,0.062949724,0.09537382,0.005099433,-0.006441461,-0.09169735,-0.03516019,0.055293545,0.060378887,0.00943674,0.022122107,-0.08405131,0.051197693,0.09753135,0.047216576,0.07687449,-0.03591516,-0.07923498,-0.003335696,-0.047849536,0.0726617,-0.052605458,0.030119829,-0.09139368,0.052069783,-0.050969698,-0.0749052,-0.008461008,-0.048351407,0.07766783,0.050878394,0.07916329,-0.08529774,-0.0026073225,-0.08280668,0.023929227,-0.027721183,0.083244056,0.10515467,0.09695299,-0.06458863,0.026556559,-0.063032776,-0.048281793,-0.006989705,-0.09512002,0.010623457,-0.009961639,-0.04968812,0.07914352,0.09842797,-0.07331437,0.099456586,-0.09475553,0.0065849116,-0.08957474,-0.10196957,0.07377403,-0.0055306326,0.009941289,-0.0808866
-0.012319596,-0.06966162,-0.09207904,0.0085712075,-0.0063292496,-0.028838232,0.063260704,-0.0493324,-0.07183702,0.044639025,0.09976109,0.0031773616,-0.094607145,0.062050696,0.013515463,-0.046514828,-0.048883777,0.033774383,-0.085244305,-0.009334325,0.033102416,0.0042571165,0.03973096,-0.064389504,0.012018831,-0.04559966,-0.0013913313,0.07948605,0.07492195,0.07711976,-0.04933274,0.0075351764,0.06504388,-0.05047764,-0.042843908,-0.0610301,0.07972531,-0.08812614,0.05028658,-0.0074288603,0.005492611,-0.054293662,-0.07539939,0.05523288,0.0834912,0.016293367,-0.093721144,-0.07594662,0.019995848,-0.09486236,0.043685444,-0.052287217,-0.09008781,0.07657461,-0.0077595655,0.036615238,-0.0019165709,0.017825585,0.0713354,0.062808245,-0.01099924,0.023442302,0.022152694,-0.010086313
0.04952824,0.011109881,0.08525765,0.07972919,-0.0066546868,0.02360219,-0.02698548,0.033184122,0.007641348,-0.06500059,-0.061308395,0.06351628,-0.012425632,0.02672961,-0.021296278,0.05143664,0.07015406,-0.01808476,-0.051761907,-0.043847606,-0.07358779,-0.046734657,0.07101714,0.0057223337,0.010602179,0.07065935,0.059127502,0.00087482843,0.08402638,-0.06704484,-0.037759274,0.08757427,0.059867527,0.014620563,0.03135779,0.00052908855,-0.059273727,0.030467339,0.040772684,-0.047096662,0.06731609,-0.06689166,-0.015817817,0.080567,-0.01208571,-0.031099577,0.065042555,0.05112172,-0.005194485,0.043960556,0.050317947,-0.08027391,-0.0080481805,0.050100766,0.012102999,0.016894765,0.007001208,-0.004834688,0.00903923,-0.0017884813,-0.00011892078,-0.056836605,-0.04523132,0.0137027195
-0.09153908,0.060479186,-0.046205692,0.073535405,-0.040282883,0.056373183,0.017314939,-0.014718153,-0.099456884,-0.055685237,-0.09594423,-0.07050572,0.046828475,-0.04630022,-0.07814821,-0.061307218,-0.10078581,-0.042789537,-0.054659802,-0.0003553303,-0.06819304,0.06739857,0.09621971,0.05472439,-0.00044874902,-0.086568005,0.07135712,0.032528903,0.052989673,0.08446097,-0.06440283,0.03981479,0.014174943,0.09699096,-0.064867124,-0.06295188,-0.027448123,-0.09262704,-0.06834336,0.09683824,0.0024037664,0.0707254,-0.08100477,0.09312393,-0.00828902,0.09162852,-0.011463562,0.06439608,0.07719571,-0.08549813,0.057578783,0.022209937,-0.001237669,-0.0141945565,0.0011466393,-0.053640287,-0.06308579,-0.03849892,-0.066745386,-0.073672466,-0.07465442,-0.082843855,0.05643969,0.057886418
0.058864426,-0.052011993,-0.090229236,-0.10266229,0.07301723,0.078379214,-0.074783705,0.05255748,-0.0060480633,0.08113591,-0.060934626,-0.05382434,0.05714046,-0.10294858,-0.033467896,-0.08114047,-0.09686718,0.081857726,-0.076922946,0.007012537,-0.06640115,-0.035197668,0.020475507,0.0010005896,0.08462479,0.010209066,0.0747281,-0.00096543675,0.012733977,-0.06676102,0.0069635003,-0.09736265,0.0759062,-0.085226506,-0.053544346,-0.022942094,0.07788373,-0.073523045,0.01595987,0.03395301,0.0036190795,0.010275012,0.09826474,-0.07375234,-0.08128329,-0.07499722,0.0889886,0.08446534,0.027059045,0.015211759,-0.035739243,-0.09378872,0.07421912,0.08519105,-0.04696064,0.04260476,0.059006885,-0.04346591,0.015106135,0.018729882,0.0074214647,0.093642764,0.008963499,-0.06453963
0.0037282556,0.093432814,0.04327301,-0.020271596,0.10873762,-0.055464532,0.09414209,-0.10276722,0.020379582,0.034898765,-0.04796343,-0.10324274,0.07094482,-0.07124149,-0.018780807,-0.085254796,-0.08086055,0.08457787,-0.06158081,-0.10284716,-0.0803891,-0.057759717,0.072790764,-0.091366716,-0.027264638,0.07724859,-0.037708104,-0.012502014,-0.035828862,0.0918285,-0.09157338,0.077776134,0.059515048,-0.09042489,-0.06518236,-0.08245187,0.074595094,-0.012610101,-0.035684522,0.056344237,-0.084295996,0.08444003,-0.0078031314,-0.07079117,0.08949782,-0.068985656,-0.08502756,-0.013198981,-0.028168006,-0.06354468,-0.06992462,-0.07097994,0.06038722,0.021854514,-0.02365674,-0.048157346,-0.06455586,0.09257981,0.09287049,-0.02071555,0.056863442,0.08511967,0.07598083,-0.07120564
0.005422592,0.09047539,-0.003974528,0.05144957,0.077938385,-0.054710705,0.019692121,0.04321392,0.0063354904,0.021172365,0.008584472,0.05124835,-0.042395823,-0.07219194,-0.09418169,-0.049833238,0.012548633,0.05785671,0.0876222,-0.10650185,-0.05489298,-0.075278156,0.017315704,0.024535364,0.09627874,-0.070855826,0.08084495,0.10517351,0.0439803,0.059476975,-0.020854352,0.0793459,-0.09833886,0.07374362,0.05983756,0.064529955,0.101072,0.01929527,0.028835636,-0.045655444,-0.06805758,-0.042285044,-0.058159955,-0.08687835,-0.08934245,-0.051389407,0.07889288,-0.046885807,0.087935604,-0.086173475,0.070149064,0.011665198,0.026013618,-0.0682696,-0.07876557,-0.088131316,0.014284425,-0.07260893,0.0365058,-0.08447787,0.084066115,-0.0013973723,-0.09329119,-0.07721029
-0.07366538,-0.041446026,0.09460084,-0.09284449,0.0295725,-0.08729421,-0.06184918,-0.06906469,-0.08749012,-0.020745575,-0.022737399,0.07979655,-0.079999164,-0.098535836,-0.007480721,-0.09999443,0.07974183,-0.012474396,-0.082167484,-0.0023332539,0.05237914,0.08604704,0.05255516,0.043034732,-0.07956272,0.10034886,0.08159456,0.077176094,0.10125633,0.011713782,0.09588786,-0.058669657,0.05510463,-0.05572883,-0.09096212,-0.09444322,-0.053702947,-0.0776763,0.038353894,-0.009431601,-0.08530026,0.0029995835,-0.08507508,0.03771836,-0.051812395,-0.051725898,0.08231287,0.0037602244,0.0075042807,-0.060351145,-0.09259541,0.0024162491,0.080528475,-0.015567415,0.071030036,-0.07666425,-0.09199848,-0.09864972,-0.09180354,0.049687836,0.003304584,-0.026630415,0.07127624,1.7778584e-06
-0.071136855,0.076763265,-0.014149496,-0.086631805,-0.092432864,-0.048985295,0.10818769,-0.052604664,-0.00062044867,-0.0033752297,-0.09162761,0.01956317,0.014398955,-0.07721558,-0.007426,-0.014450243,0.07488467,0.09433001,0.08256402,-0.07383603,-0.00046817365,0.08633928,0.016563684,-0.09974818,-0.06315732,-0.03911627,0.088207364,-0.098137304,0.090080105,0.006775449,-0.07557137,-0.06582863,-0.08323889,0.0075921975,0.07762759,0.020751331,0.06198883,0.043827225,0.06946725,-0.05074068,-0.013957028,0.040478878,0.08295737,-0.09785298,0.08398801,-0.07612422,0.057106446,-0.09482206,-0.05597933,-0.0020610602,0.03521475,-0.020443728,-0.06590377,-0.09057167,-0.065596,-0.09705486,-0.013033262,0.07995399,-0.008975428,0.08119809,-0.06561552,0.040400453,-0.089654095,0.08170266
0.03265146,0.06843213,-0.025742697,-0.0150000565,-0.033661813,-0.101646096,0.048177127,0.09259907,0.05986892,0.021087714,-0.0387066,0.073992014,0.052521527,0.029276215,0.026937023,-0.059473958,0.032899354,0.097482026,0.073738694,0.018206662,-0.100880675,-0.071895055,0.0047274865,-0.0619345,0.067130126,0.06933674,-0.032971468,0.04142076,0.05516473,0.10261849,-0.09986094,0.086902685,-0.08917985,-0.027040204,-0.08017409,-0.014357723,-0.04707325,0.007884863,0.017041039,0.029934488,0.052483484,0.024337796,-0.10090196,0.007106706,0.061584998,-0.0009565597,-0.0031786868,-0.023133531,0.059654146,0.08726181,-0.08270412,0.0066452343,0.09266462,0.08511096,0.0950644,0.04945321,0.042180926,0.014495717,-0.089213625,-0.08980636,0.00687212,-0.06702133,0.085609674,-0.052412484
0.00045070608,-0.02516996,-0.018994598,0.09754099,-0.058339536,-0.0026257632,0.021110805,-0.0049298494,-0.09812523,0.057393618,-0.020409007,0.09259516,-0.076184936,0.07052656,-0.08315431,-0.03869079,0.056301054,-0.09764139,0.08806526,0.007666235,0.028660268,-0.085309446,0.098731875,0.05662486,-0.0023554722,-0.073391706,-0.09495296,-0.06934525,-0.04284583,0.030422684,-0.08451137,-0.043511108,-0.028150808,0.09908362,-0.038467795,0.061551027,0.10548956,0.08324792,0.05261356,0.030170688,-0.04101811,0.04568985,-0.049588732,0.041395944,-0.06502588,-0.017381579,0.08546529,0.0869424,0.008694633,0.056019068,-0.08730556,-0.0765617,-0.0062879953,-0.05651601,0.051737987,0.03187779,0.0034556657,-0.039394714,0.015944263,-0.08827413,-0.0014027002,-0.09216412,-0.022210276,-0.09587427
0.063202456,0.027809676,-0.004189118,0.050154086,0.040253557,-0.05539068,0.03299395,0.03977234,0.050930794,0.088307954,0.0645467,-0.07988204,0.03604394,-0.061818317,0.0044762962,-0.0686534,-0.07237756,-0.040019795,-0.012429167,0.015676407,-0.011362928,-0.07171963,-0.015904682,0.085387446,0.06018003,0.0016720842,0.0073025934,0.07583238,-0.032691266,0.058601182,0.018310202,-0.045299847,0.024016123,0.07072742,-0.07191965,0.06784795,0.008166215,0.014656954,0.023164269,0.03642626,0.040793914,-0.07884349,0.017925672,-0.009358946,0.051327646,-0.079032615,-0.06373497,0.054437365,0.07587733,0.07599334,0.054658305,-0.079616345,0.00019951812,0.07568152,0.0457454,-0.0010725227,0.009976013,-0.012054541,-0.08121053,-0.08575306,0.022894552,-0.06044457,0.051135045,0.013361168
0.080620304,0.09146714,0.012026205,0.09001593,-0.10510805,0.046432853,0.07686962,-0.0062908493,-0.021293152,0.055345684,-0.08845522,0.03254925,0.059601393,-0.074315794,0.054997947,-0.056611743,-0.0960361,-0.065350965,-0.026600804,-0.06024876,0.055044733,0.07938795,-0.0371462,-0.07684817,0.009221481,-0.07405085,-0.04745969,-0.06590225,0.099542506,0.07703366,0.0492949,-0.038876906,-0.06372874,0.046114616,-0.0891338,-0.05844775,0.017935239,0.11264005,0.09358704,-0.053350236,-0.07026366,-0.0002779975,-0.042029936,0.03542372,-0.058201827,-0.08880358,-0.095596805,-0.022742106,-0.06527465,-0.060182754,0.050704207,-0.00032822494,0.05663379,0.08825259,-0.016207818,-0.0993783,-0.065795355,0.072232604,-0.09671714,0.06402484,-0.072412275,0.039103776,0.09485498,-0.07775893
-0.0828829,-0.010893672,0.084580876,0.06527686,0.01417149,-0.0013168135,0.0119603295,-0.0586384,-0.087384045,-0.08530714,-0.041189853,0.033760954,-0.0014274063,0.04757686,-0.086069494,-0.005389094,-0.08395301,-0.0506372,-0.0874068,0.099103004,-0.020863283,0.05722479,0.09015118,0.030704558,-0.019425604,0.017538004,-0.053566504,0.07708772,-0.02183569,-0.06785512,0.056304105,-0.0028986488,0.07998826,-0.07761874,-0.013853354,0.0473373,0.07289088,-0.054458756,-0.026059164,0.0674367,-0.09645346,-0.023618964,0.058815338,-0.10550978,-0.009886822,-0.062450256,-0.093149014,0.09069706,-0.0070210644,-0.03690033,0.0063831615,0.015211958,0.040430505,-0.0880491,0.012150213,0.06157856,-0.008613543,0.09195197,-0.05842774,-0.07578172,0.07648917,-0.056702163,-0.056006856,-0.08000551
0.10097225,0.010093287,-0.04458653,0.08905292,-0.087591656,0.01192051,0.079793364,0.10354018,0.0017106413,0.070887834,0.0056423126,0.011340725,-0.08394366,0.02487138,0.049746506,-0.009162288,0.0068173236,0.043017033,0.060539246,-0.04511377,0.074453756,-0.053371493,-0.07856349,0.06289769,-0.016918868,0.10447725,0.08338518,-0.0019438337,-0.065060385,0.03180021,0.044259537,0.020845156,0.05345492,0.0028602886,0.013334262,0.075899795,0.05249069,-0.05213424,0.07711113,-0.0951048,-0.047549885,0.043974623,-0.014603042,0.093479656,0.04752083,-0.07172031,-0.06797158,-0.09204281,0.04221597,-0.09749352,-0.024033818,0.031366114,-0.090142995,0.010150493,0.09363834,-0.041473627,0.08411765,-0.043650415,-0.0037215333,0.057389054,-0.084228575,-0.016628936,0.043192063,-0.070349135
-0.09093655,-0.092627816,-0.05648713,0.033361405,-0.097963706,0.039170925,0.10883672,0.06287936,0.08841366,0.00092259294,-0.02801497,0.08879548,0.010213823,-0.08179215,-0.06864891,-0.017988706,-0.019364124,0.06798424,-0.016812589,-0.09171889,0.09210339,0.10176518,-0.06481117,-0.003258728,0.07967452,-0.094187364,-0.03988895,-0.04774014,-0.021790104,0.075829215,-0.052330036,-0.08283957,0.061405618,0.06900827,0.07937836,0.044850588,-0.07719579,-0.048942927,0.04833955,0.07425651,0.06961495,0.002288541,0.077377506,0.08707298,-0.08979887,-0.06397354,-0.085800156,-0.06328397,0.0048607886,0.025561742,-0.040469825,0.00047197883,-0.049992263,-0.016366756,0.022267817,-0.06621558,-0.08310323,-0.010091762,-0.044934597,-0.057873536,0.07345858,-0.0847595,-0.010423149,-0.08455007
0.09113099,0.07243361,-0.059871305,0.10204834,0.0076735523,-0.03269934,-0.08226144,-0.041779477,-0.04064902,0.07254714,0.08120983,0.068844445,-0.033858117,0.016991384,-0.003774831,0.091428585,-0.06410983,-0.014623279,0.06578372,-0.037042677,-0.08510872,0.0040415335,0.07438721,0.07916167,-0.009419543,0.06475039,-0.061446134,0.059857674,0.093204774,0.097172774,-0.028435562,0.055521443,-0.02143512,0.0015082924,-0.047580026,0.007307816,0.0634116,0.07026361,-0.055402882,0.005356825,-0.002250258,0.034048736,-0.030825632,-0.016975379,-0.09080548,0.10323214,0.00044905947,0.023026606,-0.054622695,0.043659322,0.06649529,-0.012226926,-0.031688295,-0.008343355,0.07611498,0.06539538,0.04912013,-0.0017956917,0.049430203,0.03706163,-0.029601382,-0.055651926,-0.013743175,-0.034568645
-0.09340798,0.09114971,-0.0025847913,0.06191626,0.057105884,0.07102858,0.035659667,0.0032750205,0.093362056,0.08437635,-0.065938264,0.060567696,0.034109823,0.0030951907,0.051121335,-0.018931424,0.038036887,0.088227496,0.09688244,-0.0139561305,-0.07699558,-0.05745973,0.060201596,-0.018524518,-0.014140513,-0.07622471,-0.030425454,0.08614281,-0.030563246,-0.026788274,0.10439976,0.083464295,-0.09592015,0.0826776,0.05236564,0.0844014,-0.011067927,0.03708693,0.03167766,-0.029481208,-0.084423736,0.08080621,0.0020526438,-0.0861628,-0.07881427,-0.06187175,0.098499,0.043566417,0.022824079,0.04969374,0.07965927,-0.0023065822,0.092728525,-0.05094118,0.02522297,0.076877184,0.06854936,-0.01965818,-0.06983468,-0.093149655,-0.076112315,-0.085103504,-0.039939754,-0.000738215
-0.026352411,-0.079128034,0.045945913,-0.07910119,0.07966253,0.08955813,-0.008908593,0.026643267,0.036944453,-0.042549126,0.0913671,-0.08719205,0.08322602,-0.031262476,-0.08778807,-0.0036175367,0.06331545,-0.0058885566,-0.01345335,-0.022420354,0.051268023,0.06313669,0.01590167,-0.022045853,-0.049540922,-0.07606516,-0.09006279,-0.0016825044,0.046216894,0.020367231,0.049073163,-0.058410197,-0.08978232,-0.0059974906,0.07111004,0.087530166,-0.074789025,-0.016103685,-0.013312191,0.02841881,0.0540268,-0.002424711,-0.028790375,-0.04570706,0.027374879,-0.053429775,0.016340626,0.04620838,0.032746498,-6.34311e-05,0.09169855,0.07715025,-0.080007255,0.048820034,-0.003696305,-0.013362013,-0.07182126,0.0027125925,-0.038014207,0.042240966,-0.030834576,-0.05706677,-0.03279481,-0.047192186
-0.011907343,-0.023828836,0.0422334,0.04793825,-0.02078857,-0.017840154,-0.01593738,0.06328186,-0.07440894,-0.061080884,-0.057569146,-0.070087954,-0.0030654161,-0.021785988,0.03636477,-0.07447001,-0.020391116,-0.0072215516,0.0027690402,0.0400142,0.00088822725,0.044027597,-0.036179442,-0.0010618023,-0.021661043,0.0030647062,-0.079114474,-0.05345069,-0.0073349746,0.07157584,0.07333643,-0.05775429,0.030795986,0.0714804,0.012559017,-0.057511132,-0.039453115,0.020628354,0.049330436,-0.039076738,-0.045677096,0.006207609,-0.07268008,-0.062396858,0.07551745,-0.08214073,-0.048066847,0.069695175,0.06639452,-0.025882116,-0.018841418,0.014226521,0.025580073,0.040675793,-0.020505326,0.07154937,-0.07148409,-0.060817946,-0.06197853,-0.007662905,-0.00022532138,-0.06352326,-0.022808606,0.017317677
-0.03683832,-0.07612028,-0.043293193,0.0037835795,-0.048305303,0.01957483,-0.05288842,0.06962447,-0.06708534,-0.1010256,-0.018704925,-0.0045545483,-0.020006267,-0.0669531,-0.059918232,-0.09462478,-0.08052172,0.021713609,-0.010173748,0.08622636,-0.07045182,0.07570567,0.07352047,0.04236461,0.03372512,0.103273414,0.021815334,-0.070546694,0.034279857,0.023779504,0.06275545,-0.028157355,-0.015441123,-0.09822873,-0.08620484,-0.08787576,0.08730609,0.0024407776,0.09077661,-0.0016643454,0.008747748,0.06596114,-0.07259381,-0.0153289,0.028981816,0.07549105,-0.06346002,0.06044895,-0.06829126,-0.08351349,0.063904665,-0.070851505,-0.060726464,-0.007385423,0.0037614703,0.04506272,0.08411476,-0.06192206,-0.043916237,-0.064384565,0.029356169,0.1001506,-0.0205585,0.0993175
0.047289465,0.026354086,0.08525165,0.042718947,-0.048880067,-0.041210797,0.078028545,-0.07007507,-0.028587697,0.10458283,0.09613442,-0.08335554,-0.093223915,-0.07998788,0.011137341,0.090757675,-0.0249462,-0.07980289,-0.009294234,0.07649849,-0.052027553,-0.048072208,-0.021935869,-0.020453883,0.07287905,0.056624617,-0.07316834,0.08589933,0.07246845,-0.08034131,-0.09310241,-0.005761758,-0.07218374,-0.0068031857,0.09472966,-0.021895627,0.005155927,-0.028768927,-0.023186142,-0.0071468106,-0.034164373,-0.08328957,-0.0572216,-0.066403925,-0.0026548624,0.0117695015,-0.07953367,-0.07687922,0.08778314,0.0730633,0.03423946,0.025447618,0.008779289,-0.02133035,-0.014718365,0.020105422,0.017076118,-0.034775656,0.041436307,0.09365123,0.03410879,0.086758636,-0.012150895,0.06900455
0.08628659,-0.020585692,0.00952532,-0.024013411,-0.060533796,0.051043775,0.07641532,-0.009123736,0.050272603,0.07678243,-0.06789156,-0.051242214,-0.059517715,0.010835272,-0.06504617,0.08957191,-0.06601594,-0.0044387393,0.057087254,-0.020251215,0.015600042,-0.036334798,-0.091159396,0.0003803615,-0.0051667024,-0.017282007,0.023836782,0.091113426,0.03904113,-0.033281136,0.07354886,0.09217346,0.07210061,-0.043382514,-0.02405902,-0.054248933,-0.0579464,-0.010284795,-0.04446293,0.08325252,0.026639525,-0.068988755,-0.048724268,0.041806854,0.066377364,0.0039109364,-0.007379541,-0.0007308718,-0.09686275,-0.08040649,-0.01167167,0.07145643,0.0719528,0.075167894,-0.0014291457,-0.06820349,0.095875226,-0.08629096,0.07595981,-0.027817281,-0.06628279,-0.0020140554,-0.029791096,-0.060887862
0.022555815,0.06545073,0.09883631,0.07289889,0.068095215,0.0215157,0.046042122,-0.08871405,0.09487769,-0.0716162,0.0350104,-0.07067347,0.017001107,0.0074267713,-0.02627207,-0.06632158,-0.030369673,0.032912273,-0.08629074,0.06371314,-0.09534628,0.083836704,0.045053225,0.06601077,0.024941128,-0.09366653,-0.10993453,0.05361791,-0.027170697,-0.019081825,0.057919946,0.07435622,0.04315255,0.08902281,-0.0682707,-0.033403955,0.086976804,-0.094377294,-0.07462477,-0.09202256,-0.08507121,0.07803875,0.053312644,0.06744188,0.035069942,-0.0724343,0.04968356,0.074873835,-0.031195939,0.053628158,-0.07604062,-0.06579856,-0.046779152,0.08701402,0.0008265944,-0.07947862,0.058769234,0.0050265915,0.07405818,-0.013782417,-0.07266423,0.06623607,-0.06835733,-0.01041718
-0.060615398,-0.074019335,0.07550726,-0.073816724,-0.016116891,-0.09656265,-0.023294989,0.004714795,0.027482497,-0.07403504,0.08057895,-0.020284971,0.09598438,0.073246665,-0.036347415,0.037091218,-0.080440804,0.060323764,-0.09069508,-0.016026314,0.054398254,-0.02101781,0.004749676,-0.00027612477,0.024338674,-0.053846773,0.030689709,-0.0638545,-0.060448423,-0.10054411,0.05695139,-0.070042536,0.08622723,0.0024085536,-0.015381004,0.081436306,0.017721951,-0.0200573,0.08377043,0.07036995,-0.09316408,-0.084671505,0.07060204,0.055672675,-0.086085744,-0.007953046,-0.053990513,0.041934658,-0.048800163,-0.04269602,-0.032783963,0.094180115,-0.07232095,-0.013587561,0.07735286,-0.06298432,-0.08475137,-0.04835995,-0.0436019,0.07310074,-0.08677532,-0.067937374,-0.09225648,0.07476491
-0.077476464,-0.09186058,0.014323479,0.00038515666,0.08044859,-0.031792264,-0.026427163,-0.003054711,-0.015925484,-0.023840085,-0.07595017,0.077087484,-0.004335571,-0.098618686,0.0704527,0.059445355,-0.057567842,-0.08906774,0.09492264,-0.042958155,-0.06615952,-0.04821846,0.09898119,0.08651581,-0.07367139,0.011370637,0.08804098,-0.09173389,0.08998765,0.0920335,0.09538591,0.0932006,0.009422629,-0.0911837,0.037738647,-0.050561946,0.011712295,-0.03467935,0.08605029,0.03425988,0.09336273,-0.087491445,-0.010766395,-0.023989594,-0.0450538,0.08074417,0.09544913,0.01535738,0.08875828,0.053002205,-0.024135567,0.017430317,-0.06012579,0.0056710374,0.053905807,0.007606988,0.0638281,-0.048645206,0.008742413,-0.08983225,0.0577508,0.048849702,0.016841535,-0.041372515
0.058095574,-0.059380203,0.072453074,-0.0074705607,-0.059281744,0.07497627,-0.004082935,-0.06260907,0.047747664,0.005700641,-0.04026569,-0.04310799,-0.07318633,0.06932166,0.06400349,0.0018239762,-0.07474001,0.0040766364,0.07309787,0.051456407,0.07872478,-0.078039974,0.07504378,0.08260838,-0.0009743749,0.10134034,0.05644744,-0.07614881,0.043375153,-0.08887167,-0.07449355,-0.053700518,-0.0056403177,-0.049013678,0.08558529,-0.07602981,0.057456497,-0.074392006,0.09235721,0.0094851535,-0.062694944,0.0986959,0.089335315,-0.080666654,-0.0673094,0.0342318,0.10612691,-0.0741005,0.058847014,-0.060799368,0.008932061,-0.058638904,0.056483485,-0.02349752,-0.09606176,0.03188341,-0.027955107,-0.06433711,0.06457134,0.0029030954,-0.06606705,-0.061660632,0.05265269,-0.07709914
0.04162748,-0.09154969,0.061031397,-0.012053473,-0.09244736,-0.077281944,0.099546224,-0.065521196,-0.070403896,0.09396252,0.0996949,0.073240556,0.024152609,-0.03610073,-0.03946593,0.07480316,0.074531846,-0.05860621,-0.027690485,0.1038366,-0.065922864,-0.09104172,-0.010361123,-0.035534237,-0.061937172,-0.009140059,-0.0046494673,0.019772083,0.046462905,-0.0683026,-0.011004473,-0.06687446,-0.0762665,-0.033803344,-0.031435613,-0.07359893,0.058276832,0.012488357,-0.105343446,0.082020864,-0.045147352,0.056632675,-0.062610224,-0.0077242376,-0.05903451,-0.005605152,0.024913186,0.015549885,0.089729354,-0.07994756,-0.099236995,0.009573796,-0.028607631,0.08790916,-0.036030542,-0.059344027,-0.1038176,-0.011074658,0.04259374,0.0435074,-0.062020786,0.06557799,0.04990714,0.0770578
-0.022941992,-0.0805081,0.09809776,0.10493756,-0.002024697,0.062779345,0.0127046015,-0.005139943,0.0044209664,0.087390415,-0.050248854,-0.006125377,-0.0752779,-0.004260803,0.09455055,-0.039862312,0.09080938,0.09869998,-0.045013916,0.09418592,-0.012629661,-0.053907882,0.07920846,0.050498284,0.0039891847,0.056652013,-0.057417873,-0.08953003,-0.010721015,0.057658624,-0.028865745,-7.1338734e-05,-0.084641755,-0.033127382,0.039003614,-0.055475354,-0.093027286,0.06932381,0.09094884,0.009363293,0.09880036,-0.06712114,-0.036977414,-0.10067783,-0.100571595,-0.06914034,-0.07227398,0.0706074,-0.09024333,-0.076564245,0.06566619,0.027629577,0.078387655,-0.05887009,-0.08276563,0.09546623,0.007005511,-0.09481495,-0.057845335,-0.060373887,-0.061629366,0.034791674,-0.050885886,-0.08355407
0.06374832,-0.09038156,0.058041044,-0.07510696,0.052344844,0.082990736,0.0021699828,-0.07408367,-0.057355,-0.08431036,0.010332738,-0.07990415,-0.04399586,-0.0798033,-0.06144039,-0.06745782,0.02745922,0.08555622,0.04207344,0.0011274298,-0.052469987,-0.07340237,-0.093507044,0.056179527,-0.046184,-0.068183914,-0.029670212,0.0029104224,-0.06888578,-0.09287404,0.09288574,-0.028700642,0.09200071,-0.029595934,0.013647959,0.008544284,0.015198937,0.021522153,-0.012786275,-0.08557645,-0.09159935,0.033442397,-0.07766814,-0.076969676,-0.009703524,-0.05521379,-0.008254811,0.05274961,-0.0077888807,-0.08966759,-0.04790432,0.002502175,0.06842453,-0.0546878,0.065649435,0.06152459,0.0017493761,0.10326594,0.03829631,0.002704591,-0.010794284,-0.09165613,-0.09056964,0.07698924
0.009854447,-0.024509175,-0.098866716,-0.085032836,-0.019836508,0.0964008,-0.01126447,-0.033839606,0.013454988,-0.049114145,0.07028889,-0.020218477,0.08681794,-0.046292838,0.041191697,-0.079802565,-0.09875705,0.09953348,-0.0962298,-0.0036860765,0.01941832,-0.06061685,-0.058531467,-0.079114676,0.054567777,0.053035174,0.013024419,0.018988542,0.0537029,0.05508785,0.0016057355,-0.08663144,-0.08316874,-0.09581873,0.09247782,0.0951415,-0.03211829,0.07456292,0.09164489,-0.08733227,0.06314238,0.05252971,0.069561444,-0.09838626,-0.030965107,-0.09652227,-0.09847353,0.0027024185,-0.048419774,0.08561876,0.06546027,0.028577622,0.05337716,-0.09708133,0.08711828,-0.077843085,0.036917996,-0.06763991,0.08517002,0.045140587,-0.09118549,-0.064685665,-0.011442788,0.08654337
0.050559577,0.05642584,-0.0995651,0.06332716,0.060391635,0.06216453,0.07896479,-0.09303735,-0.05595545,-0.06890835,-0.07624679,-0.057698432,-0.08828434,0.0035990458,0.062076285,-0.03843693,-0.0004519165,-0.05500436,0.06628023,0.060520288,-0.09058902,-0.08442526,-0.057226308,0.09916991,0.05401824,0.06836555,0.05028167,-0.08482738,-0.093871765,-0.10642585,0.072602734,-0.0017758512,-0.06698983,-0.075338595,-0.058330767,-0.101089604,-0.09058133,0.007258755,-0.101745956,-0.053995915,0.06321624,-0.010492352,-0.0008656923,-6.50311e-05,0.06584436,0.06962251,0.046879753,-0.04822185,-0.05249918,-0.06242089,0.08604303,0.09124928,0.018131876,0.013854227,0.063651696,0.082521,0.082386985,0.08739718,-0.08163601,-0.07371597,-0.08026682,-0.091127224,-0.09358632,-0.006568578
0.08310196,0.0063723773,-0.08982278,0.07439123,-0.025075654,0.0058168136,-0.087135665,0.0047302246,0.054989163,-0.006567095,0.055506077,0.056487057,-0.04554102,0.011936958,0.070185035,-0.07584177,0.05760763,-0.058379557,-0.095573634,-0.05762719,-0.09399261,-0.047458652,-0.060722932,-0.086630605,-0.0115658175,0.0025098377,-0.056659017,0.0008978906,0.09830716,-0.0072327335,0.06192188,-0.047528993,0.10749379,-0.077758186,-0.08743302,0.09036919,0.057639,0.086865634,-0.07429157,-0.025912533,-0.012370629,0.074100226,0.10346433,0.012591439,-0.008670212,0.069974594,-0.0788065,0.0067308955,0.05999787,-0.093216516,0.06838995,0.06571671,-0.098833874,-0.096335694,0.08812632,-0.0027378364,0.035962798,0.022904877,0.050704308,0.009200841,-0.0020259935,-0.0701663,0.021182574,0.056090094
0.010234428,0.09280982,0.008667055,0.05547604,0.0063149794,0.0015939483,0.09045887,-0.030404892,0.0729914,0.09948162,0.0028205211,0.07830957,0.051781543,-0.06834525,-0.028488193,-0.01978682,-0.007585336,-0.076552905,0.029771542,0.0019537439,-0.074893996,0.05202769,-0.09188142,-0.095272936,0.08047276,-0.0056520514,0.04117541,0.009906945,0.09745845,-0.06876302,0.08267188,-0.088463515,0.0063345386,-0.039626516,-0.084574565,-0.07060876,-0.091443256,0.00922275,0.05206804,0.033679258,0.023588944,0.019632613,0.06838167,-0.0061880117,-0.046615425,0.05803092,-0.041064676,-0.013621088,-0.012172603,0.008213393,-0.027330216,0.069047265,0.058602463,-0.054299116,-0.061772328,-0.06604795,0.06959954,-0.04874283,0.08406331,-0.0144784665,-0.03462685,-0.059770092,-0.07471669,-0.013613471
0.0056929584,0.08662608,-0.05310128,-0.0020884257,0.07067412,-0.018332608,-0.005215838,-0.0024860068,0.055198476,-0.07491201,-0.041579027,-0.0040366026,0.073400885,-0.08646799,0.028369611,0.100806005,0.089528896,0.009088353,-0.056256488,-0.06156512,0.0681759,-0.052027598,0.07179982,0.026534308,0.000415489,0.025555605,0.07893212,-0.021702409,0.0371241,-0.056618024,-0.07911521,0.07483455,-0.10251915,-0.058345977,0.07114175,-0.030756097,0.03561512,0.012524223,-0.08611511,0.09078701,-0.05049489,0.079859056,0.09194126,-0.07308437,-0.08007464,0.005613135,-0.057957646,0.09698773,-0.047731206,0.062053405,-0.094255514,-0.08494541,0.02298515,0.056412518,0.06710518,-0.09400934,-0.10160651,-0.062659875,0.026502471,-0.055971522,-0.009231027,-0.08532453,0.004220711,0.05753002
0.08178517,0.07691901,-0.07250065,0.10117785,-0.034937344,0.041620694,0.011593907,0.0018164346,0.058771163,0.102802314,-0.07843071,-0.07639833,-0.06911401,0.06725518,-0.034409344,0.091806225,0.05333499,0.04566622,-0.07701876,-0.07153869,-0.029992664,-0.069355756,0.08200405,-0.03430905,-0.02124362,-0.048943415,0.03819688,-0.064023234,-0.06661272,0.0919302,0.07062223,-0.07119172,-0.015835477,-0.10602776,-0.060092654,-0.10098197,-0.08377235,0.020456063,-0.06344836,0.08618223,0.077247515,-0.067865595,0.06870371,-0.059752077,0.096504025,-0.076762885,-0.05439746,-0.07516832,0.00088408473,-0.09720397,0.0672435,0.056510855,0.007666812,0.08197779,0.093497425,-0.08020513,0.056733858,-0.06938228,-0.061138377,-0.02124966,0.030355832,-0.008786662,0.07466616,0.0023317335
-0.046692047,0.007928886,-0.009983225,-0.0894207,0.08266033,-0.019845562,-0.06254668,-0.0013768512,-0.03666495,-0.0045781056,-0.069412425,0.06910347,-0.078093894,0.048403278,0.030486213,-0.07413393,0.047736607,0.07265907,0.05572335,0.037257116,0.09564846,-0.023140768,-0.073821224,0.071553156,0.06673022,-0.10623479,0.006530314,-0.0022097502,0.022440828,-0.095314994,0.043252036,0.07698316,-0.08547992,0.042990275,0.06996592,-0.058851212,0.057348482,0.07279328,-0.09431989,0.027813802,-0.036300346,-0.033212546,0.0045557613,0.078591295,-0.07288483,-0.02762811,0.06763005,-0.0070754276,-0.03866605,0.032971293,-0.061236206,-0.06631347,0.054024357,-0.018037377,0.002103025,0.050464157,0.077414416,0.010525285,0.067244194,0.026716253,0.033822406,-0.059719402,-0.07764537,-0.00090255466
0.08119888,0.046656176,0.03768238,0.037470974,-0.09494829,0.09752095,0.054595478,0.043856416,0.0740278,-0.07918094,0.094748504,-0.083113484,0.019129856,0.068667315,0.053617515,0.07222571,-0.10829722,0.061343767,0.011872556,-0.082616754,-0.09345012,-0.041981112,0.07174896,-0.0437102,0.028247409,-0.00867903,0.044034474,-0.08312068,0.012581803,0.055577654,-0.015567424,0.052872136,-0.10666586,-0.014379229,-0.06745088,0.0564413,-0.0008605726,-0.053965483,0.0014250824,-0.079675145,0.00077164645,-0.063209526,-0.10983603,-0.065848924,-0.030046055,0.05005357,0.070905335,0.043948274,-0.09812349,-0.059366673,0.070677936,-0.003882852,0.089576684,0.010550157,0.078675956,0.035508186,-0.07716368,0.062273353,-0.03482747,0.05856715,-0.0051339045,0.083568536,-0.057786427,-0.056308568
0.084313735,0.068958096,0.041706804,-0.04511914,0.027921163,0.06151811,-0.076604016,-0.06013041,-0.09434773,-0.03900547,-0.0012279493,-0.05571277,-0.0068612136,0.009833007,-0.09086874,-0.09148268,0.012727309,-0.0052351537,-0.0132623715,-0.09652625,0.06468058,0.061779417,-0.0027405552,-0.06438118,-0.07267389,0.08682123,0.00053607684,-0.013690939,0.08597612,-0.026960839,0.0034029821,-0.06402294,0.087268844,0.074516185,-0.0982053,-0.024685083,-0.050607342,0.0046611135,0.007244593,0.03563149,0.06736361,-0.0568641,-0.0045346636,0.052060265,-0.02980948,-0.05140579,0.07778023,0.053696625,0.059859157,-0.09756633,0.05204469,0.010367121,0.06272044,0.077819325,0.07021844,-0.03702349,-0.073751055,0.05413799,0.09107507,-0.04069227,-0.0064598736,-0.009774149,0.06242273,0.07459974
0.034673337,-0.08890135,-0.043213483,-0.09473108,0.082924955,-0.0011187076,0.0033151382,-0.08330081,-0.08602265,-0.060997814,-0.097145244,-0.044195905,-0.008916965,0.013406012,-0.03687838,0.100877844,0.0081699975,0.0034840542,0.09472581,0.06710903,0.06827733,0.011891117,0.06800862,-0.0038182256,0.09095244,0.05847079,-0.05611752,-0.07059401,0.00018141398,0.010732901,5.4173917e-05,-0.010978978,0.04711899,-0.005015551,0.036338605,0.07949002,0.039757628,0.085593045,-0.07096641,-0.09235351,-0.05018294,-0.03024328,-0.07557272,0.03107088,-0.050534837,-0.009386908,-0.07859761,0.084792666,0.011759769,-0.08444609,0.06742488,-0.07145704,-0.08779177,0.08371728,-0.023454074,0.059667367,0.036173314,-0.10018584,-0.08938816,0.008664278,0.05548633,0.07531698,0.0051541626,-0.010467232
0.05930834,0.021510866,-0.06353193,0.03785684,0.055159707,-0.0039049897,0.06614946,-0.051862992,-0.005515418,0.015996773,-0.05181239,0.09965683,0.09095521,0.020408867,-0.0031696835,-0.0524701,-0.051112413,-0.019902749,0.036973096,-0.036927525,0.005092047,-0.08913168,-0.09358637,0.090153106,0.042627856,0.094307885,0.06317662,-0.04499924,-0.025909277,0.0947752,0.070952535,-0.013337918,0.09646629,0.06186783,-0.09873552,-0.009441349,-0.008321246,-0.06686462,-0.0070532244,0.07149806,0.09776627,0.037457295,0.026651004,-0.07425538,0.06923193,0.024373008,0.007207086,-0.06962507,-0.008578624,-0.090964966,0.036899813,-0.05459835,-0.09444307,0.0707463,-0.07547316,0.075338125,-0.0116452845,-0.08211137,0.057458945,-0.058076542,-0.08742015,-0.05133025,-0.09726603,0.080800526
0.10240644,0.06875947,-0.028134698,-0.086300634,0.005968957,0.061120983,0.0004730535,0.060761478,0.005899153,-0.009536654,-0.05550694,-0.09276262,0.08369537,0.06524672,0.09141173,0.011644612,-0.03246135,-0.009687761,0.06530149,0.030352987,0.02903897,-0.08184387,0.08359194,-0.034964845,-0.051392056,-0.05122124,-0.045014717,-0.010839178,0.07055938,-0.025861885,-0.0024769327,0.06019569,-0.029344033,0.06136099,-0.073084444,-0.006520598,0.04356612,0.0531944,-0.049782403,0.057142083,0.059787903,0.061685994,-0.05964921,0.06378823,-0.017280787,-0.028327197,0.0128649445,-0.0018557216,0.006949938,0.017024389,-0.06660812,-0.08142967,0.04018818,-0.06250643,-0.08939697,0.09107418,0.02609584,0.08864483,-0.08326999,0.018526627,0.08819632,-0.0982934,-0.05105833,0.031204846
0.010649598,-0.073701575,0.06654256,-0.04082607,-0.0069970703,0.058943037,0.006753228,0.0166208,0.01547031,0.03419329,-0.014405449,-0.012292115,-0.07102778,-0.07643496,0.047765445,-0.0022486262,0.034269266,-0.009269111,0.07453935,0.06568618,0.051735867,-0.0717379,0.022479527,0.011290908,-0.04900703,0.067678325,0.039878167,0.0088324165,-0.0032901822,0.059847433,-0.032345995,-0.023383707,-0.028635882,0.06662397,-0.036062513,-0.057185482,0.015020903,-0.04400533,0.037004158,-0.044228178,0.051718365,-0.01494178,-0.07595938,-0.085058585,-0.07655325,-0.084018104,0.003233481,-0.0035583472,-0.058153797,-0.0006288012,-0.084894136,-0.005383879,0.094035394,-0.07138991,-0.05333181,0.06241654,-0.026088294,0.0636301,0.048810273,-0.016499626,0.00038504988,0.060541596,0.07866166,-0.04272858
-0.011312339,0.054959957,0.08004866,0.053394742,0.057519898,0.07350108,-0.003978751,-0.038718924,0.03716448,-0.06337058,-0.026133517,0.07385212,-0.009954786,-0.08231802,-0.005361718,0.024506481,-0.036794532,0.0038866252,-0.02511397,-0.02263564,-0.006832963,-0.045654636,-0.061942313,0.056571573,-0.013586353,0.03211746,0.0864888,0.023154352,-0.08295652,0.0807691,-0.079696245,0.08037165,-0.002722139,-0.008314713,0.09491253,-0.05574313,0.018601328,0.073809795,0.06558767,0.063009955,0.04816431,-0.087699644,-0.058968294,0.08527666,0.07750055,0.07112208,-0.056418244,0.07324247,0.00788078,0.035066877,0.023444274,-0.04419874,-0.08468459,-0.06492648,0.05643802,0.04514965,0.075979844,0.068920046,-0.05812707,-0.019211978,-0.028588902,0.045957908,-0.051438898,0.02962879
-0.0024322523,-0.09030931,-0.07259459,-0.06826342,0.07711262,-0.010389801,0.0056921565,-0.058585066,0.049768098,-0.044876654,-0.062130895,0.06553333,0.021136604,0.0026495068,-0.09177686,-0.0021477574,0.019131407,0.013441959,0.0055335173,0.0859386,-0.019564606,-0.08583717,-0.04861762,0.07494528,0.0036622724,-0.06823166,0.011149731,-0.04436144,-0.040063955,-0.020777483,0.047682054,0.10113773,0.0098397825,0.09179604,-0.10183418,0.019200478,0.071604945,0.015079597,0.08887358,-0.07017213,-0.07261988,-0.004583843,0.030211257,-0.061425276,0.080905996,-0.07848957,0.0019270688,-0.06296886,-0.07956431,0.09270533,0.0077126273,0.009488106,0.04342417,0.06511667,0.053169373,0.07347809,-0.06421785,0.06144571,0.10027404,-0.05363869,-0.08279812,0.06338084,0.03296201,0.08783792
0.060551006,-0.050193503,0.0829848,0.093199916,-0.09672903,0.0857427,-0.092428766,-0.059571825,-0.08787206,-0.05245165,-0.05536595,-0.096066944,0.061766654,0.05021163,-0.09006868,-0.024810197,-0.05639844,0.05462881,-0.039602157,0.057518613,0.09729489,0.08757433,-0.054727692,0.004781088,-0.0590296,0.09569937,0.06355768,0.09149404,-0.049304646,0.055180483,0.03359783,-0.0056509688,-0.08791888,-0.07746415,0.0535514,-0.044290308,0.08068224,-0.091075964,0.08378722,0.10140379,0.08032823,0.042286515,0.07397622,-0.018544866,-0.07044714,0.082298465,0.07787136,0.049274396,-0.039307207,0.061776355,0.08293802,0.005083086,-0.08872857,0.08857833,-0.07354297,0.03502835,-0.005245772,-0.045809556,-0.09341557,-0.039523218,-0.03732561,-0.084963195,-0.09192982,0.04258979
-0.087369,-0.08609337,0.065285906,0.049158733,0.09844986,0.07164259,0.07419307,0.068437256,-0.09011699,0.058539174,0.06885052,0.061005913,0.031070177,0.008170463,0.05873228,-0.0059016137,-0.066208325,0.01917193,0.048039418,-0.09056848,0.08803554,-0.047828622,0.005528322,0.024222882,-0.09253927,0.0014621818,0.089703284,0.004368016,-0.050704326,-0.049536463,-0.0036016935,0.018797843,-0.033730455,-0.051847883,0.041807644,0.085079186,-0.01109951,0.07416216,-0.057720374,0.009704437,0.035499852,-0.06645149,0.02581721,0.004133624,0.03255524,-0.028919345,0.023861116,0.08876315,-0.090213105,0.09708726,-0.038036313,0.00091055286,0.04731257,0.09034567,-0.07496188,-0.0065818573,0.05446443,-0.053650685,-0.014303115,-0.01706601,0.07752596,-0.079316564,-0.0785249,0.07143043
0.063003644,0.0011301651,0.0019930229,0.08692435,0.0682317,0.06663149,-0.0159582,-0.060124718,-0.07062624,-0.051994823,-0.051091112,-0.053603683,-0.053825166,-0.081711225,0.08421487,0.058783103,0.0037049386,0.05678758,-0.044602938,-0.054986566,-0.08157441,-0.07303515,-0.08120658,-0.054094046,0.0917574,-0.00652949,-0.07214723,0.09042147,-0.09389096,0.017107554,-0.08909279,0.090745136,-0.00989948,0.08068704,0.08965705,0.07513771,-0.010706251,0.055370066,0.037856877,0.08318979,0.042849988,0.07132624,0.062283836,0.030831782,-0.0073260027,0.05048536,0.047788844,0.070409305,-0.0055498616,-0.011705382,0.0020494417,-0.0016307841,0.06877906,-0.0043210336,0.07875917,-0.071713746,0.08156839,-0.06701749,-0.046013534,-0.05845368,-0.018870007,-0.0016074758,-0.047403038,0.08810952
0.0005993073,0.041023523,-0.041323718,0.10201667,0.065448225,0.06820365,0.000523542,-0.097197935,-0.03056539,0.03479598,0.018808557,0.058938075,0.018810114,-0.061320383,-0.045476206,-0.06389621,-0.0027629617,0.0071165096,0.0860005,-0.09919438,0.03229165,0.100492805,-0.08450925,0.08403589,-0.052798945,0.04124793,-0.008924889,0.09811776,0.07754433,0.010306103,0.053989816,0.010621615,-0.044266224,0.06584039,-0.06920001,0.036288343,0.05283527,0.05724928,-0.057138093,-0.084521465,0.085898794,-0.06654742,0.02500956,-0.021011863,0.031543463,0.07434451,-0.05263542,0.101881824,0.09937146,-0.02391743,-0.09305251,-0.0006773187,-0.06592824,0.06338232,0.04031276,-0.056670804,0.093660966,0.07061253,-0.03963161,-0.06565988,-0.06927565,0.02215625,-0.047310874,-0.0064597474
-0.08178623,0.005300607,0.014308382,0.0664099,-0.056299645,0.09178632,0.018900953,-0.007831449,-0.070203766,0.077083826,-0.02396954,0.07087227,-0.0573113,0.0697856,0.011124864,0.056575656,0.023176268,0.084924825,0.016200207,0.06356565,0.0058627226,0.007395389,0.06782509,0.010232006,0.063539416,-0.06206298,-0.0032867517,0.05019864,-0.01718777,0.059359025,0.07770274,-0.051023684,0.08636784,0.031072138,-0.09543877,-0.03458164,0.07067508,0.035944622,0.091934666,-0.05573674,0.019624064,-0.029448409,0.008068619,-0.0261593,-0.015451772,0.034547426,-0.0028124251,0.09358286,-0.07322157,-0.00955927,0.0751884,-0.062455352,-0.07165128,0.084768966,0.016740873,-0.0151867205,-0.06670077,-0.008615621,0.075151004,0.010604951,0.08272252,0.086234614,0.0050858124,-0.009127682
0.087708704,-0.10155581,-0.08474333,-0.055207264,-0.08555733,-0.00070519955,-0.05286393,0.041394435,0.062216777,0.015534468,-0.01550315,0.043920167,0.0063931113,-0.010942168,-0.098073915,0.09437572,-0.007261652,0.08033277,0.10634453,0.011617915,-0.08245005,-0.015462168,-0.009095303,-0.03781777,0.028052097,-0.060884416,0.054390233,0.023673406,0.060013413,-0.015725793,-0.036883917,-0.011929232,-0.06121626,0.03743407,-0.03676388,0.07692372,0.061006576,0.07626871,-0.07476765,-0.08087909,0.054158818,-0.10242772,-0.08408411,-0.041594613,0.078064114,0.060581207,-0.0687732,-0.002187246,0.042156097,0.059786987,-0.006657642,0.016093109,0.08803182,0.047445238,0.0007161241,0.005700594,0.095286064,-0.023270683,-0.08307594,0.008732502,0.040313076,0.04283166,0.06566223,-0.0015476348
0.0048546814,0.03093643,0.044373963,0.06886591,0.048941948,-0.05150717,-0.081985205,-0.05987871,-0.057556055,-0.008285289,-0.024168458,0.05865655,-0.024680102,-0.015223596,0.0093349675,0.0008144017,0.043228306,0.020152362,0.06492587,0.048351735,0.078551605,-0.02873872,-0.074021555,0.062469386,0.07559874,0.07724456,0.06937596,-0.033786755,-0.061033297,-0.013411172,0.034972697,0.09062321,0.055555508,0.056964863,0.05204873,-0.048455305,0.046678595,-0.04863542,0.06085339,-0.08162202,0.0824169,-0.011534584,-0.057474628,0.014401064,-0.015845222,-0.070196874,0.05172678,-0.0704953,-0.062186863,0.058347758,-0.06953514,0.013475523,-0.01785784,0.06689028,0.0069240453,0.009370533,-0.0044201678,0.012411815,0.056525182,-0.035516627,0.048256002,0.05254795,-0.029205283,-0.0807267
-0.072112635,-0.051750258,0.08521689,0.03022017,0.051905975,0.064415775,-0.046917725,-0.09481649,-0.020609668,-0.063779466,0.076531895,-0.02234456,-0.07395757,0.04686859,-0.012642981,-0.049331512,0.079402156,0.06942294,0.04882124,-0.059064537,-0.00011381728,-0.088718355,0.028804438,-0.045122,-0.092463695,0.067967266,-0.0670503,-0.09522491,-0.06920849,0.090123385,0.06167574,0.07176036,-0.015840577,-0.08042615,-0.06597881,0.08136256,0.05434947,-0.007213666,-0.052331284,0.054603264,-0.00750768,-0.059908114,-0.041960545,0.052766643,-0.058472093,0.07803807,0.03930951,-0.0943409,0.022870015,0.08700828,-0.058164157,-0.060060333,-0.049013507,0.07192601,0.058875136,-0.0659822,0.016828295,-0.0069162305,-0.09125012,0.04666641,0.005587901,-0.0025163395,0.021793533,-0.056961805
0.08184472,-0.077320635,0.097573854,-0.057153154,0.00039277205,0.08598581,-0.0073576043,0.08332726,0.06269597,-0.081461065,-0.025957096,0.031843327,0.054514416,0.056965735,-0.008031802,-0.07151678,0.09162885,0.056187008,0.031634644,-0.08608029,0.10206131,-0.023972923,-0.057650182,0.060207773,0.045455325,0.08538789,0.005606117,-0.049721945,-0.06361203,0.080193475,-0.002776749,-0.06688513,-0.03297449,-0.07137175,0.08733642,-0.033007108,-0.07732186,-0.086989224,-0.088713735,-0.012104695,0.014905239,0.09203342,0.036489625,-0.09077132,-0.097322814,0.06901417,-0.044136174,-0.068123475,-0.031996116,-0.07028309,0.049936935,-0.065050535,-0.09652773,-0.075197816,-0.008557666,-0.005288971,-0.044104896,-0.031468455,-0.017600933,0.08587405,-0.0069996957,-0.07763213,0.08711877,0.014128179
-0.0019660003,-0.079600886,0.07053559,-0.08475137,-0.028552536,-0.07832012,0.04795055,-0.08074414,0.010931279,-0.097968794,0.09048581,0.09931184,-0.05029906,0.04136459,0.04505704,0.00661525,0.048862293,-0.05103191,-0.08298863,0.07119574,-0.08213062,-0.1071357,0.0885597,0.08577617,-0.06254029,-0.054221854,0.03733542,-0.025114076,-0.009737686,0.0004746512,0.022417445,0.082857594,-0.010589119,0.06794087,0.033630107,-0.08904163,0.09851243,0.034535374,0.057136394,0.0019038978,-0.019801384,0.03227785,0.048924536,-0.079065196,0.039946355,-0.07575661,0.06624019,-0.08374282,0.016857682,-0.075461425,0.06198798,-0.028363071,-0.06298334,0.07279155,-0.038363677,-0.00084862654,-0.079440735,-0.030274622,0.03537141,0.069868855,-0.07009013,-0.08307413,0.036541827,-0.078559555
0.026864674,-0.07445836,0.06637981,0.079788305,0.04779174,0.0064433566,0.09538986,0.02310124,0.081715815,-0.051943384,-0.025830707,0.0010232826,0.0807538,-0.06985451,-0.0706619,0.048440095,0.067938365,-0.062879995,0.07476486,-0.0055333674,-0.02795276,0.043631263,0.009007734,0.057874944,-0.06956568,-0.05881076,-0.09170629,-0.028638657,-0.088499464,-0.015745124,0.042748466,-0.08523003,0.017906714,-0.07401317,0.054401193,-0.0932791,0.06030885,-0.080557376,0.034641884,0.07191094,0.065661356,-0.041481584,-0.08875275,-0.060748808,0.10223958,0.056686386,-0.035435107,0.0029905192,-0.094239675,0.0009327326,-0.051302057,0.0077264393,0.0151308905,-0.08435567,0.06411394,-0.081159,0.019048845,-0.027570007,-0.024141543,0.001275951,-0.08746021,0.08264772,0.023303311,0.08015656
0.09886716,0.09026326,-0.06178475,0.020698385,-0.061112255,0.09833821,-0.063946135,-0.0012327646,-0.0045765913,0.011797052,0.021334331,-0.05552111,-0.028251853,0.06364292,0.01749302,-0.012431575,-0.017932821,0.043467477,0.059750985,0.055998594,0.055431135,-0.06477949,-0.045001898,0.07347487,-0.058415253,-0.026942974,0.0870811,-0.04114609,-0.07489086,-0.07309516,0.10098578,0.094513,0.08250777,-0.1005639,-0.01589889,0.060675986,-0.06846161,-0.0922807,0.0024702132,0.0145616615,-0.031609215,0.09735035,0.03897911,-0.03585959,-0.071735434,-0.0083577335,0.035756286,0.09887822,-0.0823474,0.08323167,-0.06414806,-0.056498032,-0.020490745,-0.042329468,-0.011365909,-0.079948686,-0.01665199,0.09771374,-0.07705769,-0.06579635,0.05542189,0.07184836,0.07085979,0.049544316
-0.07081668,-0.09666368,-0.056463454,0.060862657,-0.07961822,-0.0121949,-0.00072534854,0.069863915,-0.098008,0.0048638657,0.07167337,0.037752766,-0.06529468,-0.07093693,-0.02293143,-0.02073714,0.059527062,-0.109766684,0.086553425,0.031733543,0.095367715,-0.02310312,0.0680943,-0.07350551,0.04889835,-0.08753687,0.037608966,0.026393395,0.014357649,0.006760927,-0.061547585,-0.06464994,-0.0021817193,-0.011471034,0.012738651,-0.09976118,-0.03650906,-0.09085678,-0.0008570821,0.020957772,-0.008210628,0.004552722,0.015344686,0.029612347,0.06097855,-0.05446326,-0.04143667,-0.052704576,0.06831574,-0.04745074,-0.06353153,-0.018447515,0.014393104,0.06431315,-0.07810739,-0.022879891,0.0027498126,0.05346971,-0.06746784,-0.050792575,0.08721333,-0.07608638,0.04460834,0.047949977
0.008381001,-0.0711108,-0.01605576,0.08545547,0.00066764245,0.07830746,-0.08270368,0.019132033,-0.07535133,-0.02129863,-0.055754807,-0.07750042,-0.07557587,0.084809065,0.057248756,0.096018896,0.039861012,-0.08927472,-0.067519255,-0.10691933,0.042304687,0.011843167,0.02348175,0.07812745,0.023621572,0.081547454,-0.083164595,0.0057280236,0.084815025,0.0121066775,0.04472742,0.002924114,-0.003212609,-0.086807564,-0.0036853785,-0.05361008,-0.060408343,0.09722984,-0.05298339,0.013978689,0.076525696,-0.07103016,-0.07996985,-0.06675127,0.061156873,-0.064999424,-0.011750135,0.059647333,-0.008055597,0.06625309,-0.0064230496,-0.10024933,0.09389023,0.0783648,-0.023713361,0.08310864,0.060058717,0.019771304,-0.011312645,0.031085495,-0.06336569,0.07212455,-0.056096017,0.013676807
0.044209696,0.05611661,0.017813616,-0.03918252,0.06288508,0.00209877,-0.05280029,0.05232272,0.07157769,-0.07294811,0.035678394,-0.0020744032,0.077136375,-0.00023538954,0.005179866,-0.056304317,-0.058781773,-0.029926123,-0.006266663,-0.09224494,0.048507273,0.05890623,-0.06521414,0.06529455,0.015777448,0.06740338,-0.07018427,-0.09172894,-0.0026473026,-0.053720906,-0.09598861,-0.003128445,-0.03054558,-0.05016966,-0.06789503,-0.04381494,0.060004234,0.08227155,0.04085148,-0.077900134,-0.062303327,0.06422008,-0.08973579,0.048037272,0.039016247,0.045203328,-0.06978174,-0.008215776,-0.04341315,-0.08024854,0.0023661605,0.050426148,0.068130605,0.08499168,0.040523257,0.007609135,0.0065205544,0.011904813,-0.011426076,0.06824034,-0.03341067,0.013557926,-0.065930076,0.02313157
-0.07541885,0.072643705,0.02363032,-0.01845104,-0.09872447,0.038133133,-0.092949696,0.076464325,-0.06261875,-0.024364857,0.05098444,-0.096852206,-0.0022688617,-0.08411077,0.09471109,-0.05930996,0.024219899,-0.0872303,-0.073189385,0.011338682,0.09861071,0.061563168,-0.0761897,-0.015254992,-0.00071116316,-0.0059045576,0.07676511,0.08446492,-0.07966916,-3.9700077e-05,-0.002780855,0.082728624,0.075870976,-0.017068533,-0.051012058,-0.056186814,0.024032984,0.025531527,-0.050014567,-0.069500096,0.067820735,0.012942294,0.065396756,-0.0062965965,0.08714873,-0.10246573,0.060696673,-0.0774636,0.010053451,0.016746322,0.09765724,-0.020549139,0.07592435,-0.048789922,0.080309935,0.028034683,-0.081323825,-0.098588794,0.013681248,0.019742653,0.008950008,-0.08798714,-0.07834089,0.08197119
0.018756127,0.07978233,-0.07283103,-0.022825073,0.026461614,0.010295821,-0.023821397,0.07476423,0.05320784,-0.033090737,0.032687366,0.036296126,-0.0126192495,-0.063507095,0.034906566,0.035351917,0.03988252,-0.053660467,0.016383283,0.06156393,0.074177064,0.0064321705,-0.0077605927,-0.015113518,0.012964873,-0.034090567,0.0073746634,0.07401135,-0.06263836,-0.015246403,-0.08238113,-0.03858147,-0.054696854,-0.07396881,0.06872222,0.0066663376,-0.012576702,-0.028490871,-0.005143797,0.021732476,0.06344911,0.0629188,-0.0035026984,-0.00899862,-0.020967321,0.06765459,0.046949614,-0.002148267,0.02863821,0.025528485,-0.023817075,0.035101093,-0.02254975,-0.038109444,0.022544848,-0.021267027,0.048048764,-0.064904235,-0.03011759,0.02175801,-0.055360325,-0.05044234,0.027914671,-0.012577583
0.0044332277,0.013035462,0.044824667,0.05073919,-0.04606675,-0.085447244,0.052974284,0.0548019,0.09407262,0.030144423,0.01085485,0.091177344,-0.06789782,0.0118838055,-0.06497253,-0.060474604,-0.032432623,-0.053355422,-0.059677802,-0.0076776687,0.09208006,0.056688935,-0.033826992,-0.043628782,-0.0061738985,-0.0436953,0.09903197,-0.004464812,-0.08104167,0.0053286497,-0.018693354,-0.028199717,0.043303706,-0.06605,-0.010739043,-0.09638363,-0.061592277,-0.0062055034,0.028005976,-0.064649105,0.07921686,-0.0026407498,0.07422465,-0.007867585,0.01861678,-0.006182494,0.025447186,0.08447524,-0.07598306,-0.07989132,-0.08374324,0.057087082,-0.07668372,-0.041287184,0.0043993993,-0.019232668,-0.020944703,0.08246166,0.012461907,0.08526706,-0.069428265,-0.06608825,-0.0014764112,-0.050647713
0.083063334,-0.08230547,-0.073367864,0.09395599,0.08972446,0.024641365,0.04386398,0.023956768,0.100848146,0.012735253,-0.06849347,0.078644685,-0.09344064,0.053886723,0.052381814,-0.0720142,-0.017332656,-0.06548095,-0.07672001,-0.051182177,-0.0067993696,0.046531357,0.041704364,0.038594984,-0.06937166,-0.08334212,-0.019226689,0.01176183,0.04641273,-0.060683854,-0.092443004,0.011221444,-0.036112048,0.06977662,-0.0711639,0.07448948,0.042783413,-0.042923007,0.015622251,-0.0015920729,-0.095466204,0.008888122,0.07690817,-0.06329864,0.06803812,-0.07793366,0.01666481,0.025663812,0.056549624,0.07733004,-0.05283346,0.07883736,-0.027600942,0.02716072,0.047578607,0.021093398,-0.0010004631,-0.06616699,-0.039930172,-0.09516425,0.09366858,-0.10240369,-0.02980473,0.06238005
0.08588655,-0.09058302,-0.09949271,0.068736926,-0.06863797,-0.034884106,0.009182052,0.08943453,0.012599656,-0.037665863,0.07505796,0.044279013,-0.021519152,0.07407525,-0.03913583,0.055651493,0.08334351,-0.009617732,-0.06124805,0.01115799,-0.06094293,-0.08771624,0.07190091,0.051067602,-0.09467699,0.08758366,-0.07449668,0.026673598,-0.010537299,0.073254064,-0.08051053,0.067082845,0.08353744,0.0924162,-0.004988735,-0.00015157598,0.09276944,0.09683587,-0.09186409,-0.08409207,0.053048503,-0.020464303,-0.09464724,-0.02390854,-0.032633785,0.06685572,0.09062263,0.08913566,0.087179154,-0.100424945,0.07937189,0.08858861,0.07399032,0.018482428,0.033739362,0.07894178,0.0077680526,-0.010069142,0.07871303,-0.082268715,-0.0875483,-0.0737395,-0.0724844,-0.015391124
-0.06484191,-0.07357105,0.09324567,0.05925423,-0.014675941,0.003190294,-0.094354875,-0.008439464,-0.06818534,0.08919854,0.06955735,-0.053757433,0.07980229,0.023121307,0.03096072,-0.0634619,-0.055654775,-0.054282162,-0.053714596,0.0334386,-0.04608102,-0.07797171,0.06688168,-0.07947563,-0.07386437,0.06839595,-0.058254477,0.051615056,0.0021418596,-0.07675603,0.014275517,-0.023062719,-0.07213012,-0.021157261,-0.07446625,-0.0037118285,-0.006170118,0.007987964,0.036256187,0.037137505,0.0450769,0.037814528,-0.052352842,0.05891984,-0.00688704,-0.021142587,-0.07907543,0.0019767862,-0.024363533,0.08448582,0.019531123,-0.063777946,0.07427853,-0.022975966,0.08510379,0.06891425,0.09288717,-0.06933879,-0.0010390003,-0.0974015,-0.020594833,0.03813648,-0.07636189,0.031157611
0.030655108,0.0406649,0.09352277,-0.094114505,0.10377313,0.020228127,-0.10356802,0.017260259,-0.08830669,0.061548077,-0.07092472,-0.0049721785,-0.055518102,0.086542726,-0.054269534,0.09422594,0.03064286,-0.013542899,-0.06999632,0.05422831,0.014383571,0.05429346,-0.005987341,0.058254905,0.019390304,-0.092833735,0.07933775,0.080487065,0.063489646,0.0054733637,-0.0716074,0.029401923,0.085519284,0.06651355,0.068981305,0.061552554,-0.07638876,-0.0073129246,-0.06893557,0.02381339,0.07050439,-0.0077826986,-0.054001316,0.07881274,-0.05839868,-0.058234222,-0.05666462,0.042139813,-0.0050329156,-0.09638471,-0.0028709117,-0.06128731,0.007076411,-0.07694795,-0.01031502,0.09463289,-0.030032912,-0.013877805,-0.10119976,0.08984765,-0.07819607,0.08611097,0.092523225,0.07449211
-0.007658574,-0.08943672,-0.0856142,-0.08302047,0.030379342,-0.074992426,0.07004595,-0.07977318,0.059771474,-0.09582717,0.051605295,-0.0055142073,-0.018434858,0.0239539,0.07155607,0.074604176,-0.06700991,0.066028275,0.012639775,-0.07911322,0.081255294,0.035943896,-0.06291688,0.0018975295,0.039694402,0.08288377,-0.09609781,-0.10277183,-0.06472224,-0.080386326,-0.024021285,-0.08294347,-0.003583193,-0.076368175,0.07374556,-0.020690804,-0.09713091,0.07548726,-0.09220624,-0.07844493,0.09844468,0.049858555,0.071306504,-0.03308074,0.07786252,-0.08770727,0.07548132,0.08219651,-0.07230903,-0.0107046,0.06209161,0.058518715,0.0908785,-0.05136388,-0.08620997,-0.016187388,0.038346834,-0.05955175,0.073934965,-0.07929224,-0.010405292,-0.004462156,0.071634635,0.08915689
0.019363089,-0.05371412,0.07493437,-0.028243989,-0.008991998,-0.08611461,0.09356377,0.017547047,0.0270444,-0.06513197,-0.053506237,-0.043003008,0.07060319,0.059520368,0.0912031,-0.041054603,0.027122587,-0.0068748896,-0.094188385,-0.04591071,0.0324568,-0.06870133,-0.0227096,0.042188663,-0.006337254,0.06852984,-0.08861473,-0.012772806,0.08164002,0.069049686,0.08972998,-0.091230325,0.025714463,0.035130274,0.0010694591,0.063095935,0.000366105,0.012252,0.047241405,-0.082379185,0.06560312,0.012590155,-0.05509484,-0.015165949,0.048506826,0.008729471,-0.02570628,0.0859121,-0.07636949,-0.0069551,0.06917282,0.00208464,0.0020280378,-0.08065154,0.049669486,0.08990919,0.029175462,0.007964487,0.056733776,0.09337222,-0.10747561,-0.084751956,-0.073208004,-0.07638781
-0.02348114,-0.06584327,-0.06039302,-0.057918254,0.03947947,-0.06068133,-0.046621885,0.095497504,-0.089374624,-0.044552695,0.01591733,-0.039745092,0.09422026,0.07539429,-0.08070047,-0.0027284313,-0.07838515,-0.030507714,0.027276,-0.08772183,-0.036824524,0.09866348,-0.05531696,-0.088624306,-0.011853319,-0.006209595,-0.052780226,-0.084937654,-0.06699915,0.06714911,-0.008652592,-0.08893588,-0.08791378,-0.052007515,-0.073475294,-0.063689165,-0.040808532,0.062247183,0.058867335,0.05656073,-0.08377531,-0.005922362,0.08687259,-0.0017364641,0.055401564,-0.067932375,-0.09619051,0.09283866,0.017093232,0.011699213,-0.018766342,-0.011105087,0.003109376,0.06087712,-0.069845036,-0.0097202165,-0.068320565,0.026355026,-0.082358226,-0.02305822,0.019115014,0.019922225,0.085047714,0.010462387
0.08465969,0.07836561,-0.07106505,0.064861886,0.016541174,0.0810831,-0.04229928,0.06945705,-0.023333365,-0.07592088,0.08942584,-0.08847671,-0.03874714,-0.011747428,0.09421147,0.08315392,0.028516674,0.01327313,0.07389137,0.0014232863,0.07157981,-0.0849716,-0.096472636,0.0586902,0.02948372,0.077180676,0.07937754,0.018410811,0.026555054,-0.09291156,0.019869775,0.079965286,0.004632271,0.094938435,-0.08446729,-0.09569543,-0.06840783,-0.063748136,-0.050430313,0.003515027,0.080697306,0.0025758897,0.087324314,-0.03282337,0.09488267,-0.069904685,0.024460698,-0.09466965,-0.06634724,-0.06058873,-0.004815468,0.07685043,0.01375605,0.02179506,-0.08887887,0.08120049,0.06694381,0.020413022,0.056703378,-0.011339601,0.04553351,-0.05220298,-0.052649245,0.04090333
-0.02227959,0.064183354,0.04049146,-0.010973591,0.08716417,-0.037659828,-0.09155904,-0.0684341,-0.00631854,0.057986274,0.011932254,0.05507827,-0.0060679307,-0.08282665,0.09256662,0.06999462,0.0462425,-0.037803352,0.07524416,0.1003866,-0.027258324,0.062207714,-0.062289707,0.08215714,-0.0038386616,-0.062591806,-0.08210489,0.06535181,-0.090611644,-0.07532041,-0.042340428,-0.0063619064,0.029314427,-0.04037927,-0.09231907,-0.08130364,0.08780552,0.06859417,-0.0012669271,-0.02638004,0.060192436,0.044106614,0.030415181,-0.06914275,-0.062180754,0.06539589,-0.0841325,0.052014712,-0.03862591,0.057179645,0.055686492,-0.020857736,0.006913314,0.017193453,0.020610072,-0.05393603,-0.068326145,2.2340231e-05,-0.04240871,-0.03588791,-0.087154575,0.0018240933,0.060222805,-0.061553072
-0.094719045,-0.024682397,0.10512606,-0.054671243,-0.018995466,0.063891985,-0.025931822,-0.0057207095,0.093933895,-0.009928863,-0.02779897,0.062372215,0.035884477,-0.08448758,0.078261435,-0.020407988,-0.06282345,0.063029364,0.07265509,0.0784471,0.057761744,-0.06570683,0.08574609,-0.07427123,0.075357966,0.005289605,-0.012187807,0.005347862,0.03642358,-0.009802597,-0.03264134,-0.017245382,-0.018126613,-0.01621365,0.053282697,0.09054179,-0.07456156,0.008228913,-0.032307833,0.07469809,0.07930264,-0.069411576,-0.076951675,-0.09629708,0.022077672,-0.0040840367,-0.0064532175,0.0137727,-0.0013582375,0.10467984,0.05594584,0.07952391,-0.06850614,0.049646825,0.039179415,0.07587984,0.063052416,-0.0038150945,0.039372005,-0.02191985,0.031996164,-0.012406165,0.08849837,0.048731532
-8.961579e-05,-0.058514502,0.045951605,-0.08457137,-0.03095484,0.008329895,-0.0032433344,0.06034679,0.07251832,-0.079433,0.0800362,0.046923075,0.08287386,0.069669865,-0.08945099,-0.05901516,-0.060164325,0.0140530495,0.009844502,0.06846144,-0.0032892504,-0.070755936,0.0050318097,0.086867005,0.0831924,-0.09973001,0.05906884,0.04811339,0.054059185,-0.04967417,0.0005107026,0.030080428,-0.032688063,0.022913529,-0.06216028,0.09319766,0.029930737,-0.07476834,0.031345516,0.091199934,0.09288424,0.01363275,-0.00012824744,-0.104821004,0.05245289,0.042054307,-0.08933304,-0.073393695,0.08717939,0.050672777,-0.0006749735,0.07223375,0.051800113,0.04826307,0.071467094,-0.037641615,0.03618353,0.091662206,0.07347477,0.005456266,-0.09301464,0.062414788,-0.0985611,0.034082606
-0.0480266,-0.10456031,0.056059353,-0.10064951,-0.011544981,-0.02236913,0.010714111,0.07224812,0.09325629,0.056210298,0.090935655,-0.09910908,-0.072660364,0.07273415,-0.051068936,0.03069682,-0.070891656,0.00075514073,-0.05903995,-0.04926094,-0.070137054,0.07863377,-0.09098827,0.0029936412,0.02564921,-0.06963801,-0.08348193,0.06701904,-0.06271741,-0.08639942,0.0981552,0.044395976,0.06786774,0.011899315,0.096310966,0.07336233,-0.023243511,0.05337742,0.05564063,-0.08220453,-0.028779514,0.02225029,-0.025879513,-0.06713209,-0.07155185,0.06502889,-0.06063275,-0.062055565,-0.017426103,0.115621805,0.046455473,0.06769896,0.012432001,-0.00027536674,-0.091362596,-0.06436196,-0.0589332,0.03956583,-0.08262235,-0.054327853,0.027286459,0.06290069,-0.06587589,-0.00072865805
0.063223474,0.07586581,-0.0014645016,0.04149528,0.018593132,0.00040492584,-0.10099474,0.09541989,-0.097548634,0.047815476,0.008928431,0.04628403,0.08341114,-0.08383079,-0.096083134,0.013398094,0.000956138,0.083176106,-0.08423525,-0.043246392,-0.0030163077,0.071810454,-0.01057943,-0.092156455,-0.09100675,0.10010758,0.06338463,0.042210426,0.013581389,0.0042916383,0.029560244,-0.03185002,-0.050865706,-0.010951697,-0.03960907,-0.07710693,0.08655159,0.066976026,-0.08472731,0.029329972,0.047549967,-0.11118941,0.04492371,0.093073495,-0.06466156,0.060763195,0.087798186,-0.08965715,-0.04947118,-0.05692885,0.056697894,0.06295842,0.035468336,-0.054256167,0.09606163,-0.0620782,0.09069646,-0.07992834,-0.05778816,0.08976781,0.007902193,0.041585986,0.08037428,0.04730668
0.10285494,-0.08719301,0.0053306064,0.0075919926,-0.08102006,-0.038278174,0.080222115,-0.003843586,-0.02403562,-0.09873185,0.0129691595,-0.07987051,0.07083801,-0.089717194,-0.005447236,-0.048803374,0.042504486,-0.07938656,0.067031525,-0.08436642,-0.0040144967,-0.052495893,-0.0018723023,0.08706239,0.023820782,-0.08510368,-0.0036459526,0.088800535,-0.08508835,-0.092309296,0.053247023,-0.08937617,-0.09306976,-0.032242306,-0.07139903,-0.07207755,0.04048336,0.017004618,0.02346828,0.06926292,0.0068623074,0.07101843,-0.016670035,-0.079390526,-0.044746716,-0.094194494,0.052788813,0.032031618,-0.05504085,0.082588516,-0.006448014,0.062391132,-0.06616195,0.011966102,-0.008099867,0.0062243585,-0.06295632,0.05437703,-0.05275115,-0.09887796,0.055603717,-0.08499861,-0.054002687,0.060573537
0.016501093,-0.039477628,-0.02438857,-0.029470323,-0.018080194,0.08278062,-0.06859683,-0.00817451,0.01068233,0.07379643,-0.0111437505,0.007396186,-0.01655375,0.07570806,0.032075956,0.012170124,-0.0800893,0.04467799,-0.049761556,0.07565544,0.082037896,0.07964723,-0.026479008,0.079732016,0.009328037,0.016958833,-0.08091814,0.0479546,0.034339853,0.04912209,-0.042337183,0.0136998575,-0.018857036,-0.010097729,-0.06736838,-0.064352475,-0.04020298,0.042439487,-0.050981496,0.035120077,0.054979306,-0.01191727,0.07009304,0.010368097,-0.0015315596,-0.011818358,-0.054121092,0.025537608,0.047884036,0.00715559,-0.019332021,0.06307485,-0.07710728,-0.07877504,0.04905242,-0.027162328,0.049046725,-0.034150008,-0.05776493,-0.07269214,-0.052360084,-0.020488271,-0.08115923,-0.0601
0.054803513,-0.017589545,0.05173541,0.01153631,0.020938687,-0.049153656,-0.094869256,0.07324593,-0.08948708,-0.09596654,0.011829489,-0.058455348,0.06279591,-0.09961661,0.023183798,-0.0030855772,0.015075182,-0.053728312,-0.08770707,-0.05955109,-0.0018577066,-0.06276606,-0.0652689,0.06471214,0.007994488,0.0247775,-0.010203632,-0.08226116,0.09385374,0.08089603,-0.04902789,0.059724994,0.049093947,0.0104514025,0.02047162,0.060218144,-0.09299971,-0.09073156,0.095137745,0.0065748664,-0.052705705,0.0605588,0.022771435,0.006243503,0.077741735,-0.071851805,0.082901664,0.02220837,-0.016883085,0.06085161,-0.03795085,0.016239155,0.08187855,-0.051038276,-0.0513382,0.082152724,0.08174726,0.09510462,0.061334115,-0.0012072365,-0.0254577,0.012833694,0.07666692,-0.060872857
-0.09172728,0.006997699,0.069976285,0.068972945,-0.09014488,-0.07876735,0.057509482,0.044613495,0.058800276,0.08111223,0.058873784,0.05996647,0.041069306,-0.094447374,0.0749993,0.045717116,-0.02813026,0.07896424,0.06345964,0.09662889,0.08710684,0.017647576,-0.094740525,0.055869546,0.08831366,-0.0049172016,-0.023654012,-0.030258954,0.078417346,0.06214318,0.051110446,0.041605897,0.015055473,0.019831752,0.10664467,-0.07682346,0.0021654465,0.06307628,0.05534668,-0.0684897,-0.009379648,-0.072563305,-0.07192051,-0.088662535,-0.012938232,0.078192696,0.049830064,-0.05408454,0.066615984,0.010768039,0.09832617,-0.08995411,0.07321182,-0.020058008,0.061028697,0.07149553,0.0085748695,-0.066894315,0.01918962,0.08987891,-0.10487245,0.06900389,0.09040115,0.01586958
0.0635029,0.0069172,-0.017637659,-0.09318303,-0.099388026,-0.00073002384,-0.102706,-0.08043252,0.06971879,0.05204596,-0.05640571,0.07254261,-0.07150517,0.05969915,-0.069944166,0.061524253,0.011193939,0.007211947,-0.060250826,-0.100616924,0.06033996,0.0026772835,-0.075543664,-0.0014983611,-0.06309668,0.007589182,-0.052794613,-0.056469094,-0.088382125,-0.06758721,0.020287197,-0.054682802,0.09785467,0.09988233,0.09196154,-0.027663343,-0.0029076273,-0.024923539,0.024781931,0.08412872,-0.082020864,-0.011887828,0.0478585,-0.010733324,-0.023767317,0.061466545,-0.007815408,-0.063332304,-0.043370973,0.042350627,-0.08486917,0.09050737,-0.019032339,0.06657822,0.09684218,-0.059439857,-0.025879908,-0.07273975,-0.08225406,0.03536961,0.015501755,-0.014310134,-0.035775512,0.094844185
-0.062903166,-0.07072202,0.06092601,-0.0079619875,-0.0763239,0.0017811623,0.091483355,-0.059677005,-0.009867935,-0.083888665,0.04414809,-0.05714533,0.028947573,0.032273836,-0.0052882233,0.055620153,0.037459794,0.004075765,-0.009709645,-0.07117036,-0.05463362,-0.0036426373,0.06204394,0.003125025,-0.09301719,-0.08172796,-0.035270337,0.08898058,0.09291407,-0.03982508,-0.0075019365,-0.0044225263,-0.053720832,-0.075318605,0.06478426,0.015611073,-0.05627245,0.07022716,-0.048119497,-0.045821417,-0.061636195,0.05613357,0.045724872,0.006309092,0.012714327,-0.08525265,-0.046492133,-0.017279154,-0.07329649,-0.007465823,-0.026229678,-0.069586754,-0.034797583,-0.011882418,-0.003948103,-0.021730015,0.016839975,0.013146552,-0.08528377,0.08120316,0.091680594,-0.049096644,0.072753355,-0.08128632
-0.07178803,-0.014262842,-0.069505885,0.102851816,-0.009704613,0.0024733231,0.067417964,-0.062381037,0.028105497,0.056176048,-0.044919264,0.0079580005,-0.07080236,0.0019461744,-0.035235345,-0.030741941,-0.06825398,0.01670837,-0.059592165,0.040863123,-0.044227563,0.06695721,0.013979143,-0.013420671,-0.07428163,0.0071096933,-0.08961237,-0.054142065,-0.103264965,0.088795595,0.09264526,-0.056745812,-0.02357999,-0.022482662,-0.09227355,0.051749945,-0.010299028,0.018617604,-0.00822329,-0.05346018,-0.024783142,0.00865627,-0.033608302,-0.07233045,0.058500107,0.05356863,-0.020804508,-0.002202431,-0.018656956,-0.065879025,0.0831496,0.03840162,0.05760109,0.09028098,0.09912563,0.071244314,0.052367266,-0.07664906,-0.08590603,0.06465204,0.004871508,-0.08541203,0.0069893743,0.01601271
-0.092084765,0.076068155,-0.031427104,0.04045798,-0.023521628,0.050516337,-0.039777458,0.00069202203,0.09467286,-0.06485873,-0.07516915,-0.082691975,-0.05040883,-0.08514065,0.00787201,-0.0013445629,0.01875708,0.07342515,0.019136589,-0.048329048,-0.007351517,-0.06770807,-0.04045814,0.058044035,-0.0030687829,-0.050449338,-0.010925834,-0.017450562,0.05998076,-0.08014366,-0.00085594394,-0.07577127,-0.08136184,0.10062073,-0.006804886,0.06948473,0.10159269,-0.060655832,-0.0676626,-0.0091596665,-0.007709734,0.055815104,0.07757789,-0.09588828,-0.050686542,0.010368667,0.005927968,-0.054380003,-0.056694046,-0.031116787,-0.056983028,0.0024046977,0.07996017,0.09256531,-0.051417943,0.032401294,-0.06071501,0.09458429,0.066747084,-0.0076371096,-0.055003565,0.07084138,0.056171738,-0.01890708
-0.094596796,-0.0068241972,0.0034085705,-0.00824465,0.032655228,0.02618084,-0.026714375,-0.027308356,0.020608157,-0.07816641,0.010291053,0.060004815,0.078300916,0.053347457,0.07656988,0.015227385,0.08797305,-0.012667281,0.0013656213,0.060423333,0.07347914,-0.09653975,0.04694644,0.06375873,0.07521222,-0.0015628802,0.06199248,-0.086250484,0.06878144,0.02695098,0.042963978,0.06039704,-0.036388237,0.04064608,-0.05627863,0.042174716,5.7864912e-05,-0.059026692,0.09221133,-0.06476859,-0.043330144,0.08107258,-0.010384827,0.0016794396,-0.0025230118,-0.07821305,0.0008681426,-0.0057301647,0.07483653,0.012752738,-0.077833384,0.02036422,-0.098157644,0.0888874,0.09002709,-0.07982919,-0.05906795,-0.038826596,0.041678596,-0.086591825,0.06573818,-0.033272047,-0.056727,-0.08213539
0.098993555,-0.09596094,0.035815567,-0.014103828,-0.10756752,-0.0968952,0.059251446,-0.055743314,0.025670452,0.06902447,-0.060064707,-0.022663089,0.07471625,0.06829098,-0.08332726,0.07536585,0.07412996,0.0076809316,0.036019564,-0.011960611,0.059136543,-0.07224965,0.057386216,0.09328928,0.082004875,-0.057543598,0.00041476087,0.06675874,0.08085071,-0.009730562,0.0954997,-0.042312138,0.06870311,-0.02579464,-0.020493995,-0.10246072,0.0067942333,0.021666909,-0.08427196,0.023267258,0.020000728,0.094418146,-0.057464346,0.056727465,0.08825733,-0.022721728,-0.07227159,-0.07798066,-0.07625258,-0.054387722,-0.075129025,0.012394754,-0.04421366,0.03727066,-0.014312458,-0.06919184,0.08639339,-0.053992182,-0.05161949,-0.06276332,-0.09953512,0.07780289,0.042186636,-0.035396986
0.0836641,0.0947532,-0.04814375,0.072764374,0.038552202,-0.091431595,0.0055318875,-0.07385956,-0.08360069,-0.086957306,0.07599273,-0.09582285,0.003372088,-0.002599065,0.07869938,0.018449044,0.067006856,-0.09440151,0.026685689,0.08473528,0.04858632,0.0069534467,0.032888,-0.008483343,0.07149217,0.06341691,-0.07419566,-0.081755295,0.06530416,0.09121693,-0.07343209,-0.091988504,1.9666433e-05,-0.045270506,-0.07087623,-0.052753277,0.0042321063,0.0876508,-0.013437538,0.077919364,-0.008585108,-0.027178489,-0.018267611,0.0095185945,0.09084578,-0.0649884,-0.0702975,0.092018686,0.09363828,0.041311793,0.08876182,0.08285867,-0.016997673,-0.08621766,-0.063664734,-0.04007082,-0.100093424,-0.002580649,0.098536275,0.08450304,-0.038779747,-0.010047417,-0.02050845,0.09759786
0.050478045,-0.08304584,0.052582074,0.0645158,0.006315524,-0.008028165,-0.09968664,-0.070971884,-0.015282801,-0.025631884,-0.073525555,0.022142114,0.06305281,-0.0015481703,-0.09901116,0.0683249,0.03558964,0.05238967,-0.078092985,-0.05742417,0.04291123,0.09546466,-0.016409619,0.059306342,-0.067901306,0.071713686,-0.005572069,-0.03574383,0.07774728,0.040099673,-0.06810156,0.0020295505,-0.029611578,-0.040678438,-0.074802935,-0.05721537,-0.036913045,0.029523373,-0.0777237,0.057065543,0.077351935,-0.0077851554,0.08455994,0.07201856,0.0340749,-0.09166743,0.09473254,0.050234213,0.05858536,-0.015039911,-0.037655015,-0.07438412,0.07720905,0.09274603,-0.06620022,0.09812432,0.0463163,0.06976644,0.0194226,-0.065091856,0.0025152818,-0.04334035,0.0169104,0.051290013
-0.005881774,-0.11170364,-0.010371118,0.017917784,-0.01154978,-0.072272494,0.080949806,0.047529604,0.02763991,-0.011051233,-0.0690903,-0.05509504,-0.048927363,0.078099586,0.054022733,0.03480749,0.04598313,-0.088947766,0.039757222,-0.059850987,0.0007881166,-0.036803335,0.008971237,-0.057929557,0.078132875,-0.08332025,-0.068226635,0.005769456,-0.07885551,-0.08102638,-0.0990725,-0.018470954,-0.048091814,0.092243515,-0.054923195,-0.096916005,-0.013244085,-0.02329877,-0.043560404,0.008314365,0.023430359,-0.088870145,0.06726138,-0.075984605,0.00983173,0.10071882,-0.091114156,-0.050111502,0.0035868501,0.082703166,0.024882294,0.05074103,0.027375894,0.053936545,-0.09436667,0.037085854,-0.06928787,0.08144816,0.049912058,-0.01041664,0.045089237,-0.076480776,0.051190916,-0.0048315683
0.09862633,0.08991574,-0.06984775,0.073737346,0.09049776,0.053795327,-0.043932244,-0.072114356,0.02474876,-0.07556834,0.07761229,-0.06555608,-0.073280044,-0.034395568,-0.017127924,0.000769096,-0.029019183,-0.095738746,0.08244669,-0.014311496,0.08335142,-0.03720881,0.07141294,-0.08424297,0.01944876,-0.09043803,0.018903786,0.067025274,-0.06820874,-0.08119714,0.0988123,0.07248343,0.04798757,0.067375846,0.09267755,-0.006621232,-0.03717757,0.061234478,0.09446514,0.077110544,-0.08816875,-0.08214624,0.06314054,-0.108105,-0.040156543,-0.07853689,0.09054349,0.009753751,0.083290674,-0.10286753,-0.041728724,0.11172414,-0.059593912,0.09383404,-0.0791067,0.061833657,0.06494839,-0.07001458,0.003972089,-0.064550854,0.011594277,-0.008248237,0.049935028,-0.04319397
0.10198632,-0.0024226953,-0.0011156709,0.0012292028,0.053209692,-0.012757818,-0.0827682,-0.061819386,-0.06807689,0.009702549,0.062537305,0.01880933,0.020830965,0.0185647,0.0645442,-0.08035831,0.03846258,0.03447993,-0.0682092,-0.043598454,-0.05941215,-0.0074074473,0.032175183,-0.07608176,-0.0801833,-0.06442251,-0.052996162,-0.10502664,-0.04932406,0.08398283,-0.004103139,-0.06601635,0.01485384,-0.052188758,-0.00013215138,0.011719445,0.01855419,-0.04294803,0.004247454,0.08993785,-0.06765284,0.015311818,-0.056471147,-0.09361072,-0.080273755,0.022075575,-0.0073277783,-0.060759142,-0.085958496,0.052130096,0.09169719,0.10075704,0.058279607,0.078283094,-0.08027277,-0.07279848,-0.0034507911,-0.021571988,0.09907103,0.07260249,0.014587448,-0.058792256,-0.025877772,-0.0614769
0.036663156,0.032846745,-0.098607264,-0.06755156,-0.0217515,0.055232566,0.059018124,-0.06847231,-0.109768845,-0.07321162,-0.046467382,-0.01974429,-0.09236633,0.08866243,-0.049210135,0.11135556,-0.014627361,-0.07566848,-0.07668149,0.01585357,-0.0028923058,-0.06740949,-0.07796368,-0.07945411,0.021283777,0.060953576,-0.066399194,-0.09067298,-0.06714266,0.0014232869,0.001876528,-0.06909105,-0.06422077,-0.08841094,0.057121705,-0.0011053445,-0.05528155,-0.04995621,-0.10988791,-0.08271648,-0.047493123,-0.06923012,-0.10088023,-0.024934452,0.06747123,-0.078703165,-0.05800341,0.08157506,0.10914975,0.014466158,0.073848315,-0.08471102,-0.000664109,-0.07386136,-0.0030515858,-0.0062439493,0.004298832,-0.018659059,0.006568282,-0.087463215,0.09112336,-0.084685,0.06689367,0.032968886
0.084825076,-0.009095141,-0.0956954,-0.0075739524,-0.07469762,0.069413826,-0.09214707,0.00012899548,-0.05738041,-0.058417488,0.09700499,-0.0733655,-0.07845041,0.0137172965,-0.10014436,0.05873795,0.05069543,0.04291697,-0.004385132,-0.022749322,-0.044115167,-0.0751668,0.018545926,0.09276255,-0.047083583,0.05348899,-0.09371713,-0.037912015,0.086770535,0.048208017,0.008689029,0.09142301,0.08889933,-0.012157841,0.021792771,0.026894102,0.059213758,0.067498535,0.0012497826,0.0049414737,0.07129588,0.06478678,-0.03895663,-0.05552152,-0.07040496,-0.06254654,-0.024448225,0.09796901,-0.02434128,-0.058773622,0.0015573191,0.10335845,-0.08838317,-0.06720372,0.008795814,-0.05997769,0.025483279,-0.059159096,0.051285923,-0.009355177,-0.005265883,0.07587513,-0.055078078,-0.051494807
-0.0033899217,0.069232196,-0.04255953,-0.06234157,-0.07167157,0.000109969405,-0.050002087,0.011198702,0.0015712515,-0.0019846295,0.05170324,-0.023128824,-0.025215438,-0.08165572,0.07205807,0.0041203983,-0.06663297,-0.0858759,0.03596738,-0.084827326,-0.024672808,0.015211981,0.062324494,0.013801689,0.03108974,0.079678595,-0.004557597,-0.08806011,0.067906305,0.08402142,-0.0025927334,0.041956365,0.097028576,0.10367058,0.08662304,0.047783576,-0.10181745,0.054597933,0.019333852,-0.061845455,0.057093576,0.091644935,0.03511521,0.0442259,-0.08318745,0.07056932,0.09449342,0.06326571,-0.024156235,0.08644826,-0.093127325,0.05703455,0.012366986,0.006179385,-0.005313577,-0.02542141,0.06793083,-0.073871784,0.0034667472,-0.049533576,0.05548545,0.0665155,-0.06455332,0.06492144
0.08812609,0.027594252,-0.06602446,0.065663025,0.063012816,0.0751534,-0.0113335885,0.098262586,-0.0040799207,0.036814723,-0.07273271,0.050990522,0.021636436,0.078096695,-0.017041422,-0.09217792,-0.06849079,-0.06901377,0.06264103,-0.056295536,0.04339,0.03389915,-0.07687267,0.07703929,-0.07301817,-0.022521213,-0.08140342,0.06879217,0.056555152,0.021825802,-0.03323073,0.055554736,-0.04095269,0.018365603,0.011401236,0.029381428,-0.0900371,0.07916954,-0.07539239,-0.03153336,-0.02575074,-0.092083156,-0.0817149,0.0754709,0.059776474,-0.034879528,0.056885928,0.07014383,0.017551439,-0.057324413,-0.037641965,0.029443348,0.015143812,-0.07082224,-0.09075774,0.0012967091,-0.008654632,0.05743527,0.05898025,0.09509733,-0.005000645,-0.011206196,-0.04869234,0.057342913
-0.0115373805,0.09941082,-0.080528185,-0.049868997,-0.008898834,0.0061047617,0.05668589,0.059289854,-0.0022507105,0.02989596,0.078560926,0.067393534,-0.0039293766,0.06274331,-0.009919246,-0.003046856,0.072139785,-0.029691868,0.053416476,-0.073278904,0.07637587,0.012127401,0.059145723,0.055495925,-0.07547227,0.0943203,-0.002885247,0.0027262254,-0.006349569,0.07760644,0.08016143,-0.032126963,-0.0030963,0.064333595,-0.0054210117,-0.0710628,-0.074266285,-0.029833602,0.077042006,-0.034164086,0.09901409,0.091645345,-0.0133281415,-0.06515539,0.092463955,0.0673472,-0.0942068,0.086251386,-0.04431884,-0.08509026,-0.06914636,0.04879413,-0.09643474,-0.075844966,-0.064215854,-0.051372733,0.096870124,0.043216214,-0.09226164,0.03041032,0.08185669,0.08928161,0.062264133,0.084069066
-0.052715927,0.07774996,0.02175104,0.07519941,-0.06804548,0.07504837,-0.03132064,0.009198553,-0.073546655,0.08071739,-0.013066227,0.04250539,0.024360603,-0.027603455,-0.07651791,0.009459262,-0.055765763,0.028517775,0.051690955,-0.019552836,0.007246822,0.06927093,0.052435912,0.064002074,0.012768803,-0.041186195,-0.016998107,0.061134733,0.05189493,-0.024483504,-0.0073610637,-0.036282804,-0.027879117,-0.028139686,-0.04866499,-0.06027213,0.07596474,-0.061093427,-0.070012815,-0.04344426,0.043671712,0.052185748,-0.08403858,0.066939875,0.051097173,0.079264596,-0.07165456,-0.029495029,0.014183165,0.009507425,-0.0031390283,-0.020980617,0.08319583,0.037187565,0.045898385,-0.02721507,-0.0009455746,0.039000705,-0.0008315714,0.015852151,0.032793984,-0.016426332,0.0048654396,-0.061819546
0.02796746,0.09522225,-0.079369836,0.010924901,-0.0061907335,0.02129778,-0.006876574,-0.08673003,0.045718275,0.08014867,0.0018070613,-0.10004092,-0.048932858,0.04047434,0.06351046,0.02380829,0.08540043,-0.00010318137,-0.026692826,-0.010958488,0.008341,0.00985359,0.07216119,0.024035886,-0.043098774,0.04941441,0.01079194,0.030007362,-0.011084509,0.0926811,-0.000753369,0.04313767,-0.0720695,-0.042906262,-0.092766404,0.011071801,-0.087827474,-0.07574174,0.05901614,0.07268784,-0.08927252,0.0932389,-0.0027745909,-0.10001576,-0.049942028,0.06776345,-0.026216216,-0.02079801,-0.043252442,0.0059318314,0.07404769,0.022574782,-0.07166824,-0.054486062,-0.06501245,-0.055876434,-0.024258448,-0.026790459,0.07297044,0.053483564,-0.067245774,-0.043576676,-0.009347826,-0.063191324
-0.084011815,-0.0072519877,-0.07942896,0.012072274,0.08677135,0.084022485,-0.05813379,0.0058306186,-0.03844638,0.07372443,-0.0409108,0.08728002,0.08116445,-0.061416097,-0.0665002,0.011273903,0.075764075,-0.017040452,-0.02143548,-0.07915156,-0.06958785,0.06748649,-0.021759298,0.011286892,-0.013523778,0.08235809,-0.07835622,-0.0905439,0.0033006873,-0.0075749564,-0.05409955,0.02790545,-0.056889996,-0.06689842,0.07708718,0.02228369,0.0049174745,0.06818972,0.059496745,0.015715914,0.0655717,0.07145283,0.017880272,0.05175008,-0.07402233,0.090818964,-0.07289889,0.0937763,-0.054313913,-0.00088172813,-0.026465777,0.0029602563,-0.10181718,-0.038983896,-0.050116256,-0.0069811344,-0.020891866,0.06886238,-0.06443503,-0.075817555,0.06429717,-0.0455579,-0.065255284,-0.0651226
-0.051209074,-0.02622886,-0.044803604,-0.0051178355,-0.0725684,0.06922055,-0.024001079,0.02398408,-0.09335872,0.09248145,-0.0005138277,-0.030108334,0.029670151,-0.06572838,-0.08991303,-0.07769078,0.050822604,-0.073973455,0.08766198,-0.068913125,-0.009573034,-0.07053654,0.076424815,-0.07784372,-0.08143832,-0.014449072,0.007251496,-0.023323353,-0.09945734,0.04556592,-0.0707357,0.08767446,0.050209325,0.02584687,0.061515007,-0.10531257,0.023817226,0.011365629,0.102181956,-0.007001464,-0.0625393,-0.10362012,-0.07680831,-0.011499358,-0.053610455,-0.010412993,0.0903626,0.07244711,0.050303046,-0.004046068,0.01330141,0.10058435,-0.053315405,-0.0038018238,0.08723673,-0.016522376,-0.077356525,0.098504856,-0.08204727,-0.0037873401,0.07178786,-0.08772361,0.0962463,0.07503482
0.048020326,0.007924016,0.039431784,0.10073564,-0.06303708,-0.052252486,0.10320591,-0.02146125,0.012529768,-0.03245434,-0.02835972,0.044970352,-0.013196871,-0.0005409836,-0.070762694,-0.06288788,0.013174548,-0.00050367886,-0.07017017,0.10268727,0.093542136,-0.009966266,-0.0063508423,-0.080096774,0.08349381,0.052936237,0.034209132,0.0655874,-0.10295113,-0.06945517,-0.03939166,-0.0726942,0.01633034,-0.0019935481,0.06968847,-0.07638946,0.01124506,0.10061173,0.049560122,0.07474187,-0.0010538803,-0.08238829,-0.08356779,-0.062191125,-0.08040532,0.03275021,0.059559077,0.06508389,0.090954274,-0.010647598,0.009676472,0.012388611,0.06137998,0.03309367,0.033455566,0.012017189,-0.035118014,0.03736599,-0.008904754,0.008114193,-0.073674515,-0.077682234,0.09015451,0.09953593
0.04059472,0.04406137,-0.040978152,0.0024434386,0.0023213343,-0.028455388,0.017697234,-0.031335987,0.0039389604,0.0044007697,-0.009677129,0.033658214,0.008130497,0.055927552,-0.035245135,-0.06223913,-0.022784507,0.011634315,-0.028599836,-0.064360484,-0.021536035,-0.019372653,-0.0064541404,-0.018919181,0.006827841,0.04537119,-0.033208326,-0.046346862,-0.059139017,-0.01545191,-0.032524552,0.008588411,0.048075236,-0.019591989,0.030630892,-0.029142715,-0.032465994,-0.032359928,-0.03497048,0.024222795,0.027240735,0.0064883735,-0.030500136,0.049521692,-0.033833444,-0.005277813,-0.0032983373,0.037233308,0.06534932,-0.028878815,0.019206526,0.00065000314,0.07415405,0.0058352137,0.024333596,0.0027448896,-0.035930187,0.046465464,0.051327225,-0.07622665,-0.04313101,0.023836743,-0.06339796,-0.0069767227
0.072487086,0.035090104,-0.0071521522,-0.06404893,0.09268924,0.002785539,-0.0286009,0.010609817,-0.062151056,-0.08353187,0.08654302,0.040982425,-0.0075195488,-0.04500044,0.07167116,-0.06746865,0.062380716,0.0664669,0.017321477,0.06969021,-0.002029733,0.011758513,-0.061070357,0.03175181,-0.07365764,0.0066999774,0.09528396,0.013358803,0.057703882,0.012426794,0.03819136,-0.021692548,-0.017531175,-0.049660344,0.02202046,-0.07442898,-0.06173638,-0.0052392506,-0.08148951,0.004261848,0.03463449,-0.004515417,-0.06059528,0.033507958,0.10204583,-0.09323351,0.006553243,0.0065440596,-0.08711443,0.08390154,-0.081557885,0.06676463,-0.044235855,-0.05828917,-0.083647534,0.051459856,0.08380683,-0.06850878,-0.06603624,-0.08482141,0.0031560773,0.0076723066,0.08455698,-0.04322395
0.049965687,-0.007827274,0.072686665,-0.046471443,-0.054587457,0.09300419,-0.08927775,-0.051062025,-0.07166884,0.09261254,-0.047421854,0.08854658,-0.04995975,-0.037018787,0.10439232,-0.030807607,0.017634913,0.06583757,0.01268732,0.07349591,0.009878536,0.09173809,0.08579586,-0.069980726,0.087212116,0.011362198,-0.06080748,-0.057719544,0.03867217,0.044954658,-0.049217924,0.06658678,0.007839442,-0.092532605,-0.06390835,-0.045541063,0.06205559,-0.07470531,0.038295824,-0.09024814,0.09645675,-0.08460532,0.025602542,0.04020121,0.058614217,-0.0058749653,0.06520431,-0.07313571,-0.051108904,0.08271695,-0.00622899,-0.06914918,-0.0019386488,0.016801365,-0.01662439,-0.06515789,0.045850534,-0.03316356,-0.048186053,0.031677783,-0.045064677,-0.003260375,0.03918385,-0.083125435
-0.010283662,-0.019387586,0.07867288,-0.058199096,0.09437982,0.083124325,-0.07568537,-0.059927333,-0.0022079544,0.031758297,0.002079831,0.005896791,-0.061799996,0.09173365,-0.056832697,-0.061962202,-0.05536863,0.0599041,0.06331713,-0.012108252,-0.06849272,-0.06411346,-0.09532888,-0.034149207,-0.05728113,0.0610037,0.07119744,-0.06788807,0.042517737,0.078232765,0.08629263,0.029249186,0.075188056,-0.03685401,0.055285193,-0.026260283,0.04866454,-0.038311243,0.01892828,-0.010570893,-0.068230234,0.012595577,-0.062717535,0.012094992,0.08104017,-0.07516338,0.0076314122,0.041616667,-0.03971453,-0.04972377,0.094910875,0.06717568,-0.04276468,-0.09899275,-0.03573662,-0.023605151,0.036269248,0.06426404,0.0123316655,-0.0747592,0.0041445955,-0.09311816,-0.010591476,0.02426157
0.07961972,-0.101957805,0.019345662,0.04980265,0.031520266,0.056436412,-0.06725594,-0.058300074,0.022575408,0.050392564,-0.05681854,-0.06493328,-0.027488489,0.013500316,0.032506905,-0.040630654,-0.027654346,-0.062118143,0.09689583,0.07679546,0.065693475,0.08365002,0.084866546,0.028612075,-0.056701664,0.08372645,0.0086390115,0.028092187,-0.055288516,-0.082099244,0.006681884,-0.046549447,0.06577631,0.097062536,0.0077290623,0.0038042604,-0.04352033,-0.073039494,-0.08909578,-0.018473446,0.09052001,-0.019732272,-0.03431237,0.08446211,0.052364055,0.098612614,0.0978834,-0.044585,0.08148462,-0.034836706,-0.008775998,0.06816679,0.008143124,0.012241904,0.003345474,-0.009459188,0.024249388,0.040028155,0.0016871713,0.06979253,-0.04979154,0.084631145,0.016838362,0.04631509
-0.06642855,0.005390631,0.022164857,-0.011445671,-0.0998849,0.006493574,-0.09389222,0.00021654408,0.061960608,0.031353027,-0.09543986,0.08770254,-0.035209987,0.0111271795,-0.03737913,0.09947228,-0.010532191,0.0036629657,0.0050836466,-0.0061501004,0.07004529,-0.07935543,-0.012682102,0.088204026,-0.057871636,0.09770561,0.08113799,0.06749719,-0.09012909,-0.014568666,0.06452315,-0.06959647,0.026264273,0.098885275,0.058774535,0.02824576,0.01239465,-0.05260487,-0.094434336,0.0803296,0.014568791,0.05689998,0.06480337,0.07575154,-0.060323097,0.07090165,-0.057646044,0.0670786,0.056434948,-0.020565836,-0.0011336969,0.034245048,-0.02925705,0.10346608,-0.06121499,0.060373418,0.036607683,0.066954955,0.099873155,-0.0842871,0.098734885,0.055913117,-0.0051588197,0.064454295
-0.005963639,-0.00803567,0.043204043,-0.08775178,0.095384754,-0.081821084,-0.0765687,0.07717373,-0.08478803,-0.048353203,0.07376715,0.07714229,0.03074367,-0.059595607,0.07403598,-0.0045282687,-0.011811157,-0.011377151,0.088731155,-0.0058639394,0.0015469762,0.052968018,-0.07334424,-0.06736892,-0.01517518,0.08212059,-0.008363462,-0.012123785,-0.05570944,-0.10317324,0.0732905,0.09239626,0.07821554,0.089544505,0.0051910854,-0.011431825,0.031319875,-0.01870553,-0.0100263795,0.054449733,-0.01033888,-0.011212811,-0.0051885275,0.031517424,0.06681149,0.009118156,-0.003117774,0.050249938,0.014634624,0.04654083,0.0031931708,-0.0035476403,-0.004406346,-0.055081565,0.06442765,0.04479608,0.008923434,0.0827382,-0.041417427,-0.07035022,0.06602277,0.06442945,-0.046689693,-0.02134264
-0.102818,0.07898611,0.025449883,0.008408776,-0.012320678,0.021712432,-0.06130917,-0.06259632,0.008595669,0.034484416,0.0029564637,0.052455056,0.044592347,0.06920117,-0.05387908,-0.06702629,0.047370344,0.017718157,-0.06805744,0.044556603,0.062916376,-0.019835237,0.0032163116,-0.052650433,0.093913235,-0.0667208,0.003381552,-0.012619469,0.045066454,-0.07280706,-0.03889725,-0.047002748,0.032322392,-0.06537664,-0.0046274136,-0.043429147,0.04020846,-0.016291201,0.08312972,0.051842846,-0.08159541,-0.0072854767,0.081837445,-0.09405923,0.08217027,0.004962243,0.02028217,0.014219823,0.08745794,0.09433133,-0.024082169,-0.07786124,-0.033715803,0.07067054,0.04900319,0.05277206,0.0147519605,0.07862414,-0.09213523,-0.07423742,0.0067643574,-0.018738318,-0.026017785,-0.0096433265
0.03409748,9.609396e-05,0.0093766395,-0.0012117707,0.075519636,0.034509405,-0.078776605,0.07216186,-0.069045864,-0.07107502,0.008057064,-0.02595675,-0.07746192,0.06544682,0.0871087,0.02195405,-0.052345783,0.05825581,-0.020968696,0.065461576,0.05261564,0.07682518,-0.08972389,0.050824903,-0.008814858,0.06757123,0.06982057,0.033756137,-0.06446436,0.05237605,0.06431127,-0.052184932,-0.059744984,0.0579482,-0.02175144,-0.048151728,0.055901837,0.009097749,0.011063146,-0.085197285,0.0030784758,0.012072673,0.034407128,-0.034164228,0.10924619,-0.058054205,0.09858055,-0.030021269,0.08614468,0.073706865,0.082100846,0.0063889846,0.03749342,0.10826891,0.0706455,0.11112691,0.101021804,-0.04775516,0.020134402,-0.07461235,-0.00095097057,-0.020439776,0.043251496,-0.0869639
-0.06734484,-0.053100824,-0.08473829,-0.003968136,0.09319146,0.052848883,-0.051620033,-0.06850713,-0.053232122,-0.07538747,0.04517294,0.061841153,0.049302056,0.049312,-0.0649319,0.054373797,-0.08711191,0.100065,-0.007894715,-0.04914848,-0.044503752,-0.07294789,-0.094821885,-0.078078695,-0.05224838,0.09326802,-0.07210894,0.033463303,-0.0143374475,0.04877715,-0.092149705,0.008189525,0.002667743,0.057864867,0.05388574,0.09593568,-0.012569074,-0.093860194,0.053714048,0.09488359,0.060997732,-0.05329633,-0.09849423,0.08137911,-0.08164251,0.08449064,0.09231536,0.007938941,-0.07446621,0.038768057,-0.06227413,0.10501166,-0.025083255,-0.031636488,0.05883419,-0.049587455,0.005447773,0.005072893,-0.04679817,-0.06363168,0.08140297,-0.00024326927,-0.08695629,-0.061147496
-0.08860033,0.07940251,0.100155525,0.03917503,0.09683118,-0.07469379,0.07139151,-0.014484662,0.08789593,0.009295226,0.05033314,-0.088242605,0.049966224,0.042465847,-0.013258329,0.075346015,-0.013118388,0.09682979,-0.051854573,-0.0058216555,0.09472647,-0.03914831,0.10571568,-0.01985432,-0.07265215,0.083801515,0.088444315,0.046491418,-0.011434857,0.09634706,-0.023175625,-0.069593355,-0.07670894,-0.016382812,0.04050764,-0.07984167,0.00097341783,0.08559831,-0.08475718,0.06894383,0.07818292,-0.059339404,0.093760915,0.034404315,-0.08659614,-0.09231709,0.03521718,-0.026663955,-0.0007216874,-0.060965285,0.062507614,-0.098977,-0.019665653,-0.06845504,-0.013682684,0.09153849,-0.09277082,0.026509335,0.08823064,-0.05165907,0.013145001,0.0647046,-0.06812518,-0.06254929
0.03270225,0.019415496,0.010627608,0.03223746,-0.0007155057,0.011558164,0.0053901314,-0.05309262,-0.082755476,0.021454504,0.028157014,-0.08665346,-0.08014015,-0.01220036,-0.0011770923,0.08244579,0.041819565,-0.004936783,0.058391593,-0.09011825,0.0052677053,0.07264547,0.07735522,0.06577282,0.008496399,0.092079066,-0.07643396,-0.014387327,-0.07712909,0.06640507,0.08213087,0.0585348,-0.08737335,0.059753373,-0.04984936,-0.08812752,-0.08629127,0.06810703,0.08376586,0.056199007,0.07718133,-0.081493735,-0.075673275,-0.081264295,0.026711913,-0.09366626,-0.07993854,-0.07438194,0.027541226,0.09062475,0.067788854,0.000119323384,-0.09402992,0.06211294,-0.025816696,-0.020974893,-0.047895472,0.062397912,0.028659446,0.09364855,0.06522376,-0.039608117,0.0058314363,-0.095107324
0.0039719446,-0.013439011,-0.017019618,0.04492913,0.08607719,0.09538766,-0.067779034,0.03654327,-0.01253287,0.010054348,-0.09016462,0.074797325,0.01772154,0.09409298,-0.0022072482,0.056288343,0.07306332,0.0127335265,0.0597157,0.092242114,0.0708801,-0.006954233,-0.058164246,0.007625046,-0.00061608956,0.0056957463,-0.040577125,-0.025158493,0.092767626,0.078851074,-0.02411671,0.034069125,0.0024642446,0.0630466,0.09606799,0.04919068,-0.018978504,0.046121992,-0.023817722,0.018858887,-0.06692623,-0.049129777,0.081885375,0.070083424,-0.09067958,-0.10158319,0.10439575,-0.07285162,-0.049960274,-0.012047521,-0.021951223,-0.05305294,0.016270475,-0.08348385,-0.065930456,-0.04430774,-0.009669468,0.07043167,-0.03922559,-0.09516713,-0.053819135,-0.02719081,-0.048749786,-0.059919484
-0.07852639,-0.07745575,0.09362055,-0.08658139,-0.009088867,0.06917431,-0.008287007,0.017170634,-0.090001725,0.014107388,-0.07196819,-0.033746913,-0.005526729,0.072381444,0.04966988,0.011204019,-0.055242505,-0.05994046,0.00434741,-0.073601864,-0.05191749,-0.035110828,0.027365118,-0.097262725,0.0078088455,0.0074822553,0.020555787,0.091515325,-0.07383953,0.05844612,-0.079633005,-0.022450821,-0.087982856,-0.07013555,0.006057613,-0.0116902245,-0.03828321,-0.07586365,-0.089811236,-0.0064232606,-0.075251125,-0.06555744,-0.010523953,0.0031273265,0.032614388,-0.063715264,0.025990684,0.09010282,0.008411129,0.060454626,0.0375928,0.008999546,0.098934464,0.088992365,-0.00821938,0.04341447,-0.0145177385,0.05573279,0.03098169,-0.062412888,0.082683444,-0.0048368853,0.059496064,-0.026630605
-0.020789737,-0.088813975,-0.067042865,-0.06723404,-0.04037922,-0.04109055,-0.055347778,0.07631224,-0.04484285,-0.047343556,0.005330757,-0.006824433,0.067886814,-0.06093452,0.005139609,0.016206272,0.078844815,-0.04867984,0.066358075,0.05171819,0.00089056004,-0.001459599,-0.033077784,-0.054430917,-0.07314976,0.011790483,-0.025149759,-0.059464015,0.05841281,0.065938585,-0.040427566,0.058015864,-0.0029438797,0.013817563,-0.03172131,-0.036486708,-0.036885053,-0.04516304,0.027359528,-0.060993712,0.06858304,0.06645582,0.050944984,-0.036651853,0.005259322,0.048351914,-0.03347886,-0.064863056,0.07774174,-0.00070844946,-0.033872567,0.0152311195,0.076077186,0.028539935,0.03277648,0.05398098,0.0846089,-0.034854826,-0.045952924,0.033745993,0.012049739,-0.03382821,0.07286332,-0.037381914
-0.09579292,0.0710885,0.0816833,-0.022362174,0.087486036,0.013770518,-0.07812999,0.06737124,0.029337782,-0.0054624565,-0.090316385,-0.023077616,-0.06418264,-0.095462486,-0.08416544,-0.04657556,0.059876043,-0.061189916,-0.057365857,0.055096254,0.07622727,-0.061592493,0.012104426,-0.00546454,0.05006164,-0.0884996,0.0840843,0.06083656,0.02175312,0.000660156,0.052903354,0.046004206,-0.09267402,-0.06348453,0.010226388,0.055732485,-0.049425654,-0.00021985148,0.0066287173,-0.097700246,-0.041523293,0.09724726,-0.07280082,-0.087806344,0.059490703,-0.023211453,0.073197104,0.008460058,0.0644405,0.031418636,0.01409815,0.06347578,-0.0048381016,0.053826805,-0.07421456,-0.0055284793,-0.04330613,0.07022663,-0.0832267,0.010820378,0.085569225,0.0076221726,-0.020366555,0.058804985
-0.059024785,-0.007317023,-0.02548699,-0.044435907,-0.055177044,0.015558809,-0.006648351,-0.055394642,0.08312282,0.07441629,0.05080011,0.005685444,0.07740073,0.05669483,0.025464416,0.062779784,0.05314431,-0.06455624,0.065558694,0.048940923,0.07380777,0.03945039,-0.023793204,0.08577259,0.049197618,0.03904129,-0.07230421,0.012751314,0.06719818,-0.02348291,0.09738809,0.03497113,0.0032485097,-0.025288273,0.026097752,-0.054966558,-0.08590357,0.06707794,-0.07677005,0.04854696,-0.08788374,0.09904771,-0.05347037,0.07304438,-0.036583323,-0.07556839,0.097055964,0.045152865,0.012264311,0.09861087,0.051969532,0.05265503,-0.0650241,-0.071759745,-0.0154443,0.06054888,0.0361885,0.08613494,0.008011852,0.04524288,-0.086448275,-0.087628745,-0.04068096,0.02059747
-0.003169935,-0.04704311,-0.06580795,-0.021257699,-0.06617739,0.08611466,0.030214142,0.054630857,0.03970053,-0.023461722,0.06682021,0.05512431,0.058685634,-0.06678264,0.0735101,0.068918355,-0.059522454,-0.04105895,-0.028585736,0.07393379,0.08701872,0.03229481,-0.043275904,0.062098667,0.052523863,-0.067521095,-0.051884424,0.019559752,0.050024744,-0.043837678,-0.028706672,-0.016925834,0.015557035,-0.07647256,-0.025494995,-0.0034523832,-0.07420816,-0.080249384,0.0010065665,0.05264761,0.02890742,0.08634683,0.04696945,-0.037964176,0.028005397,-0.039491434,-0.011085791,-0.046583388,0.043267775,-0.085957155,0.07875672,-0.070648186,-0.042914793,-0.0032090133,0.06591449,0.088112205,0.0060571684,0.09494766,-0.06565026,0.07023576,-0.025664754,-0.05400003,-0.039699115,-0.0999277
-0.0611822,-0.055981442,0.058955777,0.076605886,0.077003695,-0.04855194,-0.07660981,0.008672955,-0.074700385,-0.06436273,0.057223402,0.07852931,-0.017245209,0.0960805,-0.056235246,0.014351982,0.034843296,-0.06619423,0.05841946,0.011735807,-0.008990836,0.060366683,0.008374145,0.042847123,0.09773996,0.03715637,-0.06944754,0.06256071,0.08548962,-0.0144573515,-0.06666896,-0.01422413,-0.083407864,0.07246173,0.054448664,0.067846715,-0.04834762,-0.08192017,-0.086147904,-0.057523347,-0.075827785,-0.06213822,-0.014796231,0.0017079468,0.06303031,-0.013560035,-0.089287415,0.09642967,0.03634698,0.08794008,-0.01411823,-0.060320977,0.07837567,-0.0131049985,-0.013076703,0.010460579,-0.008327574,-0.05837067,-0.040184528,-0.04066738,0.089703925,-0.0022739987,-0.04278417,-0.0010077775
0.037604522,-0.046982676,0.07070766,0.013044425,0.019940319,-0.01665662,-0.050498854,0.06612316,0.064920366,0.044748552,0.039533075,0.046651106,-0.031478625,0.015146389,-0.045998227,0.015834862,0.008656944,0.008458287,-0.033870563,0.006766675,-0.005031407,0.043035507,0.045293346,0.06292599,-0.042470384,-0.0023797443,-0.020245446,0.08389002,0.077954315,-0.035976633,-0.053274892,0.07814325,-0.037878215,0.07162963,0.06478973,0.06365425,0.050922394,0.025025375,-0.05641542,0.0011505928,0.08396464,0.05898615,-0.03569202,0.007722314,-0.081403196,-0.0697185,-0.07463514,0.06906335,0.019761385,-0.015377477,-0.0834343,0.021369718,0.050296955,0.08188691,-0.083587274,-0.05426904,-0.010376334,-0.063645884,-0.074582346,0.03435594,0.08699499,0.0737011,-0.004852014,-0.054276504
0.010729001,0.088591054,-0.06337878,0.08865317,-0.065529756,-0.09283809,0.064348616,0.030607155,0.056007806,0.097901225,-0.089421295,-0.012927225,-0.014457623,0.0047739525,0.06933081,0.016407358,-0.104449406,0.011486958,0.036607966,-0.0055222553,-0.08747064,0.077493854,0.086692475,0.077029265,-0.06281785,-0.081858054,0.07711721,0.025199564,0.048758026,-0.08048824,0.011692919,-0.03706968,0.057122856,-0.026545348,-0.019569097,-0.08792534,-0.08726316,-0.055113446,-0.047815852,-0.06415011,0.011528599,0.0006156346,0.05436355,0.029825388,0.004068395,0.04969012,-0.063943096,-0.05802436,-0.043247476,0.008845985,0.092238724,0.026724257,-0.07679042,-0.098596156,0.086528674,0.010457569,-0.011548319,-0.011174362,-0.0045807995,-0.10022052,0.06999721,-0.09122003,0.08789785,-0.050459437
0.040830232,0.074072376,-0.08236841,0.077389024,0.09772572,0.041547164,0.051303744,0.08087643,0.09775951,-0.008895558,-0.0030745415,0.06351267,-0.09047733,0.023213835,-0.04508678,-0.014038071,0.0144212125,-0.06253828,0.043863285,0.08299477,0.07713167,-0.06993705,0.07305911,0.08175484,0.051862527,0.07662462,-0.066644296,0.08367073,-0.009428739,0.060325135,-0.022150204,-0.0884427,0.08491621,0.049220227,-0.05811362,0.024880456,-0.015796086,0.0008671223,0.07198678,-0.087382965,0.017020876,0.038403634,0.09046181,0.04225276,-0.018186802,-0.050718937,0.06254518,0.027162371,-0.02609443,0.09178693,0.035878837,0.003508768,-0.061424706,0.073300324,-0.08801221,-0.0120128915,0.0029484835,0.058262486,-0.052257545,-0.04797145,-0.058584653,0.050634712,0.072083175,-0.058552552
-0.0086482335,0.031212255,-0.08523537,-0.013598975,0.09728774,0.004305216,-0.07406408,-0.049633667,-0.09280859,-0.092638835,0.059533384,-0.07563596,-0.0014451328,0.07117711,0.085228205,0.008078493,0.09099085,0.006088416,-0.024457885,-0.0240208,0.06755863,-0.07240192,0.098753236,-0.0053435713,0.044200882,-0.065053634,-0.033775177,-0.10168932,-0.07739041,-0.07455612,0.06257407,-0.09757434,0.04479436,-0.050538704,-0.07126428,0.008724078,0.08767311,-0.0080090575,-0.009271962,-0.055137705,0.015416156,0.03450849,-0.042865682,-0.049960487,-0.06647564,0.091897264,-0.074181244,0.06120796,-0.05475863,0.101266004,-0.074202046,-0.012134865,0.0026508109,0.091817185,0.04542814,0.018990492,0.01718492,-0.07879398,-0.087811895,-0.077712625,-0.08266308,-0.010386127,-0.012374579,-0.004458382
-0.05430336,-0.10111158,0.077893496,0.05936447,-0.059209783,-0.061599173,0.006393046,-0.06355232,-0.08698773,-0.0024747397,0.014684086,0.07172656,0.051359344,0.045430433,0.09458836,0.05325342,-0.05316684,-0.0740749,-0.06610482,-0.10112959,0.07453389,0.07904488,-0.054130834,0.0760663,-0.028117655,-0.034701135,-0.047264133,-0.088254414,0.08878765,-0.07333037,-0.06397913,0.09540784,0.07284446,-0.006661722,-0.08151307,-0.046570133,0.008953088,0.0054617603,0.08923712,0.055312965,-0.00870305,0.041358545,0.07398366,-0.098106034,0.06686075,0.054008,0.08142853,0.031323444,0.06401922,0.028849022,-0.05803822,0.01746535,-0.06839144,-0.074566744,-0.008669513,-0.085086465,0.00019698543,-0.03358976,-0.007164562,0.04344627,0.06618736,-0.08265351,-0.037742276,0.077231884
-0.09692758,0.09083769,0.007131169,-0.02484255,-0.00077962177,-0.018843101,0.06478743,0.0935748,0.01907815,-0.009462942,-0.036678713,0.015923534,0.017949004,-0.091457464,-0.068480626,-0.012667192,0.0758593,-0.07649992,-0.0728604,-0.07558803,-0.07715193,-0.060298007,-0.024693238,0.0051837503,0.07294027,0.024386035,0.07767178,0.09594084,-0.074340515,0.07878011,0.050888896,0.08039767,-0.008910273,-0.06735134,0.01893451,0.09449921,0.014929548,0.010627486,0.045170303,0.045860734,-0.034881793,0.062146705,0.05458264,-0.060655292,0.016988425,-0.098476395,0.018528577,-0.07577633,-0.08997056,-0.059140567,-0.03479637,0.013137855,0.057386808,0.00091807445,0.07411681,-0.0024941335,-0.06206989,0.092630856,0.08532747,0.056028005,-0.045767862,-0.014333892,-0.08141814,-0.08398601
-0.0048796916,-0.05473808,-0.037769966,-0.0023146814,0.038894076,0.053942397,0.08625244,0.031698823,0.08040827,-0.08143897,0.0765346,0.014342974,-0.062097106,-0.04862154,0.0069597694,-0.007945877,0.00245856,-0.070088685,0.08480781,0.076261535,0.097601674,0.09046975,-0.0121118,0.006233025,0.035759594,0.07569024,0.089776605,0.034270678,-0.09312799,-0.036164727,0.080183186,-0.022701837,-0.008700104,-0.025032783,0.009614545,-0.028338812,0.0642258,0.09238672,0.08136305,0.0007882265,-0.09715288,0.09042506,-0.002182148,0.009440294,0.052194428,-0.086205184,-0.08819269,9.666527e-05,-0.063775614,0.0128276525,0.005441943,-0.040993597,-0.012699852,0.062375247,-0.068552285,0.047293026,-0.07328116,0.013392349,0.04014787,0.01178436,0.062498383,0.089798346,-0.05461498,-0.0928813
-0.052918974,0.10686331,-0.08472219,-0.07954468,-0.08788366,0.044729218,0.039579824,0.014259749,-0.0041358485,0.027283808,0.052297864,0.01000665,0.05516895,-0.04256418,-0.094281554,-0.05622092,0.04535746,-0.016548863,-0.076791465,-0.09955542,-0.093897104,0.07325239,-0.0018689806,0.08107948,-0.0020494144,0.04633227,0.08967616,0.049677815,-0.059740603,-0.05980242,0.09727614,-0.095286846,-0.100446,0.01746394,-0.0663331,-0.06768745,0.08629394,-0.0056721834,-0.003253336,-0.067664966,-0.083506435,0.047274794,-0.07901223,0.048718374,0.08122303,-0.015100075,0.027020449,-0.05745594,0.08523402,-0.09421604,-0.0003935282,0.010490113,-0.06940067,-0.080244996,-0.040256705,-0.055521306,0.011667263,0.082442075,0.079796866,0.0020920674,0.007505286,0.06679167,-0.078619644,0.08080841
-0.009713048,-0.082342505,0.0013988772,-0.040105306,-0.002543085,-0.007978134,0.09290009,0.075040385,-0.040040977,0.05861384,-0.066454016,0.01023356,-0.09680605,0.053469554,0.058760542,0.0018449517,-0.034737512,-0.06992101,-0.07753241,-0.0548351,-0.02776889,-0.09102098,0.06256325,0.07750259,0.021093424,-0.022170288,0.089570716,-0.014889747,0.050811306,-0.08887427,0.10009366,-0.09807364,0.06328988,-0.071850374,-0.00646964,0.0074082557,-0.006682203,-0.0740999,-0.075682454,0.08571163,0.090946846,-0.0014931204,-0.0133110555,-0.021707153,-0.09017209,-0.07329498,0.06824445,0.005272723,-0.053055625,0.084990956,-0.05616003,-0.0885299,0.0007039608,0.009075063,-0.06194717,-0.062217273,-0.031014448,-0.010970119,-0.060840543,-0.08917176,0.035258017,0.09944614,0.011126617,-0.067740254
-0.09348078,0.08168955,-0.010208645,-0.01545657,-0.045211278,-0.065171465,-0.025139181,-0.09310281,-0.07460032,0.10894383,-0.08447126,0.0858519,-0.089496955,-0.085950725,0.09901722,-0.06374744,0.05028791,0.07827092,0.0032936994,-0.005933359,-0.085965075,-0.079219535,0.00038610722,0.024601087,0.059966456,-0.07581402,0.103915125,0.084051974,-0.0511747,0.062785745,0.070808776,0.018967565,0.0016502682,-0.05889768,-0.007967321,0.038951535,-0.0039398097,-0.08529377,0.021446573,0.02161722,-0.050012324,0.066788,-0.0018424481,-0.05626202,0.013506386,-0.054579683,-0.034255214,0.064702936,0.026448531,-0.016961478,-0.004038077,0.078134105,0.012504703,-0.037006862,-0.06574237,-0.054367613,0.08655104,-0.018158091,-0.09197641,-0.06294391,0.087668836,-0.08418761,0.058560062,-0.025293978
-0.060322523,0.082812555,-0.0049429033,-0.0754664,0.008711301,0.05567361,-0.080122635,0.06931052,0.05567535,-0.050243106,-0.0719161,-0.023637356,0.039531626,-0.054213006,0.005181604,-0.02140458,-0.06301113,-0.008815065,-0.053708915,0.027426824,0.009899322,0.041039832,0.05429524,-0.05490926,0.04695567,-0.063567445,0.03415469,-0.07358763,-0.026933398,0.06463645,0.04162253,0.03018765,-0.048652742,0.084670305,-0.0133107165,0.0038943428,-0.0067536626,0.04505332,0.019221853,-0.074777134,0.03668359,-0.025912542,-0.0060332506,-0.040338416,0.026130745,0.019992532,0.07448809,0.046049148,0.03165256,-0.07358298,0.054075137,-0.04988812,0.06644923,-0.040265728,0.00015723673,-0.031785022,0.0715674,0.0037233126,0.007835621,-0.027987387,-0.067453265,0.0134035135,-0.07424293,0.012760953
0.0035681906,-0.0050638355,0.0057467897,-0.030482447,-0.0672648,-0.0982977,0.07426548,0.018640943,0.05491731,0.0232373,0.019134464,0.09048436,-0.10494222,-0.0021445707,-0.07998859,-0.07612415,0.017100487,-0.033586077,0.055184502,0.06301094,-0.0111064585,-0.009463355,-0.022488471,-0.05145336,-0.02813803,0.011205489,-0.008605128,0.011387219,-0.037844192,0.076119415,-0.08592869,0.06547513,-0.02081699,-0.009585814,-0.10718928,-0.07643941,0.06608343,0.027437847,-0.020554645,0.08548684,0.07108324,-0.0012867282,-0.06420936,0.03175693,-0.06248308,0.06772557,-0.09618152,-0.011045079,0.08013751,-0.097612016,0.09772512,0.028906107,-0.06422483,-0.10786453,0.018853642,0.008726178,-0.06413648,0.06264143,0.021906339,0.02489819,0.04107527,-0.09061562,-0.033989057,0.009467854
0.008313174,-0.027756663,-0.07461363,0.081007995,-0.009613001,-0.07720437,-0.088267274,-0.074588485,-0.081461355,-0.015270832,-0.09873451,0.05333816,-0.027537812,0.09001706,-0.06752149,0.06835749,0.02701347,-0.06841247,-0.076885045,0.0049817725,-0.048023935,-0.015332938,-0.016498178,-0.042778615,0.09301403,0.073279195,0.060018048,0.06281708,0.00069417007,-0.036967218,-0.08251756,0.017989771,-0.049509007,0.0893146,0.07858071,0.08071439,0.0014641332,-0.06390402,-0.035628416,0.013353568,-0.039166614,-0.07247764,0.03513051,-0.087829106,-0.0026747375,0.07973464,0.031663053,0.06914215,0.043865923,0.09660578,0.013862806,-0.042800598,0.011162444,0.0007636121,0.008345372,0.012400004,-0.07225415,0.086074665,0.04769102,-0.013593491,0.07467942,-0.06618247,-0.046459068,-0.091024004
0.0016368335,0.05834166,0.0033078743,-0.041297358,-0.06398033,-0.041752677,0.025369583,0.0973989,0.10721518,0.074152805,-0.045264695,-0.081038386,0.072425395,0.04290122,0.012945357,0.029212452,0.016485723,0.031349488,0.002283005,0.050521553,0.025726127,-0.061976694,0.05299458,-0.06329778,-0.006152478,-0.048796453,0.048292406,0.090307556,0.043915164,-0.09528198,0.018083263,-0.05100291,0.048671003,-0.038983688,-5.208596e-05,0.07200664,0.008056907,0.091663286,0.09685562,-0.08460778,0.058923807,-0.06297021,0.06402834,-0.07340292,-0.10977514,0.084757544,0.029879844,-0.029699976,-0.0141292075,-0.07448513,-0.0695208,0.06102841,-0.037130997,-0.09388303,0.0011093704,-0.09457392,0.0029397511,-0.072568685,0.08992201,-0.003399902,0.05541651,-0.0072032115,-0.10019064,-0.07687945
-0.04333582,-0.021536618,0.017478414,-0.0046676933,-0.05392243,-0.07749837,-0.067908525,-0.050492648,-0.01128699,-0.09448741,-0.0613141,-0.02216167,0.00724129,0.07310883,-0.060312934,0.038690355,-0.059639182,-0.057353184,-0.0002650992,0.04768425,-0.08957939,-0.050882485,-0.07512869,0.086646326,-0.061457943,0.08221489,0.026662355,-0.07291805,-0.058976546,0.054889116,0.012245766,-0.090945676,0.00872371,0.060560845,0.0027248352,-0.06669048,-0.099626034,0.082619,0.09597208,0.07915264,-0.092380255,-0.106175065,0.07287428,0.069084145,0.072465,-0.05878022,0.039610874,-0.0161817,0.003422396,0.061272647,-0.03314864,0.08410484,0.05253658,-0.04993793,0.07691885,-0.011902851,0.012682462,-0.08948289,-0.0020214082,0.006175446,-0.0504678,0.080986425,0.08842066,0.005949254
0.07965892,-0.0033641786,-0.09069018,-0.048154265,-0.074822076,0.06644371,-0.03950342,-0.009614508,0.058490947,-0.05315782,-0.019431466,0.047785964,0.08553368,-0.05229016,-0.08946196,-0.09365786,0.057894878,0.05758209,-0.062128816,-0.020974133,0.09274131,0.025222775,0.064822935,-0.027510153,-0.07727169,-0.037181962,-0.09174193,-0.059870686,-0.022679502,-0.023680681,-0.08553512,-0.058394566,-0.0946144,0.027620623,-0.051586013,0.02609524,-0.07494694,-0.020787055,-0.037947547,-0.015056741,0.046630967,-0.09021651,-0.045771457,-0.026856074,-0.03164401,-0.092961766,-0.04897729,-0.087128565,0.05981773,0.03300995,0.05420923,0.041362107,0.09631336,0.060568854,0.012714267,-0.089050695,-0.065451875,0.06790007,-0.09232605,-0.005626879,0.06467821,0.09328644,0.0077917683,0.024326906
-0.070937455,-0.07396537,-0.018913677,0.002130191,0.1036876,-0.09132591,-0.049247377,-0.018810416,0.06426961,-0.08421974,0.08450099,0.008149122,-0.095353305,0.05054875,-0.10501835,0.056579225,0.07541708,-0.07641408,0.06435809,-0.028261613,-0.074503675,0.059570447,0.021893464,0.01842337,0.054108728,0.09732583,0.0046713417,0.06777189,0.0451119,0.028576167,-0.09858692,-0.014674344,-0.095828936,-0.0064415024,-0.04679581,-0.009210753,-0.020902295,-0.09258093,-0.09046398,-0.082852915,-0.056159224,-0.03242671,-0.052162904,0.08180083,-0.03540248,-0.08443457,-0.0027136467,-0.023093915,-0.05863539,0.06271422,-0.09076182,-0.08783762,0.053115956,-0.072776094,0.05990192,-0.090709776,-0.072038606,0.10341299,-0.10526784,-0.09084255,-0.08636479,0.0030934846,0.053686477,0.038391806
-0.08938296,0.012942307,-0.081916936,0.058706727,0.08285895,-0.07636085,0.06599691,-0.079140544,-0.110709764,-0.063564494,0.018708248,0.09556181,0.08471161,-0.08858041,-0.09087308,0.040721633,-0.067632794,-0.077667646,0.003026224,0.06762449,-0.09487496,-0.066176124,-0.06930097,0.010175505,-0.039833233,-0.012574986,0.065732695,0.002459858,0.015473695,0.07571975,-0.08961587,0.096662976,0.06346828,-0.006032041,-0.087010175,0.030974431,0.004815358,-0.051362578,-0.040313054,0.039241925,0.061850496,0.009855272,0.020045511,0.06642937,-0.065365516,0.09213971,0.08283753,-0.08663473,-0.013673608,0.103093274,0.037061445,0.061230652,0.09652859,0.0050789053,-0.091710195,0.0045209774,-0.0415633,0.06296978,0.10160037,-0.08776845,-0.020581648,-0.031561855,-0.0073783677,-0.048038565
-0.06785003,0.06627392,-0.088660635,0.06273532,-0.10124187,-0.012083045,0.01993066,-0.09115424,0.021722462,0.0037228765,-0.035451125,-0.01760563,-0.012451146,0.037636276,-0.066732526,-0.034233782,-0.0041672606,0.06042653,0.049597584,0.054787382,-0.063767575,-0.098743424,0.058471832,0.07685866,0.017696394,-0.0022418608,-0.04767079,-0.024796886,0.09553659,0.070520006,0.017041394,-0.057174154,0.027858404,-0.058149803,0.024722217,-0.070275106,0.0784355,-0.04071876,-0.0921153,0.02099806,-0.05177265,-0.08740343,0.078885525,-0.07292611,-0.039847925,0.0934487,-0.075304255,-0.04947548,0.10401744,0.079861246,0.036936276,0.06403232,0.08040518,-0.054335557,-0.1107289,-0.0017709018,-0.06457601,-0.071124785,-0.05046393,0.0729748,-0.004329316,-0.07729483,-0.04686385,0.04818887
0.02730204,0.011675485,-0.07487854,-0.016326534,0.10592584,0.02354124,0.080157936,-0.076042965,-0.067835525,-0.0963986,0.05031987,0.0029053567,0.069311045,0.035278156,-0.069591045,-0.07505971,0.042083737,-0.06827062,-0.031285334,0.02853118,0.08813637,-0.061290253,0.086300485,0.091144904,0.0043051196,0.083650425,0.010713778,-0.0836672,0.096010424,0.00043481623,0.08223351,-0.045278624,-0.098248184,0.06933083,-0.003846208,-0.047805283,0.082745485,-0.043905772,-0.0065426733,0.05882851,-0.08308347,0.007928807,-0.06869469,-0.07078817,0.089863166,-0.009653179,0.043643657,-0.0859305,-0.015241866,-0.011928973,0.05767197,-0.051281203,-0.08435488,0.068693206,-0.024402339,0.053994793,-0.01892477,0.009253599,-0.044832204,-0.10433577,-0.00998608,0.0844518,-0.002897975,0.07923714
-0.0075899162,-0.0875755,0.055717386,-0.07984186,-0.06409434,-0.010558605,0.041462865,-0.06475035,-0.0058537875,-0.010799562,-0.050908968,-0.01210103,-0.055759933,0.05775697,-0.027136933,0.011070234,0.09437028,0.07675627,0.050305184,0.011513369,-0.010924732,-0.08189115,0.021119459,0.004228693,-0.08447885,0.011456059,-0.002550906,0.084371194,-0.09846647,-0.0027260045,0.0019785743,0.08733219,-0.018034248,-0.006671533,-0.05322998,0.048750103,0.079870306,-0.04763909,-0.04272395,-0.08779883,-0.07672687,-0.08667516,-0.0047048344,-0.049550593,-0.009865105,-0.024190284,0.06457113,-0.012028715,-0.004656147,-0.067395695,-0.08827915,-0.057456408,-0.060695596,0.09375146,-0.04799921,0.06923698,-0.0075423336,0.09351622,0.075624876,0.08575034,-0.072976284,-0.04089722,0.055367135,0.038757626
-0.011962958,0.056811113,0.08356896,0.0784694,0.014005917,-0.045395624,0.009729283,0.0077365558,0.008186878,-0.02396979,0.060774513,-0.0126482565,0.041006368,0.07036434,0.06446335,0.08374319,0.0957496,0.0064902147,-0.07792298,0.046314985,-0.09417453,0.09676923,0.08820167,-0.06218154,0.006028252,-0.0064274278,-0.037452627,0.092080206,-0.024958942,-0.024285268,0.09605133,0.041135486,0.09078486,-0.05598768,-0.04602753,-0.013941005,-0.030681964,-0.08843057,0.0077769095,-0.095796496,0.07992282,-0.0020516124,-0.048516262,-0.051413804,-0.005690915,-0.010964569,-0.0031260492,0.036199637,0.05195775,0.09355141,0.060414117,0.065065034,0.049467176,0.074057296,0.0060541034,0.021449162,-0.061472137,-0.014684392,-0.019380974,-0.09150962,-0.03138745,-0.063442886,-0.058436677,-0.0066276444
-0.080674894,0.0008427739,-0.0029536383,-0.09638616,-0.031442933,-0.09732147,-0.047396544,0.044832088,-0.074242696,0.04734877,-0.0020421445,-0.07763333,0.052542683,0.08302587,-0.013879552,-0.07723762,-0.02529448,0.08130987,0.017250853,0.021355389,-0.06423418,-0.04352839,0.014697691,-0.05620384,-0.0725483,-0.07524036,0.052572966,0.09595635,0.07267288,-0.088389575,0.08777858,0.04205272,-0.08659632,-0.061677843,-0.040368017,-0.013590408,0.08141622,0.001781207,-0.0049781827,0.07840111,0.0016178659,-0.011278574,0.058531743,0.011959967,0.061870884,0.03072477,0.079528175,0.06998335,-0.10427862,0.048161637,0.0328853,-0.10961431,0.06196619,0.01676608,0.043690037,0.014627417,0.09409548,-0.016376073,0.048207633,-0.09220513,0.043662637,0.02837738,-0.07237543,0.06762388
-0.05678279,0.09582685,-0.038714148,0.09419968,0.103286125,-0.053024184,-0.029450122,-0.017599594,-0.061224695,0.059355576,-0.08116668,-0.005134097,0.05079748,-0.011901364,0.072474465,0.08377852,-0.011276212,-0.051093277,-0.07353194,0.077080615,-0.077015154,0.081522256,-0.018410668,0.068304464,-0.06475486,-0.006457476,-0.10583646,0.07731937,0.07389383,0.05758386,0.02917865,-0.04509106,-0.012324366,0.097659245,0.034810405,0.050455075,-0.08679529,0.034171473,-0.09671628,-0.0970206,-0.0913783,0.016309395,-0.072772086,-0.09292302,0.07531986,-0.10118841,0.10275332,-0.09677242,0.09508689,-0.07176989,0.08024013,0.013397331,0.028813148,-0.08585964,-0.0956757,-0.03673127,0.071971774,-0.0117703015,0.09424951,-0.045913514,0.052739125,-0.00985943,-0.07347435,0.06746054
0.06369437,-0.019456076,0.09309492,-0.07941934,0.088204615,-0.05894123,-0.07602909,-0.0831937,0.0063974755,0.017514758,-0.09530976,0.045713566,0.0953528,-0.020024566,-0.0973603,0.021099018,-0.069471166,-0.009696824,0.00090984645,-0.029577589,0.002423143,0.063644044,0.07165693,0.0030074178,0.084989965,0.08377231,-0.056715637,0.03079412,0.075039074,0.07224916,0.031765558,-0.09393554,-0.039831903,0.00937578,-0.004625625,-0.029685251,-0.065540425,-0.02700453,0.03780281,-0.067147896,-0.068294756,-0.09394396,0.07955382,0.059676953,0.038986497,0.062310845,0.030134005,0.102603555,0.07429223,0.0639004,-0.039035045,0.007990745,0.011974551,-0.066185445,0.00914487,0.07524394,-0.028971786,-0.0136769265,0.010818247,-0.01906835,-0.070200704,0.08855025,0.011570823,0.03997243
0.009594763,0.09555737,0.07189585,0.034584675,-0.088695996,-0.006083391,0.05189012,0.007263181,-0.08237756,-0.027180443,-0.043039057,-0.009847338,0.018687423,0.06772334,0.09681962,0.005602828,0.06774614,-0.009937313,-0.0007994186,-0.0088415565,-0.01971409,0.01411139,-0.08838905,-0.007513621,0.016361833,0.02985453,0.053552262,-0.092794515,0.10091512,-0.07152967,0.020562595,-0.0544942,-0.09763815,0.06913067,0.024954157,-0.008104656,-0.06623633,0.015089863,0.06547629,9.727368e-05,-0.046089128,0.05971829,0.013192097,-0.050306827,-0.04633795,0.0114998035,-0.065027006,0.05628907,-0.051241096,-0.07030072,-0.060747698,-0.064462505,-0.06422869,0.089891136,-0.069720805,0.060506936,-0.018611614,-0.07095974,0.03836321,-0.0976599,0.03338702,0.061969627,0.008183501,-0.092496954
0.088728234,0.07754834,-0.006661814,0.0041267467,-0.059886016,-0.027782151,-0.06571325,0.050861318,0.054243986,-0.088254504,-0.095111296,-0.061060704,0.08135539,-0.09552897,0.014100678,0.10178148,-0.017697614,-0.09152029,-0.0866321,0.074926265,0.07818649,-0.009119133,0.07640857,0.007775347,-0.041126095,0.099060655,-0.06677634,0.07510735,0.029625908,-0.043691497,0.011044039,0.0952415,-0.073453926,0.0212415,-0.03149925,-0.0020960183,-0.061907973,0.074218795,-0.052642826,0.052023467,0.08941906,0.059004266,0.08752436,0.06759939,-0.032565497,0.081198744,-0.024446862,0.0741588,0.055193122,-0.088526666,-0.09214361,-0.023072258,0.069648184,-0.06905938,6.249026e-05,0.06837384,0.05714246,-0.0084215095,-0.059786327,0.06618039,0.00733355,-0.06390019,-0.08548305,0.0046533877
-0.00092645676,-0.017158367,-0.0375509,0.0006794912,-0.096412994,0.0056598173,0.052241344,-0.06505643,0.06106482,-0.08036917,0.03608177,0.06181257,0.013874952,0.0025988903,0.09555668,-0.08874428,-0.059612248,-0.01246252,0.052107453,-0.06387621,0.06733066,-0.08649609,-0.05684792,-0.046530206,0.04975699,-0.07578919,-0.055621397,-0.094350666,-0.031312384,0.027043708,-0.07213794,-0.023952117,-0.008138231,0.048054762,0.082188636,0.026711278,0.062518924,0.023555784,-0.089688286,0.03533631,-0.04141442,0.07499309,0.04786975,0.06382302,-0.100569844,-0.0040534567,0.03838888,-0.09782648,0.00045537075,-0.009284032,-0.09678449,0.047199223,-0.07383979,-0.04679322,0.02270011,-0.07160886,0.081916064,-0.08468466,-0.0069696,0.08972219,0.067001715,0.010651362,0.018411828,-0.06332038
-0.047027167,-0.07287635,0.014123203,0.028947031,0.08609831,-0.02155754,0.0854302,-0.084433705,0.025552943,-0.05375391,-0.003834657,0.060467392,0.051120993,-0.050246313,-0.08286581,0.07119441,-0.09532791,0.07140558,0.023787102,-0.07493231,-0.032826707,0.08320182,-0.00067629456,0.06022619,0.0123886475,0.09747796,0.065668456,-0.074134275,0.017281447,0.059184805,0.057984643,0.03936157,0.0067901774,0.054101788,-0.0212039,0.085311845,0.009050318,0.0068393466,-0.065761074,-0.0955799,0.062264074,-0.0794789,0.0934475,-0.08765715,-0.047005657,-0.032384954,0.049640514,-0.07751034,0.10892064,-0.06725973,0.00025967686,0.07101759,0.048278805,0.021812512,-0.06845587,0.011240084,-0.0291672,-0.08923978,0.071361095,0.08280877,-0.09630909,0.07984712,-0.05590749,0.01676761
-0.06340915,-0.03132494,0.0063635143,-0.06792589,0.09623467,-0.069591336,-0.051521555,-0.07114052,-0.0072598406,-0.02828207,0.083629675,0.002264516,-0.055480335,0.04696963,0.027464967,-0.025880443,-0.05031237,0.0729004,-0.06887016,-0.09390282,0.056145206,0.04937487,0.06881375,-0.047464825,0.06959759,-0.0063564805,-0.05924471,-0.011605885,0.062152494,0.007566393,-0.049632728,-0.07746707,-0.012260684,-0.080265775,0.020471167,-0.074388735,-0.004516725,-0.008841766,0.09969817,0.08254806,0.07580085,0.06731294,-0.010181595,-0.041029043,0.07336266,-0.023081042,-0.08478639,0.05172149,0.009483625,-0.07778122,-0.0020355417,-0.05249267,-0.059538923,0.0323001,0.06642531,-0.08671793,-0.057636704,-0.035836224,-0.058583792,0.032695703,-0.016990917,0.047081605,0.037305955,-0.05484125
-0.0033156537,-0.0029755172,-0.088390134,-0.023368107,-0.06673353,0.00992594,-0.06164899,-0.06311044,0.08297149,-0.056964442,0.0315561,0.06580769,-0.09579237,-0.0007011898,-0.07699986,0.046595734,0.007454191,-0.012961001,0.07026349,0.08167093,-0.007202333,0.010405122,0.0037900486,-0.09681795,-0.08185188,-0.05682292,0.0038270217,-0.018364133,0.028111916,0.08138524,-0.08551299,-0.023475468,-0.011812514,0.060922317,0.0067945537,0.091202684,-0.073466554,0.095408544,0.10030184,-0.012928697,-0.048064854,-0.054515,-0.008144697,0.03796356,-0.092955925,0.05697335,-0.08440545,-0.00477668,0.05675979,-0.072832026,0.08419624,-0.011744888,0.05954796,0.09621782,0.06620922,0.09485129,0.059765406,0.062825,-0.10401018,0.07031549,-0.08690116,0.058999408,-0.06305634,-0.030067768
-0.065794244,0.021009903,-0.04252011,-0.089307986,-0.053998254,0.083274625,-0.05625268,0.0024541442,-0.009365493,0.042492665,-0.07798583,-0.0038190726,-0.07038051,0.05494744,-0.07922452,-0.088729344,0.09809707,0.07065912,-0.08269502,-0.007529186,-0.015813187,-0.062476534,0.043643996,0.095046274,0.050944287,0.074270196,0.07831565,0.0989416,-0.00086414,0.031188644,0.08791378,-0.051905934,0.07009331,0.0026496307,-0.063576676,0.065052636,-0.09659245,-0.06510038,0.100725494,0.099182755,-0.020134998,-0.090853244,-0.07922546,-0.08361012,0.034032106,-0.02924588,0.0748585,0.08301499,0.009210131,0.0991443,-0.05132802,-0.05568788,-0.08156378,0.05493531,0.00033012143,0.1001688,-0.0055530127,-0.106843166,-0.04716833,0.0994264,0.020325635,-0.07083497,-0.0035369957,0.012410601
-0.08368873,0.0160943,0.011240086,0.086222745,0.08035617,-0.0231485,-0.03740042,0.081457,-0.07567888,0.018755537,-0.006233056,-0.079751834,0.0090600215,0.00843572,0.07305166,0.05175348,0.013835647,-0.094403654,0.09477746,0.031303596,-0.0027409103,-0.054346025,-0.06284938,0.073223695,0.08243683,0.014192489,0.09864162,0.08787963,0.0982206,-0.008436089,0.062248453,0.09848844,0.04590646,0.07046717,0.08678877,0.09328905,0.0008426041,0.06519122,-0.09689024,0.021416118,-0.012158716,0.0072776447,-0.009018957,-0.008931019,0.081844546,-0.07364976,0.06797286,-0.08492479,0.07117272,0.0026327143,-0.08007811,0.0007789286,-0.050572302,-0.0797102,0.0018170261,-0.076041296,0.080632605,0.050701197,-0.0011080876,-0.04237278,0.04644292,0.08355218,0.07979438,0.0056210775
-0.04979559,0.001751886,-0.08946043,0.017674346,0.0647887,0.012068392,0.031130806,-0.055655573,-0.057243887,0.09365228,-0.08521977,0.040429547,0.07867165,0.06456638,0.08423014,0.09894353,0.01556159,0.10340596,-0.07589338,0.07112659,0.027784886,0.00875511,0.09255026,0.051469468,-0.02183969,-0.059870943,0.039576076,0.060819265,0.08704897,0.03878552,-0.095473856,-0.053150117,-0.03370703,0.06653488,0.09926172,0.07969977,-0.041520968,0.10286267,0.03545139,-0.08096422,-0.0007245613,-0.026645167,-0.047332227,0.06201951,0.010946367,0.067605175,0.029162109,0.0019939526,-0.040587567,0.07428985,0.015982075,-0.06531954,0.07873062,0.08593938,0.0988468,0.07713972,0.07092449,0.06925728,0.004896534,0.038835023,0.08668164,0.003142909,0.018987311,0.08920875
0.04102396,0.0015057102,0.04375287,0.0030422672,-0.07462357,-0.048284773,-0.028889785,0.09604139,0.066008516,0.04279329,-0.070047095,0.09221775,0.026605647,0.070915975,0.011004229,-0.07436922,0.0074520186,0.013473385,0.021712864,-0.07522307,-0.09335297,-0.022616915,0.071471736,0.0034281388,-0.026275197,0.012520506,0.023346186,0.06829168,0.09843351,0.07421685,-0.07270258,-0.00069920905,-0.07278362,-0.021974929,0.06241602,0.049130205,-0.02764547,-0.006144305,-0.011952666,0.08834881,-0.031872965,0.07984433,0.051318243,-0.073347084,-0.035520636,-0.008791924,0.09085974,-0.010921648,-0.07159768,-0.07217162,0.06944078,0.018509792,0.050830532,-0.019954659,0.0070880787,0.019012965,-0.00088974653,-0.07820481,-0.09922837,-0.024294786,-0.054854587,-0.088164695,0.069791526,-0.012736313
0.087572865,0.049112,-0.09592052,0.01871291,-0.019183654,0.0618776,-0.04822776,-0.014178956,0.09939956,-0.044131633,-0.03987147,0.094828755,-0.061162457,-0.07090153,0.09974174,-0.07972873,0.03291813,-0.08377979,0.012936049,-0.09186076,-0.0045393216,0.0024462708,-0.0726796,0.019280216,-0.029196888,0.05571804,0.05948374,0.027712798,-0.06530818,-0.10384223,0.018627338,0.05909476,-0.08560942,-0.09691194,0.04452469,0.072433226,0.040809218,0.092380874,-0.07049704,-0.017800925,-0.05693696,0.05618152,0.039677408,0.098497905,-0.0741806,0.09147455,-0.064672396,0.0053912248,0.0698774,-0.044022053,-0.030857712,-0.058102466,0.07456889,-0.007247485,-0.059350006,-0.0011552064,0.09867649,0.0014995795,0.07796278,-0.04553652,0.0075560166,0.09162416,-0.014071694,-0.01379018
0.05995522,0.08460951,-0.08119467,0.0606134,0.06804652,0.022070097,-0.02163384,0.050145958,0.06348653,-0.06528016,0.019030761,0.058780707,0.025638921,0.021337733,0.07617035,0.061672628,-0.03902026,-0.010224375,-0.08379748,0.053969104,-0.060106274,-0.008849866,-0.014424971,0.06766653,0.089317456,0.033496786,0.09774753,-0.032584295,0.0062764194,0.050542463,-0.03480409,-0.09907703,0.07786028,-0.08671288,-0.025163835,-0.0010722994,-0.071983285,0.050679497,0.055257447,-0.07677451,0.033720683,0.062843695,0.0017526292,0.036668856,0.0667857,-0.0785944,0.059235908,0.05585706,-0.049215905,-0.07991995,-0.014499487,0.049616665,0.027791139,0.064373866,-0.061553974,0.03462274,0.011653607,-0.091915525,-0.028562991,-0.06917464,-0.060865965,-0.08931847,-0.067752294,0.081943996
-0.0045657274,0.079473175,0.05474475,-0.013778606,-0.08291156,0.0025713816,-0.08997837,-0.06273044,-0.063198395,0.044681303,0.050345488,0.07851294,-0.09269574,-0.015110273,-0.026714204,0.090408124,0.043509137,0.0055745468,-0.007926746,-0.019281931,-0.02636356,-0.052000526,0.0074619995,-0.028437871,-0.09480219,0.08370071,0.007861918,0.08012651,-0.026720261,0.007993457,-0.043043848,0.08089152,-0.008784021,0.060774185,-0.08425414,-0.08776056,-0.07599377,-0.063186914,0.064752065,0.010406928,0.06814336,0.067340106,-0.0067449734,-0.08825457,-0.022762021,0.043908443,0.047203768,0.080424465,0.08889981,-0.054145176,-0.070414685,0.084938444,0.005438174,-0.06648848,0.09900101,-0.07905535,-0.07591661,0.064922124,-0.0054571703,-0.09642436,0.028752794,-0.04389588,0.052166563,-0.076727085
0.025804825,0.08275385,-0.03711893,-0.0316285,0.032442782,0.090096444,-0.070816636,0.03655148,0.06424306,0.09264261,0.07156329,0.08946473,-0.06365245,0.06384522,0.069160916,-0.06694174,-0.051960118,-0.08311264,-0.028121715,-0.076958,0.07595713,-0.0007674735,-0.039814215,-0.0630581,-0.065882035,-0.0442561,-0.07496272,-0.014326996,-0.00590962,-0.09122682,-0.09192793,-0.058308076,-0.06748137,0.09784866,-0.08070394,0.07083617,-0.010801789,0.07316267,-0.04824188,-0.0059216423,0.04248428,-0.0934781,0.022511639,0.07032386,-0.08036279,-0.03719071,0.09277733,-0.0751497,0.078182615,0.014035691,-0.06886784,-0.0913582,0.066081375,-0.082059346,0.023455177,0.058604192,0.06545585,-0.09539157,0.08705967,-0.014041846,-0.05089243,-0.09685866,0.07109786,-0.092873156
0.015321568,-0.019804318,0.009555776,0.079150885,0.07250434,0.10041845,-0.01352141,0.0044170194,-0.060031164,0.009936731,-0.024468249,-0.06893228,-0.061311834,-0.09280853,-0.03960427,0.092456356,0.010833942,-0.06658657,-0.043172732,0.0747843,-0.0009020357,0.05304172,0.06453919,-0.040801167,-0.048762284,0.016656915,0.090953834,-0.031331487,-0.016918264,0.08579049,0.011854058,0.039647534,-0.0032563896,0.04480755,-0.06716345,-0.06345768,-0.0080700405,-0.09596766,-0.0362563,-0.034690693,-0.048384257,-0.021639958,-0.06972027,-0.012626146,0.0606563,0.03412161,0.01740057,0.08604526,-0.0095968405,-0.0013227391,-0.088701665,0.012476644,-0.0039512403,-0.05539244,0.02175139,-0.073796816,0.09545194,-0.046587907,-0.0692202,0.09011966,-0.10790259,-0.11040987,0.08621955,0.06560707
0.06794581,0.0116863055,-0.010013781,-0.077897355,-0.054216444,-0.07520065,0.022063667,-0.043400712,0.0757508,-0.10363737,0.018944504,0.074188866,-0.049209815,-0.09515134,0.008767104,-0.02042457,-0.07742319,0.06401752,0.003007231,-0.051531903,0.011290298,0.013960159,-0.0012696858,-0.063307196,0.0975038,0.00464693,-0.059435733,0.04349858,-0.09546168,-0.056040525,-0.050607853,0.058493547,0.065384336,-0.08136327,0.051393315,0.0066798925,-0.08638894,-0.071633965,-0.08844851,-0.09105167,0.04023574,0.0984432,0.113757126,-0.056202,-0.041170068,-0.056636106,0.05166778,-0.003334482,0.08146339,0.029726446,0.07799678,-0.08604022,-0.06267931,0.03907764,0.076368354,-0.034968685,0.024773095,-0.039954655,0.020542875,0.08361919,0.067992955,0.09672325,0.0658702,0.07079579
0.093608804,0.086138174,0.0012438359,0.079153985,0.01041805,0.0018514175,-0.06886636,-0.06583179,-0.06690678,-0.084024765,0.094144516,0.0724935,-0.021458218,0.018585764,0.053433668,0.015299722,-0.032308303,-0.049385082,0.007139138,0.0068989308,-0.01140762,-0.0065297903,0.0005749481,0.022237265,0.019086234,-0.018904444,0.03466762,0.077479966,-0.08988996,0.048209522,0.013755089,0.00201273,0.051745296,-0.013647796,-0.07248793,0.044929147,0.0069518634,0.007774056,0.08201867,-0.0979828,-0.06566158,0.0804714,0.07452229,-0.063724,0.06680575,0.06345664,0.033086758,0.020530537,-0.028451053,0.006564656,0.071541265,-0.07350932,-0.055789884,0.022376193,-0.002756757,-0.088239476,0.061683584,0.026775472,0.014898754,0.046990413,-0.087587014,0.016615627,0.0966931,0.08691747
0.073778994,-0.0023758009,0.07144864,0.045660906,0.006718072,0.0664223,-0.017637346,0.08901761,0.0034403729,-0.009308248,-0.024510033,0.078003615,-0.068621725,-0.08035917,0.013887267,0.0788495,-0.00649703,0.07011004,-0.01113363,0.08345753,0.0046204454,-0.017941479,0.09021649,0.08020463,0.06565128,-0.06897782,-0.018758865,-0.009404993,0.043345932,0.08834684,0.082044095,0.020892818,-0.08421971,0.08095492,-0.09602324,-0.08359949,-0.014569447,-0.0004942068,0.0774698,0.06435147,0.0120578585,-0.036262523,-0.058178794,-0.056349948,0.08747341,0.03355304,-0.044290073,-0.0026960813,0.0664522,0.08855815,0.060221244,0.021493506,-0.07307173,-0.09419016,0.08388913,-0.09838202,0.042965617,0.002356017,0.008986066,-0.051446304,-0.10205839,-0.08196307,0.056266893,-0.0053040944
0.04752193,0.023590552,-0.0611245,0.09667665,-0.04805296,-0.07223882,0.07516427,0.07778564,0.091503404,-0.09700374,0.080759384,-0.012778029,0.08850223,0.052424535,0.07639911,0.07936418,-0.07456726,-0.032972362,0.06624752,-0.021445999,0.025383804,0.07399312,0.04740216,0.033119645,0.006794022,0.0013499763,0.08086232,-0.03766872,0.038921315,-0.08932394,0.0067127114,0.023646997,0.023294298,0.008572316,0.015059574,0.09450659,-0.040540494,0.09280625,0.0739283,-0.0901608,0.014394765,0.021175569,0.024921546,0.06387356,-0.08305279,0.061516847,0.010171792,-0.0285839,-0.09264154,-0.0778133,-0.072566174,0.09256458,-0.0077121807,-0.012724908,0.07675371,-0.0034840938,0.06056338,0.010930246,-0.003945928,0.016332015,0.097407155,-0.039480355,0.033777457,0.034866374
-0.057711005,-0.08058655,0.062288158,-0.06218787,0.0010780467,0.0573179,-0.0067763696,-0.03847361,0.08366368,-0.059869498,-0.09274515,0.07841618,-0.08009597,0.08902552,0.06745857,-0.08702375,-0.015666196,-0.022792015,0.087254025,-0.088844724,-0.096405916,0.06745692,0.04626801,-0.06113804,-0.07992218,-0.07762867,-0.014578218,-0.028643979,-0.07062949,0.06691427,-0.09684222,-0.008531989,-0.060113426,-0.08264035,-0.014150763,0.052343827,0.07732006,0.010659505,-0.020089054,-0.007078661,-0.08873345,0.100929946,-0.03523478,0.06699332,-0.022976274,-0.07915924,-0.049160063,-0.07092841,0.06958474,-0.011114262,-0.05659235,-0.06007027,0.10294986,-0.031151248,-0.013630548,0.064903654,-0.01105952,0.05159183,0.0521123,-0.09274506,0.08463905,-0.009136981,-0.014555382,0.09285959
-0.044628415,-0.054154005,0.08480628,-0.08536928,-0.07715433,-0.065171674,0.07268081,0.018483086,0.007991981,-0.068550214,-0.07965962,0.022493219,-0.05113378,0.049584158,-0.069983386,-0.0922764,0.000109051296,-0.06248764,0.0053487886,0.07909687,-0.009904285,-0.0945696,0.041797742,-0.07053653,0.016165176,0.08435196,0.03559777,-0.0006586596,0.07312288,-0.10032336,0.0055945218,0.013052897,-0.09892938,0.0147980545,0.015676131,-0.05485797,0.077098854,-0.06507968,0.07042732,-0.0031592082,0.07247632,0.034434114,-0.005839415,0.09551601,-0.070361376,0.063098475,0.051878326,-0.09191751,0.09547634,0.08523037,-0.07590784,-0.033169832,-0.09250415,-0.028458444,0.09080677,0.10512171,0.00817746,0.049492333,-0.06855157,0.053540926,-0.09189871,0.010068715,0.1050889,0.044464227
0.05513354,-0.09588364,-0.086753964,0.012364749,0.0059773754,0.035099473,0.06613733,-0.07061672,0.022905149,-0.028793518,-0.003828389,0.067407876,-0.013853452,-0.095913865,-0.08933913,-0.05344163,-0.009145195,-0.059977308,-0.07008517,0.09800669,0.08966716,-0.0010251408,0.09648172,-0.019517027,-0.09102758,0.084096745,0.065311275,0.053206638,0.04806658,0.043825936,-0.0031949098,0.0045198794,-0.08749378,0.08419468,0.036695566,-0.00016906367,0.06821671,0.103946015,0.0752117,0.0908291,0.06849745,-0.034405436,0.072589055,-0.08709743,0.09489339,0.09114746,0.06986466,-0.07478572,-0.066104285,-0.024368923,-0.018053228,-0.005598126,-0.059700765,0.06242888,-0.061131857,0.03910852,0.03269406,0.028167652,0.056106824,0.08646159,-0.083883494,0.031612396,-0.05421693,-0.005921368
0.026306449,0.059039664,0.03750628,-0.0028108773,-0.032137863,-0.0022511801,0.0078472365,0.0873869,0.063805535,-0.0038473331,0.07580072,0.026288636,-0.06753227,0.040852185,0.055671692,-0.009628439,0.04550371,0.011071314,-0.008044505,-0.0074177645,0.058141116,0.10072138,0.062283922,-0.05844663,0.07106609,0.0013629347,0.06790068,-0.087908916,-0.03482553,-0.060525436,0.09589289,0.055266686,-0.072031796,-0.09561695,-0.037899304,0.07838452,-0.008409711,0.021109525,0.08115269,0.03991354,0.074786894,0.0024512697,-0.083638564,-0.034924597,0.09660571,-0.102219135,0.08925582,0.061938442,0.043242313,0.08637647,0.054628078,0.08703259,-0.05160357,-0.013881952,0.0022816046,0.0022562162,-0.09674514,0.09328043,-0.06062219,-0.013673769,0.06288338,0.091356546,-0.09565992,-0.02484024
0.019159142,0.0058628074,0.056817517,-0.050099596,-0.048591133,0.008480694,-0.068038575,-0.07171066,0.013816965,0.003069188,-0.07108463,-0.08479256,-0.020044778,0.026118714,-0.079465985,-0.08732918,0.04916548,-0.06434528,0.0677432,0.073344536,-0.006487336,-0.0059220325,0.08559476,0.081496425,-0.070504606,-0.047472697,0.02251773,0.07450624,-0.00059935154,0.08824302,-0.023305658,0.06755278,0.069193244,0.05549915,-0.07047878,0.032595813,-0.06488225,-0.034711737,0.041097775,-0.095960885,0.017747387,-0.026396599,-0.07562342,-0.07310971,-0.011360597,0.0036285308,-0.07857061,0.027082153,-0.099480346,0.071362674,0.012345839,0.008180055,-0.007338902,-0.049604613,-0.0043282183,-0.07456472,-0.044958312,-0.08547715,-0.09519879,0.048834786,0.06798016,-0.08152421,-0.017486727,-0.0018688896
0.047795396,-0.013228406,0.024926847,0.016776333,0.07344024,-0.017004168,0.023121854,-0.06362466,-0.06342935,-0.07945049,0.016087579,0.065800264,-0.07657106,-0.029920682,-0.008734669,-0.024731955,-0.055007514,0.054116663,-0.10078584,0.029917637,0.0059108892,-0.06836438,0.046458583,-0.08726355,-0.02994822,0.056047574,-0.042050727,-0.045069117,-0.045473527,-0.0025775793,-0.048164323,-0.06616534,-0.060969774,-0.074781224,-0.021985073,-0.01835199,0.05240118,0.0014193684,-0.06849739,-0.10081616,-0.009019633,-0.029109335,-0.0029042892,0.014992477,0.06430555,-0.0048423037,0.04639815,0.0171564,0.019866223,0.09898917,-0.06050772,-0.01895996,0.027025918,0.026489334,-0.034595955,0.02299401,0.060936604,0.076049745,-0.056633487,0.09452189,-0.003278424,-0.0028836634,0.09059633,0.049105864
0.022858504,0.042335205,0.004366603,-0.031300124,0.089496665,0.0031671731,-0.04915329,-0.08071577,-0.017979996,-0.09361224,0.028878232,0.051181715,0.035032913,-0.013648179,-0.06931152,0.0064473874,-0.07282536,0.0541311,0.04340971,-0.063507505,-0.0046265163,-0.054555703,0.09108501,-0.053780846,-0.010194077,0.05059962,0.0024654195,-0.00985192,0.08527158,0.05414798,-0.067077756,0.036947556,0.055807754,0.06943663,0.08223608,-0.026685193,-0.08478325,-0.053698227,-0.009634737,-0.0072690565,-0.060987595,0.007121266,-0.03234039,-0.007479092,-0.09007313,-0.09447525,-0.09007123,0.09775902,0.090008244,0.06935157,0.105371356,-0.003737371,0.08524902,0.06510737,-0.06829811,0.085499115,0.07235229,0.093371436,-0.07720087,0.06041848,0.065684654,0.033885155,0.0658739,-0.078663155
0.012341371,0.07283569,-0.084843665,0.043344464,-0.09126161,-0.0067605986,-0.04313013,0.010154278,-0.06045358,-0.048500847,-0.06889022,-0.08154517,-0.016508179,-0.039909612,0.042727016,-0.02094502,-0.091131866,-0.0031545428,0.004618011,-0.09972785,-0.085977465,-0.07844141,-0.049945973,-0.013574196,-0.07140052,-0.09752686,0.013688675,-0.041483954,-0.08827488,0.010680678,-0.013737378,-0.0816835,-0.056898553,0.0256399,0.021594264,-0.08235875,0.064356364,-0.055981316,-0.07138321,-0.06874541,0.09523932,0.09409475,-0.048158992,0.011721473,-0.010229237,-0.014423575,0.048759736,0.0137798535,0.021911848,0.09656244,0.07581022,0.0510401,-0.03327912,-0.05141767,0.00847208,0.031717937,0.020782726,0.051278718,-0.07006078,0.09889273,-0.095112644,-0.00043951726,-0.07744655,0.03633853
-0.0612566,-0.02738388,-0.06581418,0.07052092,-0.012222623,-0.037279896,0.10378149,0.096509576,-0.088773385,0.010295393,0.077345036,-0.09909333,0.027075805,-0.008853415,0.08881764,-0.00046158733,0.06315159,-0.038627066,-0.0044908444,-0.0121855205,-0.07850102,0.060621817,-0.08956189,-0.093553565,0.009962286,0.024777053,0.05549076,0.061135694,0.05679174,0.009781611,-0.05411063,0.049766872,0.059780315,-0.10765492,-0.031523123,0.05920527,0.07902493,-0.09371239,-0.09586916,-0.07359354,0.066783756,0.0689273,-0.012675235,-0.012861506,-0.074950196,-0.08159789,0.0046301926,0.02911844,-0.012856804,0.060665675,0.06810024,-0.080586374,-0.092288926,0.063866176,-0.013091117,-0.064648926,0.01478053,-0.018185016,-0.0012244047,-0.09134867,0.064544454,-0.08650127,-0.0462824,0.0109358765
-0.05574289,0.015103976,-0.071080804,-0.04694213,0.039204765,-0.07344231,-0.08980719,0.09756116,-0.10028373,0.030426338,-0.07480847,-0.07470107,0.023390062,-0.06908148,0.005141007,-0.0231056,-0.0956491,-0.09809679,-0.041387297,0.09989346,0.053150654,-0.041477837,0.096486025,-0.09273052,-0.08863988,-0.08108669,0.029569315,-0.04359528,-0.087322615,0.08074711,0.074448034,-0.0876538,-0.061815932,0.02753543,-0.09628274,0.0732451,-0.10198798,0.052319273,0.006353024,0.06832018,0.10198662,0.028507838,-0.10114291,-0.07284306,0.0064271996,-0.09561473,-0.06775179,0.009638965,-0.0926209,0.0047493,0.07234369,0.07219595,-0.010114513,0.08477553,0.048375003,0.07244,-0.06216886,-0.014228553,-0.10557214,0.03268706,0.08366257,0.010735841,0.02108835,0.08965206
-0.069650464,0.08068816,-0.06855737,0.09673473,-0.093621835,0.032862287,-0.000684148,-0.064342335,0.08222586,0.0057934914,-0.066957586,0.01154746,0.0026317858,0.0006309112,-0.062481437,-0.08797553,-0.06252773,-0.07941255,0.08089054,0.010111474,0.046408843,-0.0024927624,0.08371791,-0.07254521,-0.02379797,-0.076505214,0.083245635,0.037589736,0.06462877,-0.008973453,0.08665301,-0.066906795,-0.07139121,0.0020033144,-0.08333191,-0.042033426,0.10098037,0.05321978,-0.09189923,0.107229546,-0.043700643,0.09611428,-0.08768988,-0.09474962,0.071869045,0.044119876,0.0017441232,-0.020992381,0.063299894,0.08441305,0.024656737,-0.0033338775,0.08331125,0.060014773,-0.055462033,-0.0912705,0.06722288,0.008761874,0.027299188,-0.025370102,-0.0689634,-0.03698449,-0.015515939,0.07248473
0.079294816,0.013860132,0.06429582,-0.042037323,-0.043269157,0.073782,-0.00600392,-0.05914841,-0.020501575,-0.07426745,-0.07848485,0.09269319,0.0111757545,0.06795063,0.006945613,0.002529553,-4.3206688e-05,-0.08375067,-0.0049815224,-0.09299197,0.026601067,0.024619289,0.07205173,0.013175588,-0.0016335137,-0.0116845295,0.0011215596,-0.07100508,0.030459506,0.09359115,-0.007295397,-0.09101571,0.016720582,-0.09605483,0.10035783,-0.09846876,0.052962646,-0.06304254,-0.09159218,-0.06796672,-0.028890725,0.062535636,-0.0076430365,0.0070048054,0.06506596,0.10089956,-0.011858716,-0.05503706,0.017320767,0.047844637,-0.06730172,-0.033193313,-0.068943396,0.087589696,-0.045139,0.005478067,-0.065312676,-0.018630419,0.09853749,-0.027388554,-0.07059779,0.02414176,-0.06160474,0.09813449
-0.08908663,0.05158208,-0.049012743,0.028544547,-0.017951258,-0.032953378,0.009050779,-0.048844628,0.06580235,-0.03705106,0.0027706332,-0.07340381,0.060153324,-0.08045724,-0.0648422,0.07532056,0.04552581,0.020103684,0.047488254,0.05414759,0.029906463,-0.023633866,-0.008804597,-0.037784804,0.008233069,-0.010682077,0.082334936,-0.07506116,-0.072079144,0.061298404,-0.084562846,0.016442431,0.014503225,0.09133723,0.0023366576,-0.007397277,-0.055850286,0.09316686,-0.044230245,-0.06558192,0.00019255972,-0.0866551,0.009211337,-0.04357267,-0.08170606,0.004924042,0.0011061471,0.028767096,-0.08407637,0.06261942,-0.06817051,-0.003248756,0.0255118,0.09519877,-0.01299325,0.091324374,0.0916392,-0.024346692,0.021762112,0.035958085,-0.038035247,-0.09277365,0.0431285,0.022638377
-0.09025833,-0.060229562,-0.08878817,0.01898634,-0.01976289,-0.059366003,0.09205487,0.065422684,0.06341407,0.0982274,-0.0001724844,-0.029527618,-0.0031213635,0.09357301,-0.110951744,-0.034182433,0.0102661615,0.036460347,0.08792269,-0.065055534,-0.04612214,-0.08055805,-0.06631259,0.05266175,0.098273076,0.10478008,0.00266952,-0.097814344,-0.072434425,0.09683973,-0.017994313,0.045883004,-0.06966738,0.007903544,0.07005704,0.04212497,0.053265862,0.09425547,-0.076969765,-0.061118606,-0.09633109,0.0106703,-0.010403239,0.0026472234,-0.095460765,-0.016392006,0.009859777,0.02474454,0.01095508,-0.035840865,-0.101238064,-0.054161835,-0.009795761,0.095830284,0.09452686,0.06145725,0.069216445,-0.09458146,-0.09275658,0.075837456,0.03512475,0.05498747,-0.07897014,0.070410915
-0.0728282,0.086473815,0.087495536,-0.027061125,-0.064254016,0.06861764,0.064407215,-0.043044146,0.087736614,0.06617033,0.07705655,-0.0019334662,0.083473176,0.08312791,-0.0015265764,0.07540641,-0.07768752,-0.07518757,0.09543951,-0.08745554,0.075900935,-0.027127307,0.06596412,0.026922593,0.08924884,-0.008564877,0.012529976,-0.025870746,-0.08467401,0.096186794,-0.062278353,-0.092792064,0.046306647,-0.04224522,-0.012397726,-0.07736483,-0.09957504,-0.08921196,-0.03639602,-0.07431449,0.08576473,-0.05893286,-0.053685598,-0.031854875,0.09097884,0.004358415,0.063685775,-0.051113352,-0.087897584,0.00091048464,-0.082153216,0.0055511924,-0.09757798,0.032731954,-0.008875326,0.07926288,0.026668897,0.056788422,0.08980063,-0.062938444,-0.06373871,0.045612246,0.06619536,-0.054807853
0.0026538814,0.013120515,-0.010177213,-0.043740466,-0.054046307,0.006098075,-0.06134827,-0.09858392,0.071607895,-0.03769659,-0.06925357,0.0025533126,-0.00791834,0.004222503,0.07498732,-0.09273369,0.058880568,-0.07655251,-0.07911132,0.07534246,-0.088183455,-0.0074902414,-0.03372228,-0.09308181,0.067072384,-0.038828235,0.060442604,0.06523448,-0.05513669,0.0059200046,-0.0280265,0.055304144,-0.03934974,0.10000797,0.07375826,0.047699578,0.019166017,-0.011077693,0.07258584,-0.009189768,-0.03774579,0.07065796,-0.09628079,-0.08851753,0.069294445,0.060372673,-0.05273113,0.0559055,0.009022136,-0.064199015,0.02619632,-0.0061731534,-0.002297459,0.024579689,0.05744314,0.04229354,-0.005785942,-0.053546302,-0.09558571,0.01667553,0.021060659,0.034270078,-0.090757705,0.016786493
0.07893987,-0.015471716,-0.04994999,0.06345834,0.0022681553,0.09373106,0.0049948306,-0.07179437,-0.07201301,0.096882805,-0.006649019,-0.07237869,-0.09761849,-0.0041350387,-0.01014246,-0.08638072,0.033948533,-0.0749618,0.04017363,0.004568842,0.060064908,-0.014888958,-0.0450409,0.09752593,-0.044033084,-0.08626207,0.056821197,-0.04480788,0.008221669,0.101451084,0.017321384,0.0967071,-0.010110527,-0.0701928,-0.10334233,-0.07950848,-0.06465266,0.011472739,-0.047647,0.074615546,-0.05819017,0.014135714,0.065925635,-0.06778601,0.06320431,-0.08401312,0.0103545245,-0.086698145,0.063278005,-0.05631591,-0.011535809,0.06275823,-0.087418005,0.043176312,0.07319718,0.095223755,0.07504703,0.025684202,0.006863107,0.08723515,0.06862757,0.084847696,0.013627762,0.0701513
-0.011514144,-0.082571834,-0.075399406,0.00074343523,-0.025648706,-0.015991995,-0.063669026,-0.02822681,-0.023209957,0.048377153,-0.09037186,-0.05384441,0.056790154,0.098245375,-0.003999719,0.02594974,0.036324788,-0.0064722295,0.036898017,0.052673418,0.072673954,0.05409725,-0.044251118,-0.08629512,-0.07336704,-0.0987673,-0.008702075,0.046792205,-0.04372794,-0.008639003,0.09937174,0.066443756,-0.034752563,-0.05538075,-0.08627416,-0.06803312,-0.037005875,0.011590561,-0.048793398,-0.023395663,-0.09681948,0.0935039,0.022502597,-0.09287076,0.06665799,0.06409545,-0.049101263,0.017071713,-0.025265224,-0.09544579,0.038750105,-0.061212152,0.04593888,0.028046051,-0.087501526,-0.093849465,0.09823964,0.080971785,-0.010148863,-0.025109379,0.006573362,0.011747222,0.08607691,0.0063950852
-0.060323626,-0.06819343,0.06842821,0.090091944,0.0062853484,0.05238825,0.062492017,-0.01163184,-0.068111934,-0.08347895,0.02217016,0.009027879,0.0034715435,-0.009652969,0.09275651,0.085079275,0.08063423,-0.01253698,-0.036277596,-0.025146523,-0.047057863,-0.050389163,-0.06654709,0.07283627,0.04869314,0.013883522,0.09846815,-0.059469048,-0.08607312,-0.0017294158,-0.02989177,0.10082401,0.10402896,0.008292409,0.008385478,-0.018515607,0.0632386,-0.0063942466,0.051083542,0.07924893,-0.09144062,-0.08837226,-0.0122471545,-0.10147487,0.086844176,-0.08251753,-0.010512987,0.08327056,0.05637472,-0.08606178,0.06826908,-0.06240782,-0.0034823339,0.0053222803,-0.02769979,-0.011089998,-0.069610834,0.024543751,0.1033984,-0.055105697,-0.07541385,0.0083588995,-0.08665614,-0.0007966204
-0.06633824,-0.069011465,0.07605219,0.012632575,0.047475785,0.0044295467,-0.09795434,-0.06341646,0.048939183,-0.002768748,0.0004865933,-0.07797896,-0.093855515,-0.047384363,0.06634281,0.056787536,-0.054756504,0.06352974,0.05690684,0.086278185,-0.08465941,0.05452021,-0.042763602,-0.011244016,-0.09685645,-0.094599485,-0.014579879,0.038794212,-0.08176621,0.033375733,0.08578249,0.047800783,-0.05895778,-0.084703855,0.020703569,0.096636325,0.0008704641,-0.05538475,-0.0922284,-0.08233708,0.04955027,0.10004879,0.08513204,0.021626161,-0.08037345,-0.046079077,-0.06576828,-0.0064855865,0.0058234883,-0.068415456,0.017813718,0.078728385,0.029873673,-0.07127499,-0.06655916,-0.007358595,-0.08363782,0.05364057,0.023929665,0.09885757,-0.061369482,0.090470955,-0.013937473,0.008302388
-0.06661375,0.052633572,0.017850151,0.06683284,0.072560616,0.06514367,-0.08510671,-0.05474172,0.09187213,0.03756131,-0.07112465,0.010943291,0.03877701,-0.027434472,0.065288015,0.067396745,0.0024812075,0.02566999,0.027009832,0.0960188,-0.09061912,0.03795223,0.05602323,-0.08182603,0.087048024,-0.0055587324,0.06481804,0.06073168,-0.024907283,0.07794829,0.0009083682,0.08783035,0.005657161,0.07114957,0.08627763,-0.07513658,0.033799376,-0.094103485,0.0776632,0.0033020063,-0.06532398,-0.014450763,0.08979109,0.043465376,-0.0656967,-0.048469517,-0.041254908,0.06798408,0.087737575,0.07017354,0.003044005,0.06299155,-0.06209388,-0.0987049,-0.0069125383,-0.09866026,0.05492918,0.07414259,0.06454436,-0.08504172,-0.086096816,-0.0044976366,0.010952653,0.08854011
0.029605072,-0.08024942,0.0809475,0.022478847,-0.07982967,0.0046680346,0.067889236,0.028230937,0.046699155,-0.03497309,-0.073908545,-0.0456678,0.074499436,0.089545846,0.090109564,-0.06671942,-0.08957617,-0.04323065,-0.09701128,0.036212616,-0.03992464,0.0449028,-0.06339721,-0.084540054,0.0679275,-0.070816845,0.017727595,-0.061745662,-0.072699234,-0.09571941,-0.062849864,0.03384054,-0.06813373,-0.039512716,0.087956704,-0.05760637,0.096354,0.05339243,-0.078785226,0.060514633,0.05467804,-0.08559186,0.008747033,-0.043083925,-0.09068466,-0.073595114,0.009380724,-0.07861426,-0.06437679,-0.102314785,-0.07890451,-0.023225969,-0.014117341,-0.013894049,-0.03629709,0.0043205232,-0.00975887,-0.054125108,0.097318724,-0.073531985,-0.06584511,0.0646202,0.052477848,-0.003461203
-0.029884087,-0.089789435,-0.051970754,0.08033474,0.0032740184,-0.009253456,0.090667516,0.07680775,-0.08739525,0.0018924729,0.10138779,0.008390517,0.07657531,-0.06830616,-0.0053652083,0.09435158,-0.095965244,-0.06356591,-0.055240657,0.07010142,0.0835942,-0.033524845,-0.09612387,-0.06615683,-0.04491353,0.09477037,0.07815075,0.005638501,0.015846295,-0.011231451,0.021126542,0.038116317,0.073810585,-0.032846756,0.08324259,0.093495965,-0.011845819,0.07406194,-0.086699545,-0.101852156,-0.05809664,-0.09941182,-0.07133552,0.011364135,0.062421154,0.068945564,-0.0412387,0.01714305,-5.146025e-05,0.062584646,-0.0928383,-0.007613783,-0.01944661,0.006242914,0.08295177,0.09717976,-0.010009186,0.07238491,0.0262796,-0.009527473,0.03737293,-0.09340469,-0.082944565,-0.043320015
0.058085024,-0.033683274,0.057254147,0.009395104,-0.07043048,0.065776,0.031038584,-0.031572398,-0.078677855,-0.08940777,-0.062251702,0.048243627,-0.088946074,-0.0062851696,0.01536154,-0.005230519,0.078752205,0.059209604,0.05394732,0.07536342,0.09095093,-0.011183207,-0.04485734,0.059482127,-0.0106059285,0.05790146,-0.10043672,0.07639451,0.019532988,-0.083107166,-0.08941207,0.07772017,0.02983429,0.02098737,-0.049500246,0.0845589,0.06430257,0.046204157,-0.09120143,0.04436581,-0.085505426,-0.06824951,0.071134254,-0.09153709,-0.026502665,0.08741459,0.039684124,-0.019171795,0.07865962,0.006817108,-0.039615337,0.027902178,-0.003766684,0.09728929,0.023364937,0.03426934,-0.010446417,-0.050480954,0.05695865,0.07072624,-0.04863225,-0.02472505,0.082044244,-0.0031814922
-0.07178208,0.008626605,0.00090469763,-0.087719254,-0.06766072,0.069670014,-0.06161234,0.07861751,-0.031551536,0.025070034,0.075851284,0.053380124,0.03839676,-0.046195347,-0.08337488,-0.04281964,-0.08045225,0.06474101,0.07957265,0.04749752,0.09978195,-0.07979016,0.03049205,0.06804383,0.002197753,0.059641432,0.068832606,-0.0067240093,0.10306146,0.066298455,0.007732981,-0.021589126,-0.0005716224,-0.094130345,0.011486288,0.0029880798,-0.079710715,-0.028495982,-0.053855132,0.0780609,-0.036814466,0.07970129,-0.07799601,0.06001009,-0.022081157,-0.08321747,0.010745504,0.0030025207,-0.018270632,-0.07405378,0.091809146,0.07546126,0.048836213,-0.01966456,0.004570371,-0.08614203,0.06267719,-0.01868785,0.08849576,-0.055508927,-0.015285363,0.08370667,-0.0051137106,0.0027128374
-0.025707306,-0.06594445,-0.0031723462,-0.007458996,0.06847342,-0.049141064,0.046455298,-0.10036257,-0.0057231956,-0.08015464,0.10060687,0.050127156,0.04316189,-0.045499247,0.0128682405,-0.006839125,-0.06702007,0.0704059,0.0028262835,-0.0078016776,0.055073064,-0.07008584,-0.05980666,0.05356312,-0.09598295,0.07314258,0.020249264,0.0102019785,-0.061313506,-0.057393197,0.05557607,-0.06492139,-0.06589868,-0.082776025,-0.051778853,-0.011585241,-0.01379172,-0.08457141,0.004541302,-0.01643279,-0.032152966,-0.032931,0.0066872435,-0.033748306,0.0754307,0.07827817,0.050407086,-0.09960642,-0.10562083,0.06217953,0.02865348,0.015257328,-0.008504907,0.08861904,-0.02772916,-0.07666991,-0.08594756,-0.0070341756,-0.07955443,-0.07961166,-0.058810107,0.053834755,-0.059752546,-0.084334426
-0.021549152,0.048900783,0.09428589,0.06292656,0.091237366,0.03612017,0.0841116,0.074558705,0.06466002,0.04428333,-0.050017565,-0.04061906,0.055463012,0.042774253,-0.0574891,0.07541845,-0.08199012,-0.005235901,0.10616532,0.0038793292,0.05563724,-0.0065835407,0.090426445,-0.00048578013,-0.06639914,0.020649273,-0.07052078,-0.085392974,0.039344117,-0.045938596,-0.055891305,0.047031604,-0.030964395,0.0010009436,0.009048255,0.03477015,0.020212613,-0.029483203,-0.008666335,-0.053395197,-0.013275597,0.087016895,0.074147254,-0.012890566,-0.04896372,-0.030361965,0.0071708816,-0.002810043,-0.00261279,-0.04147378,0.0037472134,0.06900976,0.10521763,-0.06337966,0.08355875,0.06287626,-0.068078205,0.037424084,0.074149095,-0.06926416,0.042208258,-0.036780775,0.05674169,-0.023593787
0.017955227,-0.03799883,0.0676906,-0.03933303,-0.06823761,0.08799075,-0.042244233,0.06899285,-0.06328938,0.094954476,-0.067231216,0.064891845,-0.10249277,0.063640095,-0.06935543,-0.022002995,-0.08122972,0.014680253,-0.07006576,0.037704457,0.07607725,-0.07381343,0.06929338,-0.09171369,0.09083424,-0.07942964,-0.07614141,0.07878451,0.11086039,0.06701629,-0.050931357,-0.04144896,0.0029572898,0.03920124,-0.055202886,0.014004933,0.05932305,-0.022829423,-0.070450775,-0.052726973,-0.051906873,-0.07973883,0.008093335,0.039381225,0.08355289,-0.0086646145,0.09177104,0.082480535,0.012376651,-0.012887815,0.029183704,0.0009607894,-0.059026722,0.083163805,0.05457899,-0.057072777,-0.038151924,-0.08434848,0.044512197,0.08069462,0.08211875,-0.08445341,-0.020917902,0.014281561
0.037043117,-0.04243927,-0.041715994,-0.07765927,0.00052197423,0.056528326,0.0069030346,0.07737999,-0.0062878914,0.08967233,0.08315214,-0.04052626,0.04827008,-0.077772796,-0.0486043,-0.07928779,-0.08127613,0.052444953,-0.018751688,-0.020664537,0.05969301,-0.06833306,0.061111994,-0.08916854,-0.047868412,0.08056862,-0.10209041,-0.055436548,0.062068295,-0.08254244,-0.08969952,-0.046281278,-0.016518041,-0.050088618,0.07228581,-0.04631651,0.05376157,-0.04354677,-0.06860321,0.01947079,-0.07209824,-0.083442785,-0.037382398,0.07287675,0.0005264538,0.09663923,-0.06538677,0.070958346,-0.068624824,0.028672054,0.1009215,-0.04090113,0.07863489,-0.011322335,-0.0644213,-0.059335303,0.01922684,0.06326007,0.011050112,0.0789471,-0.093980186,0.08155312,0.07105145,0.08657774
-0.007157467,-0.046577707,-0.08888079,-0.030109473,-0.08534973,-0.0009290486,0.106352195,0.047312196,0.07986945,0.011742799,0.07804794,0.004739924,0.01039847,-0.08481969,-0.06272259,0.04551373,-0.039855186,-0.06635801,0.083695695,-0.054121945,-0.07681353,-0.07520854,0.08650818,-0.042920493,0.033348903,0.07567791,-0.05915409,-0.06026411,0.074507795,-0.010653704,0.03932215,-0.060935386,0.08547124,0.08867724,0.022900376,-0.069456846,-0.015930943,-0.074150175,-0.0016945244,-0.051287074,0.05391388,0.09085631,0.08741422,0.05093262,-0.092039384,0.078771204,-0.061788965,0.07896173,0.10606092,-0.0024038735,0.061029743,-0.0352895,-0.097377494,0.019417286,0.09200035,0.07820208,0.045903888,0.018220387,-0.04008141,-0.048393913,0.08117742,0.07089424,0.019758636,0.045787215
-0.08939487,-0.03770582,-0.0039493423,-0.06303621,0.08445985,0.008145655,-0.051144246,-0.006472298,-0.04576178,-0.005375661,-0.0021742035,0.044578698,0.015904762,-0.102780774,0.09787314,0.109867424,0.015441988,0.028098302,0.08195138,0.009943197,-0.08037199,-0.044111002,-0.0016841352,-0.051701,0.042537708,0.09563401,0.054594103,0.10001088,0.014952811,-0.09400595,-0.083786525,0.028760731,-0.0036252846,0.011025784,0.07458467,0.0028734498,-0.07621912,-0.030083355,0.00070742785,0.0351652,0.067890465,0.048287142,0.08796296,-0.09539692,-0.0626722,0.04963228,0.094525635,0.037804704,0.043333005,0.1002896,-0.0044457936,-0.06446171,-0.09572816,0.007525015,-0.024600314,-0.013142447,-0.081189476,-0.0060532256,0.06285448,-0.05698246,-0.041941784,-0.010755657,-0.09230096,0.008897131
0.017630555,-0.060825307,0.08630379,0.063079104,0.0038397175,-0.03742332,0.049263697,-0.06001933,-0.050356932,0.0074534095,-0.032472562,0.08317531,-0.08865543,-0.05492807,-0.06428004,0.082340844,-0.035842523,0.06478724,0.06261158,-0.029647794,-0.015561966,-0.028309485,0.09582333,0.051016215,-0.010525559,0.00601409,-0.07725744,-0.0065649194,-0.063970685,-0.060774762,-0.069317244,0.078445226,-0.017201232,0.034474835,-0.004445218,-0.007237939,0.09025165,-0.001753102,0.09190323,0.05806112,0.07546013,0.07048059,0.0647234,-0.027086161,0.041472513,-0.08608814,-0.008882919,-0.082088366,0.099100634,-0.0018382465,-0.058034174,-0.10197263,-0.08335371,-0.06625956,-0.010806391,-0.074958295,0.07094715,-0.01153533,0.065304376,-0.09921388,-0.055316046,-0.06665505,-0.045350704,0.048044864
0.07608197,0.0776655,-0.024558714,-0.008221657,0.089360125,-0.08704241,-0.05312768,-0.090787895,0.07070046,-0.06819504,0.07219842,-0.0045780586,-0.00048921397,-0.03445902,0.05201387,-0.024432803,0.06271639,-0.10231549,-0.09097527,-0.035465885,0.07865673,0.09678512,-0.08671838,0.094002396,0.03779141,-0.00240932,-0.071948625,0.08075468,-0.094969794,-0.07215984,0.09114375,0.094037615,-0.007031913,-0.008711244,0.092980325,-0.02171255,0.03141203,0.06845875,0.014218613,-0.056010477,0.050528817,0.04454777,-0.08660443,0.06857483,-0.09775275,0.06680829,-0.07381131,0.009641099,-0.004763766,0.075412415,-0.02015917,0.07883348,-0.015402338,-0.041592617,-0.050195854,0.037753396,0.010568306,-0.014030575,0.06509641,0.011180319,0.072331436,0.08617361,-0.061846733,0.002088935
-0.0023480135,0.09887502,-0.033948608,0.0016560685,-0.053024087,-0.07485067,0.022870522,0.0751097,-0.031704754,0.0026715659,0.040177304,0.071514234,-0.016523689,-0.0028515235,0.044494875,-0.06759709,0.06179308,0.00635046,0.059583776,-0.06752054,-0.09624786,0.06179848,0.055053152,0.1017421,-0.08608667,-0.019086154,0.069613025,0.005498629,0.08595147,0.1003853,0.0978088,-0.019355793,0.045642458,-0.0028287536,0.06239601,0.07871505,-0.09164895,0.101792775,0.09411316,0.05212336,-0.099536285,0.024653919,-0.069841035,0.0449759,0.013344964,0.07175397,0.011745116,0.0922799,-0.083793156,-0.0075773415,-0.063214846,-0.097923495,0.07465909,-0.08356133,-0.06458523,-0.07742989,-0.052932933,-0.01691838,-0.09854498,0.08640686,0.0018248373,-0.017521925,-0.021196712,0.048097823
0.09503323,-0.017341228,0.0054183723,0.05257931,0.064090304,-0.0054913424,0.07509361,-0.019712005,0.08583169,-0.06900373,-0.09688639,0.0035380009,-0.016795056,-0.037000608,-0.0060352245,-0.09327968,-0.010259203,-0.010093313,-0.030808378,0.0060282145,-0.006674834,-0.004355112,0.06274415,0.0033419079,-0.08592609,-0.07346313,0.029578455,-0.08880742,-0.078618445,0.0075415163,0.043977927,0.007139257,-0.011695383,-0.08417073,-0.008759101,0.045252547,-0.03955683,-0.061823376,0.004237931,0.07036779,0.0026263061,-0.00859132,-0.01995759,-0.005991202,0.104887195,-0.07002012,-0.084990695,0.047872066,-0.057418566,-0.07856589,0.028491365,0.001335608,-0.0053304248,0.02260872,-0.08542376,-0.0725814,0.096863374,0.038368743,-0.08181374,0.028244434,0.08110587,0.089337215,0.09930499,-0.07386967
-0.02582067,0.08762263,0.015507738,-0.059334107,-0.058696244,-0.051759154,-0.06010684,0.060185436,0.022202594,0.06541917,-0.082852796,-0.021776712,0.015551159,0.06608478,-0.09032378,0.019472416,-0.090224735,0.09198999,-0.06078411,-0.054763913,-0.07620073,-0.09737479,0.008003365,0.09127338,-0.06183942,-0.06367566,-0.0082846265,-0.0930352,-0.050782226,0.049787257,-0.018188648,0.062204555,0.07569163,-0.09415577,0.082433544,0.024433948,-0.009321707,-0.079419516,-0.061878894,-0.08876443,0.05350901,0.007441993,-0.00069369934,0.0068172193,0.045345835,0.021261754,0.06952663,-0.039069224,0.07989424,0.090974696,0.022126503,0.09062034,-0.04980098,-0.04948443,0.0021772762,0.04711231,0.0007620441,0.0678444,0.049968943,-0.09594616,0.04936299,-0.006563401,-0.028656071,-0.027642721
0.009340312,0.0034746889,-0.09235357,0.078480884,-0.083361715,-0.04056287,0.0840572,-0.10694305,0.08531746,0.05807269,-0.071576096,0.035634745,0.080343485,-0.065318,0.0718356,-0.080302335,-0.0692279,-0.038793955,0.0098879505,-0.0119212195,0.00811626,0.0007618039,-0.009017484,-0.07285522,-0.0818695,0.06401016,0.09839308,-0.095841154,0.019979319,-0.07136723,0.070545696,0.041878212,0.018100772,-0.0016131157,0.09772688,0.012042122,0.03843217,-0.016553953,0.019219156,-0.031142706,0.096378885,-0.04570228,-0.09615805,-0.061877348,0.04095239,0.0018098609,0.008857476,-0.09866463,-0.07432523,0.0044037956,-0.003629818,0.07290092,-0.029194761,-0.08294414,0.07024656,-0.09734502,-0.04481734,-0.023576785,0.07972898,-0.059003953,-0.10024395,0.08328858,-0.07026087,-0.07764056
0.02145428,0.05915201,-0.01096677,0.09372626,-0.0233894,-0.054948494,-0.07387463,-0.017856775,-0.00954011,-0.09500788,0.082066156,0.071407154,0.02451428,0.10374958,-0.09418439,-0.091693506,-0.009771131,0.075086795,-0.066609256,0.047230896,-0.07245085,0.03796836,-0.048499614,-0.06679956,0.08783628,-0.04050054,0.0020599863,0.016080748,-0.003464967,-0.011277351,-0.02778418,-0.08582077,0.07426214,0.043676976,0.052997485,0.0039063003,0.04473429,0.056103166,0.059470873,0.06955571,-0.05968569,-0.0013816063,-0.042061564,0.0030316343,0.095198534,-0.07204144,0.0006816554,0.0040150452,0.013550446,-0.087510616,0.08486066,-0.017987125,0.0065007894,-0.0009385592,0.052763022,0.03571534,-0.090093665,-0.043513175,0.046067547,0.070262946,0.089123085,-0.04932473,-0.073453665,-0.050811112
-0.06722287,-0.069802515,-0.0048136306,0.04793768,-0.0053884136,0.07131732,-0.09198206,-0.037697017,-0.05383787,0.0273332,-0.007334,0.037324317,0.07917911,0.0018360371,0.005453063,0.0761628,-0.024663884,-0.0660299,-0.097169794,-0.0069988915,0.061947696,0.055085827,0.01113901,0.006208565,0.04888193,-0.042864367,-0.010606793,0.02318094,-0.06438233,0.0036325038,-0.053338174,-0.0004035154,0.021207323,0.012664158,-0.051476415,0.04880233,-0.08427533,0.0043034693,-0.059430838,0.06276074,-0.078112155,-0.022784058,-8.211837e-05,0.096340925,-0.031111287,-0.074886404,0.016960308,-0.06725656,-0.089107335,0.08076997,0.09791996,-0.08862407,0.074657485,0.010451944,0.0060534305,-0.10689475,0.016336655,0.09267957,0.0131290825,-0.031965945,-0.0018042496,0.004562632,0.01755877,0.08854799
0.0135309575,0.06384593,0.06554969,0.08493224,-0.065018125,0.085836925,0.03635806,-0.052191783,0.09950073,-0.07626105,-0.0058305925,-0.019838389,-0.018114185,0.05563663,-0.08295747,-0.047406953,-0.09587731,0.06677594,0.091464154,0.005357042,-0.06645653,-0.09027499,-0.08262147,0.07598452,-0.051270004,-0.019150907,-0.07918565,-0.05283354,-0.09389052,-0.026287353,-0.053508427,-0.019023357,-0.09401725,-0.037249327,0.010442261,-0.055587333,-0.07856369,0.05601999,-0.07605233,0.102475576,0.037044868,0.06997209,0.04009233,0.010496711,0.014589708,-0.09254075,0.012270154,0.04364954,-0.029504817,-0.100061,0.02560462,0.07312794,-0.053560965,-0.031342838,-0.06061853,0.061768454,-0.05231179,0.008294208,0.075208604,0.09687296,0.0139606735,0.07288536,0.0358484,0.012093716
0.013587755,-0.00082044734,-0.0914143,0.10357213,-0.0945553,0.097578704,-0.097850285,0.030589553,0.036010973,0.07692624,0.01104886,-0.086044386,-0.04822378,-0.05680833,0.08792628,-0.047673363,-0.06725968,0.059767198,0.06442267,0.045740277,0.04155713,0.008938541,-0.09323777,0.07571516,0.0753893,-0.07790936,-0.009389343,-0.05383596,0.032475147,0.06670781,0.07813733,-0.08128917,-0.059498437,-0.00019971021,0.012333844,-0.023258274,-0.09480586,-0.050645925,0.05784062,-0.05179077,-0.043722935,0.0899133,0.053494778,-0.049742654,-0.038219865,-0.03326782,0.10351524,0.044959232,0.0545799,0.008408793,0.0021477635,-0.050633024,0.065378666,-0.081909664,-0.0074077863,-0.06827172,0.09841027,-0.01859846,-0.078172766,0.023102101,0.005188377,0.0037860551,0.09646427,-0.05548313
-0.07552304,-0.05732514,0.09965897,-0.094090715,-0.09624059,-0.09566524,-0.0061251516,-0.10636776,0.09973996,-0.09173021,-0.09372339,-0.009763246,0.03674014,0.085240155,-0.07296101,-0.006963746,-0.017978767,-0.070845105,0.055302534,-0.048771635,-0.0037798176,-0.046203222,0.03551655,-0.08953366,-0.10404919,0.09013701,-0.0039026106,-0.062468745,-0.0019117431,-0.1060336,0.033754755,-0.0019988304,-0.08392073,-0.06125333,-0.053765617,0.08830256,-0.060319483,0.09404569,-0.029411253,-0.011813894,-0.0003709317,0.011512329,0.0005460821,0.009231656,-0.03686508,-0.01735286,0.009439212,0.031491518,0.040693566,0.07819609,-0.08431663,-0.090284385,-0.0010533985,-0.095292695,0.06568361,-0.041633062,0.07183008,-0.017803624,0.09297493,-0.09529851,-0.08094367,0.024491511,-0.05544622,-0.058685172
0.021010201,-0.043226637,-0.04617003,0.08760481,-0.02551356,-0.08572068,-0.005025146,0.025996331,-0.004678401,0.008216674,-0.08380032,-0.059974182,0.059184022,-0.08331029,-0.08022528,-0.069980636,-0.0845857,0.08141884,-0.011530394,-0.004817265,0.09458177,-0.056965288,-0.020423086,-0.06675216,0.026104154,0.01363397,0.0052110385,0.0745272,-0.050799396,0.07109648,0.08450419,-0.09598587,-0.0012343773,0.0028838408,-0.078711584,-0.06223635,0.023345156,-0.024089437,0.072187684,0.09745945,-0.061345197,-0.0055319597,0.061861068,0.01340297,0.052529253,-0.06508921,-0.021120725,0.03352572,0.07374439,-0.0114112,0.091494896,0.08370861,-0.094046,-0.022717409,-0.029743182,-0.048727967,-0.09186912,-0.06892194,0.03767216,-0.02491752,0.06095423,0.0035664,0.024920454,-0.08948672
0.06347106,0.08604532,0.07832383,-0.07323833,-0.038614742,-0.086071566,-0.07478082,-0.010592035,-0.054380357,-0.01456457,0.010189245,0.061255466,0.07416101,0.044244424,0.094544105,-0.03678713,-0.083969474,-0.078062005,-0.059536252,0.053458735,0.05738085,0.03788962,0.09482328,0.0691249,0.052036315,-0.08783741,-0.019538052,-0.008529714,0.009629579,-0.042818684,-0.085605875,-0.09060426,0.05679689,-0.059434284,-0.078891695,0.012762661,-0.0020391375,0.0038422456,0.07585889,0.011030008,-0.096050054,-0.013391645,-0.010755699,0.003779242,0.0038048448,0.032542013,-0.073600695,0.08994424,0.08353568,-0.050642185,0.08507022,-0.06007205,0.06288025,-0.07729945,0.0050815246,0.08380391,0.018120978,0.09269838,-0.072674036,-0.076563805,-0.08755732,-0.06773111,-0.06609513,0.079058886
0.00092698605,-0.01779989,0.008609531,-0.07371664,-0.10227969,0.07636494,0.025374183,-0.031342372,0.09858259,-0.080552205,-0.005456432,-0.04841631,0.08654969,0.025040077,0.028065925,-0.048482966,-0.027009446,0.05602308,-0.007967519,-0.058756903,-0.056672502,0.080774754,0.022545666,-0.06455199,0.09420238,0.09976229,0.06763451,-0.07595241,-0.055113155,-0.072207846,0.006980423,-0.010323108,0.01871202,-0.004928509,0.06367858,0.07348775,0.013291813,0.102322064,0.05565714,-0.082696505,-0.00606452,0.0126600675,-0.0806374,-0.06529757,-0.015842658,-0.038853243,0.036279853,-0.0011557507,0.081577726,-0.07628095,0.051986188,0.042811602,-0.039666448,-0.0061018504,0.0064573362,0.0075537465,0.07167204,-0.05185022,0.010986531,-0.05919683,0.023632025,0.08067183,-0.035514656,0.0008864445
0.086357795,0.07787264,-0.06635657,-0.08570302,-0.049829476,0.043337867,0.018753257,0.017525885,-0.042294916,0.0053705405,0.013472481,0.09334441,-0.07489229,0.013396911,0.071526095,-0.05956201,-0.04732146,0.08923037,-0.015370678,0.08593063,0.049832374,-0.08368593,-0.049346942,0.09088854,0.057926934,-0.028465722,-0.023010384,0.00054159795,-0.048160788,0.039287753,-0.060857013,-0.04477972,-0.11022168,0.015581663,-0.08777798,0.061476573,-0.0030759412,0.007756122,0.075708225,0.012008116,0.09214016,0.05910592,0.045133512,0.06726805,-0.025144065,0.019571982,0.090629935,-0.07350109,-0.0034441468,0.010426176,0.05930792,-0.088073425,-0.012847284,-0.05993012,0.083751835,-0.088775285,-0.05649542,-0.019639159,-0.034304887,-0.08545861,-0.037104245,0.020095037,0.07858226,-0.068123884
0.06353262,0.07169709,0.030917171,0.100842476,-0.09782904,-0.014818655,0.087035544,0.018543122,-0.07049756,0.032234855,-0.088049516,-0.009818788,0.082481034,-0.094496466,0.022319552,-0.014073517,-0.094378136,-0.047293823,-0.06770298,0.0870206,0.09348181,-0.007044981,0.10424499,-0.028872207,-0.028376246,-0.09656501,0.08566625,0.053506006,-0.05427548,-0.1058256,-0.07185991,-0.091838375,-0.062092777,-0.056168612,-0.052881762,0.05889199,-0.09467123,-0.031641796,0.010643852,-0.076535664,0.058668725,-0.050495215,0.055872068,0.06862915,0.0025929147,-0.0033934105,0.027770115,-0.0110355485,-0.08318189,-0.0033661104,-0.057305504,0.026428096,-0.07239221,-0.09388396,-0.05224825,0.05683665,0.017600356,-0.03175215,-0.08478058,-0.018870587,-0.002630313,0.046302218,-0.07339142,-0.030735543
0.0024183884,-0.061039463,-0.070481785,-0.08019125,0.092018984,0.056028664,-0.014423501,0.013679774,0.08218331,0.09698048,0.03341479,-0.070266075,0.09674431,0.0063531627,-0.08442645,-0.0026893306,-0.099904574,-0.078690715,0.0655997,0.08365431,0.0045768884,0.002168881,0.0026027525,-0.04256895,0.03636592,0.000894168,-0.051603876,-0.09722358,0.096230865,0.103643976,0.054151606,0.0851746,0.05748929,-0.094647504,-0.061538,-0.0070165014,-0.07260412,0.049960114,-0.079131074,-0.07990247,0.08150345,0.047515146,0.07195872,-0.049030785,0.070658855,0.0557807,0.023386711,0.002596461,-0.049359422,-0.06361607,0.018045496,-0.0038753254,-0.055277698,0.049946956,-0.046757795,-0.08702681,-0.0071495026,0.050619815,-0.064246416,-0.014267702,0.02318777,-0.092495605,-0.012623403,-0.04981292
0.061769567,0.09267988,0.06698907,-0.08913401,-0.005126878,-0.02988108,0.017723775,-0.05983133,0.061863042,0.021912323,0.033120975,-0.088941306,0.034186445,-0.094319396,0.080200054,-0.017114487,-0.09258542,0.02730753,0.089936785,-0.08643705,0.028458681,0.06184395,0.055228975,0.051229082,-0.10528825,0.08763088,-0.09027465,0.07478676,-0.07523721,0.044627775,-0.069907576,0.068799354,0.007379947,0.09129913,0.021760495,0.054453462,-0.014461867,-0.02198138,-0.05952264,-0.096910305,-0.023218378,-0.08217497,0.05937283,0.022340287,0.04328349,0.055084165,-0.007833096,0.003331506,-0.08518122,0.06266396,0.015362904,0.011071322,-0.08957102,-0.0756231,-0.051845867,-0.06308462,-0.06780836,-0.026569564,-0.10319818,0.087901734,0.07923702,-0.100924075,-0.07216525,0.009395051
-0.053720474,-0.014048482,0.085682854,-0.018417588,0.08637521,0.06461021,0.07224814,-0.09333502,0.013899423,0.06833709,-0.091019586,0.014423045,-0.04981712,0.063431874,-0.07123786,-0.048652932,0.010091996,0.08969189,-0.043932837,0.09486276,-0.029432721,0.04064421,-0.003285608,0.07733772,-0.06364054,0.01013905,-0.071672276,0.09753089,0.05489643,0.049891423,0.09666984,0.08415965,0.0043827216,0.10481669,0.04463855,0.07240842,0.005070004,0.06863146,0.060221855,0.06659106,-0.017867241,-0.090588555,0.041342825,0.00010023794,0.034847204,-0.004408617,-0.08700258,-0.05901889,-0.06311522,0.0488905,-0.058907636,0.034703918,0.018790606,-0.0806755,-0.06148079,0.10453957,-0.09176606,-0.00579663,0.040074956,0.09877196,-0.02821196,-0.09495228,-0.0853154,-0.0022123216
0.06662441,-0.002257557,0.095128596,0.09825549,-0.044876557,0.0856895,0.07187345,0.06077133,0.079633385,0.09393419,-0.024529353,0.067197956,-0.016071672,-0.09658265,-0.01885433,-0.07939248,0.08250381,0.045061033,-0.02544196,-0.07671803,0.035959672,0.07866529,0.054122977,-0.07046952,0.010337047,0.07814424,-0.051225152,0.03838781,-0.03347153,0.023880415,0.04384328,0.04727791,0.083503306,-0.032384507,-0.044982113,-0.02779799,-0.0806656,-0.016209362,0.022909807,-0.04536154,0.04982233,0.0809065,0.027465053,-0.010666181,-0.059855994,-0.06721254,0.03888722,-0.034525707,0.041781463,0.025299685,0.0034716404,0.0026556754,0.06279192,0.08228575,0.063542,-0.085469194,-0.033906974,0.09477065,0.02653126,0.069103755,0.09278038,0.04870899,-0.026646316,-0.013116233
0.0032088927,-0.010659959,0.07077775,-0.08770083,0.034257803,0.09187326,0.017216379,-0.016625313,0.025123056,-0.053602453,0.0879326,-0.09119433,-0.09207445,-0.060714014,-0.06829323,0.0770324,-0.079511225,-0.0579659,0.08062104,-0.054892395,0.051181473,0.0022101565,0.0047567748,0.03892542,0.052599844,-0.08976766,0.020530343,-0.008435566,-0.08585929,0.043935414,0.012565645,-0.014519131,-0.013558528,-0.041146576,-0.009064022,-0.061217614,0.032297056,0.072981626,0.07418168,-0.03431691,-0.0650723,0.06603073,0.07978345,0.010138739,0.0931297,0.034545362,-0.09599806,0.026988778,-0.08168251,0.005086403,0.072389394,-0.010856909,-0.04912052,0.0971453,-0.040807765,0.094037965,0.058540575,0.0028047825,-0.02680488,0.06781039,0.06411362,0.0002657344,-0.06312793,0.0695196
0.004810315,0.01647805,-0.020688621,0.09044167,-0.0878025,-0.093224086,0.043099344,-0.0064223,0.08507433,0.022421176,-0.053711068,-0.01593942,0.039512273,-0.009288455,0.10191687,0.026868006,-0.001337039,-0.07269706,0.009463315,-0.067331836,-0.05666628,0.00010694535,0.01000541,0.08178059,0.059105013,0.0735071,0.07907197,-0.02065389,-0.11193126,0.08904931,-0.088482104,0.07978703,0.046828754,0.03396828,-0.046255987,0.059159227,0.05776822,0.07573936,-0.06670138,-0.07420589,0.028181424,-0.07485687,0.024271948,-0.03540236,0.09299969,-0.05098242,0.08060713,0.009722485,-0.019665197,0.0724657,0.07552,0.0167115,-0.0063198134,0.090408415,0.07176498,0.080854215,-0.039450407,-0.066200644,-0.027852528,-0.068825744,-0.006408493,0.08749945,-0.009980976,0.06727181
-0.062527314,-0.10014426,-0.10274631,0.040513717,-0.08165101,0.0959336,-0.09608508,0.0074082627,0.07830732,0.042813286,-0.071700044,0.04545291,0.05423373,-0.06717907,0.016853992,-0.09413118,0.07714158,0.06895063,-0.018693132,0.054647308,0.068053104,-0.04837728,-0.09457871,0.082243904,-0.08486125,-0.007940974,0.03419179,0.072458334,0.09503164,-0.0049994932,0.010807472,-0.062135693,-0.00914891,-0.023689922,0.10082172,-0.057527315,-0.093024,0.0034154882,0.10407616,-0.052414384,0.071425825,-0.08060575,0.016789414,-0.0025678114,0.0070320354,-0.008212504,-0.091265514,0.034568332,0.08067993,0.009978899,0.026449969,0.08849206,-0.08871287,-0.0804952,0.0013402066,0.010936633,0.05593003,-0.046942815,-0.084697366,-0.087026685,-0.028382696,0.043547824,0.048318718,0.09005148
0.032838885,-0.054434154,-0.054826893,0.06385252,-0.022172572,0.077856466,0.014506178,0.078299396,-0.08398339,0.051840566,0.019388694,0.07948245,-0.018103749,-0.052551042,0.10140001,0.018789772,-0.08397596,0.008028977,0.060433768,0.06902647,-0.06745999,0.014329083,0.0070910347,0.088868685,0.05743486,-0.029651985,0.07283289,0.002625978,0.019842999,-0.025829129,0.0011305506,0.025103183,0.10731501,-0.025485076,0.0025388931,0.09646318,-0.09880969,-0.06431329,-0.021893647,0.052622408,0.052502956,0.004765744,0.060043115,0.039289135,-0.07351645,0.09552614,0.06902404,-0.022972753,-0.009190505,-0.013817698,-0.031853653,0.03578738,-0.008548862,0.07337415,0.060996316,-0.05612885,0.05428304,0.006505782,-0.072637305,-0.10162222,0.030872758,-0.057795502,-0.0037650752,-0.047205113
0.01078948,-0.07385139,0.05494079,0.10023221,-0.056544337,0.09404083,0.011720465,-0.028146692,-0.01593699,-0.017664941,-0.034863994,0.024044208,-0.037404157,-0.044383235,-0.045485318,-0.08366876,0.04925431,-0.07805533,0.050966464,0.05117899,-0.048173893,0.07501455,0.034050684,0.05449048,-0.02097946,-0.08099293,-0.08357195,-0.056552384,-0.07714151,0.062529005,0.007972716,0.05661217,0.027474789,0.05682321,0.08212326,0.0676241,0.04439364,-0.023781147,-0.098924264,0.044890597,-0.028800225,-0.05682623,-0.093344316,0.057586435,-0.0029029686,-0.09662936,0.02050819,-0.09325938,0.056709953,-0.054727625,-0.026704624,0.0033034454,-0.0942515,0.09012269,-0.01906844,-0.05154982,-0.09427549,-0.003593649,-0.031321123,-0.0009788354,0.0737716,0.022471914,-0.017130636,-0.088944465
-0.069516554,0.045611903,0.051800307,0.08397287,0.0017796416,0.044534586,-0.09019509,0.060953885,0.06270351,0.06035177,-0.0058303783,0.06638523,-0.005494208,-0.07910129,0.0042399247,-0.055211768,0.097847484,0.06961327,0.088496216,-0.014046883,0.057215016,0.0018594874,-0.07620336,0.0063678613,-0.02756936,0.008061751,-0.044462066,-0.0901977,0.029464774,-0.09691195,-0.037430223,0.03646212,0.075553864,-0.02218845,-0.07205959,-0.0028900348,0.05167805,0.08214873,-0.07785374,-0.0693157,0.09701171,0.060740728,0.06422418,-0.07789562,-0.0016743992,0.028630279,0.0666603,-0.004799789,-0.06092765,-0.009683871,0.06614775,0.008851166,-0.06651676,-0.01150482,-0.09877528,0.060920455,-0.064779766,0.043050814,-0.05515748,0.041044813,-0.08793828,0.0701575,0.02190054,0.081409134
-0.054675672,-0.0457418,-0.04671279,0.026653573,0.056295343,-0.025299069,0.0066642743,0.093691155,-0.057251077,-0.03899208,0.024167307,0.017213631,-0.010099715,-0.036880963,-0.049888603,-0.067739114,0.08861521,-0.08711926,0.0325983,0.046067946,0.01718948,0.00078766176,0.060640026,-0.09886984,0.0494499,-0.08529424,0.07315716,0.072582126,0.005198502,-0.07674209,-0.06293126,-0.086241096,0.030931931,0.043273695,-0.077091366,0.007568981,0.065921165,-0.04061737,0.07785909,0.017010361,0.0640397,0.08086636,-0.0065720836,0.09506293,0.024624575,0.0074656806,-0.05628488,0.08705876,0.068822786,0.012745227,0.0052209618,0.032152135,-0.0020982604,0.08319495,0.030681182,0.09603322,-0.055029962,-0.038894225,0.04534224,-0.06500453,0.059584055,0.025777467,0.084921636,-0.059051108
-0.014215371,0.07916034,-0.06840865,-0.06795008,0.02801447,-0.08136131,0.0732261,0.08647917,-0.0504362,-0.08279857,0.0750398,-0.06620227,-0.07886751,0.06697823,0.041768726,0.104968816,-0.05641539,0.09342846,-0.095400915,-0.0415283,-0.068254046,-0.063304044,0.054034986,-0.077735245,0.016704323,-0.06229636,0.051721368,-0.043187756,0.08536133,0.0067655435,-0.068198815,0.053568926,-0.044588763,0.08058115,6.9921676e-05,0.10453069,-0.059639845,0.07763335,-0.09496537,0.09333095,0.058283616,-0.08102243,0.0088829845,-0.06415426,-0.05177931,-0.060778834,-0.067882895,-0.015281158,0.061624274,0.079529,0.08537765,-0.04158467,-0.0020619102,0.09531986,0.04351598,0.04292605,-0.09685404,-0.01972805,-0.013741661,-0.08773088,0.028791325,0.08333894,-0.06940036,-5.2873133e-05
0.06701104,-0.09150561,0.09708908,-0.093467385,-0.04452059,0.045002505,-0.06706723,0.08153154,-0.037217077,0.09616542,0.011602959,-0.038628127,0.07210164,-0.088300586,0.091664456,-0.0026248393,-0.008266438,0.060427688,-0.08012243,-0.07714654,-0.003161362,-0.10675475,-0.0014216932,0.09209056,-0.057876132,-0.057697743,-0.08454855,-0.057660386,0.034474485,0.046409357,-0.07954046,-0.040229693,0.08283112,-0.049064733,-0.073487684,0.008971946,-0.042902514,0.044323307,0.03923856,0.00953549,0.10662274,-0.040799614,-0.021983933,0.094041325,0.07056834,0.06788487,0.053552594,0.013256771,0.09907215,0.0026148353,-0.07036452,0.094733626,0.0755458,-0.07383517,-0.059072513,0.061286263,-0.061720792,-0.023258451,0.017796835,0.055624157,0.011964391,0.007205492,0.06818113,-0.004998117
-0.047446534,-0.03933561,0.0809529,-0.037551973,-0.072500095,-0.056337934,0.028055925,0.054314733,0.07354716,-0.0786444,-0.06489725,-0.10098554,-0.078303866,0.04981901,-0.09110823,-0.08893245,-0.102560505,0.01326749,0.07710414,0.06416641,0.079075955,-0.035267707,0.0011113974,0.008101959,0.049692534,0.067787886,-0.0015290212,-0.090913154,-0.00014164673,-0.09551102,0.021931771,0.049752805,0.101599924,-0.027305556,0.10049937,0.00095542544,-0.08438178,-0.050461803,0.00930641,0.018425321,-0.09279529,0.073304206,-0.088301,-0.07332638,0.10374058,0.0959402,-0.021813734,-0.062397137,-0.022672473,0.10159647,0.07835587,0.018805804,-0.08537151,0.089627266,-0.013374953,0.073640615,0.09289719,-0.05827538,0.073912114,0.05727369,0.014127239,0.004334703,0.0032597524,0.05389135
-0.07944082,-0.047306016,-0.08958925,-0.01432365,0.082589045,-0.021897495,0.0038767208,0.0033530463,-0.017685523,0.070008,-0.09226062,-0.021908784,0.022360235,-0.07003349,-0.01495441,-0.042534966,-0.048881665,0.069094576,-0.06258825,0.088580176,0.021944983,0.087614395,-0.006145599,-0.061038464,0.06406573,0.04945361,0.076537564,-0.069938935,0.0026497568,0.051099483,0.04161759,-0.09290085,0.07890564,-0.033074163,0.034215376,-0.03067873,-0.020952329,-0.004917129,0.073336,0.084574394,0.044469792,-0.04501759,-0.07593464,0.055567484,0.0010336596,0.08671849,0.086615406,0.08028299,-0.07680383,0.06648686,-0.09140355,0.04549397,-0.005855424,-0.013308333,0.060284074,0.09203402,-0.08864218,0.03604245,0.0773238,-0.0422334,0.057664383,0.09609604,-0.0713545,-0.08855997
-0.08784535,0.003907634,-0.0017876521,0.020023137,-0.08125785,0.0025019196,-0.029714083,0.09065999,0.05161167,-0.068681724,0.006874045,-0.004151818,0.09012894,-0.07773599,-0.010042128,0.037110023,-0.06283802,-0.05919999,-0.058522347,-0.011424293,-0.0010685724,0.0592624,-0.07024101,0.013050597,0.011090281,0.06456738,-0.029229397,-0.0918877,-0.09965965,0.11202085,0.0038720493,-0.019555783,-0.06548421,-0.024427315,0.032763734,0.07717228,-0.024414329,-0.008433845,0.07528127,0.08355742,0.10538377,-0.05783598,-0.022985741,0.0039834064,-0.0075477986,0.030562647,0.07074728,0.004138647,-0.012022939,-0.056858327,-0.009012767,-0.08470193,0.0818433,0.049311645,-0.09408179,0.086666435,-0.027056701,-0.068629436,0.010203129,-0.00961878,-0.059104342,0.034587875,-0.018853435,-0.10483309
0.023040159,0.08453472,0.041040912,-0.050332285,0.012420351,0.035122722,0.089216635,-0.004393505,0.08362651,-0.05251224,-0.04434576,0.018401925,0.081579074,0.06112416,-0.026172293,0.037484232,-0.105905496,-0.07765264,0.009204673,-0.055622447,-0.078187026,-0.07875285,-0.06063324,0.09677928,-0.08266691,0.09074517,-0.073458634,-0.0028649543,-0.09179902,0.0030220994,-0.051329523,-0.0016766982,0.09305353,-0.0819825,-0.054142527,0.007045436,0.09794537,0.01199376,-0.02991752,0.017062368,0.0852661,-0.0035312525,0.028021313,0.09240944,-0.017550843,0.06938257,0.040994108,-0.08974053,-0.058992937,0.021372119,0.052720193,0.056225047,-0.06267824,0.069944344,-0.019124104,0.09261564,0.013495492,0.0044121672,0.08161047,0.018866118,-0.09035179,0.079558,0.082651176,-0.07842937
-0.08307206,0.032125983,-0.096033305,-0.019733295,0.010998058,0.014325018,-0.053852197,0.045903746,0.10588953,-0.08640771,0.035438564,-0.021707503,0.07173726,-0.09661898,0.055788253,-0.0854758,-0.050036244,0.03998251,0.07972089,0.09506247,0.060240068,-0.022541048,0.023005946,0.057965484,-0.011711975,0.072955124,-0.00864088,-0.0638787,-0.091333315,0.07817805,0.013557976,-0.06594943,0.026242971,-0.09194633,-0.07846589,0.022054669,0.006489433,-0.011915847,-0.059955377,0.043764584,0.015088886,0.06505844,-0.0029683057,0.09268967,0.076016314,0.08616978,0.0043236087,-0.09347012,0.06426919,-0.027974403,0.08930619,0.08977677,-0.0193609,-0.062734514,0.084379934,-0.055155084,-0.06648621,0.053528447,-0.0021877424,0.101222806,-0.0020366109,0.08142046,-0.008695307,-0.08914958
-0.008568522,0.06954286,0.099617235,-0.084863,-0.064249,-0.016919106,-0.07860488,0.06757798,0.019949093,0.0082897935,0.0654728,-0.0006057449,0.024554847,-0.00039475923,0.0403773,0.07689351,0.08568499,-0.08990106,0.096859455,0.05900695,-0.060451202,0.0906399,-0.093939066,0.065189116,0.011413757,0.08442144,-0.061504517,0.08407332,-0.029710624,-0.07771014,0.048686635,0.092543356,-0.06505008,0.09631895,-0.0026848984,-0.009491008,-0.09013201,-0.07512009,-0.023846226,-0.021022106,0.014146582,-0.049156956,-0.04517296,0.03524774,-0.08931071,-0.067153595,-0.08203605,0.07739457,0.056873247,0.0023297572,0.0121861715,0.08743428,0.022195304,-0.035457123,-0.092950284,0.014931141,-0.05579624,-0.08679225,-0.031570584,0.037117485,-0.06566287,-0.08646311,0.0863851,-0.07377672
0.020049883,-0.050320946,-0.05008981,0.013158856,-0.06028157,0.0016717596,0.066566385,-0.0982566,-0.009735686,0.046138216,0.102565035,-0.09983591,0.040570926,-0.05443099,0.086632,0.007597685,0.040963147,0.08346977,-0.091556706,-0.07307414,0.074284874,0.0888385,0.063415706,0.09045209,0.042918935,-0.0696621,0.011049775,-0.025968177,0.047813702,-0.073255636,-0.003659296,0.054237895,-0.056995362,-0.022796903,0.012604129,-0.07470956,-0.09351503,-0.06997248,-0.04403207,-0.05868958,0.0837232,-0.011835704,0.096767545,-0.083455,0.08522683,-0.07376674,-0.06708691,-0.010969656,0.06592586,-0.100670114,0.09427334,-0.08949377,0.06921245,-0.04691219,0.09209485,-0.10214305,0.008252972,0.049971998,-0.02771119,0.003772828,0.09454945,0.06986396,-0.05098351,-0.027570521
-0.053333335,-0.064743675,0.0053055533,-0.09938696,-0.011383998,0.07097895,0.06754721,-0.04793636,0.01081908,-0.036870103,0.08871852,0.0429381,0.0045234594,0.09566505,0.10107721,0.08537557,0.081519164,-0.010953654,0.07306893,0.02712448,-0.08766422,0.0265345,-0.06349292,0.08948508,-0.088152245,-0.06059234,-0.07455731,-0.087652765,-0.09119059,-0.065570064,-0.07983872,-0.050811384,0.073825456,0.08059753,0.061995108,0.06992713,0.04171758,-0.08097007,0.029182492,-0.061263885,-0.00070025283,-0.010340211,-0.09191671,0.016363349,-0.01158405,0.07341521,-0.08019055,0.0056186398,0.04461802,-0.07955708,-0.060437057,-0.09220616,-0.064186156,-0.046591427,0.06248622,0.0015209797,0.05695233,-0.06170874,0.08153453,-0.037765384,-0.062308274,0.013892446,-0.08104623,0.08771262
0.09360184,0.079604484,-0.0036539526,0.07117518,-0.0025104547,-0.012211314,-0.03806464,0.045691777,0.09677848,-0.058543418,-0.002878253,0.055796254,-0.045839176,0.0684686,0.090647265,-0.02348555,-0.019870944,0.044071753,0.031356655,0.073339835,-0.059847366,0.005063169,-0.0012612868,0.08245221,-0.0020714698,0.09751343,-0.065147325,-0.052312613,-0.03944024,-0.00424946,0.09811984,-0.06694182,0.03248997,-0.0097531825,-0.07736186,-0.019718982,0.105942346,0.086020365,0.06426055,-0.096045546,0.0073953345,0.05871987,0.0015786856,0.015974935,-0.08718511,-0.044633195,0.036381055,0.0063169026,0.06912923,0.044981346,-0.006160957,-0.06912175,-0.07842643,0.025160322,0.07799037,0.09209047,0.06494869,-0.087741904,0.08989369,0.006777165,-0.058698613,0.008818847,-0.081217065,-0.09688234
-0.09541599,-0.077549726,0.002498141,0.025821412,-0.008124621,-0.074402906,0.056352876,0.072606474,-0.084218524,-0.069470696,-0.017677829,0.08487304,0.0038610233,0.07394542,0.031466328,0.10280721,-0.07539506,-0.006248221,-0.05329431,0.034250855,0.10695585,0.011309574,-0.06393224,0.031827964,-0.08239543,-0.08513957,0.056396935,-0.105936915,0.059337083,-0.07530584,-0.084811755,0.0059889285,-0.08941518,0.011525435,-0.058109615,0.09178788,-0.09116992,0.013402513,0.056125496,-0.0868044,0.0642484,-0.085987575,0.096692994,-0.099835046,0.035384845,-0.08024104,0.08417058,-0.10109785,0.08809965,-0.07039825,0.071116395,-0.06844764,0.09766822,-0.06852147,-0.057625674,0.09211249,0.08610436,0.062701054,0.017943496,-0.057476968,0.044119317,-0.009864622,0.07772161,0.067887746
-0.063917056,0.013900419,-0.0119566675,-0.008123504,0.083621524,-0.053016853,0.00914994,-0.064667106,-0.067289144,-0.06761894,0.07582826,-0.05146658,0.029036304,0.003099901,-0.031031422,0.015322723,0.012151495,-0.07477253,0.048904344,-0.07328375,-0.06024553,0.07746248,-0.048154052,0.089530215,-0.059146542,0.06645482,-0.01738087,-0.0036675504,-0.04547759,0.018670363,0.0010558597,0.062199716,0.02514005,0.0011125101,-0.089749,0.07617332,0.0100698415,0.00012568932,0.09609333,-0.027156366,0.025292518,0.004853733,0.0932151,0.00078295666,-0.021137172,-0.035929814,-0.050524,-0.045709882,0.065364264,0.09567189,-0.054839477,-0.06312185,0.009288793,0.06699565,0.0070875264,-0.099265546,-0.08262445,0.0026816912,-0.012411399,-0.0034362546,0.0633985,-0.006278093,0.09260291,-0.0014385579
-0.08791293,0.014568392,0.0151256565,-0.016615093,-0.088848196,-0.08235218,0.08472972,-0.0964067,0.09900822,-0.060511105,-0.008867832,-0.044852465,-0.065993175,0.06254658,0.021127474,0.04833533,0.055806454,0.09814266,0.020616656,-0.0990494,0.072873056,0.05894074,-0.07190387,-0.036271635,0.0099548865,-0.0023532135,-0.08564963,-0.09333479,-0.037904665,0.03696703,-0.087653145,-0.07105412,0.092373736,-0.071892455,-0.0067151203,-0.10299762,0.011465007,-0.007158114,-0.059370082,-0.0051493314,-0.07770949,0.04426902,0.0020876199,-0.09124982,-0.0710577,0.027651267,0.089779586,0.0063214456,0.009603543,-0.05995073,0.006362802,0.080598325,0.053432666,0.021355886,-0.072815925,0.042046066,0.0041644364,0.07789333,0.006098167,-0.054043088,0.012252188,0.060207687,0.009248429,-0.008590146
-0.042451255,0.06558889,0.027620992,0.088368945,0.07245337,0.02673344,-0.04670761,0.03425796,0.07842818,0.02592368,0.056022946,0.08875898,-0.049940754,0.013331509,-0.06784185,-0.054979872,-0.009479095,0.05491893,-0.006509504,-0.06292378,0.069288276,-0.038607247,-0.068443194,-0.053262774,-0.06468261,0.050363343,0.089351945,0.049564674,0.080085106,-0.044940893,0.02982124,0.050530802,-0.007489169,-0.07511116,0.08559485,0.047647383,0.043961026,-0.026718646,-0.027698023,-0.06692625,0.005217275,0.024911173,0.07155559,-0.032557882,-0.04544683,0.05145623,-0.018672727,-0.04826932,-0.009795476,-0.018781627,0.053763837,-0.06630035,-0.08276003,0.0005480611,-0.01335424,-0.09409984,-0.08199843,0.028540747,-0.047200345,-0.0315562,-0.09226213,-0.036000896,-0.05430124,-0.053297292
0.06852132,0.0039067413,0.006051168,-0.06652109,-0.09195405,0.07528732,0.08910962,0.044585496,-0.025941096,0.007529931,0.0028389604,-0.05882359,0.019966772,0.040299766,-0.05221568,-0.000981352,0.009619182,-0.06333391,0.08893677,0.08205377,0.0009976784,-0.065461084,0.015305018,0.059602294,-0.075828,-0.10076305,-0.08794047,-0.08216216,0.008058084,0.018069834,0.0905292,0.058293458,0.03688411,0.061485864,0.008775397,0.08715252,0.009501787,-0.006223296,-0.04947345,-0.0032772108,-0.06166983,0.05733718,-0.08156757,-0.017001953,0.01965885,0.0071534254,0.093055874,0.08208374,0.07336192,-0.060539268,-0.072377816,-0.0051019024,0.09864354,0.028099703,0.09361662,8.668561e-05,-0.026113233,0.10263752,0.038312633,-0.06803487,0.09435273,0.0754108,0.0118069155,0.018560464
0.08037313,0.005908824,0.005288002,0.045784924,-0.04369755,-0.003960967,-0.014590488,0.05193682,0.05486923,0.10056921,-0.036276143,0.051289704,-0.004330824,-0.010684508,0.06719412,0.053558283,-0.059645772,0.002417584,-0.01415349,0.06310287,-0.09142454,-0.081597574,0.095756814,0.015378596,-0.081334285,0.010639194,-0.038542107,0.005054252,0.005525143,-0.08901845,-0.096310444,-0.030894818,0.057693943,0.077498525,0.026479488,-0.08413465,-0.079479836,0.09917963,-0.002043784,0.08584227,-0.0038777972,0.06835871,0.058676425,-0.09488958,-0.00040477392,-0.08882707,0.05098072,0.08150456,-0.034925003,-0.042127527,0.04023539,0.017459868,0.10003357,-0.07598866,-0.069327265,-0.061609402,0.08037194,-0.010485068,-0.020450309,0.04958715,-0.015202254,-0.009745658,-0.041780032,-0.004722968
0.002009492,0.078098506,-0.08843,-0.013342697,0.08649006,-0.10011756,-0.062196527,0.021920485,0.084257215,0.09786861,-0.013357033,0.06968007,-0.07426676,-0.01545373,0.06149844,0.023479087,0.016875958,-0.071070746,-0.03119004,-0.08709387,-0.00777089,0.0550729,0.057423465,0.06450906,0.003238558,0.0012972408,0.04838297,0.09645364,0.019811897,0.062044572,0.09150667,-0.002833525,-0.025594983,-0.08124362,0.07269575,0.04847072,-0.056492057,0.059633154,-0.059462354,0.048973273,-0.06923782,-0.054552715,0.05572659,0.020414863,0.052705426,0.028393017,0.024728445,-0.06253076,-0.002430289,0.0030752623,0.0069494424,0.05549699,0.074043326,0.00395279,0.044104956,-0.009330936,0.050703052,0.070195876,-0.04768498,0.06592731,0.040318917,0.09193055,0.02424894,-0.010788896
-0.02107439,-0.078388475,-0.015649248,0.0994304,0.0057800105,0.05563546,0.009447569,0.07041841,-0.06036221,-0.08776143,0.003963376,-0.010248086,-0.060789753,-0.016949987,-0.059555694,-0.06755253,0.07130547,-0.084387995,0.0826866,-0.0888066,0.06192917,-0.09702206,0.08313135,-0.04736569,0.07991724,0.034850083,0.055836298,0.05738062,-0.03476718,0.014301718,0.040855933,0.060481828,-0.05635297,0.03988994,-0.060183145,-0.042740688,-0.10146391,0.05787344,-0.013462415,-0.06273623,0.015155458,-0.028627397,-0.034721427,-0.0043476475,0.007046491,-0.050573613,-0.08939956,0.0038095561,0.08482122,-0.001155701,0.07040572,0.0052364906,0.087733984,-0.08390948,-0.052303344,0.039533548,0.050645504,-0.00059190125,0.00641173,0.031329647,-0.006407882,0.08286805,-0.038370885,-0.039519764
0.09585635,0.054807942,-0.076016,-0.02339317,0.09951877,0.080490984,0.086314484,0.057746362,0.0947345,0.09122464,-0.05880398,-0.07388937,0.03618509,-0.030196898,0.088666916,0.07470462,0.073173456,-0.019342382,-0.06282265,0.07982647,-0.07658909,-0.07352117,0.052881055,-0.05168726,-0.08212648,-0.082884744,-0.014370075,0.038543954,0.015282273,-0.072275594,-0.0041431594,-0.067123,0.037592143,0.052632168,-0.008496319,-0.0030563031,-0.08645801,-0.061691243,-0.04943308,-0.10830028,0.028062696,-0.10334705,-0.08022319,0.099117294,-0.00649065,0.01789428,-0.07204704,0.06723681,0.07527991,0.060289852,0.042568836,0.023629462,-0.0997585,0.013529354,-0.07978555,-0.054977637,0.008247216,0.03512017,-0.06331467,0.032125056,0.06330924,0.00880838,-0.097920604,-0.008153996
0.0913178,0.08432155,-0.009947463,-0.09271154,0.020907788,-0.026912943,0.07779366,-0.044808947,-0.054893147,-0.09469754,-0.04411261,0.013237871,-0.06924381,0.027895104,-0.05910656,-0.06541281,-0.09266355,-0.084752895,0.038176946,0.08825583,-0.095366955,0.04801634,-0.08051464,-0.087647624,0.07131457,0.06191388,0.050847773,0.06468874,0.014474936,0.0591046,0.002941957,-0.039327603,0.0915232,0.0132450275,0.07681038,0.012126422,0.092298545,-0.010059209,-0.080604315,-0.025762798,0.08432749,0.09764031,-0.0020514692,0.012853183,-0.040274005,-0.07496273,-0.053135633,0.09009079,-0.004726754,0.08732703,-0.0032880965,-0.07936929,-0.087649785,-0.048339333,0.003349149,-0.077583194,-0.08809265,0.06917364,0.051950227,-0.04989825,-0.019607352,0.057852443,0.00374332,0.0048288372
0.023617666,0.09812799,-0.068711214,-0.09274611,-0.070149876,0.09042794,0.032878745,0.09606306,-0.014589551,-0.07653376,0.08383762,-0.07803066,-0.05778635,0.09201227,-0.07840373,0.070075065,0.062435307,0.07206626,-0.07667104,0.006157032,0.09165409,-0.07265927,0.016849287,-0.009428753,0.09091407,-0.060809314,0.06145487,-0.110080704,-0.010172781,-0.062298827,0.047886863,-0.008215625,0.009555051,0.09016013,-0.043318663,-0.0069910293,-0.004672753,0.07148119,0.0746169,0.085093506,-0.09418839,0.049224947,-0.054119583,-0.02264503,0.057301555,-0.074593976,-0.004727051,-0.07899826,-0.025769822,-0.04755018,-0.08142252,0.06660135,0.0076545323,-0.0071891886,0.09265163,-0.09404533,-0.06088881,-0.043413043,0.07139757,-0.083844736,0.07489544,0.10185648,0.055904537,0.09480952
-0.06382896,-0.09190579,0.05629678,-0.0649492,0.09498052,-0.06676365,-0.058624383,-0.10668984,0.070252694,-0.09141414,-0.057779465,0.09952942,0.09682609,-0.0043337243,-0.06558607,0.004261859,-0.060606427,0.07431594,-0.096494295,0.01591257,-0.08798159,-0.06179057,-0.023012979,-0.03837452,0.059545066,0.0056450553,-0.012777422,-0.09794141,0.08491496,-0.020121094,0.09035593,0.044324253,-0.08318374,0.022747131,0.06853888,-0.08492096,-0.029063318,-0.013446148,-0.048167862,0.017189607,0.104044236,-0.051009346,-0.04193022,0.06519899,-0.05604037,0.05846683,-0.08487284,0.025437253,0.036256295,-0.025742391,0.049115174,-0.03412722,-0.098125845,-0.0151499575,-0.0064641787,-0.06937595,0.09411857,-0.019692486,0.059531428,-0.08177757,-0.08543148,-0.0397461,-0.06776189,0.0008372041
-0.016977431,-0.10207109,-0.024260037,0.030740581,0.059479617,0.08642979,-0.10294339,0.046034556,-0.06606991,-0.09452584,-0.047459874,0.006467624,0.07046069,0.0011885054,-0.07923579,-0.018997047,-0.06166952,-0.089351155,-0.017471047,-0.063908316,0.02144383,-0.029154519,0.007040157,0.051866163,0.09445365,-0.091604985,0.0017606092,0.09017394,-0.0036405148,0.061477024,0.090658896,-0.0858288,-0.09002596,0.0026790684,0.04948094,0.08682045,-0.054820582,0.083554074,0.05425991,-0.03552269,-0.065258764,-0.02641897,0.013089452,-0.0085710175,-0.0022870773,0.0012188725,-0.004817554,-0.078833655,-0.045796886,0.010209202,-0.07194462,0.08235092,-0.09129828,0.07145741,0.0900907,-0.0121066375,-0.090860486,-0.056056388,-0.07897334,-0.02632064,-0.057696577,0.0637385,-0.031252947,-0.032613594
0.011882633,-0.06961939,-0.0308748,0.09954433,0.08808311,0.06988436,0.00256183,0.07393854,0.0760508,0.01741575,0.024391305,0.0906265,-0.096807025,0.08022126,-0.005296681,-0.06817653,0.10043,-0.034859113,-0.0805029,-0.011804776,-0.05171709,-0.001985836,0.05538157,-0.0041546132,0.0020434556,0.07849456,-0.100441806,0.025825847,0.02540025,-0.08869673,-0.09362141,0.041156687,0.06300603,-0.084636234,0.09602187,0.083456434,0.07610564,0.039168864,0.04190129,0.08994093,-0.012232221,-0.079399616,-0.014587318,-0.10935954,-0.014071731,-0.012232312,-0.052843705,0.0629986,-0.07133393,0.08990308,0.006799085,-0.08907013,0.0004221182,0.069938354,-0.09290299,-0.0024194743,-0.106718995,-0.092346065,-0.074898034,-0.025454605,-0.10383191,0.014317749,-0.058563847,0.04105972
-0.00043231132,-0.094193906,0.0024031454,0.008279385,0.019502923,0.05145365,0.06485893,0.06398317,-0.09373432,-0.09034464,0.067912415,-0.008962013,-0.010997407,0.024627974,-0.00041842525,-0.04861086,0.08419336,-0.06947143,-0.09089199,-0.04737421,-0.076111645,0.00690922,-0.056002792,0.008930092,0.037028853,-0.045277227,0.027313167,0.08643284,-0.0029981255,-0.008591029,-0.042437732,0.05055738,-0.058932893,-0.07233774,-0.067797825,0.092937514,0.057299595,-0.026646022,0.06784048,-0.07365454,0.0008880499,0.05962083,0.025136955,0.0727244,-0.09802078,-0.09233961,-0.05598379,0.10494238,0.07246095,0.09134545,0.0315205,-0.009173317,-0.062942326,0.05516097,-0.0805372,-0.08528584,0.0043163756,-0.08659627,-0.015192178,-0.018461857,-0.107136175,0.03426465,0.0032137176,-0.066496946
-0.07088848,0.0772543,0.07555671,-0.10272871,0.05620715,-0.054980393,-0.060428925,-0.016965844,-0.07856711,-0.086182676,-0.0109751895,-0.09417806,0.1011244,0.082710914,-0.041302856,0.05927146,0.056766227,-0.084607475,-0.06416081,-0.0008858066,-0.045725737,0.08870718,0.05714966,0.022194343,-0.058421545,-0.0042462377,0.05259749,-0.097432524,-0.026482215,0.011662287,-0.02499189,-0.07105962,-0.07261032,0.04454995,0.0748041,0.0623793,-0.09945657,0.09365438,-0.065745935,0.09282856,-0.07143669,0.077945665,-0.09660381,-0.0143569065,-0.049006235,-0.06981466,-0.084018655,-0.06213442,0.06901129,0.052718375,-0.08304485,0.009204898,0.06919975,0.0038654318,0.083380915,-0.06994055,-0.041608643,-0.102679715,0.0875507,-0.0033989798,0.00987886,-0.026068987,0.023118844,-0.008052573
-0.06455389,-0.097926505,-0.058120027,-0.0960974,0.030491626,0.06906669,-0.08562582,-0.010865265,0.09085836,0.06420946,-0.0041347016,0.087451324,-0.0031840554,0.054162193,0.053782698,-0.042646866,0.09737777,0.076811135,-0.06376999,-0.015133766,-0.049988765,-0.083112806,0.08621416,0.034897864,0.05779102,-0.0930881,0.052716848,-0.01685898,-0.03181841,0.068671666,0.00862138,0.0034206628,0.07575481,-0.0636256,0.0013619635,0.07890735,0.009548583,0.0908298,0.07448046,-0.030926926,-0.08745667,0.065334,-0.028247625,-0.051796142,0.0920388,0.08473853,-0.08559038,-0.104209125,-0.056528237,0.0871818,0.023397125,-0.08495094,0.08003004,-0.06972228,0.06854646,0.036275193,0.02510562,0.049612783,-0.07689314,-0.06136906,0.083915375,0.09824237,-0.035357427,-0.06404854
0.069716066,0.05793019,-0.06113001,-0.06829458,0.06588957,0.04591145,-0.021644928,-0.020183155,0.041781913,0.046167362,-0.0087466715,0.06792513,0.08511284,-0.014628753,0.05334629,0.08120249,0.048033543,0.08522476,0.06140087,-0.076099806,0.0056468057,0.025390906,-0.014021926,0.05829112,0.0708567,-0.044436928,-0.073322095,0.020805594,-0.05122047,-0.054730702,0.030356772,-0.03625392,-0.061676208,-0.03925973,0.051228944,0.08350201,0.04507502,-0.07781468,-0.03404147,0.013552265,-0.04384308,-0.074137695,-0.012262733,0.0684431,0.016275316,-0.008365295,-0.015590674,-0.046366904,-0.0028759888,-0.081967816,-0.0649578,-0.06570562,0.036949567,0.05045429,0.06589731,0.076379985,0.0819405,-0.065734096,-0.017432358,0.06570236,0.06332323,0.03851535,-0.005556695,-0.0012909328
0.09753404,-0.10604,-0.098034054,0.047301076,0.050870672,-0.07645611,-0.056381494,0.08101265,-0.039962173,-0.070852034,0.03890615,0.058572393,-0.04460824,-0.015752427,-0.079955466,-0.089172885,0.05521306,-0.008813014,-0.010974504,0.071284875,-0.09437266,0.06458712,0.023817329,-0.08311073,0.06393746,0.0006176116,-0.025450045,0.045749396,0.048870686,-0.06939766,-0.06027442,0.051708862,-0.05102351,-0.065551944,-0.021832326,0.09698265,-0.0030115887,0.08916428,-0.059186257,0.09919955,-0.019398091,0.06413624,-0.0937006,-0.059422992,-0.07014497,-0.02457409,-0.10144205,0.0009379711,-0.03516259,-0.0067816926,-0.031112466,0.07655259,-0.087573275,0.037949745,0.08793334,-0.039458692,0.023252346,-0.019501418,-0.031136068,0.089395985,-0.110770226,0.013495139,-0.008611289,-0.06994974
-0.043850277,0.023578484,-0.074943624,0.0011419451,-0.08054407,-0.04738504,0.076042436,0.054979164,0.09361869,-0.034852885,-0.057479184,-0.09279995,-0.09650074,0.07022087,0.03031842,0.097013675,0.074229985,0.108236045,-0.06510978,-0.080182925,0.00042331283,0.06507103,-0.044664625,-0.083073795,-0.053116836,0.033170685,-0.065758675,0.046923544,-0.094857804,0.03699171,-0.024596803,0.0035771905,-0.01400355,-0.08113073,0.06428896,0.027544456,0.06516835,-0.010400672,-0.04362512,-0.017870741,-0.08004557,0.07433459,-0.08615782,-0.08418065,-0.05879421,0.0020977296,0.09215687,0.09839599,0.0686401,0.003271385,-0.032937173,0.015014934,0.056315675,-0.057632487,-0.008698635,0.054979388,0.023942264,-0.03258577,-0.09966783,0.052902963,-0.010679644,-0.0024228212,0.054934517,0.014511023
0.07659267,0.070204385,0.008724658,-0.0141182635,0.0039263438,-0.078691036,0.04404368,0.0690103,0.055356275,-0.046241764,-0.09457198,-0.011330701,-0.031630043,-0.090629086,0.09757642,0.084776886,0.06668923,-0.08190652,0.033875566,-0.013708913,-0.089338675,0.09581597,-0.0053174202,0.07417799,-0.06256883,0.07499488,0.08250174,-0.0637548,-0.09680258,0.012714275,-0.048426136,0.009224565,0.053512756,0.006640419,0.07864307,0.023687508,0.01361382,-0.06482042,0.055749156,-0.07306652,0.013953519,-0.060302522,0.051351514,0.021692222,-0.06135353,-0.08497889,-0.0071939924,-0.006424377,-0.03137073,-0.06569431,0.006344246,0.084999286,0.023061106,-0.012253091,-0.045876537,0.084401526,0.074246466,0.0680477,-0.06488729,-0.106169514,0.09214234,-0.003188925,-0.06766835,0.015673725
0.03139345,-0.02217994,-0.022671154,-0.091022454,0.059636623,0.102127284,0.037867274,0.06359957,-0.0076262453,-0.018461196,0.07649411,-0.025270684,-0.054757133,-0.09434609,0.09241103,-0.010539989,0.066395365,0.077030145,-0.047027413,-0.01515195,-0.0072200415,-0.09822721,0.01457931,0.06724234,-0.061238404,-0.003903034,0.08579185,0.05589097,0.06804616,-0.025902603,0.05621452,0.062273603,-0.06717588,0.0718017,-0.027301822,0.08780702,0.038743664,0.100451946,0.07073275,-0.075560406,-0.06480246,-0.04538879,0.06765848,0.08654404,-0.06899643,0.06662519,-0.062750086,0.024622373,-0.06000987,0.10644265,0.07366996,0.05355304,0.08647707,-0.04901455,-0.06439221,0.076345935,0.05463446,0.037074152,0.06155271,-0.08613707,-0.09514691,0.05535153,0.083195366,-0.06092405
0.057400577,-0.06812542,0.069837704,0.10577482,-0.08031817,0.097307734,0.08951671,-0.0053685303,-0.07620685,0.097154155,-0.0007599948,-0.06921705,0.07299215,-0.08550181,0.044808578,-0.07201618,0.04978997,0.08859768,-0.093904294,-0.07283714,-0.04834963,0.060968123,0.084984496,-0.047286183,0.054037634,0.008347441,0.07074459,-0.048964504,0.063621685,0.050329015,-0.0095248455,-0.05353685,0.05702449,0.0772547,0.0014362163,0.047096044,-0.0023106532,-0.06585602,0.062080454,0.074517794,0.00528901,0.05668947,-0.037725713,-0.06918806,-0.015282167,0.065169364,0.04130079,0.048224088,-0.063719034,0.0017678613,0.040777266,-0.011174589,-0.0024706025,-0.07640022,0.07147325,0.06983035,0.0706189,-0.07598529,-0.034219254,0.07060822,0.09166297,-0.057139456,0.0007710765,-0.08472686
-0.0016227928,0.054178037,0.04428215,0.06530396,-0.104603246,-0.10321307,-0.08218586,0.08553994,-0.025609609,-0.07376894,0.08061175,0.044882875,-0.05537954,0.023751738,0.060455464,-0.0364809,0.07801534,-0.044136792,-0.00080209697,0.081032395,0.07044145,-0.09459081,-0.088269815,0.072187044,-0.05919788,0.07942834,-0.039144658,-0.1009526,-0.0041488614,-0.04801257,-0.014507536,-0.09553733,0.08250329,-0.0491148,0.040083703,0.03398736,-0.097806916,0.0076531786,0.07534895,-0.0318148,0.037778165,0.079333864,-0.07063382,-0.010208063,-0.0007734142,0.0141960755,0.0954268,0.006994242,-0.05485722,0.06671527,-0.07049454,0.070012204,0.08870388,-0.07173455,-0.096013255,-0.058642298,-0.0025915145,0.019589607,0.060474843,-0.0897691,0.09897175,0.0033755656,0.08797897,-0.07289264
0.04808302,0.09715555,-0.05815636,-0.052221175,-0.037812766,-0.007118021,0.06369236,-0.06680612,0.068608776,0.0554546,-0.07209144,-0.07507542,-0.002685392,0.059505235,-0.0067783846,0.028474241,-0.08059932,-0.056964617,0.07227263,0.070341125,-0.0030729093,0.07690841,0.010288878,0.07095361,0.0807849,0.03789643,-0.0008260794,0.053715844,-0.060265332,-0.09771675,0.092085056,-0.059919838,-0.07176036,0.013865408,-0.08925485,0.08794722,-0.021318069,0.008137891,0.079126075,0.03636346,-0.08227863,-0.076068535,0.009023588,-0.09705231,-0.003431541,0.06937827,-0.07786886,0.0056141806,-0.0070987176,0.0049391976,0.059804145,0.05084458,0.04960071,-0.06933216,0.07907171,-0.095953256,0.010412201,-0.0038422798,0.078568414,0.07274952,-0.10401285,-0.07393508,-0.0033143575,0.082529664
0.06438435,0.077572234,-0.057396766,0.07041694,0.05527618,0.0046860673,-0.0092115635,-0.06498039,0.057702225,-0.09768327,-0.06354042,0.011568017,0.08899466,-0.034961298,-0.03507579,0.09179528,0.0041211275,-0.08575247,-0.062726915,-0.06571498,0.079497665,0.058464658,0.07953642,-0.061343085,-0.07576033,-0.060698457,-0.001646349,-0.052431203,0.04161155,-0.03391511,0.017589813,0.02758755,0.07572839,-0.06016084,-0.020248597,0.003708917,0.07636529,-0.07407019,-0.052170977,-0.032969624,-0.0006730644,-0.08410168,-0.04624805,-0.040533993,0.039812613,-0.04262007,0.0056380243,-0.10111514,0.06406718,0.08699089,0.09193849,-0.015613661,0.061343595,-0.02872473,-0.014397471,-0.008528838,-0.040222753,-0.0021163262,-0.08061694,0.0063842493,-0.0007142654,0.063359596,0.0481542,0.06564914
-0.086368196,0.0019915279,0.056225758,0.043993182,0.044987924,-0.07375848,-0.036464833,-0.025446907,-0.08435719,-0.02802934,-0.05062781,-0.053182714,0.060002785,0.061625097,-0.06999301,-0.09956462,0.03433685,-0.09265513,0.09516688,0.06102093,-0.069031954,-0.058416475,-0.0561855,-0.06017077,0.08381216,-0.10233289,-0.030800886,0.04355031,0.051462423,0.10482782,0.08098063,0.09646957,-0.013908358,0.074960425,-0.08673401,-0.007710051,0.085437596,0.10007106,0.07024243,0.0012023965,-0.066610895,-0.043214954,0.007012501,0.08790886,-0.053387705,0.039574448,-0.076626346,0.08900705,0.009276835,0.05578894,-0.08823968,-0.091142416,-0.025065994,-0.011150662,0.10077777,-0.08289633,-0.113476254,0.03241982,0.07390475,-0.104735464,0.04674834,-0.04393783,-0.017201263,0.015156686
0.071696155,0.038249128,0.046726678,-0.028332254,0.01595728,0.089627646,0.0454811,-0.01862998,0.030777449,-0.06296482,0.08665786,0.035953067,0.006568684,-0.035325397,-0.080179095,0.059420563,0.093917385,0.05488663,0.031946417,-0.08959744,0.08170565,-0.041026868,0.0013641445,-0.06736432,0.061965335,-0.082719974,0.08810754,0.03300085,-0.078038104,-0.07230693,0.0073996386,-0.044465717,-0.064288855,-0.083293855,-0.08248493,-0.04198681,-0.0076209623,-0.016169833,0.001217549,0.0250701,-0.044294935,0.04822905,0.041866757,-0.10229167,-0.0070251026,0.016923847,-0.064974956,0.1030813,0.03701239,0.07483938,-0.079972856,0.08857673,-0.008255642,-0.03015101,0.015089695,0.07182109,0.06678504,-0.056692347,-0.0356028,-0.09227406,0.015511459,-0.040709425,-0.078819744,0.008689156
0.09221627,0.083022505,0.06401069,-0.0655578,0.05902463,0.01855904,-0.03668236,-0.028616138,-0.09235451,-0.005854453,-0.06204693,-0.04521148,0.01047645,-0.016893495,0.09632658,0.07526704,0.019684173,-0.003813453,0.049884085,-0.09145417,0.1070375,0.053166524,0.058755957,0.075452894,-0.047584824,-0.06938036,-0.08137912,-0.050832465,-0.004105119,-0.08475034,0.025585964,0.06354196,-0.062751934,0.09702749,0.058342636,-0.05543387,-0.010259706,0.09972207,0.021970734,-0.07845918,0.09273259,0.05902592,0.025548853,-0.043002073,0.02708934,-0.03700288,0.006635983,0.044895705,0.10194005,0.015428475,0.0038625416,0.012015368,0.0065810867,0.046803087,-0.010403368,0.014821878,0.016593218,0.075373635,0.043681704,-0.013494594,0.070800446,-0.053393506,-0.07300191,0.0938742
0.09660657,-0.0377667,0.06834849,-0.007766307,-0.060336508,-0.041805036,0.0126023125,-0.09781409,0.026527185,0.091525346,-0.04449918,0.019880818,0.010245386,0.038888,-0.101335436,-0.057081506,-0.0051979143,0.104734786,-0.065286405,-0.039937254,-0.020285232,-0.012593043,-0.046241183,0.06989123,0.055499412,-0.0752777,-0.08979582,0.03833089,-0.050313834,-0.0053745317,0.0038988884,0.012383276,0.0029866083,-0.08443351,-0.045205355,0.06694109,0.061763745,-0.06762477,-0.08987345,0.04149679,-0.054752156,-0.083781324,0.010854116,0.023726912,0.06557071,-0.035896815,0.02836802,-0.07144736,0.06408224,-0.006336362,0.023749156,0.055452667,0.093010224,-0.00065882364,-0.09108017,0.010877401,-0.05921003,-0.07009121,0.08220808,0.008049767,-0.010315372,-0.00681681,-0.00023381214,0.077603064
-0.065686055,-0.047455512,-0.0025446666,-0.078650825,0.06910326,-0.06785564,0.07510766,0.07782118,0.0103829615,-0.07976532,0.061014682,0.065702334,-0.06282908,-0.061094638,0.08370415,0.070958935,-0.094430014,0.014987136,0.056929898,-0.06573264,0.051000226,0.111881964,0.010410281,0.068854816,0.0032014772,-0.08952341,-0.011404592,0.007911216,-0.034065817,-0.10003128,0.049889356,0.06932606,-0.013232372,-0.0065597673,-0.00019705748,-0.03884028,-0.09818984,0.05276374,-0.07751827,0.079820685,0.010315207,0.08280605,-0.0011647021,0.010716945,0.040714372,-0.02594705,-0.07308421,-0.05001653,0.097322784,-0.0504786,-0.057719976,-0.0056853644,0.055154335,0.012135368,0.025767783,-0.060266696,0.037352424,0.06734851,-0.07609724,-0.05872959,0.010087413,0.039619945,0.03493911,0.07318991
-0.09173722,0.06204718,-0.0763496,-0.09191209,0.009055705,0.010015332,0.083069734,-0.06152058,0.018764187,0.008418015,0.09258976,0.00627095,0.07623508,-0.061724935,-0.0973352,-0.019544138,-0.08684414,0.060118675,0.0579556,0.020316124,0.093638055,0.024107188,0.101462945,0.06458218,0.073504135,0.096902356,-0.020305414,-0.018476741,-0.020116163,0.07072549,0.017936539,-0.0058291918,-0.054958384,0.011823805,0.07844065,-0.06481128,0.04054208,-0.0014775107,-0.08961108,0.01438964,-0.031288806,0.07078738,-0.023977114,0.079525046,0.0783451,-0.09741271,-0.08419761,-0.049427472,-0.056355875,-0.05196691,0.024838714,-0.05394746,-0.08447775,0.0868731,-0.00873037,0.0733278,0.07313397,-0.09487379,-0.07460212,-0.0017260615,-0.049764156,-0.02551767,0.020240048,0.017817724
-0.07382616,-0.07576678,0.11018104,0.00929484,-0.025409047,-0.04844159,-0.058890343,0.03159725,0.016437702,0.07765728,0.10194382,-0.0803722,-0.061546147,0.006373093,-0.011205881,0.06921049,-0.055031188,0.05684793,0.10105041,-0.05727086,-0.02683172,-0.065015346,0.026982559,-0.035063997,0.033012953,0.06067714,0.014903559,0.059573356,-0.09543828,0.07582148,-0.039706588,0.09182074,0.07788208,-0.0036324628,0.09427964,0.051797178,0.066348575,-0.089060634,0.04998097,-0.03747185,-0.0461083,-0.07645747,0.09227099,-0.09718604,0.097059876,0.06916653,-0.09295836,-0.08644604,-0.0043017385,-0.09561129,0.054233707,-0.0011818873,-0.027085174,0.0021580965,0.059407856,-0.041926105,0.05935009,-0.007523534,0.02867684,-0.0014994931,-0.100808784,-0.05090263,0.009782281,-0.013130463
0.10095735,-0.067451976,-0.009754452,0.079125196,-0.06082373,-0.060850516,-0.06865702,0.08515264,0.0813596,-0.017742803,0.07206154,0.004264408,0.0883515,-0.084096335,-0.03629894,-0.091564886,-0.09213162,0.086924106,0.052658334,-0.0064439,-0.059376016,-0.058536887,-0.086973995,-0.10487926,0.038300585,0.070757575,-0.039471887,-0.060773972,0.043865148,-0.059193306,-0.06692765,0.096834876,-0.039093003,0.068929344,0.004887869,0.062689945,-0.078988224,0.0768384,0.02479267,0.05529333,0.07242801,-0.069704436,-0.09772892,0.03428,0.085939385,-0.021470891,0.0774479,0.098787844,-0.06755178,-0.01763043,-0.09191042,-0.0033296112,-0.05607945,-0.09633738,0.08781149,-0.010316407,0.07238535,-0.06579758,-0.1005222,-0.09307886,0.04844768,0.105958104,0.08642933,0.0068980097
0.06951928,-0.078759,0.0078977905,0.03512612,0.004278025,-0.041249093,-0.0953104,0.09109062,-0.090881966,-0.08667355,0.007742671,-0.069866136,-0.029712856,-0.049125735,-0.038444918,-0.08601764,0.013777175,0.015417204,0.0036805917,0.043767422,0.010222647,0.0014852015,0.010859281,0.072984315,-0.05012282,-0.06355332,0.073744886,-0.05482202,-0.10019354,-0.079228714,-0.0013987444,-0.0638767,0.005984987,-0.07958082,0.010805329,0.07776825,0.050424147,-0.017298026,0.07270736,0.0048363986,0.0072615007,-0.08135929,0.052964635,0.01001012,0.0132494345,0.00029562842,-0.09074377,0.055125665,-0.080924906,0.00707175,0.049276534,-0.037328206,-0.052552436,-0.0018446937,-0.10087435,0.03699031,-0.08706736,-0.0021031355,0.014752028,-0.0756374,0.07701001,-0.0734123,-0.081977665,0.09128578
-0.091511786,0.08235098,0.039445665,-0.05269974,0.0011458879,-0.071046084,-0.027194822,-0.04733357,-0.07192893,-0.036649305,-0.0028286448,-0.032126285,-0.040498562,0.09049076,0.101891115,0.09307957,0.058385246,-0.0848636,0.09381845,0.08548297,0.0253721,0.07729738,-0.09750245,-0.010436151,-0.004806147,-0.04872574,0.07253598,-0.085217714,-0.010583511,0.009042857,-0.06933904,0.06575831,-0.067196526,-0.06338974,0.013916952,-0.0056701032,0.030954234,0.045305263,-0.086787574,0.04934049,0.062214144,-0.07918947,0.07507265,-0.069180645,0.008425143,-0.062260818,-0.081992246,0.008509146,-0.029219346,-0.032469593,0.014741468,-0.047796477,0.018511474,-0.0658289,0.08861062,-0.021951685,-0.06030092,0.04857934,-0.008949245,0.033166505,0.09019438,-0.018127764,-0.023542823,-0.102344036
-0.062411934,-0.030531999,-0.06865821,-0.0009037695,-0.08715809,-0.067132585,-0.036901843,-0.04377813,-0.038787406,-0.0011245403,0.073641516,-0.079574406,0.0716972,0.05569903,0.08213912,0.0730574,0.09518238,0.072959684,0.025744744,0.06816289,-0.05658785,-0.054192435,-0.07795037,-0.096856736,-0.03147566,-0.059069853,0.0119985975,-0.08087839,-0.039842643,0.094561085,-0.002493358,-0.08390593,-0.067498654,-0.028445318,-0.05175653,-0.044230964,0.073143795,-0.03962722,-0.03993855,0.003765732,-0.052249424,-0.011210839,0.10403208,-0.09266578,-0.008634663,-0.087726586,0.011185338,0.0065109483,-0.0872621,-0.06447349,-0.043214865,0.062192053,-0.08259674,-0.061531514,0.0911671,-0.041462217,0.026963482,0.022842275,0.06423542,0.02142618,0.040468145,0.018832654,-0.08259531,-0.014901787
-0.039797183,0.08009187,0.010620052,0.012085125,0.07461905,-0.05369548,-0.025966804,0.06385708,0.03885307,0.06727185,0.08811115,0.034941673,0.055637162,0.045452204,0.014135813,0.050717957,-0.05961206,0.076136604,0.029035492,0.038160305,-0.06170436,0.08084862,0.05123684,-0.09392214,0.039424986,0.1089602,-0.08870265,-0.04740824,0.07815053,0.06453378,-0.035381995,0.08620523,0.00072404294,0.07857976,0.09365273,0.09555035,-0.006894886,-0.02441781,-0.099882655,-0.00989839,-0.003585274,0.042603564,0.040343404,0.024860593,-0.10736183,-0.07922169,-0.02310625,-0.0073175183,-0.08914116,-0.03360842,0.06630446,-0.005174302,0.029159265,-0.008816571,0.057654142,-0.08811016,-0.0852272,-0.00820436,0.08394438,0.0066524595,0.092716955,0.069028035,-0.048194706,-0.05957015
-0.050573174,-0.005321917,0.07558875,0.027956773,0.000111239264,0.08480442,-0.057574365,-0.03732579,0.079873376,-0.052270386,0.055102184,-0.0023252263,0.05432155,-0.08688106,0.05732486,-0.06341115,-0.080622755,-0.025300734,-0.080880016,0.0013411526,0.08072811,0.052347712,0.009463656,-0.004929053,0.020886183,0.020719789,-0.010577003,-0.0029559224,-0.09041797,0.06262143,-0.06732132,0.011059796,0.094627365,0.05124463,0.0320527,-0.033132404,-0.091401964,0.04447109,0.08412792,-0.027506303,0.05941452,-0.04514131,-0.017388219,0.08312944,0.057987545,-0.09028167,0.07406138,0.09150304,0.0564995,-0.0998383,-0.064587176,-0.03223033,-0.100717805,-0.074767984,0.0053047123,-0.064585246,-0.010697923,-0.088386916,-0.006012,0.08156829,0.08234262,-0.0027923929,0.0160973,-0.0639899
0.005044188,0.07965993,-0.090487376,0.015523637,0.03217039,-0.0067043044,-0.010134654,0.041418113,-0.06730321,0.08159297,0.034698818,0.0018254241,0.10282848,0.054252535,0.08887036,0.068096355,-0.044633806,-0.078113414,0.07212601,0.09499548,0.087877005,-0.037650358,0.079174496,0.090285264,-0.007538816,0.009730305,0.084287226,-0.045356,0.023157412,-0.06371062,0.004541072,-0.09944114,0.05432682,0.07231592,-0.01741251,0.0678859,-0.06515412,0.08677312,-0.08586322,-0.006348465,0.0958815,-0.01628603,-0.004518476,-0.03772824,0.09704591,0.049944717,0.093769595,0.03341153,0.018493501,0.04053413,-0.0880989,-0.027106533,-0.06493443,-0.077667676,-0.004442111,0.011449576,0.056074128,0.027982788,0.030723808,0.07317295,0.013441905,0.083669335,0.09762069,0.023869634
0.006117148,-0.008899842,-0.07700465,0.078294665,-0.08923591,-0.011801325,0.009798627,-0.024443388,-0.09118017,0.0170042,0.056068566,0.0043687406,-0.09031864,-0.09594377,-0.06519777,-0.03313547,0.03469004,-0.03704096,0.061579406,0.00026192388,0.09906642,0.012386739,-0.07676073,0.06485446,-0.09667799,-0.031448953,-0.07969496,-0.05247195,-0.027019484,-0.03127988,0.09196227,0.00065792067,-0.06120864,0.009290102,0.038246427,-0.0736369,-0.045423485,0.08466225,-0.092033304,-0.0990665,0.06782476,0.042999946,-0.058336955,-0.06258359,-0.07243997,-0.086873315,-0.06563176,-0.01816078,-0.031037927,-0.0026340818,0.092610836,0.09291556,0.09675883,-0.049335543,0.07678247,-0.06149041,-0.02895522,-0.058087096,-0.008463274,0.08376357,-0.0063360226,-0.0812815,-0.060968038,0.09254951
0.07099302,0.060595945,-0.043815594,0.036494736,-0.07659236,-0.050071202,0.003670306,-0.07761274,-0.07724529,0.05819682,0.04386296,0.058615886,-0.09497615,0.010323984,-0.060412884,0.0037876014,0.025415216,0.033103183,0.045446504,0.04772846,0.074769855,0.035637286,0.037501235,-0.066184215,-0.0034224805,0.04860514,-0.028130434,0.0756636,0.089478746,-0.069098406,-0.09587937,0.04510184,0.028571434,0.029227132,0.0030404918,-0.04242556,0.07663691,-0.09299366,-0.102956764,-0.0795319,-0.07984941,0.07602887,0.057229217,-0.02654412,-0.066810615,0.080922864,-0.06389317,0.061390985,-0.025672598,-0.058025714,-0.0036837251,0.07159642,-0.08245019,0.015465357,-0.09135666,0.0014271133,-0.0043798527,-0.060842074,0.023511488,-0.07971349,0.070654646,0.014105228,-0.056587383,-0.02374267
0.07233393,-0.0109420465,-0.05458588,-0.08304957,0.019861683,0.030065915,-0.0058333096,0.061665647,-0.062519096,-0.0036239014,0.09833795,-0.047463525,0.09240962,-0.0494731,0.09182366,0.049257994,0.055839784,-0.063739136,0.061665006,0.07563076,-0.10459486,0.09700395,-0.028143894,-0.076334104,-0.066898845,-0.08300101,-0.059075825,-0.08523841,-0.04631242,0.0047066417,-0.08069884,-0.06036771,-0.09773074,-0.096264265,0.007957104,0.018206127,-0.109089606,-0.07596416,-0.060093872,-0.0057277693,-0.06121861,-0.06498927,0.029271534,0.043422483,0.012153864,0.010205459,-0.096332364,0.014330146,0.036221035,-0.009861761,-0.03479682,0.088406235,-0.09339882,0.013703159,-0.010906511,0.03114926,0.027357062,-0.07810941,-0.057349116,0.016594961,0.10247548,0.06183288,0.07426609,0.00031145616
-0.020712493,0.07039385,-0.06640876,0.063824825,-0.0032202976,-0.03540989,0.0749741,0.091874585,-0.024927799,0.055591304,0.03205766,0.0144760655,0.015242716,0.04210836,-0.06972533,0.08059988,0.08132089,0.03863204,0.011682425,0.0080977045,-0.024193292,0.014835028,0.069842,-0.070205726,-0.0605731,-0.10179077,0.013711278,-0.008984055,-0.005331053,0.00459543,-0.06806752,0.053238682,0.009875409,-0.09774786,-0.012405433,-0.051320646,-0.060263004,0.08742497,-0.026489202,0.055504434,-0.04604799,-0.0031361915,-0.045403335,-0.07241809,-0.07068791,-0.053848952,-0.028975321,0.06954927,-0.05089379,-0.085356325,0.01250127,0.07133906,-0.09317076,0.050070446,0.07332993,0.0652942,-0.05626729,0.098792374,-0.04032826,-0.06788336,-0.0076533644,0.0395811,-0.012317085,0.0740888
0.06393161,0.06723772,0.02321842,-0.017286774,-0.064172536,0.053728983,0.07592236,-0.070894726,0.026325513,-0.053089816,0.03636189,0.015583467,0.1002128,-0.09648421,0.095606305,-0.0071601085,-0.09585484,-0.07188801,-0.05728094,-0.017759342,0.0032880574,0.073785774,0.056140047,-0.10081269,-0.059206657,-0.04943243,-0.0071394574,-0.071180366,0.08442336,-0.08068491,-0.05884332,-0.015278455,0.015364254,-0.071115896,0.054384388,-0.031954315,-0.032377064,0.022403125,0.0773033,0.0026396504,0.042221166,-0.010009202,-0.09082192,-0.0655507,-0.05296396,-0.028531695,-0.078303084,0.098761775,-0.07364648,0.07540503,-0.040140685,0.07549632,-0.013389253,-0.0018911061,0.08130635,-0.07280288,0.0029023697,0.05492497,0.087971315,-0.05049099,0.082683034,-0.09393002,-0.0040294724,-0.048894968
0.071868725,0.086859465,-0.007751538,0.09494379,0.059484884,-0.011618195,0.019635603,-0.0017236486,0.016522605,0.048172392,0.008109729,0.063887164,-0.05939831,-0.01911018,0.09477602,0.06948979,-0.04110987,0.0066705258,0.08209475,-0.074019335,0.08964734,-0.07897447,-0.08387225,0.08698236,-0.047586992,0.0023381517,0.09539985,-0.08739753,0.010672832,-0.0120588215,-0.058412984,0.036097694,0.08150644,-0.0024855614,0.08617353,-0.09437652,0.01267926,-0.07616363,-0.043281447,0.06292936,-0.04832173,-0.005198306,-0.07851765,0.06778637,-0.05823064,-0.028706744,0.07290888,-0.002984313,0.03041154,0.038793113,0.076515764,0.07700876,0.080201305,0.049043912,0.013119791,-0.0023084348,0.043661017,-0.087799504,0.06028347,-0.0710611,-0.008651757,0.0832721,0.058048572,-0.09623369
0.09551594,-0.015411566,0.014026411,0.07430603,0.07135206,-0.093676336,0.0822491,0.09284526,-0.08475741,0.03775412,-0.06493834,0.06658375,0.080379464,0.03398493,-0.00017655922,0.019413114,0.010552114,-0.09269768,-0.082960546,0.016802492,-0.0056863376,-0.07405915,-0.0023496852,-0.07908294,0.03423286,0.012526655,-0.08802003,-0.011952365,0.08580641,0.076614924,0.09028772,0.047850028,0.103597604,0.04383296,-0.084006414,0.08582147,0.0031110006,0.05837924,0.09554127,-0.041403223,0.08013092,-0.060831353,0.09311293,-0.029732313,-0.052494433,-0.049975697,0.023707122,-0.069330454,0.015358107,0.06872844,0.109029904,-0.023073018,-0.03720926,-0.05313717,-0.07116506,-0.018551126,-0.0779831,0.039440904,-0.05078754,0.0870141,0.06284509,-0.011123818,-0.01832587,-0.09420402
0.07748951,0.0033465328,0.08119237,-0.0283806,-0.08895576,-0.0056096874,0.029234992,-0.07495748,-0.08072128,0.08949093,-0.0031543903,-0.07158469,0.056111753,0.06666668,-0.085367076,-0.035004675,-0.05937796,0.039665524,-0.07169379,-0.06476113,0.09258862,-0.059160963,0.079537064,-0.085776865,0.05310274,0.030414462,0.07746841,0.093285166,-0.05786567,-0.020195054,-0.0066263448,0.019569786,-0.01809928,0.06977235,-0.0780268,-0.005265534,-0.07111627,0.023733612,0.06883296,0.0040814197,0.06344006,0.012334324,0.06915081,-0.025458157,-0.08033986,-0.0026453233,-0.060399193,0.08991198,0.07962817,-0.041262325,-0.062384866,0.05870818,0.09375726,0.06625363,0.00042670907,-0.07680292,0.10016279,0.0029795412,-0.07027886,-0.0073975106,0.099003084,-0.05677897,-0.08357287,0.022270279
-0.06890616,-0.06686204,0.08499338,0.035628792,0.017025495,-0.0037410872,-0.009950765,0.087423876,0.05215649,0.062499046,0.015795093,0.101483345,-0.055906333,0.012352503,0.07250194,-0.020909622,0.010386178,-0.09016351,-0.056507394,-0.098405674,0.05013993,0.0028847703,-0.09382959,-0.012554943,-0.09361061,0.06362524,-0.032034203,-0.07309583,0.04846725,0.0047934977,0.061930787,-0.09716608,0.06940742,-0.042323582,-0.060698383,0.070829995,-0.08604185,0.018165004,0.053899657,0.078267746,2.3186509e-05,0.05666093,-0.05992981,-0.08916943,0.0008644098,0.08759389,0.004410738,0.055277582,-0.011434208,-0.09591867,0.096898705,0.007972234,-0.076256976,-0.08876648,0.046179112,-0.020577567,0.079275735,-0.03079605,0.09947312,-0.0028349755,0.008151884,-0.06465389,-0.0513941,0.031565573
-0.061240416,-0.039105937,0.043807354,-0.017708052,-0.056169543,-0.022135401,-0.09341222,0.017038142,0.05983231,0.06969715,-0.03459705,0.06620215,-0.02869392,-0.008572624,-0.0017226778,-0.07740652,-0.051454667,0.010841111,-0.083941415,-0.026195846,0.017184105,-0.0559702,-0.09550605,0.08185214,-0.07724368,0.09389375,0.07197721,-0.0005304974,2.5957735e-05,0.09790756,-0.06165476,-0.07126408,-0.01722078,0.035740722,0.09456699,0.06971051,-0.0009755746,-0.06284312,0.08458524,0.005022395,-0.060003348,-0.092405766,0.029439138,-0.055875517,0.053523548,-0.08961837,-0.07015618,-0.012395832,0.08343319,-0.0122297,-0.057720836,-0.010666525,-0.09621294,-0.07120059,0.082835704,-0.010821658,0.06417797,0.008169828,0.09037544,0.058691278,0.060198996,-0.007843815,0.09234598,-0.00045392546
-0.0570677,-0.01421342,-0.063326985,-0.0020673322,0.00619245,-0.045989983,-0.06042624,-0.0817695,-0.09597814,0.058110084,-0.07064192,0.07645485,0.015382723,0.08692085,-0.01987046,0.092096314,-0.03832662,0.08435974,0.042155497,0.04883935,0.037165634,0.0967076,-0.07829159,-0.087958224,-0.06903797,0.058537208,-0.016459083,0.00187969,-0.036138795,-0.008921206,0.07909617,-0.060589064,-0.067558885,-0.09277108,0.010152245,0.0026751333,-0.07913511,0.049463715,0.050647065,-0.06323473,0.09512847,0.0624118,0.04738239,0.011537438,0.083994284,0.01097455,0.060567204,-0.03707441,-0.06473891,0.08705195,0.010015767,-0.0017919607,-0.08705362,-0.075512424,-0.036794476,-0.096817195,0.1057437,0.053591818,0.061683655,-0.011130687,-0.07321699,-0.054825265,-0.064800814,0.05391749
-0.08806649,-0.012044029,0.012628866,0.030783758,0.02023756,0.00948868,-0.08058121,0.008220638,-0.068648875,0.0028951839,0.060307533,-0.022988686,0.05337788,-0.009136856,0.015742745,0.014352504,0.08260854,0.016491972,-0.044724714,0.0013767425,0.006853602,0.045789648,0.04345148,0.0024693874,0.0023034099,-0.008406069,0.016822757,-0.083581425,-0.08099107,0.07206289,-0.0034597241,-0.009631762,0.013089668,0.06450843,-0.08444963,-0.049258795,0.07787182,0.008576479,0.049389433,0.044099465,-0.044915695,0.013194919,-0.06737902,0.08397614,-0.0241293,0.06532248,-0.0045560207,-0.022049112,0.013140202,0.08585618,0.0423714,-0.0145577425,-0.09889731,-0.013613826,-0.016935132,-0.023318904,-0.1045994,-0.08016819,-0.022052944,0.06933044,0.08682352,0.05962667,-0.026989557,-0.10593342
-0.0775993,-0.027853444,0.07121304,-0.06241859,-0.008317888,0.09544662,0.0073532537,-0.08404055,0.068410605,-0.0022660526,-0.02314209,-0.04539457,0.07867226,-0.07678227,-0.0082994765,0.009791302,0.03916917,-0.058159646,-0.032661747,-0.07723606,0.103030846,0.072987035,-0.018915903,-0.005041795,-0.08199247,0.02956694,-0.05981265,0.028076386,0.05545386,-0.025523212,0.08137866,-0.060892105,-0.092946425,-0.07162342,0.052401867,0.017031489,-0.082733154,-0.008210112,0.0071372814,0.07229382,0.034257144,-0.016937489,0.039555807,0.039283376,0.011295333,-0.09270031,-0.060327336,-0.004368369,0.06225447,-0.061861783,-0.09556599,-0.058148067,-0.007045353,0.041512344,-0.075482436,0.05040036,0.016003538,0.069192454,-0.031962555,-0.06838966,0.10007444,0.02689346,0.035130173,-0.047706418
-0.091760196,-0.07339574,0.009503561,0.024220103,-0.028169783,-0.057323966,0.0060514696,0.066665,0.06843595,-0.059064027,0.039146766,0.10291068,-0.0860519,-0.09533266,0.019773006,0.026443351,-0.059727743,-0.09273764,0.09896908,0.0783984,-0.006193145,0.05590609,0.009997,-0.094376996,0.020863451,0.089698724,-0.029176785,0.023440454,0.04463954,-0.06287246,-0.0017256238,0.058506098,-0.0009117728,-0.060572006,0.05213814,0.08327923,-0.06209405,-0.09554246,0.014292705,-0.0021385695,-0.0012298854,0.08774463,0.09449249,-0.0056065386,-0.0617514,0.048189323,0.020448253,0.09556928,0.08356605,0.07349419,-0.09712829,0.09524373,-0.01744383,0.044309404,0.097582065,-0.042155225,-0.06274541,-0.008073231,0.048837774,-0.008873033,0.1119435,-0.05910561,-0.09881413,0.07251805
-0.07117643,0.07371438,-0.0127237085,0.004744852,-0.051893108,0.08574413,-0.081714325,-0.01040295,0.019605398,0.031369943,0.028010586,0.09272473,0.0046846718,-0.038182642,-0.018412849,-0.08899144,0.007068665,-0.049389265,-0.03642419,-0.07398324,-0.06673492,0.0673112,0.08609327,-0.004631304,0.03231348,-0.011094769,0.0050071455,0.06918228,0.055140212,-0.060468204,0.09718071,0.078933366,-0.07900227,-0.012482063,0.011716761,-0.037135977,-0.08792571,0.037517674,-0.10224186,0.013616004,0.06742534,-0.10478027,-0.075471275,0.036967453,-0.09069888,-0.00017877633,0.0009923403,0.08781515,0.050294198,-0.08782185,0.0011326894,0.082659155,-0.083469205,0.08920727,-0.08449626,-0.09376786,0.075454205,0.064099856,-0.07661439,-0.08200803,-0.06606583,0.009588668,-0.013359,0.08160134
0.08840402,-0.090548165,0.049113356,-0.08653709,0.091096506,0.06286043,0.08033376,-0.06644607,-0.0028959375,-0.028072739,0.070201576,-0.07385937,-0.050724365,0.0049721436,0.025793256,0.06812338,-0.009467251,-0.03768466,0.040620133,-0.07680335,0.09840612,-0.07540783,0.06869895,0.007863473,-0.0003087801,0.07591381,0.04299742,0.001741997,0.014020621,0.0960806,0.069939524,-0.06379146,0.0741677,-0.019045133,-0.10088622,0.02887013,0.011468759,0.02940035,0.044270515,-0.06679369,-0.09940716,0.009831794,0.014646904,-0.011573227,-0.024752418,0.05992401,-0.07280464,-0.09512505,-0.0069634193,-0.016720388,-0.049836032,-0.039949242,-0.071211584,-0.06482677,0.049662698,0.05651712,-0.05044936,-0.023953127,-0.036258906,-0.08641787,-0.04841274,-0.0643727,-0.026900666,-0.08353225
0.035719674,0.0029142927,-0.04983591,0.06716609,0.0137410285,0.059463132,0.043804586,0.004647099,0.022210047,0.047362294,-0.09104001,0.069894254,-0.007830291,-0.071501285,0.0909356,0.0762764,0.01607481,0.067548506,0.072136045,-0.06421857,0.05071572,0.06327816,-0.07520212,-0.052364033,0.011856899,-0.012754079,-0.0689401,0.057629205,-0.013615001,-0.036089137,-0.028059544,0.0057492456,0.089079924,-0.00986735,0.095429145,0.072606005,-0.066402465,0.08360194,-0.027295534,0.08333754,0.06208026,0.08906196,0.040487766,0.093999445,-0.050427873,0.015486666,0.018872172,-0.06329857,0.033014946,-0.09360593,0.05943619,0.09383063,0.10737283,0.0017925866,-0.057482105,0.06277045,0.0790923,0.0144479545,-0.014515913,-0.073629186,-0.09321506,-0.06795847,-0.0528566,-0.014724676
0.060404275,-0.0025553727,-0.08303858,-0.021816665,0.009662918,-0.09890509,0.0024748403,-0.08359784,-0.080610186,0.009476759,-0.069756396,-0.0882405,-0.056044944,0.0504858,0.060451142,0.0028077697,-0.0072767707,0.056361947,-0.086739846,-0.07025781,0.03913284,-0.009652487,-0.069539584,0.09963665,0.091489196,-0.09735882,-0.059443653,-0.09307872,-0.06112143,-0.08532848,0.074720636,-0.057811633,-0.0007264104,0.05787772,-0.05889628,-0.06318653,-0.07393712,0.0628975,-0.09606442,0.07871063,0.10130882,-0.018652631,-0.06531924,0.059510387,-0.07892321,-0.07717133,-0.098130584,0.026509749,0.05039135,-0.09208699,0.08057629,0.012798157,0.06628404,-0.027866669,-0.10005584,0.035583287,-0.09078078,-0.0066788774,0.0461666,0.08945213,-0.066430196,-0.04964075,0.067343704,0.05260207
0.034887865,-0.050620522,-0.070681095,-0.08507842,-0.00094346754,-0.08986688,-0.08098621,0.0058152163,0.010523252,-0.033275273,-0.069289684,-0.059133615,0.014242879,-0.035675563,0.0046715178,-0.01919488,-0.06995021,-0.035409205,0.011842795,-0.013772649,-0.09232191,0.005822414,0.016504707,-0.06427541,0.08617107,0.012809815,-0.023826927,0.08460521,0.0727834,-0.015753366,-0.0040308367,-0.004943312,0.042369727,-0.07286633,-0.048042778,0.008991814,-0.06476425,-0.07839089,-0.10176126,0.052487098,-0.057906978,-0.068593584,0.018009888,0.00774254,0.049345307,-0.091934815,0.060906608,-0.06143716,-0.046567373,-0.0400002,-0.013308926,0.07061443,-0.05214955,-0.058843978,0.014059896,0.07278183,-0.068295114,0.019850617,0.08645003,0.047249995,0.03837898,-0.0024754626,0.004962032,0.08672767
0.0076744007,-0.099698335,-0.016851068,-0.06907864,-0.05902419,-0.08903282,-0.066150345,0.034158166,-0.06170283,-0.10017383,-0.098216645,0.0030350392,-0.07590206,-0.009980579,-0.070849456,0.08207567,0.048657592,-0.052371107,0.050001077,0.073512524,0.08109045,-0.072297126,-0.10519349,0.086905986,0.05772275,0.005122499,0.053332623,0.08677277,0.018950226,0.09197495,-0.08391344,-0.05749714,0.08770894,-0.080716096,0.00065793615,-0.064147,0.09955538,-0.09639341,0.0047372854,0.027118051,-0.08770954,0.033969272,0.06663086,-0.034992404,-0.0588482,0.055507887,-0.058251917,0.06303056,0.058620803,0.006479004,0.021502258,-0.007876283,0.008388799,0.007228626,-0.06577866,-0.08123654,-0.06726777,-0.046857588,-0.07441507,0.04394914,0.070308685,0.011141083,-0.0772922,-0.06279527
0.06665921,0.051174577,0.06264229,-0.014865848,0.015882336,0.067851976,0.012384212,-0.08948414,0.06810226,-0.005214506,-0.075262636,-0.085034125,-0.011460616,0.07945689,0.010578545,0.0025382938,-0.00054827816,-0.05292468,0.009905064,0.092643455,-0.07091478,-0.09818812,-0.09457216,-0.07633758,0.07610686,-0.00550604,-0.092816934,-0.068722695,0.0148509,-0.011449412,-0.09372154,0.074633844,0.09172499,-0.07524514,0.062364705,0.0056869546,-0.018623022,0.04172521,0.077223904,-0.04244144,-0.009399168,0.0070043304,0.084154144,0.012496888,0.03887527,0.00326821,-0.04888843,-0.07108229,-0.08579281,0.015268878,0.098171376,0.05286003,-0.08764587,-0.012194571,-0.10917664,-0.07096109,-0.06812499,0.016584847,0.05022627,0.0049558026,0.058564734,-0.084964156,0.0036249557,-0.07622457
-0.06711996,-0.050916016,0.10272957,-0.04547469,-0.05089276,-0.096889965,-0.07654636,-0.064228244,-0.0073744226,-0.0824436,-0.08001749,-0.008639691,0.068883836,0.07168803,0.028895602,0.06351137,0.053136498,0.008074775,0.06316012,0.04645293,0.06492322,-0.07199864,-0.0025096238,-0.06972441,-0.05845026,0.06361307,-0.0113891335,0.05468953,0.09795868,0.00096276717,-0.068454176,-0.09380265,-0.07936254,-0.10092031,-0.015111239,0.022706706,0.015640149,0.02812116,-0.048192862,0.008454931,-0.038083147,0.0054407194,0.08218178,-0.007277001,-0.0743438,-0.08126744,0.05851678,-0.0046349773,-0.053632062,0.06744843,-0.087102085,-0.089866064,0.06598186,0.05592293,-0.0010704679,-0.07259591,0.06634278,-0.08564302,0.0104887895,-0.0788488,-0.08662372,0.086121395,-0.070083134,-0.008302754
0.0892793,0.048324917,-0.0077649676,-0.07734395,0.07623877,-0.07025832,0.01799838,-0.10385543,0.06328611,0.05429944,-0.05764813,-0.02099795,0.002581696,-0.09912264,0.011916336,-0.08611607,-0.102367096,0.059856806,0.10298819,-0.003430974,-0.08658327,0.08644259,-0.087558344,-0.069915295,-0.044986144,0.0060283565,-0.060313705,0.0756816,0.032647055,-0.03812299,-0.08912281,-0.022318479,-0.03558958,-0.098602965,0.06933515,-0.10961502,0.07280331,-0.055068236,-0.08026061,-0.059029255,0.07114076,0.04185916,-0.035809975,0.053038083,0.079578735,0.036266718,0.060778763,-0.06474172,-0.082353,-0.077693395,-0.09633366,0.105095275,0.04707627,-0.008209929,0.08022309,-0.09018468,0.07552732,0.02217345,0.060452078,-0.04989248,-0.10169803,-0.039394442,-0.06483732,-0.008615253
0.091438785,0.08261027,0.03418404,-0.054552305,0.04789367,0.078367814,0.08594413,-0.03641318,-0.104205616,-0.09649626,-0.045651585,-0.098788895,0.07228708,0.09575457,0.06573806,0.05249783,-0.10528098,0.0093915695,0.08376242,0.007822631,-0.0752234,-0.015411698,0.08583529,-0.071217954,-0.057880297,-0.07561665,-0.06956699,-0.10361589,0.03210581,0.075070776,-0.01032741,-0.06592183,0.065645225,-0.0888575,-0.023384333,-0.00549318,-0.089228004,-0.05849854,-0.035700694,-0.036621913,-0.09225959,0.09814752,0.029652532,-0.01631256,-0.07726408,0.00022068413,-0.06734189,0.0026164632,0.094176956,-0.02600941,0.08473218,-0.0041351025,0.10220052,-0.012666141,-0.07622408,0.060019318,-0.0050315834,-0.063150875,0.023899343,0.08316331,0.106701545,-0.06857166,-0.06249652,-0.0057222815
0.015954472,-0.09444481,0.06787392,0.094150215,0.08402224,0.08025144,-0.06732919,-0.06445947,-0.10478323,0.09630071,-0.06313011,-0.0620014,-0.07177774,-0.027722614,0.094053715,-0.08277514,-0.07616842,0.06250824,-0.08301373,0.092875384,0.1064088,0.06214944,-0.05328504,-0.1008665,-0.07567392,-0.03615393,-0.05153154,-0.047179386,-0.010261102,-0.0067556566,0.013666226,-0.060540985,-0.10476366,-0.08578824,-0.08859226,-0.06895052,-0.074690446,0.0646364,0.071799815,-0.08470349,0.08155032,-0.00035572314,-0.0664988,-0.008516695,-0.0852121,-0.086728,-0.008187699,-0.07348843,-0.07590832,-0.097215734,0.09523404,-0.0940199,0.0031329326,0.005369359,0.09640246,0.045654558,0.08287702,0.05243201,-0.10074281,0.01639668,0.011949449,-0.0021310486,-0.009429726,0.07243596
0.071532376,-0.08780692,-0.01549019,-0.043705426,0.05263173,0.058598265,-0.02454127,-0.014320456,0.06570327,0.07756497,-0.084121644,0.050320826,0.063467234,0.0013939096,0.05522925,0.085918784,0.02832718,-0.043909315,0.05137992,0.04645922,-0.010357827,0.06991286,0.0683784,-0.045737643,0.032676555,-0.021962639,0.07947206,-0.03827542,0.09676223,-0.09823915,0.09360674,-0.009079594,-0.081479535,0.006387508,-0.012677406,-0.06660613,-0.009907859,-0.05994688,0.070493706,0.019302921,-0.06418799,-0.03543234,-0.02765424,-0.046042558,-0.06426529,0.049901772,-0.05802995,-0.036678653,-0.07901016,0.023311986,0.062991254,0.009531755,-0.06917372,-0.016394842,0.012156914,0.06566663,-0.06295701,-0.08494706,0.04508505,-0.07176,-0.041572314,0.076716684,0.10582543,0.05724752
-0.018165216,0.08422663,-0.03451067,-0.0467544,0.009459403,-0.05590074,0.06052883,0.01545525,0.048505206,-0.017319249,0.07356852,-0.008915712,-0.08040757,-0.0018310378,-0.09225621,0.043496538,0.017097536,-0.028961629,0.016772961,0.065213904,0.067212865,0.005116,-0.020433575,0.06307256,0.07971828,-0.006867296,0.06780294,-0.0917058,0.088352785,-0.087257326,0.09423948,0.072126955,0.061874215,0.018749086,0.061554637,0.094799004,-0.012253989,-0.036801383,0.08507323,-0.07658285,0.08536259,0.07222863,-0.003402098,0.09307918,-0.014682538,0.049794197,-0.07527212,-0.0015702903,-0.08710627,0.046436816,-0.09680674,-0.020019341,-0.057940856,0.09373878,-0.075965054,-0.04512001,-0.0041538263,-0.01496972,-0.00186922,0.08318578,0.08260697,-0.06948455,-0.008008466,0.00095782004
0.057595525,-0.08642868,-0.027484355,0.0025411912,0.03696989,0.023464516,0.016000513,-0.011838663,-0.083337866,-0.088038474,0.037403475,-0.06816725,-0.03352499,-0.023939455,0.08123355,-0.041358437,0.08938649,-0.012518882,-0.08638765,0.064022124,0.03409726,-0.075666346,0.0034881402,0.03638216,0.08177928,-0.011773802,0.059811916,0.0075013223,0.044879567,-0.021120759,0.002001349,-0.09139934,0.011572822,0.061775565,0.01670279,-0.006932869,-0.00239983,0.037749764,-0.062365472,-0.026026614,-0.03400648,0.07553516,0.08307738,-0.05292304,0.031439357,-0.025029685,-0.044093728,0.04140391,0.030606262,-0.07710536,-0.021477468,-0.078433245,0.008794691,-0.0014556802,0.08497746,0.06111168,0.009353093,-0.050040238,0.030741118,0.0470242,0.07620908,0.08015583,-0.06412695,0.0005457743
0.05356545,0.08610697,0.030980973,0.006871906,-0.0758362,-0.025431396,0.05642426,0.006140347,0.008449692,-0.008767151,-0.04103,-0.09642619,-0.043775402,-0.08023768,-0.08731172,-0.07534924,-0.035077684,-0.014558193,0.04351114,0.0123196645,-0.04702995,-0.02434767,0.037581187,0.053300954,-0.02976899,0.10317551,0.026103279,-0.059031554,0.065111615,0.050540324,0.011824846,-0.014002585,0.088715196,0.08888763,0.040155474,-0.076445654,-0.034523696,-0.009007123,0.07923196,0.0010805787,-0.10051116,0.0903411,-0.011545459,0.006191802,-0.0061472277,0.041446246,-0.09373428,-0.07884287,0.07252516,-0.082832836,0.03753143,0.090765275,-0.01577656,0.058711246,-0.015909748,0.07143115,-0.02175591,0.06650934,0.084101975,-0.0020740714,-0.027513672,0.010738192,0.09754146,-0.063353926
-0.08350653,-0.08367067,-0.07485792,-0.004904473,0.09697514,-0.101209566,-0.10366893,-0.07356617,0.07459875,0.065906495,-0.01757041,0.043179438,-0.001721739,0.07015918,0.09042309,0.014605743,0.051523153,0.10348737,-0.077739246,0.028050927,-0.07844668,0.063279845,-0.0015270882,0.06907576,-0.006708746,-0.0655447,-0.077297986,0.0057016197,-0.09168098,0.008415618,0.0898909,-0.08127628,0.0657158,-0.060952205,0.012018844,-0.08136243,-0.022179324,0.09241433,0.030118065,-0.07250722,-0.034625005,-0.0005966904,-0.045148343,-0.04628743,0.050412435,0.06309683,0.07872225,0.036398266,0.08661909,0.022236444,-0.08203666,0.06619628,-0.0063138506,-0.056449924,0.06926546,-0.020831492,0.018022723,-0.04525546,0.06838358,0.005945937,-0.0822346,-0.014467928,0.015186584,-0.09343835
0.09785243,0.09716409,-0.021365937,-0.008966786,0.0026268556,0.07380195,0.027538318,-0.030982548,-0.092218734,-0.04334367,-0.05721087,-0.06800447,-0.008120741,0.04756425,-0.014092948,0.0650495,-0.05733782,0.067370564,0.024644904,-0.050267175,-0.091722526,0.048389524,0.0053354492,0.014601757,-0.06640588,0.06170285,-0.088179596,0.09327492,-0.09346973,-0.033761926,0.09245001,-0.05665445,-0.004067057,-0.06428919,-0.049369372,-0.009689421,0.01176714,-0.031123206,-0.007202746,-0.0009950971,0.071665354,-0.100150175,0.0900185,0.03345798,0.06896739,0.060233,-0.07693836,-0.0701567,0.021361997,-0.045275033,-0.07037864,-0.08968781,-0.0901032,0.026073735,-0.035259392,-0.031721458,-0.031102762,-0.016075328,-0.01595152,0.017801043,-0.06843295,-0.08881397,0.02929523,0.031199966
0.09728236,0.03856422,-0.06750876,-0.046359107,0.022365874,-0.021473069,-0.095547065,-0.012256951,-0.027868431,0.07001024,0.00069364946,0.07094818,-0.0876878,0.025549985,0.1012249,0.09784987,-0.029775666,-0.050812613,0.06278964,0.0061718067,0.059308194,-0.060030587,0.049771383,0.0013557188,0.02792157,-0.048592106,0.008558133,0.0059424886,-0.098052785,0.056550305,-0.08010382,-0.0060795895,0.08448374,0.081054,-0.069063164,0.09690205,0.055776335,0.06067137,0.00039568983,0.044053424,0.0097577255,-0.09069078,0.061471473,-0.08625162,-0.04984649,-0.036622055,-0.040355865,-0.034367807,-0.027401855,-0.08267787,0.0593338,-0.010263351,-0.09069953,-0.11198126,0.06377402,-0.011804222,0.004276244,-0.08603352,-0.023641307,0.08388112,0.017610475,-0.094329126,-0.06554174,0.09882214
0.007748285,0.084708385,0.10636354,0.110223725,0.055568777,0.0637566,-0.044535037,0.05008868,0.07403953,-0.09331672,-0.020483274,0.061221585,0.053687684,0.0741475,0.1016621,0.08979463,0.074897185,0.035127692,0.008443916,-0.09108044,-0.08179623,0.061232813,-0.078196265,-0.0077426448,0.065635055,0.068485565,-0.061196465,-0.033935253,0.0043277713,-0.08763702,-0.008162802,-0.08955389,-0.005578656,-0.00018596272,0.07221023,-0.06199082,0.024917753,0.0013249413,-0.011878165,0.0029804716,0.047089413,-0.032165635,-0.05976366,-0.03114704,0.072523646,-0.0954194,-0.012415607,0.007082001,-0.0852059,-0.011696845,0.06945408,-0.06234657,-0.057744116,-0.038591065,0.042663626,0.07410063,-0.088809475,-0.10739059,0.058977783,0.07727121,-0.08580453,-0.10328098,-0.013649233,-0.0013686651
-0.055972613,0.04704146,0.05592371,0.03022838,-0.094275825,0.10044213,0.10028774,-0.07788362,0.05932242,0.07558593,-0.008219498,0.05627476,0.038637884,0.09591462,0.06776347,0.015829843,0.08992449,0.06929132,0.07695123,-0.058555715,0.09277013,0.10053973,0.0026829655,0.06349723,-0.08039117,-0.012062906,-0.050496034,-0.038242813,0.07761834,0.08108498,0.033563334,0.051601492,0.032120537,-0.06921564,-0.09399554,-0.06798128,-0.05532326,0.06198852,-0.080976136,0.08919642,-0.073639035,-0.06537515,-0.014307223,0.08473601,-0.08206475,0.05186178,0.03810176,0.08020769,0.041941367,0.089121506,-0.065854035,0.070972785,0.06073265,-0.03710864,0.07283847,-0.07570836,0.07939814,0.059974063,0.088865876,-0.016087,-0.05937488,-0.005156075,-0.08053606,-0.06296406
0.06210686,-0.064961866,-0.018247403,-0.05264294,0.016323052,0.07973212,0.011618092,0.06321513,0.004807888,-0.060914047,-0.048790727,0.051662732,-0.031643733,-0.08873779,-0.011989899,0.052152347,-0.091761224,0.07316173,-0.07369108,0.03418861,0.013596216,0.08817895,-0.052840892,0.003991301,-0.06437669,0.052043658,-0.0135415755,0.061158318,0.084651776,-0.095157415,-0.004290101,0.056874882,0.013801554,-0.076225504,-0.02651045,0.07878558,-0.0863325,-0.039408337,0.056299284,-0.03397794,0.011963443,-0.0027227635,0.030792933,-0.07015068,0.009199519,-0.0063349875,0.027489858,-0.052160688,-0.09566476,-0.027157139,-0.07235717,-0.06111241,0.053998053,-0.046601865,0.025120918,-0.034377646,0.00043662227,0.07135995,0.02817695,0.013512984,-0.015993334,0.013096965,-0.030590814,-0.07645039
0.010219026,0.029380217,0.008652527,-0.042507686,-0.047086053,0.05645016,-0.09982949,-0.040213894,-0.048417483,0.0049316343,-0.097313635,-0.043212753,0.03937903,-0.005597705,-0.09482263,-0.010585331,-0.00042661928,0.06508714,-0.052458614,0.06747349,-0.07722423,0.095184915,0.08993671,0.0025015946,-0.006065995,-0.08264937,-0.0035489653,0.021334484,-0.0308648,0.036874983,0.05639455,0.0071512735,0.09462396,-0.02147113,-0.019241475,0.00078557123,0.06972302,-0.04695962,0.098686375,0.090409346,0.032836806,0.016926225,0.08631382,0.082831115,0.04342089,0.06382562,0.07872033,-0.0778552,0.030684471,0.06960721,0.06454168,-0.09341003,-0.07784784,-0.09153817,-0.093500264,0.07084487,0.07343027,0.026489146,0.09692989,0.063008785,-0.046105508,-0.071079776,-0.002791796,0.105948955
-0.07125815,-0.081694275,-0.056073617,0.048339363,0.061590135,0.06968467,-0.059892673,0.07846136,-0.0054987534,-0.07832101,0.06985149,-0.06090468,-0.07573557,-0.07327501,-0.09341438,-0.06917144,0.00078069034,-0.07275065,-0.012204621,-0.048090417,-0.09372068,0.014364664,0.079289824,-0.09265128,-0.06703605,0.09317519,0.08018502,-0.06762667,0.07065249,-0.09239735,-0.060983136,-0.07728877,0.07317314,0.00042953654,-0.008436693,0.09420986,-0.023821928,0.075332455,-0.035725664,-0.0852576,-0.0029481635,-0.059901256,-0.09318113,-0.06736032,-0.056591783,-0.090976305,0.08971355,-0.08491717,0.020586748,0.023533404,-0.08261275,0.05890928,0.095609166,-0.005293132,-0.019084683,-0.011410539,0.09645511,-0.06933709,0.06537102,-0.061785333,0.03848986,-0.06583455,0.020450955,0.028814344
0.08346933,0.0005263992,-0.0410189,-0.079736106,0.09818361,-0.104901716,-0.06497111,-0.002838086,-0.06514483,-0.04805273,-0.0010772077,-0.0048533212,-0.06520644,-0.06825726,0.034882247,0.017407225,0.028899645,0.04703051,-0.10026859,0.0073371017,-0.06972726,-0.096826196,0.012508869,0.098025136,-0.05370978,-0.09879822,0.076745786,0.021556063,-0.034281544,0.06432022,-0.052805815,0.029036514,-0.0030196148,0.028276687,-0.022665912,-0.05946658,-0.0182067,-0.084219374,0.081038296,0.08444506,0.04366184,-0.032710988,0.058895685,-0.083152294,0.054106,0.03370282,-0.009516184,0.064611755,0.09267195,0.06945625,-0.07550744,-0.047824815,0.10051283,0.080593884,-0.041006885,-0.054653917,-0.09378431,-0.002152178,-0.093391344,-0.013226791,-0.099505104,0.08239538,-0.009070265,-0.09681744
0.0060878415,-0.051047653,0.049009502,-0.058756344,0.04639072,0.052838407,-0.047420964,-0.08416043,0.011292491,0.062327668,0.009691585,0.001954069,0.036312696,0.085511476,0.055378754,-0.033536203,-0.039467394,-0.09102795,-0.08770263,0.051008027,0.04942332,0.0037751212,-0.0045776498,-0.033083294,-0.032509163,-0.035058275,-0.06997291,0.030459795,0.08722141,-0.017582076,0.08860356,0.026599698,-0.0516258,0.02191954,0.049441233,-0.06632041,-0.07518504,0.036001027,0.081166156,-0.0524529,-0.08342602,0.07724169,-0.0888351,0.007865513,0.0008612544,0.09344967,0.07811294,-0.043330587,-0.061800543,-0.059902076,0.07802156,-0.08157185,0.09798836,-0.010870359,0.09230113,0.0024226536,0.07456663,0.0068492047,-0.015183388,-0.040113535,-0.083193764,-0.06808088,-0.06496745,-0.0062783253
