backdoor,ddos,dos,injection,mitm,normal,password,ransomware,scanning,xss
0.00069561764,4.8701254e-06,0.0008288037,0.0027115576,0.9894252,7.7328965e-05,6.771452e-05,8.276386e-06,0.0001925319,0.0059880354
0.00201033,8.623329e-06,0.0016598492,0.0067327,0.97347236,9.696668e-05,0.00010615008,9.755555e-06,0.00049018604,0.015413142
0.0021921853,1.1546056e-05,0.002108035,0.0073337997,0.96610916,0.0001359364,0.00013101418,1.3611587e-05,0.0004589961,0.021505771
0.00056588557,7.023893e-06,0.0011749327,0.0019509663,0.98937654,9.28758e-05,9.574324e-05,1.8742498e-05,0.00011343321,0.006603773
0.00012362466,7.2619177e-06,0.0009315626,0.00061073096,0.9962154,1.36845565e-05,8.6948894e-05,5.421827e-05,2.7620297e-05,0.0019289341
0.00010332245,6.913933e-06,0.0010352465,0.0006130706,0.9955604,1.0727142e-05,0.00010349553,5.2531926e-05,6.7360015e-05,0.002446921
0.00014806761,3.955148e-06,0.0013923256,0.0010567267,0.9939075,1.4594015e-05,0.00012104766,2.2701775e-05,0.00010067305,0.0032324768
0.0005367523,3.3711606e-06,0.0022002403,0.0017734428,0.9891537,2.1376954e-05,0.00014162782,1.4143973e-05,0.00026126622,0.005894037
0.0016138435,3.902914e-06,0.0028654637,0.0016238671,0.9882664,8.82767e-06,9.470922e-05,2.007333e-05,0.0004741073,0.0050287507
0.002001305,8.290958e-06,0.0037630387,0.0021034179,0.9858861,1.25202505e-05,7.2265975e-05,1.836632e-05,0.00056179124,0.0055728867
0.0012299925,8.69761e-06,0.0013887791,0.0013437058,0.9924183,2.7930388e-05,0.00010319781,7.307866e-06,0.00046448168,0.0030075875
0.00044526425,1.0023737e-05,0.0005697803,0.0009296389,0.9956156,2.4075911e-05,0.0001544359,7.1033796e-06,0.00028343083,0.0019606235
9.998095e-05,7.5269013e-06,0.00066895364,0.0012709717,0.996269,2.4092999e-05,0.00030108422,8.165793e-06,8.1160324e-05,0.0012689945
2.8853032e-05,4.1684752e-06,0.00036387006,0.0018123704,0.9966299,2.5750109e-05,0.000639034,7.805999e-06,3.1476546e-05,0.00045678127
1.9279089e-05,4.3353893e-06,0.00025966993,0.0035083503,0.99453187,3.1932013e-05,0.0010023172,1.3077953e-05,2.5027919e-05,0.00060404354
1.2623471e-05,6.7165242e-06,0.000694013,0.013368102,0.9816598,9.4777766e-05,0.002881736,9.550713e-06,2.0407544e-05,0.0012523135
2.4385708e-05,3.6333442e-06,0.0012016055,0.010567088,0.9836322,0.00015766139,0.0032484075,3.9387255e-06,4.2828266e-05,0.0011182285
5.8118178e-05,2.784779e-06,0.0019628988,0.010844234,0.983461,0.00021325388,0.0020847027,3.9534984e-06,8.316697e-05,0.0012858594
0.00015903823,2.7807528e-06,0.0016243143,0.01134993,0.98358846,0.00018086164,0.0019184183,3.5601522e-06,0.00010087761,0.0010717623
0.00029808292,4.091243e-06,0.0008055042,0.011721796,0.9844424,0.00010186737,0.0020962704,2.008877e-06,8.056745e-05,0.0004473413
0.00050008245,5.770999e-05,0.00056101783,0.42709735,0.4752553,0.00031374543,0.09414943,2.5962477e-06,0.0001842726,0.001878491
7.083744e-05,4.7606653e-05,0.00013223907,0.80862033,0.026602423,8.85099e-05,0.16258883,1.8299128e-06,9.058941e-05,0.0017567489
4.751839e-05,4.027644e-05,0.00010224112,0.7859678,0.024857625,0.00012287905,0.1880028,1.833779e-06,5.710718e-05,0.0007998462
1.8450777e-05,3.7092806e-05,7.5887125e-05,0.75194687,0.010516676,0.00020280405,0.23650737,1.7887054e-06,4.8713184e-05,0.00064437627
6.513374e-06,2.3823795e-05,9.2861046e-05,0.3089131,0.0017337756,0.00016684904,0.6885255,4.0047453e-06,6.009476e-05,0.00047343347
4.89074e-06,1.29520095e-05,0.000105968866,0.12678784,0.00047173037,0.000112525835,0.8720836,4.085937e-06,8.889336e-05,0.00032752028
6.6866573e-06,8.433973e-06,7.423748e-05,0.08903742,0.00029355224,6.568432e-05,0.9101216,3.6320243e-06,0.000105127445,0.00028365495
7.1719337e-06,9.5535315e-06,6.859519e-05,0.10822216,0.00025408206,5.8290363e-05,0.8909684,3.747065e-06,9.401547e-05,0.00031403775
5.305961e-06,8.5598795e-06,5.0223443e-05,0.06174842,0.00013883294,6.1805535e-05,0.9376777,3.4015484e-06,7.700455e-05,0.00022882504
4.011493e-06,6.5022723e-06,4.1385534e-05,0.024023622,6.1922554e-05,6.205604e-05,0.9755881,3.065568e-06,5.846858e-05,0.00015084588
3.4086847e-06,2.6401753e-05,4.9074555e-05,0.015427842,2.0663614e-05,4.9859867e-05,0.9842503,5.213938e-06,6.0041566e-05,0.000107199616
2.60069e-06,0.000101140045,7.030845e-05,0.01665276,1.2144916e-05,4.481566e-05,0.98290515,6.2896406e-06,6.678494e-05,0.0001380372
1.3778108e-06,0.00019890867,0.00021813806,0.005420932,3.4117145e-06,9.876639e-05,0.9937761,1.6454347e-05,0.00015225152,0.00011371694
1.8512554e-06,0.0005132399,0.0014386985,0.0006753688,1.1292627e-06,0.00012933055,0.99551576,0.00014399177,0.0014468193,0.00013377232
5.5725764e-06,0.00027064604,0.0005486502,0.00032577448,1.5723507e-06,0.00010423275,0.99672014,0.00010460588,0.0018674294,5.1339244e-05
1.2328437e-05,0.00033632538,0.00031070682,0.00027286945,1.8112014e-06,0.00010515822,0.99611205,4.526778e-05,0.002751299,5.2179763e-05
1.23155705e-05,0.002007752,0.0007923277,0.0003736919,5.5134356e-06,0.00015456819,0.9906346,0.00013547226,0.005805663,7.8030134e-05
1.5890391e-05,0.004434542,0.0010307595,0.00023208983,7.405395e-06,0.0005137604,0.98291403,0.00031334686,0.010456567,8.1616e-05
2.1426225e-05,0.010902045,0.0011275278,0.00015615311,7.6967535e-06,0.0011632534,0.9699504,0.0005942768,0.01600057,7.668901e-05
2.0960852e-05,0.014918201,0.0013493818,8.67548e-05,7.50991e-06,0.0018458845,0.9613254,0.0006692591,0.019695794,8.078228e-05
9.279872e-06,0.8385206,0.002106758,0.0006393733,4.688476e-06,0.0020365373,0.14990687,0.00019771201,0.0063579134,0.00022023599
8.209796e-06,0.9883428,0.0020125892,0.00014341049,1.753979e-07,9.017675e-05,0.00032771064,1.2884462e-05,0.0070312214,0.0020308224
2.6062717e-06,0.9951821,0.0007012479,0.00025646077,1.1037916e-07,2.7400018e-05,0.000120085715,4.624128e-06,0.0017645162,0.0019408005
2.211705e-06,0.9970049,0.0004367444,0.00023927762,7.486091e-08,1.9523488e-05,0.00012635719,5.413024e-06,0.00069962326,0.0014657951
1.3347094e-06,0.99791485,0.00020995963,0.0004563202,1.3285012e-07,1.3812055e-05,0.0001301808,2.5571262e-06,0.00024110796,0.0010298115
1.359575e-06,0.9980683,0.00019281523,0.00075127813,8.4351406e-08,2.78912e-05,9.149876e-05,1.7096726e-06,0.00021490284,0.0006501628
3.3653635e-06,0.99033093,0.00059324893,0.007831196,6.7759976e-07,2.2904036e-05,1.4671098e-05,2.8574714e-06,7.914129e-05,0.0011210318
1.7356363e-06,0.9944174,0.0004498969,0.0039509237,2.567036e-07,4.050086e-05,9.777897e-06,3.4999182e-06,5.034475e-05,0.0010756804
1.5424445e-06,0.9894163,0.00071235903,0.0053723855,2.7214313e-07,0.00018503089,7.2419307e-06,6.930474e-06,8.702123e-05,0.0042108214
1.7663194e-06,0.99276114,0.00037319952,0.0028037413,2.5379015e-07,0.0002545507,3.6526426e-06,8.019197e-06,5.894499e-05,0.003734749
2.859817e-06,0.9966974,8.153378e-05,0.0010835873,3.301823e-07,0.00023804254,2.3988068e-06,4.6530786e-06,3.3995817e-05,0.0018553567
3.943615e-06,0.99854004,8.709847e-06,0.00038233728,9.830383e-07,9.0205496e-05,1.7456614e-06,4.7573203e-06,1.8662218e-05,0.00094864727
4.167266e-06,0.99951196,6.70939e-06,0.00023703939,2.6963871e-06,4.1814335e-05,1.2536641e-06,1.8237971e-06,8.5829715e-06,0.00018398974
3.962561e-06,0.99966395,8.132896e-06,0.00016933294,3.9226006e-06,3.3174638e-05,1.4323676e-06,1.777519e-06,8.448603e-06,0.00010589865
6.705304e-06,0.9997781,8.248939e-06,0.00010689514,8.50326e-06,2.5196081e-05,1.7368342e-06,2.7666003e-06,9.718301e-06,5.2188774e-05
4.3016776e-06,0.9996948,1.2362377e-05,0.00012778853,1.2342385e-05,5.973778e-05,2.2921265e-06,2.2540178e-06,1.0873269e-05,7.3257754e-05
4.3458163e-06,0.9994779,3.7680617e-05,0.00020356975,1.9364863e-05,0.00013981367,4.027373e-06,1.5438122e-06,1.1583221e-05,0.000100194855
4.0019227e-06,0.99917454,6.868325e-05,0.00016234638,3.0507847e-05,0.00041934848,5.606532e-06,2.9813625e-06,1.5338452e-05,0.00011656905
3.0240935e-06,0.99742115,0.00016465267,0.00050284684,2.1348244e-05,0.0012712663,7.915969e-06,3.9483616e-06,1.4899512e-05,0.0005889635
9.69345e-06,0.98280555,0.0005611992,0.0016623273,0.00018714031,0.009542289,2.403173e-05,1.0811062e-05,4.985353e-05,0.0051471097
6.515886e-06,0.2524525,6.655535e-05,0.0005158221,3.3301916e-05,0.7452197,3.4532743e-05,2.806599e-06,6.415115e-05,0.0016041697
2.2423183e-06,0.053699855,1.40138745e-05,0.00013752097,3.614417e-05,0.945911,1.7283153e-05,3.0177168e-06,1.008477e-05,0.000169006
2.2597758e-06,0.009480302,4.871095e-06,7.556262e-05,3.4283694e-05,0.9902925,1.06369935e-05,1.4132986e-06,5.827469e-06,9.2457994e-05
1.7912954e-06,0.0019962117,2.0676398e-06,3.677019e-05,1.8195935e-05,0.997849,8.022487e-06,1.0191203e-06,4.2323945e-06,8.2728766e-05
1.6833253e-06,0.0008483736,1.2459955e-06,2.4883047e-05,1.9094114e-05,0.99903667,5.674158e-06,9.92502e-07,3.5956243e-06,5.7862548e-05
1.272312e-06,0.00044793112,1.2945931e-06,1.1105545e-05,4.4050892e-05,0.99944955,5.063131e-06,1.7156492e-06,3.5956014e-06,3.44111e-05
1.486924e-06,0.00048549697,3.704801e-06,1.04670025e-05,0.00011249342,0.9993186,7.298961e-06,2.1298897e-06,4.9435685e-06,5.3369e-05
1.4001021e-06,0.00024147912,2.7461701e-06,9.379169e-06,6.19731e-05,0.9995883,7.2286975e-06,1.3868647e-06,3.9888805e-06,8.219504e-05
1.1075527e-06,0.00011249395,1.8300365e-06,7.177281e-06,3.075088e-05,0.9997552,4.89436e-06,8.195903e-07,3.8135597e-06,8.184852e-05
1.4407765e-06,0.00014310975,4.296108e-06,5.832347e-06,8.538207e-05,0.9996667,6.1382525e-06,1.8232569e-06,5.4233888e-06,7.984104e-05
1.6284375e-06,7.4946176e-05,3.8079545e-06,5.365679e-06,6.975121e-05,0.99972624,7.5849407e-06,1.270221e-06,5.4118536e-06,0.000103985796
1.619303e-06,0.00012410314,5.8812084e-06,7.870467e-06,4.099835e-05,0.9997049,7.960819e-06,9.998782e-07,3.2044104e-06,0.00010245399
2.529272e-06,0.00028903488,9.760633e-06,1.2406512e-05,2.3165181e-05,0.9991266,9.307071e-06,1.8763142e-06,5.8693536e-06,0.00051944895
7.4742775e-06,0.00083205715,5.4061034e-05,4.9594575e-05,5.4599786e-05,0.9940181,2.2193719e-05,8.794966e-06,1.823211e-05,0.0049348637
2.1265587e-05,0.00059155776,9.80466e-05,0.00010403566,9.077606e-05,0.98936206,5.271481e-05,1.0101198e-05,4.1515825e-05,0.009627923
2.8521024e-05,0.00041642826,0.00020381296,0.00011861466,0.00015463617,0.9872639,7.8684825e-05,1.6820311e-05,6.194847e-05,0.011656527
6.3262814e-05,0.00043447406,0.0008681459,0.000116455274,9.569816e-05,0.92785615,0.00011465964,3.6674974e-05,0.00019321496,0.07022141
0.00015297058,0.0003282326,0.000934916,0.00011167354,0.00013475887,0.9006701,0.00013613596,0.00011630652,0.00030538073,0.09710951
0.0013129626,0.00039969964,0.0028530222,0.00025526405,0.00025514577,0.5361127,0.00041269904,0.00029721326,0.0012611541,0.45684013
0.0020432007,8.995868e-05,0.002116254,0.00024487844,7.0429676e-05,0.033831324,0.0004406822,0.00011244385,0.0009564529,0.96009433
0.0009068643,1.3459103e-05,0.0008343584,0.00010038321,1.0988427e-05,9.2515016e-05,0.00016620797,4.3679665e-05,0.0001561579,0.9976755
0.00055763096,9.834482e-06,0.00034079887,0.00010667031,1.8848991e-06,3.0021507e-05,0.00013920115,2.3664885e-05,0.000120111916,0.9986701
0.00029601922,9.21715e-06,0.00014558401,0.00011697046,6.529438e-07,2.7584145e-05,0.00013204855,2.861426e-05,6.725349e-05,0.9991761
0.00010728491,1.0340299e-05,5.5615594e-05,0.00014296314,2.405308e-07,2.487786e-05,0.000106422194,3.922989e-05,2.9944395e-05,0.999483
4.0566374e-05,1.847604e-05,3.2445943e-05,0.00020912358,1.4261634e-07,2.3886116e-05,7.3512754e-05,4.2246244e-05,1.2876256e-05,0.9995467
2.7535472e-05,2.4397032e-05,9.5074654e-05,0.00019256464,1.399177e-07,1.4468347e-05,3.4347922e-05,3.7606176e-05,1.1678974e-05,0.9995622
3.2962478e-05,1.7007436e-05,0.00011530036,0.00019563915,3.9193182e-07,1.688305e-05,2.2449069e-05,6.35583e-05,1.0352993e-05,0.9995254
2.3546896e-05,1.0158765e-05,4.4555738e-05,0.00021707616,2.0042181e-07,1.0973511e-05,1.7511804e-05,0.00010891515,9.078881e-06,0.99955803
1.5305268e-05,1.5027641e-05,2.8861314e-05,0.00022720067,2.0244552e-07,9.502296e-06,1.3415958e-05,9.423859e-05,6.056223e-06,0.9995901
1.0554328e-05,1.7781738e-05,2.2447935e-05,0.00019174906,1.986494e-07,1.1015451e-05,1.2501438e-05,0.00011290205,4.7781923e-06,0.999616
5.380977e-06,2.1254717e-05,1.6050039e-05,0.0002334678,2.632606e-07,1.2962166e-05,1.6067022e-05,0.0002480275,3.0056724e-06,0.9994436
4.705975e-06,2.3267457e-05,1.4380369e-05,0.00032279445,4.1480342e-07,1.0704096e-05,1.6172507e-05,0.00026229615,2.8952304e-06,0.9993424
4.072976e-06,2.3990295e-05,2.335792e-05,0.00032612914,9.780533e-07,9.218147e-06,1.4429796e-05,0.0002014945,2.7201927e-06,0.9993937
4.6217315e-06,2.8133147e-05,4.4609897e-05,0.00031522644,2.5465108e-06,9.0638705e-06,1.4803596e-05,0.00017654714,2.8303941e-06,0.99940157
6.144707e-06,4.305766e-05,8.1279846e-05,0.00049712934,1.0594912e-05,1.0876428e-05,1.9316356e-05,0.00017881405,2.5883896e-06,0.99915016
5.952779e-06,6.375795e-05,0.00011557104,0.0010031248,3.7159763e-05,2.333594e-05,5.3796084e-05,0.00037779324,2.2374284e-06,0.99831724
1.0047579e-05,0.0001435773,0.00033204193,0.0014670608,0.00041153107,6.596495e-05,0.00015020909,0.0009896227,2.9668086e-06,0.996427
1.5739057e-05,0.0003093768,0.00042988567,0.0020842692,0.00088569697,0.00017023944,0.00027545894,0.0044889776,2.925815e-06,0.9913374
0.00013007432,0.00067171874,0.0021799642,0.007122719,0.068193585,0.0003187276,0.0024626222,0.023303017,1.6897115e-05,0.8956007
0.0003063273,0.00030842586,0.0031765483,0.014015735,0.7494832,0.00022402122,0.006141449,0.0031337778,3.416996e-05,0.22317639
0.00012741501,2.03936e-05,0.00072899554,0.0026005302,0.9862157,7.934485e-05,0.0018836244,0.00010892223,1.831548e-05,0.0082166605
0.00010150817,7.032449e-06,0.0005120158,0.0021172478,0.9933289,2.7220973e-05,0.0013312693,3.3587585e-05,1.9036097e-05,0.0025222558
7.842154e-05,8.4240755e-06,0.00088361726,0.0031186284,0.9914442,4.8560123e-05,0.0015810936,2.5186846e-05,1.574886e-05,0.0027961486
7.4808275e-05,4.985091e-06,0.0003902006,0.0011829393,0.99661237,8.086414e-05,0.00079652254,1.0087953e-05,8.072548e-06,0.00083908596
4.5294128e-05,4.8144007e-06,0.0003361691,0.00038150736,0.9985299,3.9103103e-05,0.00037353885,9.712965e-06,6.4008154e-06,0.000273638
2.9143102e-05,6.8567783e-06,0.00046517194,0.000286815,0.9986022,7.533316e-05,0.00026338533,9.277937e-06,6.8826107e-06,0.0002549125
2.547792e-05,7.0458486e-06,0.0005955854,0.00023770865,0.99854714,0.00015214426,0.00019617913,9.982686e-06,6.91958e-06,0.00022188706
2.1695441e-05,1.18777625e-05,0.00095563236,0.00043554103,0.99747086,0.00046847117,0.0002917221,1.3185203e-05,6.124612e-06,0.00032493874
1.8892793e-05,7.6521255e-06,0.00063205493,0.00030055793,0.99826956,0.00032997152,0.00025635393,1.1784119e-05,5.319229e-06,0.00016798545
1.4419591e-05,8.961784e-06,0.00067139976,0.0005224823,0.9979729,0.00024109417,0.0004849112,7.29393e-06,3.5455482e-06,7.292097e-05
1.5210059e-05,1.3313495e-05,0.0007235263,0.0008415805,0.9977804,0.000109653505,0.00046784783,3.3622966e-06,4.013767e-06,4.107492e-05
1.2539776e-05,9.788853e-06,0.00079406804,0.0005831185,0.9981888,0.00010789926,0.00022290928,6.643389e-06,3.2029059e-06,7.1043956e-05
7.246003e-06,7.702355e-06,0.0013485504,0.00054380303,0.99755067,0.00025176044,0.00014775778,1.1888483e-05,4.0913255e-06,0.00012659359
9.054858e-06,7.079275e-06,0.0014683142,0.00056475576,0.99730873,0.0002237779,0.00024010774,1.0650688e-05,4.6646123e-06,0.00016293673
1.6564496e-05,2.412705e-05,0.0023269013,0.001173629,0.9950545,0.0003424034,0.000629164,1.0744024e-05,6.0181446e-06,0.00041594953
1.7687169e-05,8.769244e-05,0.0038150207,0.003022286,0.9896039,0.0010603527,0.0014624636,1.3510866e-05,8.343409e-06,0.00090872747
2.088203e-05,4.3095482e-05,0.003565935,0.0022735468,0.9895976,0.0017993359,0.0006710367,1.2892765e-05,2.3733903e-05,0.0019919656
1.7267177e-05,7.3418865e-05,0.0041091624,0.00265611,0.9792045,0.011026341,0.00061904005,2.3880006e-05,4.9743012e-05,0.002220617
1.7081047e-05,0.00013430596,0.004071448,0.0022180073,0.95590985,0.034311686,0.0006054459,6.9707654e-05,5.388784e-05,0.0026085363
8.888569e-05,0.0001475946,0.0012116284,0.00052707223,0.77462447,0.21806756,0.00071983505,0.0027317805,0.000105235136,0.001776042
0.000355118,0.00036725125,0.00041843546,0.0001681454,0.08201459,0.7592357,0.00067721517,0.15249172,0.00074431533,0.0035276113
7.76629e-06,7.493363e-05,4.481338e-05,1.2488569e-05,0.0067947926,0.00484385,4.7236936e-05,0.98812664,1.1886587e-05,3.5665624e-05
3.8064043e-06,3.191066e-05,5.594508e-06,5.7249067e-06,0.0007570503,0.0005480624,1.4463935e-05,0.9986124,3.1344655e-06,1.7847158e-05
2.872836e-06,2.5232215e-05,2.0966384e-06,2.3181017e-06,0.00010443652,9.5678995e-05,4.7562276e-06,0.99975306,1.5530528e-06,8.005444e-06
1.3811393e-06,1.5656755e-05,1.3616342e-06,1.0792862e-06,2.0949436e-05,6.169908e-05,2.7468677e-06,0.999887,2.4034146e-06,5.7469765e-06
2.6971086e-06,3.5167573e-06,7.459299e-07,5.5273426e-07,1.5985571e-06,4.6909106e-05,3.6741142e-06,0.99991775,1.0072341e-05,1.2379528e-05
1.0625446e-06,4.9789905e-06,1.4569446e-06,4.2332633e-07,1.6719904e-06,3.1553893e-05,2.2463755e-06,0.99994063,1.2159471e-05,3.7841837e-06
3.8575476e-07,8.757618e-06,1.7675387e-06,3.9856965e-07,1.981257e-06,3.3998545e-05,1.7533856e-06,0.9999471,2.2056927e-06,1.6975379e-06
5.598398e-07,1.5337184e-05,1.2623264e-06,3.8240069e-07,1.6999387e-06,4.8020414e-05,1.6569119e-06,0.999928,1.1730937e-06,2.0030443e-06
6.410367e-07,2.9733574e-05,9.4900577e-07,4.7122512e-07,1.0498967e-06,0.00014248872,1.6896347e-06,0.9998191,1.187866e-06,2.794302e-06
8.2178786e-07,3.5091318e-05,8.631306e-07,7.166997e-07,1.0464958e-06,0.0010085494,3.0839994e-06,0.9989421,1.6981281e-06,6.036134e-06
1.7209071e-07,6.642975e-06,2.5048307e-06,2.2694687e-07,8.1487076e-07,9.1328606e-05,1.1948403e-06,0.9998939,9.7599e-07,2.2029226e-06
2.6126432e-07,4.0257232e-06,1.08250215e-05,2.1279912e-07,5.427961e-07,4.819936e-05,1.8620392e-06,0.99993014,1.2755596e-06,2.6475138e-06
7.268134e-07,5.814399e-06,8.20628e-05,1.9183554e-07,2.892702e-07,5.1916413e-05,3.6305926e-06,0.99984145,7.049211e-06,6.6950574e-06
8.13528e-07,1.1323047e-05,0.00016771804,3.1060242e-07,1.6681348e-07,0.00012981372,6.6441644e-06,0.9996371,1.366749e-05,3.2360527e-05
3.7177273e-07,4.6560363e-05,3.7323065e-05,2.1624583e-06,2.7089607e-07,4.231057e-05,2.8460463e-06,0.9998274,3.6716858e-07,4.0447103e-05
9.1491745e-07,5.8044763e-05,1.2193653e-05,1.0429749e-06,2.9545515e-07,0.0016963051,3.4233103e-06,0.9981927,3.8369e-06,3.1153177e-05
3.5567524e-07,0.00013537638,1.2450202e-05,9.408035e-07,1.1156443e-06,0.0005180337,1.1258664e-06,0.99931645,7.989148e-07,1.3400383e-05
2.609731e-07,0.00013851543,1.5564881e-05,8.806911e-07,2.1243134e-06,0.00062894507,1.7257703e-06,0.9992005,1.0300555e-06,1.0457534e-05
1.3398534e-07,0.00012550602,0.000321487,1.9006808e-06,5.592627e-06,0.0038022138,1.1773003e-05,0.99570376,1.1591634e-06,2.642847e-05
8.524912e-06,2.0440884e-05,0.99096024,1.9524805e-06,1.2242105e-06,0.0024164808,9.31105e-06,0.0065526487,4.525384e-06,2.4586203e-05
1.4233275e-07,2.3273328e-06,0.99956363,8.746012e-07,7.678204e-08,0.00021250022,7.646613e-06,0.00020321207,3.3219187e-06,6.2877907e-06
3.1322955e-08,5.442911e-07,0.999871,1.2202587e-06,5.246388e-08,5.7971378e-05,9.542296e-06,4.4001477e-05,5.832126e-06,9.744848e-06
3.001331e-08,3.954926e-07,0.9998969,1.8205401e-06,4.5728715e-08,3.443093e-05,8.530352e-06,3.0014759e-05,8.932411e-06,1.8745426e-05
2.6849262e-08,2.494136e-07,0.99989104,2.5348306e-06,4.370819e-08,2.8584805e-05,8.484551e-06,5.02718e-06,2.275811e-05,4.1142346e-05
1.1089294e-08,7.225982e-07,0.99980706,1.0399853e-05,4.604369e-08,2.0365691e-05,5.0537624e-06,1.9494098e-06,6.766906e-06,0.00014767764
1.5666282e-08,1.0240246e-06,0.99987125,4.8732363e-06,4.8781736e-08,2.4473517e-05,3.0349267e-06,2.949745e-07,2.0295956e-05,7.46493e-05
2.4022079e-08,1.6651323e-06,0.999897,4.0819546e-06,4.3842377e-08,2.3143544e-05,2.0360812e-06,1.7847994e-07,1.5423968e-05,5.635061e-05
4.0109374e-08,2.1708088e-06,0.99994314,2.7565613e-06,2.2722674e-08,1.4385817e-05,1.2911638e-06,2.0402891e-07,6.9825815e-06,2.900956e-05
6.17624e-08,2.3303405e-06,0.9999567,2.224303e-06,1.37935965e-08,9.418081e-06,1.0338969e-06,2.603187e-07,4.131851e-06,2.3825167e-05
3.1091744e-08,3.1143084e-06,0.99993896,2.9094401e-06,1.5638504e-08,9.52882e-06,9.724793e-07,2.332566e-07,2.846687e-06,4.1449737e-05
2.357924e-08,2.951073e-06,0.9999212,4.961839e-06,1.8924997e-08,1.1695989e-05,1.4108883e-06,2.0592348e-07,2.4138521e-06,5.4991753e-05
1.9278605e-08,2.4153132e-06,0.99990547,7.126853e-06,2.161409e-08,1.5197298e-05,2.1071276e-06,1.9307942e-07,2.261198e-06,6.5142194e-05
1.4830675e-08,1.8987782e-06,0.9998982,9.028136e-06,2.4438593e-08,1.8687228e-05,3.1365712e-06,1.8836091e-07,2.1920553e-06,6.665071e-05
1.0367965e-08,1.4873267e-06,0.999902,1.036294e-05,2.8028127e-08,2.126096e-05,4.543903e-06,1.9824441e-07,2.095935e-06,5.8026388e-05
7.1505126e-09,1.2762155e-06,0.9999149,1.0722277e-05,3.1406348e-08,2.1241978e-05,6.145342e-06,2.5188572e-07,1.8563229e-06,4.3458323e-05
6.369648e-09,1.290001e-06,0.9999348,8.951366e-06,3.4429195e-08,1.8232682e-05,6.8616278e-06,3.9646756e-07,1.5110777e-06,2.7813325e-05
8.269063e-09,1.6365034e-06,0.9999503,6.951589e-06,4.334895e-08,1.4947952e-05,8.079025e-06,6.3992536e-07,1.288575e-06,1.6164577e-05
2.3032223e-08,3.4219768e-06,0.99993205,1.469406e-05,8.7142496e-08,1.2692525e-05,1.7266031e-05,7.9380953e-07,1.9078823e-06,1.7075408e-05
8.0984324e-07,3.9438855e-05,0.9979511,0.00082887,1.682343e-06,3.0410369e-05,0.000993117,1.0597854e-06,3.138297e-05,0.00012212583
6.4944193e-06,0.000495275,0.022474412,0.75995016,0.00017811042,0.000114866736,0.21385595,2.9535447e-06,9.000204e-05,0.0028317752
5.678067e-06,9.144537e-05,0.0048464853,0.6141601,0.00021834584,0.00013179313,0.37929904,1.9412912e-06,5.48559e-05,0.0011902421
5.406205e-06,5.4543187e-05,0.0025634014,0.612869,0.00029559925,0.00016859127,0.38328522,1.7767334e-06,4.0666087e-05,0.0007158272
4.1094236e-06,4.9095655e-05,0.0018984912,0.66758066,0.00036046805,0.00021362396,0.3293282,1.7103678e-06,2.9832145e-05,0.0005338638
3.1434295e-06,4.6815592e-05,0.0017625295,0.69304144,0.00038521597,0.00023721642,0.3040583,1.7575777e-06,2.3925206e-05,0.00043973105
2.8361758e-06,4.206985e-05,0.0018549955,0.67107713,0.0003964671,0.0002274728,0.3259967,1.92627e-06,2.165692e-05,0.0003787843
3.4274965e-06,3.6849233e-05,0.0015924315,0.60647315,0.00043911175,0.00017920294,0.39094874,2.2440502e-06,1.9611001e-05,0.00030528658
6.5675144e-06,2.806192e-05,0.00072478683,0.54247,0.000496114,0.00010511672,0.4558833,2.4128576e-06,1.8368215e-05,0.00026535365
1.788305e-05,1.8417686e-05,0.00018884297,0.44698426,0.0006606739,5.1585506e-05,0.55176586,3.249576e-06,2.456206e-05,0.00028468258
3.1561776e-05,1.6063595e-05,7.678011e-05,0.44181675,0.00077879673,3.5499903e-05,0.55687034,3.597652e-06,3.427387e-05,0.00033637392
3.946826e-05,2.401472e-05,5.29152e-05,0.75778604,0.0008864883,2.5293071e-05,0.24071163,2.333575e-06,3.5993577e-05,0.00043577258
3.1577598e-05,3.7198555e-05,5.1123974e-05,0.77774763,0.00087828323,2.8317634e-05,0.22085421,3.7107231e-06,2.6441092e-05,0.00034153598
1.6524264e-05,8.121257e-05,4.7088106e-05,0.81453115,0.0007498933,3.3694134e-05,0.1842486,4.606468e-06,1.649545e-05,0.0002707688
1.2675197e-05,0.00013260919,4.255081e-05,0.83289963,0.00060175476,3.135849e-05,0.16598532,4.2806646e-06,1.4247246e-05,0.00027555175
1.3056587e-05,0.00023543459,4.3029395e-05,0.80219334,0.00059158687,3.0457579e-05,0.19660158,4.8240827e-06,1.60937e-05,0.0002706023
1.42522085e-05,0.000432251,4.3339027e-05,0.77245075,0.00063702144,3.2739637e-05,0.22611882,6.0472207e-06,1.9019779e-05,0.00024566514
1.8673696e-05,0.00094954757,4.5482127e-05,0.7737915,0.000783935,2.6235844e-05,0.22410744,8.112277e-06,2.4210633e-05,0.00024488982
2.157239e-05,0.0018089631,3.690744e-05,0.8395694,0.00093353994,3.99512e-05,0.15733838,9.620988e-06,2.2896273e-05,0.00021879732
2.193694e-05,0.0051995157,2.7581056e-05,0.8921413,0.0012873154,8.409843e-05,0.100999996,1.6571794e-05,2.4301486e-05,0.00019738126
2.134142e-05,0.18308203,9.1409325e-05,0.7938275,0.0054325266,0.00016304395,0.01679853,0.00033347547,1.9620273e-05,0.00023054979
3.447809e-06,0.98956114,0.0001503845,0.009281361,0.00036876285,0.00020283434,3.8610408e-05,0.00031442492,2.9957255e-06,7.6075004e-05
2.7967556e-06,0.9976829,0.00012259216,0.0008238697,0.00012353904,0.00062441826,8.563508e-06,0.0005677503,1.4828263e-06,4.2117394e-05
1.2302452e-06,0.9992137,8.944755e-05,0.00056529563,2.227751e-05,5.3329564e-05,6.164597e-06,2.0798536e-05,8.6065245e-07,2.6868394e-05
1.3394474e-06,0.99945754,6.610074e-05,0.00039081989,8.505958e-06,3.942087e-05,5.5818728e-06,8.551939e-06,9.557949e-07,2.116565e-05
1.3070897e-06,0.99950325,3.629214e-05,0.00039684016,4.634353e-06,2.494063e-05,5.0491058e-06,5.7603565e-06,8.074708e-07,2.1094334e-05
1.898148e-06,0.99961203,2.7340511e-05,0.0002990184,3.421779e-06,2.0998656e-05,3.4390362e-06,4.7595536e-06,8.132795e-07,2.630525e-05
2.0621076e-06,0.99959534,1.7282026e-05,0.00032263054,3.320928e-06,1.8451967e-05,2.919431e-06,4.399393e-06,7.7563755e-07,3.2832075e-05
2.3449822e-06,0.9996656,1.2990763e-05,0.00025811786,3.5469552e-06,1.4252781e-05,2.1200974e-06,4.2589204e-06,8.6347245e-07,3.581044e-05
2.1350627e-06,0.99977106,1.141935e-05,0.00014715792,2.856542e-06,1.7711916e-05,1.1972072e-06,4.506593e-06,1.1496619e-06,4.080287e-05
1.899446e-06,0.9998617,5.717175e-06,5.643763e-05,1.910477e-06,1.7038114e-05,7.7425284e-07,8.852915e-06,1.1670529e-06,4.4410335e-05
2.598979e-06,0.999808,6.3930083e-06,4.8175505e-05,2.878015e-06,1.3127977e-05,6.576232e-07,1.8033641e-05,1.7077646e-06,9.839797e-05
1.4877867e-06,0.9997229,8.570377e-06,6.760535e-05,2.5699344e-06,2.668065e-05,9.506717e-07,1.7991464e-05,1.3395756e-06,0.0001499158
1.7028705e-06,0.99962366,1.5874399e-05,6.1137594e-05,3.4403815e-06,3.0299841e-05,1.4350937e-06,2.3882305e-05,1.1978083e-06,0.0002374877
2.7314766e-06,0.99962306,1.1603888e-05,6.48751e-05,2.7894228e-06,3.5306133e-05,1.0148032e-06,2.3102653e-05,1.522983e-06,0.00023406265
4.49935e-06,0.99946624,1.9101122e-05,7.635306e-05,5.697832e-06,3.2504064e-05,1.186102e-06,2.63115e-05,2.011035e-06,0.00036599996
8.292259e-06,0.9992674,3.3912995e-05,9.844245e-05,1.2178107e-05,2.5123862e-05,1.5022038e-06,2.9359975e-05,2.4210874e-06,0.0005213693
4.7844774e-06,0.9991303,3.623966e-05,0.00010345588,7.2738926e-06,2.2477741e-05,1.3614552e-06,2.0033018e-05,3.2359778e-06,0.00067080837
3.781751e-06,0.99793786,0.00029158493,1.8088429e-05,7.394478e-08,2.2883285e-05,2.5878983e-06,0.00018269347,0.00030101332,0.0012393064
6.995862e-06,0.99192446,0.0003399112,3.327331e-05,8.410171e-08,1.2732303e-05,9.727671e-06,0.00066523405,0.0014104786,0.0055970773
4.2650368e-06,0.9820379,0.000120290126,0.00023360895,1.0479374e-07,4.1925738e-05,1.1728601e-05,0.00022780492,0.00055808586,0.016764427
1.531625e-05,0.4164951,0.00010946307,0.0031348688,2.873035e-07,0.00017611562,0.00017183895,0.001143125,0.0014644188,0.5772894
6.89602e-06,0.104145825,0.00039856083,0.005620973,1.660191e-07,0.000120061464,0.00020592946,0.00058241724,0.0008998683,0.88801926
6.359123e-06,0.04010122,0.0015954361,0.0043285335,8.3701416e-08,9.8109864e-05,0.00021048283,0.00011753664,0.0027482305,0.95079386
3.6464103e-06,0.012950778,0.0016828958,0.0022969325,2.9789783e-08,0.00021039638,0.00016896863,9.1006084e-05,0.0045938957,0.97800136
2.6070682e-06,0.0028270073,0.0015636234,0.0011425272,3.0416963e-08,0.00015810438,0.000117854885,5.601399e-05,0.0054770093,0.9886553
3.0393958e-06,0.0027739243,0.0019930888,0.00072511873,4.2607958e-08,6.3405045e-05,6.0569295e-05,9.3410636e-05,0.004620269,0.9896672
4.7775848e-06,0.0033818802,0.0010517223,0.0002976777,3.3143483e-08,0.00026566422,4.736024e-05,0.00051564514,0.028059602,0.9663757
9.7097145e-06,0.0012093539,0.00061435334,0.00017731101,7.466411e-08,0.0014073944,9.129139e-05,0.00045429316,0.04739675,0.9486396
1.6200445e-05,0.00038517083,0.001108475,0.00011979691,6.3155574e-07,0.0008242501,0.000107717475,0.00023558622,0.03139582,0.96580637
2.1559138e-06,0.00026499512,0.0035511083,0.000613892,2.0883991e-07,5.5612894e-05,0.00030184045,3.5740344e-05,0.008928413,0.986246
2.019173e-06,8.6836604e-05,0.006927358,0.0013205936,2.5554294e-07,1.2740722e-05,0.0007154206,1.3656422e-05,0.0036822234,0.98723894
3.6946144e-06,6.3593274e-05,0.012413026,0.0012340602,2.3063787e-07,9.727629e-06,0.00091057166,1.5731946e-05,0.003991128,0.98135823
8.463621e-06,7.191657e-05,0.023988841,0.0010896574,5.285805e-07,7.5935177e-06,0.0017268868,2.5008745e-05,0.008390542,0.9646906
5.048117e-06,5.388736e-05,0.0035364912,0.00066592207,1.497403e-07,5.657733e-06,0.00049640075,8.747504e-06,0.00092989136,0.9942978
3.0235392e-06,5.007929e-05,0.0022387255,0.0004386967,6.954773e-08,6.78499e-06,0.0002499,1.0810964e-05,0.00012311348,0.99687886
6.307262e-06,5.2673302e-05,0.0024226867,0.00014309282,2.3394331e-07,8.863292e-06,0.00014165792,7.145661e-06,6.137765e-05,0.9971559
1.0392909e-05,0.00013418347,0.00051725534,0.00012308097,4.8430223e-07,4.149583e-06,7.1120776e-05,3.2583132e-06,3.177865e-05,0.9991042
6.7665e-06,0.00020424537,0.00022262623,0.00014658054,6.057599e-07,3.2761434e-06,4.938804e-05,2.873794e-06,1.4953711e-05,0.9993486
7.231943e-06,0.00015505237,0.00023929363,8.2040344e-05,3.0626867e-07,3.5674984e-06,3.6311485e-05,3.7962968e-06,1.8924999e-05,0.9994536
1.1628345e-05,8.611247e-05,0.00027871504,3.908029e-05,1.6554485e-07,5.346368e-06,3.2245865e-05,6.1117858e-06,2.7426724e-05,0.99951315
1.6710554e-05,5.513024e-05,0.00024088743,3.968978e-05,1.2344148e-07,6.3710913e-06,3.447762e-05,7.190507e-06,2.122098e-05,0.9995783
4.1611067e-05,4.3140513e-05,0.00024418565,2.7242213e-05,1.0879372e-07,6.5595154e-06,3.078818e-05,1.1341764e-05,3.422134e-05,0.9995608
5.217988e-05,4.8393355e-05,0.00022899976,2.4044339e-05,9.412809e-08,8.09935e-06,3.5022225e-05,1.6890754e-05,3.383256e-05,0.9995524
5.461772e-05,5.5723227e-05,0.0001910953,2.60478e-05,7.45779e-08,9.140185e-06,3.6193047e-05,1.946781e-05,2.9800509e-05,0.9995777
4.4645e-05,5.5303455e-05,0.00018698163,2.5361502e-05,6.533728e-08,1.3372911e-05,4.8047375e-05,2.756948e-05,2.3924107e-05,0.99957484
3.0328209e-05,5.698385e-05,0.00015425323,2.165141e-05,7.568781e-08,1.353285e-05,2.5933346e-05,2.3605155e-05,2.1038371e-05,0.9996525
2.122699e-05,5.395982e-05,0.000106308886,2.866744e-05,5.98257e-08,1.28363845e-05,2.6707208e-05,2.9270068e-05,1.2985986e-05,0.9997079
2.0925569e-05,2.8359796e-05,0.00012729764,2.665953e-05,7.931278e-08,1.3981784e-05,2.6274663e-05,2.275419e-05,1.3833896e-05,0.9997198
2.226299e-05,1.5590555e-05,6.76643e-05,3.0327483e-05,9.347024e-08,9.086928e-06,2.1912461e-05,2.3860657e-05,1.2853372e-05,0.99979633
2.3545186e-05,1.1489933e-05,4.9599144e-05,3.3051092e-05,8.051916e-08,6.5698696e-06,1.8192399e-05,1.8067996e-05,1.558911e-05,0.99982387
2.0479149e-05,8.1953185e-06,3.485434e-05,4.0478746e-05,7.972059e-08,7.5118314e-06,2.163458e-05,1.5244957e-05,1.5483021e-05,0.99983597
1.7548713e-05,6.766993e-06,2.4492572e-05,5.8241712e-05,7.986001e-08,8.966758e-06,2.810906e-05,1.3480264e-05,1.3847756e-05,0.99982846
1.6778684e-05,6.2761133e-06,1.4230463e-05,9.204099e-05,9.062046e-08,1.2967108e-05,3.5750993e-05,1.4535317e-05,1.217945e-05,0.99979514
1.5012697e-05,7.0435267e-06,6.924051e-06,0.00018654771,1.2138072e-07,2.3995988e-05,5.3192303e-05,2.5298132e-05,9.103194e-06,0.9996728
1.5611911e-05,1.0596845e-05,4.0365453e-06,0.00060630986,1.9709816e-07,4.7842383e-05,0.00012000088,7.0093876e-05,6.2388613e-06,0.999119
1.6754999e-05,2.011557e-05,3.8260937e-06,0.0018321314,3.522261e-07,6.361188e-05,0.0002546189,0.00019578465,4.7216035e-06,0.99760807
1.5712114e-05,1.0613873e-05,6.90016e-06,0.0023765005,4.4939074e-07,7.01592e-05,0.0007475068,0.00023887014,7.680021e-06,0.9965256
2.7348e-05,9.660086e-06,8.140343e-06,0.0050928104,1.4284575e-06,8.364475e-05,0.0014210043,0.0002685061,1.0534468e-05,0.9930768
7.884044e-05,7.933063e-06,6.390117e-06,0.005540081,2.350813e-06,3.0220106e-05,0.0010408486,0.00043366602,2.2478525e-05,0.99283725
0.00013598788,5.4145944e-06,6.630083e-06,0.0041625528,2.0352613e-06,3.52514e-05,0.0020536124,0.0004227331,0.00020264994,0.9929731
0.00016104429,1.1538807e-05,1.738144e-05,0.05222288,7.918777e-06,0.0003392701,0.044403702,0.00013412883,0.0005445481,0.90215755
0.00024350043,1.6777862e-05,2.6770042e-05,0.29478225,4.885587e-05,0.0022963816,0.21749502,7.436889e-05,0.0006303339,0.4843857
0.00017276063,1.7157163e-05,2.6464659e-05,0.46943054,7.278945e-05,0.0045952518,0.34316954,4.280912e-05,0.00047711705,0.1819956
9.290908e-05,1.5140138e-05,2.4616269e-05,0.48658717,6.624625e-05,0.005364452,0.42370635,3.6389614e-05,0.00041189796,0.08369479
5.6953097e-05,1.5205094e-05,2.0712778e-05,0.52339524,6.319827e-05,0.004494281,0.4297734,3.0951254e-05,0.00037813664,0.041771956
2.9346336e-05,1.21693065e-05,2.1630027e-05,0.37167346,8.9693225e-05,0.0051225745,0.60623884,3.4269055e-05,0.00044351077,0.01633453
1.6002989e-05,9.092872e-06,3.438978e-05,0.18339966,0.00032029254,0.0070822067,0.79920375,7.365833e-05,0.000528442,0.009332552
1.5985983e-05,2.3293565e-05,2.3650102e-05,0.46540326,0.0011694764,0.0016017344,0.525633,8.170283e-05,0.0001803207,0.005867641
0.0002442799,4.0495343e-05,2.6544909e-05,0.27100918,0.009457669,0.0036443712,0.70276034,0.0012949954,0.005177122,0.006344954
0.0003697429,2.0279173e-05,4.465375e-05,0.19351889,0.009092175,0.00094288716,0.7482819,0.00023035583,0.044573955,0.0029251429
4.010263e-05,7.676477e-06,0.0001518661,0.42627385,0.0021329154,7.215521e-05,0.5693785,4.3294613e-06,0.0012664757,0.0006721098
3.4729397e-05,7.6062533e-06,0.00015240256,0.5390035,0.0011807571,6.833652e-05,0.45838934,2.072904e-06,0.00042286172,0.0007383903
1.3861064e-05,7.762535e-06,0.00017378748,0.6420163,0.0010051802,7.872511e-05,0.35557833,2.8472089e-06,0.00017159122,0.0009516301
7.4243685e-06,8.63469e-06,0.00016487624,0.7855698,0.00059292174,9.674456e-05,0.21181992,2.67132e-06,6.602253e-05,0.0016709698
5.7436464e-06,9.665963e-06,0.00019474204,0.8719967,0.0006341646,8.5548134e-05,0.124348305,2.744449e-06,3.341479e-05,0.0026891385
4.7308013e-06,1.0302527e-05,0.00016765343,0.90786093,0.0006153436,0.000114476876,0.08850232,2.4343299e-06,2.1695228e-05,0.0027001337
4.291882e-06,1.5188884e-05,0.0002684114,0.8711608,0.0025276025,0.00013621393,0.1227503,4.8798183e-06,1.5572854e-05,0.003116667
4.743935e-06,2.3837822e-05,0.00038383386,0.8631204,0.0065084454,0.00017805761,0.12667225,6.360303e-06,1.1913837e-05,0.0030902436
9.884793e-06,4.5325705e-05,0.0014132293,0.7339723,0.075955875,0.0002603975,0.18351583,2.6951315e-05,1.6808684e-05,0.004783337
2.5390258e-05,3.8591294e-05,0.0030104686,0.4557777,0.4178506,0.0003533796,0.119499795,3.585234e-05,1.8216204e-05,0.003389946
2.9899622e-05,2.2224489e-05,0.0031716288,0.22521235,0.7218254,0.00019036146,0.046756946,6.2103405e-05,1.2483464e-05,0.002716569
3.634338e-05,1.8215716e-05,0.0032949469,0.16693115,0.7996386,9.631198e-05,0.027428325,4.8007674e-05,1.3088169e-05,0.002495045
3.667911e-05,3.6670364e-05,0.0061961534,0.35192138,0.60474557,0.00018558267,0.031400453,4.80842e-05,1.2843532e-05,0.0054165577
4.68291e-05,1.3692049e-05,0.0021284819,0.06809575,0.9156278,0.00032882503,0.011710398,2.0334237e-05,6.01813e-06,0.0020219428
3.1118492e-05,1.007394e-05,0.0009400324,0.013707829,0.98072857,6.047425e-05,0.0039845235,1.696415e-05,3.544253e-06,0.0005168879
1.541957e-05,1.2324062e-05,0.0008643316,0.0063927826,0.99011385,0.00011875033,0.0020196768,1.0468797e-05,3.3865485e-06,0.00044904483
1.2794457e-05,1.0497249e-05,0.0010398508,0.0029838306,0.9942545,0.0002595735,0.0010859498,8.678887e-06,3.2837736e-06,0.00034086683
1.3563503e-05,2.5407082e-05,0.0024096482,0.00722111,0.9868333,0.0010512024,0.0018659799,7.363583e-06,4.750203e-06,0.00056762627
1.1625125e-05,1.3876402e-05,0.0016801211,0.0017054712,0.9948131,0.0007598393,0.00082068116,4.527378e-06,4.9877694e-06,0.00018582665
1.1900356e-05,1.6808894e-05,0.0013799745,0.0012408537,0.9958823,0.0004861932,0.000913236,3.4833504e-06,4.1662856e-06,6.120346e-05
1.3021704e-05,5.237116e-06,0.00061546033,0.00071260484,0.9982704,5.54939e-05,0.00028253222,2.7186595e-06,4.5462157e-06,3.7895195e-05
6.21811e-06,3.867752e-06,0.0006876581,0.0006043381,0.9983479,0.0001076949,0.00014485064,6.2300405e-06,4.475205e-06,8.674714e-05
3.986969e-06,3.7914403e-06,0.0009771262,0.0013450152,0.9971551,0.00011917073,0.00014458598,7.2389516e-06,7.254391e-06,0.00023670631
6.412078e-06,4.1258504e-06,0.0012157641,0.0015470827,0.9963102,0.0001975045,0.00021547014,3.7559812e-06,1.145838e-05,0.0004881852
8.4595995e-06,7.1531817e-06,0.0017156163,0.0037110187,0.99281377,0.00040797828,0.0003037633,4.0816217e-06,1.1819365e-05,0.0010164026
1.3750103e-05,2.7959562e-05,0.0038328792,0.032470964,0.9563197,0.001761144,0.00093124673,4.5860806e-06,2.9399505e-05,0.004608362
2.732036e-05,3.20826e-05,0.007876263,0.040426914,0.9354945,0.0033864307,0.00081159925,8.275316e-06,9.6723204e-05,0.01183997
2.970146e-05,3.855546e-05,0.008544571,0.061648916,0.9091144,0.007896026,0.0012712277,9.952587e-06,0.00012349612,0.011323049
2.0554293e-05,2.6335083e-05,0.002486822,0.017327465,0.9735526,0.0026033265,0.00065408275,6.073438e-06,3.2599597e-05,0.0032901673
3.448958e-05,5.4327975e-05,0.0005297491,0.056864757,0.93928987,0.00045705744,0.0009195788,3.5350554e-06,3.0936964e-05,0.0018157245
5.1636154e-05,0.00013150251,0.00013264036,0.9177923,0.06708093,7.375998e-05,0.00617463,1.9852764e-06,0.00012474082,0.0084358845
4.3260243e-05,7.4445496e-05,6.7419074e-05,0.97025913,0.0131039005,3.8726786e-05,0.005399007,1.1275022e-06,8.615667e-05,0.010926783
4.0034607e-05,0.0008069781,1.1442094e-05,0.9809616,0.0023397005,8.634696e-06,0.0006267664,1.2197522e-06,4.1208965e-05,0.015162454
2.852222e-05,0.0005829694,9.086417e-06,0.98015654,0.0006033791,4.1369008e-06,0.0017293597,8.7527377e-07,3.7688165e-05,0.016847452
1.3344661e-05,0.00079258677,7.795275e-06,0.9860324,0.00020264722,5.3756653e-06,0.002499904,7.8473346e-07,3.8490525e-05,0.010406576
2.1462796e-05,0.0015462884,9.946892e-06,0.9855729,7.8879595e-05,6.5782115e-06,0.0007719588,6.0460565e-07,2.4881043e-05,0.01196649
2.1193006e-05,0.002173258,9.939398e-06,0.98286843,6.797411e-05,6.938645e-06,0.0004964474,9.3793193e-07,2.4884477e-05,0.014330084
2.3757704e-05,0.0031411953,4.497252e-06,0.98476243,7.849922e-05,6.170715e-06,0.00031776153,1.5104317e-06,1.8586861e-05,0.011645581
4.091924e-05,0.0027635545,3.568299e-06,0.98862606,0.00010220413,5.9769277e-06,0.00029961075,2.19119e-06,1.2800073e-05,0.008142968
4.016203e-05,0.002453574,4.703939e-06,0.9907698,5.3845128e-05,7.0779333e-06,0.00037113356,1.3994282e-06,1.1159817e-05,0.006287046
2.3893374e-05,0.0025517142,2.4945048e-06,0.9914453,8.080982e-05,5.916484e-06,0.0005504447,1.267228e-06,1.3297129e-05,0.005324735
2.3788887e-05,0.0054405807,1.7625935e-06,0.98426616,0.00010058502,7.570385e-06,0.00031731863,2.724494e-06,1.9344305e-05,0.009820263
4.9091093e-05,0.0151598705,3.1268794e-06,0.9754723,8.548186e-05,8.380414e-06,0.0002410031,4.6639316e-06,3.5202364e-05,0.008941014
1.8431854e-05,0.024230944,2.4917915e-06,0.96920455,8.870643e-05,8.022885e-06,0.00031416304,5.234759e-06,4.7218226e-05,0.006080213
8.1138125e-05,0.07076565,4.8353522e-06,0.91886854,6.793991e-05,2.0406675e-05,0.0004531116,7.779634e-06,0.0004686354,0.009262034
0.00015326396,0.014941392,2.4211183e-06,0.9658828,4.9991955e-05,1.8438343e-05,0.00021144352,2.969739e-06,0.0002755682,0.018461687
0.0001331388,0.019981459,1.7672425e-06,0.96229583,3.7499845e-05,1.969214e-05,0.00044530956,5.2069404e-06,0.0010784607,0.016001726
8.612363e-05,0.011393795,1.310411e-06,0.9753132,2.0547915e-05,2.6630056e-05,0.00061783264,3.776567e-06,0.0008172783,0.011719601
0.0003065865,0.018223392,2.7286005e-06,0.94123256,3.3930122e-05,8.594287e-05,0.0012839218,8.159943e-06,0.026387034,0.012435648
8.0265265e-05,0.16052288,4.493853e-06,0.74970955,4.622955e-05,0.0010635079,0.0018128995,2.395393e-05,0.073033296,0.013703021
2.5521536e-05,0.0017418016,5.3349345e-07,0.0033570535,1.1533507e-06,0.00018981387,0.00018206169,2.4391358e-05,0.99028754,0.004190135
8.672337e-06,0.00023922963,2.501064e-07,0.00021578345,2.2466223e-07,5.722793e-05,2.7028746e-05,1.4313752e-05,0.9978084,0.0016288788
8.122627e-06,0.000107916,1.5519502e-07,0.00010260519,1.8504397e-07,3.600098e-05,1.3885759e-05,5.6312274e-06,0.9988751,0.0008503799
8.415706e-06,1.9079847e-05,1.1972087e-07,6.428343e-05,1.3656378e-07,1.5030101e-05,1.0153469e-05,3.032146e-06,0.99908364,0.0007960752
8.21562e-06,1.599155e-05,1.258497e-07,3.723459e-05,5.1313087e-08,3.2959622e-05,7.925282e-06,4.152264e-06,0.9990433,0.00085007225
1.07405185e-05,1.5816345e-06,1.8235895e-07,3.009359e-05,5.498369e-08,4.9662187e-05,9.045485e-06,2.2331142e-06,0.99857354,0.0013228294
8.907441e-06,1.4024677e-06,1.12120865e-07,1.6071068e-05,7.0339375e-08,3.0026542e-05,8.18523e-06,1.0138549e-06,0.9994493,0.00048472168
2.327965e-05,9.43629e-07,1.8468604e-07,2.258867e-06,4.9369117e-08,5.840351e-06,7.865499e-06,7.717402e-07,0.99987364,8.518167e-05
2.2511911e-05,1.5752614e-06,3.1433608e-08,5.960922e-06,8.6001975e-08,4.9037066e-05,4.345282e-06,9.1353826e-07,0.99964,0.00027542567
1.805934e-05,1.7119931e-06,3.046232e-08,3.024092e-06,9.675276e-08,2.9300347e-05,2.3407515e-06,8.4525976e-07,0.9997261,0.0002183317
3.0554445e-05,1.48102e-06,4.2972314e-08,2.6598377e-06,4.874017e-07,3.5412017e-05,1.993489e-06,8.9977925e-07,0.9996124,0.0003141488
3.2320513e-05,1.1988936e-06,1.0322505e-07,3.438052e-06,1.0765369e-06,1.33869835e-05,2.2549189e-06,6.7185164e-07,0.9994423,0.00050329714
2.5479756e-05,6.262759e-07,3.1739694e-07,2.1822514e-06,6.3608434e-07,6.6022967e-06,2.357714e-06,4.70893e-07,0.99951375,0.00044768787
2.028914e-05,4.8481314e-07,1.3120913e-06,1.7894696e-06,3.928694e-07,9.932794e-06,2.9863756e-06,4.4111678e-07,0.9992943,0.0006681852
2.907081e-05,7.185049e-07,2.7425763e-06,1.8146762e-06,7.180707e-07,8.993443e-06,2.753951e-06,6.2418485e-07,0.9990268,0.00092578016
3.4866574e-05,1.149378e-06,4.664607e-06,1.8707203e-06,1.5433583e-06,7.364741e-06,3.5657674e-06,9.597005e-07,0.99884003,0.0011040061
4.3201904e-05,2.6864238e-06,7.5503526e-06,2.0862276e-06,5.460152e-06,9.990743e-06,9.838552e-06,5.141548e-06,0.9984328,0.001481186
0.0003492,9.255976e-06,3.226475e-05,3.0234992e-06,5.4594144e-05,4.593892e-05,7.826578e-05,5.0938368e-05,0.99709105,0.0022854926
0.0016567804,1.9819952e-05,0.000145096,0.00014322448,0.008124317,0.00034386464,5.688352e-05,9.6371456e-05,0.9755072,0.013906451
0.00066859665,2.400179e-05,0.00082772307,0.00096561277,0.96879286,0.0002968908,0.0001861982,2.8626264e-05,0.016601726,0.011607717
0.0003655817,1.4868488e-05,0.0009448044,0.00244111,0.9840099,0.0001384604,0.00020445584,5.9704985e-06,0.0017004743,0.010174364
0.0013049139,2.2991127e-05,0.0024439052,0.007734977,0.94519013,0.00018087961,0.00036794753,4.9693176e-06,0.004800289,0.037949003
0.0022553694,2.8972692e-05,0.004963692,0.009074597,0.9181846,0.00019971814,0.00039065882,6.223269e-06,0.007212063,0.057684146
0.00046117534,1.0839513e-05,0.0030612368,0.0024686824,0.97768444,0.000104647814,0.00030172465,7.817868e-06,0.0014774213,0.014422091
0.00026694994,9.548337e-06,0.0029098592,0.0016115663,0.9825225,3.3694516e-05,0.0003239022,2.4797366e-05,0.0008343296,0.011462788
0.00019840179,9.752873e-06,0.0023479005,0.00097642787,0.98875207,1.857785e-05,0.00018961627,4.974427e-05,0.0007602074,0.006697351
0.00020401346,3.4224654e-06,0.0017202165,0.00069538935,0.99344444,2.064023e-05,0.00015555928,1.9606532e-05,0.00041488677,0.0033218225
0.0006752743,2.8570466e-06,0.0020576003,0.0008859441,0.98917574,2.9761455e-05,0.00016050396,2.2954531e-05,0.00081461703,0.006174753
0.0023021488,3.921384e-06,0.0026667195,0.0011225032,0.98524344,1.2768874e-05,0.00011377161,3.3564273e-05,0.0011820806,0.0073189912
0.0028273133,8.4639705e-06,0.004304172,0.0016156445,0.9816475,1.6342778e-05,9.254542e-05,3.7223435e-05,0.00096656295,0.008484293
0.0017810562,2.8396587e-05,0.0030160386,0.0023484563,0.9843279,2.2463357e-05,0.00012862282,8.84907e-06,0.00077813247,0.0075600413
0.0012171301,0.00010140898,0.003256165,0.0018145045,0.9820155,1.2609284e-05,0.00018667805,1.5224504e-05,0.0008524065,0.0105283875
0.0007681122,0.00020419562,0.007234157,0.0025690584,0.9746337,1.1640261e-05,0.00032437727,2.2158878e-05,0.00053574285,0.0136968745
0.00036538386,0.00011752573,0.0032723725,0.0019706658,0.98946023,6.4083965e-06,0.00032865175,1.556631e-05,0.00026656175,0.004196662
0.00040948522,0.00025702664,0.0065043587,0.003790599,0.9757465,1.07151445e-05,0.00062564283,3.368592e-05,0.00036340315,0.012258512
0.0003995053,0.00059258833,0.017584102,0.008685192,0.94077814,3.7874743e-05,0.0021165365,3.1803214e-05,0.00045300246,0.029321223
0.00058785494,0.0002567657,0.017878817,0.006345074,0.9562981,4.8380392e-05,0.0013548182,1.650858e-05,0.00073379173,0.016479874
0.000743706,0.00014403347,0.017787533,0.002638731,0.96817994,0.00010412701,0.0006901852,1.8739727e-05,0.000966611,0.008726313
0.0013593305,0.00015307419,0.008844485,0.0014651008,0.9824667,0.00017491328,0.00031679982,1.1695614e-05,0.0008506704,0.0043571563
0.0026379393,0.000756402,0.010213055,0.0012286267,0.98125297,0.00012235576,0.00012831019,1.4710773e-05,0.0006742162,0.0029714527
0.0048878705,0.55227333,0.027317552,0.011821203,0.36398676,0.0003754982,0.00028436794,9.365153e-05,0.001437137,0.037522584
0.00014634011,0.98144734,0.0041798116,0.0017751057,0.0054106466,4.321522e-05,2.9175837e-05,3.0761326e-05,8.2455e-05,0.0068551945
2.7446258e-05,0.9957955,0.001411795,0.0007236281,0.0009551238,2.4977307e-05,1.3039924e-05,9.5204905e-06,1.780503e-05,0.0010212652
6.660615e-06,0.99864334,0.00044196582,0.00041476084,0.00017121887,1.4223155e-05,5.6707395e-06,4.5784545e-06,6.414101e-06,0.00029127172
3.1892891e-06,0.9993247,0.0001504459,0.00028523625,3.8257767e-05,8.738773e-06,2.8065535e-06,4.267704e-06,3.4157197e-06,0.00017906493
2.2458128e-06,0.9993861,9.131209e-05,0.00033499047,2.7281905e-05,9.742695e-06,2.1844148e-06,3.9007796e-06,2.6765163e-06,0.00013955918
1.6731852e-06,0.99955744,5.2364587e-05,0.00025296363,1.5863587e-05,1.0626466e-05,1.7225728e-06,3.7934267e-06,2.068395e-06,0.00010156631
1.3950873e-06,0.9996375,3.816165e-05,0.00020768012,1.1577107e-05,1.1950517e-05,1.4332273e-06,3.9423207e-06,1.8684467e-06,8.450044e-05
1.2213559e-06,0.99971026,2.7942815e-05,0.00016988396,8.117829e-06,1.2919029e-05,1.2311195e-06,3.4659495e-06,1.7412106e-06,6.3156665e-05
1.1377302e-06,0.9997621,2.3541645e-05,0.00013612615,6.8742943e-06,1.1873073e-05,1.0538071e-06,3.5062747e-06,1.8445361e-06,5.1834628e-05
6.5537415e-07,0.99987066,2.7794436e-05,5.069166e-05,3.968316e-06,1.6715585e-05,1.1133307e-06,2.8099594e-06,1.993449e-06,2.3586901e-05
7.8847063e-07,0.9998184,7.8222736e-05,5.5084194e-05,2.8989004e-06,1.8803863e-05,1.404872e-06,2.4100802e-06,2.4940798e-06,1.9569155e-05
1.0550523e-06,0.99964213,0.00022245897,8.108167e-05,2.293221e-06,2.2296459e-05,1.6967662e-06,2.478138e-06,3.820194e-06,2.0763171e-05
1.2750983e-06,0.99943405,0.00037782112,0.00012230301,2.0555237e-06,2.5931933e-05,1.8649229e-06,2.7445342e-06,5.413353e-06,2.6472388e-05
1.1685925e-06,0.99939203,0.00038891708,0.00014278105,2.1822354e-06,2.8672954e-05,1.7776423e-06,3.051415e-06,5.9643503e-06,3.3402375e-05
9.897697e-07,0.9994791,0.00029502943,0.00014191675,2.543873e-06,2.9040293e-05,1.4711115e-06,3.2556773e-06,5.4594816e-06,4.118148e-05
9.104498e-07,0.99951696,0.00025694218,0.00013178682,2.9390633e-06,2.920033e-05,1.2591269e-06,3.3145961e-06,5.016805e-06,5.1712417e-05
9.327733e-07,0.99943894,0.00032838635,0.0001307058,3.1845898e-06,2.954251e-05,1.2634223e-06,3.497995e-06,4.8847455e-06,5.87514e-05
4.2428988e-07,0.99890363,0.00081453635,0.000106892534,2.4591463e-06,4.8108617e-05,1.9064762e-06,5.7982465e-06,9.374478e-06,0.000106898646
2.0384043e-07,0.9234169,0.07520745,0.00023271242,4.121279e-06,0.0004806143,3.5737434e-05,5.816285e-05,5.6055833e-05,0.0005081585
1.156569e-07,0.0014181742,0.99840707,8.679278e-06,1.3115583e-07,6.366629e-05,1.3066469e-05,2.7945846e-06,4.7713645e-05,3.8600276e-05
3.296334e-08,0.0001173239,0.9997533,8.470989e-06,5.0123226e-08,2.3447443e-05,1.0715321e-05,1.3241585e-06,5.3104388e-05,3.2284355e-05
4.0307953e-08,1.7817789e-05,0.9997645,3.469094e-06,4.6077574e-08,1.6860215e-05,2.6346976e-05,1.3819741e-06,0.00013897213,3.0508194e-05
3.9059483e-08,6.4064648e-06,0.99987745,2.1789022e-06,5.3310536e-08,1.0662886e-05,1.2368078e-05,5.221875e-07,7.109604e-05,1.9248426e-05
4.048664e-08,6.284804e-06,0.99989235,4.1245025e-06,3.741603e-08,1.0654477e-05,9.2938235e-06,2.2031766e-07,5.3889235e-05,2.3053057e-05
3.847214e-08,6.2150093e-06,0.9998858,8.50549e-06,3.1469654e-08,1.1488968e-05,7.92105e-06,1.7558945e-07,4.5939574e-05,3.39201e-05
4.5167468e-08,1.17190475e-05,0.99983656,1.876848e-05,2.2116943e-08,1.4371628e-05,9.47154e-06,2.3743577e-07,3.9070383e-05,6.984577e-05
8.910335e-08,1.9382887e-05,0.99969673,2.0990723e-05,1.7797229e-08,2.1902799e-05,1.4563718e-05,6.10362e-07,7.377785e-05,0.00015200568
5.559713e-08,7.801053e-05,0.9987049,5.0814877e-05,1.4452237e-08,0.0001101994,2.0396043e-05,3.1665693e-06,9.205441e-05,0.000940387
5.1093966e-08,2.5554004e-05,0.99913543,3.6991423e-05,1.4023787e-08,0.000115938434,1.3637317e-05,5.6381737e-07,4.9041533e-05,0.00062283536
1.0068374e-07,9.3357685e-06,0.9989429,2.3344088e-05,1.2594287e-08,4.9332408e-05,1.2825168e-05,4.5823603e-07,6.460124e-05,0.0008971471
4.134134e-08,2.1868118e-06,0.9997416,3.0536035e-06,2.7360944e-08,6.4149112e-06,5.1149605e-06,5.1351134e-07,3.928321e-05,0.0002017893
1.1261124e-07,1.9600202e-06,0.99994516,6.062157e-07,4.702822e-08,2.2595007e-06,1.5081422e-06,2.1959112e-07,2.1920176e-05,2.6163503e-05
1.3632787e-07,5.6845156e-06,0.99996257,8.3839e-07,4.0446874e-08,1.8768903e-06,1.0480085e-06,1.4160506e-07,1.5736066e-05,1.2017099e-05
4.8010854e-08,5.2317478e-06,0.99997175,1.7219202e-06,3.4345202e-08,5.1214006e-06,1.1526024e-06,8.7453664e-08,7.850255e-06,6.9205357e-06
2.5750657e-08,4.5425763e-06,0.9999677,2.1394044e-06,2.1104604e-08,7.4132586e-06,1.9216018e-06,1.3218408e-07,7.703998e-06,8.466497e-06
6.9279224e-08,1.0620502e-05,0.99992764,3.3394324e-06,1.4338387e-08,5.6937574e-06,3.1607826e-06,1.6523362e-07,2.4565206e-05,2.4679444e-05
2.0689357e-07,1.349895e-05,0.9998184,1.8402015e-06,1.2010708e-08,2.6447299e-06,4.601304e-06,7.232048e-07,0.00010252319,5.5574812e-05
4.2279123e-07,1.532239e-05,0.9997402,2.0132306e-06,2.9309323e-08,1.8977668e-06,2.9841344e-06,6.0654014e-07,0.00011160035,0.00012500696
8.315216e-07,3.899398e-05,0.9995615,5.3121676e-06,6.201983e-08,1.7402758e-06,2.7310505e-06,4.903331e-07,0.00011606621,0.00027225466
1.5935814e-07,4.149297e-05,0.99976844,3.0816652e-06,9.6617065e-08,2.1639462e-06,2.289682e-06,5.894421e-07,3.4675908e-05,0.00014707012
1.8308583e-07,0.0013684538,0.99768484,0.00013174815,1.919522e-06,4.016097e-06,4.1677242e-05,9.592618e-07,4.6780347e-05,0.0007194348
3.2914234e-06,0.7449896,0.2083323,0.041383,0.00046298583,0.00010468409,0.0006418326,1.24533835e-05,0.00022419929,0.0038457478
4.2278984e-06,0.84523225,0.061691966,0.0899242,0.00031219554,0.00038202052,0.00049698463,4.3877158e-06,0.00023316672,0.0017186113
1.8830615e-05,0.037849672,0.94574606,0.014092918,4.4767534e-05,0.0005929779,8.997105e-05,9.3837974e-07,0.00037654332,0.001187238
1.062439e-05,0.004332868,0.98934734,0.0049534095,3.1835405e-06,0.00011369759,3.1590393e-05,5.3434576e-07,0.00018590376,0.001020821
5.296079e-06,0.0030885185,0.99438477,0.0017992137,6.478099e-07,6.4420456e-05,3.090659e-05,4.9426046e-07,0.00016911424,0.00045651264
2.3238747e-06,0.0012789514,0.9979538,0.0003982886,2.0111085e-07,1.664462e-05,2.8812583e-05,4.3602896e-07,0.0001473318,0.00017324634
1.981205e-06,0.00084912084,0.9987515,0.00010769056,1.0064161e-07,4.7598487e-06,3.4525176e-05,6.008832e-07,0.00015348145,9.610661e-05
1.25327e-06,0.0012657424,0.9983854,5.9253605e-05,6.929083e-08,2.2015396e-05,4.296705e-05,7.337072e-07,0.0001579322,6.4581945e-05
1.8907086e-06,0.006220988,0.99277014,0.00020832593,1.2524694e-06,0.00029777747,8.04222e-05,1.8809734e-06,0.00018839502,0.0002289353
5.5060086e-06,0.13660204,0.858875,0.00035480846,1.7671368e-06,0.0026007704,0.00048255417,3.3750213e-05,0.00049994467,0.00054390816
3.125801e-05,0.77255195,0.21877189,0.0056923702,4.0690575e-06,0.0013135052,7.1843206e-05,5.171381e-05,0.00026307662,0.0012483863
2.9871557e-05,0.47733364,0.5164139,0.0029942095,4.6639484e-06,0.0016561365,4.8592654e-05,8.8279485e-05,0.0003140495,0.0011167641
6.6633947e-06,0.00046083925,0.9993993,4.193374e-06,3.253408e-07,2.5324543e-05,1.2448848e-05,6.195532e-06,5.730573e-05,2.7390797e-05
1.931869e-06,5.2391606e-05,0.9998319,2.0067557e-06,1.9228924e-07,9.455611e-06,3.1428717e-05,1.9504105e-06,6.083129e-05,7.840794e-06
2.9570273e-07,1.2146893e-05,0.9998517,5.1360644e-06,8.9984155e-08,1.1140007e-05,1.425084e-05,2.001215e-06,9.1613394e-05,1.1493749e-05
4.4687752e-07,1.1243617e-05,0.9995117,9.574091e-06,6.367855e-08,6.563019e-05,1.0424561e-05,7.6350525e-06,0.00034718472,3.6096557e-05
1.5162568e-06,1.5573774e-05,0.9984042,7.676183e-06,6.381007e-08,0.0002164248,1.8595e-05,3.5938123e-05,0.0012443959,5.5655688e-05
2.328241e-06,0.00039203206,0.9619221,5.015319e-05,1.7990968e-07,0.019542847,9.8099335e-05,0.015866818,0.0018168511,0.00030868815
3.9671343e-07,0.0010707154,0.03956999,9.16168e-05,9.952804e-07,0.14145546,0.0001607166,0.8173294,0.000118178825,0.00020251796
2.1723484e-07,0.0008530795,0.0012262767,3.383503e-05,1.2522326e-06,0.04116821,3.4763823e-05,0.956636,1.8170065e-05,2.8225671e-05
7.1770387e-07,0.0010299706,9.2846174e-05,1.03884495e-05,2.3680557e-06,0.0070506507,4.568353e-06,0.9917887,9.063653e-06,1.0689171e-05
5.9599176e-07,0.0007462516,5.8436337e-05,7.572049e-06,3.1856673e-06,0.0012408176,2.3705322e-06,0.9979253,1.69339e-06,1.370543e-05
6.3156733e-07,5.3412226e-05,7.1741364e-05,8.450433e-07,2.2317029e-06,0.00024406106,2.6004534e-06,0.9995969,1.774997e-05,9.885143e-06
3.915641e-07,1.7319437e-05,0.00018897293,1.2223253e-06,3.4954812e-07,0.00029379525,1.1490326e-05,0.9994261,1.4381931e-05,4.6006033e-05
1.9917934e-07,1.1171844e-05,6.971456e-05,9.3703176e-07,3.5089403e-07,0.00022449838,8.78515e-06,0.999668,6.198096e-06,1.0147062e-05
1.85259e-07,1.095257e-05,2.4126017e-05,5.7204306e-07,4.992571e-07,0.00015113919,6.4109577e-06,0.9998012,2.0430184e-06,2.8845382e-06
3.0531962e-07,1.0861482e-05,7.576812e-06,3.4429974e-07,3.7992783e-07,8.9072106e-05,3.9566253e-06,0.99988425,1.2398284e-06,1.9290997e-06
3.9157266e-07,1.7081293e-05,3.6024085e-06,2.5527353e-07,2.9381357e-07,9.7856355e-05,3.202756e-06,0.9998741,8.8976606e-07,2.3257232e-06
2.6315814e-07,2.4462272e-05,2.2016675e-06,2.746506e-07,5.908716e-07,0.000114554714,6.7919655e-07,0.99985325,5.9323514e-07,3.1636384e-06
2.830219e-07,1.6297283e-05,2.355321e-06,1.9739223e-07,5.032278e-07,7.627278e-05,6.3004944e-07,0.9999,1.1851782e-06,2.1891826e-06
3.4039365e-07,1.5063722e-05,4.3961636e-06,2.3352806e-07,1.7503326e-07,0.000107653555,1.2842576e-06,0.9998652,1.8169649e-06,3.914943e-06
1.2069628e-06,1.635217e-05,2.4669484e-05,1.7573915e-07,1.09116506e-07,0.00011258234,4.393805e-06,0.9998186,7.850896e-06,1.4055376e-05
1.2911252e-06,2.5394533e-05,2.7682714e-05,4.3899962e-07,7.895075e-08,0.0001780876,9.926452e-06,0.9996481,1.0072516e-05,9.882787e-05
5.2404147e-07,3.1940213e-05,2.2928057e-06,5.287604e-07,1.4504624e-07,2.995422e-05,1.1539369e-06,0.9999006,5.6294675e-07,3.2403244e-05
1.8971417e-06,7.280728e-05,1.2749398e-06,5.1805347e-07,4.8860034e-07,0.0011984211,3.233656e-06,0.99864393,5.2013297e-06,7.22657e-05
5.4633256e-07,5.5075565e-05,1.4521513e-06,3.5545662e-07,1.0230117e-06,0.00019437824,1.189572e-06,0.9997228,1.3586246e-06,2.179088e-05
6.728169e-07,5.0031038e-05,1.5588954e-06,3.2726282e-07,1.6883978e-06,0.00048424624,1.6837428e-06,0.999435,3.2659166e-06,2.1513219e-05
7.9161276e-07,6.53777e-05,2.4388812e-06,6.162813e-07,5.262254e-06,0.00368677,4.471489e-06,0.9962077,6.4465316e-06,2.0227031e-05
1.6807226e-06,0.00038766398,9.178136e-06,4.7200588e-06,4.1017523e-05,0.2703173,4.1611598e-05,0.729083,4.5907407e-05,6.7955996e-05
3.9936285e-07,0.00014081,3.587311e-06,2.1255105e-06,5.949281e-07,0.99615663,6.7525143e-06,0.0035816622,1.4311565e-05,9.313633e-05
2.809611e-07,0.00014743466,3.6943989e-06,2.6740004e-06,3.596329e-08,0.9995223,3.4772124e-06,9.910848e-05,1.2831933e-05,0.00020805682
3.9130174e-07,0.0002348326,6.916438e-06,3.0256049e-06,3.5729265e-08,0.9989794,7.6008955e-06,4.4799915e-05,5.090078e-05,0.00067205576
6.8845384e-07,0.00031025798,5.8101464e-06,2.6208343e-06,5.364837e-08,0.99868804,1.1031704e-05,2.3699029e-05,0.00011002595,0.00084775523
5.4589864e-06,0.001722902,5.9487124e-06,7.502936e-06,3.6898777e-07,0.99466276,2.0983229e-05,5.7680303e-05,0.0002301775,0.0032861233
3.0687694e-05,0.005835724,7.206012e-06,8.9145105e-06,2.7592969e-06,0.99016047,1.8792156e-05,0.00012370266,0.00045329452,0.0033583583
6.9123666e-06,0.0009516319,4.1148915e-06,3.469851e-06,2.937106e-06,0.9976794,8.232785e-06,4.9472426e-05,0.00017315708,0.0011206715
1.5388898e-06,0.0003232487,3.0516057e-06,2.3847458e-06,3.180736e-06,0.9992524,6.1290298e-06,2.729944e-05,3.262937e-05,0.00034805923
1.8424573e-06,0.000240537,1.8596726e-06,6.9899156e-06,7.009314e-06,0.9994443,8.2165825e-06,3.6765728e-06,1.3709743e-05,0.00027177113
2.0312213e-05,0.0010031865,6.3829802e-06,0.00010970074,2.4777723e-05,0.99315566,4.1112446e-05,1.6118552e-06,0.00019398384,0.0054433467
9.194996e-06,0.0009137551,6.7472874e-06,2.9582958e-05,5.0799033e-05,0.99657476,2.6713691e-05,3.4983575e-06,0.0002873935,0.0020976088
3.7564755e-06,0.00027082255,3.9360057e-06,1.45060785e-05,1.4415816e-05,0.9978744,1.217365e-05,1.8331832e-06,0.00043354672,0.0013705922
1.0228414e-05,0.0007956755,1.4430952e-05,3.0245443e-05,2.5187113e-05,0.98600084,2.972838e-05,8.7068e-06,0.0043335957,0.008751455
2.3667884e-05,0.0025957401,1.5704623e-05,6.5219814e-05,1.214599e-05,0.9607817,5.9234168e-05,2.4849804e-05,0.0074914894,0.028930295
9.963839e-06,0.00090097927,7.046988e-06,3.159488e-05,1.0948147e-05,0.98280126,3.9707396e-05,1.7647862e-05,0.007745063,0.008435753
3.7569246e-06,0.00026193314,2.4341668e-06,9.0818485e-06,7.393172e-06,0.99450964,1.5408135e-05,7.7856575e-06,0.0036507768,0.0015317467
8.862334e-06,0.00021241362,3.4303685e-06,4.5613992e-06,6.895578e-06,0.9844147,3.8207723e-05,1.0044066e-05,0.013865879,0.0014350747
0.00018335575,0.00050462404,1.3960967e-05,8.859316e-06,1.898322e-05,0.65195215,0.0006413764,9.5825904e-05,0.34071076,0.00587009
0.0007395719,0.0010321183,2.0640002e-05,4.119437e-05,0.00013728932,0.57943,0.0010839448,6.234769e-05,0.4034569,0.013995998
6.238265e-05,1.4802914e-05,3.0977617e-06,7.674514e-07,4.857622e-06,0.0005694967,0.00016065249,1.5213585e-05,0.9985667,0.00060194853
8.2166865e-05,3.252627e-06,4.3651203e-06,4.993449e-07,2.509747e-06,1.0481901e-05,0.00029651428,1.1145856e-05,0.99955076,3.819365e-05
3.517195e-05,2.5623951e-06,1.2126346e-06,1.7329832e-06,8.964969e-08,2.9365916e-05,0.0004533971,1.2869243e-06,0.9993591,0.00011613836
1.9300533e-05,1.7026463e-06,3.3598758e-07,1.1814567e-06,3.466809e-08,1.2094735e-05,6.63834e-05,1.0996079e-06,0.9997962,0.00010165521
1.5842443e-05,1.7595162e-06,3.550142e-07,9.648592e-07,3.608076e-08,3.3112363e-05,4.4215656e-05,1.080354e-06,0.9997696,0.0001330272
9.970856e-06,1.4485948e-06,3.546737e-07,8.360493e-07,3.194807e-08,6.7654866e-05,3.911589e-05,1.3471519e-06,0.9997608,0.00011842553
5.546307e-06,9.528639e-07,1.2520479e-06,1.4597912e-06,8.949156e-08,9.651747e-06,0.0001254918,1.7869675e-06,0.9998136,4.013431e-05
5.730357e-05,8.002305e-07,1.6292196e-06,6.2142607e-07,2.4341358e-07,1.5796209e-06,9.435732e-05,9.737026e-07,0.99983156,1.0916237e-05
8.201882e-05,1.3400156e-06,1.9630197e-06,4.370992e-07,4.739064e-07,1.0383249e-06,0.00012155723,2.0542448e-06,0.9997824,6.791772e-06
1.9089024e-05,8.1235606e-07,4.186683e-07,3.1176648e-07,3.7383654e-07,1.6881264e-06,3.9574887e-05,1.5196001e-06,0.9999274,8.736284e-06
8.899721e-06,8.3080914e-07,1.5956608e-06,5.2111136e-07,5.250232e-07,2.876299e-06,0.000105285355,2.6517675e-06,0.9998667,1.0036829e-05
3.0235393e-05,8.486464e-07,8.13946e-06,1.1413437e-06,6.043127e-07,2.8270497e-06,0.00026158054,1.2467552e-06,0.9996859,7.5196267e-06
3.0804367e-05,9.842629e-07,5.824137e-06,1.0288333e-06,8.2957655e-07,2.3932296e-06,0.00014462044,5.59288e-07,0.99980587,7.160546e-06
3.7908999e-06,2.0541027e-06,3.4819016e-06,1.135185e-06,5.674245e-07,6.631407e-06,0.00018464735,1.93729e-06,0.99978274,1.3016605e-05
2.8629709e-06,1.728969e-06,5.1961583e-06,1.9055005e-06,7.364415e-07,8.213135e-06,0.00023229173,1.7594887e-06,0.9997292,1.6019465e-05
3.1983209e-06,2.0256552e-06,8.120544e-06,7.995418e-06,1.6042355e-06,6.6058924e-06,0.00082196924,1.9677636e-06,0.9991248,2.1838203e-05
1.5371623e-05,1.694287e-06,2.0816462e-05,2.1760192e-05,1.3354583e-06,5.436474e-06,0.0011006467,1.4729152e-06,0.99881953,1.1945214e-05
4.0915253e-05,4.6298733e-06,9.006411e-06,0.00015849005,4.105543e-06,3.3026042e-06,0.0026091756,1.9517076e-06,0.99714774,2.0574716e-05
0.00016754195,3.5273686e-06,1.8477982e-05,0.00045086397,1.8163824e-05,3.2403975e-06,0.003979348,1.4492937e-06,0.99532926,2.8049926e-05
0.00018481308,3.7678785e-06,1.443943e-05,0.0013808798,9.913343e-05,3.1463824e-06,0.0034277672,1.2154565e-06,0.99481875,6.6142675e-05
0.0005020281,5.1682993e-05,0.00017179603,0.31056637,0.0033177978,3.71906e-05,0.2815949,4.8182465e-06,0.40264586,0.001107512
0.00016013272,3.4382207e-05,0.00015695445,0.5000694,0.0020104267,3.910838e-05,0.43025255,2.2421618e-06,0.06599932,0.0012754827
4.7042642e-05,3.0255895e-05,0.00011733062,0.60545367,0.0011081442,3.527453e-05,0.36800274,2.5439474e-06,0.024052182,0.0011508814
1.4577283e-05,2.6921156e-05,7.264783e-05,0.76970047,0.0011759727,3.0011222e-05,0.22266795,1.9629756e-06,0.0052251546,0.0010844558
6.1065753e-06,2.1595439e-05,3.634393e-05,0.9166004,0.00085711654,2.70455e-05,0.07970172,1.7160346e-06,0.0016751473,0.0010727498
2.2308388e-06,1.4569487e-05,2.118223e-05,0.97215414,0.00033839684,4.049883e-05,0.02639006,7.7261046e-07,0.00026944955,0.000768691
1.5284145e-06,1.6443855e-05,1.5010733e-05,0.98548615,0.00019645943,7.688005e-05,0.013496125,5.983645e-07,0.000113124865,0.00059771497
7.6714133e-07,2.1217935e-05,9.738396e-06,0.99248695,0.00018613071,0.0001293689,0.0067250417,3.801444e-07,4.011509e-05,0.00040027132
7.636209e-07,3.1590338e-05,5.998101e-06,0.9888939,0.00031502722,0.00018263109,0.01021455,5.606283e-07,3.028069e-05,0.00032464776
5.697039e-07,3.9180395e-05,4.010098e-06,0.99319685,0.00045240813,0.00030634712,0.005704935,6.58249e-07,2.1477315e-05,0.0002736358
1.6737076e-06,3.499056e-05,7.80815e-06,0.973529,0.00050836185,0.00012025376,0.025569633,1.0072204e-06,2.0773023e-05,0.00020653698
2.0254163e-06,3.0937874e-05,8.3418445e-06,0.98952967,0.00030120363,4.5775312e-05,0.009865728,1.201026e-06,9.0413705e-06,0.00020621362
4.3878877e-06,3.357555e-05,2.3971603e-05,0.9972493,0.00010064528,1.4306878e-05,0.0022708413,1.2935355e-06,8.8228735e-06,0.0002928681
4.5588527e-06,2.7231697e-05,2.6942302e-05,0.99650466,0.0001394048,2.0032574e-05,0.0029787438,1.6229857e-06,1.1132753e-05,0.0002856045
3.614979e-06,3.2445634e-05,2.0965866e-05,0.9875738,0.00016027901,4.9510738e-05,0.011740017,1.4708085e-06,1.7506663e-05,0.00040054697
2.2860122e-06,6.044167e-05,2.5973954e-05,0.9522514,0.00013722057,0.00016177437,0.046813045,1.3814787e-06,1.1597542e-05,0.00053494505
3.2715934e-06,0.0001353274,4.8446953e-05,0.75056016,0.00015530727,0.0017475426,0.24691439,2.6926232e-06,1.5358919e-05,0.00041749468
2.2345841e-06,0.00019031417,4.501326e-05,0.37034515,0.000116844196,0.0036405348,0.6253313,4.8870083e-06,2.1649957e-05,0.00030199933
7.131911e-07,0.00012004409,2.9450463e-05,0.044529736,1.8899487e-05,0.006043056,0.9490639,9.426661e-06,2.1825992e-05,0.00016297543
1.9643178e-06,2.5659037e-05,4.590335e-05,0.00023899379,3.0837436e-06,0.0076304954,0.9917536,5.9702194e-05,0.00021482533,2.5727964e-05
7.509561e-06,1.3759817e-05,2.4320723e-05,0.00012357575,8.553109e-07,0.001316129,0.99824107,1.7833565e-05,0.00023820734,1.6804319e-05
4.7912927e-06,7.720578e-06,2.2005712e-05,0.00020849983,1.6891739e-06,0.0008289703,0.9987556,3.7287464e-05,0.0001102053,2.3256702e-05
2.5084282e-05,4.8072434e-06,6.356231e-05,0.0001824605,8.419359e-07,0.00016171456,0.9992138,1.5082375e-05,0.00030770377,2.4833807e-05
8.6172195e-06,3.4216805e-06,1.579728e-05,0.0007171054,7.247993e-07,0.0004792854,0.9985771,1.0825405e-05,0.00011929197,6.7704226e-05
4.9182163e-06,6.100317e-06,1.8793939e-05,0.00011863101,3.8826838e-07,0.001374288,0.9980849,2.9009465e-05,0.0002822137,8.074879e-05
1.4668769e-06,1.04914425e-05,1.3913716e-05,0.00010740818,4.6814367e-07,0.0009184722,0.9988047,1.6316983e-05,5.177931e-05,7.5011245e-05
9.949745e-07,1.642562e-05,1.141343e-05,0.00012220505,4.4682224e-07,0.0012334777,0.99849546,1.5144206e-05,3.291828e-05,7.146712e-05
6.80384e-07,1.6393658e-05,1.3165326e-05,0.00010099575,4.5705008e-07,0.0012496355,0.998495,2.1521248e-05,3.6585494e-05,6.552087e-05
6.5192074e-07,1.4677837e-05,1.5699427e-05,7.299529e-05,5.4806407e-07,0.00063041935,0.99912053,4.6872963e-05,4.019061e-05,5.7388777e-05
2.2044414e-06,9.353784e-06,2.515419e-05,5.1926752e-05,7.0192743e-07,0.0002778282,0.9993007,0.00021317821,8.1538e-05,3.739566e-05
1.4647885e-05,5.2120727e-06,2.7546837e-05,5.7406465e-05,1.0016582e-06,0.00012091515,0.9991178,0.00029730675,0.00032718224,3.1122392e-05
4.8324033e-05,2.6179368e-06,3.287982e-05,8.046947e-05,1.9454185e-06,6.670204e-05,0.99899584,0.00016968988,0.0005655811,3.6018762e-05
8.238392e-05,2.6350938e-06,1.5572108e-05,0.00028179178,1.5849744e-06,0.00012661888,0.9985696,2.9173712e-05,0.00084822526,4.2348034e-05
3.8473787e-05,1.9486067e-06,7.3439855e-06,0.0014248281,3.6416159e-06,0.00014946872,0.9980636,9.8453875e-06,0.00020581801,9.491075e-05
9.310436e-06,2.9245869e-06,3.2380929e-06,0.0006429495,1.9560473e-06,0.0003332856,0.9987656,1.2933572e-05,0.00012231286,0.000105493265
3.0561168e-06,7.2411826e-06,2.616949e-06,0.00061737734,9.867717e-07,0.00043140183,0.9987931,1.8707904e-05,4.6032616e-05,7.937847e-05
2.1428189e-06,9.616087e-06,2.7421584e-06,0.00039682476,6.992254e-07,0.00071316765,0.9987393,2.0531012e-05,4.9828566e-05,6.5193555e-05
1.9051465e-06,1.3268727e-05,3.7589782e-06,0.00038220754,5.160643e-07,0.0012043389,0.9982374,1.3551208e-05,7.3699586e-05,6.92401e-05
3.0857468e-06,2.5805688e-05,3.0207464e-06,0.0003135776,5.9141337e-07,0.00096687954,0.998384,7.875328e-06,0.00023234404,6.2888845e-05
3.0279485e-05,0.00012033239,2.067576e-06,0.0018647606,1.1562291e-06,0.0040443535,0.97471386,1.0402282e-05,0.016990444,0.002222364
3.1867472e-05,6.9826724e-06,4.5437136e-07,8.226382e-06,1.8764139e-07,0.00035075375,0.0013534612,1.45738195e-05,0.99727434,0.0009590327
1.11181125e-05,4.5679444e-06,2.3441387e-07,1.588249e-05,1.4749527e-07,0.00010478884,0.00018325451,5.8641376e-06,0.9984415,0.0012326291
1.1151063e-05,3.5586997e-06,1.6327827e-07,5.1676187e-05,1.708518e-07,6.120953e-05,6.5791355e-05,2.0050932e-06,0.99842346,0.0013808319
2.3797074e-05,3.506368e-06,2.5441597e-07,0.00029738244,4.4288203e-07,8.865962e-05,4.5254626e-05,1.1266307e-06,0.9962054,0.003334199
2.1157657e-05,3.125538e-06,2.495022e-07,0.00023245333,3.5850863e-07,0.00016696044,3.705297e-05,1.3119617e-06,0.99548423,0.0040531396
1.9863057e-05,3.0691078e-06,2.1409659e-07,0.00015232577,2.556747e-07,0.00018446437,2.6616459e-05,1.2587766e-06,0.99570495,0.003907003
1.6754613e-05,3.244581e-06,1.6695087e-07,8.4326304e-05,1.721948e-07,0.00025189618,1.7218657e-05,1.6237525e-06,0.99616003,0.0034646052
1.8126802e-05,3.8160565e-06,1.0176295e-07,5.6022604e-05,1.9281183e-07,0.00019713846,1.1165322e-05,1.4706667e-06,0.99672526,0.0029865662
2.0803587e-05,4.289191e-06,5.8991397e-08,2.7991988e-05,1.5831863e-07,0.00013206317,6.5279655e-06,1.3151306e-06,0.99774784,0.0020589943
3.137873e-05,4.805742e-06,3.8575173e-08,1.2979635e-05,1.2875422e-07,8.4762985e-05,3.2055177e-06,1.3720327e-06,0.99832934,0.0015319734
3.1581112e-05,2.6245423e-06,2.5681564e-08,5.415209e-06,7.0158926e-08,3.8776772e-05,3.2853989e-06,1.2143638e-06,0.99931824,0.0005987674
2.7251186e-05,1.3422843e-06,3.3717615e-08,5.129105e-06,4.794745e-08,2.6247377e-05,6.6394527e-06,8.433666e-07,0.9995048,0.00042770445
2.5289484e-05,9.1851155e-07,5.139875e-08,5.259241e-06,3.8341128e-08,2.1208287e-05,9.831508e-06,6.5183303e-07,0.9995665,0.00037036077
2.4258221e-05,7.866299e-07,7.090155e-08,5.547953e-06,3.280023e-08,1.9831108e-05,1.2208238e-05,6.07112e-07,0.9995745,0.00036214603
2.2805016e-05,8.526296e-07,7.663787e-08,6.1693e-06,3.4044838e-08,2.1088556e-05,1.3760338e-05,8.525508e-07,0.99952877,0.00040570728
2.691752e-05,1.1889032e-06,6.576435e-08,6.9066386e-06,3.2414317e-08,2.7119273e-05,1.4179966e-05,1.2728448e-06,0.9994142,0.0005081001
3.5367637e-05,1.6808345e-06,4.5359734e-08,5.574163e-06,4.6172836e-08,2.1117212e-05,1.0126499e-05,1.4337932e-06,0.9993886,0.0005360346
8.029173e-05,2.3947098e-06,3.308436e-08,4.765925e-06,7.2616174e-08,1.727435e-05,7.396929e-06,1.2584298e-06,0.9994068,0.00047974518
9.351754e-05,2.783695e-06,4.4008317e-08,6.2851886e-06,5.2197205e-08,3.5592468e-05,1.2669348e-05,1.7864354e-06,0.9992157,0.000631537
0.001275621,2.9498212e-06,1.0268891e-07,1.2862338e-05,1.1625796e-07,7.3932984e-05,1.800642e-05,4.337348e-07,0.9980627,0.00055343023
0.6316021,8.929329e-06,1.6947724e-06,7.333269e-05,2.111082e-06,0.00017051514,9.689798e-05,2.713972e-07,0.367745,0.00029917594
0.7784063,5.0963386e-06,3.1034533e-06,1.1490245e-05,2.3206649e-06,2.5131705e-05,0.00024181182,1.8341127e-07,0.22125459,4.9939244e-05
0.85925084,5.0636386e-06,5.258762e-06,4.8500588e-06,2.6647997e-06,1.42716935e-05,0.0004615579,2.811458e-07,0.140231,2.4339168e-05
0.9097744,5.4023203e-06,7.3282818e-06,2.8995735e-06,2.6283476e-06,9.331169e-06,0.0006030514,3.942846e-07,0.08957683,1.7728991e-05
0.94865674,5.210814e-06,6.6344955e-06,1.9108368e-06,2.202132e-06,6.451252e-06,0.00056982454,4.3294003e-07,0.050735965,1.4738938e-05
0.97472614,5.001539e-06,4.5386264e-06,1.1660303e-06,1.708089e-06,4.6778773e-06,0.00044567685,4.4853752e-07,0.024798581,1.1971653e-05
0.98865825,4.8870465e-06,2.6166633e-06,6.423255e-07,1.2593346e-06,3.814968e-06,0.00029572906,5.135478e-07,0.0110231,9.25347e-06
0.9942379,5.2026767e-06,1.7087696e-06,3.9646415e-07,1.0065754e-06,3.2610992e-06,0.00020600652,5.7896665e-07,0.0055365935,7.3397696e-06
0.9961047,5.1818297e-06,1.4801545e-06,2.9703313e-07,9.008835e-07,2.8686131e-06,0.00017840763,7.474622e-07,0.003699187,6.2450868e-06
0.99783105,5.6239364e-06,9.400279e-07,2.2180691e-07,7.0699684e-07,2.2081588e-06,0.00014707237,9.909451e-07,0.0020062604,5.0224576e-06
0.99928266,5.701818e-06,1.0500112e-06,2.4318348e-07,1.3452817e-06,2.8062561e-06,0.00019512828,9.821186e-07,0.00049685535,1.3277899e-05
0.99877316,6.918011e-06,2.0032262e-06,3.7625043e-07,1.8739036e-06,4.8043535e-06,0.0005608869,1.3140963e-06,0.00062682555,2.1740305e-05
0.9984188,9.0994345e-06,2.7077501e-06,5.2044504e-07,2.4715696e-06,5.1711477e-06,0.0008951453,1.6797961e-06,0.00063429325,3.0020394e-05
0.9978684,1.0599075e-05,3.805731e-06,5.9602655e-07,3.661741e-06,8.813629e-06,0.0013026162,2.0065906e-06,0.00076809915,3.1448435e-05
0.9966967,1.6085743e-05,5.2844753e-06,9.417501e-07,5.897305e-06,1.4295282e-05,0.002352313,2.7879596e-06,0.00086251594,4.3082306e-05
0.9938631,1.7178545e-05,8.773909e-06,1.6310086e-06,1.6910264e-05,1.5798716e-05,0.004890179,5.809142e-06,0.0011297468,5.076615e-05
0.993238,1.1359474e-05,1.13375045e-05,4.261078e-06,7.677783e-05,6.7926317e-06,0.005605117,8.1009175e-06,0.0009791255,5.923275e-05
0.9811872,1.3538735e-05,4.7363745e-05,2.041874e-05,0.0017021378,1.3448001e-05,0.014138935,6.0228107e-05,0.002698163,0.00011861523
0.9553169,2.2708493e-05,0.00017207811,5.552204e-05,0.008626239,6.2703686e-05,0.029985607,7.5803415e-05,0.0053565144,0.0003259521
0.854436,3.0510859e-05,0.0014975993,0.00040280598,0.08010783,8.663862e-05,0.048834592,3.7176553e-05,0.011253106,0.0033136967
0.0010272934,1.4172843e-05,0.003995639,0.0010065599,0.98390305,6.1845014e-05,0.0041324194,2.4720022e-05,0.00021878067,0.0056154397
0.00021388127,5.7932843e-06,0.0032411076,0.0018674476,0.9879331,3.7635135e-05,0.0036404906,7.757551e-06,0.00014516288,0.0029075623
9.0881644e-05,2.40863e-06,0.003024215,0.0011325085,0.9932086,1.766651e-05,0.0015402366,6.3042007e-06,0.000101008525,0.00087613694
9.358038e-05,1.549274e-06,0.0039009412,0.0011904797,0.9931339,1.4645874e-05,0.0010893651,4.7897497e-06,0.00010324465,0.000467471
9.8842196e-05,1.1140929e-06,0.004866291,0.00069800223,0.99340516,6.631943e-06,0.00056388613,6.977752e-06,0.00011442727,0.00023866574
7.329711e-05,1.0668135e-06,0.0061385473,0.0010115113,0.99193704,6.9430635e-06,0.0005198015,7.21453e-06,0.00013671638,0.00016796945
4.8693473e-05,6.6526894e-07,0.0045967232,0.0004358179,0.9944161,1.23048185e-05,0.00032550222,8.680794e-06,9.260407e-05,6.291862e-05
7.4917974e-05,5.064463e-07,0.0034910704,0.0003805044,0.99573493,1.1926725e-05,0.00016463443,7.6114416e-06,8.4111656e-05,4.964372e-05
5.847023e-05,7.695036e-07,0.002261961,0.00026394753,0.99720603,1.915247e-05,7.479811e-05,1.05774425e-05,5.4850483e-05,4.9480277e-05
2.8421286e-05,5.730492e-07,0.0007001692,0.00021411947,0.99888784,2.5751211e-05,9.324049e-05,8.529549e-06,1.3256435e-05,2.8147635e-05
2.2064387e-05,7.6521826e-07,0.00047896485,0.00048199322,0.99880326,1.3253239e-05,0.00013947807,6.1093847e-06,7.939392e-06,4.6176112e-05
1.0037572e-05,1.7617031e-06,0.0005315045,0.00085172325,0.9981743,1.5195241e-05,0.0003170159,4.656402e-06,9.657246e-06,8.402777e-05
1.0928635e-05,3.0734013e-06,0.001390037,0.0014022678,0.99526054,3.476947e-05,0.0016492478,3.2911112e-06,1.8333865e-05,0.0002274223
9.995443e-06,4.0975424e-06,0.0017399839,0.004250914,0.98832756,4.017544e-05,0.005308132,5.8241158e-06,1.9662917e-05,0.00029359793
1.49369125e-05,2.9667472e-06,0.0020725008,0.01143069,0.96551913,3.9635484e-05,0.02053418,1.6237818e-05,4.017305e-05,0.0003294873
2.5039448e-05,4.5700835e-06,0.003457072,0.045897294,0.87283736,9.230708e-05,0.07708525,2.8956407e-05,7.001683e-05,0.00050204754
4.2072767e-05,5.4974507e-06,0.0016406757,0.1382979,0.6636004,0.00024651017,0.19534631,7.0154216e-05,6.485656e-05,0.0006856078
8.994419e-05,3.9927286e-06,0.0021999816,0.14164086,0.7245639,0.00026037265,0.12924412,9.955591e-05,7.174649e-05,0.0018254948
0.0001224684,8.501014e-06,0.0018101396,0.111582816,0.6607046,0.0020057347,0.22018328,0.00014811385,5.0394116e-05,0.0033839156
0.00015939055,1.951813e-05,0.0004583142,0.069172926,0.47630152,0.003991094,0.44740397,0.00014442492,3.3563294e-05,0.0023152889
2.9438552e-05,5.3953565e-05,0.000118646756,0.10503477,0.08888519,0.0016685451,0.8025562,3.588641e-05,2.0184349e-05,0.0015972253
1.628692e-06,3.103055e-05,2.0820537e-05,0.017464796,0.00035048017,0.0002086692,0.98106307,3.6373021e-06,8.3052e-06,0.0008476141
2.1415935e-05,2.5134839e-06,7.75243e-05,0.00024128178,0.0005981902,5.9598588e-05,0.9988142,8.56779e-06,3.6788286e-05,0.0001399358
1.7269647e-05,1.9018939e-06,3.1071057e-05,8.6553126e-05,5.343654e-05,2.9055882e-05,0.99966383,1.6800417e-05,4.9338123e-05,5.071782e-05
1.138584e-05,2.2585739e-06,2.3868484e-05,9.983145e-05,1.2481651e-05,2.3020457e-05,0.9996809,3.6087655e-05,7.080251e-05,3.9525006e-05
1.939983e-05,3.251291e-06,1.5452044e-05,0.00026885117,7.205659e-06,2.628862e-05,0.9994747,3.8223214e-05,0.0001089524,3.7584887e-05
4.820533e-05,5.1110037e-06,1.282493e-05,0.0013785713,6.717928e-06,2.6831047e-05,0.9982607,1.8577208e-05,0.00017360185,6.888664e-05
7.224641e-05,8.684965e-06,1.1230279e-05,0.0060067023,6.7865562e-06,4.9674927e-05,0.9934651,7.3368487e-06,0.0002276668,0.00014443256
7.382005e-05,1.0951787e-05,1.1817337e-05,0.036109563,3.3143642e-05,5.8572212e-05,0.9631835,3.851418e-06,0.00017227799,0.00034248273
4.8127542e-05,7.520227e-06,1.0054763e-05,0.045356996,7.296814e-05,6.447453e-05,0.9539885,2.5827617e-06,0.00010766882,0.00034108784
3.2334054e-05,1.22029705e-05,6.7261826e-06,0.119349584,0.00020225809,5.241802e-05,0.8798206,2.3588705e-06,9.31444e-05,0.00042838053
4.231762e-05,1.5576563e-05,9.078652e-06,0.21930563,0.00041127534,4.4914454e-05,0.77949023,2.2105646e-06,0.00012553591,0.0005532407
8.3527324e-05,1.6243674e-05,1.489802e-05,0.35207897,0.0009991465,2.9377754e-05,0.64578724,2.1952437e-06,0.00021710742,0.0007712107
4.9388032e-05,1.1761929e-05,2.3208737e-05,0.27550513,0.000676964,3.1841613e-05,0.72302353,1.9403046e-06,0.00013564048,0.00054062303
3.313477e-05,1.0036067e-05,3.7056983e-05,0.23291281,0.00047449503,3.5449975e-05,0.76600724,1.7257215e-06,8.3607614e-05,0.0004043486
3.134843e-05,1.0192429e-05,4.4492725e-05,0.2181012,0.00043507313,4.0508377e-05,0.78095514,1.6846473e-06,6.32435e-05,0.0003171372
2.870629e-05,1.0256298e-05,4.5674344e-05,0.19281697,0.00040937433,4.2920903e-05,0.8063374,1.7477732e-06,5.4594435e-05,0.00025236246
2.738041e-05,1.1584335e-05,4.6430097e-05,0.22494403,0.0005119381,4.305506e-05,0.7741351,1.5471046e-06,5.61861e-05,0.00022275226
4.8078975e-05,1.3582953e-05,7.3709314e-05,0.6963249,0.0014297314,2.7253525e-05,0.30155608,1.4689901e-06,6.9639784e-05,0.00045556854
5.1963892e-05,1.4004045e-05,6.495573e-05,0.6919536,0.001462471,2.5226298e-05,0.3058804,1.6029667e-06,7.314684e-05,0.00047265657
5.655178e-05,1.4213625e-05,5.5106113e-05,0.68844354,0.001611372,2.3721394e-05,0.30923474,1.7421416e-06,8.0410326e-05,0.00047864232
5.548981e-05,1.3947496e-05,5.268289e-05,0.68961376,0.0016610151,2.2980863e-05,0.30800533,1.8483676e-06,8.212124e-05,0.00049081637
5.342664e-05,1.3951909e-05,5.144442e-05,0.7021126,0.0017006932,2.244356e-05,0.29546526,1.8279711e-06,8.0905345e-05,0.0004973487
5.0893923e-05,1.4165308e-05,5.1576415e-05,0.72058564,0.001713512,2.2229799e-05,0.27699187,1.7320255e-06,7.675986e-05,0.0004915701
4.7701513e-05,1.4614512e-05,5.263555e-05,0.7413854,0.0016844099,2.2181592e-05,0.25624514,1.6081505e-06,7.0628346e-05,0.0004757306
4.6957382e-05,1.4651782e-05,5.3422733e-05,0.7456723,0.0017511636,2.2617545e-05,0.25190693,1.5054217e-06,7.166246e-05,0.00045884322
4.6704594e-05,1.4673145e-05,5.41369e-05,0.7469725,0.001810679,2.3016128e-05,0.2505587,1.4360216e-06,7.3107716e-05,0.0004449973
4.6993275e-05,1.4645931e-05,5.472254e-05,0.7448905,0.0018809756,2.3326495e-05,0.25257728,1.3976542e-06,7.540045e-05,0.00043477985
4.776863e-05,1.4556791e-05,5.5244043e-05,0.73941493,0.0019751713,2.35821e-05,0.25796047,1.3809228e-06,7.882402e-05,0.00042794395
4.9000297e-05,1.4395475e-05,5.5568955e-05,0.7316882,0.0020996481,2.3811319e-05,0.26556018,1.3722097e-06,8.365724e-05,0.00042418137
3.7335343e-05,1.0775688e-05,7.9001016e-05,0.5278627,0.0018750193,3.237505e-05,0.46967307,1.9783158e-06,8.5008935e-05,0.00034271562
4.3153465e-05,8.906308e-06,0.0001528491,0.49168146,0.0013322738,3.2784308e-05,0.50628406,1.9399354e-06,9.556682e-05,0.00036701653
4.8529604e-05,8.096602e-06,0.00029395727,0.50536495,0.0011066474,3.3424247e-05,0.4926005,1.9572788e-06,0.00011624052,0.00042580895
5.5647746e-05,8.439586e-06,0.00052202365,0.5298069,0.0011061701,3.7724243e-05,0.4677873,2.0552523e-06,0.00015191638,0.00052177534
5.4407337e-05,9.71563e-06,0.0007459787,0.54554594,0.0013256557,4.313932e-05,0.45144302,2.2927215e-06,0.00018974034,0.0006400815
4.7733367e-05,1.186187e-05,0.00078053825,0.5410519,0.0014987167,4.235529e-05,0.455627,2.5239294e-06,0.00020429106,0.0007329775
4.3626962e-05,1.6203177e-05,0.00069616665,0.5057507,0.0015963871,3.631242e-05,0.49091038,2.8124564e-06,0.00019753672,0.00074982643
3.7874106e-05,2.4237768e-05,0.0007790795,0.45677426,0.0018375493,4.4728193e-05,0.5396598,3.1966936e-06,0.00017843871,0.00066078675
1.9402723e-05,3.7773378e-05,0.00073760876,0.44316477,0.0017771259,6.559677e-05,0.55348814,3.7787806e-06,0.00010609689,0.0005997091
9.969789e-06,3.3614113e-05,0.005932267,0.2804695,0.00087592204,0.0002902595,0.71172684,6.249654e-06,6.446236e-05,0.00059097813
6.500849e-06,1.869217e-06,0.9946661,0.0006111534,4.98321e-06,0.00036339145,0.0042687133,1.4343735e-06,1.9848787e-05,5.6005963e-05
6.245851e-07,6.850755e-07,0.99961877,4.0438084e-05,2.8584486e-07,8.558888e-05,0.00023247127,4.013915e-07,7.0776814e-06,1.3637852e-05
5.1296098e-08,4.715649e-07,0.99986184,2.0384548e-05,9.440251e-08,3.1835978e-05,6.5941524e-05,2.753608e-07,6.4553114e-06,1.2765e-05
1.7944501e-08,4.0156345e-07,0.99988866,1.9023171e-05,6.220423e-08,2.8659857e-05,2.995032e-05,2.2880877e-07,9.18116e-06,2.3785748e-05
1.5778156e-08,4.791756e-07,0.99984384,2.2221664e-05,5.302339e-08,3.9291426e-05,2.3911201e-05,1.8505924e-07,1.6756538e-05,5.3158703e-05
1.7362485e-08,7.345027e-07,0.99974614,2.7554386e-05,5.0841248e-08,5.7954523e-05,2.7942164e-05,1.5995387e-07,2.864588e-05,0.00011081387
1.9149358e-08,1.0655356e-06,0.9996847,2.8063878e-05,5.1738482e-08,6.650386e-05,2.9036544e-05,1.414568e-07,3.226472e-05,0.00015817738
2.1686054e-08,1.2286531e-06,0.99977714,1.8437575e-05,4.1736506e-08,4.5560297e-05,1.706093e-05,1.3130375e-07,1.8907851e-05,0.00012151694
3.1066854e-08,1.3509202e-06,0.99989533,8.438953e-06,2.3995296e-08,1.9215608e-05,5.984451e-06,1.5652617e-07,7.5804955e-06,6.1877254e-05
4.306718e-08,1.614283e-06,0.99994445,3.1609895e-06,1.489796e-08,9.3081e-06,1.6465693e-06,2.3734094e-07,3.6629012e-06,3.5840592e-05
3.8104986e-08,2.9128917e-06,0.9999516,1.9098145e-06,1.1499979e-08,8.499205e-06,7.545733e-07,3.1711986e-07,3.236646e-06,3.0731237e-05
3.8109782e-08,2.9128666e-06,0.9999516,1.909636e-06,1.1499934e-08,8.499287e-06,7.545906e-07,3.1713378e-07,3.2371277e-06,3.0731764e-05
3.81148e-08,2.912628e-06,0.9999516,1.9092317e-06,1.1499627e-08,8.499101e-06,7.5458627e-07,3.1716039e-07,3.2374148e-06,3.0730476e-05
3.8117854e-08,2.9122334e-06,0.9999516,1.9087986e-06,1.1499452e-08,8.4985895e-06,7.5456256e-07,3.1717732e-07,3.2374458e-06,3.072617e-05
3.811807e-08,2.9118307e-06,0.9999516,1.9085182e-06,1.1499518e-08,8.497885e-06,7.545489e-07,3.171725e-07,3.2373746e-06,3.0720395e-05
3.8116617e-08,2.9115752e-06,0.9999516,1.90848e-06,1.1499715e-08,8.497212e-06,7.545618e-07,3.1715132e-07,3.2374087e-06,3.0716354e-05
3.8114365e-08,2.9113642e-06,0.9999516,1.9085437e-06,1.1499803e-08,8.497172e-06,7.546014e-07,3.1712258e-07,3.2376743e-06,3.0713687e-05
3.811131e-08,2.9112725e-06,0.9999516,1.9087513e-06,1.1499979e-08,8.498022e-06,7.5465823e-07,3.1708356e-07,3.238054e-06,3.071354e-05
3.8109782e-08,2.911678e-06,0.9999516,1.908946e-06,1.1499276e-08,8.497576e-06,7.547187e-07,3.1709112e-07,3.2383969e-06,3.0715415e-05
3.8122945e-08,2.9125167e-06,0.9999516,1.9091008e-06,1.150068e-08,8.495632e-06,7.5467335e-07,3.1709385e-07,3.2393418e-06,3.0718344e-05
3.8137994e-08,2.9123862e-06,0.9999516,1.9089496e-06,1.1502918e-08,8.493671e-06,7.546942e-07,3.1707933e-07,3.2408932e-06,3.071603e-05
3.815335e-08,2.9119278e-06,0.9999516,1.9083816e-06,1.1502962e-08,8.492464e-06,7.546417e-07,3.1716885e-07,3.240612e-06,3.071436e-05
3.8164192e-08,2.9114224e-06,0.9999516,1.9075956e-06,1.1503532e-08,8.490844e-06,7.545086e-07,3.1723178e-07,3.2398825e-06,3.0705516e-05
3.8165286e-08,2.9109976e-06,0.9999516,1.9070317e-06,1.1504037e-08,8.489541e-06,7.544093e-07,3.1723573e-07,3.2394994e-06,3.0694453e-05
3.8158444e-08,2.91072e-06,0.9999516,1.906828e-06,1.1504256e-08,8.488918e-06,7.54382e-07,3.1720123e-07,3.239626e-06,3.0686697e-05
3.8148546e-08,2.9105645e-06,0.9999516,1.906868e-06,1.1504323e-08,8.48891e-06,7.54405e-07,3.171525e-07,3.2400897e-06,3.068295e-05
3.814025e-08,2.910512e-06,0.9999516,1.9070826e-06,1.1504256e-08,8.489412e-06,7.544597e-07,3.1710897e-07,3.240686e-06,3.068292e-05
3.8136612e-08,2.9106368e-06,0.9999516,1.9073627e-06,1.1503928e-08,8.490391e-06,7.5451726e-07,3.1709627e-07,3.2411745e-06,3.0685846e-05
3.8140833e-08,2.9109117e-06,0.9999516,1.9076265e-06,1.1503401e-08,8.491622e-06,7.5456757e-07,3.1711411e-07,3.2413536e-06,3.0689564e-05
3.8153058e-08,2.9112587e-06,0.9999516,1.907652e-06,1.1502545e-08,8.492424e-06,7.5461935e-07,3.1717067e-07,3.2411929e-06,3.069059e-05
3.3485364e-08,3.3874555e-06,0.9999398,2.8388408e-06,1.6136044e-08,9.087833e-06,9.169086e-07,2.3716538e-07,3.049491e-06,4.0619034e-05
2.777884e-08,3.306107e-06,0.9999231,4.5510287e-06,1.9799401e-08,1.11857935e-05,1.2894718e-06,2.0851385e-07,2.7527074e-06,5.3608757e-05
2.394663e-08,2.7768438e-06,0.99990785,6.255594e-06,2.248347e-08,1.5089411e-05,1.8643378e-06,1.9457492e-07,2.6777884e-06,6.31459e-05
1.8379248e-08,2.2114978e-06,0.9998976,8.049138e-06,2.5609408e-08,1.9216697e-05,2.6966634e-06,1.8450878e-07,2.7289975e-06,6.719033e-05
1.2703722e-08,1.7052765e-06,0.99989784,9.699936e-06,3.039529e-08,2.1964965e-05,3.8468825e-06,1.8411878e-07,2.7086649e-06,6.199087e-05
8.471236e-09,1.4062849e-06,0.999907,1.10383135e-05,3.6399136e-08,2.1946154e-05,5.2605105e-06,2.1890487e-07,2.4563587e-06,5.0645467e-05
6.4894965e-09,1.3913233e-06,0.9999198,1.1460108e-05,4.2251507e-08,1.9781188e-05,6.5949766e-06,3.3706291e-07,2.0731345e-06,3.8559607e-05
6.39824e-09,1.8391146e-06,0.99993706,8.7815415e-06,4.531707e-08,2.2287431e-05,6.221033e-06,7.473898e-07,1.403883e-06,2.1674105e-05
1.41050815e-08,3.724312e-06,0.9999218,1.826689e-05,1.1240883e-07,1.7657645e-05,1.3742074e-05,9.584868e-07,1.8514119e-06,2.1827731e-05
7.4709106e-07,7.05337e-05,0.9972988,0.0015057089,3.9376687e-06,3.657283e-05,0.0008616032,1.0134307e-06,4.9544517e-05,0.00017163399
3.1068141e-06,0.0006162165,0.0030099617,0.9331784,0.00024869095,9.022757e-05,0.061028678,1.0521193e-06,7.168505e-05,0.0017520831
2.5126637e-06,0.00018465586,0.0011026707,0.8823233,0.0003610452,0.00021766081,0.115035385,7.994399e-07,5.3124473e-05,0.00071873225
1.4804787e-06,0.00014178563,0.00054438895,0.89349425,0.00043806192,0.00044343917,0.10442789,7.3970966e-07,3.938086e-05,0.00046863718
8.3553863e-07,0.00013350889,0.0003364775,0.9092854,0.0005244618,0.00074717915,0.088568166,8.4821903e-07,2.7478747e-05,0.00037556412
5.4692873e-07,0.00012819805,0.00029689464,0.9148937,0.00057513395,0.0010441559,0.082746275,1.2636855e-06,1.797304e-05,0.00029581445
4.3472127e-07,0.000119194825,0.00032875803,0.91754717,0.0006281096,0.00089822646,0.080242075,2.0566067e-06,1.1646049e-05,0.00022232154
4.8094637e-07,0.00013045207,0.0001282125,0.938294,0.0007931799,0.0006009286,0.059880275,3.845079e-06,5.373572e-06,0.00016331536
1.343808e-06,7.997192e-05,0.00012997967,0.936089,0.0013024485,0.00024012693,0.061972383,2.6898533e-06,7.912253e-06,0.00017414383
5.1034017e-06,3.130932e-05,8.345857e-05,0.8980189,0.0012385458,4.3982513e-05,0.10030881,8.529656e-07,1.6375361e-05,0.0002527374
1.2904125e-05,2.6207434e-05,5.5880133e-05,0.83488256,0.0012951671,3.3741602e-05,0.16338243,7.888039e-07,4.0055158e-05,0.00027023663
9.745189e-06,2.2004122e-05,2.2138474e-05,0.9349179,0.0015265578,2.714401e-05,0.06315503,5.09513e-07,5.1629537e-05,0.00026720643
5.742859e-06,2.674308e-05,1.4028612e-05,0.9475742,0.0013358867,3.2576958e-05,0.050723348,6.478468e-07,4.4729593e-05,0.00024206848
3.1713757e-06,3.210631e-05,1.2014197e-05,0.95424896,0.0010375035,4.5110057e-05,0.04434284,8.080929e-07,3.234069e-05,0.00024520172
2.4104006e-06,4.7721034e-05,8.71459e-06,0.954841,0.0008311929,6.368745e-05,0.043931946,1.1038964e-06,2.4521381e-05,0.00024761257
2.2409722e-06,3.2840893e-05,1.5857877e-05,0.9381994,0.0020482738,7.892313e-05,0.059144385,1.2493282e-06,2.3696226e-05,0.00045315837
3.6580063e-06,3.559805e-05,1.8718449e-05,0.91335297,0.0037022117,0.00010946164,0.0820242,1.2912724e-06,2.9249053e-05,0.0007225805
6.295491e-06,8.4218525e-05,1.894726e-05,0.8815906,0.004714375,6.390445e-05,0.11242316,2.087691e-06,3.4404537e-05,0.0010620223
7.5069916e-06,0.00021850095,3.6965586e-05,0.8808113,0.010837201,0.000112256035,0.10592869,3.6295069e-06,4.2508676e-05,0.0020013968
1.3715258e-05,0.00026419703,0.00011239729,0.85943514,0.027667806,7.449545e-05,0.10943976,7.682681e-06,7.826373e-05,0.002906479
2.306212e-05,0.00041326237,0.0004394482,0.51521623,0.40556636,0.00031018426,0.070366144,3.0173023e-05,5.0325336e-05,0.0075849043
1.4049784e-05,0.0005825843,0.0024070607,0.005309311,0.9867688,0.00035862057,0.0012727847,0.0003077728,1.1883812e-05,0.0029671972
2.3869085e-05,0.00032762755,0.0012223413,0.0008983734,0.9953917,0.00019857744,0.00063895725,0.00040001317,7.0508986e-06,0.0008913694
4.018188e-05,0.00017188326,0.0008488536,0.0005810955,0.9958891,0.0006125237,0.00077185,0.00018796953,6.414027e-06,0.0008901668
2.7223814e-05,6.8914655e-05,0.0011273626,0.0006901166,0.9956872,0.0007984777,0.0005653065,3.4513483e-05,4.370682e-06,0.0009964869
4.472161e-05,1.9566847e-05,0.0012119666,0.00039558942,0.9970536,0.00017575183,0.00039238445,1.72774e-05,5.5869796e-06,0.0006835189
7.929652e-05,1.5035877e-05,0.0011902052,0.0004531271,0.9970324,6.676608e-05,0.00030123937,1.57889e-05,7.680117e-06,0.0008384263
0.00010027053,3.0005636e-05,0.0005993703,0.00064014556,0.99727815,0.00011956237,0.00025421495,2.3464505e-05,6.3659495e-06,0.0009484026
6.572582e-05,2.3136716e-05,0.0006510566,0.00040484645,0.9977114,0.00016902928,0.0001521212,3.3285552e-05,6.703195e-06,0.00078272243
3.1967247e-05,9.235921e-06,0.00055335945,0.00017134538,0.99849045,0.00021284737,0.00012452465,2.7716023e-05,6.904764e-06,0.00037162687
3.4238037e-05,5.544881e-06,0.00054039754,0.00019791443,0.9985056,0.0001900147,0.00011724712,1.0609232e-05,9.038531e-06,0.00038939694
9.288125e-05,3.9980405e-06,0.0012507952,0.00023971769,0.9967451,7.3435665e-05,0.00013187245,1.2619344e-05,0.00012708189,0.0013224715
0.00010965112,8.723473e-06,0.0013137297,0.0007951779,0.99159276,7.336873e-05,0.0003895339,1.2590344e-05,0.00040216165,0.0053023472
6.753539e-05,1.1876269e-05,0.0010413559,0.0010481506,0.99187523,7.95798e-05,0.00082382036,1.1477497e-05,0.00020446091,0.0048366673
4.9164286e-05,9.85664e-06,0.0012036674,0.0012548568,0.9926082,0.00013882609,0.0011441214,6.983047e-06,8.4748484e-05,0.003499593
4.0817e-05,8.393194e-06,0.0013083644,0.0010040521,0.9949203,0.00017915416,0.00079224014,3.6983859e-06,5.0511444e-05,0.0016924631
5.7838126e-05,1.1742038e-05,0.00081053434,0.0008112865,0.99509084,0.00026789514,0.00088207796,6.470212e-06,6.7517096e-05,0.001993713
5.0321334e-05,1.4426355e-05,0.00046178495,0.00061582215,0.996033,0.00029892143,0.0008687458,1.2071548e-05,0.000106806154,0.0015381194
3.0543935e-05,1.1777162e-05,0.00069633196,0.0006046541,0.99590355,0.00054836937,0.00067464873,8.34204e-06,0.00017699362,0.0013447558
2.3405044e-05,1.3330449e-05,0.0012947584,0.0011238678,0.9932957,0.00047608672,0.00054481206,9.539099e-06,0.0005181656,0.0027002494
7.6044365e-05,3.1871336e-05,0.0005988975,0.0014037179,0.99169403,8.23405e-05,0.00019650787,2.0667663e-05,0.0007132503,0.005182602
0.0026566102,4.6993653e-05,4.8668477e-05,0.0004378994,0.054019693,0.00022406042,0.00018479933,9.551389e-05,0.90623444,0.036051333
0.000101922575,1.8692082e-05,2.3256434e-05,0.0005050779,0.0011887843,8.737044e-05,6.712397e-05,2.4320409e-05,0.92717534,0.07080803
1.7277485e-05,5.229785e-06,2.8829843e-05,0.00041842335,5.7246423e-05,2.6408106e-05,4.3711065e-05,5.094786e-06,0.9695551,0.02984276
9.905225e-06,2.1110604e-06,1.1926805e-05,0.00018203082,7.2799758e-06,1.9771276e-05,3.2630476e-05,2.7047422e-06,0.98442626,0.015305395
9.996069e-06,1.6434938e-06,4.098237e-06,0.00010620355,2.0041903e-06,1.3362739e-05,2.4204088e-05,1.4939698e-06,0.9885733,0.011263713
1.3137927e-05,2.11295e-06,1.4785119e-06,0.00010572394,1.1475273e-06,1.3607259e-05,1.8663612e-05,1.5819816e-06,0.98735875,0.012483758
1.4803345e-05,2.4232772e-06,6.720937e-07,8.6904256e-05,9.2550033e-07,2.3821895e-05,1.3375671e-05,2.2895736e-06,0.9875559,0.012298885
2.2991107e-05,3.6380925e-06,2.1586303e-07,4.642325e-05,6.389507e-07,3.156168e-05,7.0596107e-06,2.9130981e-06,0.99121314,0.008671421
3.8741615e-05,4.3275622e-06,6.601596e-08,1.8372304e-05,3.3852317e-07,4.0565414e-05,4.1125836e-06,2.7149981e-06,0.99599093,0.0038998283
4.2864776e-05,4.569784e-06,3.5988943e-08,6.424926e-06,9.861738e-08,0.00013407634,3.3970668e-06,3.819272e-06,0.99798477,0.0018199784
3.3603428e-05,8.216871e-06,8.438934e-08,1.1910434e-05,4.56092e-08,0.00035073698,2.9883106e-06,2.9170048e-06,0.9969471,0.0026423398
7.0697584e-05,2.316868e-05,1.2685028e-07,6.195544e-05,1.617379e-07,0.0003448897,5.596618e-06,4.0981354e-06,0.98126847,0.018220901
7.896229e-05,2.9647252e-05,1.301017e-07,0.00010692893,3.597129e-07,0.0001771978,8.426491e-06,5.617008e-06,0.96112823,0.03846453
7.6409204e-05,5.4246764e-05,2.594256e-07,0.00024084013,4.6752618e-07,0.00022674348,1.3255586e-05,1.7079958e-05,0.8770274,0.122343436
7.904923e-05,7.307569e-05,3.6744163e-07,0.0003241222,4.9529916e-07,0.00019458975,1.4672646e-05,2.1311205e-05,0.80701184,0.19228053
7.769661e-05,7.146588e-05,4.06681e-07,0.00027546193,4.3415665e-07,0.00013779075,1.2739861e-05,2.267507e-05,0.811942,0.1874593
8.329771e-05,5.8142905e-05,3.0628382e-07,0.00015888577,4.833441e-07,7.673678e-05,8.318216e-06,2.5671608e-05,0.8846783,0.11490974
8.2851904e-05,4.0348572e-05,2.3983947e-07,8.140172e-05,5.2668435e-07,4.114391e-05,5.107544e-06,2.7289392e-05,0.9400294,0.059691615
9.576588e-05,3.0789954e-05,2.8514344e-07,4.827384e-05,4.0190656e-07,3.058699e-05,3.6042707e-06,4.1349518e-05,0.95264715,0.047101807
0.0001745958,8.758598e-05,9.866517e-07,7.831153e-05,7.176681e-07,3.8752605e-05,4.46005e-06,0.00014018068,0.8308988,0.16857566
1.9953424e-05,0.00035443113,1.7901925e-06,0.000367886,6.655556e-07,1.0779061e-05,2.6148896e-06,0.0001349518,0.0055224197,0.9935846
2.7417996e-06,0.00031058528,3.2038192e-06,0.0006643808,1.1843251e-06,2.8079683e-06,2.7390631e-06,6.493733e-05,0.00025875098,0.99868864
7.821466e-07,0.0002933334,4.5882107e-06,0.00075331127,1.417701e-06,4.160033e-06,3.2507091e-06,5.8122263e-05,7.005343e-05,0.9988109
4.889328e-07,0.00023258528,5.51537e-06,0.0008160989,1.3903118e-06,4.7055487e-06,3.6091083e-06,5.3663483e-05,3.7657945e-05,0.99884415
4.220802e-07,0.00016086231,5.4010657e-06,0.0008375185,1.1370753e-06,4.118082e-06,3.7538466e-06,4.6473044e-05,2.9090379e-05,0.99891114
4.0038952e-07,0.00010835072,4.894038e-06,0.0007969234,8.6469703e-07,3.2584035e-06,3.951537e-06,4.3629112e-05,2.6755612e-05,0.9990109
3.959503e-07,7.791548e-05,4.3677137e-06,0.0007318886,6.714351e-07,2.6044725e-06,4.257208e-06,4.3639564e-05,2.6908487e-05,0.9991074
4.0005997e-07,6.20663e-05,3.931973e-06,0.0006835431,5.6790026e-07,2.2684446e-06,4.576619e-06,4.383663e-05,2.620614e-05,0.9991725
4.922824e-07,5.52759e-05,3.297178e-06,0.00079869863,5.36394e-07,2.4538817e-06,4.4761846e-06,3.4160956e-05,2.2786837e-05,0.9990778
4.950345e-07,4.4931225e-05,3.5595233e-06,0.0008025366,4.8317014e-07,2.8948575e-06,4.332685e-06,2.838989e-05,1.7852131e-05,0.9990946
4.8722393e-07,4.8468242e-05,4.6153305e-06,0.00078780553,6.20408e-07,2.9507623e-06,4.6733926e-06,3.0438852e-05,1.2077443e-05,0.9991078
4.1251798e-07,9.400411e-05,5.669655e-06,0.0013174023,9.508544e-07,3.263107e-06,5.806831e-06,5.0914015e-05,9.315854e-06,0.9985123
8.7947234e-07,0.00016057763,7.808523e-06,0.001898256,9.803731e-07,3.923778e-06,5.0678973e-06,3.5344427e-05,8.401485e-06,0.9978787
8.7918556e-07,0.00018150109,1.0281227e-05,0.0014198556,6.320067e-07,3.5346434e-06,4.2470806e-06,2.9049314e-05,8.728483e-06,0.9983413
7.0943577e-07,0.00018640944,1.3660908e-05,0.0012931719,4.6093433e-07,3.2259718e-06,4.6686673e-06,2.3184044e-05,7.571472e-06,0.998467
9.539442e-07,0.00085802673,1.771931e-05,0.0051580784,9.571298e-07,4.7883113e-06,9.863582e-06,5.0646293e-05,6.148624e-06,0.9938929
1.308215e-06,0.0011595156,1.9904353e-05,0.004039126,8.532646e-07,5.477373e-06,8.981327e-06,4.420676e-05,5.9375916e-06,0.9947148
2.4529252e-06,0.0024378633,1.709954e-05,0.0028488792,7.325508e-07,5.5875375e-06,9.095877e-06,2.7069096e-05,8.282223e-06,0.994643
9.846765e-06,0.015640302,1.9241359e-05,0.026588142,2.3527937e-06,1.967036e-05,3.6841706e-05,2.1136528e-05,1.0492147e-05,0.9576521
0.00010263974,0.21226358,6.3581974e-05,0.11798179,9.565648e-06,3.0406933e-05,0.000102790014,6.791892e-05,2.023621e-05,0.6693575
9.624251e-05,0.58526325,0.00016335124,0.04255955,5.5883042e-06,5.9764196e-05,4.46877e-05,0.00010029306,1.9295956e-05,0.37168792
0.000104204955,0.72721064,0.00040884063,0.013255991,1.2781761e-06,0.00010057551,2.530196e-05,8.863738e-05,2.2787182e-05,0.2587817
8.655881e-05,0.5290578,0.00061965734,0.016865056,5.69402e-07,0.00015268054,3.8256945e-05,7.993838e-05,3.26641e-05,0.45306686
4.4660977e-05,0.59339106,0.00036376115,0.022051236,5.389002e-07,0.00010940331,4.6232733e-05,6.813124e-05,2.7202032e-05,0.3838978
1.9067013e-05,0.87263644,0.00017867483,0.01677641,5.4167776e-07,0.000118350756,2.9169089e-05,5.2587497e-05,1.2175093e-05,0.110176526
2.139602e-05,0.8927465,0.00030701625,0.008627195,3.786328e-07,0.000101882324,2.8127033e-05,5.6368204e-05,1.473687e-05,0.098096475
2.6832815e-05,0.8825244,0.00022249865,0.007283573,9.055868e-07,3.2807566e-05,2.7142589e-05,3.7742917e-05,1.9770661e-05,0.10982434
3.4140383e-05,0.9603359,5.932186e-05,0.0048318226,2.1927822e-06,2.4380308e-05,1.7758057e-05,2.7217817e-05,9.689775e-06,0.03465764
0.000102467755,0.98916465,3.253223e-05,0.002861491,1.8552195e-06,1.49318585e-05,1.2518498e-05,1.4045454e-05,8.256573e-06,0.007787156
3.6827365e-05,0.9901489,2.9956946e-05,0.0054137628,9.69689e-07,3.2507476e-05,6.894126e-06,7.3511787e-06,9.691081e-06,0.004313105
2.4079161e-05,0.9931278,2.9534753e-05,0.004124552,4.452789e-07,2.4780667e-05,7.077148e-06,5.176849e-06,1.1120473e-05,0.002645583
2.317791e-05,0.99298555,4.245312e-05,0.004055631,2.1615912e-07,2.323656e-05,1.129067e-05,4.9086757e-06,1.719821e-05,0.0028362933
4.285168e-05,0.9874162,0.00010455084,0.0066324547,1.7914265e-07,1.8134422e-05,3.062901e-05,5.9956988e-06,3.995035e-05,0.005709173
4.2405798e-05,0.98954123,0.00014280803,0.006537979,1.3703811e-07,1.9135387e-05,3.2060078e-05,5.9808176e-06,5.0957176e-05,0.0036273627
4.2667445e-05,0.9907442,0.00019069319,0.006253236,1.2564871e-07,3.54716e-05,2.4680696e-05,5.7610946e-06,7.002971e-05,0.0026331167
3.0141908e-05,0.99611604,0.00018684106,0.0018847076,9.931946e-08,3.5477082e-05,8.4276635e-06,6.169763e-06,7.049098e-05,0.0016614666
6.820068e-05,0.998137,0.00015119789,0.0006255499,2.1268225e-07,1.3985192e-05,1.0051057e-05,4.2592264e-06,5.5213215e-05,0.00093427853
9.059209e-05,0.99961793,2.8948452e-05,0.00015465872,4.0420034e-07,1.0844433e-05,7.879019e-06,2.7160277e-06,2.0744044e-05,6.522789e-05
0.00013661558,0.99958974,1.5390491e-05,0.0001267845,1.7539729e-06,1.14600625e-05,7.5471153e-06,2.4717888e-06,2.177697e-05,8.6479886e-05
0.00040359577,0.99938047,3.964365e-05,2.5984213e-05,1.5350033e-06,1.1150654e-05,1.12530815e-05,6.946336e-06,7.63024e-05,4.3168493e-05
0.27012578,0.6724672,0.0007745394,1.8313043e-05,1.0639944e-05,8.919469e-05,0.0015443845,6.9863854e-05,0.054793518,0.00010653017
0.60852003,0.07020256,0.0006605283,1.17499e-05,9.054767e-06,0.000114510105,0.009061367,7.03554e-05,0.3111983,0.00015156732
0.4027486,0.017718883,0.00057779835,8.529514e-06,6.709491e-06,0.0001277606,0.012756295,6.116426e-05,0.56587887,0.00011536509
0.31343037,0.00670549,0.00038631403,7.4563436e-06,5.050028e-06,8.1840655e-05,0.0066289357,4.0672243e-05,0.67264014,7.373597e-05
0.19319747,0.0014064357,0.00039831974,5.0347526e-06,4.6613527e-06,7.5485616e-05,0.0059786234,1.3248711e-05,0.79887396,4.673836e-05
0.22165412,0.00081723504,0.00039434576,2.9963871e-06,4.097611e-06,7.703832e-05,0.0031767192,9.446466e-06,0.7738316,3.2365213e-05
0.20973651,0.00034896776,0.0003543576,1.7902563e-06,6.8105815e-06,5.5338045e-05,0.001396983,1.1419064e-05,0.78806126,2.6644093e-05
0.111471675,0.00019961291,0.0004612621,7.9120247e-07,8.000164e-06,5.9014357e-05,0.0008994407,1.0778054e-05,0.88686323,2.5996138e-05
0.044229016,6.473085e-05,0.0005042059,3.90015e-07,9.379413e-06,3.9852486e-05,0.0003659135,1.1366063e-05,0.95474964,2.5615087e-05
0.030425316,5.8720732e-05,0.00064338685,4.5573142e-07,9.611491e-06,2.5204365e-05,0.00032780107,2.9501207e-06,0.9684885,1.8076662e-05
0.034019694,2.2514218e-05,0.0027105736,7.857296e-07,3.1649764e-05,1.2933413e-05,0.0003097263,4.3027526e-06,0.9628606,2.7312413e-05
0.033683375,2.5391366e-05,0.010146669,2.3005034e-06,7.021547e-05,1.1002608e-05,0.0003443766,3.211513e-06,0.95566845,4.5003777e-05
0.04931301,2.8078312e-05,0.013724428,3.0510257e-06,6.51067e-05,1.3438681e-05,0.00037011484,4.1927206e-06,0.9364233,5.5311546e-05
0.03982299,2.6944392e-05,0.014465017,2.8680474e-06,6.1787716e-05,2.2475278e-05,0.00029880882,5.430689e-06,0.9452417,5.197577e-05
0.0628314,4.4744833e-05,0.012580328,5.5630776e-06,0.000110133136,1.434268e-05,0.00042882777,2.8078537e-06,0.92392355,5.829258e-05
0.054791454,4.246495e-05,0.010042405,3.258129e-06,0.00011811263,1.9241921e-05,0.0003074324,4.191907e-06,0.9346358,3.5584893e-05
0.034990378,4.1964657e-05,0.013499156,2.7947835e-06,0.00013320411,1.9722853e-05,0.00022360358,8.823911e-06,0.9510505,2.9696073e-05
0.04197196,5.6178695e-05,0.016705006,3.8404787e-06,0.00019417735,1.0884269e-05,0.0002369354,1.0620177e-05,0.9407758,3.461402e-05
0.020176359,3.21261e-05,0.036814254,2.4476722e-06,0.00024065183,2.7091257e-05,0.0001693123,2.9868468e-05,0.94247097,3.693945e-05
0.0027151182,1.860792e-05,0.6231224,3.346215e-06,0.000121020836,5.5342163e-05,0.00015686627,2.2205611e-05,0.37366027,0.00012479637
2.8899065e-06,1.7442622e-06,0.99929476,2.4282627e-07,3.202542e-07,1.2463878e-05,3.2829037e-06,2.1289839e-06,0.00065944495,2.258922e-05
2.8520338e-07,1.9453757e-06,0.9997172,3.871962e-07,6.6336916e-08,1.8024559e-05,3.117364e-06,8.084065e-07,0.00023506857,2.3128241e-05
9.3562406e-08,1.4352777e-06,0.99977857,8.837582e-07,1.9782611e-08,3.5328336e-05,8.798615e-06,5.506681e-07,0.00014262162,3.1590538e-05
1.0487166e-07,2.408945e-06,0.9996277,2.3730254e-06,1.1703448e-08,0.000101750586,3.7301983e-05,6.084103e-07,0.00016716172,6.0478425e-05
1.0582649e-07,4.2121937e-06,0.99955124,3.4033887e-06,1.352813e-08,0.00014520847,5.4194195e-05,5.978801e-07,0.00013167488,0.000109282
3.8211844e-08,2.6116309e-06,0.9996755,2.3645541e-06,1.8321971e-08,9.414989e-05,3.9518534e-05,6.62539e-07,7.941163e-05,0.00010572077
2.717162e-08,1.8744763e-06,0.99978083,1.1242432e-06,3.0940303e-08,6.47751e-05,3.8188457e-05,8.944157e-07,3.954166e-05,7.278548e-05
2.4558474e-08,7.907454e-07,0.9999126,9.177227e-07,3.3420392e-08,1.7875236e-05,2.335374e-05,4.6795148e-07,1.2732747e-05,3.1187934e-05
2.3306248e-08,4.9849865e-07,0.99996424,9.685109e-07,2.7156394e-08,6.2007075e-06,1.0686892e-05,2.5929242e-07,5.2080227e-06,1.1864458e-05
3.649902e-08,5.6882664e-07,0.9999695,1.831251e-06,1.966539e-08,3.2180583e-06,7.808857e-06,2.1668917e-07,4.8466372e-06,1.1937875e-05
5.53216e-08,1.0199707e-06,0.9999653,2.2513425e-06,1.7446137e-08,2.1527026e-06,4.356785e-06,3.0807985e-07,9.38488e-06,1.5135997e-05
1.3981247e-07,2.2928523e-06,0.9999151,5.1173706e-06,1.5190743e-08,4.124785e-06,8.627047e-06,2.812447e-07,1.9690491e-05,4.4707842e-05
2.1872786e-07,5.0436975e-06,0.9998362,1.20150535e-05,3.051598e-08,1.3069322e-05,7.921375e-06,2.0039195e-07,1.602682e-05,0.00010921083
9.581502e-07,9.641969e-06,0.9995565,2.4720472e-05,5.0703786e-08,5.7908725e-05,1.1047933e-05,2.6717504e-07,2.7463773e-05,0.00031142193
4.2043655e-07,5.153737e-06,0.99976283,6.2047047e-06,7.671418e-08,2.3539775e-05,5.6693652e-06,8.915654e-07,2.2481678e-05,0.00017267876
3.9371592e-08,6.0163866e-06,0.99975306,3.9209434e-07,5.3683255e-08,8.5551415e-05,3.685329e-05,5.065221e-05,2.1454267e-05,4.58935e-05
8.8333806e-08,1.4120974e-06,0.99991477,2.719954e-07,5.7735917e-08,3.073946e-05,2.6971355e-05,9.057634e-06,9.562007e-06,7.159687e-06
9.116081e-08,5.5482574e-06,0.99983895,1.9093297e-06,1.8510095e-08,4.6453213e-05,3.2082393e-05,5.314055e-05,8.416528e-06,1.3321486e-05
2.5335638e-07,2.0921e-05,0.9991794,4.461433e-06,3.7148663e-08,0.00011681679,0.00018617402,0.0004079776,6.0680035e-05,2.3172393e-05
1.0897091e-06,0.00089167076,0.89446354,0.00012846856,2.7561623e-07,0.0042709326,0.00089706475,0.09846866,0.00050244445,0.00037590033
1.4301983e-07,0.00079655956,0.0016838297,7.0505535e-05,4.1832988e-07,0.0025662293,0.000105413834,0.9945598,5.393051e-05,0.00016312451
2.2469682e-07,0.00018258399,0.00042840076,1.5846135e-05,2.6863518e-07,0.0009164274,0.00010132782,0.99827325,4.807711e-05,3.3576707e-05
5.882228e-07,9.567614e-05,0.0023146123,1.9005265e-05,2.1116145e-07,0.00066399435,0.00011733459,0.9966419,8.419285e-05,6.2543484e-05
2.2146223e-07,5.7463534e-05,0.00016514743,6.0634256e-06,1.838094e-07,0.00017237556,1.5461455e-05,0.99955326,5.774335e-06,2.3961722e-05
5.530711e-07,3.9010847e-05,6.861068e-05,4.0368523e-06,3.114273e-07,5.9589987e-05,1.2557697e-05,0.9997907,3.8642693e-06,2.0681373e-05
1.4052875e-06,8.286204e-06,2.7766306e-05,1.5193011e-06,3.5901377e-07,6.186388e-05,9.936715e-06,0.99982315,3.806884e-05,2.7549728e-05
9.476899e-07,4.300699e-06,2.2010394e-05,5.453662e-06,8.015969e-07,2.707398e-06,1.1520668e-05,0.99984014,1.3666225e-05,9.831024e-05
3.320807e-07,7.618898e-06,3.2752566e-06,3.4991103e-06,8.355453e-07,2.8535362e-06,2.4237493e-06,0.9999579,2.2635172e-06,1.8958055e-05
3.5362262e-07,1.0578976e-05,5.3710835e-07,8.1678894e-07,6.111339e-07,1.5476115e-05,1.1577689e-06,0.9999639,1.6026562e-06,4.909655e-06
1.0015902e-06,1.5176291e-05,3.3191245e-07,2.8584492e-07,7.7136633e-07,1.8879544e-05,2.1990197e-06,0.99995553,2.703997e-06,3.0999736e-06
8.418112e-07,3.1539366e-05,2.410551e-07,3.050234e-07,7.4046756e-07,4.0461022e-05,7.8625425e-07,0.99991786,1.0723377e-06,6.020719e-06
6.664768e-07,2.3208358e-05,4.1734265e-07,2.411479e-07,7.150716e-07,3.9674487e-05,7.675462e-07,0.99992895,1.0611296e-06,4.3547284e-06
4.285106e-07,2.0107138e-05,7.0371476e-07,2.691702e-07,5.188525e-07,2.9326886e-05,9.230037e-07,0.9999429,9.0053095e-07,3.9492534e-06
7.3199067e-07,2.0910295e-05,9.794015e-07,3.2173253e-07,4.9294715e-07,1.4579331e-05,1.4691514e-06,0.9999547,9.2578006e-07,4.815269e-06
1.7449427e-06,1.7901624e-05,1.9977458e-06,2.08997e-07,2.3181167e-07,1.094864e-05,2.1563549e-06,0.9999535,2.8339487e-06,8.508686e-06
1.0010668e-06,1.5245368e-05,2.230726e-06,3.3619494e-07,1.7809164e-07,6.9704047e-06,4.350792e-06,0.99995065,4.216916e-06,1.4843178e-05
2.8802262e-07,4.257381e-05,2.6348614e-06,1.7000119e-06,2.3649115e-07,4.289665e-06,2.5311829e-06,0.9999157,5.0735486e-07,2.954533e-05
4.505377e-07,0.00028745632,2.7185777e-06,1.6733195e-05,1.7292135e-06,3.588124e-05,3.5366634e-06,0.9993425,3.1636984e-07,0.00030877558
3.3199672e-07,0.00013007013,2.8567401e-06,8.2430705e-07,8.4869487e-07,9.3075e-05,8.3506393e-07,0.9997621,5.3413106e-07,8.5257625e-06
3.461711e-07,0.00016375758,2.4853145e-05,1.7553247e-06,2.141273e-06,0.0002629168,1.278381e-06,0.9995066,2.913213e-07,3.6039342e-05
2.3267091e-06,0.005303192,0.060395837,8.628016e-05,2.7476959e-05,0.0071536885,2.1371912e-05,0.9221944,1.5083386e-06,0.0048138383
7.8855885e-07,0.007711714,0.84386414,0.00022785242,2.9839202e-05,0.021322984,3.309473e-05,0.11965451,3.839255e-06,0.00715123
6.450872e-08,0.0013701923,0.9754235,0.00016309926,4.6115324e-06,0.009985712,1.6998913e-05,0.009951307,2.9986072e-06,0.0030815129
2.3390404e-08,0.00042799738,0.988574,0.00016040464,2.0746281e-06,0.006750357,1.269599e-05,0.0015834855,3.0102497e-06,0.002485981
1.7816353e-08,0.0003637798,0.9907657,0.00017819893,1.9317167e-06,0.004867972,1.3093436e-05,0.0009305779,3.0497563e-06,0.0028756724
1.9692875e-08,0.0004888893,0.9884538,0.0002509806,3.1557809e-06,0.0054304716,1.5220922e-05,0.00091894413,3.4032432e-06,0.0044351476
3.945899e-08,0.0010934551,0.98376817,0.0004810549,1.2389003e-05,0.0048760795,1.9124598e-05,0.001804084,2.3353273e-06,0.007943203
6.086631e-08,0.0006717335,0.99211943,0.0001908088,1.3232685e-05,0.0028390563,9.986861e-06,0.0012057999,1.3727724e-06,0.0029485864
7.852221e-08,0.0005542585,0.99553704,0.00010887749,9.224345e-06,0.0015266807,7.710067e-06,0.0010052468,5.790132e-07,0.0012503252
6.761614e-08,0.0004021497,0.9976675,7.601755e-05,4.79511e-06,0.0008321176,5.344105e-06,0.00046889298,3.0484355e-07,0.00054282363
7.9665135e-08,0.0005496556,0.9973316,9.09046e-05,3.6153053e-06,0.0013578798,4.630268e-06,0.00018654119,3.6544122e-07,0.0004747908
9.1063804e-08,0.00055222085,0.9956689,0.0001061563,2.2832503e-06,0.0029625902,5.736972e-06,0.00013427198,5.863302e-07,0.000567223
8.285725e-08,0.00046737018,0.99396616,0.00014292281,1.5262214e-06,0.0045272377,6.7431556e-06,9.3453134e-05,1.0135344e-06,0.0007935217
7.965647e-08,0.0004534298,0.9944311,0.00016959809,1.3288263e-06,0.0038037947,6.516859e-06,8.43537e-05,1.2738243e-06,0.001048432
9.315127e-08,0.00054281333,0.9953968,0.0001858497,1.028835e-06,0.0023700863,6.1414885e-06,7.3498e-05,1.7503925e-06,0.0014218845
1.2181076e-07,0.00077689654,0.9948996,0.00021487572,9.424901e-07,0.0020606099,6.5469085e-06,7.9958816e-05,2.3026148e-06,0.0019582403
1.3888926e-07,0.00097300345,0.99303585,0.00022876346,8.2593783e-07,0.0032620295,8.199032e-06,8.803021e-05,2.8587335e-06,0.002400389
1.4075869e-07,0.0009822514,0.99147695,0.0001887335,5.828219e-07,0.004547711,9.362192e-06,8.372698e-05,3.1086513e-06,0.0027074597
1.5597355e-07,0.002432246,0.97944576,0.0001444723,6.233435e-07,0.014047409,1.053603e-05,0.00019601217,4.951153e-06,0.0037178863
1.1129101e-06,0.027799753,0.5433884,0.00034651236,2.4066032e-05,0.4184266,1.8108947e-05,0.0026190944,2.6388621e-05,0.0073499023
6.582923e-08,0.00015648257,2.1436319e-05,5.4657166e-06,5.1490174e-06,0.9997974,8.2787585e-07,2.1581661e-06,4.5433494e-06,6.428492e-06
7.747491e-09,9.6341655e-06,2.6359676e-06,9.802783e-07,3.0981914e-07,0.99998164,4.6154724e-07,6.726433e-07,2.0342582e-06,1.5874564e-06
3.9723465e-09,3.4575487e-06,1.7440132e-06,1.4229676e-06,2.9332264e-07,0.9999881,3.9780903e-07,5.203641e-07,1.4987079e-06,2.6638868e-06
4.945242e-09,4.3039377e-06,2.5322527e-06,2.0892346e-06,5.6466683e-07,0.9999826,3.7313023e-07,5.425715e-07,1.9355905e-06,5.1665734e-06
5.1866884e-09,7.2524003e-06,4.604976e-06,2.3101036e-06,5.6355333e-07,0.99997413,3.3853064e-07,5.336119e-07,2.1634917e-06,8.170533e-06
4.95304e-09,1.0711097e-05,7.3091005e-06,2.7227359e-06,5.097139e-07,0.99996173,3.1030913e-07,5.6475096e-07,2.3590812e-06,1.3772511e-05
5.747338e-09,1.4587085e-05,8.5182255e-06,2.858415e-06,4.678818e-07,0.9999505,3.065659e-07,5.172182e-07,2.451467e-06,1.9760171e-05
7.965668e-09,1.6276399e-05,6.0370235e-06,2.0045902e-06,4.0067994e-07,0.99995196,3.0705647e-07,4.4262745e-07,2.5636098e-06,1.9917346e-05
1.40680605e-08,1.6719967e-05,2.2744869e-06,1.215495e-06,3.8177495e-07,0.9999602,3.310238e-07,3.47893e-07,3.2627408e-06,1.5228685e-05
2.9135945e-08,1.9629506e-05,8.627992e-07,1.1056269e-06,5.895907e-07,0.9999565,3.7759682e-07,3.1981716e-07,5.8488113e-06,1.4747416e-05
3.2389234e-08,2.0397902e-05,5.1514706e-07,1.3326699e-06,3.1223806e-07,0.99994445,7.49333e-07,2.1216486e-07,1.3520261e-05,1.841235e-05
4.5072145e-08,2.1315249e-05,4.7115594e-07,1.3302808e-06,2.6693905e-07,0.9998888,8.426324e-07,3.029935e-07,5.9012003e-05,2.760219e-05
7.185496e-08,3.320003e-05,3.7565923e-07,2.0561718e-06,2.8151277e-07,0.9997634,1.3611245e-06,4.236224e-07,0.00013801562,6.0716426e-05
1.0809577e-07,4.763114e-05,2.7348477e-07,1.7193984e-06,2.549747e-07,0.999747,1.93218e-06,5.695951e-07,0.00013433218,6.614669e-05
1.06367054e-07,3.5994286e-05,3.1878778e-07,1.4332699e-06,1.5384727e-07,0.99968517,2.087534e-06,6.9733784e-07,0.0002027149,7.142873e-05
9.135175e-08,2.2068314e-05,5.840429e-07,1.0292343e-06,6.5516794e-08,0.99963105,2.0516318e-06,1.0737972e-06,0.00026048013,8.1482074e-05
1.4185726e-07,2.1117854e-05,7.9775043e-07,1.0203432e-06,5.7493825e-08,0.9993599,2.544164e-06,1.2858042e-06,0.0005242099,8.896674e-05
3.2804328e-07,2.6787953e-05,7.909043e-07,1.447359e-06,9.993882e-08,0.9977234,4.875189e-06,1.9550073e-06,0.0021190785,0.000121139834
7.411403e-07,3.8476926e-05,7.99386e-07,2.683888e-06,1.9902313e-07,0.9903312,1.0738613e-05,3.3793124e-06,0.009405188,0.00020669994
1.2029705e-05,0.00012098341,2.8395696e-06,1.259301e-05,7.59022e-07,0.25452808,0.00036083147,1.16337105e-05,0.74388576,0.0010643561
0.00010455282,2.4484693e-06,3.8597395e-07,3.16697e-07,6.880175e-08,2.4951361e-05,8.6019376e-05,1.6103703e-06,0.99973696,4.264303e-05
2.8208238e-05,1.7292169e-06,3.880159e-08,8.9535206e-07,3.4287115e-08,2.212792e-05,1.6938078e-05,1.2532269e-06,0.99978966,0.00013917353
1.1762185e-05,1.4076049e-06,7.638391e-08,9.115826e-07,1.8461087e-08,1.6963748e-05,8.585322e-06,1.4927281e-06,0.99982387,0.0001348476
1.2129504e-05,1.2644008e-06,8.430683e-08,6.854539e-07,1.5636896e-08,1.3583389e-05,6.8245054e-06,1.2426157e-06,0.9998591,0.000105015504
8.502146e-06,1.4969072e-06,2.9912087e-07,6.312221e-07,1.4622913e-08,1.9049743e-05,3.9058734e-05,2.335752e-06,0.999874,5.4629487e-05
1.0223283e-05,1.3082333e-06,2.5275878e-07,4.5247867e-07,1.4427764e-08,2.7481696e-05,2.0190453e-05,2.8474471e-06,0.99987984,5.7347068e-05
1.0812543e-05,2.0537896e-06,3.7777332e-07,4.5076462e-07,2.0644151e-08,2.5773648e-05,4.600925e-05,4.5453594e-06,0.9998678,4.220001e-05
1.1780104e-05,2.036026e-06,1.5743795e-07,3.215142e-07,3.3109856e-08,2.193419e-05,2.5850186e-05,4.337379e-06,0.999889,4.4574146e-05
9.899888e-06,2.5902186e-06,1.4920468e-07,3.022434e-07,5.0219537e-08,8.8227935e-06,2.5068928e-05,3.5060864e-06,0.9999049,4.47742e-05
5.6633235e-05,1.22763e-06,1.5908462e-07,2.1021107e-07,7.005549e-08,1.2733562e-06,1.16421e-05,1.3177672e-06,0.99991405,1.3324634e-05
2.3181658e-05,1.1780859e-06,8.75544e-08,2.7558312e-07,1.2196016e-07,2.333578e-06,1.1550194e-05,2.013939e-06,0.9999422,1.7078952e-05
5.154152e-06,5.2012405e-07,4.4650767e-07,4.2246566e-07,5.044497e-08,1.084211e-05,1.26035075e-05,1.471541e-06,0.9999397,2.8887407e-05
5.666509e-06,4.9599123e-07,5.750911e-07,1.7566349e-06,4.4541792e-08,2.5281395e-05,1.4505914e-05,1.2272918e-06,0.999874,7.637969e-05
9.015492e-06,6.601158e-07,9.565806e-07,3.1331463e-06,9.4461996e-08,1.7759932e-05,1.6696757e-05,8.3976227e-07,0.9998547,9.6137104e-05
4.590479e-05,5.0534624e-07,2.9777252e-06,3.3379931e-06,2.6951437e-07,8.975834e-06,3.9273324e-05,1.174694e-06,0.9998646,3.3044715e-05
2.3118215e-05,8.115948e-07,2.28624e-06,2.9388289e-06,6.6997615e-07,5.227296e-06,2.1248929e-05,9.650713e-07,0.9999168,2.5991216e-05
7.407288e-05,1.5750501e-06,1.07861715e-05,1.6385146e-06,1.2854267e-06,1.936205e-06,1.994371e-05,1.3650866e-06,0.99987006,1.7327013e-05
2.7563428e-05,2.4241378e-06,4.951116e-06,1.8235671e-06,1.3815087e-06,3.2010944e-06,9.129172e-06,1.1390313e-06,0.9999198,2.857189e-05
1.04815035e-05,3.982699e-06,3.405743e-05,7.6222597e-07,6.4798263e-07,1.4336616e-05,1.7841254e-05,7.2621874e-06,0.9998865,2.4193236e-05
1.6120559e-05,1.4815789e-05,0.0065201777,1.7450848e-06,4.2837593e-07,0.0008638883,0.00025571877,5.014344e-05,0.9921863,9.065313e-05
6.966749e-05,3.237952e-05,0.98991895,1.7194943e-05,5.018224e-07,0.008384875,1.0857009e-05,1.5599933e-06,0.0014450131,0.00011890372
1.0096376e-05,1.4853511e-05,0.9971934,3.2006458e-06,1.7002873e-07,0.002527728,1.101449e-05,1.0944183e-06,0.000226202,1.221496e-05
1.3995795e-07,2.210217e-05,0.998589,7.662696e-06,2.2967356e-08,0.0011872663,1.5558486e-05,1.0431909e-06,0.00012801524,4.90641e-05
4.33415e-08,4.3540354e-06,0.99952674,4.849821e-06,2.6604113e-08,0.00022867351,2.1414766e-05,7.591042e-07,0.00017981927,3.3269276e-05
1.4178907e-07,1.0868257e-05,0.9987557,6.766569e-06,3.1980722e-08,0.00045769752,0.00016526402,1.9994884e-06,0.00054339366,5.8232014e-05
4.7260567e-08,6.7500882e-06,0.9988814,1.2332213e-05,6.941416e-08,0.00037335278,5.9681148e-05,4.6404338e-07,0.0005727322,9.3176684e-05
1.8268389e-07,1.8068422e-05,0.9970214,1.2041974e-05,1.3714448e-07,0.00036839047,0.00020193715,1.1669995e-06,0.0022184032,0.00015819923
6.593192e-08,1.4663673e-05,0.99917835,1.2175431e-05,1.5244042e-07,0.00017306353,2.1529488e-05,3.1097045e-07,0.00047238526,0.00012716623
6.105895e-08,1.1378925e-05,0.9997991,5.681104e-06,4.1410093e-08,5.8135123e-05,6.3111843e-06,2.4509447e-07,7.2929324e-05,4.6097655e-05
5.7584778e-08,4.810545e-06,0.999941,2.6919984e-06,1.2162473e-08,1.6933762e-05,1.8628605e-06,2.69787e-07,8.238756e-06,2.4037061e-05
3.097017e-08,3.098373e-06,0.99993885,2.9142798e-06,1.5606023e-08,9.559784e-06,9.765246e-07,2.3308958e-07,2.835545e-06,4.149913e-05
2.0979266e-08,5.339657e-06,0.99990106,5.8664573e-06,1.926415e-08,1.04025075e-05,1.3595954e-06,2.3142466e-07,2.5282652e-06,7.311212e-05
1.7007713e-08,6.061804e-06,0.99985886,1.4187925e-05,2.3536433e-08,1.7254133e-05,2.3373814e-06,2.3598994e-07,2.1955007e-06,9.873141e-05
4.0303515e-08,1.8773777e-05,0.99985075,1.5919686e-05,1.8632269e-08,2.1082638e-05,2.3294715e-06,3.243382e-07,3.7964728e-06,8.688899e-05
3.1498203e-08,1.8676017e-05,0.9997416,3.6173133e-05,3.8525698e-08,4.1724903e-05,2.3584676e-06,5.237409e-07,2.986553e-06,0.00015576053
2.0439693e-08,1.4569587e-05,0.99972576,5.5523524e-05,8.843848e-08,4.3945936e-05,3.9619067e-06,4.838485e-07,2.4900917e-06,0.00015314098
1.15308e-08,1.0454537e-05,0.99977094,4.9076145e-05,1.08554154e-07,2.8863753e-05,6.099944e-06,5.576047e-07,2.4810824e-06,0.00013144009
1.3801288e-08,8.897038e-06,0.99977225,2.775973e-05,7.0171254e-08,8.060823e-05,7.340607e-06,5.165695e-07,3.48663e-06,9.896993e-05
2.9949724e-08,1.2691208e-05,0.999569,9.832061e-05,4.757631e-07,3.3110235e-05,1.2430389e-05,7.405312e-07,4.088913e-06,0.0002690743
2.20228e-06,0.00084611884,0.94211614,0.022439713,1.5019514e-05,0.00010783721,0.00023394197,1.4321917e-06,0.000101525155,0.034136057
4.0702944e-06,0.009237544,0.00465498,0.8885328,3.9425508e-05,9.075933e-05,0.00031932793,5.572789e-06,3.1147894e-05,0.09708432
5.4420952e-06,0.023820642,0.00090565276,0.91991746,3.0854007e-05,7.405941e-05,0.00017676323,7.944394e-06,1.0023864e-05,0.05505119
1.1006553e-05,0.08893468,0.0019925875,0.8816785,2.5963232e-05,0.00020281224,0.0001519257,9.058323e-06,1.1750958e-05,0.02698165
2.0480158e-05,0.052868556,0.0006766559,0.9305914,3.789997e-05,0.00031579993,8.4588406e-05,4.1398416e-06,9.041195e-06,0.0153913945
6.033023e-06,0.07413702,0.0003797248,0.9189693,7.384146e-05,0.0003558113,0.0001654525,4.094328e-06,3.992764e-06,0.005904762
4.108146e-06,0.4908284,0.0011685244,0.5029331,4.8509984e-05,0.0009181348,0.00051691255,1.1473316e-05,6.454053e-06,0.003564347
8.9586765e-06,0.80546093,0.00015635217,0.18912725,5.026563e-05,0.0019775757,0.00013891456,1.6769221e-05,5.1614493e-06,0.0030577867
6.6499083e-06,0.9459899,2.852168e-05,0.048795234,1.4270451e-05,0.0034768446,5.1037965e-05,2.0553074e-05,4.5287284e-06,0.0016125072
1.6222764e-05,0.90993804,1.8645937e-05,0.085503645,1.5882657e-05,0.00016953106,2.8892531e-05,9.992403e-06,9.812513e-06,0.0042892257
3.980443e-05,0.906665,4.724511e-06,0.09038893,4.101363e-05,7.175676e-05,3.8750422e-05,3.523068e-05,7.989535e-06,0.0027066688
3.512855e-05,0.9242386,3.185785e-06,0.074097954,5.311101e-05,0.00012925973,2.6716083e-05,0.00011254232,6.687408e-06,0.0012967973
3.5560035e-05,0.95513284,3.6073086e-06,0.043934878,2.1504542e-05,5.4526085e-05,1.9951045e-05,2.555942e-05,5.8081228e-06,0.0007656807
3.027144e-05,0.9667066,5.704692e-06,0.032301255,7.262035e-06,0.000111769536,1.8880852e-05,9.599664e-06,3.945631e-06,0.0008047502
3.59791e-05,0.9692243,5.877921e-06,0.029559698,5.443805e-06,3.2046955e-05,2.0354733e-05,8.8617535e-06,4.845539e-06,0.0011027615
2.6960537e-05,0.98286784,6.288718e-06,0.016265001,3.9816314e-06,0.00010450645,1.8859491e-05,9.38842e-06,2.6251955e-06,0.0006946143
1.6289594e-05,0.9828925,3.5235403e-06,0.0157416,2.2994222e-06,7.294929e-05,2.0886891e-05,4.8847864e-06,2.0548396e-06,0.0012429849
2.3492745e-05,0.984063,2.4186913e-06,0.01434731,6.0101083e-06,4.5985467e-05,1.7477065e-05,4.860724e-06,2.7097049e-06,0.0014866873
4.825573e-05,0.996077,2.4172248e-06,0.0030663763,3.5096696e-06,5.2741554e-05,5.8930145e-06,5.012496e-06,4.202708e-06,0.000734618
4.718641e-05,0.9957491,1.5541345e-06,0.0030555674,1.1808977e-06,4.4208096e-05,5.843023e-06,6.0127963e-06,5.601177e-06,0.001083782
4.048589e-05,0.995188,7.3746907e-07,0.0023769734,3.2710245e-06,0.0014652582,7.651483e-06,1.0264159e-05,4.554136e-06,0.0009027917
6.3307857e-06,0.09651546,3.4718305e-06,7.744884e-05,1.4453772e-05,0.90305763,1.0410245e-05,2.6725254e-05,6.598343e-06,0.00028141603
5.8218814e-07,0.0067608827,1.2677001e-06,1.3849957e-05,1.7667943e-06,0.9931398,3.2280627e-06,5.9067343e-06,1.8291073e-06,7.084563e-05
2.0025469e-07,0.00180065,8.8998905e-07,7.3797924e-06,6.5041314e-07,0.9981323,1.7656876e-06,4.301529e-06,1.0071537e-06,5.092576e-05
1.8513776e-07,0.0009137263,4.684774e-07,5.2808214e-06,4.6575553e-07,0.9990355,1.5677614e-06,3.6736353e-06,9.634697e-07,3.823525e-05
2.471543e-07,0.00096633006,5.4184306e-07,4.5646675e-06,8.2123705e-07,0.9989925,1.1644826e-06,2.6731668e-06,1.4940607e-06,2.9602681e-05
1.0937658e-07,0.00028658798,4.2583363e-07,2.3428247e-06,3.0730297e-07,0.9996835,8.236693e-07,1.6257363e-06,1.2371609e-06,2.3198414e-05
5.605781e-08,0.0001284564,4.5708111e-07,1.5573864e-06,1.6864794e-07,0.9998454,7.472479e-07,1.2756717e-06,1.0644352e-06,2.0803966e-05
5.973033e-08,9.117631e-05,9.761027e-07,9.021742e-07,3.502838e-07,0.9998901,5.2330586e-07,8.8506715e-07,1.4089163e-06,1.362208e-05
6.741658e-08,5.3967666e-05,1.0861171e-06,6.2854554e-07,3.695014e-07,0.99992573,5.171615e-07,1.0059994e-06,1.4917998e-06,1.5106513e-05
8.617549e-08,3.3144475e-05,8.088657e-07,4.6851213e-07,4.768987e-07,0.9999465,5.9190364e-07,1.1865011e-06,1.743415e-06,1.5024328e-05
9.894269e-08,1.42802755e-05,4.3386615e-07,5.287898e-07,8.48761e-07,0.9999677,9.075134e-07,7.8107155e-07,2.0031293e-06,1.24747585e-05
9.732437e-08,1.2316865e-05,4.0094287e-07,6.4478115e-07,8.728548e-07,0.9999709,1.2510046e-06,5.938716e-07,1.7338242e-06,1.1197269e-05
9.8369725e-08,1.4138708e-05,4.9670103e-07,9.310445e-07,1.0397245e-06,0.9999678,1.496254e-06,4.9272614e-07,1.665579e-06,1.1844152e-05
1.2626114e-07,1.8183666e-05,5.891868e-07,1.6259715e-06,1.6769328e-06,0.9999598,1.8587554e-06,4.892348e-07,2.0909292e-06,1.3547419e-05
1.6067295e-07,2.2375903e-05,8.614194e-07,3.3657334e-06,2.785208e-06,0.9999496,2.7095568e-06,5.416148e-07,2.5632198e-06,1.5018028e-05
2.3287355e-07,2.7091899e-05,1.5100534e-06,7.582219e-06,5.3152667e-06,0.99993575,5.823816e-06,6.6992754e-07,2.7006217e-06,1.3313072e-05
3.9032952e-07,4.3540007e-05,3.4978689e-06,1.873027e-05,1.0572033e-05,0.9998901,1.5368902e-05,9.71225e-07,3.3927963e-06,1.3409366e-05
5.7313827e-07,7.125227e-05,1.01008945e-05,5.1137045e-05,1.789797e-05,0.99978083,4.3370197e-05,1.7001863e-06,4.4488224e-06,1.870081e-05
7.926085e-07,0.00010187122,2.3222563e-05,0.00016707351,3.513166e-05,0.9995109,0.00012257058,2.4238536e-06,6.0429415e-06,2.9886914e-05
4.1436406e-06,0.00017462899,5.9277838e-05,0.0042114733,0.0004776771,0.99310815,0.0017607701,2.7117808e-06,3.68062e-05,0.00016447016
4.3745935e-05,6.478766e-05,0.00026514314,0.4990424,0.0049961,0.38848397,0.08953082,1.4994139e-06,0.008084814,0.009486846
4.430635e-05,1.8251083e-05,0.00012067238,0.8786466,0.004364433,0.017903667,0.09114343,3.961439e-07,0.0029173559,0.004840886
2.8111439e-05,1.3303304e-05,9.813475e-05,0.90461004,0.0021115935,0.005799223,0.08441528,2.3813402e-07,0.00078522135,0.0021388503
2.2672732e-05,1.2265048e-05,9.40353e-05,0.8972468,0.0013567642,0.004779337,0.09423532,2.2253887e-07,0.0004992765,0.001753306
1.5464917e-05,1.2820819e-05,8.705337e-05,0.8790902,0.00080299686,0.005026934,0.11287661,2.5015743e-07,0.00040378564,0.0016839058
1.0165777e-05,1.3095447e-05,7.3711046e-05,0.8471292,0.00051150605,0.0044003995,0.14582144,3.1319993e-07,0.00039149958,0.0016486318
7.5301646e-06,1.3227841e-05,5.7888963e-05,0.8160478,0.000396953,0.0033360648,0.1782316,4.1821502e-07,0.00039189422,0.0015166367
5.840065e-06,1.3407416e-05,3.5813347e-05,0.81141585,0.00040528885,0.002474046,0.18427151,6.5933597e-07,0.00026193474,0.0011155313
1.1338937e-05,1.2242661e-05,2.4093702e-05,0.36754754,0.00036019934,0.0015819131,0.6295264,1.538826e-06,0.00026189644,0.00067282806
1.7261169e-05,8.614858e-06,1.4435556e-05,0.34348848,0.00025437283,0.00087690953,0.6542627,2.2123056e-06,0.0002939271,0.00078104954
2.6766998e-05,2.5309937e-06,6.883455e-05,0.047036212,5.731429e-05,0.0008227587,0.9443926,2.839094e-06,0.0067349565,0.0008552192
6.5158015e-06,3.1791174e-06,6.105023e-05,0.06893853,5.3242613e-05,0.00013643841,0.93007535,1.0876998e-06,0.00035125774,0.0003733108
4.661084e-06,3.5654975e-06,3.8033897e-05,0.047535732,2.7622737e-05,0.00021580738,0.9517162,7.404949e-07,0.00015129916,0.00030647768
1.9425788e-06,3.824977e-06,2.0665386e-05,0.016476244,9.907488e-06,0.00036400056,0.9828011,9.576495e-07,9.3534436e-05,0.00022800088
1.1182983e-06,4.970782e-06,1.2079223e-05,0.007870453,4.64428e-06,0.00046782178,0.99138993,1.5534862e-06,6.162675e-05,0.00018591274
7.780616e-07,6.195281e-06,7.666614e-06,0.0056193485,3.2862029e-06,0.0005059565,0.9936492,3.1910106e-06,3.7492755e-05,0.00016690508
6.92256e-07,7.2961016e-06,4.6146542e-06,0.0055661825,3.3359224e-06,0.00045635726,0.9937894,6.8681143e-06,2.246792e-05,0.00014279113
1.0645523e-06,6.674551e-06,2.5918393e-06,0.002456905,3.3656497e-06,0.0002008089,0.99722594,1.5504285e-05,2.1422658e-05,6.569972e-05
8.352255e-06,3.8411304e-06,2.953825e-06,0.0014496588,4.012175e-06,7.4046686e-05,0.99832565,1.7941218e-05,7.782371e-05,3.5616085e-05
2.8436141e-05,4.2130164e-06,2.8418915e-06,0.0029578134,4.2374472e-06,6.4089836e-05,0.9966773,8.061155e-06,0.0001919285,6.1193285e-05
1.6837654e-05,5.521616e-06,5.0870954e-06,0.024835842,2.2107959e-05,4.112184e-05,0.9747775,2.9501123e-06,0.00013456635,0.00015836496
6.598808e-06,5.5016253e-06,5.720381e-06,0.023389077,1.7203196e-05,5.9803384e-05,0.9762891,1.919409e-06,7.63585e-05,0.00014868709
4.0048935e-06,6.035444e-06,5.7700563e-06,0.021528827,1.4033806e-05,9.449328e-05,0.97813386,1.5392326e-06,6.631576e-05,0.00014519574
2.8301765e-06,6.829919e-06,5.8126966e-06,0.022202801,1.3390083e-05,0.00013483531,0.9774349,1.2073358e-06,5.5163953e-05,0.00014223042
2.4046387e-06,7.634766e-06,5.994453e-06,0.026533797,1.8334667e-05,0.00014818097,0.97309947,9.611452e-07,4.706306e-05,0.00013613458
2.6894845e-06,8.599505e-06,6.899948e-06,0.040749323,3.835497e-05,0.00012763328,0.95887655,7.502035e-07,5.0635892e-05,0.00013856152
4.7103617e-06,1.1007918e-05,1.0807727e-05,0.09385293,0.00016218654,8.404006e-05,0.90562284,6.7879836e-07,7.950631e-05,0.00017128563
1.0493886e-05,1.4260515e-05,2.0492178e-05,0.22787707,0.00072509435,5.2421514e-05,0.7708736,7.9448466e-07,0.00015657354,0.00026928887
2.0997912e-05,1.69949e-05,4.261014e-05,0.5716961,0.0018375799,3.3043776e-05,0.42563748,7.7292725e-07,0.00023884133,0.0004755654
2.0127009e-05,1.8301942e-05,4.4374137e-05,0.60551757,0.0023832961,3.2291737e-05,0.39136973,6.487926e-07,0.000235483,0.00037813946
1.4740353e-05,2.6382459e-05,4.0872867e-05,0.9148913,0.0027332043,1.4521296e-05,0.08186377,4.2341773e-07,0.000118923504,0.00029587798
1.833724e-05,3.5725512e-05,5.787723e-05,0.9304589,0.002629631,1.1568206e-05,0.06636869,3.4590508e-07,0.00010211209,0.00031687622
9.806134e-06,9.019168e-05,4.549348e-05,0.9490577,0.0018711059,1.26803625e-05,0.04863709,3.3867036e-07,5.6723482e-05,0.00021894404
1.23864365e-05,0.0001211971,4.6149707e-05,0.9495423,0.0016742387,1.1583478e-05,0.048320543,3.4994756e-07,5.114634e-05,0.00022015073
9.951165e-06,0.0003046014,3.3672928e-05,0.93833,0.0015767757,1.9175906e-05,0.059517596,5.057292e-07,4.2678075e-05,0.00016500085
1.2262616e-05,0.00069828983,2.8432016e-05,0.9063778,0.0017655122,2.4040677e-05,0.09087319,8.2888107e-07,5.4660708e-05,0.00016491425
1.5627538e-05,0.00151972,2.8901304e-05,0.8775671,0.0018791789,2.9948342e-05,0.11870136,1.3403317e-06,7.044453e-05,0.00018633861
2.2423648e-05,0.002674837,3.2311676e-05,0.86959624,0.00187688,4.1944342e-05,0.12544698,1.7118114e-06,7.934257e-05,0.00022726205
2.2084612e-05,0.006747858,3.2105323e-05,0.8947196,0.0018526709,7.942122e-05,0.09621494,2.4913359e-06,7.134088e-05,0.0002575791
2.540259e-05,0.05005496,2.9410447e-05,0.9408732,0.0007468491,8.4869585e-05,0.007670297,1.9534389e-06,2.104319e-05,0.0004920609
1.2772519e-05,0.97683185,4.1391057e-05,0.022786178,7.649136e-05,8.453822e-05,5.6159224e-05,7.3904757e-06,3.153964e-06,0.00010012171
8.2559545e-06,0.99405414,2.2849903e-05,0.0056940783,9.843145e-06,5.384283e-05,1.0883425e-05,3.3935405e-06,1.9384868e-06,0.00014074522
4.9061814e-06,0.9970565,1.4721203e-05,0.0026943255,2.0247803e-06,4.007902e-05,7.726755e-06,2.5574325e-06,1.767477e-06,0.00017548603
4.8927836e-06,0.9982292,1.3943972e-05,0.001367122,1.1237956e-06,3.2213902e-05,8.245764e-06,2.6248192e-06,1.381424e-06,0.0003391877
3.4691711e-06,0.9977921,1.6809277e-05,0.0014021427,6.66729e-07,2.4361958e-05,1.0451183e-05,2.9976197e-06,1.3890979e-06,0.0007455759
4.680413e-06,0.99688643,2.2206534e-05,0.0013905509,6.481162e-07,2.4229514e-05,1.481201e-05,4.344518e-06,1.3598274e-06,0.0016507208
6.963848e-06,0.99790835,7.9263045e-06,0.0013788289,4.5533454e-07,1.8538889e-05,1.2535285e-05,8.293524e-06,9.416845e-07,0.0006572141
8.298093e-06,0.9976815,7.95576e-06,0.0015042927,2.2691795e-07,2.6515963e-05,1.09559605e-05,8.964492e-06,1.3001861e-06,0.00074985845
6.832159e-06,0.99772006,1.3684786e-05,0.0013750538,1.2052803e-07,3.118999e-05,8.969123e-06,6.4324536e-06,1.9140525e-06,0.00083583087
5.4949373e-06,0.9967194,1.9024463e-05,0.0015424629,8.3605464e-08,3.5569396e-05,8.577614e-06,7.985279e-06,3.0678225e-06,0.0016583677
1.5658605e-05,0.9942908,2.2293498e-05,0.0010391407,4.7073172e-08,3.190881e-05,1.2063483e-05,1.1391639e-05,9.649481e-06,0.0045669856
7.068172e-05,0.9845819,1.5375033e-05,0.0006489521,4.2375927e-08,1.4927981e-05,4.984457e-05,1.1805267e-05,4.5262805e-05,0.014561157
0.00016232979,0.9677046,2.0623393e-05,0.0010528328,9.8357404e-08,1.5545975e-05,0.00010376499,1.2102427e-05,7.811877e-05,0.030850083
0.00015153429,0.9418657,3.5087236e-05,0.001141001,1.4259385e-07,2.7064152e-05,0.00011931951,2.0480826e-05,8.484438e-05,0.056554828
0.00011879252,0.9351615,6.563875e-05,0.0021117853,1.8544583e-07,5.098343e-05,0.00010425954,1.698052e-05,8.1363294e-05,0.06228853
0.000110416746,0.96240735,8.415827e-05,0.0017767856,2.2149682e-07,2.857051e-05,7.882796e-05,1.5372587e-05,7.4697324e-05,0.035423577
0.0006345756,0.9789341,0.00015040793,0.0042419895,3.927979e-07,1.778853e-05,7.112217e-05,6.6573725e-06,0.0003148802,0.015628083
0.0010479798,0.9594869,0.0002765348,0.013470695,3.3186026e-07,4.0476632e-05,0.00011498358,7.82547e-06,0.00072708743,0.024827112
0.002013471,0.9494158,0.00054737966,0.021890061,3.1525627e-07,0.00018374492,0.00019788237,7.342224e-06,0.0016530011,0.024090944
0.022995237,0.83069825,0.0018875424,0.028130768,6.6433415e-07,0.00032532142,0.000817472,1.2559321e-05,0.016951444,0.098180644
0.5786044,0.13080226,0.0017919481,0.0068763513,1.2005229e-06,0.000120375014,0.0015770039,2.2459984e-05,0.15763475,0.1225693
0.96197546,0.00017300092,3.7983293e-05,5.42868e-05,4.859471e-07,2.2214306e-06,0.0006605818,1.3325108e-06,0.035730302,0.0013642743
0.9785235,8.137256e-05,1.7675773e-05,2.3542258e-05,5.0439667e-07,1.3162058e-06,0.000722349,9.674424e-07,0.020348372,0.0002804603
0.98961824,4.2252424e-05,7.834884e-06,8.363439e-06,4.792363e-07,9.4477224e-07,0.0005977571,9.585561e-07,0.009653583,6.95727e-05
0.99669194,3.1159274e-05,2.588844e-06,2.279332e-06,3.3597422e-07,9.881265e-07,0.00036547726,1.2833307e-06,0.0028848767,1.9023068e-05
0.997867,3.338275e-05,1.549047e-06,9.519278e-07,2.8654242e-07,1.5412578e-06,0.00026727308,1.7493594e-06,0.001816931,9.3240415e-06
0.9982948,4.1252457e-05,1.3068272e-06,7.321163e-07,2.3057787e-07,1.5302271e-06,0.000138526,1.2649775e-06,0.0015135071,6.882651e-06
0.99868184,2.9401286e-05,9.647345e-07,5.721638e-07,2.525773e-07,1.2604706e-06,0.00011036933,9.2108394e-07,0.0011684455,5.9329136e-06
0.99902284,2.0172822e-05,7.0039704e-07,4.5418287e-07,2.9752255e-07,1.0650222e-06,8.2459366e-05,7.643062e-07,0.00086641655,4.984079e-06
0.99897814,9.562485e-06,5.430193e-07,2.6161217e-07,4.7159676e-07,1.3566561e-06,0.000112772024,1.0698393e-06,0.00089180964,3.9155307e-06
0.9993161,6.7971628e-06,5.670039e-07,2.3280715e-07,3.7053834e-07,1.0995662e-06,8.8080065e-05,1.4235907e-06,0.0005724781,1.2856525e-05
0.9987986,1.6100692e-05,1.6649029e-06,4.3808728e-07,2.9786395e-07,2.8186369e-06,0.00026932912,2.101261e-06,0.0008562585,5.2303632e-05
0.9984946,2.4414685e-05,2.7976298e-06,8.218578e-07,2.8796075e-07,4.380962e-06,0.0005150725,2.7829064e-06,0.00084730296,0.00010761185
0.998016,2.5216326e-05,3.9098054e-06,9.368377e-07,3.1892117e-07,7.711955e-06,0.0007925141,3.1008285e-06,0.0010361124,0.000114184135
0.99870133,1.827514e-05,2.4948265e-06,9.161888e-07,3.2581755e-07,5.559493e-06,0.0004661676,2.9186815e-06,0.0007069676,9.496044e-05
0.99924123,1.0082253e-05,1.3098538e-06,8.723227e-07,3.7608802e-07,2.6039122e-06,0.00023872679,2.8905263e-06,0.00043816818,6.380467e-05
0.9995722,4.7720264e-06,6.093467e-07,1.202422e-06,5.193219e-07,1.0795424e-06,0.00011728833,2.7041103e-06,0.00025213786,4.7525584e-05
0.9994017,2.7746491e-06,4.3530528e-07,3.6909105e-06,7.502552e-07,1.8167722e-06,0.0001439572,4.1878334e-06,0.00031431453,0.00012639524
0.99900264,1.05762365e-05,8.0642167e-07,4.531844e-06,4.7262995e-07,1.6803968e-06,0.00013512751,4.505165e-06,0.00057232473,0.0002673301
0.93034166,0.00057160814,1.7546741e-05,9.804451e-05,7.792503e-07,5.8499292e-05,0.0012827545,0.000100727055,0.0037610354,0.063767396
0.00038785167,0.0016547611,2.2094373e-05,0.00056252675,5.202201e-07,4.399433e-05,9.23735e-05,0.00089322764,3.6586356e-05,0.99630606
4.459605e-05,0.0009453078,4.304223e-05,0.00033038898,3.9375837e-07,3.535442e-05,4.1511357e-05,0.0002854284,1.2136139e-05,0.99826175
2.0532434e-05,0.00059779064,6.166545e-05,0.00021580081,1.6561376e-07,2.5580475e-05,3.8325263e-05,0.00024556989,9.019071e-06,0.99878556
1.0877388e-05,0.00028215643,5.068067e-05,0.00018995912,1.4479738e-07,1.3004023e-05,2.628416e-05,0.00034635668,6.1107576e-06,0.99907446
8.305438e-06,0.00015727988,4.6701145e-05,0.00020597453,1.7513663e-07,9.018176e-06,2.0419213e-05,0.0003701589,4.9011155e-06,0.99917704
4.7466892e-06,0.00012039066,5.6656318e-05,0.00022673422,1.9710048e-07,1.1133992e-05,2.1138922e-05,0.00029619472,3.412293e-06,0.9992594
2.3634539e-06,0.000113065435,5.908832e-05,0.0002915013,2.1701337e-07,1.0655192e-05,2.1557194e-05,0.00017841037,3.2354128e-06,0.9993199
2.152008e-06,0.00040621834,0.00013651485,0.00059529766,4.7084194e-07,1.3296674e-05,2.061542e-05,6.4265696e-05,3.556039e-06,0.9987575
2.2440406e-06,0.0009669328,7.053085e-05,0.00056248053,1.4311607e-07,1.9516074e-05,1.770782e-05,9.164476e-05,4.6036566e-06,0.99826425
1.5362941e-06,0.0004884431,3.55128e-05,0.00024124305,1.4841355e-07,1.1054697e-05,1.2301393e-05,0.00036152246,3.875086e-06,0.9988444
1.996787e-06,0.0008019602,5.8719543e-05,0.00027895928,5.3279626e-07,1.813514e-05,1.110113e-05,0.00038757507,3.0638912e-06,0.99843794
1.986368e-06,0.0013109032,8.262998e-05,0.00033742058,7.2423427e-07,2.2786633e-05,1.1203247e-05,0.00043623403,3.1387945e-06,0.99779296
2.0169512e-06,0.001642956,7.445368e-05,0.00042657222,7.85175e-07,2.1026379e-05,1.0215045e-05,0.00038977878,3.1731763e-06,0.99742895
1.61703e-06,0.0028833654,8.560556e-05,0.00068663544,9.045691e-07,2.838159e-05,1.1445786e-05,0.00038895203,3.0117385e-06,0.99591005
2.450451e-06,0.00475491,7.878678e-05,0.00088854076,1.6494308e-06,2.0154235e-05,1.1973499e-05,0.0007854907,4.0330615e-06,0.9934521
4.7372982e-06,0.0075681927,6.636771e-05,0.00069124013,3.1583882e-06,1.3037221e-05,1.0019818e-05,0.0041453806,1.2553446e-05,0.98748523
2.6075427e-06,0.006840635,5.8999434e-05,0.00051920663,9.2889536e-07,3.2309636e-05,9.212725e-06,0.0011666985,1.4059844e-05,0.99135536
1.8120671e-06,0.009465541,9.9137054e-05,0.0023459443,3.215964e-06,3.377272e-05,1.5277956e-05,0.0004642957,5.863136e-06,0.9875651
2.6517982e-06,0.025118276,7.869486e-05,0.002645881,4.140709e-06,7.380511e-05,1.7796378e-05,0.00057498907,5.2670953e-06,0.9714785
1.4707227e-05,0.21401156,7.33816e-05,0.0052668457,5.2729414e-05,4.706636e-05,2.1023978e-05,0.0011825233,1.5923006e-05,0.77931416
2.709141e-05,0.9740235,1.107557e-05,0.001259711,5.4542696e-05,2.3181463e-05,5.907601e-06,7.839706e-05,1.3064455e-05,0.024503473
3.586317e-05,0.99495935,5.2488426e-06,0.00047321292,3.6366146e-05,1.368508e-05,3.3006718e-06,4.7353973e-05,6.862639e-06,0.00441874
2.3935834e-05,0.9989305,2.60757e-06,0.00020567288,1.43509105e-05,1.0134771e-05,2.019562e-06,1.4622629e-05,3.917507e-06,0.00079230586
1.6668024e-05,0.9993236,1.7948187e-06,0.00017946103,9.947761e-06,8.424433e-06,1.8725722e-06,1.2617852e-05,3.0972583e-06,0.000442512
8.405174e-06,0.99975175,1.3522135e-06,9.698838e-05,3.8048536e-06,6.682414e-06,1.6257604e-06,5.475949e-06,2.3219905e-06,0.00012152452
7.784251e-06,0.999808,1.1287451e-06,8.163978e-05,3.966951e-06,5.2853684e-06,1.4651946e-06,7.545647e-06,2.537917e-06,8.063434e-05
7.0612637e-06,0.9999018,1.1237918e-06,3.8240454e-05,1.3781809e-06,5.9894396e-06,1.4905966e-06,4.8530846e-06,3.3024219e-06,3.476411e-05
6.794519e-06,0.99973947,1.0073171e-06,0.00013522898,3.4569132e-06,7.3069255e-06,2.151974e-06,5.8510172e-06,1.539066e-06,9.7257645e-05
5.1771535e-06,0.9998062,9.4248264e-07,0.00010826927,2.2553766e-06,7.72752e-06,2.20804e-06,4.9746623e-06,1.2631384e-06,6.0967777e-05
7.0130527e-06,0.9997819,7.2938155e-07,0.00013816975,4.1222106e-06,6.5782583e-06,2.0367809e-06,4.7167405e-06,1.4033037e-06,5.3335523e-05
1.3936206e-05,0.9997706,1.1256543e-06,0.00014413563,1.5640606e-05,7.982485e-06,2.614663e-06,3.0935473e-06,1.7939783e-06,3.913959e-05
1.9987396e-05,0.9996244,2.129158e-06,0.00022181144,3.9662402e-05,1.0286541e-05,3.428472e-06,3.950726e-06,2.033601e-06,7.231588e-05
3.2318367e-05,0.99942833,3.979572e-06,0.00030927573,9.2554175e-05,1.1775508e-05,4.8705388e-06,4.2394854e-06,2.5016118e-06,0.00011018723
4.7558988e-05,0.99924123,5.4956063e-06,0.00037212967,0.00016247804,1.42653835e-05,6.221834e-06,5.0122985e-06,2.934458e-06,0.00014266287
6.6334374e-05,0.99874735,1.022368e-05,0.00051860546,0.00040375226,1.8463164e-05,9.639467e-06,6.7067517e-06,3.5226615e-06,0.00021533597
8.296266e-05,0.9977132,2.0440502e-05,0.0007356227,0.0010491287,2.3951896e-05,1.7840866e-05,9.436105e-06,4.385569e-06,0.00034318276
8.042035e-05,0.99581856,3.137749e-05,0.0011070411,0.002432725,2.0381227e-05,4.2814016e-05,1.6883372e-05,5.3944027e-06,0.00044434489
9.74395e-05,0.971414,0.00017975137,0.0025522094,0.02439376,4.6638474e-05,0.00023760035,8.0971084e-05,9.713041e-06,0.0009878168
0.00016279345,0.8587461,0.00096881425,0.0040699197,0.13271126,0.0001947433,0.001115466,0.00020602977,1.9784451e-05,0.0018052281
0.00038397458,0.127582,0.0030840002,0.00445181,0.86025184,0.00014539811,0.0011411172,0.00013497054,9.582388e-05,0.0027289563
4.950772e-05,0.00044251775,0.0030998283,0.0006954251,0.9941366,4.2527467e-05,0.00064735615,2.9754663e-05,3.71639e-05,0.0008193362
3.92505e-05,3.809299e-05,0.0012610425,0.0031922848,0.99381036,2.6271691e-05,0.0010299266,4.015201e-06,2.9555304e-05,0.00056916766
3.1586304e-05,9.30761e-06,0.0024882553,0.0011546289,0.99520725,1.7650866e-05,0.0007986855,6.146887e-06,3.3633707e-05,0.0002527701
4.8349186e-05,3.7328643e-06,0.0036971788,0.0016925778,0.9936593,1.6500982e-05,0.00062373566,4.9250134e-06,4.5280598e-05,0.00020841153
8.1307284e-05,1.433734e-06,0.0047157244,0.0006942079,0.9938263,7.0127658e-06,0.00045348215,1.0500938e-05,6.576487e-05,0.00014420947
0.000100256446,9.002044e-07,0.005998828,0.0009593316,0.99223095,7.248299e-06,0.00048439467,1.1036823e-05,8.914061e-05,0.00011792026
7.509561e-05,4.5620996e-07,0.0032206727,0.0003597469,0.99596316,1.0591355e-05,0.0002445665,1.6110567e-05,5.7591587e-05,5.1988343e-05
0.00012975445,4.0285659e-07,0.0023895446,0.00036298914,0.99685836,7.452973e-06,0.00012541417,1.8039402e-05,5.1101186e-05,5.6938545e-05
0.000100658566,8.8445415e-07,0.0018108999,0.0003265291,0.9975484,1.0502758e-05,6.3343774e-05,2.6444146e-05,3.2021504e-05,8.024804e-05
4.1487354e-05,6.5039234e-07,0.00054910465,0.0002967019,0.99893934,1.5603999e-05,8.469241e-05,1.6811697e-05,9.21923e-06,4.645951e-05
2.4145635e-05,1.4230819e-06,0.0010805785,0.0006215767,0.99795437,1.2975911e-05,0.0002025572,6.4572737e-06,9.032318e-06,8.677201e-05
1.8974162e-05,9.152381e-06,0.0023113505,0.0011988311,0.9953353,9.398661e-06,0.0008686051,9.6232425e-06,1.6243937e-05,0.00022261635
2.183084e-05,2.2219037e-05,0.004360271,0.0014013632,0.991747,1.727765e-05,0.0018824995,1.4116343e-05,2.663524e-05,0.0005067224
2.4200426e-05,3.205094e-05,0.006922455,0.0018445599,0.98796755,2.3261275e-05,0.002347329,2.570948e-05,2.735231e-05,0.0007855151
3.256846e-05,2.2039952e-05,0.007917364,0.0029739938,0.9838399,1.7524553e-05,0.00411843,3.718091e-05,3.968001e-05,0.0010012462
3.0435673e-05,1.6612557e-05,0.0052343486,0.005377205,0.9823735,3.4216446e-05,0.00575351,3.1640517e-05,3.3156823e-05,0.0011153198
6.0497357e-05,1.3505275e-05,0.0016012824,0.0050706095,0.9861021,3.277261e-05,0.0062432606,5.4379307e-05,2.1478132e-05,0.00080019084
6.4355765e-05,1.451448e-05,0.0018298135,0.00477694,0.98854,6.854072e-05,0.0031355135,8.5745225e-05,2.3046456e-05,0.0014615178
6.599775e-05,7.243467e-05,0.0021262038,0.0065820445,0.98604023,0.0007094965,0.001817327,0.0003636665,1.4650085e-05,0.0022080299
0.00017830892,0.00018224187,0.002097359,0.0021973352,0.9621018,0.0022025015,0.0012672849,0.027586209,1.9336e-05,0.0021676735
8.654079e-06,8.603876e-05,0.00016864187,1.490028e-05,0.007468245,0.0009527199,7.742245e-05,0.99109674,9.347782e-06,0.00011726105
1.3690236e-06,4.954172e-05,2.4112285e-05,2.2431104e-06,0.000118880576,0.00013772355,1.8027262e-05,0.99962294,2.4830324e-06,2.2593364e-05
1.6493549e-06,2.0318948e-05,1.07180595e-05,2.0599643e-06,7.703855e-05,2.9170042e-05,1.6275771e-05,0.9998209,1.4861016e-06,2.0461583e-05
9.883188e-07,1.6146345e-05,4.3472132e-06,1.9751967e-06,9.292399e-06,9.690981e-06,9.457636e-06,0.9999336,6.3712884e-07,1.3909185e-05
1.95474e-06,1.1958314e-05,2.9843998e-06,1.6726378e-06,1.5487941e-06,3.6209867e-06,1.2748122e-05,0.99995303,6.711362e-07,9.81112e-06
4.259344e-06,7.3994324e-06,3.5035305e-06,6.9352745e-07,3.9758643e-07,1.3510586e-06,1.055241e-05,0.9999558,2.232093e-06,1.3808595e-05
3.030016e-06,4.1469116e-06,2.0931857e-06,7.608765e-07,4.107949e-07,8.067764e-07,1.0434358e-05,0.9999465,7.257645e-06,2.4663274e-05
8.306318e-07,1.2845529e-05,8.139625e-07,2.1682329e-06,1.083531e-06,8.54557e-07,4.0161653e-06,0.99995077,9.645851e-07,2.5655152e-05
5.761474e-07,1.6665012e-05,2.0401033e-07,1.8273886e-06,2.513688e-06,1.5382777e-05,2.14554e-06,0.9999466,6.5938616e-07,1.3431332e-05
9.539142e-07,1.9099694e-05,2.0248233e-07,7.9450405e-07,2.6369883e-06,2.9978282e-05,1.4759781e-06,0.9999387,8.052858e-07,5.2841438e-06
5.35194e-07,2.2292303e-05,1.7530297e-07,4.3371185e-07,8.825187e-07,6.46986e-05,1.1031367e-06,0.9999038,9.0171864e-07,5.1548664e-06
4.1213767e-07,1.5876389e-05,2.7940112e-07,3.865186e-07,9.4447734e-07,7.513545e-05,1.2820709e-06,0.9999006,1.0903822e-06,4.034051e-06
3.5723284e-07,1.175237e-05,3.8762866e-07,4.3769452e-07,8.235287e-07,5.591849e-05,1.5616416e-06,0.9999237,1.1587629e-06,3.8244775e-06
2.894165e-07,1.0913953e-05,5.381983e-07,6.054862e-07,6.630928e-07,3.4949066e-05,2.0493667e-06,0.99994457,9.812212e-07,4.414398e-06
2.2410856e-07,1.2148637e-05,6.514705e-07,1.1128739e-06,4.5445327e-07,2.777151e-05,4.8942884e-06,0.99994564,8.9991613e-07,6.2631675e-06
7.3917647e-07,1.3065717e-05,1.074177e-06,1.3681589e-06,3.9755852e-07,9.830502e-06,8.796218e-06,0.9999552,1.5912491e-06,7.961104e-06
4.909825e-07,1.0770211e-05,1.3468715e-06,1.828234e-06,3.4643384e-07,7.959092e-06,2.5594854e-05,0.9999409,3.4824257e-06,7.3989695e-06
6.3427444e-07,7.3135816e-05,1.1453865e-06,5.3315987e-05,2.056027e-06,4.9682108e-06,9.093485e-05,0.99972266,8.2685614e-07,5.0317743e-05
4.915292e-07,8.9366105e-05,1.036384e-06,7.7860685e-05,3.7281993e-06,4.762448e-05,0.00011015503,0.99965,1.2517881e-06,1.8525288e-05
1.2730718e-06,0.0001467208,3.2012497e-06,0.00060317415,2.4523437e-05,0.00023650528,0.0013890659,0.99754983,3.602064e-06,4.2134714e-05
4.6997655e-05,0.00071295485,5.723802e-05,0.3878385,0.0020132877,0.0011214042,0.47986805,0.12650844,7.331411e-05,0.0017597594
3.125009e-05,8.9428766e-05,5.484144e-05,0.3718106,0.0010020487,0.0003343499,0.6217847,0.003789944,9.0611764e-05,0.001012178
2.4830006e-05,3.2058895e-05,7.406574e-05,0.32007542,0.00061668,0.00019520964,0.67726314,0.0007277494,0.000110730216,0.0008801434
2.2490072e-05,1.6907406e-05,8.9662826e-05,0.3016819,0.000514106,0.00012330039,0.696434,0.00021757866,0.00010189715,0.0007981133
2.3077697e-05,1.1394453e-05,9.4243645e-05,0.3221636,0.00049431314,8.3341474e-05,0.67618454,7.671262e-05,8.807408e-05,0.00078069686
2.5461159e-05,9.795689e-06,0.00010074857,0.34990567,0.00056940125,5.7901518e-05,0.64851755,4.0684095e-05,7.4178526e-05,0.00069864205
2.5401741e-05,9.271932e-06,8.946734e-05,0.37573987,0.00055493135,5.5286808e-05,0.62289584,2.6210428e-05,5.8033704e-05,0.00054570177
2.4137844e-05,1.327925e-05,6.443716e-05,0.46958974,0.0008651969,6.0906903e-05,0.5286872,3.3010863e-05,2.6984802e-05,0.0006350441
5.458692e-05,1.1629698e-05,5.946288e-05,0.6356311,0.0010548866,3.1373547e-05,0.362614,5.1937272e-06,4.457698e-05,0.0004931186
5.3345426e-05,1.3535798e-05,5.495152e-05,0.6712158,0.0010536824,3.051849e-05,0.32704052,3.6733509e-06,4.22392e-05,0.0004917081
4.1140836e-05,1.3531507e-05,6.609383e-05,0.674665,0.00085815595,5.9806556e-05,0.32373542,1.8518065e-06,4.5284924e-05,0.0005137583
2.2605915e-05,1.5350408e-05,6.5490785e-05,0.69250476,0.00056768424,0.00013547119,0.30615178,1.4668839e-06,3.6218735e-05,0.000499157
1.8252167e-05,1.9390034e-05,5.767135e-05,0.69652486,0.000465788,0.00018062412,0.30222508,1.4539336e-06,3.4555036e-05,0.00047230825
1.6531649e-05,2.3894665e-05,5.583137e-05,0.69361776,0.00037453012,0.00018169031,0.30521247,1.5533238e-06,3.5518537e-05,0.0004802222
1.4756222e-05,2.4997262e-05,5.404009e-05,0.6962975,0.00034306594,0.00018220293,0.3024809,1.6254639e-06,3.4578497e-05,0.00056635984
1.4923679e-05,2.9742634e-05,5.1450053e-05,0.6865011,0.0003519908,0.00015534584,0.31223124,1.8533581e-06,3.591991e-05,0.0006264323
1.7997121e-05,4.628962e-05,4.9393893e-05,0.64392304,0.00037401795,0.000109847875,0.35481182,2.271666e-06,4.4810873e-05,0.0006204704
1.5298234e-05,6.729836e-05,4.1116113e-05,0.6642019,0.00046598326,0.000292322,0.33405846,2.6668063e-06,4.858417e-05,0.0008062956
1.4967731e-05,0.00014624775,4.231196e-05,0.5555579,0.00065694796,0.0005989759,0.44215408,4.724624e-06,6.8840985e-05,0.00075495255
5.080062e-05,0.0007633028,0.0003500505,0.62249404,0.0066282065,0.18717507,0.18061584,1.25039005e-05,0.00020003188,0.0017101222
6.586248e-07,1.3274453e-05,6.0972197e-06,0.00012167397,6.5921544e-05,0.99974674,3.109652e-05,3.2596145e-07,3.7881327e-06,1.0370397e-05
2.4328858e-07,8.071069e-06,1.4459318e-06,7.4725604e-06,9.238704e-06,0.9999654,3.5230983e-06,1.9732138e-07,1.7168933e-06,2.6785276e-06
1.673721e-07,6.8003224e-06,4.3996826e-07,2.286245e-06,4.0285813e-06,0.9999809,2.2027214e-06,2.0525013e-07,1.6722347e-06,1.353161e-06
8.410531e-08,4.2966462e-06,2.184055e-07,1.1429124e-06,2.23576e-06,0.99998736,2.0902212e-06,2.216571e-07,1.6695046e-06,7.646721e-07
2.3496868e-08,1.6686628e-06,2.2223561e-07,5.5317946e-07,7.7217334e-07,0.99999225,2.7282463e-06,2.747666e-07,1.0175255e-06,5.105804e-07
1.4663782e-08,1.1255256e-06,1.7935878e-07,5.785974e-07,3.7556595e-07,0.99999094,5.027136e-06,2.5435338e-07,9.077492e-07,5.9054344e-07
1.6547643e-08,1.0361465e-06,2.0028848e-07,4.164811e-07,2.9388409e-07,0.99999297,3.4506907e-06,2.1076667e-07,9.188964e-07,5.649253e-07
2.0746073e-08,1.4157812e-06,2.658804e-07,3.6403742e-07,4.4071385e-07,0.9999938,2.1675075e-06,2.3349486e-07,8.054923e-07,4.968513e-07
4.2745658e-08,1.7336451e-06,4.9398756e-07,5.764289e-07,9.812907e-07,0.9999926,1.4859288e-06,1.5234147e-07,8.472746e-07,1.0989578e-06
9.329048e-08,4.036272e-06,4.8825416e-07,1.2002366e-06,9.950169e-07,0.99998844,1.8876502e-06,1.3524931e-07,7.822954e-07,1.9713814e-06
9.428236e-07,1.4168604e-05,5.4036155e-07,3.670776e-07,2.953578e-06,0.99997246,3.715068e-06,1.1980537e-06,2.6658502e-06,9.708938e-07
8.3358543e-07,1.2957901e-05,1.8472213e-07,4.5465674e-07,1.8558213e-06,0.99997365,3.676889e-06,7.623498e-07,4.9953737e-06,6.8093743e-07
3.3312412e-07,6.645545e-06,1.04061485e-07,5.3096693e-07,8.496917e-07,0.99998224,3.4669683e-06,3.919479e-07,4.8797997e-06,5.33574e-07
1.9555272e-07,1.7696976e-06,1.0594526e-07,5.5977097e-07,2.0452511e-07,0.9999862,6.5694135e-06,2.8468003e-07,3.7902648e-06,3.4270042e-07
2.8069553e-07,9.18934e-07,1.2782363e-07,8.123969e-07,1.5161189e-07,0.99998045,1.120341e-05,3.590665e-07,5.229778e-06,4.2584844e-07
8.802296e-07,1.1836496e-06,1.6710904e-07,1.0136745e-06,1.5113078e-07,0.9999654,1.6727887e-05,5.178987e-07,1.309774e-05,8.470682e-07
2.31017e-06,1.641462e-06,3.0425795e-07,1.3543386e-06,2.6828678e-07,0.9999505,1.6977307e-05,3.861164e-07,2.4436646e-05,1.6931638e-06
1.9514462e-06,2.3056455e-06,4.6917052e-07,2.252929e-06,2.5501646e-07,0.9999565,1.25239685e-05,2.2219439e-07,2.0531603e-05,2.8961863e-06
2.9108426e-06,3.652808e-06,2.5373168e-07,5.7720995e-06,1.2554128e-07,0.9999298,1.4660223e-05,2.8360287e-07,2.2802093e-05,1.9735278e-05
0.0006243698,2.4592819e-05,1.6249876e-06,4.314223e-05,1.0318909e-06,0.9987325,7.62322e-05,9.992391e-07,0.00031425388,0.00018120998
0.9935382,6.5180157e-06,5.3450476e-06,9.142703e-07,2.5468776e-06,9.579708e-05,0.0009883706,3.1916309e-06,0.005351924,7.212151e-06
0.99186957,5.8768087e-06,4.7117164e-06,5.936934e-07,1.4112252e-06,2.4960491e-05,0.0013738854,4.5191164e-06,0.0067077987,6.7522606e-06
0.99256235,5.3449025e-06,4.3172045e-06,7.158955e-07,1.1595146e-06,1.6121088e-05,0.001586529,4.2283714e-06,0.0058129816,6.252639e-06
0.99363786,5.3418994e-06,3.7328869e-06,8.559617e-07,9.728071e-07,1.5727659e-05,0.0016982965,3.874277e-06,0.0046269787,6.4396286e-06
0.9945531,5.166574e-06,2.3679124e-06,8.801038e-07,7.219619e-07,1.50692285e-05,0.0015023592,3.8002345e-06,0.0039089234,7.556623e-06
0.9958311,5.7889793e-06,1.4966768e-06,6.77889e-07,5.301857e-07,1.1380348e-05,0.0010349558,3.463598e-06,0.0031019598,8.695716e-06
0.99703336,6.74785e-06,9.921238e-07,4.230712e-07,4.6203823e-07,6.6083917e-06,0.00050012453,2.738357e-06,0.0024400041,8.525779e-06
0.99782133,7.3722185e-06,7.940134e-07,2.9222272e-07,4.687285e-07,4.6941673e-06,0.000295793,2.221425e-06,0.0018600387,7.0458323e-06
0.998367,7.3677006e-06,6.5080127e-07,2.3178713e-07,4.971735e-07,3.1836753e-06,0.00019258788,1.7916443e-06,0.0014210092,5.580256e-06
0.99874425,6.835534e-06,5.272501e-07,2.0786818e-07,5.313448e-07,2.2601428e-06,0.0001435837,1.4233474e-06,0.0010959088,4.4831004e-06
0.9983461,8.16999e-06,9.866264e-07,1.4420594e-07,9.090563e-07,3.938433e-06,0.00021230413,4.5638544e-06,0.0014178179,5.046474e-06
0.9983368,1.4308623e-05,1.4493016e-06,1.5773611e-07,9.551803e-07,4.728082e-06,0.0002705651,6.8195754e-06,0.0013580921,6.174284e-06
0.9980702,2.0160678e-05,2.3857256e-06,2.0329067e-07,1.0144169e-06,4.8489233e-06,0.00044594266,8.811747e-06,0.0014391363,7.2725525e-06
0.99733305,2.2597505e-05,4.2770266e-06,2.9129356e-07,1.3471231e-06,5.400227e-06,0.00094339944,1.2012172e-05,0.0016684202,9.221785e-06
0.996269,2.1689808e-05,5.955291e-06,4.2557113e-07,1.8414302e-06,6.1842543e-06,0.0018290179,1.730701e-05,0.0018375061,1.091068e-05
0.99543613,1.6084072e-05,6.2324075e-06,5.936247e-07,2.7056715e-06,5.0607355e-06,0.0027085529,2.002375e-05,0.0017929336,1.1625352e-05
0.9958824,8.5762895e-06,3.7603168e-06,7.989609e-07,4.2092147e-06,3.278118e-06,0.0025763127,2.3904777e-05,0.0014878436,8.911536e-06
0.99717665,3.1646227e-06,1.2962802e-06,9.0139724e-07,5.3390154e-06,4.345592e-06,0.0012606642,2.5488876e-05,0.0015158267,6.286574e-06
0.9978174,2.338962e-06,1.3725275e-06,6.785076e-07,3.5774024e-06,3.4973323e-06,0.0004792653,5.434193e-05,0.0016322818,5.178581e-06
0.17936069,4.8531343e-05,3.682393e-05,3.3002314e-06,1.6455586e-05,0.00049584836,9.1864546e-05,0.8173206,0.0025346056,9.13248e-05
2.2983373e-05,2.8703253e-05,6.9008925e-06,4.8973897e-07,1.0791805e-06,0.0008174515,1.7793308e-06,0.9990809,1.44424985e-05,2.5337826e-05
1.16185165e-05,7.233324e-05,1.016283e-06,1.3187928e-06,9.305774e-06,0.0007523889,2.4460805e-06,0.99911314,1.2217753e-05,2.4219198e-05
7.742207e-06,3.002644e-05,7.0295664e-07,7.0138833e-07,6.4082824e-06,0.0004212421,2.6811933e-06,0.9995117,1.210402e-05,6.59155e-06
6.7727574e-06,2.0557538e-05,6.098192e-07,6.86957e-07,6.583183e-06,0.00022203091,3.5976227e-06,0.99972636,8.84543e-06,3.922606e-06
6.4501855e-06,1.6192214e-05,5.7777225e-07,9.0125434e-07,5.452928e-06,7.206096e-05,3.9064157e-06,0.9998876,4.1011644e-06,2.7478359e-06
7.698068e-06,7.7466375e-06,6.8317394e-07,9.216865e-07,4.28361e-06,1.6831531e-05,5.83098e-06,0.99995005,3.1598227e-06,2.7308538e-06
1.1986467e-05,2.7434091e-06,1.232378e-06,7.742392e-07,9.773162e-07,3.5214953e-06,5.3079716e-06,0.9999604,6.6854154e-06,6.418341e-06
6.8238032e-06,2.1577089e-06,2.7654637e-06,9.655413e-07,3.5632792e-07,1.1388418e-06,1.0718173e-05,0.9999298,2.3957677e-05,2.137275e-05
4.0954245e-07,6.6734174e-06,4.2449783e-06,3.0495057e-06,3.3637767e-07,1.2621368e-06,2.460585e-06,0.9999447,6.5141336e-07,3.617855e-05
8.508974e-08,3.2720716e-06,2.1601954e-05,3.235134e-07,1.222872e-07,0.00043975902,3.470777e-06,0.999522,1.8058191e-06,7.56863e-06
4.9232273e-08,9.586343e-06,4.2832584e-05,3.6435745e-07,1.011318e-07,0.0029999483,5.091964e-06,0.9969272,2.956734e-06,1.1887773e-05
7.254836e-08,8.2071765e-06,5.1251973e-05,1.1140294e-06,9.076827e-08,0.010077135,4.4183234e-05,0.98979294,1.1064987e-05,1.3984718e-05
9.308985e-08,4.220928e-06,0.00010130876,2.9324867e-06,1.8138854e-07,0.012803355,0.0001252332,0.9869222,2.5554038e-05,1.4875037e-05
1.0913343e-07,4.0962404e-06,0.00013511885,5.402306e-06,3.840438e-07,0.009729277,0.00011647519,0.9899442,4.6903053e-05,1.7905879e-05
3.8244391e-07,4.5311103e-06,0.00014115135,9.071547e-06,1.1451067e-06,0.0022341653,0.00012996615,0.997359,0.00010217985,1.8430977e-05
1.6660047e-07,3.264046e-06,5.268813e-05,5.320425e-06,5.02839e-07,0.0021771675,2.7061378e-05,0.9977011,1.1347999e-05,2.125383e-05
2.65339e-07,1.2649028e-05,2.9211407e-05,2.5961956e-06,2.8403102e-07,0.00082624715,1.4541375e-05,0.9990945,5.787636e-06,1.3883074e-05
3.8642892e-07,1.1155337e-05,4.4191464e-05,7.082394e-07,3.2350505e-07,0.00071194535,1.3960789e-05,0.99918824,1.659074e-05,1.2507378e-05
7.748365e-08,1.8315059e-05,1.7978808e-05,2.40602e-06,4.3539663e-07,0.00036409698,1.0846844e-05,0.99956185,1.8895047e-06,2.2183089e-05
4.7795356e-07,4.3343593e-05,0.018998297,4.7662515e-06,4.1977202e-07,0.010833165,0.00039395216,0.9692301,0.00035405002,0.00014154478
1.2423784e-06,1.287572e-05,0.9891474,3.8555436e-06,7.9424495e-08,0.003562527,0.00019594401,0.0069858734,4.359944e-05,4.6544115e-05
1.2712705e-07,2.591675e-06,0.9995315,2.727447e-06,2.2906836e-08,0.00019642946,9.376566e-05,0.00014464102,1.6085683e-05,1.2091292e-05
2.7619455e-08,9.855536e-07,0.99984133,2.8423617e-06,2.677582e-08,4.8872174e-05,5.0655228e-05,2.5520918e-05,2.0021422e-05,9.709652e-06
2.3329752e-08,4.005259e-07,0.99987555,3.2859084e-06,4.755431e-08,2.6603311e-05,3.2762695e-05,6.5583463e-06,4.1631673e-05,1.3037818e-05
2.3994954e-08,5.5729026e-07,0.9998543,4.4368912e-06,3.7680735e-08,3.139955e-05,2.7099175e-05,2.4440906e-06,5.640251e-05,2.3214308e-05
1.167711e-08,7.5623376e-07,0.9998542,5.2035725e-06,4.5509065e-08,2.640327e-05,1.0649143e-05,6.527884e-07,6.173779e-05,4.0429637e-05
1.784707e-08,1.076298e-06,0.99980193,4.5011225e-06,6.872398e-08,3.8115253e-05,1.3036745e-05,4.4102404e-07,9.934063e-05,4.155943e-05
2.29596e-08,1.9118775e-06,0.99985623,3.8582366e-06,4.8815533e-08,3.3694992e-05,7.235995e-06,2.9398208e-07,6.068663e-05,3.5968736e-05
3.839458e-08,2.8524162e-06,0.9999201,2.7376454e-06,1.9922533e-08,1.9897137e-05,3.7747743e-06,3.6152107e-07,2.415269e-05,2.5998093e-05
5.7509276e-08,4.2519846e-06,0.99994504,2.4784943e-06,1.112031e-08,1.5299362e-05,1.6602364e-06,2.8479025e-07,6.931256e-06,2.3885517e-05
5.1881848e-08,1.2905666e-05,0.99975866,8.939502e-06,2.3765114e-08,7.570949e-06,1.0872776e-06,3.835623e-07,5.7930747e-06,0.00020459066
5.238944e-08,1.5690814e-05,0.9993517,1.5092629e-05,3.459087e-08,8.095592e-06,1.5136427e-06,5.242325e-07,7.028282e-06,0.0006002695
4.8333302e-08,9.406382e-06,0.9991394,1.556292e-05,3.5234155e-08,9.497487e-06,2.1561266e-06,5.8000495e-07,6.3746074e-06,0.00081688684
6.00651e-08,4.891551e-06,0.9993568,1.0537503e-05,3.0450895e-08,1.1548322e-05,2.5851846e-06,5.57979e-07,5.3010203e-06,0.00060772005
6.625731e-08,4.303361e-06,0.9993062,1.225245e-05,2.722142e-08,1.9598285e-05,3.5431785e-06,5.811278e-07,5.292796e-06,0.00064809626
7.3187415e-08,4.77021e-06,0.99907744,1.7158358e-05,2.4259396e-08,2.8475846e-05,5.7420657e-06,7.6630187e-07,5.438137e-06,0.0008601266
8.1474546e-08,4.6720857e-06,0.9989723,2.2958575e-05,1.7964853e-08,5.2409003e-05,1.0282027e-05,1.0372748e-06,6.3052435e-06,0.0009299562
1.3981023e-07,5.4772836e-06,0.9985745,2.2938602e-05,1.28822e-08,5.8287784e-05,1.5765725e-05,2.1736612e-06,1.0136456e-05,0.0013106294
5.106671e-07,1.1323874e-05,0.9959627,2.2642616e-05,1.1447508e-08,0.000120357916,2.763563e-05,7.126976e-06,3.250744e-05,0.0038152398
3.095654e-06,7.977624e-05,0.8486689,0.00014325419,4.5701388e-08,0.0007148515,0.00016441412,4.4317214e-05,0.00030251232,0.14987889
3.482762e-06,0.00010744121,0.00059639086,0.00051290286,6.585596e-08,2.3201916e-05,3.8816375e-05,4.8369416e-06,6.4920314e-05,0.99864787
4.7610642e-06,5.246286e-05,0.00013935687,0.0006465977,3.3352768e-07,1.958277e-05,5.456513e-05,6.1766355e-06,1.0481112e-05,0.9990657
7.089672e-06,3.297455e-05,4.5941717e-05,0.00052737247,1.7664344e-06,3.3848748e-05,0.000105991465,1.4421433e-05,1.310403e-05,0.9992175
3.0799174e-06,1.3375298e-05,3.4938315e-05,0.00017292613,6.6321263e-07,2.9572384e-05,8.64942e-05,1.4733343e-05,0.00017506519,0.9994692
1.3883684e-06,9.604679e-06,4.8043457e-05,0.0002283771,3.8433075e-07,2.4519271e-05,9.509875e-05,9.61091e-06,0.0009109151,0.998672
2.3318447e-07,7.3108977e-06,0.00012209444,0.00027537087,2.3118895e-07,2.4349703e-05,9.764248e-05,2.3932016e-05,0.00034620368,0.9991027
8.1216996e-08,6.4896794e-06,0.00012068352,0.00026153997,1.5735559e-07,3.951153e-05,9.970952e-05,4.1735162e-05,0.00014138182,0.9992887
4.882013e-08,7.936112e-06,0.0001494826,0.00027549439,2.1487129e-07,4.623184e-05,0.00011442608,6.1225444e-05,7.511621e-05,0.9992698
7.723832e-08,6.1127407e-06,5.730094e-05,0.00016597411,1.8303201e-07,5.35042e-05,0.00010156209,4.8422422e-05,4.815119e-05,0.99951875
1.9125622e-07,1.9832974e-05,1.2375143e-05,0.00018712475,8.1376506e-08,7.951034e-05,8.728248e-05,5.6196073e-05,1.3883965e-05,0.9995436
8.9089946e-07,3.7966354e-05,3.4948582e-06,0.00017374217,1.7262329e-07,6.856282e-05,0.00010303173,2.6928028e-05,1.5374957e-05,0.99956983
3.7503885e-06,5.5221248e-05,6.1293545e-06,0.00011839664,6.1193145e-06,0.0002190225,0.00030389798,0.000100613,6.8314956e-05,0.9991185
4.0709234e-05,4.813918e-05,3.9161164e-06,1.9977444e-05,1.2129319e-06,0.00012496086,0.00037445777,0.0009176938,0.008960489,0.9895085
1.8756222e-05,4.994104e-05,3.2462979e-06,2.9621473e-05,5.6900643e-07,1.6416981e-05,6.624327e-05,0.0003566144,0.010124996,0.9893337
2.4911578e-06,6.161093e-05,1.4619944e-05,6.8160596e-05,6.1186554e-08,7.615988e-06,2.6709491e-05,0.00014523022,0.00080559246,0.998868
1.1335113e-06,0.00017259293,7.881057e-05,0.00036680672,1.2690057e-07,3.7193531e-06,2.0962994e-05,0.000105841646,2.5158877e-05,0.9992249
1.742808e-06,0.00018563034,0.00017367803,0.00031826601,2.3658161e-07,7.1170366e-06,2.7392984e-05,0.00010011388,1.8389674e-05,0.99916744
3.3564431e-06,0.0002525801,0.00011670095,0.00033463692,4.62837e-07,3.1140717e-05,4.644585e-05,0.00027519287,9.09137e-06,0.9989304
1.256118e-05,0.00030571243,9.3217735e-05,0.00038147604,9.546674e-07,8.782538e-05,6.1273764e-05,0.00017185765,1.1494657e-05,0.99887365
0.0138771385,0.00023312109,0.00023603263,0.00096913986,3.402221e-05,4.6315727e-05,0.00023256261,0.0002158869,0.00037257743,0.9837832
0.9969463,5.83968e-06,5.5014634e-06,5.7358857e-06,1.5551944e-06,3.0059866e-06,0.00031108063,5.789623e-06,0.0016200416,0.0010951457
0.99761945,1.6236303e-06,2.325592e-06,1.0874642e-06,3.2058633e-06,8.806764e-07,0.00015698858,4.352152e-06,0.002117567,9.237133e-05
0.99588096,2.6826463e-06,1.2063313e-06,9.525254e-07,6.3378457e-07,6.8421573e-06,0.00040225522,3.5059852e-06,0.0036493528,5.1699823e-05
0.99701935,2.7924284e-06,1.0345591e-06,8.6957493e-07,5.022616e-07,6.687484e-06,0.00036129387,3.5909964e-06,0.0025714508,3.236869e-05
0.9976387,2.8013617e-06,8.900097e-07,9.999608e-07,3.94619e-07,7.281134e-06,0.00029009813,2.5490833e-06,0.0020246862,3.1727253e-05
0.99932134,2.4027104e-06,4.299921e-07,2.3541174e-06,4.598651e-07,2.7884e-06,8.1978185e-05,4.5706747e-06,0.0005376329,4.5967e-05
0.9994836,2.5004358e-06,3.3971253e-07,2.3060875e-06,4.7516792e-07,2.1588326e-06,5.1945364e-05,3.7914647e-06,0.000406391,4.6382487e-05
0.99955505,2.2068684e-06,2.5284155e-07,1.1962912e-06,4.8406264e-07,1.6816036e-06,4.264003e-05,3.0194567e-06,0.00036523258,2.8217224e-05
0.99939144,3.1381796e-06,2.783508e-07,3.9576912e-07,4.2914593e-07,1.8352542e-06,6.8459776e-05,1.8041324e-06,0.00052060344,1.149008e-05
0.9992611,5.16688e-06,3.447184e-07,2.1043533e-07,5.245916e-07,1.3284395e-06,8.165265e-05,1.937393e-06,0.0006424662,5.4475263e-06
0.9987496,6.7240394e-06,5.490275e-07,2.061431e-07,9.708881e-07,2.4516116e-06,0.00021516239,1.6674239e-06,0.0010170859,5.493898e-06
0.99831593,1.148951e-05,7.7246335e-07,3.7691476e-07,1.3448239e-06,5.088069e-06,0.0005809493,2.1450032e-06,0.0010719623,1.00224e-05
0.99724257,1.6327127e-05,9.822949e-07,6.4473574e-07,2.072968e-06,9.207196e-06,0.0014328965,3.2720966e-06,0.0012803554,1.1711037e-05
0.99597114,1.3973209e-05,1.4420955e-06,9.610742e-07,4.410077e-06,9.349337e-06,0.002744758,6.3388206e-06,0.0012332315,1.4381188e-05
0.99462986,7.994662e-06,1.8433338e-06,1.6965575e-06,9.2215305e-06,7.0803794e-06,0.004057892,7.5223184e-06,0.0012600399,1.6884796e-05
0.9815591,1.6958062e-05,2.9124985e-06,6.3611174e-06,3.813338e-05,1.8494024e-05,0.016285898,1.582602e-05,0.0020352665,2.1031014e-05
0.97203594,6.147962e-06,7.841527e-06,7.446623e-06,8.709768e-05,2.9179046e-05,0.022533484,2.2800208e-05,0.0052301707,3.990076e-05
0.94331235,7.0856318e-06,8.726836e-06,3.8412265e-05,0.00021240159,4.1228028e-05,0.04951184,2.5718746e-05,0.0067801736,6.211761e-05
0.9333224,1.1663797e-05,1.2631433e-05,0.00014466073,0.0005403961,3.9750303e-05,0.05922832,2.0953354e-05,0.0065998104,7.93195e-05
0.89894193,1.6164026e-05,2.104131e-05,0.0011042352,0.0016161213,0.000110673966,0.08732568,9.747238e-06,0.010591114,0.00026325314
0.017318472,3.558896e-05,2.5856138e-05,0.05950002,0.07993249,0.0012110667,0.83238256,5.57498e-05,0.004511518,0.005026678
0.0007315228,1.6206086e-05,9.265169e-06,0.049492873,0.02246725,0.000686268,0.92315173,2.3860784e-05,0.00057624036,0.002844729
0.0002340065,5.8703463e-06,1.3853436e-05,0.017882172,0.017455766,0.0006950955,0.96275425,1.6619082e-05,0.00026053278,0.00068178214
0.00015077241,6.972822e-06,7.276693e-05,0.032623738,0.050342586,0.0011853537,0.91461176,1.2430351e-05,0.000119544085,0.0008740771
0.00019579958,6.5875224e-06,4.9673872e-05,0.016639687,0.04986079,0.00031181154,0.9324002,8.420252e-06,9.1504975e-05,0.00043543754
0.0001711945,6.606581e-06,1.362549e-05,0.0031166936,0.0108830035,7.282784e-05,0.98551303,8.835609e-06,0.000119080476,9.51467e-05
0.001407731,4.9070245e-06,4.543433e-05,0.002778349,0.0075732153,3.3257966e-05,0.98714405,3.9388947e-06,0.00091807795,9.106042e-05
0.0003321171,2.1097956e-05,2.0684518e-05,0.08134169,0.0077630403,2.3302448e-05,0.9098073,3.172642e-06,0.00042162303,0.00026600776
8.637418e-05,1.2171158e-05,1.5706819e-05,0.052904516,0.004703965,3.758794e-05,0.94191515,2.4689887e-06,0.00019190158,0.00013016476
4.155863e-05,1.0907423e-05,1.6638176e-05,0.042283814,0.0039248075,6.129264e-05,0.9534182,2.0298387e-06,0.00014565437,9.517465e-05
1.6214155e-05,1.0484082e-05,5.8288493e-05,0.10677139,0.0035817057,0.00034383652,0.8888681,9.806104e-07,0.0001633881,0.0001856465
3.4034572e-06,1.0381211e-05,4.3893702e-05,0.0972061,0.00031253154,0.00039066534,0.90172935,1.5566359e-06,8.538159e-05,0.00021678384
3.1146467e-06,7.395398e-06,3.4927612e-05,0.102495916,0.00050190534,0.00058595085,0.8960052,2.9737828e-06,6.2196355e-05,0.00030039318
2.7257788e-06,6.0595044e-06,2.4063782e-05,0.08745812,0.00044265582,0.0006747449,0.91103077,4.2056868e-06,5.729099e-05,0.00029932405
2.6201667e-06,5.566485e-06,7.4454415e-06,0.01698711,0.00017374111,0.00048059307,0.98221886,4.692553e-06,4.18873e-05,7.7369456e-05
2.6690877e-06,1.0030912e-05,6.1130822e-06,0.012350204,9.1152324e-05,0.00037644518,0.98707694,3.8018763e-06,4.3559743e-05,3.8994007e-05
4.9658984e-06,1.2494795e-05,6.391279e-06,0.018821014,0.00012275563,0.00033241205,0.98057497,3.1199206e-06,6.225748e-05,5.9618946e-05
1.742272e-05,2.333918e-05,1.3022971e-05,0.67114526,0.001663518,0.000644457,0.32594168,2.496736e-06,8.4449675e-05,0.00046445485
1.9458083e-05,2.5294956e-05,1.8223147e-05,0.6322072,0.0016982814,0.0037154984,0.36163083,3.820402e-06,0.0001309685,0.00055037066
7.5253156e-06,3.1263786e-05,6.255885e-05,0.52597564,0.000851459,0.17619643,0.29431966,1.25338765e-05,0.0001091719,0.0024337408
1.3780692e-07,7.6471076e-07,0.00069466414,1.4739323e-05,6.9622295e-08,0.99897987,0.00014326164,3.928505e-06,7.687589e-05,8.567108e-05
4.2226272e-08,4.80682e-07,0.00016539868,2.09269e-06,3.2856512e-08,0.99978024,2.3530936e-05,1.831914e-06,1.466533e-05,1.165786e-05
1.5869299e-08,5.0916543e-07,7.831847e-05,1.3062424e-06,1.5364517e-08,0.9998913,1.0926472e-05,2.0298091e-06,7.1470618e-06,8.389945e-06
7.288914e-09,4.980781e-07,2.8919043e-05,1.1195265e-06,1.19071855e-08,0.9999471,7.438877e-06,1.7261804e-06,5.766191e-06,7.4148948e-06
4.429524e-09,5.2321826e-07,1.1681317e-05,1.0414224e-06,1.1154744e-08,0.9999659,5.5285086e-06,1.6018191e-06,5.721611e-06,7.930718e-06
3.4841992e-09,6.278788e-07,6.2527374e-06,9.444284e-07,1.1352028e-08,0.9999708,4.293077e-06,1.655386e-06,6.320322e-06,9.00773e-06
3.509726e-09,6.9103396e-07,3.637375e-06,8.3154595e-07,1.1592877e-08,0.99997306,3.799259e-06,1.59824e-06,7.474955e-06,8.9965715e-06
4.1327888e-09,6.2044364e-07,2.1964267e-06,7.1187895e-07,1.3917828e-08,0.99997354,3.9894094e-06,1.6499356e-06,9.492815e-06,7.708299e-06
4.4497965e-09,5.787109e-07,3.0820975e-06,5.417295e-07,1.2138441e-08,0.99997544,3.4391155e-06,1.9898437e-06,7.509892e-06,7.417361e-06
4.588073e-09,6.500608e-07,3.7732384e-06,4.3308086e-07,1.0403277e-08,0.9999776,2.654896e-06,2.1163726e-06,6.4296933e-06,6.3426273e-06
3.925408e-09,1.6373566e-06,2.8019851e-06,5.2001076e-07,9.413135e-09,0.9999765,2.492793e-06,3.1541197e-06,6.0495404e-06,6.803231e-06
4.1705457e-09,3.6366214e-06,2.2322588e-06,8.162138e-07,1.2102773e-08,0.99996996,2.238629e-06,2.9824587e-06,7.175189e-06,1.08686e-05
4.2785433e-09,8.185657e-06,3.0190818e-06,1.0912647e-06,1.552391e-08,0.99995816,1.9491858e-06,3.186527e-06,8.49623e-06,1.5936404e-05
7.721584e-09,1.6540822e-05,2.7526635e-06,1.5925418e-06,2.4799485e-08,0.99993193,1.4756401e-06,3.102858e-06,1.0271989e-05,3.2278916e-05
1.27947875e-08,2.8274208e-05,2.2820273e-06,2.040143e-06,3.8373223e-08,0.999892,1.3787524e-06,4.3065775e-06,1.0477244e-05,5.927181e-05
1.9454292e-08,4.2429092e-05,1.8200876e-06,2.9074242e-06,5.6385485e-08,0.99983335,1.5299073e-06,7.0053115e-06,8.259841e-06,0.00010258009
3.2488398e-08,5.6795998e-05,1.1812865e-06,4.285762e-06,8.0476305e-08,0.9997551,1.8765242e-06,1.1986577e-05,6.397781e-06,0.00016220757
4.129784e-08,4.623122e-05,1.1223245e-06,3.8979642e-06,5.5843476e-08,0.99977595,1.7825531e-06,1.28600495e-05,4.184211e-06,0.00015388582
7.290285e-08,0.00014426293,4.311288e-06,4.9336536e-06,4.732004e-08,0.9995053,2.0317152e-06,2.9455345e-05,4.1679896e-06,0.00030545797
1.3652407e-06,0.06031505,0.00011899372,9.641672e-05,1.062708e-06,0.93490684,1.281067e-05,0.00022360742,2.1271298e-05,0.0043026586
2.694357e-06,0.99510384,5.1331717e-05,0.00021289458,1.925271e-06,0.002895985,5.584537e-06,5.252887e-05,5.7971943e-06,0.0016674333
3.050654e-06,0.998694,1.8542905e-05,8.077411e-05,9.039405e-07,0.00044977907,3.580221e-06,4.0523533e-05,3.5411902e-06,0.0007052661
6.9603093e-06,0.99925774,5.6826275e-06,2.2453954e-05,5.6931634e-07,0.00025766192,3.5565854e-06,9.103683e-05,4.0397285e-06,0.00035026984
1.9589901e-05,0.9991817,4.1930725e-06,1.3366236e-05,6.9585553e-07,0.0002174023,5.5885976e-06,0.00021637676,5.7469824e-06,0.00033532595
3.6965444e-05,0.9990728,4.1839803e-06,1.2350502e-05,8.3668033e-07,0.00014915357,5.928747e-06,0.00030693004,6.4954097e-06,0.00040436327
6.131877e-05,0.9987746,3.7213308e-06,1.1588954e-05,8.3219055e-07,9.494123e-05,5.418321e-06,0.00047537166,7.4193e-06,0.0005648511
7.733591e-05,0.99843687,3.439307e-06,1.00188445e-05,8.053088e-07,6.01559e-05,4.7700437e-06,0.000738751,7.619347e-06,0.00066025916
0.000111148125,0.99811244,3.4310783e-06,9.559931e-06,7.510179e-07,4.7860867e-05,5.1245e-06,0.0009875575,7.615593e-06,0.00071466086
0.00015811149,0.99789125,3.8158673e-06,1.0083766e-05,5.764043e-07,5.6706227e-05,5.858045e-06,0.0011258997,6.7802703e-06,0.0007410311
0.00018117018,0.9981304,2.9031144e-06,1.3816962e-05,6.241001e-07,6.95427e-05,5.020329e-06,0.0007430867,4.9098735e-06,0.0008485652
0.00026197816,0.9984717,1.5359376e-06,2.5631572e-05,1.597418e-06,4.6589244e-05,5.1260513e-06,0.00042019744,3.3766291e-06,0.0007622782
0.00021655952,0.99879897,2.0165191e-06,4.353931e-05,1.8726729e-06,2.1758144e-05,4.6754867e-06,0.00018971432,2.568921e-06,0.00071836344
6.752452e-05,0.99958426,2.4160736e-06,6.0646293e-05,1.3370302e-06,1.5279174e-05,2.4458084e-06,4.033974e-05,1.5728078e-06,0.00022430539
6.304221e-05,0.9996111,1.9104991e-06,4.1778578e-05,1.2398029e-06,2.5318173e-05,2.5806023e-06,5.9641927e-05,1.7646596e-06,0.00019178414
0.0001442251,0.9989058,1.3323868e-06,4.5109697e-05,2.108376e-06,4.6223813e-05,4.5430393e-06,0.0002540465,3.6006054e-06,0.0005930912
0.00032528143,0.9968683,1.639406e-06,6.146361e-05,3.7975792e-06,8.964122e-05,8.127899e-06,0.0006979637,7.6135607e-06,0.0019361773
0.0009589517,0.9923139,2.5218335e-06,6.159666e-05,6.118615e-06,0.00017568337,1.7938064e-05,0.002866093,1.1851522e-05,0.0035854275
0.0017995487,0.98156273,3.042855e-06,3.619193e-05,5.903726e-06,0.00027329562,3.316306e-05,0.012964643,2.0154259e-05,0.0033013034
0.0022275595,0.97404253,2.8702866e-06,3.9597056e-05,6.282964e-06,0.00021852322,4.405486e-05,0.02154694,1.3250279e-05,0.001858436
0.0010778558,0.6309705,3.3638548e-06,4.0397703e-05,1.624616e-05,0.00079488347,3.260955e-05,0.36634392,1.556327e-05,0.0007046361
6.280315e-05,0.029150208,1.0425085e-06,8.792237e-06,7.984875e-06,0.00084728847,7.080957e-06,0.9698364,4.253806e-06,7.419403e-05
2.112167e-05,0.0076882443,7.410322e-07,4.6067516e-06,5.8385726e-06,0.0006372913,4.6147366e-06,0.9916079,2.3092848e-06,2.7332848e-05
1.3165719e-05,0.0041048913,6.616893e-07,3.8118208e-06,4.968798e-06,0.0005184983,3.8042633e-06,0.9953341,1.996999e-06,1.4107295e-05
1.3522298e-05,0.003951942,8.5162844e-07,3.7904538e-06,3.9956444e-06,0.00058727857,4.274849e-06,0.9954183,1.8924915e-06,1.4086279e-05
1.3106568e-05,0.002280758,7.8774514e-07,3.280325e-06,1.970867e-06,0.0003562511,5.235191e-06,0.9973193,1.3068408e-06,1.8033119e-05
6.3251928e-06,0.00044472958,4.6835413e-07,1.9894849e-06,9.535254e-07,0.00031508124,3.6137128e-06,0.9992156,1.0041925e-06,1.0180147e-05
6.608754e-06,7.328983e-05,2.0980315e-07,8.6705023e-07,6.7827347e-07,0.00025900625,2.4759797e-06,0.9996482,1.6321007e-06,7.1266027e-06
3.4880784e-05,4.321945e-05,2.3801788e-07,7.552529e-07,1.8587126e-07,0.0010942168,1.0191862e-05,0.9987631,2.9259674e-05,2.4003526e-05
1.1089965e-06,3.536543e-05,2.5801924e-07,1.4281713e-06,9.5344166e-07,0.00017129313,2.2371876e-06,0.9997818,5.427404e-07,5.0472195e-06
3.0607785e-07,2.445393e-05,7.15915e-07,9.929621e-07,4.245824e-07,0.00035124965,1.3691163e-06,0.99961424,3.3035306e-07,5.9630997e-06
7.554688e-08,1.8923834e-05,7.0565734e-06,8.5640164e-07,2.591166e-07,0.0018345249,1.5871453e-06,0.9981224,4.6294096e-07,1.3933681e-05
6.738099e-08,9.782452e-06,1.9235492e-06,9.815575e-07,3.7023975e-07,0.00089332595,1.37131e-06,0.9990814,1.0491501e-06,9.745207e-06
1.9922648e-07,1.3756642e-05,3.8478714e-07,6.046043e-06,8.454034e-07,0.00044028036,4.3810983e-06,0.999508,5.896082e-06,2.0221978e-05
5.3888693e-06,6.2452964e-05,6.4871546e-07,0.00020869615,2.153529e-06,0.0002158892,4.1490955e-05,0.99875164,9.804512e-06,0.0007017515
7.2425684e-07,7.590787e-06,7.339712e-07,2.8485154e-05,2.7436673e-07,0.0001932807,7.799039e-06,0.9994192,3.4550808e-06,0.000338479
1.4991186e-07,2.607638e-06,6.0547804e-06,4.952185e-06,1.10814184e-07,0.0069337916,8.636326e-06,0.9927899,1.4140179e-05,0.00023965731
1.2505542e-07,9.350922e-06,0.00012482349,1.7406675e-05,1.917872e-07,0.014574237,1.7691078e-05,0.9828824,1.19345905e-05,0.0023617728
2.325905e-07,6.379033e-05,0.00074486696,9.9055316e-05,8.44606e-07,0.0019228351,1.5280317e-05,0.9612783,8.391345e-05,0.03579085
6.340934e-07,2.914398e-05,1.138769e-05,2.3337341e-05,3.6515871e-06,0.00026525228,2.1633154e-05,0.9905047,0.00650671,0.0026336124
1.7382668e-05,4.6925008e-05,1.3017288e-05,2.8158802e-05,8.699929e-06,0.00035237768,4.5425015e-05,0.77915376,0.21739733,0.002936831
1.2435306e-05,1.18210355e-05,3.936801e-06,6.5572254e-05,1.9073018e-06,0.00033156565,0.00039194865,0.03222978,0.96426636,0.0026846998
1.06642365e-05,2.545855e-06,1.2245354e-06,2.1251046e-05,1.5316023e-06,0.00010163582,7.659148e-05,0.0041517746,0.99492246,0.00071035314
1.0532955e-05,1.9135782e-06,4.6759428e-07,2.0692185e-05,1.5655972e-06,3.257393e-05,5.4122265e-05,0.0011629151,0.99811697,0.00059821823
7.775791e-06,1.0864884e-06,5.2525877e-07,1.6208196e-05,4.5791126e-07,3.5492314e-05,4.328881e-05,0.00041310032,0.99885964,0.0006224313
9.79677e-06,1.0617464e-06,7.060876e-07,1.8937004e-05,6.0856365e-07,2.7891316e-05,2.729689e-05,0.00046687658,0.9987551,0.00069174543
3.507921e-06,6.817558e-07,9.750615e-07,1.0858397e-05,3.5645652e-07,3.4011042e-05,8.6344035e-06,5.058693e-05,0.9994649,0.00042542338
3.133845e-06,7.0870414e-07,5.7667745e-07,1.0204323e-05,2.114826e-07,8.055845e-05,1.2060885e-05,3.2078824e-05,0.99917006,0.00069050206
4.9471037e-06,1.2806927e-06,2.3292758e-07,9.384238e-06,2.0791445e-07,5.9305916e-05,1.4595265e-05,3.6310725e-05,0.9990257,0.0008478664
2.1944692e-05,1.062201e-06,9.297382e-08,1.9860922e-06,4.0527798e-08,2.7744498e-05,7.3439082e-06,3.170602e-06,0.99983656,0.00010012238
1.8600651e-05,1.5093226e-06,5.3775892e-08,1.1019149e-06,6.920031e-08,5.718642e-06,1.6364515e-05,1.3456647e-06,0.99992657,2.8628707e-05
8.929446e-05,6.5663016e-07,8.4831214e-08,1.1355899e-06,1.85962e-07,1.8453497e-06,1.781799e-05,2.7076484e-07,0.9998722,1.6498354e-05
2.476262e-05,6.785e-07,4.340282e-08,1.288176e-06,3.497792e-07,4.097693e-06,8.587818e-06,3.8615582e-07,0.99992955,3.0249137e-05
8.644985e-06,5.568317e-07,1.9050582e-07,7.9816175e-07,1.497375e-07,6.3851694e-06,7.952993e-06,3.4790224e-07,0.9999429,3.2136108e-05
5.6406484e-06,8.702939e-07,9.598035e-07,7.0490927e-07,5.1452652e-08,1.0104743e-05,5.977488e-06,3.5521407e-07,0.9999223,5.3128864e-05
9.415885e-06,9.439599e-07,6.084918e-07,1.0602381e-06,1.9148285e-07,3.5005264e-06,6.231288e-06,1.6953507e-07,0.999941,3.6907597e-05
8.126508e-06,9.701473e-07,8.640271e-07,1.5592466e-06,3.0032476e-07,1.8631812e-06,1.0637749e-05,2.0663863e-07,0.9999434,3.2089112e-05
1.0399369e-05,1.1207275e-06,9.2676186e-07,4.0509185e-06,5.0459107e-07,9.0686524e-07,1.8418481e-05,2.3052257e-07,0.99993217,3.1387208e-05
2.5616637e-05,1.3184838e-06,1.0329098e-06,1.2404373e-05,1.5048383e-06,5.424692e-07,5.1452804e-05,4.3459576e-07,0.99987984,2.5795573e-05
9.296553e-05,2.4787828e-06,2.843012e-06,6.8054935e-05,8.334078e-06,6.5697367e-07,0.0003767654,6.7814244e-07,0.99941313,3.4203986e-05
0.0004059926,6.366568e-06,1.33004e-05,0.00035624264,1.7382215e-05,1.932956e-05,0.041415557,1.8740416e-06,0.9576883,7.5670054e-05
0.00039201629,2.140805e-05,8.405783e-06,0.012751727,6.0247414e-05,9.2527356e-05,0.9224895,6.495028e-06,0.06343449,0.0007431415
2.7040425e-05,5.373866e-06,1.2960436e-05,0.0061620753,2.3527187e-05,0.00015253581,0.9853667,2.1354792e-06,0.007869232,0.00037846068
7.5435164e-06,4.4272856e-06,1.6317601e-05,0.006427132,9.531589e-06,0.00020450476,0.9913578,1.6181901e-06,0.0016520438,0.00031901323
2.128606e-06,4.1063345e-06,2.019843e-05,0.0027977093,2.7006129e-06,0.00039840065,0.9959837,1.9513768e-06,0.0005130286,0.00027601194
8.4131375e-07,4.8709458e-06,1.5360762e-05,0.0012427091,1.2548014e-06,0.00050285197,0.9978119,2.3667321e-06,0.00022392176,0.00019388186
4.653901e-07,6.258791e-06,1.1724597e-05,0.00066475413,1.0546421e-06,0.00053536624,0.99851435,3.5274127e-06,0.00013035095,0.00013212845
3.9918876e-07,6.400807e-06,1.000506e-05,0.0006083522,1.4881676e-06,0.0004455216,0.99876094,5.0804288e-06,7.496113e-05,8.697285e-05
4.2550707e-07,6.5145678e-06,9.587199e-06,0.0007092334,1.9652557e-06,0.00035541554,0.9988206,7.911737e-06,3.375698e-05,5.4473345e-05
9.06398e-07,5.4335455e-06,6.3684297e-06,0.00032971657,3.051043e-06,0.00016786685,0.9994265,1.7393448e-05,2.3002684e-05,1.9905188e-05
8.467099e-06,2.0850148e-06,6.968806e-06,0.00030955463,5.6343424e-06,6.0270577e-05,0.9995382,1.3443643e-05,4.4121774e-05,1.1321807e-05
2.5192281e-05,1.6558514e-06,8.130504e-06,0.0005877222,4.6113096e-06,6.342605e-05,0.9991117,6.787469e-06,0.0001669141,2.3791394e-05
1.16337105e-05,1.6902292e-06,7.6017864e-06,0.0025165416,8.424301e-06,4.87787e-05,0.9971993,2.689622e-06,0.00014895154,5.4384873e-05
4.1919616e-06,2.058204e-06,5.712116e-06,0.0020663552,6.115181e-06,0.00014432466,0.997586,2.2656443e-06,0.000122050544,6.0945393e-05
2.3972275e-06,2.8483694e-06,7.1012664e-06,0.0010964944,2.7454903e-06,0.00025874318,0.9984206,3.302493e-06,0.00015221437,5.3481974e-05
1.789127e-06,3.2399469e-06,7.692038e-06,0.0006961117,1.2819515e-06,0.00035518428,0.99868387,3.8049563e-06,0.00019617194,5.0770694e-05
1.4128079e-06,4.9150613e-06,4.578833e-06,0.00064034096,1.0205966e-06,0.000394442,0.9987772,3.9790243e-06,0.00012988191,4.229524e-05
1.2489095e-06,8.070401e-06,3.2602857e-06,0.0005364699,9.724365e-07,0.00032687112,0.99897337,4.442081e-06,0.000110596506,3.476955e-05
1.3870985e-06,1.33273425e-05,3.549526e-06,0.00041774721,1.1184619e-06,0.00031884483,0.99904674,4.7816457e-06,0.00016471777,2.773247e-05
2.726715e-06,1.8327582e-05,3.234958e-06,0.00023247063,2.7886902e-06,0.00019968144,0.9988355,6.0141674e-06,0.00067241536,2.6843963e-05
2.0539763e-05,5.175992e-05,1.337096e-05,0.00026644982,5.5108258e-06,0.00046592855,0.8835648,2.8196127e-05,0.115114115,0.0004692599
6.244127e-06,9.06681e-06,2.0964322e-05,2.7107812e-05,4.6509072e-07,0.00046154863,0.015158637,1.745513e-05,0.983836,0.00046246155
1.2397822e-05,7.925345e-07,2.3077105e-06,0.000119860924,9.3887564e-07,3.0085925e-05,0.0005193627,8.758405e-07,0.99883825,0.00047519887
1.555365e-05,7.5439067e-07,8.647119e-07,8.744003e-05,9.2217243e-07,6.1691503e-06,0.0003898356,6.2829156e-07,0.9992482,0.00024945955
3.9671704e-05,1.0168136e-06,3.633309e-06,6.3299526e-06,6.0143816e-07,1.2279382e-06,0.000740728,2.6641244e-06,0.9991611,4.306421e-05
6.8264584e-05,1.0190083e-06,4.283819e-06,3.150988e-06,2.6469039e-07,2.0657749e-06,0.00076521974,2.1860399e-06,0.99911135,4.2140666e-05
1.948642e-05,5.1573704e-07,3.2758868e-07,3.7559105e-06,5.2279738e-08,6.526292e-06,5.930592e-05,5.151727e-07,0.9998493,6.0355378e-05
1.1689131e-05,5.665821e-07,2.5067112e-07,2.3844855e-06,3.6471512e-08,6.6665307e-06,1.9356738e-05,5.3650643e-07,0.9998945,6.414501e-05
9.038848e-06,5.755842e-07,2.2658978e-07,1.496988e-06,3.1799647e-08,6.928481e-06,1.1982615e-05,5.703674e-07,0.9998975,7.1718256e-05
6.174174e-06,6.801771e-07,4.8754134e-07,1.6469669e-06,2.8130518e-08,1.1423858e-05,4.305726e-05,1.001078e-06,0.99987686,5.8614532e-05
1.143372e-05,6.8217327e-07,1.8759103e-07,7.24198e-07,6.1067645e-08,3.1653933e-06,1.834184e-05,6.9183835e-07,0.99993765,2.7010557e-05
4.4546385e-05,5.187982e-07,2.8750827e-07,5.067565e-07,1.239124e-07,1.7037169e-06,2.0533169e-05,5.661257e-07,0.9999193,1.1798664e-05
1.7295326e-05,5.335776e-07,1.11654565e-07,5.7781375e-07,2.3817414e-07,2.4996707e-06,1.0865583e-05,5.081387e-07,0.99995077,1.6566377e-05
8.411884e-06,5.548117e-07,3.6912783e-07,4.5407867e-07,1.6328028e-07,3.7321106e-06,1.3586202e-05,6.681154e-07,0.9999536,1.8397459e-05
7.942061e-06,8.222211e-07,8.6061925e-07,4.708363e-07,9.910217e-08,5.097069e-06,1.3123346e-05,6.729885e-07,0.9999435,2.740119e-05
7.4210866e-06,9.2753896e-07,9.770424e-07,6.793427e-07,1.5617226e-07,5.085445e-06,1.0036298e-05,4.042479e-07,0.9999502,2.4266805e-05
5.5869173e-06,7.762981e-07,1.2540731e-06,1.5486088e-06,2.3026536e-07,5.189231e-06,1.1568901e-05,2.3971066e-07,0.9999459,2.7706863e-05
7.733469e-06,7.1568377e-07,1.6887366e-06,3.5093162e-06,3.6828544e-07,3.590828e-06,2.3996901e-05,2.6696384e-07,0.9999387,1.9487179e-05
1.0906445e-05,1.6486224e-06,2.8995632e-06,2.4353734e-05,1.4676821e-06,1.9980396e-06,0.00025315027,5.8021243e-07,0.9996809,2.209755e-05
0.00020054159,1.8846345e-06,8.006523e-06,0.00021369905,1.7709357e-05,1.6142084e-06,0.00064883346,4.0597857e-07,0.9988765,3.0735868e-05
0.00045130897,4.0862983e-06,5.7730895e-06,0.0014272566,0.00010308171,2.5684346e-06,0.0016122216,9.004409e-07,0.99630874,8.396019e-05
0.0008795015,6.568387e-05,6.918901e-05,0.44065025,0.0036515826,3.7432535e-05,0.27793133,3.960492e-06,0.27460626,0.002104743
0.00017707539,3.0760435e-05,8.0471415e-05,0.563179,0.002527053,4.379647e-05,0.40639925,1.4483779e-06,0.026169524,0.0013916413
5.9368722e-05,1.7975797e-05,8.454292e-05,0.42994943,0.0011274818,4.4867964e-05,0.56171244,1.1358085e-06,0.0059833797,0.0010193272
2.5928373e-05,1.2172323e-05,9.810102e-05,0.27671131,0.00052230264,4.6117973e-05,0.7197096,1.1543283e-06,0.0020757674,0.00079758797
1.7126576e-05,9.539305e-06,0.00010487718,0.2136636,0.0003862106,4.5040793e-05,0.78403157,1.2031891e-06,0.0010804116,0.0006604735
1.5295695e-05,8.550945e-06,0.000100764315,0.21668847,0.00043381585,4.5183227e-05,0.7814747,1.3029315e-06,0.0006769187,0.0005549969
2.126725e-05,9.042158e-06,8.652821e-05,0.3128332,0.0006880739,4.8483747e-05,0.6853313,1.3547008e-06,0.00044964952,0.00053111115
2.9990706e-05,9.957182e-06,6.5403845e-05,0.31763047,0.0010347795,4.0627914e-05,0.6805051,1.8920917e-06,0.00028960072,0.00039221655
4.3376975e-05,1.0511553e-05,4.7259447e-05,0.27615482,0.0016731296,3.3555432e-05,0.7214802,2.0755704e-06,0.00023263849,0.00032250927
4.277397e-05,1.2276844e-05,5.0212464e-05,0.7149165,0.0025241699,3.901309e-05,0.28177014,9.071223e-07,0.00016451949,0.00047942673
3.2449156e-05,1.4547714e-05,5.6395882e-05,0.79499185,0.0035350793,2.0131156e-05,0.20086582,1.245616e-06,9.294856e-05,0.00038947767
2.7707618e-05,1.4145918e-05,5.6639605e-05,0.82067263,0.003999252,2.1308855e-05,0.17471011,1.3251836e-06,7.6559765e-05,0.0004202154
2.4886385e-05,1.2857879e-05,6.951713e-05,0.8556855,0.0041766716,2.0479183e-05,0.13940862,1.2591538e-06,6.7929046e-05,0.00053235627
2.3834196e-05,1.1231988e-05,7.4905816e-05,0.8608002,0.0035605156,2.8112217e-05,0.13473465,1.1045032e-06,6.0109e-05,0.00070533616
2.714994e-05,1.1852301e-05,8.250842e-05,0.8719914,0.004475155,2.742304e-05,0.122300506,1.0521142e-06,5.8197595e-05,0.00102476
2.9526393e-05,1.4870324e-05,0.00014314087,0.8496392,0.00464985,2.7469914e-05,0.14359263,1.1268992e-06,5.7991703e-05,0.0018443273
1.6338809e-05,2.8402166e-05,0.00012171912,0.8351947,0.005962927,3.086097e-05,0.1562165,1.8193244e-06,3.5175668e-05,0.0023916194
1.460246e-05,4.8003938e-05,0.000121398596,0.8646332,0.016552368,5.9445767e-05,0.11556908,2.9897865e-06,2.1534284e-05,0.0029773752
1.7860837e-05,6.961494e-05,0.00025154752,0.77684927,0.10127435,0.00014063704,0.11749313,1.625812e-05,1.9591684e-05,0.003867712
8.056789e-05,6.1314975e-05,0.0011563214,0.33491722,0.64145136,0.00016839948,0.014227834,1.0721454e-05,3.017682e-05,0.007896121
0.0003196867,7.456648e-05,0.0020476903,0.26931596,0.7066833,0.00018985297,0.004591343,6.767038e-06,7.6010205e-05,0.016694868
0.00082965754,0.00013941765,0.0041559124,0.51246023,0.42079982,0.00025506568,0.004631275,5.093669e-06,0.0002546484,0.0564689
0.00054599525,0.00020959962,0.0050038425,0.647237,0.26279736,0.0003698843,0.004994034,5.4438106e-06,0.00022976653,0.078607015
0.00018001483,0.0001257508,0.002419692,0.47887793,0.47249043,0.00044090202,0.010261349,9.1913425e-06,0.000109206274,0.035085548
0.00011550631,6.095602e-05,0.0014462952,0.17606263,0.8020707,4.4416454e-05,0.008714809,3.771514e-05,5.622203e-05,0.011390729
9.91323e-05,2.7455946e-05,0.0015019394,0.028425133,0.9579596,2.0905638e-05,0.0024709648,3.985114e-05,7.4922966e-05,0.00938012
0.00014895893,1.1963314e-05,0.0015213842,0.012501192,0.9768147,2.793224e-05,0.0009573085,1.849576e-05,9.013628e-05,0.007908057
0.00042114893,6.4266183e-06,0.0014274188,0.0065924563,0.9839585,3.2860713e-05,0.00038827132,1.1389994e-05,0.0001735991,0.006988021
0.0011863427,5.0892436e-06,0.0017386911,0.0028428095,0.98993886,1.01242e-05,0.00013034866,1.3799908e-05,0.00027587,0.0038580142
0.0015732779,8.923218e-06,0.0028044241,0.0021864986,0.98914564,1.2579111e-05,7.902818e-05,1.3979704e-05,0.0003807398,0.003794919
0.0012310231,8.77699e-06,0.0014121336,0.0013733014,0.99231297,2.7867163e-05,0.00010396314,7.2351886e-06,0.0004680397,0.0030547117
0.00043954133,9.830547e-06,0.0005699547,0.00089513365,0.9957034,2.4622172e-05,0.00015189049,7.2947146e-06,0.00027816105,0.0019201993
9.2907496e-05,7.216777e-06,0.0006680459,0.0012414139,0.9963917,2.5627207e-05,0.00029943034,8.505379e-06,7.553865e-05,0.0011895725
2.5355037e-05,4.072816e-06,0.0003766556,0.0018806567,0.9965544,2.8842976e-05,0.0006689414,8.387823e-06,2.86343e-05,0.0004242373
1.621579e-05,4.3430127e-06,0.00027811958,0.0037302119,0.99427223,3.746599e-05,0.0010674197,1.42310955e-05,2.2586992e-05,0.000557268
1.0919446e-05,6.7339824e-06,0.0007899274,0.014091477,0.980568,0.00011452319,0.0031998102,1.031702e-05,1.9349192e-05,0.0011889655
2.1091722e-05,3.577247e-06,0.001319344,0.010463267,0.9835527,0.00018726077,0.0033917325,4.1925e-06,4.040775e-05,0.0010163332
4.884014e-05,2.7960928e-06,0.0022452197,0.0107257785,0.9833076,0.00026037553,0.0021637054,4.309126e-06,7.577657e-05,0.0011655499
0.00012927575,2.9715407e-06,0.0020511816,0.012329393,0.9821529,0.00023180552,0.0019873967,4.079868e-06,8.7944456e-05,0.0010231124
0.00023355204,4.3270547e-06,0.0009985116,0.012974612,0.98308414,0.00011468639,0.0021058307,2.4782964e-06,6.710024e-05,0.00041482164
0.00038204642,5.8231853e-05,0.0007098603,0.47800738,0.42266327,0.00034775643,0.09573988,3.18309e-06,0.00016079558,0.0019275632
4.3152013e-05,4.411e-05,0.00019722746,0.829983,0.016546555,0.00010321603,0.15122843,1.8687032e-06,5.854815e-05,0.00179389
2.5552392e-05,3.5969722e-05,0.00016891507,0.8167071,0.013455306,0.0001425875,0.1685699,1.4818073e-06,3.715813e-05,0.00085603865
1.1325486e-05,3.0127248e-05,0.000112950846,0.83276725,0.004304163,0.00010398091,0.16206412,1.1997419e-06,2.8953646e-05,0.0005758584
8.015696e-06,2.1605527e-05,9.512309e-05,0.81594974,0.0012646205,5.5362445e-05,0.18188459,1.7926777e-06,2.843931e-05,0.0006907662
6.338348e-06,1.9019082e-05,0.000105330204,0.83833015,0.00094253453,4.090236e-05,0.15992595,1.8541286e-06,3.0473984e-05,0.0005973976
7.841791e-06,1.7839146e-05,0.00010446172,0.80085343,0.00062035915,3.600309e-05,0.19767568,2.2618628e-06,3.4080047e-05,0.0006480314
9.728432e-06,1.7717037e-05,0.000105590705,0.80558413,0.0004883925,3.1189375e-05,0.1930384,2.49832e-06,3.294437e-05,0.0006893585
1.3570209e-05,1.6484977e-05,0.00010948959,0.80737734,0.00048051123,2.7060518e-05,0.1912402,2.6426037e-06,3.2272077e-05,0.00070045976
2.276484e-05,1.44844735e-05,0.00013042607,0.7835784,0.0005318123,2.317013e-05,0.21490224,2.6649218e-06,3.3454202e-05,0.0007605726
2.685191e-05,1.3137507e-05,0.00010817998,0.73780227,0.00031795862,3.4141423e-05,0.26063693,2.4329656e-06,3.9877046e-05,0.0010181615
2.1940454e-05,1.3723399e-05,9.2819675e-05,0.7464476,0.0002340045,4.08554e-05,0.25197837,2.5143686e-06,4.2149717e-05,0.0011260725
2.2566806e-05,1.2209294e-05,0.000111468886,0.67565984,0.0002302495,4.2652035e-05,0.32285443,3.1847756e-06,5.7219593e-05,0.0010061169
2.2198516e-05,1.3270191e-05,9.497991e-05,0.6740483,0.00019085841,5.1898638e-05,0.3244881,3.2548419e-06,5.4660795e-05,0.0010324569
2.0422847e-05,1.4764345e-05,8.2257306e-05,0.68020546,0.00016023175,6.094869e-05,0.31834042,3.1357972e-06,5.2576586e-05,0.0010597674
1.819863e-05,1.8067929e-05,7.16369e-05,0.6624801,0.00012962506,7.05863e-05,0.33611044,3.1136444e-06,5.7916932e-05,0.0010403505
1.8166307e-05,2.3422412e-05,5.0700943e-05,0.6558788,0.00012352878,6.986014e-05,0.34267637,2.9432674e-06,8.38042e-05,0.0010725075
2.3674493e-05,2.5799347e-05,4.138287e-05,0.63969254,0.00016288499,9.0004505e-05,0.35837466,2.6530727e-06,0.00030729218,0.0012790782
4.1268257e-05,4.323173e-05,3.4905137e-05,0.6915326,0.00030284087,7.205339e-05,0.30422893,2.5486722e-06,0.001642529,0.0020990726
7.782024e-05,6.6859146e-05,2.4851362e-05,0.8039458,0.00042791682,0.00013073569,0.16036794,2.837423e-06,0.022943374,0.012011851
2.8489076e-05,4.0193067e-06,3.0380113e-06,0.001528406,7.1429745e-06,7.802424e-05,0.0012703281,2.4356068e-06,0.99162877,0.0054493956
4.8875895e-06,3.1547318e-06,4.5250035e-06,0.00029019298,8.422111e-07,2.4363666e-05,0.00025810004,2.3609787e-06,0.9966562,0.0027554098
5.990304e-06,1.8088746e-06,4.4670446e-06,4.5941986e-05,2.317635e-07,1.0983791e-05,0.00013441197,2.0907169e-06,0.9989594,0.0008346637
1.2767607e-05,1.7488695e-06,9.14415e-07,0.00015406398,3.638083e-07,5.508413e-05,8.015674e-05,5.912601e-07,0.9971367,0.0025576006
1.0972238e-05,1.815834e-06,5.0081087e-07,0.00012559097,5.062988e-07,5.2913172e-05,4.368821e-05,6.3511135e-07,0.9969746,0.0027888939
9.556002e-06,1.7961411e-06,3.3679459e-07,7.0835165e-05,3.4369518e-07,5.2466363e-05,2.763241e-05,6.4099487e-07,0.9973103,0.0025262241
1.0033587e-05,1.9802594e-06,1.8692364e-07,3.5363184e-05,2.1685321e-07,5.004574e-05,1.5234121e-05,6.9691015e-07,0.9978218,0.0020643813
7.721718e-06,1.7142321e-06,1.2395351e-07,2.3016482e-05,1.214776e-07,3.458087e-05,2.6936745e-05,7.5232646e-07,0.9989089,0.0009961628
9.1813945e-06,1.4498303e-06,8.272572e-08,5.2231762e-06,7.9029476e-08,2.7011803e-05,6.7833716e-06,9.78587e-07,0.9994299,0.00051924126
1.2251608e-05,1.9990036e-06,6.404301e-08,3.0472097e-06,7.1840866e-08,1.7854652e-05,3.08555e-06,8.8218974e-07,0.99943954,0.0005212227
1.3986899e-05,2.8384802e-06,1.02767586e-07,4.5796965e-06,4.6679208e-08,2.8204615e-05,3.2980336e-06,1.4836398e-06,0.9985474,0.0013979686
1.8099861e-05,9.6629965e-06,3.2593582e-07,2.1143394e-05,3.83837e-08,0.00012392696,1.09745215e-05,5.8360165e-06,0.98476404,0.015046003
3.4040222e-05,1.7133614e-05,1.5112882e-07,1.9273655e-05,9.462495e-08,5.6015095e-05,2.4600438e-05,1.9378767e-05,0.98059,0.019239267
3.7169004e-05,1.32906325e-05,1.3914389e-07,6.933793e-05,4.480095e-07,0.00011475083,1.0159329e-05,5.4081283e-06,0.9744305,0.025318708
2.9770868e-05,1.0936748e-05,1.04111336e-07,4.3049826e-05,5.461473e-07,0.00013809893,8.817103e-06,5.881809e-06,0.98475903,0.015003686
2.003304e-05,8.49336e-06,9.212644e-08,3.8843245e-05,3.3265093e-07,0.00016541118,9.436217e-06,8.280163e-06,0.98899066,0.010758324
1.20713585e-05,5.454121e-06,4.9504287e-08,3.8530336e-05,3.8171316e-07,3.0402402e-05,2.6577498e-05,8.088112e-06,0.99643445,0.0034439445
4.308891e-05,2.0040068e-06,7.4152254e-08,2.1039692e-05,3.3314507e-07,6.083123e-06,2.5325638e-05,9.055325e-06,0.99856794,0.0013250107
5.408802e-05,1.8051447e-06,4.322709e-08,1.4903882e-05,4.4171884e-07,2.6614283e-05,6.3993357e-06,2.781145e-05,0.998142,0.001725778
4.937421e-05,2.915616e-05,1.1131245e-06,0.00019278738,8.2722283e-07,0.00023859179,1.873321e-05,0.0005114165,0.83719194,0.16176604
3.2211678e-06,0.0001009918,2.07999e-06,0.0010897549,7.2289873e-07,0.00011978785,6.124793e-06,0.00012265217,0.0036288672,0.99492574
1.3059527e-06,0.00016112083,2.1749056e-06,0.0018236203,1.4661111e-06,0.00026922638,6.720945e-06,2.975332e-05,0.0005841166,0.9971206
8.5524346e-07,0.00015822401,7.8576284e-07,0.0047851717,2.3442421e-06,8.4811225e-05,2.2937818e-05,2.5782692e-05,0.00058837153,0.99433064
3.6431984e-06,0.00020250338,5.213126e-07,0.0416743,5.8464507e-06,0.0005621327,0.00043066847,5.588606e-06,0.0038038527,0.9533109
4.557913e-06,4.5172383e-05,1.4484264e-06,0.0005196399,4.3740465e-07,0.00030416533,3.2064352e-05,2.3613993e-05,0.05673846,0.94233036
1.601683e-06,4.1826977e-05,1.5773236e-06,0.000424336,2.561984e-07,0.00014635488,2.2711762e-05,1.9494028e-05,0.016872942,0.98246884
1.0611809e-06,3.960703e-05,1.2826744e-06,0.00041581262,1.5251211e-07,7.30154e-05,1.9752786e-05,2.6107538e-05,0.007977856,0.9914453
2.3663404e-06,6.659189e-05,9.950486e-07,0.00022553264,1.2390923e-07,5.4037206e-05,4.6516885e-05,7.829274e-05,0.011885846,0.9876396
9.4033436e-07,2.072304e-05,1.2644343e-06,0.00051115366,4.1016588e-07,0.00022440939,8.27112e-06,2.6901134e-05,0.0025675758,0.9966383
2.16944e-06,1.2806748e-05,1.3466441e-06,0.000406764,3.017744e-07,0.0002372843,7.964482e-06,5.1236468e-05,0.0038986555,0.9953815
3.4222376e-06,2.2602546e-05,2.4615488e-06,0.00028514647,2.3067359e-07,0.0002537873,9.2714035e-06,0.0005638292,0.0088884225,0.98997086
3.3442373e-06,6.081174e-05,3.2203782e-06,0.00016247363,3.3222543e-07,0.00010326387,6.816072e-06,0.00088506675,0.00780543,0.99096936
1.8471812e-06,0.00043138472,5.1353236e-06,0.0005549855,2.4635133e-06,1.1609761e-05,3.818607e-06,0.0015350716,0.0003875669,0.9970662
2.2892846e-06,0.00064603356,1.0403706e-05,0.00010213485,5.984265e-07,1.5169472e-05,3.9940724e-06,0.00079462794,0.0018737533,0.9965509
1.3939722e-06,0.0011739457,1.13987035e-05,0.00034677124,1.2301502e-06,5.0046e-06,2.938581e-06,0.00031374517,6.7831956e-05,0.9980757
1.3399484e-06,0.0017925766,1.5712903e-05,0.000474132,1.7853248e-06,4.731179e-06,4.6600817e-06,0.00029342205,2.3818047e-05,0.9973877
2.0316613e-06,0.0026170518,1.7531704e-05,0.00043481108,2.1790474e-06,7.485032e-06,6.1731403e-06,0.0003955941,1.6406353e-05,0.99650073
3.7653126e-06,0.0053373557,3.856548e-05,0.0010895506,2.5466314e-05,5.4517935e-05,2.218796e-05,0.00030774996,6.7861447e-06,0.99311405
1.975697e-05,0.0027442824,2.7062712e-05,0.00047690168,4.1088173e-05,7.647163e-05,3.7686073e-05,0.0016077902,6.669506e-06,0.99496233
0.00012347117,0.008091863,1.4829694e-05,0.00020867545,1.0805276e-05,5.2888623e-05,2.4727813e-05,0.0031220454,1.9607445e-05,0.988331
0.00057788653,0.47717607,5.2534207e-05,0.00029622755,1.7681774e-05,0.00013533905,2.3543516e-05,0.004148299,5.5230234e-05,0.5175172
0.00027674355,0.9523782,2.9062185e-05,0.00014576326,1.0156219e-05,4.0936433e-05,1.0118757e-05,0.0011336702,1.5578506e-05,0.0459598
0.0004258762,0.98711073,1.8541476e-05,7.705829e-05,8.950241e-06,4.7498055e-05,7.652708e-06,0.0008872794,7.146215e-06,0.011409188
0.0011752762,0.99257517,1.3282114e-05,2.921362e-05,5.3761305e-06,7.617678e-05,9.364994e-06,0.0010026613,1.07266615e-05,0.0051027364
0.001125968,0.99147964,1.0214197e-05,4.0058712e-05,5.5573464e-06,8.498005e-05,1.0462134e-05,0.0012208422,8.200967e-06,0.006014095
0.0013038171,0.9910063,7.218258e-06,4.5920366e-05,5.5226046e-06,7.68391e-05,1.23262325e-05,0.0016417676,7.923155e-06,0.0058923517
0.0010614487,0.99081635,6.925979e-06,4.64914e-05,4.1251064e-06,8.893834e-05,1.3620183e-05,0.0017276616,7.1079216e-06,0.006227238
0.0011831076,0.99176943,4.227726e-06,4.1456056e-05,4.6240443e-06,0.00014566863,1.7937115e-05,0.0025207347,6.352376e-06,0.0043064184
0.0010017636,0.99611866,2.3331104e-06,3.609457e-05,4.0592417e-06,9.415658e-05,1.8960232e-05,0.00068424264,4.4576095e-06,0.0020352858
0.0009997895,0.9948783,1.9379509e-06,5.860955e-05,6.1370365e-06,9.3214134e-05,1.42075e-05,0.0009094283,4.8948423e-06,0.0030335593
0.00087064673,0.9953141,2.7531867e-06,3.2808923e-05,3.0259127e-06,0.0001312184,1.8956865e-05,0.0012580341,5.076472e-06,0.0023634513
0.00091694825,0.9952265,4.611725e-06,4.525364e-05,2.9404462e-06,0.00012282646,2.4574567e-05,0.001135445,3.980089e-06,0.002516922
0.00087926415,0.9961578,8.323466e-06,4.1339965e-05,2.8329248e-06,0.00010617916,2.0109925e-05,0.00095358246,4.030216e-06,0.0018266628
0.0012166802,0.99501675,1.3309657e-05,4.17937e-05,3.425552e-06,0.000107022985,1.8104984e-05,0.001118387,6.6625794e-06,0.002457968
0.0009207605,0.99561465,1.6269134e-05,4.0974042e-05,3.7595821e-06,0.00010211414,1.34369375e-05,0.0009943425,6.994599e-06,0.0022866963
0.00065512036,0.9961409,1.6769318e-05,4.0027095e-05,4.4597286e-06,0.00011155918,1.0698456e-05,0.00089910225,6.4683854e-06,0.0021149698
0.0004928339,0.9962961,1.9102341e-05,3.774761e-05,5.6186655e-06,0.00011347834,9.224734e-06,0.0008683705,6.0829357e-06,0.0021515263
0.00036771502,0.9968548,2.1104592e-05,3.6388232e-05,7.385432e-06,0.00012549208,8.0548525e-06,0.00069659436,5.3295207e-06,0.0018771332
0.00019914814,0.99597687,3.3122928e-05,4.1579908e-05,1.5841773e-05,0.00019761268,1.1166284e-05,0.00088452525,4.797299e-06,0.002635389
6.406323e-05,0.98332214,0.0019738623,8.264608e-05,4.5955796e-05,0.0018699695,0.00011313284,0.0023650287,5.329092e-06,0.01015789
0.00015721015,0.03594573,0.95727986,1.1387069e-05,3.921868e-06,0.004471149,0.00010203901,0.0006642158,1.5223711e-05,0.0013492852
1.373941e-06,0.001037242,0.99842787,3.8309654e-06,2.278965e-07,0.00036860103,1.428984e-05,1.6698232e-05,3.3016197e-06,0.00012662276
6.001439e-08,8.800031e-05,0.9997156,4.003521e-06,8.4464375e-08,0.00010558938,6.9962284e-06,2.008661e-06,3.224149e-06,7.43645e-05
2.4672e-08,1.420778e-05,0.9998344,4.803454e-06,6.060696e-08,6.6458335e-05,5.986387e-06,5.283877e-07,5.1284383e-06,6.834493e-05
2.4352685e-08,6.414451e-06,0.9998405,5.4947136e-06,5.7628874e-08,5.4659286e-05,6.67089e-06,1.9788995e-07,1.1650283e-05,7.437428e-05
2.9908946e-08,5.3407725e-06,0.99982387,6.0367684e-06,7.508045e-08,5.1864878e-05,7.4025356e-06,1.14287005e-07,2.1930606e-05,8.340507e-05
3.5583398e-08,5.795637e-06,0.9998356,6.1619075e-06,9.276843e-08,4.761524e-05,6.0439825e-06,9.36906e-08,2.3199067e-05,7.526008e-05
4.02639e-08,6.03457e-06,0.9998859,5.620983e-06,6.6173705e-08,3.2532233e-05,3.6611327e-06,1.0122477e-07,1.3182773e-05,5.2820884e-05
5.1789762e-08,5.5631717e-06,0.99993145,4.1895973e-06,2.8310007e-08,1.7700775e-05,2.131767e-06,1.5782709e-07,6.233826e-06,3.2492535e-05
5.9630324e-08,3.7074815e-06,0.99995196,2.6548685e-06,1.4626117e-08,1.0373296e-05,1.2363784e-06,2.560207e-07,3.7440716e-06,2.6069632e-05
4.194649e-08,8.021383e-06,0.9998785,4.288454e-06,1.2725641e-08,1.1477923e-05,7.695068e-07,6.8987237e-07,3.5386581e-06,9.273072e-05
4.6506063e-08,8.01614e-06,0.9998103,5.058287e-06,1.4895564e-08,1.7150209e-05,1.0557723e-06,7.045628e-07,4.6575346e-06,0.00015302283
5.6901218e-08,6.2413355e-06,0.99980026,5.8516184e-06,1.6306887e-08,2.1915284e-05,1.3630206e-06,4.9449625e-07,5.657743e-06,0.00015821634
6.5493225e-08,4.773184e-06,0.9997938,6.934578e-06,1.69097e-08,2.818265e-05,1.7350719e-06,3.9786036e-07,6.6789617e-06,0.00015733433
7.5538786e-08,3.8891826e-06,0.9997683,8.505147e-06,1.7495012e-08,3.749628e-05,2.3101413e-06,3.4077155e-07,8.374038e-06,0.00017078957
6.6965605e-08,3.3998099e-06,0.99975795,9.2635955e-06,1.7348256e-08,2.6192829e-05,2.5985541e-06,3.8490867e-07,8.585125e-06,0.00019144919
6.3503734e-08,4.4469393e-06,0.99958736,1.4062488e-05,2.0221819e-08,2.918855e-05,3.3552344e-06,5.6736286e-07,1.1262122e-05,0.00034967868
6.977361e-08,6.155563e-06,0.99907947,1.866507e-05,2.4921007e-08,4.6511424e-05,6.4626493e-06,1.5543867e-06,2.2507507e-05,0.00081859477
2.199597e-07,4.65955e-05,0.9846064,0.00012381015,9.502104e-08,0.00019786351,2.210737e-05,6.520346e-06,7.324819e-05,0.014923151
5.0767443e-07,0.0009068426,0.18722469,0.003994448,2.6637904e-06,0.000709573,8.303477e-05,0.000116810814,0.00010657943,0.80685496
1.890078e-07,0.00040824673,0.0001390382,0.0026739568,9.313983e-06,0.00012989655,3.1435327e-05,0.00024359366,1.37775205e-05,0.9963505
3.4953825e-07,0.00016396605,9.3365445e-05,0.00058119994,9.166376e-06,0.0001898605,4.496836e-05,8.404585e-05,3.7327532e-05,0.99879575
8.910011e-08,9.148483e-05,7.7596196e-05,0.002292911,1.1647153e-05,9.5968215e-05,8.188409e-05,3.9695165e-05,3.831291e-05,0.9972704
6.2199234e-08,5.6400448e-05,0.000108298096,0.003007482,1.1445517e-05,3.9279275e-05,6.468471e-05,2.1372476e-05,4.7037956e-05,0.9966439
3.4520408e-08,5.3037762e-05,0.00022690916,0.0023244338,5.1845745e-06,3.672827e-05,7.726611e-05,1.04278915e-05,5.651416e-05,0.9972095
3.7269174e-08,8.2154846e-05,0.0001412734,0.004562025,4.605597e-06,1.960681e-05,7.496923e-05,1.0987217e-05,3.281879e-05,0.99507153
4.891928e-08,5.1749317e-05,0.00020997648,0.004161964,1.8499592e-05,3.6872814e-05,9.455911e-05,1.1087679e-05,4.178991e-05,0.9953734
9.193838e-08,2.1549045e-05,3.1167292e-05,0.0020341186,8.499019e-06,2.5284757e-05,5.5913115e-05,1.2318659e-05,2.7557946e-05,0.9977835
1.7260064e-07,2.5072153e-05,1.4311033e-05,0.0010940832,6.1254036e-06,1.1559592e-05,2.9569193e-05,1.1453511e-05,1.7019196e-05,0.9987907
6.298608e-07,4.3977492e-05,8.296533e-06,0.00084755203,1.4794602e-05,2.0453112e-05,3.1591688e-05,3.21285e-05,8.953419e-06,0.99899155
1.81537e-06,4.5305555e-05,2.499934e-06,0.00074538356,4.7859066e-06,4.1993926e-06,1.414353e-05,7.75359e-05,1.496875e-05,0.9990895
1.3828993e-06,0.00011210985,2.903746e-06,0.0021138107,7.066591e-06,2.0238786e-06,1.6860678e-05,0.000119153694,2.2405233e-05,0.9976023
9.599834e-07,0.00010674312,5.0078356e-06,0.001531705,4.98963e-06,1.5971084e-06,1.3190554e-05,6.983655e-05,3.815467e-05,0.9982278
1.224744e-06,0.00011761792,5.1600346e-06,0.0013227311,3.6732733e-06,1.1795175e-06,9.938632e-06,5.9330912e-05,3.4565455e-05,0.9984446
1.0102323e-06,0.00025328883,6.3008874e-06,0.0015004486,3.7656914e-06,2.1256099e-06,9.544938e-06,7.697826e-05,2.1490247e-05,0.998125
8.380813e-07,0.00039445178,1.1968934e-05,0.0030444025,9.463493e-06,6.352265e-06,1.5279125e-05,4.116502e-05,1.1312977e-05,0.99646485
1.6660391e-06,0.00028177694,9.334218e-06,0.0022261997,1.3284007e-05,1.3206109e-05,1.8331213e-05,4.154863e-05,1.0177348e-05,0.9973845
2.542563e-06,0.0004133902,4.1596923e-06,0.0016302123,3.957606e-06,9.3409835e-06,1.7219523e-05,4.6525234e-05,1.2718161e-05,0.9978599
1.8940672e-06,0.00496749,1.1107883e-05,0.0038252585,8.347004e-06,1.79257e-05,1.3893516e-05,0.00010095084,1.7961976e-05,0.9910353
7.1194845e-06,0.25551948,0.00015350341,0.015246418,8.9460336e-05,7.571272e-05,2.5358551e-05,0.0001875127,8.009481e-05,0.7286154
6.462561e-06,0.7389835,0.00010292991,0.0062767,6.046624e-05,0.00025843902,8.783193e-06,0.001147513,8.91068e-05,0.25306615
1.9434963e-05,0.7978015,9.9411445e-05,0.0034551932,0.0003171143,0.00020225928,9.40843e-06,0.0056264023,8.5011e-05,0.19238424
1.238555e-05,0.99455196,6.987689e-05,0.0005950453,7.385913e-05,2.5249707e-05,1.8412269e-06,2.9782e-05,1.2372812e-05,0.004627655
8.079201e-06,0.99872345,2.0745494e-05,0.00027618007,2.3365974e-05,1.6793514e-05,1.4282864e-06,1.7675617e-05,4.1256767e-06,0.00090820005
4.381937e-06,0.9991904,1.3413062e-05,0.00030658903,1.3368596e-05,1.2047243e-05,1.4819528e-06,7.987109e-06,3.3456568e-06,0.00044707974
2.4860617e-06,0.99952424,1.2336961e-05,0.00025374166,9.954617e-06,1.1003855e-05,1.3854076e-06,4.9990936e-06,2.554788e-06,0.00017734646
2.598911e-06,0.9995415,1.7350716e-05,0.00028539338,9.094676e-06,1.0130889e-05,1.4189437e-06,2.5926875e-06,2.8107172e-06,0.00012708137
1.6197274e-06,0.999637,9.295802e-06,0.00020373598,5.9539107e-06,1.4162987e-05,1.0207849e-06,4.5160987e-06,2.5894683e-06,0.000120024975
1.6699528e-06,0.9996445,8.088433e-06,0.00019637113,5.894739e-06,1.3164906e-05,1.0175918e-06,5.1237002e-06,2.3365105e-06,0.000121764955
1.4614714e-06,0.99979943,5.6819295e-06,0.0001138765,4.349246e-06,1.3807384e-05,9.0227223e-07,6.0620223e-06,1.5669671e-06,5.2879062e-05
1.8259927e-06,0.9998739,4.363759e-06,8.262136e-05,3.3959232e-06,1.7551316e-05,1.4455348e-06,3.2847217e-06,1.2202006e-06,1.0331447e-05
1.8199281e-06,0.9998191,1.8553858e-06,0.00013681814,4.4831427e-06,2.1185606e-05,3.1372597e-06,1.6097088e-06,1.5238732e-06,8.419797e-06
2.3516018e-06,0.999713,1.3120817e-06,0.00023512676,7.762792e-06,1.28519205e-05,4.2328707e-06,3.4812206e-06,1.1172829e-06,1.86551e-05
1.5625362e-06,0.9996,3.1170284e-06,0.00034390143,5.5434516e-06,1.0096997e-05,4.625317e-06,5.309369e-06,1.1269315e-06,2.4662111e-05
1.1231369e-06,0.9996308,4.439941e-06,0.00032246142,4.587775e-06,7.3980577e-06,6.8916916e-06,4.397003e-06,1.1217422e-06,1.6777e-05
9.4831086e-07,0.9995597,6.265714e-06,0.00039040457,5.1457464e-06,7.114584e-06,9.423504e-06,4.3600007e-06,1.1144183e-06,1.547672e-05
7.9521664e-07,0.99941826,1.0124723e-05,0.00052067003,6.06004e-06,7.658184e-06,1.3526698e-05,5.4128495e-06,1.0648108e-06,1.6458906e-05
7.288886e-07,0.99908423,1.5203437e-05,0.000836941,6.8838976e-06,8.420552e-06,2.223922e-05,7.312436e-06,1.1208658e-06,1.6770575e-05
9.334608e-07,0.997849,2.3542576e-05,0.002008592,1.1983685e-05,1.5151399e-05,6.205719e-05,9.576723e-06,1.5211083e-06,1.7766766e-05
3.2286487e-06,0.97858435,5.13272e-05,0.020144451,5.5035496e-05,7.444698e-05,0.0010352058,1.0566995e-05,5.560748e-06,3.5812245e-05
2.3156605e-05,0.43602768,0.0001336735,0.51028824,0.00074134785,0.0003769698,0.052196044,1.4149935e-05,4.317699e-05,0.00015550485
1.4945103e-05,0.03949639,5.794188e-05,0.80908984,0.0006884927,0.00037282944,0.15008645,4.0855384e-06,4.8994792e-05,0.00014002594
3.8829094e-06,0.0014447881,1.298108e-05,0.018197859,4.4391505e-05,0.0017046701,0.9784959,4.8231877e-06,6.1662126e-05,2.9171993e-05
4.6967466e-06,0.0003869947,1.2762917e-05,0.009428735,1.97387e-05,0.0011240803,0.9889361,8.103672e-06,5.4703367e-05,2.4131159e-05
3.0088672e-06,6.5916014e-05,9.3170775e-06,0.0076408084,1.6307205e-05,0.0006504586,0.99154013,3.729204e-06,4.1427622e-05,2.8873408e-05
2.1584601e-06,4.2247284e-05,1.23386735e-05,0.010150094,1.6837887e-05,0.00060734735,0.9890988,2.886351e-06,2.8384457e-05,3.8869985e-05
1.9175918e-06,0.0001001881,1.887435e-05,0.019410819,1.7384615e-05,0.0007256579,0.97965974,3.868961e-06,2.0851754e-05,4.058697e-05
2.5339523e-06,0.00029488647,1.9579757e-05,0.037215605,2.2689057e-05,0.0005280757,0.9618451,7.161591e-06,1.6222886e-05,4.815813e-05
1.6686073e-06,7.0832e-05,7.1343675e-06,0.019436115,1.4637125e-05,0.00026160883,0.9801318,4.6707455e-06,1.1344031e-05,6.016653e-05
1.9262648e-06,2.167941e-05,4.625873e-06,0.016689982,1.7209723e-05,0.00016934727,0.9829958,3.8466133e-06,1.1659672e-05,8.4004576e-05
3.5762664e-06,7.20087e-06,5.822795e-06,0.024129225,3.2125467e-05,9.343504e-05,0.9755855,2.893634e-06,2.0697931e-05,0.00011949896
4.099609e-06,2.7297178e-06,3.5296919e-06,0.0018416865,9.7602e-06,6.1943916e-05,0.9980167,6.1920905e-06,2.5440842e-05,2.7891116e-05
2.614759e-05,1.5215385e-06,6.088656e-06,0.0004184752,5.64686e-06,4.57085e-05,0.99936944,1.0874936e-05,9.958719e-05,1.6538896e-05
5.126804e-05,1.7567436e-06,4.4962685e-06,0.00043896527,3.2424005e-06,9.434144e-05,0.99918574,1.1046584e-05,0.00018459412,2.4511259e-05
1.3410507e-05,3.7738118e-06,2.5162708e-06,0.0016726349,3.6665888e-06,0.00010498543,0.9980667,7.4311156e-06,8.030643e-05,4.463971e-05
1.6163125e-05,2.2043534e-06,5.489528e-06,0.0016483627,4.4357594e-06,7.6335185e-05,0.99811506,7.973463e-06,7.919993e-05,4.4822835e-05
0.00032496353,1.2544982e-06,1.9879526e-05,0.0006476276,6.8837426e-06,5.167831e-05,0.9984302,1.349989e-05,0.00045868603,4.5352273e-05
0.0005551644,2.7326464e-06,1.1151276e-05,0.00031600706,3.046261e-06,0.00018386355,0.9982141,1.4248573e-05,0.0006469671,5.2628973e-05
5.0835013e-05,1.368869e-05,4.421522e-06,0.0005100364,5.386665e-07,0.00089727517,0.99815315,6.288512e-06,0.00023166976,0.00013203078
0.00072368735,2.363811e-05,8.996741e-06,0.00023732812,9.785323e-07,0.003219836,0.99439526,4.8400757e-06,0.0012429496,0.00014238048
0.5595377,2.9036622e-05,6.578375e-05,7.792414e-05,1.2003967e-05,0.0023851655,0.4094396,2.123099e-05,0.028207993,0.0002236596
0.855235,1.45929935e-05,2.0778838e-05,2.7327858e-05,7.6066704e-06,0.000514646,0.1295751,2.1596621e-05,0.01443969,0.000143618
0.9601319,8.813298e-06,9.188263e-06,5.817407e-06,5.9345894e-06,7.4329146e-05,0.032016635,2.4975903e-05,0.007685946,3.64524e-05
0.96108574,1.0041147e-05,7.3330093e-06,7.4709897e-06,5.86521e-06,0.0001395097,0.031210663,1.5638696e-05,0.007486635,3.1117397e-05
0.97667897,8.7771505e-06,6.758888e-06,7.359465e-06,3.1324557e-06,9.199793e-05,0.017882723,7.314718e-06,0.0052694683,4.3477514e-05
0.9859999,7.7622e-06,3.799463e-06,4.576672e-06,2.194856e-06,5.0399332e-05,0.010529752,7.921291e-06,0.0033591245,3.4642457e-05
0.99469346,4.9896817e-06,3.1253194e-06,1.0810461e-06,2.0735044e-06,9.168968e-06,0.0028015282,8.531727e-06,0.0024648875,1.1212992e-05
0.996154,4.7746853e-06,1.9715703e-06,8.1631407e-07,1.7267945e-06,1.0598973e-05,0.0016061867,3.503022e-06,0.0022082573,8.125258e-06
0.99868137,7.3533324e-06,9.1181136e-07,5.262635e-07,8.8424014e-07,4.243065e-06,0.0004657315,1.8934386e-06,0.0008299117,7.1896548e-06
0.9988883,8.272616e-06,6.5779005e-07,3.23469e-07,6.8638434e-07,2.8998297e-06,0.00026153668,1.5976258e-06,0.0008300009,5.779074e-06
0.9988102,7.3566384e-06,5.662398e-07,2.0206295e-07,9.944398e-07,2.4158703e-06,0.00021005623,1.5780344e-06,0.00096121937,5.425402e-06
0.9985538,1.0418086e-05,6.072838e-07,2.9666336e-07,1.4214755e-06,3.854743e-06,0.0004113797,1.9779227e-06,0.0010090432,7.1565455e-06
0.99824035,1.3727564e-05,7.3252545e-07,3.8556303e-07,2.0250668e-06,3.508063e-06,0.0006081096,2.27974e-06,0.0011192999,9.613619e-06
0.99707496,1.8447707e-05,9.549907e-07,5.6778237e-07,3.3723622e-06,7.2572816e-06,0.0014486286,4.2836546e-06,0.001429653,1.1858463e-05
0.99709964,1.1238626e-05,8.8104474e-07,8.040132e-07,9.354015e-06,6.3137672e-06,0.0016785874,6.729231e-06,0.0011745981,1.1889081e-05
0.99593794,6.6688617e-06,1.0601792e-06,2.158661e-06,3.2341693e-05,6.0768766e-06,0.0026989996,8.6644795e-06,0.0012889766,1.7141572e-05
0.99697614,5.2981754e-06,1.6744058e-06,3.407816e-06,0.00015313471,3.5226908e-06,0.0016358249,1.2813388e-05,0.0011874657,2.0877875e-05
0.9972313,3.9339943e-06,2.9021542e-06,6.5373915e-06,0.0004438369,2.0541215e-06,0.000896697,1.6614733e-05,0.0013557798,4.0307772e-05
0.9944267,4.8078177e-06,4.835357e-06,1.5693668e-05,0.001517555,3.6099495e-06,0.0017955236,1.7831246e-05,0.002157262,5.6129513e-05
0.9850187,9.880344e-06,1.12395455e-05,7.19876e-05,0.008402729,5.5149535e-06,0.0024970123,1.651038e-05,0.0037813245,0.00018514776
0.021445083,4.6631492e-05,5.7272067e-05,0.0023958774,0.96758634,5.4604217e-05,0.0033289972,0.00019412694,0.00218017,0.0027108137
0.006011646,1.9457737e-05,5.3143754e-05,0.0006932423,0.99024534,2.873534e-05,0.00054441957,0.0001500172,0.0011497264,0.0011041906
0.003043029,1.1089361e-05,6.686171e-05,0.00040354757,0.9948885,1.8057146e-05,0.0001710488,0.00012486767,0.00054385274,0.0007291077
0.003249984,6.920483e-06,0.00019048326,0.0003297354,0.99511516,1.3911069e-05,0.00012344799,6.063989e-05,0.00032078105,0.0005889505
0.002821935,5.9868285e-06,0.00035821492,0.00021051288,0.99597,1.0855696e-05,7.738697e-05,3.4029174e-05,0.00010806935,0.00040308054
0.0028539342,1.0280375e-05,0.00086064247,0.00027328622,0.9953383,6.530429e-06,0.0001028235,1.9324314e-05,9.112751e-05,0.00044367404
0.00058099435,1.359118e-05,0.0010156096,0.00017484314,0.99776375,3.6331028e-06,0.00010320763,2.2262693e-05,7.409709e-05,0.00024801874
0.00018317925,1.4808799e-05,0.0008757755,0.0002780207,0.9981647,2.2997633e-06,0.00017535486,2.1384585e-05,4.8125046e-05,0.00023626296
0.00010417264,1.1146307e-05,0.0005781092,0.0002709123,0.99857175,1.6541896e-06,0.0002571248,1.8252997e-05,4.492159e-05,0.00014200172
0.00010555182,1.562126e-05,0.00039062166,0.00023271206,0.9987149,2.714203e-06,0.0003437241,1.2950801e-05,6.188194e-05,0.000119403594
0.00012053662,5.164713e-05,0.00064023334,0.0009007635,0.99762696,1.7728069e-05,0.00022558756,6.7587157e-06,8.763591e-05,0.00032220042
0.00029647158,8.53209e-05,0.0011314284,0.0008485147,0.9965012,4.8667865e-05,0.0003066736,1.582187e-05,0.00014200626,0.00062394876
0.0003608328,3.5332436e-05,0.0010173137,0.00092129834,0.9967907,8.082582e-06,0.00033674456,2.1882806e-05,9.269913e-05,0.00041502767
0.00040612544,3.5803034e-05,0.002147659,0.0020107115,0.99447966,3.0480592e-06,0.0004636637,1.2678863e-05,0.00010976541,0.000330853
0.00020991411,2.6577405e-05,0.0016341729,0.002020536,0.99530655,2.236112e-06,0.00050862215,1.17317995e-05,6.7273846e-05,0.00021239075
0.00013782369,3.9571674e-05,0.0010664994,0.001743987,0.99618655,1.7998686e-06,0.0006381567,1.5090337e-05,4.828866e-05,0.00012236429
0.0001318406,3.294208e-05,0.00068962335,0.002580182,0.99578047,1.6415261e-06,0.00056503154,2.9074696e-05,3.0385228e-05,0.00015877147
8.0905105e-05,2.5638434e-05,0.0002704896,0.0006074863,0.9985494,1.4400133e-06,0.00030013226,5.99618e-05,3.7134814e-05,6.725753e-05
8.3585815e-05,4.6887213e-05,0.00012818855,0.0002548612,0.9988469,3.210907e-06,8.75606e-05,0.0003921253,5.379599e-05,0.00010278053
0.0001611807,0.0005378539,0.00015231057,0.00020335065,0.7761864,0.0002715556,0.00023333149,0.2219673,8.539312e-05,0.0002012867
2.1731406e-05,0.0002743294,3.124131e-05,2.0895939e-05,0.01843103,0.0005915516,6.1915576e-05,0.9805212,1.8733714e-05,2.740262e-05
9.610798e-06,0.00012857707,1.05738445e-05,5.516518e-06,0.001704675,0.0002326683,3.0123514e-05,0.9978617,7.430978e-06,9.200602e-06
5.39819e-06,8.060524e-05,4.53871e-06,1.9735978e-06,0.0001646495,8.0165206e-05,1.4453941e-05,0.9996407,3.0663418e-06,4.3842965e-06
4.5638767e-06,6.8510824e-05,1.8335497e-06,1.6434359e-06,3.4630903e-05,3.0287882e-05,9.248538e-06,0.99984396,1.6324842e-06,3.5472394e-06
3.1399627e-06,7.7124874e-05,9.035291e-07,2.2108627e-06,6.715262e-06,1.4392938e-05,4.409869e-06,0.9998859,8.000596e-07,4.2986608e-06
6.7123137e-06,8.112407e-05,6.8321253e-07,2.590344e-06,3.5496137e-06,7.488877e-06,6.955269e-06,0.99988353,8.8957165e-07,6.3740763e-06
8.576801e-06,2.6484246e-05,6.0388714e-07,5.72594e-07,3.9610643e-07,2.717877e-06,6.229576e-06,0.9999409,3.7737082e-06,9.779614e-06
2.9284483e-06,1.9904637e-05,4.5824495e-07,8.7677586e-07,1.6844484e-07,1.3110376e-06,6.6363177e-06,0.99993455,3.5359249e-06,2.9663082e-05
1.4969459e-06,6.0567283e-05,2.1202919e-07,3.2352627e-06,3.949936e-07,2.2180866e-06,2.4412968e-06,0.99988365,7.521641e-07,4.51328e-05
8.037769e-07,5.365048e-05,9.206525e-08,1.0675931e-06,5.7980685e-07,3.0187293e-05,1.1010284e-06,0.9999,1.0201618e-06,1.1529568e-05
7.219903e-07,2.3485174e-05,1.5235804e-07,2.8158723e-07,3.902054e-07,4.636006e-05,1.4523673e-06,0.9999201,1.5895977e-06,5.501344e-06
7.907538e-07,1.7118531e-05,1.9747024e-07,2.5673756e-07,5.5702253e-07,6.072943e-05,1.6467841e-06,0.9999118,1.861089e-06,5.086564e-06
1.0486499e-06,1.1972275e-05,2.5848894e-07,2.5135e-07,7.1538597e-07,4.9028404e-05,1.6696138e-06,0.99992776,2.68021e-06,4.665765e-06
1.1601701e-06,1.1571023e-05,4.2792846e-07,2.8222908e-07,7.466857e-07,3.909651e-05,2.3028595e-06,0.99993575,3.4564182e-06,5.267103e-06
4.007018e-06,9.284301e-06,6.134287e-07,3.923963e-07,7.0383226e-07,1.781198e-05,3.380399e-06,0.9999497,5.9291597e-06,8.230684e-06
3.1305175e-05,1.7338933e-05,2.505397e-06,5.208488e-07,3.2244313e-07,1.2600948e-05,8.381282e-06,0.9998148,7.600663e-05,3.6322566e-05
6.129062e-05,4.500552e-05,1.070145e-06,3.1605548e-06,6.7485803e-07,2.357456e-05,8.598418e-06,0.99961156,5.8662106e-05,0.00018637891
0.00017669509,0.000102438375,2.7098616e-07,1.8502982e-05,5.1526868e-06,1.7533279e-05,1.164404e-05,0.9995096,1.4135343e-05,0.00014406515
0.0010580677,0.00015885016,4.3105447e-07,0.00024333422,7.042031e-05,0.00010942961,8.822661e-05,0.9971723,3.634748e-05,0.001062572
0.0034431196,9.226446e-05,6.411502e-07,4.7742774e-06,4.776056e-05,0.00020043175,2.3385777e-05,0.9959721,0.00016711254,4.842347e-05
0.9936225,6.809663e-06,1.1598545e-06,8.502769e-07,1.7075841e-05,9.673408e-06,0.00010476713,0.0038450446,0.0023831443,8.970694e-06
0.99708325,3.5538822e-06,7.969425e-07,6.244325e-07,4.6746095e-06,6.814352e-06,0.0002167817,0.0005431575,0.0021345622,5.8617647e-06
0.99754614,3.3580566e-06,7.675208e-07,6.663206e-07,2.1045228e-06,5.86017e-06,0.00034184023,0.00013539946,0.0019577232,6.1199244e-06
0.9980459,3.5981236e-06,6.6234713e-07,6.750958e-07,1.3267089e-06,4.816976e-06,0.00033987852,6.0994484e-05,0.0015358072,6.336361e-06
0.9982064,4.314926e-06,6.115673e-07,7.195435e-07,7.0724997e-07,5.680407e-06,0.00038249468,2.0032194e-05,0.0013701488,8.821426e-06
0.99889153,4.0961922e-06,4.1091133e-07,5.3760334e-07,6.187459e-07,3.1499735e-06,0.00019415829,1.583626e-05,0.0008821317,7.6226784e-06
0.99776995,5.349222e-06,7.9812975e-07,4.8702924e-07,5.607875e-07,7.823153e-06,0.00041801287,1.3179161e-05,0.0017698666,1.3961129e-05
0.9995414,2.4751698e-06,1.6793906e-07,7.1813986e-07,1.4331771e-06,1.7995758e-06,7.992541e-05,3.4557157e-05,0.0003292203,8.405819e-06
0.998566,7.6012284e-06,7.164128e-07,2.1680167e-07,6.235549e-07,4.2817787e-06,0.000240733,4.238135e-06,0.001169085,6.5970926e-06
0.9988242,7.876855e-06,5.6840275e-07,1.8205955e-07,5.997178e-07,2.8678248e-06,0.00015217878,2.459666e-06,0.0010040846,5.0088165e-06
0.999203,1.6788254e-05,5.1078695e-07,1.9942095e-07,6.234863e-07,8.744191e-07,8.040676e-05,1.3106047e-06,0.0006927711,3.570974e-06
0.99893934,8.367834e-05,7.720978e-07,3.2052154e-07,9.538409e-07,1.3147336e-06,0.00015170798,1.8644514e-06,0.0008134158,6.68143e-06
0.9988103,0.00026453886,1.0610966e-06,5.840633e-07,1.3204982e-06,1.875763e-06,0.00019348817,1.7905895e-06,0.00071586645,9.239638e-06
0.9984773,0.0005128891,1.6302636e-06,8.3790826e-07,1.7537311e-06,2.6636242e-06,0.00026108796,1.955343e-06,0.0007299361,1.0001359e-05
0.99829096,0.00073699903,2.0401928e-06,1.1491878e-06,1.9471388e-06,2.9931978e-06,0.00027752336,1.9263841e-06,0.00067535666,9.121605e-06
0.99814284,0.000976242,2.41069e-06,1.6480886e-06,2.1880778e-06,2.4679803e-06,0.00025716465,1.8755127e-06,0.00060531066,7.888654e-06
0.99803525,0.00115196,2.1251146e-06,2.262339e-06,2.746753e-06,2.3324421e-06,0.00024246114,2.396044e-06,0.00055307423,5.3946264e-06
0.9972409,0.0019948012,1.7124489e-06,3.2754285e-06,3.5874605e-06,3.6518518e-06,0.00019650781,3.3295355e-06,0.00054762524,4.62696e-06
0.99685174,0.0018282708,1.7368828e-06,2.8426139e-06,3.4342788e-06,5.0728454e-06,0.00041868037,4.3392365e-06,0.0008785116,5.338615e-06
0.9387707,0.059177466,2.4790672e-06,1.9618697e-05,6.8505983e-06,1.3379885e-05,0.0005262333,7.0068186e-06,0.0014379527,3.8417773e-05
0.00041338403,0.99934167,5.233112e-07,0.00011530159,1.1444999e-05,7.912242e-06,7.2839007e-06,7.2018493e-06,1.13296255e-05,8.3993524e-05
0.0001160965,0.99969363,8.5856e-07,8.000333e-05,1.7460845e-05,7.067001e-06,4.2630504e-06,4.743036e-06,6.226349e-06,6.966052e-05
7.035393e-05,0.99978334,9.423972e-07,6.206333e-05,1.6037191e-05,7.5568964e-06,3.613932e-06,3.4713469e-06,5.188235e-06,4.7414695e-05
4.9663842e-05,0.9998209,9.107457e-07,6.088808e-05,1.4666443e-05,7.315211e-06,3.2489759e-06,2.9911112e-06,4.550598e-06,3.498112e-05
3.55374e-05,0.99984133,8.0220053e-07,6.4010404e-05,1.2205501e-05,6.9730404e-06,3.049839e-06,2.6783816e-06,4.014133e-06,2.9208275e-05
2.829662e-05,0.99984705,7.057172e-07,6.922105e-05,1.0971535e-05,6.370362e-06,2.9057564e-06,2.6387793e-06,3.6752665e-06,2.8172919e-05
2.3449533e-05,0.9998462,6.4508765e-07,7.6815566e-05,9.662229e-06,5.810547e-06,2.7693154e-06,2.534381e-06,3.3295194e-06,2.8713519e-05
2.137425e-05,0.99985015,5.6342543e-07,7.518851e-05,9.138928e-06,5.030226e-06,2.85438e-06,2.504475e-06,3.1985555e-06,2.9943627e-05
1.701693e-05,0.9998479,5.1814555e-07,8.3928266e-05,7.250302e-06,5.1884854e-06,2.7245271e-06,2.1837993e-06,2.768884e-06,3.0497793e-05
1.4551964e-05,0.9998716,3.980238e-07,6.306206e-05,6.320569e-06,4.8581196e-06,3.521498e-06,1.9721138e-06,2.7222438e-06,3.0813324e-05
1.2681246e-05,0.9997354,5.7070207e-07,0.00020654495,6.9731395e-06,6.9805383e-06,3.5456064e-06,2.1687815e-06,1.746853e-06,2.340893e-05
1.0953884e-05,0.99962175,5.112067e-07,0.00032469266,5.9411595e-06,6.1934193e-06,6.0030575e-06,2.032266e-06,1.841321e-06,2.0052412e-05
9.0864505e-06,0.9995122,5.5660564e-07,0.0004331211,6.3961234e-06,6.0821953e-06,8.813486e-06,2.1340497e-06,1.8276629e-06,1.974484e-05
7.866899e-06,0.9994099,6.4839685e-07,0.00053159,7.3278347e-06,6.4134683e-06,1.211058e-05,2.3581056e-06,1.7171443e-06,1.9989931e-05
7.0006777e-06,0.9992854,7.429762e-07,0.0006501876,8.477302e-06,7.101746e-06,1.6721055e-05,2.665729e-06,1.629229e-06,2.0114412e-05
6.42381e-06,0.99912745,8.795473e-07,0.0008001861,1.0108388e-05,7.5856115e-06,2.1634365e-05,3.043964e-06,1.6085629e-06,2.107868e-05
6.116078e-06,0.9988673,1.1577208e-06,0.0010481749,1.3470863e-05,7.008802e-06,2.587882e-05,3.686454e-06,1.7026305e-06,2.5484704e-05
5.5572773e-06,0.9984072,1.6009765e-06,0.001490751,1.6272641e-05,6.896331e-06,3.5468864e-05,4.584869e-06,1.9953263e-06,2.9597106e-05
7.210582e-06,0.996036,2.570402e-06,0.003765333,2.649668e-05,1.1845112e-05,0.00010462275,5.3105573e-06,3.3322494e-06,3.724268e-05
2.3672512e-05,0.9467336,8.496671e-06,0.05060142,0.0001489063,7.056437e-05,0.0022831927,7.193064e-06,1.6458114e-05,0.00010644816
7.652122e-05,0.18866034,2.5775851e-05,0.7455199,0.0012352696,0.00019135588,0.06389527,6.1527326e-06,8.5387495e-05,0.00030411503
3.1749423e-05,0.018428715,1.5205948e-05,0.861779,0.0010424587,0.00015034451,0.11823419,1.8444146e-06,9.718317e-05,0.00021933779
1.6378926e-05,0.005147902,1.853121e-05,0.83948404,0.0009236503,0.00016424169,0.1539731,1.1132391e-06,8.939303e-05,0.00018166345
1.0832241e-05,0.0020305635,2.22513e-05,0.8335884,0.0008250113,0.00015550063,0.1631168,8.084887e-07,8.11561e-05,0.00016868101
8.101305e-06,0.00091469043,2.5973892e-05,0.84154695,0.0008174026,0.00012877195,0.15632111,6.266281e-07,7.233792e-05,0.00016404533
3.099552e-06,0.00025615326,3.387596e-05,0.10825705,0.00034445364,0.0004972937,0.89035684,1.6393088e-06,0.00017154319,7.8084195e-05
3.2561757e-06,0.00015429834,3.0459356e-05,0.05243282,0.00012627484,0.00036839678,0.9467206,2.4775272e-06,0.00010849257,5.2992425e-05
4.9005303e-06,0.00022150949,4.0493356e-05,0.092832156,0.00011858243,0.0002844249,0.9063584,3.9299844e-06,8.0309015e-05,5.523512e-05
9.4767465e-06,0.00036743167,4.6873563e-05,0.29491782,0.00017996324,0.0002486167,0.7040698,5.008881e-06,7.063314e-05,8.433767e-05
1.37581665e-05,0.00010573493,2.6642936e-05,0.2609532,0.00025056774,0.00010177869,0.7383517,3.2901344e-06,7.904663e-05,0.00011426699
2.5593248e-05,9.783709e-06,3.088996e-05,0.09506425,0.0005597209,2.0600735e-05,0.9034145,1.3577243e-06,0.0004510105,0.00042232487
1.3035035e-05,1.4974916e-05,1.9106306e-05,0.045652524,0.00040564904,1.6608792e-05,0.9526597,1.9265551e-06,0.0007023471,0.00051412475
9.081464e-06,2.3164026e-05,1.28900665e-05,0.045818746,0.00036798386,2.1739497e-05,0.95238173,2.4504934e-06,0.00074229046,0.0006198984
1.0396604e-05,3.5095538e-05,1.4999062e-05,0.09949307,0.0003961609,2.8201935e-05,0.89798915,3.0605481e-06,0.00096030073,0.0010695508
7.8256835e-06,1.8601026e-05,1.2726138e-05,0.039485082,0.00019986107,2.3895123e-05,0.95879865,2.7224664e-06,0.00073913566,0.00071156083
3.9486582e-05,3.514242e-06,2.4215338e-05,0.00081555755,3.174903e-05,1.5220225e-05,0.98903847,1.0310205e-05,0.009511158,0.00051036244
8.73871e-05,2.8673355e-06,2.0582262e-05,0.00023648741,8.553769e-06,3.0111567e-05,0.9868553,2.9089486e-05,0.012352508,0.00037706285
0.00027370692,5.256132e-06,1.700037e-05,0.000102751066,6.1395235e-06,6.735894e-05,0.97803146,8.237971e-05,0.021206737,0.00020726772
0.00073520944,1.7335255e-05,1.1940621e-05,9.93937e-05,4.0620957e-06,9.877947e-05,0.9328818,6.9620175e-05,0.06580361,0.00027835407
0.0012380712,0.0001354465,1.6331768e-06,0.00051823707,1.9669205e-05,0.00030422525,0.4362502,0.0001216695,0.5574412,0.0039696414
8.329173e-05,8.644352e-06,1.5612461e-06,7.631686e-06,1.6271715e-06,4.1470706e-05,0.00799022,3.889305e-05,0.9912375,0.000589025
1.5889005e-05,7.310062e-06,1.3954865e-06,3.701956e-06,7.44892e-07,6.2435014e-05,0.0028905217,2.4142502e-05,0.99645174,0.0005421177
1.2150477e-05,7.601262e-06,1.004221e-06,2.1778872e-06,5.1369005e-07,2.7637498e-05,0.0016113018,1.4096925e-05,0.99807054,0.00025305845
4.4800923e-05,4.38116e-06,9.252023e-07,1.0721975e-06,5.474255e-07,4.005721e-06,0.0008313415,5.915117e-06,0.9990571,4.9877184e-05
2.1588608e-05,2.4215492e-06,1.5222766e-07,1.1467379e-06,1.9222338e-07,5.762217e-06,0.00021194329,2.0635139e-06,0.99968016,7.4471645e-05
1.520777e-05,1.8922611e-06,1.4456585e-07,7.84231e-07,8.090755e-08,4.4856097e-06,7.744643e-05,1.7160197e-06,0.9998294,6.8708214e-05
1.25897495e-05,1.3515959e-06,1.6676162e-07,6.344205e-07,4.2149267e-08,4.727486e-06,3.445986e-05,1.658912e-06,0.99987364,7.0659116e-05
1.3824248e-05,8.5361796e-07,1.3541704e-07,5.134847e-07,3.6331855e-08,7.325259e-06,1.962163e-05,1.4287126e-06,0.9998994,5.6902387e-05
1.6333308e-05,6.768018e-07,1.8698837e-07,3.5020327e-07,6.4572106e-08,5.355994e-06,1.5955055e-05,7.880421e-07,0.99993277,2.7496864e-05
4.5602177e-05,6.3290923e-07,1.7891412e-07,8.5057167e-07,1.0130109e-07,1.1706475e-06,9.458966e-06,1.7592828e-07,0.9999149,2.6901074e-05
2.6968935e-05,2.7355352e-06,2.5179355e-08,7.694815e-06,1.2022605e-06,3.8108014e-06,1.4993735e-05,3.323544e-07,0.99983656,0.00010569515
2.5049942e-05,2.2138531e-06,1.7113399e-08,1.4249913e-06,4.625453e-07,5.952902e-06,2.8070463e-06,5.85261e-07,0.9999063,5.518637e-05
2.7866314e-05,1.8873759e-06,2.354118e-08,7.496059e-07,2.0911547e-07,3.888513e-06,1.6346139e-06,7.6179464e-07,0.99990034,6.256882e-05
3.3391454e-05,1.4634935e-06,3.3437704e-08,4.6979875e-07,7.146526e-08,1.4583954e-06,4.9545242e-06,8.6359125e-07,0.9999194,3.778631e-05
2.969631e-05,9.338892e-07,3.5736317e-08,5.3266945e-07,5.0091828e-08,2.0561665e-06,2.9475398e-06,5.5249745e-07,0.9999163,4.69757e-05
2.4620394e-05,9.1479177e-07,4.0271537e-08,5.618754e-07,4.1411198e-08,1.822024e-06,4.137831e-06,5.946581e-07,0.99991727,4.9938124e-05
2.0576827e-05,9.974277e-07,4.03825e-08,6.0191013e-07,4.1078167e-08,1.9397182e-06,4.2517863e-06,8.253493e-07,0.99992037,5.0305523e-05
2.394451e-05,1.0697047e-06,2.7802525e-08,8.351487e-07,4.4600416e-08,2.5543004e-06,3.324285e-06,1.0028094e-06,0.9999056,6.159757e-05
3.3648106e-05,1.241238e-06,1.8428121e-08,9.2050806e-07,4.6868227e-08,3.863881e-06,3.7301488e-06,1.5000458e-06,0.9998828,7.231637e-05
4.6324385e-05,1.146804e-06,1.6691803e-08,8.429264e-07,6.079092e-08,4.605996e-06,7.3763613e-06,1.3202581e-06,0.9998685,6.971125e-05
5.0135634e-05,1.954014e-06,1.2857911e-08,2.1454937e-06,7.978733e-08,9.012214e-06,1.9913793e-06,1.7884145e-06,0.9998105,0.00012224515
3.2451433e-05,1.4505631e-06,1.38958995e-08,1.4079345e-06,3.9187285e-08,2.5043948e-05,2.7162882e-06,2.3182981e-06,0.9998578,7.685888e-05
3.8205413e-05,1.5232329e-06,1.0416352e-08,2.150667e-06,7.218366e-08,1.0548797e-05,3.9800207e-06,1.077982e-06,0.9998795,6.285566e-05
0.00012329186,8.8515384e-07,2.9664367e-08,9.1104295e-07,9.212376e-08,1.8645992e-06,9.03458e-06,8.981194e-07,0.9998487,1.42875115e-05
8.177037e-05,1.1383414e-06,1.4850509e-08,1.087604e-06,1.4601066e-07,1.9566944e-06,5.4254533e-06,9.421481e-07,0.99988806,1.942011e-05
4.4364817e-05,1.0215956e-06,2.007424e-08,8.2248306e-07,1.0220218e-07,2.867164e-06,3.2688904e-06,9.17786e-07,0.999913,3.358042e-05
3.2357857e-05,1.2454519e-06,2.594232e-08,5.33238e-07,8.472141e-08,4.048516e-06,1.9957533e-06,1.0079399e-06,0.9999217,3.7083115e-05
2.3809354e-05,1.3810419e-06,3.1472663e-08,4.53392e-07,6.980837e-08,4.827233e-06,1.696206e-06,8.452885e-07,0.999928,3.8892606e-05
1.2866854e-05,1.1618266e-06,7.568832e-08,3.3936652e-07,3.9369855e-08,3.3438323e-06,4.9481273e-06,7.84521e-07,0.99995685,1.9610654e-05
1.507296e-05,1.0336868e-06,7.171152e-08,3.03764e-07,5.742226e-08,2.5928884e-06,3.992969e-06,8.8021767e-07,0.9999566,1.9512614e-05
1.444815e-05,1.0340482e-06,1.14406156e-07,3.232332e-07,7.674497e-08,1.6894184e-06,4.496269e-06,1.0581854e-06,0.9999542,2.242587e-05
1.17947075e-05,5.691422e-07,2.1267373e-07,3.9483302e-07,5.620206e-08,2.731906e-06,9.816623e-06,1.1614885e-06,0.999951,2.2263694e-05
3.1036074e-05,6.3528e-07,4.5435021e-07,4.4988462e-07,1.1764729e-07,1.7091245e-06,4.7208425e-05,9.816586e-07,0.999902,1.5448188e-05
0.00018556365,2.8926875e-06,4.42905e-07,6.9832146e-07,5.060985e-07,1.5745786e-06,0.00019862899,2.3369396e-06,0.99957746,2.9919363e-05
4.179894e-05,2.054884e-06,4.7514192e-07,8.393798e-07,2.968319e-07,2.7673254e-06,4.63719e-05,6.408758e-07,0.9998541,5.0696955e-05
1.2746627e-05,1.8610896e-06,4.324762e-06,3.413228e-07,9.182252e-08,1.406526e-05,7.033347e-05,2.0144162e-06,0.99984825,4.5911747e-05
6.130527e-06,3.4083434e-06,1.3281814e-05,5.348984e-07,8.2332015e-08,9.470047e-05,0.00017997353,3.1099212e-06,0.99963176,6.6947934e-05
6.1187848e-06,1.0044674e-05,7.010449e-05,1.2090374e-06,3.1542663e-07,9.3920746e-05,0.0011898248,2.7547903e-06,0.99853766,8.804453e-05
0.00014450042,1.0303768e-05,0.00014616553,1.0878427e-06,3.2130406e-06,3.0241945e-05,0.0020339955,1.8299484e-06,0.9975975,3.1091786e-05
5.366955e-05,1.4552469e-05,6.985378e-05,1.6848018e-06,3.1317368e-06,6.686422e-05,0.0061128926,1.155455e-05,0.99360967,5.6254863e-05
1.9414085e-05,0.00015532134,0.00020785579,0.00022677922,0.00047242586,0.00028994112,0.8680045,1.9215995e-05,0.12996069,0.00064390607
3.0824962e-05,3.025742e-05,0.0014974483,0.000119113196,8.9507805e-05,9.585766e-05,0.93391174,1.1887811e-05,0.06409117,0.00012232551
0.00015209276,1.971013e-05,0.00097185565,0.00023392736,0.000101632926,6.0734405e-05,0.9479188,1.1880036e-05,0.050456077,7.346208e-05
0.0007969391,3.736916e-05,0.000623948,0.00086918083,0.00011417853,5.7474805e-05,0.94010854,8.6772725e-06,0.057226114,0.00015751092
0.000863879,8.5442705e-05,0.00058587844,0.0074393903,0.00039679336,7.15574e-05,0.89309686,6.068356e-06,0.09676444,0.00068970304
9.3734125e-05,8.561784e-05,9.3802264e-05,0.13793935,0.0014446642,0.00012381238,0.82673556,4.3032255e-06,0.030905444,0.0025736825
3.2945416e-05,4.2477597e-05,4.198748e-05,0.12684812,0.0006831353,9.3628725e-05,0.8629005,2.0506288e-06,0.007944284,0.0014108483
3.673746e-05,2.6864627e-05,3.369936e-05,0.120744854,0.00055525126,7.922815e-05,0.8737266,1.5705733e-06,0.0040408275,0.0007543952
4.8149148e-05,1.8787092e-05,2.8872371e-05,0.10530583,0.0009043555,6.0355997e-05,0.89105856,1.4599531e-06,0.002108371,0.00046521454
3.528749e-05,1.5121524e-05,2.629696e-05,0.0798152,0.0019228719,5.2825682e-05,0.91705626,1.4232673e-06,0.0008165288,0.00025815214
1.5292819e-05,1.1278972e-05,1.3401455e-05,0.019003067,0.0014315298,2.7973232e-05,0.97922647,2.1422911e-06,0.00020463107,6.41896e-05
4.6887812e-06,1.3210131e-05,1.1026085e-05,0.0057972767,0.00075662567,2.6236155e-05,0.99325764,3.492667e-06,0.00010956186,2.0284311e-05
4.5126208e-06,1.4373244e-05,8.2727165e-06,0.0030508065,0.0004125452,2.500647e-05,0.99638593,6.9938314e-06,7.663504e-05,1.4936134e-05
5.3917624e-06,1.7023609e-05,7.3198016e-06,0.0022312843,0.00029968412,2.7272643e-05,0.9973009,1.24311955e-05,8.4311774e-05,1.4381353e-05
8.946673e-06,3.26539e-05,1.23332875e-05,0.0063346107,0.0008456407,2.6737407e-05,0.99257445,1.3628992e-05,0.00012980324,2.131505e-05
5.0236828e-05,4.6940513e-05,2.250663e-05,0.83377975,0.01353207,1.7029257e-05,0.15207735,3.870015e-06,0.000218177,0.00025204825
4.35955e-05,6.6754415e-05,2.165847e-05,0.82710725,0.005576779,1.1823444e-05,0.16669643,7.738756e-06,0.00016828791,0.0002997456
3.775562e-05,0.00015120335,1.8772957e-05,0.7532063,0.00510836,3.118366e-05,0.24094054,3.0638985e-05,0.0001580824,0.00031711996
2.7265321e-05,0.00036204414,2.2645385e-05,0.6851887,0.0049100984,0.00011982425,0.30875215,0.00011516037,0.00015149445,0.00035052194
2.4399222e-05,0.0015717339,0.000101712605,0.6274453,0.00979056,0.0026482833,0.33856493,0.019104863,0.000104451865,0.0006437219
3.6644443e-07,0.00012100598,9.113192e-06,1.5706142e-05,1.2143991e-05,0.0016668219,3.774044e-05,0.99813145,8.8422024e-07,4.7923827e-06
5.6133234e-07,0.00011513621,4.685608e-06,2.7748924e-06,4.932446e-06,0.0006662109,9.172453e-06,0.9991929,6.564576e-07,3.024137e-06
5.792853e-07,9.991442e-05,2.9165865e-06,2.4641317e-06,2.3810069e-06,0.00022818876,6.2416384e-06,0.9996543,4.2858304e-07,2.6118519e-06
1.0720556e-06,5.2502357e-05,2.894396e-06,1.9850308e-06,1.0107556e-06,5.906682e-05,1.0343586e-05,0.9998684,3.717926e-07,2.2091735e-06
1.9512145e-06,1.5198154e-05,3.1964241e-06,6.0097886e-07,2.673774e-07,1.553332e-05,7.867099e-06,0.9999522,7.279185e-07,2.413301e-06
1.3447038e-06,4.5174243e-06,2.1704147e-06,3.0679166e-07,1.2923772e-07,4.83916e-06,6.752275e-06,0.99997425,1.8072998e-06,3.9165693e-06
6.949456e-07,1.73833e-05,5.8205967e-07,1.7354288e-06,4.5333928e-07,3.97194e-06,3.9465212e-06,0.99996614,3.6164633e-07,4.636239e-06
5.590587e-07,2.4732466e-05,1.8037063e-07,1.8341971e-06,1.5433266e-06,5.9221e-05,3.0309225e-06,0.9999051,4.347141e-07,3.4052334e-06
6.4480895e-07,2.1700076e-05,2.1358593e-07,7.7699616e-07,1.2010985e-06,6.181841e-05,1.8327303e-06,0.99990904,5.3076405e-07,2.190677e-06
7.310567e-07,2.9732284e-05,2.866793e-07,5.547569e-07,1.1838099e-06,8.370703e-05,1.4173919e-06,0.9998796,6.535718e-07,2.0914913e-06
9.338265e-07,3.4900175e-05,5.663793e-07,3.011333e-07,1.3485037e-06,0.00010540236,9.643998e-07,0.99985206,1.0838911e-06,2.3895086e-06
1.0500535e-06,2.7934335e-05,6.7250096e-07,3.3226476e-07,1.2230935e-06,0.000104767285,1.2543107e-06,0.9998597,1.1351999e-06,1.8411148e-06
1.0647913e-06,2.1418298e-05,6.5196065e-07,4.1520136e-07,6.264884e-07,8.239819e-05,1.6858222e-06,0.999889,1.0064239e-06,1.7594964e-06
3.1144066e-06,4.3353153e-05,6.7562524e-07,1.0543957e-06,5.3504647e-07,6.689006e-05,4.1093786e-06,0.9998752,9.068724e-07,4.1877797e-06
3.6008205e-05,7.4820084e-05,1.956087e-06,9.02456e-07,2.553454e-07,2.8071903e-05,9.241536e-06,0.99982566,3.955273e-06,1.9187042e-05
3.680148e-06,1.6482381e-05,7.45198e-07,1.590281e-07,7.149313e-08,7.826116e-05,3.4724017e-06,0.9998821,9.145079e-06,5.898345e-06
4.982533e-07,4.0691477e-05,4.3426402e-07,7.733071e-07,4.6453172e-07,4.6247234e-05,9.70419e-07,0.9999058,3.0039828e-07,3.933253e-06
7.944459e-07,6.86257e-05,4.4785412e-07,6.745597e-07,7.4385224e-07,6.94292e-05,9.0243515e-07,0.99985504,4.0457275e-07,2.8875752e-06
8.0878345e-07,7.977191e-05,6.11029e-07,6.237713e-07,1.081828e-06,9.009778e-05,7.9112766e-07,0.9998228,4.860211e-07,2.896426e-06
4.0589987e-07,6.329027e-05,1.8716339e-06,3.9316936e-07,6.445792e-07,0.0003521729,8.1518806e-07,0.9995766,5.8961405e-07,3.2308444e-06
1.8796585e-07,4.2649925e-05,9.876177e-06,3.3802922e-07,2.4326468e-07,0.002377394,1.2952204e-06,0.9975612,1.069483e-06,5.656114e-06
8.4183036e-08,2.6470694e-05,9.7219445e-06,4.4620785e-07,7.293763e-08,0.002178924,2.16875e-06,0.99777406,1.1152913e-06,6.884062e-06
8.5345974e-08,1.1578496e-05,2.3539005e-06,4.3509405e-07,6.792936e-08,0.0005638615,2.7506924e-06,0.9994142,1.052883e-06,3.61287e-06
1.2590456e-07,1.0304001e-05,1.2462664e-06,3.8813155e-07,6.843993e-08,0.00021816448,2.5268625e-06,0.99976295,1.0287763e-06,3.208214e-06
1.8178251e-07,1.13413535e-05,1.2261003e-06,3.1394197e-07,5.85227e-08,8.074929e-05,1.8674269e-06,0.9999002,6.868242e-07,3.211863e-06
2.1752189e-07,1.0837501e-05,1.4600187e-06,2.0545652e-07,6.050385e-08,4.6290017e-05,1.4319775e-06,0.999936,5.736177e-07,2.917845e-06
3.0942888e-07,1.6606358e-05,1.1175686e-06,3.179841e-07,1.5969191e-07,2.3911927e-05,9.957964e-07,0.9999534,2.3123029e-07,2.8819823e-06
3.335776e-07,2.8087585e-05,1.242422e-06,5.1282024e-07,1.416907e-07,2.1618795e-05,9.338015e-07,0.99994254,1.9934846e-07,4.4378753e-06
5.525127e-07,3.1077478e-05,1.595206e-06,5.824638e-07,1.4392552e-07,1.3429018e-05,1.7407094e-06,0.999944,2.0406877e-07,6.5783333e-06
8.785719e-07,9.663016e-06,3.3971812e-06,1.8160051e-07,3.309639e-08,8.877442e-06,3.2695277e-06,0.9999629,1.1236773e-06,9.532375e-06
7.095079e-07,3.1126765e-05,7.853929e-06,8.527127e-07,1.8128821e-08,5.996812e-06,7.688736e-06,0.99989974,9.855163e-07,4.498519e-05
2.9882926e-07,9.998416e-05,2.2616816e-06,9.068568e-07,3.8371077e-08,1.8801076e-05,1.0676531e-06,0.9998628,7.4580146e-07,1.3080081e-05
3.691141e-07,0.00034769153,3.2034905e-06,7.2742273e-07,1.1819825e-07,0.0001782107,8.767065e-07,0.999456,2.3553036e-06,1.0473534e-05
4.825409e-07,0.0004164881,3.2005994e-06,6.527109e-07,2.0615482e-07,0.00016311015,9.795062e-07,0.9994019,4.812369e-06,8.237496e-06
5.0926354e-07,0.00066053675,6.583798e-06,7.669787e-07,2.774154e-07,0.00021556944,1.2971368e-06,0.9990953,9.3973495e-06,9.74789e-06
7.56427e-07,0.00097250205,1.4056479e-05,9.311668e-07,4.3606173e-07,0.00013152073,1.4145619e-06,0.99884963,1.7238215e-05,1.1435545e-05
1.1355061e-06,0.0014859132,3.265561e-05,1.1636206e-06,6.1018375e-07,9.950479e-05,1.7631935e-06,0.99833494,2.8764576e-05,1.3532824e-05
2.3195385e-06,0.004854111,0.000110709705,2.591287e-06,7.302776e-07,0.00012898767,2.550787e-06,0.9948147,4.4784556e-05,3.8477458e-05
4.1737945e-05,0.055185903,0.00088488247,8.733643e-06,1.0533964e-06,0.000331416,1.0501022e-05,0.9429089,0.00031893814,0.00030787537
4.5128694e-05,0.5433275,0.001909428,4.89681e-05,1.1228411e-06,0.00205549,4.5514233e-05,0.44973356,0.001286135,0.0015472301
8.230093e-06,0.99435306,0.00071567175,8.727737e-05,3.306738e-07,0.0002800482,1.13695705e-05,0.004124665,0.00014216699,0.00027714638
3.9754113e-06,0.9989806,0.00013408603,0.00025144924,1.4935834e-07,8.805738e-05,4.721449e-06,0.00027469537,4.2748707e-05,0.00021964757
5.605879e-06,0.9991755,0.00018315991,0.00024030356,9.799676e-08,7.354512e-05,4.632674e-06,9.2007016e-05,9.282278e-05,0.00013232681
5.2346386e-06,0.9991026,0.000300612,0.0002188741,7.876873e-08,5.3298318e-05,4.994374e-06,5.4878496e-05,0.00014133421,0.00011813005
5.6071935e-06,0.9987752,0.00050230906,0.00021014665,7.216282e-08,4.5014935e-05,5.782769e-06,4.4457578e-05,0.00027724865,0.00013419699
5.8634837e-06,0.9982797,0.0008571936,0.00017583945,8.228529e-08,3.8520633e-05,6.111262e-06,4.0002516e-05,0.00045415698,0.00014242205
5.4331817e-06,0.997832,0.0011368693,0.00014801287,9.8091306e-08,4.0625284e-05,5.3801964e-06,3.541366e-05,0.0006381218,0.00015795833
4.567933e-06,0.9974674,0.0014139084,0.00014023426,1.3116706e-07,4.873745e-05,4.083146e-06,2.6383912e-05,0.0006981517,0.00019646887
3.8886187e-06,0.99793077,0.0010816026,0.00014119146,1.8986844e-07,3.5326964e-05,2.7068834e-06,1.5733278e-05,0.0005056975,0.00028285716
3.281723e-06,0.9985201,0.0007013915,0.00030362097,2.107754e-07,3.7549562e-05,3.9445104e-06,5.6532044e-06,0.00019714174,0.00022720889
2.525134e-06,0.99889994,9.910573e-05,0.00086209597,1.0527658e-06,1.8811437e-05,4.417885e-06,2.0005155e-06,2.7399547e-05,8.255339e-05
2.072079e-06,0.9991667,0.0001421766,0.0005607393,4.6580251e-07,2.6580572e-05,4.4713092e-06,4.0173854e-06,2.3017463e-05,6.977376e-05
1.7755442e-06,0.9990877,0.00022680663,0.0005306476,2.399258e-07,5.2521988e-05,5.7393763e-06,9.0830845e-06,1.595147e-05,6.952495e-05
2.073331e-06,0.99863356,0.00032249445,0.0008284265,1.8427676e-07,9.4243005e-05,8.7332955e-06,1.6054062e-05,1.3377019e-05,8.069269e-05
2.636224e-06,0.9979096,0.00043834528,0.0013438314,1.7915418e-07,0.0001563084,1.23721875e-05,2.4822406e-05,1.1670678e-05,0.00010011962
3.4031048e-06,0.99757856,0.00043513655,0.0016066462,1.4735907e-07,0.0001768337,1.3745204e-05,3.6734502e-05,1.0369095e-05,0.0001384467
4.305659e-06,0.9969158,0.00034295558,0.0022232276,1.4182606e-07,0.0002641527,1.939796e-05,7.272234e-05,9.440215e-06,0.00014789234
3.1526135e-06,0.99738234,0.00019532061,0.0019050856,2.1670046e-07,0.00021964067,1.7212398e-05,0.0001516827,8.1084545e-06,0.00011717432
1.0245731e-06,0.9986614,5.787232e-05,0.0006215284,2.7255908e-07,0.00028982392,1.1445751e-05,0.0002507973,6.2762583e-06,9.964959e-05
3.7852426e-06,0.83610374,6.4801985e-05,0.0022001842,4.7399817e-06,0.0018681051,8.980508e-05,0.15946306,1.1298685e-05,0.00019045925
5.237886e-07,0.0024797088,1.1977532e-05,5.6942918e-06,8.344748e-07,0.00038947223,2.488461e-06,0.9970913,6.7611836e-06,1.123116e-05
1.4836212e-07,0.00044570523,2.7624194e-05,1.0964586e-06,2.6862034e-07,0.0003522621,1.5310718e-06,0.999164,2.5966142e-06,4.808801e-06
1.4403294e-07,0.00036495656,3.1723943e-05,9.260301e-07,1.8547662e-07,0.00043205643,1.9969962e-06,0.9991627,2.1991398e-06,3.123382e-06
1.8335898e-07,0.00033856183,2.3590757e-05,1.1484947e-06,1.8008502e-07,0.00040613543,2.6381203e-06,0.9992238,1.6007006e-06,2.0828113e-06
3.9850542e-07,0.00031606006,3.4712332e-06,2.113412e-06,3.275851e-07,0.00016055346,2.9353662e-06,0.99951136,1.0561544e-06,1.6584643e-06
1.5702124e-06,0.00065625535,5.7454196e-07,7.935658e-06,1.0746188e-06,7.031203e-05,3.963043e-06,0.9992537,1.4421055e-06,3.1960683e-06
1.3607698e-06,0.0007554727,5.245004e-07,1.1922728e-05,8.791632e-07,5.4955854e-05,3.3447284e-06,0.99916553,7.6644983e-07,5.2851315e-06
1.9248162e-06,0.0012312692,8.425515e-07,1.8413031e-05,9.0675604e-07,5.732802e-05,3.2166827e-06,0.99867684,5.8763226e-07,8.549644e-06
1.2988158e-06,0.00012298804,2.212148e-07,4.044497e-06,6.2583905e-07,3.1484204e-05,2.1819255e-06,0.99983346,3.0384888e-07,3.2977903e-06
1.1187271e-06,7.5656455e-05,1.8322908e-07,2.4452756e-06,5.345576e-07,2.6888605e-05,1.8917045e-06,0.99988806,2.6934262e-07,2.8822037e-06
1.0764098e-06,5.3678275e-05,1.7727912e-07,8.1075893e-07,5.785178e-07,3.169215e-05,1.2940199e-06,0.99990773,3.9223505e-07,2.498743e-06
7.287339e-07,4.481228e-05,2.4790302e-07,8.1825596e-07,7.3609584e-07,4.0791856e-05,1.2787483e-06,0.9999082,3.505836e-07,2.0486866e-06
7.3468414e-07,3.2906057e-05,2.9983315e-07,9.0843616e-07,9.300971e-07,5.2429143e-05,1.5531042e-06,0.9999082,4.0613907e-07,1.5947519e-06
1.3705834e-06,3.4380984e-05,3.2438615e-07,1.0580305e-06,1.4156018e-06,7.7074816e-05,1.7506857e-06,0.99988043,6.5172566e-07,1.5084875e-06
2.9792577e-06,4.6862235e-05,2.679215e-07,1.2075174e-06,2.4033275e-06,9.367617e-05,1.7552961e-06,0.9998479,1.2305541e-06,1.8325203e-06
7.973293e-06,8.182324e-05,1.7206783e-07,1.5974821e-06,3.6875745e-06,0.00010874823,2.2808297e-06,0.9997886,2.1523158e-06,3.0522183e-06
1.1228337e-05,0.00010954668,1.9891094e-07,1.7531555e-06,5.045057e-06,0.000108722896,2.3986756e-06,0.9997539,3.032019e-06,4.1677185e-06
3.010877e-05,0.0001467126,2.6530148e-07,2.211509e-06,1.0842257e-05,9.992238e-05,2.580105e-06,0.99969673,5.2314113e-06,5.421524e-06
3.576251e-05,0.00014954832,2.814271e-07,2.4437702e-06,1.6569908e-05,8.853696e-05,3.8819744e-06,0.999689,6.846386e-06,7.01113e-06
0.00049079343,0.00016509595,6.3229254e-07,4.409831e-06,7.808195e-05,7.0383576e-05,1.0795647e-05,0.9991406,2.8597886e-05,1.0550627e-05
0.99110657,2.6038158e-05,2.5770678e-06,8.8765563e-07,3.955855e-05,3.2614269e-06,9.7977085e-05,0.0073481807,0.0013704889,4.4459284e-06
0.9972017,6.765112e-06,1.6759477e-06,5.0307784e-07,5.196107e-06,1.7164298e-06,0.000341722,0.00049161323,0.001944842,4.227855e-06
0.9974172,4.5401516e-06,1.3072234e-06,6.5430305e-07,1.984666e-06,1.7368789e-06,0.00060623576,0.0001178351,0.001843179,5.229557e-06
0.99721044,4.051652e-06,1.1385296e-06,7.695642e-07,1.0532146e-06,2.4820956e-06,0.0008579602,4.135899e-05,0.0018743355,6.4340443e-06
0.99732566,4.3184646e-06,9.28557e-07,7.2003184e-07,7.147577e-07,3.9684774e-06,0.0008532408,2.197909e-05,0.0017808175,7.5016515e-06
0.99753785,5.3653266e-06,8.37013e-07,5.6925916e-07,5.6101436e-07,5.663355e-06,0.0007345562,1.3703494e-05,0.0016919628,8.904788e-06
0.998061,6.6336506e-06,7.0692505e-07,3.8780576e-07,5.159938e-07,5.8001333e-06,0.0004778648,9.892958e-06,0.0014279885,9.313971e-06
0.99840325,7.938089e-06,6.5867056e-07,2.8073808e-07,5.070819e-07,4.883124e-06,0.00030936775,5.6416698e-06,0.0012582266,9.270836e-06
0.99890506,7.678832e-06,4.798657e-07,2.09122e-07,5.556509e-07,2.8320437e-06,0.00015262933,3.443421e-06,0.0009203788,6.6995317e-06
0.99886227,7.938036e-06,5.03746e-07,2.0384995e-07,5.518355e-07,2.249552e-06,0.00014562215,1.8144743e-06,0.00097272906,6.1334827e-06
0.99897885,5.2501373e-06,4.6412896e-07,2.063224e-07,5.4846316e-07,1.2174852e-06,0.00010772134,9.647509e-07,0.00090083043,4.0811046e-06
0.99897647,5.2481873e-06,4.7017957e-07,2.0509873e-07,5.526196e-07,1.2132436e-06,0.00010734902,9.725536e-07,0.00090356736,4.0600858e-06
0.99898,5.3000226e-06,4.7035928e-07,2.0595382e-07,5.4634745e-07,1.2438447e-06,0.00010762371,9.720563e-07,0.0008994108,4.1032727e-06
0.99897707,5.310961e-06,4.7506435e-07,2.070245e-07,5.476087e-07,1.2358691e-06,0.00010783123,9.568772e-07,0.00090230425,4.0864957e-06
0.9989772,5.3424824e-06,4.7627427e-07,2.0680962e-07,5.477592e-07,1.249099e-06,0.00010803598,9.572361e-07,0.00090191164,4.0851633e-06
0.9989774,5.367272e-06,4.7735574e-07,2.0640358e-07,5.491915e-07,1.2592324e-06,0.00010817282,9.568092e-07,0.00090143766,4.0814925e-06
0.99897814,5.3897625e-06,4.7939716e-07,2.0580521e-07,5.511753e-07,1.2630435e-06,0.0001081666,9.554786e-07,0.00090074993,4.075925e-06
0.9989793,5.406371e-06,4.8168175e-07,2.050856e-07,5.535464e-07,1.2629966e-06,0.000108030436,9.5337435e-07,0.0008997164,4.06449e-06
0.9989812,5.4150973e-06,4.8473237e-07,2.0411314e-07,5.557193e-07,1.2644055e-06,0.00010786078,9.53008e-07,0.0008979459,4.0546142e-06
0.99898416,5.4368415e-06,4.966181e-07,2.0308892e-07,5.5266497e-07,1.2759655e-06,0.0001080929,9.580995e-07,0.0008947519,4.069017e-06
0.9990169,5.319841e-06,5.008729e-07,1.9994208e-07,5.531682e-07,1.2492534e-06,0.00010414039,9.774832e-07,0.0008660508,4.009848e-06
0.999005,5.4938673e-06,5.171842e-07,1.9943943e-07,5.5593813e-07,1.2958684e-06,0.000107380045,9.857732e-07,0.0008745327,4.0050995e-06
0.99901056,5.5610653e-06,5.218169e-07,1.9914594e-07,5.5566824e-07,1.3053544e-06,0.0001080603,9.897171e-07,0.00086817757,3.987058e-06
0.99901235,5.6093168e-06,5.2317864e-07,1.9853228e-07,5.5658893e-07,1.3181242e-06,0.000108833374,9.969878e-07,0.0008655432,3.9783786e-06
0.99903893,5.479941e-06,5.112966e-07,1.9509451e-07,5.6330396e-07,1.2903888e-06,0.00010499793,1.0128937e-06,0.0008430837,3.9001493e-06
0.99904734,5.475155e-06,5.1170235e-07,1.9161246e-07,5.6941036e-07,1.2947424e-06,0.00010386901,1.034766e-06,0.00083593925,3.8529283e-06
0.99904996,5.4695897e-06,5.1668934e-07,1.8819861e-07,5.718133e-07,1.306396e-06,0.00010313107,1.0576379e-06,0.0008340789,3.7924049e-06
0.99902797,5.6748822e-06,5.2928834e-07,1.8814188e-07,5.704782e-07,1.3708484e-06,0.00010721357,1.0697844e-06,0.00085155625,3.806184e-06
0.9990282,5.7079656e-06,5.3326323e-07,1.8949842e-07,5.719274e-07,1.3702645e-06,0.00010847668,1.0653133e-06,0.0008500647,3.7734867e-06
0.999012,5.7169655e-06,5.3966755e-07,1.8538023e-07,5.696564e-07,1.4156516e-06,0.000108891785,1.1141434e-06,0.0008657823,3.7454604e-06
0.9992067,7.4123445e-06,5.5960885e-07,1.6270133e-07,5.7623794e-07,1.0294038e-06,8.0752325e-05,1.3639676e-06,0.0006963885,5.0724257e-06
0.99869764,1.500193e-05,7.7868214e-07,2.1369206e-07,6.139421e-07,2.2815132e-06,0.00016894596,2.2771874e-06,0.0010965624,1.5537997e-05
0.9988726,2.288976e-05,1.217668e-06,3.3516667e-07,5.7255863e-07,2.2100398e-06,0.00023997837,5.4057577e-06,0.00082028145,3.4364577e-05
0.9989116,2.1604335e-05,1.2490754e-06,3.5018374e-07,7.656247e-07,3.3270226e-06,0.00033061512,8.096829e-06,0.0007017251,2.063733e-05
0.99872965,2.6694537e-05,1.799914e-06,3.9797507e-07,9.1090374e-07,4.0371083e-06,0.00048535806,1.0551126e-05,0.0007223288,1.8229788e-05
0.9984282,2.6486105e-05,2.2453771e-06,5.351544e-07,1.0265371e-06,4.0387968e-06,0.0007683692,1.49804e-05,0.0007359568,1.8111612e-05
0.9985067,1.7918308e-05,1.7955233e-06,7.2711936e-07,1.3007157e-06,3.2459034e-06,0.0008497413,2.0806232e-05,0.0005825568,1.51036165e-05
0.9984755,1.1382559e-05,1.1426514e-06,1.0496964e-06,2.3310154e-06,3.0031817e-06,0.00093928375,3.760497e-05,0.0005174922,1.1110573e-05
0.9981635,1.2220665e-05,1.2671607e-06,1.4914021e-06,2.3557957e-06,2.3507553e-06,0.0011417221,3.200396e-05,0.0006298605,1.3214974e-05
0.9964457,7.355735e-05,1.8405611e-06,5.8689657e-06,6.795735e-06,1.0078084e-05,0.0005467963,0.0022006908,0.0006366269,7.208607e-05
0.0006171958,0.000237985,1.391651e-06,7.6174956e-06,1.0917606e-05,0.00010513903,2.617689e-05,0.99842656,3.6982106e-05,0.0005299946
9.861799e-06,0.00013401515,5.1235534e-06,1.103704e-06,1.0792817e-06,1.8327895e-05,6.661388e-06,0.9990631,1.1938411e-05,0.0007488755
1.4669373e-06,0.00020715145,4.6597834e-06,1.703346e-06,1.4835697e-06,5.868899e-05,3.4423765e-06,0.999186,1.9483514e-06,0.0005335274
9.998658e-07,7.842905e-05,1.4264269e-06,3.6789925e-07,9.750744e-07,0.00012101287,2.0471743e-06,0.99976116,2.01738e-06,3.148826e-05
1.2620675e-06,5.6406985e-05,1.276327e-06,2.541463e-07,8.862714e-07,0.000115743926,1.9682263e-06,0.9998097,1.7729781e-06,1.0797283e-05
1.2937892e-06,4.6396734e-05,1.1476993e-06,2.4629557e-07,7.157429e-07,8.355084e-05,2.6491393e-06,0.99985635,1.5939896e-06,6.0504976e-06
1.3259119e-06,3.5199268e-05,9.810257e-07,2.9277024e-07,5.9865977e-07,4.52967e-05,3.930432e-06,0.9999074,1.2789204e-06,3.7852524e-06
1.1088435e-06,3.3847246e-05,8.813971e-07,4.989563e-07,3.8653474e-07,2.6770422e-05,3.9751126e-06,0.9999281,8.0099954e-07,3.661336e-06
1.9799056e-06,2.3867182e-05,1.2551523e-06,4.6988058e-07,4.195517e-07,1.0260851e-05,6.082716e-06,0.9999505,8.083446e-07,4.3440373e-06
3.0167832e-06,7.4612435e-06,2.2331192e-06,1.77879e-07,1.2805936e-07,6.849042e-06,5.5236146e-06,0.9999652,2.9720015e-06,6.53595e-06
1.3530729e-06,8.112718e-06,3.0222957e-06,2.6811867e-07,7.995562e-08,2.9103746e-06,8.188411e-06,0.99995875,2.4523827e-06,1.48338595e-05
4.401939e-07,5.3530634e-06,7.9158985e-07,5.0174157e-07,8.120667e-08,3.4630534e-06,6.6831594e-06,0.9999739,1.0168054e-06,7.777579e-06
5.9081344e-07,2.8833892e-06,2.2434547e-07,2.1771873e-06,3.7610192e-07,1.2968452e-05,1.6200505e-05,0.9999503,1.0869666e-06,1.3270624e-05
4.3328347e-07,3.967346e-06,4.306055e-07,2.3532e-07,3.2879683e-07,6.787704e-05,4.8175452e-06,0.9999161,3.6634367e-06,2.177605e-06
4.9504445e-07,6.7380547e-06,4.992851e-07,2.476246e-07,5.1971875e-07,0.00011424032,3.304808e-06,0.99986684,4.123186e-06,2.9623998e-06
6.874038e-07,8.6659165e-06,6.7051377e-07,2.7239548e-07,7.8078614e-07,0.00010652324,2.9059097e-06,0.9998702,5.5308064e-06,3.7739235e-06
1.4188633e-06,1.2719789e-05,1.2175421e-06,4.0641262e-07,1.4214908e-06,9.238348e-05,4.474576e-06,0.99987197,8.245277e-06,5.7486272e-06
1.0897612e-05,2.862368e-05,2.0071768e-06,1.3100121e-06,6.333816e-06,6.273936e-05,7.9463325e-06,0.9998462,1.7343513e-05,1.6493015e-05
0.00018581179,6.41617e-05,2.8894156e-06,4.90043e-06,8.629483e-06,5.6372497e-05,2.8166081e-05,0.99937755,0.00019195193,7.9615194e-05
0.007919959,8.652545e-05,4.6384257e-06,2.3458017e-05,3.8792572e-05,9.633777e-05,0.00011471924,0.98898137,0.002582715,0.00015154005
0.93807244,2.4313013e-05,9.978812e-06,1.5042861e-05,0.00011219817,2.3899078e-05,0.00063697365,0.054505125,0.006546815,5.3234213e-05
0.9908799,5.9667036e-06,2.2310937e-06,2.0453948e-05,4.624149e-05,3.303808e-06,0.00061898195,0.00682591,0.0015661586,3.0852567e-05
0.9942035,5.085142e-06,3.3639913e-06,9.879944e-07,2.605726e-06,6.4611763e-06,0.0011219454,0.00019253937,0.0044576395,5.9125196e-06
0.99409145,5.2038004e-06,3.2089351e-06,1.0156119e-06,1.4943e-06,9.74803e-06,0.0015143909,6.5457e-05,0.004301373,6.6775497e-06
0.9950919,5.613603e-06,2.4147027e-06,8.8472126e-07,1.0084167e-06,1.225206e-05,0.0013380978,3.406269e-05,0.003506331,7.389864e-06
0.99668163,6.608039e-06,1.5508573e-06,5.996808e-07,7.2573357e-07,1.1628425e-05,0.0008404938,1.6836702e-05,0.002431957,7.907038e-06
0.9982876,7.641763e-06,8.02226e-07,3.24433e-07,6.6833366e-07,7.4482077e-06,0.00031605293,1.1189501e-05,0.0013617257,6.365026e-06
0.9987929,8.671081e-06,5.8712914e-07,2.1681309e-07,5.920547e-07,4.981383e-06,0.00016077916,4.1269354e-06,0.0010216017,5.550561e-06
0.9991283,7.1059812e-06,4.1804734e-07,1.7101301e-07,6.150122e-07,2.3134826e-06,7.6392644e-05,1.8834113e-06,0.0007791239,3.8193475e-06
0.99872273,7.0577544e-06,6.1763916e-07,1.6940928e-07,6.16434e-07,2.6873397e-06,0.00012264201,1.622245e-06,0.0011378054,4.083854e-06
0.9989655,5.5333744e-06,5.7580223e-07,1.6418691e-07,6.330444e-07,1.704122e-06,0.00011030049,1.497935e-06,0.00091098686,3.115861e-06
0.99896574,5.530037e-06,5.746065e-07,1.6421687e-07,6.3282846e-07,1.7023714e-06,0.00011027506,1.4977626e-06,0.0009107916,3.1158588e-06
0.99896586,5.523191e-06,5.736993e-07,1.6421704e-07,6.329167e-07,1.6995992e-06,0.00011024984,1.49771e-06,0.0009106866,3.116127e-06
0.9989405,5.692103e-06,5.85617e-07,1.6592514e-07,6.2750655e-07,1.7481979e-06,0.000114435294,1.4824699e-06,0.0009315976,3.1702205e-06
0.99893683,5.7224042e-06,5.8298195e-07,1.6735893e-07,6.2125616e-07,1.741874e-06,0.00011525005,1.4576169e-06,0.0009344263,3.2060982e-06
0.99893445,5.7345846e-06,5.777712e-07,1.6840706e-07,6.1720596e-07,1.7350393e-06,0.00011562628,1.4359874e-06,0.0009364858,3.2428559e-06
0.9989623,5.5687624e-06,5.594891e-07,1.6725518e-07,6.19174e-07,1.6723579e-06,0.00011103501,1.4290503e-06,0.00091350597,3.2209332e-06
0.9989711,5.5423734e-06,5.566153e-07,1.6631186e-07,6.2082023e-07,1.6581655e-06,0.00010957945,1.4332203e-06,0.0009060883,3.2197238e-06
0.9989793,5.539417e-06,5.572758e-07,1.6583776e-07,6.200869e-07,1.6478173e-06,0.000108593595,1.4370149e-06,0.0008988378,3.2105884e-06
0.9989624,5.7304533e-06,5.678588e-07,1.679806e-07,6.1591726e-07,1.6846776e-06,0.00011241343,1.4241323e-06,0.0009116971,3.2577666e-06
0.9989629,5.7595266e-06,5.6645274e-07,1.6996177e-07,6.112725e-07,1.6608598e-06,0.00011325075,1.3992313e-06,0.0009104646,3.2854336e-06
0.99895704,5.7832317e-06,5.630794e-07,1.7042075e-07,6.041042e-07,1.6541983e-06,0.00011370419,1.3878948e-06,0.0009156936,3.3523163e-06
0.99898785,5.6143595e-06,5.412012e-07,1.720112e-07,6.0263477e-07,1.5616374e-06,0.00010978003,1.327214e-06,0.00088921614,3.3877375e-06
0.9990073,5.5692203e-06,5.3067896e-07,1.7512876e-07,6.074345e-07,1.4760919e-06,0.00010853224,1.2389867e-06,0.000871104,3.4410912e-06
0.999015,5.5240525e-06,5.296223e-07,1.7630416e-07,6.069024e-07,1.4543554e-06,0.00010808356,1.228097e-06,0.0008639567,3.4531893e-06
0.9989926,5.6624426e-06,5.43423e-07,1.758465e-07,6.0111654e-07,1.5156637e-06,0.00011098017,1.2621406e-06,0.0008831928,3.4813238e-06
0.9989807,5.699416e-06,5.4967484e-07,1.7364052e-07,5.90615e-07,1.5891815e-06,0.00011131305,1.3328464e-06,0.00089458673,3.4740224e-06
0.9989801,5.7374777e-06,5.473008e-07,1.7343585e-07,5.861895e-07,1.6007009e-06,0.000110938876,1.3284954e-06,0.0008953672,3.4983102e-06
0.9990094,5.5897976e-06,5.309246e-07,1.7494551e-07,5.8713323e-07,1.5245686e-06,0.00010733157,1.2748142e-06,0.0008700373,3.4944346e-06
0.9990245,5.5433306e-06,5.23889e-07,1.7829376e-07,5.950032e-07,1.4433444e-06,0.000106553394,1.1940223e-06,0.00085592346,3.5172868e-06
0.9987404,6.791543e-06,5.612076e-07,1.5460878e-07,6.144282e-07,1.3427309e-06,0.00010447988,1.8343472e-06,0.0011374296,6.5593213e-06
0.9981325,1.4173346e-05,1.3348184e-06,2.0647579e-07,5.7620724e-07,1.6605668e-06,0.00022787006,7.4767318e-06,0.001592437,2.1836435e-05
0.998109,1.9111418e-05,1.586664e-06,2.3946546e-07,6.8877887e-07,2.9136668e-06,0.00033571364,1.1921449e-05,0.0015001469,1.8700384e-05
0.99788564,2.6558975e-05,2.5337524e-06,2.8762844e-07,9.1039004e-07,3.4598381e-06,0.0005400726,1.623815e-05,0.0015068729,1.7498769e-05
0.9972058,3.055335e-05,3.6503864e-06,3.9893757e-07,1.1644058e-06,3.9990305e-06,0.0010305145,2.6935042e-05,0.0016781098,1.8881987e-05
0.9969496,2.3918528e-05,3.6237254e-06,4.6557363e-07,1.4484878e-06,3.981896e-06,0.0013311207,3.826452e-05,0.001629345,1.8167922e-05
0.9968669,1.7377946e-05,3.4742307e-06,6.420752e-07,2.2794732e-06,3.0214333e-06,0.0016281327,6.724732e-05,0.0013939923,1.6980357e-05
0.9979538,1.4186548e-05,1.8329514e-06,9.742207e-07,2.8832005e-06,1.7050137e-06,0.0009601786,0.00012635328,0.0009249446,1.3257863e-05
0.9948153,2.305141e-05,2.3770224e-06,2.446131e-06,7.640642e-06,4.7567955e-06,0.0011942411,0.0020397445,0.001889653,2.0886395e-05
0.22222646,0.00020899529,1.38023215e-05,1.0554668e-05,1.816868e-05,0.00019577274,0.0023016545,0.7617008,0.012850807,0.00047298914
4.554543e-05,6.00026e-05,1.7437811e-06,1.3946207e-06,4.3335126e-07,8.570031e-06,1.8837436e-05,0.99902296,0.00013601514,0.0007044161
2.365596e-06,0.00020283299,1.6109254e-06,4.414266e-06,1.2206053e-06,2.6193436e-05,7.0219885e-06,0.998035,8.159146e-06,0.0017112663
1.3133115e-06,6.58986e-05,5.367777e-07,4.7525313e-07,9.572183e-07,7.2322466e-05,2.6646005e-06,0.9998097,6.0768384e-06,4.0074185e-05
1.9787499e-06,3.7720973e-05,4.9615306e-07,2.5690738e-07,8.265098e-07,6.964585e-05,2.5393654e-06,0.999874,4.0638306e-06,8.517557e-06
2.3651833e-06,3.5272413e-05,5.408506e-07,2.396785e-07,7.1963484e-07,6.0178394e-05,3.2094051e-06,0.999889,3.18466e-06,5.2220284e-06
2.486949e-06,3.2370397e-05,4.9943264e-07,2.8849095e-07,6.203916e-07,3.51553e-05,4.243858e-06,0.9999182,2.3003918e-06,3.874235e-06
1.9492563e-06,3.4178538e-05,5.0089363e-07,4.198859e-07,4.1102152e-07,2.1717373e-05,4.1117264e-06,0.99993145,1.3810453e-06,3.76844e-06
3.87627e-06,2.5458912e-05,7.8909824e-07,3.4649955e-07,4.3947378e-07,8.965593e-06,8.484682e-06,0.9999455,1.7143851e-06,4.4031003e-06
7.0924148e-06,9.213978e-06,1.3576447e-06,1.3759943e-07,1.5607101e-07,5.9004287e-06,8.555754e-06,0.99995303,7.556586e-06,7.009298e-06
2.3018786e-06,7.0422575e-06,1.7173029e-06,1.3335465e-07,9.6887845e-08,3.7729735e-06,1.0867506e-05,0.9999541,8.080011e-06,1.2010158e-05
4.797606e-07,1.3618623e-05,3.009759e-07,6.741022e-07,1.5354544e-07,3.7220736e-06,2.0152554e-06,0.99996054,5.999879e-07,1.7775927e-05
6.765044e-07,1.7636248e-05,1.4101896e-07,4.702894e-06,1.3226897e-06,1.7766351e-05,3.5035941e-06,0.9998728,4.424519e-07,8.1083286e-05
4.4607242e-07,1.2718375e-05,2.3441044e-07,3.7357896e-07,9.1184506e-07,4.8109458e-05,1.1488445e-06,0.9999267,1.1573152e-06,8.23757e-06
4.232359e-07,1.6670474e-05,3.6557108e-07,4.3033324e-07,1.2451928e-06,8.717079e-05,1.4675846e-06,0.9998815,1.5339286e-06,9.172754e-06
4.5116815e-07,1.6956248e-05,3.950266e-07,5.3217514e-07,1.5490023e-06,0.00010233604,2.5385461e-06,0.9998661,2.3605369e-06,6.857513e-06
3.6588494e-07,1.8104467e-05,4.4255236e-07,1.070627e-06,2.29749e-06,6.995711e-05,5.41682e-06,0.999892,2.5064364e-06,7.7783e-06
2.8477194e-07,1.7501896e-05,5.185092e-07,2.8258326e-06,2.6157745e-06,5.861683e-05,1.8418132e-05,0.999877,2.7225335e-06,1.9429583e-05
1.6976335e-06,2.1250344e-05,8.991824e-07,5.4693933e-06,2.7663298e-06,2.0329559e-05,3.0117977e-05,0.9998528,6.4008045e-06,5.8262685e-05
8.982026e-07,2.0265483e-05,1.391993e-06,8.205872e-06,1.0921875e-06,1.4277514e-05,6.7677334e-05,0.99979633,1.2798805e-05,7.7054225e-05
2.5837014e-06,0.0001553011,6.2364747e-06,0.00045197888,8.707119e-06,9.0362455e-06,0.0014090539,0.99708754,1.0753652e-05,0.00085878925
7.437721e-05,0.0035187204,2.6018848e-05,0.2611816,0.00058117806,0.00030855762,0.41366726,0.27968237,0.00016218972,0.04079764
3.0201678e-05,0.00023084409,8.1203725e-06,0.08315498,9.73289e-05,0.00025961426,0.9085724,0.0049603786,0.00022424974,0.0024618625
7.655508e-06,5.6521632e-05,4.4030694e-06,0.019538008,5.6081615e-05,0.00022650413,0.9782105,0.001182613,0.00016473938,0.0005529359
8.527256e-06,9.326739e-06,3.5744233e-06,0.00051086146,3.8496105e-06,0.00047608692,0.99839467,0.0001488482,0.0003516634,9.250881e-05
7.8433586e-05,4.5517786e-06,8.205502e-06,0.0002534377,2.8356892e-06,0.0002390558,0.9973677,0.00010737922,0.0018614781,7.692183e-05
7.0958864e-05,3.0805493e-06,6.5241475e-06,0.0005292246,2.0818768e-06,0.00040171787,0.9967384,2.0828074e-05,0.002070657,0.00015653805
9.239889e-06,3.56518e-06,4.3313794e-06,0.0021783637,2.989426e-06,0.0003494192,0.9967354,5.587924e-06,0.00042922373,0.0002819176
3.491144e-06,3.2122628e-06,4.3768046e-06,0.0011160974,2.2834447e-06,0.00045216782,0.99806386,4.3521845e-06,0.00018802767,0.00016213235
1.5352713e-06,4.137002e-06,5.534987e-06,0.0009602986,1.3810533e-06,0.0006621326,0.9981394,3.880473e-06,8.5479165e-05,0.00013614768
1.0332058e-06,6.439382e-06,3.906245e-06,0.00159764,2.6588282e-06,0.0007362463,0.9974554,3.943511e-06,2.8973564e-05,0.00016366482
1.8062375e-06,5.8478245e-06,3.3992017e-06,0.0011009811,9.398673e-06,0.0011891962,0.9975611,2.0465068e-06,5.380134e-05,7.234103e-05
1.0105452e-06,1.2759823e-05,4.789856e-06,0.00082186965,4.1067015e-06,0.0037623614,0.99531496,4.8140723e-06,3.2417283e-05,4.0976283e-05
1.0753049e-06,1.6676337e-05,2.417506e-06,0.0007625531,2.522408e-06,0.000748771,0.9984023,1.9193028e-05,1.7161632e-05,2.737989e-05
8.867453e-06,4.4640947e-06,3.4663872e-06,0.00082762924,1.7771732e-06,0.00030692836,0.9987501,7.896081e-06,5.1811894e-05,3.704101e-05
1.8736153e-05,4.9607816e-06,6.586216e-06,0.00076072064,1.3743653e-06,0.00041428447,0.99865425,5.726774e-06,7.5255804e-05,5.8144582e-05
6.88462e-06,9.826203e-06,5.5402265e-06,0.00057632977,1.080694e-06,0.00023146321,0.99906427,4.7795e-06,5.5287386e-05,4.4482196e-05
3.4523202e-06,2.0399399e-05,3.717448e-06,0.0007203184,1.0820659e-06,0.0004932268,0.9986759,1.0432276e-05,3.7034828e-05,3.447732e-05
2.3403718e-06,6.453398e-05,5.1195266e-06,0.00045225985,4.8373056e-07,0.0015898678,0.99778396,2.1686032e-05,4.2163338e-05,3.764245e-05
1.702729e-06,0.00013454686,8.811551e-06,0.00050465984,3.4682895e-07,0.005353927,0.9938698,2.0993031e-05,3.8885253e-05,6.632922e-05
2.735517e-06,0.00046531428,4.0646377e-05,0.00057365483,8.3890654e-07,0.23165154,0.76702106,3.5797242e-05,6.4792184e-05,0.00014356952
6.041497e-07,6.250943e-05,1.0415687e-05,7.539685e-06,4.943394e-07,0.99689096,0.0030084185,2.547073e-06,7.82407e-06,8.639263e-06
1.5059148e-07,1.3662561e-05,1.8186787e-06,7.612723e-07,7.191159e-07,0.9999573,2.0819376e-05,3.898684e-07,1.7047698e-06,2.5059765e-06
1.08201036e-07,1.0237229e-05,4.579609e-07,6.546288e-07,9.524539e-07,0.9999745,8.701173e-06,3.7779705e-07,1.796548e-06,2.2052507e-06
5.8203508e-08,8.022301e-06,4.8699195e-07,4.671116e-07,4.5500212e-07,0.9999815,4.644045e-06,4.575817e-07,1.2168548e-06,2.5354395e-06
2.5005898e-08,4.7193853e-06,3.2968546e-07,6.690538e-07,2.982954e-07,0.9999887,2.6645284e-06,2.1031559e-07,7.548482e-07,1.7681298e-06
2.0635708e-08,4.7773315e-06,3.8829964e-07,1.0216868e-06,3.7207224e-07,0.9999889,2.237459e-06,1.6332856e-07,5.057465e-07,1.4891564e-06
5.504991e-08,9.982351e-06,9.5208156e-07,2.0610491e-06,3.6952295e-07,0.9999783,2.9720545e-06,1.2202156e-07,5.97924e-07,4.697702e-06
2.6210984e-07,3.5045752e-05,2.258773e-06,8.614023e-06,3.6318514e-07,0.99991965,6.9947205e-06,1.4383036e-07,1.3463383e-06,2.5446312e-05
6.2346494e-08,1.8041572e-05,4.6436665e-07,2.0782472e-06,1.7843443e-07,0.99996245,4.889784e-06,3.592669e-07,7.4707884e-07,1.0789411e-05
5.6708814e-08,7.6126958e-06,3.2954205e-07,4.5757744e-07,9.9634754e-08,0.99998367,9.743422e-07,4.4887648e-07,9.0235415e-07,5.439946e-06
2.3243096e-07,1.3353154e-05,2.5976746e-07,5.758611e-07,2.9354214e-07,0.99997413,7.545551e-07,2.9465394e-07,2.724606e-06,7.4103305e-06
1.696713e-07,2.6676833e-05,1.8175285e-07,1.3310271e-06,4.5074486e-07,0.9999565,8.157149e-07,3.4518965e-07,2.8134427e-06,1.0694057e-05
2.2207477e-07,4.1788604e-05,1.564928e-07,3.9496094e-06,1.1645844e-06,0.99991965,8.4127095e-07,4.853576e-07,5.251404e-06,2.6508396e-05
2.1342184e-07,4.6034413e-05,1.8510275e-07,6.1537226e-06,9.4367783e-07,0.99988914,7.7367696e-07,5.2874526e-07,7.217163e-06,4.880995e-05
1.5137765e-07,4.8165377e-05,3.1527193e-07,6.5234867e-06,7.9002757e-07,0.99986184,5.809232e-07,7.846178e-07,6.6344305e-06,7.4238174e-05
2.0825021e-07,7.615944e-05,6.5505515e-07,1.0524292e-05,1.2987767e-06,0.9995727,1.1706487e-06,1.3814151e-06,1.3519656e-05,0.00032244917
2.863569e-07,9.207968e-05,6.838768e-07,2.1438289e-05,3.0777728e-06,0.9992048,2.922713e-06,1.8049122e-06,2.4321647e-05,0.0006485814
2.2325462e-07,6.749341e-05,7.032168e-07,2.8415805e-05,2.2166737e-06,0.99914575,3.4544285e-06,1.5096103e-06,2.6749143e-05,0.00072344823
5.555152e-07,0.0001664509,3.2499058e-06,8.0491634e-05,1.6396496e-05,0.9953153,1.7344513e-05,6.424273e-06,0.00012965249,0.004264104
4.301748e-06,0.0015316275,3.0334037e-05,0.0021640814,0.00018320093,0.7252274,9.175823e-05,5.032066e-05,0.0010471692,0.26966974
8.312152e-06,0.0011530871,2.8329332e-05,0.008638949,0.00026844357,0.038292006,3.5897596e-05,3.0004408e-05,0.00075383787,0.9507913
6.665502e-06,0.0005486389,1.9002942e-05,0.016218796,0.00019210197,0.004615551,2.3480656e-05,1.779837e-05,0.00043182695,0.9779261
3.791126e-06,0.000678121,2.622501e-05,0.007908355,8.191392e-05,0.0008116018,9.752025e-06,3.1772935e-05,0.00016879413,0.99027973
4.252858e-06,0.0009907335,3.1815383e-05,0.005880683,2.7754662e-05,0.00062343065,9.489325e-06,2.4656592e-05,0.00011677475,0.99229056
4.6234127e-06,0.00060423894,2.3205086e-05,0.01011659,3.8296574e-05,0.00054362416,1.5049376e-05,1.6766886e-05,7.244687e-05,0.98856515
1.6407957e-06,0.00022603976,4.1822168e-05,0.006649427,0.00012870946,8.088572e-05,1.4828425e-05,5.199157e-05,3.9144412e-05,0.99276555
4.5599672e-06,0.00012820405,4.7425863e-05,0.0041828537,9.766158e-05,0.00015576258,2.226527e-05,8.250816e-06,0.00016339196,0.99518967
1.5019164e-05,0.00014182199,7.197849e-05,0.0050918567,8.176364e-05,5.3664822e-05,1.577806e-05,4.7753133e-06,0.00027323066,0.99425006
2.04836e-05,0.00020905604,8.9542256e-05,0.007642261,0.00012222785,2.1433034e-05,1.5868065e-05,8.397172e-06,0.0002497508,0.9916209
1.4011606e-05,0.00019442663,6.512644e-05,0.004560559,9.885316e-05,1.4273986e-05,1.8844143e-05,8.320275e-06,0.00026257423,0.9947631
5.6702747e-06,0.00024038987,5.7815072e-05,0.0029105672,4.0893472e-05,3.1527296e-05,1.4072233e-05,1.0081969e-05,0.00021751199,0.9964715
1.5452658e-06,0.00027248875,9.2023176e-05,0.0017154105,1.0393117e-05,7.99153e-05,1.2586865e-05,1.1293419e-05,8.166778e-05,0.99772257
7.2760446e-07,0.00018205255,0.00013657188,0.0014421972,1.2543069e-05,4.197079e-05,1.1267387e-05,1.8259772e-05,1.9664318e-05,0.99813473
3.742723e-07,0.00016398822,0.00016588773,0.0016497007,7.1903332e-06,4.5004996e-05,1.6220596e-05,1.3002564e-05,1.3250092e-05,0.9979254
8.620268e-07,9.539911e-05,0.00029697767,0.0023326979,1.9274543e-05,4.1572548e-05,2.5304562e-05,8.308634e-06,2.1873164e-05,0.9971576
2.7855417e-06,6.890235e-05,0.00027379915,0.0031771422,2.8838358e-05,1.956802e-05,3.3135402e-05,8.39324e-06,3.162487e-05,0.9963558
5.192124e-06,0.00013508859,0.00039793295,0.0032970253,3.367775e-05,2.2817301e-05,4.2089203e-05,1.387666e-05,3.9725146e-05,0.99601257
2.112762e-06,0.00019533615,0.00042785887,0.0022914154,1.5282412e-05,1.2466695e-05,3.177119e-05,2.7304266e-05,1.8720064e-05,0.9969777
1.458598e-06,0.00021250545,0.0006808,0.0020158351,1.6707898e-05,1.2133401e-05,2.7103462e-05,3.3485485e-05,2.7080157e-05,0.9969729
7.691954e-07,0.00034886642,0.0002414356,0.0027522275,2.1184207e-05,0.00018707367,1.2837835e-05,3.886441e-05,2.3481967e-05,0.99637324
2.8053812e-06,0.0010073066,0.00015117106,0.003421528,0.00010629752,0.782185,1.8133445e-05,4.768991e-05,4.8787937e-05,0.21301131
8.5372804e-08,9.577866e-06,1.1356237e-06,8.957469e-06,1.0587175e-06,0.9996979,1.141265e-06,2.293043e-06,2.3577145e-06,0.0002756508
3.6623597e-08,3.0776844e-06,2.5941566e-07,1.5882165e-06,3.3532737e-07,0.99995875,9.617489e-07,2.0582866e-06,1.5672899e-06,3.120654e-05
1.771532e-08,1.0012479e-06,2.5710912e-07,7.179809e-07,1.2913016e-07,0.9999819,1.6359996e-06,1.978701e-06,1.1015618e-06,1.1325061e-05
1.5775969e-08,6.71256e-07,4.3490047e-07,9.427892e-07,1.7428376e-07,0.99998176,1.7327454e-06,1.9219772e-06,7.008514e-07,1.158527e-05
1.535104e-08,7.4344223e-07,5.6412864e-07,1.0505094e-06,2.7316162e-07,0.9999865,1.4830119e-06,1.0657079e-06,6.58718e-07,7.552329e-06
1.7588407e-08,7.6319327e-07,2.1064353e-07,5.5016693e-07,1.1145408e-07,0.99999225,1.05089e-06,1.3775316e-06,5.91442e-07,3.0674728e-06
3.4184595e-08,9.993043e-07,2.3763373e-07,3.7100043e-07,1.10597455e-07,0.9999919,6.0568465e-07,1.8704822e-06,6.1793946e-07,3.258898e-06
5.77846e-08,3.099672e-06,3.0631992e-07,2.7674804e-07,1.6528944e-07,0.9999908,4.7407164e-07,1.4270934e-06,7.5178866e-07,2.6367763e-06
7.413887e-08,5.61746e-06,5.6677976e-07,5.9988633e-07,8.375479e-07,0.99998283,5.3578884e-07,2.7632298e-06,5.767169e-07,5.5552505e-06
2.4296028e-07,4.8557085e-06,7.107288e-07,6.149918e-07,2.584922e-06,0.9999845,9.0564737e-07,7.018225e-07,1.0836957e-06,3.8609214e-06
1.0286321e-06,1.162778e-05,2.045051e-06,2.00603e-06,3.355272e-05,0.9999298,2.1966805e-06,3.853979e-06,3.1283178e-06,1.0734161e-05
1.0377598e-06,1.203737e-05,3.4130833e-06,1.5785752e-06,4.8357524e-05,0.9999075,3.1986538e-06,5.41093e-06,5.0707044e-06,1.2448968e-05
1.1157223e-06,1.1271557e-05,5.5728638e-06,4.080496e-06,0.00024354724,0.9996952,8.560289e-06,4.056034e-06,7.3630513e-06,1.9321307e-05
4.630242e-06,1.23935815e-05,5.4070483e-06,6.9538933e-06,4.7578146e-07,0.9953193,6.435045e-05,4.034681e-06,0.0045359465,4.6426612e-05
2.4455999e-06,2.6489819e-05,2.3038765e-06,9.2114526e-05,8.2032403e-07,0.9971988,0.00016953574,5.0603935e-06,0.002385288,0.0001172235
4.400854e-06,2.6288337e-05,4.572303e-06,0.00033055033,4.778631e-06,0.99625117,0.00032687225,1.0680199e-05,0.0028351813,0.00020553381
2.0524012e-05,4.2305022e-05,0.00011013042,0.0012802205,5.1927353e-05,0.9804718,0.0014717522,0.00018739731,0.015817102,0.0005469286
0.000586554,5.4265358e-05,0.0010214774,0.023929087,0.00034566122,0.40957746,0.013339912,0.00038454265,0.5393054,0.011455577
0.004264119,3.3332083e-06,0.0018565066,0.02411453,0.000936884,6.8317735e-05,0.0019299036,0.0001365898,0.9565509,0.010138962
0.003947018,4.029757e-06,0.0015690986,0.050612833,0.0016739902,5.3453245e-05,0.0012075095,0.00020626101,0.92000175,0.020724034
0.0021828592,4.085276e-06,0.002629311,0.042345416,0.0034576987,0.00011780405,0.0015247732,0.0014342517,0.9270776,0.019226223
0.0029749006,6.8899785e-06,0.003629083,0.15556812,0.0061678034,0.0004117437,0.003011307,0.0015260408,0.79393804,0.032766152
0.003496892,4.897854e-05,0.0017252626,0.5888062,0.037739445,9.8352524e-05,0.0036151106,0.0019241169,0.30397725,0.05856834
0.0026513499,8.064292e-05,0.0013819977,0.5441587,0.33117902,6.918283e-05,0.008148952,0.0020757266,0.08969353,0.020560931
0.0003292278,1.0443966e-05,0.0016646984,0.019676404,0.9669815,2.172997e-05,0.0026905357,0.00063805626,0.0066833477,0.0013040768
0.0003317565,6.0939246e-06,0.0029365523,0.026289409,0.96202874,1.8232355e-05,0.0016335172,0.00017463836,0.005364427,0.0012165515
0.00079294713,8.209761e-06,0.017557494,0.09673072,0.8639388,5.407731e-05,0.004491144,9.605981e-05,0.011267063,0.005063571
0.003485203,6.2432932e-06,0.029666051,0.06560828,0.86882275,2.2959786e-05,0.0060070204,0.00019105342,0.02209638,0.004093968
0.005915128,6.6473804e-06,0.014888674,0.026423946,0.92571163,6.3510793e-06,0.002080807,0.00021270836,0.022696262,0.0020577516
0.001338316,5.9343524e-06,0.0047081867,0.028335549,0.94798017,1.0958105e-05,0.0012539926,5.7733014e-05,0.013647607,0.0026616417
0.00032213223,3.8687504e-06,0.002503956,0.04563921,0.94135815,3.314321e-05,0.0011762561,3.3751392e-05,0.0038331423,0.0050964495
6.249354e-05,2.2647596e-06,0.0010238199,0.006018736,0.9907951,2.5827998e-05,0.0004154448,5.956693e-06,0.00010729867,0.0015429974
0.00013894722,2.3867124e-06,0.0006882905,0.0099692345,0.9864654,1.8706036e-05,0.00053175224,1.4790553e-05,0.00014577802,0.0020246918
1.7834134e-05,2.2601967e-06,0.00011423402,0.0010387208,0.9985139,1.3258487e-05,0.0001480746,4.3339674e-06,1.4666994e-05,0.00013271271
1.7880031e-05,1.5965413e-06,0.00019740261,0.00021944368,0.999421,1.0127619e-05,6.466669e-05,3.9420606e-06,1.4171072e-05,4.977924e-05
3.9962306e-05,1.568925e-06,0.0002674725,0.00036111134,0.99916685,6.0234306e-06,5.6501554e-05,3.4393015e-06,2.8023353e-05,6.901173e-05
6.189459e-05,1.675827e-06,0.00031671106,0.00044272625,0.9989592,7.5295407e-06,5.4234715e-05,3.3373851e-06,5.835179e-05,9.432823e-05
6.0330956e-05,1.086676e-06,0.00024319963,0.000335499,0.99914455,9.351832e-06,3.8860686e-05,4.6611412e-06,6.142462e-05,0.000101049685
8.3753686e-05,1.8304114e-06,0.0005771431,0.0003040098,0.99878484,8.517217e-06,2.9372142e-05,5.8884343e-06,6.955691e-05,0.00013505247
5.197916e-05,4.730192e-06,0.00050074403,0.00022990146,0.9989785,2.1261974e-05,2.7532493e-05,8.457945e-06,5.649279e-05,0.00012039045
6.513149e-05,4.516823e-06,0.00032509302,9.729918e-05,0.9993036,2.4027626e-05,1.6228829e-05,1.9112153e-05,6.819416e-05,7.689258e-05
9.185703e-05,3.749334e-06,0.00028121064,8.307998e-05,0.99935395,2.1489637e-05,1.1948027e-05,2.6800813e-05,6.225798e-05,6.353975e-05
0.0001835975,2.907904e-06,0.00043279715,0.00011920468,0.9990928,2.073481e-05,8.885186e-06,1.8381585e-05,6.209243e-05,5.8678987e-05
0.00023858689,2.9491205e-06,0.00033434463,9.558309e-05,0.999213,1.9433295e-05,8.365364e-06,1.2445079e-05,4.134454e-05,3.4001172e-05
0.00031925028,4.1461235e-06,0.00048388116,0.00011875797,0.99895394,1.16134415e-05,1.5471236e-05,7.547755e-06,4.33964e-05,4.199106e-05
0.00014786997,5.423921e-06,0.00042591928,9.6514734e-05,0.9992005,5.1621832e-06,2.8387078e-05,9.249703e-06,4.5522687e-05,3.545141e-05
8.735943e-05,6.9073753e-06,0.00036606917,0.00016534615,0.9992111,2.414916e-06,6.253618e-05,9.99161e-06,3.7028465e-05,5.130876e-05
7.885962e-05,7.17269e-06,0.00037802797,0.00016301803,0.9991805,2.211862e-06,6.774249e-05,1.2828034e-05,5.5833512e-05,5.3857188e-05
0.000114900584,1.2260502e-05,0.00041769515,0.00024337332,0.99890506,3.0678425e-06,8.0978934e-05,1.2355379e-05,8.5280255e-05,0.0001249875
9.1706985e-05,2.4118897e-05,0.000689359,0.0006708713,0.99796414,1.3495544e-05,0.00019565702,6.701333e-06,7.652685e-05,0.00026751537
0.00026034968,4.275427e-05,0.0014944132,0.00072293857,0.99635965,4.667733e-05,0.00031713807,1.3429205e-05,0.00013392697,0.00060861214
0.00026083793,1.34976735e-05,0.0013758013,0.0006137247,0.9969229,8.102911e-06,0.00030149598,1.9912955e-05,9.283636e-05,0.00039081275
0.00016527815,5.3028143e-06,0.0011925781,0.00081740884,0.9973296,5.0341196e-06,0.00030479627,7.664083e-06,6.5792585e-05,0.00010641421
0.00017373414,8.5318525e-06,0.0012733508,0.0012596746,0.99670887,2.8239017e-06,0.0004031863,7.746021e-06,6.816333e-05,9.390962e-05
0.00012593286,1.1672767e-05,0.0008071698,0.0010195568,0.9974726,2.6975813e-06,0.00043274378,9.278736e-06,5.095538e-05,6.723609e-05
0.00017425252,2.2594912e-05,0.0010917559,0.0033339236,0.9945592,2.852316e-06,0.00058923854,2.2685465e-05,4.003793e-05,0.00016354685
9.69046e-05,3.0386835e-05,0.0008443444,0.0010311669,0.9973062,6.5515014e-06,0.0005133562,3.867232e-05,3.7812482e-05,9.4551455e-05
6.2876716e-05,6.176327e-05,0.0005242968,0.00036965768,0.9984523,6.327481e-05,0.00022493773,5.2510415e-05,5.3041353e-05,0.00013532059
9.52608e-05,0.00094647973,0.004598698,0.00046043552,0.36300996,0.6261648,0.002428063,0.00032133676,0.00031765958,0.001657296
1.6109385e-06,3.161019e-05,0.00040160646,7.1619975e-06,0.0004914341,0.99890864,5.6436555e-05,7.9191355e-05,4.9646815e-06,1.7352913e-05
2.4760118e-06,8.390902e-06,4.91673e-05,3.0102512e-06,7.872634e-05,0.9997603,5.720459e-05,3.0205392e-05,5.986617e-06,4.535579e-06
9.584609e-07,3.0129831e-06,6.382361e-06,1.0840367e-06,1.0037928e-06,0.9999502,2.8670478e-05,1.0975015e-06,4.209248e-06,3.4269378e-06
1.440729e-06,6.303097e-06,5.962408e-06,1.1048746e-06,2.5414636e-07,0.9999521,1.9513716e-05,4.093518e-07,7.5635367e-06,5.3255117e-06
3.6834908e-07,6.7355845e-06,3.6109109e-06,4.8032933e-07,4.2251227e-08,0.9999665,1.0649476e-05,2.4900262e-06,4.386089e-06,4.748377e-06
1.6616968e-07,1.3236848e-05,4.7307212e-06,6.777107e-07,1.3255057e-08,0.99995303,1.552954e-05,4.436111e-06,2.6703174e-06,5.5182454e-06
1.8264492e-07,1.760628e-05,2.4274814e-06,1.5030488e-06,1.0086433e-08,0.9999392,2.1737556e-05,8.145607e-06,2.414515e-06,6.6802513e-06
1.2849037e-07,8.898902e-06,1.773168e-06,1.3157102e-06,7.325187e-09,0.9999635,1.2287642e-05,8.530831e-06,9.971997e-07,2.5295662e-06
2.1501599e-07,7.643547e-06,9.296955e-07,1.5978654e-06,7.358825e-09,0.99996746,9.711728e-06,8.129331e-06,1.2007941e-06,3.038735e-06
1.0346346e-06,1.3813125e-05,1.6325124e-06,3.0988804e-06,4.8131823e-09,0.9999442,2.145409e-05,2.2137704e-06,2.6486446e-06,9.774863e-06
2.594949e-05,0.00029254268,1.2295347e-05,0.0002778021,2.4882528e-08,0.99899155,0.00010216456,9.4914765e-07,2.365973e-05,0.00027297327
2.1735864e-06,0.00010622138,1.710074e-05,2.8739583e-05,1.30219755e-08,0.99972934,1.4327761e-05,4.63955e-06,6.3445555e-06,9.114505e-05
8.2020017e-07,5.234349e-05,1.8639705e-05,7.0549245e-06,8.203143e-09,0.99979335,1.0880327e-05,2.1009577e-05,5.355298e-06,9.0513764e-05
1.8625778e-06,0.00011300597,3.211398e-05,7.7213335e-06,2.1521101e-08,0.99932694,2.2785433e-05,0.000120345525,9.813388e-06,0.00036539778
8.735061e-07,0.00015024631,2.2208389e-05,8.967746e-06,1.5460255e-08,0.9983949,2.0701895e-05,0.0009680854,8.5807815e-06,0.00042541034
1.1479357e-06,0.00026935092,4.513751e-05,3.7986974e-05,1.394392e-08,0.9972422,3.873912e-05,0.00069178105,1.022084e-05,0.0016634505
5.0211065e-06,0.00049601245,0.00012568396,0.0001561097,5.951229e-08,0.986408,0.00014653054,0.00090501347,1.3550083e-05,0.011744091
9.984286e-05,0.0017874064,0.0011996132,0.0011090034,7.665481e-07,0.85521406,0.0009148579,0.0016137165,7.039255e-05,0.13799034
0.00010670864,0.0015248603,0.0022413686,0.0012571864,2.162913e-06,0.787131,0.0014806943,0.019992746,4.72168e-05,0.18621601
0.00024271988,0.0020475907,0.0049432362,0.0014980386,9.918688e-07,0.11616135,0.0005712168,0.0050583147,5.9642098e-05,0.86941695
0.0008470027,0.0021347306,0.00026322546,0.009479759,7.3534994e-07,0.0006491989,0.00039458522,2.8536375e-05,4.567517e-05,0.9861566
0.00011766561,0.00061731535,6.795184e-05,0.0046628346,2.0040049e-07,7.774064e-05,0.00028350556,1.3711022e-05,2.2223438e-05,0.9941368
5.276696e-05,0.00023907864,3.50926e-05,0.003814235,1.6927824e-07,1.33863505e-05,0.00031854588,9.606628e-06,1.1626072e-05,0.99550533
4.761799e-05,0.00019150012,3.4288758e-05,0.001784357,1.8823447e-07,3.7020068e-06,0.0001888099,1.2843541e-05,8.644549e-06,0.99772817
4.262866e-05,0.000119012075,4.3255928e-05,0.00060687534,1.2483002e-07,5.0126177e-06,7.924966e-05,1.5337262e-05,7.636807e-06,0.9990809
6.320411e-05,8.937936e-05,3.3905882e-05,0.00066614046,1.5778201e-07,4.891617e-06,7.877726e-05,1.3059421e-05,7.9667125e-06,0.9990426
5.4485736e-05,0.00010785708,2.6841939e-05,0.0011164591,1.5958139e-07,5.649955e-06,0.00010462374,1.0545192e-05,6.6263933e-06,0.9985668
3.976926e-05,0.000105878025,2.1451306e-05,0.0013191819,1.3084612e-07,5.310771e-06,0.00014254241,8.981626e-06,5.812839e-06,0.99835086
2.4005189e-05,6.6122804e-05,2.1964293e-05,0.00078770245,9.77411e-08,3.5537425e-06,0.00013595184,8.804148e-06,6.1637957e-06,0.99894565
1.9117731e-05,8.545792e-05,1.4895834e-05,0.00030377603,1.0681705e-07,2.5895254e-06,4.9035803e-05,1.001976e-05,6.3865664e-06,0.9995085
5.1703093e-05,0.00011933912,1.957561e-05,7.847977e-05,2.4276864e-07,2.1472497e-06,3.330358e-05,9.958837e-06,1.6871543e-05,0.9996685
6.6121764e-05,0.00010943584,1.9942376e-05,5.921219e-05,1.8689833e-07,2.7596493e-06,3.115767e-05,1.3237349e-05,2.2758428e-05,0.9996753
6.1348124e-05,8.661633e-05,1.2273544e-05,7.419761e-05,1.418496e-07,2.4132435e-06,3.3137687e-05,1.2667121e-05,2.6263486e-05,0.999691
4.6895086e-05,4.8239992e-05,6.5759314e-06,6.888773e-05,1.0116926e-07,1.7949365e-06,3.3203018e-05,1.1066444e-05,4.8958413e-05,0.9997342
0.00010193516,2.294724e-05,6.1918113e-06,7.106577e-05,1.0417185e-07,1.7075811e-06,6.1030387e-05,1.0962722e-05,0.00014838028,0.9995757
0.00022789197,1.9554383e-05,5.3414988e-06,8.18901e-05,9.754173e-08,2.9076089e-06,7.3609095e-05,2.214769e-05,0.00034757363,0.99921906
0.0001466593,4.7668054e-05,2.2358286e-06,0.00017526979,6.23096e-08,6.998766e-06,0.00010840908,4.094168e-05,0.00040603094,0.9990658
7.948543e-05,0.0001945792,1.125586e-06,0.0005993684,5.247484e-08,3.277786e-05,0.00020637919,8.522428e-05,0.0003412243,0.9984598
6.106851e-05,0.00030064737,6.1227416e-07,0.0007358297,1.009544e-07,5.2543277e-05,0.00013733616,0.00020346853,0.00047105827,0.9980373
0.000652162,9.229659e-05,1.3828337e-06,6.4637854e-05,3.991527e-07,0.00011670274,0.00023208934,0.0022212456,0.5648233,0.43179575
0.000112038164,5.6690287e-06,3.6335436e-07,3.3553877e-06,7.0062256e-08,3.644496e-05,5.8729867e-05,0.00014215319,0.9904681,0.009173099
4.7042402e-05,3.1431916e-06,4.04606e-07,3.4823895e-06,6.625218e-08,2.1788634e-05,6.308244e-05,9.245014e-05,0.9930407,0.006727834
3.3089684e-05,2.5545148e-06,2.759591e-07,5.1037828e-06,7.687982e-08,1.6258238e-05,6.9232956e-05,6.649394e-05,0.9945627,0.005244222
3.0268277e-05,1.8457235e-06,1.6556253e-07,5.9766835e-06,8.231345e-08,8.331488e-06,5.998694e-05,3.446518e-05,0.9969542,0.002904558
6.143236e-05,7.581291e-07,1.5486137e-07,2.8612917e-06,4.1418527e-08,3.7527736e-06,2.7556594e-05,9.066581e-06,0.9993278,0.00056653353
2.9575247e-05,1.125306e-06,8.717475e-08,5.6901026e-06,4.652433e-08,1.8502562e-05,1.41130795e-05,9.755486e-06,0.99875605,0.0011652017
2.4240828e-05,1.1946419e-06,6.306596e-08,5.2417627e-06,6.2924904e-08,2.0127907e-05,6.2686336e-06,5.3831504e-06,0.9990903,0.0008469728
2.237788e-05,1.447679e-06,5.5457214e-08,4.4326057e-06,8.3675225e-08,1.7350216e-05,3.2895277e-06,3.4058646e-06,0.999263,0.0006845463
2.0178315e-05,1.8380982e-06,5.2606502e-08,2.8022096e-06,8.8110745e-08,1.7074508e-05,1.7556142e-06,2.3575756e-06,0.99947315,0.00048078035
2.444142e-05,2.0862485e-06,4.0875367e-08,1.5879002e-06,1.1202024e-07,1.1897595e-05,1.0730109e-06,1.8839563e-06,0.999671,0.0002859022
1.8223074e-05,2.2952672e-06,6.087038e-08,1.9296745e-06,6.622178e-08,1.4556621e-05,1.5190988e-06,1.2770411e-06,0.99951744,0.000442639
1.6886062e-05,5.865893e-06,2.7618086e-07,8.080893e-06,4.662011e-08,3.3330012e-05,3.2491932e-06,2.5091115e-06,0.99523467,0.004695158
2.126418e-05,1.31087045e-05,6.5926685e-07,3.1822347e-05,8.1409326e-08,6.9498645e-05,7.3989636e-06,4.8509805e-06,0.9720753,0.027775953
2.4504054e-05,2.3816281e-05,1.3956166e-06,5.993852e-05,7.992831e-08,0.00018867227,1.36934295e-05,1.2134575e-05,0.9135795,0.08609609
3.918122e-05,3.483215e-05,1.0476232e-06,2.0671385e-05,5.6604218e-08,0.00021726082,3.525289e-05,3.2069423e-05,0.9356445,0.06397516
5.362732e-05,4.472512e-05,8.195419e-07,0.0001400129,4.779753e-07,0.0005203613,9.255297e-06,2.0769736e-05,0.8458047,0.15340526
5.1023762e-05,3.3657172e-05,4.5102445e-07,6.3129715e-05,6.8714417e-07,0.00020013642,5.624786e-06,1.5836617e-05,0.93762267,0.062006913
5.130745e-05,3.2339365e-05,6.3255595e-07,3.1858857e-05,5.034291e-07,0.00011684,3.5861526e-06,3.715539e-05,0.94485205,0.054873735
6.1983876e-05,2.572751e-05,9.429831e-07,1.4154309e-05,3.265667e-07,9.420529e-05,2.524642e-06,0.00010296275,0.9561584,0.04353874
7.864355e-05,0.00013229999,8.21266e-06,5.202837e-05,3.9276446e-07,0.00011983078,6.455388e-06,0.00041323487,0.4671046,0.5320843
1.0204957e-06,0.00020883391,1.1345105e-05,0.00019020277,1.1100593e-07,1.3197124e-05,1.5178971e-06,0.00010192069,0.00014954465,0.9993223
4.5106546e-07,0.00028312838,1.4426065e-05,0.00031961687,2.8943444e-07,1.41170385e-05,2.2391337e-06,6.752806e-05,1.9882717e-05,0.99927825
3.1254575e-07,0.0002832633,1.9624344e-05,0.00034696484,5.904905e-07,1.896552e-05,3.287808e-06,7.792759e-05,9.325469e-06,0.9992398
3.2559186e-07,0.0002284281,2.4669598e-05,0.00032137064,7.04267e-07,1.9979234e-05,3.783469e-06,8.7217275e-05,6.754399e-06,0.9993067
3.8323134e-07,0.00016339663,2.6755799e-05,0.00027106053,6.0641185e-07,1.7286888e-05,3.9319007e-06,0.00010033391,5.8151086e-06,0.9994105
4.4525004e-07,0.00011774421,2.5430794e-05,0.00024983735,4.6205784e-07,1.273816e-05,3.8997828e-06,0.00010055168,5.5412347e-06,0.99948335
4.617215e-07,9.116342e-05,2.2454127e-05,0.0002524247,3.5571847e-07,9.157219e-06,3.9476618e-06,9.260019e-05,5.50806e-06,0.99952185
4.3579973e-07,7.92734e-05,2.1289417e-05,0.00025435316,3.040853e-07,7.7695895e-06,4.1323483e-06,8.685472e-05,5.2935616e-06,0.9995403
4.039997e-07,7.201373e-05,2.182225e-05,0.00026235232,2.9533217e-07,7.5720814e-06,4.344048e-06,7.853055e-05,4.8706515e-06,0.9995478
3.7209813e-07,7.190007e-05,2.3957036e-05,0.0002883055,3.1471237e-07,8.286171e-06,4.6928176e-06,7.2609466e-05,4.016269e-06,0.99952555
2.8189996e-07,6.826063e-05,2.5595078e-05,0.00025160986,3.040474e-07,9.155096e-06,8.155371e-06,7.26917e-05,3.1473044e-06,0.99956065
3.1608744e-07,5.3651645e-05,2.2244982e-05,0.00018460874,2.0556355e-07,8.0794725e-06,1.5927362e-05,6.814374e-05,3.447432e-06,0.9996433
3.383712e-07,3.7426606e-05,1.7368475e-05,0.00015177348,2.1506459e-07,9.018375e-06,1.8602937e-05,5.8482256e-05,4.312908e-06,0.9997024
2.8010408e-07,3.6548492e-05,1.9036828e-05,0.00018222076,2.3874023e-07,9.523375e-06,1.8842622e-05,5.824347e-05,4.2908514e-06,0.99967074
2.9226894e-07,4.032812e-05,2.3079096e-05,0.00019423419,2.3668142e-07,8.916632e-06,2.203647e-05,5.9636688e-05,4.1188296e-06,0.99964714
2.3547639e-07,4.498535e-05,3.0042473e-05,0.000179822,2.4617492e-07,1.34333895e-05,4.23586e-05,7.495502e-05,4.1848075e-06,0.99960965
1.7869415e-07,4.8137208e-05,4.1282576e-05,0.00020718873,2.6849787e-07,2.4375378e-05,0.000115197654,9.671194e-05,4.513793e-06,0.99946207
2.155796e-07,5.2494946e-05,5.403538e-05,0.00022604199,4.2088251e-07,3.8340146e-05,0.0003320857,0.00011744655,5.386988e-06,0.99917346
3.744826e-07,5.179993e-05,8.183753e-05,0.00012767604,7.192669e-07,7.701484e-05,0.0019003602,0.00026730073,3.6455916e-05,0.9974564
2.9464097e-06,0.00013240761,0.0002541362,0.00016660082,6.1899173e-06,0.00013623924,0.039734628,0.0015513612,0.0012015536,0.95681393
0.0002101391,0.00010366759,0.00056509563,0.00027748628,4.792186e-05,0.0002901316,0.5322354,0.0018401131,0.030700913,0.43372908
0.00047251428,1.7671147e-05,6.698789e-05,0.00034094192,1.9692696e-05,0.00032138402,0.95387495,9.2749615e-05,0.013823779,0.030969422
3.8268412e-05,6.743132e-06,2.0884321e-05,0.00031692834,5.935751e-06,0.00032642417,0.9922456,1.6119493e-05,0.0042289095,0.0027940515
6.6843604e-05,4.454309e-06,3.8262726e-05,0.00015039569,3.3102654e-06,0.000490406,0.98613286,2.9054887e-05,0.010836666,0.0022477563
0.00012493397,5.11416e-06,6.0037226e-05,8.891682e-05,2.8415523e-06,0.0008950957,0.9693932,5.460762e-05,0.026901534,0.0024737178
5.911021e-05,6.225703e-06,5.2814063e-05,7.269022e-05,1.1226349e-06,0.0007616214,0.9772953,3.1943386e-05,0.020278178,0.0014410131
4.0844403e-05,1.1741075e-05,3.287958e-05,9.6361175e-05,1.8686908e-06,0.0011956377,0.9579923,2.649801e-05,0.036082294,0.004519516
0.00022044209,6.524009e-05,4.2443713e-05,9.991148e-05,6.364912e-05,0.0028361715,0.68617034,0.00020295916,0.28423384,0.026064971
0.00019985525,3.7785016e-05,0.00012677722,1.4785735e-05,2.0729589e-05,0.0014844547,0.18249558,0.00040766,0.8110354,0.004176975
1.698394e-05,4.8545335e-05,9.896648e-05,0.000100185694,6.517563e-06,0.0011376399,0.7506154,0.00022270816,0.24444996,0.0033030713
3.4143375e-06,8.073305e-06,1.35629225e-05,0.00021968165,3.8490593e-06,0.00012403956,0.9929262,8.204274e-06,0.0064711445,0.00022173343
2.495896e-06,3.4045202e-06,1.1553626e-05,0.00033503692,5.246024e-06,6.6556364e-05,0.9977984,3.7602467e-06,0.0016737975,9.973958e-05
1.0118354e-05,1.5409756e-06,2.8539542e-05,0.0003099234,5.728123e-06,6.913887e-05,0.9971535,7.834913e-06,0.002354402,5.9181224e-05
2.7687718e-05,1.6370024e-06,2.7087632e-05,0.00021891604,3.723543e-06,5.566732e-05,0.9968545,2.056686e-05,0.0027253185,6.490398e-05
9.144953e-05,1.7046202e-06,4.8381386e-05,0.0001546739,4.265891e-06,4.2033196e-05,0.9949262,2.9750845e-05,0.004620539,8.0892794e-05
8.9031215e-05,1.6630283e-06,4.765097e-05,0.00035829027,2.4679011e-06,6.7018096e-05,0.9949556,1.3035401e-05,0.004363694,0.00010153022
1.587086e-05,1.484435e-06,1.6764183e-05,0.00043749926,2.184491e-06,5.6516245e-05,0.998095,7.5220296e-06,0.0011696648,0.00019759507
6.058598e-06,1.8400395e-06,1.3141876e-05,0.0002837813,1.7193371e-06,8.1796854e-05,0.99879646,5.8143246e-06,0.0006037557,0.00020568923
2.5261543e-06,2.8482848e-06,1.0763388e-05,0.00022215022,8.904354e-07,0.00014329137,0.9992711,5.6045124e-06,0.00021984517,0.00012105706
1.7957516e-06,2.9792773e-06,6.6379193e-06,0.00018599782,1.1582342e-06,0.00016607436,0.999456,8.389292e-06,8.5400556e-05,8.5507636e-05
1.7505213e-06,6.13663e-06,2.1153007e-06,0.00034408408,1.8355998e-06,0.00014853195,0.9994043,1.4813155e-05,2.2158622e-05,5.4278134e-05
1.3873546e-06,5.8262717e-06,3.0122212e-06,0.0002487581,1.9382132e-06,0.00010040512,0.9995334,2.3847353e-05,2.261391e-05,5.8848305e-05
7.335611e-06,2.1726623e-06,1.3218915e-05,5.813811e-05,3.5228343e-06,6.251595e-05,0.9996588,9.216361e-05,6.278284e-05,3.9352548e-05
3.7965066e-05,1.8331544e-06,2.8596325e-05,3.716052e-05,5.499094e-06,7.394291e-05,0.9994759,0.0001412389,0.00017241038,2.5506628e-05
0.00014869486,1.5291976e-06,4.3690994e-05,3.782922e-05,7.869395e-06,5.253179e-05,0.99920267,0.00011973473,0.00036329078,2.2169896e-05
9.168608e-05,1.3182664e-06,1.5776326e-05,7.8452584e-05,5.181887e-06,4.6710426e-05,0.9994185,2.1998258e-05,0.0002974802,2.2962413e-05
1.8160994e-05,1.5516383e-06,6.69756e-06,0.00027194447,9.351618e-06,4.8759328e-05,0.9995048,9.662873e-06,9.375108e-05,3.529994e-05
9.208645e-06,1.7118834e-06,7.557515e-06,0.0001791095,8.630055e-06,9.240585e-05,0.99958485,1.0938249e-05,7.139126e-05,3.422745e-05
6.0674297e-06,2.31537e-06,6.204222e-06,0.00016434587,9.969016e-06,0.00011648921,0.999602,1.3097712e-05,4.884664e-05,3.0778618e-05
4.0234295e-06,3.2452724e-06,5.479682e-06,0.00014484361,1.337804e-05,0.00015438828,0.9995912,1.8423107e-05,3.8789287e-05,2.6240385e-05
4.9058162e-06,3.0422407e-06,8.1429025e-06,9.615189e-05,2.9648843e-05,0.0002235042,0.99953175,2.6452335e-05,5.896905e-05,1.7468794e-05
7.3534043e-06,2.0486455e-06,1.712317e-05,6.291287e-05,1.1686168e-05,0.00016989587,0.9996049,2.5991063e-05,8.387292e-05,1.4204694e-05
1.0664995e-05,5.4217358e-06,2.6739248e-05,4.3687673e-05,1.8437162e-05,0.00014301974,0.99952316,8.0613056e-05,0.00013642409,1.1934641e-05
0.00011435124,2.497661e-06,2.7500522e-05,0.00010932731,3.5154317e-05,4.8559064e-05,0.99926025,2.4175917e-05,0.00036613416,1.2039413e-05
0.00020598632,2.0132156e-06,1.4606278e-05,0.00069361785,2.8708564e-05,6.108179e-05,0.9985436,6.1025853e-06,0.0004165451,2.7669248e-05
2.1317717e-05,2.7637939e-06,1.3946278e-05,0.005426356,3.4992958e-05,4.904312e-05,0.9943094,2.6471077e-06,8.3062216e-05,5.6338147e-05
8.957747e-06,2.7852152e-06,1.8362303e-05,0.006844966,4.138499e-05,7.43316e-05,0.9928699,1.700236e-06,7.09591e-05,6.6642235e-05
5.9546605e-06,4.5121214e-06,2.101609e-05,0.012406631,3.2085187e-05,0.00010015282,0.9872507,1.8281423e-06,6.1852894e-05,0.00011519498
5.7294246e-06,7.342057e-06,2.4799041e-05,0.030392133,3.7215985e-05,9.7870376e-05,0.96913826,1.8724895e-06,6.8647314e-05,0.00022610373
9.72513e-06,1.4522524e-05,3.828315e-05,0.08270852,4.9476297e-05,6.597132e-05,0.9163074,1.5821759e-06,0.00010482127,0.0006997111
1.2727859e-05,3.593197e-05,2.1364893e-05,0.24010491,9.2846465e-05,5.0574094e-05,0.7583331,2.4826086e-06,0.00013083078,0.001215298
1.02835675e-05,5.0716113e-05,1.6779693e-05,0.5308418,9.980621e-05,3.700335e-05,0.46736893,2.4386486e-06,0.00010585044,0.0014663155
8.5570555e-06,3.0128704e-05,9.343689e-06,0.88794893,0.00012269116,3.6089754e-05,0.11028099,1.2640546e-06,4.6007695e-05,0.0015160056
5.945127e-06,1.9385485e-05,7.337725e-06,0.9718873,0.00011981398,2.0802745e-05,0.026508996,6.10101e-07,2.2386024e-05,0.0014074689
3.878935e-06,1.9521289e-05,5.966092e-06,0.9854983,0.00011108228,2.3443066e-05,0.013271531,3.814941e-07,1.5069855e-05,0.0010507931
2.6741584e-06,1.919412e-05,5.4010934e-06,0.9950199,9.708159e-05,1.8995974e-05,0.0038943768,2.9115364e-07,9.710507e-06,0.00093245227
2.1743542e-06,2.2658634e-05,4.069262e-06,0.99627376,8.123126e-05,2.3526447e-05,0.0026396916,2.9263222e-07,7.889592e-06,0.00094483525
1.9107194e-06,2.8716075e-05,3.025229e-06,0.99748456,7.233458e-05,2.6300157e-05,0.0014431904,4.2451828e-07,5.623952e-06,0.0009337921
3.4285747e-06,7.085446e-05,1.9184968e-06,0.9981578,9.787507e-05,1.7341443e-05,0.00033484626,9.0353706e-07,4.642703e-06,0.0013103349
7.474623e-06,0.00027344958,2.3515054e-06,0.99699104,0.0002065488,7.558867e-06,0.00014228447,1.7434953e-06,5.288693e-06,0.002362183
4.7333974e-06,0.00010439267,5.799082e-06,0.9984798,0.00025518233,3.864075e-06,0.00043419178,1.5015294e-06,8.968346e-06,0.0007014842
9.120682e-06,7.999635e-05,5.150528e-06,0.99852693,0.00026853936,3.6171884e-06,0.00052426447,5.869168e-07,1.6177384e-05,0.00056555663
6.4304118e-06,9.650141e-05,4.3486075e-06,0.99846447,0.0002662551,6.1693167e-06,0.00073522626,3.0885326e-07,1.2863185e-05,0.00040736192
4.713567e-06,0.00014946442,3.6319802e-06,0.99861383,0.00017374592,1.0477461e-05,0.00063059706,2.7411843e-07,1.0249177e-05,0.00040302126
3.6309802e-06,0.00019508885,3.2530609e-06,0.9984693,0.00018726566,1.5705735e-05,0.0008071685,3.0670967e-07,7.915066e-06,0.00031029622
3.4517836e-06,0.00035116985,2.2339866e-06,0.9983493,0.00012677471,2.2027221e-05,0.00078861933,4.0402938e-07,6.6923762e-06,0.00034933037
3.2930297e-06,0.0004880713,2.0924108e-06,0.99808645,0.00013979463,2.8738143e-05,0.0009389168,4.710096e-07,5.166036e-06,0.00030697696
4.6655964e-06,0.00094053074,1.4768295e-06,0.99775606,0.00014601042,3.3406042e-05,0.0007621831,8.1749516e-07,4.8993807e-06,0.00034995633
7.5461967e-06,0.0023778644,1.4247676e-06,0.99639124,0.00018183423,2.6577993e-05,0.0005789847,1.3348135e-06,5.4017432e-06,0.0004278162
1.4564079e-05,0.018449653,3.0177428e-06,0.9801159,0.000546415,6.7809095e-05,0.00041472106,4.51723e-06,4.22368e-06,0.00037918845
8.020184e-06,0.16849317,8.610283e-05,0.82557493,0.0017424263,0.0004845733,0.0034652748,1.3137913e-05,7.291048e-06,0.00012508119
7.4297245e-06,0.70943594,0.00023474288,0.28653786,0.00072522456,0.00040176028,0.002536478,2.9078343e-05,3.3798617e-06,8.809693e-05
1.8912382e-06,0.9862265,0.00014678581,0.0132823,8.8475615e-05,0.00010311324,0.0001131548,1.14674895e-05,1.5997639e-06,2.4674782e-05
2.9044447e-06,0.96454275,0.00010257256,0.034801606,6.5710505e-05,0.00015683571,0.000283014,7.9850715e-06,2.4007065e-06,3.4309138e-05
3.624097e-06,0.9556465,7.522246e-05,0.043577228,0.00011126141,0.00020357066,0.00033725853,1.1886923e-05,2.0668829e-06,3.134859e-05
1.8257372e-06,0.9828425,4.7065056e-05,0.016710479,2.705109e-05,0.00019312484,0.00014217079,7.1994355e-06,1.5564763e-06,2.7061671e-05
1.7143396e-06,0.98744893,3.545221e-05,0.012294955,2.098818e-05,8.620973e-05,6.4185806e-05,9.389942e-06,9.2050266e-07,3.732093e-05
9.731311e-07,0.99804854,3.331052e-05,0.0018207736,5.9448803e-06,2.9714143e-05,6.9592293e-06,5.3967105e-06,9.800735e-07,4.7299076e-05
9.579167e-07,0.9990802,2.4667843e-05,0.0008223339,3.0825584e-06,2.3793047e-05,3.8965777e-06,3.2601586e-06,9.242095e-07,3.6836846e-05
9.148616e-07,0.9994311,1.914148e-05,0.0004917519,2.4508336e-06,1.7637487e-05,2.7939343e-06,3.1245072e-06,8.9178985e-07,3.0110241e-05
9.135262e-07,0.99957436,1.9135954e-05,0.00035530422,1.3591615e-06,1.5524607e-05,2.1857018e-06,2.2424858e-06,1.1345254e-06,2.7805128e-05
9.151714e-07,0.999637,2.6897036e-05,0.0002808582,1.0227317e-06,1.5134375e-05,2.0745692e-06,1.9771717e-06,1.3407449e-06,3.2746506e-05
8.751178e-07,0.9997392,2.8012624e-05,0.00017362468,9.171943e-07,1.4778604e-05,1.4383247e-06,1.7879664e-06,1.7724271e-06,3.7550224e-05
8.9901073e-07,0.99970007,3.162353e-05,0.00020519689,7.708545e-07,1.5024221e-05,1.646795e-06,1.6630985e-06,1.972257e-06,4.1146217e-05
8.819901e-07,0.9996594,3.9717692e-05,0.0002268211,8.2377994e-07,1.4528204e-05,1.8930025e-06,1.6538481e-06,2.1992535e-06,5.2020147e-05
1.0326104e-06,0.99971765,3.6036294e-05,0.00017169672,1.0229841e-06,1.16936635e-05,1.501186e-06,1.5866467e-06,2.678487e-06,5.5084634e-05
9.924031e-07,0.99973565,3.906819e-05,0.00014774526,1.29997e-06,1.1279627e-05,1.5379026e-06,1.80676e-06,2.755579e-06,5.7857553e-05
1.1799495e-06,0.9997719,3.670971e-05,0.000108667315,2.0055506e-06,1.0545299e-05,1.158366e-06,2.0470052e-06,3.943527e-06,6.189458e-05
1.218602e-06,0.9997818,3.8595077e-05,0.0001024565,2.3095292e-06,1.0848063e-05,1.1316947e-06,2.4768326e-06,4.357573e-06,5.492303e-05
1.0064023e-06,0.99973875,3.631769e-05,0.0001367787,1.9509953e-06,1.8961602e-05,1.2225609e-06,2.3095026e-06,4.938257e-06,5.7846144e-05
1.488612e-06,0.9994671,3.9937353e-05,0.00037075183,1.7923087e-06,3.0426025e-05,1.9099743e-06,1.3275506e-06,7.772125e-06,7.753156e-05
1.1853381e-06,0.9993217,2.8726632e-05,0.0005225296,1.6428078e-06,4.6399527e-05,2.2273616e-06,1.3461146e-06,7.922134e-06,6.631501e-05
7.586713e-06,0.99761665,0.0002343848,0.0016616503,5.8545957e-06,0.00016068143,2.2732263e-06,9.4663625e-07,6.92319e-05,0.00024087829
2.3351727e-06,0.9986959,7.749686e-05,0.0010073252,3.1851555e-06,0.000104105246,2.1119233e-06,9.1174644e-07,2.4309864e-05,8.233936e-05
3.0674698e-06,0.9984865,5.1675906e-05,0.0012709158,3.5792107e-06,7.40113e-05,2.09287e-06,7.301433e-07,3.2679167e-05,7.4581476e-05
2.5503507e-06,0.9986965,5.9224494e-05,0.0010669354,2.988819e-06,8.214669e-05,2.0670334e-06,7.9840555e-07,3.3369102e-05,5.3420077e-05
3.5663809e-06,0.99780077,7.023538e-05,0.0018951849,2.8468264e-06,9.038594e-05,2.3106554e-06,7.4635375e-07,5.4016287e-05,7.9956706e-05
3.6360266e-06,0.998004,9.403685e-05,0.0016454569,2.1470055e-06,9.25417e-05,2.0914679e-06,8.488992e-07,7.113798e-05,8.399028e-05
3.9716083e-06,0.9977385,0.00010527499,0.0018401506,1.5388343e-06,8.738406e-05,1.9112185e-06,1.0879861e-06,9.9264646e-05,0.00012093896
4.8780307e-06,0.9974866,0.00014291971,0.0019241812,1.1227647e-06,0.0001007037,1.5089818e-06,1.6991766e-06,0.00013071808,0.00020576101
1.1191531e-05,0.9970451,0.0004622557,0.0018219107,1.4019242e-06,0.00021529845,1.5866711e-06,2.1324418e-06,0.00018698376,0.0002520541
9.856343e-06,0.99746716,0.0010950649,0.00085663196,1.2453662e-06,0.00032915428,2.3797522e-06,2.7206643e-06,0.00010249965,0.00013328758
9.05745e-06,0.99669087,0.0012230312,0.00075763627,1.7968633e-06,0.0011018723,4.9386686e-06,2.5100262e-06,9.438432e-05,0.000113800364
1.5443264e-05,0.993934,0.0029062107,0.0009330669,2.1207013e-06,0.0018640056,1.1493644e-05,3.1881982e-06,0.00015917684,0.0001711755
4.065815e-05,0.9864391,0.009389044,0.0027612215,1.7905166e-06,0.00060351356,1.8069371e-05,4.4807225e-06,0.00029579725,0.00044633713
7.066695e-05,0.98333275,0.0117877675,0.0031671773,1.5957972e-06,0.00038664474,1.6966636e-05,3.8268486e-06,0.00064099947,0.0005917668
5.5891687e-05,0.98572934,0.009054264,0.0035464228,1.1077746e-06,0.00030872697,1.2192061e-05,3.747761e-06,0.00063117454,0.00065724185
5.2112136e-05,0.98334736,0.011081543,0.0035778054,1.0713692e-06,0.00025510514,9.5714395e-06,4.354786e-06,0.00064957433,0.0010215471
3.965035e-05,0.9764088,0.01771342,0.0036765016,1.1539904e-06,0.0005511201,9.717245e-06,5.7008056e-06,0.0003820234,0.0012119157
7.683847e-05,0.7604649,0.232634,0.0021628682,4.183167e-06,0.0020388705,1.35252085e-05,1.2172021e-05,0.0008403281,0.0017521468
9.888237e-06,0.0034341803,0.99596596,2.2356755e-05,2.415303e-06,0.00014968881,4.5642296e-06,1.06432e-06,0.00033924254,7.071958e-05
7.3606284e-06,0.00025940873,0.9994425,3.0674478e-06,8.144617e-07,8.0221806e-05,1.5841762e-05,4.5716325e-07,0.00018097617,9.298275e-06
5.3077457e-07,6.19827e-05,0.9998307,4.418448e-06,1.936778e-07,3.522229e-05,8.0414875e-06,2.363164e-07,5.2769585e-05,5.9232157e-06
9.10165e-08,1.8086159e-05,0.99991024,6.901564e-06,6.062856e-08,1.7562268e-05,4.988763e-06,2.3946953e-07,3.2805852e-05,9.09522e-06
7.9498456e-08,1.1737754e-05,0.9998609,8.328395e-06,3.3537432e-08,2.6209469e-05,7.663052e-06,2.9053462e-07,6.211143e-05,2.273523e-05
1.0652945e-07,9.307088e-06,0.9997726,1.07544e-05,3.0004774e-08,2.842875e-05,9.746613e-06,2.8063613e-07,0.0001147275,5.3977517e-05
1.332226e-07,1.5039899e-05,0.9996768,1.4363905e-05,2.3608662e-08,5.374219e-05,7.5948437e-06,1.6675918e-07,0.00011119447,0.00012099239
2.3474846e-07,2.8071794e-05,0.9995158,1.4717992e-05,4.013454e-08,4.7698257e-05,3.4229934e-06,1.0580578e-07,0.00013089197,0.00025895884
1.753554e-07,1.8007295e-05,0.99965155,5.766367e-06,8.575497e-08,2.0043028e-05,1.8765392e-06,1.1419824e-07,7.783742e-05,0.00022451075
1.2711142e-07,2.2161596e-06,0.99995005,1.0734199e-06,6.597051e-08,9.391917e-06,9.384061e-07,6.4441934e-08,1.2737474e-05,2.3431536e-05
6.8165924e-08,1.2119908e-06,0.99997604,1.2733126e-06,5.003151e-08,4.109499e-06,7.0238167e-07,6.3339556e-08,4.218387e-06,1.2309577e-05
4.625891e-08,1.7893841e-06,0.99997485,2.1419062e-06,3.324699e-08,4.932734e-06,1.1773112e-06,6.03848e-08,5.391864e-06,9.555061e-06
4.3857543e-08,2.2838276e-06,0.99996626,3.220243e-06,2.0961636e-08,6.3124626e-06,1.6910521e-06,8.448522e-08,6.681477e-06,1.3348632e-05
5.136446e-08,2.5427235e-06,0.9999577,3.3974973e-06,1.4528137e-08,6.6454522e-06,1.6820275e-06,1.3972365e-07,6.9029315e-06,2.1057504e-05
5.0364353e-08,2.4115266e-06,0.9999443,3.0380706e-06,1.1626889e-08,7.014245e-06,1.4732766e-06,2.0971564e-07,6.8354507e-06,3.4605655e-05
4.7861267e-08,2.3891562e-06,0.9999106,2.794683e-06,1.10909495e-08,9.364421e-06,1.4002236e-06,3.257212e-07,6.1722685e-06,6.688784e-05
3.9778197e-08,2.3983248e-06,0.99988604,2.0659477e-06,1.7680174e-08,1.1181145e-05,9.498933e-07,4.407231e-07,4.3097857e-06,9.2484566e-05
4.837706e-08,2.0909456e-06,0.99987614,3.1806703e-06,2.8602278e-08,8.111042e-06,7.2872234e-07,3.2806332e-07,5.725928e-06,0.00010359474
4.508037e-08,2.2222866e-06,0.9999262,2.1000153e-06,1.9082403e-08,7.3768783e-06,6.4243596e-07,3.2672807e-07,4.254643e-06,5.6861387e-05
3.818247e-08,2.910584e-06,0.9999516,1.9073846e-06,1.1500988e-08,8.495226e-06,7.546107e-07,3.173268e-07,3.238715e-06,3.068538e-05
3.815575e-08,2.910817e-06,0.9999516,1.9076574e-06,1.1497061e-08,8.498736e-06,7.5457405e-07,3.1735223e-07,3.2359733e-06,3.0689505e-05
3.812847e-08,2.9116306e-06,0.9999516,1.908671e-06,1.1496952e-08,8.500908e-06,7.5466903e-07,3.1719398e-07,3.2364794e-06,3.069252e-05
3.810913e-08,2.9125333e-06,0.9999516,1.9100748e-06,1.1495966e-08,8.503818e-06,7.5490874e-07,3.1708237e-07,3.237773e-06,3.07083e-05
3.810753e-08,2.9133057e-06,0.9999516,1.9110844e-06,1.1495111e-08,8.50617e-06,7.550895e-07,3.1707722e-07,3.238471e-06,3.07281e-05
3.8119452e-08,2.9137975e-06,0.9999516,1.9114452e-06,1.1494715e-08,8.50725e-06,7.5513486e-07,3.171368e-07,3.2382363e-06,3.074182e-05
3.8137195e-08,2.9140754e-06,0.9999516,1.9113725e-06,1.1494584e-08,8.507258e-06,7.5509166e-07,3.172233e-07,3.2374087e-06,3.0748477e-05
3.8152038e-08,2.9141727e-06,0.9999516,1.9109968e-06,1.1494715e-08,8.506389e-06,7.5499656e-07,3.1730198e-07,3.2363528e-06,3.0748623e-05
3.815873e-08,2.9139949e-06,0.9999516,1.910452e-06,1.1495242e-08,8.5045485e-06,7.5488856e-07,3.173286e-07,3.2355165e-06,3.0743726e-05
3.8151455e-08,2.9135724e-06,0.9999516,1.9099748e-06,1.1495944e-08,8.502254e-06,7.5479284e-07,3.1730048e-07,3.235208e-06,3.073786e-05
3.8129926e-08,2.9129944e-06,0.9999516,1.9099418e-06,1.1497391e-08,8.500819e-06,7.547043e-07,3.1720305e-07,3.235501e-06,3.0736926e-05
3.1920326e-08,3.216755e-06,0.9999392,2.8803258e-06,1.5836255e-08,9.344839e-06,9.4877043e-07,2.3451399e-07,2.9198309e-06,4.113836e-05
2.5027658e-08,3.0761364e-06,0.99992204,4.793285e-06,1.9275175e-08,1.1478444e-05,1.360044e-06,2.0634022e-07,2.5360312e-06,5.4443466e-05
2.0203345e-08,3.3225322e-06,0.9998274,1.1757314e-05,2.3973081e-08,1.2013172e-05,2.709311e-06,2.4694108e-07,2.4393046e-06,0.00014003046
1.9286617e-08,2.883586e-06,0.9998135,1.2938205e-05,2.6440633e-08,1.5518595e-05,3.2282894e-06,2.4064295e-07,2.684695e-06,0.00014904691
1.773143e-08,2.5148893e-06,0.9997845,1.8679848e-05,3.213014e-08,2.1686472e-05,4.710554e-06,2.367196e-07,2.957129e-06,0.00016456252
1.6551985e-08,2.3605642e-06,0.9997595,2.5087333e-05,3.553742e-08,2.376082e-05,6.6785924e-06,2.7976958e-07,3.318377e-06,0.0001790554
1.948374e-08,2.4283036e-06,0.99976283,2.804349e-05,3.663682e-08,2.198698e-05,8.1683775e-06,3.7606944e-07,3.4308048e-06,0.00017267959
2.9944708e-08,3.0889244e-06,0.99975044,3.259129e-05,3.9263874e-08,2.001357e-05,1.0415005e-05,4.893386e-07,3.70348e-06,0.00017918342
8.410447e-08,5.816415e-06,0.99957114,7.6317396e-05,6.647896e-08,1.6723125e-05,2.097098e-05,5.388456e-07,5.5468136e-06,0.00030272067
1.900007e-06,4.4355587e-05,0.9957153,0.0015716476,6.015733e-07,2.1004433e-05,0.0004628091,7.713024e-07,7.0498856e-05,0.0021110594
7.879726e-06,0.00051611545,0.025006019,0.8472515,4.8687252e-05,6.182028e-05,0.091775075,2.6096156e-06,0.0001781556,0.035152093
4.4796357e-06,0.000113983835,0.0035265975,0.84667975,6.36027e-05,7.064047e-05,0.12575598,2.1863295e-06,7.093582e-05,0.023711864
2.4606122e-06,0.00011531415,0.0003617825,0.95524246,7.002812e-05,3.0068528e-05,0.022516945,1.1436778e-06,2.0933003e-05,0.021638883
2.693791e-06,8.033539e-05,0.0006428569,0.94294137,0.00022551468,5.0499835e-05,0.05219249,5.870768e-07,3.1653508e-05,0.0038320406
2.1504202e-06,5.452864e-05,0.0014016419,0.89536154,0.00027959337,7.862908e-05,0.10079717,5.467908e-07,4.9366547e-05,0.001974882
2.1732426e-06,4.5236346e-05,0.00265043,0.845236,0.00034777762,0.00011062353,0.15001795,5.800275e-07,6.7811256e-05,0.0015213441
2.5186328e-06,3.5991823e-05,0.0028702123,0.77894557,0.0004385389,0.00011298526,0.2163722,6.9554187e-07,6.9830356e-05,0.001151449
3.7248162e-06,2.342515e-05,0.0011753484,0.7160328,0.00044334962,7.674762e-05,0.28126767,7.429666e-07,5.950131e-05,0.0009165879
6.4516867e-06,1.5156746e-05,0.00015898127,0.6855238,0.00044617546,4.0680483e-05,0.31290528,1.3917335e-06,5.4057087e-05,0.0008480999
1.1321414e-05,1.3169671e-05,4.945977e-05,0.6495291,0.00059582735,3.0048861e-05,0.3487243,2.8999448e-06,6.897301e-05,0.00097488664
1.4716822e-05,9.428562e-06,2.0589592e-05,0.93974,0.000847015,1.7476526e-05,0.05827415,1.6081477e-06,4.573135e-05,0.0010293019
9.841161e-06,9.416553e-06,1.239656e-05,0.9708803,0.0007843577,2.0067335e-05,0.027250323,1.4128043e-06,3.017009e-05,0.0010017308
1.2311112e-05,1.0517305e-05,1.25339e-05,0.98344135,0.0011744803,1.4106363e-05,0.014013623,1.0881851e-06,2.7930198e-05,0.001292202
1.0105923e-05,1.5125005e-05,9.618221e-06,0.9816491,0.0022180115,1.8977993e-05,0.01534109,9.508925e-07,2.8265207e-05,0.0007087634
7.1782074e-06,2.0697335e-05,1.292447e-05,0.9786389,0.0086675845,2.5124653e-05,0.011893479,1.0928275e-06,2.9680405e-05,0.00070340745
8.893797e-06,2.7253222e-05,2.1747715e-05,0.96105707,0.027665187,3.7033253e-05,0.010104898,1.8944982e-06,3.074583e-05,0.0010451967
3.9708677e-05,4.4359647e-05,9.403835e-05,0.8639524,0.12718777,2.1188302e-05,0.0061338134,3.5686173e-06,6.635489e-05,0.002456751
0.000105193016,7.528016e-05,0.00020853103,0.8358557,0.15518984,1.3324689e-05,0.0029160818,5.158618e-06,8.67535e-05,0.0055440487
0.00032368154,0.00014226751,0.00065080944,0.7597115,0.22449575,2.1641761e-05,0.0010511413,6.560858e-06,0.00017995758,0.013416758
0.00025263499,0.00017781382,0.0011888524,0.43771803,0.5501391,3.6180852e-05,0.00083636923,9.949421e-06,0.00021829389,0.0094227
6.497226e-05,7.2084316e-05,0.0010829669,0.05494924,0.9408098,6.724927e-05,0.00042341586,8.137895e-06,0.00011411646,0.0024080803
4.184687e-05,2.90611e-05,0.00029830425,0.004960731,0.9938665,3.3668926e-05,0.00010118065,1.1501966e-05,7.647932e-05,0.00058064255
5.608681e-05,1.4241481e-05,0.00028429524,0.0016441692,0.99755836,2.4147424e-05,4.449782e-05,1.7626782e-05,4.826582e-05,0.00030818404
0.00019760584,1.2773701e-05,0.0007221098,0.002004146,0.9965096,2.7645452e-05,3.115631e-05,1.4939227e-05,5.41738e-05,0.0004259263
0.00033987223,1.1975436e-05,0.0006472401,0.0011545828,0.99745125,2.2421185e-05,2.8095094e-05,1.06897105e-05,3.1290765e-05,0.00030263662
0.0004951837,1.8212027e-05,0.00082324067,0.0012025513,0.9970481,1.2551837e-05,5.250241e-05,6.762232e-06,3.0488623e-05,0.00031038307
0.000116324336,1.5148687e-05,0.00046134714,0.0004415898,0.99873954,6.213754e-06,5.8237012e-05,6.3221128e-06,2.434568e-05,0.00013089876
6.552155e-05,1.1824676e-05,0.00036187875,0.00038231435,0.9989568,2.5723427e-06,8.5666245e-05,7.1826926e-06,2.9938363e-05,9.626168e-05
6.7433604e-05,1.1678354e-05,0.00028190983,0.000270328,0.99914324,2.0999464e-06,8.535324e-05,8.674833e-06,5.455474e-05,7.481038e-05
9.035317e-05,1.93533e-05,0.00029956416,0.00039686408,0.9988745,3.2921114e-06,0.00010671301,7.670686e-06,7.557133e-05,0.00012621525
7.982776e-05,2.78205e-05,0.00031116343,0.00079948164,0.9981907,1.5553898e-05,0.00023651711,5.916777e-06,8.974096e-05,0.00024322665
0.00012333793,2.0493999e-05,0.0011095438,0.00082291843,0.996167,7.400222e-05,0.00041105482,9.467399e-06,0.00021468237,0.001047452
0.00011023772,4.637323e-06,0.00072212814,0.0006043413,0.9975746,9.8039745e-06,0.00029239338,9.279587e-06,0.0001473434,0.00052520377
0.00010923322,3.7444129e-06,0.0008777274,0.0006750378,0.997635,8.852418e-06,0.0002925564,4.863552e-06,9.081941e-05,0.00030215533
6.618471e-05,4.079519e-06,0.00056724757,0.00060045166,0.9981926,1.0780118e-05,0.00030620347,3.6875e-06,4.4016055e-05,0.00020478688
4.2094925e-05,4.989216e-06,0.00026721394,0.0005578367,0.9986915,1.3039292e-05,0.0002880097,2.6547e-06,2.2994362e-05,0.000109604065
3.2987125e-05,6.8528866e-06,0.0001886121,0.0009907068,0.99828196,1.3312987e-05,0.0003410344,3.3872168e-06,1.502774e-05,0.0001261707
2.702567e-05,7.068096e-06,5.6995617e-05,0.000630518,0.998823,2.2737051e-05,0.0003498843,2.7809292e-06,1.6821525e-05,6.32332e-05
3.3189714e-05,1.3488905e-05,1.6111408e-05,0.0005080962,0.99907637,9.0964335e-05,9.382277e-05,6.175771e-06,4.2152733e-05,0.00011960605
5.941009e-05,3.099064e-05,1.424362e-05,0.0018208931,0.99290246,0.0038368977,0.00024052507,2.6900623e-05,0.00021582807,0.0008519213
0.00011582116,2.8919085e-05,6.387048e-05,0.0016441842,0.42651534,0.56132483,0.0016002655,0.0002248614,0.00560759,0.0028742666
3.207382e-05,1.4871228e-05,0.00032789184,0.0016204504,0.35984206,0.6251773,0.0035574853,0.00031377794,0.004738909,0.004375184
3.53464e-05,2.0547339e-05,0.00069047767,0.0024029845,0.7072926,0.26603115,0.01173296,0.00014226828,0.004620026,0.007031601
2.108514e-07,6.036597e-07,0.00042164672,5.0575316e-05,0.0001722879,0.997948,0.0008139961,4.6805512e-06,0.00015625209,0.00043184755
1.5636317e-08,2.9485426e-07,0.00012419606,7.783722e-06,1.8928484e-06,0.99964094,6.843365e-05,2.652074e-06,2.2186454e-05,0.00013147753
3.419238e-09,7.010953e-07,2.9928864e-05,2.9057264e-06,4.1762803e-08,0.9998958,8.176409e-06,1.5131358e-06,9.279942e-06,5.1666048e-05
3.2426613e-09,9.787228e-07,1.077178e-05,1.942047e-06,2.226205e-08,0.9999292,5.257563e-06,1.3956834e-06,1.60896e-05,3.4280376e-05
3.6391354e-09,3.254414e-06,2.4434787e-06,4.5171905e-06,2.761211e-08,0.999892,8.01626e-06,8.15163e-07,5.2135616e-05,3.680688e-05
9.793139e-09,8.235838e-06,5.231541e-07,0.00014884128,5.688568e-07,0.999624,9.7495555e-05,3.6442268e-07,4.2161926e-05,7.784864e-05
2.1994246e-08,7.94766e-07,7.6342656e-07,6.837561e-06,1.6134969e-07,0.99987733,2.9559584e-05,5.097399e-07,7.083304e-05,1.3122541e-05
4.3469797e-09,4.2138524e-07,4.5444986e-06,2.7135222e-06,2.6368141e-08,0.99994624,2.490321e-05,1.0482603e-06,9.733943e-06,1.0259574e-05
6.0510446e-09,3.374707e-07,4.0542865e-05,2.9975179e-06,2.1072298e-08,0.99989486,3.753684e-05,2.2519205e-06,8.487441e-06,1.2974562e-05
1.509039e-08,5.534607e-07,0.000115444345,5.5480073e-06,1.4854451e-08,0.9997873,5.690089e-05,2.2143772e-06,1.3287403e-05,1.8742605e-05
1.8133798e-08,8.597498e-07,0.0001320429,7.466848e-06,8.537631e-09,0.99978906,2.8527807e-05,2.7303386e-06,9.7432785e-06,2.9571298e-05
2.0551399e-08,1.2731178e-06,0.00013007138,6.5996182e-06,7.473467e-09,0.9997936,1.5312062e-05,4.2119455e-06,7.618794e-06,4.1300842e-05
1.7755191e-08,3.4731104e-06,8.174828e-05,1.9983703e-05,1.5752297e-08,0.9997447,4.185627e-05,5.5229866e-06,1.8687657e-05,8.404784e-05
3.9238316e-08,2.5815174e-05,0.0010135578,0.003370702,2.877817e-06,0.9889186,0.00505589,8.840306e-06,0.0001616805,0.0014420379
9.734816e-08,8.06522e-05,0.043018866,0.006577777,1.8240917e-05,0.89122176,0.05315996,2.5809599e-05,0.0027795248,0.0031173779
1.3314171e-07,0.00021354077,0.20645708,0.017387351,5.2787436e-05,0.6105846,0.15635094,5.594331e-05,0.0020641335,0.00683349
1.6214705e-07,0.00018692555,0.5529162,0.0024820676,1.1797575e-05,0.39831808,0.041057367,4.040301e-05,0.00064018485,0.004346746
1.1246022e-07,1.5918597e-06,0.9970987,9.0322965e-06,4.71641e-07,0.002689576,0.0001478185,2.6316864e-06,1.2270728e-05,3.7841513e-05
1.0101583e-07,1.6493449e-06,0.9994735,9.5692985e-06,7.122537e-08,0.00043653892,3.8068993e-05,8.7683725e-07,8.7685185e-06,3.0802144e-05
2.9434652e-08,1.4888345e-06,0.9997919,1.6506643e-05,4.09297e-08,0.00011940805,2.4423987e-05,5.4142197e-07,8.258333e-06,3.7372818e-05
1.4676726e-08,1.4339737e-06,0.99970406,2.4157402e-05,3.2470876e-08,0.00014583218,3.1774387e-05,8.273376e-07,1.652849e-05,7.521733e-05
2.5147544e-08,1.0630953e-06,0.9996253,2.2061497e-05,3.0898928e-08,0.00014536931,5.494812e-05,1.5116159e-06,3.9789207e-05,0.000109886016
8.419316e-08,5.6544e-07,0.99936646,3.416933e-05,9.267469e-08,0.00010542434,0.00014595808,1.3649574e-06,0.000108538654,0.00023735323
1.16222274e-07,9.851506e-07,0.9974632,0.00050164806,1.8944523e-06,0.00020088599,0.0009813061,5.396033e-07,0.00011121925,0.0007381426
5.7078264e-08,9.92676e-07,0.99862766,0.00017373689,1.0616261e-06,0.00015414476,0.00029536677,2.7112404e-07,8.076681e-05,0.00066595874
4.4091085e-08,8.1966476e-07,0.99937797,3.4136076e-05,8.4498237e-07,2.0565783e-05,5.161664e-05,2.1657524e-07,5.8207366e-05,0.00045563065
4.0232035e-08,3.8682444e-07,0.99990284,3.4785824e-06,2.3766039e-07,6.002804e-06,8.464931e-06,1.13989486e-07,1.3432461e-05,6.501641e-05
8.2945355e-08,3.3879255e-06,0.9999546,1.9337594e-06,5.3412766e-08,3.375284e-06,6.755056e-07,8.5294126e-08,7.698455e-06,2.800936e-05
4.3593207e-08,8.220458e-06,0.9999558,3.213457e-06,5.0645543e-08,4.256798e-06,1.1510724e-06,7.466333e-08,8.34371e-06,1.8750698e-05
4.139333e-08,1.2632243e-05,0.9999435,4.7187673e-06,3.0075572e-08,6.67928e-06,1.9363658e-06,1.0327524e-07,8.7631015e-06,2.169569e-05
5.0977825e-08,1.3150885e-05,0.999936,4.729319e-06,2.1712346e-08,9.233525e-06,2.339868e-06,1.4687475e-07,8.7641965e-06,2.558753e-05
6.824726e-08,1.0826048e-05,0.9999287,3.9945603e-06,2.0010372e-08,1.1102703e-05,2.4428577e-06,1.9996567e-07,8.655999e-06,3.4111497e-05
1.1372124e-07,1.0816528e-05,0.99991,2.6400933e-06,2.9568513e-08,1.0702273e-05,2.05893e-06,2.6967908e-07,8.42576e-06,5.4941233e-05
2.8216817e-07,0.00011443299,0.99966085,5.5009878e-06,6.387503e-08,2.9904655e-05,2.9602759e-06,7.9572305e-07,6.578798e-06,0.0001785882
3.4054247e-07,0.00016550336,0.99959475,6.1506084e-06,5.4974873e-08,4.039494e-05,2.5321178e-06,2.5762545e-06,3.614722e-06,0.00018402973
3.6459076e-07,0.00015940124,0.999676,2.9707253e-06,4.2300705e-08,4.1648735e-05,2.8261916e-06,4.46721e-06,3.6897095e-06,0.00010859205
7.74335e-06,0.31638077,0.6710613,0.0003891217,1.2626368e-06,0.0012797392,2.0733347e-05,0.00034751004,3.109643e-05,0.010480803
2.1718831e-06,0.99552023,0.0016754315,0.00026050347,1.2245994e-06,0.00016107853,3.7802674e-06,5.4826e-05,2.4582348e-06,0.002318345
3.640818e-06,0.9988085,0.0004083909,0.00011683023,2.8908316e-06,7.0629496e-05,3.0640579e-06,2.9772295e-05,8.9952994e-07,0.0005554232
3.060456e-06,0.999355,0.00021176589,7.0094524e-05,2.9236935e-06,4.165713e-05,2.4473213e-06,2.5166042e-05,8.176098e-07,0.00028693595
2.0480786e-06,0.99954385,0.00012993859,3.192373e-05,2.2280756e-06,2.7759608e-05,1.6744601e-06,2.5547875e-05,1.5325012e-06,0.00023351371
2.8072295e-06,0.9994024,0.00014360942,1.3496113e-05,2.7325461e-06,4.0185314e-05,2.2111637e-06,7.083654e-05,3.3901067e-06,0.0003182856
7.896814e-06,0.9991449,0.00011886646,1.5671852e-05,3.840644e-06,4.9589813e-05,4.5995953e-06,0.00024759464,2.0598263e-06,0.00040512742
1.2405588e-05,0.9993,9.91076e-05,1.8364964e-05,2.0385423e-06,5.7962035e-05,3.4701054e-06,0.0002762905,1.4262489e-06,0.00022898779
1.5919346e-05,0.99931073,0.000107359345,1.8015702e-05,7.43421e-07,7.088261e-05,3.4618658e-06,0.00024158112,1.4267404e-06,0.00022990337
2.1844704e-05,0.99940705,8.962806e-05,1.445638e-05,3.8315363e-07,2.9298846e-05,2.870626e-06,0.00013300127,2.2622833e-06,0.0002991499
1.1010182e-05,0.9997241,4.2581e-05,1.6099926e-05,3.7048005e-07,9.105537e-06,1.392948e-06,2.6138767e-05,3.2048417e-06,0.00016611227
8.516622e-06,0.9998338,1.4761337e-05,1.2651786e-05,3.2560644e-07,9.734575e-06,1.0748614e-06,1.1694364e-05,4.0636014e-06,0.00010329017
1.9006371e-05,0.9998853,9.171835e-06,6.5586855e-06,2.228466e-07,8.721822e-06,1.2871992e-06,5.59296e-06,1.05396475e-05,5.3596712e-05
7.150575e-05,0.9997471,7.991254e-06,5.665109e-06,3.1752856e-07,6.9049606e-06,1.5476484e-06,1.5967464e-05,4.1169817e-05,0.00010183661
0.000121692305,0.9994636,1.0393168e-05,1.2348996e-05,5.248561e-07,7.591269e-06,1.4594652e-06,2.0749943e-05,9.930739e-05,0.00026222918
0.00030041017,0.99845934,2.8750332e-05,3.316577e-05,1.165337e-06,6.2507693e-06,1.6138127e-06,3.326051e-05,0.00020028929,0.0009356071
0.00023454342,0.9986993,7.352977e-05,6.956675e-05,6.8012093e-07,5.572492e-06,2.2902805e-06,1.0360025e-05,0.000320222,0.0005839416
0.0010372995,0.99598193,0.00022335596,0.00031621888,5.0106047e-07,7.913877e-06,7.219989e-06,5.800368e-06,0.0017130744,0.00070666557
0.0016697972,0.9934649,0.00029487422,0.0006139904,3.3114875e-07,1.6780217e-05,1.5328009e-05,5.1204265e-06,0.003160338,0.00075846224
0.001924747,0.9923328,0.00028053802,0.0007524569,2.5927852e-07,4.3874497e-05,2.5188803e-05,4.0779173e-06,0.0040869326,0.00054914947
0.013614447,0.9596205,0.00022878122,0.00062226056,5.634284e-07,9.448888e-05,6.275968e-05,4.266726e-06,0.025180638,0.0005713054
0.6022893,0.03396748,5.811636e-05,8.4227606e-05,1.8306865e-06,2.9242143e-05,0.0005342614,1.8838067e-06,0.3627748,0.00025889085
0.80432045,0.0010802025,7.978583e-06,9.9998e-06,7.970897e-07,9.302289e-06,0.0005216452,9.854128e-07,0.19392535,0.00012322808
0.8995826,0.00019823901,6.1502515e-06,4.255477e-06,6.2515653e-07,3.0029807e-06,0.00039215706,1.0551694e-06,0.0997232,8.8635985e-05
0.94105273,9.7521115e-05,9.3895005e-06,3.257528e-06,5.8931874e-07,2.5089926e-06,0.00048502095,1.22689e-06,0.058295984,5.1812196e-05
0.98145914,5.710824e-05,5.647638e-06,1.9233635e-06,4.415664e-07,2.3154328e-06,0.0003767933,1.3376246e-06,0.018071309,2.3854709e-05
0.9940468,5.5411514e-05,3.353951e-06,1.4309018e-06,3.493438e-07,2.1763344e-06,0.00022748401,1.0634602e-06,0.0056492244,1.2680671e-05
0.99746287,4.2753712e-05,1.8132857e-06,8.9761414e-07,2.672085e-07,1.3601517e-06,0.00014241169,8.769556e-07,0.0023388045,7.988713e-06
0.998454,3.2213353e-05,1.1310015e-06,6.908257e-07,2.6087167e-07,1.1335974e-06,0.00010666656,6.856784e-07,0.001396839,6.296037e-06
0.9989454,2.3499451e-05,7.503791e-07,4.8967206e-07,3.0617335e-07,1.1113154e-06,9.815251e-05,7.199492e-07,0.00092432153,5.1431625e-06
0.99898833,1.0864124e-05,5.3010086e-07,2.8517056e-07,4.6154105e-07,1.308309e-06,0.00012509606,1.0120226e-06,0.00086779776,4.3059204e-06
0.99870205,9.91145e-06,5.394445e-07,3.6622652e-07,7.9510767e-07,2.793742e-06,0.00034162003,1.3403599e-06,0.0009304049,1.01591395e-05
0.9980605,1.6460075e-05,8.0698607e-07,7.0824467e-07,1.1061436e-06,5.5610726e-06,0.0009071498,1.8800408e-06,0.0009878019,1.8077477e-05
0.99607855,2.4852896e-05,1.366972e-06,1.4217474e-06,1.6062212e-06,1.3178306e-05,0.0026475526,2.9677005e-06,0.0011999724,2.848627e-05
0.9903743,3.328277e-05,2.4515014e-06,3.0017004e-06,2.6134549e-06,2.783477e-05,0.0079238145,5.3449226e-06,0.0015863028,4.0995827e-05
0.9796475,3.5513855e-05,3.8910102e-06,6.4104206e-06,4.5628685e-06,4.6789366e-05,0.018097872,8.6781065e-06,0.0020991138,4.9697697e-05
0.96564376,3.276997e-05,5.7060874e-06,1.700011e-05,9.284455e-06,5.3213345e-05,0.031588282,1.227979e-05,0.0025801961,5.7530873e-05
0.9618472,2.6429412e-05,6.996195e-06,5.239196e-05,2.07325e-05,3.4558234e-05,0.034722142,1.3618429e-05,0.0032148783,6.107258e-05
0.95858073,2.6144427e-05,9.106815e-06,0.00018244296,5.7425474e-05,2.781208e-05,0.036189463,1.4860463e-05,0.0048478567,6.410051e-05
0.971019,2.1022679e-05,1.0749292e-05,0.0006344451,0.0001684393,1.7819984e-05,0.021981822,6.360507e-06,0.006062214,7.818751e-05
0.9274501,4.741344e-05,1.3921206e-05,0.008417208,0.0008033195,3.8150894e-05,0.050688148,5.2512614e-06,0.012201068,0.0003355499
0.010570585,0.00014005539,5.096236e-06,0.72252375,0.004510892,4.2026393e-05,0.25586185,6.5815107e-06,0.0020481532,0.0042910175
0.0010553113,5.4337146e-05,6.747206e-06,0.6931876,0.0033197613,3.476748e-05,0.29881412,3.149374e-06,0.00091118616,0.0026130269
0.00034843507,3.4832294e-05,7.991291e-06,0.6656232,0.0022921506,2.9459543e-05,0.3292085,2.4837993e-06,0.0006024824,0.0018504694
0.0001648548,2.5887868e-05,1.0586362e-05,0.6015771,0.0018753799,2.8323471e-05,0.39442855,2.1425979e-06,0.0004556676,0.0014314519
9.082801e-05,2.0393694e-05,1.5315698e-05,0.5340217,0.0016313758,2.8186512e-05,0.46272525,1.784212e-06,0.00036632078,0.0010988078
5.614149e-05,1.7319542e-05,2.1827425e-05,0.4926448,0.0015512801,2.8947545e-05,0.5045341,1.4337327e-06,0.00030364495,0.0008405537
3.8855185e-05,1.6005679e-05,2.8839084e-05,0.47785544,0.0016619822,2.9996e-05,0.5194532,1.1955644e-06,0.0002603396,0.00065399084
2.9574807e-05,1.5616519e-05,3.429867e-05,0.48076928,0.0018747464,3.1707597e-05,0.51648444,1.0595388e-06,0.00023136509,0.0005278787
2.4244377e-05,1.592211e-05,3.9223953e-05,0.48522618,0.002120807,3.3008437e-05,0.5118902,9.529862e-07,0.00021738352,0.00043210463
1.9979629e-05,1.7638184e-05,4.679445e-05,0.5957278,0.002434594,3.2018586e-05,0.4011721,7.6323613e-07,0.0001950617,0.00035312958
2.1111853e-05,1.344708e-05,0.0001597562,0.8245377,0.001597134,2.9333642e-05,0.17293735,5.109413e-07,0.00026699586,0.0004366544
1.9327053e-05,1.3018841e-05,0.00024989908,0.7747658,0.0010070684,5.062107e-05,0.22313114,5.4730776e-07,0.00030542797,0.00045713116
1.6706575e-05,1.2529112e-05,0.00016196651,0.7516694,0.0011019041,8.409855e-05,0.24631713,5.83061e-07,0.00022332842,0.00041236184
1.4363797e-05,1.2578379e-05,7.974877e-05,0.7549851,0.001369695,0.00012804888,0.2428389,6.2872164e-07,0.00017162587,0.00039929335
1.2687359e-05,1.3364136e-05,4.1643038e-05,0.75609165,0.0017374291,0.00021393917,0.24134773,7.208967e-07,0.00014050976,0.00040025322
1.2206957e-05,1.5663629e-05,2.4427758e-05,0.74281853,0.0021343308,0.0003273383,0.2541273,9.1155084e-07,0.00012973677,0.00040962905
1.3006313e-05,2.0060488e-05,1.606064e-05,0.7221429,0.00260789,0.0004150023,0.27422538,1.2321195e-06,0.00012915091,0.00042936802
1.3537019e-05,2.6170866e-05,1.2746418e-05,0.70136476,0.0030474246,0.00070225453,0.29426706,1.7705048e-06,0.00013170595,0.00043255754
1.1086948e-05,3.237257e-05,1.3229197e-05,0.69694465,0.0029154515,0.0025699649,0.29685837,2.8195072e-06,0.00011768273,0.0005343489
4.476532e-06,3.4716868e-05,7.865071e-05,0.5662201,0.00066531874,0.16718179,0.2636172,7.1798527e-06,0.00011503244,0.0020755474
8.497901e-08,1.1399651e-06,0.00071851956,2.536419e-05,6.723572e-08,0.9989317,0.00019135483,2.939943e-06,5.4559318e-05,7.4202726e-05
3.105084e-08,9.093582e-07,0.00021387404,2.684086e-06,2.8024713e-08,0.9997249,2.1628193e-05,2.3088562e-06,1.4418192e-05,1.9151581e-05
1.3353217e-08,7.0888666e-07,5.1543728e-05,1.2650655e-06,1.4685207e-08,0.9999155,8.988645e-06,2.2214977e-06,8.678508e-06,1.1098681e-05
7.580107e-09,5.029423e-07,1.5331825e-05,9.092114e-07,1.3263622e-08,0.99995816,6.6536613e-06,2.1880262e-06,7.6263436e-06,8.595251e-06
5.715835e-09,4.8416814e-07,9.826431e-06,7.714718e-07,1.24390835e-08,0.9999664,4.947089e-06,2.4522258e-06,5.945118e-06,9.128579e-06
4.664317e-09,5.2124363e-07,5.8041755e-06,7.1021157e-07,1.3604735e-08,0.99997175,3.7905718e-06,2.2341412e-06,5.9365557e-06,9.202471e-06
3.986546e-09,5.8123516e-07,4.5985253e-06,6.5244666e-07,1.3598414e-08,0.99997425,3.0896895e-06,2.0170464e-06,5.8873616e-06,8.906027e-06
3.573037e-09,6.686054e-07,3.8173216e-06,6.348511e-07,1.21875985e-08,0.9999753,2.8157394e-06,1.8239658e-06,6.339946e-06,8.4659e-06
3.4775094e-09,7.651451e-07,3.4546897e-06,6.2749206e-07,1.0598995e-08,0.9999753,2.8234274e-06,1.79784e-06,6.9816274e-06,8.311581e-06
4.007945e-09,8.2539094e-07,2.9147375e-06,5.7368914e-07,1.0354046e-08,0.9999738,2.8588086e-06,1.9194376e-06,8.957582e-06,8.128562e-06
6.063434e-09,1.1702834e-06,1.7897013e-06,4.2861862e-07,1.1299051e-08,0.9999757,2.5457562e-06,4.564809e-06,8.521567e-06,5.2973623e-06
7.1569835e-09,1.7985227e-06,2.6208438e-06,4.3343073e-07,1.28773e-08,0.9999707,2.3472844e-06,1.0262712e-05,6.071942e-06,5.7587104e-06
8.930222e-09,2.5547179e-06,3.7002499e-06,4.959574e-07,1.2707447e-08,0.9999622,2.2805928e-06,1.7631603e-05,4.712613e-06,6.4172145e-06
1.1681667e-08,3.2640323e-06,5.091421e-06,6.0429284e-07,1.270209e-08,0.99994874,2.4460494e-06,2.8086553e-05,3.9930637e-06,7.757887e-06
1.31900215e-08,4.0384953e-06,5.76338e-06,8.160276e-07,1.3599584e-08,0.9999249,2.8833877e-06,4.705224e-05,3.8881117e-06,1.0576496e-05
1.5183815e-08,2.7548592e-06,3.5631117e-06,8.1904994e-07,2.0477433e-08,0.99990916,2.9444398e-06,6.28932e-05,3.712768e-06,1.4054035e-05
1.3720161e-08,2.7734739e-06,3.8173694e-06,1.7150824e-06,2.4453046e-08,0.9997837,4.073882e-06,0.00015822776,2.1096337e-06,4.3541895e-05
2.320463e-08,3.925677e-06,7.227169e-06,1.5449731e-06,3.065805e-08,0.9987882,8.439801e-06,0.0011566784,2.5475e-06,3.143132e-05
4.9758267e-08,9.770828e-06,2.74624e-05,9.25224e-07,4.4919258e-08,0.9952928,1.0466634e-05,0.0046298164,4.1343055e-06,2.4670933e-05
2.791178e-07,7.274336e-05,5.3994176e-05,1.3653395e-06,4.031531e-07,0.91245663,1.7983777e-05,0.08733875,1.52187795e-05,4.2642416e-05
5.1067485e-07,0.00018702561,1.0719712e-05,3.993534e-06,7.8360545e-06,0.11381611,1.9041458e-05,0.88592625,6.5238587e-06,2.193804e-05
3.117559e-07,0.00011810343,3.2295545e-06,2.9385724e-06,5.892694e-06,0.014962385,1.0936901e-05,0.98487985,3.4297154e-06,1.2872937e-05
2.3249251e-07,4.0789277e-05,2.3232506e-06,1.6634905e-06,2.492002e-06,0.0026243727,9.028277e-06,0.99731284,2.1725302e-06,4.0412356e-06
2.2248575e-07,1.4290294e-05,1.7112957e-06,1.4750589e-06,7.2131326e-07,0.00038625894,8.796088e-06,0.9995828,1.2643613e-06,2.4324713e-06
1.0549958e-06,1.2655732e-05,1.3431129e-06,4.5531447e-06,9.3675203e-07,0.00014191214,1.703122e-05,0.99981374,5.584332e-07,6.179722e-06
1.6991236e-05,3.814725e-05,3.1443549e-06,4.822172e-05,3.90168e-06,2.6779728e-05,6.782625e-05,0.999673,5.970139e-07,0.000121388
9.71492e-07,3.923914e-05,5.522564e-06,2.7740143e-05,1.2596946e-06,1.8126724e-05,7.461731e-06,0.99973875,1.2037621e-07,0.0001607722
5.5971675e-08,1.0569066e-05,2.6518755e-05,6.6876373e-07,2.0203053e-07,0.0005347368,9.501207e-07,0.9994179,2.424029e-07,8.11835e-06
7.099005e-08,1.2631881e-05,2.5486821e-05,4.2610284e-07,1.7190683e-07,0.0013969371,1.4150904e-06,0.9985569,4.7122754e-07,5.3726058e-06
8.347904e-08,1.834882e-05,1.0334105e-05,5.2798526e-07,6.0898806e-08,0.0028479933,2.5963182e-06,0.99711215,1.0038643e-06,6.972381e-06
5.687411e-08,4.407296e-05,2.7631504e-06,2.221035e-06,1.7808682e-07,0.0046526976,4.8081583e-06,0.99528176,6.267556e-07,1.075626e-05
8.804307e-08,6.9503585e-05,3.012779e-06,1.1314792e-05,3.8581885e-07,0.013399019,1.7805502e-05,0.9864792,4.9389024e-07,1.9236391e-05
1.8751157e-07,7.591656e-05,7.530724e-07,1.6826858e-05,1.5948519e-06,0.0012130409,1.2716753e-05,0.99866426,2.4191056e-07,1.45066e-05
2.8803117e-07,0.0001155687,7.1982095e-07,1.3262942e-05,1.596942e-06,0.00010998192,5.59654e-06,0.9997347,1.6743464e-07,1.822203e-05
2.6981468e-07,0.00014380782,7.6620654e-07,1.8491148e-05,1.4815106e-06,6.4902335e-05,6.495685e-06,0.9997328,1.5268422e-07,3.0839146e-05
1.1608331e-06,0.00096088205,1.275748e-06,5.194132e-05,2.9174912e-06,0.00015364292,1.5644682e-05,0.9986292,3.9135864e-07,0.00018299605
6.472728e-07,0.0007933782,1.2351551e-06,8.710398e-05,4.3396803e-06,3.7349513e-05,1.3282054e-05,0.9988065,3.2552944e-07,0.00025579782
2.56736e-07,0.0018719335,2.1790472e-06,6.178511e-06,7.4996746e-07,0.00012527496,2.1549795e-06,0.99797755,6.3095445e-07,1.306557e-05
4.884008e-06,0.090541996,5.2823834e-06,0.00015438137,1.9917213e-06,0.00028489745,3.3371616e-05,0.908773,3.392591e-06,0.0001967772
9.948953e-06,0.91356623,1.0616616e-05,0.001286738,3.227009e-06,0.000250742,0.00011260066,0.08438465,5.1459924e-06,0.00037013667
1.7165513e-06,0.99653167,1.0741366e-05,0.002410818,1.5803947e-06,7.347556e-05,3.913711e-05,0.00084683445,1.1010953e-06,8.288646e-05
2.1954013e-06,0.99221194,3.2484186e-05,0.0073646307,4.7969775e-06,4.5476445e-05,6.8712965e-05,0.00020408706,8.048804e-07,6.510243e-05
1.2878339e-06,0.9986645,4.1441934e-05,0.0011629014,3.1553e-06,2.0998385e-05,8.989478e-06,7.261025e-05,1.5362109e-06,2.266054e-05
1.2273225e-06,0.998445,1.3975332e-05,0.0014467555,1.9996462e-06,2.5650426e-05,1.2235704e-05,2.537619e-05,1.4684911e-06,2.6349944e-05
1.276076e-06,0.99806696,1.2631849e-05,0.0018200763,5.56184e-06,3.6461577e-05,1.1607978e-05,2.2347389e-05,1.2232408e-06,2.1996939e-05
8.044171e-07,0.9981572,1.2401756e-05,0.0017396833,3.2394491e-06,3.8555634e-05,9.804482e-06,8.914728e-06,1.320919e-06,2.8030967e-05
7.9251197e-07,0.9971928,1.4199868e-05,0.0026979146,7.0584174e-06,2.653026e-05,1.0668805e-05,8.0183745e-06,9.833218e-07,4.1045016e-05
9.2736275e-07,0.9990978,2.6727666e-05,0.0007695058,5.4281236e-06,2.0890522e-05,2.1856226e-06,6.3478806e-06,1.4663533e-06,6.889268e-05
1.0235314e-06,0.9994449,2.154727e-05,0.00045585938,3.626627e-06,2.1486263e-05,1.8778393e-06,4.37101e-06,1.0422267e-06,4.429802e-05
8.7827516e-07,0.99960047,1.50466985e-05,0.00032157367,2.3903885e-06,1.8547174e-05,1.9192719e-06,3.6481833e-06,8.6154085e-07,3.47123e-05
6.6997416e-07,0.99983466,1.0870934e-05,0.00011450387,1.1192351e-06,1.7580665e-05,2.618474e-06,1.4914933e-06,1.0401324e-06,1.5377125e-05
1.0067071e-06,0.99988794,1.1553082e-05,6.415469e-05,1.3610006e-06,1.1993854e-05,1.9735382e-06,1.9397644e-06,1.6127962e-06,1.6362588e-05
8.091205e-07,0.9999132,8.730921e-06,3.6754413e-05,1.147595e-06,8.536521e-06,1.4037798e-06,2.905658e-06,6.0894654e-06,2.0213552e-05
4.8199917e-07,0.9998673,6.964489e-06,7.1725946e-05,9.079417e-07,8.690099e-06,1.7595371e-06,2.303787e-06,7.0612355e-06,3.2819808e-05
3.521132e-07,0.9997948,8.099213e-06,0.00012397954,1.0798342e-06,1.2405813e-05,2.2433314e-06,2.1594492e-06,4.7312355e-06,5.035104e-05
3.8412495e-07,0.9998054,7.187122e-06,0.000101193895,1.2581469e-06,1.4671882e-05,1.7888487e-06,2.0560424e-06,4.95628e-06,6.114281e-05
2.8625553e-07,0.99980026,8.742741e-06,9.761053e-05,1.0213265e-06,1.4708905e-05,3.4665622e-06,2.0533864e-06,7.2455196e-06,6.476531e-05
6.376942e-07,0.99984026,9.358763e-06,4.5656085e-05,1.6137038e-06,1.0649634e-05,2.131784e-06,2.272768e-06,1.424027e-05,7.313982e-05
6.9804406e-07,0.9998229,6.342633e-06,3.2093358e-05,1.1961121e-06,1.2610956e-05,3.2604858e-06,2.106574e-06,2.8064545e-05,9.0757e-05
3.6153897e-06,0.99940956,6.6235543e-06,1.4515544e-05,1.538143e-06,2.7258726e-05,7.777755e-05,2.7591423e-06,0.00035802007,9.823071e-05
0.0005158202,0.8652158,4.0044557e-05,2.2344699e-05,2.2899985e-06,0.0001467315,0.0029701455,9.682202e-06,0.13061129,0.0004658392
5.2414e-05,0.91753584,2.1105584e-06,5.4847114e-05,6.2401557e-07,0.00036328213,0.00014094228,0.00011623055,0.08000726,0.0017265918
2.1887463e-05,0.3124577,8.239295e-06,5.5072647e-05,3.2532392e-07,0.0012509505,0.00019997425,0.00011818063,0.6839635,0.0019241914
8.153734e-06,0.14514543,2.0125928e-05,4.301974e-05,1.2783914e-07,0.0018522096,0.00019875972,0.000108183805,0.851096,0.0015280512
4.938892e-06,0.010922574,1.2018601e-05,6.2317554e-06,2.2626454e-08,0.0009902972,9.1424474e-05,5.9142232e-05,0.98731416,0.00059926644
3.2209864e-06,0.002299319,3.6695162e-06,2.3233883e-06,3.1355167e-08,0.00012978021,7.17932e-05,1.8402148e-05,0.99710375,0.0003676722
3.5721514e-05,0.0020664518,5.913489e-06,1.5844261e-06,1.7434832e-07,8.914271e-06,0.00031801677,2.790564e-05,0.9974733,6.2120496e-05
1.0896298e-05,0.00051171816,5.735594e-07,1.7491313e-06,3.169957e-08,1.5924497e-05,7.0934235e-05,7.1721975e-06,0.9992843,9.677546e-05
8.06361e-06,0.00080163585,9.196289e-07,3.4293844e-06,2.1433214e-08,6.00844e-06,5.7623984e-05,6.057113e-06,0.9988764,0.0002397638
1.0223269e-05,0.0016023627,5.6998115e-06,1.0943987e-05,2.3119034e-08,2.9037144e-06,0.00017180017,5.6631134e-06,0.9978332,0.00035721107
1.0604354e-05,0.00081134523,6.795387e-06,1.0124818e-05,1.2759254e-08,2.2708139e-06,0.000101057696,3.8977246e-06,0.99877685,0.00027706806
6.2890626e-06,0.0009926001,1.0474502e-05,7.812532e-06,8.920723e-09,6.3692246e-06,5.264271e-05,7.2730927e-06,0.99867755,0.00023898017
4.721908e-06,0.0015366109,2.6123487e-05,4.773288e-06,9.457977e-09,1.9397321e-05,5.9542894e-05,2.233372e-05,0.99807405,0.0002523727
5.5626206e-06,0.0012826617,3.1099687e-05,1.6869328e-06,1.9082359e-08,6.983436e-05,7.951519e-05,0.00018003077,0.9981213,0.00022822505
9.424048e-06,0.001003565,7.745537e-06,7.3241256e-07,3.067987e-08,0.00018412026,5.2052004e-05,0.00030056332,0.9981294,0.00031232784
1.4075359e-05,0.0041276384,5.67706e-06,2.711476e-06,3.6736384e-07,0.00017527539,7.0293216e-05,0.0004293983,0.9937535,0.0014211646
1.9543015e-05,0.003645158,7.346916e-06,2.0950592e-06,3.868118e-07,4.2650707e-05,6.8684945e-05,0.000632878,0.995223,0.0003583211
1.521461e-05,0.00038716514,9.4697833e-07,2.0341377e-06,6.76559e-08,2.4633227e-05,4.8057438e-05,0.00038177898,0.9985226,0.00061748066
0.00013262536,0.00030255067,5.107011e-06,1.4281604e-06,2.2007386e-07,2.9986557e-05,0.0008056288,0.0015524141,0.99707663,9.332046e-05
0.00018571096,0.001387878,2.2150272e-05,4.4579874e-06,4.917191e-07,0.00017191174,0.0011810578,0.034544658,0.96232367,0.00017807216
1.0686166e-05,0.00092374673,7.271012e-06,4.469516e-06,1.5185343e-06,0.00026987155,3.735926e-05,0.96727127,0.031368367,0.000105431856
2.4176766e-06,0.00064272573,3.3766555e-06,2.5132956e-06,2.3241566e-06,0.0002561038,1.0873202e-05,0.9966595,0.002376318,4.3770222e-05
1.9821407e-06,0.00021925049,2.4265394e-06,1.1164212e-06,1.973291e-06,0.00013074875,6.0387943e-06,0.99921656,0.00040368046,1.6229751e-05
1.6215407e-06,9.801929e-05,2.1094572e-06,5.9742825e-07,1.0509718e-06,5.4387794e-05,2.6281257e-06,0.9997898,4.2335254e-05,7.570737e-06
3.7189327e-06,3.9615046e-05,2.5274314e-06,4.2583216e-07,2.2427744e-06,2.064572e-05,3.85674e-06,0.9999126,1.0777767e-05,3.5212834e-06
9.881654e-06,1.16583105e-05,3.931156e-06,2.1879082e-07,6.3522776e-07,1.0141781e-05,4.961733e-06,0.9999256,2.8112032e-05,4.775954e-06
4.1006833e-06,1.02580525e-05,5.5771056e-06,2.3491732e-07,2.3750925e-07,1.567032e-06,6.213047e-06,0.9999448,1.4765327e-05,1.2277538e-05
4.6104805e-07,2.2829958e-05,9.0941506e-07,5.5293793e-07,4.5346272e-07,4.4647604e-06,1.7589769e-06,0.9999552,1.2819123e-06,1.2053165e-05
6.3062294e-07,2.380635e-05,2.9828033e-07,2.4138478e-07,3.6327256e-07,3.7893944e-05,2.4609396e-06,0.99992764,2.5619638e-06,4.1088574e-06
7.6263195e-06,4.4141816e-05,5.937302e-07,2.4728604e-07,6.4266095e-07,0.0001553589,2.5039193e-05,0.9997547,7.191385e-06,4.454246e-06
6.9678197e-07,1.5718022e-05,3.135686e-07,2.1893685e-07,9.1138384e-07,4.570401e-05,8.9307787e-07,0.999931,1.0662709e-06,3.4213663e-06
6.6168286e-07,1.0353948e-05,5.107187e-07,1.6382674e-07,1.0380536e-06,5.4733417e-05,1.5929706e-06,0.99992645,1.9540282e-06,2.6146342e-06
4.8860215e-07,8.38329e-06,7.091724e-07,2.0411056e-07,9.3456435e-07,4.112521e-05,2.4062047e-06,0.9999409,1.8673551e-06,2.9441173e-06
4.6799687e-07,7.181038e-06,8.6492355e-07,3.0832655e-07,8.3169203e-07,2.482769e-05,4.125371e-06,0.99995613,1.5022301e-06,3.7663842e-06
1.5448278e-06,8.229206e-06,1.7070975e-06,3.9724512e-07,3.0263558e-07,1.7312697e-05,1.4834415e-05,0.9999447,4.613403e-06,6.416594e-06
1.2081995e-06,1.088114e-05,1.6389396e-06,1.6118337e-06,1.8067486e-07,2.0417401e-05,7.255341e-05,0.99986136,7.5228263e-06,2.2613347e-05
8.050632e-07,3.299826e-05,5.8217927e-07,9.5916375e-06,2.8421192e-07,3.5596104e-06,5.1491184e-05,0.99983394,1.7605962e-06,6.5039145e-05
5.729084e-07,3.2273092e-05,2.4665826e-07,4.799001e-05,4.905156e-07,2.6325837e-05,0.0003652537,0.9993979,7.658627e-06,0.000121250945
4.1033886e-07,2.2923272e-05,2.6442228e-07,4.7627823e-06,5.837322e-07,9.176062e-05,0.00014732449,0.9997074,6.706467e-06,1.786983e-05
1.3762352e-06,3.3388755e-05,1.0569868e-06,2.3072136e-05,5.7663733e-06,0.0004139068,0.0031078914,0.99635184,1.9232226e-05,4.254722e-05
6.553446e-05,8.956328e-05,1.0924587e-05,0.0004745508,0.00016446588,0.0019213307,0.8651235,0.13141675,0.00043266112,0.00030073145
0.00013695426,1.6987087e-05,2.058512e-05,6.533919e-05,6.916001e-06,0.00097624783,0.99486816,0.0022804518,0.001561455,6.680171e-05
4.885086e-06,1.5861453e-05,3.23314e-06,0.00038234814,2.2971678e-06,0.0005600373,0.99861884,0.0002304044,0.00011707839,6.496444e-05
1.6757043e-06,7.2822054e-06,7.837509e-06,0.00025775333,2.0159143e-06,0.00039518782,0.9989766,0.00017181342,9.314372e-05,8.674061e-05
7.62103e-06,5.7761627e-06,3.5850113e-05,0.00015693744,1.6802456e-06,0.00018162126,0.9986594,0.00064986484,0.00020352741,9.771044e-05
3.4391574e-05,1.1572822e-05,4.3376338e-05,0.00021570161,1.7499812e-06,0.00027350135,0.9961324,0.0014830239,0.0014638072,0.000340539
1.4746363e-05,3.436043e-05,3.5428416e-06,0.001651149,6.125493e-06,0.00019737982,0.9955558,0.0010061404,0.00057113083,0.0009596045
2.6148567e-05,5.770907e-06,8.545944e-06,0.0016056276,4.9248147e-06,7.318659e-05,0.9978573,1.9430505e-05,0.0003542725,4.4899723e-05
2.1771604e-05,3.8404064e-06,1.151781e-05,0.010314082,2.4291476e-05,4.574795e-05,0.98930043,5.376832e-06,0.00018152999,9.136262e-05
1.2641841e-05,2.503979e-06,1.2132904e-05,0.009846572,2.6067084e-05,5.4768832e-05,0.9897939,2.6790879e-06,0.00015149429,9.7229015e-05
5.6645536e-06,2.0143955e-06,9.358009e-06,0.00061926007,3.763738e-06,0.00017970601,0.9988801,4.642475e-06,0.0002470979,4.841636e-05
3.9563956e-06,1.7594127e-06,7.857411e-06,0.0012547318,3.914231e-06,0.00014762837,0.99838746,2.2269544e-06,0.00012711018,6.34504e-05
3.3736687e-06,2.3145549e-06,1.1007472e-05,0.0038055116,6.6692087e-06,0.00013168973,0.99590236,1.6993779e-06,6.498649e-05,7.0315065e-05
3.4160769e-06,2.6979874e-06,8.656091e-06,0.002817271,4.9410187e-06,0.00013776083,0.9969037,1.6152833e-06,5.5242264e-05,6.471194e-05
3.892405e-06,3.460115e-06,8.085891e-06,0.0012101512,2.3332445e-06,0.00017843129,0.9984901,2.4352266e-06,5.365997e-05,4.7452275e-05
4.813526e-06,3.049726e-06,1.17665995e-05,0.0009632439,2.3932964e-06,0.00010707098,0.99877983,4.3668483e-06,7.814581e-05,4.5319208e-05
5.3965164e-06,3.8771914e-06,1.33348685e-05,0.0023321032,3.4442708e-06,0.00013715724,0.99739033,3.059302e-06,5.8796995e-05,5.2554708e-05
8.078096e-06,5.0255044e-06,1.17285235e-05,0.0020045342,4.9599357e-06,9.2352595e-05,0.9977996,2.9717369e-06,3.6099562e-05,3.4582845e-05
3.9580682e-05,8.430292e-06,3.397557e-05,0.079629384,8.182981e-05,5.767871e-05,0.91984427,3.1616673e-06,5.187414e-05,0.00024987198
9.856365e-05,3.08569e-06,2.5409669e-05,0.009613212,3.5038534e-05,4.9104794e-05,0.9900248,3.0288338e-06,7.3715804e-05,7.4052536e-05
3.532106e-05,2.2622635e-06,1.52885e-05,0.0010759127,3.4388677e-06,4.7146405e-05,0.99869126,3.1277432e-06,6.981489e-05,5.6514535e-05
6.47654e-06,6.1823985e-06,2.464559e-05,0.003078238,2.7423036e-06,4.6452576e-05,0.9966903,3.1416832e-06,2.0052534e-05,0.00012186759
2.5527e-06,1.6604437e-05,7.635394e-06,0.0033813147,5.278714e-06,8.614585e-05,0.9963168,1.927081e-06,2.3412864e-05,0.00015837504
1.6738977e-06,1.4387174e-05,7.31928e-06,0.0003636817,4.552265e-06,0.00016505513,0.99925,3.0971364e-06,2.8505194e-05,0.00016168202
2.7444007e-06,6.3667835e-06,1.7401726e-05,0.00010834887,9.4806063e-07,0.0001059046,0.9996238,6.8385657e-06,4.9227438e-05,7.8479025e-05
2.98751e-06,4.2071056e-06,2.9210873e-05,0.00010033241,8.298705e-07,0.00011418712,0.9996147,1.09300045e-05,5.3300573e-05,6.931871e-05
3.4282725e-06,3.3608064e-06,3.4657594e-05,0.00014537263,1.1962875e-06,0.00010879293,0.99958056,1.2598523e-05,5.0729897e-05,5.9182534e-05
6.6927105e-06,2.845892e-06,3.999304e-05,0.00021094645,2.035299e-06,9.097935e-05,0.9995215,1.3038894e-05,6.267695e-05,4.9327526e-05
2.265422e-05,2.6368962e-06,5.7866568e-05,0.000400894,3.7121745e-06,5.587974e-05,0.9992661,7.1099785e-06,0.0001237267,5.9406917e-05
2.1388756e-05,2.595773e-06,2.2954884e-05,0.0008718929,3.955948e-06,6.645745e-05,0.99880695,2.5555537e-06,0.00014029622,6.096199e-05
2.4712497e-06,5.937844e-06,5.8951487e-06,0.0024349838,3.1317047e-06,0.00017639765,0.9970413,4.3862947e-06,9.066458e-05,0.00023475438
1.298469e-06,6.937241e-06,7.923379e-06,0.004097755,4.9363757e-06,0.00022998327,0.99522626,3.3672848e-06,0.00010234119,0.00031922772
7.847499e-06,5.3572626e-06,1.6977094e-05,0.001064781,4.4137123e-06,0.00010268939,0.9970546,1.6870981e-06,0.0016134246,0.0001281295
4.6032656e-06,1.3496861e-05,5.5251785e-06,0.0037419347,1.4208593e-05,0.00010259164,0.99333835,3.8474604e-06,0.0022106012,0.0005648544
1.9133338e-06,1.7188713e-05,4.0920636e-06,0.0036561026,6.414524e-06,0.00012461965,0.9943916,2.3188459e-06,0.0013122172,0.00048343427
1.1627471e-06,1.3517186e-05,3.4914449e-06,0.0013254428,3.4809023e-06,0.0001306868,0.9977901,2.0058687e-06,0.00056505256,0.00016508046
1.4396333e-06,1.1090013e-05,3.1712052e-06,0.0005939609,2.7286162e-06,0.00012890312,0.9987249,2.2305705e-06,0.00045710301,7.442965e-05
1.9446754e-06,1.3099204e-05,3.2840617e-06,0.00045836257,2.4770375e-06,0.00016710219,0.9985543,2.3102866e-06,0.00073353545,6.352883e-05
2.9332998e-06,2.763964e-05,4.14986e-06,0.00039224606,2.1460928e-06,0.00026501366,0.99607396,3.0621218e-06,0.0031340073,9.4945375e-05
5.5466735e-06,0.00026001994,4.2605137e-05,0.00029108112,2.7542683e-06,0.002608443,0.86463916,4.2007374e-05,0.13181041,0.00029795885
1.8829694e-06,0.00036952607,0.00012409769,0.00020600732,2.8339124e-07,0.0027252408,0.03386975,1.2321011e-05,0.9619241,0.000766864
4.4863295e-06,0.00025381145,0.00011670602,2.4315817e-05,2.9132102e-07,6.1975654e-05,0.009040623,1.2329332e-05,0.99039185,9.3705654e-05
1.0834535e-05,2.5352163e-05,2.585897e-05,9.0034615e-07,9.47193e-08,4.7032586e-06,0.00038460095,4.650517e-06,0.99951935,2.3596744e-05
4.730043e-06,3.9288566e-06,9.451376e-07,3.0911233e-06,3.1893645e-08,3.5632875e-06,2.672644e-05,2.1914592e-07,0.9998374,0.0001193446
3.6374051e-06,5.568827e-06,5.5749445e-07,7.0658e-06,4.5003773e-08,4.4896597e-06,1.4726603e-05,3.0720872e-07,0.9996105,0.0003532033
2.2812583e-06,1.3953533e-05,4.027501e-07,3.1814022e-06,4.461311e-08,4.8278816e-06,9.7717675e-06,7.48166e-07,0.9998678,9.7043856e-05
1.8934134e-06,8.177053e-06,5.1161635e-07,2.367559e-06,3.2904108e-08,1.1988798e-05,8.396039e-06,8.373589e-07,0.9998621,0.00010372921
2.0010064e-06,1.0132415e-05,9.040055e-07,2.2717334e-06,1.6349437e-08,2.52944e-05,5.112215e-06,1.2715483e-06,0.9996997,0.00025340315
1.9533566e-06,2.0689695e-05,1.5828858e-06,1.9734232e-06,1.5676482e-08,6.283745e-06,1.026058e-05,1.366317e-06,0.9997706,0.0001853782
4.6552e-06,0.00016991945,4.2580627e-06,5.5223904e-06,2.2765118e-08,2.3543107e-06,8.645052e-06,1.1084477e-06,0.99956256,0.00024099807
5.2205905e-06,0.0002607311,5.995668e-06,9.833538e-06,1.0201733e-08,3.7732107e-06,1.77231e-05,6.660271e-07,0.99944395,0.000252087
5.859688e-06,7.480555e-05,3.0275685e-06,3.0385602e-06,6.818024e-09,3.3936078e-06,3.3135868e-05,8.351547e-07,0.99975544,0.000120577184
8.828439e-06,1.6071795e-05,1.0426692e-06,7.3223043e-07,9.632535e-09,1.3577718e-06,1.998116e-05,6.8801836e-07,0.9998845,6.688814e-05
1.1407492e-05,5.688294e-06,4.894442e-07,6.649753e-07,1.0597957e-08,2.5328195e-06,4.4604985e-06,3.0400747e-07,0.99989843,7.589796e-05
6.65739e-06,1.6318567e-05,6.1736756e-07,2.6642708e-06,9.40047e-09,6.779948e-06,1.2091913e-05,4.4202213e-07,0.9998318,0.00012248395
8.277735e-06,2.4513794e-05,6.7722846e-07,1.0285906e-05,1.00128945e-08,7.1462323e-06,3.0346255e-05,4.549061e-07,0.99979717,0.00012126353
9.21275e-06,1.4540971e-05,3.942018e-07,6.87511e-06,9.016986e-09,4.7596664e-06,2.6714066e-05,5.088426e-07,0.999793,0.00014414327
6.2215935e-05,5.3959443e-06,2.8904606e-07,3.905588e-06,1.5457664e-08,4.5840534e-06,3.49668e-05,5.7952695e-07,0.99983203,5.5917735e-05
0.00020993539,5.865629e-06,5.3521495e-07,1.9599208e-06,2.5273145e-08,2.896987e-06,9.4640825e-05,2.3102077e-06,0.9996407,4.1013787e-05
0.00064345,1.7525086e-05,7.4651393e-07,3.0207648e-06,4.154756e-08,2.2354884e-06,6.7309615e-05,4.723991e-07,0.99923205,3.3212145e-05
0.1463979,2.4351793e-05,1.42389545e-05,1.1096724e-05,7.668067e-07,1.0298078e-05,0.00031923663,4.9708126e-07,0.8531658,5.5743294e-05
0.32436106,1.6799118e-05,1.9202074e-05,8.5979e-06,1.9714728e-06,7.116554e-06,0.00066878035,5.7636635e-07,0.674878,3.7875205e-05
0.6556327,8.285376e-06,2.2417158e-05,5.0972776e-06,3.7517502e-06,1.00770685e-05,0.001096202,6.594219e-07,0.3431957,2.5128473e-05
0.7922752,7.3758238e-06,2.4806504e-05,4.2678835e-06,3.3575345e-06,8.706607e-06,0.0014320905,8.661276e-07,0.20621938,2.3947863e-05
0.8823398,7.146116e-06,2.032205e-05,3.657311e-06,2.4742383e-06,7.6076467e-06,0.0013453375,7.473073e-07,0.11624764,2.5189354e-05
0.9405876,1.0718694e-05,1.7286304e-05,2.4825508e-06,2.2452052e-06,3.3510614e-06,0.0009761515,8.322072e-07,0.058382526,1.6772094e-05
0.98554754,4.4712924e-06,4.446527e-06,7.35198e-07,1.6512637e-06,3.0421825e-06,0.00038778453,6.398931e-07,0.014041412,8.235887e-06
0.991139,4.934675e-06,3.224138e-06,5.1587193e-07,1.3160067e-06,2.4017597e-06,0.00032399478,7.7681426e-07,0.008516821,7.0821643e-06
0.9961541,4.061942e-06,1.6157336e-06,2.9341442e-07,1.0565009e-06,1.4972494e-06,0.00018487946,1.0142003e-06,0.003647168,4.261022e-06
0.9978728,5.3871995e-06,8.4545593e-07,2.3619397e-07,6.9980103e-07,1.9992876e-06,0.0001488422,9.18267e-07,0.0019632133,4.971671e-06
0.99929345,5.3965823e-06,6.9175013e-07,2.4034188e-07,1.7043661e-06,2.4921167e-06,0.00018021055,1.0066353e-06,0.000504206,1.0533851e-05
0.99920076,7.1623776e-06,5.5888876e-07,2.8574468e-07,2.5567392e-06,2.5213433e-06,0.00028647255,1.6800731e-06,0.00048931455,8.733107e-06
0.99905103,7.2847765e-06,9.716073e-07,3.2624416e-07,2.7497192e-06,2.885864e-06,0.00041446288,2.1237645e-06,0.00050696015,1.1177391e-05
0.99882716,4.599176e-06,1.4040643e-06,4.3399913e-07,4.7283343e-06,2.633419e-06,0.0006044604,2.2969043e-06,0.0005383699,1.3977322e-05
0.99718094,9.916723e-06,2.3477469e-06,9.576039e-07,5.1640272e-06,5.1730176e-06,0.0017935549,4.4393955e-06,0.0009709774,2.659959e-05
0.99634016,8.294416e-06,2.4910369e-06,2.1835158e-06,4.923878e-06,2.7334613e-06,0.0023671256,5.92439e-06,0.0012403805,2.5841206e-05
0.9956689,5.3505983e-06,2.400705e-06,5.8074716e-06,9.998656e-06,2.2172737e-06,0.002703472,8.459834e-06,0.0015668446,2.6575117e-05
0.9882448,5.7007533e-06,7.1779414e-06,2.2339498e-05,4.8496015e-05,4.033347e-06,0.0057417573,4.1056035e-05,0.005839562,4.513322e-05
0.9798319,4.6360556e-06,1.4322308e-05,8.719868e-05,9.762044e-05,5.2431083e-06,0.00502284,1.7307928e-05,0.014801207,0.00011769727
0.91781443,3.5487057e-05,0.00019234938,0.0067731757,0.018601792,3.26626e-05,0.011457209,5.1537965e-05,0.037910685,0.00713074
0.09746983,0.00018010671,0.002039278,0.15045261,0.5594359,0.00041085243,0.022715706,0.0006290011,0.06432347,0.10234331
0.013886293,7.514731e-05,0.0025302763,0.09409137,0.7727115,0.000339406,0.015155882,0.0017705783,0.056350842,0.043088734
0.0032557056,4.377939e-05,0.0020269542,0.27720556,0.62567365,0.0005119318,0.011866288,0.00037980432,0.020984268,0.058052126
0.0013784276,7.332994e-05,0.00077548204,0.5291186,0.37703806,8.468978e-05,0.006191397,0.0004183108,0.017643198,0.06727851
0.0008124184,7.790382e-05,0.00070406316,0.25229076,0.7096032,5.8396196e-05,0.008240569,0.0003595425,0.008802905,0.019050352
6.333313e-05,6.772408e-06,0.0004174342,0.003858142,0.99339855,1.5164175e-05,0.0011452629,6.6494e-05,0.00031806764,0.0007106927
3.3938242e-05,2.8676102e-06,0.00048156132,0.0018791966,0.9965953,1.1678707e-05,0.00044350224,2.368754e-05,0.00011841195,0.00040980458
3.4549226e-05,2.6560274e-06,0.0011815103,0.0031533963,0.9940519,1.6572774e-05,0.0006290845,1.2337353e-05,0.000106960506,0.0008111322
0.00011089188,2.2379038e-06,0.002858064,0.005681397,0.9888783,6.5741406e-06,0.00095533405,2.8013885e-05,0.00041607305,0.0010631472
0.00075894117,4.0068844e-06,0.0057647857,0.01142873,0.9764153,4.476828e-06,0.0009696832,6.706894e-05,0.0031953924,0.001391616
0.0023894531,1.05153495e-05,0.008892474,0.035054997,0.9250803,9.2723585e-06,0.0016378808,7.72694e-05,0.02246452,0.0043833153
0.0013142902,1.48321515e-05,0.009254691,0.10567334,0.8463217,2.9386263e-05,0.0026488444,0.00012997286,0.01704106,0.017571935
0.00011704309,4.1978265e-06,0.0025771153,0.020750213,0.97044635,4.4981018e-05,0.0016295161,3.2792395e-05,0.00025445982,0.004143377
0.00079717283,2.6234362e-05,0.0035627095,0.1427347,0.82995105,4.9058912e-05,0.00858917,0.00018123732,0.000686894,0.013421787
3.7502978e-05,2.083153e-05,0.00063204044,0.010474443,0.9838135,4.2430715e-05,0.0044841287,2.9808278e-05,1.6525713e-05,0.00044869375
2.0799998e-05,8.904242e-06,0.0005436342,0.0008031251,0.9974245,0.0001008993,0.0010212008,1.1986083e-05,4.495677e-06,6.0464892e-05
3.6920865e-05,1.2277372e-05,0.0013603247,0.0017051735,0.995767,4.629444e-05,0.00091160845,1.2163186e-05,7.747193e-06,0.00014058629
3.567119e-05,2.0467744e-05,0.0032609997,0.002281003,0.9928189,9.573274e-05,0.0011737639,2.3326573e-05,1.902146e-05,0.00027105797
3.653997e-05,1.7568924e-05,0.0039197686,0.0009122678,0.9939085,0.00014748149,0.0007234159,7.7220895e-05,1.9324216e-05,0.0002378807
6.191642e-05,3.0806517e-05,0.012961336,0.00027199768,0.98447084,0.0011569568,0.0002984949,0.0002303987,8.721113e-05,0.00043004507
8.547118e-06,2.8328837e-05,0.0015783184,8.138492e-06,0.0024142573,0.9952703,0.00019330891,0.0001277058,9.9206045e-05,0.00027181045
3.2733676e-06,3.2512876e-06,0.0002723346,4.984707e-06,0.0008370715,0.9984876,0.000103215156,7.011595e-05,0.00010540036,0.00011273417
6.202774e-05,1.0983331e-05,0.001212547,2.0761301e-05,0.021680437,0.97239065,0.0007730089,0.00071069907,0.0029529762,0.00018590967
9.274007e-06,2.1246036e-05,0.0020796568,3.1009527e-05,0.029637018,0.9598837,0.00093851617,0.0070185745,0.00030710388,7.381311e-05
6.214556e-07,1.8055221e-06,6.774344e-05,2.8282889e-06,0.0001560158,0.9995701,0.00012267385,5.324637e-05,1.675235e-05,8.234632e-06
4.4166322e-06,1.6651123e-06,3.813529e-05,3.6646227e-06,3.442757e-05,0.99972004,0.00012005268,1.9177376e-06,6.7153356e-05,8.4632375e-06
2.3279001e-06,1.1218376e-06,1.0572972e-05,1.2728791e-06,2.4497404e-05,0.9996214,6.44506e-05,0.00021860424,5.0271014e-05,5.489875e-06
1.5115528e-06,2.0059301e-06,1.552851e-05,5.8398786e-07,6.924351e-06,0.99949205,6.0877923e-05,0.0003465504,6.897747e-05,5.054358e-06
2.9264018e-07,1.5677522e-06,1.1490127e-05,3.9835703e-07,2.9255718e-06,0.9994832,2.0499645e-05,0.000458901,1.6517812e-05,4.1479566e-06
2.1804598e-07,1.5751874e-06,3.0047404e-06,1.5993778e-07,1.689811e-07,0.9998858,8.410712e-06,8.4515304e-05,1.254509e-05,3.7204575e-06
1.5682316e-07,3.6852673e-06,6.0031846e-07,4.3500772e-06,1.098042e-08,0.99993134,5.6692284e-06,2.1352032e-06,5.0484364e-06,4.709411e-05
5.444189e-07,5.5400724e-06,1.5008293e-07,1.6123658e-05,2.9099342e-08,0.9998895,1.2729551e-05,7.8037834e-07,1.3386066e-05,6.125092e-05
9.221778e-07,1.5773203e-05,1.3100984e-07,8.708169e-05,9.035184e-08,0.9997563,2.4422372e-05,4.021631e-06,6.1009014e-06,0.00010523217
1.5471592e-06,3.8746475e-05,2.58999e-07,0.00059686176,3.0729686e-07,0.99913186,5.3712025e-05,8.644978e-06,8.533488e-06,0.00015952505
4.208632e-06,0.000103198654,4.9973954e-07,0.0022868533,4.815156e-07,0.9965245,0.00010043708,5.546412e-06,2.1797803e-05,0.00095240085
4.6468544e-05,0.0015568804,1.1725307e-06,0.0095482655,4.402411e-07,0.9832486,0.00028060566,1.274268e-05,7.582964e-05,0.0052290056
2.2340066e-05,0.0010715558,9.232153e-07,0.0115596065,4.3950755e-07,0.9750577,0.00023132951,0.000115972754,7.750867e-05,0.011862576
4.12724e-05,0.0016030073,1.7739825e-06,0.012008198,4.947263e-07,0.9030166,0.0002680131,4.603039e-05,0.00025179083,0.08276284
3.7890408e-05,0.0066181812,1.926466e-06,0.030133698,6.4526864e-07,0.8551407,0.0003293751,7.140567e-05,0.0003504214,0.10731572
0.00016664685,0.043809555,3.888259e-06,0.20982128,4.4543112e-06,0.41074452,0.00068688486,0.00016712655,0.0004263532,0.33416927
0.0004237221,0.06514909,2.4057942e-06,0.41708946,1.2298584e-05,0.029497897,0.0007563459,6.928779e-05,0.00036940398,0.48663008
0.00070173806,0.0846679,1.6863419e-06,0.2218645,1.3252865e-05,0.011433311,0.00046578533,0.000119426826,0.00092090067,0.67981136
0.00058365025,0.12226533,1.9257445e-06,0.24633506,1.3911191e-05,0.008292191,0.0003286375,0.00020423013,0.0010542065,0.62092084
0.0005978321,0.08358044,2.590612e-06,0.17598936,7.860558e-06,0.0042586382,0.00015305719,5.8377707e-05,0.00095001404,0.73440176
0.0011056203,0.093080014,1.7130156e-06,0.120772645,1.0454518e-05,0.0009904433,0.00014832625,3.8399347e-05,0.0012791681,0.7825732
0.00247011,0.14507098,1.8588316e-06,0.11463459,2.487637e-05,0.002236092,0.00016681777,7.63079e-05,0.0033972291,0.7319212
0.0013835956,0.17606919,1.5939487e-06,0.17796345,1.6285507e-05,0.0014909402,0.00013305801,6.474836e-05,0.0022737433,0.6406034
0.0005332041,0.13294561,2.4167384e-06,0.12243916,9.264473e-06,0.00045681297,7.839591e-05,2.6452604e-05,0.0009537463,0.7425549
0.0024722053,0.11796369,1.6051338e-06,0.053613234,3.202461e-05,0.00030358965,5.33237e-05,2.129455e-05,0.0031819912,0.822357
0.0015579255,0.13680391,1.5054729e-06,0.09213416,3.641109e-05,0.00021798119,5.582157e-05,7.064326e-05,0.001917376,0.7672043
0.0010738529,0.07438865,1.1415344e-06,0.05588133,6.5703585e-05,0.00020339283,4.476025e-05,4.4041855e-05,0.0013023971,0.8669947
0.0017647565,0.14769922,1.1762716e-06,0.047994938,8.165709e-05,0.0004977851,5.9135935e-05,7.616056e-05,0.0024717865,0.7993534
0.0009046012,0.11943151,1.3147278e-06,0.08894542,4.2604966e-05,0.00075749273,8.8150155e-05,3.692364e-05,0.0010404607,0.7887515
0.0010111934,0.076041535,1.6241239e-06,0.18930006,8.1726546e-05,0.00036383324,0.00013852262,2.822407e-05,0.00047181442,0.7325614
0.0017259691,0.07286114,1.4430657e-06,0.13942125,8.024175e-05,0.0002104927,0.00013157434,5.408612e-05,0.000984014,0.7845297
0.0011540852,0.12611736,1.6989409e-06,0.10026325,0.000109580316,0.00096146483,0.00014524513,0.00012263477,0.0014354325,0.7696892
0.0015886769,0.19356492,1.4517257e-06,0.13866396,0.00020204388,0.001289343,0.0002625524,0.0002268893,0.0012019929,0.6629982
0.001159322,0.20798884,2.6277237e-06,0.2676544,0.00031494518,0.00030771576,0.00036351677,0.00044521614,0.0008327844,0.5209306
0.015929168,0.15195414,2.653851e-05,0.110932566,0.006408184,0.00027876245,0.0006335946,0.0018417487,0.031085812,0.6809095
0.020299142,0.038938902,0.00013657103,0.31143138,0.030679084,7.521481e-05,0.0006305129,0.0019039586,0.026046963,0.5698582
0.005310322,0.004992963,9.94553e-05,0.35069093,0.013589141,0.000206072,0.0005703437,0.00071929145,0.02503671,0.59878486
0.0011234017,0.0012876187,4.5742818e-05,0.30987567,0.0020728786,0.0018094156,0.000813904,0.00085484487,0.01682502,0.6652915
0.0024169283,0.00038640955,0.0001985729,0.4030541,0.038466565,0.004005031,0.005082296,0.001824469,0.042247504,0.50231814
0.0034007241,0.0002718923,0.00021369349,0.6069533,0.13818732,8.22257e-05,0.004224855,0.0014053992,0.022750212,0.22251041
0.00097566115,9.814944e-05,0.00024159075,0.10380956,0.8675837,1.5406999e-05,0.002208504,0.00028954807,0.0035437958,0.021234052
8.2035054e-05,1.4997979e-05,0.00019796037,0.009099575,0.9872477,5.7624347e-06,0.00052788574,6.651698e-05,0.00016346498,0.0025942028
5.875397e-05,4.5571396e-06,0.00026787948,0.003212511,0.99511707,6.693344e-06,0.00027273732,3.1802632e-05,7.671203e-05,0.0009512594
0.000111189715,4.7584467e-06,0.0010382312,0.007917036,0.98765916,1.1932539e-05,0.00064146507,2.8792916e-05,0.000107801556,0.0024797304
0.00076868053,2.3796936e-06,0.0044552903,0.0059292465,0.9858145,6.5988465e-06,0.00095197104,4.572107e-05,0.0008227288,0.0012029101
0.00090418005,2.7315891e-06,0.0038515762,0.004530002,0.98820066,3.1812217e-06,0.0005300955,5.2516876e-05,0.0011200908,0.00080491405
0.00066753116,2.8435463e-06,0.00232593,0.016717494,0.9721933,1.09639195e-05,0.00083668134,4.807943e-05,0.005784146,0.0014129353
0.00014679716,1.2296952e-06,0.00096999574,0.017247122,0.9778176,6.674676e-05,0.0007768688,1.4787481e-05,0.0010634772,0.001895414
2.8398983e-05,1.2048723e-06,0.0003825957,0.0007035016,0.9984029,3.710229e-05,0.00013139234,4.2322367e-06,1.6939557e-05,0.0002917417
7.1639435e-05,1.036012e-06,0.00047951334,0.0011539856,0.9975259,2.027138e-05,0.00017577187,8.897406e-06,3.2602642e-05,0.00053031876
2.3851453e-05,1.8625971e-06,0.00032543685,0.00021338067,0.9991991,1.7604241e-05,0.00010912604,5.7630095e-06,8.1132375e-06,9.586777e-05
3.1668966e-05,2.3210212e-06,0.0004651617,9.3090384e-05,0.99924856,1.6051605e-05,7.2000825e-05,5.50206e-06,7.757491e-06,5.7862624e-05
3.241536e-05,3.1319933e-06,0.00065349235,0.00017925935,0.998933,1.3462336e-05,7.4373704e-05,3.7769398e-06,8.56559e-06,9.856786e-05
1.5600244e-05,3.0962851e-06,0.00051464984,0.00021326472,0.99905723,2.172899e-05,6.409698e-05,3.536642e-06,7.163814e-06,9.971695e-05
1.4173932e-05,2.6466266e-06,0.00047741545,0.0002345421,0.9990404,3.432351e-05,7.8006684e-05,3.298998e-06,6.261318e-06,0.00010873943
1.7705986e-05,3.1594946e-06,0.0006356606,0.0003077268,0.9987664,2.2841035e-05,9.060647e-05,2.9007592e-06,8.008634e-06,0.00014499707
1.7991266e-05,3.063295e-06,0.0007583117,0.0003345511,0.99856937,2.9490076e-05,0.0001303262,2.4610467e-06,1.03975635e-05,0.00014403895
1.4312969e-05,2.065817e-06,0.00096529484,0.00056594255,0.9980793,3.419021e-05,0.00016889209,1.7877883e-06,1.5154462e-05,0.00015296841
1.8806331e-05,1.539206e-06,0.0012522887,0.00034636862,0.99805176,2.8867451e-05,0.00017211055,2.4331412e-06,1.9835259e-05,0.000105961546
2.1450687e-05,1.2213828e-06,0.0015773282,0.00034720686,0.99781007,2.1887874e-05,0.00012242598,2.7870628e-06,2.1421782e-05,7.428853e-05
3.33039e-05,8.5894055e-07,0.002383164,0.00019294176,0.99718815,8.869288e-06,0.00010365426,5.7847187e-06,3.3132896e-05,5.0063016e-05
4.773243e-05,5.959985e-07,0.003061055,0.0002808672,0.9963684,6.639861e-06,0.00013207215,7.877318e-06,4.7554364e-05,4.7189606e-05
4.661234e-05,4.0510704e-07,0.0024850788,0.00020088279,0.9970592,9.10758e-06,0.00011228865,1.29306e-05,4.1857333e-05,3.1665342e-05
9.187478e-05,3.9525324e-07,0.0018915592,0.0003030898,0.99752253,6.7636047e-06,9.872435e-05,1.2206914e-05,3.3558725e-05,3.9243594e-05
5.993396e-05,7.2770405e-07,0.0019584824,0.0003210236,0.9974891,1.0777689e-05,5.085175e-05,1.6023618e-05,3.122068e-05,6.175767e-05
2.861394e-05,5.7564915e-07,0.00064587325,0.00029363387,0.9988857,1.7238097e-05,6.921401e-05,1.1364312e-05,1.0572871e-05,3.7257163e-05
4.2152253e-05,1.3064741e-06,0.0025981453,0.00047723713,0.996472,9.828833e-06,0.00018011265,1.007809e-05,5.0670184e-05,0.00015852679
3.1296193e-05,5.99025e-06,0.0039231726,0.0014576307,0.9929173,7.0026103e-06,0.0010133267,9.07775e-06,0.00014265018,0.00049244484
2.7632972e-05,1.1532141e-05,0.0046639605,0.0016483675,0.9892579,1.4752013e-05,0.0032109711,1.1806608e-05,0.00020733092,0.00094580365
2.2921784e-05,1.2669697e-05,0.005368104,0.0019269119,0.9881358,2.0272242e-05,0.0031596723,1.8464756e-05,0.00012983957,0.0012053811
4.2026095e-05,5.1633738e-06,0.00704046,0.0019745647,0.9836998,1.4453018e-05,0.005636759,3.5398465e-05,0.00035279267,0.001198607
3.400634e-05,4.941837e-06,0.005714812,0.0022010738,0.9843329,3.102588e-05,0.0060950224,3.7947964e-05,0.00031853266,0.0012297815
6.6248096e-05,5.997979e-06,0.002932533,0.0019475783,0.98587936,3.464655e-05,0.007490367,8.168411e-05,0.00034174477,0.0012197483
0.00011965872,6.451893e-06,0.004714402,0.0018046349,0.98421544,8.5429245e-05,0.0044907485,0.000112870766,0.00070615014,0.0037442418
9.1840746e-05,1.6728072e-05,0.0032647583,0.0017618318,0.9869833,0.0009959934,0.0014966561,0.00010348704,0.0006081265,0.0046772934
0.00019063888,2.4813147e-05,0.00051013206,0.0011095725,0.9922545,0.00054893416,0.0006653989,7.19088e-05,0.0009099184,0.0037141526
0.00073252304,5.301225e-05,0.0011079824,7.9233e-05,0.028273337,0.0009230317,0.0003145415,0.00042653026,0.9512296,0.016860213
1.2654404e-05,8.977271e-06,3.9323495e-05,2.8616581e-05,2.031458e-05,2.725233e-05,4.571186e-05,8.1855915e-06,0.9892971,0.010511998
1.1100342e-05,2.3497369e-06,1.1413245e-05,4.6796038e-05,9.031443e-06,4.8653105e-06,3.120286e-05,5.297184e-06,0.99338937,0.006488599
1.5253576e-05,1.6104588e-06,5.1465777e-06,1.575198e-05,2.150831e-06,1.794494e-06,7.028652e-05,3.4491413e-06,0.9985569,0.0013276384
3.334558e-05,1.2998175e-06,4.162737e-06,4.9532173e-06,6.8150683e-07,1.7204746e-06,0.000105123676,2.4765577e-06,0.999443,0.0004031636
1.1464413e-05,6.5036284e-07,7.776952e-07,1.0811454e-05,1.8265577e-07,8.361481e-06,2.117016e-05,1.4446541e-06,0.9987054,0.00123977
1.1228957e-05,7.7308187e-07,2.7515574e-07,9.05444e-06,1.5398084e-07,1.3136946e-05,8.832884e-06,1.2528592e-06,0.99894184,0.0010135972
8.9494515e-06,1.0379956e-06,2.4349413e-07,4.9006367e-06,8.724215e-08,4.1384654e-05,4.3894256e-06,2.0771704e-06,0.9990594,0.0008775521
1.466291e-05,1.8162734e-06,1.63639e-07,3.1960328e-06,6.5924716e-08,7.9479425e-05,2.4568835e-06,1.3554529e-06,0.99915683,0.00073993264
3.1431915e-05,1.9684837e-06,4.0485265e-08,1.6434157e-06,1.1989782e-07,3.2185555e-05,1.4345438e-06,7.306836e-07,0.9996867,0.00024381405
2.3936826e-05,3.1839759e-06,5.578819e-08,1.3595903e-06,7.3502186e-08,2.0214791e-05,9.542614e-07,1.1816572e-06,0.9996475,0.0003015359
2.529514e-05,7.962036e-06,6.616527e-08,2.9616863e-06,1.1175581e-07,8.337252e-06,9.975031e-07,7.373957e-07,0.99951065,0.0004429605
2.1448202e-05,1.3232289e-05,1.2783791e-07,4.696852e-06,7.24894e-08,1.1171522e-05,1.2280735e-06,8.322011e-07,0.99906737,0.0008799031
2.3190056e-05,4.204081e-05,2.1128338e-07,6.6869693e-06,5.963331e-08,1.7705233e-05,1.1902948e-06,1.3305889e-06,0.99852496,0.0013825173
3.9797498e-05,5.9574144e-05,1.5166123e-07,2.2586673e-06,4.565428e-08,1.6312793e-05,3.2146525e-06,3.2019123e-06,0.99900645,0.00086913083
4.4887507e-05,0.00016806628,2.633593e-07,1.5591193e-05,2.2298642e-07,0.00012752757,1.0763956e-06,5.4145253e-06,0.9959735,0.0036635012
5.2471514e-05,0.000257108,3.4011597e-07,1.22228475e-05,2.889774e-07,0.00020800105,1.0807614e-06,6.7164815e-06,0.9965335,0.0029282223
7.139095e-05,0.0015812619,4.267876e-06,2.104428e-05,2.0308305e-07,0.0029296305,1.6472844e-06,7.8002944e-05,0.98417443,0.011138111
0.00017657153,0.0019676639,3.97811e-06,1.45125305e-05,2.8550892e-07,0.0025220362,1.444725e-06,8.463063e-05,0.98692465,0.008304253
0.0015420651,0.35716572,0.0001478398,0.00030166266,1.4468536e-05,0.002611466,4.4775716e-06,0.00064970716,0.49755076,0.14001176
5.1781964e-05,0.98012125,0.000175734,0.0003614637,2.446044e-05,0.00016720909,1.0249016e-06,6.192876e-05,0.00069599436,0.018339135
1.6637681e-05,0.9976205,7.857702e-05,9.6444026e-05,9.021394e-06,9.553028e-05,6.8236477e-07,2.144776e-05,3.4986955e-05,0.0020262594
1.0695717e-05,0.99841917,7.413636e-05,7.9022895e-05,9.890327e-06,0.000113967806,9.48431e-07,2.107869e-05,1.0436689e-05,0.0012605268
5.8849605e-06,0.99872404,6.295786e-05,2.9577373e-05,3.250005e-06,0.00013295792,9.3999563e-07,3.9181938e-05,1.0860713e-05,0.0009902448
4.3668383e-06,0.99874145,4.47143e-05,1.6794345e-05,1.3381839e-06,0.00011761127,6.936055e-07,7.086791e-05,1.6382824e-05,0.0009858371
6.0081006e-06,0.9981858,4.9257287e-05,1.4520172e-05,2.3530215e-06,0.00010184343,8.755547e-07,0.0001375628,2.7845845e-05,0.001473802
1.4706509e-05,0.99744713,5.3569067e-05,1.4284996e-05,4.8405154e-06,0.00012001735,1.1784762e-06,0.00028565875,3.0764037e-05,0.0020278539
4.2984466e-05,0.996962,5.168792e-05,9.970328e-06,6.1652463e-06,0.00014421996,1.7105094e-06,0.0008031226,2.6399935e-05,0.0019516505
7.897149e-05,0.9973864,3.1943477e-05,7.697857e-06,3.5968537e-06,0.0001536037,2.2930947e-06,0.0010597032,1.242349e-05,0.0012634499
9.2865106e-05,0.9981736,2.5282414e-05,8.090446e-06,2.0175448e-06,6.57303e-05,2.8419158e-06,0.0007672624,6.155585e-06,0.00085626915
2.325748e-05,0.9996791,1.1325919e-05,1.902225e-05,8.484302e-07,2.122051e-05,1.2380594e-06,6.5323264e-05,1.6650822e-06,0.00017694801
1.4911837e-05,0.9997162,1.5484859e-05,1.5729518e-05,4.196002e-07,2.4262099e-05,1.0281192e-06,3.2269e-05,2.588567e-06,0.00017697754
1.4435e-05,0.99952817,2.4378756e-05,2.0576368e-05,3.626419e-07,1.6478276e-05,1.1553556e-06,2.341879e-05,4.565604e-06,0.00036651533
8.0583895e-06,0.9995672,3.1018255e-05,3.6306334e-05,3.8963827e-07,1.3829978e-05,1.0410677e-06,1.2023041e-05,5.2607897e-06,0.0003248651
6.966937e-06,0.9995541,4.034379e-05,3.0099965e-05,3.258713e-07,1.888147e-05,9.926355e-07,1.5117599e-05,6.9845255e-06,0.00032623127
9.8378e-06,0.99941957,4.160122e-05,2.4530045e-05,4.228895e-07,1.972169e-05,1.2292917e-06,2.3799268e-05,9.34901e-06,0.00044981405
1.3868452e-05,0.9992107,4.1652107e-05,2.316174e-05,6.5348974e-07,2.6051874e-05,1.4934724e-06,3.475238e-05,1.1255452e-05,0.00063628494
1.9225134e-05,0.99913055,4.2038195e-05,2.0388045e-05,8.7083885e-07,4.8243288e-05,1.7454015e-06,5.7213332e-05,9.687928e-06,0.0006699492
2.1727978e-05,0.9992993,3.9476283e-05,1.641018e-05,1.0542378e-06,6.050395e-05,1.8972482e-06,9.0186826e-05,7.846869e-06,0.00046156082
7.271834e-06,0.99962425,2.7281018e-05,2.8981922e-05,5.669754e-07,5.9589158e-05,1.3898394e-06,3.102837e-05,4.52781e-06,0.00021510143
4.2861593e-06,0.9997038,2.6269132e-05,9.258092e-05,2.83677e-07,4.8235994e-05,1.3413832e-06,5.5354367e-06,5.0077847e-06,0.00011263879
3.2632593e-06,0.9996861,2.9089388e-05,0.000112758345,1.497986e-07,5.053471e-05,1.5287953e-06,4.019532e-06,6.8635272e-06,0.00010568388
2.8568581e-06,0.9996184,5.9087375e-05,7.002406e-05,8.26891e-08,3.4825727e-05,1.7545135e-06,4.1526973e-06,1.6403654e-05,0.00019249339
2.5142585e-06,0.9995691,8.5098334e-05,6.81279e-05,5.802447e-08,1.8958493e-05,2.309463e-06,4.048185e-06,1.9648005e-05,0.00023010607
2.5844458e-06,0.9995096,0.000115671995,7.667628e-05,5.6159895e-08,1.4066128e-05,2.6318778e-06,4.0239606e-06,2.278108e-05,0.00025202904
2.8443537e-06,0.9993986,0.00017834718,7.7329234e-05,5.500121e-08,1.2025955e-05,3.23095e-06,5.2804835e-06,2.2457056e-05,0.00029989774
2.6559803e-06,0.99923897,0.00024044033,0.000110659676,7.8398294e-08,1.0408933e-05,2.7697115e-06,5.4967472e-06,2.412204e-05,0.00036455624
2.4946403e-06,0.99915457,0.00026157394,0.00014697337,1.16717274e-07,1.0063828e-05,2.4353883e-06,4.9540736e-06,2.3997321e-05,0.00039280366
2.1584717e-06,0.9991974,0.00020344742,0.00017949348,1.6887508e-07,9.21298e-06,2.1630156e-06,4.246404e-06,2.123832e-05,0.0003804975
1.4844213e-06,0.99932015,0.00012526741,0.00021406775,2.5406305e-07,1.1717017e-05,1.8470927e-06,3.091826e-06,1.5724712e-05,0.00030634564
1.0658988e-06,0.99964976,5.2665677e-05,0.0001791876,2.891163e-07,2.0663632e-05,2.344726e-06,1.0160834e-06,1.1356769e-05,8.174364e-05
1.221759e-06,0.99984944,1.8511251e-05,6.1005776e-05,2.0318342e-07,2.4014744e-05,2.4778674e-06,9.566112e-07,1.1040194e-05,3.1133928e-05
1.3174191e-06,0.99990356,8.295504e-06,2.109443e-05,2.0416057e-07,2.4215486e-05,1.8678927e-06,1.7750615e-06,1.0755788e-05,2.6896358e-05
3.1296527e-06,0.99991393,1.1819006e-05,2.5547635e-05,3.1454775e-07,1.4922312e-05,2.229398e-06,2.0128682e-06,7.788506e-06,1.838936e-05
4.5549623e-06,0.99987054,1.9216397e-05,5.1853793e-05,3.4911108e-07,1.0454822e-05,2.4422288e-06,2.423972e-06,8.039844e-06,3.0211173e-05
7.0326046e-06,0.99982893,2.7009757e-05,7.414602e-05,4.7321396e-07,8.678551e-06,3.2291705e-06,2.0609398e-06,1.05439085e-05,3.7934424e-05
6.409884e-06,0.9997873,3.7911723e-05,9.691175e-05,8.1508074e-07,7.6201773e-06,2.8715428e-06,2.4081326e-06,1.1037371e-05,4.6883848e-05
7.4950003e-06,0.99973387,3.9227503e-05,0.0001311491,1.1053797e-06,8.683363e-06,2.3512134e-06,3.0358763e-06,9.831128e-06,6.3123174e-05
8.705993e-06,0.9997768,2.7271913e-05,0.00011094215,1.1464473e-06,1.0240271e-05,2.9450691e-06,2.7783842e-06,7.185552e-06,5.21059e-05
0.000112521324,0.99966943,4.196211e-05,0.00010186707,3.0801937e-06,1.0155073e-05,6.314345e-06,2.8689683e-06,1.9166195e-05,3.262239e-05
0.7576902,0.22999941,0.00036973998,5.490927e-05,5.348232e-05,7.055219e-05,0.0007436891,1.2503299e-05,0.010967406,3.8163595e-05
0.9899384,0.003464451,2.836353e-05,5.0183926e-06,7.5599773e-06,2.1961368e-05,0.0008103937,7.260714e-06,0.0057056188,1.0863779e-05
0.996702,0.00040362845,6.688978e-06,2.1685985e-06,2.9685302e-06,1.0708087e-05,0.0005253886,5.070787e-06,0.002336701,4.6199766e-06
0.99760157,0.00022186263,4.1154963e-06,1.962741e-06,1.8528639e-06,8.4295325e-06,0.00045142553,4.39609e-06,0.001700543,3.7870982e-06
0.9983803,0.00014425456,2.5518686e-06,1.6845423e-06,1.1857686e-06,6.511417e-06,0.00028651863,3.1947673e-06,0.0011706504,3.1549164e-06
0.9988121,0.00010185068,1.8046812e-06,1.289643e-06,7.7388205e-07,5.2870264e-06,0.00019471487,2.2544214e-06,0.0008770182,3.0788758e-06
0.999121,7.310408e-05,1.27383e-06,8.848783e-07,5.723723e-07,4.3094915e-06,0.00012998882,1.7954048e-06,0.00066399656,3.0733352e-06
0.99909985,3.7896567e-05,1.0184224e-06,4.9912626e-07,4.9611657e-07,4.1584512e-06,0.00014287372,1.4751465e-06,0.0007081676,3.627827e-06
0.9991947,2.3174869e-05,7.8244864e-07,3.1851135e-07,5.366885e-07,2.7910448e-06,0.00011702843,1.3028339e-06,0.0006556651,3.6551633e-06
0.99910516,1.3613502e-05,6.4713123e-07,2.2100477e-07,6.1411066e-07,2.2310326e-06,0.0001268817,1.4007486e-06,0.0007451536,4.147997e-06
0.9993512,6.559916e-06,5.6006405e-07,1.818132e-07,6.760902e-07,2.880986e-06,9.1063754e-05,9.980396e-07,0.0005405991,5.17124e-06
0.9986582,7.860749e-06,1.3056372e-06,3.5032002e-07,9.650172e-07,2.433706e-05,0.00043457447,2.0246398e-06,0.00085769326,1.2636512e-05
0.9966108,7.786905e-06,3.4410932e-06,7.798345e-07,1.2489587e-06,4.3758904e-05,0.0017686638,3.6028111e-06,0.0015256238,3.428405e-05
0.99505216,6.760071e-06,6.4400856e-06,1.1639206e-06,1.2636423e-06,2.4708665e-05,0.0028723772,3.2950918e-06,0.0019821168,4.9660517e-05
0.9949517,6.937444e-06,7.875336e-06,1.3722059e-06,1.1791196e-06,1.5722451e-05,0.0029467822,2.6188795e-06,0.0020120132,5.377916e-05
0.9960205,6.718628e-06,7.4120762e-06,1.2182078e-06,1.0877421e-06,9.135417e-06,0.0020287777,1.8637361e-06,0.0018783321,4.492688e-05
0.9969222,6.702666e-06,7.1069653e-06,1.0634468e-06,1.0526331e-06,6.6283696e-06,0.00135998,1.6334113e-06,0.001655711,3.7927588e-05
0.99660754,7.0274027e-06,6.254511e-06,9.0582444e-07,9.673702e-07,7.5379226e-06,0.0012031836,1.8918183e-06,0.0021345546,3.0198453e-05
0.9957527,9.566142e-06,3.5072055e-06,6.1096125e-07,8.668566e-07,3.0341698e-05,0.0007777448,2.4900523e-06,0.0034026848,1.9484114e-05
0.97422874,0.00013874934,6.6358953e-06,1.5746458e-06,7.4013797e-06,0.011893694,0.0017870503,2.950422e-05,0.011841548,6.497936e-05
5.8272697e-05,6.7193294e-05,6.013755e-07,3.3495408e-07,9.289713e-07,0.9997204,6.163646e-05,9.302909e-06,6.7934794e-05,1.33168205e-05
2.522011e-06,6.2504178e-06,7.442299e-07,8.41396e-08,1.9990637e-07,0.9999373,2.4300258e-05,5.804131e-06,2.0447596e-05,2.4230337e-06
6.8722045e-07,3.0783606e-06,4.3102793e-07,1.0242381e-07,1.4842779e-07,0.99995816,2.0851303e-05,4.241369e-06,1.0259442e-05,2.0603336e-06
3.7310974e-07,5.8118744e-06,2.2831419e-07,1.6820837e-07,2.78901e-07,0.9999697,1.1184501e-05,2.4038359e-06,6.8135864e-06,2.9593893e-06
4.872807e-07,7.4611776e-06,2.8036962e-07,2.1765808e-07,7.101194e-07,0.9999716,8.847127e-06,1.8786086e-06,5.238767e-06,3.0930894e-06
4.879329e-07,6.441239e-06,2.611953e-07,2.6599562e-07,9.915146e-07,0.9999769,6.3266198e-06,1.2237899e-06,4.4808535e-06,2.7557028e-06
2.39974e-07,4.965319e-06,2.6305588e-07,2.8049382e-07,6.5997483e-07,0.9999844,3.3226324e-06,7.3105804e-07,2.8204468e-06,2.413169e-06
1.3200507e-07,5.433626e-06,2.71878e-07,3.1485365e-07,4.0074158e-07,0.99998665,1.7157658e-06,4.2711355e-07,2.2888717e-06,2.4038468e-06
9.64718e-08,5.3758845e-06,2.4134738e-07,3.0209563e-07,3.289008e-07,0.9999881,1.310273e-06,3.304161e-07,2.2884822e-06,1.666714e-06
5.5154665e-08,3.706485e-06,1.8186753e-07,2.5729867e-07,1.9022471e-07,0.9999912,9.080326e-07,2.8270105e-07,2.1259577e-06,1.0583143e-06
3.6640913e-08,2.731437e-06,1.9276584e-07,2.1166038e-07,1.5588371e-07,0.99999285,7.437958e-07,3.066374e-07,2.05513e-06,7.513056e-07
3.214118e-08,2.4511053e-06,1.3503542e-07,2.499171e-07,1.438513e-07,0.9999927,9.184126e-07,3.2398293e-07,2.3507819e-06,6.966542e-07
3.526019e-08,2.728173e-06,8.15974e-08,4.7065944e-07,1.828503e-07,0.99999213,1.2028296e-06,3.4403163e-07,1.8034117e-06,9.509114e-07
8.306905e-08,1.0407267e-05,7.1382665e-08,1.0591524e-06,3.7041582e-07,0.99998176,1.1310287e-06,3.7911067e-07,2.8898503e-06,1.9140018e-06
7.785735e-08,2.8224684e-05,1.1061201e-07,1.7440149e-06,5.121725e-07,0.9999633,1.5377555e-06,6.398367e-07,2.0175821e-06,1.8289463e-06
7.1773435e-08,3.6595986e-05,1.5087815e-07,3.9982087e-06,2.8145143e-07,0.99994993,2.6230673e-06,7.493936e-07,1.8443144e-06,3.6967233e-06
2.0281784e-07,0.00016437614,2.5647725e-07,1.5228476e-05,6.4050045e-07,0.99980146,3.895741e-06,1.3589855e-06,2.954983e-06,9.691557e-06
5.0695974e-07,0.0006884905,5.864018e-07,7.097452e-05,1.3689664e-06,0.99917704,7.705207e-06,2.2765862e-06,5.6696103e-06,4.5308614e-05
7.680365e-07,0.001989025,1.0445425e-06,0.00020517512,3.3391652e-06,0.9976502,1.7744333e-05,3.6839044e-06,5.7669204e-06,0.00012325468
1.4350307e-05,0.19313298,7.1095697e-06,0.013723824,4.8508005e-05,0.78925955,0.00016683083,4.8807076e-05,1.8832388e-05,0.0035791788
3.117421e-05,0.8427536,1.1044962e-05,0.12638229,2.1662552e-05,0.0055278926,0.00014386175,3.758693e-05,1.6779468e-05,0.025074147
3.3945456e-05,0.19042836,4.4316366e-06,0.7545809,1.815592e-05,0.0012729581,0.0006229847,2.4937837e-05,2.460524e-05,0.052988708
2.086579e-05,0.02183178,1.649618e-06,0.9515979,2.3439146e-05,0.00011226718,0.0004353225,9.894821e-06,1.4558446e-05,0.025952345
3.278214e-05,0.036377795,2.1664978e-06,0.94219965,3.8565966e-05,4.166163e-05,0.0002187861,9.634368e-06,2.2297438e-05,0.021056628
4.2668566e-05,0.060765922,5.000538e-06,0.9038417,3.3396467e-05,3.4340195e-05,0.00027075747,7.4693476e-06,3.174123e-05,0.034967005
2.4550027e-05,0.022744386,6.0225857e-06,0.8602807,9.622454e-05,3.9138456e-05,0.000369886,6.9960965e-06,2.0978612e-05,0.116411164
4.456729e-05,0.03153406,6.0808557e-06,0.7397848,4.8829446e-05,9.5774245e-05,0.000231279,1.3725995e-05,3.2278047e-05,0.22820856
7.652967e-05,0.021749394,6.4907695e-06,0.6658316,0.0005207284,0.00010430134,0.00025204447,3.719216e-05,3.0826508e-05,0.31139088
8.8931665e-05,0.020507434,3.0682518e-06,0.72251314,0.000747811,0.00049331854,0.0008429293,0.00012488858,1.8348095e-05,0.25466013
0.00017883515,0.014189559,4.0872856e-06,0.7125957,0.0007739974,6.223644e-05,0.00096415705,7.343112e-05,1.6725633e-05,0.2711413
0.00019651232,0.006742284,6.55631e-06,0.7985592,0.0008060894,1.39356525e-05,0.0010405813,6.945966e-05,1.5011121e-05,0.19255033
0.00018702031,0.002994596,9.866286e-06,0.83326983,0.0005815685,1.0062166e-05,0.0015853443,4.7481717e-05,2.2812806e-05,0.16129151
0.00015519734,0.0029255897,6.9419634e-06,0.89405483,0.0002687709,1.3038233e-05,0.0017271767,3.3357253e-05,2.0005147e-05,0.100795105
5.1299496e-05,0.004037349,5.1934776e-06,0.9410764,0.00021015169,1.4821503e-05,0.0018609151,3.129309e-05,1.4988407e-05,0.0526976
1.9309302e-05,0.0035884622,9.9347635e-06,0.9516907,0.00038823488,1.0833882e-05,0.0021645217,3.3894044e-05,1.6185119e-05,0.042077824
8.964416e-06,0.0012715656,2.2657847e-05,0.96025556,0.00023604391,1.1172315e-05,0.0014621726,9.8174705e-06,1.6313517e-05,0.036705732
2.3183763e-06,0.00097035704,1.7635535e-05,0.9870989,8.884928e-05,2.7948225e-05,0.0012140295,2.5940478e-06,9.231116e-06,0.010568232
7.1556036e-07,0.0002478947,1.7596907e-05,0.9947248,0.00020211631,6.0958308e-05,0.0013666917,8.371685e-07,7.291007e-06,0.0033710282
6.186423e-07,0.00010529613,1.133917e-05,0.9957818,0.00053274,0.00012378648,0.0024919023,4.6015566e-07,9.070738e-06,0.00094296655
2.1166622e-06,0.000104589904,1.5951333e-05,0.99360704,0.0027888902,4.8092526e-05,0.0022223203,3.3374852e-07,1.3240968e-05,0.001197345
4.365845e-06,0.00022081815,1.0185641e-05,0.9923437,0.0025082724,2.1724785e-05,0.004114859,3.071204e-07,1.9418503e-05,0.00075622794
5.549534e-06,0.00026552248,4.4972214e-05,0.9492785,0.024167782,5.5340985e-05,0.025476627,5.9186107e-07,6.0245045e-05,0.0006448955
5.772243e-06,0.00014032118,3.402113e-05,0.94838023,0.01325693,4.1274223e-05,0.037648108,6.0551156e-07,5.2321706e-05,0.00044039823
6.882456e-06,8.729283e-05,2.906002e-05,0.94045883,0.009233216,2.690569e-05,0.049741015,8.752322e-07,5.8303485e-05,0.00035762045
9.482465e-06,6.2515785e-05,3.8772097e-05,0.9318531,0.008043328,1.7550827e-05,0.059538294,9.795984e-07,8.368833e-05,0.00035229546
9.2290065e-06,6.141693e-05,4.9684088e-05,0.9402067,0.008852042,1.3421198e-05,0.05026002,1.4454488e-06,9.137814e-05,0.000454615
7.9591355e-06,5.0156268e-05,2.9947993e-05,0.9324935,0.0041017034,2.31709e-05,0.06292203,7.02332e-07,7.772254e-05,0.00029315596
1.681279e-05,2.4476141e-05,3.7183607e-05,0.9045277,0.007818342,1.9078117e-05,0.08705887,1.0248106e-06,0.00014677034,0.00034971844
1.981115e-05,1.9823357e-05,3.8749076e-05,0.8830877,0.0064204186,2.2015583e-05,0.109869234,8.4482616e-07,0.00016572919,0.00035570684
3.991528e-05,1.6730004e-05,5.4179167e-05,0.8580753,0.009600287,1.7475171e-05,0.1315324,8.3963556e-07,0.0002552945,0.00040754024
2.1878435e-05,1.3735208e-05,6.160626e-05,0.71414924,0.002742546,3.2493586e-05,0.28231063,5.877652e-07,0.00027600126,0.00039125484
2.5702304e-05,1.0955121e-05,6.7492314e-05,0.53211486,0.0017328833,3.8787563e-05,0.46527946,7.887303e-07,0.00033739014,0.00039161093
3.169801e-05,9.486747e-06,7.998206e-05,0.43842405,0.0011437122,3.5802375e-05,0.5595088,9.323344e-07,0.00038181536,0.00038372795
4.3097527e-05,9.2166865e-06,8.472275e-05,0.44203028,0.0008327052,3.5088364e-05,0.55613804,9.905394e-07,0.0004072151,0.00041859067
5.9766946e-05,1.01347305e-05,8.22048e-05,0.50789094,0.000746273,3.3320623e-05,0.49028227,1.0079734e-06,0.00041728784,0.00047681277
7.89033e-05,1.2808597e-05,7.186921e-05,0.5418691,0.00067086617,3.0196275e-05,0.45633975,1.0798914e-06,0.00040368416,0.0005218442
0.00013866721,1.8858404e-05,6.827942e-05,0.5370631,0.00065854046,2.7907965e-05,0.4609729,1.2506384e-06,0.00045942276,0.00059094914
0.0004474239,3.0382418e-05,8.384712e-05,0.55205613,0.00081965607,4.792775e-05,0.4450754,1.3009253e-06,0.00073053234,0.0007073755
0.000607374,6.055632e-05,6.782056e-05,0.6916303,0.00089472247,5.5672295e-05,0.3049659,9.0363847e-07,0.0007544056,0.0009623333
0.05293483,0.00017564472,0.0003903149,0.5894049,0.0058839563,0.00014005769,0.34111646,1.8580425e-06,0.007687977,0.00226415
0.97157943,8.797193e-06,0.00021206313,0.0011034616,0.00078030064,1.855721e-05,0.014216107,1.188216e-06,0.01193974,0.00014023764
0.98400795,2.9328592e-06,5.0318242e-05,8.204846e-05,0.00011779885,8.581453e-06,0.0088929115,1.3953053e-06,0.006788323,4.774169e-05
0.9881995,2.8932911e-06,2.206353e-05,2.5692914e-05,4.0189814e-05,4.947424e-06,0.007711997,2.0380387e-06,0.003963295,2.731897e-05
0.99034894,3.0748422e-06,1.1275692e-05,1.2907218e-05,1.749622e-05,4.653046e-06,0.0067899507,2.7683946e-06,0.0027880245,2.0904483e-05
0.9931589,3.2190248e-06,5.529968e-06,8.643294e-06,8.826738e-06,5.0323856e-06,0.004863284,2.7504625e-06,0.0019264411,1.7464528e-05
0.9955895,3.4558163e-06,2.8341587e-06,4.9082173e-06,4.586958e-06,5.159755e-06,0.0029995937,2.5104491e-06,0.0013741766,1.3268587e-05
0.9971419,4.2262386e-06,1.6814455e-06,2.4390158e-06,2.4437281e-06,5.2624687e-06,0.0017591704,2.2121205e-06,0.0010701958,1.0502744e-05
0.99814975,5.6805343e-06,1.1463021e-06,1.061688e-06,1.363955e-06,5.0293447e-06,0.00091946713,1.989054e-06,0.00090614316,8.545318e-06
0.9986743,7.2060366e-06,8.534547e-07,5.0393993e-07,9.2058866e-07,4.037119e-06,0.0004508309,1.7981398e-06,0.00085291814,6.7011974e-06
0.99886477,8.325789e-06,6.501181e-07,3.0964136e-07,7.087748e-07,3.0275494e-06,0.0002623969,1.7367342e-06,0.0008525278,5.516989e-06
0.9987452,9.463701e-06,7.324787e-07,3.2605692e-07,7.486064e-07,3.7469072e-06,0.000344467,1.601526e-06,0.0008840568,9.718618e-06
0.9981451,1.5322355e-05,1.1764095e-06,6.5316215e-07,1.0190136e-06,7.3403135e-06,0.00093846046,2.3405316e-06,0.0008714232,1.7119783e-05
0.9898981,2.2688844e-05,2.3645337e-06,2.727855e-06,2.3890088e-06,2.657704e-05,0.0070461687,4.0016e-06,0.002965012,3.0071393e-05
0.9830987,1.5703827e-05,3.1700445e-06,4.222884e-06,4.9027826e-06,3.3563563e-05,0.01275773,4.344262e-06,0.0040422212,3.5351877e-05
0.97225493,1.5179745e-05,4.109139e-06,7.446916e-06,8.19753e-06,5.981206e-05,0.02271697,5.6939357e-06,0.004882426,4.5180605e-05
0.94155645,1.25321085e-05,9.811468e-06,9.515161e-06,1.579663e-05,0.00022874988,0.04676289,1.8252971e-05,0.011313012,7.289855e-05
0.9249545,7.334607e-06,1.5284113e-05,1.9131436e-05,2.3224437e-05,0.00014763979,0.06574117,1.4436165e-05,0.008963047,0.00011426391
0.87701386,8.920529e-06,3.4050965e-05,1.3198228e-05,4.2084117e-05,0.00023716164,0.10245271,2.6018473e-05,0.020089643,8.22819e-05
0.9236876,6.4356445e-06,3.5404322e-05,1.0215902e-05,4.7783637e-05,0.000116386705,0.061442718,1.4961581e-05,0.014570195,6.840338e-05
0.89973235,5.993271e-06,2.9579951e-05,1.6642436e-05,3.5391833e-05,0.00013467133,0.07450029,1.1969026e-05,0.025391769,0.00014129744
0.0007549401,2.1120353e-05,2.5307604e-06,0.00031104079,8.761029e-06,0.00010586706,0.9967834,4.4584605e-05,0.0005493956,0.0014183465
0.00023096825,7.0509655e-06,6.1356554e-06,0.00016233671,1.20169725e-05,6.6654684e-05,0.9986588,1.5852302e-05,0.00040074243,0.00043947223
0.0012687858,5.0242616e-06,1.7551822e-05,0.00026866095,7.5021944e-06,2.6121053e-05,0.9945094,8.887995e-06,0.0037172432,0.0001709101
0.00022205123,6.3175235e-06,8.215304e-06,0.00015347968,3.7221528e-06,2.646021e-05,0.9968093,1.1619517e-05,0.0026217033,0.0001371116
0.0001579577,2.1372384e-06,2.6192998e-05,5.871451e-05,5.4420275e-06,6.537645e-05,0.9961887,2.0002459e-05,0.003315613,0.00015978246
0.00024227073,1.4943042e-06,0.0004635624,2.6353784e-05,1.1328906e-05,0.00039012163,0.9943369,1.7557983e-05,0.0041186335,0.00039177944
9.152033e-05,3.782327e-05,0.005690935,0.0001246666,0.0018491932,0.0029488585,0.98617435,5.0779097e-05,0.00057189836,0.002459979
0.0010092446,1.2092693e-05,0.002871911,1.4031329e-05,0.00021185532,0.000548986,0.98635083,6.1848994e-05,0.008626071,0.00029315968
0.00059362483,1.6249549e-05,0.0004314962,1.3803302e-05,3.5785117e-05,0.00027942783,0.958332,0.00013984542,0.039907053,0.00025066797
5.074381e-05,7.166718e-05,0.00022779738,2.6921856e-05,8.5183265e-06,0.0003268254,0.82910776,0.00060190016,0.16904025,0.00053758884
2.7847658e-05,2.5119829e-05,0.000309512,7.08354e-05,9.386336e-06,9.338072e-05,0.9406055,0.00016607749,0.058489975,0.00020233139
3.009895e-05,1.571894e-05,0.00023011857,9.4551135e-05,1.8182476e-05,7.3019575e-05,0.942768,0.0001600883,0.056506902,0.00010319766
0.000119843164,1.2176682e-05,0.0004120122,0.00015106273,1.9924379e-05,4.9752e-05,0.89821506,8.2242914e-05,0.10086015,7.776731e-05
0.00029424226,7.5162543e-06,0.00039256865,0.0010558318,6.1170824e-05,4.2415097e-05,0.95428145,1.1068163e-05,0.043771807,8.2017585e-05
0.00022884957,9.764188e-06,0.0002144079,0.005873214,0.00010998621,2.7731538e-05,0.9435168,7.831817e-06,0.049797967,0.00021340098
0.00011933488,7.713857e-06,0.0002472094,0.005242375,7.3469986e-05,2.7156351e-05,0.92422205,1.0562201e-05,0.06967434,0.00037574477
5.380785e-05,5.7294305e-06,0.00021873257,0.020869492,7.457582e-05,2.655327e-05,0.97163975,3.7730144e-06,0.0066906926,0.00041692768
2.7340828e-05,6.9028833e-06,9.1081085e-05,0.08791613,8.683032e-05,3.0427362e-05,0.91056436,2.046182e-06,0.00087360956,0.00040124668
3.9884533e-05,1.547615e-05,0.00029737622,0.19734725,3.8651517e-05,2.7787226e-05,0.79960364,1.8964477e-06,0.00064291136,0.0019851471
2.0483034e-05,3.415283e-05,0.00012296502,0.4770446,2.9899313e-05,3.9094506e-05,0.51972413,2.270163e-06,0.00019601933,0.0027863835
3.623097e-05,2.3859651e-05,7.908457e-05,0.5009229,5.13998e-05,4.8117035e-05,0.49657202,2.7248068e-06,8.582297e-05,0.002177825
2.937669e-05,2.4776045e-05,6.4037435e-05,0.6087695,6.716757e-05,7.048836e-05,0.38905773,2.310821e-06,4.4908564e-05,0.0018697847
2.969383e-05,3.8651597e-05,4.848154e-05,0.7292838,5.9110087e-05,5.8106543e-05,0.26802412,2.3988966e-06,2.2496548e-05,0.0024331363
1.4462964e-05,4.119593e-05,3.0107982e-05,0.9017674,3.7591257e-05,6.8060916e-05,0.09556505,1.4811795e-06,1.3450042e-05,0.002461173
9.972706e-06,2.646818e-05,1.5297817e-05,0.9780596,3.665583e-05,3.3319666e-05,0.019026782,1.6331355e-06,6.962276e-06,0.0027833113
9.744018e-06,3.129913e-05,1.3205133e-05,0.982068,2.4204897e-05,4.4131863e-05,0.013373347,2.0851512e-06,6.2106965e-06,0.004427772
8.9605155e-06,3.9773106e-05,1.076681e-05,0.98733574,2.0096355e-05,5.7918332e-05,0.006906492,3.697884e-06,4.1281723e-06,0.0056124814
1.6000671e-05,7.077462e-05,8.690484e-06,0.98760927,2.0230316e-05,3.2333468e-05,0.0023548484,6.256596e-06,3.6257914e-06,0.009877976
1.69358e-05,0.00029662476,7.773121e-06,0.97996867,2.3466393e-05,3.255585e-05,0.0006217489,7.980635e-06,2.2813151e-06,0.019022087
1.5825719e-05,9.92636e-05,7.923986e-06,0.9906303,2.884488e-05,1.4994625e-05,0.0023159934,5.142718e-06,3.826831e-06,0.006877927
1.6405984e-05,7.8439036e-05,4.1035187e-06,0.9892982,3.922567e-05,9.434949e-06,0.0047170697,3.6381596e-06,6.667946e-06,0.005826682
1.9359508e-05,7.26732e-05,2.1028447e-06,0.98879504,4.8270183e-05,8.654219e-06,0.0039531942,4.3599475e-06,1.525187e-05,0.0070810528
1.3052556e-05,0.00039472056,1.5254623e-06,0.9899771,2.7092457e-05,7.273154e-06,0.00196938,4.912527e-06,1.6408369e-05,0.0075883726
1.22771e-05,0.00061558624,2.8064733e-06,0.9853199,9.920592e-06,7.1139298e-06,0.0018793917,6.4423875e-06,2.7826964e-05,0.012118658
2.2068543e-05,0.00053396326,3.9808833e-06,0.9709891,1.0939984e-05,4.0947702e-06,0.0021205316,9.774503e-06,0.00013198108,0.026173597
1.3514951e-05,0.0016258337,5.092502e-06,0.9863128,6.5267272e-06,9.506028e-06,0.0020693252,4.0305213e-06,0.00013753156,0.009815928
2.0225969e-05,0.004229665,6.6370117e-06,0.9844429,8.635772e-06,1.42790195e-05,0.0018507226,5.874585e-06,0.0002116386,0.009209541
3.5788213e-05,0.011909082,8.385779e-06,0.9760577,1.0602489e-05,2.3099692e-05,0.0012783064,1.1151218e-05,0.00023029755,0.010435542
3.9025974e-05,0.025890961,8.526978e-06,0.9620557,2.0133191e-05,4.3281074e-05,0.0013644987,3.3495573e-05,0.00025453127,0.010289934
9.223648e-05,0.04132405,9.163685e-05,0.8828943,7.310193e-05,0.00022860448,0.013273696,0.00031779782,0.04168416,0.02002041
0.00023346335,0.0013984477,0.00032241366,0.00014613858,3.0790895e-06,5.4765433e-06,0.0028914935,0.00018001861,0.993869,0.0009503287
1.7728156e-05,0.0003524588,5.4197168e-05,1.3289507e-05,1.360515e-07,2.7058272e-06,0.0002062466,3.1051397e-05,0.99848276,0.00083951384
9.2099635e-06,0.0066129602,0.00034431866,0.00015292285,2.284905e-07,9.041755e-06,0.00012720209,3.201572e-05,0.98628545,0.006426774
9.888715e-06,0.026801957,0.000504679,8.7447675e-05,3.1520486e-07,1.8276562e-05,8.5089e-05,3.360372e-05,0.9711485,0.001310253
7.857314e-06,0.0625629,0.00044717017,0.00010283599,1.938756e-07,5.5912507e-05,8.617348e-05,1.8082796e-05,0.93472475,0.0019941067
1.5780814e-05,0.25741398,0.0022683644,0.00033851177,3.8666258e-07,7.9978345e-05,0.00016531536,2.0415873e-05,0.73738563,0.0023115934
1.935461e-05,0.2519803,0.0037656114,0.00030669852,1.819448e-07,8.239956e-05,0.00021274209,2.3345337e-05,0.73945874,0.0041506547
1.8736459e-05,0.3457635,0.0048305215,0.00025320926,1.2085e-07,0.00017217094,0.00020869575,3.663529e-05,0.64296275,0.005753551
1.3273236e-05,0.17674297,0.003322776,0.00013805558,7.781449e-08,0.00041363048,0.00014966239,1.9082117e-05,0.81502837,0.004172024
7.0223527e-06,0.06261609,0.0009371637,7.668618e-05,4.493909e-07,0.00025160593,3.0870604e-05,1.2593693e-05,0.93138,0.0046875356
1.419231e-05,0.004641398,7.030251e-05,1.7436615e-06,3.560385e-08,0.00014584088,8.917901e-06,2.7334983e-05,0.9941654,0.000924821
4.2728952e-05,0.004202464,1.3232167e-05,9.638439e-06,5.3400363e-08,0.0013263198,4.4136777e-06,1.7259514e-05,0.9878001,0.0065837414
2.1917846e-05,0.068176195,0.0003092001,9.8317905e-05,3.5845318e-07,0.00024385813,1.1680312e-05,8.553552e-05,0.9153503,0.01570264
2.667046e-05,0.31873867,0.0023612226,0.00031020184,5.9235185e-07,0.00024658183,1.9820898e-05,8.193563e-05,0.6631681,0.015046294
3.202999e-05,0.2311766,0.0033186122,0.0003675272,4.5858621e-07,0.00063763576,2.3345134e-05,3.0226036e-05,0.746758,0.017655628
2.6743133e-05,0.4548725,0.006608601,0.0006172708,4.1590465e-07,0.0010706675,4.174752e-05,3.7297705e-05,0.513074,0.023650758
1.8307026e-05,0.5403001,0.015705805,0.0007225423,3.627793e-07,0.0028343182,5.481128e-05,5.8129808e-05,0.40363276,0.03667295
1.6802413e-05,0.16142628,0.03129551,0.0005897571,7.4653127e-07,0.022080058,5.02343e-05,0.00010696199,0.71793365,0.06650008
8.45665e-06,0.0025869731,0.0040059206,0.00020021888,1.2069189e-06,0.082496315,2.0357727e-05,2.6531536e-05,0.8443599,0.0662941
8.02831e-06,0.0016881092,0.004505654,0.00024132383,7.311008e-06,0.08438164,1.5101549e-05,3.0364907e-05,0.79543054,0.11369191
9.890452e-07,0.0012851286,0.0005110957,0.000109127104,3.720118e-05,0.96729684,7.0564165e-06,4.815607e-06,0.026962891,0.003784802
1.2990424e-07,6.828399e-05,8.908506e-06,3.9395927e-06,7.4993227e-07,0.9991715,1.453966e-06,3.2972403e-07,0.00067966466,6.4946245e-05
6.28956e-08,9.925523e-05,2.5441379e-05,4.2944203e-06,1.6168134e-07,0.99936837,1.950105e-06,4.233698e-07,0.00044820132,5.1747746e-05
5.163704e-08,0.00031985278,5.055518e-05,6.677699e-06,3.7973166e-08,0.99912447,2.1051405e-06,1.1331337e-06,0.0004508574,4.4274948e-05
1.3325269e-08,9.434674e-06,2.1107971e-06,1.0440278e-06,3.3868883e-08,0.9999565,4.9196785e-07,3.7965393e-07,2.7182836e-05,2.8903091e-06
1.49624e-08,3.6107715e-06,1.0642469e-06,6.7956665e-07,3.8282522e-08,0.999967,5.5205925e-07,5.01115e-07,2.4412195e-05,2.1444996e-06
1.3322941e-08,1.3252256e-06,7.075694e-07,4.711693e-07,6.48582e-08,0.9999839,3.4795002e-07,4.5663376e-07,1.0670288e-05,1.9983593e-06
2.003934e-08,9.103792e-07,9.204721e-07,4.181524e-07,1.0727435e-07,0.99998677,2.4983316e-07,3.718508e-07,7.892426e-06,2.2752156e-06
2.076452e-08,7.0897664e-07,2.2940826e-06,3.011527e-07,8.738573e-08,0.9999919,1.8393513e-07,3.2935213e-07,2.4993967e-06,1.6815412e-06
1.5164593e-08,1.3917075e-06,9.092822e-06,3.3438965e-07,7.5017255e-08,0.9999851,1.7694487e-07,4.5251076e-07,1.2781833e-06,2.1129724e-06
3.7013148e-08,3.3474234e-06,2.8399006e-06,4.3294574e-07,9.423994e-07,0.99998975,2.7704004e-07,3.6844125e-07,1.4606862e-06,5.1095225e-07
3.828529e-08,3.2611165e-06,3.9377315e-07,4.925363e-07,1.6690102e-06,0.9999896,9.1568637e-07,6.204122e-07,2.877893e-06,2.4271557e-07
3.1499557e-08,2.8969841e-06,3.5055464e-07,8.8462195e-07,2.1761873e-06,0.9999887,1.348742e-06,9.681366e-07,2.4502772e-06,1.9470649e-07
3.911192e-08,1.7787107e-06,3.286233e-07,3.2124166e-07,2.2158304e-07,0.9999794,1.5210652e-06,1.8258806e-06,1.4375778e-05,2.2182853e-07
1.8545357e-08,1.2254673e-06,3.462716e-07,6.7001844e-07,1.1787726e-07,0.9999856,1.0077515e-06,5.1157404e-06,4.908427e-06,9.092866e-07
5.1741324e-08,3.1828063e-06,4.7531685e-07,1.4698863e-06,4.091946e-07,0.99998,3.8912097e-07,7.829595e-06,4.1656012e-06,2.061249e-06
1.2427765e-07,6.7902224e-06,3.7810892e-07,1.4525754e-06,1.0654749e-06,0.9999652,5.340633e-07,1.6920047e-05,5.625649e-06,1.9466638e-06
2.1147949e-07,9.754799e-06,3.0726954e-07,1.2425975e-06,1.1959304e-06,0.99993134,1.3284042e-06,4.4923032e-05,7.952878e-06,1.7752462e-06
1.5248449e-07,8.619252e-06,5.108859e-07,9.69323e-07,4.738397e-07,0.9998324,2.4319188e-06,0.00014242825,1.00396155e-05,2.035971e-06
5.1303385e-07,2.873351e-05,9.526918e-06,2.477039e-06,4.8678805e-07,0.9682748,1.5894262e-05,0.031622857,2.8997063e-05,1.56982e-05
6.765457e-07,3.2511205e-05,8.7461185e-06,2.3236387e-06,7.4405415e-07,0.018291628,7.5232065e-06,0.981631,1.1952782e-05,1.2978223e-05
1.2663588e-06,1.3849494e-05,3.714546e-06,1.2819867e-06,3.7450204e-07,0.0020590397,5.04243e-06,0.9978059,9.3378825e-05,1.6194774e-05
6.042477e-07,4.078553e-06,1.4668937e-06,1.2526598e-06,9.063547e-08,0.000118570824,4.3420814e-06,0.9998425,1.2394675e-05,1.4539528e-05
2.1239125e-06,4.5189604e-06,1.2639238e-06,4.668267e-06,1.4826952e-07,4.046681e-06,7.5773532e-06,0.9999175,1.29400205e-05,4.5221277e-05
4.4166795e-06,2.1805441e-05,6.6139944e-07,4.0194336e-05,3.373172e-07,2.1752478e-05,9.516221e-06,0.9997851,7.4677655e-06,0.000108802116
2.3549313e-05,0.0001891895,7.7028693e-07,5.020471e-05,2.3622054e-07,0.006400463,2.7754197e-05,0.9930681,5.4953834e-05,0.0001848168
1.0800269e-06,3.9658265e-05,2.721989e-07,1.9145696e-06,3.2908127e-07,0.001259086,3.5366077e-06,0.9986798,5.34788e-06,8.9667465e-06
1.048178e-06,1.9994663e-05,2.3804262e-07,5.9344796e-07,4.7945304e-07,0.00039768926,2.385311e-06,0.99956924,3.2981925e-06,4.97933e-06
8.9222607e-07,1.9130506e-05,3.796469e-07,3.7136132e-07,1.9572799e-07,0.00012567571,1.9367228e-06,0.9998455,2.67309e-06,3.262401e-06
7.909926e-07,1.716803e-05,6.899918e-07,3.5977692e-07,1.01570826e-07,0.00011193927,3.1898564e-06,0.9998599,3.0119238e-06,2.796901e-06
7.236013e-07,1.2878021e-05,5.48845e-07,1.9131313e-07,8.071175e-08,3.1965585e-05,1.7630049e-06,0.99994504,2.711716e-06,4.04824e-06
1.2446936e-06,8.344074e-06,1.0464549e-06,2.1352129e-07,7.32715e-08,2.5907796e-06,2.4865553e-06,0.9999621,4.4837197e-06,1.7430542e-05
7.302851e-07,1.0517143e-05,1.2067932e-06,1.0662707e-06,1.453902e-07,1.2858786e-06,3.1600118e-06,0.99994123,9.0592687e-07,3.9659917e-05
2.5769532e-06,0.00019887071,8.4327456e-07,4.066739e-06,1.0952639e-07,0.00048394722,6.9731373e-06,0.998966,9.414306e-06,0.00032729292
5.6462954e-06,0.0003451297,7.710121e-07,0.00018271741,4.063729e-06,9.183789e-05,1.2319933e-05,0.99726933,9.680653e-07,0.0020871656
4.5123692e-05,0.0046524922,2.1129829e-06,0.00014090598,1.5728222e-06,0.10724188,5.8470574e-05,0.88373196,2.0546471e-05,0.0041049756
8.0051944e-07,0.00022879813,8.221624e-07,1.6035502e-06,4.318969e-07,0.0009910985,2.4539622e-06,0.99869615,2.2008167e-06,7.576009e-05
5.75727e-07,0.00023944696,1.4628154e-06,1.4014811e-06,2.469113e-07,0.0005744417,3.0040223e-06,0.9990759,2.4801689e-06,0.0001010571
3.3983946e-07,7.772003e-05,1.8388217e-06,1.0383131e-06,1.284708e-07,7.6858385e-05,2.2555273e-06,0.9997359,1.8832093e-06,0.00010202999
1.525215e-06,0.0002466325,7.4374775e-06,9.281034e-06,2.452995e-07,4.9201244e-05,5.709657e-06,0.99743336,2.1660853e-06,0.0022444066
4.2198244e-05,0.0028741215,0.0001887873,0.0008690751,1.8148484e-06,0.00015355514,9.76502e-05,0.555443,9.145063e-06,0.4403207
2.2890325e-05,0.0031359356,0.0004354048,0.0017117399,9.220033e-07,0.0001153407,0.00010757365,0.05257111,6.3982993e-06,0.9418926
1.470571e-05,0.003034834,0.00037970787,0.0031794247,7.455096e-07,3.144098e-05,6.3908614e-05,0.0017161166,3.6972249e-06,0.9915754
1.7860337e-05,0.0025172443,0.00017478237,0.0023737925,3.3060914e-07,3.579032e-05,4.5231085e-05,0.00048526816,5.2337314e-06,0.9943445
8.352923e-06,0.0006159348,9.4046336e-05,0.0011074494,3.7667408e-07,1.6589116e-05,3.3658045e-05,0.0003158019,2.9136072e-06,0.99780494
4.549162e-06,0.00045433248,0.00016662784,0.00088362675,7.1809274e-07,2.5440135e-05,4.3242828e-05,0.0004000414,1.8795582e-06,0.99801946
3.5669043e-06,0.0002507638,0.00021326418,0.0006926524,9.175791e-07,3.120126e-05,4.9966235e-05,0.00041485197,1.5017479e-06,0.9983413
2.0644022e-06,9.220006e-05,0.00017049091,0.0003772916,4.172715e-07,1.5660495e-05,4.230564e-05,0.00019597575,1.8852555e-06,0.9991019
1.5252764e-06,2.9101446e-05,0.00016993617,0.00029046254,1.7437131e-07,1.2571548e-05,5.8100875e-05,3.637025e-05,2.9682226e-06,0.9993988
4.56637e-06,1.3142739e-05,0.00019981153,0.00016058127,6.610639e-08,1.4548381e-05,2.8244758e-05,1.255459e-05,7.854613e-06,0.9995586
3.172317e-06,1.3275798e-05,0.00012300088,0.00019109248,4.0219085e-08,1.50019305e-05,2.8616194e-05,1.9112429e-05,6.671086e-06,0.9996001
1.685274e-06,1.4753174e-05,6.638912e-05,0.00027100157,4.1905544e-08,1.9671808e-05,3.3449818e-05,6.131131e-05,4.0166838e-06,0.9995277
1.3551193e-06,1.5750367e-05,3.6412624e-05,0.00059883454,7.630805e-08,2.6122438e-05,5.3520132e-05,0.00024011717,2.5885943e-06,0.9990252
2.6364653e-06,3.2169242e-05,2.2012418e-05,0.0017251087,1.5218646e-07,3.1707463e-05,5.223012e-05,0.00040525367,1.905262e-06,0.99772686
1.0138111e-05,5.908961e-05,3.3743232e-05,0.005446134,3.028332e-07,2.4109797e-05,6.710215e-05,0.0003341178,1.7835365e-06,0.9940235
2.0404097e-05,3.2505395e-05,7.311804e-05,0.0021655585,1.8144542e-07,1.02454505e-05,3.7885453e-05,0.00024592763,3.7624034e-06,0.9974105
3.723629e-05,2.9884724e-05,2.9337405e-05,0.0015208308,1.6286765e-07,7.1590075e-06,5.3113246e-05,0.00039580747,5.1214042e-06,0.9979214
2.3006283e-05,6.2715364e-05,2.2364668e-05,0.0015727452,1.3134299e-07,1.5540516e-05,6.234795e-05,0.00058897934,3.422009e-06,0.99764866
1.1824275e-05,0.00010774532,1.404379e-05,0.0024166652,2.1615048e-07,5.2152787e-05,6.629797e-05,0.0007710694,2.545473e-06,0.9965575
3.4828756e-06,0.00023285187,6.670332e-05,0.0031832615,2.0339278e-06,0.00020556769,3.4862835e-05,0.0047975876,1.6260361e-06,0.99147207
7.356977e-07,0.00013843119,0.0025810983,2.075687e-05,1.9533102e-06,0.003972878,8.086554e-06,0.95777464,4.604373e-06,0.03549684
2.1453548e-07,3.6587007e-05,0.00061548135,3.1518273e-06,9.670191e-07,0.0015203571,1.8275856e-06,0.9962135,1.2504339e-06,0.0016065775
1.676973e-07,8.506376e-06,2.895166e-05,2.2814324e-06,1.102707e-06,0.00023379177,5.232942e-07,0.99947506,5.606316e-07,0.00024906616
6.0433314e-07,1.4653189e-05,2.028714e-06,4.0159797e-05,2.3009443e-06,9.1312e-05,1.3445181e-06,0.99950814,5.4423214e-07,0.00033898692
1.8118715e-06,9.4374394e-05,3.4360921e-06,0.0006384422,1.105924e-06,0.00024489433,9.087263e-06,0.99806505,3.3149638e-07,0.0009414144
9.146616e-07,0.00011973238,7.4985905e-06,0.00041874044,6.347833e-07,0.00019551805,5.97377e-06,0.99754924,2.8313013e-07,0.0017014189
5.1001706e-07,6.0379523e-05,7.5860216e-06,0.00017715112,2.8375518e-07,0.00017732928,3.4732695e-06,0.9989004,1.7746014e-07,0.00067267363
1.5980356e-07,1.1799277e-05,8.071317e-06,2.1975231e-05,1.4744737e-07,0.00015945897,1.3607066e-06,0.99970144,9.903226e-08,9.544695e-05
1.1867688e-07,2.1521828e-05,1.2032468e-05,3.4639244e-05,2.968653e-07,0.00049449014,2.318203e-06,0.9993936,9.8857036e-08,4.077549e-05
4.6852998e-07,0.00014940731,7.201405e-06,0.00033883133,6.763491e-07,0.0005328202,8.515144e-06,0.9988789,1.7149877e-07,8.292851e-05
8.063298e-08,5.5751214e-05,6.8870772e-06,1.1092084e-06,9.9912754e-08,0.00028355306,1.4741127e-06,0.99964774,2.4879967e-07,3.0324056e-06
9.0084555e-08,4.8923106e-05,1.0780917e-05,6.25334e-07,1.5200037e-07,0.00023837366,1.2789765e-06,0.9996966,2.192616e-07,3.01132e-06
1.0768014e-07,3.4201068e-05,6.8263007e-06,6.9272596e-07,2.4235194e-07,0.00017675955,1.0062295e-06,0.99977785,2.6605073e-07,1.9995773e-06
1.9206338e-07,2.9305029e-05,3.3096967e-06,9.4164034e-07,3.175133e-07,0.00012726162,1.0923e-06,0.9998354,3.665229e-07,1.8951024e-06
2.085126e-07,3.8583414e-05,4.9664673e-06,9.4341004e-07,2.1282862e-07,0.00011789207,7.663076e-07,0.9998332,4.181313e-07,2.7896526e-06
1.394672e-07,4.9846916e-05,1.594854e-05,9.585309e-07,1.704748e-07,0.00026060842,6.662193e-07,0.9996656,4.3621407e-07,5.6299364e-06
7.891813e-08,9.413254e-05,0.00018251587,1.745008e-06,2.2546801e-07,0.0017682596,1.0396751e-06,0.9979341,5.901223e-07,1.7302273e-05
7.5084294e-08,0.00019023976,0.00077310053,3.517919e-06,7.613651e-07,0.005086128,1.4503614e-06,0.99391985,1.1542123e-06,2.3681287e-05
4.5339267e-08,0.00020037567,0.0014407918,5.790409e-06,9.653912e-07,0.009910986,3.5287262e-06,0.9884113,2.0581463e-06,2.4162533e-05
3.1501692e-08,0.0002064354,0.021160003,2.7128062e-05,1.2044086e-06,0.027366774,3.8391605e-05,0.95111704,5.2261025e-06,7.778955e-05
1.6128521e-07,1.00800335e-05,0.9928685,1.1841092e-05,7.919133e-08,0.000820131,2.997804e-05,0.0062064575,7.67283e-06,4.5103516e-05
8.614547e-08,1.1741548e-06,0.99955434,4.070885e-06,2.1748855e-08,4.185357e-05,1.8056253e-05,0.00033519295,4.5996726e-06,4.041593e-05
4.9856027e-08,5.978318e-07,0.9998461,3.5771523e-06,1.6528496e-08,1.0983008e-05,7.4515306e-06,5.671575e-05,4.4401945e-06,6.99533e-05
2.4728703e-08,7.0850757e-07,0.9998241,3.5497005e-06,1.654302e-08,9.872107e-06,3.1991312e-06,1.2403066e-05,5.8073824e-06,0.00014034283
1.3729347e-08,1.4059343e-06,0.9997187,4.604265e-06,2.2483675e-08,1.4807884e-05,2.1555588e-06,4.2640195e-06,8.467659e-06,0.00024559244
9.084372e-09,2.436338e-06,0.9996282,6.9702373e-06,2.6860027e-08,2.4383755e-05,2.5003208e-06,1.971019e-06,1.1924904e-05,0.00032167337
6.708519e-09,3.0323017e-06,0.99963915,8.65601e-06,2.717295e-08,3.607576e-05,3.0177187e-06,1.0278301e-06,1.4686829e-05,0.00029428417
7.666864e-09,2.9493644e-06,0.99971694,8.088302e-06,3.3285232e-08,3.9005325e-05,2.8920485e-06,4.7381528e-07,1.7830267e-05,0.00021179026
1.3970914e-08,2.2674308e-06,0.9999049,4.0290124e-06,3.010965e-08,2.0731959e-05,1.3800291e-06,2.1198981e-07,9.677062e-06,5.664352e-05
3.7162216e-08,1.9484305e-06,0.9999521,2.207461e-06,1.4673956e-08,8.808514e-06,8.515976e-07,2.4258543e-07,4.4990948e-06,2.930546e-05
4.3782915e-08,4.001006e-06,0.9999207,2.3932785e-06,1.33721985e-08,1.1470615e-05,7.682136e-07,3.7972035e-07,5.701314e-06,5.4553733e-05
6.143551e-08,4.8049187e-06,0.9998685,3.4286388e-06,1.32851685e-08,2.0311238e-05,1.1694707e-06,3.9490288e-07,8.634858e-06,9.259467e-05
6.621467e-08,4.2465417e-06,0.99985623,4.303394e-06,1.365948e-08,2.690894e-05,1.4597491e-06,3.7706454e-07,8.500656e-06,9.785348e-05
6.662543e-08,3.2991136e-06,0.99983597,5.61731e-06,1.4643624e-08,4.172267e-05,1.8234734e-06,3.3249114e-07,8.0953e-06,0.00010307833
7.717578e-08,2.9149219e-06,0.9998072,6.8664012e-06,1.60056e-08,6.0989005e-05,2.2733777e-06,3.0803145e-07,9.313296e-06,0.000110063556
1.014547e-07,3.175204e-06,0.999744,8.828957e-06,1.8340534e-08,8.9724905e-05,2.7702656e-06,3.0416e-07,1.2455862e-05,0.00013857557
1.2532304e-07,3.2308385e-06,0.9996482,1.0742801e-05,2.1748244e-08,0.00014965664,3.5185833e-06,3.126407e-07,1.7226546e-05,0.00016685315
1.3001842e-07,5.0692547e-06,0.99945575,1.449668e-05,2.411171e-08,0.00024148349,4.1308044e-06,4.3355885e-07,2.4819647e-05,0.0002536142
2.5438686e-07,1.8458302e-05,0.9988091,2.0979507e-05,2.7067916e-08,0.00038895293,6.276403e-06,1.4700273e-06,8.3142695e-05,0.0006712799
1.699837e-05,0.00070118473,0.8571353,0.00025777932,3.24571e-07,0.012905664,0.000105994804,6.259373e-05,0.08283045,0.045983765
7.866398e-06,0.00016371724,3.7338963e-05,0.0001042126,1.1120346e-07,0.005702927,4.2388012e-05,1.9000023e-05,0.9512196,0.04270289
8.808775e-06,1.4290244e-05,3.5805268e-05,1.4850365e-05,6.777066e-08,0.00076222775,1.1269799e-05,5.760982e-06,0.994352,0.004794959
3.0929548e-06,2.7896217e-06,2.0377967e-05,7.302772e-06,3.2187066e-07,8.9360525e-05,4.703643e-06,1.6226514e-06,0.9989177,0.0009527126
1.5867463e-06,1.9370787e-06,2.9385836e-05,8.75458e-06,5.5133074e-07,7.8852805e-05,6.4513765e-06,1.0610701e-06,0.9989293,0.0009421119
1.0776196e-06,2.1968056e-06,4.583677e-05,1.0459296e-05,4.772555e-07,0.00012484631,8.415339e-06,8.899851e-07,0.998602,0.0012038071
9.674488e-07,2.3777018e-06,3.224628e-05,1.2522445e-05,4.5446188e-07,0.0001421175,9.732729e-06,7.570642e-07,0.9985066,0.0012921741
1.1436349e-06,1.9529857e-06,9.131423e-06,1.1374737e-05,3.7395938e-07,9.608767e-05,8.795969e-06,5.6937057e-07,0.9989737,0.00089677784
1.842135e-06,1.6058669e-06,1.3736587e-06,9.476862e-06,2.386228e-07,4.556049e-05,6.569008e-06,4.1135664e-07,0.9994172,0.00051580655
3.0871925e-06,1.9050085e-06,4.1797188e-07,9.00753e-06,6.849189e-08,7.294941e-05,6.0812026e-06,6.589161e-07,0.99918133,0.00072432036
9.202464e-06,3.0735832e-06,1.16925094e-07,2.490379e-06,3.3449474e-08,0.000101467915,3.0181445e-06,2.8878903e-06,0.9992531,0.0006246723
2.4367895e-05,3.0203107e-06,4.9088946e-08,5.442245e-06,3.7024048e-08,0.00012607953,3.8362946e-06,1.0412482e-06,0.99916863,0.0006674093
2.4365476e-05,1.9247962e-06,5.271047e-08,6.2510762e-06,3.2677526e-08,6.990916e-05,7.3990946e-06,7.303571e-07,0.9993,0.0005892137
3.0296145e-05,1.1216015e-06,4.1832184e-08,5.270357e-06,5.609008e-08,2.5049956e-05,8.1696635e-06,4.326391e-07,0.9996008,0.00032888085
2.616173e-05,1.2210406e-06,8.425227e-08,6.861535e-06,2.917262e-08,3.745908e-05,1.11181735e-05,7.1832505e-07,0.9994293,0.0004870353
3.2882785e-05,1.4622678e-06,9.5977505e-08,8.517915e-06,2.683972e-08,3.5647423e-05,1.1906392e-05,7.223276e-07,0.99931455,0.0005941937
4.3907075e-05,1.8279092e-06,8.878634e-08,8.701417e-06,2.6233476e-08,3.067044e-05,1.2645585e-05,7.8927576e-07,0.999238,0.0006632595
5.7529476e-05,2.5745528e-06,7.133381e-08,8.2159695e-06,2.9870172e-08,3.8513484e-05,1.3727718e-05,1.2548433e-06,0.999164,0.0007141397
0.00010349609,5.1177667e-06,1.5672288e-07,1.0874153e-05,1.9968677e-08,0.00021766503,1.6760869e-05,2.1915264e-06,0.9983783,0.0012654677
0.00014858035,8.519936e-06,1.9366436e-07,2.844389e-05,3.190826e-08,0.00086642354,3.7356e-05,3.5476876e-06,0.9959435,0.0029635613
0.0023191578,7.743949e-06,1.958211e-07,4.497609e-05,2.3387196e-07,0.0005497095,2.7654287e-05,6.9799506e-07,0.99528533,0.0017642213
0.71246755,1.029485e-05,1.5223558e-06,8.489543e-05,3.2297257e-06,0.00021822493,8.134376e-05,2.0534016e-07,0.28679013,0.0003426095
0.8473153,4.8847915e-06,2.0963894e-06,9.790228e-06,2.2830584e-06,2.3270655e-05,0.00017030931,1.5886305e-07,0.15242755,4.43007e-05
0.9035588,4.9516193e-06,3.5119476e-06,4.00721e-06,2.042467e-06,1.1753563e-05,0.00035242323,2.1335202e-07,0.09603992,2.2434948e-05
0.9326908,5.3948374e-06,4.977171e-06,2.4543428e-06,2.0886825e-06,7.846575e-06,0.0004646216,3.1834685e-07,0.0668042,1.724804e-05
0.9601939,5.0249228e-06,4.36796e-06,1.6757355e-06,1.8191307e-06,5.3392278e-06,0.00041347486,3.385742e-07,0.03935963,1.4519533e-05
0.97865856,4.721301e-06,3.1302914e-06,1.0774115e-06,1.4752519e-06,3.841199e-06,0.00030987422,3.3356895e-07,0.021005046,1.1857006e-05
0.9888304,4.3141586e-06,1.9277172e-06,6.82275e-07,1.1303721e-06,3.1362713e-06,0.00021545865,3.592773e-07,0.010932782,9.731105e-06
0.99306583,4.679193e-06,1.617428e-06,4.6886603e-07,9.569045e-07,2.887139e-06,0.00019637814,4.561078e-07,0.006718121,8.527674e-06
0.9964688,4.8809557e-06,1.2020313e-06,3.0260261e-07,7.9257046e-07,2.5319773e-06,0.00016403582,7.4082345e-07,0.0033504209,6.3063976e-06
0.99806887,5.5168684e-06,7.3300544e-07,2.2518233e-07,6.3738446e-07,1.9704776e-06,0.00013702677,9.947362e-07,0.0017789428,5.03605e-06
0.99868506,8.810409e-06,6.40901e-07,3.604319e-07,7.190522e-07,3.4518382e-06,0.00035520247,1.4687504e-06,0.00093392626,1.0299676e-05
0.9981147,1.3979572e-05,9.888994e-07,7.330481e-07,9.956275e-07,6.3320194e-06,0.0009415869,1.9977135e-06,0.0009007583,1.8011737e-05
0.99578947,2.1605376e-05,1.8473811e-06,1.5522156e-06,1.5293347e-06,1.5305362e-05,0.0030272673,3.516579e-06,0.0011091329,2.8878094e-05
0.9892854,2.8597036e-05,3.6964157e-06,3.3702468e-06,2.7222904e-06,2.9405644e-05,0.009104971,6.8252866e-06,0.0014940513,4.0841896e-05
0.97624505,3.1940723e-05,6.9916714e-06,7.897188e-06,5.433453e-06,5.0052855e-05,0.021463394,1.2855764e-05,0.002126147,5.031253e-05
0.95999235,3.198685e-05,1.1516067e-05,2.1631873e-05,1.2245912e-05,5.8060457e-05,0.037010454,2.0600271e-05,0.002783371,5.7754514e-05
0.9529372,2.9669665e-05,1.4212207e-05,6.118091e-05,2.6968202e-05,4.339419e-05,0.04322098,2.593388e-05,0.0035827686,5.7745998e-05
0.95113873,3.0510177e-05,1.5292822e-05,0.00018584971,6.7529814e-05,3.580672e-05,0.04373843,2.6713515e-05,0.00470447,5.6627476e-05
0.9708189,2.0244033e-05,1.4312205e-05,0.0005435176,0.00016928087,2.1323762e-05,0.023651315,9.499397e-06,0.004686561,6.512313e-05
0.9452185,2.1284897e-05,1.36917515e-05,0.0036359215,0.0004155676,3.524022e-05,0.04562547,7.2741036e-06,0.0048265182,0.00020049182
0.0073383925,9.7077354e-05,7.547465e-06,0.65539473,0.001630932,6.955799e-05,0.32967606,1.9304709e-05,0.0004495143,0.0053169304
0.00087517535,3.744044e-05,1.32424775e-05,0.43094143,0.00086813286,5.8166956e-05,0.56286085,1.4741059e-05,0.00018197723,0.0041488013
0.0002992939,2.3610175e-05,1.590829e-05,0.2585744,0.00029295776,4.638254e-05,0.73702383,1.4345064e-05,0.00011443162,0.0035948353
0.00011260959,1.7052542e-05,1.3920441e-05,0.20544113,0.00018119001,4.7851503e-05,0.7909811,1.3717413e-05,7.627326e-05,0.0031150756
6.697552e-05,1.1884042e-05,1.2695795e-05,0.052510343,5.8667432e-05,3.306129e-05,0.9454391,1.1098272e-05,4.8385467e-05,0.0018077624
4.9716422e-05,9.532199e-06,1.0975974e-05,0.026002968,5.5787757e-05,3.509455e-05,0.97265065,1.1069256e-05,3.2698303e-05,0.0011415208
4.56369e-05,8.622835e-06,1.0032864e-05,0.012585152,7.529292e-05,4.5361023e-05,0.98660547,1.3454818e-05,2.212004e-05,0.00058896124
4.7725665e-05,8.163294e-06,1.2254065e-05,0.0012973412,2.8428887e-05,5.9622955e-05,0.9983796,1.2812472e-05,2.973897e-05,0.00012429999
9.866262e-05,8.792285e-06,2.4773508e-05,0.00040082537,4.518828e-05,9.6587166e-05,0.9991974,1.5361084e-05,5.517239e-05,5.7189067e-05
0.00042679184,1.1846356e-05,4.780072e-05,0.0025954687,0.0015353024,0.00024011645,0.99485415,2.0821262e-05,4.501542e-05,0.00022273697
0.0013106241,2.5072302e-05,9.508059e-05,0.10601592,0.01531883,0.00023526321,0.87603134,7.720803e-05,5.263152e-05,0.00083799055
0.0035667995,7.380174e-05,7.277384e-05,0.023675706,0.030377908,0.0006601985,0.94008017,0.0006442251,5.950655e-05,0.0007889617
0.0032977113,0.00027851042,7.546547e-05,0.058300093,0.0157386,0.00027042825,0.9201623,0.00040324524,4.555459e-05,0.0014281201
0.0010441925,0.00019559752,5.3372514e-05,0.044526696,0.0046514506,4.4257416e-05,0.9488457,0.00012369828,4.1812822e-05,0.0004732308
0.0016923933,0.00027195524,3.0753843e-05,0.0095280465,0.0051394473,3.983709e-05,0.9827313,0.00013481815,4.6458936e-05,0.00038492033
0.0013070859,0.00024887358,3.2295135e-05,0.009338662,0.0076029734,4.2882508e-05,0.981028,0.00013084893,5.494761e-05,0.00021337444
0.0015758036,2.8024988e-05,3.743676e-05,8.994695e-05,0.0035575535,7.1260365e-05,0.99402714,0.00026211212,0.00031149632,3.9177456e-05
0.03791315,2.42669e-05,0.0005417312,2.7132553e-05,0.0034696413,5.23029e-05,0.9495614,0.000282232,0.008047617,8.0401835e-05
0.054396033,2.899061e-05,0.00017420364,4.504311e-05,0.005654799,9.970413e-05,0.9317107,0.00018890698,0.0076448005,5.6830457e-05
0.016248507,0.00013613072,0.00085482065,0.0002729974,0.32895857,0.0017019792,0.605291,0.0404552,0.0058993483,0.0001814243
2.452037e-06,6.543886e-06,0.0007820986,7.204016e-06,0.0020491981,0.0020436973,0.0001902207,0.9949013,1.2115002e-05,5.0809035e-06
3.0109345e-07,1.2256679e-05,4.8743772e-05,1.7501138e-06,1.7903194e-05,0.001786431,2.5197372e-05,0.99810314,2.37595e-06,1.9260438e-06
6.4836727e-06,3.5548797e-05,6.158884e-06,5.878962e-06,2.6861728e-05,0.0037213243,0.00048197462,0.99568814,2.4861476e-05,2.6610996e-06
5.4781217e-06,3.285077e-05,2.485724e-06,1.4689589e-05,7.0726915e-06,0.0024333824,0.00048642175,0.99700767,7.681077e-06,2.2360111e-06
1.475552e-06,2.7365446e-05,8.563188e-07,1.7425486e-05,1.5108982e-06,0.0012145649,0.000107859334,0.99862385,2.1376318e-06,3.018336e-06
3.5634758e-07,3.6891593e-05,3.157918e-06,2.7603874e-05,3.4899293e-07,0.0012621438,0.00010141305,0.9985594,1.0517517e-06,7.628906e-06
1.8457652e-07,3.3884837e-05,5.0206603e-05,8.639385e-06,1.01797106e-07,0.004612057,5.9507078e-05,0.9952188,5.628672e-07,1.5939435e-05
3.4986948e-07,7.6698074e-05,0.00017761231,6.2251197e-06,9.792152e-08,0.009721146,4.234713e-05,0.989953,5.973702e-07,2.189824e-05
1.12442166e-07,7.647161e-05,8.102518e-05,1.0575624e-05,1.0044245e-07,0.004916882,2.5105956e-05,0.9948643,3.0886335e-07,2.5145062e-05
2.8507063e-08,3.444595e-06,5.4367915e-06,1.1717331e-06,1.17188115e-07,9.776752e-05,2.3787059e-06,0.9998833,7.124898e-07,5.584576e-06
2.1160497e-07,8.449928e-06,2.3796867e-06,2.1124094e-06,3.8999495e-08,1.945372e-05,7.3845113e-06,0.9999256,1.7908649e-06,3.254894e-05
3.1836155e-06,2.7561004e-05,2.2750712e-06,8.4369014e-05,1.3776763e-07,4.8767074e-06,5.7991558e-05,0.9991598,2.4987346e-06,0.00065737526
1.3296743e-07,3.4749871e-06,1.1936626e-06,6.4494516e-06,5.5943783e-08,1.0317702e-05,4.131469e-06,0.99981195,7.7761524e-07,0.00016156897
4.6149427e-08,4.822735e-06,6.8027866e-06,3.7725524e-06,5.1593105e-08,0.0003286904,3.288524e-06,0.999303,8.80265e-07,0.00034857815
7.1966646e-08,6.198429e-05,0.00025084824,6.0416565e-05,2.019479e-07,0.00078480033,1.1135323e-05,0.9893931,8.08921e-07,0.009436736
8.790803e-08,0.00014201172,0.0003209787,0.00011936425,1.053231e-06,0.00081860635,1.1476451e-05,0.97005266,2.0351708e-06,0.02853175
1.0731102e-07,0.00027412147,3.2605716e-05,8.916931e-05,2.1501826e-06,0.00087127014,1.0142889e-05,0.97136194,6.1288465e-06,0.027352309
1.5685754e-07,0.00042356589,2.424312e-05,0.00022703795,2.8307327e-06,0.00053719763,2.1305403e-05,0.92262256,9.838087e-06,0.076131254
2.7903448e-07,0.00023164946,2.230805e-05,0.00015055746,1.3729435e-06,0.00024628497,2.6165857e-05,0.9005119,2.5826388e-05,0.09878367
2.1266978e-06,0.00030659485,1.7603028e-05,0.0004579595,5.064832e-07,0.00010871218,6.9762966e-05,0.1688292,9.6581316e-05,0.830111
1.4259302e-06,0.0004735868,5.1132356e-06,0.0024750566,7.5121386e-07,9.551624e-06,4.4882112e-05,0.008334068,1.4343241e-05,0.9886413
1.0013873e-06,0.0002970127,3.1247564e-06,0.0031083873,3.7523927e-07,5.7757366e-06,3.075703e-05,0.0016120904,1.4590869e-05,0.9949269
8.4994605e-07,0.00018843776,2.4522856e-06,0.002359234,2.9531796e-07,3.941664e-06,2.3509241e-05,0.0007163981,1.51063705e-05,0.9966898
7.3235776e-07,0.00014471741,2.3223065e-06,0.0029568945,2.970237e-07,5.4781717e-06,2.6991878e-05,0.00046505898,1.4626329e-05,0.99638283
8.5299877e-07,7.343435e-05,1.6019326e-06,0.0018146721,2.911844e-07,5.3824256e-06,2.1133064e-05,0.0003848797,2.537487e-05,0.9976725
7.16846e-07,7.210049e-05,1.9574363e-06,0.0011107249,3.3059945e-07,4.0484897e-06,1.3155894e-05,0.00031746615,1.746325e-05,0.9984621
6.193898e-07,7.530698e-05,1.9138322e-06,0.00080363266,4.5229868e-07,4.305761e-06,8.946393e-06,0.00022818384,1.4999131e-05,0.9988618
4.864699e-07,6.457445e-05,2.4351234e-06,0.00076030404,5.876163e-07,4.3910286e-06,7.1819495e-06,0.00021170403,1.39451095e-05,0.99893445
4.3323084e-07,4.3092372e-05,2.581096e-06,0.00060130865,5.274664e-07,4.3874143e-06,6.2155805e-06,0.00014438744,1.5430332e-05,0.9991817
3.507695e-07,2.5424648e-05,3.0075312e-06,0.00041668952,3.4449553e-07,5.0270746e-06,5.700139e-06,9.872819e-05,1.9116806e-05,0.99942577
2.5772079e-07,2.8582239e-05,2.2542902e-06,0.0011660795,8.840295e-07,9.650044e-06,1.0478251e-05,6.788932e-05,1.0378808e-05,0.9987035
2.0113016e-07,3.1951855e-05,2.2313e-06,0.0023888014,1.966158e-06,1.5010364e-05,2.1564643e-05,7.5580756e-05,9.6408485e-06,0.99745303
2.7985104e-07,3.82741e-05,1.8666589e-06,0.0039858036,3.8161966e-06,1.6349522e-05,3.4915924e-05,0.00018147232,1.3799386e-05,0.99572337
2.5892862e-07,2.563219e-05,2.3591117e-06,0.001692111,3.1596471e-06,0.00012023441,5.4549862e-05,0.0012924033,3.8551974e-05,0.99677074
9.3595037e-07,7.1433683e-06,3.2837356e-06,0.00071567413,2.15912e-06,9.4689916e-05,6.902766e-05,0.0009637342,0.00024209634,0.9979012
1.7770046e-07,2.2686938e-05,1.7767738e-05,0.0021134613,2.1569024e-06,3.1457224e-05,4.403912e-05,0.00082455424,9.299323e-06,0.9969343
1.986114e-07,5.041931e-05,3.3350945e-05,0.004726094,4.255028e-06,2.844668e-05,5.6670826e-05,0.0005145012,3.8325306e-06,0.99458224
3.900272e-07,7.0343696e-05,5.2210773e-05,0.008414808,1.0304952e-05,2.8666773e-05,9.551955e-05,0.00041365746,2.7709043e-06,0.9909113
9.52877e-07,0.000103648876,6.429485e-05,0.02188736,3.867728e-05,2.6004684e-05,0.00024879113,0.000387283,3.5990536e-06,0.9772394
4.34817e-06,0.00013305698,5.1561172e-05,0.15780021,0.0003868296,3.1012307e-05,0.0029013008,0.0002108883,1.7628085e-05,0.8384631
1.3877503e-05,4.1761406e-05,2.5864034e-05,0.8793458,0.0013009702,4.0780436e-05,0.045243464,7.3598976e-06,4.6991103e-05,0.073933184
4.7000676e-06,0.000100618825,7.771895e-06,0.9444282,0.0011581014,0.00010679689,0.047724277,3.3832623e-06,2.2629814e-05,0.0064435643
6.87922e-06,0.00012686575,7.1393542e-06,0.9173432,0.0014774982,0.00032073277,0.079324774,3.029157e-06,2.2539665e-05,0.0013673686
5.389122e-06,0.000105511936,9.599648e-06,0.9061136,0.0010195829,0.0005411167,0.091597565,2.3161072e-06,3.2863794e-05,0.00057240267
2.6874964e-06,8.605489e-05,1.0597795e-05,0.9418259,0.0006359693,0.00037313823,0.056605753,1.0559431e-06,1.8435265e-05,0.00044048438
1.3150628e-06,0.00016233037,1.0056955e-05,0.95554876,0.00035200446,0.0008047451,0.04272682,1.7831087e-06,7.3210435e-06,0.00038478032
9.789196e-07,0.00023611085,9.2066075e-06,0.9649249,0.0003382945,0.0007659424,0.03339732,1.8378549e-06,4.9587175e-06,0.0003205539
8.471518e-07,0.00029753955,7.643302e-06,0.971573,0.0004165783,0.0005194031,0.026901525,2.2175075e-06,3.5740582e-06,0.0002777076
8.6525205e-07,0.00023560939,4.9470013e-06,0.97868514,0.0005262651,0.00021157606,0.020036362,6.9457856e-06,2.3330635e-06,0.00028994548
1.5274438e-06,0.00020729301,5.1635475e-06,0.98784965,0.0006241726,3.7158432e-05,0.011055691,5.2021155e-06,2.7741387e-06,0.00021138009
2.597749e-06,0.00334471,8.470804e-06,0.98804176,0.0016020981,5.8572143e-05,0.0068499036,8.783236e-06,5.448453e-06,7.757092e-05
7.919541e-06,0.0020300695,1.2077861e-05,0.989593,0.0024357757,1.6458003e-05,0.0057887393,6.512945e-06,6.394165e-06,0.00010311779
7.3649358e-06,0.00026075065,1.3775686e-05,0.9745754,0.0032746908,1.4854299e-05,0.021691408,4.6869195e-06,1.0370378e-05,0.00014668793
4.800696e-06,9.720954e-05,1.3613033e-05,0.95617986,0.004692237,1.7496724e-05,0.038675148,5.637129e-06,1.3545317e-05,0.00030054254
5.2297687e-06,0.00014155573,1.0412617e-05,0.9801896,0.00033546783,1.1147928e-05,0.018596306,1.4605471e-05,0.00012390922,0.00057175255
2.650678e-06,0.0006077479,3.7150119e-06,0.98923534,0.000112912596,1.7729008e-05,0.009547681,2.7148428e-05,6.227959e-05,0.00038273813
2.9662074e-06,0.00065270235,3.5833618e-06,0.99195987,0.00011518881,1.8715406e-05,0.006739272,5.1627998e-05,5.3191412e-05,0.00040281232
6.9494017e-06,0.00011896035,1.3466885e-05,0.9883072,0.00022944447,1.5303674e-05,0.008462404,0.0007981468,0.0001834672,0.0018646093
8.934925e-05,0.00017286545,0.00021455446,0.9634349,0.0022422713,3.9349075e-06,0.019988382,0.0027310797,0.002512563,0.008610186
0.0013053644,0.0004493807,0.006020927,0.8639802,0.027936006,4.6757214e-06,0.021304235,0.0058048596,0.049133547,0.02406079
0.0007478495,0.00017664867,0.0022791405,0.8634421,0.027548304,1.7047774e-05,0.0043641618,0.0053208973,0.052859448,0.043244295
0.0006395877,0.0001528477,0.004147605,0.7051399,0.12775952,0.00024212428,0.004740952,0.021257188,0.057473544,0.07844681
0.00071065984,3.9786526e-05,0.005708491,0.48038143,0.3931335,0.00032341652,0.009948899,0.00859536,0.031328388,0.069830015
0.00088574376,7.091192e-05,0.0009705372,0.63304424,0.27447462,3.0381381e-05,0.0047918623,0.0026715952,0.008877564,0.07418254
0.00052034546,4.5859164e-05,0.00045747988,0.17817342,0.79874694,1.3042765e-05,0.0051424545,0.0009829028,0.001229235,0.01468831
4.269386e-05,4.942282e-06,0.00048587497,0.003313542,0.9942074,5.970007e-06,0.0008116398,0.00014885189,7.7578836e-05,0.0009014996
3.2262134e-05,2.7829542e-06,0.0005325873,0.0024972972,0.99574643,7.451422e-06,0.00039634106,4.899083e-05,5.3897107e-05,0.0006818596
4.269656e-05,2.8057e-06,0.0009676508,0.0039329138,0.9929958,1.3947312e-05,0.0004839798,2.6176513e-05,5.6695102e-05,0.0014773577
8.3348226e-05,1.9420147e-06,0.0009998028,0.0025287054,0.99476886,5.5064097e-06,0.00034855356,3.1714437e-05,6.800224e-05,0.0011637191
0.0004139704,2.660508e-06,0.0021129563,0.005064624,0.9903582,2.6950545e-06,0.000419904,4.871086e-05,0.00033646123,0.0012399274
0.0046359524,1.033353e-05,0.010498297,0.022483872,0.9265881,8.094143e-06,0.0028584,5.457368e-05,0.02883217,0.0040302803
0.0020347943,9.142641e-06,0.007444005,0.059559394,0.89960617,2.9888837e-05,0.005733362,5.5234275e-05,0.013968031,0.011559959
0.00026269356,3.536746e-06,0.0023925698,0.011898683,0.980227,2.6632639e-05,0.0030412108,8.413187e-06,0.00021204927,0.0019271895
0.002366754,1.1309761e-05,0.0042097894,0.059943564,0.9171096,2.2571758e-05,0.0098307645,5.0669336e-05,0.00065994274,0.005794948
0.0008977034,2.2743201e-05,0.0011756113,0.045281786,0.9401694,2.704557e-05,0.011608783,1.1013303e-05,0.00017218507,0.00063371955
0.00024392639,4.647345e-06,0.0007987667,0.0006632381,0.99744403,2.7876147e-05,0.00075638015,2.3907294e-06,1.7218505e-05,4.1531024e-05
0.0005445354,5.705064e-06,0.0014738614,0.0012027607,0.9957587,1.6402282e-05,0.00086493324,2.7518513e-06,3.4548466e-05,9.584285e-05
0.000444799,3.4631332e-06,0.0016141747,0.0009974353,0.99612683,2.307786e-05,0.00065825647,4.7915646e-06,4.0316463e-05,8.6836e-05
0.00012374802,4.3031127e-06,0.0010651165,0.0006149229,0.997431,2.7874456e-05,0.0006376868,1.6485246e-05,1.2525358e-05,6.6399574e-05
0.0002716906,1.3159447e-05,0.0016497729,0.00033820778,0.9973678,2.7854194e-05,0.00020104808,1.6289454e-05,1.8886549e-05,9.527846e-05
0.7923853,1.2336284e-05,0.0027081717,9.16251e-05,0.19437227,4.8733244e-05,0.002686998,8.624353e-06,0.007338548,0.0003474562
0.96208006,4.035547e-06,0.0009462118,2.1674761e-05,0.022221351,1.5131911e-05,0.004730218,1.3162387e-05,0.009711823,0.0002563619
0.98694617,4.059229e-06,0.0002182391,8.279958e-06,0.001733811,6.30593e-06,0.007137121,1.0068051e-05,0.0038691296,6.6777495e-05
0.990888,3.6463282e-06,9.806727e-05,5.8789265e-06,0.0003552639,3.3199274e-06,0.005700465,6.625904e-06,0.0029045003,3.4114077e-05
0.9957365,2.510142e-06,4.174802e-05,3.3912825e-06,7.79424e-05,1.4603667e-06,0.0022216588,3.826429e-06,0.0018937105,1.7158547e-05
0.99804366,1.6113404e-06,1.0222831e-05,1.7835301e-06,1.44840415e-05,1.0417814e-06,0.0008453536,2.536424e-06,0.0010695993,9.68507e-06
0.999044,1.7372149e-06,3.4179077e-06,8.262042e-07,3.5601918e-06,6.742247e-07,0.00029195435,1.7200798e-06,0.00064664346,5.3762824e-06
0.9986518,4.1160356e-06,1.6979213e-06,5.947529e-07,1.3113691e-06,2.7299939e-06,0.00044918974,1.5200065e-06,0.0008810314,6.086257e-06
0.9988238,3.9292368e-06,1.3033169e-06,3.772792e-07,9.447505e-07,2.143977e-06,0.00026888604,1.3799261e-06,0.0008918947,5.2691944e-06
0.9990294,5.601255e-06,7.086361e-07,2.3876507e-07,7.8697883e-07,2.0612486e-06,0.00017029997,1.4859578e-06,0.0007849682,4.4828585e-06
0.9989666,5.5156306e-06,5.765738e-07,1.6408535e-07,6.3404684e-07,1.6964605e-06,0.00011008266,1.4985154e-06,0.000910155,3.1166073e-06
0.99896646,5.5179607e-06,5.775043e-07,1.6407328e-07,6.341992e-07,1.6977745e-06,0.00011010312,1.4985781e-06,0.0009102947,3.1166635e-06
0.9989662,5.5230503e-06,5.782074e-07,1.6408326e-07,6.341192e-07,1.6998899e-06,0.00011012242,1.4985334e-06,0.00091037,3.1164905e-06
0.998966,5.5286987e-06,5.7871034e-07,1.6409292e-07,6.34012e-07,1.7027647e-06,0.000110159264,1.4985003e-06,0.00091060554,3.1166026e-06
0.9989656,5.5341616e-06,5.7904634e-07,1.6407988e-07,6.340982e-07,1.7058392e-06,0.00011020692,1.498564e-06,0.00091099605,3.1168274e-06
0.99896514,5.5385676e-06,5.793526e-07,1.640424e-07,6.3440945e-07,1.7083308e-06,0.00011024745,1.4984332e-06,0.0009114236,3.116918e-06
0.99896467,5.5424857e-06,5.798537e-07,1.6397836e-07,6.3482975e-07,1.7093715e-06,0.00011026338,1.4980695e-06,0.0009117983,3.1167856e-06
0.9989644,5.5453343e-06,5.8041235e-07,1.6390045e-07,6.3531235e-07,1.7095243e-06,0.0001102562,1.4974607e-06,0.00091210514,3.115956e-06
0.9989642,5.5467926e-06,5.8113335e-07,1.6378962e-07,6.357765e-07,1.7099429e-06,0.000110238725,1.4972361e-06,0.0009122824,3.115248e-06
0.9989643,5.550116e-06,5.834847e-07,1.636752e-07,6.3535225e-07,1.712378e-06,0.00011028238,1.4982976e-06,0.00091224245,3.1174445e-06
0.99896514,5.558681e-06,5.8646367e-07,1.6356096e-07,6.3466484e-07,1.7147277e-06,0.000110285626,1.5006241e-06,0.0009113571,3.1194695e-06
0.9989656,5.5658984e-06,5.8736066e-07,1.6352938e-07,6.3518405e-07,1.7153648e-06,0.00011030408,1.5001583e-06,0.00091087405,3.1177162e-06
0.99896574,5.572782e-06,5.87989e-07,1.6347825e-07,6.3571133e-07,1.7160784e-06,0.00011034586,1.5004533e-06,0.0009106887,3.1165036e-06
0.9989656,5.5786204e-06,5.8839163e-07,1.6338704e-07,6.361934e-07,1.7167444e-06,0.000110373956,1.501087e-06,0.0009107224,3.1160607e-06
0.9989655,5.583697e-06,5.8873337e-07,1.6324265e-07,6.3664555e-07,1.7174925e-06,0.00011037847,1.501906e-06,0.0009108774,3.115537e-06
0.99896514,5.5884043e-06,5.8905727e-07,1.6306646e-07,6.3702004e-07,1.7183029e-06,0.000110366214,1.5028554e-06,0.0009110851,3.114728e-06
0.9989649,5.59269e-06,5.8939366e-07,1.628886e-07,6.3731096e-07,1.7190778e-06,0.00011034914,1.5038671e-06,0.0009113074,3.1137e-06
0.9989648,5.5968135e-06,5.8975127e-07,1.6274187e-07,6.374683e-07,1.719863e-06,0.00011034029,1.5047752e-06,0.00091146893,3.1127759e-06
0.9989648,5.599691e-06,5.9011296e-07,1.6262534e-07,6.3758927e-07,1.7203223e-06,0.00011033156,1.5056565e-06,0.0009115528,3.1119241e-06
0.9989648,5.6018757e-06,5.904012e-07,1.625872e-07,6.3754186e-07,1.7210492e-06,0.000110344496,1.5057499e-06,0.0009114872,3.1119835e-06
0.9993311,7.532667e-06,3.947309e-07,2.1396202e-07,3.8661724e-07,1.1654117e-06,7.994168e-05,1.7801431e-06,0.00056800456,9.608269e-06
0.9987405,1.804852e-05,1.0068318e-06,3.7613373e-07,3.3520578e-07,2.309354e-06,0.00023521771,2.4035362e-06,0.00096209644,3.7676524e-05
0.99838424,2.7415583e-05,1.636971e-06,7.650884e-07,3.1895001e-07,3.0416418e-06,0.00043898684,2.7011697e-06,0.001050855,9.01296e-05
0.9975884,3.2529868e-05,2.8291902e-06,1.0404971e-06,3.458166e-07,5.331215e-06,0.000750569,2.7882777e-06,0.0014903164,0.00012584351
0.99772733,3.3045668e-05,2.5417285e-06,1.1748008e-06,4.414162e-07,6.0890893e-06,0.0007119581,2.5071956e-06,0.0013969791,0.00011798106
0.9983948,1.2645028e-05,1.4557942e-06,1.176384e-06,8.5133667e-07,4.936545e-06,0.00043005846,2.8172071e-06,0.0010113848,0.00013979503
0.99927944,4.2525357e-06,3.636265e-07,1.7684993e-06,1.0080525e-06,1.4705961e-06,0.00014798688,3.2821333e-06,0.00046545055,9.51702e-05
0.99912924,2.9119483e-06,3.7538155e-07,2.9001144e-06,1.0893863e-06,5.8194934e-07,7.7941855e-05,2.5077368e-06,0.00066352915,0.00011892105
0.9975284,6.0761645e-06,7.5537673e-07,3.991045e-06,6.725267e-07,2.2134527e-06,0.0002562782,3.2975033e-06,0.0018162391,0.00038223597
0.74328345,0.0006154462,1.0122925e-05,0.00028980675,2.40946e-06,8.0947306e-05,0.0036143956,0.00013091842,0.012197109,0.2397754
0.00032917535,0.00031548433,2.2484955e-06,0.0005267666,9.946096e-07,1.3918307e-05,9.547362e-05,0.00014458367,0.00012670594,0.9984446
1.5058579e-05,0.00016347533,3.1011066e-06,0.00032491796,5.5407e-07,7.604929e-06,4.1900857e-05,4.9972583e-05,3.733341e-05,0.9993561
5.179917e-06,8.4685955e-05,2.7320957e-06,0.00038528634,4.6942696e-07,3.2701896e-06,5.529735e-05,8.3212566e-05,2.4003253e-05,0.99935585
3.8432177e-06,5.651942e-05,1.7687864e-06,0.00064948545,8.8713654e-07,1.852135e-06,3.7661976e-05,6.869664e-05,2.0358195e-05,0.99915874
2.0727337e-06,4.8566246e-05,3.1091245e-06,0.0005398525,1.7327194e-06,3.4411194e-06,4.432377e-05,1.7617127e-05,1.4949624e-05,0.9993242
3.6302372e-06,4.646695e-05,8.0466625e-06,0.0010960882,1.6377835e-05,8.263834e-06,6.9040376e-05,1.9950565e-05,1.0143765e-05,0.998722
5.0818367e-06,2.7022046e-05,2.2132235e-06,0.0005503205,1.510085e-06,3.1685613e-06,3.209832e-05,4.0076367e-05,1.2889093e-05,0.9993255
1.6699098e-06,8.141659e-05,2.770114e-06,0.0006913463,1.3067198e-06,2.6445193e-06,1.3253779e-05,5.1457668e-05,1.1936636e-05,0.99914217
1.0349572e-06,0.000112663285,3.486149e-06,0.0007226839,1.1884382e-06,2.0466862e-06,8.244111e-06,5.3217653e-05,1.5791942e-05,0.9990796
1.1788521e-06,0.00012121947,3.1284844e-06,0.00083644537,1.2506239e-06,1.6355428e-06,6.6405396e-06,5.9256974e-05,2.4121548e-05,0.99894506
7.0615886e-07,5.1641804e-05,6.0262555e-06,0.0007307218,1.7384024e-06,1.108685e-06,9.134212e-06,6.05724e-05,3.2810447e-05,0.9991055
5.215128e-07,2.4216728e-05,1.1482653e-05,0.00076242606,1.2050615e-06,1.1883297e-06,1.7468356e-05,4.2504114e-05,2.7764218e-05,0.99911124
7.0618484e-07,2.610408e-05,2.6471525e-05,0.0014500403,1.3701399e-06,2.0727794e-06,1.9394394e-05,4.3374253e-05,2.6386786e-05,0.9984041
1.2285875e-06,6.123405e-05,5.7669076e-05,0.0023442057,3.4022694e-06,3.897018e-06,2.1609307e-05,6.471602e-05,3.411993e-05,0.99740785
3.3701663e-06,0.0001425949,0.000113192385,0.0039261146,1.5104586e-05,7.508167e-06,2.5931908e-05,6.9292364e-05,9.3949755e-05,0.9956031
1.531594e-05,0.0002773373,0.00031832623,0.005243805,6.6579676e-05,1.760745e-05,3.015889e-05,3.0177102e-05,0.0005290781,0.9934716
2.2510982e-05,0.0009959138,0.00013571055,0.0040926845,0.00013058141,2.4663632e-05,1.8847608e-05,0.00021014971,0.00069276436,0.99367636
5.6238514e-05,0.0054627047,0.00031527117,0.0028892474,0.0013973626,3.6047266e-05,2.2890325e-05,0.0006041147,0.0014366538,0.98777956
5.4320164e-05,0.008468893,0.00051764963,0.0032814268,0.0076775,8.2432154e-05,5.4705546e-05,0.00089155184,0.0018915336,0.97707987
6.6662533e-06,0.00081757223,0.050951965,0.0024550513,0.022392541,0.00072984066,0.0013844159,0.00082761823,0.0014782825,0.9189561
6.3059974e-07,2.8074126e-06,0.99911684,3.0610809e-06,1.9035507e-06,0.000101058744,7.5159594e-05,3.5756036e-06,1.9109964e-05,0.00067587924
3.6898496e-07,1.3472642e-06,0.99961436,2.7381086e-06,5.287346e-07,0.00013469893,0.00010864325,2.1988817e-06,1.3909002e-05,0.0001211281
3.786431e-08,2.322313e-06,0.99958175,8.8227525e-06,1.444956e-07,0.00016064243,7.757862e-05,2.7905633e-06,1.3277225e-05,0.00015260577
1.889131e-08,1.3397706e-06,0.999551,1.8287285e-05,2.7626618e-07,0.00015585533,7.6935685e-05,2.456714e-06,2.9306113e-05,0.00016449254
1.8509779e-08,2.1196042e-06,0.99932814,3.680258e-05,3.1781954e-07,0.00019997531,8.2496364e-05,3.2328796e-06,7.9733276e-05,0.0002672158
3.9990866e-08,2.5143943e-06,0.9993018,1.5310457e-05,6.4084986e-07,0.00020814943,5.4506243e-05,4.5745037e-07,0.00030288482,0.00011363577
4.0365563e-08,1.8394727e-05,0.99691546,3.326899e-05,5.090609e-07,0.0020385685,6.904324e-05,1.2754355e-06,0.00059049367,0.0003329561
4.488674e-08,0.0004614784,0.91329616,0.0001610136,3.9529144e-07,0.08244852,0.0001334353,1.5459551e-05,0.001158738,0.0023246736
4.571749e-08,0.00013057112,0.83283955,3.419848e-05,2.5966784e-07,0.16619644,7.201152e-05,1.224179e-05,0.00021350334,0.00050117506
3.4658168e-08,1.6222044e-05,0.98226637,4.5185407e-06,7.7549714e-08,0.01759108,4.7411853e-05,4.7374365e-06,2.1872807e-05,4.7556314e-05
4.219534e-08,4.8395614e-06,0.9995776,9.191929e-07,2.1298769e-08,0.000393307,8.405465e-06,1.2268297e-06,2.9267524e-06,1.0703196e-05
1.4855408e-08,4.3227433e-06,0.9998878,1.5499579e-06,1.4197397e-08,8.746104e-05,7.174319e-06,6.4618405e-07,1.3429564e-06,9.556544e-06
3.6061012e-09,3.8472162e-06,0.999936,2.3215703e-06,2.0080561e-08,3.6592162e-05,7.513808e-06,4.7631374e-07,1.207139e-06,1.2102496e-05
2.700559e-09,2.387488e-06,0.99994254,3.078066e-06,2.6193854e-08,3.0330124e-05,5.6473345e-06,3.3996255e-07,1.1612384e-06,1.4556688e-05
3.153036e-09,1.8480789e-06,0.9999291,3.199168e-06,2.7635473e-08,3.993383e-05,4.1102116e-06,3.422755e-07,1.3319099e-06,2.0248988e-05
4.0242933e-09,2.134354e-06,0.99987495,3.5501314e-06,2.5114227e-08,6.9991955e-05,4.6440596e-06,4.2768414e-07,2.448583e-06,4.1807427e-05
4.4841664e-09,2.04668e-06,0.99987054,1.9526988e-06,2.012019e-08,5.706987e-05,7.741885e-06,1.6248282e-06,7.262487e-06,5.1673265e-05
6.9670425e-09,1.183827e-06,0.99992836,9.1049446e-07,4.6771234e-08,3.7268215e-05,6.2573636e-06,3.2829182e-06,3.626437e-06,1.9065556e-05
1.3351061e-08,1.5714705e-06,0.9999466,1.1353885e-06,3.5852782e-08,2.5884287e-05,3.8603375e-06,2.6098887e-06,1.8039696e-06,1.6469521e-05
1.7427812e-08,1.1923342e-05,0.9997899,7.984291e-06,4.5386514e-08,7.7614306e-05,1.460918e-06,6.458979e-06,1.04154e-06,0.00010363383
2.2188765e-08,0.0004051285,0.99492055,0.00011539199,3.9586294e-07,0.0008622381,4.3694577e-06,0.00011100473,1.6777301e-06,0.0035791474
3.03787e-08,0.0004910743,0.9954731,8.178798e-05,8.963679e-07,0.0010458846,3.7901743e-06,0.000116897725,1.0626841e-06,0.002785481
4.285606e-08,0.00049254164,0.9968264,5.829772e-05,1.6023656e-06,0.0010929703,3.5997539e-06,0.0001669749,5.7432106e-07,0.0013569545
5.3739903e-08,0.0004288165,0.99773943,4.7217956e-05,2.359725e-06,0.0009985152,4.0957116e-06,0.0002001214,3.07651e-07,0.0005790997
5.6027567e-08,0.00040205827,0.9980564,4.776189e-05,2.835094e-06,0.00094324944,4.853705e-06,0.00020175369,2.1653837e-07,0.00034086322
5.7651295e-08,0.000378287,0.99821496,4.7647445e-05,3.090198e-06,0.0008802446,5.245602e-06,0.00020731438,1.841463e-07,0.00026303946
6.6841366e-08,0.0003491368,0.99832004,4.318273e-05,3.3636886e-06,0.0008323733,5.395785e-06,0.00023106679,1.6246615e-07,0.00021523336
7.6801705e-08,0.00030029548,0.99850094,3.650858e-05,3.387401e-06,0.0007431801,5.2903874e-06,0.00023952652,1.4224231e-07,0.0001707775
7.2858796e-08,0.00025267416,0.9986689,3.485495e-05,2.982094e-06,0.00066706334,4.924958e-06,0.00021295507,1.361158e-07,0.00015540654
4.860179e-08,0.00025514758,0.998637,3.8617785e-05,2.238952e-06,0.0006770536,4.986613e-06,0.00020036733,1.6134807e-07,0.00018423359
3.375148e-08,0.00024781015,0.99787104,6.529821e-05,2.1483272e-06,0.0012797195,4.1542203e-06,0.0001962427,3.1440845e-07,0.00033320946
2.8122006e-08,0.00017704272,0.99665964,6.552586e-05,1.760119e-06,0.0026101205,5.187892e-06,0.0001699717,3.4119023e-07,0.00031032547
3.003741e-08,0.00014588,0.9944606,6.84992e-05,1.8572819e-06,0.004831385,6.710704e-06,0.0001640397,3.649046e-07,0.00032062418
3.6451585e-08,0.00014240273,0.98983276,7.8965735e-05,1.9600554e-06,0.009370189,8.758578e-06,0.00016970973,4.1459464e-07,0.00039489867
4.832004e-08,0.00016510712,0.9822733,9.375053e-05,2.1154867e-06,0.016762625,1.1046065e-05,0.00018089528,4.921843e-07,0.0005105985
6.418768e-08,0.0001983281,0.9689525,0.00010975512,2.3674393e-06,0.029879099,1.3723388e-05,0.00019467152,6.0701217e-07,0.0006489534
7.824608e-08,0.00023210308,0.94379705,0.000117996446,2.5885981e-06,0.05486662,1.6923961e-05,0.0002126502,7.64614e-07,0.0007533663
9.7346586e-08,0.00034436455,0.9183423,0.00013827372,2.9584317e-06,0.08004659,1.8874878e-05,0.00022061674,9.4921273e-07,0.0008849489
1.277287e-07,0.00059777003,0.7344779,0.0001608837,3.0343342e-06,0.26295692,2.5343228e-05,0.00038610544,1.8193103e-06,0.0013901348
2.997439e-08,9.326824e-05,0.035051405,2.6474658e-05,3.2831312e-07,0.9640995,1.1379749e-05,0.00012068115,3.4697664e-06,0.0005934687
8.84382e-09,7.5552316e-06,0.0006297501,2.0408297e-06,1.3215713e-08,0.9992066,5.6433073e-06,3.7901158e-05,1.255054e-05,9.793177e-05
8.011291e-09,2.821971e-06,0.0001315037,9.352109e-07,1.30030875e-08,0.99975413,7.698636e-06,4.20981e-05,1.812199e-05,4.2709413e-05
3.6430072e-09,1.981055e-06,3.3350887e-05,1.6935152e-06,2.955707e-08,0.99983764,1.7062534e-05,4.2681015e-05,4.0730436e-05,2.4789262e-05
1.1934807e-08,3.4101813e-06,0.00015210692,1.0916655e-06,1.804921e-08,0.9994795,1.347714e-05,0.00012606053,0.00017861577,4.5854566e-05
7.864975e-09,3.7540956e-06,0.00011305041,1.7619338e-06,1.0493051e-08,0.9996112,1.0156989e-05,4.8412076e-05,0.00015114967,6.0499693e-05
3.6667764e-09,2.2162494e-06,5.2320123e-05,1.5047725e-06,1.1512839e-08,0.99984276,6.880706e-06,1.899324e-05,4.4870158e-05,3.0403547e-05
2.6227724e-09,1.3939695e-06,2.4870946e-05,1.0980149e-06,1.3325102e-08,0.9999287,4.5772795e-06,8.534603e-06,1.536337e-05,1.5449881e-05
2.3870945e-09,9.727338e-07,1.390798e-05,8.154427e-07,1.6186437e-08,0.9999585,3.302499e-06,5.4082348e-06,8.294331e-06,8.823394e-06
2.263759e-09,8.659085e-07,1.1934795e-05,7.698399e-07,1.6469157e-08,0.9999651,2.6622533e-06,4.455281e-06,6.323541e-06,7.830695e-06
2.7003493e-09,6.787071e-07,9.830429e-06,6.8976686e-07,1.32840805e-08,0.9999697,2.5839765e-06,3.6837362e-06,6.008945e-06,6.7678e-06
3.886802e-09,5.1052524e-07,3.481053e-06,1.422029e-06,1.6383567e-08,0.99997103,3.6364588e-06,1.8650354e-06,8.123726e-06,9.852676e-06
3.2019267e-09,1.4358762e-06,1.2373546e-05,5.0998365e-06,2.6302802e-08,0.9999428,4.004106e-06,3.244291e-06,7.799992e-06,2.3243412e-05
6.671493e-09,2.5731097e-06,4.578631e-05,1.5953849e-05,4.6620148e-08,0.99981517,4.8930524e-06,4.7530407e-06,3.6356818e-05,7.4439595e-05
4.5575583e-09,1.7147765e-06,2.1443899e-05,2.9902471e-06,1.5537346e-08,0.999881,3.7567531e-06,3.838404e-06,4.0576422e-05,4.467414e-05
3.6123233e-09,9.853825e-07,9.163842e-06,2.2013828e-06,3.6835715e-08,0.9999471,3.4457182e-06,1.8318545e-06,1.652677e-05,1.8671342e-05
3.4162777e-09,5.909361e-07,6.300055e-06,2.5734025e-06,5.9679415e-08,0.99996614,4.9075925e-06,1.509915e-06,7.925549e-06,1.0073069e-05
3.606843e-09,5.092055e-07,5.0434437e-06,3.7498603e-06,9.4187534e-08,0.99996996,7.637417e-06,1.7986673e-06,4.2710703e-06,6.877219e-06
5.388542e-09,5.6295494e-07,5.1026236e-06,8.656442e-06,1.6900555e-07,0.99995697,1.5514133e-05,2.452128e-06,3.954921e-06,6.6053312e-06
1.2779746e-08,7.57664e-07,8.233519e-06,3.5139885e-05,6.803922e-07,0.9998983,3.789822e-05,3.1993534e-06,6.1861415e-06,9.466056e-06
9.114191e-08,5.3926865e-06,5.4042728e-05,0.0016259799,1.0875828e-05,0.9971788,0.0009984724,6.7975056e-06,4.6600235e-05,7.302044e-05
2.0348104e-06,7.806406e-05,0.00025511027,0.80603254,0.0011413383,0.05201681,0.13884404,4.6486352e-06,0.0005160992,0.0011093188
2.974633e-06,3.424087e-05,0.00037247935,0.8030074,0.00066178327,0.0057791695,0.18830864,1.531927e-06,0.0010308361,0.0008009229
3.6687536e-06,2.7946218e-05,0.00054281956,0.85205036,0.0006997934,0.0017478219,0.14338292,9.508462e-07,0.0009142582,0.00062941905
4.7695776e-06,2.5646586e-05,0.00016254684,0.7561136,0.001394909,0.0012483348,0.23993185,5.952618e-07,0.0007241701,0.00039351496
5.1508887e-06,2.1056743e-05,0.00015373089,0.7889216,0.0013569226,0.0006050423,0.20812032,5.135368e-07,0.00045382738,0.00036189557
6.014455e-06,1.7490955e-05,0.00015134239,0.8081168,0.001357984,0.00033291194,0.1893527,4.866092e-07,0.00030339573,0.00036082944
8.014236e-06,1.4670131e-05,0.00014337251,0.8180557,0.0015242847,0.00018918728,0.17945747,4.9624674e-07,0.00022982419,0.0003769661
1.1686551e-05,1.3198924e-05,0.00011280967,0.8293732,0.0019669472,0.000100440324,0.16784447,5.335012e-07,0.00019184213,0.0003849364
1.7897259e-05,1.27841295e-05,7.6679775e-05,0.85040843,0.002583213,4.938006e-05,0.14625941,5.440548e-07,0.00018735776,0.00040436967
2.0949885e-05,1.3589788e-05,6.774274e-05,0.8572146,0.0027845197,2.8854265e-05,0.1393178,5.77537e-07,0.00017152376,0.00037984014
2.3078177e-05,1.3171462e-05,6.39471e-05,0.53846097,0.0020456244,4.5190223e-05,0.45876965,6.451611e-07,0.00023373208,0.00034400114
2.911529e-05,1.0718663e-05,6.600256e-05,0.4564967,0.001174397,4.237127e-05,0.54158705,8.4978313e-07,0.00022967375,0.00036320442
3.7800943e-05,9.3848785e-06,8.1816914e-05,0.4140201,0.0008029269,3.8684484e-05,0.58437806,1.015965e-06,0.0002564575,0.0003737782
5.2387808e-05,9.430996e-06,9.175374e-05,0.4400206,0.00060533243,3.9210354e-05,0.5584935,1.0949965e-06,0.00027563408,0.0004111049
7.484023e-05,1.0519423e-05,9.3095085e-05,0.48870245,0.00055761257,3.762069e-05,0.5097717,1.1385064e-06,0.00029397281,0.00045712132
0.000103684426,1.3645675e-05,8.730546e-05,0.4963915,0.00051653746,3.3521923e-05,0.5020656,1.2931565e-06,0.00029399028,0.00049290113
0.00018952297,2.0908583e-05,8.731814e-05,0.4671464,0.0005061834,3.0782758e-05,0.5311242,1.6065163e-06,0.0003358273,0.00055723236
0.0005859662,3.2368862e-05,0.00010860698,0.45107412,0.00057911244,6.282976e-05,0.54641455,1.8728524e-06,0.0005044898,0.00063613156
0.0009618109,7.1157316e-05,0.00015289921,0.54943556,0.00041864335,0.00013581551,0.44726145,1.4823033e-06,0.0005110045,0.0010501968
0.09659523,0.00024016491,0.00082674803,0.3593202,0.002853301,0.00034830638,0.53189427,3.5582393e-06,0.0053917123,0.0025264588
0.97246265,6.8791114e-06,0.00012874769,0.00027123978,0.00028167406,3.0357305e-05,0.020303527,1.3536826e-06,0.006442418,7.1149654e-05
0.98476493,3.3006868e-06,2.4876585e-05,4.1523283e-05,4.8853784e-05,1.4961388e-05,0.012091307,2.6227656e-06,0.002968257,3.9337232e-05
0.9895259,3.0854324e-06,1.17319805e-05,1.7589144e-05,2.1855794e-05,7.743553e-06,0.008443928,4.1678986e-06,0.0019384972,2.5581388e-05
0.991503,3.2918417e-06,7.438329e-06,9.777341e-06,1.1467501e-05,7.178602e-06,0.006714022,4.676795e-06,0.00171972,1.9384039e-05
0.9936982,3.607697e-06,4.5994075e-06,6.8091817e-06,6.626305e-06,7.3707993e-06,0.004812355,4.1008207e-06,0.0014405695,1.5803886e-05
0.99582654,3.9278607e-06,2.7631788e-06,3.999971e-06,3.8710527e-06,7.225833e-06,0.002976173,3.3432484e-06,0.0011598909,1.2121471e-05
0.9972126,4.7219155e-06,1.8546018e-06,2.0406944e-06,2.2686568e-06,7.0016777e-06,0.0017720547,2.8537547e-06,0.0009850427,9.684862e-06
0.99809533,6.142776e-06,1.3938002e-06,9.4299963e-07,1.3672156e-06,6.6341318e-06,0.00097127754,2.5792538e-06,0.00090627436,8.040547e-06
0.9986312,7.254509e-06,1.0813284e-06,4.89958e-07,9.74291e-07,4.9424675e-06,0.00048628057,2.1590063e-06,0.0008592411,6.3211496e-06
0.99889743,8.073775e-06,8.6551455e-07,3.0597826e-07,7.638467e-07,3.2643156e-06,0.00026723975,1.8762506e-06,0.0008152478,4.991701e-06
0.9987551,8.851216e-06,7.994155e-07,3.0579e-07,7.713519e-07,4.1363023e-06,0.000343087,1.7876736e-06,0.0008762723,8.961157e-06
0.99815434,1.434177e-05,1.3340637e-06,6.171652e-07,1.0389192e-06,8.229269e-06,0.00094741036,2.7394417e-06,0.0008542267,1.5762715e-05
0.9957671,2.263612e-05,2.6648638e-06,1.3162941e-06,1.6268033e-06,1.9609237e-05,0.003093377,5.127459e-06,0.0010610655,2.5356494e-05
0.98895234,3.076079e-05,5.766569e-06,2.9507742e-06,3.019292e-06,3.6233527e-05,0.009471044,1.0352647e-05,0.0014507865,3.673662e-05
0.97635853,3.4535296e-05,1.1208036e-05,7.3001243e-06,6.38388e-06,5.639854e-05,0.021420442,1.853332e-05,0.002039655,4.696948e-05
0.9600621,3.6337085e-05,1.9224328e-05,2.074261e-05,1.4970177e-05,6.7531146e-05,0.03692662,3.048722e-05,0.0027655829,5.6408568e-05
0.9523939,3.557441e-05,2.3853092e-05,5.841911e-05,3.3130924e-05,5.5951354e-05,0.043516222,4.080011e-05,0.0037856253,5.6691173e-05
0.9520978,3.7582056e-05,2.4719177e-05,0.00017012049,8.122293e-05,4.9817005e-05,0.04235623,4.303794e-05,0.005085187,5.4278284e-05
0.9740762,2.2436187e-05,2.091406e-05,0.00044279353,0.00018708227,2.7333897e-05,0.020344432,1.3459612e-05,0.004807324,5.795887e-05
0.9193529,4.760396e-05,3.593151e-05,0.008961327,0.00086892705,8.028318e-05,0.06291543,1.1772013e-05,0.007367086,0.00035876702
0.0061657294,9.9740224e-05,2.3914856e-05,0.64523834,0.0014267355,9.409386e-05,0.34207925,1.1031337e-05,0.00054241216,0.0043187845
0.00036201766,3.7152186e-05,3.3439723e-05,0.67081344,0.0005760348,6.9972884e-05,0.3248368,4.6233754e-06,0.00016174228,0.0031047852
7.924652e-05,2.4942681e-05,3.935544e-05,0.6903882,0.00021932877,5.4634464e-05,0.30634648,3.7496018e-06,9.263964e-05,0.0027514093
3.2294418e-05,2.0515059e-05,5.2412972e-05,0.6563079,0.00012350944,5.0684783e-05,0.3406077,3.9603647e-06,6.76466e-05,0.002733418
1.9316238e-05,1.8530842e-05,7.606097e-05,0.61145693,8.4646854e-05,4.9814837e-05,0.38550153,4.2600495e-06,5.5057608e-05,0.0027339417
1.3135993e-05,2.1707878e-05,8.039461e-05,0.62369317,6.542864e-05,5.1032333e-05,0.37349832,6.7973965e-06,3.5293313e-05,0.0025347956
1.3650367e-05,1.8777277e-05,0.00010346816,0.6382932,7.2433424e-05,5.9746784e-05,0.35906097,5.551018e-06,2.848353e-05,0.0023436346
1.2855471e-05,1.9025625e-05,0.000111156456,0.6493161,8.848931e-05,6.785176e-05,0.34861925,4.9466444e-06,2.1810802e-05,0.0017384762
9.433491e-06,2.8232209e-05,8.144119e-05,0.685801,8.320753e-05,9.065064e-05,0.3126128,5.7659613e-06,1.5516429e-05,0.0012718253
6.314513e-06,2.6825097e-05,6.646682e-05,0.840544,8.034291e-05,9.5794945e-05,0.15811545,3.0871834e-06,1.0309658e-05,0.0010514628
4.682646e-06,1.6803662e-05,4.9590337e-05,0.9497011,7.4849915e-05,5.6774712e-05,0.048789304,1.5971054e-06,1.27865405e-05,0.0012926203
3.2933658e-06,1.843661e-05,3.583098e-05,0.947861,6.1247425e-05,7.790091e-05,0.050457407,1.8134765e-06,1.3347421e-05,0.0014697588
2.5410025e-06,2.1072054e-05,2.6133739e-05,0.949097,5.80747e-05,0.000113825605,0.049333043,2.2505787e-06,1.0107762e-05,0.0013359245
2.8140057e-06,2.3667224e-05,1.9575571e-05,0.9504696,7.279605e-05,0.000100533194,0.048213776,2.8038583e-06,8.650117e-06,0.0010857766
2.8804393e-06,2.8499086e-05,1.6790631e-05,0.97223693,5.9698916e-05,7.859348e-05,0.026420891,3.4944642e-06,5.8977325e-06,0.0011463847
5.9771714e-06,2.5921467e-05,2.3437668e-05,0.9625339,6.0109993e-05,7.041739e-05,0.03611735,3.2863554e-06,1.5230324e-05,0.0011443913
8.712019e-06,3.239749e-05,1.9233874e-05,0.95255685,8.379119e-05,6.200367e-05,0.046204306,2.2497945e-06,1.7090326e-05,0.0010133581
7.897339e-06,2.6647396e-05,2.9777766e-05,0.95704156,7.099307e-05,0.00013040101,0.041647304,2.1605467e-06,2.4242607e-05,0.0010189291
2.2294853e-05,3.46269e-05,3.35812e-05,0.9639376,7.341619e-05,0.00019840166,0.03308573,2.7340734e-06,0.0004692107,0.002142449
2.3044797e-05,9.157198e-05,4.390004e-06,0.98375815,0.00011411118,0.00013580326,0.0127696125,1.2982782e-06,0.0004947356,0.0026073523
0.00015029698,3.714e-05,2.4933343e-06,0.014074133,3.6497375e-05,0.0007759975,0.0015046613,7.908625e-06,0.97539777,0.00801298
1.4608717e-05,2.872834e-05,1.2481098e-05,0.009519106,2.6176654e-06,0.0027909947,0.00033899702,7.816053e-06,0.966324,0.020960702
1.018462e-05,2.1316437e-05,1.3183772e-05,0.0036842425,7.2728983e-07,0.001699719,0.00010617708,3.2902556e-06,0.9801822,0.014278945
1.0630587e-05,1.0149545e-05,2.4913836e-06,0.0011254842,7.410698e-07,0.00034999236,4.5688314e-05,1.0209844e-06,0.9935468,0.0049069626
9.483862e-06,6.39922e-06,8.568123e-07,0.00061519817,8.2186773e-07,0.00014218815,3.7568007e-05,6.8595796e-07,0.9960691,0.0031176296
6.984932e-06,5.3007016e-06,4.639571e-07,0.00040600088,5.970215e-07,0.00020292796,3.641825e-05,1.0975816e-06,0.99623185,0.0031083147
6.8339373e-06,2.7562567e-06,2.625681e-07,9.4220646e-05,2.5243853e-07,6.202308e-05,3.1816802e-05,5.8678376e-07,0.99838245,0.0014187569
2.00171e-05,1.2765848e-06,2.0300601e-07,7.4671775e-06,1.4960362e-07,4.8926604e-06,1.6902637e-05,4.4260403e-07,0.99975604,0.00019252248
2.1707281e-05,2.124294e-06,4.2007144e-08,1.30093795e-05,1.2336865e-07,3.4218974e-05,6.581588e-06,5.9965515e-07,0.99935347,0.0005681575
2.037691e-05,2.1947722e-06,3.4177216e-08,4.2665865e-06,9.3764925e-08,2.3722336e-05,2.8564527e-06,6.601375e-07,0.9995472,0.00039856782
1.5705828e-05,1.2502609e-06,4.2799204e-08,1.898774e-06,4.129374e-08,2.1103528e-05,3.4990273e-06,6.6270024e-07,0.9997682,0.0001875785
1.4220624e-05,1.1319092e-06,1.3350136e-07,3.3654146e-06,1.9127976e-08,4.8933467e-05,8.853977e-06,8.002011e-07,0.9995956,0.00032708
1.7097598e-05,8.3226536e-07,1.3317248e-07,2.68241e-06,2.3955426e-08,1.9408553e-05,1.0189921e-05,4.503509e-07,0.99974686,0.0002023029
1.6314902e-05,6.407218e-07,1.3041357e-07,1.3571041e-06,3.3932665e-08,5.3400895e-06,1.0981527e-05,3.8553137e-07,0.9998733,9.15243e-05
1.3149645e-05,7.279193e-07,1.8795551e-07,1.2840474e-06,2.4852124e-08,4.1673334e-06,1.2741646e-05,4.9479365e-07,0.9998627,0.00010470467
1.634508e-05,9.528424e-07,1.584505e-07,1.9144913e-06,2.0765023e-08,4.694037e-06,1.3301527e-05,6.531781e-07,0.99978536,0.00017660856
3.288237e-05,1.9392414e-06,1.0010286e-07,2.004625e-06,2.1338188e-08,4.5869656e-06,1.5697771e-05,1.4098612e-06,0.99968517,0.00025620678
0.00010665139,3.286877e-06,8.349354e-08,1.2314875e-06,3.2680138e-08,7.1394015e-06,3.194051e-05,4.198843e-06,0.99966776,0.00017767448
9.780609e-05,4.0206683e-06,6.396866e-08,9.876766e-06,4.223452e-08,0.000100836616,1.8013216e-05,2.5905522e-06,0.9987079,0.0010588191
0.0013924396,3.9211e-06,1.0945132e-07,1.8406585e-05,1.3745156e-07,0.00016854153,2.2171856e-05,5.4125445e-07,0.997619,0.0007747012
0.647316,1.0338649e-05,1.7560029e-06,9.518303e-05,2.2902202e-06,0.00036502385,9.274256e-05,3.017726e-07,0.3517074,0.000408946
0.8297289,4.664099e-06,2.4232475e-06,1.1177126e-05,2.3089033e-06,3.6987996e-05,0.00017509396,1.9809238e-07,0.16999094,4.739231e-05
0.8937648,4.6822643e-06,4.427544e-06,3.8306084e-06,2.538084e-06,1.550731e-05,0.00036807772,2.958173e-07,0.10581696,1.8975417e-05
0.92971545,5.092013e-06,6.3898e-06,2.3323364e-06,2.3629777e-06,9.330262e-06,0.000539269,4.141406e-07,0.06970505,1.4278166e-05
0.95922655,4.939797e-06,5.686224e-06,1.5582481e-06,1.9907864e-06,6.782466e-06,0.000502673,4.6516107e-07,0.040237248,1.2084042e-05
0.980056,4.7132266e-06,3.7964123e-06,9.3957317e-07,1.5270409e-06,5.182765e-06,0.0003745835,4.923891e-07,0.019543052,9.759172e-06
0.9908064,4.6153095e-06,2.18236e-06,5.415807e-07,1.1274676e-06,4.4296658e-06,0.0002507803,5.5873613e-07,0.008921437,7.848975e-06
0.9939348,1.4357261e-05,2.4287308e-06,3.2779676e-07,1.4913144e-06,4.956336e-06,0.00036979446,1.7032758e-06,0.005650032,2.0084059e-05
0.9949699,3.1845757e-05,2.6466037e-06,4.726203e-07,2.5623428e-06,1.12247e-05,0.0010494108,4.3856057e-06,0.0038880527,3.9541857e-05
0.9889719,5.4894637e-05,2.0824955e-06,1.1086927e-06,4.6894997e-06,3.636444e-05,0.00519357,1.4255794e-05,0.005656127,6.503326e-05
0.99757606,1.1474822e-05,1.4025263e-06,5.7518565e-07,2.936614e-06,1.40502625e-05,0.0012427105,3.1466802e-06,0.0011207092,2.6834978e-05
0.99596584,1.5168968e-05,2.2098907e-06,7.475127e-07,3.1450274e-06,2.0061785e-05,0.0021567028,3.2838184e-06,0.0017940229,3.8864273e-05
0.9967411,1.986356e-05,3.4440154e-06,9.028813e-07,1.7276753e-06,1.3363032e-05,0.0013553046,1.7302691e-06,0.0017946472,6.790522e-05
0.994273,1.679723e-05,8.183592e-06,1.4524924e-06,1.6354295e-06,1.6461256e-05,0.0023357894,1.6126239e-06,0.0032483484,9.671921e-05
0.99135864,1.7718803e-05,1.2774552e-05,2.2251982e-06,1.5234666e-06,2.2705337e-05,0.0036356281,2.4109193e-06,0.0048163603,0.00012990984
0.9891943,1.6202928e-05,1.0461966e-05,2.3488776e-06,2.179923e-06,2.3450852e-05,0.0056384364,7.0024425e-06,0.005007202,9.8538265e-05
0.9864938,4.516446e-05,4.516822e-06,6.478514e-06,3.5137618e-06,3.297559e-05,0.008841004,1.970994e-05,0.0039557843,0.0005968811
0.35758358,0.0042416663,2.2298686e-05,0.00069154403,0.00024654754,0.00076704024,0.2556478,0.0026758756,0.0057384763,0.37238505
0.08679402,0.0006218902,6.74318e-05,0.00028821858,0.00046277003,0.0008008305,0.7849218,0.0011121142,0.007049157,0.11788177
0.16804482,0.0006415719,0.00018145025,0.0006858837,0.00046143422,0.0007760112,0.5533023,5.7442765e-05,0.012739212,0.26310983
0.0037222952,0.00047741208,0.00012317041,0.0024108915,0.002689687,0.0003484534,0.013023346,6.502166e-05,0.0004510713,0.9766887
0.00042990554,0.00011140548,6.8760287e-06,0.000841825,4.3224474e-05,1.88835e-05,0.0005699969,5.184345e-05,0.00017687403,0.99774903
2.8811444e-05,0.00012528412,3.4148763e-06,0.0009092995,9.914349e-06,7.0899264e-06,0.00017615115,2.4555382e-05,6.810091e-05,0.9986474
6.0248126e-06,8.453613e-05,2.7622775e-06,0.0012438794,3.5474434e-06,3.5516475e-06,7.4895e-05,1.7986047e-05,3.942412e-05,0.9985234
2.4015458e-06,5.066606e-05,2.6856794e-06,0.0013527429,1.6822491e-06,2.097916e-06,3.865887e-05,1.7615745e-05,2.8612709e-05,0.99850273
1.1183763e-06,3.819077e-05,2.7515482e-06,0.0012453194,8.308214e-07,1.8063481e-06,2.4944215e-05,1.720198e-05,2.328083e-05,0.99864453
5.48562e-07,4.1197778e-05,2.7517053e-06,0.00084849144,4.9921374e-07,2.1486721e-06,2.1490645e-05,1.9497696e-05,1.8894174e-05,0.9990445
5.7271427e-07,3.1543008e-05,2.4645376e-06,0.0015541665,9.899825e-07,2.4673338e-06,1.5970621e-05,2.4470437e-05,2.7158314e-05,0.99834013
3.3945713e-07,3.7234426e-05,3.1796772e-06,0.0014592884,7.961712e-07,2.2029833e-06,1.3579289e-05,3.345585e-05,2.2471077e-05,0.9984274
3.1789415e-07,3.9285624e-05,2.876072e-06,0.0008608033,5.2533323e-07,1.9156391e-06,1.0733323e-05,3.2103184e-05,1.9522644e-05,0.9990319
4.5191024e-07,3.140688e-05,4.70434e-06,0.0011701807,3.5132982e-06,2.6720118e-06,9.918682e-06,4.2393527e-05,1.4844645e-05,0.99871993
5.9173243e-07,3.2104752e-05,4.149577e-06,0.00087769347,5.4718143e-06,3.1950885e-06,9.524965e-06,6.6043634e-05,1.662497e-05,0.9989845
9.3503354e-07,3.7087124e-05,5.043895e-06,0.00089823554,1.0246391e-05,3.7805098e-06,1.0607213e-05,6.578563e-05,1.7524064e-05,0.99895084
1.2903809e-06,2.8223334e-05,5.8428295e-06,0.00084818224,1.6895632e-05,4.9048217e-06,1.2021531e-05,5.0404058e-05,1.9462153e-05,0.9990128
1.1108531e-06,3.883296e-05,9.254272e-06,0.0010347761,2.7670449e-05,7.326746e-06,1.6922171e-05,6.4300395e-05,1.1888445e-05,0.99878794
1.9695506e-06,4.320541e-05,1.2408544e-05,0.00096457475,3.520879e-05,4.65229e-06,1.6795902e-05,7.386209e-05,2.0003044e-05,0.9988273
6.1929945e-06,5.369277e-05,1.720227e-05,0.0012640617,0.00017324969,2.7544825e-06,2.7656126e-05,0.00022988986,5.0544568e-05,0.9981748
2.1469057e-05,4.0664687e-05,2.3770723e-05,0.0010201484,0.00031680186,5.1161346e-06,4.6658188e-05,0.0003039242,0.000115767696,0.99810565
6.26279e-05,6.672932e-05,7.4595795e-05,0.002120796,0.0021488823,1.3226027e-05,0.000117901305,0.00044346534,5.7739504e-05,0.9948939
0.0005531145,8.428211e-05,0.0005577515,0.0070026293,0.1342411,0.00011102779,0.00046449265,0.0004254791,0.00023919987,0.85632074
0.0020083387,4.571884e-05,0.0012183473,0.008732549,0.6024221,0.00013325825,0.0006511915,0.00021048324,0.00059271144,0.3839853
0.0048179193,3.8485705e-05,0.002051874,0.012358604,0.48119983,0.000112460926,0.0006238116,9.673589e-05,0.0012933391,0.49740696
0.006886112,4.4326272e-05,0.0024387487,0.013611639,0.3602955,0.00010968421,0.00060525734,9.947908e-05,0.0012007589,0.6147085
0.0028600206,3.253484e-05,0.002626305,0.007850385,0.7448408,0.0001377187,0.00074884604,0.00012720338,0.0006360576,0.24014011
0.0012245831,3.0599967e-05,0.0020121993,0.0037162995,0.905789,3.8624145e-05,0.00066252134,0.0003152005,0.00024746233,0.08596346
0.0005455228,1.8522453e-05,0.0020296513,0.0015997302,0.9631292,1.9946254e-05,0.00038741858,0.00024828047,0.0003793465,0.031642403
0.00040094234,6.5462928e-06,0.0016322721,0.0012341194,0.9824954,2.064472e-05,0.0002642723,7.3238945e-05,0.0002617163,0.013610807
0.0010281148,4.3756963e-06,0.0020618897,0.0013050798,0.98063606,3.240991e-05,0.00022362602,4.027133e-05,0.00054172333,0.014126412
0.0031415934,6.245382e-06,0.002834892,0.0017562669,0.97190285,1.683308e-05,0.00016190913,6.0076472e-05,0.0007634873,0.019355832
0.0033523988,1.2518853e-05,0.0040244535,0.0026335877,0.97144026,1.7781207e-05,0.0001099487,4.965588e-05,0.0007045595,0.017654818
0.0023619186,1.6700364e-05,0.009928429,0.0025745286,0.97173226,3.0136353e-05,0.00018672664,2.6708774e-05,0.0014547834,0.011687897
0.00155905,3.1591182e-05,0.012639499,0.0032267703,0.9522842,4.0517025e-05,0.00045492238,5.341249e-05,0.002365431,0.027344607
0.00048591665,3.046209e-05,0.0139035685,0.0033986922,0.95971,2.5496389e-05,0.0007009657,6.729413e-05,0.0010262965,0.020651344
0.00019436584,1.557526e-05,0.006596736,0.002450292,0.98290294,2.2670261e-05,0.0010656964,3.052229e-05,0.00042776842,0.00629344
0.0002434618,1.551065e-05,0.0052592917,0.0025916253,0.979481,3.0484562e-05,0.0023275306,4.210285e-05,0.0004478238,0.009561254
0.00025945267,2.8301703e-05,0.00974558,0.0039210743,0.96429783,6.258901e-05,0.0067918515,4.764955e-05,0.0005478938,0.014297846
0.0004752889,1.0180729e-05,0.007756233,0.0023938273,0.97789407,6.035199e-05,0.0034138313,3.10883e-05,0.000810747,0.007154487
0.001109082,7.421843e-06,0.013653852,0.0015846405,0.97067404,0.00022569447,0.0020826152,4.593297e-05,0.0019729598,0.008643819
0.0020205663,1.1020277e-05,0.0057362593,0.0013092053,0.9814083,0.0010223441,0.0010686567,1.870453e-05,0.0017802583,0.0056246263
0.0022981714,1.0537446e-05,0.0023676164,0.00043938385,0.98795545,0.0027640238,0.00038564618,2.1657965e-05,0.0010603929,0.002697073
0.00014279503,1.1517159e-05,0.014108811,3.202205e-05,0.0013024523,0.9698962,0.00042734563,0.00026237988,0.0025625096,0.011253982
1.3726387e-06,2.1824258e-06,0.0029729537,2.42855e-06,2.5651264e-06,0.99567753,7.0502894e-05,5.6164215e-05,0.00015770447,0.001056528
2.0126542e-07,5.6834773e-07,0.00094482483,1.892925e-06,4.9967974e-07,0.9987313,8.161356e-05,1.2714248e-05,6.148552e-05,0.00016475955
3.9845485e-08,4.6637365e-07,0.00040446103,1.708744e-06,1.1921422e-07,0.9994325,5.1175906e-05,7.2716944e-06,2.9585091e-05,7.263796e-05
1.4749098e-08,5.904257e-07,0.00017309611,1.2610053e-06,4.4254115e-08,0.999723,2.2276052e-05,8.117917e-06,1.4994177e-05,5.655145e-05
7.075859e-09,6.280623e-07,9.603742e-05,1.0693728e-06,3.5526977e-08,0.99984336,1.31163515e-05,5.1563793e-06,1.1997907e-05,2.8530172e-05
4.8093374e-09,6.7137614e-07,2.756305e-05,7.938616e-07,2.8135311e-08,0.99993277,7.029989e-06,3.2541216e-06,1.0547226e-05,1.7318254e-05
4.1357313e-09,7.585325e-07,1.2509886e-05,6.3901837e-07,2.2147379e-08,0.9999548,4.8164043e-06,2.9151438e-06,1.1213491e-05,1.2247513e-05
4.524774e-09,8.255986e-07,7.201223e-06,5.20996e-07,1.8217285e-08,0.99996305,3.7519803e-06,2.974658e-06,1.1918972e-05,9.833776e-06
6.341756e-09,7.828276e-07,5.0149324e-06,3.8022844e-07,1.3055397e-08,0.9999676,3.0695273e-06,3.1055679e-06,1.1955832e-05,8.182237e-06
7.0131754e-09,8.459077e-07,1.3997176e-06,2.9246448e-07,2.4540375e-08,0.9999802,1.7567812e-06,2.081833e-06,8.578913e-06,4.7824865e-06
7.126777e-09,6.9034996e-07,1.8228566e-06,2.5091865e-07,2.2212605e-08,0.999985,1.2910835e-06,1.9536283e-06,4.8287607e-06,4.178525e-06
6.4454175e-09,5.9348815e-07,2.3358398e-06,2.5318636e-07,1.47228985e-08,0.99998593,1.4062322e-06,2.0241787e-06,3.5382857e-06,3.926803e-06
7.4229525e-09,4.097374e-07,2.6272196e-06,3.712827e-07,3.7831562e-08,0.999979,1.6210838e-06,2.3533e-06,4.6677133e-06,8.940458e-06
8.229116e-09,5.0454105e-07,4.060023e-06,5.6972345e-07,4.8877617e-08,0.99996376,2.0219074e-06,2.9935964e-06,7.111286e-06,1.894698e-05
7.886607e-09,9.279853e-07,7.5690027e-06,4.93697e-07,2.9574679e-08,0.9999583,1.7601672e-06,3.388688e-06,6.0669527e-06,2.151098e-05
9.192887e-09,7.7056404e-07,8.8130055e-06,5.334249e-07,7.234131e-08,0.9999478,1.8663496e-06,4.9562527e-06,4.3032956e-06,3.0948264e-05
7.972104e-09,8.0232746e-07,9.880583e-06,4.0691708e-07,3.8818584e-08,0.9999528,1.9798308e-06,7.302319e-06,4.024056e-06,2.271647e-05
9.3299715e-09,1.2393646e-06,1.2125316e-05,3.439173e-07,1.9902139e-08,0.9999392,2.355411e-06,1.4100519e-05,5.71619e-06,2.4821138e-05
1.5974182e-08,1.8597902e-06,5.594783e-06,3.0085016e-07,5.5932617e-08,0.99993277,1.7640932e-06,2.469306e-05,7.1782756e-06,2.57021e-05
4.1357684e-08,1.2530977e-06,9.802368e-07,4.6034873e-07,1.1080621e-06,0.99998224,1.2587162e-06,3.1590264e-06,2.356937e-06,7.1849176e-06
1.7025535e-08,8.7496807e-07,1.0249421e-06,3.142621e-07,2.4394944e-07,0.9999906,1.4908811e-06,6.3750366e-07,1.2949085e-06,3.52317e-06
1.047765e-08,1.2278457e-06,1.1600398e-05,3.1525752e-07,1.3341104e-07,0.9999715,2.4101275e-06,8.986719e-07,3.500787e-06,8.412451e-06
3.1513665e-08,2.270342e-06,8.0732985e-05,4.541728e-07,1.6740653e-07,0.999851,4.152907e-06,2.5413344e-06,2.3496006e-05,3.517453e-05
4.7956114e-08,1.9003741e-06,3.18002e-05,2.2226682e-07,5.6484133e-08,0.99990666,5.0442886e-06,2.4149292e-06,3.0369236e-05,2.1478118e-05
2.7971842e-08,1.5377216e-06,1.8013596e-05,1.41507e-07,4.2330292e-08,0.99995553,2.3916025e-06,1.7811228e-06,9.1152915e-06,1.143844e-05
2.8610755e-08,2.0876932e-06,3.148418e-05,1.7184061e-07,7.748899e-08,0.9999378,1.5693704e-06,2.7110368e-06,7.0212063e-06,1.7072949e-05
2.860694e-08,1.6460657e-06,1.5580425e-05,9.866951e-08,4.8228497e-08,0.9999628,1.1031345e-06,4.7432222e-06,4.697208e-06,9.16431e-06
1.94389e-08,7.5464686e-07,3.962545e-06,9.283603e-08,3.6766046e-08,0.99998415,9.607282e-07,3.253575e-06,2.4966973e-06,4.3060463e-06
1.59722e-08,6.8554544e-07,1.3025904e-06,1.2419775e-07,1.0819835e-07,0.99999166,7.752993e-07,2.1003732e-06,9.643743e-07,2.2121849e-06
2.5720638e-08,1.5204397e-06,2.5660677e-07,2.8560478e-07,4.2665155e-07,0.99999344,7.562966e-07,1.063291e-06,8.959634e-07,1.3901684e-06
4.6519332e-08,3.3876406e-06,3.178771e-07,4.1807905e-07,1.059284e-06,0.9999906,7.534263e-07,9.0303183e-07,9.732122e-07,1.6484255e-06
5.1801813e-08,4.597513e-06,5.391283e-07,4.730617e-07,1.2007063e-06,0.9999887,8.5905504e-07,8.863759e-07,5.511522e-07,2.1473968e-06
4.7470063e-08,6.997413e-06,7.6733596e-07,6.196046e-07,1.2817696e-06,0.999985,6.328763e-07,9.001679e-07,5.1800856e-07,3.276217e-06
4.6861825e-08,9.297279e-06,5.450958e-07,5.05391e-07,6.280774e-07,0.9999846,5.0660844e-07,7.2734116e-07,5.634738e-07,2.60011e-06
4.9199393e-08,8.900554e-06,6.148228e-07,4.927714e-07,5.4284567e-07,0.9999852,4.9091574e-07,4.8231124e-07,6.4801446e-07,2.49821e-06
4.4910646e-08,9.529405e-06,6.9573264e-07,5.347625e-07,5.562432e-07,0.99998415,4.96621e-07,3.754753e-07,7.967915e-07,2.7661602e-06
4.3136517e-08,1.2213244e-05,5.687396e-07,4.323641e-07,3.2973279e-07,0.9999815,5.097648e-07,3.828138e-07,1.0101385e-06,2.95028e-06
5.2365817e-08,1.0338861e-05,4.4609664e-07,3.6248628e-07,3.195698e-07,0.9999819,5.792502e-07,4.3014913e-07,1.3491792e-06,4.2425863e-06
5.758918e-08,1.2262935e-05,4.4766978e-07,3.5957422e-07,3.2088153e-07,0.99997735,6.226095e-07,5.339939e-07,1.6778549e-06,6.414839e-06
7.154579e-08,1.7622677e-05,4.772015e-07,3.9615605e-07,3.432152e-07,0.999966,6.2656886e-07,7.5224114e-07,2.2255203e-06,1.1450194e-05
7.831162e-08,2.7969734e-05,6.0664394e-07,4.7336664e-07,4.0858464e-07,0.9999465,5.9421797e-07,1.0087168e-06,3.1545092e-06,1.9270896e-05
7.4422445e-08,2.5976655e-05,6.017974e-07,4.532397e-07,3.5177334e-07,0.9999496,6.3328497e-07,9.780551e-07,2.8171712e-06,1.8538369e-05
6.6699165e-08,2.3963994e-05,6.9235006e-07,4.3111706e-07,3.0404644e-07,0.9999522,6.234732e-07,9.65493e-07,2.5469808e-06,1.807771e-05
5.812872e-08,2.2877348e-05,7.061014e-07,4.4102956e-07,2.661158e-07,0.9999527,5.9844433e-07,9.1782067e-07,2.6766243e-06,1.8858886e-05
5.2030153e-08,2.304602e-05,7.9597476e-07,4.5307237e-07,2.3241792e-07,0.9999504,5.563088e-07,9.3476757e-07,2.7337967e-06,2.0731382e-05
5.5608936e-08,2.5195179e-05,8.6488046e-07,4.6791374e-07,2.6225212e-07,0.99994636,5.2546073e-07,1.0190763e-06,2.9533571e-06,2.240064e-05
6.7435984e-08,2.7655818e-05,7.0628755e-07,4.818341e-07,3.5778612e-07,0.99994445,5.619003e-07,1.0154306e-06,3.5630403e-06,2.1128555e-05
7.218674e-08,3.0156221e-05,5.804858e-07,5.178347e-07,4.196846e-07,0.9999411,6.158402e-07,9.544743e-07,4.4248527e-06,2.1186332e-05
6.018136e-08,3.1505486e-05,5.5461254e-07,5.907166e-07,3.9531466e-07,0.999936,6.163647e-07,9.1486913e-07,5.0903363e-06,2.4284911e-05
5.158064e-08,3.451324e-05,4.6005343e-07,1.1683208e-06,3.5070758e-07,0.9999099,7.2358625e-07,7.46013e-07,6.4747232e-06,4.5619523e-05
5.3944404e-08,4.3270687e-05,4.128091e-07,2.1396095e-06,3.674841e-07,0.99986804,9.566827e-07,6.739068e-07,9.457892e-06,7.4596326e-05
6.25279e-08,5.741795e-05,4.7098206e-07,3.6292824e-06,4.785856e-07,0.9997991,1.1517947e-06,8.3355275e-07,1.2731277e-05,0.0001242496
7.244579e-08,6.341773e-05,5.911046e-07,5.1430493e-06,5.989754e-07,0.9997316,1.29318e-06,1.0061407e-06,1.5644697e-05,0.00018056057
7.365833e-08,5.9381615e-05,6.6309127e-07,6.4623478e-06,6.4423904e-07,0.99969816,1.3913626e-06,1.1872534e-06,1.722905e-05,0.00021489034
8.0555694e-08,5.5125107e-05,7.2162055e-07,8.607349e-06,6.602918e-07,0.99965966,1.3629017e-06,1.2728319e-06,2.0409603e-05,0.00025203443
1.1704655e-07,6.648857e-05,8.6265663e-07,1.3017847e-05,1.1752735e-06,0.99952054,1.5265274e-06,1.673433e-06,3.0703643e-05,0.00036394724
2.3258879e-07,7.317395e-05,1.6849575e-06,3.3099015e-05,6.2185277e-06,0.99903023,2.1976953e-06,2.7503227e-06,4.118729e-05,0.0008092024
5.7435886e-07,0.000102647966,2.3525279e-06,0.00010049462,1.4916552e-05,0.99757856,4.405978e-06,4.235543e-06,9.244501e-05,0.0020993464
3.8488574e-06,0.00051043835,1.7308805e-05,0.0013802259,4.3303862e-05,0.9123436,2.8197284e-05,1.5887694e-05,0.000771563,0.08488559
6.857266e-07,4.0912226e-05,5.3141043e-06,0.0032473954,3.063735e-06,0.00010911215,6.8372024e-06,6.8784448e-06,0.00012369204,0.9964561
1.1077292e-06,2.9686204e-05,6.624714e-06,0.0073751714,3.2973658e-06,1.3692276e-05,9.567378e-06,6.225064e-06,9.597017e-05,0.99245864
1.5958358e-06,1.8170533e-05,7.50209e-06,0.0067737447,2.7281587e-06,7.6173387e-06,1.1007763e-05,5.3279423e-06,0.000115484356,0.9930569
2.043018e-06,1.0769558e-05,7.1476707e-06,0.005366061,2.420759e-06,5.510907e-06,1.3515641e-05,5.4582256e-06,0.0001122901,0.9944748
2.7464716e-06,6.4713636e-06,6.3864554e-06,0.0046828096,2.3120572e-06,3.615968e-06,2.075002e-05,5.7255197e-06,9.615523e-05,0.99517304
3.2753148e-06,4.394998e-06,6.9786147e-06,0.0037411342,2.0933628e-06,2.445145e-06,3.204394e-05,5.783307e-06,6.9580434e-05,0.99613225
3.5174603e-06,3.1329664e-06,1.0568127e-05,0.0026873634,2.136306e-06,2.022068e-06,4.4493696e-05,4.4693074e-06,4.75703e-05,0.99719477
8.362278e-06,2.2827471e-06,2.0490039e-05,0.0012740075,9.570536e-06,2.8188224e-06,7.8142584e-05,2.5236404e-06,5.1739797e-05,0.99855
3.1931297e-05,2.0531565e-06,1.4895403e-05,0.0006595955,7.737331e-06,1.6803591e-06,0.00014412556,1.893718e-06,0.0001217055,0.9990145
4.3538443e-05,2.4353785e-06,1.0694176e-05,0.00050673785,3.6265205e-06,1.0031845e-06,0.00012663554,1.9184374e-06,0.00019754184,0.9991059
2.7599592e-05,2.6364428e-06,1.1825106e-05,0.0004149382,3.942655e-06,7.867267e-07,8.947319e-05,2.7296303e-06,0.00013263822,0.99931335
5.9512477e-05,2.795612e-06,1.0835216e-05,0.000651398,5.705273e-06,5.8091416e-07,0.00011590357,2.801294e-06,0.0002182609,0.9989322
7.4536736e-05,2.9311623e-06,1.1834312e-05,0.00077646924,4.5399197e-06,4.5320795e-07,0.00012703383,2.6212474e-06,0.0002673566,0.99873215
5.0230396e-05,2.7812696e-06,1.3251507e-05,0.0008328095,2.5097268e-06,4.2969046e-07,0.00011855358,2.1591188e-06,0.00023028151,0.998747
2.1714734e-05,2.3678083e-06,1.5114591e-05,0.00075517414,1.2573489e-06,4.8514465e-07,9.56204e-05,1.9434253e-06,0.00015412898,0.99895215
1.3467615e-05,1.864696e-06,1.52477005e-05,0.0006276289,9.168945e-07,6.646781e-07,8.0075464e-05,2.14386e-06,0.00010469936,0.99915326
1.3879147e-05,1.5851336e-06,1.2841952e-05,0.0005209637,9.670839e-07,8.716427e-07,9.0116366e-05,2.6950224e-06,8.128388e-05,0.9992749
3.323566e-05,1.48453e-06,1.3263471e-05,0.00040165475,1.2202354e-06,1.1431553e-06,0.00011935259,2.5158263e-06,0.00011959813,0.99930656
2.7528491e-05,1.6412455e-06,9.8950995e-06,0.0005400552,6.3993457e-07,1.1658982e-06,0.00019459611,2.977634e-06,8.617684e-05,0.9991353
1.178074e-05,1.9207318e-06,1.6932294e-05,0.00044898645,3.7060852e-07,1.4454087e-06,0.00022983282,3.391824e-06,4.3050542e-05,0.9992423
9.421976e-06,1.6159842e-06,6.481193e-05,9.626743e-05,7.822307e-07,3.757337e-06,0.00012794342,4.8376146e-06,3.1701915e-05,0.9996588
1.2021736e-05,2.233943e-06,7.689264e-05,5.1007246e-05,5.373923e-07,3.2491653e-06,7.5703996e-05,5.2178552e-06,4.175405e-05,0.99973136
1.7949087e-05,3.468107e-06,7.915893e-05,3.451476e-05,2.860157e-07,2.8853472e-06,4.8322934e-05,6.2421755e-06,4.7848807e-05,0.9997594
2.2545426e-05,5.350852e-06,8.545156e-05,3.1105566e-05,2.2789698e-07,3.0294425e-06,3.562745e-05,6.5509134e-06,4.148198e-05,0.9997687
2.409744e-05,6.404005e-06,8.475127e-05,3.184705e-05,1.7563342e-07,3.1710863e-06,3.19007e-05,6.45991e-06,3.8363472e-05,0.99977285
2.166658e-05,6.3476214e-06,6.489175e-05,3.8157425e-05,1.4591045e-07,3.0683914e-06,2.8697643e-05,9.3332565e-06,2.631902e-05,0.99980146
3.3351476e-05,7.081902e-06,6.56666e-05,3.413737e-05,1.2330496e-07,3.461431e-06,3.174197e-05,9.356558e-06,3.2302094e-05,0.99978286
3.9449045e-05,7.4094573e-06,5.9345824e-05,2.9555073e-05,1.04393365e-07,4.5815204e-06,3.366634e-05,1.1434306e-05,3.3543245e-05,0.99978095
3.5118253e-05,8.839954e-06,4.604816e-05,3.1125575e-05,7.594986e-08,6.1970204e-06,2.9301074e-05,1.1888496e-05,2.802281e-05,0.99980336
2.524779e-05,1.0451549e-05,4.1145297e-05,3.0034149e-05,5.803282e-08,9.784317e-06,2.8123375e-05,1.4671338e-05,2.2624768e-05,0.9998179
1.7960585e-05,1.5495165e-05,2.9955345e-05,3.4799243e-05,6.112758e-08,1.32900295e-05,1.8163946e-05,2.509557e-05,1.3681218e-05,0.9998313
1.1651624e-05,1.6097867e-05,1.5396712e-05,6.0336817e-05,6.8196584e-08,1.4607137e-05,2.146766e-05,5.276777e-05,7.4036593e-06,0.99980015
8.76855e-06,2.3968947e-05,9.785609e-06,0.00013414973,7.850594e-08,2.2360084e-05,2.473787e-05,0.00013362482,4.3152518e-06,0.9996382
1.54706e-05,3.3340955e-05,6.7115043e-06,0.00027680944,1.2566657e-07,2.3286131e-05,3.0530126e-05,0.00026957347,3.5575117e-06,0.9993407
1.8153178e-05,3.5399105e-05,1.0258513e-05,0.00030844175,1.5116284e-07,1.6580076e-05,2.3283104e-05,0.0004658402,3.4957795e-06,0.9991184
4.19465e-05,2.0146352e-05,1.0440931e-05,9.7319746e-05,1.4216221e-07,5.4469974e-06,2.5323874e-05,0.00056289736,9.184058e-06,0.99922705
3.1690128e-05,4.5545745e-05,7.6132574e-06,0.00017984904,1.0524294e-07,6.17721e-06,5.2392632e-05,0.000559085,6.662316e-06,0.9991109
1.8706365e-05,0.00010779892,5.591429e-06,0.0003581295,1.0194051e-07,1.3758618e-05,6.403806e-05,0.0008617908,4.6244445e-06,0.9985654
1.2948803e-05,0.00024194147,4.1456424e-06,0.0008305277,1.3533433e-07,2.775996e-05,5.351224e-05,0.001004099,3.7236723e-06,0.9978212
2.0898544e-05,0.0006145673,4.152663e-06,0.0021636812,1.1027539e-06,8.502226e-05,4.6196845e-05,0.004955846,3.055541e-06,0.9921055
4.161595e-05,0.000282036,3.1713605e-06,0.00011562434,3.1424554e-06,0.0002468476,1.7056247e-05,0.9074342,5.471901e-06,0.09185077
2.9718929e-05,7.7835124e-05,7.988658e-07,6.480837e-05,1.3329809e-06,5.9848844e-05,9.877382e-06,0.98861325,1.6029459e-06,0.011140917
4.0977022e-05,4.6991452e-05,4.1584815e-07,4.091716e-05,1.192593e-06,4.644939e-05,1.42150375e-05,0.99276865,2.627026e-06,0.0070375917
0.000118248696,0.0002780903,1.392387e-06,0.000218111,3.7248637e-06,3.528324e-05,6.167259e-05,0.94806427,5.0820486e-06,0.05121412
1.5519836e-05,0.00032796283,5.46785e-07,0.0002138289,1.5980488e-06,4.536398e-05,1.4978053e-05,0.98837346,1.438415e-06,0.0110053485
2.9436271e-06,0.00017939649,2.8772138e-07,3.642089e-05,5.340225e-07,0.00015715823,2.9023604e-06,0.9981748,8.4204197e-07,0.0014447737
3.5096264e-06,0.000112601316,1.7167889e-07,8.8527495e-06,2.3971572e-07,5.014669e-05,2.3304824e-06,0.99958855,4.3321634e-07,0.00023326863
2.2812478e-06,9.826545e-05,1.1883188e-07,7.0215333e-06,2.4052065e-07,4.8965943e-05,2.710297e-06,0.9997688,3.5665704e-07,7.121385e-05
2.152462e-06,0.00010691148,1.0656481e-07,7.554351e-06,3.265651e-07,4.4957258e-05,3.1261711e-06,0.9998031,3.5552281e-07,3.138564e-05
2.0144244e-06,0.00016994732,1.277958e-07,8.143145e-06,4.7676198e-07,3.608786e-05,2.6350435e-06,0.9997608,4.103146e-07,1.9350146e-05
1.1140546e-06,3.2210624e-05,1.3365015e-07,1.2774029e-06,8.042981e-07,1.6479262e-05,2.5096226e-06,0.9999398,5.484518e-07,5.027459e-06
2.2811134e-06,1.3634686e-05,2.2288465e-07,6.3131773e-07,4.2089368e-07,4.226617e-06,3.8974763e-06,0.99996734,1.0778145e-06,6.320071e-06
9.587553e-07,7.5113794e-06,4.091926e-07,7.0222626e-07,2.0980391e-07,2.4732797e-06,7.2723956e-06,0.9999589,4.017056e-06,1.7550181e-05
1.344911e-06,3.524604e-05,5.5521457e-07,2.9722181e-05,1.4665769e-06,1.1766599e-06,2.0649857e-05,0.99979156,7.878872e-07,0.000117602285
1.2995808e-06,7.546414e-05,4.166794e-07,0.00017259126,6.6970947e-06,1.2481977e-05,3.3720502e-05,0.99924856,6.379772e-07,0.00044807556
5.5560076e-07,3.691254e-05,2.632735e-07,9.09051e-06,2.4666317e-06,3.8555183e-05,6.9588173e-06,0.9998909,7.917122e-07,1.34605e-05
8.2421343e-07,4.105802e-05,4.3633148e-07,9.731185e-06,3.8006278e-06,6.290153e-05,9.801626e-06,0.99985933,1.5160733e-06,1.0525703e-05
1.0575775e-06,4.2053376e-05,9.026499e-07,1.5048987e-05,4.047163e-06,6.3812186e-05,1.8917177e-05,0.99984026,3.5748158e-06,1.0299404e-05
1.5233975e-06,4.2553813e-05,2.4941785e-06,4.1524792e-05,5.3068206e-06,6.255477e-05,6.0340357e-05,0.9997569,9.889309e-06,1.6952601e-05
9.579926e-06,9.7193195e-05,1.4024058e-05,0.0012133867,5.3108106e-05,0.00016248495,0.0018004337,0.99648213,7.823536e-05,8.931744e-05
0.00021052799,0.0002944759,2.12855e-05,0.87737703,0.0035349608,0.00013417998,0.10659028,0.010724877,0.00030316316,0.0008091375
1.7868915e-05,8.78631e-05,7.4284058e-06,0.97753066,0.00086499413,1.773312e-05,0.020639779,7.2747614e-05,6.743046e-05,0.0006935556
1.5725533e-05,4.1780273e-05,8.354396e-06,0.99361813,0.00020552498,9.4869165e-06,0.005133823,7.082114e-06,5.1010382e-05,0.0009091573
5.4264133e-06,4.3394113e-05,4.5726674e-06,0.99594575,0.000108362896,1.4319593e-05,0.0028495926,1.8182676e-06,1.3060014e-05,0.0010138408
3.9184324e-06,3.4362925e-05,5.2818264e-06,0.9953614,0.00012222446,2.6801079e-05,0.0037715363,1.0673239e-06,1.3411809e-05,0.00066004833
3.1814473e-06,2.5819649e-05,6.927429e-06,0.99456763,0.00013782007,2.7071846e-05,0.004516144,7.220633e-07,1.289429e-05,0.00070175156
2.7851065e-06,2.149149e-05,8.287937e-06,0.9947162,0.00016535317,2.3372733e-05,0.0042766216,5.8164375e-07,1.2083478e-05,0.00077319145
2.3125658e-06,2.11366e-05,7.799189e-06,0.9958496,0.00021101482,2.118364e-05,0.0031260161,5.6629506e-07,9.535984e-06,0.00075079536
2.0624482e-06,2.5196068e-05,6.1399824e-06,0.9969138,0.00027884892,1.7866892e-05,0.002130728,6.5339054e-07,6.90583e-06,0.0006178563
9.951794e-07,6.67616e-05,4.120662e-06,0.9982071,0.0002811905,1.4460244e-05,0.0007686581,1.0477962e-06,3.901785e-06,0.0006517582
9.269682e-06,8.579938e-05,6.8537097e-06,0.9969994,0.00078852964,5.6619174e-06,0.0009260299,5.362039e-07,1.3530556e-05,0.0011643437
3.5132736e-05,0.00014277313,1.2435489e-05,0.99432474,0.0017263931,2.4688732e-06,0.001326133,2.747452e-07,3.0930998e-05,0.0023986865
6.702181e-05,6.4977175e-05,1.5484398e-05,0.99479717,0.00086900656,2.1779315e-06,0.0016252311,2.6762777e-07,4.629043e-05,0.0025124291
1.53899e-05,3.24712e-05,1.3411498e-05,0.99319345,0.00043805948,3.8888315e-06,0.0031243276,2.453517e-07,3.0521536e-05,0.003148332
1.0015343e-05,3.142795e-05,8.678962e-06,0.99115413,0.00025235675,8.224924e-06,0.0034370513,2.6344892e-07,2.6327663e-05,0.0050716028
1.0085345e-05,3.39993e-05,7.2049766e-06,0.9831366,0.00017272875,1.6870454e-05,0.00526145,4.4579923e-07,2.799623e-05,0.011332507
1.0934147e-05,4.9068207e-05,4.139394e-06,0.97632855,0.00015543068,1.9755293e-05,0.0061954544,1.5897978e-06,2.1077825e-05,0.017213995
1.4957336e-05,7.091114e-05,3.6550123e-06,0.9648599,0.00014682584,1.937799e-05,0.007340949,3.678771e-06,1.949646e-05,0.027520172
1.6538359e-05,7.7349614e-05,1.01696e-05,0.8488115,0.00012907489,3.2054693e-05,0.006211702,1.6204687e-05,1.7655146e-05,0.14467779
1.4418014e-05,3.066286e-05,2.256188e-05,0.09741878,4.8927202e-05,6.229036e-05,0.002026877,8.8249384e-05,1.1642838e-05,0.90027565
2.0716081e-05,1.1660611e-05,6.7428855e-06,0.0077896,8.780745e-06,1.0724743e-05,0.00045197038,3.178476e-05,1.7793096e-05,0.9916502
2.1639407e-05,2.52532e-05,8.991796e-06,0.018219713,8.192207e-06,3.2760156e-06,0.00023915856,4.363006e-06,3.1923253e-05,0.98143744
3.0164223e-05,2.4699466e-05,8.802954e-06,0.051277075,1.4896019e-05,5.213807e-06,0.0005632214,5.471809e-06,5.9274396e-05,0.9480111
1.7113087e-05,2.5215952e-05,6.885445e-06,0.07020797,1.5266589e-05,8.927372e-06,0.0008410049,7.723594e-06,6.293683e-05,0.92880684
5.7806697e-06,4.2168507e-05,2.917924e-06,0.055376858,4.861077e-06,1.2133865e-05,0.00048663755,1.3062047e-05,3.1434727e-05,0.94402415
3.6313759e-06,5.084749e-05,2.4792616e-06,0.017676508,2.3000641e-06,4.904025e-06,0.00011117729,3.6212725e-05,1.3419067e-05,0.9820986
1.9486663e-06,4.9882783e-05,3.7311825e-06,0.00595834,1.2713065e-06,2.5241893e-06,3.5702422e-05,5.7157034e-05,1.0861597e-05,0.99387866
1.3808158e-06,5.6643385e-05,2.9984758e-06,0.0053867544,1.0220556e-06,2.6933458e-06,2.260632e-05,4.2760294e-05,1.26487585e-05,0.9944705
1.1701902e-06,4.576151e-05,2.7619283e-06,0.0033199321,7.6718214e-07,1.9647e-06,1.52468465e-05,4.3911656e-05,1.4749226e-05,0.99655366
8.1824226e-07,3.9902487e-05,2.5511094e-06,0.0018908698,5.7181546e-07,1.9203894e-06,1.0546028e-05,4.675353e-05,1.4210583e-05,0.9979919
5.838672e-07,4.882456e-05,2.4768951e-06,0.0017910957,4.2188623e-07,2.8814752e-06,6.9164794e-06,4.801506e-05,1.23891405e-05,0.99808645
1.2489601e-06,4.3994452e-05,2.0135549e-06,0.0015487162,3.8617137e-07,2.3180119e-06,7.51235e-06,3.1624553e-05,1.5122286e-05,0.99834704
1.1903641e-06,6.101933e-05,2.3445282e-06,0.0035877577,8.2799875e-07,2.9070468e-06,1.0221706e-05,3.7673028e-05,1.403731e-05,0.99628204
9.1313785e-07,4.9407165e-05,2.6832931e-06,0.0036004758,1.2522845e-06,3.2167195e-06,1.148007e-05,4.3438187e-05,1.407104e-05,0.99627304
7.3452753e-07,5.060538e-05,3.0598685e-06,0.0049245846,1.7771778e-06,4.0632467e-06,1.4336155e-05,5.141745e-05,1.3678832e-05,0.99493575
5.1427e-07,6.26904e-05,3.9611164e-06,0.0068205097,2.2323431e-06,4.9351693e-06,2.0533007e-05,7.4093674e-05,1.3334641e-05,0.9929971
3.8783406e-07,8.428793e-05,7.311049e-06,0.0058741174,2.2802926e-06,4.795279e-06,1.6415963e-05,7.283626e-05,1.0958127e-05,0.9939268
4.5096203e-07,0.00012342751,9.566512e-06,0.008916162,3.733816e-06,4.976957e-06,2.5528461e-05,9.014886e-05,1.1824415e-05,0.99081415
6.3836404e-07,0.0001759639,1.16662895e-05,0.013805532,6.4655965e-06,7.838825e-06,3.920071e-05,9.1585e-05,1.4157803e-05,0.98584694
1.4559848e-06,0.00038036806,1.567161e-05,0.05189821,1.2283754e-05,1.6650409e-05,8.049428e-05,5.0662442e-05,1.724548e-05,0.947527
6.4743385e-06,0.0018686006,4.058779e-05,0.59713537,5.148089e-05,1.8520435e-05,0.00022270725,9.615617e-06,1.2962807e-05,0.40063366
5.459847e-06,0.0010590975,4.2701093e-05,0.91030014,7.57021e-05,2.0071458e-05,0.00047146296,3.148411e-06,4.284053e-06,0.08801782
7.7727245e-06,0.00015340389,7.7277764e-05,0.9597674,5.1980238e-05,1.0101201e-05,0.0031502421,2.0393613e-06,9.945071e-06,0.036769737
1.013288e-05,5.1298382e-05,5.013482e-05,0.9735671,7.287008e-05,1.8643457e-05,0.011607609,1.3501901e-06,9.946724e-06,0.014610855
5.931456e-06,3.3037508e-05,5.038094e-05,0.97093856,3.9391078e-05,4.396652e-05,0.019561252,1.3493252e-06,1.2319282e-05,0.009313847
4.079216e-06,3.4861798e-05,3.1502703e-05,0.97927254,2.0583162e-05,6.238862e-05,0.013081575,1.3738037e-06,1.24887465e-05,0.0074785533
2.9775254e-06,6.178052e-05,1.6934999e-05,0.98762196,1.2648166e-05,5.1973824e-05,0.005181354,1.2016658e-06,9.941039e-06,0.0070392354
1.7584173e-06,4.1629675e-05,2.7916954e-05,0.9785509,1.7381755e-05,7.755717e-05,0.017168254,2.0308128e-06,6.903186e-06,0.0041057034
1.38057e-06,4.228975e-05,2.1345531e-05,0.978128,2.160994e-05,9.212704e-05,0.018423868,2.6828284e-06,4.6838422e-06,0.0032619485
1.7616368e-06,4.223693e-05,1.37196475e-05,0.98652124,3.9917682e-05,6.802345e-05,0.010927731,2.8920435e-06,2.4297678e-06,0.0023799865
7.0438055e-06,8.9492794e-05,1.2532702e-05,0.9944938,6.799771e-05,1.6358965e-05,0.0039219493,1.9906013e-06,2.0525383e-06,0.0013866923
4.4033122e-06,0.00015095463,1.3122077e-05,0.9930674,7.0620496e-05,2.386491e-05,0.0058944174,3.5210917e-06,1.6121838e-06,0.000770159
7.772617e-06,0.00015770504,3.796196e-05,0.98210275,4.54116e-05,3.8657825e-05,0.016941408,6.122689e-06,4.1494022e-06,0.0006580118
1.0660621e-05,0.0003934545,5.8948855e-05,0.9492977,7.2508185e-05,3.7194182e-05,0.049653545,4.770135e-06,5.8566766e-06,0.00046534443
9.064396e-06,0.00083671254,5.5625216e-05,0.9371126,5.642494e-05,6.6270986e-05,0.061469123,5.851649e-06,7.0888204e-06,0.00038124627
9.3235585e-06,0.0019436023,3.7245576e-05,0.94920987,4.2803666e-05,8.318029e-05,0.04828318,6.8371587e-06,8.674365e-06,0.0003753635
9.817188e-06,0.0046366286,3.3607565e-05,0.9483841,4.1908304e-05,0.00010671066,0.046347097,1.094201e-05,9.371111e-06,0.00041979944
6.3048155e-06,0.009722513,6.0772243e-05,0.9185206,2.9505458e-05,0.00044776857,0.07074834,1.8502295e-05,1.3354998e-05,0.0004323897
6.331453e-06,0.02452094,7.9640566e-05,0.9063548,2.8552755e-05,0.00077311136,0.0676177,2.6620744e-05,1.6473361e-05,0.000575909
1.0620001e-05,0.16169529,6.205582e-05,0.80631435,5.0233637e-05,0.0006444694,0.030513545,4.7382735e-05,1.5228506e-05,0.0006469227
1.01488395e-05,0.9674412,1.1812333e-05,0.031866226,1.4661469e-05,9.4243194e-05,0.00042701463,2.0201845e-05,4.5931365e-06,0.00010992464
5.6845165e-06,0.9956567,6.148566e-06,0.004174987,4.7251037e-06,4.515105e-05,5.797802e-05,1.0951048e-05,1.7634327e-06,3.594736e-05
3.9400466e-06,0.99853694,4.749413e-06,0.0013679517,2.216847e-06,2.9302386e-05,2.4706918e-05,8.60335e-06,1.2355509e-06,2.0392165e-05
3.191527e-06,0.9992594,3.356841e-06,0.0006746078,1.491022e-06,1.6359616e-05,1.9429419e-05,4.9550613e-06,1.0165015e-06,1.6171505e-05
3.3473261e-06,0.9994392,2.5996735e-06,0.000503406,1.0975821e-06,1.2836459e-05,1.7115972e-05,4.3053046e-06,1.0214777e-06,1.5080513e-05
3.6054394e-06,0.9995192,1.9197291e-06,0.00042815835,1.0289543e-06,1.034901e-05,1.4772885e-05,3.922882e-06,9.984016e-07,1.6122623e-05
3.910547e-06,0.9995665,1.3938818e-06,0.00038338275,1.1568442e-06,8.789094e-06,1.2456714e-05,3.4989987e-06,9.718455e-07,1.7886694e-05
4.0790333e-06,0.99961025,1.0536812e-06,0.00034167175,1.3688717e-06,8.07919e-06,1.0089353e-05,2.9922555e-06,9.921811e-07,1.9389512e-05
4.1473813e-06,0.9996611,8.195858e-07,0.00029407008,1.7163314e-06,7.5658218e-06,6.956727e-06,2.3412958e-06,1.1018177e-06,2.0307933e-05
5.1815505e-06,0.99972254,6.457174e-07,0.00023074751,2.99433e-06,6.149248e-06,3.7858488e-06,1.8602808e-06,1.4185281e-06,2.4523772e-05
1.2665677e-05,0.99987924,4.6908596e-07,6.787654e-05,2.324611e-06,2.7366723e-06,1.6622992e-06,1.9218294e-06,1.09508865e-05,1.9965284e-05
9.548733e-06,0.99985015,3.2698938e-07,7.436507e-05,1.088753e-06,2.247908e-06,1.989397e-06,2.0865946e-06,3.1704956e-05,2.6433145e-05
6.917477e-06,0.9998091,2.683745e-07,0.000104810155,9.0363545e-07,2.4423396e-06,2.5311492e-06,2.2281695e-06,3.5163026e-05,3.5704437e-05
5.8243336e-06,0.99977285,2.5288747e-07,0.00013982799,1.0303123e-06,2.8271231e-06,2.998164e-06,2.2188542e-06,2.6536396e-05,4.5678655e-05
6.4755923e-06,0.9997533,2.4594956e-07,0.00015555823,1.3055777e-06,3.200299e-06,3.0486663e-06,2.4212575e-06,2.2353233e-05,5.21084e-05
7.032232e-06,0.99974734,2.3175193e-07,0.00014709464,9.1752986e-07,3.1303105e-06,5.7123793e-06,2.6101004e-06,3.9691386e-05,4.6183144e-05
1.4944586e-05,0.9997347,2.4178607e-07,0.00010898054,1.0409909e-06,3.2268683e-06,4.9627824e-06,2.9583382e-06,7.9978316e-05,4.8964084e-05
1.9769646e-05,0.99966705,2.8487787e-07,0.000102108526,9.3631e-07,3.345351e-06,4.5413667e-06,2.9751927e-06,0.00013218816,6.688111e-05
2.9325683e-05,0.99942327,3.0821192e-07,8.666361e-05,7.852308e-07,4.8193237e-06,4.5881175e-06,4.2335128e-06,0.00037421138,7.180405e-05
0.0001752268,0.98563856,2.7797788e-07,9.2196715e-05,1.3727827e-06,3.4357487e-05,1.1774781e-05,2.2075212e-05,0.013822142,0.00020197754
0.00046502083,0.059853107,2.5698145e-07,3.4456367e-05,3.982314e-07,0.00034519506,3.1751384e-05,5.642484e-05,0.9387962,0.0004171094
6.0407638e-05,0.0064671794,2.5014603e-07,1.691553e-05,1.0754051e-07,0.0002017613,1.17326435e-05,2.8729673e-05,0.9929871,0.00022585875
1.7705615e-05,0.0017749913,6.736377e-07,1.3140355e-05,5.759498e-08,8.655415e-05,4.4235796e-05,1.7442324e-05,0.99799913,4.61734e-05
1.8862986e-05,0.0005811901,1.2035404e-06,1.996389e-05,7.2886515e-08,7.144218e-05,0.00017323991,9.028834e-06,0.99910223,2.2755057e-05
2.5540272e-05,0.00022085576,6.3470003e-07,1.06046555e-05,1.1413627e-07,2.8299128e-05,9.9859746e-05,6.450379e-06,0.99959236,1.530974e-05
5.9389462e-05,2.8263e-05,7.0734063e-07,2.3323269e-06,1.0598867e-07,4.950309e-06,7.144598e-05,3.0066287e-06,0.9998198,1.0040541e-05
1.668559e-05,2.0663916e-05,2.728253e-07,1.9661434e-06,4.3196476e-08,1.14379345e-05,3.8384784e-05,2.5220227e-06,0.99989617,1.1888773e-05
9.285324e-06,9.449843e-06,2.4183106e-07,7.9484516e-07,2.145147e-08,1.4435753e-05,1.1776614e-05,2.777184e-06,0.9999331,1.8025667e-05
7.5998946e-06,4.5221454e-06,1.6715886e-07,3.7018253e-07,2.367491e-08,9.971266e-06,4.418738e-06,1.6581397e-06,0.9999459,2.5425292e-05
7.877761e-06,2.5490538e-06,1.5608862e-07,2.1947e-07,3.0943664e-08,1.1160802e-05,2.4362057e-06,1.4781958e-06,0.9999428,3.1276322e-05
5.4104585e-06,5.37839e-07,3.9647625e-07,3.3154146e-07,2.6139897e-08,1.7441207e-05,5.9789595e-06,8.844646e-07,0.9999291,4.0096325e-05
5.009289e-06,4.875662e-07,2.8673599e-06,5.69853e-07,4.8768218e-08,1.1595113e-05,3.539189e-05,5.7032605e-07,0.99991834,2.515956e-05
5.3495438e-05,4.360507e-07,1.9970752e-05,1.570544e-06,4.1107225e-07,2.7685885e-06,0.000105696854,3.82705e-07,0.9998031,1.2273527e-05
0.00013957426,5.205397e-07,1.9203097e-05,1.2542358e-06,7.4818877e-07,2.0092157e-06,9.2365466e-05,4.2875467e-07,0.9997304,1.3532226e-05
1.1024387e-05,8.222587e-07,4.695823e-06,1.8849876e-06,3.1522433e-07,6.1744263e-06,3.8877002e-05,8.807057e-07,0.9998977,3.7540383e-05
2.3905663e-05,2.3869611e-06,6.442294e-06,1.4340526e-06,7.979976e-07,3.5620606e-06,7.36137e-05,2.6096532e-06,0.99985826,2.6878883e-05
6.5149194e-05,1.7882306e-06,8.024856e-06,1.5213004e-06,1.3897752e-06,1.6793553e-06,1.3722122e-05,8.6992134e-07,0.9998832,2.2681834e-05
1.9271409e-05,2.3626365e-06,3.6791005e-06,1.8263048e-06,9.3951405e-07,4.654e-06,6.303134e-06,7.5078805e-07,0.9999064,5.3660653e-05
5.1864645e-06,3.8813046e-06,4.510453e-05,9.633216e-07,2.4793997e-07,4.1433213e-05,1.32377345e-05,4.2004785e-06,0.99981683,6.881207e-05
6.9340276e-06,7.739835e-06,0.004578923,2.4886297e-06,4.0451707e-07,0.00079281954,0.000108183165,1.2220887e-05,0.99435174,0.0001385395
3.922569e-05,2.2223725e-05,0.9930524,8.754412e-06,2.3026189e-07,0.005194791,1.552317e-05,1.3061322e-06,0.0015664463,9.898668e-05
1.0600538e-05,1.4406231e-05,0.9975561,2.1424753e-06,1.2254225e-07,0.0020764784,2.8657068e-05,1.3758529e-06,0.00029817325,1.1880976e-05
3.122033e-07,3.9058403e-05,0.9983829,5.308749e-06,1.9788219e-08,0.0012504257,8.377741e-05,2.3917385e-06,0.00018246374,5.3270745e-05
1.0559261e-07,1.1146626e-05,0.9990671,6.2812524e-06,2.0924622e-08,0.000518477,6.434162e-05,1.4920848e-06,0.00027502456,5.612243e-05
4.3482945e-08,5.5461724e-06,0.99899536,1.5858053e-05,4.4034714e-08,0.00054102443,3.0165822e-05,4.0727173e-07,0.0003069364,0.00010466803
4.8159894e-08,6.820479e-06,0.9988586,1.2065177e-05,6.2413584e-08,0.00037351073,6.4657914e-05,5.1237623e-07,0.00058824476,9.55377e-05
1.6633899e-07,1.6403163e-05,0.9970542,1.2066524e-05,1.3114024e-07,0.00037431007,0.0001872669,1.2324945e-06,0.002195614,0.00015855787
6.3028935e-08,1.3764121e-05,0.99918205,1.2074391e-05,1.4466747e-07,0.00017368089,2.2179885e-05,3.0837626e-07,0.00046903256,0.00012672928
2.5852737e-08,6.388097e-06,0.9995945,4.797083e-06,5.851954e-08,7.624919e-05,1.0140144e-05,5.7668433e-07,0.00020272784,0.000104560255
1.6374242e-08,1.9415156e-06,0.99985576,2.8100676e-06,1.7296262e-08,5.9799957e-05,5.0533386e-06,4.832381e-07,2.1705522e-05,5.2430343e-05
5.5661378e-08,4.1751473e-06,0.9997675,5.1430625e-06,1.1065382e-08,9.841922e-05,2.3019165e-06,5.122759e-07,9.973025e-06,0.00011205708
1.4167739e-07,1.3374761e-05,0.9994777,1.284533e-05,1.1767808e-08,0.00028722774,4.5236116e-06,9.1321397e-07,1.8934752e-05,0.00018443773
2.1840522e-07,2.5908474e-05,0.99919766,2.3019338e-05,1.249658e-08,0.0004268067,7.894054e-06,1.2597285e-06,3.3379638e-05,0.00028386738
2.915544e-07,3.7874037e-05,0.9988164,3.059161e-05,1.2121551e-08,0.0005342318,1.4856942e-05,1.5821353e-06,7.0420276e-05,0.0004937278
3.0142502e-07,3.9463306e-05,0.99864596,2.4861316e-05,1.1521934e-08,0.00046522025,1.9676962e-05,2.234045e-06,9.43367e-05,0.00070793973
3.7554858e-07,3.5940648e-05,0.9986486,1.2901483e-05,1.2853384e-08,0.00047497364,1.8202216e-05,2.6172365e-06,0.00012724313,0.00067916384
3.5306795e-07,5.0900526e-05,0.9972363,7.3369038e-06,1.9017063e-08,0.0018250733,2.4134313e-05,6.72724e-06,0.00020788447,0.0006412668
3.9230443e-07,0.00013010837,0.993948,5.2706055e-06,3.8787803e-08,0.004299571,6.649221e-05,3.47839e-05,0.00036207368,0.0011533042
6.5895904e-07,0.00082716,0.9226186,1.6548169e-05,1.3943718e-07,0.067549475,0.00032147978,0.00032804653,0.0013887729,0.0069491174
1.033909e-06,0.0010025341,0.17041728,1.6143626e-05,4.441328e-07,0.821856,0.00022915032,0.00016004458,0.0007604481,0.005556905
1.7136645e-07,0.00032208176,0.00068214745,4.5353404e-06,1.3760346e-07,0.99865854,1.4334448e-05,3.4606558e-06,4.2754455e-05,0.0002718277
4.998649e-08,0.0006684386,9.893084e-05,1.1550156e-05,5.3002893e-08,0.99906474,5.4371553e-06,1.7345856e-06,1.3687387e-05,0.00013533415
2.9452071e-08,0.00060570956,4.7209407e-05,1.865489e-05,4.093377e-08,0.9991917,3.5064738e-06,1.1648391e-06,9.786025e-06,0.00012217998
2.4484406e-08,0.00027612224,3.0070692e-05,1.5785658e-05,3.0798375e-08,0.999551,2.6242199e-06,6.7098927e-07,7.1160152e-06,0.000116437055
1.8245991e-08,0.00020175279,3.0137247e-05,1.582479e-05,2.2078623e-08,0.99963224,2.299534e-06,8.0329886e-07,5.228959e-06,0.00011166878
1.9663506e-08,0.00042350817,4.982715e-05,2.3603194e-05,1.5086657e-08,0.9992884,3.6122976e-06,2.621247e-06,7.873733e-06,0.00020061564
5.780234e-08,0.00042664347,4.0328323e-05,1.9244344e-05,1.5205485e-08,0.9992071,3.8590133e-06,3.70555e-06,1.6102638e-05,0.00028290902
2.6467677e-07,0.00046803456,2.1255863e-05,3.1574273e-05,1.4100588e-08,0.9991381,5.832121e-06,3.5523192e-06,1.8447292e-05,0.00031278006
2.3790508e-07,0.0005979548,1.3874948e-05,1.5309575e-05,3.0705674e-08,0.99923563,5.2767286e-06,5.1842353e-06,6.735265e-06,0.0001197332
1.9837938e-07,0.0003719102,4.3607647e-06,7.715983e-06,6.283293e-08,0.9995328,2.569414e-06,1.6888947e-06,3.556635e-06,7.5188305e-05
3.623272e-07,0.0003171477,1.5967289e-06,9.9163735e-06,1.2288955e-05,0.99955076,4.9209693e-06,1.0661216e-06,6.205821e-06,9.572598e-05
3.2578626e-07,0.0002690822,2.2001889e-06,9.828998e-06,2.7131488e-05,0.999564,8.188348e-06,1.0962315e-06,9.1755355e-06,0.00010889181
3.736319e-07,0.00031659193,3.023737e-06,1.4357901e-05,3.0265224e-05,0.9994343,1.0716153e-05,8.527613e-07,1.272469e-05,0.00017673908
2.6310536e-07,0.00018823094,2.0546718e-06,1.4780566e-05,3.8123057e-05,0.99962604,1.24669405e-05,6.7679235e-07,9.055658e-06,0.00010827712
2.0454614e-07,0.000117324904,3.5003202e-06,1.8193892e-05,0.00011137598,0.99964845,1.0001571e-05,1.61435e-06,5.227289e-06,8.4072846e-05
1.1077854e-06,0.0003127937,2.2663759e-05,0.00013226505,0.00051566534,0.9985158,2.9602357e-05,2.821614e-06,6.0476837e-06,0.0004612187
1.0316636e-05,0.00051880616,9.2134185e-05,0.0005156701,0.001106742,0.99489695,6.467339e-05,4.150724e-06,2.6896345e-05,0.0027636115
4.264053e-05,0.0009876991,0.00020161996,0.0019100733,0.0008730549,0.9827336,8.593908e-05,4.341141e-06,9.4051175e-05,0.013067029
0.0001267549,0.0032660824,0.001665474,0.011383067,0.025801675,0.92160255,0.0002556947,3.484032e-05,0.0003665313,0.035497308
0.00049398484,0.0018119656,0.007767883,0.009070599,0.6413117,0.2942135,0.0011438243,0.00011973923,0.00085601036,0.043210812
0.0001661037,0.00019336384,0.0076921135,0.0015447332,0.9695048,0.011333568,0.00041724904,8.6983455e-05,0.00027123094,0.008789906
0.00017788973,3.424964e-05,0.0018499014,0.00025012295,0.99512637,0.00078217033,0.00013341274,7.813533e-05,0.00013830933,0.0014294182
0.00027238444,1.1858897e-05,0.00080435566,0.00016339072,0.99771357,0.00017607641,5.4380027e-05,7.2879564e-05,9.758979e-05,0.00063344213
0.00072381337,8.088983e-06,0.0009979483,0.00028752515,0.99695337,7.362718e-05,3.329533e-05,4.3593223e-05,0.00011588509,0.00076285907
0.0012140693,8.253632e-06,0.00080379075,0.00020534059,0.9971027,3.8279442e-05,3.1433836e-05,3.0365136e-05,7.547355e-05,0.00049031206
0.0013350764,1.2436554e-05,0.00096907455,0.00022777857,0.99686915,1.8713135e-05,4.7584614e-05,1.4606796e-05,7.0306116e-05,0.00043530922
0.00018423398,1.3130411e-05,0.0006912896,0.00014288918,0.9986802,9.441765e-06,5.3039494e-05,1.23431055e-05,4.2969816e-05,0.00017049846
8.926217e-05,9.440338e-06,0.0005319667,0.00017390345,0.998936,3.6788333e-06,9.559013e-05,1.2914085e-05,3.7243128e-05,0.00011006943
8.361842e-05,9.458635e-06,0.0004348672,0.00019844159,0.9990202,2.3870743e-06,0.00010144398,1.4821167e-05,5.6307643e-05,7.848948e-05
0.000113932554,1.5614856e-05,0.00043902485,0.00031516285,0.9987607,2.9233345e-06,0.000112294096,1.2045715e-05,7.936825e-05,0.00014887507
6.1639694e-05,9.822899e-06,0.00079768297,0.0007091023,0.9978211,7.464106e-06,0.0001913126,5.1121456e-06,6.5110136e-05,0.00033166533
7.8312216e-05,5.5111686e-06,0.0014847526,0.0007420634,0.9968124,1.218734e-05,0.0002546797,5.2400455e-06,8.282043e-05,0.00052202685
7.4498384e-05,3.4219581e-06,0.0012789256,0.0006353217,0.99733233,5.0583158e-06,0.0002424182,7.663131e-06,7.1288625e-05,0.00034909952
6.35787e-05,3.0518672e-06,0.0012112991,0.00063515524,0.9975898,4.377568e-06,0.00019631635,6.2680538e-06,6.4062806e-05,0.00022611891
4.714935e-05,2.415282e-06,0.00080378057,0.000612064,0.9981633,4.335459e-06,0.00015594413,5.326215e-06,4.513514e-05,0.00016047445
3.437503e-05,2.5373126e-06,0.00036883794,0.0005398127,0.9987953,3.8434687e-06,0.0001354651,5.0323138e-06,2.8025623e-05,8.667253e-05
3.7679147e-05,3.2843698e-06,0.0003281653,0.0011276412,0.9982158,3.7117757e-06,0.00014299051,5.3212357e-06,1.974844e-05,0.000115742936
3.4958644e-05,4.0987875e-06,0.00012587736,0.00087827834,0.99868685,2.5900135e-06,0.00018671044,4.7321173e-06,2.0265343e-05,5.5564033e-05
5.2725933e-05,6.209266e-06,4.6813697e-05,0.00071327994,0.99892175,2.6163948e-06,0.00016998925,4.826461e-06,3.7878286e-05,4.38273e-05
7.837653e-05,5.95584e-06,4.7559985e-05,0.0014636808,0.9978423,2.0766968e-06,0.000428312,4.2291426e-06,7.003536e-05,5.7375404e-05
0.00010030551,5.9208282e-06,9.538197e-05,0.004424541,0.99354243,2.1139306e-06,0.0015925568,3.6614415e-06,0.00013403276,9.910704e-05
0.00018561588,5.5150954e-06,0.00013452451,0.007161021,0.9867909,2.8267973e-06,0.0052742,4.541376e-06,0.0002674643,0.00017329243
0.0002716482,9.146181e-06,0.00024006341,0.019094985,0.96289706,4.163006e-06,0.016599268,7.589844e-06,0.00042716274,0.00044881756
0.0002447382,2.4940951e-05,0.00025167232,0.122941874,0.82203764,7.346176e-06,0.05260714,1.3644595e-05,0.0004295242,0.001441391
0.00023103798,3.109691e-05,0.00019580674,0.5059055,0.4148577,1.4178804e-05,0.0755155,1.537025e-05,0.0003335571,0.0029003238
3.4416982e-05,2.492952e-05,3.267814e-05,0.92947847,0.03184425,1.9066576e-05,0.03701298,4.5828956e-06,7.174128e-05,0.0014770345
1.1177785e-05,1.4726701e-05,1.3394141e-05,0.97516,0.004324933,3.361851e-05,0.019400466,1.5450612e-06,2.8047934e-05,0.0010121977
4.2495813e-06,1.4240487e-05,7.0182323e-06,0.9828814,0.000602691,8.258604e-05,0.015798014,7.410854e-07,1.5379734e-05,0.00059367233
2.5094098e-06,1.8749164e-05,5.0528715e-06,0.985664,0.00035586368,0.00011942172,0.013323446,8.055102e-07,9.975086e-06,0.00050003774
1.8207663e-06,2.5137779e-05,4.1811118e-06,0.98606956,0.00034592368,0.00014027227,0.013009484,9.0982206e-07,8.180429e-06,0.00039442812
1.9396832e-06,2.629089e-05,5.5196024e-06,0.98954797,0.00021330126,7.145699e-05,0.009656494,8.2826045e-07,6.8447066e-06,0.00046931632
2.1847145e-06,2.8267981e-05,6.432952e-06,0.99183744,0.00024648095,3.528258e-05,0.00719344,1.1401048e-06,5.706095e-06,0.00064364175
1.8534388e-06,5.858924e-05,5.1309967e-06,0.9960077,0.0002153659,2.401839e-05,0.0029802367,2.7788915e-06,3.1271932e-06,0.0007012321
3.1263096e-06,6.7303816e-05,1.1507652e-05,0.9972487,0.0002572945,1.0783459e-05,0.001338342,3.481493e-06,5.9353138e-06,0.001053534
4.087614e-06,7.702045e-05,1.6675644e-05,0.997626,0.00015685568,1.5184649e-05,0.0010579778,2.7688109e-06,8.180613e-06,0.0010353343
7.0921305e-06,3.6693287e-05,4.215051e-05,0.9950899,0.00022944267,1.22765605e-05,0.0016993629,1.4442822e-06,1.0735997e-05,0.0028709306
1.4811825e-05,2.5486854e-05,0.00011184055,0.99071175,0.00024957323,1.9327568e-05,0.0037092143,7.3508306e-07,1.434481e-05,0.005142986
2.1241325e-05,2.6231259e-05,0.00018491209,0.98440117,0.00024828097,3.5487574e-05,0.006860276,7.9290294e-07,1.57081e-05,0.008205901
1.3957429e-05,8.95532e-05,0.0003510844,0.9601208,0.00014020242,6.884693e-05,0.0109745385,1.600507e-06,1.3131549e-05,0.028226307
1.5883992e-05,0.0002549992,0.00092204794,0.83964807,6.3649015e-05,9.594734e-05,0.012195672,5.754831e-06,2.2026192e-05,0.14677598
2.2116978e-05,0.00043555404,0.00080555095,0.68925965,4.707878e-05,5.3985415e-05,0.008973861,1.5429543e-05,2.4718349e-05,0.30036208
1.1512515e-05,0.000765197,0.001466994,0.5058029,4.560889e-05,4.480678e-05,0.010029644,4.5289922e-05,1.6875192e-05,0.48177114
9.842715e-06,0.00063576445,0.003914111,0.36514995,5.4065906e-05,8.580725e-05,0.008921109,3.3970144e-05,1.522922e-05,0.6211801
9.707978e-06,0.00041044664,0.00231485,0.11795244,2.1388054e-05,3.4033146e-05,0.0016081448,1.8358369e-05,1.6881066e-05,0.87761384
5.9719237e-06,0.00027596217,0.0011740335,0.049883522,6.808207e-06,4.7853067e-05,0.000808113,1.2090696e-05,1.34927395e-05,0.947772
4.4710214e-06,7.136857e-05,0.00072192535,0.02784421,5.391899e-06,5.790831e-05,0.0009793206,6.9462308e-06,1.6860171e-05,0.97029155
6.074854e-06,3.8752005e-05,0.00043196307,0.024930213,7.087582e-06,6.355046e-05,0.001612148,6.08326e-06,2.2158067e-05,0.9728819
5.6203003e-06,2.2214901e-05,0.0003256412,0.0045484114,1.0931955e-05,2.4840387e-05,0.000340872,2.0618128e-05,1.1252597e-05,0.9946898
3.957429e-06,4.1402353e-05,0.00021808881,0.0006678184,6.510444e-06,8.059991e-06,6.601038e-05,0.0012934781,5.941785e-06,0.99768865
2.7281453e-06,5.361483e-05,9.856763e-05,0.000857899,4.584566e-06,3.4042382e-06,2.2881988e-05,0.00055908866,4.6961245e-06,0.9983925
1.895939e-06,3.464332e-05,3.3226836e-05,0.000830701,1.7283411e-06,6.8890454e-06,1.1789641e-05,0.00010812815,6.8145346e-06,0.9989641
1.0313047e-06,2.1761556e-05,6.267271e-05,0.001007306,4.0773334e-06,8.60346e-06,1.5440823e-05,0.000103916725,9.2693135e-06,0.99876595
3.3724578e-07,1.531646e-05,0.00013279475,0.00040611715,2.2047445e-06,1.0622806e-05,3.0171936e-05,5.42574e-05,1.590741e-05,0.99933225
5.5497384e-07,1.4398299e-05,7.935122e-05,0.00027128085,1.5391981e-06,5.0538642e-06,2.178686e-05,0.000119241,3.4256584e-05,0.99945253
8.2811266e-07,1.2782021e-05,2.9099532e-05,0.00016006072,6.6679786e-07,4.795083e-06,2.1550037e-05,0.00027416906,0.0002555566,0.99924064
1.0273395e-06,8.616266e-06,1.5104105e-05,5.5709617e-05,1.11856906e-07,7.719467e-05,3.4911493e-05,0.0001994703,0.001874291,0.9977337
5.7609475e-07,1.1456604e-05,9.793092e-06,7.298302e-05,6.21843e-08,8.875231e-05,2.067257e-05,0.00015676407,0.0006711385,0.9989679
2.4286186e-07,3.1994026e-05,9.794547e-06,0.00014107462,7.0806756e-08,3.8745944e-05,9.525603e-06,0.00012766257,8.248398e-05,0.9995584
2.7498513e-07,0.000112901755,7.859613e-06,0.0001259921,9.63023e-08,5.7455047e-05,7.703928e-06,0.000155242,6.3088184e-05,0.99946946
2.3554785e-06,0.00073948485,5.9643326e-06,0.00012089852,3.2792695e-07,5.856661e-05,2.6349644e-05,0.0014305202,0.008062115,0.98955333
1.0276227e-05,0.00095319457,6.412234e-06,0.0001807452,6.2979325e-08,0.001171778,7.937366e-05,0.00048327207,0.51725096,0.47986394
1.6904894e-05,0.00019740345,5.260664e-06,1.8835859e-05,3.3979003e-08,9.871633e-06,6.559367e-05,0.00014492692,0.981229,0.018312119
3.40761e-05,2.1220008e-05,1.8769637e-06,1.8364465e-06,2.5289093e-08,2.8577485e-06,4.293494e-05,2.351573e-05,0.998514,0.001357817
2.0042004e-05,1.953815e-05,3.0303096e-07,6.6275993e-06,3.0740736e-08,1.5917658e-05,1.3424506e-05,1.2640379e-05,0.9932261,0.006685428
1.0512196e-05,3.09917e-05,4.1274117e-07,9.704129e-06,4.2420123e-08,1.8843222e-05,7.717102e-06,1.3727745e-05,0.98990995,0.009998146
6.2413724e-06,4.4315257e-05,3.7791395e-07,2.365267e-06,1.96202e-08,1.3467743e-05,3.9033907e-06,8.1440585e-06,0.99832076,0.0016005014
5.437971e-06,1.8642493e-05,4.757396e-07,2.1550306e-06,1.9326345e-08,2.1381227e-05,4.334218e-06,1.0813118e-05,0.99853444,0.0014023844
5.8413284e-06,2.3047955e-05,1.7200714e-06,3.7203752e-06,1.7369528e-08,4.553123e-05,4.291962e-06,3.305597e-05,0.99664587,0.0032369203
3.5985129e-06,3.254697e-05,2.1758124e-06,1.5483329e-06,1.5008746e-08,7.1720547e-06,7.838795e-06,1.0766036e-05,0.9992625,0.0006719024
5.5156133e-06,0.00018755821,3.9556026e-06,4.6852692e-06,2.3375051e-08,2.1732658e-06,7.43621e-06,2.8395384e-06,0.9994294,0.00035633612
4.922273e-06,0.00046271575,7.998762e-06,5.469768e-06,1.2560624e-08,6.8382014e-06,7.913072e-06,9.16043e-07,0.9992531,0.00025014332
5.3605077e-06,0.00026327392,3.711678e-06,2.465555e-06,6.7417174e-09,1.6816837e-05,1.10463425e-05,1.0198114e-06,0.9995765,0.000119782155
6.036739e-06,7.904604e-05,7.949174e-07,1.027091e-06,5.5633973e-09,1.408951e-05,7.2581383e-06,7.5846634e-07,0.9997904,0.000100521866
8.589052e-06,4.7256424e-05,5.155358e-07,1.0891664e-06,1.3096135e-08,4.8582213e-05,2.2375903e-06,5.097343e-07,0.99968994,0.00020130949
5.4916986e-06,0.00027034502,1.9212557e-06,2.482279e-06,1.3050109e-08,0.00015970664,4.5286706e-06,1.6386358e-06,0.99890125,0.00065267587
5.8178066e-06,0.0004318889,2.9488156e-06,5.1126394e-06,1.1600101e-08,0.0002620231,9.789486e-06,1.549028e-06,0.9990306,0.00025025246
9.966353e-06,0.00015531825,1.2843578e-06,5.2280125e-06,1.0003075e-08,0.0003185672,1.4194834e-05,2.1401927e-06,0.99905676,0.00043653775
4.2185802e-05,0.00013315564,1.7741401e-06,2.7987055e-06,4.9760256e-08,0.0014449577,3.3500633e-05,8.860435e-06,0.9980434,0.00028928046
0.00016471939,0.00018451497,5.6401295e-06,1.264145e-06,2.2880897e-07,0.004189884,0.00012170702,2.5469724e-05,0.99515104,0.00015556384
0.00010258397,0.00050939736,5.59945e-06,3.3959823e-06,9.992341e-07,0.056290697,0.00033928623,5.8772435e-05,0.9424082,0.00028112205
1.4759613e-05,0.00033905052,5.4123566e-06,2.495097e-06,7.516763e-06,0.9395575,0.00024601605,1.0707507e-05,0.05970573,0.000110717265
4.8162037e-06,0.0001299467,3.35421e-06,2.0180564e-06,5.3988733e-06,0.99688727,4.0081733e-05,1.4409422e-06,0.002856972,6.8715606e-05
1.8363384e-06,4.6700177e-05,2.291853e-06,2.1367778e-06,5.698906e-06,0.9992792,1.581899e-05,5.5547804e-07,0.00060283643,4.2847823e-05
4.6242874e-07,2.3581819e-05,1.4575626e-06,1.3009991e-06,1.9533159e-06,0.99987555,5.8827623e-06,1.7713602e-07,7.6021046e-05,1.3635516e-05
3.2306073e-07,1.82777e-05,1.8003335e-06,8.521246e-07,4.8510293e-07,0.9998983,4.5383385e-06,1.2883426e-07,6.280926e-05,1.2513928e-05
7.133099e-07,6.515195e-05,4.154536e-06,1.6568871e-06,2.3039752e-07,0.9997329,4.646261e-06,2.5684886e-07,0.00013208081,5.815495e-05
3.681842e-07,3.572909e-05,2.936878e-06,1.7222734e-06,1.7454285e-07,0.999845,3.46683e-06,2.9716114e-07,6.754851e-05,4.2755393e-05
1.3210447e-07,1.3082542e-05,1.2710346e-06,5.1195315e-07,1.5511418e-07,0.9999641,1.8955634e-06,3.5454457e-07,1.1229713e-05,7.251809e-06
4.077206e-07,8.661174e-06,1.7817949e-06,2.037329e-07,5.689378e-07,0.999959,7.85327e-06,2.1814276e-06,1.2675943e-05,6.681626e-06
8.766705e-08,7.4043037e-06,6.529781e-07,5.1008243e-07,6.5734673e-07,0.99997497,2.5971037e-06,7.155596e-07,2.4279736e-06,1.0001614e-05
6.729167e-07,4.4862107e-05,2.4402818e-06,3.0103786e-06,2.0867872e-05,0.9998827,7.92522e-06,9.351135e-07,1.7553774e-06,3.493514e-05
1.0778682e-06,9.197147e-05,3.866667e-06,4.2900833e-06,2.0795913e-05,0.99979776,8.048603e-06,1.05163e-06,2.7475996e-06,6.834224e-05
1.411745e-06,0.000102374725,3.5243759e-06,5.0312674e-06,2.2989141e-05,0.9997911,6.310261e-06,1.4045456e-06,2.2029942e-06,6.360308e-05
5.470925e-07,2.7958933e-05,2.3134194e-06,1.8547536e-06,2.04829e-06,0.9999293,3.7427374e-06,7.898323e-07,2.9320825e-06,2.8554756e-05
8.137717e-07,5.965475e-05,3.600913e-06,7.333501e-06,1.3580498e-06,0.99972683,7.909844e-06,2.8979937e-06,2.929974e-06,0.00018673456
6.7030277e-07,6.0560218e-05,3.08864e-06,7.0371207e-06,1.916824e-06,0.9998357,6.5041895e-06,6.6438242e-06,3.1950185e-06,7.458531e-05
7.599144e-07,3.841024e-05,4.053768e-06,4.27197e-06,3.6244053e-06,0.99989533,6.8411478e-06,2.3452989e-05,3.9384254e-06,1.9311175e-05
6.6791523e-07,1.5853804e-05,3.9037195e-06,3.6047118e-06,1.6027861e-06,0.9999181,8.699654e-06,3.477705e-05,5.8868122e-06,6.9385223e-06
1.4080899e-06,1.6815295e-05,1.38637915e-05,2.513584e-06,1.0356487e-06,0.9993228,9.949783e-06,0.00059889635,1.9851639e-05,1.2976194e-05
5.8998085e-06,7.785554e-05,4.850202e-05,1.5899469e-06,2.5920779e-06,0.9905082,2.7158068e-05,0.009180424,0.0001106067,3.7319383e-05
4.1064286e-06,0.00022953271,0.00011394444,2.1022624e-06,1.8991483e-05,0.032136153,4.3542725e-05,0.967308,7.620066e-05,6.742028e-05
2.6973428e-06,9.608789e-05,4.794734e-05,1.5220785e-06,1.1579469e-05,0.006627077,2.9342344e-05,0.99308383,4.9599545e-05,5.028241e-05
1.7739535e-06,1.7268523e-05,2.227443e-05,1.2377191e-06,3.9932042e-06,0.0006048564,1.6252674e-05,0.99929655,2.198121e-05,1.3856263e-05
5.702616e-06,1.0455898e-05,1.7095377e-05,1.2185812e-06,4.2875936e-06,6.2311165e-06,1.1730795e-05,0.9998982,2.5217307e-05,1.9894273e-05
5.1519364e-06,5.1504787e-05,8.29325e-06,4.045147e-06,5.2413784e-06,2.874185e-05,8.163352e-06,0.9998368,1.1646453e-05,4.0388582e-05
6.863584e-05,0.0010287461,1.1788132e-05,3.1825468e-05,4.7661943e-06,0.05953682,0.00010988434,0.9386187,0.00044341877,0.00014548178
1.7522568e-06,9.781859e-05,2.065189e-06,2.4326912e-06,3.3234428e-06,0.0028818883,1.3368934e-05,0.9969798,1.5020108e-05,2.6241e-06
1.6880398e-06,3.3018474e-05,1.3054118e-06,8.417574e-07,1.435842e-06,0.00069736486,8.051659e-06,0.99924785,6.449096e-06,1.9381696e-06
1.2107549e-06,4.050906e-05,1.321151e-06,5.14348e-07,3.402244e-07,0.0002870133,3.9112247e-06,0.9996587,4.028486e-06,2.436336e-06
1.2763235e-06,4.060647e-05,9.682192e-07,4.3511437e-07,1.3177282e-07,0.00025876908,4.7724725e-06,0.99968386,5.0010653e-06,4.1547087e-06
7.1877884e-07,1.085736e-05,6.231853e-07,2.563014e-07,1.0585488e-07,9.626251e-05,2.8466318e-06,0.99988234,3.4675147e-06,2.4902345e-06
9.28117e-07,4.3598375e-06,9.701689e-07,1.7071977e-07,7.164456e-08,2.6653757e-05,4.3384935e-06,0.99994755,1.0088109e-05,4.853131e-06
8.519151e-07,9.131695e-06,1.411804e-06,1.6982813e-06,2.3557949e-07,1.3428811e-06,7.891091e-06,0.9999615,1.8705608e-06,1.4074555e-05
3.5955682e-06,6.778635e-05,1.3864266e-06,1.3038196e-05,2.0695147e-07,0.00018262946,5.148029e-05,0.99958044,1.4014756e-05,8.547564e-05
3.5941846e-06,0.00010445797,9.5062643e-07,0.000516496,4.384356e-06,0.00014450781,8.694593e-05,0.99889,1.190605e-06,0.0002476316
7.630049e-06,0.00017325103,1.0464792e-06,0.00015537914,1.6106458e-06,0.0067885555,8.246468e-05,0.99273044,5.0035987e-06,5.4650674e-05
7.754201e-07,1.47494875e-05,7.416257e-07,4.445593e-06,4.1178092e-07,0.00024846316,7.250137e-06,0.9997174,2.502042e-06,3.2777368e-06
3.4514187e-07,7.3412098e-06,1.2394935e-06,1.7522668e-06,1.228254e-07,8.5636726e-05,5.1151565e-06,0.9998925,2.5571967e-06,3.283436e-06
2.6091087e-07,7.3320507e-06,3.15473e-06,1.5019626e-06,6.298503e-08,5.7892074e-05,6.862758e-06,0.99991536,3.7764703e-06,3.7931063e-06
4.5877448e-07,5.931468e-06,4.605325e-06,1.3043574e-05,1.6845755e-07,6.4428874e-05,4.495952e-05,0.99984586,6.3629227e-06,1.4298198e-05
4.1046536e-05,0.00012822292,4.426623e-05,0.10076799,7.855982e-05,0.0011045652,0.03401596,0.8617245,4.836796e-05,0.0020465602
4.48361e-05,0.00047591038,6.851316e-05,0.58958775,0.00048357318,0.0019273314,0.12713458,0.27572718,3.213555e-05,0.0045182263
1.8154293e-05,0.00034559108,1.6674063e-05,0.94627684,0.00036902493,0.0005620243,0.036342,0.012035155,3.6822023e-06,0.0040308586
3.2491123e-05,0.0005113412,2.7524284e-05,0.9520212,0.0005701655,0.00036567042,0.022036836,0.01920784,4.1627363e-06,0.0052227927
2.9468913e-05,0.00028740332,5.7684014e-05,0.9669316,0.00013832687,4.401899e-05,0.007840119,0.007198664,3.1465504e-06,0.017469663
1.7550734e-05,0.00041353508,0.00016029939,0.93306386,5.6061483e-05,3.0170135e-05,0.0033298426,0.0029200013,2.8086906e-06,0.06000583
1.5838586e-05,0.001121587,0.00027413107,0.82064617,5.5204226e-05,4.0723764e-05,0.002440152,0.0043737753,2.7981998e-06,0.17102958
1.0682985e-05,0.0024188866,0.00034505394,0.7463558,0.0001021743,2.9121871e-05,0.0024077485,0.0054280646,2.6774378e-06,0.24289992
5.3936474e-06,0.0036426084,0.00016740768,0.9531174,4.191639e-05,2.9761803e-05,0.002576624,0.0004696121,1.2254163e-06,0.039948072
4.821451e-06,0.0028259386,8.92277e-05,0.98150384,4.1797175e-05,2.7636785e-05,0.004136569,7.731586e-05,7.18402e-07,0.0112921605
3.6944857e-06,0.006649982,0.00012585532,0.9751983,3.8363763e-05,3.1868705e-05,0.008781451,5.807402e-05,8.732513e-07,0.009111388
7.816392e-06,0.01760733,0.00081193645,0.95452476,3.6897898e-05,3.1337186e-05,0.013498196,8.908475e-05,1.7913133e-06,0.013390777
1.5636138e-05,0.008081449,0.002633969,0.9406806,4.4191016e-05,1.5797898e-05,0.016715618,9.07232e-05,3.5035953e-06,0.031718396
1.3913541e-05,0.016950931,0.0015449728,0.82966006,5.495565e-05,1.3166534e-05,0.004696009,3.3807704e-05,7.4515588e-06,0.1470247
9.9474155e-06,0.004599356,0.0053302273,0.2231152,3.5447592e-05,1.1593055e-05,0.0028446347,7.255852e-05,1.4744871e-05,0.7639664
1.382351e-05,0.001126727,0.0013581297,0.048542347,1.900548e-05,6.6249686e-06,0.0006588296,0.00019211425,7.121368e-06,0.9480753
1.6955077e-05,0.0023463336,0.005201246,0.09107726,3.6995418e-05,2.7026754e-05,0.0052857595,3.7661568e-05,1.2299851e-05,0.8959584
1.1201206e-05,0.006258349,0.010901428,0.14507215,9.6999815e-05,5.8015157e-05,0.021761242,0.00012823565,1.43393e-05,0.8156979
1.2381743e-05,0.02858746,0.013278454,0.45445824,0.00019531469,0.00039512204,0.038748603,5.8615e-05,2.0114157e-05,0.4642457
4.608908e-06,0.0009738659,0.044500913,0.1230554,0.00016800627,0.00070777745,0.10445268,0.00011457907,2.8043001e-05,0.7259941
2.03917e-06,1.1260964e-05,0.8494093,0.0007758178,7.1405866e-06,0.00015658632,0.006746194,4.4588887e-05,8.2368715e-05,0.14276478
3.7455143e-07,2.8340428e-06,0.98754984,8.431307e-05,2.0867583e-06,6.170723e-05,0.00043435054,7.0221263e-06,2.8232427e-05,0.011829128
7.4776796e-07,9.761014e-07,0.9758438,0.00020682877,4.5666243e-06,0.00018791949,0.0012821135,5.579645e-06,0.00015086037,0.022316633
1.6055718e-07,9.582649e-07,0.99323976,0.00013615016,4.1667504e-06,0.00016973629,0.00031560517,1.6091163e-06,4.4983834e-05,0.0060869106
3.8430193e-07,1.3826042e-06,0.9835242,0.0004973828,1.4293966e-05,0.0011748817,0.0009716871,1.263035e-06,0.00021808161,0.01359636
2.4532105e-06,2.9215335e-06,0.9255712,0.0060357717,4.8571783e-05,0.003895297,0.002427998,3.2903433e-06,0.0004421487,0.06157037
5.3027566e-07,2.8675597e-06,0.96291065,0.0019525484,1.7866665e-05,0.016907668,0.00066322094,5.120145e-06,0.00017368347,0.017365828
1.1960982e-07,1.489336e-06,0.98076564,3.383418e-05,2.1159456e-06,0.014919845,0.0002094975,2.1842325e-05,0.00039105932,0.0036545258
5.971198e-08,1.3346853e-06,0.9940065,6.425966e-06,6.264369e-07,0.0046970514,0.00011516796,3.1635598e-05,0.00013524907,0.001005912
7.669876e-08,1.4319387e-06,0.9964515,3.3764497e-06,4.420288e-07,0.002573787,0.00029663552,3.256834e-05,0.00011221101,0.0005280556
1.1444248e-07,1.7882209e-06,0.9971324,2.0509601e-06,2.7313702e-06,0.0019573937,0.0004212857,6.3434134e-05,7.421607e-05,0.0003446365
3.783888e-07,1.1059971e-06,0.9966281,1.4892047e-06,4.965076e-06,0.002423509,0.0004163692,9.275387e-05,0.00014248995,0.00028876943
8.180563e-07,1.3330742e-06,0.99756336,2.3107955e-06,2.5248699e-05,0.0012253289,0.00054715574,6.3785985e-05,0.00020599282,0.00036473278
9.987397e-07,5.4670966e-07,0.99921334,1.4355242e-06,4.70272e-06,0.00022745144,9.144784e-05,6.6852895e-06,0.00027125448,0.00018211218
3.3357908e-06,7.346373e-07,0.99892956,4.1636154e-06,9.154351e-06,0.00016429544,2.0990241e-05,2.4276985e-06,0.00034388225,0.0005214013
7.771019e-06,1.6248555e-06,0.99798393,1.2673187e-05,4.760404e-05,0.00024381252,4.5316745e-05,1.5871491e-06,0.0006899869,0.0009656592
1.1023061e-05,1.9042627e-06,0.99649626,1.2426366e-05,0.00024578563,0.00025054254,0.0001215018,9.581095e-06,0.001420658,0.0014303522
2.0008877e-06,2.0501586e-06,0.99825054,3.952568e-06,0.00020338396,0.00016292302,9.340655e-05,6.155923e-05,0.0004479571,0.00077220664
1.5986516e-05,2.288898e-06,0.98704416,1.2081198e-05,0.008960582,0.00053140905,0.0015459473,7.043135e-05,0.0010521739,0.0007649288
4.3297638e-05,6.9275684e-06,0.7706334,0.0006252377,0.22073816,0.00076756265,0.0010276268,1.1464409e-05,0.0027645396,0.0033818379
0.0001098149,1.4815046e-05,0.36578023,0.0035947012,0.61873174,0.00051669485,0.0005035179,8.911482e-06,0.0045601446,0.006179504
0.00017213967,1.2515218e-05,0.7038305,0.00247411,0.2745405,0.0003098817,0.0004732609,1.16087e-05,0.008302837,0.009872568
8.4394196e-05,4.3351333e-06,0.95864373,0.00035294425,0.02983376,0.00014749424,0.00030375467,1.2249042e-05,0.0049492195,0.0056681535
0.00015532057,3.1890074e-06,0.9812617,4.8316175e-05,0.012258205,8.8063636e-05,0.00019032123,3.9482497e-05,0.0036475924,0.002307857
0.00055686355,1.1145365e-05,0.87457174,0.00015309447,0.11716078,5.764666e-05,0.00018831209,0.0001255821,0.003253932,0.0039208946
0.00016405895,8.411846e-06,0.0406974,0.0005684867,0.95580924,4.449311e-05,0.00012864306,3.9110273e-05,0.000651269,0.001888859
0.0001719372,3.3141696e-06,0.01845304,0.0007275799,0.97840357,4.2031996e-05,0.000103186954,1.8429999e-05,0.00046419413,0.0016126715
0.00028899952,1.9446118e-06,0.008518465,0.00064227113,0.98866034,4.7866924e-05,9.900858e-05,8.4349485e-06,0.0005357427,0.0011968181
0.0008558688,2.4333003e-06,0.0033653197,0.0007499905,0.9933728,1.2208692e-05,5.3720396e-05,7.823048e-06,0.00047947414,0.0011004823
0.00067153544,4.3508226e-06,0.0034959363,0.00067180034,0.9937915,1.9579837e-05,4.4004242e-05,7.219999e-06,0.0004292939,0.00086478307
0.0022509706,1.0384616e-05,0.0027390767,0.00144633,0.98819155,2.273081e-05,0.00012589418,1.008737e-05,0.0006750513,0.0045279474
0.0016485119,1.589702e-05,0.0026161612,0.0010028143,0.9901917,1.3535946e-05,0.00012713487,1.6244592e-05,0.0005487645,0.0038191858
0.00078247656,1.78867e-05,0.012603056,0.0012194857,0.9820664,8.838739e-06,0.00020136168,2.399605e-05,0.00030648525,0.0027699133
0.00049374544,1.9577894e-05,0.038423583,0.001960031,0.9562569,9.996215e-06,0.00046979325,1.7330598e-05,0.00028331846,0.0020656555
0.0010190702,3.86713e-05,0.13699274,0.0041071135,0.8465911,1.2646083e-05,0.0017172873,3.2166576e-05,0.0008248189,0.00866427
0.0008048161,0.00010094689,0.48154643,0.008708986,0.48069873,5.5400596e-05,0.00416139,2.3619401e-05,0.00080779503,0.023091903
0.0010476916,6.669562e-05,0.44673315,0.008153612,0.515794,8.700741e-05,0.0025926551,2.3277053e-05,0.0013868024,0.024115192
0.0011516657,3.700013e-05,0.55299014,0.0040766145,0.41518012,0.00023715451,0.0013064245,3.7211707e-05,0.0018966264,0.02308702
0.0025362412,3.5870737e-05,0.19665504,0.001181845,0.78613096,0.00018296193,0.00078368356,5.4840435e-05,0.0021331331,0.01030528
0.002687253,3.314468e-05,0.09475826,0.00027726177,0.8970932,0.00017297678,0.0003247735,4.021718e-05,0.0013173551,0.0032955161
0.0011871936,6.3462935e-06,0.9734206,2.7243332e-05,0.023366472,0.00013024663,0.0001673523,8.37214e-06,0.00069598487,0.0009901637
1.6023916e-05,3.6330212e-07,0.99973625,2.8282277e-06,9.8024706e-05,5.5681417e-06,1.2285752e-05,6.287273e-07,3.8469047e-05,8.947974e-05
7.878608e-07,1.3403185e-07,0.99991727,2.9287103e-06,2.590185e-05,4.7158364e-06,1.3935884e-05,1.6248168e-07,1.1550589e-05,2.2535385e-05
1.6557556e-07,6.9123594e-08,0.99994266,3.4004736e-06,2.2337845e-06,1.3226288e-05,1.1324412e-05,8.287542e-08,8.615666e-06,1.824951e-05
1.1919825e-07,1.17721946e-07,0.9998745,1.7990805e-06,1.8064345e-07,4.765589e-05,1.8882642e-05,2.1096248e-07,2.3050336e-05,3.3555534e-05
1.111318e-07,1.4331467e-07,0.99986017,2.2377023e-06,1.0471494e-07,3.931276e-05,2.2440467e-05,2.4639377e-07,3.515996e-05,4.0116167e-05
6.371009e-08,2.5149575e-07,0.9998828,2.0437444e-06,7.395407e-08,2.8360933e-05,1.4533127e-05,2.6055056e-07,2.817449e-05,4.329601e-05
4.7515922e-08,4.082033e-07,0.99990916,2.2052263e-06,5.2280477e-08,1.7429404e-05,6.2577387e-06,2.541813e-07,1.8117766e-05,4.6048684e-05
3.192263e-08,7.364141e-07,0.9999294,2.2417555e-06,3.660583e-08,1.1995118e-05,2.1636445e-06,2.9329595e-07,9.326932e-06,4.3714477e-05
3.0577464e-08,1.843854e-06,0.9999473,1.7192444e-06,2.5305885e-08,1.028585e-05,8.840018e-07,4.5284807e-07,5.2674905e-06,3.2147433e-05
3.4542396e-08,2.3115963e-05,0.9996182,4.1183725e-06,1.5341405e-08,0.00017819254,2.4136684e-06,2.1258174e-06,4.3428776e-05,0.00012833232
4.706419e-08,0.0004361432,0.973027,2.9965891e-05,3.8301618e-08,0.020819407,6.214924e-05,9.318076e-05,0.0013715128,0.004160431
8.077579e-08,9.264748e-05,0.8958713,5.7877514e-06,1.2897856e-07,0.10289465,9.043936e-05,7.2996256e-05,0.00037484517,0.0005971077
1.2551466e-07,1.6745882e-05,0.97430646,1.6135341e-06,1.5223878e-07,0.02540325,0.00014084626,3.0638268e-05,5.1084015e-05,4.908796e-05
7.226998e-07,4.5507104e-06,0.9978509,1.3055662e-06,1.1852127e-07,0.0020494857,6.978356e-05,2.4089486e-06,1.5483998e-05,5.2053742e-06
7.4812834e-07,3.1191464e-06,0.999461,1.8962274e-06,8.1203886e-08,0.00042628474,8.8543784e-05,1.1202475e-06,1.4072757e-05,3.1259985e-06
1.1865641e-06,2.0679424e-06,0.9995733,2.148516e-06,2.2241383e-07,0.00019583724,0.00018005141,1.0933704e-06,4.1261115e-05,2.8814145e-06
6.0405805e-06,2.2832803e-06,0.99932146,3.206525e-06,5.385964e-07,0.00022286829,0.00031751374,1.4007566e-06,0.00011908195,5.604603e-06
2.2877526e-05,6.2014824e-06,0.9991111,3.4822979e-06,5.713305e-07,0.00018468914,0.0004113913,2.620782e-06,0.0002442234,1.2819537e-05
0.0037346608,5.9213355e-05,0.98425055,1.2784858e-05,5.465699e-06,0.00019341573,0.0026079696,8.432909e-06,0.009021706,0.00010582077
0.9553184,4.0238185e-05,0.0069564814,3.9753522e-06,2.968206e-05,2.5902142e-05,0.0015228362,2.4517316e-05,0.036023777,5.4077707e-05
0.9954724,7.78636e-06,0.00014263438,1.0578399e-06,2.723626e-06,1.7716053e-05,0.00036466488,2.420755e-06,0.0039745667,1.3994117e-05
0.99749595,6.3240036e-06,5.2119474e-05,5.4481416e-07,2.6269765e-06,7.1763484e-06,0.0003311237,3.155701e-06,0.0020950974,5.870979e-06
0.99743736,7.659781e-06,4.6122637e-05,4.9213685e-07,2.9508142e-06,5.8091928e-06,0.0005066694,4.508422e-06,0.0019836314,4.682906e-06
0.998497,4.2435e-06,2.3967557e-05,4.2205977e-07,4.2311663e-06,2.4031497e-06,0.0003037527,2.9807306e-06,0.0011581186,2.7871681e-06
0.9983492,3.9797474e-06,1.801298e-05,4.2502282e-07,3.7535385e-06,2.9323865e-06,0.00034351993,2.8653349e-06,0.001272514,2.7236545e-06
0.9982539,3.9471797e-06,1.15123985e-05,4.184314e-07,3.0174708e-06,3.6729991e-06,0.00038036358,2.567676e-06,0.0013377828,2.8530806e-06
0.9982316,4.221144e-06,6.684692e-06,4.060714e-07,2.1214257e-06,3.981594e-06,0.00038457278,1.962187e-06,0.0013609976,3.4354398e-06
0.99822265,4.916161e-06,3.865785e-06,4.2680966e-07,1.2714484e-06,3.5187027e-06,0.00030203795,1.029124e-06,0.0014555738,4.6405917e-06
0.9987532,5.676682e-06,1.3190219e-06,2.511395e-07,8.2564554e-07,1.4359322e-06,0.00014947401,1.0068782e-06,0.0010828202,3.890443e-06
0.99930763,6.580288e-06,3.6138405e-07,2.7561003e-07,3.548894e-07,8.7056054e-07,8.127646e-05,1.2904294e-06,0.000588112,1.3303213e-05
0.99924785,8.682843e-06,4.228745e-07,2.8233956e-07,5.072704e-07,2.5153643e-06,0.00014483985,3.345527e-06,0.000574463,1.7097427e-05
0.99885833,1.1929513e-05,9.800963e-07,3.1873924e-07,6.774558e-07,5.6905114e-06,0.000345839,5.5087776e-06,0.0007518732,1.8869696e-05
0.9976618,1.5037365e-05,2.1226488e-06,5.1629974e-07,1.053192e-06,1.2208816e-05,0.0011962297,1.1571893e-05,0.0010770457,2.2447659e-05
0.99560803,1.4490991e-05,3.3698166e-06,8.681809e-07,1.9963009e-06,1.8064331e-05,0.0030120073,2.2300988e-05,0.0012950264,2.389876e-05
0.9928623,1.1663578e-05,4.5088923e-06,1.5405535e-06,4.6212176e-06,1.9399324e-05,0.0056493953,4.7230827e-05,0.0013746592,2.4845118e-05
0.9957182,6.77837e-06,2.2287109e-06,2.3907137e-06,6.1914543e-06,7.673154e-06,0.0033349132,4.8623733e-05,0.0008550953,1.8007036e-05
0.99781644,5.282618e-06,9.547534e-07,4.4599556e-06,9.710052e-06,3.1905156e-06,0.0014450976,0.0001143304,0.00058512826,1.5393283e-05
0.9984457,8.644827e-06,8.6485255e-07,8.484957e-06,9.381009e-06,3.7352459e-06,0.00070678594,0.00033103212,0.00044836247,3.7118356e-05
0.97380304,0.00046074184,2.7441833e-06,0.00059262034,4.6510137e-05,5.3468702e-05,0.0031198491,0.013776346,0.0008365089,0.0073081595
0.000379647,0.00085998676,5.0631243e-06,0.0005591666,7.5621014e-05,6.01057e-05,0.0001129015,0.9766713,1.9164238e-05,0.021257056
5.569887e-07,2.5822052e-05,2.8837587e-05,1.0154973e-06,1.8932715e-06,9.584126e-05,1.6304668e-06,0.99978715,1.1797425e-06,5.6079116e-05
3.0723382e-07,1.4236476e-05,1.4746413e-05,3.754863e-07,5.058048e-07,0.00011827293,1.305707e-06,0.99984276,6.0704684e-07,6.8386357e-06
2.2084792e-07,1.8636782e-05,1.02460335e-05,3.0490443e-07,1.3463081e-07,0.00016739947,2.1595172e-06,0.9997967,7.3472125e-07,3.473218e-06
1.6685823e-07,2.5023628e-05,5.3546364e-06,4.2416445e-07,9.350745e-08,0.0002422083,5.030183e-06,0.99971753,6.8559154e-07,3.4274346e-06
2.0903151e-07,2.8290031e-05,2.66653e-06,5.3008756e-07,7.6688515e-08,0.00023306625,6.576377e-06,0.99972385,5.474477e-07,4.121177e-06
4.3291203e-07,4.2504154e-05,8.857739e-07,1.015722e-06,8.9503516e-08,0.00013335292,1.0294171e-05,0.9998061,5.9145714e-07,4.6865075e-06
3.8805723e-07,4.789816e-05,9.336028e-07,1.6568914e-06,7.2124415e-08,0.000103716375,9.680859e-06,0.99983084,4.1852525e-07,4.418082e-06
4.118949e-07,3.578827e-05,7.684671e-07,1.7984569e-06,7.014314e-08,6.2899264e-05,8.696839e-06,0.9998845,4.0875926e-07,4.622942e-06
3.184137e-07,2.5978627e-05,4.275695e-07,2.1580574e-06,7.58499e-08,2.9004232e-05,3.6799668e-06,0.99993014,2.450948e-07,7.977061e-06
3.3512976e-07,3.6781857e-05,3.4147706e-07,2.9935895e-06,5.316176e-07,2.0703437e-05,2.5108095e-06,0.9999205,1.3296476e-07,1.5215364e-05
3.0406113e-07,5.5337776e-05,1.6902444e-06,5.081722e-07,2.9058904e-07,9.710989e-05,8.216684e-07,0.99984133,2.6770368e-07,2.3670787e-06
2.2311637e-07,5.181895e-05,4.25508e-06,4.2060745e-07,2.570379e-07,0.00012188243,7.2036386e-07,0.9998173,3.386096e-07,2.7142387e-06
1.9536627e-07,4.569018e-05,7.638931e-06,4.4767748e-07,2.5438123e-07,0.00015590248,7.089183e-07,0.9997857,4.2559543e-07,3.089549e-06
1.6800959e-07,4.251213e-05,2.0636764e-05,5.541449e-07,3.086936e-07,0.00042452593,7.551393e-07,0.9995055,5.161619e-07,4.406909e-06
1.341203e-07,6.148941e-05,0.0001363882,8.388358e-07,3.8530015e-07,0.0021821717,1.0686994e-06,0.99760735,6.929857e-07,9.515417e-06
1.1150268e-07,0.00011580449,0.00013865509,1.2804314e-06,5.3774386e-07,0.0049056276,1.9350518e-06,0.9948245,1.0106698e-06,1.050491e-05
5.420728e-08,0.0001276537,0.00015651263,2.087819e-06,5.498874e-07,0.005351139,2.9529074e-06,0.99434644,1.4188245e-06,1.1147048e-05
3.5342403e-08,0.00010014255,0.00017179809,3.2540447e-06,6.0546074e-07,0.00500387,5.075667e-06,0.9947019,1.401912e-06,1.19376e-05
3.1095645e-08,0.0001238082,0.00790958,1.7954138e-05,6.159626e-07,0.016712746,4.2153155e-05,0.9751221,3.097427e-06,6.796414e-05
5.401815e-07,3.3765114e-06,0.99703526,6.0345255e-06,5.7476832e-08,0.0002588027,2.2590155e-05,0.0026299728,4.119386e-06,3.9227867e-05
2.724378e-07,8.2984343e-07,0.9996088,2.798266e-06,2.2003277e-08,2.68812e-05,1.7720717e-05,0.0002928318,3.8927583e-06,4.5945686e-05
9.8410005e-08,5.338413e-07,0.9998603,2.632887e-06,1.4764155e-08,9.720871e-06,7.5791745e-06,5.206659e-05,3.8777735e-06,6.318332e-05
3.653785e-08,6.644373e-07,0.99984825,2.8961022e-06,1.2953563e-08,9.601302e-06,3.226964e-06,1.2014832e-05,5.0096355e-06,0.00011832841
2.6133545e-08,3.3056795e-06,0.99985576,2.7771518e-06,1.063097e-08,1.1380394e-05,1.7119785e-06,4.9569876e-06,7.3950523e-06,0.00011278254
2.6907696e-08,1.0002878e-05,0.9998373,2.5299873e-06,8.115589e-09,1.9846275e-05,2.4329838e-06,3.12353e-06,1.438524e-05,0.00011036938
3.894677e-08,2.2630858e-05,0.9997819,2.9816815e-06,6.9531327e-09,2.2349419e-05,3.5412534e-06,2.4660922e-06,2.8197208e-05,0.00013585403
6.51076e-08,4.544314e-05,0.9997286,3.1221425e-06,7.986782e-09,1.4743311e-05,4.5579395e-06,1.5212437e-06,4.8268987e-05,0.00015366853
1.2045726e-07,7.012409e-05,0.9997613,3.1486866e-06,1.116159e-08,6.1202386e-06,3.5694784e-06,1.0161493e-06,4.5603003e-05,0.00010900069
3.0690038e-07,3.883993e-05,0.9998259,3.6677063e-06,1.5322657e-08,2.8764284e-06,2.6667385e-06,5.2443175e-07,3.6480473e-05,8.8717214e-05
1.9678079e-07,2.6556732e-05,0.99987125,3.3699916e-06,1.6492884e-08,2.6120003e-06,2.6556315e-06,3.6315475e-07,2.7947262e-05,6.5068314e-05
7.5841655e-08,1.7844006e-05,0.99991107,1.8594111e-06,2.3961828e-08,2.047917e-06,2.903585e-06,4.638082e-07,2.179594e-05,4.185801e-05
1.6800584e-07,2.7716076e-05,0.9998416,1.3055759e-06,4.581228e-07,1.1239943e-06,5.386854e-06,1.2535752e-06,6.414841e-05,5.6935463e-05
9.8869e-07,0.00065423764,0.99851936,1.9027782e-05,1.0725984e-05,3.0997694e-06,5.736103e-05,1.6616731e-06,0.00041466762,0.00031891975
3.4382345e-05,0.39286944,0.5808867,0.010546754,0.0042391326,9.906228e-05,0.00029780605,2.1068356e-05,0.0022229608,0.008782645
5.027112e-05,0.08401418,0.9008343,0.0015649697,0.0054789865,8.357544e-05,0.0010588948,9.906365e-06,0.0024998807,0.004405026
0.0001561263,0.11916453,0.8648739,0.0019987442,0.006723851,7.9471625e-05,0.0004389704,1.2174601e-05,0.0015234544,0.005028731
0.00019360696,0.061123952,0.9250485,0.0014572684,0.0043521957,3.430473e-05,0.00020165835,1.30020435e-05,0.0009365164,0.006639056
0.00028452725,0.012084488,0.9623997,0.0011381296,0.017106194,2.2577216e-05,0.0005141761,1.4102856e-05,0.00079740275,0.00563869
0.00032828387,0.009244858,0.81988215,0.001995291,0.1603061,0.00017558754,0.0013542963,6.0897033e-05,0.0007168882,0.005935701
0.00039051188,0.0015300513,0.3194166,0.00089326396,0.6713032,0.00047775303,0.0010616003,0.00019415538,0.00052317476,0.004209687
0.0010312329,0.0003403517,0.04166834,0.00024931217,0.9533232,0.00021221758,0.0003516999,0.00024074665,0.00055208977,0.0020309356
0.0014923129,9.9297264e-05,0.008153838,0.00014185287,0.9881324,8.871476e-05,0.00010538031,0.00022642293,0.0004404263,0.0011193076
0.0024780242,4.983649e-05,0.0051218118,0.00018031786,0.99049157,5.403986e-05,5.3775566e-05,0.00012117043,0.0003962315,0.0010532008
0.002879196,2.9841594e-05,0.0012674916,0.0003027122,0.9944031,3.267493e-05,3.2684093e-05,6.447997e-05,0.00019516944,0.0007926163
0.0026567874,3.1256364e-05,0.0012092825,0.00032813623,0.99494654,1.3025354e-05,6.0246726e-05,2.8811139e-05,0.00015418911,0.0005717394
0.000289578,2.2931144e-05,0.0007589621,0.00017368988,0.9984041,5.464845e-06,6.972801e-05,1.8439823e-05,8.1790226e-05,0.00017531078
0.00011812293,1.6219034e-05,0.00056556886,0.00021395602,0.99877566,2.4657468e-06,0.00010847707,1.5687048e-05,5.9873662e-05,0.00012402894
9.642201e-05,1.70886e-05,0.00045224145,0.00023336854,0.9988949,2.0372145e-06,0.00010644511,1.5959971e-05,7.018972e-05,0.00011135041
0.000118490425,3.0361663e-05,0.0004602534,0.0004117222,0.9985796,2.8721142e-06,0.00011081797,1.1580605e-05,8.78486e-05,0.00018651172
0.00012213469,4.9148395e-05,0.0012611289,0.00085897086,0.9966994,2.4289462e-05,0.00018076971,6.175484e-06,0.00012232493,0.0006756471
0.00029818216,4.018862e-05,0.0019470659,0.000595982,0.99580836,1.5146348e-05,0.00016467704,1.039875e-05,0.00019896979,0.0009210002
0.00036647098,3.6241887e-05,0.0020301766,0.00075387355,0.9956533,4.1396343e-06,0.0002037006,1.238467e-05,0.00017491063,0.0007648713
0.00032918752,3.0497566e-05,0.002211654,0.00087131764,0.9957781,2.7699148e-06,0.0002019729,7.2363496e-06,0.00015384189,0.000413405
0.0001279588,1.9660827e-05,0.0012689693,0.00056344166,0.9975712,2.6997782e-06,0.00017266556,5.9106806e-06,7.559562e-05,0.00019186683
6.1032715e-05,1.869143e-05,0.0005590363,0.00044801823,0.9985972,3.2771786e-06,0.0001826025,4.6642426e-06,3.8812515e-05,8.661858e-05
3.897759e-05,2.8665625e-05,0.00033898035,0.00075881917,0.9985526,3.4470977e-06,0.0001765803,6.495508e-06,2.014495e-05,7.5192336e-05
4.4496035e-05,8.6824635e-05,0.00017019294,0.00034412422,0.9991702,3.0405195e-06,9.260452e-05,1.2947205e-05,3.0916057e-05,4.4809793e-05
7.001672e-05,0.000495467,0.00015612054,0.00031473426,0.99873894,5.239814e-06,4.649646e-05,3.153263e-05,6.455911e-05,7.6881246e-05
0.0001342302,0.013596734,0.0005762899,0.00078786886,0.9842733,1.660169e-05,5.7668578e-05,0.0001871135,0.00011356206,0.00025666226
0.0003195917,0.32167423,0.008580789,0.0017899702,0.66522014,6.029057e-05,0.00011679442,0.0006475229,0.00043765284,0.001153084
0.00047905912,0.76278144,0.0117819365,0.0009764952,0.22169568,3.831637e-05,0.0001935522,0.00042045055,0.0007591412,0.00087395776
0.0001630195,0.9641993,0.0062887743,0.00049723376,0.027406316,1.2724157e-05,6.0034352e-05,0.00028055313,0.00039443193,0.0006975417
1.6743084e-05,0.9979346,0.0004778697,0.00025192028,0.0010210626,6.78607e-06,9.683855e-06,4.5732322e-05,4.8881517e-05,0.00018678737
5.3852955e-06,0.99942565,6.105248e-05,9.3944574e-05,6.517704e-05,1.5344032e-05,2.6063979e-06,3.446601e-05,3.795925e-05,0.0002583716
1.4089516e-06,0.99977213,1.0794829e-05,3.890854e-05,2.8306338e-06,3.0454417e-05,1.1555935e-06,1.322112e-05,2.694509e-05,0.000102173515
1.4020388e-06,0.99983,1.3883587e-05,6.6749846e-05,3.8613452e-06,1.0879729e-05,9.690378e-07,8.51244e-06,4.7653243e-06,5.8989797e-05
1.2353248e-06,0.99987483,6.7717874e-06,5.0445287e-05,2.1029316e-06,1.4965095e-05,8.762704e-07,3.8426983e-06,3.732208e-06,4.124783e-05
1.4947634e-06,0.9998809,4.7854105e-06,3.8120084e-05,2.4221208e-06,2.2373619e-05,7.9282626e-07,4.0782156e-06,5.048447e-06,3.9960825e-05
9.926853e-07,0.9998646,5.752369e-06,3.431908e-05,2.01433e-06,4.3733366e-05,7.891781e-07,5.9548e-06,4.959855e-06,3.6847592e-05
2.7341662e-07,0.99960846,7.857709e-06,0.00020767667,9.1872704e-07,0.000104965155,1.9593922e-06,3.863878e-06,1.690049e-06,6.235531e-05
2.1569441e-07,0.99915755,1.3216029e-05,0.0005451662,1.5769806e-06,0.00017939322,3.862275e-06,3.357901e-06,1.2858025e-06,9.448265e-05
2.0272687e-07,0.99908996,1.7149558e-05,0.00060840405,2.5294928e-06,0.0001718539,4.67121e-06,4.543894e-06,1.0544192e-06,9.973571e-05
1.9874136e-07,0.99908066,2.056045e-05,0.00054798607,3.0004633e-06,0.0002387836,5.971124e-06,5.988923e-06,9.758735e-07,9.5852025e-05
1.9670806e-07,0.9990262,2.3626591e-05,0.00041795181,3.4713455e-06,0.00042163295,7.730326e-06,1.14445065e-05,8.8936855e-07,8.6868764e-05
1.6419725e-07,0.99808264,2.3332996e-05,0.000537371,3.986102e-06,0.0011628802,1.7547749e-05,3.1899144e-05,8.9600053e-07,0.00013919477
2.7189864e-07,0.9952246,1.9875202e-05,0.0017438929,4.730861e-06,0.0025135805,4.8968002e-05,0.00010696033,6.911855e-07,0.0003363975
1.031846e-06,0.99071306,1.8671322e-05,0.0026881015,5.982763e-06,0.005119982,8.001796e-05,0.00032514698,2.1142262e-06,0.0010458672
3.4014656e-06,0.97827506,2.5570644e-05,0.0047020833,2.0645903e-05,0.013694417,0.0001803742,0.0014049661,6.482286e-06,0.0016869876
4.7915655e-06,0.81754106,8.235876e-05,0.09470347,0.00024591,0.07574015,0.0021802145,0.005526267,1.3498259e-05,0.003962263
4.786148e-06,0.03779277,5.874491e-05,0.8146472,0.00019939498,0.08743223,0.05220818,0.0003370978,1.660015e-05,0.0073029925
4.914516e-06,0.0039982568,7.0282935e-05,0.76707983,0.00015158326,0.047018245,0.1770167,3.8360187e-05,2.2761496e-05,0.004599048
4.597739e-06,0.0011414806,7.734033e-05,0.73071873,8.058106e-05,0.019702323,0.24450783,1.4425306e-05,2.3846946e-05,0.0037287716
4.79084e-06,0.00050920475,8.4778556e-05,0.7010944,6.403103e-05,0.009021566,0.28635803,9.606443e-06,2.1617592e-05,0.0028319196
5.7153857e-06,0.00028545293,8.940402e-05,0.6823017,7.377967e-05,0.003817272,0.31140292,8.332668e-06,1.8495859e-05,0.001996979
7.682817e-06,0.00018239868,9.6971315e-05,0.66411775,0.0001034826,0.0017600667,0.3321298,9.642571e-06,1.6615833e-05,0.0015755603
1.005735e-05,0.00011892657,0.00010743249,0.6711423,0.00015294272,0.0009121181,0.32602122,1.3591357e-05,1.4885008e-05,0.001506479
1.0548636e-05,3.501772e-05,0.00010044305,0.7007303,0.00017315574,0.00024614725,0.29721904,9.320882e-06,1.4447018e-05,0.0014615381
1.2868608e-05,2.4587624e-05,9.614077e-05,0.71747357,0.0001836035,0.00014031529,0.28101584,6.0485545e-06,1.5304313e-05,0.001031622
1.905497e-05,1.419095e-05,0.00012194164,0.7942905,0.0003357246,2.870133e-05,0.20437777,3.4001064e-06,2.0488083e-05,0.0007883039
2.2156679e-05,1.4832183e-05,0.00013303228,0.79577106,0.00037881706,2.5206897e-05,0.20282438,2.3438379e-06,2.5166544e-05,0.0008030072
2.2163013e-05,1.4832308e-05,0.00013300561,0.79573137,0.00037892064,2.5207612e-05,0.2028641,2.3440427e-06,2.5170713e-05,0.00080287486
2.2169279e-05,1.4832483e-05,0.0001329798,0.7956915,0.0003790251,2.5208368e-05,0.20290394,2.3442517e-06,2.5174877e-05,0.000802742
2.2175454e-05,1.4832683e-05,0.0001329547,0.7956521,0.00037912888,2.5209114e-05,0.20294343,2.3444577e-06,2.5179035e-05,0.00080260856
2.2181439e-05,1.4832879e-05,0.00013293009,0.79561335,0.00037923135,2.5209836e-05,0.20298232,2.3446587e-06,2.5183068e-05,0.00080247375
2.2187358e-05,1.4833059e-05,0.00013290673,0.7955752,0.00037933508,2.5210502e-05,0.20302041,2.3448638e-06,2.5187142e-05,0.00080234074
2.2193086e-05,1.48331965e-05,0.00013288402,0.79553854,0.00037943717,2.521112e-05,0.20305714,2.3450577e-06,2.5191075e-05,0.0008022082
2.2198692e-05,1.4833293e-05,0.00013286219,0.7955035,0.0003795397,2.5211692e-05,0.20309225,2.3452496e-06,2.519501e-05,0.00080207916
2.2203965e-05,1.4833294e-05,0.00013284129,0.7954702,0.00037963927,2.5212366e-05,0.20312558,2.3454309e-06,2.5198833e-05,0.0008019545
2.2208747e-05,1.4833108e-05,0.00013282544,0.79543823,0.00037972938,2.521359e-05,0.2031576,2.3456096e-06,2.5202316e-05,0.0008018397
